mtllib ancestor.mtl
usemtl tex0_0
v -3.062806 0.554819 0.536834
vn 0.013914 -0.999249 -0.036154
v 0.001000 0.481990 3.412737
vn 0.000000 -0.999308 -0.037189
v 0.001000 0.639129 -0.919094
vn 0.000000 -0.999472 -0.032496
v -1.970062 0.691679 -2.997423
vn 0.009712 -0.999689 -0.022980
v 3.064806 0.554819 0.536834
vn -0.013915 -0.999249 -0.036153
v 1.972062 0.691679 -2.997423
vn -0.009715 -0.999689 -0.022979
v 0.001000 0.713242 -3.786521
vn -0.000000 -0.999872 -0.015976
v -3.062806 -0.138698 0.537615
vn -0.005968 0.999732 -0.022366
v -1.970062 -0.198698 -2.995515
vn -0.008667 0.999513 -0.029966
v 0.001000 -0.098962 -0.915186
vn 0.000000 0.999624 -0.027428
v 0.001000 -0.051000 3.414632
vn 0.000000 0.999923 -0.012393
v 3.064806 -0.138698 0.537615
vn 0.005969 0.999732 -0.022367
v 1.972062 -0.198698 -2.995515
vn 0.008669 0.999513 -0.029968
v 0.001000 -0.232851 -3.785218
vn -0.000000 0.999318 -0.036937
v -0.243361 -0.947162 5.524626
vn 0.112518 0.993633 0.005762
v 0.001000 -0.969248 5.509175
vn -0.000000 0.999851 0.017297
v 0.001000 -0.953745 6.478869
vn -0.000000 0.999834 -0.018228
v -0.241381 -0.939426 6.483258
vn 0.092224 0.995625 -0.015038
v 0.001000 -0.659136 7.671521
vn -0.000000 0.643092 -0.765789
v 0.001000 -0.379291 7.897462
vn -0.000000 0.564535 -0.825409
v -0.245517 -0.372968 7.854540
vn 0.187312 0.570960 -0.799324
v -0.242518 -0.651822 7.647548
vn 0.157238 0.629655 -0.760797
v -0.543085 -0.585794 6.749331
vn 0.974682 0.216118 -0.057336
v -0.599602 -0.249243 7.018795
vn 0.980038 0.158622 -0.119852
v -0.712487 -0.127755 6.208555
vn 0.950553 0.287464 -0.117531
v -0.600427 -0.528840 5.868406
vn 0.946808 0.316742 -0.056821
v -0.737509 -0.507375 3.491629
vn 0.889506 0.451926 0.067401
v -0.984287 -0.170196 3.516985
vn 0.870524 0.491605 0.022652
v -0.998723 0.560241 1.356229
vn 0.826756 0.529377 0.190353
v -0.862406 0.564937 0.857935
vn 0.839692 0.508910 0.189549
v -0.799426 0.021742 2.172488
vn 0.837710 0.517520 0.174398
v -0.303174 -0.156637 1.884017
vn 0.089767 0.906887 0.411702
v -0.361264 0.568980 0.318095
vn 0.246821 0.879565 0.406749
v 0.001000 0.568872 0.290596
vn 0.000000 0.905057 0.425290
v 0.001000 -0.892341 3.428734
vn 0.000000 0.972263 0.233889
v -0.246474 -0.864627 3.437575
vn 0.146648 0.961997 0.230339
v -0.244216 -0.915070 4.488728
vn 0.126739 0.991182 0.038685
v -0.668909 -0.524161 4.685636
vn 0.927754 0.372366 -0.024812
v -0.951616 2.111710 -0.794008
vn 0.958696 -0.284304 0.008527
v -1.049648 1.806094 0.613572
vn 0.898929 -0.436071 -0.042060
v -0.881979 2.278339 0.854370
vn 0.941486 -0.336382 -0.021226
v -0.757021 2.774004 -1.701879
vn 0.918704 -0.388436 0.071415
v -0.853347 2.409257 -2.180394
vn 0.947383 -0.310194 0.079024
v -0.761597 2.411001 -2.774881
vn 0.916566 -0.372807 0.144647
v -0.632823 2.671197 -2.874363
vn 0.883999 -0.441814 0.152793
v -0.669948 2.404355 -3.346251
vn 0.899168 -0.400948 0.175322
v -0.353156 2.123923 -3.844924
vn 0.218460 0.972750 0.077674
v 0.001000 2.110700 -3.872604
vn -0.000000 0.999074 0.043032
v 0.001000 2.030271 -2.794773
vn 0.000000 0.979993 0.199031
v -0.471241 2.027713 -2.723119
vn 0.350543 0.891133 0.288101
v -0.413636 2.084944 -3.297664
vn 0.276842 0.953645 0.117979
v -0.417736 1.306916 -1.215222
vn 0.283180 0.867154 0.409698
v -1.106297 0.942698 0.871523
vn 0.864163 0.467078 0.187245
v -0.972450 1.130794 -0.157104
vn 0.828122 0.519686 0.210096
v -0.240140 2.339804 -4.336138
vn 0.041894 -0.886627 0.460583
v -0.244064 2.538657 -3.941667
vn 0.055107 -0.897019 0.438542
v 0.001000 2.535142 -3.969971
vn 0.000000 -0.898089 0.439813
v 0.001000 2.335431 -4.357436
vn 0.000000 -0.882816 0.469719
v -0.294595 2.132888 -4.288672
vn 0.053277 0.997845 0.038296
v 0.001000 2.123475 -4.308814
vn -0.000000 0.999104 0.042321
v -0.560580 2.606599 -3.394548
vn 0.870262 -0.454509 0.189907
v -0.575649 2.374684 -3.831123
vn 0.884275 -0.415907 0.212318
v -0.242867 -0.092786 8.034979
vn 0.177629 0.536718 -0.824853
v 0.001000 0.189552 8.245958
vn -0.000000 0.321017 -0.947073
v -0.240330 0.182654 8.210253
vn 0.161922 0.310974 -0.936524
v -0.247762 0.276574 8.215841
vn 0.233193 0.006718 -0.972407
v 0.001000 0.378371 8.268464
vn 0.000000 -0.187811 -0.982205
v -0.255405 0.366250 8.215692
vn 0.278574 -0.181406 -0.943127
v -0.612573 0.115744 7.194428
vn 0.977551 0.153729 -0.144087
v -0.549467 0.010976 7.592629
vn 0.981086 0.114375 -0.156167
v -0.854736 1.348310 5.082617
vn 0.911022 -0.370880 -0.180242
v -0.993117 1.755817 3.435595
vn 0.927922 -0.364352 -0.078791
v -1.208573 1.178115 3.445580
vn 0.860403 -0.492129 -0.132344
v -0.926220 0.955039 5.463136
vn 0.890991 -0.413152 -0.188255
v -1.070919 1.061347 4.462805
vn 0.896598 -0.408023 -0.172134
v -1.132132 1.489683 2.034580
vn 0.889649 -0.454023 -0.048868
v -1.159111 0.578655 2.180393
vn 0.879647 0.448763 0.157584
v -1.204109 0.219220 3.495431
vn 0.882204 0.470365 0.021738
v -1.033149 0.210828 4.764637
vn 0.912179 0.389185 -0.128312
v -0.856755 0.214809 6.027072
vn 0.943410 0.291781 -0.157613
v -0.748513 2.311161 3.448592
vn 0.960273 -0.264080 -0.090211
v -0.690142 1.537072 5.455194
vn 0.924952 -0.337747 -0.174329
v -0.719179 1.927622 4.457036
vn 0.926142 -0.341117 -0.160935
v -0.256715 2.316689 4.673442
vn 0.133543 -0.893410 -0.428935
v -0.260498 1.740874 5.858782
vn 0.110175 -0.889752 -0.442947
v 0.001000 1.750975 5.880177
vn 0.000000 -0.895266 -0.445533
v 0.001000 2.909420 3.503662
vn -0.000000 -0.954455 -0.298356
v -0.253014 2.882018 3.490283
vn 0.161394 -0.942124 -0.293862
v -0.253085 3.050165 2.445347
vn 0.152759 -0.976467 -0.152243
v 0.001000 3.231693 1.418144
vn 0.000000 -0.990587 -0.136887
v -0.253212 3.207082 1.404675
vn 0.147218 -0.979834 -0.135103
v -0.694615 2.730699 1.122579
vn 0.973563 -0.228056 -0.012904
v -0.722359 2.523425 2.287387
vn 0.960277 -0.277146 -0.032531
v -0.251698 3.334433 0.387769
vn 0.145605 -0.981997 -0.120338
v 0.001000 3.479930 -0.608986
vn -0.000000 -0.999467 0.032639
v -0.250141 3.454801 -0.619011
vn 0.130939 -0.990959 0.029233
v -0.248584 3.339344 -1.264794
vn 0.082642 -0.980210 0.179884
v 0.001000 3.231694 -1.876122
vn 0.000000 -0.978050 0.208370
v -0.246999 3.217316 -1.899937
vn 0.053708 -0.977039 0.206178
v -0.563791 2.937119 -2.398610
vn 0.906234 -0.405573 0.119372
v -0.629156 3.101201 -1.161559
vn 0.958572 -0.282854 0.033661
v -0.596545 3.022738 -1.787578
vn 0.919720 -0.382020 0.090425
v -0.661948 2.919613 -0.026398
vn 0.960509 -0.277448 -0.021085
v -0.244385 3.081387 -2.491752
vn 0.041514 -0.973467 0.225029
v 0.001000 2.948630 -3.083237
vn -0.000000 -0.945029 0.326987
v -0.241841 2.943418 -3.078410
vn 0.033079 -0.944581 0.326607
v -0.242970 2.741818 -3.512503
vn 0.044668 -0.903814 0.425587
v -0.525439 2.839592 -2.949300
vn 0.891663 -0.428404 0.146313
v 0.545084 -0.585794 6.749331
vn -0.974682 0.216118 -0.057336
v 0.602426 -0.528840 5.868406
vn -0.946812 0.316731 -0.056822
v 0.714487 -0.127755 6.208555
vn -0.950553 0.287464 -0.117531
v 0.601602 -0.249243 7.018795
vn -0.980038 0.158623 -0.119852
v 0.247516 -0.372968 7.854540
vn -0.187313 0.570960 -0.799324
v 0.244518 -0.651822 7.647548
vn -0.157238 0.629654 -0.760797
v 0.245360 -0.947162 5.524626
vn -0.112518 0.993633 0.005762
v 0.243380 -0.939426 6.483258
vn -0.092224 0.995625 -0.015038
v 0.246216 -0.915070 4.488728
vn -0.126739 0.991181 0.038685
v 0.248474 -0.864627 3.437575
vn -0.146648 0.961997 0.230339
v 0.305174 -0.156637 1.884017
vn -0.089767 0.906887 0.411702
v 0.363264 0.568980 0.318095
vn -0.246820 0.879565 0.406749
v 1.000723 0.560241 1.356229
vn -0.826756 0.529377 0.190353
v 0.986287 -0.170196 3.516985
vn -0.870523 0.491605 0.022652
v 0.739509 -0.507375 3.491629
vn -0.889510 0.451917 0.067402
v 0.864406 0.564937 0.857935
vn -0.839692 0.508909 0.189549
v 0.801426 0.021742 2.172488
vn -0.837710 0.517520 0.174398
v 0.670909 -0.524161 4.685636
vn -0.927759 0.372354 -0.024813
v 1.108297 0.942698 0.871523
vn -0.864163 0.467078 0.187245
v 0.974450 1.130794 -0.157104
vn -0.828122 0.519686 0.210096
v 0.473241 2.027713 -2.723119
vn -0.350552 0.891128 0.288103
v 0.419736 1.306916 -1.215222
vn -0.283180 0.867154 0.409698
v 0.355156 2.123923 -3.844924
vn -0.218469 0.972748 0.077674
v 0.415635 2.084944 -3.297665
vn -0.276854 0.953642 0.117980
v 0.763596 2.411001 -2.774881
vn -0.916565 -0.372807 0.144647
v 0.671947 2.404355 -3.346251
vn -0.899167 -0.400949 0.175322
v 0.634823 2.671197 -2.874363
vn -0.883999 -0.441814 0.152794
v 0.759021 2.774004 -1.701880
vn -0.918704 -0.388437 0.071416
v 0.855347 2.409257 -2.180395
vn -0.947383 -0.310195 0.079025
v 0.953616 2.111710 -0.794008
vn -0.958696 -0.284304 0.008527
v 0.883979 2.278339 0.854370
vn -0.940658 -0.338659 -0.021762
v 1.051648 1.806094 0.613572
vn -0.889746 -0.454287 -0.044447
v 0.296595 2.132888 -4.288671
vn -0.053277 0.997845 0.038296
v 0.242140 2.339804 -4.336138
vn -0.041895 -0.886627 0.460583
v 0.246064 2.538657 -3.941667
vn -0.055107 -0.897019 0.438542
v 0.562579 2.606599 -3.394548
vn -0.870263 -0.454507 0.189907
v 0.577648 2.374684 -3.831123
vn -0.884275 -0.415908 0.212318
v 0.928220 0.955039 5.463136
vn -0.890991 -0.413152 -0.188255
v 0.856736 1.348310 5.082617
vn -0.911022 -0.370880 -0.180242
v 0.692142 1.537072 5.455193
vn -0.924952 -0.337748 -0.174330
v 0.729912 1.051368 6.215301
vn -0.905893 -0.373847 -0.198986
v 0.265597 1.163743 6.988763
vn -0.132989 -0.881907 -0.452276
v 0.262498 1.740874 5.858782
vn -0.110176 -0.889753 -0.442947
v 0.001000 0.597936 8.153006
vn 0.000001 -0.724925 -0.688828
v 0.268461 0.598245 8.090321
vn -0.215446 -0.719106 -0.660658
v 0.263068 0.476147 8.167127
vn -0.274249 -0.441654 -0.854242
v 0.257405 0.366250 8.215692
vn -0.278575 -0.181406 -0.943127
v 0.691820 0.337907 7.078077
vn -0.967435 0.175395 -0.182502
v 0.614572 0.115744 7.194428
vn -0.977551 0.153728 -0.144087
v 0.858754 0.214809 6.027072
vn -0.943410 0.291781 -0.157613
v 1.161111 0.578655 2.180393
vn -0.879647 0.448763 0.157584
v 1.206109 0.219220 3.495431
vn -0.882204 0.470364 0.021738
v 0.995117 1.755817 3.435595
vn -0.923650 -0.372353 -0.090682
v 1.210573 1.178115 3.445580
vn -0.873714 -0.471745 -0.118657
v 1.134132 1.489683 2.034580
vn -0.889649 -0.454023 -0.048868
v 1.072919 1.061347 4.462805
vn -0.896598 -0.408023 -0.172134
v 1.035149 0.210828 4.764637
vn -0.912180 0.389185 -0.128312
v 0.696615 2.730699 1.122579
vn -0.973562 -0.228059 -0.012904
v 0.750513 2.311161 3.448592
vn -0.960272 -0.264081 -0.090211
v 0.724359 2.523425 2.287387
vn -0.960276 -0.277148 -0.032531
v 0.255085 3.050165 2.445347
vn -0.152759 -0.976467 -0.152242
v 0.255212 3.207082 1.404675
vn -0.147218 -0.979834 -0.135103
v 0.255014 2.882018 3.490283
vn -0.161394 -0.942124 -0.293862
v 0.258715 2.316689 4.673442
vn -0.133543 -0.893410 -0.428935
v 0.721179 1.927622 4.457035
vn -0.926142 -0.341117 -0.160935
v 0.565790 2.937119 -2.398610
vn -0.906228 -0.405587 0.119373
v 0.631156 3.101201 -1.161560
vn -0.958566 -0.282873 0.033664
v 0.598544 3.022738 -1.787578
vn -0.919712 -0.382038 0.090427
v 0.250583 3.339344 -1.264794
vn -0.082642 -0.980210 0.179884
v 0.248999 3.217316 -1.899938
vn -0.053708 -0.977039 0.206178
v 0.252140 3.454801 -0.619011
vn -0.130939 -0.990959 0.029233
v 0.253698 3.334433 0.387769
vn -0.145605 -0.981997 -0.120338
v 0.663948 2.919613 -0.026398
vn -0.960508 -0.277452 -0.021086
v 0.244970 2.741818 -3.512503
vn -0.044668 -0.903814 0.425587
v 0.243841 2.943418 -3.078410
vn -0.033079 -0.944581 0.326607
v 0.246385 3.081387 -2.491752
vn -0.041514 -0.973467 0.225029
v 0.527439 2.839592 -2.949300
vn -0.891664 -0.428402 0.146312
v -0.689820 0.337907 7.078077
vn 0.967435 0.175393 -0.182501
v -0.261068 0.476147 8.167127
vn 0.274249 -0.441655 -0.854241
v -0.266461 0.598244 8.090321
vn 0.215446 -0.719107 -0.660657
v -0.263597 1.163742 6.988763
vn 0.132989 -0.881907 -0.452276
v -0.727912 1.051368 6.215301
vn 0.905893 -0.373847 -0.198986
v 0.551467 0.010976 7.592629
vn -0.981086 0.114373 -0.156166
v 0.249762 0.276574 8.215841
vn -0.233193 0.006718 -0.972407
v 0.242330 0.182654 8.210253
vn -0.161922 0.310974 -0.936524
v 0.244866 -0.092786 8.034979
vn -0.177629 0.536718 -0.824852
v 19.394165 0.007250 -1.259567
vn -0.001738 0.999993 -0.003382
v 14.766704 0.004766 0.130214
vn -0.001429 0.999994 -0.003176
v 14.893684 0.001000 -1.692032
vn -0.000547 1.000000 -0.000154
v 24.113678 0.008501 -3.795310
vn -0.000986 1.000000 -0.000028
v 23.902874 0.011454 -2.611886
vn -0.001965 0.999992 -0.003442
v 24.175066 0.080375 -2.666968
vn -0.391653 0.914188 -0.104256
v 23.902874 0.011454 -2.611886
vn -0.254242 0.965964 -0.047699
v 24.113678 0.008501 -3.795310
vn -0.254242 0.965964 -0.047699
v 24.113678 0.008501 -3.795310
vn -0.299751 0.952984 -0.044396
v 24.348223 0.079782 -3.848814
vn -0.292887 0.956138 0.004160
v 19.561356 0.011454 -5.640165
vn 0.038828 0.824049 0.565186
v 15.133114 0.008501 -5.329878
vn 0.041686 0.801176 0.596975
v 15.132587 0.079720 -5.425421
vn 0.042110 0.799667 0.598966
v 19.605597 0.080376 -5.748028
vn 0.043427 0.726534 0.685756
v 24.113678 0.008501 -3.795310
vn -0.280748 0.958656 0.046463
v 23.942335 0.011454 -4.891559
vn -0.250428 0.967103 0.044704
v 24.214045 0.080376 -4.960552
vn -0.363398 0.926395 0.098657
v 19.532320 0.007251 -4.209326
vn -0.000460 0.999996 0.002733
v 23.942335 0.011454 -4.891559
vn -0.000524 0.999996 0.002776
v 15.133114 0.008501 -5.329878
vn -0.000237 0.999998 0.002046
v 15.133114 0.008501 -5.329878
vn -0.000462 0.999996 0.002928
v 19.561356 0.011454 -5.640165
vn -0.000462 0.999996 0.002928
v -24.174492 0.080375 -2.667406
vn 0.392711 0.913737 -0.104223
v -24.347101 0.079782 -3.849019
vn 0.293831 0.955848 0.004145
v -24.113377 0.008501 -3.795705
vn 0.279456 0.960037 -0.015240
v -23.903252 0.011454 -2.612553
vn 0.256762 0.964765 -0.057456
v -19.410236 0.007250 -1.265026
vn 0.001742 0.999993 -0.003384
v -23.903252 0.011454 -2.612553
vn 0.001779 0.999995 -0.002812
v -24.113377 0.008501 -3.795705
vn 0.001779 0.999995 -0.002812
v -24.113377 0.008501 -3.795705
vn 0.001221 0.999998 -0.001776
v -14.925618 0.001000 -1.699922
vn 0.000549 1.000000 -0.000155
v -14.798879 0.004766 0.119833
vn 0.001432 0.999994 -0.003181
v -23.942692 0.011454 -4.891992
vn 0.251285 0.966881 0.044685
v -24.213451 0.080376 -4.960772
vn 0.364540 0.925954 0.098588
v -15.164099 0.079720 -5.428218
vn -0.042131 0.799263 0.599502
v -15.164613 0.008501 -5.332807
vn -0.041704 0.800776 0.597511
v -19.577229 0.011454 -5.641834
vn -0.038839 0.823697 0.565699
v -19.621323 0.080376 -5.749548
vn -0.043418 0.726042 0.686278
v -19.548164 0.007251 -4.212217
vn 0.000463 0.999996 0.002735
v -19.577229 0.011454 -5.641834
vn 0.000464 0.999996 0.002931
v -15.164613 0.008501 -5.332807
vn 0.000464 0.999996 0.002931
v -15.164613 0.008501 -5.332807
vn 0.000239 0.999998 0.002049
v -24.113377 0.008501 -3.795705
vn 0.000429 0.999999 0.001699
v -24.113377 0.008501 -3.795705
vn 0.000527 0.999996 0.002776
v -23.942692 0.011454 -4.891992
vn 0.000527 0.999996 0.002776
v 19.394165 0.294750 -1.259567
vn -0.001738 -0.999993 -0.003382
v 23.902874 0.290547 -2.611886
vn -0.001965 -0.999992 -0.003443
v 24.113678 0.293501 -3.795310
vn -0.000986 -1.000000 -0.000029
v 14.893685 0.301000 -1.692032
vn -0.000547 -1.000000 -0.000155
v 14.766704 0.297234 0.130214
vn -0.001429 -0.999994 -0.003177
v 24.175066 0.221625 -2.666968
vn -0.391654 -0.914187 -0.104257
v 24.348223 0.222219 -3.848814
vn -0.292887 -0.956138 0.004160
v 24.113678 0.293501 -3.795310
vn -0.299755 -0.952983 -0.044397
v 24.113678 0.293501 -3.795310
vn -0.254245 -0.965963 -0.047700
v 23.902874 0.290547 -2.611886
vn -0.254245 -0.965963 -0.047700
v 19.532320 0.294751 -4.209326
vn -0.000460 -0.999996 0.002733
v 19.561356 0.290548 -5.640165
vn -0.000622 -0.999996 0.002925
v 15.133114 0.293501 -5.329878
vn -0.000852 -0.999999 0.000730
v 23.942335 0.290548 -4.891559
vn -0.000427 -0.999994 0.003403
v 23.942335 0.290548 -4.891559
vn -0.280752 -0.958655 0.046464
v 24.113678 0.293501 -3.795310
vn -0.280752 -0.958655 0.046464
v 24.214045 0.221626 -4.960552
vn -0.363398 -0.926396 0.098657
v 23.942335 0.290548 -4.891559
vn -0.238763 -0.970635 0.029335
v 15.132587 0.222282 -5.425421
vn 0.042110 -0.799666 0.598966
v 15.133114 0.293501 -5.329878
vn 0.041297 -0.801188 0.596986
v 19.561356 0.290548 -5.640165
vn 0.041297 -0.801188 0.596986
v 19.561356 0.290548 -5.640165
vn 0.039508 -0.834571 0.549481
v 19.605597 0.221626 -5.748027
vn 0.043427 -0.726535 0.685755
v -19.410236 0.294750 -1.265026
vn 0.001742 -0.999993 -0.003385
v -14.798879 0.297234 0.119833
vn 0.001432 -0.999994 -0.003181
v -14.925618 0.301000 -1.699922
vn 0.000549 -1.000000 -0.000155
v -24.113377 0.293501 -3.795705
vn 0.000989 -1.000000 -0.000029
v -23.903252 0.290547 -2.612553
vn 0.001968 -0.999992 -0.003443
v -24.174492 0.221625 -2.667406
vn 0.392712 -0.913737 -0.104224
v -23.903252 0.290547 -2.612553
vn 0.255045 -0.965752 -0.047707
v -24.113377 0.293501 -3.795705
vn 0.255045 -0.965752 -0.047707
v -24.113377 0.293501 -3.795705
vn 0.300683 -0.952690 -0.044402
v -24.347101 0.222219 -3.849019
vn 0.293831 -0.955848 0.004145
v -19.548164 0.294751 -4.212217
vn 0.000463 -0.999996 0.002735
v -23.942692 0.290548 -4.891992
vn 0.000430 -0.999994 0.003403
v -15.164613 0.293501 -5.332807
vn 0.000856 -0.999999 0.000728
v -19.577229 0.290548 -5.641834
vn 0.000625 -0.999996 0.002927
v -19.577229 0.290548 -5.641834
vn -0.041310 -0.800788 0.597522
v -15.164613 0.293501 -5.332807
vn -0.041310 -0.800788 0.597522
v -15.164099 0.222282 -5.428218
vn -0.042131 -0.799263 0.599502
v -19.621323 0.221626 -5.749548
vn -0.043418 -0.726042 0.686278
v -19.577229 0.290548 -5.641834
vn -0.039526 -0.834243 0.549979
v -24.113377 0.293501 -3.795705
vn 0.281696 -0.958379 0.046440
v -23.942692 0.290548 -4.891992
vn 0.281696 -0.958379 0.046440
v -23.942692 0.290548 -4.891992
vn 0.239577 -0.970435 0.029318
v -24.213451 0.221626 -4.960772
vn 0.364539 -0.925954 0.098588
v 9.863094 0.002875 1.646287
vn -0.001153 0.999998 -0.001820
v 4.952217 0.000999 3.165684
vn -0.000393 1.000000 -0.000035
v 5.188427 0.001000 0.521944
vn -0.000850 0.999999 -0.000782
v 9.678988 0.150999 3.970958
vn -0.349972 0.000000 -0.936760
v 4.716007 0.150999 5.809423
vn -0.347368 0.000000 -0.937729
v 4.716007 0.075999 5.809423
vn -0.347119 0.169348 -0.922404
v 9.681982 0.077874 3.925484
vn -0.258369 0.689410 -0.676727
v 10.392610 0.006532 -4.993120
vn 0.036095 0.813172 0.580904
v 10.400131 0.077876 -5.095573
vn 0.053860 0.610303 0.790335
v 10.219018 0.002875 -2.816375
vn -0.001185 0.999999 -0.000379
v 10.392610 0.006532 -4.993120
vn -0.000298 0.999999 0.001656
v 15.133114 0.008501 -5.329878
vn -0.000298 0.999999 0.001656
v 15.133114 0.008501 -5.329878
vn 0.000478 0.999998 0.002093
v 15.133114 0.008501 -5.329878
vn -0.003741 0.999980 -0.005076
v 5.424637 0.001000 -2.121795
vn -0.000396 1.000000 -0.000035
v 4.716007 0.225999 5.809423
vn -0.347119 -0.169348 -0.922404
v 9.681982 0.224124 3.925484
vn -0.258369 -0.689410 -0.676727
v 9.863094 0.299125 1.646287
vn -0.001153 -0.999998 -0.001820
v 5.188427 0.301000 0.521944
vn -0.000849 -0.999999 -0.000781
v 4.952217 0.300999 3.165684
vn -0.000393 -1.000000 -0.000035
v 10.219019 0.299125 -2.816375
vn -0.001184 -0.999999 -0.000379
v 5.424637 0.301000 -2.121795
vn -0.000396 -1.000000 -0.000036
v 10.392610 0.295470 -4.993120
vn -0.000695 -0.999998 0.001624
v 10.403124 0.151001 -5.141046
vn 0.075612 0.000000 0.997137
v 5.660847 0.151001 -4.765535
vn 0.078937 0.000000 0.996880
v 5.660847 0.226001 -4.765535
vn 0.071515 -0.181253 0.980833
v 10.400131 0.224126 -5.095573
vn 0.053860 -0.610303 0.790335
v -10.267581 0.002875 -2.824359
vn 0.001190 0.999999 -0.000382
v -5.490048 0.001000 -2.132353
vn 0.000398 1.000000 -0.000035
v -5.254295 0.001000 0.506164
vn 0.000853 0.999999 -0.000785
v -15.164613 0.008501 -5.332807
vn -0.000478 0.999998 0.002096
v -15.164613 0.008501 -5.332807
vn 0.003758 0.999980 -0.005094
v -15.164613 0.008501 -5.332807
vn 0.000299 0.999999 0.001659
v -10.440845 0.006532 -4.997346
vn 0.000698 0.999998 0.001627
v -10.451339 0.151001 -5.145051
vn -0.075603 -0.000000 0.997138
v -5.725801 0.151001 -4.770870
vn -0.078936 0.000000 0.996880
v -5.725801 0.076001 -4.770870
vn -0.071502 0.181064 0.980869
v -10.448352 0.077876 -5.099639
vn -0.053863 0.609849 0.790685
v -4.782789 0.075999 5.783198
vn 0.347110 0.169163 -0.922442
v -4.782789 0.150999 5.783198
vn 0.347337 0.000000 -0.937741
v -9.728574 0.150999 3.951292
vn 0.349946 0.000000 -0.936770
v -9.731561 0.077874 3.905881
vn 0.258494 0.689024 -0.677072
v -9.912332 0.002875 1.630601
vn 0.001156 0.999998 -0.001823
v -5.018542 0.000999 3.144681
vn 0.000394 1.000000 -0.000035
v -9.912332 0.299125 1.630601
vn 0.001156 -0.999998 -0.001823
v -5.018542 0.300999 3.144681
vn 0.000394 -1.000000 -0.000035
v -5.254295 0.301000 0.506164
vn 0.000853 -0.999999 -0.000785
v -4.782789 0.225999 5.783198
vn 0.347110 -0.169163 -0.922442
v -9.731561 0.224124 3.905881
vn 0.258494 -0.689024 -0.677073
v -15.164613 0.293501 -5.332807
vn -0.042098 -0.800763 0.597499
v -10.440845 0.295470 -4.997346
vn -0.036108 -0.812758 0.581481
v -10.448352 0.224126 -5.099639
vn -0.053863 -0.609849 0.790685
v -10.267581 0.299125 -2.824359
vn 0.001189 -0.999999 -0.000382
v -10.440845 0.295470 -4.997346
vn 0.000299 -0.999999 0.001658
v -5.490048 0.301000 -2.132353
vn 0.000398 -1.000000 -0.000036
v -3.824093 0.240476 6.403906
vn 0.265912 -0.805709 -0.529266
v -2.596007 0.241465 6.937782
vn 0.147199 -0.905048 -0.399025
v -2.609758 0.321292 6.776396
vn 0.174576 -0.884760 -0.432115
v -3.827241 0.319285 6.224920
vn 0.190142 -0.897277 -0.398422
v -4.059868 0.427385 3.380623
vn 0.020854 -0.999017 -0.039121
v -3.827241 0.319285 6.224920
vn 0.019570 -0.999025 -0.039569
v -2.609758 0.321292 6.776396
vn 0.019570 -0.999025 -0.039569
v -2.609758 0.321292 6.776396
vn 0.017433 -0.999100 -0.038659
v -4.307656 0.535761 0.468910
vn 0.020773 -0.999076 -0.037614
v 0.001000 0.321291 7.624645
vn -0.000000 -0.882428 -0.470448
v 0.001000 0.241490 7.767638
vn -0.000000 -0.936957 -0.349443
v -1.298418 0.241490 7.364720
vn 0.126947 -0.907295 -0.400874
v 2.598006 0.241465 6.937782
vn -0.147199 -0.905048 -0.399025
v 2.611757 0.321292 6.776396
vn -0.174576 -0.884760 -0.432115
v 1.300417 0.241490 7.364720
vn -0.126947 -0.907295 -0.400874
v 0.001000 0.321291 7.624645
vn -0.012033 -0.999201 -0.038123
v 0.001000 0.321291 7.624645
vn -0.012443 -0.999189 -0.038300
v 2.611757 0.321292 6.776396
vn -0.012443 -0.999189 -0.038300
v -2.609758 0.321292 6.776396
vn 0.012443 -0.999189 -0.038300
v 0.001000 0.321291 7.624645
vn 0.012443 -0.999189 -0.038300
v 0.001000 0.321291 7.624645
vn 0.012033 -0.999201 -0.038123
v 3.826092 0.240476 6.403906
vn -0.265912 -0.805710 -0.529266
v 3.829239 0.319285 6.224920
vn -0.190141 -0.897277 -0.398421
v 4.061867 0.427385 3.380623
vn -0.020854 -0.999017 -0.039121
v 4.309644 0.535761 0.468910
vn -0.020773 -0.999076 -0.037612
v 2.611757 0.321292 6.776396
vn -0.017433 -0.999100 -0.038659
v 2.611757 0.321292 6.776396
vn -0.019570 -0.999025 -0.039569
v 3.829239 0.319285 6.224920
vn -0.019570 -0.999025 -0.039569
v -5.491680 0.708216 -5.100344
vn -0.098296 -0.991143 0.089293
v -4.971877 0.722804 -5.105074
vn 0.005263 -0.998748 0.049737
v -5.085912 0.395890 -7.181384
vn -0.004122 -0.986273 0.165073
v -5.592618 0.388301 -7.198452
vn 0.043152 -0.984240 0.171491
v -5.549653 0.551459 -6.172994
vn -0.126399 -0.980075 0.153218
v -6.127538 0.238617 -7.219432
vn 0.989785 -0.142540 0.002661
v -6.154804 0.096417 -7.223308
vn 0.999869 -0.016064 -0.001908
v -6.131223 0.213832 -5.189243
vn 0.999327 -0.002653 -0.036586
v -6.079802 0.455950 -5.142568
vn 0.987648 -0.146528 -0.055498
v -6.106713 0.349348 -6.204517
vn 0.983791 -0.179271 -0.004096
v -5.895008 0.202743 -2.400418
vn 0.996249 -0.000288 -0.086528
v -5.842321 0.407349 -2.397520
vn 0.921505 -0.377851 -0.089756
v -4.902102 0.625387 -2.339295
vn 0.027541 -0.998968 -0.036128
v 5.897001 0.202743 -2.400418
vn -0.996251 -0.000289 -0.086514
v 6.133224 0.213832 -5.189243
vn -0.999329 -0.002971 -0.036504
v 6.081502 0.455950 -5.142571
vn -0.987501 -0.147567 -0.055369
v 5.844172 0.407349 -2.397521
vn -0.921278 -0.378422 -0.089685
v 6.156805 0.096418 -7.223308
vn -0.999855 -0.016947 -0.001703
v 6.128937 0.238616 -7.219440
vn -0.989196 -0.146563 0.003225
v 6.108262 0.349348 -6.204522
vn -0.983199 -0.182508 -0.003397
v 5.063869 0.395877 -7.181653
vn 0.003911 -0.986293 0.164959
v 4.972675 0.722803 -5.105088
vn -0.005283 -0.998749 0.049721
v 5.492644 0.708215 -5.100355
vn 0.096383 -0.991378 0.088772
v 5.581994 0.388294 -7.198593
vn -0.046234 -0.984063 0.171705
v 5.544891 0.551455 -6.173070
vn 0.124224 -0.980476 0.152431
v 4.903651 0.625387 -2.339300
vn -0.027533 -0.998968 -0.036121
v 4.473642 0.552795 -6.145766
vn 0.023745 -0.986820 0.160073
v 4.380787 0.713078 -5.106233
vn 0.018669 -0.997289 0.071173
v 4.541709 0.387134 -7.160017
vn 0.031275 -0.985216 0.168437
v 3.993362 0.213278 -7.140764
vn 0.979057 -0.199465 0.040753
v 3.970909 0.048041 -7.140378
vn 0.998299 -0.054138 -0.021646
v 3.881186 0.132259 -6.226308
vn 0.991089 -0.000832 0.133201
v 3.904487 0.339233 -6.188236
vn 0.958935 -0.219692 0.179383
v 1.895549 0.220858 -5.265314
vn 0.028573 0.000503 0.999592
v 0.001000 0.225252 -5.220234
vn 0.000011 0.000156 1.000000
v 0.000976 0.473509 -5.185660
vn 0.000007 -0.224136 0.974558
v 1.905865 0.469462 -5.209769
vn 0.021601 -0.335208 0.941897
v 0.000991 0.717345 -4.457739
vn -0.000000 -0.999944 -0.010610
v 2.879946 0.702232 -4.058239
vn -0.010724 -0.999775 -0.018305
v 1.451628 0.710282 -4.271636
vn -0.003687 -0.999989 -0.002963
v 3.460498 0.670829 -3.179932
vn -0.004462 -0.999752 -0.021840
v -3.459159 0.670829 -3.179924
vn 0.004450 -0.999752 -0.021838
v -4.380519 0.713079 -5.106214
vn -0.018681 -0.997278 0.071322
v -2.878656 0.702232 -4.058231
vn 0.010717 -0.999775 -0.018311
v -1.449988 0.710282 -4.271632
vn 0.003685 -0.999989 -0.002964
v -1.894739 0.220859 -5.265301
vn -0.028537 0.000502 0.999593
v -1.904827 0.469463 -5.209758
vn -0.021571 -0.335168 0.941911
v -3.904420 0.132271 -6.226027
vn -0.987587 -0.000765 0.157071
v -4.017025 0.048065 -7.139840
vn -0.998606 -0.052704 0.002819
v -4.038866 0.213302 -7.140231
vn -0.978607 -0.195549 0.063953
v -3.927199 0.339245 -6.187959
vn -0.954373 -0.220647 0.201216
v -4.490036 0.552804 -6.145559
vn -0.024071 -0.986735 0.160547
v -4.575178 0.387154 -7.159618
vn -0.032023 -0.985094 0.169008
v -5.596397 0.037490 -11.126501
vn 0.003266 -0.999981 0.005139
v -5.600627 0.039839 -10.463621
vn 0.198283 -0.980109 0.008363
v -5.100553 0.041472 -10.467690
vn 0.000484 -0.999972 0.007497
v -5.098102 0.038424 -11.136387
vn 0.000421 -1.000000 0.000295
v 5.571433 0.037485 -11.126783
vn -0.003109 -0.999982 0.005136
v 5.049119 0.038414 -11.136919
vn -0.000393 -1.000000 0.000578
v 5.052507 0.041456 -10.468225
vn -0.001253 -0.999968 0.007883
v 5.576359 0.039831 -10.463902
vn -0.004871 -0.999964 0.006909
v -0.049046 0.041472 -10.474038
vn -0.000004 -1.000000 0.000990
v 3.804659 0.041457 -10.474231
vn 0.001040 -0.999992 0.003812
v 3.770668 0.037819 -11.145894
vn 0.000282 -0.999659 0.026119
v -0.049946 0.037217 -11.145885
vn 0.000007 -0.997681 0.068057
v 1.876625 0.037510 -11.145950
vn 0.000250 -0.999027 0.044114
v 4.427480 0.038132 -11.141535
vn 0.000888 -0.999997 0.002368
v -3.900249 0.041486 -10.473239
vn -0.001068 -0.999992 0.003828
v -3.867522 0.037838 -11.144922
vn -0.000284 -0.999565 0.029504
v -4.500682 0.038147 -11.140774
vn -0.000920 -0.999998 0.002031
v -1.975316 0.037519 -11.145455
vn -0.000242 -0.998789 0.049207
v -3.965183 0.087906 -8.071172
vn -0.920298 -0.385543 -0.066398
v -3.932833 -0.036088 -8.052648
vn -0.990870 0.029225 -0.131616
v -1.981123 0.040305 -9.779309
vn -0.002365 -0.999990 -0.003857
v -0.048079 0.037365 -9.801060
vn -0.000007 -0.999958 -0.009150
v -3.880628 0.043409 -9.756943
vn -0.003542 -0.999984 0.004444
v -4.507083 0.046868 -9.754160
vn -0.005847 -0.999941 0.009140
v -5.099524 0.059202 -9.036098
vn -0.002197 -0.995473 0.095017
v -4.514404 0.056309 -9.032310
vn -0.009481 -0.995628 0.092926
v -4.545977 0.219729 -8.099710
vn -0.022651 -0.984885 0.171723
v -5.600066 0.058556 -9.031700
vn 0.400626 -0.911529 0.092812
v -5.600441 0.047139 -9.750863
vn 0.247485 -0.968812 0.012458
v -6.127681 0.126191 -8.130144
vn 0.895204 -0.442002 0.056954
v -6.152972 0.036923 -8.130986
vn 0.999319 0.036819 0.002391
v -5.596888 0.221483 -8.119002
vn 0.218400 -0.960894 0.170250
v 6.128917 0.126191 -8.130153
vn -0.890342 -0.451534 0.058382
v 6.154934 0.036923 -8.130986
vn -0.999287 0.037675 0.002504
v 5.577096 0.047129 -9.751141
vn -0.006230 -0.999897 0.012905
v 5.054541 0.059177 -9.036623
vn 0.001733 -0.995444 0.095331
v 5.577773 0.058543 -9.031972
vn -0.212126 -0.971955 0.101518
v 5.580368 0.221473 -8.119209
vn -0.221091 -0.960066 0.171440
v 4.437198 0.046839 -9.754923
vn 0.005653 -0.999943 0.009111
v 4.446834 0.056273 -9.033069
vn 0.009142 -0.995641 0.092820
v 3.787917 0.043371 -9.757920
vn 0.003446 -0.999984 0.004416
v 1.886378 0.040286 -9.779807
vn 0.002352 -0.999990 -0.003872
v 3.896745 0.087871 -8.071939
vn 0.915216 -0.393472 -0.086947
v 3.863888 -0.036122 -8.053414
vn 0.987366 0.029734 -0.155644
v 4.495267 0.219701 -8.100290
vn 0.021984 -0.984970 0.171321
v 4.199260 0.500729 0.706467
vn 0.921441 -0.340467 -0.187160
v 4.147294 0.501124 0.431519
vn 0.936400 -0.306094 -0.171642
v 4.145858 0.230265 0.982906
vn 0.888556 -0.420316 -0.183856
v 4.197915 0.230265 1.223845
vn 0.755031 -0.582945 -0.300172
v 4.143189 0.230266 -3.247209
vn 0.999976 -0.006892 -0.000389
v 4.141865 0.232066 -7.558585
vn 0.999999 -0.001194 -0.000089
v 4.141821 -0.040592 -5.263123
vn 0.999997 -0.002656 -0.000103
v 4.141821 -0.040593 -1.759437
vn 0.999987 -0.005051 -0.000000
v 4.141821 -0.040591 -8.766808
vn 1.000000 -0.000577 0.000027
v 4.142180 0.302215 -10.968713
vn 0.999999 -0.001260 0.000966
v 4.197914 1.576260 -12.487929
vn 0.605669 0.104882 0.788774
v 4.251271 1.609047 -12.522080
vn -0.000002 0.150047 0.988679
v 4.251271 -0.040590 -12.270494
vn -0.000000 0.141470 0.989942
v 4.196546 -0.040590 -12.270494
vn 0.000000 0.133281 0.991078
v 4.146382 4.034883 -11.865981
vn 0.999995 -0.000242 0.003205
v 4.144649 3.417404 -10.873340
vn 1.000000 -0.000875 0.000107
v 4.147294 6.261675 -11.820022
vn 0.999999 -0.001285 0.000033
v 4.149449 6.204418 -12.450664
vn 0.999991 -0.000273 0.004233
v 4.149449 6.204418 -12.450664
vn 0.947395 -0.318448 0.032149
v 4.147294 6.261675 -11.820022
vn 0.947395 -0.318448 0.032149
v 4.199306 6.411374 -11.869928
vn 0.943543 -0.331144 0.008346
v 4.199739 6.369727 -12.510127
vn 0.920959 -0.384843 0.061077
v 4.149449 6.204418 -12.450664
vn 0.958432 -0.284678 0.019167
v 4.199739 6.381013 -11.207675
vn 0.915443 -0.399939 -0.044857
v 4.147294 6.261675 -11.820022
vn 0.942837 -0.332875 -0.015877
v 4.147294 6.261675 -11.820022
vn 0.953976 -0.298965 -0.023440
v 4.149449 6.216606 -11.157489
vn 0.953608 -0.299861 -0.026743
v 4.146382 4.168055 -10.359076
vn 0.999992 -0.002423 -0.003139
v 4.149449 6.216606 -11.157489
vn 0.999990 -0.002840 -0.003446
v 4.146382 0.756183 -3.443593
vn 0.999946 -0.010419 -0.000685
v 4.144569 0.500730 -4.665502
vn 0.999980 -0.006371 -0.000588
v 4.147294 0.501124 0.431519
vn 0.999990 -0.004541 -0.000534
v 4.147294 0.501124 0.431519
vn 0.999950 -0.009995 -0.000893
v 4.149449 0.754038 0.013883
vn 0.999928 -0.011997 -0.000894
v 4.199739 0.756182 0.304101
vn 0.901766 -0.379601 -0.206694
v 4.149449 0.754038 0.013883
vn 0.947438 -0.275811 -0.162138
v 4.359352 0.230266 -3.247209
vn -0.999976 -0.006891 -0.000389
v 4.357973 0.500730 -4.665502
vn -0.999980 -0.006369 -0.000588
v 4.355248 0.501124 0.431519
vn -0.999974 -0.007255 -0.000648
v 4.356685 0.230265 0.982906
vn -0.999932 -0.011630 -0.000630
v 4.251271 0.230265 1.353007
vn 0.000004 -0.844607 -0.535387
v 4.251271 -0.040593 1.744249
vn 0.000000 -0.822194 -0.569207
v 4.305996 -0.040593 1.744249
vn -0.268881 -0.832825 -0.483844
v 4.304628 0.230265 1.223845
vn -0.755028 -0.582948 -0.300173
v 4.304627 1.576260 -12.487929
vn -0.605667 0.104882 0.788776
v 4.305995 -0.040591 -12.270494
vn 0.000001 0.133281 0.991078
v 4.360677 0.232066 -7.558585
vn -0.999999 -0.001193 -0.000089
v 4.360720 -0.040592 -5.263123
vn -0.999997 -0.002655 -0.000103
v 4.360720 -0.040591 -8.766808
vn -1.000000 -0.000575 0.000027
v 4.360362 0.302215 -10.968713
vn -0.999999 -0.001259 0.000966
v 4.303237 6.411374 -11.869928
vn -0.943543 -0.331145 0.008346
v 4.355248 6.261675 -11.820022
vn -0.948460 -0.316889 -0.002390
v 4.353094 6.204418 -12.450664
vn -0.955394 -0.293813 0.029939
v 4.302804 6.369727 -12.510127
vn -0.920957 -0.384848 0.061078
v 4.356160 4.034883 -11.865981
vn -0.999995 -0.000242 0.003205
v 4.353094 6.204418 -12.450664
vn -0.999994 -0.000481 0.003459
v 4.355248 6.261675 -11.820022
vn -0.999994 -0.000481 0.003459
v 4.355248 6.261675 -11.820022
vn -0.999999 -0.000440 0.001472
v 4.357893 3.417404 -10.873340
vn -1.000000 -0.000875 0.000107
v 4.356160 4.168055 -10.359075
vn -0.999992 -0.002423 -0.003139
v 4.355248 6.261675 -11.820022
vn -0.999998 -0.001381 -0.001354
v 4.355248 6.261675 -11.820022
vn -0.999990 -0.002839 -0.003444
v 4.353094 6.216606 -11.157489
vn -0.999986 -0.003139 -0.004215
v 4.302804 6.381013 -11.207675
vn -0.915441 -0.399943 -0.044858
v 4.353094 6.216606 -11.157489
vn -0.953976 -0.298965 -0.023438
v 4.356160 0.756183 -3.443593
vn -0.999946 -0.010419 -0.000685
v 4.353094 0.754038 0.013883
vn -0.999928 -0.011994 -0.000894
v 4.302804 0.756182 0.304101
vn -0.901764 -0.379604 -0.206696
v 4.303282 0.500729 0.706467
vn -0.921440 -0.340468 -0.187161
v 4.355248 0.501124 0.431519
vn -0.942375 -0.282949 -0.178519
v 4.355248 0.501124 0.431519
vn -0.947439 -0.275807 -0.162138
v 4.353094 0.754038 0.013883
vn -0.947439 -0.275807 -0.162138
v -4.141368 0.230266 -3.247209
vn -0.999976 -0.006892 -0.000389
v -4.142748 0.500730 -4.665502
vn -0.999980 -0.006371 -0.000588
v -4.145473 0.501124 0.431519
vn -0.999974 -0.007256 -0.000648
v -4.144036 0.230265 0.982906
vn -0.999932 -0.011631 -0.000631
v -4.249449 0.230265 1.353007
vn -0.000004 -0.844607 -0.535387
v -4.249449 -0.040593 1.744249
vn 0.000000 -0.822194 -0.569207
v -4.194725 -0.040593 1.744249
vn -0.268880 -0.832826 -0.483844
v -4.196093 0.230265 1.223844
vn -0.755031 -0.582945 -0.300172
v -4.196094 1.576260 -12.487929
vn -0.605668 0.104882 0.788775
v -4.194726 -0.040591 -12.270494
vn 0.000000 0.133281 0.991078
v -4.249450 -0.040591 -12.270494
vn 0.000001 0.141470 0.989942
v -4.249450 1.609047 -12.522080
vn 0.000002 0.150047 0.988679
v -4.140044 0.232066 -7.558585
vn -0.999999 -0.001193 -0.000089
v -4.140000 -0.040592 -5.263123
vn -0.999997 -0.002656 -0.000103
v -4.140001 -0.040591 -8.766808
vn -1.000000 -0.000575 0.000027
v -4.140359 0.302215 -10.968713
vn -0.999999 -0.001259 0.000966
v -4.197484 6.411374 -11.869930
vn -0.943544 -0.331142 0.008346
v -4.145473 6.261675 -11.820023
vn -0.948460 -0.316889 -0.002390
v -4.147627 6.204418 -12.450664
vn -0.955394 -0.293813 0.029939
v -4.197917 6.369727 -12.510127
vn -0.920959 -0.384843 0.061077
v -4.144561 4.034883 -11.865981
vn -0.999995 -0.000242 0.003205
v -4.147627 6.204418 -12.450664
vn -0.999994 -0.000481 0.003459
v -4.145473 6.261675 -11.820023
vn -0.999994 -0.000481 0.003459
v -4.145473 6.261675 -11.820023
vn -0.999999 -0.000440 0.001472
v -4.142828 3.417404 -10.873340
vn -1.000000 -0.000875 0.000107
v -4.144561 4.168055 -10.359076
vn -0.999992 -0.002423 -0.003139
v -4.145473 6.261675 -11.820023
vn -0.999998 -0.001381 -0.001354
v -4.145473 6.261675 -11.820023
vn -0.999990 -0.002839 -0.003444
v -4.147627 6.216606 -11.157490
vn -0.999986 -0.003139 -0.004215
v -4.197917 6.381013 -11.207677
vn -0.915444 -0.399938 -0.044857
v -4.147627 6.216606 -11.157490
vn -0.953976 -0.298965 -0.023438
v -4.144561 0.756183 -3.443593
vn -0.999946 -0.010418 -0.000685
v -4.147627 0.754038 0.013883
vn -0.999928 -0.011994 -0.000894
v -4.197917 0.756182 0.304101
vn -0.901766 -0.379600 -0.206693
v -4.197438 0.500729 0.706466
vn -0.921442 -0.340465 -0.187159
v -4.145473 0.501124 0.431519
vn -0.942376 -0.282947 -0.178515
v -4.145473 0.501124 0.431519
vn -0.947439 -0.275807 -0.162138
v -4.147627 0.754038 0.013883
vn -0.947439 -0.275807 -0.162138
v -4.301461 0.500729 0.706466
vn 0.921440 -0.340468 -0.187161
v -4.353426 0.501124 0.431519
vn 0.936402 -0.306089 -0.171640
v -4.354863 0.230265 0.982906
vn 0.888557 -0.420315 -0.183855
v -4.302806 0.230265 1.223844
vn 0.755028 -0.582947 -0.300174
v -4.357531 0.230266 -3.247209
vn 0.999976 -0.006891 -0.000389
v -4.358856 0.232065 -7.558585
vn 0.999999 -0.001193 -0.000089
v -4.358899 -0.040592 -5.263123
vn 0.999996 -0.002655 -0.000103
v -4.358899 -0.040593 -1.759437
vn 0.999987 -0.005051 -0.000000
v -4.358900 -0.040592 -8.766808
vn 1.000000 -0.000577 0.000027
v -4.358541 0.302215 -10.968713
vn 0.999999 -0.001260 0.000966
v -4.302806 1.576260 -12.487929
vn 0.605669 0.104882 0.788774
v -4.304175 -0.040591 -12.270494
vn 0.000000 0.133281 0.991078
v -4.354339 4.034883 -11.865981
vn 0.999995 -0.000242 0.003205
v -4.356071 3.417404 -10.873340
vn 1.000000 -0.000875 0.000107
v -4.353426 6.261675 -11.820023
vn 0.999999 -0.001285 0.000033
v -4.351272 6.204418 -12.450664
vn 0.999991 -0.000273 0.004232
v -4.351272 6.204418 -12.450664
vn 0.947397 -0.318443 0.032148
v -4.353426 6.261675 -11.820023
vn 0.947397 -0.318443 0.032148
v -4.301415 6.411374 -11.869931
vn 0.943543 -0.331145 0.008346
v -4.300982 6.369727 -12.510128
vn 0.920957 -0.384849 0.061078
v -4.351272 6.204418 -12.450664
vn 0.958432 -0.284678 0.019167
v -4.300982 6.381013 -11.207677
vn 0.915442 -0.399943 -0.044858
v -4.353426 6.261675 -11.820023
vn 0.942839 -0.332870 -0.015877
v -4.353426 6.261675 -11.820023
vn 0.953976 -0.298965 -0.023438
v -4.351272 6.216606 -11.157490
vn 0.953608 -0.299861 -0.026742
v -4.354339 4.168055 -10.359076
vn 0.999992 -0.002423 -0.003139
v -4.351272 6.216606 -11.157490
vn 0.999990 -0.002839 -0.003444
v -4.354339 0.756183 -3.443593
vn 0.999945 -0.010420 -0.000685
v -4.356152 0.500730 -4.665502
vn 0.999980 -0.006369 -0.000588
v -4.353426 0.501124 0.431519
vn 0.999990 -0.004540 -0.000534
v -4.353426 0.501124 0.431519
vn 0.999950 -0.009991 -0.000893
v -4.351272 0.754038 0.013883
vn 0.999928 -0.011995 -0.000894
v -4.300982 0.756182 0.304101
vn 0.901763 -0.379605 -0.206695
v -4.351272 0.754038 0.013883
vn 0.947439 -0.275807 -0.162138
v 4.146382 -0.368360 0.804471
vn 0.999968 0.008004 -0.000970
v 4.149449 -0.238924 4.852575
vn 0.999760 0.021844 -0.001456
v 4.147294 -0.119200 4.864298
vn 0.999931 0.011683 -0.000757
v 4.144569 -0.250023 -2.175110
vn 0.999963 0.008564 -0.000608
v 4.199738 -0.232058 5.253500
vn 0.985720 0.052499 -0.160001
v 4.199259 -0.112061 5.246360
vn 0.978093 0.148455 -0.145932
v 4.147294 -0.119200 4.864298
vn 0.990879 -0.004058 -0.134695
v 4.147294 -0.119200 4.864298
vn 0.991712 0.030080 -0.124908
v 4.149449 -0.238924 4.852575
vn 0.991712 0.030080 -0.124908
v 4.199739 -0.892311 -0.746595
vn 0.267877 0.963446 -0.003776
v 4.199306 -0.896142 -2.494231
vn 0.316417 0.948610 -0.004505
v 4.251271 -0.909057 -2.317985
vn 0.000003 0.999991 -0.004187
v 4.251271 -0.901580 -0.582552
vn 0.000003 0.999981 -0.006148
v 4.251271 -0.919341 -4.031469
vn 0.000003 0.999966 -0.008220
v 4.199739 -0.907237 -4.155941
vn 0.350043 0.936685 -0.009549
v 4.146382 -4.623895 -8.487482
vn 0.999994 0.001048 -0.003322
v 4.144649 -3.681968 -9.239921
vn 1.000000 0.000800 0.000196
v 4.147294 -6.892407 -9.025496
vn 0.999999 0.001168 0.000057
v 4.149449 -6.850337 -8.439455
vn 0.999989 0.001278 -0.004611
v 4.149449 -6.850337 -8.439455
vn 0.956094 0.292037 -0.024480
v 4.147294 -6.892407 -9.025496
vn 0.956094 0.292037 -0.024480
v 4.199305 -7.061747 -9.014314
vn 0.954216 0.299119 -0.000512
v 4.199739 -7.035409 -8.422946
vn 0.934994 0.351749 -0.045381
v 4.149449 -6.850337 -8.439455
vn 0.965212 0.261179 -0.012341
v 4.199738 -7.015386 -9.613486
vn 0.932065 0.356874 0.062419
v 4.147294 -6.892407 -9.025496
vn 0.955226 0.294940 0.023511
v 4.147294 -6.892407 -9.025496
vn 0.964742 0.261320 0.031392
v 4.149449 -6.828712 -9.621949
vn 0.964513 0.261493 0.036559
v 4.146382 -4.387621 -9.917862
vn 0.999993 0.001391 0.003448
v 4.149449 -6.828712 -9.621949
vn 0.999991 0.001717 0.003796
v 4.197914 -1.664619 -11.455313
vn 0.583500 0.189702 0.789646
v 4.196547 0.139429 -11.886049
vn 0.000000 0.232233 0.972660
v 4.251271 0.139429 -11.886049
vn -0.000001 0.225593 0.974222
v 4.251271 -1.702179 -11.474389
vn -0.000002 0.218722 0.975787
v 4.141862 -0.122196 -6.255870
vn 0.999999 0.001419 -0.000087
v 4.141821 0.139428 -3.128635
vn 0.999994 0.003512 -0.000090
v 4.141821 0.139429 -7.507343
vn 1.000000 0.000482 0.000017
v 4.142097 -0.169204 -10.560223
vn 0.999998 0.001502 0.000960
v 4.143189 -0.056290 -0.523456
vn 0.999931 0.011733 -0.000440
v 4.145857 0.008540 5.107000
vn 0.999727 0.023352 -0.000743
v 4.251271 0.016928 5.614026
vn -0.000001 0.358617 -0.933485
v 4.251271 0.139426 5.628779
vn 0.000000 0.119570 -0.992826
v 4.196546 0.139426 5.628779
vn 0.357060 0.567060 -0.742261
v 4.197914 0.013608 5.434994
vn 0.849994 0.441406 -0.287526
v 4.302804 -0.232058 5.253500
vn -0.985720 0.052497 -0.160002
v 4.353093 -0.238924 4.852575
vn -0.992029 0.017869 -0.124739
v 4.355248 -0.119200 4.864298
vn -0.986300 0.098339 -0.132449
v 4.303282 -0.112061 5.246360
vn -0.978093 0.148451 -0.145932
v 4.356160 -0.368360 0.804471
vn -0.999968 0.008005 -0.000970
v 4.357973 -0.250023 -2.175110
vn -0.999963 0.008560 -0.000608
v 4.355248 -0.119200 4.864298
vn -0.999993 0.003796 -0.000458
v 4.355248 -0.119200 4.864298
vn -0.999835 0.018126 -0.001337
v 4.353093 -0.238924 4.852575
vn -0.999835 0.018126 -0.001337
v 4.302804 -0.892311 -0.746595
vn -0.267874 0.963446 -0.003776
v 4.303237 -0.896142 -2.494231
vn -0.316411 0.948611 -0.004505
v 4.302804 -0.907237 -4.155941
vn -0.350039 0.936687 -0.009549
v 4.303236 -7.061747 -9.014314
vn -0.954215 0.299120 -0.000511
v 4.355248 -6.892407 -9.025496
vn -0.959098 0.282891 0.010145
v 4.353094 -6.850337 -8.439455
vn -0.962324 0.271061 -0.021415
v 4.302804 -7.035409 -8.422946
vn -0.934992 0.351752 -0.045381
v 4.356160 -4.623895 -8.487482
vn -0.999994 0.001048 -0.003321
v 4.353094 -6.850337 -8.439455
vn -0.999992 0.001296 -0.003768
v 4.355248 -6.892407 -9.025496
vn -0.999992 0.001296 -0.003768
v 4.355248 -6.892407 -9.025496
vn -0.999999 0.000731 -0.001388
v 4.357893 -3.681968 -9.239921
vn -1.000000 0.000800 0.000196
v 4.356160 -4.387621 -9.917862
vn -0.999993 0.001391 0.003448
v 4.355248 -6.892407 -9.025496
vn -0.999998 0.000930 0.001588
v 4.355248 -6.892407 -9.025496
vn -0.999991 0.001717 0.003796
v 4.353093 -6.828712 -9.621949
vn -0.999988 0.001819 0.004641
v 4.302804 -7.015386 -9.613486
vn -0.932064 0.356875 0.062419
v 4.353093 -6.828712 -9.621949
vn -0.964742 0.261320 0.031392
v 4.360720 0.139429 -7.507343
vn -1.000000 0.000482 0.000017
v 4.360720 0.139428 -3.128635
vn -0.999994 0.003512 -0.000090
v 4.360679 -0.122196 -6.255870
vn -0.999999 0.001418 -0.000087
v 4.360445 -0.169204 -10.560223
vn -0.999999 0.001502 0.000960
v 4.304627 -1.664619 -11.455313
vn -0.583499 0.189702 0.789647
v 4.305996 0.139429 -11.886049
vn 0.000000 0.232233 0.972660
v 4.356684 0.008540 5.107000
vn -0.919361 0.365900 -0.144540
v 4.304627 0.013608 5.434994
vn -0.849994 0.441406 -0.287524
v 4.359352 -0.056290 -0.523456
vn -0.999931 0.011730 -0.000440
v 4.360720 0.139427 1.250072
vn -0.999976 0.006990 0.000000
v -4.144561 -0.368360 0.804471
vn -0.999968 0.008005 -0.000970
v -4.142748 -0.250023 -2.175110
vn -0.999963 0.008560 -0.000608
v -4.145473 -0.119200 4.864298
vn -0.999932 0.011679 -0.000757
v -4.147628 -0.238924 4.852575
vn -0.999760 0.021848 -0.001456
v -4.197917 -0.232058 5.253500
vn -0.985720 0.052497 -0.160002
v -4.147628 -0.238924 4.852575
vn -0.991712 0.030080 -0.124908
v -4.145473 -0.119200 4.864298
vn -0.991712 0.030080 -0.124908
v -4.145473 -0.119200 4.864298
vn -0.990878 -0.004070 -0.134698
v -4.197439 -0.112061 5.246360
vn -0.978093 0.148451 -0.145932
v -4.197917 -0.892311 -0.746595
vn -0.267878 0.963446 -0.003776
v -4.249449 -0.901580 -0.582552
vn -0.000002 0.999981 -0.006148
v -4.249450 -0.909057 -2.317985
vn 0.000000 0.999991 -0.004187
v -4.197484 -0.896142 -2.494231
vn -0.316419 0.948609 -0.004505
v -4.249450 -0.919342 -4.031469
vn 0.000001 0.999966 -0.008220
v -4.197917 -0.907237 -4.155941
vn -0.350048 0.936683 -0.009549
v -4.197484 -7.061747 -9.014314
vn -0.954215 0.299120 -0.000511
v -4.145473 -6.892408 -9.025496
vn -0.959099 0.282889 0.010145
v -4.147628 -6.850338 -8.439455
vn -0.962325 0.271057 -0.021416
v -4.197917 -7.035410 -8.422946
vn -0.934993 0.351752 -0.045382
v -4.144561 -4.623895 -8.487482
vn -0.999994 0.001048 -0.003322
v -4.147628 -6.850338 -8.439455
vn -0.999992 0.001296 -0.003770
v -4.145473 -6.892408 -9.025496
vn -0.999992 0.001296 -0.003770
v -4.145473 -6.892408 -9.025496
vn -0.999999 0.000731 -0.001388
v -4.142828 -3.681968 -9.239921
vn -1.000000 0.000800 0.000196
v -4.144561 -4.387622 -9.917863
vn -0.999993 0.001391 0.003448
v -4.145473 -6.892408 -9.025496
vn -0.999998 0.000930 0.001588
v -4.145473 -6.892408 -9.025496
vn -0.999991 0.001717 0.003796
v -4.147628 -6.828712 -9.621949
vn -0.999988 0.001819 0.004641
v -4.197917 -7.015386 -9.613486
vn -0.932064 0.356875 0.062419
v -4.147628 -6.828712 -9.621949
vn -0.964742 0.261320 0.031392
v -4.140001 0.139428 -7.507342
vn -1.000000 0.000481 0.000017
v -4.140001 0.139428 -3.128635
vn -0.999994 0.003512 -0.000090
v -4.140042 -0.122196 -6.255871
vn -0.999999 0.001418 -0.000087
v -4.140276 -0.169204 -10.560225
vn -0.999998 0.001502 0.000960
v -4.196094 -1.664620 -11.455313
vn -0.583499 0.189702 0.789646
v -4.249450 -1.702180 -11.474389
vn -0.000002 0.218722 0.975787
v -4.249450 0.139429 -11.886049
vn -0.000001 0.225593 0.974222
v -4.194726 0.139429 -11.886049
vn 0.000000 0.232233 0.972660
v -4.145473 -0.119200 4.864298
vn -0.954278 0.266810 -0.134782
v -4.144037 0.008540 5.107000
vn -0.919361 0.365900 -0.144540
v -4.196094 0.013608 5.434994
vn -0.849994 0.441406 -0.287524
v -4.141369 -0.056290 -0.523456
vn -0.999931 0.011730 -0.000440
v -4.140001 0.139427 1.250072
vn -0.999976 0.006990 0.000000
v -4.300983 -0.232058 5.253500
vn 0.985720 0.052498 -0.160002
v -4.301462 -0.112061 5.246360
vn 0.978093 0.148455 -0.145932
v -4.353427 -0.119200 4.864298
vn 0.986300 0.098341 -0.132447
v -4.351273 -0.238924 4.852575
vn 0.992029 0.017865 -0.124741
v -4.354339 -0.368360 0.804471
vn 0.999968 0.008004 -0.000970
v -4.351273 -0.238924 4.852575
vn 0.999835 0.018118 -0.001337
v -4.353427 -0.119200 4.864298
vn 0.999835 0.018118 -0.001337
v -4.353427 -0.119200 4.864298
vn 0.999993 0.003796 -0.000458
v -4.356152 -0.250023 -2.175110
vn 0.999963 0.008564 -0.000608
v -4.300982 -0.892311 -0.746595
vn 0.267876 0.963446 -0.003776
v -4.301416 -0.896142 -2.494231
vn 0.316421 0.948608 -0.004505
v -4.300983 -0.907237 -4.155941
vn 0.350044 0.936684 -0.009549
v -4.354339 -4.623895 -8.487482
vn 0.999994 0.001048 -0.003321
v -4.356072 -3.681968 -9.239921
vn 1.000000 0.000800 0.000196
v -4.353427 -6.892408 -9.025496
vn 0.999999 0.001168 0.000057
v -4.351273 -6.850338 -8.439455
vn 0.999989 0.001278 -0.004610
v -4.351273 -6.850338 -8.439455
vn 0.956093 0.292039 -0.024478
v -4.353427 -6.892408 -9.025496
vn 0.956093 0.292039 -0.024478
v -4.301416 -7.061747 -9.014314
vn 0.954215 0.299120 -0.000511
v -4.300983 -7.035409 -8.422946
vn 0.934993 0.351752 -0.045382
v -4.351273 -6.850338 -8.439455
vn 0.965211 0.261180 -0.012339
v -4.300983 -7.015386 -9.613486
vn 0.932064 0.356875 0.062419
v -4.353427 -6.892408 -9.025496
vn 0.955226 0.294942 0.023511
v -4.353427 -6.892408 -9.025496
vn 0.964740 0.261325 0.031391
v -4.351273 -6.828712 -9.621949
vn 0.964512 0.261497 0.036560
v -4.354339 -4.387622 -9.917862
vn 0.999993 0.001391 0.003447
v -4.351273 -6.828712 -9.621949
vn 0.999991 0.001716 0.003794
v -4.302807 -1.664620 -11.455313
vn 0.583499 0.189702 0.789647
v -4.304175 0.139429 -11.886049
vn 0.000000 0.232233 0.972660
v -4.358858 -0.122196 -6.255871
vn 0.999999 0.001418 -0.000087
v -4.358900 0.139428 -3.128635
vn 0.999994 0.003514 -0.000090
v -4.358900 0.139428 -7.507342
vn 1.000000 0.000485 0.000017
v -4.358624 -0.169204 -10.560224
vn 0.999998 0.001503 0.000959
v -4.357532 -0.056290 -0.523456
vn 0.999931 0.011733 -0.000440
v -4.353427 -0.119200 4.864298
vn 0.999923 0.012385 -0.000617
v -4.353427 -0.119200 4.864298
vn 0.999923 0.012422 -0.000617
v -4.354864 0.008540 5.107000
vn 0.999727 0.023352 -0.000743
v -4.249450 0.016928 5.614026
vn -0.000001 0.358617 -0.933485
v -4.249450 0.139426 5.628779
vn 0.000000 0.119570 -0.992826
v -4.304175 0.139426 5.628779
vn 0.357060 0.567060 -0.742261
v -4.302807 0.013608 5.434994
vn 0.849994 0.441406 -0.287526
v -4.059868 -0.063004 3.380845
vn 0.011657 0.999585 -0.026347
v -4.307656 -0.135792 0.469311
vn 0.007319 0.999611 -0.026928
v -2.609758 0.006724 6.776436
vn 0.010085 0.999641 -0.024843
v -3.827241 0.009817 6.224957
vn 0.015887 0.999512 -0.026891
v -3.824093 0.086082 6.403923
vn 0.263085 0.811827 -0.521271
v -3.827241 0.009817 6.224957
vn 0.178231 0.904088 -0.388405
v -2.609758 0.006724 6.776436
vn 0.178231 0.904088 -0.388405
v -2.609758 0.006724 6.776436
vn 0.191828 0.878142 -0.438256
v -2.596007 0.084253 6.937801
vn 0.144195 0.909342 -0.390262
v 0.001000 0.006724 7.624685
vn 0.000000 0.999824 -0.018788
v 2.611757 0.006724 6.776436
vn -0.010085 0.999641 -0.024843
v 0.001000 0.006724 7.624685
vn -0.142466 0.887374 -0.438486
v 2.611757 0.006724 6.776436
vn -0.142466 0.887374 -0.438486
v 2.598006 0.084253 6.937801
vn -0.144195 0.909342 -0.390262
v 0.001000 0.084206 7.767658
vn -0.000000 0.939850 -0.341588
v 0.001000 0.006724 7.624685
vn -0.150532 0.869176 -0.471035
v 1.300417 0.084207 7.364740
vn -0.124340 0.911260 -0.392612
v -2.609758 0.006724 6.776436
vn 0.142466 0.887375 -0.438486
v 0.001000 0.006724 7.624685
vn 0.142466 0.887375 -0.438486
v 0.001000 0.006724 7.624685
vn 0.150532 0.869176 -0.471035
v -1.298418 0.084207 7.364740
vn 0.124340 0.911260 -0.392612
v 4.061867 -0.063004 3.380845
vn -0.011657 0.999585 -0.026347
v 3.829239 0.009817 6.224957
vn -0.015887 0.999512 -0.026891
v 4.309644 -0.135792 0.469311
vn -0.007319 0.999611 -0.026927
v 3.826092 0.086082 6.403923
vn -0.263085 0.811827 -0.521271
v 2.611757 0.006724 6.776436
vn -0.191828 0.878142 -0.438257
v 2.611757 0.006724 6.776436
vn -0.178231 0.904088 -0.388404
v 3.829239 0.009817 6.224957
vn -0.178231 0.904088 -0.388404
v -6.106712 -0.039800 -6.204605
vn 0.962991 0.268484 -0.023759
v -6.079802 -0.031971 -5.142565
vn 0.963591 0.260243 -0.061363
v -6.127537 -0.047023 -7.219613
vn 0.962882 0.269671 -0.011702
v -5.085917 -0.251408 -7.181764
vn 0.035585 0.999175 0.019549
v -4.971877 -0.292618 -5.105054
vn 0.000270 0.999968 -0.007958
v -5.491680 -0.283104 -5.100329
vn -0.023130 0.999697 0.008396
v -5.592620 -0.220875 -7.198822
vn 0.071299 0.996880 0.033866
v -5.549654 -0.253369 -6.173172
vn -0.018470 0.999254 0.033924
v -4.902102 -0.210762 -2.339082
vn 0.016692 0.999433 -0.029239
v -5.842321 -0.001566 -2.397508
vn 0.921479 0.378544 -0.087070
v 0.000976 -0.022665 -5.185628
vn 0.000008 0.225334 0.974282
v -1.904827 -0.026340 -5.209733
vn -0.023802 0.338373 0.940711
v 0.000991 -0.251179 -4.457049
vn -0.000000 0.999745 -0.022587
v -2.878656 -0.237649 -4.057271
vn -0.004534 0.999686 -0.024637
v -1.449988 -0.244638 -4.270804
vn 0.000347 0.999848 -0.017415
v -3.459159 -0.226706 -3.179239
vn -0.016851 0.999648 -0.020496
v -4.380519 -0.283025 -5.106175
vn -0.021717 0.999754 -0.004444
v -4.490039 -0.275199 -6.145732
vn -0.003813 0.999963 0.007765
v -4.575187 -0.265655 -7.159989
vn 0.019043 0.999770 0.009894
v -4.038872 -0.115970 -7.140412
vn -0.977917 0.208901 0.006188
v -3.927202 -0.073079 -6.188041
vn -0.962396 0.216102 0.164599
v 4.903651 -0.210762 -2.339087
vn -0.016687 0.999433 -0.029235
v 4.972674 -0.292619 -5.105067
vn -0.000264 0.999968 -0.007961
v 5.492642 -0.283104 -5.100340
vn 0.021914 0.999726 0.008190
v 5.063845 -0.251418 -7.182033
vn -0.034808 0.999195 0.019968
v 5.581981 -0.220881 -7.198963
vn -0.074791 0.996608 0.034343
v 5.544884 -0.253372 -6.173248
vn 0.017304 0.999284 0.033658
v 6.108261 -0.039800 -6.204610
vn -0.962090 0.271714 -0.023522
v 6.128935 -0.047023 -7.219619
vn -0.961244 0.275453 -0.011645
v 6.081501 -0.031971 -5.142569
vn -0.963262 0.261481 -0.061278
v 5.844172 -0.001566 -2.397510
vn -0.921252 0.379113 -0.086995
v 3.993340 -0.115992 -7.140943
vn 0.976894 0.212982 -0.017774
v 3.904476 -0.073090 -6.188317
vn 0.966139 0.215027 0.142617
v 4.473625 -0.275208 -6.145937
vn 0.003896 0.999963 0.007673
v 4.541677 -0.265670 -7.160385
vn -0.018627 0.999774 0.010224
v 4.380786 -0.283026 -5.106194
vn 0.021706 0.999754 -0.004631
v 3.460497 -0.226706 -3.179246
vn 0.016850 0.999648 -0.020505
v 2.879946 -0.237649 -4.057279
vn 0.004536 0.999686 -0.024640
v 1.451628 -0.244638 -4.270808
vn -0.000347 0.999848 -0.017416
v 1.905865 -0.026340 -5.209744
vn 0.023835 0.338417 0.940694
v -5.596398 -0.148124 -11.126694
vn 0.098006 0.995173 0.005059
v -5.098104 -0.196340 -11.136585
vn 0.082476 0.979678 -0.182833
v -5.100558 -0.199367 -10.468070
vn 0.089779 0.995959 0.002288
v -5.600628 -0.149879 -10.463991
vn 0.311651 0.950195 0.001704
v -0.049076 -0.299784 -10.474420
vn 0.000003 1.000000 0.000268
v -3.900263 -0.294754 -10.473620
vn 0.044125 0.999026 -0.000168
v -3.867529 -0.289996 -11.145123
vn 0.028060 0.937087 -0.347968
v -0.049961 -0.295413 -11.146087
vn -0.000054 0.906130 -0.422999
v -1.975327 -0.293324 -11.145658
vn 0.001355 0.974261 -0.225417
v -4.500688 -0.243744 -11.140975
vn 0.070809 0.972144 -0.223432
v 5.571425 -0.148127 -11.126977
vn -0.093538 0.995603 0.005128
v 5.576344 -0.149885 -10.464272
vn -0.280303 0.959909 0.002111
v 5.052482 -0.199378 -10.468606
vn -0.084240 0.996442 0.002668
v 5.049106 -0.196346 -11.137118
vn -0.079004 0.980082 -0.182201
v 3.804615 -0.294773 -10.474610
vn -0.042512 0.999096 -0.000068
v 3.770646 -0.290006 -11.146091
vn -0.027100 0.937580 -0.346712
v 4.427462 -0.243751 -11.141735
vn -0.068126 0.972530 -0.222588
v 1.876606 -0.293329 -11.146151
vn -0.001410 0.974378 -0.224911
v -5.099533 -0.201960 -9.036819
vn 0.076170 0.996980 0.015154
v -5.600069 -0.151180 -9.032404
vn 0.300886 0.953502 0.017348
v -5.600443 -0.150110 -9.751405
vn 0.314950 0.949108 0.000046
v -5.596890 -0.185624 -8.119544
vn 0.159817 0.986317 0.040460
v -6.127678 -0.053802 -8.130410
vn 0.886460 0.462798 0.002410
v -4.545990 -0.254935 -8.100253
vn 0.042525 0.999037 0.010765
v -4.514421 -0.244490 -9.033017
vn 0.064679 0.997887 0.006226
v -4.507097 -0.245623 -9.754708
vn 0.070660 0.997493 -0.003811
v -3.880647 -0.289519 -9.757487
vn 0.035817 0.999307 -0.010177
v -1.981153 -0.293048 -9.779853
vn 0.001342 0.999950 -0.009880
v -0.048121 -0.295390 -9.801601
vn 0.000003 0.999953 -0.009711
v -3.965192 -0.159643 -8.071441
vn -0.888828 0.437339 -0.136820
v 1.886325 -0.293062 -9.780350
vn -0.001336 0.999950 -0.009868
v 3.787853 -0.289548 -9.758463
vn -0.034593 0.999352 -0.009994
v 4.437148 -0.245645 -9.755470
vn -0.068120 0.997671 -0.003577
v 5.054495 -0.201980 -9.037345
vn -0.075950 0.997015 0.013851
v 4.446768 -0.244519 -9.033773
vn -0.062416 0.998027 0.006841
v 4.495218 -0.254958 -8.100832
vn -0.041194 0.999085 0.011462
v 3.896713 -0.159675 -8.072205
vn 0.881664 0.444804 -0.157538
v 5.577746 -0.151190 -9.032676
vn -0.350542 0.936297 0.021629
v 5.580348 -0.185632 -8.119752
vn -0.162776 0.985800 0.041263
v 5.577075 -0.150118 -9.751681
vn -0.325048 0.945698 0.000427
v 6.128914 -0.053802 -8.130418
vn -0.881016 0.473078 0.002706
v -2.418337 1.301998 -0.704850
vn 0.329641 -0.867573 -0.372362
v -2.831554 1.302375 -1.296478
vn 0.608658 -0.725541 -0.321133
v -2.870437 1.116107 -1.005589
vn 0.464934 -0.828202 -0.312918
v -2.338292 0.955120 0.153012
vn 0.172463 -0.932179 -0.318274
v -2.617071 1.033523 -0.416820
vn 0.505297 -0.795397 -0.334693
v -2.610815 0.470365 0.190377
vn 0.931467 -0.055135 -0.359624
v -2.914126 0.550739 -0.690508
vn 0.952083 0.152730 -0.264974
v -2.917827 0.175869 -0.673712
vn 0.953096 -0.000000 -0.302669
v -2.612351 0.175869 0.212563
vn 0.935292 0.000000 -0.353876
v -1.146150 0.175869 1.145935
vn 0.051341 -0.000000 -0.998681
v 0.014683 0.175869 1.194589
vn 0.000000 -0.000000 -1.000000
v 0.014683 0.390041 1.145935
vn 0.000000 -0.257327 -0.966324
v -1.145638 0.390043 1.108958
vn 0.051152 -0.260971 -0.963990
v 0.014683 1.301978 -0.673711
vn 0.000000 -0.934586 -0.355737
v 0.014683 0.953096 0.212564
vn 0.000000 -0.956414 -0.292015
v -1.173463 0.953103 0.190378
vn 0.009752 -0.943357 -0.331635
v 1.175517 0.175869 1.145935
vn -0.051341 -0.000000 -0.998681
v 1.175005 0.390043 1.108958
vn -0.051152 -0.260971 -0.963990
v 2.640182 0.470364 0.190377
vn -0.931467 -0.055135 -0.359624
v 2.641718 0.175869 0.212563
vn -0.935292 -0.000000 -0.353877
v 2.947194 0.175869 -0.673711
vn -0.953096 0.000000 -0.302670
v 2.943493 0.550739 -0.690508
vn -0.952083 0.152731 -0.264974
v 2.899804 1.116107 -1.005589
vn -0.464933 -0.828203 -0.312918
v 2.860920 1.302375 -1.296478
vn -0.608657 -0.725542 -0.321132
v 2.447704 1.301998 -0.704850
vn -0.329641 -0.867573 -0.372362
v 2.367658 0.955120 0.153012
vn -0.172463 -0.932179 -0.318274
v 2.646438 1.033523 -0.416820
vn -0.505296 -0.795397 -0.334693
v 1.202829 0.953103 0.190378
vn -0.009752 -0.943357 -0.331635
v 0.014683 2.014712 -4.350207
vn 0.000000 -0.999990 -0.004390
v -2.544687 1.996923 -4.350207
vn 0.295463 -0.955346 -0.004028
v -2.539319 1.970191 -2.554575
vn 0.281134 -0.942673 -0.179809
v 0.014683 1.979075 -2.539006
vn -0.000000 -0.983131 -0.182904
v -3.046286 1.658940 -4.350207
vn 0.649608 -0.760263 -0.003020
v -3.035550 1.641112 -2.570145
vn 0.665538 -0.735591 -0.126358
v 2.568685 1.970191 -2.554575
vn -0.281134 -0.942673 -0.179809
v 3.064916 1.641112 -2.570145
vn -0.665537 -0.735591 -0.126358
v 3.075653 1.658940 -4.350207
vn -0.649608 -0.760263 -0.003020
v 2.574054 1.996923 -4.350207
vn -0.295463 -0.955346 -0.004028
v 0.014683 1.657483 -6.869945
vn 0.000000 -0.892870 0.450315
v -2.542398 1.651578 -6.858086
vn 0.315121 -0.822465 0.473550
v -2.541534 1.985004 -6.097640
vn 0.280829 -0.939649 0.195437
v 0.014683 1.996851 -6.103570
vn 0.000000 -0.977290 0.211909
v -2.920169 1.539378 -6.632764
vn 0.605794 -0.706274 0.366319
v -3.039980 1.652963 -6.091711
vn 0.648199 -0.746671 0.149401
v 2.570901 1.985004 -6.097640
vn -0.280829 -0.939649 0.195437
v 3.069347 1.652963 -6.091711
vn -0.648199 -0.746671 0.149402
v 2.949535 1.539378 -6.632764
vn -0.605794 -0.706274 0.366320
v 2.571764 1.651578 -6.858086
vn -0.315121 -0.822465 0.473550
v -2.864899 0.175890 -7.191994
vn 0.852402 -0.000000 0.522887
v -3.050750 0.175870 -6.869946
vn 0.891460 -0.000000 0.453099
v -3.046731 0.716660 -6.862569
vn 0.871808 -0.025530 0.489181
v -2.837060 0.718475 -7.187853
vn 0.817248 -0.070895 0.571909
v -2.979860 1.399825 -6.742766
vn 0.507965 -0.790123 0.343042
v -2.530018 1.457782 -7.178128
vn 0.179047 -0.921837 0.343742
v -2.769520 1.428269 -6.964460
vn 0.511738 -0.759103 0.402352
v 0.014683 1.484130 -7.191993
vn 0.000000 -0.964617 0.263655
v -1.271081 1.471496 -7.187853
vn 0.017142 -0.918526 0.394988
v 2.559384 1.457782 -7.178128
vn -0.179047 -0.921837 0.343742
v 1.300447 1.471496 -7.187853
vn -0.017142 -0.918526 0.394988
v 3.009226 1.399825 -6.742766
vn -0.507964 -0.790123 0.343042
v 2.798886 1.428269 -6.964460
vn -0.511738 -0.759103 0.402353
v 3.076097 0.716660 -6.862568
vn -0.871808 -0.025530 0.489182
v 3.080116 0.175870 -6.869945
vn -0.891460 0.000000 0.453100
v 2.894265 0.175890 -7.191993
vn -0.852403 -0.000000 0.522886
v 2.866426 0.718475 -7.187853
vn -0.817248 -0.070895 0.571909
v 3.437145 0.175869 -2.539006
vn -0.988329 -0.002684 -0.152314
v 3.425423 0.713766 -2.546115
vn -0.923882 0.367424 -0.106964
v 3.188131 0.633229 -1.618036
vn -0.954191 0.190466 -0.230743
v 3.462932 0.175870 -4.350207
vn -0.999995 0.003140 -0.000676
v 3.452775 0.720157 -4.349544
vn -0.988317 0.152339 -0.004747
v 3.442238 0.718002 -3.448499
vn -0.982542 0.185485 -0.014366
v 3.252361 1.455081 -3.456284
vn -0.760288 -0.649424 -0.014496
v 3.259310 1.461543 -4.349665
vn -0.606690 -0.794937 -0.001762
v 3.241002 1.444381 -2.565187
vn -0.625026 -0.757824 -0.187204
v 3.073506 1.281166 -1.781512
vn -0.599467 -0.745878 -0.290353
v 3.445284 0.719484 -5.225406
vn -0.999576 -0.026850 0.011285
v 3.443791 0.175870 -6.103570
vn -0.975451 -0.000000 0.220217
v 3.433011 0.718729 -6.088267
vn -0.975999 -0.032918 0.215275
v 3.257085 0.717661 -6.482310
vn -0.908439 -0.024681 0.417287
v 3.247233 1.456602 -6.081004
vn -0.581744 -0.801009 0.141276
v 3.130828 1.427812 -6.420050
vn -0.649171 -0.697759 0.302836
v 3.254853 1.459525 -5.222441
vn -0.632568 -0.774465 0.007838
v -3.227718 0.717661 -6.482310
vn 0.908440 -0.024681 0.417286
v -3.414424 0.175870 -6.103570
vn 0.975451 -0.000000 0.220217
v -3.403644 0.718729 -6.088267
vn 0.975999 -0.032918 0.215275
v -3.415917 0.719484 -5.225406
vn 0.999576 -0.026850 0.011285
v -3.433565 0.175870 -4.350207
vn 0.999995 -0.003140 -0.000676
v -3.423408 0.720157 -4.349544
vn 0.981519 0.191348 -0.002566
v -3.217866 1.456602 -6.081004
vn 0.581745 -0.801008 0.141276
v -3.229943 1.461543 -4.349665
vn 0.606690 -0.794937 -0.001762
v -3.225486 1.459525 -5.222441
vn 0.632570 -0.774464 0.007838
v -3.101462 1.427812 -6.420050
vn 0.649173 -0.697757 0.302836
v -3.407778 0.175869 -2.539007
vn 0.988329 0.002684 -0.152314
v -3.396056 0.713766 -2.546115
vn 0.947787 0.305270 -0.092254
v -3.412870 0.718002 -3.448499
vn 0.982544 0.185474 -0.014366
v -3.158764 0.633229 -1.618036
vn 0.954191 0.190465 -0.230744
v -3.211635 1.444381 -2.565187
vn 0.625027 -0.757823 -0.187204
v -3.044139 1.281166 -1.781512
vn 0.599467 -0.745879 -0.290353
v -3.222994 1.455081 -3.456284
vn 0.760288 -0.649424 -0.014496
v 0.014683 -1.305742 -6.869945
vn -0.000000 0.892851 0.450352
v -2.542398 -1.299837 -6.858086
vn 0.315119 0.822452 0.473575
v -2.530018 -1.106010 -7.178128
vn 0.179048 0.921810 0.343815
v 0.014683 -1.132350 -7.191993
vn 0.000000 0.964592 0.263747
v -1.271081 -1.119720 -7.187853
vn 0.017136 0.918472 0.395115
v -2.920169 -1.187638 -6.632764
vn 0.605794 0.706274 0.366320
v -2.979860 -1.048085 -6.742766
vn 0.507958 0.790118 0.343062
v -2.769520 -1.076513 -6.964460
vn 0.511714 0.759088 0.402410
v -3.046731 -0.364919 -6.862569
vn 0.871808 0.025530 0.489183
v -2.837060 -0.366699 -7.187853
vn 0.817242 0.070893 0.571918
v 3.076097 -0.364919 -6.862568
vn -0.871807 0.025530 0.489183
v 2.866426 -0.366699 -7.187853
vn -0.817242 0.070893 0.571918
v 3.009226 -1.048085 -6.742766
vn -0.507957 0.790119 0.343062
v 2.949535 -1.187638 -6.632764
vn -0.605794 0.706274 0.366320
v 2.571764 -1.299837 -6.858086
vn -0.315119 0.822452 0.473575
v 2.559384 -1.106010 -7.178128
vn -0.179048 0.921810 0.343815
v 2.798886 -1.076513 -6.964460
vn -0.511714 0.759088 0.402411
v 1.300447 -1.119720 -7.187853
vn -0.017136 0.918472 0.395115
v -2.610815 -0.118627 0.190377
vn 0.931467 0.055135 -0.359624
v -2.914126 -0.199001 -0.690508
vn 0.952082 -0.152740 -0.264974
v -2.870437 -0.764369 -1.005589
vn 0.464947 0.828196 -0.312916
v -2.831554 -0.950637 -1.296479
vn 0.608657 0.725541 -0.321132
v -2.418337 -0.950260 -0.704850
vn 0.329641 0.867574 -0.372362
v -2.338292 -0.603383 0.153011
vn 0.172457 0.932178 -0.318281
v -2.617071 -0.681786 -0.416820
vn 0.505292 0.795400 -0.334691
v 0.014683 -0.950240 -0.673712
vn -0.000000 0.934586 -0.355737
v 0.014683 -0.601358 0.212563
vn -0.000000 0.956407 -0.292036
v -1.173463 -0.601365 0.190377
vn 0.009752 0.943353 -0.331647
v 0.014683 -0.038303 1.145935
vn 0.000000 0.257327 -0.966324
v -1.145638 -0.038306 1.108958
vn 0.051152 0.260971 -0.963990
v 2.447704 -0.950260 -0.704850
vn -0.329640 0.867574 -0.372361
v 2.367658 -0.603383 0.153011
vn -0.172457 0.932178 -0.318281
v 1.202829 -0.601365 0.190377
vn -0.009752 0.943353 -0.331647
v 2.860920 -0.950637 -1.296478
vn -0.608656 0.725542 -0.321132
v 2.899804 -0.764369 -1.005589
vn -0.464947 0.828195 -0.312916
v 2.646438 -0.681786 -0.416820
vn -0.505292 0.795400 -0.334691
v 2.640182 -0.118627 0.190377
vn -0.931467 0.055135 -0.359624
v 2.943493 -0.199001 -0.690508
vn -0.952082 -0.152741 -0.264974
v 1.175005 -0.038306 1.108958
vn -0.051152 0.260971 -0.963990
v 3.064916 -1.289373 -2.570145
vn -0.665536 0.735592 -0.126357
v 3.241002 -1.092643 -2.565187
vn -0.625040 0.757812 -0.187208
v 3.073506 -0.929427 -1.781512
vn -0.599485 0.745864 -0.290353
v 3.252361 -1.103342 -3.456284
vn -0.760288 0.649424 -0.014496
v 3.075653 -1.307201 -4.350207
vn -0.649608 0.760263 -0.003020
v 3.259310 -1.109804 -4.349665
vn -0.606722 0.794912 -0.001761
v 3.425423 -0.362027 -2.546115
vn -0.947784 -0.305280 -0.092250
v 3.452775 -0.368417 -4.349544
vn -0.981520 -0.191345 -0.002566
v 3.442238 -0.366263 -3.448499
vn -0.982545 -0.185469 -0.014366
v 3.188131 -0.281490 -1.618036
vn -0.954189 -0.190479 -0.230742
v 3.069347 -1.301223 -6.091711
vn -0.648199 0.746671 0.149402
v 3.247233 -1.104862 -6.081004
vn -0.581765 0.800994 0.141272
v 3.254853 -1.107785 -5.222442
vn -0.632598 0.774441 0.007838
v 3.130828 -1.076072 -6.420050
vn -0.649171 0.697758 0.302837
v 3.257085 -0.365922 -6.482310
vn -0.908439 0.024681 0.417287
v 3.433011 -0.366989 -6.088267
vn -0.975999 0.032918 0.215274
v 3.445284 -0.367744 -5.225406
vn -0.999576 0.026850 0.011285
v -3.039980 -1.301223 -6.091711
vn 0.648199 0.746671 0.149402
v -3.217866 -1.104862 -6.081004
vn 0.581766 0.800994 0.141271
v -3.101462 -1.076072 -6.420050
vn 0.649173 0.697757 0.302837
v -3.046286 -1.307201 -4.350207
vn 0.649608 0.760263 -0.003020
v -3.229943 -1.109804 -4.349665
vn 0.606722 0.794912 -0.001761
v -3.225486 -1.107785 -5.222442
vn 0.632599 0.774440 0.007838
v -3.415917 -0.367744 -5.225406
vn 0.999576 0.026850 0.011285
v -3.423408 -0.368417 -4.349545
vn 0.988320 -0.152318 -0.004748
v -3.403644 -0.366989 -6.088267
vn 0.975999 0.032918 0.215274
v -3.227718 -0.365922 -6.482310
vn 0.908440 0.024681 0.417286
v -3.222994 -1.103342 -3.456284
vn 0.760289 0.649423 -0.014496
v -3.035550 -1.289373 -2.570145
vn 0.665537 0.735591 -0.126357
v -3.211635 -1.092643 -2.565187
vn 0.625040 0.757811 -0.187208
v -3.044139 -0.929427 -1.781512
vn 0.599484 0.745865 -0.290353
v -3.396056 -0.362027 -2.546115
vn 0.923890 -0.367406 -0.106957
v -3.158764 -0.281490 -1.618036
vn 0.954189 -0.190478 -0.230742
v -3.412870 -0.366263 -3.448500
vn 0.982547 -0.185458 -0.014366
v -2.539319 -1.618452 -2.554576
vn 0.281134 0.942673 -0.179808
v -2.544687 -1.645184 -4.350207
vn 0.295463 0.955346 -0.004027
v 0.014683 -1.662973 -4.350207
vn 0.000000 0.999990 -0.004390
v 0.014683 -1.627337 -2.539007
vn -0.000000 0.983131 -0.182904
v 2.568685 -1.618452 -2.554576
vn -0.281134 0.942673 -0.179808
v 2.574054 -1.645184 -4.350207
vn -0.295463 0.955346 -0.004028
v -2.541534 -1.633264 -6.097641
vn 0.280829 0.939648 0.195437
v 0.014683 -1.645111 -6.103570
vn 0.000000 0.977289 0.211909
v 2.570901 -1.633264 -6.097641
vn -0.280829 0.939648 0.195438
v -0.476713 -0.641592 7.579926
vn 0.755190 0.404445 -0.515861
v -0.466001 -0.901948 7.384454
vn 0.541631 0.765557 -0.347215
v -0.239629 -0.917140 7.402411
vn 0.068565 0.909320 -0.410411
v -0.474608 -0.908179 6.500719
vn 0.677015 0.735920 -0.008477
v -0.492368 -0.823721 3.456345
vn 0.526233 0.831473 0.178132
v -0.601743 -0.143130 1.920357
vn 0.467875 0.817417 0.336040
v -0.486145 -0.881373 4.516369
vn 0.583539 0.811543 0.029681
v -0.804206 2.114259 -3.239103
vn 0.830770 0.514110 0.213337
v -0.924738 2.034978 -2.595307
vn 0.819063 0.511194 0.260415
v -0.822334 1.304719 -1.129136
vn 0.480497 0.799581 0.360268
v -1.071563 1.689648 -1.095390
vn 0.988536 0.099042 0.113962
v -0.574683 2.153896 -4.246712
vn 0.835011 0.502330 0.224548
v -0.462864 2.160428 -4.656220
vn 0.782827 -0.232907 0.577006
v -0.239213 2.150592 -4.687966
vn 0.107825 0.217849 0.970008
v -0.473942 2.345690 -4.290709
vn 0.547453 -0.742851 0.385315
v -0.486734 0.256646 8.147449
vn 0.740384 0.024582 -0.671734
v -0.467692 0.173271 8.159911
vn 0.560244 0.268239 -0.783693
v -0.477677 -0.085723 7.979803
vn 0.715753 0.388354 -0.580413
v -1.308607 0.969476 1.942509
vn 0.994732 0.063746 0.080277
v -1.401651 0.614657 3.464721
vn 0.997486 0.056332 -0.042998
v -1.201323 0.577177 4.661226
vn 0.984795 0.030058 -0.171100
v -0.504930 2.833415 3.469246
vn 0.613418 -0.754948 -0.231887
v -0.511782 2.285078 4.645991
vn 0.586344 -0.733057 -0.344715
v -0.505226 3.005475 2.423450
vn 0.623122 -0.772726 -0.120886
v -0.490607 3.308693 -1.310950
vn 0.549267 -0.822827 0.145811
v -0.495123 3.413279 -0.650508
vn 0.595653 -0.802625 0.031478
v -0.499639 3.294451 0.351932
vn 0.634150 -0.767656 -0.092507
v -0.476667 2.746646 -3.471652
vn 0.588668 -0.732159 0.342658
v -0.469800 2.936160 -3.071904
vn 0.391924 -0.869435 0.300796
v -0.479285 3.061400 -2.525494
vn 0.571766 -0.798451 0.188571
v 0.241628 -0.917140 7.402411
vn -0.068565 0.909320 -0.410411
v 0.468000 -0.901948 7.384454
vn -0.541631 0.765557 -0.347216
v 0.478712 -0.641592 7.579926
vn -0.755190 0.404445 -0.515860
v 0.476608 -0.908179 6.500719
vn -0.677016 0.735919 -0.008477
v 0.603743 -0.143130 1.920357
vn -0.467875 0.817417 0.336040
v 0.494368 -0.823721 3.456345
vn -0.526233 0.831473 0.178132
v 0.488144 -0.881373 4.516369
vn -0.583538 0.811543 0.029681
v 0.926738 2.034978 -2.595307
vn -0.819063 0.511194 0.260415
v 0.824334 1.304719 -1.129136
vn -0.480497 0.799580 0.360268
v 0.806205 2.114259 -3.239104
vn -0.830770 0.514110 0.213337
v 1.073563 1.689648 -1.095390
vn -0.988536 0.099042 0.113962
v 0.475941 2.345690 -4.290709
vn -0.547453 -0.742851 0.385315
v 0.464864 2.160428 -4.656219
vn -0.782826 -0.232910 0.577006
v 0.241212 2.150592 -4.687966
vn -0.107826 0.217849 0.970008
v 0.576683 2.153896 -4.246712
vn -0.835011 0.502328 0.224549
v 0.531481 0.593424 7.984643
vn -0.712195 -0.501513 -0.491186
v 0.526950 1.148482 6.925044
vn -0.593896 -0.715288 -0.368308
v 0.520366 0.458429 8.073427
vn -0.770440 -0.246539 -0.587912
v 0.763583 0.576307 6.936897
vn -0.973601 -0.097100 -0.206576
v 1.403651 0.614657 3.464721
vn -0.997486 0.056332 -0.042998
v 1.310607 0.969476 1.942509
vn -0.994732 0.063746 0.080277
v 1.203323 0.577177 4.661226
vn -0.984795 0.030058 -0.171100
v 0.506930 2.833415 3.469246
vn -0.613418 -0.754948 -0.231887
v 0.507225 3.005475 2.423450
vn -0.623122 -0.772726 -0.120886
v 0.513782 2.285078 4.645991
vn -0.586344 -0.733057 -0.344716
v 0.497122 3.413279 -0.650508
vn -0.595652 -0.802626 0.031478
v 0.492606 3.308693 -1.310950
vn -0.549268 -0.822827 0.145810
v 0.501639 3.294451 0.351932
vn -0.634150 -0.767657 -0.092507
v 0.481285 3.061400 -2.525494
vn -0.571766 -0.798451 0.188571
v 0.471800 2.936160 -3.071904
vn -0.391924 -0.869435 0.300796
v 0.478667 2.746646 -3.471652
vn -0.588668 -0.732159 0.342658
v -0.529481 0.593424 7.984643
vn 0.712194 -0.501514 -0.491187
v -0.518366 0.458429 8.073427
vn 0.770440 -0.246542 -0.587911
v -0.524950 1.148482 6.925044
vn 0.593895 -0.715288 -0.368309
v -0.761583 0.576307 6.936897
vn 0.973601 -0.097099 -0.206576
v 0.469692 0.173271 8.159911
vn -0.560244 0.268240 -0.783693
v 0.488734 0.256646 8.147449
vn -0.740385 0.024578 -0.671733
v 0.479676 -0.085723 7.979803
vn -0.715752 0.388356 -0.580413
v 23.769239 0.080938 -1.454340
vn -0.436704 0.754490 -0.489933
v 23.619879 0.015500 -1.468644
vn -0.275084 0.902329 -0.331860
v 23.902874 0.011454 -2.611886
vn -0.257663 0.963896 -0.067192
v 19.320889 0.080375 0.279135
vn -0.234765 0.755287 -0.611905
v 19.291939 0.013156 0.153062
vn -0.162052 0.885714 -0.435029
v 23.619879 0.015500 -1.468644
vn -0.002154 0.999989 -0.004072
v 23.619879 0.015500 -1.468644
vn -0.002167 0.999988 -0.004338
v 19.291939 0.013156 0.153062
vn -0.002167 0.999988 -0.004338
v 23.701653 0.015501 -5.915339
vn -0.129803 0.921920 0.364986
v 23.855583 0.080939 -5.998829
vn -0.235145 0.824964 0.513947
v 19.561356 0.011454 -5.640165
vn -0.000783 0.999996 0.002922
v 23.701653 0.015501 -5.915339
vn -0.000783 0.999996 0.002922
v 23.701653 0.015501 -5.915339
vn -0.000330 0.999992 0.004030
v 23.942335 0.011454 -4.891559
vn -0.000330 0.999992 0.004030
v -23.621187 0.015500 -1.469698
vn 0.275705 0.902035 -0.332143
v -23.770020 0.080938 -1.455314
vn 0.437514 0.753854 -0.490189
v -19.308245 0.013156 0.146350
vn 0.002021 0.999989 -0.004331
v -23.621187 0.015500 -1.469698
vn 0.002170 0.999988 -0.004341
v -23.621187 0.015500 -1.469698
vn 0.002157 0.999989 -0.004073
v -23.903252 0.011454 -2.612553
vn 0.002157 0.999989 -0.004073
v -19.337078 0.080375 0.272305
vn 0.234948 0.754857 -0.612364
v -19.308245 0.013156 0.146350
vn 0.163509 0.885415 -0.435093
v -23.702909 0.015501 -5.915810
vn 0.130347 0.921706 0.365333
v -23.856306 0.080939 -5.999134
vn 0.235974 0.824491 0.514326
v -23.942692 0.011454 -4.891992
vn 0.000333 0.999992 0.004031
v -23.702909 0.015501 -5.915810
vn 0.000333 0.999992 0.004031
v -23.702909 0.015501 -5.915810
vn 0.000787 0.999995 0.002924
v -19.577229 0.011454 -5.641834
vn 0.000787 0.999995 0.002924
v 19.320889 0.221625 0.279135
vn -0.234765 -0.755287 -0.611904
v 23.769239 0.221063 -1.454340
vn -0.436705 -0.754490 -0.489932
v 23.619879 0.286500 -1.468644
vn -0.275083 -0.902330 -0.331859
v 19.291939 0.288844 0.153062
vn -0.162052 -0.885714 -0.435029
v 23.902874 0.290547 -2.611886
vn -0.257666 -0.963895 -0.067194
v 19.291939 0.288844 0.153062
vn -0.002167 -0.999988 -0.004338
v 23.619879 0.286500 -1.468644
vn -0.002167 -0.999988 -0.004338
v 23.619879 0.286500 -1.468644
vn -0.002154 -0.999989 -0.004073
v 23.855583 0.221064 -5.998829
vn -0.235146 -0.824964 0.513946
v 23.701653 0.286501 -5.915339
vn -0.129802 -0.921920 0.364985
v 23.942335 0.290548 -4.891559
vn -0.231529 -0.971081 0.058269
v 19.561356 0.290548 -5.640165
vn 0.035634 -0.835430 0.548441
v 23.701653 0.286501 -5.915339
vn -0.000330 -0.999992 0.004030
v 23.701653 0.286501 -5.915339
vn -0.000783 -0.999996 0.002922
v -23.770020 0.221063 -1.455314
vn 0.437514 -0.753854 -0.490189
v -23.621187 0.286500 -1.469698
vn 0.275704 -0.902036 -0.332141
v -23.903252 0.290547 -2.612553
vn 0.258461 -0.963681 -0.067203
v -19.337078 0.221625 0.272305
vn 0.234948 -0.754858 -0.612363
v -19.308245 0.288844 0.146350
vn 0.162197 -0.885489 -0.435433
v -23.621187 0.286500 -1.469698
vn 0.002157 -0.999989 -0.004073
v -23.621187 0.286500 -1.469698
vn 0.002170 -0.999988 -0.004341
v -19.308245 0.288844 0.146350
vn 0.002170 -0.999988 -0.004341
v -23.856306 0.221064 -5.999134
vn 0.235974 -0.824491 0.514326
v -23.702909 0.286501 -5.915810
vn 0.130346 -0.921707 0.365331
v -19.577229 0.290548 -5.641834
vn -0.035634 -0.835104 0.548937
v -23.942692 0.290548 -4.891992
vn 0.232342 -0.970888 0.058253
v -23.702909 0.286501 -5.915810
vn 0.000787 -0.999995 0.002924
v -23.702909 0.286501 -5.915810
vn 0.000333 -0.999992 0.004031
v 9.693872 0.008312 3.768445
vn -0.002180 0.999994 -0.002736
v 4.716007 0.000999 5.809423
vn -0.001499 0.999998 -0.001402
v 4.716007 0.000999 5.809423
vn -0.354703 0.000000 -0.934979
v 4.716007 0.000999 5.809423
vn -0.169358 0.896295 -0.409846
v 9.693872 0.008312 3.768445
vn -0.169358 0.896295 -0.409846
v 5.660847 0.001001 -4.765535
vn 0.054153 0.461984 0.885234
v 5.660847 0.076001 -4.765535
vn 0.071515 0.181253 0.980833
v 5.660847 0.001001 -4.765535
vn -0.000396 1.000000 -0.000035
v 5.660847 0.001001 -4.765535
vn -0.001092 0.999998 0.001593
v 10.392610 0.006532 -4.993120
vn -0.001092 0.999998 0.001593
v 9.693872 0.293687 3.768445
vn -0.163749 -0.897320 -0.409881
v 4.716007 0.300999 5.809423
vn -0.308456 -0.527546 -0.791549
v 4.716007 0.300999 5.809423
vn -0.000392 -1.000000 -0.000035
v 4.716007 0.300999 5.809423
vn -0.002605 -0.999993 -0.002770
v 9.693872 0.293687 3.768445
vn -0.002605 -0.999993 -0.002770
v 5.660847 0.301001 -4.765535
vn -0.000744 -1.000000 0.000778
v 5.660847 0.301001 -4.765535
vn 0.069471 0.000000 0.997584
v 5.660847 0.301001 -4.765535
vn 0.026581 -0.819427 0.572567
v 10.392610 0.295470 -4.993120
vn 0.026581 -0.819427 0.572567
v -5.725801 0.001001 -4.770870
vn 0.000747 1.000000 0.000780
v -5.725801 0.001001 -4.770870
vn -0.069449 0.000000 0.997586
v -5.725801 0.001001 -4.770870
vn -0.026570 0.819009 0.573166
v -10.440845 0.006532 -4.997346
vn -0.026570 0.819009 0.573166
v -9.743430 0.008312 3.749096
vn 0.163969 0.897039 -0.410409
v -4.782789 0.000999 5.783198
vn 0.308524 0.527273 -0.791705
v -4.782789 0.000999 5.783198
vn 0.000394 1.000000 -0.000035
v -4.782789 0.000999 5.783198
vn 0.002612 0.999993 -0.002775
v -9.743430 0.008312 3.749096
vn 0.002612 0.999993 -0.002775
v -9.743430 0.293687 3.749096
vn 0.002185 -0.999994 -0.002741
v -4.782789 0.300999 5.783198
vn 0.001503 -0.999998 -0.001405
v -4.782789 0.300999 5.783198
vn 0.354687 0.000000 -0.934985
v -4.782789 0.300999 5.783198
vn 0.169597 -0.896004 -0.410382
v -9.743430 0.293687 3.749096
vn 0.169597 -0.896004 -0.410382
v -5.725801 0.301001 -4.770870
vn -0.054124 -0.461660 0.885404
v -5.725801 0.226001 -4.770870
vn -0.071502 -0.181064 0.980869
v -5.725801 0.301001 -4.770870
vn 0.000398 -1.000000 -0.000036
v -5.725801 0.301001 -4.770870
vn 0.001096 -0.999998 0.001595
v -10.440845 0.295470 -4.997346
vn 0.001096 -0.999998 0.001595
v -4.969674 0.316328 5.662820
vn 0.556007 -0.773116 -0.305200
v -5.002761 0.242393 5.757167
vn 0.691011 -0.590509 -0.416896
v -5.224343 0.411265 3.119675
vn 0.022560 -0.998986 -0.038962
v -4.969674 0.316328 5.662820
vn 0.022695 -0.998959 -0.039564
v -4.969674 0.316328 5.662820
vn 0.022158 -0.998963 -0.039779
v -3.827241 0.319285 6.224920
vn 0.022158 -0.998963 -0.039779
v -5.324825 0.297063 3.129519
vn 0.878425 -0.465537 -0.107911
v -5.224343 0.411265 3.119675
vn 0.742817 -0.662119 -0.099102
v 5.326824 0.297063 3.129519
vn -0.878425 -0.465538 -0.107910
v 5.226342 0.411265 3.119675
vn -0.743058 -0.662153 -0.097048
v 4.971672 0.316328 5.662820
vn -0.556007 -0.773116 -0.305200
v 5.004759 0.242393 5.757167
vn -0.691011 -0.590509 -0.416896
v 3.829239 0.319285 6.224920
vn -0.022158 -0.998963 -0.039779
v 4.971672 0.316328 5.662820
vn -0.022158 -0.998963 -0.039779
v 4.971672 0.316328 5.662820
vn -0.022695 -0.998959 -0.039564
v 5.226342 0.411265 3.119675
vn -0.022695 -0.998959 -0.039564
v -5.995536 0.683952 -5.093887
vn 0.932588 -0.358321 -0.043431
v -6.046189 0.534254 -6.201359
vn 0.950284 -0.311222 0.010049
v -5.745397 0.602404 -2.391863
vn 0.892427 -0.440637 -0.097023
v -5.995536 0.683952 -5.093887
vn 0.047550 -0.998064 -0.040094
v -5.995536 0.683952 -5.093887
vn 0.029276 -0.999031 -0.032861
v -5.745397 0.602404 -2.391863
vn 0.029276 -0.999031 -0.032861
v -6.046189 0.534254 -6.201359
vn 0.026750 -0.990795 0.132703
v -5.995536 0.683952 -5.093887
vn 0.026750 -0.990795 0.132703
v -5.995536 0.683952 -5.093887
vn 0.049428 -0.988659 0.141811
v 6.047017 0.534254 -6.201371
vn -0.949169 -0.314574 0.011037
v 5.996800 0.683952 -5.093895
vn -0.931917 -0.360103 -0.043075
v 5.996800 0.683952 -5.093895
vn -0.049399 -0.988624 0.142065
v 5.996800 0.683952 -5.093895
vn -0.026460 -0.990799 0.132727
v 6.047017 0.534254 -6.201371
vn -0.026460 -0.990799 0.132727
v 5.747096 0.602404 -2.391866
vn -0.029363 -0.998978 -0.034361
v 5.996800 0.683952 -5.093895
vn -0.029270 -0.999031 -0.032856
v 5.996800 0.683952 -5.093895
vn -0.047519 -0.998066 -0.040078
v 5.747096 0.602404 -2.391866
vn -0.892244 -0.441280 -0.095773
v 3.720175 0.459116 -5.281532
vn 0.610520 -0.374375 0.697931
v 3.753126 0.697464 -5.138552
vn 0.582853 -0.443354 0.680970
v 3.955018 0.536225 -6.150045
vn 0.943786 -0.277051 0.180309
v 1.892927 0.705280 -5.110240
vn 0.006422 -0.388536 0.921411
v 3.753126 0.697464 -5.138552
vn -0.005617 -0.999984 -0.000127
v 3.753126 0.697464 -5.138552
vn -0.004144 -0.999984 0.003784
v 1.892927 0.705280 -5.110240
vn -0.004144 -0.999984 0.003784
v 3.753126 0.697464 -5.138552
vn 0.025372 -0.999630 -0.009803
v 3.753126 0.697464 -5.138552
vn -0.027324 -0.999470 -0.017674
v 3.955018 0.536225 -6.150045
vn 0.030160 -0.986129 0.163216
v 3.753126 0.697464 -5.138552
vn 0.030160 -0.986129 0.163216
v 3.753126 0.697464 -5.138552
vn 0.016657 -0.987959 0.153819
v -1.891641 0.705280 -5.110232
vn 0.003039 -0.999986 0.004364
v -3.753326 0.697465 -5.138528
vn -0.005932 -0.998771 0.049198
v -3.721190 0.459118 -5.281498
vn -0.601037 -0.375233 0.705659
v -3.753326 0.697465 -5.138528
vn -0.030836 -0.517205 0.855306
v -3.753326 0.697465 -5.138528
vn -0.012376 -0.388218 0.921485
v -1.891641 0.705280 -5.110232
vn -0.012376 -0.388218 0.921485
v -3.976921 0.536238 -6.149776
vn -0.940013 -0.276100 0.200359
v -3.753326 0.697465 -5.138528
vn -0.926260 -0.282212 0.249798
v -3.753326 0.697465 -5.138528
vn -0.929435 -0.273732 0.247429
v -3.976921 0.536238 -6.149776
vn -0.030486 -0.985999 0.163942
v -6.109636 0.003259 -11.122288
vn 0.801067 -0.597355 0.038198
v -6.068178 0.034910 -11.117264
vn 0.605640 -0.795605 0.014588
v -6.051662 0.032620 -11.729033
vn 0.461409 -0.776553 0.429031
v -6.068116 0.001395 -11.750898
vn 0.631921 -0.517070 0.577333
v -5.592489 0.033123 -11.756162
vn 0.000434 -0.999976 0.006938
v -6.051662 0.032620 -11.729033
vn 0.001506 -0.999975 0.006945
v -6.051662 0.032620 -11.729033
vn 0.005545 -0.999977 0.003893
v -6.068178 0.034910 -11.117264
vn 0.005545 -0.999977 0.003893
v -5.596445 -0.009919 -11.811513
vn 0.060877 -0.591669 0.803879
v -5.592489 0.033123 -11.756162
vn 0.037011 -0.790154 0.611790
v 6.109509 0.003258 -11.122309
vn -0.789246 -0.612796 0.039638
v 6.065935 0.001395 -11.750940
vn -0.624340 -0.525011 0.578414
v 6.048714 0.032619 -11.729084
vn -0.450473 -0.783163 0.428638
v 6.066066 0.034909 -11.117307
vn -0.587667 -0.808966 0.014883
v 5.570965 -0.009921 -11.811794
vn -0.058422 -0.591696 0.804041
v 5.566876 0.033120 -11.756446
vn -0.027478 -0.790090 0.612374
v 6.066066 0.034909 -11.117307
vn -0.005282 -0.999979 0.003893
v 6.048714 0.032619 -11.729084
vn -0.005282 -0.999979 0.003893
v 6.048714 0.032619 -11.729084
vn -0.001434 -0.999975 0.006942
v 5.566876 0.033120 -11.756446
vn -0.001434 -0.999975 0.006942
v 1.875397 -0.047179 -11.853088
vn 0.000242 -0.520131 0.854087
v 1.875500 0.029717 -11.785942
vn 0.000214 -0.657740 0.753245
v 3.736761 0.030624 -11.785695
vn 0.000218 -0.673629 0.739069
v 3.736662 -0.045674 -11.852765
vn 0.001047 -0.522518 0.852628
v 3.736761 0.030624 -11.785695
vn 0.000163 -0.999937 0.011236
v 3.736761 0.030624 -11.785695
vn 0.000486 -0.999926 0.012175
v 1.875500 0.029717 -11.785942
vn 0.000486 -0.999926 0.012175
v 4.426430 0.031534 -11.780090
vn 0.001491 -0.999946 0.010330
v 3.736761 0.030624 -11.785695
vn 0.001235 -0.999946 0.010330
v 3.736761 0.030624 -11.785695
vn 0.000402 -0.999937 0.011224
v 4.426334 -0.034001 -11.847084
vn 0.001525 -0.579592 0.814906
v 4.426430 0.031534 -11.780090
vn -0.004740 -0.714835 0.699277
v -1.975952 0.029721 -11.785448
vn -0.000389 -0.999926 0.012184
v -3.834779 0.030633 -11.784744
vn -0.000586 -0.999937 0.011255
v -1.976023 -0.047175 -11.852595
vn -0.000029 -0.520132 0.854086
v -3.834830 -0.045667 -11.851816
vn -0.001097 -0.522508 0.852633
v -3.834779 0.030633 -11.784744
vn -0.000221 -0.660228 0.751065
v -3.834779 0.030633 -11.784744
vn -0.000038 -0.657746 0.753240
v -1.975952 0.029721 -11.785448
vn -0.000038 -0.657746 0.753240
v -4.500982 -0.033995 -11.846326
vn -0.001854 -0.579584 0.814911
v -4.500951 0.031541 -11.779330
vn 0.005408 -0.714842 0.699265
v -3.834779 0.030633 -11.784744
vn 0.004709 -0.714844 0.699268
v -3.834779 0.030633 -11.784744
vn -0.005378 -0.660216 0.751056
v -4.500951 0.031541 -11.779330
vn -0.001279 -0.999946 0.010345
v -1.966886 -0.042787 -9.048358
vn -0.032328 -0.535433 -0.843959
v -1.986238 0.035094 -9.117865
vn -0.028151 -0.669477 -0.742300
v -3.874533 0.047822 -9.030707
vn -0.483838 -0.747735 -0.454746
v -3.794563 -0.031472 -8.957374
vn -0.502104 -0.678867 -0.535753
v -3.874533 0.047822 -9.030707
vn -0.001562 -0.999980 0.006090
v -3.874533 0.047822 -9.030707
vn -0.007106 -0.999943 -0.007933
v -1.986238 0.035094 -9.117865
vn -0.007106 -0.999943 -0.007933
v -3.874533 0.047822 -9.030707
vn -0.013294 -0.999828 0.012942
v -3.874533 0.047822 -9.030707
vn -0.005494 -0.999966 0.006122
v -4.024870 0.206102 -8.090157
vn -0.028807 -0.985857 0.165097
v -3.874533 0.047822 -9.030707
vn -0.028756 -0.986468 0.161411
v -3.874533 0.047822 -9.030707
vn -0.013495 -0.984980 0.172142
v -4.024870 0.206102 -8.090157
vn -0.886561 -0.458077 -0.064620
v -6.127268 0.009159 -9.750117
vn 0.706813 -0.707361 0.007520
v -6.127298 0.019116 -9.028316
vn 0.730214 -0.681704 0.045459
v -6.076987 0.055042 -9.027494
vn 0.653163 -0.755303 0.053805
v -6.077145 0.042362 -9.749899
vn 0.552190 -0.833648 0.010832
v -6.077181 0.211262 -8.128797
vn 0.855867 -0.509471 0.089056
v -6.076987 0.055042 -9.027494
vn 0.008803 -0.984405 0.175697
v -6.076987 0.055042 -9.027494
vn 0.017471 -0.985075 0.171239
v -6.077181 0.211262 -8.128797
vn 0.017471 -0.985075 0.171239
v -6.077145 0.042362 -9.749899
vn 0.010054 -0.999796 0.017547
v -6.076987 0.055042 -9.027494
vn 0.010054 -0.999796 0.017547
v -6.076987 0.055042 -9.027494
vn 0.007507 -0.999846 0.015869
v 6.128179 0.009159 -9.750130
vn -0.693197 -0.720706 0.007813
v 6.075863 0.042361 -9.749934
vn -0.535776 -0.844285 0.011275
v 6.076177 0.055041 -9.027524
vn -0.640210 -0.766231 0.054971
v 6.128371 0.019116 -9.028327
vn -0.718943 -0.693519 0.046385
v 6.076177 0.055041 -9.027524
vn -0.007167 -0.999848 0.015875
v 6.076177 0.055041 -9.027524
vn -0.009600 -0.999800 0.017553
v 6.075863 0.042361 -9.749934
vn -0.009600 -0.999800 0.017553
v 6.076842 0.211261 -8.128821
vn -0.016901 -0.984734 0.173246
v 6.076177 0.055041 -9.027524
vn -0.016947 -0.985082 0.171248
v 6.076177 0.055041 -9.027524
vn -0.008485 -0.984400 0.175742
v 6.076842 0.211261 -8.128821
vn -0.848699 -0.520956 0.091185
v 1.893475 0.035070 -9.118364
vn 0.005050 -0.999956 -0.007940
v 3.785167 0.047776 -9.031669
vn 0.011311 -0.998224 0.058491
v 1.874048 -0.042810 -9.048858
vn 0.032066 -0.535462 -0.843951
v 3.704261 -0.031516 -8.958336
vn 0.493435 -0.680178 -0.542107
v 3.785167 0.047776 -9.031669
vn 0.039590 -0.699922 -0.713121
v 3.785167 0.047776 -9.031669
vn 0.038453 -0.670690 -0.740740
v 1.893475 0.035070 -9.118364
vn 0.038453 -0.670690 -0.740740
v 3.957798 0.206066 -8.090910
vn 0.885006 -0.463754 -0.041176
v 3.785167 0.047776 -9.031669
vn 0.879944 -0.467814 -0.082758
v 3.785167 0.047776 -9.031669
vn 0.676627 -0.734762 -0.047968
v 3.957798 0.206066 -8.090910
vn 0.027836 -0.986579 0.160892
v 4.141822 -0.040593 1.744249
vn 0.475203 -0.800424 -0.365381
v 4.196547 -0.040593 1.744249
vn 0.268879 -0.832826 -0.483844
v 4.141822 -0.040593 1.744249
vn 0.999987 -0.005052 -0.000000
v 4.141822 -0.040593 1.744249
vn 0.999861 -0.016672 -0.000631
v 4.145858 0.230265 0.982906
vn 0.999861 -0.016672 -0.000631
v 4.147107 1.481497 -12.379617
vn 0.999996 -0.002386 0.001498
v 4.141821 -0.040590 -12.270494
vn 0.999997 -0.002238 0.000313
v 4.141821 -0.040590 -12.270494
vn 0.000000 0.133281 0.991078
v 4.141821 -0.040590 -12.270494
vn 0.895047 0.028798 0.445041
v 4.147107 1.481497 -12.379617
vn 0.895047 0.028798 0.445041
v 4.200149 6.250036 -13.106653
vn 0.845303 -0.206230 0.492881
v 4.152402 6.132857 -13.041510
vn 0.932662 -0.125183 0.338334
v 4.149449 6.204418 -12.450664
vn 0.959770 -0.278137 0.038484
v 4.199739 4.759648 -12.927555
vn 0.751371 0.085469 0.654322
v 4.150692 4.659256 -12.823767
vn 0.872751 0.072671 0.482727
v 4.152402 6.132857 -13.041510
vn 0.999988 -0.000065 0.005006
v 4.152402 6.132857 -13.041510
vn 0.999991 -0.000548 0.004143
v 4.150692 4.659256 -12.823767
vn 0.999991 -0.000548 0.004143
v 4.150692 4.919393 -9.882272
vn 0.999987 -0.003134 -0.004100
v 4.152402 6.163103 -10.528234
vn 0.999985 -0.003389 -0.004383
v 4.149449 6.216606 -11.157489
vn 0.999982 -0.003440 -0.004985
v 4.199739 5.035020 -9.853166
vn 0.717112 -0.331623 -0.613006
v 4.200149 6.284683 -10.543399
vn 0.774702 -0.472120 -0.420642
v 4.152402 6.163103 -10.528234
vn 0.690173 -0.350047 -0.633347
v 4.152402 6.163103 -10.528234
vn 0.850476 -0.243372 -0.466327
v 4.150692 4.919393 -9.882272
vn 0.850476 -0.243372 -0.466327
v 4.152402 6.163103 -10.528234
vn 0.953229 -0.300753 -0.030045
v 4.152402 6.163103 -10.528234
vn 0.927093 -0.370869 -0.054354
v 4.144506 0.876445 -8.710931
vn 0.999940 -0.010594 -0.002671
v 4.150598 1.057935 -6.026650
vn 0.999620 -0.027575 -0.000404
v 4.152339 1.151824 -7.706568
vn 0.999882 -0.014897 -0.003714
v 4.150598 2.305566 -8.458741
vn 0.999973 -0.003076 -0.006722
v 4.199738 1.089078 -5.785410
vn 0.551467 -0.833299 -0.038691
v 4.200149 1.210178 -7.601030
vn 0.807188 -0.533063 -0.253558
v 4.152339 1.151824 -7.706568
vn 0.806498 -0.589938 -0.039166
v 4.152339 1.151824 -7.706568
vn 0.669856 -0.741372 -0.040740
v 4.150598 1.057935 -6.026650
vn 0.669856 -0.741372 -0.040740
v 4.199738 2.435070 -8.409243
vn 0.835336 -0.288800 -0.467770
v 4.150598 2.305566 -8.458741
vn 0.915679 -0.218526 -0.337312
v 4.152339 1.151824 -7.706568
vn 0.915679 -0.218526 -0.337312
v 4.152339 1.151824 -7.706568
vn 0.929231 -0.203281 -0.308556
v 4.152402 0.990475 -0.384817
vn 0.999911 -0.013344 -0.000946
v 4.150692 0.998940 -2.209390
vn 0.999903 -0.013917 -0.000755
v 4.200149 0.998940 -0.170736
vn 0.563265 -0.814255 -0.140430
v 4.152402 0.990475 -0.384817
vn 0.909814 -0.369843 -0.188295
v 4.152402 0.990475 -0.384817
vn 0.944983 -0.284389 -0.161649
v 4.149449 0.754038 0.013883
vn 0.944983 -0.284389 -0.161649
v 4.199739 1.020270 -2.004531
vn 0.281075 -0.959651 -0.008195
v 4.150692 0.998940 -2.209390
vn 0.414934 -0.909840 -0.004610
v 4.152402 0.990475 -0.384817
vn 0.414934 -0.909840 -0.004610
v 4.152402 0.990475 -0.384817
vn 0.223828 -0.974562 -0.011386
v 4.360721 -0.040594 1.744249
vn -0.999941 -0.010860 -0.000315
v 4.360720 -0.040593 -1.759437
vn -0.999987 -0.005050 0.000000
v 4.360721 -0.040594 1.744249
vn -0.000016 -0.887044 -0.461685
v 4.360721 -0.040594 1.744249
vn -0.835125 -0.519624 -0.180437
v 4.356685 0.230265 0.982906
vn -0.835125 -0.519624 -0.180437
v 4.355435 1.481496 -12.379617
vn -0.889819 0.042237 0.454355
v 4.360720 -0.040591 -12.270494
vn -0.526511 0.095344 0.844805
v 4.360720 -0.040591 -12.270494
vn -1.000000 -0.001045 0.000000
v 4.360720 -0.040591 -12.270494
vn -0.999994 -0.003427 0.000627
v 4.355435 1.481496 -12.379617
vn -0.999994 -0.003427 0.000627
v 4.350141 6.132857 -13.041510
vn -0.932661 -0.125184 0.338337
v 4.302393 6.250036 -13.106653
vn -0.845300 -0.206232 0.492885
v 4.351851 4.659256 -12.823767
vn -0.999991 -0.000224 0.004353
v 4.350141 6.132857 -13.041510
vn -0.999991 -0.000548 0.004142
v 4.350141 6.132857 -13.041510
vn -0.999988 -0.000064 0.005006
v 4.353094 6.204418 -12.450664
vn -0.999988 -0.000064 0.005006
v 4.302804 4.759648 -12.927555
vn -0.751367 0.085470 0.654326
v 4.351851 4.659256 -12.823767
vn -0.874041 0.070027 0.480779
v 4.302393 6.284683 -10.543399
vn -0.774698 -0.472124 -0.420645
v 4.350141 6.163103 -10.528234
vn -0.892093 -0.329890 -0.308776
v 4.353094 6.216606 -11.157489
vn -0.953229 -0.300753 -0.030045
v 4.302804 5.035020 -9.853166
vn -0.717108 -0.331625 -0.613009
v 4.351851 4.919393 -9.882272
vn -0.849936 -0.242823 -0.467596
v 4.350141 6.163103 -10.528234
vn -0.999982 -0.003440 -0.004985
v 4.350141 6.163103 -10.528234
vn -0.999987 -0.003337 -0.003779
v 4.351851 4.919393 -9.882272
vn -0.999987 -0.003337 -0.003779
v 4.302804 2.435070 -8.409242
vn -0.835334 -0.288801 -0.467773
v 4.302393 1.210178 -7.601030
vn -0.807187 -0.533064 -0.253559
v 4.350203 1.151824 -7.706568
vn -0.868295 -0.458326 -0.189742
v 4.351944 2.305566 -8.458741
vn -0.912558 -0.212784 -0.349229
v 4.302804 1.089078 -5.785410
vn -0.551466 -0.833300 -0.038691
v 4.351944 1.057935 -6.026650
vn -0.639027 -0.768562 -0.030950
v 4.358036 0.876445 -8.710931
vn -0.999940 -0.010593 -0.002671
v 4.351944 2.305566 -8.458741
vn -0.999971 -0.003033 -0.006967
v 4.350203 1.151824 -7.706568
vn -0.999971 -0.003033 -0.006967
v 4.350203 1.151824 -7.706568
vn -0.999642 -0.026758 -0.000460
v 4.351944 1.057935 -6.026650
vn -0.999642 -0.026758 -0.000460
v 4.302804 1.020270 -2.004531
vn -0.281072 -0.959652 -0.008195
v 4.302393 0.998940 -0.170736
vn -0.563260 -0.814259 -0.140431
v 4.350141 0.990475 -0.384817
vn -0.697066 -0.709672 -0.102298
v 4.351851 0.998940 -2.209390
vn -0.414373 -0.910096 -0.004449
v 4.353094 0.754038 0.013883
vn -0.944983 -0.284389 -0.161649
v 4.351851 0.998940 -2.209390
vn -0.999919 -0.012686 -0.000996
v 4.350141 0.990475 -0.384817
vn -0.999919 -0.012686 -0.000996
v 4.350141 0.990475 -0.384817
vn -0.999902 -0.013998 -0.000895
v -4.140000 -0.040593 1.744249
vn -0.999941 -0.010861 -0.000315
v -4.140000 -0.040593 -1.759437
vn -0.999987 -0.005051 -0.000000
v -4.140000 -0.040593 1.744249
vn 0.000000 -0.887044 -0.461685
v -4.140000 -0.040593 1.744249
vn -0.835123 -0.519627 -0.180437
v -4.144036 0.230265 0.982906
vn -0.835123 -0.519627 -0.180437
v -4.145286 1.481496 -12.379617
vn -0.889819 0.042237 0.454355
v -4.140001 -0.040591 -12.270494
vn -0.526511 0.095344 0.844805
v -4.140001 -0.040591 -12.270494
vn -1.000000 -0.001045 0.000000
v -4.140001 -0.040591 -12.270494
vn -0.999994 -0.003427 0.000627
v -4.145286 1.481496 -12.379617
vn -0.999994 -0.003427 0.000627
v -4.148870 4.659256 -12.823767
vn -0.999991 -0.000224 0.004353
v -4.150580 6.132857 -13.041511
vn -0.999990 -0.000306 0.004574
v -4.147627 6.204418 -12.450664
vn -0.999987 -0.000064 0.005006
v -4.197917 4.759648 -12.927555
vn -0.751369 0.085470 0.654323
v -4.198327 6.250036 -13.106654
vn -0.845301 -0.206230 0.492884
v -4.150580 6.132857 -13.041511
vn -0.728215 0.081572 0.680477
v -4.150580 6.132857 -13.041511
vn -0.874041 0.070027 0.480779
v -4.148870 4.659256 -12.823767
vn -0.874041 0.070027 0.480779
v -4.150580 6.132857 -13.041511
vn -0.959770 -0.278137 0.038484
v -4.150580 6.132857 -13.041511
vn -0.936737 -0.343068 0.069480
v -4.198327 6.284683 -10.543401
vn -0.774705 -0.472118 -0.420639
v -4.150580 6.163103 -10.528235
vn -0.892095 -0.329888 -0.308773
v -4.147627 6.216606 -11.157490
vn -0.953229 -0.300753 -0.030045
v -4.197917 5.035020 -9.853166
vn -0.717112 -0.331624 -0.613006
v -4.148870 4.919393 -9.882272
vn -0.849936 -0.242823 -0.467596
v -4.150580 6.163103 -10.528235
vn -0.999982 -0.003440 -0.004985
v -4.150580 6.163103 -10.528235
vn -0.999987 -0.003337 -0.003779
v -4.148870 4.919393 -9.882272
vn -0.999987 -0.003337 -0.003779
v -4.197917 2.435070 -8.409242
vn -0.835336 -0.288799 -0.467769
v -4.198327 1.210178 -7.601030
vn -0.807189 -0.533061 -0.253558
v -4.150517 1.151823 -7.706568
vn -0.868294 -0.458326 -0.189742
v -4.148777 2.305566 -8.458741
vn -0.912558 -0.212784 -0.349229
v -4.197917 1.089077 -5.785410
vn -0.551467 -0.833299 -0.038691
v -4.148777 1.057935 -6.026650
vn -0.639017 -0.768570 -0.030950
v -4.142685 0.876445 -8.710931
vn -0.999940 -0.010593 -0.002670
v -4.148777 2.305566 -8.458741
vn -0.999971 -0.003033 -0.006966
v -4.150517 1.151823 -7.706568
vn -0.999971 -0.003033 -0.006966
v -4.150517 1.151823 -7.706568
vn -0.999642 -0.026754 -0.000460
v -4.148777 1.057935 -6.026650
vn -0.999642 -0.026754 -0.000460
v -4.197917 1.020270 -2.004531
vn -0.281075 -0.959651 -0.008195
v -4.198327 0.998940 -0.170736
vn -0.563265 -0.814256 -0.140430
v -4.150580 0.990475 -0.384817
vn -0.697069 -0.709669 -0.102298
v -4.148870 0.998940 -2.209390
vn -0.414374 -0.910096 -0.004449
v -4.147627 0.754038 0.013883
vn -0.944983 -0.284389 -0.161649
v -4.148870 0.998940 -2.209390
vn -0.999919 -0.012686 -0.000996
v -4.150580 0.990475 -0.384817
vn -0.999919 -0.012686 -0.000996
v -4.150580 0.990475 -0.384817
vn -0.999902 -0.013998 -0.000895
v -4.358899 -0.040594 1.744249
vn 0.475210 -0.800421 -0.365379
v -4.304174 -0.040593 1.744249
vn 0.268882 -0.832825 -0.483844
v -4.358899 -0.040594 1.744249
vn 0.999987 -0.005051 -0.000000
v -4.358899 -0.040594 1.744249
vn 0.999861 -0.016671 -0.000631
v -4.354863 0.230265 0.982906
vn 0.999861 -0.016671 -0.000631
v -4.353614 1.481496 -12.379617
vn 0.999996 -0.002386 0.001498
v -4.358900 -0.040591 -12.270494
vn 0.999997 -0.002238 0.000313
v -4.358900 -0.040591 -12.270494
vn 0.000000 0.133281 0.991078
v -4.358900 -0.040591 -12.270494
vn 0.895043 0.028798 0.445048
v -4.353614 1.481496 -12.379617
vn 0.895043 0.028798 0.445048
v -4.348319 6.132857 -13.041510
vn 0.999990 -0.000306 0.004574
v -4.350029 4.659256 -12.823767
vn 0.999991 -0.000224 0.004354
v -4.300571 6.250036 -13.106653
vn 0.845300 -0.206232 0.492885
v -4.348319 6.132857 -13.041510
vn 0.936735 -0.343074 0.069482
v -4.348319 6.132857 -13.041510
vn 0.959770 -0.278137 0.038484
v -4.351272 6.204418 -12.450664
vn 0.959770 -0.278137 0.038484
v -4.300982 4.759648 -12.927555
vn 0.751368 0.085470 0.654325
v -4.350029 4.659256 -12.823767
vn 0.874041 0.070027 0.480778
v -4.348319 6.132857 -13.041510
vn 0.874041 0.070027 0.480778
v -4.348319 6.132857 -13.041510
vn 0.728209 0.081572 0.680483
v -4.350029 4.919393 -9.882272
vn 0.999987 -0.003134 -0.004100
v -4.348319 6.163103 -10.528235
vn 0.999985 -0.003389 -0.004383
v -4.351272 6.216606 -11.157490
vn 0.999982 -0.003440 -0.004985
v -4.300982 5.035020 -9.853166
vn 0.717107 -0.331626 -0.613010
v -4.300571 6.284683 -10.543401
vn 0.774701 -0.472122 -0.420642
v -4.348319 6.163103 -10.528235
vn 0.690167 -0.350050 -0.633351
v -4.348319 6.163103 -10.528235
vn 0.850476 -0.243372 -0.466327
v -4.350029 4.919393 -9.882272
vn 0.850476 -0.243372 -0.466327
v -4.348319 6.163103 -10.528235
vn 0.953229 -0.300753 -0.030045
v -4.348319 6.163103 -10.528235
vn 0.927090 -0.370876 -0.054356
v -4.356214 0.876445 -8.710931
vn 0.999940 -0.010594 -0.002671
v -4.350123 1.057935 -6.026650
vn 0.999620 -0.027574 -0.000404
v -4.348381 1.151823 -7.706568
vn 0.999882 -0.014897 -0.003713
v -4.350123 2.305566 -8.458741
vn 0.999973 -0.003076 -0.006722
v -4.300982 1.089077 -5.785410
vn 0.551461 -0.833303 -0.038691
v -4.300571 1.210178 -7.601030
vn 0.807188 -0.533062 -0.253559
v -4.348381 1.151823 -7.706568
vn 0.806502 -0.589932 -0.039166
v -4.348381 1.151823 -7.706568
vn 0.669839 -0.741388 -0.040740
v -4.350123 1.057935 -6.026650
vn 0.669839 -0.741388 -0.040740
v -4.300982 2.435070 -8.409243
vn 0.835333 -0.288802 -0.467774
v -4.350123 2.305566 -8.458741
vn 0.915676 -0.218529 -0.337318
v -4.348381 1.151823 -7.706568
vn 0.915676 -0.218529 -0.337318
v -4.348381 1.151823 -7.706568
vn 0.929231 -0.203280 -0.308555
v -4.348319 0.990475 -0.384817
vn 0.999911 -0.013344 -0.000946
v -4.350029 0.998940 -2.209390
vn 0.999903 -0.013917 -0.000755
v -4.300571 0.998940 -0.170736
vn 0.563260 -0.814259 -0.140431
v -4.348319 0.990475 -0.384817
vn 0.909810 -0.369852 -0.188297
v -4.348319 0.990475 -0.384817
vn 0.944983 -0.284389 -0.161649
v -4.351272 0.754038 0.013883
vn 0.944983 -0.284389 -0.161649
v -4.300982 1.020270 -2.004531
vn 0.281072 -0.959652 -0.008195
v -4.350029 0.998940 -2.209390
vn 0.414934 -0.909840 -0.004610
v -4.348319 0.990475 -0.384817
vn 0.414934 -0.909840 -0.004610
v -4.348319 0.990475 -0.384817
vn 0.223824 -0.974563 -0.011386
v 4.199738 -0.487626 4.183434
vn 0.664230 0.741447 -0.095151
v 4.200149 -0.352699 5.211058
vn 0.859947 0.483798 -0.162578
v 4.152401 -0.353245 4.870908
vn 0.915201 0.385769 -0.116573
v 4.150692 -0.479041 3.764729
vn 0.758893 0.646809 -0.075633
v 4.149449 -0.238924 4.852575
vn 0.992197 0.005648 -0.124551
v 4.150692 -0.479041 3.764729
vn 0.999999 -0.000589 -0.001478
v 4.152401 -0.353245 4.870908
vn 0.999999 -0.000589 -0.001478
v 4.152401 -0.353245 4.870908
vn 0.999672 0.025562 -0.001575
v 4.200149 -0.882220 0.968252
vn 0.358283 0.932110 -0.052950
v 4.152402 -0.872040 0.725348
vn 0.527182 0.848506 -0.046015
v 4.150692 -0.873504 -0.971147
vn 0.362172 0.932111 -0.001039
v 4.199739 -0.756008 2.052190
vn 0.650107 0.754296 -0.091642
v 4.150692 -0.747162 1.623112
vn 0.802751 0.590981 -0.079577
v 4.146382 -0.691788 -2.129442
vn 0.999900 0.014150 -0.000630
v 4.150692 -0.873504 -0.971147
vn 0.999852 0.017197 -0.001023
v 4.152402 -0.872040 0.725348
vn 0.999852 0.017197 -0.001023
v 4.152402 -0.872040 0.725348
vn 0.999803 0.019841 -0.000856
v 4.150692 -0.747162 1.623112
vn 0.999803 0.019841 -0.000856
v 4.199739 -1.120209 -6.230617
vn 0.757236 0.595382 -0.268541
v 4.200149 -0.928042 -5.753180
vn 0.550402 0.823177 -0.139419
v 4.152365 -0.907211 -5.893889
vn 0.666747 0.736746 -0.112485
v 4.150636 -1.083966 -6.347079
vn 0.854564 0.473710 -0.212884
v 4.150636 -0.886557 -4.424015
vn 0.430009 0.902779 -0.009121
v 4.145261 -0.723000 -7.158982
vn 0.999879 0.015472 -0.001580
v 4.150636 -1.083966 -6.347079
vn 0.999981 0.003361 -0.005126
v 4.152365 -0.907211 -5.893889
vn 0.999981 0.003361 -0.005126
v 4.152365 -0.907211 -5.893889
vn 0.999096 0.042501 0.000578
v 4.150636 -0.886557 -4.424015
vn 0.999096 0.042501 0.000578
v 4.199739 -3.130314 -7.428051
vn 0.782526 0.070477 -0.618616
v 4.200149 -1.905324 -7.280997
vn 0.794710 0.250367 -0.552949
v 4.152374 -1.838596 -7.347369
vn 0.889602 0.189946 -0.415367
v 4.150651 -2.983416 -7.501753
vn 0.880114 0.057668 -0.471247
v 4.199739 -1.588387 -6.968029
vn 0.821376 0.423720 -0.381841
v 4.150651 -1.554168 -7.075346
vn 0.893589 0.331023 -0.303188
v 4.145553 -1.501653 -8.103475
vn 0.999984 0.002948 -0.004785
v 4.150651 -2.983416 -7.501753
vn 0.999958 -0.000272 -0.009142
v 4.152374 -1.838596 -7.347369
vn 0.999958 -0.000272 -0.009142
v 4.152374 -1.838596 -7.347369
vn 0.999937 0.010296 -0.004432
v 4.150651 -1.554168 -7.075346
vn 0.999937 0.010296 -0.004432
v 4.200149 -6.943536 -7.854696
vn 0.835669 0.283557 -0.470376
v 4.152402 -6.802995 -7.886889
vn 0.923428 0.186596 -0.335355
v 4.149449 -6.850337 -8.439455
vn 0.965261 0.259847 -0.027421
v 4.199739 -5.706455 -7.698837
vn 0.737297 0.077130 -0.671152
v 4.150692 -5.564778 -7.769091
vn 0.862181 0.048416 -0.504282
v 4.152402 -6.802995 -7.886889
vn 0.999984 0.001260 -0.005452
v 4.152402 -6.802995 -7.886889
vn 0.999992 0.001735 -0.003727
v 4.150692 -5.564778 -7.769091
vn 0.999992 0.001735 -0.003727
v 4.150692 -5.103245 -10.561288
vn 0.999988 0.001834 0.004658
v 4.152401 -6.749333 -10.187948
vn 0.999986 0.001982 0.004956
v 4.149449 -6.828712 -9.621949
vn 0.999983 0.001921 0.005485
v 4.199738 -5.217890 -10.618720
vn 0.727615 0.160733 0.666889
v 4.200149 -6.882065 -10.203189
vn 0.804701 0.347739 0.481180
v 4.152401 -6.749333 -10.187948
vn 0.701283 0.172862 0.691608
v 4.152401 -6.749333 -10.187948
vn 0.856911 0.114860 0.502505
v 4.150692 -5.103245 -10.561288
vn 0.856911 0.114860 0.502505
v 4.152401 -6.749333 -10.187948
vn 0.964258 0.261658 0.041726
v 4.152401 -6.749333 -10.187948
vn 0.941021 0.329878 0.075235
v 4.147103 -1.554266 -11.392485
vn 0.870160 0.130054 0.475298
v 4.141822 0.139429 -11.886049
vn 0.507668 0.214983 0.834300
v 4.141822 0.139429 -11.886049
vn 1.000000 0.000892 0.000000
v 4.141822 0.139429 -11.886049
vn 0.999995 0.003280 0.000556
v 4.147103 -1.554266 -11.392485
vn 0.999995 0.003280 0.000556
v 4.141821 0.139426 5.628779
vn 0.999787 0.020636 -0.000434
v 4.141821 0.139427 1.250072
vn 0.999976 0.006990 0.000000
v 4.141821 0.139426 5.628779
vn 0.000000 0.838725 -0.544556
v 4.141821 0.139426 5.628779
vn 0.808775 0.571891 -0.137200
v 4.145857 0.008540 5.107000
vn 0.808775 0.571891 -0.137200
v 4.302804 -0.487626 4.183434
vn -0.664229 0.741449 -0.095151
v 4.351851 -0.479041 3.764729
vn -0.758887 0.646816 -0.075634
v 4.350140 -0.353245 4.870908
vn -0.915201 0.385769 -0.116572
v 4.302393 -0.352699 5.211058
vn -0.859948 0.483796 -0.162577
v 4.353093 -0.238924 4.852575
vn -0.999672 0.025570 -0.001575
v 4.350140 -0.353245 4.870908
vn -0.999672 0.025570 -0.001575
v 4.350140 -0.353245 4.870908
vn -0.999999 -0.000602 -0.001478
v 4.351851 -0.479041 3.764729
vn -0.999999 -0.000602 -0.001478
v 4.351851 -0.873504 -0.971147
vn -0.362173 0.932111 -0.001039
v 4.350141 -0.872040 0.725348
vn -0.527178 0.848508 -0.046015
v 4.302393 -0.882220 0.968251
vn -0.358278 0.932112 -0.052950
v 4.356160 -0.691788 -2.129442
vn -0.999900 0.014145 -0.000630
v 4.351851 -0.747162 1.623112
vn -0.999863 0.016536 -0.000904
v 4.350141 -0.872040 0.725348
vn -0.999803 0.019839 -0.000855
v 4.350141 -0.872040 0.725348
vn -0.999852 0.017192 -0.001023
v 4.351851 -0.873504 -0.971147
vn -0.999852 0.017192 -0.001023
v 4.302804 -0.756008 2.052190
vn -0.650104 0.754298 -0.091642
v 4.351851 -0.747162 1.623112
vn -0.806007 0.586469 -0.080042
v 4.302804 -1.120209 -6.230617
vn -0.757231 0.595387 -0.268543
v 4.351907 -1.083966 -6.347079
vn -0.854564 0.473709 -0.212884
v 4.350178 -0.907211 -5.893889
vn -0.666745 0.736749 -0.112486
v 4.302393 -0.928042 -5.753180
vn -0.550398 0.823179 -0.139420
v 4.357281 -0.723000 -7.158982
vn -0.999879 0.015470 -0.001580
v 4.351907 -0.886557 -4.424015
vn -0.999219 0.039517 0.000400
v 4.350178 -0.907211 -5.893889
vn -0.999097 0.042497 0.000578
v 4.350178 -0.907211 -5.893889
vn -0.999981 0.003360 -0.005126
v 4.351907 -1.083966 -6.347079
vn -0.999981 0.003360 -0.005126
v 4.351907 -0.886557 -4.424015
vn -0.443373 0.896256 -0.012072
v 4.302804 -3.130314 -7.428051
vn -0.782522 0.070478 -0.618621
v 4.351892 -2.983416 -7.501753
vn -0.880114 0.057668 -0.471247
v 4.350168 -1.838596 -7.347368
vn -0.889601 0.189947 -0.415369
v 4.302393 -1.905324 -7.280997
vn -0.794706 0.250370 -0.552953
v 4.356990 -1.501653 -8.103475
vn -0.999984 0.002948 -0.004784
v 4.351892 -1.554168 -7.075346
vn -0.999945 0.009458 -0.004475
v 4.350168 -1.838596 -7.347368
vn -0.999937 0.010299 -0.004432
v 4.350168 -1.838596 -7.347368
vn -0.999958 -0.000273 -0.009143
v 4.351892 -2.983416 -7.501753
vn -0.999958 -0.000273 -0.009143
v 4.302804 -1.588387 -6.968028
vn -0.821372 0.423725 -0.381845
v 4.351892 -1.554168 -7.075346
vn -0.898991 0.305543 -0.313781
v 4.350141 -6.802995 -7.886889
vn -0.923427 0.186597 -0.335357
v 4.302393 -6.943536 -7.854696
vn -0.835665 0.283560 -0.470380
v 4.351851 -5.564778 -7.769091
vn -0.999990 0.001402 -0.004162
v 4.350141 -6.802995 -7.886889
vn -0.999992 0.001735 -0.003725
v 4.350141 -6.802995 -7.886889
vn -0.999984 0.001259 -0.005452
v 4.353094 -6.850337 -8.439455
vn -0.999984 0.001259 -0.005452
v 4.302804 -5.706455 -7.698837
vn -0.737292 0.077130 -0.671157
v 4.351851 -5.564778 -7.769091
vn -0.862706 0.049075 -0.503319
v 4.302393 -6.882065 -10.203189
vn -0.804702 0.347738 0.481179
v 4.350140 -6.749333 -10.187948
vn -0.909941 0.231001 0.344451
v 4.353093 -6.828712 -9.621949
vn -0.964258 0.261658 0.041727
v 4.302804 -5.217890 -10.618720
vn -0.727613 0.160733 0.666891
v 4.351851 -5.103245 -10.561288
vn -0.855878 0.113377 0.504597
v 4.350140 -6.749333 -10.187948
vn -0.999983 0.001922 0.005487
v 4.350140 -6.749333 -10.187948
vn -0.999988 0.002043 0.004425
v 4.351851 -5.103245 -10.561288
vn -0.999988 0.002043 0.004425
v 4.355439 -1.554266 -11.392485
vn -0.999995 0.002688 0.001542
v 4.360721 0.139429 -11.886049
vn -0.999998 0.002087 0.000278
v 4.360721 0.139429 -11.886049
vn 0.000000 0.232233 0.972660
v 4.360721 0.139429 -11.886049
vn -0.874623 0.138148 0.464704
v 4.355439 -1.554266 -11.392485
vn -0.874623 0.138148 0.464704
v 4.360720 0.139426 5.628779
vn -0.458707 0.800048 -0.386667
v 4.305995 0.139426 5.628779
vn -0.357061 0.567059 -0.742261
v 4.360720 0.139426 5.628779
vn -0.999976 0.006990 0.000000
v 4.360720 0.139426 5.628779
vn -0.999412 0.034279 -0.000868
v 4.356684 0.008540 5.107000
vn -0.999412 0.034279 -0.000868
v -4.150581 -0.353245 4.870909
vn -0.999921 0.012489 -0.001527
v -4.148871 -0.479041 3.764730
vn -0.999997 0.002079 -0.001378
v -4.198328 -0.352699 5.211059
vn -0.859947 0.483796 -0.162578
v -4.150581 -0.353245 4.870909
vn -0.988928 0.052234 -0.138901
v -4.150581 -0.353245 4.870909
vn -0.992197 0.005655 -0.124551
v -4.147628 -0.238924 4.852575
vn -0.992197 0.005655 -0.124551
v -4.197917 -0.487626 4.183435
vn -0.664230 0.741447 -0.095151
v -4.148871 -0.479041 3.764730
vn -0.755600 0.650707 -0.075167
v -4.150581 -0.353245 4.870909
vn -0.755600 0.650707 -0.075167
v -4.150581 -0.353245 4.870909
vn -0.676520 0.730122 -0.096136
v -4.144561 -0.691788 -2.129442
vn -0.999900 0.014147 -0.000630
v -4.148870 -0.747162 1.623112
vn -0.999863 0.016536 -0.000904
v -4.150580 -0.872040 0.725348
vn -0.999828 0.018516 -0.000939
v -4.148870 -0.873504 -0.971147
vn -0.999821 0.018890 -0.000756
v -4.197917 -0.756008 2.052190
vn -0.650109 0.754294 -0.091642
v -4.198327 -0.882219 0.968252
vn -0.358284 0.932110 -0.052950
v -4.150580 -0.872040 0.725348
vn -0.624039 0.776176 -0.090140
v -4.150580 -0.872040 0.725348
vn -0.806007 0.586469 -0.080042
v -4.148870 -0.747162 1.623112
vn -0.806007 0.586469 -0.080042
v -4.148870 -0.873504 -0.971147
vn -0.362694 0.931908 -0.001170
v -4.150580 -0.872040 0.725348
vn -0.362694 0.931908 -0.001170
v -4.150580 -0.872040 0.725348
vn -0.236511 0.971612 -0.005775
v -4.143440 -0.723001 -7.158982
vn -0.999879 0.015472 -0.001580
v -4.148815 -0.886557 -4.424015
vn -0.999219 0.039520 0.000400
v -4.150544 -0.907211 -5.893889
vn -0.999734 0.022936 -0.002275
v -4.148815 -1.083967 -6.347079
vn -0.999980 0.004122 -0.004788
v -4.198328 -0.928042 -5.753180
vn -0.550401 0.823177 -0.139420
v -4.150544 -0.907211 -5.893889
vn -0.428246 0.903587 -0.011660
v -4.150544 -0.907211 -5.893889
vn -0.443380 0.896253 -0.012072
v -4.148815 -0.886557 -4.424015
vn -0.443380 0.896253 -0.012072
v -4.197917 -1.120210 -6.230617
vn -0.757232 0.595386 -0.268543
v -4.148815 -1.083967 -6.347079
vn -0.841920 0.501624 -0.198859
v -4.150544 -0.907211 -5.893889
vn -0.841920 0.501624 -0.198859
v -4.150544 -0.907211 -5.893889
vn -0.833243 0.512670 -0.207067
v -4.143732 -1.501653 -8.103476
vn -0.999984 0.002948 -0.004784
v -4.148829 -1.554168 -7.075346
vn -0.999945 0.009456 -0.004474
v -4.150553 -1.838596 -7.347369
vn -0.999964 0.005013 -0.006787
v -4.148829 -2.983417 -7.501753
vn -0.999964 -0.000006 -0.008486
v -4.197917 -1.588387 -6.968028
vn -0.821373 0.423724 -0.381844
v -4.198328 -1.905324 -7.280997
vn -0.794710 0.250368 -0.552949
v -4.150553 -1.838596 -7.347369
vn -0.891691 0.318631 -0.321500
v -4.150553 -1.838596 -7.347369
vn -0.898991 0.305545 -0.313780
v -4.148829 -1.554168 -7.075346
vn -0.898991 0.305545 -0.313780
v -4.197917 -3.130315 -7.428051
vn -0.782523 0.070478 -0.618620
v -4.148829 -2.983417 -7.501753
vn -0.882885 0.061452 -0.465551
v -4.150553 -1.838596 -7.347369
vn -0.882885 0.061452 -0.465551
v -4.150553 -1.838596 -7.347369
vn -0.839532 0.064479 -0.539470
v -4.148871 -5.564779 -7.769091
vn -0.999990 0.001402 -0.004163
v -4.150581 -6.802995 -7.886889
vn -0.999988 0.001498 -0.004589
v -4.147628 -6.850338 -8.439455
vn -0.999984 0.001260 -0.005452
v -4.197917 -5.706456 -7.698837
vn -0.737293 0.077130 -0.671156
v -4.198328 -6.943536 -7.854696
vn -0.835666 0.283559 -0.470380
v -4.150581 -6.802995 -7.886889
vn -0.720119 0.086968 -0.688379
v -4.150581 -6.802995 -7.886889
vn -0.862710 0.049074 -0.503312
v -4.148871 -5.564779 -7.769091
vn -0.862710 0.049074 -0.503312
v -4.150581 -6.802995 -7.886889
vn -0.965262 0.259842 -0.027421
v -4.150581 -6.802995 -7.886889
vn -0.949115 0.310784 -0.050934
v -4.198328 -6.882065 -10.203189
vn -0.804703 0.347737 0.481178
v -4.150581 -6.749333 -10.187948
vn -0.909941 0.231001 0.344449
v -4.147628 -6.828712 -9.621949
vn -0.964258 0.261658 0.041727
v -4.197917 -5.217890 -10.618720
vn -0.727615 0.160733 0.666889
v -4.148871 -5.103245 -10.561288
vn -0.855883 0.113376 0.504590
v -4.150581 -6.749333 -10.187948
vn -0.999983 0.001922 0.005487
v -4.150581 -6.749333 -10.187948
vn -0.999988 0.002043 0.004427
v -4.148871 -5.103245 -10.561288
vn -0.999988 0.002043 0.004427
v -4.145282 -1.554266 -11.392485
vn -0.999995 0.002688 0.001542
v -4.140001 0.139429 -11.886049
vn -0.999998 0.002086 0.000278
v -4.140001 0.139429 -11.886049
vn 0.000000 0.232233 0.972660
v -4.140001 0.139429 -11.886049
vn -0.874623 0.138148 0.464703
v -4.145282 -1.554266 -11.392485
vn -0.874623 0.138148 0.464703
v -4.140001 0.139426 5.628779
vn -0.458707 0.800048 -0.386667
v -4.194726 0.139426 5.628779
vn -0.357061 0.567059 -0.742261
v -4.140001 0.139426 5.628779
vn -0.999976 0.006990 0.000000
v -4.140001 0.139426 5.628779
vn -0.999412 0.034279 -0.000868
v -4.144037 0.008540 5.107000
vn -0.999412 0.034279 -0.000868
v -4.350029 -0.479041 3.764729
vn 0.999997 0.002082 -0.001378
v -4.348320 -0.353245 4.870909
vn 0.999921 0.012492 -0.001527
v -4.351273 -0.238924 4.852575
vn 0.999672 0.025570 -0.001575
v -4.300982 -0.487626 4.183435
vn 0.664231 0.741447 -0.095151
v -4.300572 -0.352699 5.211059
vn 0.859946 0.483799 -0.162578
v -4.348320 -0.353245 4.870909
vn 0.676510 0.730131 -0.096136
v -4.348320 -0.353245 4.870909
vn 0.755591 0.650716 -0.075168
v -4.350029 -0.479041 3.764729
vn 0.755591 0.650716 -0.075168
v -4.348320 -0.353245 4.870909
vn 0.992197 0.005654 -0.124553
v -4.348320 -0.353245 4.870909
vn 0.988927 0.052235 -0.138903
v -4.354339 -0.691788 -2.129442
vn 0.999900 0.014151 -0.000630
v -4.350029 -0.873504 -0.971147
vn 0.999821 0.018894 -0.000756
v -4.348319 -0.872040 0.725348
vn 0.999828 0.018519 -0.000939
v -4.350029 -0.747162 1.623112
vn 0.999863 0.016540 -0.000904
v -4.300571 -0.882219 0.968251
vn 0.358279 0.932112 -0.052950
v -4.348319 -0.872040 0.725348
vn 0.236507 0.971613 -0.005775
v -4.348319 -0.872040 0.725348
vn 0.362694 0.931908 -0.001170
v -4.350029 -0.873504 -0.971147
vn 0.362694 0.931908 -0.001170
v -4.300982 -0.756008 2.052190
vn 0.650104 0.754298 -0.091642
v -4.350029 -0.747162 1.623112
vn 0.806007 0.586469 -0.080042
v -4.348319 -0.872040 0.725348
vn 0.806007 0.586469 -0.080042
v -4.348319 -0.872040 0.725348
vn 0.624029 0.776185 -0.090140
v -4.355460 -0.723001 -7.158982
vn 0.999879 0.015467 -0.001580
v -4.350086 -1.083967 -6.347079
vn 0.999980 0.004120 -0.004787
v -4.348357 -0.907211 -5.893889
vn 0.999734 0.022931 -0.002274
v -4.350086 -0.886557 -4.424015
vn 0.999219 0.039507 0.000399
v -4.300983 -1.120210 -6.230617
vn 0.757229 0.595389 -0.268544
v -4.300572 -0.928042 -5.753180
vn 0.550397 0.823180 -0.139421
v -4.348357 -0.907211 -5.893889
vn 0.833235 0.512681 -0.207071
v -4.348357 -0.907211 -5.893889
vn 0.841913 0.501634 -0.198863
v -4.350086 -1.083967 -6.347079
vn 0.841913 0.501634 -0.198863
v -4.350086 -0.886557 -4.424015
vn 0.443369 0.896258 -0.012072
v -4.348357 -0.907211 -5.893889
vn 0.443369 0.896258 -0.012072
v -4.348357 -0.907211 -5.893889
vn 0.428235 0.903592 -0.011660
v -4.355169 -1.501653 -8.103475
vn 0.999984 0.002949 -0.004784
v -4.350071 -2.983417 -7.501753
vn 0.999964 -0.000006 -0.008488
v -4.348347 -1.838596 -7.347369
vn 0.999964 0.005013 -0.006788
v -4.350071 -1.554168 -7.075346
vn 0.999945 0.009458 -0.004475
v -4.300983 -3.130315 -7.428051
vn 0.782524 0.070478 -0.618619
v -4.300572 -1.905324 -7.280997
vn 0.794710 0.250368 -0.552949
v -4.348347 -1.838596 -7.347369
vn 0.839530 0.064480 -0.539474
v -4.348347 -1.838596 -7.347369
vn 0.882886 0.061452 -0.465550
v -4.350071 -2.983417 -7.501753
vn 0.882886 0.061452 -0.465550
v -4.300983 -1.588387 -6.968029
vn 0.821374 0.423723 -0.381843
v -4.350071 -1.554168 -7.075346
vn 0.898990 0.305545 -0.313782
v -4.348347 -1.838596 -7.347369
vn 0.898990 0.305545 -0.313782
v -4.348347 -1.838596 -7.347369
vn 0.891689 0.318633 -0.321503
v -4.348320 -6.802995 -7.886889
vn 0.999988 0.001497 -0.004589
v -4.350030 -5.564779 -7.769091
vn 0.999990 0.001402 -0.004162
v -4.300572 -6.943536 -7.854696
vn 0.835665 0.283560 -0.470381
v -4.348320 -6.802995 -7.886889
vn 0.949113 0.310790 -0.050934
v -4.348320 -6.802995 -7.886889
vn 0.965260 0.259848 -0.027422
v -4.351273 -6.850338 -8.439455
vn 0.965260 0.259848 -0.027422
v -4.300983 -5.706456 -7.698837
vn 0.737291 0.077131 -0.671157
v -4.350030 -5.564779 -7.769091
vn 0.862706 0.049075 -0.503319
v -4.348320 -6.802995 -7.886889
vn 0.862706 0.049075 -0.503319
v -4.348320 -6.802995 -7.886889
vn 0.720112 0.086969 -0.688386
v -4.350030 -5.103245 -10.561288
vn 0.999988 0.001834 0.004657
v -4.348320 -6.749333 -10.187948
vn 0.999986 0.001982 0.004956
v -4.351273 -6.828712 -9.621949
vn 0.999983 0.001921 0.005487
v -4.300983 -5.217890 -10.618720
vn 0.727613 0.160733 0.666891
v -4.300572 -6.882065 -10.203189
vn 0.804702 0.347738 0.481179
v -4.348320 -6.749333 -10.187948
vn 0.701283 0.172862 0.691608
v -4.348320 -6.749333 -10.187948
vn 0.856907 0.114862 0.502512
v -4.350030 -5.103245 -10.561288
vn 0.856907 0.114862 0.502512
v -4.348320 -6.749333 -10.187948
vn 0.964257 0.261663 0.041728
v -4.348320 -6.749333 -10.187948
vn 0.941021 0.329878 0.075235
v -4.353619 -1.554266 -11.392485
vn 0.870156 0.130056 0.475304
v -4.358900 0.139429 -11.886049
vn 0.507665 0.214983 0.834301
v -4.358900 0.139429 -11.886049
vn 1.000000 0.000895 0.000000
v -4.358900 0.139429 -11.886049
vn 0.999995 0.003280 0.000555
v -4.353619 -1.554266 -11.392485
vn 0.999995 0.003280 0.000555
v -4.358900 0.139426 5.628779
vn 0.999787 0.020636 -0.000434
v -4.358900 0.139427 1.250072
vn 0.999976 0.006990 0.000000
v -4.358900 0.139426 5.628779
vn 0.000000 0.838725 -0.544556
v -4.358900 0.139426 5.628779
vn 0.808775 0.571891 -0.137200
v -4.354864 0.008540 5.107000
vn 0.808775 0.571891 -0.137200
v -4.969674 0.014182 5.662852
vn 0.015484 0.999498 -0.027634
v -5.224343 -0.054234 3.119716
vn 0.013757 0.999519 -0.027779
v -5.002761 0.086401 5.757181
vn 0.689842 0.595505 -0.411695
v -4.969674 0.014182 5.662852
vn 0.284400 0.806773 -0.517913
v -4.969674 0.014182 5.662852
vn 0.194085 0.901223 -0.387463
v -3.827241 0.009817 6.224957
vn 0.194085 0.901223 -0.387463
v -5.324825 0.058696 3.129535
vn 0.877414 0.468531 -0.103071
v -5.224343 -0.054234 3.119716
vn 0.739925 0.666366 -0.092023
v -4.969674 0.014182 5.662852
vn 0.739925 0.666366 -0.092023
v -4.969674 0.014182 5.662852
vn 0.842255 0.527985 -0.108800
v 5.326824 0.058696 3.129535
vn -0.877413 0.468532 -0.103070
v 5.004759 0.086401 5.757181
vn -0.689842 0.595505 -0.411695
v 4.971672 0.014182 5.662852
vn -0.552840 0.778649 -0.296774
v 5.226342 -0.054234 3.119716
vn -0.740148 0.666391 -0.090025
v 3.829239 0.009817 6.224957
vn -0.194084 0.901224 -0.387462
v 5.226342 -0.054234 3.119716
vn -0.013869 0.999504 -0.028278
v 4.971672 0.014182 5.662852
vn -0.013869 0.999504 -0.028278
v 4.971672 0.014182 5.662852
vn -0.017098 0.999490 -0.026990
v -5.995536 -0.263703 -5.093879
vn 0.037393 0.999300 -0.000987
v -6.046188 -0.225910 -6.201530
vn 0.053173 0.997961 0.035296
v -5.745397 -0.195896 -2.391830
vn 0.019310 0.999448 -0.027042
v -5.995536 -0.263703 -5.093879
vn 0.941993 0.324666 -0.085090
v -5.995536 -0.263703 -5.093879
vn 0.892027 0.442169 -0.093674
v -5.745397 -0.195896 -2.391830
vn 0.892027 0.442169 -0.093674
v -6.046188 -0.225910 -6.201530
vn 0.950621 0.308603 -0.032942
v -5.995536 -0.263703 -5.093879
vn 0.950621 0.308603 -0.032942
v -5.995536 -0.263703 -5.093879
vn 0.941232 0.336734 -0.026331
v -3.753326 -0.266047 -5.138471
vn -0.013365 0.999850 -0.011041
v -1.891641 -0.259700 -5.110145
vn -0.002355 0.999858 -0.016703
v -3.976926 -0.267961 -6.149937
vn -0.014106 0.999901 -0.000159
v -3.721190 -0.032158 -5.281486
vn -0.617503 0.375156 0.691337
v -3.753326 -0.266047 -5.138471
vn -0.945505 0.254274 0.203386
v -3.753326 -0.266047 -5.138471
vn -0.937581 0.279646 0.206738
v -3.976926 -0.267961 -6.149937
vn -0.937581 0.279646 0.206738
v -1.891641 -0.259700 -5.110145
vn -0.015333 0.391729 0.919953
v -3.753326 -0.266047 -5.138471
vn -0.015333 0.391729 0.919953
v -3.753326 -0.266047 -5.138471
vn -0.035277 0.524869 0.850452
v 6.047015 -0.225911 -6.201543
vn -0.052587 0.997991 0.035344
v 5.996799 -0.263703 -5.093887
vn -0.037234 0.999306 -0.000920
v 5.996799 -0.263703 -5.093887
vn -0.940664 0.338326 -0.026196
v 5.996799 -0.263703 -5.093887
vn -0.949547 0.311946 -0.032405
v 6.047015 -0.225911 -6.201543
vn -0.949547 0.311946 -0.032405
v 5.747096 -0.195896 -2.391833
vn -0.891720 0.442703 -0.094069
v 5.996799 -0.263703 -5.093887
vn -0.891760 0.442739 -0.093520
v 5.996799 -0.263703 -5.093887
vn -0.941451 0.326258 -0.085009
v 5.747096 -0.195896 -2.391833
vn -0.019296 0.999453 -0.026864
v 3.753125 -0.266048 -5.138495
vn 0.013339 0.999849 -0.011176
v 3.954997 -0.267972 -6.150204
vn 0.013955 0.999903 -0.000502
v 1.892926 -0.259701 -5.110153
vn 0.002357 0.999858 -0.016704
v 3.720174 -0.032159 -5.281519
vn 0.626448 0.374315 0.683704
v 3.753125 -0.266048 -5.138495
vn 0.035325 0.524986 0.850378
v 3.753125 -0.266048 -5.138495
vn 0.015353 0.391750 0.919944
v 1.892926 -0.259701 -5.110153
vn 0.015353 0.391750 0.919944
v 3.954997 -0.267972 -6.150204
vn 0.941353 0.280666 0.187300
v 3.753125 -0.266048 -5.138495
vn 0.941353 0.280666 0.187300
v 3.753125 -0.266048 -5.138495
vn 0.952037 0.245668 0.182408
v -6.109636 -0.064947 -11.122381
vn 0.821042 0.569701 0.036490
v -6.068116 -0.067037 -11.750910
vn 0.654367 0.501144 0.566267
v -6.051662 -0.099830 -11.729053
vn 0.510148 0.749907 0.421175
v -6.068177 -0.100551 -11.117446
vn 0.650506 0.759377 0.013734
v -5.596445 -0.100719 -11.811522
vn 0.116413 0.588540 0.800043
v -5.592489 -0.144138 -11.756187
vn 0.103004 0.786096 0.609461
v -6.068177 -0.100551 -11.117446
vn 0.100403 0.994939 0.003884
v -6.051662 -0.099830 -11.729053
vn 0.100403 0.994939 0.003884
v -6.051662 -0.099830 -11.729053
vn 0.096451 0.995314 0.006901
v -5.592489 -0.144138 -11.756187
vn 0.096451 0.995314 0.006901
v -3.834780 -0.281681 -11.784774
vn 0.035914 0.999269 0.013064
v -1.975954 -0.285540 -11.785478
vn 0.001482 0.999925 0.012164
v -4.500951 -0.237152 -11.779358
vn 0.072439 0.997320 0.010269
v -4.500982 -0.171616 -11.846335
vn 0.041270 0.578920 0.814340
v -3.834830 -0.205381 -11.851827
vn 0.017384 0.522312 0.852577
v -3.834780 -0.281681 -11.784774
vn 0.039621 0.659618 0.750556
v -3.834780 -0.281681 -11.784774
vn 0.053387 0.713750 0.698363
v -4.500951 -0.237152 -11.779358
vn 0.053387 0.713750 0.698363
v -1.976023 -0.208645 -11.852606
vn 0.000945 0.520026 0.854150
v -1.975954 -0.285540 -11.785478
vn 0.001651 0.657644 0.753327
v -3.834780 -0.281681 -11.784774
vn 0.001651 0.657644 0.753327
v -3.834780 -0.281681 -11.784774
vn 0.001474 0.660122 0.751157
v 5.566875 -0.144139 -11.756471
vn -0.090521 0.995870 0.006963
v 6.048712 -0.099831 -11.729106
vn -0.093888 0.995568 0.005431
v 6.066063 -0.100551 -11.117489
vn -0.095798 0.995396 0.002991
v 5.570964 -0.100720 -11.811803
vn -0.111410 0.588779 0.800579
v 6.065934 -0.067037 -11.750952
vn -0.646408 0.509391 0.568047
v 6.048712 -0.099831 -11.729106
vn -0.137758 0.598212 0.789408
v 6.048712 -0.099831 -11.729106
vn -0.106860 0.786022 0.608893
v 5.566875 -0.144139 -11.756471
vn -0.106860 0.786022 0.608893
v 6.109508 -0.064947 -11.122401
vn -0.809753 0.585544 0.037913
v 6.066063 -0.100551 -11.117489
vn -0.632467 0.774358 0.018854
v 6.048712 -0.099831 -11.729106
vn -0.632467 0.774358 0.018854
v 6.048712 -0.099831 -11.729106
vn -0.867258 0.494413 0.058478
v 1.875498 -0.285541 -11.785970
vn -0.001477 0.999925 0.012174
v 3.736759 -0.281681 -11.785723
vn -0.034691 0.999312 0.013109
v 1.875396 -0.208646 -11.853099
vn -0.000730 0.520031 0.854147
v 3.736661 -0.205383 -11.852775
vn -0.016824 0.522318 0.852585
v 3.736759 -0.281681 -11.785723
vn -0.001288 0.660125 0.751155
v 3.736759 -0.281681 -11.785723
vn -0.001464 0.657648 0.753324
v 1.875498 -0.285541 -11.785970
vn -0.001464 0.657648 0.753324
v 4.426333 -0.171618 -11.847095
vn -0.039992 0.578926 0.814399
v 4.426427 -0.237153 -11.780118
vn -0.056394 0.713580 0.698300
v 3.736759 -0.281681 -11.785723
vn -0.051760 0.713762 0.698473
v 3.736759 -0.281681 -11.785723
vn -0.038475 0.659610 0.750623
v 4.426427 -0.237153 -11.780118
vn -0.064511 0.997863 0.010418
v -6.076982 -0.100082 -9.028167
vn 0.101686 0.994591 0.021209
v -6.077142 -0.100236 -9.750418
vn 0.104054 0.994571 -0.000667
v -6.077178 -0.142080 -8.129315
vn 0.089258 0.994927 0.046400
v -6.127295 -0.060331 -9.028659
vn 0.753746 0.657158 -0.003241
v -6.076982 -0.100082 -9.028167
vn 0.619958 0.784616 -0.005439
v -6.076982 -0.100082 -9.028167
vn 0.867646 0.496632 0.023394
v -6.077178 -0.142080 -8.129315
vn 0.867646 0.496632 0.023394
v -6.127266 -0.062590 -9.750383
vn 0.735480 0.677545 -0.001556
v -6.077142 -0.100236 -9.750418
vn 0.600540 0.799595 -0.000303
v -6.076982 -0.100082 -9.028167
vn 0.600540 0.799595 -0.000303
v -6.076982 -0.100082 -9.028167
vn 0.619947 0.784640 -0.002431
v -3.874557 -0.280969 -9.031391
vn 0.037766 0.999279 -0.003942
v -1.986276 -0.284934 -9.118546
vn 0.001199 0.999924 -0.012259
v -1.966906 -0.206766 -9.048711
vn -0.028774 0.536125 -0.843648
v -3.794575 -0.201324 -8.957725
vn -0.457782 0.675706 -0.577804
v -3.874557 -0.280969 -9.031391
vn -0.033603 0.696611 -0.716661
v -3.874557 -0.280969 -9.031391
vn -0.032807 0.670388 -0.741285
v -1.986276 -0.284934 -9.118546
vn -0.032807 0.670388 -0.741285
v -4.024888 -0.275597 -8.090679
vn -0.877660 0.468565 -0.100800
v -3.874557 -0.280969 -9.031391
vn -0.870342 0.471597 -0.141779
v -3.874557 -0.280969 -9.031391
vn -0.621291 0.767951 -0.155720
v -4.024888 -0.275597 -8.090679
vn 0.039608 0.999215 0.000624
v 3.785088 -0.281007 -9.032351
vn -0.036536 0.999326 -0.003579
v 1.893409 -0.284954 -9.119044
vn -0.001191 0.999924 -0.012247
v 3.957737 -0.275627 -8.091431
vn -0.038427 0.999261 -0.000026
v 3.704220 -0.201364 -8.958684
vn 0.449033 0.676192 -0.584066
v 3.785088 -0.281007 -9.032351
vn 0.609313 0.774766 -0.168744
v 3.785088 -0.281007 -9.032351
vn 0.862145 0.480421 -0.160941
v 3.957737 -0.275627 -8.091431
vn 0.862145 0.480421 -0.160941
v 1.874013 -0.206786 -9.049210
vn 0.028530 0.536131 -0.843653
v 1.893409 -0.284954 -9.119044
vn 0.032575 0.670367 -0.741314
v 3.785088 -0.281007 -9.032351
vn 0.032575 0.670367 -0.741314
v 3.785088 -0.281007 -9.032351
vn 0.033380 0.696703 -0.716583
v 6.075858 -0.100237 -9.750453
vn -0.099508 0.995037 -0.000610
v 6.076169 -0.100083 -9.028198
vn -0.097570 0.994998 0.021446
v 6.128176 -0.062590 -9.750396
vn -0.722266 0.691614 -0.001423
v 6.128368 -0.060332 -9.028668
vn -0.742816 0.669488 -0.003156
v 6.076169 -0.100083 -9.028198
vn -0.605866 0.795563 -0.002328
v 6.076169 -0.100083 -9.028198
vn -0.584080 0.811696 0.000078
v 6.075858 -0.100237 -9.750453
vn -0.584080 0.811696 0.000078
v 6.076836 -0.142081 -8.129340
vn -0.860931 0.508171 0.023656
v 6.076169 -0.100083 -9.028198
vn -0.860912 0.508169 0.024382
v 6.076169 -0.100083 -9.028198
vn -0.605876 0.795540 -0.005415
v 6.076836 -0.142081 -8.129340
vn -0.086395 0.995172 0.046562
v -2.263186 0.394061 1.027999
vn 0.578311 -0.171352 -0.797618
v -2.263067 0.614976 0.961830
vn 0.570972 -0.240159 -0.785057
v -2.609672 0.763569 0.138999
vn 0.927642 -0.067966 -0.367233
v -1.146544 0.610953 1.027999
vn 0.038496 -0.343705 -0.938288
v -2.263067 0.614976 0.961830
vn 0.010867 -0.921387 -0.388495
v -2.263067 0.614976 0.961830
vn 0.019103 -0.925362 -0.378604
v -1.146544 0.610953 1.027999
vn 0.019103 -0.925362 -0.378604
v -2.609672 0.763569 0.138999
vn 0.556694 -0.744309 -0.368912
v -2.263067 0.614976 0.961830
vn 0.556694 -0.744309 -0.368912
v -2.263067 0.614976 0.961830
vn 0.540276 -0.756553 -0.368413
v 2.639038 0.763569 0.138999
vn -0.927642 -0.067969 -0.367234
v 2.292434 0.614976 0.961830
vn -0.570972 -0.240159 -0.785057
v 2.292553 0.394061 1.027999
vn -0.578311 -0.171350 -0.797618
v 2.292434 0.614976 0.961830
vn -0.540274 -0.756555 -0.368413
v 2.292434 0.614976 0.961830
vn -0.556696 -0.744307 -0.368912
v 2.639038 0.763569 0.138999
vn -0.556696 -0.744307 -0.368912
v 1.175911 0.610953 1.027999
vn -0.014116 -0.925494 -0.378498
v 2.292434 0.614976 0.961830
vn -0.019103 -0.925362 -0.378604
v 2.292434 0.614976 0.961830
vn -0.010867 -0.921387 -0.388495
v 1.175911 0.610953 1.027999
vn -0.054329 -0.343395 -0.937618
v -2.807310 1.242291 -7.172761
vn 0.774466 -0.062124 0.629557
v -2.527892 1.248871 -7.474108
vn 0.774676 -0.116073 0.621614
v -2.634028 0.718592 -7.481527
vn 0.816222 -0.124121 0.564247
v -2.527892 1.248871 -7.474108
vn 0.525406 -0.693354 0.493162
v -2.527892 1.248871 -7.474108
vn 0.552115 -0.669207 0.497325
v -2.807310 1.242291 -7.172761
vn 0.552115 -0.669207 0.497325
v -1.276264 1.294277 -7.481527
vn 0.024615 -0.856118 0.516194
v -2.527892 1.248871 -7.474108
vn 0.034110 -0.855953 0.515927
v -2.527892 1.248871 -7.474108
vn 0.013353 -0.816871 0.576666
v 2.836676 1.242291 -7.172761
vn -0.594934 -0.650179 0.472568
v 2.557257 1.248871 -7.474108
vn -0.292244 -0.788521 0.541136
v 2.663393 0.718592 -7.481527
vn -0.816221 -0.124121 0.564249
v 2.557257 1.248871 -7.474108
vn -0.810606 -0.170083 0.560348
v 2.557257 1.248871 -7.474108
vn -0.732576 -0.061139 0.677934
v 2.836676 1.242291 -7.172761
vn -0.732576 -0.061139 0.677934
v 1.305630 1.294277 -7.481527
vn -0.024615 -0.856118 0.516194
v 3.425723 1.242776 -3.452391
vn -0.999381 -0.031566 -0.015538
v 3.406681 1.232297 -2.556726
vn -0.990228 -0.034970 -0.134999
v 3.406681 1.232297 -2.556726
vn -0.787588 -0.615955 -0.017436
v 3.406681 1.232297 -2.556726
vn -0.774134 -0.632572 -0.023859
v 3.425723 1.242776 -3.452391
vn -0.774134 -0.632572 -0.023859
v 3.178766 1.077249 -1.636719
vn -0.748305 -0.594802 -0.293686
v 3.406681 1.232297 -2.556726
vn -0.753214 -0.592156 -0.286391
v 3.406681 1.232297 -2.556726
vn -0.749903 -0.597176 -0.284651
v 3.178766 1.077249 -1.636719
vn -0.968977 -0.030756 -0.245230
v 3.246390 1.240781 -6.475194
vn -0.912304 -0.024212 0.408798
v 3.414961 1.243555 -6.071631
vn -0.977133 -0.034448 0.209821
v 3.414961 1.243555 -6.071631
vn -0.754030 -0.580077 0.308139
v 3.414961 1.243555 -6.071631
vn -0.760257 -0.564520 0.321445
v 3.246390 1.240781 -6.475194
vn -0.760257 -0.564520 0.321445
v 3.428493 1.245739 -5.223923
vn -0.776151 -0.630469 0.009916
v 3.414961 1.243555 -6.071631
vn -0.776099 -0.630456 0.014013
v 3.414961 1.243555 -6.071631
vn -0.785881 -0.618311 0.009080
v 3.428493 1.245739 -5.223923
vn -0.999362 -0.031931 0.016035
v -3.399125 1.245739 -5.223923
vn 0.999427 -0.031922 0.011230
v -3.385594 1.243555 -6.071631
vn 0.977133 -0.034449 0.209821
v -3.385594 1.243555 -6.071631
vn 0.785882 -0.618310 0.009080
v -3.385594 1.243555 -6.071631
vn 0.776101 -0.630453 0.014013
v -3.399125 1.245739 -5.223923
vn 0.776101 -0.630453 0.014013
v -3.217023 1.240781 -6.475194
vn 0.751839 -0.564830 0.340154
v -3.385594 1.243555 -6.071631
vn 0.760259 -0.564516 0.321446
v -3.385594 1.243555 -6.071631
vn 0.754030 -0.580077 0.308137
v -3.217023 1.240781 -6.475194
vn 0.922409 -0.024102 0.385462
v -3.149399 1.077249 -1.636719
vn 0.966936 -0.031044 -0.253122
v -3.377314 1.232297 -2.556726
vn 0.990228 -0.034970 -0.134999
v -3.377314 1.232297 -2.556726
vn 0.749903 -0.597176 -0.284651
v -3.377314 1.232297 -2.556726
vn 0.753214 -0.592157 -0.286391
v -3.149399 1.077249 -1.636719
vn 0.753214 -0.592157 -0.286391
v -3.396356 1.242776 -3.452391
vn 0.774304 -0.632586 -0.017006
v -3.377314 1.232297 -2.556726
vn 0.774134 -0.632572 -0.023859
v -3.377314 1.232297 -2.556726
vn 0.787588 -0.615955 -0.017436
v -3.396356 1.242776 -3.452391
vn 0.999267 -0.031606 -0.021614
v -2.807310 -0.890520 -7.172761
vn 0.594890 0.650179 0.472623
v -2.527892 -0.897040 -7.474108
vn 0.292226 0.788457 0.541239
v -2.634028 -0.366746 -7.481527
vn 0.816209 0.124116 0.564268
v -2.527892 -0.897040 -7.474108
vn 0.810589 0.170075 0.560375
v -2.527892 -0.897040 -7.474108
vn 0.732571 0.061138 0.677939
v -2.807310 -0.890520 -7.172761
vn 0.732571 0.061138 0.677939
v -1.276264 -0.942431 -7.481527
vn 0.024605 0.856028 0.516344
v 2.836676 -0.890520 -7.172761
vn -0.774461 0.062124 0.629564
v 2.557257 -0.897040 -7.474108
vn -0.774662 0.116069 0.621632
v 2.663393 -0.366746 -7.481527
vn -0.816208 0.124116 0.564269
v 2.557257 -0.897040 -7.474108
vn -0.525427 0.693277 0.493248
v 2.557257 -0.897040 -7.474108
vn -0.552044 0.669214 0.497393
v 2.836676 -0.890520 -7.172761
vn -0.552044 0.669214 0.497393
v 1.305630 -0.942431 -7.481527
vn -0.024605 0.856028 0.516344
v 2.557257 -0.897040 -7.474108
vn -0.034097 0.855863 0.516077
v 2.557257 -0.897040 -7.474108
vn -0.013351 0.816795 0.576774
v -2.263067 -0.263239 0.961830
vn 0.293532 0.871946 -0.391854
v -2.609672 -0.411831 0.138999
vn 0.597664 0.718030 -0.356695
v -1.146544 -0.259216 1.027999
vn 0.014115 0.925495 -0.378497
v -2.263186 -0.042324 1.027999
vn 0.578311 0.171351 -0.797618
v -2.263067 -0.263239 0.961830
vn 0.068206 0.286294 -0.955711
v -2.263067 -0.263239 0.961830
vn 0.054329 0.343395 -0.937618
v -1.146544 -0.259216 1.027999
vn 0.054329 0.343395 -0.937618
v -2.609672 -0.411831 0.138999
vn 0.914282 0.073372 -0.398377
v -2.263067 -0.263239 0.961830
vn 0.914282 0.073372 -0.398377
v -2.263067 -0.263239 0.961830
vn 0.913421 0.117236 -0.389767
v 2.639038 -0.411831 0.138999
vn -0.597666 0.718028 -0.356695
v 2.292434 -0.263239 0.961830
vn -0.293532 0.871946 -0.391854
v 2.292553 -0.042324 1.027999
vn -0.578311 0.171350 -0.797618
v 2.292434 -0.263239 0.961830
vn -0.913421 0.117236 -0.389767
v 2.292434 -0.263239 0.961830
vn -0.914282 0.073374 -0.398377
v 2.639038 -0.411831 0.138999
vn -0.914282 0.073374 -0.398377
v 1.175911 -0.259216 1.027999
vn -0.038496 0.343705 -0.938288
v 2.292434 -0.263239 0.961830
vn -0.054329 0.343395 -0.937618
v 2.292434 -0.263239 0.961830
vn -0.068206 0.286294 -0.955711
v 1.175911 -0.259216 1.027999
vn -0.019103 0.925362 -0.378603
v 3.425723 -0.891037 -3.452392
vn -0.774304 0.632585 -0.017006
v 3.406681 -0.880558 -2.556726
vn -0.773216 0.615037 -0.154484
v 3.406681 -0.880558 -2.556726
vn -0.999157 0.036498 -0.018790
v 3.406681 -0.880558 -2.556726
vn -0.999267 0.031608 -0.021614
v 3.425723 -0.891037 -3.452392
vn -0.999267 0.031608 -0.021614
v 3.178766 -0.725511 -1.636719
vn -0.966936 0.031045 -0.253122
v 3.406681 -0.880558 -2.556726
vn -0.968977 0.030756 -0.245230
v 3.406681 -0.880558 -2.556726
vn -0.967214 0.040091 -0.250777
v 3.178766 -0.725511 -1.636719
vn -0.753213 0.592158 -0.286390
v 3.246390 -0.889041 -6.475194
vn -0.751836 0.564833 0.340156
v 3.414961 -0.891816 -6.071631
vn -0.778425 0.605623 0.165155
v 3.414961 -0.891816 -6.071631
vn -0.912185 0.044285 0.407378
v 3.414961 -0.891816 -6.071631
vn -0.922409 0.024102 0.385462
v 3.246390 -0.889041 -6.475194
vn -0.922409 0.024102 0.385462
v 3.428493 -0.893999 -5.223924
vn -0.999427 0.031920 0.011230
v 3.414961 -0.891816 -6.071631
vn -0.999361 0.031931 0.016035
v 3.414961 -0.891816 -6.071631
vn -0.999292 0.034819 0.014244
v 3.428493 -0.893999 -5.223924
vn -0.776099 0.630456 0.014012
v -3.399125 -0.893999 -5.223924
vn 0.776152 0.630467 0.009915
v -3.385594 -0.891816 -6.071631
vn 0.778426 0.605622 0.165154
v -3.385594 -0.891816 -6.071631
vn 0.999292 0.034820 0.014244
v -3.385594 -0.891816 -6.071631
vn 0.999361 0.031933 0.016034
v -3.399125 -0.893999 -5.223924
vn 0.999361 0.031933 0.016034
v -3.217023 -0.889041 -6.475194
vn 0.912304 0.024213 0.408797
v -3.385594 -0.891816 -6.071631
vn 0.922409 0.024102 0.385462
v -3.385594 -0.891816 -6.071631
vn 0.912185 0.044285 0.407378
v -3.217023 -0.889041 -6.475194
vn 0.760259 0.564516 0.321447
v -3.149399 -0.725511 -1.636719
vn 0.748303 0.594804 -0.293685
v -3.377314 -0.880558 -2.556727
vn 0.773217 0.615037 -0.154484
v -3.377314 -0.880558 -2.556727
vn 0.967214 0.040091 -0.250777
v -3.377314 -0.880558 -2.556727
vn 0.968977 0.030755 -0.245229
v -3.149399 -0.725511 -1.636719
vn 0.968977 0.030755 -0.245229
v -3.396356 -0.891037 -3.452392
vn 0.999381 0.031564 -0.015538
v -3.377314 -0.880558 -2.556727
vn 0.999267 0.031606 -0.021614
v -3.377314 -0.880558 -2.556727
vn 0.999157 0.036498 -0.018788
v -3.396356 -0.891037 -3.452392
vn 0.774134 0.632572 -0.023859
v -0.988517 0.562529 5.834066
vn 0.982487 -0.028931 -0.184072
v -0.481442 -0.908567 5.549903
vn 0.635037 0.772452 -0.006759
v -1.201704 1.333745 0.416457
vn 0.993229 0.070375 0.092433
v -0.713571 0.569167 0.376595
vn 0.458514 0.815215 0.353821
v -0.519013 1.719243 5.814633
vn 0.583560 -0.727920 -0.359987
v -0.503987 3.161314 1.378312
vn 0.630290 -0.769543 -0.102656
v -0.485921 3.190379 -1.945766
vn 0.540473 -0.821716 0.180754
v -0.480058 2.545148 -3.889398
vn 0.547189 -0.754875 0.361591
v -0.687627 2.149940 -3.795232
vn 0.833587 0.514179 0.201872
v 0.483441 -0.908567 5.549903
vn -0.635037 0.772452 -0.006758
v 0.484545 -0.363029 7.782327
vn -0.731723 0.411913 -0.543055
v 1.203704 1.333745 0.416456
vn -0.993229 0.070375 0.092433
v 0.715571 0.569167 0.376594
vn -0.458514 0.815215 0.353821
v 0.990517 0.562529 5.834066
vn -0.982487 -0.028930 -0.184072
v 0.521013 1.719243 5.814632
vn -0.583561 -0.727919 -0.359987
v 0.505987 3.161314 1.378312
vn -0.630290 -0.769543 -0.102656
v 0.689627 2.149940 -3.795232
vn -0.833588 0.514178 0.201872
v 0.482058 2.545148 -3.889398
vn -0.547191 -0.754874 0.361591
v 0.487921 3.190379 -1.945766
vn -0.540475 -0.821715 0.180754
v 0.001000 -0.925337 7.409832
vn -0.000000 0.913896 -0.405949
v 0.001000 2.145368 -4.703670
vn -0.000000 0.220796 0.975320
v -0.482546 -0.363029 7.782327
vn 0.731724 0.411912 -0.543055
v -0.504426 0.345298 8.125263
vn 0.772016 -0.052872 -0.633401
v 0.506425 0.345298 8.125263
vn -0.772016 -0.052872 -0.633400
v 19.291939 0.013156 0.153062
vn -0.001870 0.999989 -0.004316
v 14.645335 0.011859 1.866015
vn -0.001778 0.999991 -0.003859
v 14.633304 0.079687 2.047622
vn -0.188999 0.845701 -0.499069
v 14.645335 0.011859 1.866015
vn -0.133879 0.925421 -0.354503
v 14.645335 0.011859 1.866015
vn -0.160744 0.885786 -0.435368
v 9.693872 0.008312 3.768445
vn -0.158131 0.898322 -0.409894
v 14.645335 0.011859 1.866015
vn -0.158131 0.898322 -0.409894
v 14.645335 0.011859 1.866015
vn -0.134793 0.925285 -0.354513
v -19.308245 0.013156 0.146350
vn 0.160884 0.885561 -0.435772
v -14.677741 0.011859 1.853260
vn 0.147175 0.909259 -0.389342
v -14.665732 0.079687 2.034617
vn 0.189165 0.845394 -0.499526
v -14.677741 0.011859 1.853260
vn 0.001805 0.999990 -0.004218
v -14.677741 0.011859 1.853260
vn 0.001872 0.999989 -0.004320
v -9.743430 0.008312 3.749096
vn 0.001759 0.999995 -0.002707
v -14.677741 0.011859 1.853260
vn 0.001759 0.999995 -0.002707
v -14.677741 0.011859 1.853260
vn 0.001689 0.999990 -0.004210
v 23.930262 0.151001 -6.044153
vn -0.413006 0.000001 0.910729
v 19.645771 0.151001 -5.813769
vn 0.060278 -0.000004 0.998182
v 24.360569 0.151001 -5.008121
vn -0.959753 -0.000000 0.280845
v 23.840137 0.151000 -1.442225
vn -0.663508 0.000002 -0.748169
v 24.319698 0.151000 -2.685818
vn -0.959957 0.000000 -0.280146
v 19.353502 0.151000 0.328272
vn -0.361982 -0.000000 -0.932185
v -19.308245 0.288844 0.146350
vn 0.001872 -0.999989 -0.004320
v -14.677741 0.290140 1.853260
vn 0.001781 -0.999991 -0.003864
v -14.665732 0.222312 2.034617
vn 0.189163 -0.845396 -0.499523
v -14.677741 0.290140 1.853260
vn 0.134032 -0.925240 -0.354917
v -14.677741 0.290140 1.853260
vn 0.160884 -0.885561 -0.435772
v -9.743430 0.293687 3.749096
vn 0.158340 -0.898039 -0.410433
v -14.677741 0.290140 1.853260
vn 0.158340 -0.898039 -0.410433
v -14.677741 0.290140 1.853260
vn 0.134944 -0.925104 -0.354927
v -23.840668 0.151000 -1.443179
vn 0.664013 0.000002 -0.747721
v -19.369574 0.151000 0.321394
vn 0.362002 -0.000000 -0.932177
v -24.318619 0.151000 -2.686157
vn 0.960178 0.000000 -0.279389
v -23.930729 0.151001 -6.044360
vn 0.413991 0.000002 0.910281
v -24.359465 0.151001 -5.008204
vn 0.960037 0.000000 0.279875
v -19.661366 0.151001 -5.815182
vn -0.060210 -0.000000 0.998186
v 9.693872 0.293687 3.768445
vn -0.001755 -0.999995 -0.002702
v 14.645335 0.290140 1.866015
vn -0.001778 -0.999991 -0.003859
v 14.633304 0.222312 2.047622
vn -0.188997 -0.845702 -0.499067
v 14.645335 0.290140 1.866015
vn -0.134793 -0.925285 -0.354513
v 14.645335 0.290140 1.866015
vn -0.158133 -0.898319 -0.409899
v 14.645335 0.290140 1.866015
vn -0.160744 -0.885786 -0.435368
v 14.645335 0.290140 1.866015
vn -0.133879 -0.925421 -0.354503
v 19.291939 0.288844 0.153062
vn -0.001870 -0.999989 -0.004316
v -5.224343 0.411265 3.119675
vn 0.743294 -0.662185 -0.094997
v -5.484063 0.509851 0.400318
vn 0.816222 -0.570312 -0.092338
v -5.597727 0.354419 0.389238
vn 0.881037 -0.464056 -0.091796
v -5.484063 0.509851 0.400318
vn 0.024290 -0.998934 -0.039248
v -5.484063 0.509851 0.400318
vn 0.022425 -0.999012 -0.038359
v -5.745397 0.602404 -2.391863
vn 0.029460 -0.998922 -0.035869
v -5.484063 0.509851 0.400318
vn 0.029460 -0.998922 -0.035869
v -5.484063 0.509851 0.400318
vn 0.024160 -0.999023 -0.036999
v 5.747096 0.602404 -2.391866
vn -0.892074 -0.441130 -0.098024
v 5.486048 0.509851 0.400318
vn -0.816126 -0.570456 -0.092299
v 5.599720 0.354419 0.389238
vn -0.881032 -0.464070 -0.091773
v 5.486048 0.509851 0.400318
vn -0.024160 -0.999023 -0.036995
v 5.486048 0.509851 0.400318
vn -0.029455 -0.998922 -0.035865
v 5.226342 0.411265 3.119675
vn -0.022425 -0.999012 -0.038359
v 5.486048 0.509851 0.400318
vn -0.022425 -0.999012 -0.038359
v 5.486048 0.509851 0.400318
vn -0.024290 -0.998934 -0.039248
v -1.891641 0.705280 -5.110232
vn -0.000446 -0.388814 0.921316
v 0.000967 0.708961 -5.107763
vn 0.000004 -0.351739 0.936098
v 0.000967 0.708961 -5.107763
vn 0.006521 -0.999896 0.012896
v 0.000967 0.708961 -5.107763
vn 0.001938 -0.999986 0.004944
v 1.892927 0.705280 -5.110240
vn -0.001939 -0.999986 0.004944
v 0.000967 0.708961 -5.107763
vn -0.001939 -0.999986 0.004944
v 0.000967 0.708961 -5.107763
vn -0.006523 -0.999896 0.012897
v -4.024870 0.206102 -8.090157
vn -0.893730 -0.448181 0.019531
v -4.086627 0.370652 -7.140181
vn -0.942776 -0.325776 0.071013
v -4.086627 0.370652 -7.140181
vn -0.040157 -0.983929 0.173985
v -4.086627 0.370652 -7.140181
vn -0.028858 -0.985231 0.168781
v -3.976921 0.536238 -6.149776
vn -0.030429 -0.985300 0.168103
v -4.086627 0.370652 -7.140181
vn -0.030429 -0.985300 0.168103
v -4.086627 0.370652 -7.140181
vn -0.039829 -0.985599 0.164345
v -6.077181 0.211262 -8.128797
vn 0.017375 -0.984374 0.175232
v -6.075748 0.374026 -7.214603
vn 0.022447 -0.985830 0.166240
v -6.075748 0.374026 -7.214603
vn 0.932581 -0.358259 0.044080
v -6.075748 0.374026 -7.214603
vn 0.855841 -0.509461 0.089363
v -6.075748 0.374026 -7.214603
vn 0.950054 -0.311342 0.021518
v -6.075748 0.374026 -7.214603
vn 0.933593 -0.357783 0.019879
v -6.046189 0.534254 -6.201359
vn 0.025339 -0.987523 0.155421
v 6.076842 0.211261 -8.128821
vn -0.848632 -0.520927 0.091968
v 6.076004 0.374025 -7.214623
vn -0.918428 -0.392985 0.045314
v 6.076004 0.374025 -7.214623
vn -0.022628 -0.983717 0.178295
v 6.076004 0.374025 -7.214623
vn -0.016855 -0.984381 0.175244
v 6.047017 0.534254 -6.201371
vn -0.025068 -0.987527 0.155444
v 6.076004 0.374025 -7.214623
vn -0.025068 -0.987527 0.155444
v 6.076004 0.374025 -7.214623
vn -0.023451 -0.987439 0.156253
v 3.957798 0.206066 -8.090910
vn 0.027933 -0.985363 0.168166
v 4.042274 0.370627 -7.140700
vn 0.034044 -0.985179 0.168118
v 4.042274 0.370627 -7.140700
vn 0.953270 -0.296301 -0.059005
v 4.042274 0.370627 -7.140700
vn 0.888501 -0.458874 0.000480
v 4.042274 0.370627 -7.140700
vn 0.954214 -0.269807 0.129147
v 4.042274 0.370627 -7.140700
vn 0.947142 -0.294472 0.127311
v 3.955018 0.536225 -6.150045
vn 0.030103 -0.985433 0.167377
v -5.592489 0.033123 -11.756162
vn 0.020034 -0.789949 0.612845
v -5.095643 0.032690 -11.772962
vn 0.008665 -0.763607 0.645623
v -5.095659 -0.021779 -11.839408
vn 0.011692 -0.640371 0.767977
v -5.095643 0.032690 -11.772962
vn 0.002053 -0.999957 0.009015
v -5.095643 0.032690 -11.772962
vn -0.000637 -0.999976 0.006931
v -4.500951 0.031541 -11.779330
vn -0.001821 -0.999945 0.010345
v -5.095643 0.032690 -11.772962
vn -0.001821 -0.999945 0.010345
v -5.095643 0.032690 -11.772962
vn -0.000398 -0.999959 0.009006
v -6.076684 0.036578 -10.459703
vn 0.559502 -0.828773 0.009614
v -6.126378 0.004758 -10.459529
vn 0.690677 -0.723061 0.012217
v -6.076684 0.036578 -10.459703
vn 0.006934 -0.999924 0.010239
v -6.076684 0.036578 -10.459703
vn 0.010037 -0.999916 0.008155
v -6.077145 0.042362 -9.749899
vn 0.010037 -0.999916 0.008155
v -6.068178 0.034910 -11.117264
vn 0.005520 -0.999981 0.002608
v -6.076684 0.036578 -10.459703
vn 0.005520 -0.999981 0.002608
v -6.076684 0.036578 -10.459703
vn 0.006879 -0.999970 0.003587
v 5.566876 0.033120 -11.756446
vn 0.000610 -0.999976 0.006928
v 5.045769 0.032684 -11.773493
vn 0.000198 -0.999961 0.008817
v 5.045691 -0.021782 -11.839938
vn -0.011454 -0.640380 0.767973
v 5.045769 0.032684 -11.773493
vn -0.016502 -0.773263 0.633871
v 5.045769 0.032684 -11.773493
vn -0.019388 -0.789951 0.612863
v 4.426430 0.031534 -11.780090
vn -0.006122 -0.714829 0.699273
v 5.045769 0.032684 -11.773493
vn -0.006122 -0.714829 0.699273
v 5.045769 0.032684 -11.773493
vn 0.007943 -0.773357 0.633920
v 6.075863 0.042361 -9.749934
vn -0.009579 -0.999921 0.008159
v 6.075043 0.036577 -10.459743
vn -0.007000 -0.999957 0.006150
v 6.127090 0.004758 -10.459543
vn -0.675017 -0.737694 0.012594
v 6.075043 0.036577 -10.459743
vn -0.521608 -0.853163 0.006094
v 6.075043 0.036577 -10.459743
vn -0.535805 -0.844309 0.007499
v 6.075043 0.036577 -10.459743
vn -0.588064 -0.808752 0.010080
v 6.075043 0.036577 -10.459743
vn -0.521580 -0.853057 0.015766
v 6.066066 0.034909 -11.117307
vn -0.005258 -0.999983 0.002608
v -1.975952 0.029721 -11.785448
vn -0.000015 -0.657746 0.753240
v -0.050800 0.029154 -11.785904
vn 0.000096 -0.657159 0.753752
v -0.050893 -0.048024 -11.853086
vn 0.000109 -0.518662 0.854980
v -0.050800 0.029154 -11.785904
vn -0.000154 -0.999921 0.012597
v -0.050800 0.029154 -11.785904
vn -0.000292 -0.999926 0.012184
v 1.875500 0.029717 -11.785942
vn 0.000292 -0.999926 0.012175
v -0.050800 0.029154 -11.785904
vn 0.000292 -0.999926 0.012175
v -0.050800 0.029154 -11.785904
vn 0.000152 -0.999921 0.012597
v 1.893475 0.035070 -9.118364
vn 0.017374 -0.668169 -0.743806
v -0.047157 0.029530 -9.158718
vn -0.000107 -0.665451 -0.746441
v -0.047078 -0.047568 -9.090508
vn -0.000121 -0.521052 -0.853525
v -0.047157 0.029530 -9.158718
vn 0.001644 -0.999924 -0.012199
v -0.047157 0.029530 -9.158718
vn 0.003019 -0.999964 -0.007918
v -1.986238 0.035094 -9.117865
vn -0.003036 -0.999964 -0.007901
v -0.047157 0.029530 -9.158718
vn -0.003036 -0.999964 -0.007901
v -0.047157 0.029530 -9.158718
vn -0.001658 -0.999924 -0.012194
v 4.251271 1.003002 -0.043101
vn 0.000003 -0.984452 -0.175653
v 4.251271 1.028396 -1.871625
vn 0.000002 -0.999939 -0.011048
v 4.251271 0.758214 0.490283
vn 0.000006 -0.893061 -0.449935
v 4.351944 1.057935 -6.026650
vn -0.999597 -0.028391 -0.000349
v 4.352718 1.007730 -4.159230
vn -0.999843 -0.017697 -0.000555
v 4.357895 0.764228 -6.893702
vn -0.999945 -0.010516 -0.000602
v 4.303214 1.031837 -3.911939
vn -0.388868 -0.921143 -0.016665
v 4.352718 1.007730 -4.159230
vn -0.538219 -0.842415 -0.025621
v 4.352718 1.007730 -4.159230
vn -0.607056 -0.794379 -0.021105
v 4.352718 1.007730 -4.159230
vn -0.413812 -0.910352 -0.004288
v 4.352718 1.007730 -4.159230
vn -0.459823 -0.887994 -0.005484
v 4.351851 0.998940 -2.209390
vn -0.999885 -0.015142 -0.000513
v 4.251271 1.239011 -7.549279
vn 0.000003 -0.895326 -0.445412
v 4.251271 2.486642 -8.374828
vn 0.000006 -0.528429 -0.848977
v 4.251271 1.109589 -5.690446
vn 0.000002 -0.998668 -0.051606
v 4.149824 1.007730 -4.159230
vn 0.999843 -0.017699 -0.000555
v 4.144646 0.764228 -6.893702
vn 0.999945 -0.010515 -0.000602
v 4.199328 1.031837 -3.911939
vn 0.388869 -0.921142 -0.016665
v 4.149824 1.007730 -4.159230
vn 0.459823 -0.887993 -0.005484
v 4.149824 1.007730 -4.159230
vn 0.413813 -0.910352 -0.004288
v 4.150692 0.998940 -2.209390
vn 0.413813 -0.910352 -0.004288
v 4.150598 1.057935 -6.026650
vn 0.607056 -0.794379 -0.021105
v 4.149824 1.007730 -4.159230
vn 0.607056 -0.794379 -0.021105
v 4.149824 1.007730 -4.159230
vn 0.538219 -0.842415 -0.025621
v 4.351851 4.919393 -9.882272
vn -0.999986 -0.002930 -0.004421
v 4.352718 3.587709 -9.195727
vn -0.999985 -0.002803 -0.004721
v 4.357895 2.115154 -9.540374
vn -0.999994 -0.002027 -0.002902
v 4.303214 3.722660 -9.158460
vn -0.807412 -0.286299 -0.515867
v 4.352718 3.587709 -9.195727
vn -0.889039 -0.214413 -0.404520
v 4.352718 3.587709 -9.195727
vn -0.849394 -0.242274 -0.468864
v 4.352718 3.587709 -9.195727
vn -0.909268 -0.207005 -0.361083
v 4.352718 3.587709 -9.195727
vn -0.896248 -0.222863 -0.383498
v 4.351944 2.305566 -8.458741
vn -0.999974 -0.003120 -0.006477
v 4.251271 6.354932 -10.552854
vn 0.000004 -0.751373 -0.659877
v 4.251271 6.484354 -11.235122
vn 0.000006 -0.990261 -0.139222
v 4.251271 5.107301 -9.849354
vn 0.000007 -0.483239 -0.875489
v 4.149824 3.587709 -9.195727
vn 0.999985 -0.002803 -0.004721
v 4.144646 2.115154 -9.540374
vn 0.999994 -0.002027 -0.002902
v 4.199328 3.722660 -9.158460
vn 0.807413 -0.286298 -0.515865
v 4.149824 3.587709 -9.195727
vn 0.896248 -0.222863 -0.383498
v 4.149824 3.587709 -9.195727
vn 0.909267 -0.207006 -0.361086
v 4.150598 2.305566 -8.458741
vn 0.909267 -0.207006 -0.361086
v 4.150692 4.919393 -9.882272
vn 0.849394 -0.242274 -0.468864
v 4.149824 3.587709 -9.195727
vn 0.849394 -0.242274 -0.468864
v 4.149824 3.587709 -9.195727
vn 0.889039 -0.214413 -0.404520
v 4.351851 4.659256 -12.823767
vn -0.871449 0.075315 0.484669
v 4.352822 3.078502 -12.576379
vn -0.897675 0.060046 0.436548
v 4.303305 3.190595 -12.705604
vn -0.834952 0.074848 0.545209
v 4.358012 1.848200 -11.282464
vn -0.999997 -0.000640 0.002250
v 4.352822 3.078502 -12.576379
vn -0.999991 0.000299 0.004296
v 4.352822 3.078502 -12.576379
vn -0.999990 0.000100 0.004564
v 4.355435 1.481496 -12.379617
vn -0.999996 -0.001344 0.002368
v 4.352822 3.078502 -12.576379
vn -0.999996 -0.001344 0.002368
v 4.352822 3.078502 -12.576379
vn -0.999995 -0.000875 0.003180
v 4.150692 4.659256 -12.823767
vn 0.999990 0.000100 0.004565
v 4.149720 3.078502 -12.576379
vn 0.999994 -0.000455 0.003602
v 4.144530 1.848200 -11.282464
vn 0.999997 -0.000640 0.002250
v 4.199237 3.190595 -12.705604
vn 0.834953 0.074847 0.545207
v 4.149720 3.078502 -12.576379
vn 0.915058 0.056203 0.399386
v 4.149720 3.078502 -12.576379
vn 0.871449 0.075315 0.484669
v 4.147107 1.481497 -12.379617
vn 0.884336 0.055662 0.463521
v 4.149720 3.078502 -12.576379
vn 0.884336 0.055662 0.463521
v 4.149720 3.078502 -12.576379
vn 0.916345 0.052766 0.396898
v 4.251271 6.316222 -13.143369
vn 0.000005 -0.394355 0.918958
v 4.251271 6.471037 -12.551204
vn 0.000005 -0.982821 0.184562
v 4.251271 4.823803 -12.978265
vn 0.000007 0.120672 0.992692
v -4.249449 1.003002 -0.043101
vn -0.000003 -0.984452 -0.175653
v -4.249449 1.028396 -1.871625
vn -0.000003 -0.999939 -0.011048
v -4.249449 0.758214 0.490283
vn -0.000006 -0.893061 -0.449935
v -4.148777 1.057935 -6.026650
vn -0.999597 -0.028397 -0.000349
v -4.148002 1.007730 -4.159230
vn -0.999843 -0.017696 -0.000555
v -4.142826 0.764228 -6.893702
vn -0.999945 -0.010515 -0.000602
v -4.197506 1.031836 -3.911939
vn -0.388869 -0.921142 -0.016664
v -4.148002 1.007730 -4.159230
vn -0.538207 -0.842423 -0.025621
v -4.148002 1.007730 -4.159230
vn -0.607045 -0.794387 -0.021105
v -4.148002 1.007730 -4.159230
vn -0.413813 -0.910352 -0.004288
v -4.148002 1.007730 -4.159230
vn -0.459808 -0.888001 -0.005484
v -4.148870 0.998940 -2.209390
vn -0.999885 -0.015139 -0.000513
v -4.249449 1.239011 -7.549279
vn -0.000004 -0.895326 -0.445412
v -4.249449 2.486642 -8.374828
vn -0.000003 -0.528429 -0.848977
v -4.249449 1.109588 -5.690446
vn -0.000005 -0.998668 -0.051606
v -4.350897 1.007730 -4.159230
vn 0.999843 -0.017697 -0.000555
v -4.356074 0.764228 -6.893702
vn 0.999945 -0.010519 -0.000602
v -4.301393 1.031836 -3.911939
vn 0.388866 -0.921144 -0.016664
v -4.350897 1.007730 -4.159230
vn 0.459808 -0.888001 -0.005484
v -4.350897 1.007730 -4.159230
vn 0.413813 -0.910352 -0.004288
v -4.350029 0.998940 -2.209390
vn 0.413813 -0.910352 -0.004288
v -4.350123 1.057935 -6.026650
vn 0.607038 -0.794392 -0.021105
v -4.350897 1.007730 -4.159230
vn 0.607038 -0.794392 -0.021105
v -4.350897 1.007730 -4.159230
vn 0.538207 -0.842423 -0.025621
v -4.148870 4.919393 -9.882272
vn -0.999986 -0.002930 -0.004420
v -4.148002 3.587709 -9.195727
vn -0.999985 -0.002803 -0.004720
v -4.142826 2.115154 -9.540374
vn -0.999994 -0.002027 -0.002902
v -4.197506 3.722660 -9.158460
vn -0.807413 -0.286298 -0.515865
v -4.148002 3.587709 -9.195727
vn -0.889039 -0.214413 -0.404519
v -4.148002 3.587709 -9.195727
vn -0.849394 -0.242274 -0.468864
v -4.148002 3.587709 -9.195727
vn -0.909268 -0.207005 -0.361084
v -4.148002 3.587709 -9.195727
vn -0.896248 -0.222863 -0.383499
v -4.148777 2.305566 -8.458741
vn -0.999974 -0.003119 -0.006478
v -4.249449 6.354932 -10.552855
vn -0.000004 -0.751373 -0.659877
v -4.249449 6.484354 -11.235124
vn -0.000006 -0.990261 -0.139222
v -4.249449 5.107301 -9.849355
vn -0.000007 -0.483239 -0.875489
v -4.350897 3.587709 -9.195727
vn 0.999985 -0.002803 -0.004721
v -4.356074 2.115154 -9.540374
vn 0.999994 -0.002027 -0.002903
v -4.301393 3.722660 -9.158460
vn 0.807409 -0.286301 -0.515870
v -4.350897 3.587709 -9.195727
vn 0.896248 -0.222863 -0.383499
v -4.350897 3.587709 -9.195727
vn 0.909264 -0.207009 -0.361091
v -4.350123 2.305566 -8.458741
vn 0.909264 -0.207009 -0.361091
v -4.350029 4.919393 -9.882272
vn 0.849394 -0.242274 -0.468864
v -4.350897 3.587709 -9.195727
vn 0.849394 -0.242274 -0.468864
v -4.350897 3.587709 -9.195727
vn 0.889039 -0.214413 -0.404520
v -4.249449 6.316222 -13.143369
vn -0.000002 -0.394355 0.918958
v -4.249449 6.471037 -12.551204
vn -0.000006 -0.982821 0.184562
v -4.249449 4.823802 -12.978265
vn -0.000007 0.120672 0.992692
v -4.148870 4.659256 -12.823767
vn -0.871449 0.075315 0.484669
v -4.147899 3.078502 -12.576379
vn -0.897675 0.060046 0.436548
v -4.197416 3.190595 -12.705604
vn -0.834952 0.074848 0.545209
v -4.142709 1.848200 -11.282464
vn -0.999997 -0.000640 0.002250
v -4.147899 3.078502 -12.576379
vn -0.999991 0.000299 0.004296
v -4.147899 3.078502 -12.576379
vn -0.999990 0.000100 0.004564
v -4.145286 1.481496 -12.379617
vn -0.999996 -0.001344 0.002368
v -4.147899 3.078502 -12.576379
vn -0.999996 -0.001344 0.002368
v -4.147899 3.078502 -12.576379
vn -0.999995 -0.000875 0.003180
v -4.351001 3.078502 -12.576379
vn 0.999994 -0.000455 0.003602
v -4.356191 1.848200 -11.282464
vn 0.999997 -0.000640 0.002250
v -4.301484 3.190595 -12.705604
vn 0.834954 0.074847 0.545207
v -4.351001 3.078502 -12.576379
vn 0.915058 0.056203 0.399386
v -4.351001 3.078502 -12.576379
vn 0.871449 0.075315 0.484669
v -4.350029 4.659256 -12.823767
vn 0.871449 0.075315 0.484669
v -4.353614 1.481496 -12.379617
vn 0.884332 0.055663 0.463528
v -4.351001 3.078502 -12.576379
vn 0.884332 0.055663 0.463528
v -4.351001 3.078502 -12.576379
vn 0.916345 0.052767 0.396899
v 4.251271 -0.352437 5.420742
vn 0.000002 0.947856 -0.318698
v 4.251271 -0.490247 4.433192
vn 0.000002 0.990842 -0.135025
v 4.251271 -0.228782 5.527950
vn 0.000001 0.566802 -0.823854
v 4.351851 -0.747162 1.623112
vn -0.799475 0.595468 -0.079110
v 4.352671 -0.613102 2.623906
vn -0.798973 0.596677 -0.074953
v 4.303214 -0.623193 3.102752
vn -0.727985 0.680221 -0.085659
v 4.357801 -0.503927 -3.071899
vn -0.999987 0.005058 -0.000600
v 4.352671 -0.613102 2.623906
vn -0.999989 0.004664 -0.000811
v 4.352671 -0.613102 2.623906
vn -0.999912 0.013232 -0.000953
v 4.351851 -0.479041 3.764729
vn -0.999988 0.004756 -0.001278
v 4.352671 -0.613102 2.623906
vn -0.999988 0.004756 -0.001278
v 4.352671 -0.613102 2.623906
vn -0.999961 0.008817 -0.000732
v 4.150692 -0.747162 1.623112
vn 0.999912 0.013246 -0.000953
v 4.149870 -0.613102 2.623906
vn 0.999969 0.007868 -0.000944
v 4.144741 -0.503927 -3.071899
vn 0.999987 0.005057 -0.000600
v 4.199328 -0.623193 3.102752
vn 0.727983 0.680223 -0.085659
v 4.149870 -0.613102 2.623906
vn 0.815976 0.573560 -0.072192
v 4.149870 -0.613102 2.623906
vn 0.799470 0.595474 -0.079109
v 4.149870 -0.613102 2.623906
vn 0.762169 0.642891 -0.076097
v 4.149870 -0.613102 2.623906
vn 0.816195 0.573246 -0.072221
v 4.150692 -0.479041 3.764729
vn 0.999988 0.004748 -0.001278
v 4.251271 -0.887986 1.118414
vn 0.000003 0.998375 -0.056980
v 4.251271 -0.761644 2.272187
vn 0.000006 0.993560 -0.113306
v 4.351907 -0.886557 -4.424015
vn -0.416545 0.909094 -0.006168
v 4.352700 -0.874919 -2.762273
vn -0.400993 0.916073 -0.003783
v 4.357858 -0.641186 -5.924390
vn -0.999897 0.014383 -0.000325
v 4.352700 -0.874919 -2.762273
vn -0.999888 0.014968 -0.000525
v 4.352700 -0.874919 -2.762273
vn -0.999332 0.036538 0.000221
v 4.351851 -0.873504 -0.971147
vn -0.999788 0.020583 -0.000490
v 4.352700 -0.874919 -2.762273
vn -0.999788 0.020583 -0.000490
v 4.352700 -0.874919 -2.762273
vn -0.999809 0.019535 -0.000187
v 4.150636 -0.886557 -4.424015
vn 0.999332 0.036539 0.000221
v 4.149843 -0.874919 -2.762273
vn 0.999738 0.022912 -0.000245
v 4.144684 -0.641186 -5.924391
vn 0.999897 0.014385 -0.000325
v 4.149843 -0.874919 -2.762273
vn 0.421336 0.906885 -0.005945
v 4.149843 -0.874919 -2.762273
vn 0.416546 0.909094 -0.006168
v 4.149843 -0.874919 -2.762273
vn 0.361651 0.932313 -0.000908
v 4.149843 -0.874919 -2.762273
vn 0.403919 0.914792 -0.002105
v 4.150692 -0.873504 -0.971147
vn 0.999788 0.020590 -0.000490
v 4.251271 -0.939182 -5.677993
vn 0.000003 0.983911 -0.178661
v 4.251271 -1.136592 -6.160573
vn 0.000007 0.910077 -0.414440
v 4.351892 -1.554168 -7.075346
vn -0.887482 0.356239 -0.292351
v 4.352721 -1.291413 -6.757688
vn -0.877977 0.403366 -0.257783
v 4.303214 -1.325137 -6.641190
vn -0.803744 0.502683 -0.318285
v 4.357899 -0.868440 -8.042422
vn -0.999992 0.003345 -0.002076
v 4.352721 -1.291413 -6.757688
vn -0.999993 0.001768 -0.003448
v 4.352721 -1.291413 -6.757688
vn -0.999953 0.008618 -0.004518
v 4.351907 -1.083966 -6.347079
vn -0.999978 0.004881 -0.004449
v 4.352721 -1.291413 -6.757688
vn -0.999978 0.004881 -0.004449
v 4.352721 -1.291413 -6.757688
vn -0.999976 0.006744 -0.001810
v 4.150651 -1.554168 -7.075346
vn 0.999953 0.008616 -0.004518
v 4.149822 -1.291413 -6.757688
vn 0.999979 0.005504 -0.003557
v 4.144643 -0.868440 -8.042422
vn 0.999992 0.003346 -0.002076
v 4.199328 -1.325137 -6.641190
vn 0.803749 0.502678 -0.318281
v 4.149822 -1.291413 -6.757688
vn 0.894774 0.348297 -0.279408
v 4.149822 -1.291413 -6.757688
vn 0.887481 0.356240 -0.292353
v 4.149822 -1.291413 -6.757688
vn 0.866243 0.445249 -0.226665
v 4.149822 -1.291413 -6.757688
vn 0.857008 0.460719 -0.230815
v 4.150636 -1.083966 -6.347079
vn 0.999978 0.004883 -0.004449
v 4.251271 -1.943463 -7.244806
vn 0.000006 0.418789 -0.908084
v 4.251271 -3.195779 -7.388121
vn 0.000007 0.107885 -0.994163
v 4.251271 -1.618269 -6.917482
vn 0.000010 0.747426 -0.664345
v 4.351851 -5.103245 -10.561288
vn -0.999987 0.001626 0.004889
v 4.352824 -3.336619 -10.949775
vn -0.999991 0.001762 0.003812
v 4.358016 -1.926325 -10.223109
vn -0.999996 0.001410 0.002275
v 4.303305 -3.465927 -11.025820
vn -0.815145 0.133119 0.563754
v 4.352824 -3.336619 -10.949775
vn -0.901910 0.098005 0.420657
v 4.352824 -3.336619 -10.949775
vn -0.854843 0.111891 0.506679
v 4.355439 -1.554266 -11.392485
vn -0.865516 0.121938 0.485811
v 4.352824 -3.336619 -10.949775
vn -0.865516 0.121938 0.485811
v 4.352824 -3.336619 -10.949775
vn -0.903076 0.100238 0.417620
v 4.251271 -6.957162 -10.211821
vn 0.000002 0.590928 0.806724
v 4.251271 -7.129999 -9.612678
vn 0.000002 0.978045 0.208392
v 4.251271 -5.291022 -10.641109
vn 0.000002 0.241384 0.970430
v 4.147103 -1.554266 -11.392485
vn 0.999995 0.002095 0.002528
v 4.149718 -3.336619 -10.949775
vn 0.999991 0.001762 0.003812
v 4.144526 -1.926325 -10.223109
vn 0.999996 0.001410 0.002275
v 4.199236 -3.465927 -11.025820
vn 0.815146 0.133119 0.563753
v 4.149718 -3.336619 -10.949775
vn 0.903079 0.100236 0.417614
v 4.149718 -3.336619 -10.949775
vn 0.865520 0.121936 0.485804
v 4.150692 -5.103245 -10.561288
vn 0.854848 0.111890 0.506672
v 4.149718 -3.336619 -10.949775
vn 0.854848 0.111890 0.506672
v 4.149718 -3.336619 -10.949775
vn 0.901914 0.098004 0.420650
v 4.351851 -5.564778 -7.769091
vn -0.861654 0.047757 -0.505243
v 4.352693 -4.246444 -7.645916
vn -0.880040 0.049251 -0.472339
v 4.303214 -4.407015 -7.565644
vn -0.811734 0.061060 -0.580826
v 4.357843 -2.415637 -8.512252
vn -0.999994 0.000689 -0.003370
v 4.352693 -4.246444 -7.645916
vn -0.999990 0.000712 -0.004439
v 4.352693 -4.246444 -7.645916
vn -0.999989 0.001068 -0.004599
v 4.351892 -2.983416 -7.501753
vn -0.999969 0.000260 -0.007832
v 4.352693 -4.246444 -7.645916
vn -0.999969 0.000260 -0.007832
v 4.352693 -4.246444 -7.645916
vn -0.999991 0.000887 -0.004070
v 4.150692 -5.564778 -7.769091
vn 0.999989 0.001069 -0.004600
v 4.149850 -4.246444 -7.645916
vn 0.999986 0.000732 -0.005236
v 4.144699 -2.415637 -8.512252
vn 0.999994 0.000689 -0.003371
v 4.199328 -4.407015 -7.565644
vn 0.811738 0.061059 -0.580821
v 4.149850 -4.246444 -7.645916
vn 0.889504 0.046869 -0.454517
v 4.149850 -4.246444 -7.645916
vn 0.861654 0.047757 -0.505243
v 4.149850 -4.246444 -7.645916
vn 0.877294 0.053880 -0.476919
v 4.149850 -4.246444 -7.645916
vn 0.890655 0.048436 -0.452092
v 4.150651 -2.983416 -7.501753
vn 0.999969 0.000260 -0.007832
v 4.251271 -7.025842 -7.836722
vn 0.000005 0.526086 -0.850431
v 4.251271 -7.153626 -8.408834
vn 0.000005 0.987149 -0.159802
v 4.251271 -5.794004 -7.668015
vn 0.000007 0.123809 -0.992306
v -4.249450 -0.352437 5.420742
vn 0.000003 0.947856 -0.318699
v -4.249450 -0.490247 4.433192
vn 0.000007 0.990842 -0.135025
v -4.249450 -0.228781 5.527951
vn 0.000001 0.566801 -0.823855
v -4.249449 -0.887986 1.118414
vn -0.000003 0.998375 -0.056980
v -4.249449 -0.761644 2.272187
vn -0.000007 0.993560 -0.113306
v -4.148870 -0.747162 1.623112
vn -0.799477 0.595465 -0.079110
v -4.148050 -0.613101 2.623906
vn -0.798977 0.596672 -0.074953
v -4.197507 -0.623193 3.102752
vn -0.727987 0.680218 -0.085659
v -4.142920 -0.503927 -3.071899
vn -0.999987 0.005058 -0.000600
v -4.148050 -0.613101 2.623906
vn -0.999989 0.004664 -0.000811
v -4.148050 -0.613101 2.623906
vn -0.999912 0.013231 -0.000953
v -4.148050 -0.613101 2.623906
vn -0.999988 0.004753 -0.001278
v -4.148050 -0.613101 2.623906
vn -0.999961 0.008817 -0.000732
v -4.148871 -0.479041 3.764730
vn -0.762164 0.642896 -0.076096
v -4.350850 -0.613101 2.623906
vn 0.999969 0.007869 -0.000944
v -4.355981 -0.503927 -3.071899
vn 0.999987 0.005058 -0.000600
v -4.301393 -0.623193 3.102752
vn 0.727989 0.680217 -0.085658
v -4.350850 -0.613101 2.623906
vn 0.815985 0.573547 -0.072190
v -4.350850 -0.613101 2.623906
vn 0.799474 0.595468 -0.079110
v -4.350029 -0.747162 1.623112
vn 0.799474 0.595468 -0.079110
v -4.350029 -0.479041 3.764729
vn 0.762159 0.642902 -0.076097
v -4.350850 -0.613101 2.623906
vn 0.762159 0.642902 -0.076097
v -4.350850 -0.613101 2.623906
vn 0.816206 0.573230 -0.072220
v -4.249450 -0.939182 -5.677994
vn 0.000002 0.983910 -0.178663
v -4.249450 -1.136592 -6.160573
vn 0.000002 0.910076 -0.414440
v -4.148815 -0.886557 -4.424015
vn -0.416553 0.909091 -0.006168
v -4.148022 -0.874919 -2.762273
vn -0.401000 0.916070 -0.003783
v -4.142863 -0.641186 -5.924391
vn -0.999897 0.014385 -0.000325
v -4.148022 -0.874919 -2.762273
vn -0.999888 0.014971 -0.000525
v -4.148022 -0.874919 -2.762273
vn -0.999332 0.036539 0.000221
v -4.148022 -0.874919 -2.762273
vn -0.999788 0.020589 -0.000490
v -4.148022 -0.874919 -2.762273
vn -0.999809 0.019543 -0.000187
v -4.148870 -0.873504 -0.971147
vn -0.361650 0.932314 -0.000908
v -4.350878 -0.874919 -2.762273
vn 0.999738 0.022906 -0.000245
v -4.356037 -0.641186 -5.924391
vn 0.999897 0.014388 -0.000325
v -4.350878 -0.874919 -2.762273
vn 0.421342 0.906882 -0.005945
v -4.350878 -0.874919 -2.762273
vn 0.416544 0.909095 -0.006168
v -4.350086 -0.886557 -4.424015
vn 0.416544 0.909095 -0.006168
v -4.350029 -0.873504 -0.971147
vn 0.361651 0.932313 -0.000908
v -4.350878 -0.874919 -2.762273
vn 0.361651 0.932313 -0.000908
v -4.350878 -0.874919 -2.762273
vn 0.403927 0.914789 -0.002106
v -4.249450 -1.943463 -7.244806
vn 0.000003 0.418789 -0.908083
v -4.249450 -3.195780 -7.388121
vn 0.000002 0.107886 -0.994163
v -4.249450 -1.618269 -6.917482
vn 0.000005 0.747426 -0.664345
v -4.148829 -1.554168 -7.075346
vn -0.887483 0.356237 -0.292352
v -4.148001 -1.291414 -6.757688
vn -0.877980 0.403362 -0.257781
v -4.197507 -1.325137 -6.641190
vn -0.803746 0.502681 -0.318282
v -4.142822 -0.868440 -8.042422
vn -0.999992 0.003346 -0.002076
v -4.148001 -1.291414 -6.757688
vn -0.999992 0.001770 -0.003449
v -4.148001 -1.291414 -6.757688
vn -0.999953 0.008612 -0.004517
v -4.148001 -1.291414 -6.757688
vn -0.999978 0.004883 -0.004449
v -4.148001 -1.291414 -6.757688
vn -0.999976 0.006747 -0.001810
v -4.148815 -1.083967 -6.347079
vn -0.866247 0.445242 -0.226661
v -4.350900 -1.291414 -6.757688
vn 0.999979 0.005503 -0.003556
v -4.356079 -0.868440 -8.042422
vn 0.999992 0.003345 -0.002076
v -4.301393 -1.325137 -6.641190
vn 0.803744 0.502684 -0.318284
v -4.350900 -1.291414 -6.757688
vn 0.894768 0.348305 -0.279417
v -4.350900 -1.291414 -6.757688
vn 0.887481 0.356242 -0.292353
v -4.350071 -1.554168 -7.075346
vn 0.887481 0.356242 -0.292353
v -4.350086 -1.083967 -6.347079
vn 0.866241 0.445252 -0.226666
v -4.350900 -1.291414 -6.757688
vn 0.866241 0.445252 -0.226666
v -4.350900 -1.291414 -6.757688
vn 0.856997 0.460736 -0.230820
v -4.148871 -5.103245 -10.561288
vn -0.999987 0.001627 0.004889
v -4.147897 -3.336619 -10.949775
vn -0.999991 0.001762 0.003812
v -4.142705 -1.926325 -10.223110
vn -0.999996 0.001410 0.002275
v -4.197416 -3.465927 -11.025820
vn -0.815145 0.133119 0.563754
v -4.147897 -3.336619 -10.949775
vn -0.901910 0.098005 0.420657
v -4.147897 -3.336619 -10.949775
vn -0.854848 0.111890 0.506671
v -4.145282 -1.554266 -11.392485
vn -0.865517 0.121938 0.485810
v -4.147897 -3.336619 -10.949775
vn -0.865517 0.121938 0.485810
v -4.147897 -3.336619 -10.949775
vn -0.903076 0.100238 0.417620
v -4.249450 -6.957163 -10.211821
vn 0.000002 0.590927 0.806725
v -4.249450 -7.129999 -9.612678
vn 0.000002 0.978046 0.208391
v -4.249450 -5.291022 -10.641109
vn 0.000002 0.241383 0.970430
v -4.353619 -1.554266 -11.392485
vn 0.999995 0.002095 0.002527
v -4.351004 -3.336619 -10.949775
vn 0.999991 0.001762 0.003811
v -4.356195 -1.926325 -10.223110
vn 0.999996 0.001410 0.002275
v -4.301484 -3.465927 -11.025820
vn 0.815144 0.133119 0.563755
v -4.351004 -3.336619 -10.949775
vn 0.903073 0.100239 0.417626
v -4.351004 -3.336619 -10.949775
vn 0.865517 0.121938 0.485810
v -4.350030 -5.103245 -10.561288
vn 0.854843 0.111892 0.506679
v -4.351004 -3.336619 -10.949775
vn 0.854843 0.111892 0.506679
v -4.351004 -3.336619 -10.949775
vn 0.901907 0.098007 0.420664
v -4.249450 -7.025842 -7.836723
vn 0.000003 0.526086 -0.850432
v -4.249450 -7.153626 -8.408834
vn 0.000003 0.987149 -0.159802
v -4.249450 -5.794004 -7.668015
vn 0.000002 0.123809 -0.992306
v -4.148871 -5.564779 -7.769091
vn -0.861659 0.047756 -0.505236
v -4.148029 -4.246444 -7.645916
vn -0.880043 0.049250 -0.472333
v -4.197507 -4.407016 -7.565644
vn -0.811734 0.061060 -0.580827
v -4.142878 -2.415637 -8.512253
vn -0.999994 0.000689 -0.003371
v -4.148029 -4.246444 -7.645916
vn -0.999990 0.000712 -0.004440
v -4.148029 -4.246444 -7.645916
vn -0.999989 0.001069 -0.004600
v -4.148029 -4.246444 -7.645916
vn -0.999969 0.000260 -0.007830
v -4.148029 -4.246444 -7.645916
vn -0.999991 0.000887 -0.004072
v -4.148829 -2.983417 -7.501753
vn -0.877295 0.053880 -0.476918
v -4.350872 -4.246444 -7.645916
vn 0.999986 0.000732 -0.005235
v -4.356022 -2.415637 -8.512253
vn 0.999994 0.000689 -0.003371
v -4.301393 -4.407016 -7.565644
vn 0.811733 0.061060 -0.580828
v -4.350872 -4.246444 -7.645916
vn 0.889500 0.046870 -0.454524
v -4.350872 -4.246444 -7.645916
vn 0.861654 0.047756 -0.505244
v -4.350030 -5.564779 -7.769091
vn 0.861654 0.047756 -0.505244
v -4.350071 -2.983417 -7.501753
vn 0.877294 0.053880 -0.476919
v -4.350872 -4.246444 -7.645916
vn 0.877294 0.053880 -0.476919
v -4.350872 -4.246444 -7.645916
vn 0.890652 0.048437 -0.452098
v -5.018696 0.163926 5.805312
vn 0.860918 0.002218 -0.508740
v -5.362060 0.177459 3.151918
vn 0.993126 0.000822 -0.117048
v -3.826695 0.162522 6.501869
vn 0.464921 0.004604 -0.885340
v 0.001000 0.161805 7.894212
vn -0.000000 0.006102 -0.999981
v -1.293053 0.161805 7.512500
vn 0.299567 0.005649 -0.954059
v 1.295052 0.161805 7.512500
vn -0.299567 0.005649 -0.954059
v 5.020694 0.163926 5.805312
vn -0.860918 0.002218 -0.508739
v 3.828694 0.162522 6.501869
vn -0.464921 0.004604 -0.885340
v 5.364058 0.177459 3.151918
vn -0.993126 0.000822 -0.117047
v 5.747096 -0.195896 -2.391833
vn -0.019317 0.999443 -0.027215
v 5.486048 -0.124910 0.400364
vn -0.013668 0.999532 -0.027350
v 5.599720 0.029347 0.389257
vn -0.880109 0.466636 -0.087510
v 5.486048 -0.124910 0.400364
vn -0.805279 0.587854 -0.077159
v 5.486048 -0.124910 0.400364
vn -0.891680 0.442667 -0.094619
v 5.486048 -0.124910 0.400364
vn -0.740368 0.666413 -0.088027
v 5.486048 -0.124910 0.400364
vn -0.804983 0.586966 -0.086452
v 5.226342 -0.054234 3.119716
vn -0.013645 0.999535 -0.027281
v 6.074195 -0.032445 -11.761457
vn -0.729911 -0.004418 0.683528
v 6.126049 -0.030091 -11.127540
vn -0.998151 -0.008959 0.060118
v 5.575077 -0.055133 -11.832893
vn -0.107320 -0.000974 0.994224
v 4.426427 -0.237153 -11.780118
vn -0.075017 0.997128 0.010427
v 5.045766 -0.190627 -11.773520
vn -0.083078 0.996502 0.009043
v 5.045691 -0.136160 -11.839948
vn -0.064777 0.638883 0.766572
v 5.045766 -0.190627 -11.773520
vn -0.051517 0.772232 0.633249
v 5.045766 -0.190627 -11.773520
vn -0.061027 0.713382 0.698113
v 5.566875 -0.144139 -11.756471
vn -0.090164 0.786728 0.610680
v 5.045766 -0.190627 -11.773520
vn -0.090164 0.786728 0.610680
v 5.045766 -0.190627 -11.773520
vn -0.085829 0.770386 0.631774
v 3.736621 -0.125529 -11.884520
vn -0.005844 -0.000085 0.999983
v 4.426295 -0.102810 -11.878802
vn -0.009937 -0.000131 0.999951
v 1.875354 -0.127913 -11.884878
vn -0.000105 -0.000054 1.000000
v -3.834856 -0.125524 -11.883570
vn 0.006027 -0.000084 0.999982
v -1.976058 -0.127910 -11.884386
vn 0.000356 -0.000056 1.000000
v -4.500998 -0.102806 -11.878044
vn 0.009990 -0.000117 0.999950
v -5.592489 -0.144138 -11.756187
vn 0.093388 0.995606 0.006884
v -5.095644 -0.190626 -11.772989
vn 0.086789 0.996187 0.008928
v -5.095659 -0.136158 -11.839417
vn 0.067425 0.638805 0.766409
v -5.095644 -0.190626 -11.772989
vn 0.089680 0.770180 0.631491
v -5.095644 -0.190626 -11.772989
vn 0.094229 0.786478 0.610388
v -4.500951 -0.237152 -11.779358
vn 0.063283 0.713339 0.697957
v -5.095644 -0.190626 -11.772989
vn 0.063283 0.713339 0.697957
v -5.095644 -0.190626 -11.772989
vn 0.053408 0.772188 0.633146
v -6.076016 -0.032445 -11.761419
vn 0.734710 -0.004367 0.678368
v -5.600399 -0.055131 -11.832614
vn 0.112032 -0.001049 0.993704
v -6.125432 -0.030091 -11.127526
vn 0.998319 -0.008715 0.057303
v -5.745397 -0.195896 -2.391830
vn 0.891950 0.442100 -0.094721
v -5.484063 -0.124910 0.400365
vn 0.814535 0.573551 -0.087017
v -5.597727 0.029347 0.389257
vn 0.880115 0.466621 -0.087534
v -5.484063 -0.124910 0.400365
vn 0.010945 0.999520 -0.028999
v -5.484063 -0.124910 0.400365
vn 0.019321 0.999443 -0.027217
v -5.484063 -0.124910 0.400365
vn 0.013645 0.999535 -0.027281
v -5.484063 -0.124910 0.400365
vn 0.010765 0.999606 -0.025906
v -5.224343 -0.054234 3.119716
vn 0.740368 0.666413 -0.088031
v -3.702077 0.212485 -5.354481
vn -0.645616 -0.000760 0.763662
v 3.700628 0.212484 -5.354519
vn 0.654858 -0.000777 0.755752
v 1.892926 -0.259701 -5.110153
vn 0.001828 0.392430 0.919780
v 0.000967 -0.256725 -5.107663
vn 0.000004 0.354524 0.935047
v 0.000967 -0.256725 -5.107663
vn -0.003415 0.999958 -0.008524
v 0.000967 -0.256725 -5.107663
vn 0.001550 0.999852 -0.017128
v 0.000967 -0.256725 -5.107663
vn -0.001549 0.999852 -0.017127
v 0.000967 -0.256725 -5.107663
vn 0.003414 0.999958 -0.008524
v -1.891641 -0.259700 -5.110145
vn -0.001823 0.392421 0.919784
v 6.076836 -0.142081 -8.129340
vn -0.086400 0.995181 0.046366
v 6.076000 -0.184754 -7.214974
vn -0.070604 0.996774 0.038167
v 6.076000 -0.184754 -7.214974
vn -0.933460 0.358671 -0.002648
v 6.076000 -0.184754 -7.214974
vn -0.860950 0.508173 0.022929
v 6.047015 -0.225911 -6.201543
vn -0.949859 0.312344 -0.014482
v 6.076000 -0.184754 -7.214974
vn -0.949859 0.312344 -0.014482
v 6.076000 -0.184754 -7.214974
vn -0.933460 0.358033 -0.021561
v 6.153076 -0.019771 -9.028893
vn -0.999913 -0.008197 0.010355
v 6.152940 -0.025733 -9.750388
vn -0.999918 -0.012791 0.000901
v 3.666606 -0.116312 -8.924094
vn 0.649856 0.004657 -0.760043
v 1.855235 -0.124734 -9.015916
vn 0.036583 0.001300 -0.999330
v 3.957737 -0.275627 -8.091431
vn 0.876535 0.474608 -0.080212
v 4.042233 -0.271059 -7.141051
vn 0.941350 0.337326 -0.008469
v 4.042233 -0.271059 -7.141051
vn -0.010328 0.999876 0.011899
v 4.042233 -0.271059 -7.141051
vn -0.038451 0.999260 -0.001384
v 4.042233 -0.271059 -7.141051
vn 0.013966 0.999901 -0.001886
v 4.042233 -0.271059 -7.141051
vn -0.010452 0.999908 0.008700
v 3.954997 -0.267972 -6.150204
vn 0.960502 0.265376 0.083738
v -6.151169 -0.019771 -9.028892
vn 0.999918 -0.008095 0.009925
v -6.151050 -0.025733 -9.750387
vn 0.999920 -0.012610 0.000852
v -6.077178 -0.142080 -8.129315
vn 0.867685 0.496635 0.021820
v -6.075747 -0.184753 -7.214955
vn 0.925633 0.378397 -0.004473
v -6.075747 -0.184753 -7.214955
vn 0.073250 0.996596 0.037816
v -6.075747 -0.184753 -7.214955
vn 0.089261 0.994932 0.046294
v -6.075747 -0.184753 -7.214955
vn 0.052956 0.997836 0.038979
v -6.075747 -0.184753 -7.214955
vn 0.073582 0.996882 0.028500
v -6.046188 -0.225910 -6.201530
vn 0.950941 0.309000 -0.015188
v -4.024888 -0.275597 -8.090679
vn 0.039660 0.999211 -0.002217
v -4.086638 -0.271038 -7.140533
vn 0.011695 0.999923 0.004121
v -4.086638 -0.271038 -7.140533
vn -0.951868 0.293277 -0.089086
v -4.086638 -0.271038 -7.140533
vn -0.883448 0.464717 -0.059645
v -3.976926 -0.267961 -6.149937
vn -0.958440 0.265140 0.105327
v -4.086638 -0.271038 -7.140533
vn -0.958440 0.265140 0.105327
v -4.086638 -0.271038 -7.140533
vn -0.951078 0.292887 0.098328
v -3.757316 -0.116270 -8.923134
vn -0.659823 0.004987 -0.751404
v -1.948247 -0.124712 -9.015416
vn -0.036880 0.001314 -0.999319
v 6.075858 -0.100237 -9.750453
vn -0.584079 0.811697 -0.000277
v 6.075038 -0.101069 -10.460093
vn -0.591897 0.805994 0.005590
v 6.127089 -0.064528 -10.459723
vn -0.709058 0.705096 0.008763
v 6.075038 -0.101069 -10.460093
vn -0.097426 0.995243 0.000425
v 6.075038 -0.101069 -10.460093
vn -0.099506 0.995036 -0.001052
v 6.075038 -0.101069 -10.460093
vn -0.095781 0.995400 0.002092
v 6.075038 -0.101069 -10.460093
vn -0.097449 0.995235 0.003363
v 6.066063 -0.100551 -11.117489
vn -0.633203 0.773931 0.009255
v -6.076682 -0.101068 -10.460055
vn 0.102112 0.994772 0.001141
v -6.126377 -0.064527 -10.459710
vn 0.724229 0.689508 0.008442
v -6.076682 -0.101068 -10.460055
vn 0.592389 0.805651 -0.001458
v -6.076682 -0.101068 -10.460055
vn 0.600539 0.799595 -0.000548
v -6.077142 -0.100236 -9.750418
vn 0.600539 0.799595 -0.000548
v -6.076682 -0.101068 -10.460055
vn 0.650864 0.759140 0.009017
v -6.076682 -0.101068 -10.460055
vn 0.592400 0.805515 0.014455
v -6.068177 -0.100551 -11.117446
vn 0.100369 0.994948 0.002081
v 1.875498 -0.285541 -11.785970
vn -0.000564 0.657649 0.753324
v -0.050802 -0.287235 -11.785933
vn 0.000097 0.657063 0.753835
v -0.050894 -0.210058 -11.853097
vn 0.000110 0.518560 0.855042
v -0.050802 -0.287235 -11.785933
vn -0.001081 0.999918 0.012782
v -0.050802 -0.287235 -11.785933
vn -0.000879 0.999926 0.012173
v -0.050802 -0.287235 -11.785933
vn 0.000883 0.999926 0.012164
v -0.050802 -0.287235 -11.785933
vn 0.001088 0.999918 0.012779
v -1.975954 -0.285540 -11.785478
vn 0.000757 0.657645 0.753328
v -0.047209 -0.287110 -9.159395
vn 0.000003 0.999921 -0.012574
v -0.047105 -0.209852 -9.090859
vn -0.000114 0.523223 -0.852196
v -0.047209 -0.287110 -9.159395
vn 0.015158 0.663530 -0.747997
v -0.047209 -0.287110 -9.159395
vn 0.014724 0.668195 -0.743840
v 1.893409 -0.284954 -9.119044
vn 0.014724 0.668195 -0.743840
v -1.986276 -0.284934 -9.118546
vn -0.014920 0.668217 -0.743817
v -0.047209 -0.287110 -9.159395
vn -0.014920 0.668217 -0.743817
v -0.047209 -0.287110 -9.159395
vn -0.015355 0.663551 -0.747974
v 1.175911 0.610953 1.027999
vn -0.022653 -0.343929 -0.938722
v 0.014683 0.610949 1.056023
vn 0.000000 -0.360555 -0.932738
v 0.014683 0.610949 1.056023
vn -0.007013 -0.926638 -0.375888
v 0.014683 0.610949 1.056023
vn -0.009128 -0.925604 -0.378383
v -1.146544 0.610953 1.027999
vn 0.009128 -0.925604 -0.378383
v 0.014683 0.610949 1.056023
vn 0.009128 -0.925604 -0.378383
v 0.014683 0.610949 1.056023
vn 0.007013 -0.926638 -0.375889
v 0.014683 1.315557 -7.484035
vn 0.000000 -0.861228 0.508218
v 3.178766 1.077249 -1.636719
vn -0.964831 -0.031332 -0.260996
v 2.937299 0.918405 -0.725014
vn -0.954050 -0.045305 -0.296203
v 2.937299 0.918405 -0.725014
vn -0.773493 -0.562149 -0.292742
v 2.937299 0.918405 -0.725014
vn -0.743332 -0.597397 -0.300956
v 2.639038 0.763569 0.138999
vn -0.637124 -0.689946 -0.343580
v 2.937299 0.918405 -0.725014
vn -0.637124 -0.689946 -0.343580
v 2.937299 0.918405 -0.725014
vn -0.655959 -0.655496 -0.374224
v 3.428493 1.245739 -5.223923
vn -0.999470 -0.031908 0.006425
v 3.434079 1.246936 -4.349002
vn -0.999434 -0.033592 -0.001558
v 3.434079 1.246936 -4.349002
vn -0.775402 -0.631445 0.005420
v 3.434079 1.246936 -4.349002
vn -0.776190 -0.630473 0.005818
v 3.425723 1.242776 -3.452391
vn -0.774437 -0.632569 -0.010152
v 3.434079 1.246936 -4.349002
vn -0.774437 -0.632569 -0.010152
v 3.434079 1.246936 -4.349002
vn -0.775345 -0.631449 -0.010598
v 3.246390 1.240781 -6.475194
vn -0.743100 -0.564909 0.358721
v 3.067559 1.238878 -6.848644
vn -0.703701 -0.572901 0.420225
v 3.067559 1.238878 -6.848644
vn -0.902604 -0.026214 0.429673
v 3.067559 1.238878 -6.848644
vn -0.901608 -0.024308 0.431870
v 2.836676 1.242291 -7.172761
vn -0.813183 -0.062855 0.578604
v 3.067559 1.238878 -6.848644
vn -0.813183 -0.062855 0.578604
v 3.067559 1.238878 -6.848644
vn -0.840258 -0.028175 0.541454
v -3.217023 1.240781 -6.475194
vn 0.901609 -0.024308 0.431868
v -3.038193 1.238878 -6.848644
vn 0.867069 -0.035497 0.496921
v -3.038193 1.238878 -6.848644
vn 0.789003 -0.510676 0.341590
v -3.038193 1.238878 -6.848644
vn 0.743103 -0.564906 0.358720
v -2.807310 1.242291 -7.172761
vn 0.636084 -0.629325 0.446484
v -3.038193 1.238878 -6.848644
vn 0.636084 -0.629325 0.446484
v -3.038193 1.238878 -6.848644
vn 0.629935 -0.573113 0.524141
v -3.396356 1.242776 -3.452391
vn 0.999458 -0.031522 -0.009461
v -3.404712 1.246936 -4.349002
vn 0.999434 -0.033592 -0.001558
v -3.404712 1.246936 -4.349002
vn 0.775345 -0.631449 -0.010598
v -3.404712 1.246936 -4.349002
vn 0.774437 -0.632569 -0.010152
v -3.399125 1.245739 -5.223923
vn 0.776191 -0.630470 0.005819
v -3.404712 1.246936 -4.349002
vn 0.776191 -0.630470 0.005819
v -3.404712 1.246936 -4.349002
vn 0.775402 -0.631445 0.005420
v -3.149399 1.077249 -1.636719
vn 0.743331 -0.597398 -0.300956
v -2.907932 0.918405 -0.725015
vn 0.704891 -0.628399 -0.329002
v -2.907932 0.918405 -0.725015
vn 0.965246 -0.040493 -0.258187
v -2.907932 0.918405 -0.725015
vn 0.964831 -0.031331 -0.260997
v -2.907932 0.918405 -0.725015
vn 0.939910 -0.062481 -0.335656
v -2.907932 0.918405 -0.725015
vn 0.943163 -0.046769 -0.329022
v -2.609672 0.763569 0.138999
vn 0.637124 -0.689947 -0.343579
v 0.014683 -0.963704 -7.484035
vn 0.000000 0.861136 0.508374
v 2.713202 0.175927 -7.484035
vn -0.836511 -0.000001 0.547950
v -2.683836 0.175927 -7.484035
vn 0.836511 -0.000001 0.547950
v -2.264157 0.175869 1.056023
vn 0.588538 -0.000000 -0.808470
v 1.175911 -0.259216 1.027999
vn -0.009127 0.925605 -0.378381
v 0.014683 -0.259211 1.056023
vn 0.000000 0.926153 -0.377147
v 0.014683 -0.259211 1.056023
vn -0.029503 0.376818 -0.925817
v 0.014683 -0.259211 1.056023
vn -0.022653 0.343929 -0.938722
v -1.146544 -0.259216 1.027999
vn 0.022653 0.343929 -0.938722
v 0.014683 -0.259211 1.056023
vn 0.022653 0.343929 -0.938722
v 0.014683 -0.259211 1.056023
vn 0.029503 0.376818 -0.925817
v 2.293523 0.175869 1.056023
vn -0.588538 -0.000000 -0.808470
v 3.178766 -0.725511 -1.636719
vn -0.743330 0.597399 -0.300956
v 2.937299 -0.566667 -0.725015
vn -0.704892 0.628398 -0.329002
v 2.937299 -0.566667 -0.725015
vn -0.965246 0.040493 -0.258188
v 2.937299 -0.566667 -0.725015
vn -0.964831 0.031332 -0.260997
v 2.639038 -0.411831 0.138999
vn -0.939909 0.062484 -0.335658
v 2.937299 -0.566667 -0.725015
vn -0.939909 0.062484 -0.335658
v 2.937299 -0.566667 -0.725015
vn -0.943163 0.046769 -0.329022
v 3.428493 -0.893999 -5.223924
vn -0.776190 0.630473 0.005818
v 3.434079 -0.895196 -4.349002
vn -0.775369 0.631503 -0.002378
v 3.434079 -0.895196 -4.349002
vn -0.999334 0.035476 0.008574
v 3.434079 -0.895196 -4.349002
vn -0.999470 0.031908 0.006425
v 3.425723 -0.891037 -3.452392
vn -0.999458 0.031524 -0.009461
v 3.434079 -0.895196 -4.349002
vn -0.999458 0.031524 -0.009461
v 3.434079 -0.895196 -4.349002
vn -0.999302 0.035454 -0.011771
v 3.246390 -0.889041 -6.475194
vn -0.901608 0.024308 0.431870
v 3.067559 -0.887136 -6.848644
vn -0.867068 0.035496 0.496924
v 3.067559 -0.887136 -6.848644
vn -0.789006 0.510671 0.341591
v 3.067559 -0.887136 -6.848644
vn -0.743098 0.564909 0.358724
v 2.836676 -0.890520 -7.172761
vn -0.636063 0.629316 0.446526
v 3.067559 -0.887136 -6.848644
vn -0.636063 0.629316 0.446526
v 3.067559 -0.887136 -6.848644
vn -0.629915 0.573114 0.524163
v -3.217023 -0.889041 -6.475194
vn 0.743101 0.564906 0.358723
v -3.038193 -0.887136 -6.848644
vn 0.703693 0.572898 0.420242
v -3.038193 -0.887136 -6.848644
vn 0.902605 0.026214 0.429671
v -3.038193 -0.887136 -6.848644
vn 0.901609 0.024308 0.431868
v -2.807310 -0.890520 -7.172761
vn 0.813180 0.062854 0.578608
v -3.038193 -0.887136 -6.848644
vn 0.813180 0.062854 0.578608
v -3.038193 -0.887136 -6.848644
vn 0.840256 0.028176 0.541457
v -3.396356 -0.891037 -3.452392
vn 0.774438 0.632569 -0.010152
v -3.404712 -0.895196 -4.349002
vn 0.775370 0.631503 -0.002378
v -3.404712 -0.895196 -4.349002
vn 0.999302 0.035454 -0.011772
v -3.404712 -0.895196 -4.349002
vn 0.999458 0.031522 -0.009461
v -3.399125 -0.893999 -5.223924
vn 0.999470 0.031909 0.006426
v -3.404712 -0.895196 -4.349002
vn 0.999470 0.031909 0.006426
v -3.404712 -0.895196 -4.349002
vn 0.999334 0.035476 0.008574
v -3.149399 -0.725511 -1.636719
vn 0.964831 0.031331 -0.260997
v -2.907932 -0.566667 -0.725015
vn 0.954050 0.045305 -0.296202
v -2.907932 -0.566667 -0.725015
vn 0.773494 0.562148 -0.292741
v -2.907932 -0.566667 -0.725015
vn 0.743330 0.597400 -0.300956
v -2.907932 -0.566667 -0.725015
vn 0.637126 0.689945 -0.343579
v -2.907932 -0.566667 -0.725015
vn 0.655961 0.655494 -0.374223
v -2.609672 -0.411831 0.138999
vn 0.939910 0.062481 -0.335656
v 15.131430 0.151001 -5.511390
vn 0.071754 -0.000001 0.997422
v 24.558502 0.151001 -3.896784
vn -0.999862 -0.000001 -0.016631
v -14.660072 0.151000 2.120659
vn 0.353027 -0.000001 -0.935613
v -24.556644 0.151001 -3.896817
vn 0.999862 -0.000001 -0.016622
v 14.627633 0.151000 2.133782
vn -0.353040 -0.000001 -0.935608
v -15.162956 0.151001 -5.514069
vn -0.071729 -0.000000 0.997424
v 4.251271 0.500334 0.954222
vn 0.000004 -0.858008 -0.513637
v 4.251271 1.044025 -3.773762
vn 0.000002 -0.999811 -0.019427
v 4.251271 3.796971 -9.141383
vn 0.000004 -0.487158 -0.873314
v 4.251271 3.252718 -12.770308
vn 0.000002 0.138770 0.990325
v 4.251271 6.545912 -11.914788
vn 0.000005 -0.999948 0.010193
v -4.249449 0.500334 0.954222
vn -0.000006 -0.858008 -0.513637
v -4.249449 1.044025 -3.773762
vn -0.000004 -0.999811 -0.019426
v -4.249449 3.796971 -9.141383
vn -0.000006 -0.487158 -0.873314
v -4.249450 3.252717 -12.770308
vn 0.000000 0.138770 0.990325
v -4.249449 6.545912 -11.914789
vn -0.000005 -0.999948 0.010193
v 4.251271 -0.105621 5.590731
vn -0.000001 0.441106 -0.897455
v 4.251271 -0.628698 3.392583
vn 0.000003 0.992177 -0.124836
v 4.251271 -1.346762 -6.576288
vn 0.000005 0.844182 -0.536057
v 4.251271 -3.537093 -11.061965
vn -0.000001 0.227607 0.973753
v 4.251271 -4.499806 -7.521973
vn 0.000005 0.105969 -0.994369
v 4.251271 -7.213961 -9.004269
vn 0.000001 0.999824 0.018765
v -4.249450 -0.105621 5.590731
vn -0.000001 0.441105 -0.897455
v -4.249450 -0.628698 3.392583
vn 0.000000 0.992177 -0.124836
v -4.249450 -1.346762 -6.576288
vn 0.000003 0.844182 -0.536056
v -4.249450 -3.537093 -11.061965
vn 0.000001 0.227607 0.973753
v -4.249450 -4.499806 -7.521974
vn 0.000002 0.105969 -0.994370
v -4.249450 -7.213961 -9.004269
vn 0.000002 0.999824 0.018766
v 4.360419 0.623814 -9.721257
vn -0.999995 -0.003082 -0.000362
v 4.142123 0.623814 -9.721257
vn 0.999995 -0.003082 -0.000362
v -4.358598 0.623814 -9.721257
vn 0.999995 -0.003083 -0.000362
v -4.140302 0.623814 -9.721257
vn -0.999995 -0.003083 -0.000362
v -2.583447 0.161827 7.082747
vn 0.368146 0.005393 -0.929752
v 2.585446 0.161827 7.082747
vn -0.368146 0.005394 -0.929752
v 5.658254 0.191513 0.385892
vn -0.995278 0.000650 -0.097064
v 5.045654 -0.078971 -11.871621
vn -0.043041 -0.000469 0.999073
v -5.095667 -0.078969 -11.871090
vn 0.044638 -0.000487 0.999003
v -5.656262 0.191513 0.385892
vn 0.995277 0.000649 -0.097077
v 6.151909 -0.028755 -10.459490
vn -0.999752 -0.013033 0.018035
v -6.150070 -0.028755 -10.459489
vn 0.999772 -0.012809 0.017106
v -0.050937 -0.129041 -11.884912
vn 0.000128 -0.000056 1.000000
v -0.047047 -0.128710 -9.058864
vn -0.000138 0.001643 -0.999999
v 4.360382 -0.502855 -9.088395
vn -0.999993 0.003804 -0.000574
v 4.142160 -0.502855 -9.088395
vn 0.999993 0.003805 -0.000574
v -4.358562 -0.502855 -9.088396
vn 0.999993 0.003805 -0.000574
v -4.140339 -0.502855 -9.088396
vn -0.999993 0.003804 -0.000574
v 10.392610 0.295470 -4.993120
vn 0.042075 -0.801164 0.596964
v 15.133114 0.293501 -5.329878
vn 0.042075 -0.801164 0.596964
v 10.392610 0.295470 -4.993120
vn 0.039616 -0.818622 0.572964
v -10.440845 0.006532 -4.997346
vn -0.042098 0.800763 0.597500
v -10.440845 0.006532 -4.997346
vn -0.039644 0.818202 0.573562
v 4.145858 0.230265 0.982906
vn 0.999978 -0.006587 -0.000631
v 4.147294 0.501124 0.431519
vn 0.999978 -0.006587 -0.000631
v 4.147294 0.501124 0.431519
vn 0.999969 -0.007902 -0.000534
v 4.356685 0.230265 0.982906
vn -0.917093 -0.358771 -0.173849
v 4.355248 0.501124 0.431519
vn -0.917093 -0.358771 -0.173849
v 4.356685 0.230265 0.982906
vn -0.904748 -0.378442 -0.195480
v -4.144036 0.230265 0.982906
vn -0.917097 -0.358764 -0.173846
v -4.145473 0.501124 0.431519
vn -0.917097 -0.358764 -0.173846
v -4.144036 0.230265 0.982906
vn -0.904749 -0.378439 -0.195481
v -4.354863 0.230265 0.982906
vn 0.999978 -0.006590 -0.000631
v -4.353426 0.501124 0.431519
vn 0.999978 -0.006590 -0.000631
v -4.353426 0.501124 0.431519
vn 0.999969 -0.007900 -0.000534
v 4.145857 0.008540 5.107000
vn 0.954278 0.266811 -0.134778
v 4.147294 -0.119200 4.864298
vn 0.954278 0.266811 -0.134778
v 4.145857 0.008540 5.107000
vn 0.957211 0.243942 -0.155692
v 4.356684 0.008540 5.107000
vn -0.999923 0.012414 -0.000617
v 4.355248 -0.119200 4.864298
vn -0.999923 0.012414 -0.000617
v 4.355248 -0.119200 4.864298
vn -0.999923 0.012379 -0.000617
v -4.144037 0.008540 5.107000
vn -0.999923 0.012414 -0.000617
v -4.354864 0.008540 5.107000
vn 0.954278 0.266811 -0.134778
v -4.354864 0.008540 5.107000
vn 0.957211 0.243942 -0.155692
vt 0.746266 0.334452
vt 0.829621 0.411594
vt 0.829621 0.295407
f 1/1/1 2/2/2 3/3/3
vt 0.829621 0.295407
vt 0.775995 0.239663
vt 0.746266 0.334452
f 3/4/3 4/5/4 1/6/1
vt 0.912979 0.334465
vt 0.883247 0.239663
vt 0.829621 0.295407
f 5/7/5 6/8/6 3/9/3
vt 0.829621 0.295407
vt 0.829621 0.411594
vt 0.912979 0.334465
f 3/10/3 2/11/2 5/12/5
vt 0.829621 0.218498
vt 0.775995 0.239663
vt 0.829621 0.295407
f 7/13/7 4/14/4 3/15/3
vt 0.829621 0.295407
vt 0.883247 0.239663
vt 0.829621 0.218498
f 3/16/3 6/17/6 7/18/7
vt 0.104516 0.792532
vt 0.133367 0.699792
vt 0.185403 0.754406
f 8/19/8 9/20/9 10/21/10
vt 0.185403 0.754406
vt 0.185403 0.868074
vt 0.104516 0.792532
f 10/22/10 11/23/11 8/24/8
vt 0.266281 0.792563
vt 0.185403 0.868074
vt 0.185403 0.754406
f 12/25/12 11/26/11 10/27/10
vt 0.185403 0.754406
vt 0.237438 0.699793
vt 0.266281 0.792563
f 10/28/10 13/29/13 12/30/12
vt 0.185403 0.679061
vt 0.237438 0.699793
vt 0.185403 0.754406
f 14/31/14 13/32/13 10/33/10
vt 0.185403 0.754406
vt 0.133367 0.699792
vt 0.185403 0.679061
f 10/34/10 9/35/9 14/36/14
vt 0.671931 0.488220
vt 0.672568 0.487727
vt 0.672095 0.517921
f 15/37/15 16/38/16 17/39/17
vt 0.672095 0.517921
vt 0.671845 0.518068
vt 0.671931 0.488220
f 17/40/17 18/41/18 15/42/15
vt 0.662924 0.555073
vt 0.654198 0.562093
vt 0.654052 0.560781
f 19/43/19 20/44/20 21/45/21
vt 0.654052 0.560781
vt 0.662940 0.554623
vt 0.662924 0.555073
f 21/46/21 22/47/22 19/48/19
vt 0.661611 0.526620
vt 0.651052 0.534999
vt 0.648103 0.510017
f 23/49/23 24/50/24 25/51/25
vt 0.648103 0.510017
vt 0.659746 0.499179
vt 0.661611 0.526620
f 25/52/25 26/53/26 23/54/23
vt 0.658254 0.424926
vt 0.647774 0.425720
vt 0.624943 0.358413
f 27/55/27 28/56/28 29/57/29
vt 0.658254 0.424926
vt 0.624943 0.358413
vt 0.624807 0.342894
f 27/58/27 29/59/29 30/60/30
vt 0.641915 0.383770
vt 0.658254 0.424926
vt 0.624807 0.342894
f 31/61/31 27/62/27 30/63/30
vt 0.647128 0.374927
vt 0.624662 0.326093
vt 0.624674 0.325232
f 32/64/32 33/65/33 34/66/34
vt 0.647128 0.374927
vt 0.624674 0.325232
vt 0.670173 0.422947
f 32/67/32 34/68/34 35/69/35
vt 0.647128 0.374927
vt 0.670173 0.422947
vt 0.669332 0.423230
f 32/70/32 35/71/35 36/72/36
vt 0.671066 0.455954
vt 0.669332 0.423230
vt 0.670173 0.422947
f 37/73/37 36/74/36 35/75/35
vt 0.671066 0.455954
vt 0.670173 0.422947
vt 0.672568 0.487727
f 37/76/37 35/77/35 16/78/16
vt 0.671066 0.455954
vt 0.672568 0.487727
vt 0.671931 0.488220
f 37/79/37 16/80/16 15/81/15
vt 0.659746 0.499179
vt 0.648103 0.510017
vt 0.647774 0.425720
f 26/82/26 25/83/25 28/84/28
vt 0.659746 0.499179
vt 0.647774 0.425720
vt 0.658254 0.424926
f 26/85/26 28/86/28 27/87/27
vt 0.658729 0.462232
vt 0.659746 0.499179
vt 0.658254 0.424926
f 38/88/38 26/89/26 27/90/27
vt 0.576553 0.291473
vt 0.585927 0.335305
vt 0.571017 0.342818
f 39/91/39 40/92/40 41/93/41
vt 0.576553 0.291473
vt 0.571017 0.342818
vt 0.555950 0.263179
f 39/94/39 41/95/41 42/96/42
vt 0.576553 0.291473
vt 0.555950 0.263179
vt 0.567311 0.248278
f 39/97/39 42/98/42 43/99/43
vt 0.566739 0.229586
vt 0.567311 0.248278
vt 0.555950 0.263179
f 44/100/44 43/101/43 42/102/42
vt 0.566739 0.229586
vt 0.555950 0.263179
vt 0.558405 0.226409
f 44/103/44 42/104/42 45/105/45
vt 0.566739 0.229586
vt 0.558405 0.226409
vt 0.567099 0.211846
f 44/106/44 45/107/45 46/108/46
vt 0.576236 0.196455
vt 0.576665 0.195599
vt 0.579170 0.229161
f 47/109/47 48/110/48 49/111/49
vt 0.576236 0.196455
vt 0.579170 0.229161
vt 0.579233 0.231392
f 47/112/47 49/113/49 50/114/50
vt 0.577490 0.213497
vt 0.576236 0.196455
vt 0.579233 0.231392
f 51/115/51 47/116/47 50/117/50
vt 0.579233 0.231392
vt 0.579170 0.229161
vt 0.624674 0.325232
f 50/118/50 49/119/49 34/120/34
vt 0.579233 0.231392
vt 0.624674 0.325232
vt 0.624662 0.326093
f 50/121/50 34/122/34 33/123/33
vt 0.601481 0.278439
vt 0.579233 0.231392
vt 0.624662 0.326093
f 52/124/52 50/125/50 33/126/33
vt 0.624807 0.342894
vt 0.624943 0.358413
vt 0.613033 0.343318
f 30/127/30 29/128/29 53/129/53
vt 0.613033 0.343318
vt 0.607365 0.311213
vt 0.624807 0.342894
f 53/130/53 54/131/54 30/132/30
vt 0.569431 0.181117
vt 0.563316 0.193440
vt 0.563449 0.192568
f 55/133/55 56/134/56 57/135/57
vt 0.563449 0.192568
vt 0.569663 0.180501
vt 0.569431 0.181117
f 57/136/57 58/137/58 55/138/55
vt 0.576013 0.182637
vt 0.576269 0.182017
vt 0.576665 0.195599
f 59/139/59 60/140/60 48/141/48
vt 0.576665 0.195599
vt 0.576236 0.196455
vt 0.576013 0.182637
f 48/142/48 47/143/47 59/144/59
vt 0.567099 0.211846
vt 0.558405 0.226409
vt 0.560801 0.210342
f 46/145/46 45/146/45 61/147/61
vt 0.560801 0.210342
vt 0.568216 0.196830
vt 0.567099 0.211846
f 61/148/61 62/149/62 46/150/46
vt 0.645413 0.566549
vt 0.654052 0.560781
vt 0.654198 0.562093
f 63/151/63 21/152/21 20/153/20
vt 0.645413 0.566549
vt 0.654198 0.562093
vt 0.636485 0.572944
f 63/154/63 20/155/20 64/156/64
vt 0.645413 0.566549
vt 0.636485 0.572944
vt 0.636732 0.571851
f 63/157/63 64/158/64 65/159/65
vt 0.633813 0.572274
vt 0.636732 0.571851
vt 0.636485 0.572944
f 66/160/66 65/161/65 64/162/64
vt 0.633813 0.572274
vt 0.636485 0.572944
vt 0.630606 0.573645
f 66/163/66 64/164/64 67/165/67
vt 0.633813 0.572274
vt 0.630606 0.573645
vt 0.631024 0.572026
f 66/166/66 67/167/67 68/168/68
vt 0.639675 0.540464
vt 0.648103 0.510017
vt 0.651052 0.534999
f 69/169/69 25/170/25 24/171/24
vt 0.651052 0.534999
vt 0.642548 0.552735
vt 0.639675 0.540464
f 24/172/24 70/173/70 69/174/69
vt 0.600404 0.474445
vt 0.587694 0.423162
vt 0.605701 0.423480
f 71/175/71 72/176/72 73/177/73
vt 0.612688 0.486307
vt 0.600404 0.474445
vt 0.605701 0.423480
f 74/178/74 71/179/71 73/180/73
vt 0.609295 0.455178
vt 0.612688 0.486307
vt 0.605701 0.423480
f 75/181/75 74/182/74 73/183/73
vt 0.587694 0.423162
vt 0.571017 0.342818
vt 0.585927 0.335305
f 72/184/72 41/185/41 40/186/40
vt 0.605701 0.423480
vt 0.587694 0.423162
vt 0.585927 0.335305
f 73/187/73 72/188/72 40/189/40
vt 0.595701 0.379564
vt 0.605701 0.423480
vt 0.585927 0.335305
f 76/190/76 73/191/73 40/192/40
vt 0.624553 0.384022
vt 0.613033 0.343318
vt 0.624943 0.358413
f 77/193/77 53/194/53 29/195/29
vt 0.624553 0.384022
vt 0.624943 0.358413
vt 0.647774 0.425720
f 77/196/77 29/197/29 28/198/28
vt 0.624553 0.384022
vt 0.647774 0.425720
vt 0.635655 0.425050
f 77/199/77 28/200/28 78/201/78
vt 0.637091 0.464919
vt 0.635655 0.425050
vt 0.647774 0.425720
f 79/202/79 78/203/78 28/204/28
vt 0.637091 0.464919
vt 0.647774 0.425720
vt 0.648103 0.510017
f 79/205/79 28/206/28 25/207/25
vt 0.637091 0.464919
vt 0.648103 0.510017
vt 0.636610 0.504121
f 79/208/79 25/209/25 80/210/80
vt 0.570404 0.423567
vt 0.587694 0.423162
vt 0.600404 0.474445
f 81/211/81 72/212/72 71/213/71
vt 0.570404 0.423567
vt 0.600404 0.474445
vt 0.594523 0.486048
f 81/214/81 71/215/71 82/216/82
vt 0.582292 0.454997
vt 0.570404 0.423567
vt 0.594523 0.486048
f 83/217/83 81/218/81 82/219/82
vt 0.570322 0.461668
vt 0.588186 0.498611
vt 0.587866 0.499279
f 84/220/84 85/221/85 86/222/86
vt 0.570322 0.461668
vt 0.587866 0.499279
vt 0.551795 0.425280
f 84/223/84 86/224/86 87/225/87
vt 0.570322 0.461668
vt 0.551795 0.425280
vt 0.552642 0.424863
f 84/226/84 87/227/87 88/228/88
vt 0.547310 0.392339
vt 0.552642 0.424863
vt 0.551795 0.425280
f 89/229/89 88/230/88 87/231/87
vt 0.547310 0.392339
vt 0.551795 0.425280
vt 0.541760 0.360341
f 89/232/89 87/233/87 90/234/90
vt 0.547310 0.392339
vt 0.541760 0.360341
vt 0.542512 0.359923
f 89/235/89 90/236/90 91/237/91
vt 0.557136 0.351154
vt 0.571017 0.342818
vt 0.587694 0.423162
f 92/238/92 41/239/41 72/240/72
vt 0.557136 0.351154
vt 0.587694 0.423162
vt 0.570404 0.423567
f 92/241/92 72/242/72 81/243/81
vt 0.563726 0.387408
vt 0.557136 0.351154
vt 0.570404 0.423567
f 93/244/93 92/245/92 81/246/81
vt 0.538486 0.328262
vt 0.542512 0.359923
vt 0.541760 0.360341
f 94/247/94 91/248/91 90/249/90
vt 0.538486 0.328262
vt 0.541760 0.360341
vt 0.534031 0.297221
f 94/250/94 90/251/90 95/252/95
vt 0.538486 0.328262
vt 0.534031 0.297221
vt 0.534798 0.296907
f 94/253/94 95/254/95 96/255/96
vt 0.538479 0.276814
vt 0.534798 0.296907
vt 0.534031 0.297221
f 97/256/97 96/257/96 95/258/95
vt 0.538479 0.276814
vt 0.534031 0.297221
vt 0.541760 0.257765
f 97/259/97 95/260/95 98/261/98
vt 0.538479 0.276814
vt 0.541760 0.257765
vt 0.542188 0.257017
f 97/262/97 98/263/98 99/264/99
vt 0.550509 0.241353
vt 0.558405 0.226409
vt 0.555950 0.263179
f 100/265/100 45/266/45 42/267/42
vt 0.550509 0.241353
vt 0.555950 0.263179
vt 0.545765 0.280005
f 100/268/100 42/269/42 101/270/101
vt 0.548021 0.260427
vt 0.550509 0.241353
vt 0.545765 0.280005
f 102/271/102 100/272/100 101/273/101
vt 0.545765 0.280005
vt 0.555950 0.263179
vt 0.571017 0.342818
f 101/274/101 42/275/42 41/276/41
vt 0.545765 0.280005
vt 0.571017 0.342818
vt 0.557136 0.351154
f 101/277/101 41/278/41 92/279/92
vt 0.551160 0.315381
vt 0.545765 0.280005
vt 0.557136 0.351154
f 103/280/103 101/281/101 92/282/92
vt 0.546362 0.238577
vt 0.542188 0.257017
vt 0.541760 0.257765
f 104/283/104 99/284/99 98/285/98
vt 0.546362 0.238577
vt 0.541760 0.257765
vt 0.550574 0.220179
f 104/286/104 98/287/98 105/288/105
vt 0.546362 0.238577
vt 0.550574 0.220179
vt 0.550720 0.220323
f 104/289/104 105/290/105 106/291/106
vt 0.556931 0.206775
vt 0.550720 0.220323
vt 0.550574 0.220179
f 107/292/107 106/293/106 105/294/105
vt 0.556931 0.206775
vt 0.550574 0.220179
vt 0.563449 0.192568
f 107/295/107 105/296/105 57/297/57
vt 0.556931 0.206775
vt 0.563449 0.192568
vt 0.563316 0.193440
f 107/298/107 57/299/57 56/300/56
vt 0.553402 0.224157
vt 0.560801 0.210342
vt 0.558405 0.226409
f 108/301/108 61/302/61 45/303/45
vt 0.558405 0.226409
vt 0.550509 0.241353
vt 0.553402 0.224157
f 45/304/45 100/305/100 108/306/108
vt 0.661610 0.526619
vt 0.659745 0.499179
vt 0.648100 0.510016
f 109/307/109 110/308/110 111/309/111
vt 0.648100 0.510016
vt 0.651051 0.534999
vt 0.661610 0.526619
f 111/310/111 112/311/112 109/312/109
vt 0.654052 0.560781
vt 0.654198 0.562093
vt 0.662924 0.555073
f 113/313/113 20/314/20 19/315/19
vt 0.662924 0.555073
vt 0.662940 0.554623
vt 0.654052 0.560781
f 19/316/19 114/317/114 113/318/113
vt 0.672095 0.517921
vt 0.672568 0.487727
vt 0.671931 0.488220
f 17/319/17 16/320/16 115/321/115
vt 0.671931 0.488220
vt 0.671845 0.518068
vt 0.672095 0.517921
f 115/322/115 116/323/116 17/324/17
vt 0.671066 0.455954
vt 0.671931 0.488220
vt 0.672568 0.487727
f 117/325/117 115/326/115 16/327/16
vt 0.671066 0.455954
vt 0.672568 0.487727
vt 0.670173 0.422947
f 117/328/117 16/329/16 35/330/35
vt 0.671066 0.455954
vt 0.670173 0.422947
vt 0.669332 0.423230
f 117/331/117 35/332/35 118/333/118
vt 0.647128 0.374927
vt 0.669332 0.423230
vt 0.670173 0.422947
f 119/334/119 118/335/118 35/336/35
vt 0.647128 0.374927
vt 0.670173 0.422947
vt 0.624674 0.325232
f 119/337/119 35/338/35 34/339/34
vt 0.647128 0.374927
vt 0.624674 0.325232
vt 0.624662 0.326093
f 119/340/119 34/341/34 120/342/120
vt 0.624943 0.358414
vt 0.647774 0.425720
vt 0.658254 0.424925
f 121/343/121 122/344/122 123/345/123
vt 0.624807 0.342894
vt 0.624943 0.358414
vt 0.658254 0.424925
f 124/346/124 121/347/121 123/348/123
vt 0.641915 0.383770
vt 0.624807 0.342894
vt 0.658254 0.424925
f 125/349/125 124/350/124 123/351/123
vt 0.647774 0.425720
vt 0.648100 0.510016
vt 0.659745 0.499179
f 122/352/122 111/353/111 110/354/110
vt 0.658254 0.424925
vt 0.647774 0.425720
vt 0.659745 0.499179
f 123/355/123 122/356/122 110/357/110
vt 0.658728 0.462231
vt 0.658254 0.424925
vt 0.659745 0.499179
f 126/358/126 123/359/123 110/360/110
vt 0.613033 0.343318
vt 0.624943 0.358414
vt 0.624807 0.342894
f 127/361/127 121/362/121 124/363/124
vt 0.624807 0.342894
vt 0.607365 0.311213
vt 0.613033 0.343318
f 124/364/124 128/365/128 127/366/127
vt 0.624674 0.325232
vt 0.579170 0.229161
vt 0.579233 0.231392
f 34/367/34 49/368/49 129/369/129
vt 0.624662 0.326093
vt 0.624674 0.325232
vt 0.579233 0.231392
f 120/370/120 34/371/34 129/372/129
vt 0.601481 0.278439
vt 0.624662 0.326093
vt 0.579233 0.231392
f 130/373/130 120/374/120 129/375/129
vt 0.579170 0.229161
vt 0.576665 0.195599
vt 0.576236 0.196455
f 49/376/49 48/377/48 131/378/131
vt 0.579233 0.231392
vt 0.579170 0.229161
vt 0.576236 0.196455
f 129/379/129 49/380/49 131/381/131
vt 0.577490 0.213497
vt 0.579233 0.231392
vt 0.576236 0.196455
f 132/382/132 129/383/129 131/384/131
vt 0.566739 0.229586
vt 0.567099 0.211846
vt 0.558405 0.226409
f 133/385/133 134/386/134 135/387/135
vt 0.566739 0.229586
vt 0.558405 0.226409
vt 0.555950 0.263179
f 133/388/133 135/389/135 136/390/136
vt 0.566739 0.229586
vt 0.555950 0.263179
vt 0.567311 0.248278
f 133/391/133 136/392/136 137/393/137
vt 0.576553 0.291473
vt 0.567311 0.248278
vt 0.555950 0.263179
f 138/394/138 137/395/137 136/396/136
vt 0.576553 0.291473
vt 0.555950 0.263179
vt 0.571017 0.342818
f 138/397/138 136/398/136 139/399/139
vt 0.576553 0.291473
vt 0.571017 0.342818
vt 0.585927 0.335305
f 138/400/138 139/401/139 140/402/140
vt 0.576013 0.182637
vt 0.576236 0.196455
vt 0.576665 0.195599
f 141/403/141 131/404/131 48/405/48
vt 0.576665 0.195599
vt 0.576269 0.182017
vt 0.576013 0.182637
f 48/406/48 60/407/60 141/408/141
vt 0.569431 0.181117
vt 0.569663 0.180501
vt 0.563449 0.192568
f 142/409/142 58/410/58 57/411/57
vt 0.563449 0.192568
vt 0.563316 0.193440
vt 0.569431 0.181117
f 57/412/57 143/413/143 142/414/142
vt 0.560801 0.210342
vt 0.558405 0.226409
vt 0.567099 0.211846
f 144/415/144 135/416/135 134/417/134
vt 0.567099 0.211846
vt 0.568216 0.196830
vt 0.560801 0.210342
f 134/418/134 145/419/145 144/420/144
vt 0.612688 0.486307
vt 0.600404 0.474445
vt 0.594523 0.486048
f 146/421/146 147/422/147 148/423/148
vt 0.594523 0.486048
vt 0.609585 0.509761
vt 0.612688 0.486307
f 148/424/148 149/425/149 146/426/146
vt 0.606278 0.533750
vt 0.588186 0.498611
vt 0.587866 0.499279
f 150/427/150 151/428/151 86/429/86
vt 0.606278 0.533750
vt 0.587866 0.499279
vt 0.623769 0.570050
f 150/430/150 86/431/86 152/432/152
vt 0.606278 0.533750
vt 0.623769 0.570050
vt 0.623781 0.568108
f 150/433/150 152/434/152 153/435/153
vt 0.627483 0.570720
vt 0.623781 0.568108
vt 0.623769 0.570050
f 154/436/154 153/437/153 152/438/152
vt 0.627483 0.570720
vt 0.623769 0.570050
vt 0.630606 0.573645
f 154/439/154 152/440/152 67/441/67
vt 0.627483 0.570720
vt 0.630606 0.573645
vt 0.631024 0.572026
f 154/442/154 67/443/67 155/444/155
vt 0.632354 0.536671
vt 0.639673 0.540463
vt 0.648100 0.510016
f 156/445/156 157/446/157 111/447/111
vt 0.648100 0.510016
vt 0.636608 0.504120
vt 0.632354 0.536671
f 111/448/111 158/449/158 156/450/156
vt 0.624553 0.384022
vt 0.635655 0.425050
vt 0.647774 0.425720
f 159/451/159 160/452/160 122/453/122
vt 0.624553 0.384022
vt 0.647774 0.425720
vt 0.624943 0.358414
f 159/454/159 122/455/122 121/456/121
vt 0.624553 0.384022
vt 0.624943 0.358414
vt 0.613033 0.343318
f 159/457/159 121/458/121 127/459/127
vt 0.571017 0.342818
vt 0.587694 0.423162
vt 0.605701 0.423480
f 139/460/139 161/461/161 162/462/162
vt 0.585927 0.335305
vt 0.571017 0.342818
vt 0.605701 0.423480
f 140/463/140 139/464/139 162/465/162
vt 0.595701 0.379564
vt 0.585927 0.335305
vt 0.605701 0.423480
f 163/466/163 140/467/140 162/468/162
vt 0.605701 0.423480
vt 0.587694 0.423162
vt 0.600404 0.474445
f 162/469/162 161/470/161 147/471/147
vt 0.605701 0.423480
vt 0.600404 0.474445
vt 0.612688 0.486307
f 162/472/162 147/473/147 146/474/146
vt 0.609295 0.455178
vt 0.605701 0.423480
vt 0.612688 0.486307
f 164/475/164 162/476/162 146/477/146
vt 0.637090 0.464919
vt 0.636608 0.504120
vt 0.648100 0.510016
f 165/478/165 158/479/158 111/480/111
vt 0.637090 0.464919
vt 0.648100 0.510016
vt 0.647774 0.425720
f 165/481/165 111/482/111 122/483/122
vt 0.637090 0.464919
vt 0.647774 0.425720
vt 0.635655 0.425050
f 165/484/165 122/485/122 160/486/160
vt 0.587694 0.423162
vt 0.571017 0.342818
vt 0.557136 0.351154
f 161/487/161 139/488/139 166/489/166
vt 0.570404 0.423567
vt 0.587694 0.423162
vt 0.557136 0.351154
f 167/490/167 161/491/161 166/492/166
vt 0.563726 0.387408
vt 0.570404 0.423567
vt 0.557136 0.351154
f 168/493/168 167/494/167 166/495/166
vt 0.547310 0.392341
vt 0.542512 0.359923
vt 0.541760 0.360341
f 169/496/169 170/497/170 90/498/90
vt 0.547310 0.392341
vt 0.541760 0.360341
vt 0.551795 0.425280
f 169/499/169 90/500/90 87/501/87
vt 0.547310 0.392341
vt 0.551795 0.425280
vt 0.552642 0.424863
f 169/502/169 87/503/87 171/504/171
vt 0.570322 0.461668
vt 0.552642 0.424863
vt 0.551795 0.425280
f 172/505/172 171/506/171 87/507/87
vt 0.570322 0.461668
vt 0.551795 0.425280
vt 0.587866 0.499279
f 172/508/172 87/509/87 86/510/86
vt 0.570322 0.461668
vt 0.587866 0.499279
vt 0.588186 0.498611
f 172/511/172 86/512/86 151/513/151
vt 0.600404 0.474445
vt 0.587694 0.423162
vt 0.570404 0.423567
f 147/514/147 161/515/161 167/516/167
vt 0.594523 0.486048
vt 0.600404 0.474445
vt 0.570404 0.423567
f 148/517/148 147/518/147 167/519/167
vt 0.582292 0.454997
vt 0.594523 0.486048
vt 0.570404 0.423567
f 173/520/173 148/521/148 167/522/167
vt 0.555950 0.263179
vt 0.558405 0.226409
vt 0.550509 0.241353
f 136/523/136 135/524/135 174/525/174
vt 0.545765 0.280005
vt 0.555950 0.263179
vt 0.550509 0.241353
f 175/526/175 136/527/136 174/528/174
vt 0.548021 0.260427
vt 0.545765 0.280005
vt 0.550509 0.241353
f 176/529/176 175/530/175 174/531/174
vt 0.538479 0.276814
vt 0.542188 0.257017
vt 0.541760 0.257765
f 177/532/177 178/533/178 98/534/98
vt 0.538479 0.276814
vt 0.541760 0.257765
vt 0.534031 0.297221
f 177/535/177 98/536/98 95/537/95
vt 0.538479 0.276814
vt 0.534031 0.297221
vt 0.534798 0.296907
f 177/538/177 95/539/95 179/540/179
vt 0.538486 0.328262
vt 0.534798 0.296907
vt 0.534031 0.297221
f 180/541/180 179/542/179 95/543/95
vt 0.538486 0.328262
vt 0.534031 0.297221
vt 0.541760 0.360341
f 180/544/180 95/545/95 90/546/90
vt 0.538486 0.328262
vt 0.541760 0.360341
vt 0.542512 0.359923
f 180/547/180 90/548/90 170/549/170
vt 0.571017 0.342818
vt 0.555950 0.263179
vt 0.545765 0.280005
f 139/550/139 136/551/136 175/552/175
vt 0.557136 0.351154
vt 0.571017 0.342818
vt 0.545765 0.280005
f 166/553/166 139/554/139 175/555/175
vt 0.551160 0.315381
vt 0.557136 0.351154
vt 0.545765 0.280005
f 181/556/181 166/557/166 175/558/175
vt 0.556931 0.206775
vt 0.563316 0.193440
vt 0.563449 0.192568
f 182/559/182 143/560/143 57/561/57
vt 0.556931 0.206775
vt 0.563449 0.192568
vt 0.550574 0.220179
f 182/562/182 57/563/57 105/564/105
vt 0.556931 0.206775
vt 0.550574 0.220179
vt 0.550720 0.220323
f 182/565/182 105/566/105 183/567/183
vt 0.546362 0.238577
vt 0.550720 0.220323
vt 0.550574 0.220179
f 184/568/184 183/569/183 105/570/105
vt 0.546362 0.238577
vt 0.550574 0.220179
vt 0.541760 0.257765
f 184/571/184 105/572/105 98/573/98
vt 0.546362 0.238577
vt 0.541760 0.257765
vt 0.542188 0.257017
f 184/574/184 98/575/98 178/576/178
vt 0.553402 0.224157
vt 0.550509 0.241353
vt 0.558405 0.226409
f 185/577/185 174/578/174 135/579/135
vt 0.558405 0.226409
vt 0.560801 0.210342
vt 0.553402 0.224157
f 135/580/135 144/581/144 185/582/185
vt 0.632355 0.536671
vt 0.636610 0.504121
vt 0.648103 0.510017
f 186/583/186 80/584/80 25/585/25
vt 0.648103 0.510017
vt 0.639675 0.540464
vt 0.632355 0.536671
f 25/586/25 69/587/69 186/588/186
vt 0.627483 0.570720
vt 0.631024 0.572026
vt 0.630606 0.573645
f 187/589/187 68/590/68 67/591/67
vt 0.627483 0.570720
vt 0.630606 0.573645
vt 0.623769 0.570050
f 187/592/187 67/593/67 152/594/152
vt 0.627483 0.570720
vt 0.623769 0.570050
vt 0.623781 0.568108
f 187/595/187 152/596/152 188/597/188
vt 0.606278 0.533750
vt 0.623781 0.568108
vt 0.623769 0.570050
f 189/598/189 188/599/188 152/600/152
vt 0.606278 0.533750
vt 0.623769 0.570050
vt 0.587866 0.499279
f 189/601/189 152/602/152 86/603/86
vt 0.606278 0.533750
vt 0.587866 0.499279
vt 0.588186 0.498611
f 189/604/189 86/605/86 85/606/85
vt 0.594523 0.486048
vt 0.600404 0.474445
vt 0.612688 0.486307
f 82/607/82 71/608/71 74/609/74
vt 0.612688 0.486307
vt 0.609585 0.509761
vt 0.594523 0.486048
f 74/610/74 190/611/190 82/612/82
vt 0.651051 0.534999
vt 0.648100 0.510016
vt 0.639673 0.540463
f 112/613/112 111/614/111 157/615/157
vt 0.639673 0.540463
vt 0.642547 0.552735
vt 0.651051 0.534999
f 157/616/157 191/617/191 112/618/112
vt 0.633813 0.572274
vt 0.631024 0.572026
vt 0.630606 0.573645
f 192/619/192 155/620/155 67/621/67
vt 0.633813 0.572274
vt 0.630606 0.573645
vt 0.636485 0.572944
f 192/622/192 67/623/67 64/624/64
vt 0.633813 0.572274
vt 0.636485 0.572944
vt 0.636732 0.571851
f 192/625/192 64/626/64 193/627/193
vt 0.645413 0.566549
vt 0.636732 0.571851
vt 0.636485 0.572944
f 194/628/194 193/629/193 64/630/64
vt 0.645413 0.566549
vt 0.636485 0.572944
vt 0.654198 0.562093
f 194/631/194 64/632/64 20/633/20
vt 0.645413 0.566549
vt 0.654198 0.562093
vt 0.654052 0.560781
f 194/634/194 20/635/20 113/636/113
vt 0.140431 0.138225
vt 0.272918 0.179147
vt 0.269595 0.127592
f 195/637/195 196/638/196 197/639/197
vt 0.140431 0.138225
vt 0.269595 0.127592
vt 0.010070 0.067088
f 195/640/195 197/641/197 198/642/198
vt 0.140431 0.138225
vt 0.010070 0.067088
vt 0.010391 0.098479
f 195/643/195 198/644/198 199/645/199
vt 0.533633 0.022465
vt 0.531426 0.022460
vt 0.531426 0.022181
f 200/646/200 201/647/201 202/648/202
vt 0.531426 0.022181
vt 0.534504 0.022181
vt 0.533633 0.022465
f 203/649/203 204/650/204 200/651/200
vt 0.531426 0.057306
vt 0.531426 0.092989
vt 0.534520 0.092982
f 205/652/205 206/653/206 207/654/207
vt 0.534520 0.092982
vt 0.534059 0.056996
vt 0.531426 0.057306
f 207/655/207 208/656/208 205/657/205
vt 0.534504 0.022181
vt 0.531426 0.022181
vt 0.531426 0.021902
f 204/658/204 209/659/209 210/660/210
vt 0.531426 0.021902
vt 0.533640 0.021899
vt 0.534504 0.022181
f 210/661/210 211/662/211 204/663/204
vt 0.136935 0.056020
vt 0.009749 0.035697
vt 0.010070 0.067088
f 212/664/212 213/665/213 198/666/198
vt 0.136935 0.056020
vt 0.010070 0.067088
vt 0.269595 0.127592
f 212/667/212 198/668/198 197/669/197
vt 0.136935 0.056020
vt 0.269595 0.127592
vt 0.263069 0.025490
f 212/670/212 197/671/197 214/672/214
vt 0.136935 0.056020
vt 0.263069 0.025490
vt 0.136248 0.014898
f 212/673/212 215/674/215 216/675/216
vt 0.533634 0.022613
vt 0.534504 0.022329
vt 0.531426 0.022329
f 217/676/217 218/677/218 219/678/219
vt 0.531426 0.022329
vt 0.531426 0.022608
vt 0.533634 0.022613
f 219/679/219 220/680/220 217/681/217
vt 0.139871 0.138085
vt 0.010258 0.098479
vt 0.009937 0.067087
f 221/682/221 222/683/222 223/684/223
vt 0.139871 0.138085
vt 0.009937 0.067087
vt 0.268606 0.127378
f 221/685/221 224/686/224 225/687/225
vt 0.139871 0.138085
vt 0.268606 0.127378
vt 0.271924 0.178865
f 221/688/221 225/689/225 226/690/226
vt 0.531426 0.022050
vt 0.531426 0.022329
vt 0.534504 0.022329
f 227/691/227 219/692/219 218/693/218
vt 0.534504 0.022329
vt 0.533641 0.022046
vt 0.531426 0.022050
f 218/694/218 228/695/228 227/696/227
vt 0.534520 0.092821
vt 0.531426 0.092828
vt 0.531426 0.057299
f 229/697/229 230/698/230 231/699/231
vt 0.531426 0.057299
vt 0.534060 0.056990
vt 0.534520 0.092821
f 231/700/231 232/701/232 229/702/229
vt 0.136380 0.055947
vt 0.135693 0.014860
vt 0.262091 0.025415
f 233/703/233 234/704/234 235/705/235
vt 0.136380 0.055947
vt 0.262091 0.025415
vt 0.268606 0.127378
f 233/706/233 236/707/236 225/708/225
vt 0.136380 0.055947
vt 0.268606 0.127378
vt 0.009937 0.067087
f 233/709/233 225/710/225 237/711/237
vt 0.136380 0.055947
vt 0.009937 0.067087
vt 0.009616 0.035696
f 233/712/233 238/713/238 239/714/239
vt 0.402131 0.332903
vt 0.530760 0.372381
vt 0.530449 0.404225
f 240/715/240 241/716/241 242/717/242
vt 0.402131 0.332903
vt 0.530449 0.404225
vt 0.273704 0.344508
f 240/718/240 242/719/242 243/720/243
vt 0.402131 0.332903
vt 0.273704 0.344508
vt 0.270509 0.292281
f 240/721/240 243/722/243 244/723/244
vt 0.541713 0.022465
vt 0.540843 0.022181
vt 0.543921 0.022181
f 245/724/245 246/725/246 247/726/247
vt 0.543921 0.022181
vt 0.543921 0.022460
vt 0.541713 0.022465
f 248/727/248 249/728/249 245/729/245
vt 0.404190 0.416264
vt 0.404339 0.457961
vt 0.278850 0.448007
f 250/730/250 251/731/251 252/732/252
vt 0.404190 0.416264
vt 0.278850 0.448007
vt 0.273704 0.344508
f 250/733/250 252/734/252 243/735/243
vt 0.404190 0.416264
vt 0.273704 0.344508
vt 0.530449 0.404225
f 250/736/250 243/737/243 242/738/242
vt 0.404190 0.416264
vt 0.530449 0.404225
vt 0.530138 0.436070
f 250/739/250 242/740/242 253/741/253
vt 0.543921 0.021902
vt 0.543921 0.022181
vt 0.540843 0.022181
f 254/742/254 255/743/255 246/744/246
vt 0.540843 0.022181
vt 0.541707 0.021899
vt 0.543921 0.021902
f 246/745/246 256/746/256 257/747/257
vt 0.540827 0.092982
vt 0.543921 0.092989
vt 0.543921 0.057306
f 258/748/258 259/749/259 260/750/260
vt 0.543921 0.057306
vt 0.541287 0.056996
vt 0.540827 0.092982
f 261/751/261 262/752/262 258/753/258
vt 0.402517 0.333041
vt 0.271368 0.292561
vt 0.274555 0.344719
f 263/754/263 264/755/264 265/756/265
vt 0.402517 0.333041
vt 0.274555 0.344719
vt 0.530371 0.404225
f 263/757/263 265/758/265 266/759/266
vt 0.402517 0.333041
vt 0.530371 0.404225
vt 0.530681 0.372381
f 263/760/263 266/761/266 267/762/267
vt 0.541713 0.022613
vt 0.543921 0.022608
vt 0.543921 0.022329
f 268/763/268 269/764/269 270/765/270
vt 0.543921 0.022329
vt 0.540843 0.022329
vt 0.541713 0.022613
f 271/766/271 272/767/272 268/768/268
vt 0.404569 0.416334
vt 0.530060 0.436070
vt 0.530371 0.404225
f 273/769/273 274/770/274 266/771/266
vt 0.404569 0.416334
vt 0.530371 0.404225
vt 0.274555 0.344719
f 273/772/273 266/773/266 265/774/265
vt 0.404569 0.416334
vt 0.274555 0.344719
vt 0.279687 0.448077
f 273/775/273 265/776/265 275/777/275
vt 0.404569 0.416334
vt 0.279687 0.448077
vt 0.404718 0.457996
f 273/778/273 275/779/275 276/780/276
vt 0.543921 0.057299
vt 0.543921 0.092828
vt 0.540826 0.092821
f 277/781/277 278/782/278 279/783/279
vt 0.540826 0.092821
vt 0.541287 0.056990
vt 0.543921 0.057299
f 279/784/279 280/785/280 281/786/281
vt 0.540843 0.022329
vt 0.543921 0.022329
vt 0.543921 0.022050
f 272/787/272 282/788/282 283/789/283
vt 0.543921 0.022050
vt 0.541706 0.022046
vt 0.540843 0.022329
f 284/790/284 285/791/285 272/792/272
vt 0.404191 0.218525
vt 0.535600 0.260442
vt 0.529303 0.189186
f 286/793/286 287/794/287 288/795/288
vt 0.404191 0.218525
vt 0.529303 0.189186
vt 0.269595 0.127592
f 286/796/286 288/797/288 197/798/197
vt 0.404191 0.218525
vt 0.269595 0.127592
vt 0.272918 0.179147
f 286/799/286 197/800/197 196/801/196
vt 0.537673 0.134371
vt 0.537673 0.171587
vt 0.534549 0.171587
f 289/802/289 290/803/290 291/804/291
vt 0.534549 0.171587
vt 0.533939 0.134290
vt 0.537673 0.134371
f 291/805/291 292/806/292 289/807/289
vt 0.534520 0.092982
vt 0.531426 0.092989
vt 0.531426 0.128672
f 207/808/207 206/809/206 293/810/293
vt 0.531426 0.128672
vt 0.533868 0.128700
vt 0.534520 0.092982
f 293/811/293 294/812/294 207/813/207
vt 0.394707 0.098253
vt 0.389889 0.036082
vt 0.263069 0.025490
f 295/814/295 296/815/296 297/816/297
vt 0.263069 0.025490
vt 0.269595 0.127592
vt 0.529303 0.189186
f 298/817/298 197/818/197 288/819/288
vt 0.394707 0.098253
vt 0.263069 0.025490
vt 0.529303 0.189186
f 295/820/295 299/821/299 288/822/288
vt 0.394707 0.098253
vt 0.529303 0.189186
vt 0.523006 0.117930
f 295/823/295 288/824/288 300/825/300
vt 0.540797 0.171587
vt 0.537673 0.171587
vt 0.537673 0.134371
f 301/826/301 290/827/290 289/828/289
vt 0.537673 0.134371
vt 0.541408 0.134290
vt 0.540797 0.171587
f 289/829/289 302/830/302 301/831/301
vt 0.140090 0.253218
vt 0.270509 0.292281
vt 0.273704 0.344508
f 303/832/303 244/833/244 243/834/243
vt 0.140090 0.253218
vt 0.273704 0.344508
vt 0.015651 0.283754
f 303/835/303 243/836/243 304/837/304
vt 0.140090 0.253218
vt 0.015651 0.283754
vt 0.009541 0.211582
f 303/838/303 304/839/304 305/840/305
vt 0.149265 0.375045
vt 0.021761 0.355927
vt 0.015651 0.283754
f 306/841/306 307/842/307 304/843/304
vt 0.015651 0.283754
vt 0.273704 0.344508
vt 0.278850 0.448007
f 304/844/304 243/845/243 252/846/252
vt 0.149265 0.375045
vt 0.015651 0.283754
vt 0.278850 0.448007
f 306/847/306 304/848/304 252/849/252
vt 0.149265 0.375045
vt 0.278850 0.448007
vt 0.153361 0.438053
f 306/850/306 252/851/252 308/852/308
vt 0.537673 0.128674
vt 0.537673 0.164355
vt 0.540797 0.164355
f 309/853/309 310/854/310 311/855/311
vt 0.540797 0.164355
vt 0.541479 0.128700
vt 0.537673 0.128674
f 311/856/311 312/857/312 309/858/309
vt 0.393299 0.098035
vt 0.521173 0.117643
vt 0.527459 0.188761
f 313/859/313 314/860/314 315/861/315
vt 0.527459 0.188761
vt 0.268606 0.127378
vt 0.262091 0.025415
f 315/862/315 225/863/225 316/864/316
vt 0.393299 0.098035
vt 0.527459 0.188761
vt 0.262091 0.025415
f 313/865/313 315/866/315 317/867/317
vt 0.393299 0.098035
vt 0.262091 0.025415
vt 0.388490 0.035970
f 313/868/313 318/869/318 319/870/319
vt 0.537673 0.128358
vt 0.537673 0.163886
vt 0.534549 0.163886
f 320/871/320 321/872/321 322/873/322
vt 0.534549 0.163886
vt 0.533869 0.128384
vt 0.537673 0.128358
f 322/874/322 323/875/323 320/876/320
vt 0.534549 0.171100
vt 0.537673 0.171100
vt 0.537673 0.134043
f 324/877/324 325/878/325 326/879/326
vt 0.537673 0.134043
vt 0.533940 0.133962
vt 0.534549 0.171100
f 326/880/326 327/881/327 324/882/324
vt 0.402766 0.218105
vt 0.271924 0.178865
vt 0.268606 0.127378
f 328/883/328 226/884/226 225/885/225
vt 0.402766 0.218105
vt 0.268606 0.127378
vt 0.527459 0.188761
f 328/886/328 225/887/225 315/888/315
vt 0.402766 0.218105
vt 0.527459 0.188761
vt 0.533745 0.259880
f 328/889/328 315/890/315 329/891/329
vt 0.141418 0.253634
vt 0.011339 0.212139
vt 0.017434 0.284173
f 330/892/330 331/893/331 332/894/332
vt 0.141418 0.253634
vt 0.017434 0.284173
vt 0.274555 0.344719
f 330/895/330 332/896/332 265/897/265
vt 0.141418 0.253634
vt 0.274555 0.344719
vt 0.271368 0.292561
f 330/898/330 265/899/265 264/900/264
vt 0.537673 0.134043
vt 0.537673 0.171100
vt 0.540797 0.171100
f 326/901/326 325/902/325 333/903/333
vt 0.540797 0.171100
vt 0.541407 0.133962
vt 0.537673 0.134043
f 333/904/333 334/905/334 326/906/326
vt 0.540826 0.092821
vt 0.543921 0.092828
vt 0.543921 0.128357
f 279/907/279 335/908/335 336/909/336
vt 0.543921 0.128357
vt 0.541478 0.128384
vt 0.540826 0.092821
f 336/910/336 337/911/337 279/912/279
vt 0.150571 0.375257
vt 0.154656 0.438159
vt 0.279687 0.448077
f 338/913/338 339/914/339 275/915/275
vt 0.279687 0.448077
vt 0.274555 0.344719
vt 0.017434 0.284173
f 275/916/275 265/917/265 332/918/332
vt 0.150571 0.375257
vt 0.279687 0.448077
vt 0.017434 0.284173
f 338/919/338 275/920/275 332/921/332
vt 0.150571 0.375257
vt 0.017434 0.284173
vt 0.023530 0.356207
f 338/922/338 332/923/332 340/924/340
vt 0.539192 0.055933
vt 0.538965 0.075799
vt 0.539989 0.075809
f 341/925/341 342/926/342 343/927/343
vt 0.539989 0.075809
vt 0.539989 0.056211
vt 0.539192 0.055933
f 343/928/343 344/929/344 341/930/341
vt 0.717203 0.415716
vt 0.724049 0.497981
vt 0.759239 0.510620
f 345/931/345 346/932/346 347/933/347
vt 0.717203 0.415716
vt 0.759239 0.510620
vt 0.746266 0.334452
f 345/934/345 348/935/348 1/936/1
vt 0.717203 0.415716
vt 0.746266 0.334452
vt 0.710616 0.332594
f 345/937/345 1/938/1 349/939/349
vt 0.539989 0.115004
vt 0.539989 0.075809
vt 0.538965 0.075799
f 350/940/350 343/941/343 342/942/342
vt 0.538959 0.115004
vt 0.539989 0.115004
vt 0.538965 0.075799
f 351/943/351 350/944/350 342/945/342
vt 0.538949 0.095318
vt 0.538959 0.115004
vt 0.538965 0.075799
f 352/946/352 351/947/351 342/948/342
vt 0.538965 0.154209
vt 0.539989 0.154200
vt 0.539989 0.115004
f 353/949/353 354/950/354 350/951/350
vt 0.538965 0.154209
vt 0.539989 0.115004
vt 0.538959 0.115004
f 353/952/353 350/953/350 351/954/351
vt 0.538949 0.134691
vt 0.538965 0.154209
vt 0.538959 0.115004
f 355/955/355 353/956/353 351/957/351
vt 0.912979 0.334465
vt 0.829621 0.411594
vt 0.829621 0.535900
f 5/958/5 2/959/2 356/960/356
vt 0.829621 0.535900
vt 0.900002 0.510620
vt 0.912979 0.334465
f 357/961/357 358/962/358 5/963/5
vt 0.746266 0.334452
vt 0.759239 0.510620
vt 0.829621 0.535900
f 1/964/1 359/965/359 360/966/360
vt 0.829621 0.535900
vt 0.829621 0.411594
vt 0.746266 0.334452
f 361/967/361 2/968/2 1/969/1
vt 0.539191 0.174075
vt 0.539989 0.173798
vt 0.539989 0.154200
f 362/970/362 363/971/363 354/972/354
vt 0.539989 0.154200
vt 0.538965 0.154209
vt 0.539191 0.174075
f 354/973/354 353/974/353 362/975/362
vt 0.942041 0.415722
vt 0.948628 0.332601
vt 0.912979 0.334465
f 364/976/364 365/977/365 5/978/5
vt 0.942041 0.415722
vt 0.912979 0.334465
vt 0.900002 0.510620
f 364/979/364 5/980/5 366/981/366
vt 0.942041 0.415722
vt 0.900002 0.510620
vt 0.935193 0.497981
f 364/982/364 367/983/367 368/984/368
vt 0.678588 0.180555
vt 0.694325 0.183130
vt 0.691224 0.127406
f 369/985/369 370/986/370 371/987/371
vt 0.678588 0.180555
vt 0.691224 0.127406
vt 0.676690 0.126867
f 369/988/369 371/989/371 372/990/372
vt 0.677060 0.151826
vt 0.678588 0.180555
vt 0.676690 0.126867
f 373/991/373 369/992/369 372/993/372
vt 0.539047 0.021736
vt 0.537065 0.021735
vt 0.538620 0.022092
f 374/994/374 375/995/375 376/996/376
vt 0.539047 0.021736
vt 0.538620 0.022092
vt 0.542118 0.021991
f 374/997/374 376/998/376 377/999/377
vt 0.540645 0.021766
vt 0.539047 0.021736
vt 0.542118 0.021991
f 378/1000/378 374/1001/374 377/1002/377
vt 0.542118 0.021991
vt 0.538620 0.022092
vt 0.538475 0.025621
f 377/1003/377 376/1004/376 379/1005/379
vt 0.538475 0.025621
vt 0.541489 0.025474
vt 0.542118 0.021991
f 379/1006/379 380/1007/380 377/1008/377
vt 0.694137 0.254585
vt 0.710616 0.332594
vt 0.746266 0.334452
f 381/1009/381 349/1010/349 1/1011/1
vt 0.694137 0.254585
vt 0.746266 0.334452
vt 0.694325 0.183130
f 381/1012/381 1/1013/1 370/1014/370
vt 0.694137 0.254585
vt 0.694325 0.183130
vt 0.678588 0.180555
f 381/1015/381 370/1016/370 369/1017/369
vt 0.538475 0.204388
vt 0.538620 0.207917
vt 0.542118 0.208018
f 382/1018/382 383/1019/383 384/1020/384
vt 0.542118 0.208018
vt 0.541489 0.204535
vt 0.538475 0.204388
f 384/1021/384 385/1022/385 382/1023/382
vt 0.538620 0.207917
vt 0.537065 0.208274
vt 0.539047 0.208273
f 383/1024/383 386/1025/386 387/1026/387
vt 0.542118 0.208018
vt 0.538620 0.207917
vt 0.539047 0.208273
f 384/1027/384 383/1028/383 387/1029/387
vt 0.540646 0.208243
vt 0.542118 0.208018
vt 0.539047 0.208273
f 388/1030/388 384/1031/384 387/1032/387
vt 0.967364 0.127397
vt 0.964884 0.183131
vt 0.980634 0.180554
f 389/1033/389 390/1034/390 391/1035/391
vt 0.982225 0.126861
vt 0.967364 0.127397
vt 0.980634 0.180554
f 392/1036/392 389/1037/389 391/1038/391
vt 0.982022 0.151795
vt 0.982225 0.126861
vt 0.980634 0.180554
f 393/1039/393 392/1040/392 391/1041/391
vt 0.965101 0.254589
vt 0.980634 0.180554
vt 0.964884 0.183131
f 394/1042/394 391/1043/391 390/1044/390
vt 0.965101 0.254589
vt 0.964884 0.183131
vt 0.912979 0.334465
f 394/1045/394 390/1046/390 5/1047/5
vt 0.965101 0.254589
vt 0.912979 0.334465
vt 0.948628 0.332601
f 394/1048/394 5/1049/5 365/1050/365
vt 0.953341 0.154330
vt 0.950925 0.182208
vt 0.964884 0.183131
f 395/1051/395 396/1052/396 390/1053/390
vt 0.953341 0.154330
vt 0.964884 0.183131
vt 0.967364 0.127397
f 395/1054/395 390/1055/390 389/1056/389
vt 0.953341 0.154330
vt 0.967364 0.127397
vt 0.952539 0.127995
f 395/1057/395 389/1058/389 397/1059/397
vt 0.538726 0.175150
vt 0.536424 0.175154
vt 0.537542 0.173842
f 398/1060/398 399/1061/399 400/1062/400
vt 0.537542 0.173842
vt 0.540490 0.175102
vt 0.538726 0.175150
f 400/1063/400 401/1064/401 398/1065/398
vt 0.538715 0.143768
vt 0.538771 0.115004
vt 0.542245 0.115127
f 402/1066/402 403/1067/403 404/1068/404
vt 0.542245 0.115127
vt 0.542175 0.145034
vt 0.538715 0.143768
f 404/1069/404 405/1070/405 402/1071/402
vt 0.829621 0.199549
vt 0.829621 0.218498
vt 0.883247 0.239663
f 406/1072/406 7/1073/7 6/1074/6
vt 0.829621 0.199549
vt 0.883247 0.239663
vt 0.910080 0.210324
f 406/1075/406 6/1076/6 407/1077/407
vt 0.870656 0.204835
vt 0.829621 0.199549
vt 0.910080 0.210324
f 408/1078/408 406/1079/406 407/1080/407
vt 0.926350 0.233678
vt 0.910080 0.210324
vt 0.883247 0.239663
f 409/1081/409 407/1082/407 6/1083/6
vt 0.926350 0.233678
vt 0.883247 0.239663
vt 0.912979 0.334465
f 409/1084/409 6/1085/6 5/1086/5
vt 0.926350 0.233678
vt 0.912979 0.334465
vt 0.964884 0.183131
f 409/1087/409 5/1088/5 390/1089/390
vt 0.926350 0.233678
vt 0.964884 0.183131
vt 0.950925 0.182208
f 409/1090/409 390/1091/390 396/1092/396
vt 0.732899 0.233674
vt 0.708291 0.182208
vt 0.694325 0.183130
f 410/1093/410 411/1094/411 370/1095/370
vt 0.732899 0.233674
vt 0.694325 0.183130
vt 0.746266 0.334452
f 410/1096/410 370/1097/370 1/1098/1
vt 0.732899 0.233674
vt 0.746266 0.334452
vt 0.775995 0.239663
f 410/1099/410 1/1100/1 4/1101/4
vt 0.732899 0.233674
vt 0.775995 0.239663
vt 0.749162 0.210323
f 410/1102/410 4/1103/4 412/1104/412
vt 0.775995 0.239663
vt 0.829621 0.218498
vt 0.829621 0.199549
f 4/1105/4 7/1106/7 406/1107/406
vt 0.749162 0.210323
vt 0.775995 0.239663
vt 0.829621 0.199549
f 412/1108/412 4/1109/4 406/1110/406
vt 0.788590 0.204835
vt 0.749162 0.210323
vt 0.829621 0.199549
f 413/1111/413 412/1112/412 406/1113/406
vt 0.542245 0.115127
vt 0.538771 0.115004
vt 0.538715 0.086337
f 404/1114/404 403/1115/403 414/1116/414
vt 0.538715 0.086337
vt 0.542175 0.085214
vt 0.542245 0.115127
f 414/1117/414 415/1118/415 404/1119/404
vt 0.537542 0.055939
vt 0.536424 0.054208
vt 0.538726 0.054295
f 416/1120/416 417/1121/417 418/1122/418
vt 0.538726 0.054295
vt 0.540489 0.054794
vt 0.537542 0.055939
f 418/1123/418 419/1124/419 416/1125/416
vt 0.705441 0.154345
vt 0.705722 0.128007
vt 0.691224 0.127406
f 420/1126/420 421/1127/421 371/1128/371
vt 0.705441 0.154345
vt 0.691224 0.127406
vt 0.694325 0.183130
f 420/1129/420 371/1130/371 370/1131/370
vt 0.705441 0.154345
vt 0.694325 0.183130
vt 0.708291 0.182208
f 420/1132/420 370/1133/370 411/1134/411
vt 0.676371 0.023163
vt 0.676496 0.041227
vt 0.690824 0.041148
f 422/1135/422 423/1136/423 424/1137/424
vt 0.690824 0.041148
vt 0.690817 0.023194
vt 0.676371 0.023163
f 424/1138/424 425/1139/425 422/1140/422
vt 0.982184 0.023165
vt 0.967037 0.023188
vt 0.967056 0.041151
f 426/1141/426 427/1142/427 428/1143/428
vt 0.967056 0.041151
vt 0.982065 0.041228
vt 0.982184 0.023165
f 428/1144/428 429/1145/429 426/1146/426
vt 0.828259 0.040987
vt 0.933106 0.040982
vt 0.934148 0.022940
f 430/1147/430 431/1148/431 432/1149/432
vt 0.828233 0.022947
vt 0.828259 0.040987
vt 0.934148 0.022940
f 433/1150/433 430/1151/430 432/1152/432
vt 0.882617 0.022939
vt 0.828233 0.022947
vt 0.934148 0.022940
f 434/1153/434 433/1154/433 432/1155/432
vt 0.933106 0.040982
vt 0.967056 0.041151
vt 0.967037 0.023188
f 431/1156/431 428/1157/428 427/1158/427
vt 0.934148 0.022940
vt 0.933106 0.040982
vt 0.967037 0.023188
f 432/1159/432 431/1160/431 427/1161/427
vt 0.952013 0.023061
vt 0.934148 0.022940
vt 0.967037 0.023188
f 435/1162/435 432/1163/432 427/1164/427
vt 0.690817 0.023194
vt 0.690824 0.041148
vt 0.723481 0.041008
f 425/1165/425 424/1166/424 436/1167/436
vt 0.690817 0.023194
vt 0.723481 0.041008
vt 0.722367 0.022967
f 425/1168/425 436/1169/436 437/1170/437
vt 0.705145 0.023074
vt 0.690817 0.023194
vt 0.722367 0.022967
f 438/1171/438 425/1172/425 437/1173/437
vt 0.722367 0.022967
vt 0.723481 0.041008
vt 0.828259 0.040987
f 437/1174/437 436/1175/436 430/1176/430
vt 0.722367 0.022967
vt 0.828259 0.040987
vt 0.828233 0.022947
f 437/1177/437 430/1178/430 433/1179/433
vt 0.773848 0.022953
vt 0.722367 0.022967
vt 0.828233 0.022947
f 439/1180/439 437/1181/437 433/1182/433
vt 0.536900 0.053966
vt 0.538726 0.054295
vt 0.536424 0.054208
f 440/1183/440 418/1184/418 417/1185/417
vt 0.536424 0.054208
vt 0.535307 0.055394
vt 0.536900 0.053966
f 417/1186/417 441/1187/441 440/1188/440
vt 0.774130 0.058468
vt 0.828286 0.058998
vt 0.828259 0.040987
f 442/1189/442 443/1190/443 430/1191/430
vt 0.774130 0.058468
vt 0.828259 0.040987
vt 0.723481 0.041008
f 442/1192/442 430/1193/430 436/1194/436
vt 0.774130 0.058468
vt 0.723481 0.041008
vt 0.722401 0.059031
f 442/1195/442 436/1196/436 444/1197/444
vt 0.705357 0.059102
vt 0.722401 0.059031
vt 0.723481 0.041008
f 445/1198/445 444/1199/444 436/1200/436
vt 0.705357 0.059102
vt 0.723481 0.041008
vt 0.690824 0.041148
f 445/1201/445 436/1202/436 424/1203/424
vt 0.705357 0.059102
vt 0.690824 0.041148
vt 0.690852 0.077787
f 445/1204/445 424/1205/424 446/1206/446
vt 0.705357 0.059102
vt 0.690852 0.077787
vt 0.705160 0.077603
f 445/1207/445 446/1208/446 447/1209/447
vt 0.704408 0.102537
vt 0.705160 0.077603
vt 0.690852 0.077787
f 448/1210/448 447/1211/447 446/1212/446
vt 0.704408 0.102537
vt 0.690852 0.077787
vt 0.691224 0.127406
f 448/1213/448 446/1214/446 371/1215/371
vt 0.704408 0.102537
vt 0.691224 0.127406
vt 0.705722 0.128007
f 448/1216/448 371/1217/371 421/1218/421
vt 0.690852 0.077787
vt 0.690824 0.041148
vt 0.676496 0.041227
f 446/1219/446 424/1220/424 423/1221/423
vt 0.676513 0.077576
vt 0.690852 0.077787
vt 0.676496 0.041227
f 449/1222/449 446/1223/446 423/1224/423
vt 0.676503 0.059145
vt 0.676513 0.077576
vt 0.676496 0.041227
f 450/1225/450 449/1226/449 423/1227/423
vt 0.537401 0.021742
vt 0.536275 0.021742
vt 0.537065 0.021735
f 451/1228/451 452/1229/452 375/1230/375
vt 0.537065 0.021735
vt 0.539047 0.021736
vt 0.537401 0.021742
f 375/1231/375 374/1232/374 451/1233/451
vt 0.676690 0.126867
vt 0.691224 0.127406
vt 0.690852 0.077787
f 372/1234/372 371/1235/371 446/1236/446
vt 0.676690 0.126867
vt 0.690852 0.077787
vt 0.676513 0.077576
f 372/1237/372 446/1238/446 449/1239/449
vt 0.676595 0.101972
vt 0.676690 0.126867
vt 0.676513 0.077576
f 453/1240/453 372/1241/372 449/1242/449
vt 0.537399 0.208266
vt 0.539047 0.208273
vt 0.537065 0.208274
f 454/1243/454 387/1244/387 386/1245/386
vt 0.537065 0.208274
vt 0.536276 0.208267
vt 0.537399 0.208266
f 386/1246/386 455/1247/455 454/1248/454
vt 0.982075 0.059145
vt 0.982065 0.041228
vt 0.967056 0.041151
f 456/1249/456 429/1250/429 428/1251/428
vt 0.982075 0.059145
vt 0.967056 0.041151
vt 0.967111 0.077774
f 456/1252/456 428/1253/428 457/1254/457
vt 0.982075 0.059145
vt 0.967111 0.077774
vt 0.982093 0.077570
f 456/1255/456 457/1256/457 458/1257/458
vt 0.967111 0.077774
vt 0.967364 0.127397
vt 0.982225 0.126861
f 457/1258/457 389/1259/389 392/1260/392
vt 0.982093 0.077570
vt 0.967111 0.077774
vt 0.982225 0.126861
f 458/1261/458 457/1262/457 392/1263/392
vt 0.982160 0.101969
vt 0.982093 0.077570
vt 0.982225 0.126861
f 459/1264/459 458/1265/458 392/1266/392
vt 0.951885 0.059089
vt 0.952145 0.077582
vt 0.967111 0.077774
f 460/1267/460 461/1268/461 457/1269/457
vt 0.951885 0.059089
vt 0.967111 0.077774
vt 0.967056 0.041151
f 460/1270/460 457/1271/457 428/1272/428
vt 0.951885 0.059089
vt 0.967056 0.041151
vt 0.933106 0.040982
f 460/1273/460 428/1274/428 431/1275/431
vt 0.951885 0.059089
vt 0.933106 0.040982
vt 0.934220 0.059004
f 460/1276/460 431/1277/431 462/1278/462
vt 0.882437 0.058453
vt 0.934220 0.059004
vt 0.933106 0.040982
f 463/1279/463 462/1280/462 431/1281/431
vt 0.882437 0.058453
vt 0.933106 0.040982
vt 0.828259 0.040987
f 463/1282/463 431/1283/431 430/1284/430
vt 0.882437 0.058453
vt 0.828259 0.040987
vt 0.828286 0.058998
f 463/1285/463 430/1286/430 443/1287/443
vt 0.536897 0.175018
vt 0.535307 0.173582
vt 0.536424 0.175154
f 464/1288/464 465/1289/465 399/1290/399
vt 0.536424 0.175154
vt 0.538726 0.175150
vt 0.536897 0.175018
f 399/1291/399 398/1292/398 464/1293/464
vt 0.953348 0.102522
vt 0.952539 0.127995
vt 0.967364 0.127397
f 466/1294/466 397/1295/397 389/1296/389
vt 0.953348 0.102522
vt 0.967364 0.127397
vt 0.967111 0.077774
f 466/1297/466 389/1298/389 457/1299/457
vt 0.953348 0.102522
vt 0.967111 0.077774
vt 0.952145 0.077582
f 466/1300/466 457/1301/457 461/1302/461
vt 0.534675 0.190131
vt 0.531266 0.190146
vt 0.531266 0.197498
f 467/1303/467 468/1304/468 469/1305/469
vt 0.531266 0.197498
vt 0.533535 0.197105
vt 0.534675 0.190131
f 469/1306/469 470/1307/470 467/1308/467
vt 0.853564 0.736054
vt 0.723134 0.736111
vt 0.790346 0.727657
f 471/1309/471 472/1310/472 473/1311/473
vt 0.790346 0.727657
vt 0.895030 0.727657
vt 0.853564 0.736054
f 473/1312/473 474/1313/474 471/1314/471
vt 0.685663 0.727657
vt 0.790346 0.727657
vt 0.723134 0.736111
f 475/1315/475 473/1316/473 472/1317/472
vt 0.723134 0.736111
vt 0.621272 0.738343
vt 0.685663 0.727657
f 472/1318/472 476/1319/476 475/1320/475
vt 0.534058 0.160701
vt 0.538177 0.160059
vt 0.538177 0.204850
f 477/1321/477 478/1322/478 479/1323/479
vt 0.538177 0.204850
vt 0.534722 0.204850
vt 0.534058 0.160701
f 479/1324/479 480/1325/480 477/1326/477
vt 0.590195 0.859942
vt 0.622706 0.839613
vt 0.591813 0.932426
f 481/1327/481 482/1328/482 483/1329/483
vt 0.591813 0.932426
vt 0.570686 0.932426
vt 0.590195 0.859942
f 483/1330/483 484/1331/484 481/1332/481
vt 0.531266 0.025549
vt 0.531266 0.025549
vt 0.534684 0.025549
f 485/1333/485 486/1334/486 487/1335/487
vt 0.534684 0.025549
vt 0.533947 0.025549
vt 0.531266 0.025549
f 487/1336/487 488/1337/488 489/1338/489
vt 0.533991 0.025549
vt 0.534684 0.025549
vt 0.531266 0.025549
f 490/1339/490 487/1340/487 491/1341/491
vt 0.531266 0.025549
vt 0.531266 0.025549
vt 0.533991 0.025549
f 492/1342/492 493/1343/493 490/1344/490
vt 0.639664 0.863933
vt 0.612940 0.932426
vt 0.591813 0.932426
f 494/1345/494 495/1346/495 483/1347/483
vt 0.591813 0.932426
vt 0.622706 0.839613
vt 0.639664 0.863933
f 483/1348/483 482/1349/482 494/1350/494
vt 0.862927 0.752922
vt 0.821037 0.744452
vt 0.983739 0.744450
f 496/1351/496 497/1352/497 498/1353/498
vt 0.983739 0.744450
vt 0.975752 0.752847
vt 0.862927 0.752922
f 499/1354/499 500/1355/500 496/1356/496
vt 0.534028 0.182616
vt 0.531266 0.182793
vt 0.531266 0.190146
f 501/1357/501 502/1358/502 468/1359/468
vt 0.531266 0.190146
vt 0.534675 0.190131
vt 0.534028 0.182616
f 468/1360/468 467/1361/467 501/1362/501
vt 0.853564 0.736054
vt 0.821037 0.744452
vt 0.983739 0.744450
f 503/1363/503 504/1364/504 505/1365/505
vt 0.983739 0.744450
vt 0.991727 0.736053
vt 0.853564 0.736054
f 505/1366/505 506/1367/506 503/1368/503
vt 0.538177 0.197478
vt 0.538177 0.204850
vt 0.541633 0.204850
f 507/1369/507 508/1370/508 509/1371/509
vt 0.541633 0.204850
vt 0.542819 0.197105
vt 0.538177 0.197478
f 509/1372/509 510/1373/510 507/1374/507
vt 0.542297 0.160701
vt 0.541633 0.204850
vt 0.538177 0.204850
f 511/1375/511 512/1376/512 479/1377/479
vt 0.538177 0.204850
vt 0.538177 0.160059
vt 0.542297 0.160701
f 479/1378/479 478/1379/478 511/1380/511
vt 0.723134 0.736111
vt 0.790346 0.727657
vt 0.685663 0.727657
f 513/1381/513 514/1382/514 515/1383/515
vt 0.685663 0.727657
vt 0.621272 0.738343
vt 0.723134 0.736111
f 515/1384/515 516/1385/516 513/1386/513
vt 0.541671 0.025549
vt 0.545089 0.025549
vt 0.545089 0.025549
f 517/1387/517 518/1388/518 519/1389/519
vt 0.545089 0.025549
vt 0.542408 0.025549
vt 0.541671 0.025549
f 519/1390/519 520/1391/520 517/1392/517
vt 0.590195 0.859942
vt 0.570686 0.932426
vt 0.591813 0.932426
f 521/1393/521 522/1394/522 523/1395/523
vt 0.591813 0.932426
vt 0.622706 0.839613
vt 0.590195 0.859942
f 524/1396/524 525/1397/525 521/1398/521
vt 0.639664 0.863933
vt 0.622706 0.839613
vt 0.591813 0.932426
f 526/1399/526 525/1400/525 527/1401/527
vt 0.591813 0.932426
vt 0.612940 0.932426
vt 0.639664 0.863933
f 528/1402/528 529/1403/529 526/1404/526
vt 0.542364 0.025549
vt 0.545089 0.025549
vt 0.545089 0.025549
f 530/1405/530 531/1406/531 518/1407/518
vt 0.545089 0.025549
vt 0.541671 0.025549
vt 0.542364 0.025549
f 518/1408/518 517/1409/517 530/1410/530
vt 0.862927 0.752922
vt 0.975752 0.752847
vt 0.983739 0.744450
f 532/1411/532 533/1412/533 505/1413/505
vt 0.983739 0.744450
vt 0.821037 0.744452
vt 0.862927 0.752922
f 505/1414/505 504/1415/504 532/1416/532
vt 0.542326 0.182616
vt 0.541680 0.190131
vt 0.545088 0.190146
f 534/1417/534 535/1418/535 536/1419/536
vt 0.545088 0.190146
vt 0.545088 0.182793
vt 0.542326 0.182616
f 537/1420/537 538/1421/538 534/1422/534
vt 0.853564 0.736054
vt 0.821037 0.744452
vt 0.983739 0.744450
f 539/1423/539 540/1424/540 541/1425/541
vt 0.983739 0.744450
vt 0.991727 0.736053
vt 0.853564 0.736054
f 541/1426/541 542/1427/542 539/1428/539
vt 0.537906 0.197478
vt 0.537906 0.204850
vt 0.541362 0.204850
f 543/1429/543 544/1430/544 545/1431/545
vt 0.541362 0.204850
vt 0.542549 0.197105
vt 0.537906 0.197478
f 545/1432/545 546/1433/546 543/1434/543
vt 0.542026 0.160701
vt 0.541362 0.204850
vt 0.537907 0.204850
f 547/1435/547 548/1436/548 549/1437/549
vt 0.537907 0.204850
vt 0.537907 0.160059
vt 0.542026 0.160701
f 549/1438/549 550/1439/550 547/1440/547
vt 0.723134 0.736111
vt 0.790346 0.727657
vt 0.685663 0.727657
f 551/1441/551 552/1442/552 553/1443/553
vt 0.685663 0.727657
vt 0.621272 0.738343
vt 0.723134 0.736111
f 553/1444/553 554/1445/554 551/1446/551
vt 0.541400 0.025549
vt 0.544818 0.025549
vt 0.544818 0.025549
f 555/1447/555 556/1448/556 557/1449/557
vt 0.544818 0.025549
vt 0.542137 0.025549
vt 0.541400 0.025549
f 557/1450/557 558/1451/558 555/1452/555
vt 0.590195 0.859942
vt 0.570686 0.932426
vt 0.591813 0.932426
f 559/1453/559 560/1454/560 561/1455/561
vt 0.591813 0.932426
vt 0.622706 0.839613
vt 0.590195 0.859942
f 562/1456/562 563/1457/563 559/1458/559
vt 0.639664 0.863933
vt 0.622706 0.839613
vt 0.591813 0.932426
f 564/1459/564 563/1460/563 565/1461/565
vt 0.591813 0.932426
vt 0.612940 0.932426
vt 0.639664 0.863933
f 566/1462/566 567/1463/567 564/1464/564
vt 0.542093 0.025550
vt 0.544818 0.025549
vt 0.544818 0.025549
f 568/1465/568 569/1466/569 556/1467/556
vt 0.544818 0.025549
vt 0.541400 0.025549
vt 0.542093 0.025550
f 556/1468/556 555/1469/555 568/1470/568
vt 0.862927 0.752922
vt 0.975752 0.752847
vt 0.983739 0.744450
f 570/1471/570 571/1472/571 541/1473/541
vt 0.983739 0.744450
vt 0.821037 0.744452
vt 0.862927 0.752922
f 541/1474/541 540/1475/540 570/1476/570
vt 0.542055 0.182616
vt 0.541409 0.190131
vt 0.544818 0.190146
f 572/1477/572 573/1478/573 574/1479/574
vt 0.544818 0.190146
vt 0.544818 0.182793
vt 0.542055 0.182616
f 575/1480/575 576/1481/576 572/1482/572
vt 0.534404 0.190131
vt 0.530995 0.190146
vt 0.530995 0.197498
f 577/1483/577 578/1484/578 579/1485/579
vt 0.530995 0.197498
vt 0.533264 0.197105
vt 0.534404 0.190131
f 579/1486/579 580/1487/580 577/1488/577
vt 0.853564 0.736054
vt 0.723134 0.736111
vt 0.790346 0.727657
f 581/1489/581 582/1490/582 583/1491/583
vt 0.790346 0.727657
vt 0.895030 0.727657
vt 0.853564 0.736054
f 583/1492/583 584/1493/584 581/1494/581
vt 0.685663 0.727657
vt 0.790346 0.727657
vt 0.723134 0.736111
f 585/1495/585 583/1496/583 582/1497/582
vt 0.723134 0.736111
vt 0.621272 0.738343
vt 0.685663 0.727657
f 582/1498/582 586/1499/586 585/1500/585
vt 0.533787 0.160701
vt 0.537907 0.160059
vt 0.537907 0.204850
f 587/1501/587 550/1502/550 549/1503/549
vt 0.537907 0.204850
vt 0.534451 0.204850
vt 0.533787 0.160701
f 549/1504/549 588/1505/588 587/1506/587
vt 0.590195 0.859942
vt 0.622706 0.839613
vt 0.591813 0.932426
f 589/1507/589 590/1508/590 591/1509/591
vt 0.591813 0.932426
vt 0.570686 0.932426
vt 0.590195 0.859942
f 591/1510/591 592/1511/592 589/1512/589
vt 0.530995 0.025549
vt 0.530995 0.025549
vt 0.534413 0.025549
f 593/1513/593 594/1514/594 595/1515/595
vt 0.534413 0.025549
vt 0.533676 0.025549
vt 0.530995 0.025549
f 595/1516/595 596/1517/596 597/1518/597
vt 0.533720 0.025549
vt 0.534413 0.025549
vt 0.530995 0.025549
f 598/1519/598 595/1520/595 599/1521/599
vt 0.530995 0.025549
vt 0.530995 0.025549
vt 0.533720 0.025549
f 600/1522/600 601/1523/601 598/1524/598
vt 0.639664 0.863933
vt 0.612940 0.932426
vt 0.591813 0.932426
f 602/1525/602 603/1526/603 591/1527/591
vt 0.591813 0.932426
vt 0.622706 0.839613
vt 0.639664 0.863933
f 591/1528/591 590/1529/590 602/1530/602
vt 0.862927 0.752922
vt 0.821037 0.744452
vt 0.983739 0.744450
f 604/1531/604 605/1532/605 606/1533/606
vt 0.983739 0.744450
vt 0.975752 0.752847
vt 0.862927 0.752922
f 607/1534/607 608/1535/608 604/1536/604
vt 0.533758 0.182616
vt 0.530995 0.182793
vt 0.530995 0.190146
f 609/1537/609 610/1538/610 578/1539/578
vt 0.530995 0.190146
vt 0.534404 0.190131
vt 0.533758 0.182616
f 578/1540/578 577/1541/577 609/1542/609
vt 0.584597 0.982355
vt 0.447355 0.986710
vt 0.447188 0.990528
f 611/1543/611 612/1544/612 613/1545/613
vt 0.447188 0.990528
vt 0.678924 0.986217
vt 0.584597 0.982355
f 613/1546/613 614/1547/614 611/1548/611
vt 0.534271 0.032624
vt 0.534833 0.029486
vt 0.531681 0.029479
f 615/1549/615 616/1550/616 617/1551/617
vt 0.531681 0.029479
vt 0.531681 0.032574
vt 0.534271 0.032624
f 618/1552/618 619/1553/619 615/1554/615
vt 0.534815 0.049820
vt 0.534878 0.049820
vt 0.538079 0.049820
f 620/1555/620 621/1556/621 622/1557/622
vt 0.538079 0.049820
vt 0.538079 0.049652
vt 0.534815 0.049820
f 622/1558/622 623/1559/623 620/1560/620
vt 0.538079 0.050082
vt 0.538079 0.049820
vt 0.534878 0.049820
f 624/1561/624 622/1562/622 621/1563/621
vt 0.534878 0.049820
vt 0.534843 0.049824
vt 0.538079 0.050082
f 621/1564/621 625/1565/625 624/1566/624
vt 0.885744 0.842983
vt 0.910557 0.873486
vt 0.903514 0.768005
f 626/1567/626 627/1568/627 628/1569/628
vt 0.903514 0.768005
vt 0.884153 0.768005
vt 0.885744 0.842983
f 628/1570/628 629/1571/629 626/1572/626
vt 0.531681 0.209895
vt 0.531681 0.209895
vt 0.534845 0.209895
f 630/1573/630 631/1574/631 632/1575/632
vt 0.534845 0.209895
vt 0.534208 0.209895
vt 0.531681 0.209895
f 632/1576/632 633/1577/633 634/1578/634
vt 0.534148 0.209895
vt 0.534845 0.209895
vt 0.531681 0.209895
f 635/1579/635 632/1580/632 636/1581/636
vt 0.531681 0.209895
vt 0.531681 0.209895
vt 0.534148 0.209895
f 637/1582/637 638/1583/638 635/1584/635
vt 0.932850 0.850119
vt 0.922876 0.768005
vt 0.903514 0.768005
f 639/1585/639 640/1586/640 628/1587/628
vt 0.903514 0.768005
vt 0.910557 0.873486
vt 0.932850 0.850119
f 628/1588/628 627/1589/627 639/1590/639
vt 0.534331 0.069372
vt 0.534880 0.023288
vt 0.538079 0.023288
f 641/1591/641 642/1592/642 643/1593/643
vt 0.538079 0.023288
vt 0.538079 0.069911
vt 0.534331 0.069372
f 643/1594/643 644/1595/644 641/1596/641
vt 0.817784 0.989997
vt 0.720180 0.998164
vt 0.856843 0.998164
f 645/1597/645 646/1598/646 647/1599/647
vt 0.856843 0.998164
vt 0.952142 0.988498
vt 0.817784 0.989997
f 647/1600/647 648/1601/648 645/1602/645
vt 0.638871 0.992055
vt 0.678924 0.986217
vt 0.447188 0.990528
f 649/1603/649 614/1604/614 613/1605/613
vt 0.447188 0.990528
vt 0.447022 0.994346
vt 0.638871 0.992055
f 613/1606/613 650/1607/650 649/1608/649
vt 0.538079 0.026396
vt 0.538079 0.023288
vt 0.534880 0.023288
f 651/1609/651 652/1610/652 653/1611/653
vt 0.534880 0.023288
vt 0.533605 0.026641
vt 0.538079 0.026396
f 653/1612/653 654/1613/654 651/1614/651
vt 0.541887 0.032624
vt 0.544477 0.032574
vt 0.544477 0.029479
f 655/1615/655 656/1616/656 657/1617/657
vt 0.544477 0.029479
vt 0.541325 0.029486
vt 0.541887 0.032624
f 657/1618/657 658/1619/658 655/1620/655
vt 0.584597 0.982355
vt 0.678924 0.986217
vt 0.447188 0.990528
f 659/1621/659 660/1622/660 661/1623/661
vt 0.447188 0.990528
vt 0.447355 0.986710
vt 0.584597 0.982355
f 662/1624/662 663/1625/663 659/1626/659
vt 0.541343 0.049820
vt 0.538079 0.049652
vt 0.538079 0.049820
f 664/1627/664 623/1628/623 622/1629/622
vt 0.538079 0.049820
vt 0.541280 0.049820
vt 0.541343 0.049820
f 622/1630/622 665/1631/665 664/1632/664
vt 0.541280 0.049820
vt 0.538079 0.049820
vt 0.538079 0.050082
f 665/1633/665 622/1634/622 624/1635/624
vt 0.538079 0.050082
vt 0.541315 0.049824
vt 0.541280 0.049820
f 624/1636/624 666/1637/666 665/1638/665
vt 0.541313 0.209895
vt 0.544477 0.209895
vt 0.544477 0.209895
f 667/1639/667 668/1640/668 669/1641/669
vt 0.544477 0.209895
vt 0.541950 0.209895
vt 0.541313 0.209895
f 669/1642/669 670/1643/670 667/1644/667
vt 0.885744 0.842983
vt 0.884153 0.768005
vt 0.903514 0.768005
f 671/1645/671 672/1646/672 673/1647/673
vt 0.903514 0.768005
vt 0.910557 0.873486
vt 0.885744 0.842983
f 674/1648/674 675/1649/675 671/1650/671
vt 0.932850 0.850119
vt 0.910557 0.873486
vt 0.903514 0.768005
f 676/1651/676 675/1652/675 677/1653/677
vt 0.903514 0.768005
vt 0.922876 0.768005
vt 0.932850 0.850119
f 678/1654/678 679/1655/679 676/1656/676
vt 0.542010 0.209895
vt 0.544477 0.209895
vt 0.544477 0.209895
f 680/1657/680 681/1658/681 668/1659/668
vt 0.544477 0.209895
vt 0.541313 0.209895
vt 0.542010 0.209895
f 668/1660/668 667/1661/667 680/1662/680
vt 0.856843 0.998164
vt 0.720180 0.998164
vt 0.817784 0.989997
f 682/1663/682 683/1664/683 684/1665/684
vt 0.817784 0.989997
vt 0.952142 0.988498
vt 0.856843 0.998164
f 684/1666/684 685/1667/685 682/1668/682
vt 0.541828 0.069372
vt 0.538079 0.069911
vt 0.538079 0.023288
f 686/1669/686 644/1670/644 643/1671/643
vt 0.538079 0.023288
vt 0.541278 0.023288
vt 0.541828 0.069372
f 643/1672/643 687/1673/687 686/1674/686
vt 0.541325 0.029486
vt 0.544477 0.029479
vt 0.544477 0.026383
f 658/1675/658 657/1676/657 688/1677/688
vt 0.544477 0.026383
vt 0.542553 0.026641
vt 0.541325 0.029486
f 688/1678/688 689/1679/689 658/1680/658
vt 0.638871 0.992055
vt 0.817784 0.989997
vt 0.720180 0.998164
f 690/1681/690 684/1682/684 683/1683/683
vt 0.720180 0.998164
vt 0.583518 0.998164
vt 0.638871 0.992055
f 683/1684/683 691/1685/691 690/1686/690
vt 0.584597 0.982355
vt 0.678924 0.986217
vt 0.447188 0.990528
f 692/1687/692 693/1688/693 694/1689/694
vt 0.447188 0.990528
vt 0.447355 0.986710
vt 0.584597 0.982355
f 694/1690/694 695/1691/695 692/1692/692
vt 0.541636 0.032624
vt 0.544226 0.032574
vt 0.544226 0.029479
f 696/1693/696 697/1694/697 698/1695/698
vt 0.544226 0.029479
vt 0.541074 0.029486
vt 0.541636 0.032624
f 699/1696/699 700/1697/700 696/1698/696
vt 0.541092 0.049820
vt 0.537828 0.049652
vt 0.537828 0.049820
f 701/1699/701 702/1700/702 703/1701/703
vt 0.537828 0.049820
vt 0.541030 0.049820
vt 0.541092 0.049820
f 703/1702/703 704/1703/704 701/1704/701
vt 0.541030 0.049820
vt 0.537828 0.049820
vt 0.537828 0.050082
f 704/1705/704 703/1706/703 705/1707/705
vt 0.537828 0.050082
vt 0.541064 0.049824
vt 0.541030 0.049820
f 705/1708/705 706/1709/706 704/1710/704
vt 0.541062 0.209895
vt 0.544226 0.209895
vt 0.544226 0.209895
f 707/1711/707 708/1712/708 709/1713/709
vt 0.544226 0.209895
vt 0.541699 0.209895
vt 0.541062 0.209895
f 709/1714/709 710/1715/710 707/1716/707
vt 0.885744 0.842983
vt 0.884153 0.768005
vt 0.903515 0.768005
f 711/1717/711 712/1718/712 713/1719/713
vt 0.903515 0.768005
vt 0.910557 0.873486
vt 0.885744 0.842983
f 714/1720/714 715/1721/715 711/1722/711
vt 0.932850 0.850119
vt 0.910557 0.873486
vt 0.903515 0.768005
f 716/1723/716 715/1724/715 717/1725/717
vt 0.903515 0.768005
vt 0.922876 0.768005
vt 0.932850 0.850119
f 718/1726/718 719/1727/719 716/1728/716
vt 0.541760 0.209895
vt 0.544226 0.209895
vt 0.544226 0.209895
f 720/1729/720 721/1730/721 708/1731/708
vt 0.544226 0.209895
vt 0.541062 0.209895
vt 0.541760 0.209895
f 708/1732/708 707/1733/707 720/1734/720
vt 0.856843 0.998164
vt 0.720180 0.998164
vt 0.817784 0.989997
f 722/1735/722 723/1736/723 724/1737/724
vt 0.817784 0.989997
vt 0.952142 0.988498
vt 0.856843 0.998164
f 724/1738/724 725/1739/725 722/1740/722
vt 0.541577 0.069372
vt 0.537828 0.069911
vt 0.537828 0.023288
f 726/1741/726 727/1742/727 728/1743/728
vt 0.537828 0.023288
vt 0.541027 0.023288
vt 0.541577 0.069372
f 728/1744/728 729/1745/729 726/1746/726
vt 0.541074 0.029486
vt 0.544226 0.029479
vt 0.544226 0.026383
f 700/1747/700 730/1748/730 731/1749/731
vt 0.544226 0.026383
vt 0.542302 0.026641
vt 0.541074 0.029486
f 731/1750/731 732/1751/732 700/1752/700
vt 0.638871 0.992055
vt 0.817784 0.989997
vt 0.720180 0.998164
f 733/1753/733 724/1754/724 723/1755/723
vt 0.720180 0.998164
vt 0.583518 0.998164
vt 0.638871 0.992055
f 723/1756/723 734/1757/734 733/1758/733
vt 0.534020 0.032624
vt 0.534582 0.029486
vt 0.531430 0.029479
f 735/1759/735 736/1760/736 737/1761/737
vt 0.531430 0.029479
vt 0.531430 0.032574
vt 0.534020 0.032624
f 737/1762/737 738/1763/738 735/1764/735
vt 0.584597 0.982355
vt 0.447355 0.986710
vt 0.447188 0.990528
f 739/1765/739 740/1766/740 741/1767/741
vt 0.447188 0.990528
vt 0.678924 0.986217
vt 0.584597 0.982355
f 742/1768/742 743/1769/743 739/1770/739
vt 0.534564 0.049820
vt 0.534627 0.049820
vt 0.537828 0.049820
f 744/1771/744 745/1772/745 703/1773/703
vt 0.537828 0.049820
vt 0.537828 0.049652
vt 0.534564 0.049820
f 703/1774/703 702/1775/702 744/1776/744
vt 0.537828 0.050082
vt 0.537828 0.049820
vt 0.534627 0.049820
f 705/1777/705 703/1778/703 745/1779/745
vt 0.534627 0.049820
vt 0.534592 0.049824
vt 0.537828 0.050082
f 745/1780/745 746/1781/746 705/1782/705
vt 0.885744 0.842983
vt 0.910557 0.873486
vt 0.903515 0.768005
f 747/1783/747 748/1784/748 749/1785/749
vt 0.903515 0.768005
vt 0.884153 0.768005
vt 0.885744 0.842983
f 749/1786/749 750/1787/750 747/1788/747
vt 0.531431 0.209895
vt 0.531431 0.209895
vt 0.534594 0.209895
f 751/1789/751 752/1790/752 753/1791/753
vt 0.534594 0.209895
vt 0.533958 0.209895
vt 0.531431 0.209895
f 753/1792/753 754/1793/754 755/1794/755
vt 0.533897 0.209895
vt 0.534594 0.209895
vt 0.531431 0.209895
f 756/1795/756 753/1796/753 757/1797/757
vt 0.531431 0.209895
vt 0.531431 0.209895
vt 0.533897 0.209895
f 758/1798/758 759/1799/759 756/1800/756
vt 0.932850 0.850119
vt 0.922876 0.768005
vt 0.903515 0.768005
f 760/1801/760 761/1802/761 749/1803/749
vt 0.903515 0.768005
vt 0.910557 0.873486
vt 0.932850 0.850119
f 749/1804/749 748/1805/748 760/1806/760
vt 0.534080 0.069372
vt 0.534630 0.023288
vt 0.537828 0.023288
f 762/1807/762 763/1808/763 728/1809/728
vt 0.537828 0.023288
vt 0.537828 0.069911
vt 0.534080 0.069372
f 728/1810/728 727/1811/727 762/1812/762
vt 0.817784 0.989997
vt 0.720180 0.998164
vt 0.856843 0.998164
f 764/1813/764 765/1814/765 766/1815/766
vt 0.856843 0.998164
vt 0.952142 0.988498
vt 0.817784 0.989997
f 766/1816/766 767/1817/767 764/1818/764
vt 0.638871 0.992055
vt 0.678924 0.986217
vt 0.447188 0.990528
f 768/1819/768 743/1820/743 769/1821/769
vt 0.447188 0.990528
vt 0.447022 0.994346
vt 0.638871 0.992055
f 770/1822/770 771/1823/771 768/1824/768
vt 0.537828 0.026396
vt 0.537828 0.023288
vt 0.534629 0.023288
f 772/1825/772 773/1826/773 774/1827/774
vt 0.534629 0.023288
vt 0.533354 0.026641
vt 0.537828 0.026396
f 774/1828/774 775/1829/775 772/1830/772
vt 0.076319 0.872057
vt 0.069925 0.790708
vt 0.104516 0.792532
f 776/1831/776 777/1832/777 8/1833/8
vt 0.076319 0.872057
vt 0.104516 0.792532
vt 0.117109 0.964949
f 776/1834/776 8/1835/8 778/1836/778
vt 0.076319 0.872057
vt 0.117109 0.964949
vt 0.082963 0.952578
f 776/1837/776 778/1838/778 779/1839/779
vt 0.536666 0.055934
vt 0.535870 0.056211
vt 0.535870 0.075809
f 780/1840/780 781/1841/781 782/1842/782
vt 0.535870 0.075809
vt 0.536894 0.075800
vt 0.536666 0.055934
f 783/1843/783 784/1844/784 780/1845/780
vt 0.104516 0.792532
vt 0.185403 0.868074
vt 0.185403 0.989692
f 8/1846/8 11/1847/11 785/1848/785
vt 0.185403 0.989692
vt 0.117109 0.964949
vt 0.104516 0.792532
f 785/1849/785 778/1850/778 8/1851/8
vt 0.266281 0.792563
vt 0.253696 0.964949
vt 0.185403 0.989692
f 12/1852/12 786/1853/786 785/1854/785
vt 0.185403 0.989692
vt 0.185403 0.868074
vt 0.266281 0.792563
f 785/1855/785 11/1856/11 12/1857/12
vt 0.535870 0.115004
vt 0.535870 0.154200
vt 0.536894 0.154209
f 787/1858/787 788/1859/788 789/1860/789
vt 0.536900 0.115004
vt 0.535870 0.115004
vt 0.536894 0.154209
f 790/1861/790 791/1862/791 789/1863/789
vt 0.536909 0.134691
vt 0.536900 0.115004
vt 0.536894 0.154209
f 792/1864/792 790/1865/790 789/1866/789
vt 0.536894 0.075800
vt 0.535870 0.075809
vt 0.535870 0.115004
f 784/1867/784 793/1868/793 794/1869/794
vt 0.536894 0.075800
vt 0.535870 0.115004
vt 0.536900 0.115004
f 784/1870/784 795/1871/795 790/1872/790
vt 0.536909 0.095318
vt 0.536894 0.075800
vt 0.536900 0.115004
f 796/1873/796 784/1874/784 790/1875/790
vt 0.294483 0.872071
vt 0.287843 0.952578
vt 0.253696 0.964949
f 797/1876/797 798/1877/798 786/1878/786
vt 0.294483 0.872071
vt 0.253696 0.964949
vt 0.266281 0.792563
f 797/1879/797 786/1880/786 12/1881/12
vt 0.294483 0.872071
vt 0.266281 0.792563
vt 0.300876 0.790723
f 797/1882/797 12/1883/12 799/1884/799
vt 0.536666 0.174075
vt 0.536894 0.154209
vt 0.535870 0.154200
f 800/1885/800 789/1886/789 801/1887/801
vt 0.535870 0.154200
vt 0.535870 0.173798
vt 0.536666 0.174075
f 802/1888/802 803/1889/803 800/1890/800
vt 0.535113 0.021766
vt 0.535178 0.021991
vt 0.538620 0.022092
f 804/1891/804 805/1892/805 376/1893/376
vt 0.535113 0.021766
vt 0.538620 0.022092
vt 0.537065 0.021735
f 804/1894/804 376/1895/376 375/1896/375
vt 0.535113 0.021766
vt 0.537065 0.021735
vt 0.535082 0.021736
f 804/1897/804 375/1898/375 806/1899/806
vt 0.051050 0.589857
vt 0.054118 0.644410
vt 0.038848 0.641889
f 807/1900/807 808/1901/808 809/1902/809
vt 0.036978 0.589329
vt 0.051050 0.589857
vt 0.038848 0.641889
f 810/1903/810 807/1904/807 809/1905/809
vt 0.037325 0.613758
vt 0.036978 0.589329
vt 0.038848 0.641889
f 811/1906/811 810/1907/810 809/1908/809
vt 0.053937 0.714348
vt 0.038848 0.641889
vt 0.054118 0.644410
f 812/1909/812 809/1910/809 808/1911/808
vt 0.053937 0.714348
vt 0.054118 0.644410
vt 0.104516 0.792532
f 812/1912/812 808/1913/808 8/1914/8
vt 0.053937 0.714348
vt 0.104516 0.792532
vt 0.069925 0.790708
f 812/1915/812 8/1916/8 777/1917/777
vt 0.538475 0.025621
vt 0.538620 0.022092
vt 0.535178 0.021991
f 379/1918/379 376/1919/376 805/1920/805
vt 0.535178 0.021991
vt 0.535550 0.025474
vt 0.538475 0.025621
f 805/1921/805 813/1922/813 379/1923/379
vt 0.538715 0.086337
vt 0.538771 0.115004
vt 0.535297 0.115004
f 414/1924/414 403/1925/403 814/1926/814
vt 0.535297 0.115004
vt 0.535357 0.084969
vt 0.538715 0.086337
f 814/1927/814 815/1928/815 414/1929/414
vt 0.185403 0.660498
vt 0.185403 0.679061
vt 0.133367 0.699792
f 816/1930/816 14/1931/14 9/1932/9
vt 0.185403 0.660498
vt 0.133367 0.699792
vt 0.107331 0.671051
f 816/1933/816 9/1934/9 817/1935/817
vt 0.145590 0.665678
vt 0.185403 0.660498
vt 0.107331 0.671051
f 818/1936/818 816/1937/816 817/1938/817
vt 0.091547 0.693903
vt 0.107331 0.671051
vt 0.133367 0.699792
f 819/1939/819 817/1940/817 9/1941/9
vt 0.091547 0.693903
vt 0.133367 0.699792
vt 0.104516 0.792532
f 819/1942/819 9/1943/9 8/1944/8
vt 0.091547 0.693903
vt 0.104516 0.792532
vt 0.054118 0.644410
f 819/1945/819 8/1946/8 808/1947/808
vt 0.091547 0.693903
vt 0.054118 0.644410
vt 0.067670 0.643508
f 819/1948/819 808/1949/808 820/1950/820
vt 0.064877 0.616256
vt 0.067670 0.643508
vt 0.054118 0.644410
f 821/1951/821 820/1952/820 808/1953/808
vt 0.064877 0.616256
vt 0.054118 0.644410
vt 0.051050 0.589857
f 821/1954/821 808/1955/808 807/1956/807
vt 0.064877 0.616256
vt 0.051050 0.589857
vt 0.065148 0.590446
f 821/1957/821 807/1958/807 822/1959/822
vt 0.534122 0.054172
vt 0.536424 0.054208
vt 0.537542 0.055939
f 823/1960/823 417/1961/417 416/1962/416
vt 0.537542 0.055939
vt 0.534689 0.054622
vt 0.534122 0.054172
f 416/1963/416 824/1964/824 823/1965/823
vt 0.316861 0.714359
vt 0.300876 0.790723
vt 0.266281 0.792563
f 825/1966/825 799/1967/799 12/1968/12
vt 0.316861 0.714359
vt 0.266281 0.792563
vt 0.316656 0.644411
f 825/1969/825 12/1970/12 826/1971/826
vt 0.316861 0.714359
vt 0.316656 0.644411
vt 0.331938 0.641889
f 825/1972/825 826/1973/826 827/1974/827
vt 0.331938 0.641889
vt 0.316656 0.644411
vt 0.319119 0.589849
f 827/1975/827 826/1976/826 828/1977/828
vt 0.331938 0.641889
vt 0.319119 0.589849
vt 0.333509 0.589325
f 827/1978/827 828/1979/828 829/1980/829
vt 0.333324 0.613728
vt 0.331938 0.641889
vt 0.333509 0.589325
f 830/1981/830 827/1982/827 829/1983/829
vt 0.535113 0.208243
vt 0.535082 0.208273
vt 0.537065 0.208274
f 831/1984/831 832/1985/832 386/1986/386
vt 0.535113 0.208243
vt 0.537065 0.208274
vt 0.538620 0.207917
f 831/1987/831 386/1988/386 383/1989/383
vt 0.535113 0.208243
vt 0.538620 0.207917
vt 0.535178 0.208018
f 831/1990/831 383/1991/383 833/1992/833
vt 0.535178 0.208018
vt 0.538620 0.207917
vt 0.538475 0.204388
f 833/1993/833 383/1994/383 382/1995/382
vt 0.538475 0.204388
vt 0.535551 0.204535
vt 0.535178 0.208018
f 382/1996/382 834/1997/834 833/1998/833
vt 0.537542 0.173842
vt 0.536424 0.175154
vt 0.534122 0.175149
f 400/1999/400 399/2000/399 835/2001/835
vt 0.534122 0.175149
vt 0.534687 0.175069
vt 0.537542 0.173842
f 835/2002/835 836/2003/836 400/2004/400
vt 0.305481 0.616242
vt 0.304704 0.590435
vt 0.319119 0.589849
f 837/2005/837 838/2006/838 828/2007/828
vt 0.305481 0.616242
vt 0.319119 0.589849
vt 0.316656 0.644411
f 837/2008/837 828/2009/828 826/2010/826
vt 0.305481 0.616242
vt 0.316656 0.644411
vt 0.303110 0.643509
f 837/2011/837 826/2012/826 839/2013/839
vt 0.279262 0.693913
vt 0.303110 0.643509
vt 0.316656 0.644411
f 840/2014/840 839/2015/839 826/2016/826
vt 0.279262 0.693913
vt 0.316656 0.644411
vt 0.266281 0.792563
f 840/2017/840 826/2018/826 12/2019/12
vt 0.279262 0.693913
vt 0.266281 0.792563
vt 0.237438 0.699793
f 840/2020/840 12/2021/12 13/2022/13
vt 0.279262 0.693913
vt 0.237438 0.699793
vt 0.263475 0.671051
f 840/2023/840 13/2024/13 841/2025/841
vt 0.237438 0.699793
vt 0.185403 0.679061
vt 0.185403 0.660498
f 13/2026/13 14/2027/14 816/2028/816
vt 0.263475 0.671051
vt 0.237438 0.699793
vt 0.185403 0.660498
f 841/2029/841 13/2030/13 816/2031/816
vt 0.225220 0.665678
vt 0.263475 0.671051
vt 0.185403 0.660498
f 842/2032/842 841/2033/841 816/2034/816
vt 0.535297 0.115004
vt 0.538771 0.115004
vt 0.538715 0.143768
f 814/2035/814 403/2036/403 402/2037/402
vt 0.538715 0.143768
vt 0.535357 0.145037
vt 0.535297 0.115004
f 402/2038/402 843/2039/843 814/2040/814
vt 0.036697 0.485099
vt 0.050716 0.485139
vt 0.050724 0.503621
f 844/2041/844 845/2042/845 846/2043/846
vt 0.050724 0.503621
vt 0.036821 0.503693
vt 0.036697 0.485099
f 846/2044/846 847/2045/847 844/2046/844
vt 0.184081 0.503454
vt 0.082411 0.503475
vt 0.081331 0.484913
f 848/2047/848 849/2048/849 850/2049/850
vt 0.184055 0.484893
vt 0.184081 0.503454
vt 0.081331 0.484913
f 851/2050/851 848/2051/848 850/2052/850
vt 0.131284 0.484899
vt 0.184055 0.484893
vt 0.081331 0.484913
f 852/2053/852 851/2054/851 850/2055/850
vt 0.082411 0.503475
vt 0.050724 0.503621
vt 0.050716 0.485139
f 849/2056/849 846/2057/846 845/2058/845
vt 0.081331 0.484913
vt 0.082411 0.503475
vt 0.050716 0.485139
f 850/2059/850 849/2060/849 845/2061/845
vt 0.064621 0.485024
vt 0.081331 0.484913
vt 0.050716 0.485139
f 853/2062/853 850/2063/850 845/2064/845
vt 0.333441 0.485092
vt 0.333324 0.503686
vt 0.318760 0.503607
f 854/2065/854 855/2066/855 856/2067/856
vt 0.318760 0.503607
vt 0.318742 0.485125
vt 0.333441 0.485092
f 856/2068/856 857/2069/857 854/2070/854
vt 0.318742 0.485125
vt 0.318760 0.503607
vt 0.285817 0.503449
f 857/2071/857 856/2072/856 858/2073/858
vt 0.318742 0.485125
vt 0.285817 0.503449
vt 0.286828 0.484887
f 857/2074/857 858/2075/858 859/2076/859
vt 0.304163 0.485003
vt 0.318742 0.485125
vt 0.286828 0.484887
f 860/2077/860 857/2078/857 859/2079/859
vt 0.286828 0.484887
vt 0.285817 0.503449
vt 0.184081 0.503454
f 859/2080/859 858/2081/858 848/2082/848
vt 0.286828 0.484887
vt 0.184081 0.503454
vt 0.184055 0.484893
f 859/2083/859 848/2084/848 851/2085/851
vt 0.236826 0.484885
vt 0.286828 0.484887
vt 0.184055 0.484893
f 861/2086/861 859/2087/859 851/2088/851
vt 0.050724 0.503621
vt 0.050748 0.541193
vt 0.036836 0.541011
f 846/2089/846 862/2090/862 863/2091/863
vt 0.036821 0.503693
vt 0.050724 0.503621
vt 0.036836 0.541011
f 847/2092/847 846/2093/846 863/2094/863
vt 0.036831 0.522137
vt 0.036821 0.503693
vt 0.036836 0.541011
f 864/2095/864 847/2096/847 863/2097/863
vt 0.050748 0.541193
vt 0.051050 0.589857
vt 0.036978 0.589329
f 862/2098/862 807/2099/807 810/2100/810
vt 0.036836 0.541011
vt 0.050748 0.541193
vt 0.036978 0.589329
f 863/2101/863 862/2102/862 810/2103/810
vt 0.036911 0.564968
vt 0.036836 0.541011
vt 0.036978 0.589329
f 865/2104/865 863/2105/863 810/2106/810
vt 0.535082 0.021736
vt 0.537065 0.021735
vt 0.536275 0.021742
f 806/2107/806 375/2108/375 452/2109/452
vt 0.536275 0.021742
vt 0.535080 0.021742
vt 0.535082 0.021736
f 452/2110/452 866/2111/866 806/2112/806
vt 0.063857 0.565520
vt 0.065148 0.590446
vt 0.051050 0.589857
f 867/2113/867 822/2114/822 807/2115/807
vt 0.063857 0.565520
vt 0.051050 0.589857
vt 0.050748 0.541193
f 867/2116/867 807/2117/807 862/2118/862
vt 0.063857 0.565520
vt 0.050748 0.541193
vt 0.064631 0.541037
f 867/2119/867 862/2120/862 868/2121/868
vt 0.064830 0.522093
vt 0.064631 0.541037
vt 0.050748 0.541193
f 869/2122/869 868/2123/868 862/2124/862
vt 0.064830 0.522093
vt 0.050748 0.541193
vt 0.050724 0.503621
f 869/2125/869 862/2126/862 846/2127/846
vt 0.064830 0.522093
vt 0.050724 0.503621
vt 0.082411 0.503475
f 869/2128/869 846/2129/846 849/2130/849
vt 0.064830 0.522093
vt 0.082411 0.503475
vt 0.081364 0.522020
f 869/2131/869 849/2132/849 870/2133/870
vt 0.131557 0.521440
vt 0.081364 0.522020
vt 0.082411 0.503475
f 871/2134/871 870/2135/870 849/2136/849
vt 0.131557 0.521440
vt 0.082411 0.503475
vt 0.184081 0.503454
f 871/2137/871 849/2138/849 848/2139/848
vt 0.131557 0.521440
vt 0.184081 0.503454
vt 0.184106 0.521986
f 871/2140/871 848/2141/848 872/2142/872
vt 0.535307 0.055394
vt 0.536424 0.054208
vt 0.534122 0.054172
f 441/2143/441 417/2144/417 823/2145/823
vt 0.534122 0.054172
vt 0.533611 0.053937
vt 0.535307 0.055394
f 823/2146/823 873/2147/873 441/2148/441
vt 0.236650 0.521426
vt 0.184106 0.521986
vt 0.184081 0.503454
f 874/2149/874 872/2150/872 848/2151/848
vt 0.236650 0.521426
vt 0.184081 0.503454
vt 0.285817 0.503449
f 874/2152/874 848/2153/848 858/2154/858
vt 0.236650 0.521426
vt 0.285817 0.503449
vt 0.286897 0.521993
f 874/2155/874 858/2156/858 875/2157/875
vt 0.304034 0.522071
vt 0.286897 0.521993
vt 0.285817 0.503449
f 876/2158/876 875/2159/875 858/2160/858
vt 0.304034 0.522071
vt 0.285817 0.503449
vt 0.318760 0.503607
f 876/2161/876 858/2162/858 856/2163/856
vt 0.304034 0.522071
vt 0.318760 0.503607
vt 0.318816 0.541179
f 876/2164/876 856/2165/856 877/2166/877
vt 0.304034 0.522071
vt 0.318816 0.541179
vt 0.304293 0.541016
f 876/2167/876 877/2168/877 878/2169/878
vt 0.305503 0.565505
vt 0.304293 0.541016
vt 0.318816 0.541179
f 879/2170/879 878/2171/878 877/2172/877
vt 0.305503 0.565505
vt 0.318816 0.541179
vt 0.319119 0.589849
f 879/2173/879 877/2174/877 828/2175/828
vt 0.305503 0.565505
vt 0.319119 0.589849
vt 0.304704 0.590435
f 879/2176/879 828/2177/828 838/2178/838
vt 0.534122 0.175149
vt 0.536424 0.175154
vt 0.535307 0.173582
f 835/2179/835 399/2180/399 465/2181/465
vt 0.535307 0.173582
vt 0.533614 0.175017
vt 0.534122 0.175149
f 465/2182/465 880/2183/880 835/2184/835
vt 0.333509 0.589325
vt 0.319119 0.589849
vt 0.318816 0.541179
f 829/2185/829 828/2186/828 877/2187/877
vt 0.333509 0.589325
vt 0.318816 0.541179
vt 0.333352 0.541004
f 829/2188/829 877/2189/877 881/2190/881
vt 0.333423 0.564965
vt 0.333509 0.589325
vt 0.333352 0.541004
f 882/2191/882 829/2192/829 881/2193/881
vt 0.318816 0.541179
vt 0.318760 0.503607
vt 0.333324 0.503686
f 877/2194/877 856/2195/856 855/2196/855
vt 0.333352 0.541004
vt 0.318816 0.541179
vt 0.333324 0.503686
f 881/2197/881 877/2198/877 855/2199/855
vt 0.333331 0.522130
vt 0.333352 0.541004
vt 0.333324 0.503686
f 883/2200/883 881/2201/881 855/2202/855
vt 0.536276 0.208267
vt 0.537065 0.208274
vt 0.535082 0.208273
f 455/2203/455 386/2204/386 832/2205/832
vt 0.535082 0.208273
vt 0.535082 0.208266
vt 0.536276 0.208267
f 832/2206/832 884/2207/884 455/2208/455
vt 0.386876 0.664906
vt 0.375780 0.649051
vt 0.374639 0.657289
f 885/2209/885 886/2210/886 887/2211/887
vt 0.387723 0.689971
vt 0.386876 0.664906
vt 0.374639 0.657289
f 888/2212/888 885/2213/885 887/2214/887
vt 0.380376 0.674294
vt 0.387723 0.689971
vt 0.374639 0.657289
f 889/2215/889 888/2216/888 887/2217/887
vt 0.462446 0.934433
vt 0.465783 0.908661
vt 0.452415 0.908657
f 890/2218/890 891/2219/891 892/2220/892
vt 0.452415 0.908657
vt 0.452415 0.932944
vt 0.462446 0.934433
f 892/2221/892 893/2222/893 890/2223/890
vt 0.452415 0.958414
vt 0.452415 0.959624
vt 0.459592 0.959624
f 894/2224/894 895/2225/895 896/2226/896
vt 0.459592 0.959624
vt 0.459635 0.959624
vt 0.452415 0.958414
f 896/2227/896 897/2228/897 894/2229/894
vt 0.452207 0.665740
vt 0.386876 0.664906
vt 0.387723 0.689971
f 898/2230/898 885/2231/885 888/2232/888
vt 0.452207 0.690784
vt 0.452207 0.665740
vt 0.387723 0.689971
f 899/2233/899 898/2234/898 888/2235/888
vt 0.418988 0.690970
vt 0.452207 0.690784
vt 0.387723 0.689971
f 900/2236/900 899/2237/899 888/2238/888
vt 0.459592 0.959624
vt 0.452415 0.959624
vt 0.452415 0.958414
f 896/2239/896 895/2240/895 901/2241/901
vt 0.452415 0.958414
vt 0.459635 0.959624
vt 0.459592 0.959624
f 901/2242/901 902/2243/902 896/2244/896
vt 0.462446 0.934433
vt 0.452415 0.932945
vt 0.452415 0.908657
f 903/2245/903 904/2246/904 905/2247/905
vt 0.452415 0.908657
vt 0.465783 0.908661
vt 0.462446 0.934433
f 905/2248/905 906/2249/906 903/2250/903
vt 0.529775 0.657289
vt 0.528635 0.649051
vt 0.517539 0.664906
f 907/2251/907 908/2252/908 909/2253/909
vt 0.529775 0.657289
vt 0.517539 0.664906
vt 0.516691 0.689971
f 907/2254/907 909/2255/909 910/2256/910
vt 0.524039 0.674294
vt 0.529775 0.657289
vt 0.516691 0.689971
f 911/2257/911 907/2258/907 910/2259/910
vt 0.516691 0.689971
vt 0.517539 0.664906
vt 0.452207 0.665740
f 910/2260/910 909/2261/909 898/2262/898
vt 0.516691 0.689971
vt 0.452207 0.665740
vt 0.452207 0.690784
f 910/2263/910 898/2264/898 899/2265/899
vt 0.485426 0.690970
vt 0.516691 0.689971
vt 0.452207 0.690784
f 912/2266/912 910/2267/910 899/2268/899
vt 0.452207 0.567216
vt 0.383483 0.567216
vt 0.383627 0.615336
f 913/2269/913 914/2270/914 915/2271/915
vt 0.383627 0.615336
vt 0.452207 0.615753
vt 0.452207 0.567216
f 915/2272/915 916/2273/916 913/2274/913
vt 0.370014 0.567216
vt 0.370302 0.614919
vt 0.383627 0.615336
f 917/2275/917 918/2276/918 915/2277/915
vt 0.383627 0.615336
vt 0.383483 0.567216
vt 0.370014 0.567216
f 915/2278/915 914/2279/914 917/2280/917
vt 0.375780 0.649051
vt 0.386876 0.664906
vt 0.383627 0.615336
f 886/2281/886 885/2282/885 915/2283/915
vt 0.383627 0.615336
vt 0.370302 0.614919
vt 0.375780 0.649051
f 915/2284/915 918/2285/918 886/2286/886
vt 0.452207 0.665740
vt 0.452207 0.615753
vt 0.383627 0.615336
f 898/2287/898 916/2288/916 915/2289/915
vt 0.383627 0.615336
vt 0.386876 0.664906
vt 0.452207 0.665740
f 915/2290/915 885/2291/885 898/2292/898
vt 0.452207 0.665740
vt 0.517539 0.664906
vt 0.520787 0.615336
f 898/2293/898 909/2294/909 919/2295/919
vt 0.520787 0.615336
vt 0.452207 0.615753
vt 0.452207 0.665740
f 919/2296/919 916/2297/916 898/2298/898
vt 0.528635 0.649051
vt 0.534112 0.614919
vt 0.520787 0.615336
f 908/2299/908 920/2300/920 919/2301/919
vt 0.520787 0.615336
vt 0.517539 0.664906
vt 0.528635 0.649051
f 919/2302/919 909/2303/909 908/2304/908
vt 0.534401 0.567216
vt 0.520932 0.567216
vt 0.520787 0.615336
f 921/2305/921 922/2306/922 919/2307/919
vt 0.520787 0.615336
vt 0.534112 0.614919
vt 0.534401 0.567216
f 919/2308/919 920/2309/920 921/2310/921
vt 0.452207 0.567216
vt 0.452207 0.615753
vt 0.520787 0.615336
f 913/2311/913 916/2312/916 919/2313/919
vt 0.520787 0.615336
vt 0.520932 0.567216
vt 0.452207 0.567216
f 919/2314/919 922/2315/922 913/2316/913
vt 0.452207 0.499691
vt 0.383544 0.500009
vt 0.383568 0.520388
f 923/2317/923 924/2318/924 925/2319/925
vt 0.383568 0.520388
vt 0.452207 0.520229
vt 0.452207 0.499691
f 925/2320/925 926/2321/926 923/2322/923
vt 0.373400 0.506047
vt 0.370183 0.520547
vt 0.383568 0.520388
f 927/2323/927 928/2324/928 925/2325/925
vt 0.383568 0.520388
vt 0.383544 0.500009
vt 0.373400 0.506047
f 925/2326/925 924/2327/924 927/2328/927
vt 0.370014 0.567216
vt 0.383483 0.567216
vt 0.383568 0.520388
f 917/2329/917 914/2330/914 925/2331/925
vt 0.383568 0.520388
vt 0.370183 0.520547
vt 0.370014 0.567216
f 925/2332/925 928/2333/928 917/2334/917
vt 0.452207 0.567216
vt 0.452207 0.520229
vt 0.383568 0.520388
f 913/2335/913 926/2336/926 925/2337/925
vt 0.383568 0.520388
vt 0.383483 0.567216
vt 0.452207 0.567216
f 925/2338/925 914/2339/914 913/2340/913
vt 0.452207 0.567216
vt 0.520932 0.567216
vt 0.520847 0.520388
f 913/2341/913 922/2342/922 929/2343/929
vt 0.520847 0.520388
vt 0.452207 0.520229
vt 0.452207 0.567216
f 929/2344/929 926/2345/926 913/2346/913
vt 0.534401 0.567216
vt 0.534231 0.520547
vt 0.520847 0.520388
f 921/2347/921 930/2348/930 929/2349/929
vt 0.520847 0.520388
vt 0.520932 0.567216
vt 0.534401 0.567216
f 929/2350/929 922/2351/922 921/2352/921
vt 0.531014 0.506047
vt 0.520870 0.500009
vt 0.520847 0.520388
f 931/2353/931 932/2354/932 929/2355/929
vt 0.520847 0.520388
vt 0.534231 0.520547
vt 0.531014 0.506047
f 929/2356/929 930/2357/930 931/2358/931
vt 0.452207 0.499691
vt 0.452207 0.520229
vt 0.520847 0.520388
f 923/2359/923 926/2360/926 929/2361/929
vt 0.520847 0.520388
vt 0.520870 0.500009
vt 0.452207 0.499691
f 929/2362/929 932/2363/932 923/2364/923
vt 0.452415 0.729936
vt 0.452415 0.739623
vt 0.471953 0.739634
f 933/2365/933 934/2366/934 935/2367/935
vt 0.471953 0.739634
vt 0.471834 0.730292
vt 0.452415 0.729936
f 935/2368/935 936/2369/936 933/2370/933
vt 0.371672 0.502908
vt 0.373400 0.506047
vt 0.383544 0.500009
f 937/2371/937 927/2372/927 924/2373/924
vt 0.371672 0.502908
vt 0.383544 0.500009
vt 0.382582 0.490464
f 937/2374/937 924/2375/924 938/2376/938
vt 0.376247 0.496250
vt 0.371672 0.502908
vt 0.382582 0.490464
f 939/2377/939 937/2378/937 938/2379/938
vt 0.382582 0.490464
vt 0.383544 0.500009
vt 0.452207 0.499691
f 938/2380/938 924/2381/924 923/2382/923
vt 0.382582 0.490464
vt 0.452207 0.499691
vt 0.452207 0.490165
f 938/2383/938 923/2384/923 940/2385/940
vt 0.416409 0.490322
vt 0.382582 0.490464
vt 0.452207 0.490165
f 941/2386/941 938/2387/938 940/2388/940
vt 0.452207 0.499691
vt 0.520870 0.500009
vt 0.521832 0.490464
f 923/2389/923 932/2390/932 942/2391/942
vt 0.452207 0.490165
vt 0.452207 0.499691
vt 0.521832 0.490464
f 940/2392/940 923/2393/923 942/2394/942
vt 0.488006 0.490322
vt 0.452207 0.490165
vt 0.521832 0.490464
f 943/2395/943 940/2396/940 942/2397/942
vt 0.520870 0.500009
vt 0.531014 0.506047
vt 0.532742 0.502908
f 932/2398/932 931/2399/931 944/2400/944
vt 0.521832 0.490464
vt 0.520870 0.500009
vt 0.532742 0.502908
f 942/2401/942 932/2402/932 944/2403/944
vt 0.528168 0.496250
vt 0.521832 0.490464
vt 0.532742 0.502908
f 945/2404/945 942/2405/942 944/2406/944
vt 0.471953 0.739634
vt 0.452415 0.739623
vt 0.452415 0.729936
f 946/2407/946 947/2408/947 948/2409/948
vt 0.452415 0.729936
vt 0.471834 0.730292
vt 0.471953 0.739634
f 948/2410/948 949/2411/949 946/2412/946
vt 0.465783 0.908661
vt 0.452415 0.908657
vt 0.452415 0.857771
f 906/2413/906 905/2414/905 950/2415/950
vt 0.465783 0.908661
vt 0.452415 0.857771
vt 0.471909 0.857748
f 906/2416/906 950/2417/950 951/2418/951
vt 0.468991 0.883043
vt 0.465783 0.908661
vt 0.471909 0.857748
f 952/2419/952 906/2420/906 951/2421/951
vt 0.452415 0.857771
vt 0.452415 0.808362
vt 0.471985 0.808363
f 950/2422/950 953/2423/953 954/2424/954
vt 0.471909 0.857748
vt 0.452415 0.857771
vt 0.471985 0.808363
f 951/2425/951 950/2426/950 954/2427/954
vt 0.472064 0.833133
vt 0.471909 0.857748
vt 0.471985 0.808363
f 955/2428/955 951/2429/951 954/2430/954
vt 0.539656 0.591340
vt 0.539602 0.567214
vt 0.534401 0.567216
f 956/2431/956 957/2432/957 921/2433/921
vt 0.539656 0.591340
vt 0.534401 0.567216
vt 0.534112 0.614919
f 956/2434/956 921/2435/921 920/2436/920
vt 0.539656 0.591340
vt 0.534112 0.614919
vt 0.539346 0.615220
f 956/2437/956 920/2438/920 958/2439/958
vt 0.539346 0.615220
vt 0.534112 0.614919
vt 0.528635 0.649051
f 958/2440/958 920/2441/920 908/2442/908
vt 0.539346 0.615220
vt 0.528635 0.649051
vt 0.529775 0.657289
f 958/2443/958 908/2444/908 907/2445/907
vt 0.534836 0.636226
vt 0.539346 0.615220
vt 0.529775 0.657289
f 959/2446/959 958/2447/958 907/2448/907
vt 0.472010 0.783656
vt 0.471985 0.808363
vt 0.452415 0.808362
f 960/2449/960 954/2450/954 953/2451/953
vt 0.472010 0.783656
vt 0.452415 0.808362
vt 0.452415 0.760530
f 960/2452/960 953/2453/953 961/2454/961
vt 0.472010 0.783656
vt 0.452415 0.760530
vt 0.471982 0.760119
f 960/2455/960 961/2456/961 962/2457/962
vt 0.471943 0.749380
vt 0.471982 0.760119
vt 0.452415 0.760530
f 963/2458/963 962/2459/962 961/2460/961
vt 0.471943 0.749380
vt 0.452415 0.760530
vt 0.452415 0.739623
f 963/2461/963 961/2462/961 947/2463/947
vt 0.471943 0.749380
vt 0.452415 0.739623
vt 0.471953 0.739634
f 963/2464/963 947/2465/947 946/2466/946
vt 0.531014 0.506047
vt 0.534231 0.520547
vt 0.539440 0.520022
f 931/2467/931 930/2468/930 964/2469/964
vt 0.532742 0.502908
vt 0.531014 0.506047
vt 0.539440 0.520022
f 944/2470/944 931/2471/931 964/2472/964
vt 0.536364 0.511052
vt 0.532742 0.502908
vt 0.539440 0.520022
f 965/2473/965 944/2474/944 964/2475/964
vt 0.539440 0.520022
vt 0.534231 0.520547
vt 0.534401 0.567216
f 964/2476/964 930/2477/930 921/2478/921
vt 0.539440 0.520022
vt 0.534401 0.567216
vt 0.539602 0.567214
f 964/2479/964 921/2480/921 957/2481/957
vt 0.539632 0.543029
vt 0.539440 0.520022
vt 0.539602 0.567214
f 966/2482/966 964/2483/964 957/2484/957
vt 0.471943 0.749380
vt 0.471953 0.739634
vt 0.452415 0.739623
f 967/2485/967 935/2486/935 934/2487/934
vt 0.471943 0.749380
vt 0.452415 0.739623
vt 0.452415 0.760530
f 967/2488/967 934/2489/934 968/2490/968
vt 0.471943 0.749380
vt 0.452415 0.760530
vt 0.471982 0.760119
f 967/2491/967 968/2492/968 969/2493/969
vt 0.472010 0.783656
vt 0.471982 0.760119
vt 0.452415 0.760530
f 970/2494/970 969/2495/969 968/2496/968
vt 0.472010 0.783656
vt 0.452415 0.760530
vt 0.452415 0.808362
f 970/2497/970 968/2498/968 971/2499/971
vt 0.472010 0.783656
vt 0.452415 0.808362
vt 0.471985 0.808363
f 970/2500/970 971/2501/971 972/2502/972
vt 0.370014 0.567216
vt 0.370183 0.520547
vt 0.364975 0.520022
f 917/2503/917 928/2504/928 973/2505/973
vt 0.364812 0.567214
vt 0.370014 0.567216
vt 0.364975 0.520022
f 974/2506/974 917/2507/917 973/2508/973
vt 0.364783 0.543029
vt 0.364812 0.567214
vt 0.364975 0.520022
f 975/2509/975 974/2510/974 973/2511/973
vt 0.364975 0.520022
vt 0.370183 0.520547
vt 0.373400 0.506047
f 973/2512/973 928/2513/928 927/2514/927
vt 0.364975 0.520022
vt 0.373400 0.506047
vt 0.371672 0.502908
f 973/2515/973 927/2516/927 937/2517/937
vt 0.368050 0.511052
vt 0.364975 0.520022
vt 0.371672 0.502908
f 976/2518/976 973/2519/973 937/2520/937
vt 0.452415 0.808362
vt 0.452415 0.857771
vt 0.471909 0.857748
f 971/2521/971 977/2522/977 978/2523/978
vt 0.471985 0.808363
vt 0.452415 0.808362
vt 0.471909 0.857748
f 972/2524/972 971/2525/971 978/2526/978
vt 0.472064 0.833133
vt 0.471985 0.808363
vt 0.471909 0.857748
f 979/2527/979 972/2528/972 978/2529/978
vt 0.452415 0.857771
vt 0.452415 0.908657
vt 0.465783 0.908661
f 977/2530/977 892/2531/892 891/2532/891
vt 0.471909 0.857748
vt 0.452415 0.857771
vt 0.465783 0.908661
f 978/2533/978 977/2534/977 891/2535/891
vt 0.468991 0.883043
vt 0.471909 0.857748
vt 0.465783 0.908661
f 980/2536/980 978/2537/978 891/2538/891
vt 0.375780 0.649051
vt 0.370302 0.614919
vt 0.365069 0.615220
f 886/2539/886 918/2540/918 981/2541/981
vt 0.374639 0.657289
vt 0.375780 0.649051
vt 0.365069 0.615220
f 887/2542/887 886/2543/886 981/2544/981
vt 0.369578 0.636226
vt 0.374639 0.657289
vt 0.365069 0.615220
f 982/2545/982 887/2546/887 981/2547/981
vt 0.364758 0.591340
vt 0.365069 0.615220
vt 0.370302 0.614919
f 983/2548/983 981/2549/981 918/2550/918
vt 0.364758 0.591340
vt 0.370302 0.614919
vt 0.370014 0.567216
f 983/2551/983 918/2552/918 917/2553/917
vt 0.364758 0.591340
vt 0.370014 0.567216
vt 0.364812 0.567214
f 983/2554/983 917/2555/917 974/2556/974
vt 0.452772 0.742243
vt 0.383756 0.742560
vt 0.382789 0.733042
f 984/2557/984 985/2558/985 986/2559/986
vt 0.452772 0.732744
vt 0.452772 0.742243
vt 0.382789 0.733042
f 987/2560/987 984/2561/984 986/2562/986
vt 0.416789 0.732900
vt 0.452772 0.732744
vt 0.382789 0.733042
f 988/2563/988 987/2564/987 986/2565/986
vt 0.383756 0.742560
vt 0.373560 0.748582
vt 0.371823 0.745451
f 985/2566/985 989/2567/989 990/2568/990
vt 0.382789 0.733042
vt 0.383756 0.742560
vt 0.371823 0.745451
f 986/2569/986 985/2570/985 990/2571/990
vt 0.376421 0.738812
vt 0.382789 0.733042
vt 0.371823 0.745451
f 991/2572/991 986/2573/986 990/2574/990
vt 0.432876 0.739634
vt 0.452415 0.739623
vt 0.452415 0.729936
f 992/2575/992 934/2576/934 933/2577/933
vt 0.452415 0.729936
vt 0.432996 0.730292
vt 0.432876 0.739634
f 933/2578/933 993/2579/993 992/2580/992
vt 0.452415 0.729936
vt 0.452415 0.739623
vt 0.432876 0.739634
f 948/2581/948 947/2582/947 994/2583/994
vt 0.432876 0.739634
vt 0.432996 0.730292
vt 0.452415 0.729936
f 994/2584/994 995/2585/995 948/2586/948
vt 0.533720 0.745451
vt 0.531983 0.748582
vt 0.521787 0.742560
f 996/2587/996 997/2588/997 998/2589/998
vt 0.533720 0.745451
vt 0.521787 0.742560
vt 0.522754 0.733042
f 996/2590/996 998/2591/998 999/2592/999
vt 0.529122 0.738812
vt 0.533720 0.745451
vt 0.522754 0.733042
f 1000/2593/1000 996/2594/996 999/2595/999
vt 0.522754 0.733042
vt 0.521787 0.742560
vt 0.452772 0.742243
f 999/2596/999 998/2597/998 984/2598/984
vt 0.522754 0.733042
vt 0.452772 0.742243
vt 0.452772 0.732744
f 999/2599/999 984/2600/984 987/2601/987
vt 0.488754 0.732900
vt 0.522754 0.733042
vt 0.452772 0.732744
f 1001/2602/1001 999/2603/999 987/2604/987
vt 0.442384 0.934433
vt 0.452415 0.932944
vt 0.452415 0.908657
f 1002/2605/1002 893/2606/893 892/2607/892
vt 0.452415 0.908657
vt 0.439047 0.908661
vt 0.442384 0.934433
f 892/2608/892 1003/2609/1003 1002/2610/1002
vt 0.374805 0.899403
vt 0.375952 0.891189
vt 0.387104 0.906999
f 1004/2611/1004 1005/2612/1005 1006/2613/1006
vt 0.374805 0.899403
vt 0.387104 0.906999
vt 0.387956 0.931994
f 1004/2614/1004 1006/2615/1006 1007/2616/1007
vt 0.380571 0.916362
vt 0.374805 0.899403
vt 0.387956 0.931994
f 1008/2617/1008 1004/2618/1004 1007/2619/1007
vt 0.387956 0.931994
vt 0.387104 0.906999
vt 0.452772 0.907831
f 1007/2620/1007 1006/2621/1006 1009/2622/1009
vt 0.387956 0.931994
vt 0.452772 0.907831
vt 0.452772 0.932805
f 1007/2623/1007 1009/2624/1009 1010/2625/1010
vt 0.419382 0.932991
vt 0.387956 0.931994
vt 0.452772 0.932805
f 1011/2626/1011 1007/2627/1007 1010/2628/1010
vt 0.445237 0.959624
vt 0.452415 0.959624
vt 0.452415 0.958414
f 1012/2629/1012 895/2630/895 894/2631/894
vt 0.452415 0.958414
vt 0.445194 0.959624
vt 0.445237 0.959624
f 894/2632/894 1013/2633/1013 1012/2634/1012
vt 0.452772 0.907831
vt 0.518439 0.906999
vt 0.517587 0.931994
f 1009/2635/1009 1014/2636/1014 1015/2637/1015
vt 0.452772 0.932805
vt 0.452772 0.907831
vt 0.517587 0.931994
f 1010/2638/1010 1009/2639/1009 1015/2640/1015
vt 0.486162 0.932991
vt 0.452772 0.932805
vt 0.517587 0.931994
f 1016/2641/1016 1010/2642/1010 1015/2643/1015
vt 0.518439 0.906999
vt 0.529592 0.891189
vt 0.530738 0.899403
f 1014/2644/1014 1017/2645/1017 1018/2646/1018
vt 0.517587 0.931994
vt 0.518439 0.906999
vt 0.530738 0.899403
f 1015/2647/1015 1014/2648/1014 1018/2649/1018
vt 0.524972 0.916362
vt 0.517587 0.931994
vt 0.530738 0.899403
f 1019/2650/1019 1015/2651/1015 1018/2652/1018
vt 0.442384 0.934433
vt 0.439047 0.908661
vt 0.452415 0.908657
f 1020/2653/1020 1021/2654/1021 905/2655/905
vt 0.452415 0.908657
vt 0.452415 0.932945
vt 0.442384 0.934433
f 905/2656/905 904/2657/904 1020/2658/1020
vt 0.452415 0.958414
vt 0.452415 0.959624
vt 0.445237 0.959624
f 901/2659/901 895/2660/895 1012/2661/1012
vt 0.445237 0.959624
vt 0.445194 0.959624
vt 0.452415 0.958414
f 1012/2662/1012 1022/2663/1022 901/2664/901
vt 0.529592 0.891189
vt 0.535097 0.857151
vt 0.540358 0.857452
f 1017/2665/1017 1023/2666/1023 1024/2667/1024
vt 0.530738 0.899403
vt 0.529592 0.891189
vt 0.540358 0.857452
f 1018/2668/1018 1017/2669/1017 1024/2670/1024
vt 0.535825 0.878399
vt 0.530738 0.899403
vt 0.540358 0.857452
f 1025/2671/1025 1018/2672/1018 1024/2673/1024
vt 0.540670 0.833637
vt 0.540358 0.857452
vt 0.535097 0.857151
f 1026/2674/1026 1024/2675/1024 1023/2676/1023
vt 0.540670 0.833637
vt 0.535097 0.857151
vt 0.535387 0.809581
f 1026/2677/1026 1023/2678/1023 1027/2679/1027
vt 0.540670 0.833637
vt 0.535387 0.809581
vt 0.540616 0.809579
f 1026/2680/1026 1027/2681/1027 1028/2682/1028
vt 0.452415 0.808362
vt 0.452415 0.857771
vt 0.432921 0.857748
f 953/2683/953 950/2684/950 1029/2685/1029
vt 0.432845 0.808363
vt 0.452415 0.808362
vt 0.432921 0.857748
f 1030/2686/1030 953/2687/953 1029/2688/1029
vt 0.432766 0.833133
vt 0.432845 0.808363
vt 0.432921 0.857748
f 1031/2689/1031 1030/2690/1030 1029/2691/1029
vt 0.452415 0.857771
vt 0.452415 0.908657
vt 0.439047 0.908661
f 950/2692/950 905/2693/905 1021/2694/1021
vt 0.432921 0.857748
vt 0.452415 0.857771
vt 0.439047 0.908661
f 1029/2695/1029 950/2696/950 1021/2697/1021
vt 0.435839 0.883043
vt 0.432921 0.857748
vt 0.439047 0.908661
f 1032/2698/1032 1029/2699/1029 1021/2700/1021
vt 0.535387 0.809581
vt 0.535217 0.763041
vt 0.540452 0.762518
f 1027/2701/1027 1033/2702/1033 1034/2703/1034
vt 0.540616 0.809579
vt 0.535387 0.809581
vt 0.540452 0.762518
f 1028/2704/1028 1027/2705/1027 1034/2706/1034
vt 0.540645 0.785461
vt 0.540616 0.809579
vt 0.540452 0.762518
f 1035/2707/1035 1028/2708/1028 1034/2709/1034
vt 0.540452 0.762518
vt 0.535217 0.763041
vt 0.531983 0.748582
f 1034/2710/1034 1033/2711/1033 997/2712/997
vt 0.540452 0.762518
vt 0.531983 0.748582
vt 0.533720 0.745451
f 1034/2713/1034 997/2714/997 996/2715/996
vt 0.537361 0.753572
vt 0.540452 0.762518
vt 0.533720 0.745451
f 1036/2716/1036 1034/2717/1034 996/2718/996
vt 0.432887 0.749380
vt 0.432876 0.739634
vt 0.452415 0.739623
f 1037/2719/1037 994/2720/994 947/2721/947
vt 0.432887 0.749380
vt 0.452415 0.739623
vt 0.452415 0.760530
f 1037/2722/1037 947/2723/947 961/2724/961
vt 0.432887 0.749380
vt 0.452415 0.760530
vt 0.432848 0.760119
f 1037/2725/1037 961/2726/961 1038/2727/1038
vt 0.432820 0.783656
vt 0.432848 0.760119
vt 0.452415 0.760530
f 1039/2728/1039 1038/2729/1038 961/2730/961
vt 0.432820 0.783656
vt 0.452415 0.760530
vt 0.452415 0.808362
f 1039/2731/1039 961/2732/961 953/2733/953
vt 0.432820 0.783656
vt 0.452415 0.808362
vt 0.432845 0.808363
f 1039/2734/1039 953/2735/953 1030/2736/1030
vt 0.373560 0.748582
vt 0.370326 0.763041
vt 0.365091 0.762518
f 989/2737/989 1040/2738/1040 1041/2739/1041
vt 0.371823 0.745451
vt 0.373560 0.748582
vt 0.365091 0.762518
f 990/2740/990 989/2741/989 1041/2742/1041
vt 0.368182 0.753572
vt 0.371823 0.745451
vt 0.365091 0.762518
f 1042/2743/1042 990/2744/990 1041/2745/1041
vt 0.365091 0.762518
vt 0.370326 0.763041
vt 0.370156 0.809581
f 1041/2746/1041 1040/2747/1040 1043/2748/1043
vt 0.365091 0.762518
vt 0.370156 0.809581
vt 0.364927 0.809579
f 1041/2749/1041 1043/2750/1043 1044/2751/1044
vt 0.364898 0.785461
vt 0.365091 0.762518
vt 0.364927 0.809579
f 1045/2752/1045 1041/2753/1041 1044/2754/1044
vt 0.432820 0.783656
vt 0.432845 0.808363
vt 0.452415 0.808362
f 1046/2755/1046 1047/2756/1047 971/2757/971
vt 0.432820 0.783656
vt 0.452415 0.808362
vt 0.452415 0.760530
f 1046/2758/1046 971/2759/971 968/2760/968
vt 0.432820 0.783656
vt 0.452415 0.760530
vt 0.432848 0.760119
f 1046/2761/1046 968/2762/968 1048/2763/1048
vt 0.432887 0.749380
vt 0.432848 0.760119
vt 0.452415 0.760530
f 1049/2764/1049 1048/2765/1048 968/2766/968
vt 0.432887 0.749380
vt 0.452415 0.760530
vt 0.452415 0.739623
f 1049/2767/1049 968/2768/968 934/2769/934
vt 0.432887 0.749380
vt 0.452415 0.739623
vt 0.432876 0.739634
f 1049/2770/1049 934/2771/934 992/2772/992
vt 0.364873 0.833637
vt 0.364927 0.809579
vt 0.370156 0.809581
f 1050/2773/1050 1044/2774/1044 1043/2775/1043
vt 0.364873 0.833637
vt 0.370156 0.809581
vt 0.370446 0.857151
f 1050/2776/1050 1043/2777/1043 1051/2778/1051
vt 0.364873 0.833637
vt 0.370446 0.857151
vt 0.365186 0.857452
f 1050/2779/1050 1051/2780/1051 1052/2781/1052
vt 0.365186 0.857452
vt 0.370446 0.857151
vt 0.375952 0.891189
f 1052/2782/1052 1051/2783/1051 1005/2784/1005
vt 0.365186 0.857452
vt 0.375952 0.891189
vt 0.374805 0.899403
f 1052/2785/1052 1005/2786/1005 1004/2787/1004
vt 0.369718 0.878399
vt 0.365186 0.857452
vt 0.374805 0.899403
f 1053/2788/1053 1052/2789/1052 1004/2790/1004
vt 0.439047 0.908661
vt 0.452415 0.908657
vt 0.452415 0.857771
f 1003/2791/1003 892/2792/892 977/2793/977
vt 0.439047 0.908661
vt 0.452415 0.857771
vt 0.432921 0.857748
f 1003/2794/1003 977/2795/977 1054/2796/1054
vt 0.435839 0.883043
vt 0.439047 0.908661
vt 0.432921 0.857748
f 1055/2797/1055 1003/2798/1003 1054/2799/1054
vt 0.452415 0.857771
vt 0.452415 0.808362
vt 0.432845 0.808363
f 977/2800/977 971/2801/971 1047/2802/1047
vt 0.432921 0.857748
vt 0.452415 0.857771
vt 0.432845 0.808363
f 1054/2803/1054 977/2804/977 1047/2805/1047
vt 0.432766 0.833133
vt 0.432921 0.857748
vt 0.432845 0.808363
f 1056/2806/1056 1054/2807/1054 1047/2808/1047
vt 0.375952 0.891189
vt 0.370446 0.857151
vt 0.383839 0.857567
f 1005/2809/1005 1051/2810/1051 1057/2811/1057
vt 0.383839 0.857567
vt 0.387104 0.906999
vt 0.375952 0.891189
f 1057/2812/1057 1006/2813/1006 1005/2814/1005
vt 0.370156 0.809581
vt 0.383694 0.809581
vt 0.383839 0.857567
f 1043/2815/1043 1058/2816/1058 1057/2817/1057
vt 0.383839 0.857567
vt 0.370446 0.857151
vt 0.370156 0.809581
f 1057/2818/1057 1051/2819/1051 1043/2820/1043
vt 0.452772 0.809581
vt 0.452772 0.857983
vt 0.383839 0.857567
f 1059/2821/1059 1060/2822/1060 1057/2823/1057
vt 0.383839 0.857567
vt 0.383694 0.809581
vt 0.452772 0.809581
f 1057/2824/1057 1058/2825/1058 1059/2826/1059
vt 0.452772 0.907831
vt 0.387104 0.906999
vt 0.383839 0.857567
f 1009/2827/1009 1006/2828/1006 1057/2829/1057
vt 0.383839 0.857567
vt 0.452772 0.857983
vt 0.452772 0.907831
f 1057/2830/1057 1060/2831/1060 1009/2832/1009
vt 0.452772 0.907831
vt 0.452772 0.857983
vt 0.521704 0.857567
f 1009/2833/1009 1060/2834/1060 1061/2835/1061
vt 0.521704 0.857567
vt 0.518439 0.906999
vt 0.452772 0.907831
f 1061/2836/1061 1014/2837/1014 1009/2838/1009
vt 0.452772 0.809581
vt 0.521849 0.809581
vt 0.521704 0.857567
f 1059/2839/1059 1062/2840/1062 1061/2841/1061
vt 0.521704 0.857567
vt 0.452772 0.857983
vt 0.452772 0.809581
f 1061/2842/1061 1060/2843/1060 1059/2844/1059
vt 0.535387 0.809581
vt 0.535097 0.857151
vt 0.521704 0.857567
f 1027/2845/1027 1023/2846/1023 1061/2847/1061
vt 0.521704 0.857567
vt 0.521849 0.809581
vt 0.535387 0.809581
f 1061/2848/1061 1062/2849/1062 1027/2850/1027
vt 0.529592 0.891189
vt 0.518439 0.906999
vt 0.521704 0.857567
f 1017/2851/1017 1014/2852/1014 1061/2853/1061
vt 0.521704 0.857567
vt 0.535097 0.857151
vt 0.529592 0.891189
f 1061/2854/1061 1023/2855/1023 1017/2856/1017
vt 0.370156 0.809581
vt 0.370326 0.763041
vt 0.383779 0.762882
f 1043/2857/1043 1040/2858/1040 1063/2859/1063
vt 0.383779 0.762882
vt 0.383694 0.809581
vt 0.370156 0.809581
f 1063/2860/1063 1058/2861/1058 1043/2862/1043
vt 0.373560 0.748582
vt 0.383756 0.742560
vt 0.383779 0.762882
f 989/2863/989 985/2864/985 1063/2865/1063
vt 0.383779 0.762882
vt 0.370326 0.763041
vt 0.373560 0.748582
f 1063/2866/1063 1040/2867/1040 989/2868/989
vt 0.452772 0.742243
vt 0.452772 0.762724
vt 0.383779 0.762882
f 984/2869/984 1064/2870/1064 1063/2871/1063
vt 0.383779 0.762882
vt 0.383756 0.742560
vt 0.452772 0.742243
f 1063/2872/1063 985/2873/985 984/2874/984
vt 0.452772 0.809581
vt 0.383694 0.809581
vt 0.383779 0.762882
f 1059/2875/1059 1058/2876/1058 1063/2877/1063
vt 0.383779 0.762882
vt 0.452772 0.762724
vt 0.452772 0.809581
f 1063/2878/1063 1064/2879/1064 1059/2880/1059
vt 0.452772 0.809581
vt 0.452772 0.762724
vt 0.521764 0.762882
f 1059/2881/1059 1064/2882/1064 1065/2883/1065
vt 0.521764 0.762882
vt 0.521849 0.809581
vt 0.452772 0.809581
f 1065/2884/1065 1062/2885/1062 1059/2886/1059
vt 0.452772 0.742243
vt 0.521787 0.742560
vt 0.521764 0.762882
f 984/2887/984 998/2888/998 1065/2889/1065
vt 0.521764 0.762882
vt 0.452772 0.762724
vt 0.452772 0.742243
f 1065/2890/1065 1064/2891/1064 984/2892/984
vt 0.531983 0.748582
vt 0.535217 0.763041
vt 0.521764 0.762882
f 997/2893/997 1033/2894/1033 1065/2895/1065
vt 0.521764 0.762882
vt 0.521787 0.742560
vt 0.531983 0.748582
f 1065/2896/1065 998/2897/998 997/2898/997
vt 0.535387 0.809581
vt 0.521849 0.809581
vt 0.521764 0.762882
f 1027/2899/1027 1062/2900/1062 1065/2901/1065
vt 0.521764 0.762882
vt 0.535217 0.763041
vt 0.535387 0.809581
f 1065/2902/1065 1033/2903/1033 1027/2904/1027
vt 0.662940 0.554623
vt 0.662492 0.552254
vt 0.670573 0.546154
f 22/2905/22 1066/2906/1066 1067/2907/1067
vt 0.670573 0.546154
vt 0.670994 0.546702
vt 0.662940 0.554623
f 1067/2908/1067 1068/2909/1068 22/2910/22
vt 0.661611 0.526620
vt 0.670791 0.518635
vt 0.670573 0.546154
f 23/2911/23 1069/2912/1069 1067/2913/1067
vt 0.670573 0.546154
vt 0.662492 0.552254
vt 0.661611 0.526620
f 1067/2914/1067 1066/2915/1066 23/2916/23
vt 0.671845 0.518068
vt 0.670994 0.546702
vt 0.670573 0.546154
f 18/2917/18 1068/2918/1068 1067/2919/1067
vt 0.670573 0.546154
vt 0.670791 0.518635
vt 0.671845 0.518068
f 1067/2920/1067 1069/2921/1069 18/2922/18
vt 0.647128 0.374927
vt 0.669332 0.423230
vt 0.668082 0.423822
f 32/2923/32 36/2924/36 1070/2925/1070
vt 0.668082 0.423822
vt 0.646867 0.375986
vt 0.647128 0.374927
f 1070/2926/1070 1071/2927/1071 32/2928/32
vt 0.671066 0.455954
vt 0.669901 0.456838
vt 0.668082 0.423822
f 37/2929/37 1072/2930/1072 1070/2931/1070
vt 0.668082 0.423822
vt 0.669332 0.423230
vt 0.671066 0.455954
f 1070/2932/1070 36/2933/36 37/2934/37
vt 0.658729 0.462232
vt 0.658254 0.424926
vt 0.668082 0.423822
f 38/2935/38 27/2936/27 1070/2937/1070
vt 0.668082 0.423822
vt 0.669901 0.456838
vt 0.658729 0.462232
f 1070/2938/1070 1072/2939/1072 38/2940/38
vt 0.641915 0.383770
vt 0.646867 0.375986
vt 0.668082 0.423822
f 31/2941/31 1071/2942/1071 1070/2943/1070
vt 0.668082 0.423822
vt 0.658254 0.424926
vt 0.641915 0.383770
f 1070/2944/1070 27/2945/27 31/2946/31
vt 0.566739 0.229586
vt 0.576498 0.215307
vt 0.578988 0.235364
f 44/2947/44 1073/2948/1073 1074/2949/1074
vt 0.578988 0.235364
vt 0.567311 0.248278
vt 0.566739 0.229586
f 1074/2950/1074 43/2951/43 44/2952/44
vt 0.577490 0.213497
vt 0.579233 0.231392
vt 0.578988 0.235364
f 51/2953/51 50/2954/50 1074/2955/1074
vt 0.578988 0.235364
vt 0.576498 0.215307
vt 0.577490 0.213497
f 1074/2956/1074 1073/2957/1073 51/2958/51
vt 0.601481 0.278439
vt 0.601749 0.281024
vt 0.578988 0.235364
f 52/2959/52 1075/2960/1075 1074/2961/1074
vt 0.578988 0.235364
vt 0.579233 0.231392
vt 0.601481 0.278439
f 1074/2962/1074 50/2963/50 52/2964/52
vt 0.607365 0.311213
vt 0.589760 0.282071
vt 0.578988 0.235364
f 54/2965/54 1076/2966/1076 1074/2967/1074
vt 0.578988 0.235364
vt 0.601749 0.281024
vt 0.607365 0.311213
f 1074/2968/1074 1075/2969/1075 54/2970/54
vt 0.576553 0.291473
vt 0.567311 0.248278
vt 0.578988 0.235364
f 39/2971/39 43/2972/43 1074/2973/1074
vt 0.578988 0.235364
vt 0.589760 0.282071
vt 0.576553 0.291473
f 1074/2974/1074 1076/2975/1076 39/2976/39
vt 0.576013 0.182637
vt 0.575280 0.183937
vt 0.575083 0.171187
f 59/2977/59 1077/2978/1077 1078/2979/1078
vt 0.575083 0.171187
vt 0.575408 0.170204
vt 0.576013 0.182637
f 1078/2980/1078 1079/2981/1079 59/2982/59
vt 0.568216 0.196830
vt 0.569301 0.182565
vt 0.575083 0.171187
f 62/2983/62 1080/2984/1080 1078/2985/1078
vt 0.575083 0.171187
vt 0.575280 0.183937
vt 0.568216 0.196830
f 1078/2986/1078 1077/2987/1077 62/2988/62
vt 0.569431 0.181117
vt 0.575408 0.170204
vt 0.575083 0.171187
f 55/2989/55 1079/2990/1079 1078/2991/1078
vt 0.575083 0.171187
vt 0.569301 0.182565
vt 0.569431 0.181117
f 1078/2992/1078 1080/2993/1080 55/2994/55
vt 0.633813 0.572274
vt 0.634488 0.569916
vt 0.637067 0.570299
f 66/2995/66 1081/2996/1081 1082/2997/1082
vt 0.637067 0.570299
vt 0.636732 0.571851
vt 0.633813 0.572274
f 1082/2998/1082 65/2999/65 66/3000/66
vt 0.642548 0.552735
vt 0.645154 0.564691
vt 0.637067 0.570299
f 70/3001/70 1083/3002/1083 1082/3003/1082
vt 0.637067 0.570299
vt 0.634488 0.569916
vt 0.642548 0.552735
f 1082/3004/1082 1081/3005/1081 70/3006/70
vt 0.645413 0.566549
vt 0.636732 0.571851
vt 0.637067 0.570299
f 63/3007/63 65/3008/65 1082/3009/1082
vt 0.637067 0.570299
vt 0.645154 0.564691
vt 0.645413 0.566549
f 1082/3010/1082 1083/3011/1083 63/3012/63
vt 0.595701 0.379564
vt 0.612200 0.376674
vt 0.623306 0.424089
f 76/3013/76 1084/3014/1084 1085/3015/1085
vt 0.623306 0.424089
vt 0.605701 0.423480
vt 0.595701 0.379564
f 1085/3016/1085 73/3017/73 76/3018/76
vt 0.624553 0.384022
vt 0.635655 0.425050
vt 0.623306 0.424089
f 77/3019/77 78/3020/78 1085/3021/1085
vt 0.623306 0.424089
vt 0.612200 0.376674
vt 0.624553 0.384022
f 1085/3022/1085 1084/3023/1084 77/3024/77
vt 0.637091 0.464919
vt 0.624531 0.461362
vt 0.623306 0.424089
f 79/3025/79 1086/3026/1086 1085/3027/1085
vt 0.623306 0.424089
vt 0.635655 0.425050
vt 0.637091 0.464919
f 1085/3028/1085 78/3029/78 79/3030/79
vt 0.609295 0.455178
vt 0.605701 0.423480
vt 0.623306 0.424089
f 75/3031/75 73/3032/73 1085/3033/1085
vt 0.623306 0.424089
vt 0.624531 0.461362
vt 0.609295 0.455178
f 1085/3034/1085 1086/3035/1086 75/3036/75
vt 0.570322 0.461668
vt 0.552642 0.424863
vt 0.554147 0.424209
f 84/3037/84 88/3038/88 1087/3039/1087
vt 0.554147 0.424209
vt 0.571230 0.460849
vt 0.570322 0.461668
f 1087/3040/1087 1088/3041/1088 84/3042/84
vt 0.547310 0.392339
vt 0.548780 0.391646
vt 0.554147 0.424209
f 89/3043/89 1089/3044/1089 1087/3045/1087
vt 0.554147 0.424209
vt 0.552642 0.424863
vt 0.547310 0.392339
f 1087/3046/1087 88/3047/88 89/3048/89
vt 0.563726 0.387408
vt 0.570404 0.423567
vt 0.554147 0.424209
f 93/3049/93 81/3050/81 1087/3051/1087
vt 0.554147 0.424209
vt 0.548780 0.391646
vt 0.563726 0.387408
f 1087/3052/1087 1089/3053/1089 93/3054/93
vt 0.582292 0.454997
vt 0.571230 0.460849
vt 0.554147 0.424209
f 83/3055/83 1088/3056/1088 1087/3057/1087
vt 0.554147 0.424209
vt 0.570404 0.423567
vt 0.582292 0.454997
f 1087/3058/1087 81/3059/81 83/3060/83
vt 0.538479 0.276814
vt 0.539322 0.275351
vt 0.536064 0.295921
f 97/3061/97 1090/3062/1090 1091/3063/1091
vt 0.536064 0.295921
vt 0.534798 0.296907
vt 0.538479 0.276814
f 1091/3064/1091 96/3065/96 97/3066/97
vt 0.548021 0.260427
vt 0.545765 0.280005
vt 0.536064 0.295921
f 102/3067/102 101/3068/101 1091/3069/1091
vt 0.536064 0.295921
vt 0.539322 0.275351
vt 0.548021 0.260427
f 1091/3070/1091 1090/3071/1090 102/3072/102
vt 0.551160 0.315381
vt 0.539763 0.327141
vt 0.536064 0.295921
f 103/3073/103 1092/3074/1092 1091/3075/1091
vt 0.536064 0.295921
vt 0.545765 0.280005
vt 0.551160 0.315381
f 1091/3076/1091 101/3077/101 103/3078/103
vt 0.538486 0.328262
vt 0.534798 0.296907
vt 0.536064 0.295921
f 94/3079/94 96/3080/96 1091/3081/1091
vt 0.536064 0.295921
vt 0.539763 0.327141
vt 0.538486 0.328262
f 1091/3082/1091 1092/3083/1092 94/3084/94
vt 0.556931 0.206775
vt 0.556801 0.208062
vt 0.550914 0.220515
f 107/3085/107 1093/3086/1093 1094/3087/1094
vt 0.550914 0.220515
vt 0.550720 0.220323
vt 0.556931 0.206775
f 1094/3088/1094 106/3089/106 107/3090/107
vt 0.553402 0.224157
vt 0.547000 0.237525
vt 0.550914 0.220515
f 108/3091/108 1095/3092/1095 1094/3093/1094
vt 0.550914 0.220515
vt 0.556801 0.208062
vt 0.553402 0.224157
f 1094/3094/1094 1093/3095/1093 108/3096/108
vt 0.546362 0.238577
vt 0.550720 0.220323
vt 0.550914 0.220515
f 104/3097/104 106/3098/106 1094/3099/1094
vt 0.550914 0.220515
vt 0.547000 0.237525
vt 0.546362 0.238577
f 1094/3100/1094 1095/3101/1095 104/3102/104
vt 0.662940 0.554623
vt 0.670994 0.546702
vt 0.670572 0.546154
f 114/3103/114 1096/3104/1096 1097/3105/1097
vt 0.670572 0.546154
vt 0.662492 0.552254
vt 0.662940 0.554623
f 1097/3106/1097 1098/3107/1098 114/3108/114
vt 0.671845 0.518068
vt 0.670791 0.518635
vt 0.670572 0.546154
f 116/3109/116 1099/3110/1099 1097/3111/1097
vt 0.670572 0.546154
vt 0.670994 0.546702
vt 0.671845 0.518068
f 1097/3112/1097 1096/3113/1096 116/3114/116
vt 0.661610 0.526619
vt 0.662492 0.552254
vt 0.670572 0.546154
f 109/3115/109 1098/3116/1098 1097/3117/1097
vt 0.670572 0.546154
vt 0.670791 0.518635
vt 0.661610 0.526619
f 1097/3118/1097 1099/3119/1099 109/3120/109
vt 0.647128 0.374927
vt 0.646867 0.375986
vt 0.668082 0.423822
f 119/3121/119 1100/3122/1100 1101/3123/1101
vt 0.668082 0.423822
vt 0.669332 0.423230
vt 0.647128 0.374927
f 1101/3124/1101 118/3125/118 119/3126/119
vt 0.641915 0.383770
vt 0.658254 0.424925
vt 0.668082 0.423822
f 125/3127/125 123/3128/123 1101/3129/1101
vt 0.668082 0.423822
vt 0.646867 0.375986
vt 0.641915 0.383770
f 1101/3130/1101 1100/3131/1100 125/3132/125
vt 0.658728 0.462231
vt 0.669900 0.456838
vt 0.668082 0.423822
f 126/3133/126 1102/3134/1102 1101/3135/1101
vt 0.668082 0.423822
vt 0.658254 0.424925
vt 0.658728 0.462231
f 1101/3136/1101 123/3137/123 126/3138/126
vt 0.671066 0.455954
vt 0.669332 0.423230
vt 0.668082 0.423822
f 117/3139/117 118/3140/118 1101/3141/1101
vt 0.668082 0.423822
vt 0.669900 0.456838
vt 0.671066 0.455954
f 1101/3142/1101 1102/3143/1102 117/3144/117
vt 0.601481 0.278439
vt 0.579233 0.231392
vt 0.578988 0.235364
f 130/3145/130 129/3146/129 1103/3147/1103
vt 0.578988 0.235364
vt 0.601749 0.281024
vt 0.601481 0.278439
f 1103/3148/1103 1104/3149/1104 130/3150/130
vt 0.577490 0.213497
vt 0.576498 0.215307
vt 0.578988 0.235364
f 132/3151/132 1105/3152/1105 1103/3153/1103
vt 0.578988 0.235364
vt 0.579233 0.231392
vt 0.577490 0.213497
f 1103/3154/1103 129/3155/129 132/3156/132
vt 0.566739 0.229586
vt 0.567311 0.248278
vt 0.578988 0.235364
f 133/3157/133 137/3158/137 1103/3159/1103
vt 0.578988 0.235364
vt 0.576498 0.215307
vt 0.566739 0.229586
f 1103/3160/1103 1105/3161/1105 133/3162/133
vt 0.576553 0.291473
vt 0.589760 0.282071
vt 0.578988 0.235364
f 138/3163/138 1106/3164/1106 1103/3165/1103
vt 0.578988 0.235364
vt 0.567311 0.248278
vt 0.576553 0.291473
f 1103/3166/1103 137/3167/137 138/3168/138
vt 0.607365 0.311213
vt 0.601749 0.281024
vt 0.578988 0.235364
f 128/3169/128 1104/3170/1104 1103/3171/1103
vt 0.578988 0.235364
vt 0.589760 0.282071
vt 0.607365 0.311213
f 1103/3172/1103 1106/3173/1106 128/3174/128
vt 0.569431 0.181117
vt 0.569301 0.182565
vt 0.575083 0.171187
f 142/3175/142 1107/3176/1107 1108/3177/1108
vt 0.575083 0.171187
vt 0.575408 0.170204
vt 0.569431 0.181117
f 1108/3178/1108 1109/3179/1109 142/3180/142
vt 0.568216 0.196830
vt 0.575280 0.183937
vt 0.575083 0.171187
f 145/3181/145 1110/3182/1110 1108/3183/1108
vt 0.575083 0.171187
vt 0.569301 0.182565
vt 0.568216 0.196830
f 1108/3184/1108 1107/3185/1107 145/3186/145
vt 0.576013 0.182637
vt 0.575408 0.170204
vt 0.575083 0.171187
f 141/3187/141 1109/3188/1109 1108/3189/1108
vt 0.575083 0.171187
vt 0.575280 0.183937
vt 0.576013 0.182637
f 1108/3190/1108 1110/3191/1110 141/3192/141
vt 0.606278 0.533750
vt 0.623781 0.568108
vt 0.623960 0.564827
f 150/3193/150 153/3194/153 1111/3195/1111
vt 0.623960 0.564827
vt 0.606649 0.531819
vt 0.606278 0.533750
f 1111/3196/1111 1112/3197/1112 150/3198/150
vt 0.627483 0.570720
vt 0.628192 0.567605
vt 0.623960 0.564827
f 154/3199/154 1113/3200/1113 1111/3201/1111
vt 0.623960 0.564827
vt 0.623781 0.568108
vt 0.627483 0.570720
f 1111/3202/1111 153/3203/153 154/3204/154
vt 0.632354 0.536671
vt 0.624522 0.532207
vt 0.623960 0.564827
f 156/3205/156 1114/3206/1114 1111/3207/1111
vt 0.623960 0.564827
vt 0.628192 0.567605
vt 0.632354 0.536671
f 1111/3208/1111 1113/3209/1113 156/3210/156
vt 0.609585 0.509761
vt 0.606649 0.531819
vt 0.623960 0.564827
f 149/3211/149 1112/3212/1112 1111/3213/1111
vt 0.623960 0.564827
vt 0.624522 0.532207
vt 0.609585 0.509761
f 1111/3214/1111 1114/3215/1114 149/3216/149
vt 0.595701 0.379564
vt 0.605701 0.423480
vt 0.623306 0.424089
f 163/3217/163 162/3218/162 1115/3219/1115
vt 0.623306 0.424089
vt 0.612200 0.376674
vt 0.595701 0.379564
f 1115/3220/1115 1116/3221/1116 163/3222/163
vt 0.609295 0.455178
vt 0.624530 0.461362
vt 0.623306 0.424089
f 164/3223/164 1117/3224/1117 1115/3225/1115
vt 0.623306 0.424089
vt 0.605701 0.423480
vt 0.609295 0.455178
f 1115/3226/1115 162/3227/162 164/3228/164
vt 0.637090 0.464919
vt 0.635655 0.425050
vt 0.623306 0.424089
f 165/3229/165 160/3230/160 1115/3231/1115
vt 0.623306 0.424089
vt 0.624530 0.461362
vt 0.637090 0.464919
f 1115/3232/1115 1117/3233/1117 165/3234/165
vt 0.624553 0.384022
vt 0.612200 0.376674
vt 0.623306 0.424089
f 159/3235/159 1116/3236/1116 1115/3237/1115
vt 0.623306 0.424089
vt 0.635655 0.425050
vt 0.624553 0.384022
f 1115/3238/1115 160/3239/160 159/3240/159
vt 0.547310 0.392341
vt 0.552642 0.424863
vt 0.554147 0.424209
f 169/3241/169 171/3242/171 1118/3243/1118
vt 0.554147 0.424209
vt 0.548780 0.391646
vt 0.547310 0.392341
f 1118/3244/1118 1119/3245/1119 169/3246/169
vt 0.570322 0.461668
vt 0.571230 0.460849
vt 0.554147 0.424209
f 172/3247/172 1120/3248/1120 1118/3249/1118
vt 0.554147 0.424209
vt 0.552642 0.424863
vt 0.570322 0.461668
f 1118/3250/1118 171/3251/171 172/3252/172
vt 0.582292 0.454997
vt 0.570404 0.423567
vt 0.554147 0.424209
f 173/3253/173 167/3254/167 1118/3255/1118
vt 0.554147 0.424209
vt 0.571230 0.460849
vt 0.582292 0.454997
f 1118/3256/1118 1120/3257/1120 173/3258/173
vt 0.563726 0.387408
vt 0.548780 0.391646
vt 0.554147 0.424209
f 168/3259/168 1119/3260/1119 1118/3261/1118
vt 0.554147 0.424209
vt 0.570404 0.423567
vt 0.563726 0.387408
f 1118/3262/1118 167/3263/167 168/3264/168
vt 0.538479 0.276814
vt 0.534798 0.296907
vt 0.536064 0.295921
f 177/3265/177 179/3266/179 1121/3267/1121
vt 0.536064 0.295921
vt 0.539322 0.275351
vt 0.538479 0.276814
f 1121/3268/1121 1122/3269/1122 177/3270/177
vt 0.538486 0.328262
vt 0.539763 0.327141
vt 0.536064 0.295921
f 180/3271/180 1123/3272/1123 1121/3273/1121
vt 0.536064 0.295921
vt 0.534798 0.296907
vt 0.538486 0.328262
f 1121/3274/1121 179/3275/179 180/3276/180
vt 0.551160 0.315381
vt 0.545765 0.280005
vt 0.536064 0.295921
f 181/3277/181 175/3278/175 1121/3279/1121
vt 0.536064 0.295921
vt 0.539763 0.327141
vt 0.551160 0.315381
f 1121/3280/1121 1123/3281/1123 181/3282/181
vt 0.548021 0.260427
vt 0.539322 0.275351
vt 0.536064 0.295921
f 176/3283/176 1122/3284/1122 1121/3285/1121
vt 0.536064 0.295921
vt 0.545765 0.280005
vt 0.548021 0.260427
f 1121/3286/1121 175/3287/175 176/3288/176
vt 0.546362 0.238577
vt 0.547000 0.237525
vt 0.550914 0.220515
f 184/3289/184 1124/3290/1124 1125/3291/1125
vt 0.550914 0.220515
vt 0.550720 0.220323
vt 0.546362 0.238577
f 1125/3292/1125 183/3293/183 184/3294/184
vt 0.553402 0.224157
vt 0.556801 0.208062
vt 0.550914 0.220515
f 185/3295/185 1126/3296/1126 1125/3297/1125
vt 0.550914 0.220515
vt 0.547000 0.237525
vt 0.553402 0.224157
f 1125/3298/1125 1124/3299/1124 185/3300/185
vt 0.556931 0.206775
vt 0.550720 0.220323
vt 0.550914 0.220515
f 182/3301/182 183/3302/183 1125/3303/1125
vt 0.550914 0.220515
vt 0.556801 0.208062
vt 0.556931 0.206775
f 1125/3304/1125 1126/3305/1126 182/3306/182
vt 0.627483 0.570720
vt 0.623781 0.568108
vt 0.623961 0.564827
f 187/3307/187 188/3308/188 1127/3309/1127
vt 0.623961 0.564827
vt 0.628192 0.567605
vt 0.627483 0.570720
f 1127/3310/1127 1128/3311/1128 187/3312/187
vt 0.606278 0.533750
vt 0.606649 0.531819
vt 0.623961 0.564827
f 189/3313/189 1129/3314/1129 1127/3315/1127
vt 0.623961 0.564827
vt 0.623781 0.568108
vt 0.606278 0.533750
f 1127/3316/1127 188/3317/188 189/3318/189
vt 0.609585 0.509761
vt 0.624523 0.532207
vt 0.623961 0.564827
f 190/3319/190 1130/3320/1130 1127/3321/1127
vt 0.623961 0.564827
vt 0.606649 0.531819
vt 0.609585 0.509761
f 1127/3322/1127 1129/3323/1129 190/3324/190
vt 0.632355 0.536671
vt 0.628192 0.567605
vt 0.623961 0.564827
f 186/3325/186 1128/3326/1128 1127/3327/1127
vt 0.623961 0.564827
vt 0.624523 0.532207
vt 0.632355 0.536671
f 1127/3328/1127 1130/3329/1130 186/3330/186
vt 0.633813 0.572274
vt 0.636732 0.571851
vt 0.637067 0.570299
f 192/3331/192 193/3332/193 1131/3333/1131
vt 0.637067 0.570299
vt 0.634488 0.569916
vt 0.633813 0.572274
f 1131/3334/1131 1132/3335/1132 192/3336/192
vt 0.645413 0.566549
vt 0.645154 0.564691
vt 0.637067 0.570299
f 194/3337/194 1133/3338/1133 1131/3339/1131
vt 0.637067 0.570299
vt 0.636732 0.571851
vt 0.645413 0.566549
f 1131/3340/1131 193/3341/193 194/3342/194
vt 0.642547 0.552735
vt 0.634488 0.569916
vt 0.637067 0.570299
f 191/3343/191 1132/3344/1132 1131/3345/1131
vt 0.637067 0.570299
vt 0.645154 0.564691
vt 0.642547 0.552735
f 1131/3346/1131 1133/3347/1133 191/3348/191
vt 0.533633 0.022465
vt 0.534481 0.026230
vt 0.531426 0.022739
f 200/3349/200 1134/3350/1134 1135/3351/1135
vt 0.531426 0.022739
vt 0.531426 0.022460
vt 0.533633 0.022465
f 1135/3352/1135 1136/3353/1136 200/3354/200
vt 0.534090 0.059586
vt 0.531426 0.059951
vt 0.531426 0.022739
f 1137/3355/1137 1138/3356/1138 1135/3357/1135
vt 0.531426 0.022739
vt 0.534481 0.026230
vt 0.534090 0.059586
f 1135/3358/1135 1134/3359/1134 1137/3360/1137
vt 0.140431 0.138225
vt 0.010391 0.098479
vt 0.010711 0.129871
f 195/3361/195 199/3362/199 1139/3363/1139
vt 0.010711 0.129871
vt 0.143508 0.180327
vt 0.140431 0.138225
f 1140/3364/1140 1141/3365/1141 195/3366/195
vt 0.533640 0.021899
vt 0.531426 0.021902
vt 0.531426 0.021623
f 211/3367/211 210/3368/210 1142/3369/1142
vt 0.531426 0.021623
vt 0.534479 0.025024
vt 0.533640 0.021899
f 1142/3370/1142 1143/3371/1143 211/3372/211
vt 0.136935 0.056020
vt 0.136248 0.014898
vt 0.009428 0.004306
f 212/3373/212 1144/3374/1144 1145/3375/1145
vt 0.009428 0.004306
vt 0.009749 0.035697
vt 0.136935 0.056020
f 1146/3376/1146 1147/3377/1147 212/3378/212
vt 0.534059 0.056996
vt 0.534479 0.025024
vt 0.531426 0.021623
f 208/3379/208 1143/3380/1143 1142/3381/1142
vt 0.531426 0.021623
vt 0.531426 0.057306
vt 0.534059 0.056996
f 1142/3382/1142 205/3383/205 208/3384/208
vt 0.533634 0.022613
vt 0.531426 0.022608
vt 0.531426 0.022887
f 217/3385/217 220/3386/220 1148/3387/1148
vt 0.531426 0.022887
vt 0.534481 0.026362
vt 0.533634 0.022613
f 1148/3388/1148 1149/3389/1149 217/3390/217
vt 0.139871 0.138085
vt 0.142941 0.180152
vt 0.010578 0.129870
f 221/3391/221 1150/3392/1150 1151/3393/1151
vt 0.010578 0.129870
vt 0.010258 0.098479
vt 0.139871 0.138085
f 1152/3394/1152 1153/3395/1153 221/3396/221
vt 0.534091 0.059576
vt 0.534481 0.026362
vt 0.531426 0.022887
f 1154/3397/1154 1149/3398/1149 1148/3399/1148
vt 0.531426 0.022887
vt 0.531426 0.059940
vt 0.534091 0.059576
f 1148/3400/1148 1155/3401/1155 1154/3402/1154
vt 0.534060 0.056990
vt 0.531426 0.057299
vt 0.531426 0.021771
f 232/3403/232 231/3404/231 1156/3405/1156
vt 0.531426 0.021771
vt 0.534480 0.025157
vt 0.534060 0.056990
f 1156/3406/1156 1157/3407/1157 232/3408/232
vt 0.136380 0.055947
vt 0.009616 0.035696
vt 0.009295 0.004305
f 233/3409/233 1158/3410/1158 1159/3411/1159
vt 0.009295 0.004305
vt 0.135693 0.014860
vt 0.136380 0.055947
f 1160/3412/1160 1161/3413/1161 233/3414/233
vt 0.533641 0.022046
vt 0.534480 0.025157
vt 0.531426 0.021771
f 228/3415/228 1157/3416/1157 1156/3417/1156
vt 0.531426 0.021771
vt 0.531426 0.022050
vt 0.533641 0.022046
f 1156/3418/1156 227/3419/227 228/3420/228
vt 0.541256 0.059586
vt 0.540866 0.026230
vt 0.543921 0.022739
f 1162/3421/1162 1163/3422/1163 1164/3423/1164
vt 0.543921 0.022739
vt 0.543921 0.059951
vt 0.541256 0.059586
f 1164/3424/1164 1165/3425/1165 1162/3426/1162
vt 0.541713 0.022465
vt 0.543921 0.022460
vt 0.543921 0.022739
f 245/3427/245 1166/3428/1166 1164/3429/1164
vt 0.543921 0.022739
vt 0.540866 0.026230
vt 0.541713 0.022465
f 1164/3430/1164 1163/3431/1163 245/3432/245
vt 0.402131 0.332903
vt 0.399161 0.290254
vt 0.531071 0.340536
f 240/3433/240 1167/3434/1167 1168/3435/1168
vt 0.531071 0.340536
vt 0.530760 0.372381
vt 0.402131 0.332903
f 1169/3436/1169 241/3437/241 240/3438/240
vt 0.541707 0.021899
vt 0.540867 0.025024
vt 0.543921 0.021623
f 256/3439/256 1170/3440/1170 1171/3441/1171
vt 0.543921 0.021623
vt 0.543921 0.021902
vt 0.541707 0.021899
f 1171/3442/1171 1172/3443/1172 256/3444/256
vt 0.541287 0.056996
vt 0.543921 0.057306
vt 0.543921 0.021623
f 262/3445/262 1173/3446/1173 1171/3447/1171
vt 0.543921 0.021623
vt 0.540867 0.025024
vt 0.541287 0.056996
f 1171/3448/1171 1170/3449/1170 262/3450/262
vt 0.404190 0.416264
vt 0.530138 0.436070
vt 0.529828 0.467914
f 250/3451/250 253/3452/253 1174/3453/1174
vt 0.529828 0.467914
vt 0.404339 0.457961
vt 0.404190 0.416264
f 1175/3454/1175 251/3455/251 250/3456/250
vt 0.541713 0.022613
vt 0.540866 0.026362
vt 0.543921 0.022887
f 268/3457/268 1176/3458/1176 1177/3459/1177
vt 0.543921 0.022887
vt 0.543921 0.022608
vt 0.541713 0.022613
f 1177/3460/1177 1178/3461/1178 268/3462/268
vt 0.541256 0.059576
vt 0.543921 0.059940
vt 0.543921 0.022887
f 1179/3463/1179 1180/3464/1180 1177/3465/1177
vt 0.543921 0.022887
vt 0.540866 0.026362
vt 0.541256 0.059576
f 1177/3466/1177 1176/3467/1176 1179/3468/1179
vt 0.402517 0.333041
vt 0.530681 0.372381
vt 0.530992 0.340536
f 263/3469/263 267/3470/267 1181/3471/1181
vt 0.530992 0.340536
vt 0.399555 0.290429
vt 0.402517 0.333041
f 1182/3472/1182 1183/3473/1183 263/3474/263
vt 0.541287 0.056990
vt 0.540867 0.025157
vt 0.543921 0.021771
f 280/3475/280 1184/3476/1184 1185/3477/1185
vt 0.543921 0.021771
vt 0.543921 0.057299
vt 0.541287 0.056990
f 1185/3478/1185 1186/3479/1186 280/3480/280
vt 0.541706 0.022046
vt 0.543921 0.022050
vt 0.543921 0.021771
f 285/3481/285 1187/3482/1187 1185/3483/1185
vt 0.543921 0.021771
vt 0.540867 0.025157
vt 0.541706 0.022046
f 1185/3484/1185 1184/3485/1184 285/3486/285
vt 0.404569 0.416334
vt 0.404718 0.457996
vt 0.529749 0.467914
f 273/3487/273 276/3488/276 1188/3489/1188
vt 0.529749 0.467914
vt 0.530060 0.436070
vt 0.404569 0.416334
f 1189/3490/1189 274/3491/274 273/3492/273
vt 0.404191 0.218525
vt 0.409101 0.281241
vt 0.541897 0.331698
f 286/3493/286 1190/3494/1190 1191/3495/1191
vt 0.541897 0.331698
vt 0.535600 0.260442
vt 0.404191 0.218525
f 1191/3496/1191 287/3497/287 286/3498/286
vt 0.533939 0.134290
vt 0.534549 0.171587
vt 0.531426 0.171587
f 292/3499/292 291/3500/291 1192/3501/1192
vt 0.531426 0.171587
vt 0.531426 0.134375
vt 0.533939 0.134290
f 1193/3502/1193 1194/3503/1194 292/3504/292
vt 0.533868 0.128700
vt 0.531426 0.128672
vt 0.531426 0.164355
f 294/3505/294 293/3506/293 1195/3507/1195
vt 0.531426 0.164355
vt 0.534549 0.164355
vt 0.533868 0.128700
f 1195/3508/1195 1196/3509/1196 294/3510/294
vt 0.394707 0.098253
vt 0.523006 0.117930
vt 0.516709 0.046674
f 295/3511/295 300/3512/300 1197/3513/1197
vt 0.516709 0.046674
vt 0.389889 0.036082
vt 0.394707 0.098253
f 1198/3514/1198 1199/3515/1199 295/3516/295
vt 0.541408 0.134290
vt 0.543921 0.134375
vt 0.543921 0.171587
f 302/3517/302 1200/3518/1200 1201/3519/1201
vt 0.543921 0.171587
vt 0.540797 0.171587
vt 0.541408 0.134290
f 1201/3520/1201 301/3521/301 302/3522/302
vt 0.140090 0.253218
vt 0.009541 0.211582
vt 0.003430 0.139409
f 303/3523/303 305/3524/305 1202/3525/1202
vt 0.003430 0.139409
vt 0.135341 0.189691
vt 0.140090 0.253218
f 1203/3526/1203 1204/3527/1204 303/3528/303
vt 0.149265 0.375045
vt 0.153361 0.438053
vt 0.027872 0.428100
f 306/3529/306 308/3530/308 1205/3531/1205
vt 0.027872 0.428100
vt 0.021761 0.355927
vt 0.149265 0.375045
f 1205/3532/1205 307/3533/307 306/3534/306
vt 0.541479 0.128700
vt 0.540797 0.164355
vt 0.543921 0.164355
f 312/3535/312 311/3536/311 1206/3537/1206
vt 0.543921 0.164355
vt 0.543921 0.128672
vt 0.541479 0.128700
f 1207/3538/1207 1208/3539/1208 312/3540/312
vt 0.393299 0.098035
vt 0.388490 0.035970
vt 0.514888 0.046525
f 313/3541/313 319/3542/319 1209/3543/1209
vt 0.514888 0.046525
vt 0.521173 0.117643
vt 0.393299 0.098035
f 1209/3544/1209 314/3545/314 313/3546/313
vt 0.533869 0.128384
vt 0.534549 0.163886
vt 0.531426 0.163886
f 323/3547/323 322/3548/322 1210/3549/1210
vt 0.531426 0.163886
vt 0.531426 0.128357
vt 0.533869 0.128384
f 1211/3550/1211 1212/3551/1212 323/3552/323
vt 0.533940 0.133962
vt 0.531426 0.134047
vt 0.531426 0.171100
f 327/3553/327 1213/3554/1213 1214/3555/1214
vt 0.531426 0.171100
vt 0.534549 0.171100
vt 0.533940 0.133962
f 1214/3556/1214 324/3557/324 327/3558/327
vt 0.402766 0.218105
vt 0.533745 0.259880
vt 0.540031 0.330998
f 328/3559/328 329/3560/329 1215/3561/1215
vt 0.540031 0.330998
vt 0.407668 0.280716
vt 0.402766 0.218105
f 1216/3562/1216 1217/3563/1217 328/3564/328
vt 0.141418 0.253634
vt 0.136680 0.190213
vt 0.005243 0.140106
f 330/3565/330 1218/3566/1218 1219/3567/1219
vt 0.005243 0.140106
vt 0.011339 0.212139
vt 0.141418 0.253634
f 1219/3568/1219 331/3569/331 330/3570/330
vt 0.541407 0.133962
vt 0.540797 0.171100
vt 0.543921 0.171100
f 334/3571/334 333/3572/333 1220/3573/1220
vt 0.543921 0.171100
vt 0.543921 0.134047
vt 0.541407 0.133962
f 1221/3574/1221 1222/3575/1222 334/3576/334
vt 0.541478 0.128384
vt 0.543921 0.128357
vt 0.543921 0.163886
f 337/3577/337 336/3578/336 1223/3579/1223
vt 0.543921 0.163886
vt 0.540797 0.163886
vt 0.541478 0.128384
f 1223/3580/1223 1224/3581/1224 337/3582/337
vt 0.150571 0.375257
vt 0.023530 0.356207
vt 0.029625 0.428240
f 338/3583/338 340/3584/340 1225/3585/1225
vt 0.029625 0.428240
vt 0.154656 0.438159
vt 0.150571 0.375257
f 1226/3586/1226 1227/3587/1227 338/3588/338
vt 0.539192 0.055933
vt 0.539989 0.056211
vt 0.539989 0.036613
f 341/3589/341 344/3590/344 1228/3591/1228
vt 0.539989 0.036613
vt 0.539021 0.038109
vt 0.539192 0.055933
f 1228/3592/1228 1229/3593/1229 341/3594/341
vt 0.717203 0.415716
vt 0.682172 0.407905
vt 0.688858 0.485341
f 345/3595/345 1230/3596/1230 1231/3597/1231
vt 0.688858 0.485341
vt 0.724049 0.497981
vt 0.717203 0.415716
f 1232/3598/1232 1233/3599/1233 345/3600/345
vt 0.539775 0.032928
vt 0.539021 0.038109
vt 0.539989 0.036613
f 1234/3601/1234 1229/3602/1229 1228/3603/1228
vt 0.539989 0.036613
vt 0.541423 0.032889
vt 0.539775 0.032928
f 1228/3604/1228 1235/3605/1235 1234/3606/1234
vt 0.539775 0.197081
vt 0.541423 0.197119
vt 0.539989 0.193396
f 1236/3607/1236 1237/3608/1237 1238/3609/1238
vt 0.539989 0.193396
vt 0.539021 0.191900
vt 0.539775 0.197081
f 1238/3610/1238 1239/3611/1239 1236/3612/1236
vt 0.942041 0.415722
vt 0.935193 0.497981
vt 0.970384 0.485341
f 364/3613/364 1240/3614/1240 1241/3615/1241
vt 0.970384 0.485341
vt 0.977070 0.407905
vt 0.942041 0.415722
f 1242/3616/1242 1243/3617/1243 364/3618/364
vt 0.539191 0.174075
vt 0.539021 0.191900
vt 0.539989 0.193396
f 362/3619/362 1239/3620/1239 1238/3621/1238
vt 0.539989 0.193396
vt 0.539989 0.173798
vt 0.539191 0.174075
f 1238/3622/1238 363/3623/363 362/3624/362
vt 0.540645 0.021766
vt 0.542118 0.021991
vt 0.545726 0.021719
f 378/3625/378 377/3626/377 1244/3627/1244
vt 0.545726 0.021719
vt 0.543378 0.021727
vt 0.540645 0.021766
f 1244/3628/1244 1245/3629/1245 378/3630/378
vt 0.541489 0.025474
vt 0.544291 0.025442
vt 0.545726 0.021719
f 380/3631/380 1246/3632/1246 1244/3633/1244
vt 0.545726 0.021719
vt 0.542118 0.021991
vt 0.541489 0.025474
f 1244/3634/1244 377/3635/377 380/3636/380
vt 0.694137 0.254585
vt 0.678588 0.180555
vt 0.662113 0.175595
f 381/3637/381 369/3638/369 1247/3639/1247
vt 0.662113 0.175595
vt 0.668799 0.253032
vt 0.694137 0.254585
f 1248/3640/1248 1249/3641/1249 381/3642/381
vt 0.677060 0.151826
vt 0.662127 0.150959
vt 0.662113 0.175595
f 373/3643/373 1250/3644/1250 1251/3645/1251
vt 0.662113 0.175595
vt 0.678588 0.180555
vt 0.677060 0.151826
f 1252/3646/1252 369/3647/369 373/3648/373
vt 0.540646 0.208243
vt 0.543378 0.208282
vt 0.545726 0.208290
f 388/3649/388 1253/3650/1253 1254/3651/1254
vt 0.545726 0.208290
vt 0.542118 0.208018
vt 0.540646 0.208243
f 1254/3652/1254 384/3653/384 388/3654/388
vt 0.982022 0.151795
vt 0.980634 0.180554
vt 0.997129 0.175595
f 393/3655/393 391/3656/391 1255/3657/1255
vt 0.997129 0.175595
vt 0.997115 0.150959
vt 0.982022 0.151795
f 1256/3658/1256 1257/3659/1257 393/3660/393
vt 0.965101 0.254589
vt 0.990443 0.253032
vt 0.997129 0.175595
f 394/3661/394 1258/3662/1258 1259/3663/1259
vt 0.997129 0.175595
vt 0.980634 0.180554
vt 0.965101 0.254589
f 1260/3664/1260 391/3665/391 394/3666/394
vt 0.541489 0.204535
vt 0.542118 0.208018
vt 0.545726 0.208290
f 385/3667/385 384/3668/384 1254/3669/1254
vt 0.545726 0.208290
vt 0.544291 0.204566
vt 0.541489 0.204535
f 1254/3670/1254 1261/3671/1261 385/3672/385
vt 0.540490 0.175102
vt 0.542104 0.172531
vt 0.545726 0.175434
f 401/3673/401 1262/3674/1262 1263/3675/1263
vt 0.545726 0.175434
vt 0.543378 0.175294
vt 0.540490 0.175102
f 1263/3676/1263 1264/3677/1264 401/3678/401
vt 0.542175 0.145034
vt 0.545726 0.145342
vt 0.545726 0.175434
f 405/3679/405 1265/3680/1265 1263/3681/1263
vt 0.545726 0.175434
vt 0.542104 0.172531
vt 0.542175 0.145034
f 1263/3682/1263 1262/3683/1262 405/3684/405
vt 0.870656 0.204835
vt 0.910080 0.210324
vt 0.938131 0.180044
f 408/3685/408 407/3686/407 1266/3687/1266
vt 0.938131 0.180044
vt 0.883876 0.180044
vt 0.870656 0.204835
f 1267/3688/1267 1268/3689/1268 408/3690/408
vt 0.926350 0.233678
vt 0.950925 0.182208
vt 0.938131 0.180044
f 409/3691/409 396/3692/396 1269/3693/1269
vt 0.938131 0.180044
vt 0.910080 0.210324
vt 0.926350 0.233678
f 1270/3694/1270 407/3695/407 409/3696/409
vt 0.953341 0.154330
vt 0.937881 0.154296
vt 0.938131 0.180044
f 395/3697/395 1271/3698/1271 1272/3699/1272
vt 0.938131 0.180044
vt 0.950925 0.182208
vt 0.953341 0.154330
f 1273/3700/1273 396/3701/396 395/3702/395
vt 0.788590 0.204835
vt 0.775366 0.180044
vt 0.721111 0.180044
f 413/3703/413 1274/3704/1274 1275/3705/1275
vt 0.721111 0.180044
vt 0.749162 0.210323
vt 0.788590 0.204835
f 1275/3706/1275 412/3707/412 413/3708/413
vt 0.542175 0.085214
vt 0.542104 0.057791
vt 0.545726 0.055068
f 415/3709/415 1276/3710/1276 1277/3711/1277
vt 0.545726 0.055068
vt 0.545726 0.085159
vt 0.542175 0.085214
f 1278/3712/1278 1279/3713/1279 415/3714/415
vt 0.540489 0.054794
vt 0.543379 0.054720
vt 0.545726 0.055068
f 419/3715/419 1280/3716/1280 1281/3717/1281
vt 0.545726 0.055068
vt 0.542104 0.057791
vt 0.540489 0.054794
f 1282/3718/1282 1276/3719/1276 419/3720/419
vt 0.705441 0.154345
vt 0.708291 0.182208
vt 0.721111 0.180044
f 420/3721/420 411/3722/411 1275/3723/1275
vt 0.721111 0.180044
vt 0.720707 0.154303
vt 0.705441 0.154345
f 1275/3724/1275 1283/3725/1283 420/3726/420
vt 0.732899 0.233674
vt 0.749162 0.210323
vt 0.721111 0.180044
f 410/3727/410 412/3728/412 1275/3729/1275
vt 0.721111 0.180044
vt 0.708291 0.182208
vt 0.732899 0.233674
f 1275/3730/1275 411/3731/411 410/3732/410
vt 0.535918 0.021754
vt 0.536337 0.021754
vt 0.536337 0.021756
f 1284/3733/1284 1285/3734/1285 1286/3735/1286
vt 0.536337 0.021756
vt 0.535852 0.022509
vt 0.535918 0.021754
f 1286/3736/1286 1287/3737/1287 1284/3738/1284
vt 0.676371 0.023163
vt 0.676497 0.005411
vt 0.662179 0.005574
f 422/3739/422 1288/3740/1288 1289/3741/1289
vt 0.662179 0.005574
vt 0.662177 0.023443
vt 0.676371 0.023163
f 1290/3742/1290 1291/3743/1291 422/3744/422
vt 0.535730 0.029656
vt 0.535852 0.022509
vt 0.536337 0.021756
f 1292/3745/1292 1287/3746/1287 1286/3747/1286
vt 0.536337 0.021756
vt 0.536337 0.029729
vt 0.535730 0.029656
f 1286/3748/1286 1293/3749/1293 1292/3750/1292
vt 0.535921 0.208254
vt 0.535852 0.207462
vt 0.536337 0.208253
f 1294/3751/1294 1295/3752/1295 1296/3753/1296
vt 0.536337 0.208253
vt 0.536337 0.208254
vt 0.535921 0.208254
f 1296/3754/1296 1297/3755/1297 1294/3756/1294
vt 0.535730 0.199962
vt 0.536337 0.199885
vt 0.536337 0.208253
f 1298/3757/1298 1299/3758/1299 1296/3759/1296
vt 0.536337 0.208253
vt 0.535852 0.207462
vt 0.535730 0.199962
f 1296/3760/1296 1295/3761/1295 1298/3762/1298
vt 0.982184 0.023165
vt 0.997065 0.023443
vt 0.997063 0.005574
f 426/3763/426 1300/3764/1300 1301/3765/1301
vt 0.997063 0.005574
vt 0.982037 0.005404
vt 0.982184 0.023165
f 1302/3766/1302 1303/3767/1303 426/3768/426
vt 0.535211 0.144499
vt 0.536337 0.144499
vt 0.536337 0.174782
f 1304/3769/1304 1305/3770/1305 1306/3771/1306
vt 0.536337 0.174782
vt 0.535232 0.172694
vt 0.535211 0.144499
f 1306/3772/1306 1307/3773/1307 1304/3774/1304
vt 0.882617 0.022939
vt 0.934148 0.022940
vt 0.936961 0.004893
f 434/3775/434 432/3776/432 1308/3777/1308
vt 0.936961 0.004893
vt 0.882584 0.004900
vt 0.882617 0.022939
f 1309/3778/1309 1310/3779/1310 434/3780/434
vt 0.952013 0.023061
vt 0.951986 0.005063
vt 0.936961 0.004893
f 435/3781/435 1311/3782/1311 1312/3783/1312
vt 0.936961 0.004893
vt 0.934148 0.022940
vt 0.952013 0.023061
f 1313/3784/1313 432/3785/432 435/3786/435
vt 0.535408 0.183021
vt 0.535232 0.172694
vt 0.536337 0.174782
f 1314/3787/1314 1307/3788/1307 1306/3789/1306
vt 0.536337 0.174782
vt 0.536337 0.183150
vt 0.535408 0.183021
f 1306/3790/1306 1315/3791/1315 1314/3792/1314
vt 0.773848 0.022953
vt 0.773829 0.004914
vt 0.719451 0.004922
f 439/3793/439 1316/3794/1316 1317/3795/1317
vt 0.719451 0.004922
vt 0.722367 0.022967
vt 0.773848 0.022953
f 1317/3796/1317 437/3797/437 439/3798/439
vt 0.535211 0.083934
vt 0.535232 0.055776
vt 0.536337 0.053650
f 1318/3799/1318 1319/3800/1319 1320/3801/1320
vt 0.536337 0.053650
vt 0.536337 0.083933
vt 0.535211 0.083934
f 1321/3802/1321 1322/3803/1322 1318/3804/1318
vt 0.535408 0.045808
vt 0.536337 0.045677
vt 0.536337 0.053650
f 1323/3805/1323 1324/3806/1324 1325/3807/1325
vt 0.536337 0.053650
vt 0.535232 0.055776
vt 0.535408 0.045808
f 1326/3808/1326 1319/3809/1319 1323/3810/1323
vt 0.705145 0.023074
vt 0.722367 0.022967
vt 0.719451 0.004922
f 438/3811/438 437/3812/437 1317/3813/1317
vt 0.719451 0.004922
vt 0.705133 0.005085
vt 0.705145 0.023074
f 1317/3814/1317 1327/3815/1327 438/3816/438
vt 0.535188 0.084304
vt 0.536337 0.083976
vt 0.536338 0.053676
f 1328/3817/1328 1329/3818/1329 1330/3819/1330
vt 0.536338 0.053676
vt 0.535344 0.056597
vt 0.535188 0.084304
f 1330/3820/1330 1331/3821/1331 1328/3822/1328
vt 0.774130 0.058468
vt 0.722401 0.059031
vt 0.719497 0.077080
f 442/3823/442 444/3824/444 1332/3825/1332
vt 0.719497 0.077080
vt 0.773905 0.077073
vt 0.774130 0.058468
f 1333/3826/1333 1334/3827/1334 442/3828/442
vt 0.705357 0.059102
vt 0.705160 0.077603
vt 0.719497 0.077080
f 445/3829/445 447/3830/447 1335/3831/1335
vt 0.719497 0.077080
vt 0.722401 0.059031
vt 0.705357 0.059102
f 1336/3832/1336 444/3833/444 445/3834/445
vt 0.704408 0.102537
vt 0.719900 0.102821
vt 0.719497 0.077080
f 448/3835/448 1337/3836/1337 1338/3837/1338
vt 0.719497 0.077080
vt 0.705160 0.077603
vt 0.704408 0.102537
f 1339/3838/1339 447/3839/447 448/3840/448
vt 0.536900 0.053966
vt 0.535344 0.056597
vt 0.536338 0.053676
f 440/3841/440 1331/3842/1331 1330/3843/1330
vt 0.536338 0.053676
vt 0.538685 0.054024
vt 0.536900 0.053966
f 1330/3844/1330 1340/3845/1340 440/3846/440
vt 0.535861 0.021752
vt 0.535985 0.021750
vt 0.536337 0.021750
f 1341/3847/1341 1342/3848/1342 1343/3849/1343
vt 0.536337 0.021750
vt 0.536337 0.021752
vt 0.535861 0.021752
f 1343/3850/1343 1344/3851/1344 1341/3852/1341
vt 0.537401 0.021742
vt 0.538684 0.021743
vt 0.536337 0.021750
f 451/3853/451 1345/3854/1345 1343/3855/1343
vt 0.536337 0.021750
vt 0.535985 0.021750
vt 0.537401 0.021742
f 1343/3856/1343 1342/3857/1342 451/3858/451
vt 0.676595 0.101972
vt 0.676513 0.077576
vt 0.662170 0.077051
f 453/3859/453 449/3860/449 1346/3861/1346
vt 0.662170 0.077051
vt 0.662156 0.101687
vt 0.676595 0.101972
f 1347/3862/1347 1348/3863/1348 453/3864/453
vt 0.676503 0.059145
vt 0.662172 0.059182
vt 0.662170 0.077051
f 450/3865/450 1349/3866/1349 1350/3867/1350
vt 0.662170 0.077051
vt 0.676513 0.077576
vt 0.676503 0.059145
f 1351/3868/1351 449/3869/449 450/3870/450
vt 0.535862 0.208257
vt 0.536337 0.208257
vt 0.536337 0.208258
f 1352/3871/1352 1353/3872/1353 1354/3873/1354
vt 0.536337 0.208258
vt 0.535985 0.208259
vt 0.535862 0.208257
f 1354/3874/1354 1355/3875/1355 1352/3876/1352
vt 0.982075 0.059145
vt 0.982093 0.077570
vt 0.997072 0.077051
f 456/3877/456 458/3878/458 1356/3879/1356
vt 0.997072 0.077051
vt 0.997070 0.059182
vt 0.982075 0.059145
f 1357/3880/1357 1358/3881/1358 456/3882/456
vt 0.982160 0.101969
vt 0.997086 0.101687
vt 0.997072 0.077051
f 459/3883/459 1359/3884/1359 1360/3885/1360
vt 0.997072 0.077051
vt 0.982093 0.077570
vt 0.982160 0.101969
f 1361/3886/1361 458/3887/458 459/3888/459
vt 0.537399 0.208266
vt 0.535985 0.208259
vt 0.536337 0.208258
f 454/3889/454 1355/3890/1355 1354/3891/1354
vt 0.536337 0.208258
vt 0.538684 0.208266
vt 0.537399 0.208266
f 1354/3892/1354 1362/3893/1362 454/3894/454
vt 0.882437 0.058453
vt 0.882721 0.077059
vt 0.937129 0.077051
f 463/3895/463 1363/3896/1363 1364/3897/1364
vt 0.937129 0.077051
vt 0.934220 0.059004
vt 0.882437 0.058453
f 1364/3898/1364 462/3899/462 463/3900/463
vt 0.535188 0.144244
vt 0.535343 0.171994
vt 0.536337 0.174876
f 1365/3901/1365 1366/3902/1366 1367/3903/1367
vt 0.536337 0.174876
vt 0.536337 0.144576
vt 0.535188 0.144244
f 1368/3904/1368 1369/3905/1369 1365/3906/1365
vt 0.536897 0.175018
vt 0.538684 0.175015
vt 0.536337 0.174876
f 464/3907/464 1370/3908/1370 1371/3909/1371
vt 0.536337 0.174876
vt 0.535343 0.171994
vt 0.536897 0.175018
f 1372/3910/1372 1366/3911/1366 464/3912/464
vt 0.953348 0.102522
vt 0.952145 0.077582
vt 0.937129 0.077051
f 466/3913/466 461/3914/461 1364/3915/1364
vt 0.937129 0.077051
vt 0.937379 0.102799
vt 0.953348 0.102522
f 1364/3916/1364 1373/3917/1373 466/3918/466
vt 0.951885 0.059089
vt 0.934220 0.059004
vt 0.937129 0.077051
f 460/3919/460 462/3920/462 1364/3921/1364
vt 0.937129 0.077051
vt 0.952145 0.077582
vt 0.951885 0.059089
f 1364/3922/1364 461/3923/461 460/3924/460
vt 0.533535 0.197105
vt 0.531266 0.197498
vt 0.531266 0.204850
f 470/3925/470 469/3926/469 1374/3927/1374
vt 0.531266 0.204850
vt 0.534722 0.204850
vt 0.533535 0.197105
f 1374/3928/1374 1375/3929/1375 470/3930/470
vt 0.853564 0.736054
vt 0.895030 0.727657
vt 0.999714 0.727657
f 471/3931/471 474/3932/474 1376/3933/1376
vt 0.999714 0.727657
vt 0.991727 0.736053
vt 0.853564 0.736054
f 1377/3934/1377 1378/3935/1378 471/3936/471
vt 0.621272 0.738343
vt 0.573124 0.778849
vt 0.580979 0.727657
f 476/3937/476 1379/3938/1379 1380/3939/1380
vt 0.580979 0.727657
vt 0.685663 0.727657
vt 0.621272 0.738343
f 1380/3940/1380 475/3941/475 476/3942/476
vt 0.534058 0.160701
vt 0.534722 0.204850
vt 0.531266 0.204850
f 477/3943/477 480/3944/480 1381/3945/1381
vt 0.531266 0.204850
vt 0.531266 0.160025
vt 0.534058 0.160701
f 1382/3946/1382 1383/3947/1383 477/3948/477
vt 0.533947 0.025549
vt 0.534660 0.029793
vt 0.531266 0.025549
f 488/3949/488 1384/3950/1384 1385/3951/1385
vt 0.531266 0.025549
vt 0.531266 0.025549
vt 0.533947 0.025549
f 1385/3952/1385 1386/3953/1386 488/3954/488
vt 0.534251 0.070071
vt 0.531266 0.070375
vt 0.531266 0.025549
f 1387/3955/1387 1388/3956/1388 1385/3957/1385
vt 0.531266 0.025549
vt 0.534660 0.029793
vt 0.534251 0.070071
f 1385/3958/1385 1384/3959/1384 1387/3960/1387
vt 0.590195 0.859942
vt 0.570686 0.932426
vt 0.549559 0.932426
f 481/3961/481 484/3962/484 1389/3963/1389
vt 0.549559 0.932426
vt 0.557414 0.881234
vt 0.590195 0.859942
f 1390/3964/1390 1391/3965/1391 481/3966/481
vt 0.639664 0.863933
vt 0.656007 0.889630
vt 0.634067 0.932426
f 494/3967/494 1392/3968/1392 1393/3969/1393
vt 0.634067 0.932426
vt 0.612940 0.932426
vt 0.639664 0.863933
f 1393/3970/1393 1394/3971/1394 494/3972/494
vt 0.534297 0.062699
vt 0.534664 0.029093
vt 0.531266 0.025549
f 1395/3973/1395 1396/3974/1396 1397/3975/1397
vt 0.531266 0.025549
vt 0.531266 0.063022
vt 0.534297 0.062699
f 1398/3976/1398 1399/3977/1399 1395/3978/1395
vt 0.533991 0.025549
vt 0.531266 0.025549
vt 0.531266 0.025549
f 490/3979/490 493/3980/493 1400/3981/1400
vt 0.531266 0.025549
vt 0.534664 0.029093
vt 0.533991 0.025549
f 1401/3982/1401 1396/3983/1396 490/3984/490
vt 0.691131 0.754917
vt 0.783310 0.761243
vt 0.721825 0.761243
f 1402/3985/1402 1403/3986/1403 1404/3987/1404
vt 0.721825 0.761243
vt 0.699886 0.804039
vt 0.691131 0.754917
f 1404/3988/1404 1405/3989/1405 1402/3990/1402
vt 0.534891 0.175299
vt 0.534736 0.171908
vt 0.531266 0.175441
f 1406/3991/1406 1407/3992/1407 1408/3993/1408
vt 0.531266 0.175441
vt 0.531266 0.175441
vt 0.534891 0.175299
f 1409/3994/1409 1410/3995/1410 1406/3996/1406
vt 0.534831 0.138646
vt 0.531266 0.137968
vt 0.531266 0.175441
f 1411/3997/1411 1412/3998/1412 1413/3999/1413
vt 0.531266 0.175441
vt 0.534736 0.171908
vt 0.534831 0.138646
f 1414/4000/1414 1407/4001/1407 1411/4002/1411
vt 0.862927 0.752922
vt 0.975752 0.752847
vt 0.967765 0.761243
f 496/4003/496 500/4004/500 1415/4005/1415
vt 0.967765 0.761243
vt 0.906280 0.761243
vt 0.862927 0.752922
f 1415/4006/1415 1416/4007/1416 496/4008/496
vt 0.534028 0.182616
vt 0.534683 0.176131
vt 0.531266 0.175441
f 501/4009/501 1417/4010/1417 1418/4011/1418
vt 0.531266 0.175441
vt 0.531266 0.182793
vt 0.534028 0.182616
f 1419/4012/1419 1420/4013/1420 501/4014/501
vt 0.534639 0.175441
vt 0.531266 0.175441
vt 0.531266 0.175441
f 1421/4015/1421 1422/4016/1422 1423/4017/1423
vt 0.531266 0.175441
vt 0.534683 0.176131
vt 0.534639 0.175441
f 1424/4018/1424 1417/4019/1417 1421/4020/1421
vt 0.853564 0.736054
vt 0.991727 0.736053
vt 0.999714 0.727657
f 503/4021/503 506/4022/506 1425/4023/1425
vt 0.999714 0.727657
vt 0.895030 0.727657
vt 0.853564 0.736054
f 1425/4024/1425 1426/4025/1426 503/4026/503
vt 0.542819 0.197105
vt 0.541633 0.204850
vt 0.545088 0.204850
f 510/4027/510 509/4028/509 1427/4029/1427
vt 0.545088 0.204850
vt 0.545088 0.197498
vt 0.542819 0.197105
f 1428/4030/1428 1429/4031/1429 510/4032/510
vt 0.542297 0.160701
vt 0.545089 0.160025
vt 0.545089 0.204850
f 511/4033/511 1430/4034/1430 1431/4035/1431
vt 0.545089 0.204850
vt 0.541633 0.204850
vt 0.542297 0.160701
f 1431/4036/1431 512/4037/512 511/4038/511
vt 0.621272 0.738343
vt 0.685663 0.727657
vt 0.580979 0.727657
f 516/4039/516 515/4040/515 1432/4041/1432
vt 0.580979 0.727657
vt 0.573124 0.778849
vt 0.621272 0.738343
f 1433/4042/1433 1434/4043/1434 516/4044/516
vt 0.542408 0.025549
vt 0.545089 0.025549
vt 0.545089 0.025549
f 520/4045/520 519/4046/519 1435/4047/1435
vt 0.545089 0.025549
vt 0.541695 0.029793
vt 0.542408 0.025549
f 1435/4048/1435 1436/4049/1436 520/4050/520
vt 0.590195 0.859942
vt 0.557414 0.881234
vt 0.549559 0.932426
f 521/4051/521 1437/4052/1437 1438/4053/1438
vt 0.549559 0.932426
vt 0.570686 0.932426
vt 0.590195 0.859942
f 1439/4054/1439 1440/4055/1440 521/4056/521
vt 0.542104 0.070071
vt 0.541695 0.029793
vt 0.545089 0.025549
f 1441/4057/1441 1436/4058/1436 1435/4059/1435
vt 0.545089 0.025549
vt 0.545089 0.070375
vt 0.542104 0.070071
f 1435/4060/1435 1442/4061/1442 1441/4062/1441
vt 0.542364 0.025549
vt 0.541691 0.029093
vt 0.545089 0.025549
f 530/4063/530 1443/4064/1443 1444/4065/1444
vt 0.545089 0.025549
vt 0.545089 0.025549
vt 0.542364 0.025549
f 1444/4066/1444 1445/4067/1445 530/4068/530
vt 0.542058 0.062699
vt 0.545089 0.063022
vt 0.545089 0.025549
f 1446/4069/1446 1447/4070/1447 1444/4071/1444
vt 0.545089 0.025549
vt 0.541691 0.029093
vt 0.542058 0.062699
f 1444/4072/1444 1443/4073/1443 1446/4074/1446
vt 0.639664 0.863933
vt 0.612940 0.932426
vt 0.634067 0.932426
f 526/4075/526 529/4076/529 1448/4077/1448
vt 0.634067 0.932426
vt 0.656007 0.889630
vt 0.639664 0.863933
f 1449/4078/1449 1450/4079/1450 526/4080/526
vt 0.541524 0.138646
vt 0.541619 0.171908
vt 0.545088 0.175441
f 1451/4081/1451 1452/4082/1452 1453/4083/1453
vt 0.545088 0.175441
vt 0.545089 0.137968
vt 0.541524 0.138646
f 1453/4084/1453 1454/4085/1454 1451/4086/1451
vt 0.541463 0.175299
vt 0.545088 0.175441
vt 0.545088 0.175441
f 1455/4087/1455 1456/4088/1456 1453/4089/1453
vt 0.545088 0.175441
vt 0.541619 0.171908
vt 0.541463 0.175299
f 1453/4090/1453 1452/4091/1452 1455/4092/1455
vt 0.691131 0.754917
vt 0.699886 0.804039
vt 0.721825 0.761243
f 1457/4093/1457 1458/4094/1458 1459/4095/1459
vt 0.721825 0.761243
vt 0.783310 0.761243
vt 0.691131 0.754917
f 1460/4096/1460 1461/4097/1461 1457/4098/1457
vt 0.541716 0.175441
vt 0.541672 0.176131
vt 0.545088 0.175441
f 1462/4099/1462 1463/4100/1463 1464/4101/1464
vt 0.545088 0.175441
vt 0.545088 0.175441
vt 0.541716 0.175441
f 1464/4102/1464 1465/4103/1465 1462/4104/1462
vt 0.542326 0.182616
vt 0.545088 0.182793
vt 0.545088 0.175441
f 534/4105/534 1466/4106/1466 1464/4107/1464
vt 0.545088 0.175441
vt 0.541672 0.176131
vt 0.542326 0.182616
f 1464/4108/1464 1463/4109/1463 534/4110/534
vt 0.862927 0.752922
vt 0.906280 0.761243
vt 0.967765 0.761243
f 532/4111/532 1467/4112/1467 1468/4113/1468
vt 0.967765 0.761243
vt 0.975752 0.752847
vt 0.862927 0.752922
f 1469/4114/1469 533/4115/533 532/4116/532
vt 0.853564 0.736054
vt 0.991727 0.736053
vt 0.999714 0.727657
f 539/4117/539 542/4118/542 1470/4119/1470
vt 0.999714 0.727657
vt 0.895030 0.727657
vt 0.853564 0.736054
f 1470/4120/1470 1471/4121/1471 539/4122/539
vt 0.542549 0.197105
vt 0.541362 0.204850
vt 0.544818 0.204850
f 546/4123/546 545/4124/545 1472/4125/1472
vt 0.544818 0.204850
vt 0.544818 0.197498
vt 0.542549 0.197105
f 1473/4126/1473 1474/4127/1474 546/4128/546
vt 0.542026 0.160701
vt 0.544818 0.160025
vt 0.544818 0.204850
f 547/4129/547 1475/4130/1475 1476/4131/1476
vt 0.544818 0.204850
vt 0.541362 0.204850
vt 0.542026 0.160701
f 1476/4132/1476 548/4133/548 547/4134/547
vt 0.621272 0.738343
vt 0.685663 0.727657
vt 0.580979 0.727657
f 554/4135/554 553/4136/553 1477/4137/1477
vt 0.580979 0.727657
vt 0.573124 0.778849
vt 0.621272 0.738343
f 1478/4138/1478 1479/4139/1479 554/4140/554
vt 0.590195 0.859942
vt 0.557414 0.881234
vt 0.549559 0.932426
f 559/4141/559 1480/4142/1480 1481/4143/1481
vt 0.549559 0.932426
vt 0.570686 0.932426
vt 0.590195 0.859942
f 1481/4144/1481 1482/4145/1482 559/4146/559
vt 0.541833 0.070071
vt 0.541424 0.029793
vt 0.544818 0.025549
f 1483/4147/1483 1484/4148/1484 1485/4149/1485
vt 0.544818 0.025549
vt 0.544818 0.070375
vt 0.541833 0.070071
f 1486/4150/1486 1487/4151/1487 1483/4152/1483
vt 0.542137 0.025549
vt 0.544818 0.025549
vt 0.544818 0.025549
f 558/4153/558 557/4154/557 1488/4155/1488
vt 0.544818 0.025549
vt 0.541424 0.029793
vt 0.542137 0.025549
f 1489/4156/1489 1484/4157/1484 558/4158/558
vt 0.542093 0.025550
vt 0.541420 0.029093
vt 0.544818 0.025549
f 568/4159/568 1490/4160/1490 1491/4161/1491
vt 0.544818 0.025549
vt 0.544818 0.025549
vt 0.542093 0.025550
f 1491/4162/1491 1492/4163/1492 568/4164/568
vt 0.541787 0.062699
vt 0.544818 0.063022
vt 0.544818 0.025549
f 1493/4165/1493 1494/4166/1494 1491/4167/1491
vt 0.544818 0.025549
vt 0.541420 0.029093
vt 0.541787 0.062699
f 1491/4168/1491 1490/4169/1490 1493/4170/1493
vt 0.639664 0.863933
vt 0.612940 0.932426
vt 0.634067 0.932426
f 564/4171/564 567/4172/567 1495/4173/1495
vt 0.634067 0.932426
vt 0.656007 0.889630
vt 0.639664 0.863933
f 1496/4174/1496 1497/4175/1497 564/4176/564
vt 0.541253 0.138646
vt 0.541348 0.171908
vt 0.544818 0.175441
f 1498/4177/1498 1499/4178/1499 1500/4179/1500
vt 0.544818 0.175441
vt 0.544818 0.137968
vt 0.541253 0.138646
f 1500/4180/1500 1501/4181/1501 1498/4182/1498
vt 0.541192 0.175299
vt 0.544818 0.175441
vt 0.544818 0.175441
f 1502/4183/1502 1503/4184/1503 1500/4185/1500
vt 0.544818 0.175441
vt 0.541348 0.171908
vt 0.541192 0.175299
f 1500/4186/1500 1499/4187/1499 1502/4188/1502
vt 0.691131 0.754917
vt 0.699886 0.804039
vt 0.721825 0.761243
f 1504/4189/1504 1505/4190/1505 1506/4191/1506
vt 0.721825 0.761243
vt 0.783310 0.761243
vt 0.691131 0.754917
f 1507/4192/1507 1508/4193/1508 1504/4194/1504
vt 0.541445 0.175441
vt 0.541401 0.176131
vt 0.544818 0.175441
f 1509/4195/1509 1510/4196/1510 1511/4197/1511
vt 0.544818 0.175441
vt 0.544818 0.175441
vt 0.541445 0.175441
f 1511/4198/1511 1512/4199/1512 1509/4200/1509
vt 0.542055 0.182616
vt 0.544818 0.182793
vt 0.544818 0.175441
f 572/4201/572 1513/4202/1513 1511/4203/1511
vt 0.544818 0.175441
vt 0.541401 0.176131
vt 0.542055 0.182616
f 1511/4204/1511 1510/4205/1510 572/4206/572
vt 0.862927 0.752922
vt 0.906280 0.761243
vt 0.967765 0.761243
f 570/4207/570 1514/4208/1514 1515/4209/1515
vt 0.967765 0.761243
vt 0.975752 0.752847
vt 0.862927 0.752922
f 1516/4210/1516 571/4211/571 570/4212/570
vt 0.533264 0.197105
vt 0.530995 0.197498
vt 0.530995 0.204850
f 580/4213/580 579/4214/579 1517/4215/1517
vt 0.530995 0.204850
vt 0.534451 0.204850
vt 0.533264 0.197105
f 1517/4216/1517 1518/4217/1518 580/4218/580
vt 0.853564 0.736054
vt 0.895030 0.727657
vt 0.999714 0.727657
f 581/4219/581 584/4220/584 1519/4221/1519
vt 0.999714 0.727657
vt 0.991727 0.736053
vt 0.853564 0.736054
f 1520/4222/1520 1521/4223/1521 581/4224/581
vt 0.621272 0.738343
vt 0.573124 0.778849
vt 0.580979 0.727657
f 586/4225/586 1522/4226/1522 1523/4227/1523
vt 0.580979 0.727657
vt 0.685663 0.727657
vt 0.621272 0.738343
f 1523/4228/1523 585/4229/585 586/4230/586
vt 0.533787 0.160701
vt 0.534451 0.204850
vt 0.530995 0.204850
f 587/4231/587 588/4232/588 1524/4233/1524
vt 0.530995 0.204850
vt 0.530995 0.160025
vt 0.533787 0.160701
f 1525/4234/1525 1526/4235/1526 587/4236/587
vt 0.590195 0.859942
vt 0.570686 0.932426
vt 0.549559 0.932426
f 589/4237/589 592/4238/592 1527/4239/1527
vt 0.549559 0.932426
vt 0.557414 0.881234
vt 0.590195 0.859942
f 1527/4240/1527 1528/4241/1528 589/4242/589
vt 0.533676 0.025549
vt 0.534389 0.029793
vt 0.530995 0.025549
f 596/4243/596 1529/4244/1529 1530/4245/1530
vt 0.530995 0.025549
vt 0.530995 0.025549
vt 0.533676 0.025549
f 1531/4246/1531 1532/4247/1532 596/4248/596
vt 0.533980 0.070071
vt 0.530995 0.070375
vt 0.530995 0.025549
f 1533/4249/1533 1534/4250/1534 1535/4251/1535
vt 0.530995 0.025549
vt 0.534389 0.029793
vt 0.533980 0.070071
f 1536/4252/1536 1529/4253/1529 1533/4254/1533
vt 0.639664 0.863933
vt 0.656007 0.889630
vt 0.634067 0.932426
f 602/4255/602 1537/4256/1537 1538/4257/1538
vt 0.634067 0.932426
vt 0.612940 0.932426
vt 0.639664 0.863933
f 1538/4258/1538 1539/4259/1539 602/4260/602
vt 0.534026 0.062699
vt 0.534393 0.029093
vt 0.530995 0.025549
f 1540/4261/1540 1541/4262/1541 1542/4263/1542
vt 0.530995 0.025549
vt 0.530995 0.063022
vt 0.534026 0.062699
f 1543/4264/1543 1544/4265/1544 1540/4266/1540
vt 0.533720 0.025549
vt 0.530995 0.025549
vt 0.530995 0.025549
f 598/4267/598 601/4268/601 1545/4269/1545
vt 0.530995 0.025549
vt 0.534393 0.029093
vt 0.533720 0.025549
f 1546/4270/1546 1541/4271/1541 598/4272/598
vt 0.691131 0.754917
vt 0.783310 0.761243
vt 0.721825 0.761243
f 1547/4273/1547 1548/4274/1548 1549/4275/1549
vt 0.721825 0.761243
vt 0.699886 0.804039
vt 0.691131 0.754917
f 1549/4276/1549 1550/4277/1550 1547/4278/1547
vt 0.534621 0.175299
vt 0.534465 0.171908
vt 0.530995 0.175441
f 1551/4279/1551 1552/4280/1552 1553/4281/1553
vt 0.530995 0.175441
vt 0.530995 0.175441
vt 0.534621 0.175299
f 1554/4282/1554 1555/4283/1555 1551/4284/1551
vt 0.534560 0.138646
vt 0.530995 0.137968
vt 0.530995 0.175441
f 1556/4285/1556 1557/4286/1557 1558/4287/1558
vt 0.530995 0.175441
vt 0.534465 0.171908
vt 0.534560 0.138646
f 1559/4288/1559 1552/4289/1552 1556/4290/1556
vt 0.862927 0.752922
vt 0.975752 0.752847
vt 0.967765 0.761243
f 604/4291/604 608/4292/608 1560/4293/1560
vt 0.967765 0.761243
vt 0.906280 0.761243
vt 0.862927 0.752922
f 1560/4294/1560 1561/4295/1561 604/4296/604
vt 0.533758 0.182616
vt 0.534412 0.176131
vt 0.530995 0.175441
f 609/4297/609 1562/4298/1562 1563/4299/1563
vt 0.530995 0.175441
vt 0.530995 0.182793
vt 0.533758 0.182616
f 1564/4300/1564 1565/4301/1565 609/4302/609
vt 0.534368 0.175441
vt 0.530995 0.175441
vt 0.530995 0.175441
f 1566/4303/1566 1567/4304/1567 1568/4305/1568
vt 0.530995 0.175441
vt 0.534412 0.176131
vt 0.534368 0.175441
f 1569/4306/1569 1562/4307/1562 1566/4308/1566
vt 0.534630 0.039266
vt 0.534837 0.035717
vt 0.531681 0.035669
f 1570/4309/1570 1571/4310/1571 1572/4311/1572
vt 0.531681 0.035669
vt 0.531681 0.039207
vt 0.534630 0.039266
f 1572/4312/1572 1573/4313/1573 1570/4314/1570
vt 0.534271 0.032624
vt 0.531681 0.032574
vt 0.531681 0.035669
f 615/4315/615 1574/4316/1574 1572/4317/1572
vt 0.531681 0.035669
vt 0.534837 0.035717
vt 0.534271 0.032624
f 1572/4318/1572 1571/4319/1571 615/4320/615
vt 0.584597 0.982355
vt 0.481608 0.978529
vt 0.447521 0.982892
f 611/4321/611 1575/4322/1575 1576/4323/1576
vt 0.447521 0.982892
vt 0.447355 0.986710
vt 0.584597 0.982355
f 1577/4324/1577 612/4325/612 611/4326/611
vt 0.534815 0.049820
vt 0.534862 0.049492
vt 0.531681 0.049820
f 620/4327/620 1578/4328/1578 1579/4329/1579
vt 0.531681 0.049820
vt 0.531681 0.049820
vt 0.534815 0.049820
f 1579/4330/1579 1580/4331/1580 620/4332/620
vt 0.534591 0.046456
vt 0.531681 0.046282
vt 0.531681 0.049820
f 1581/4333/1581 1582/4334/1582 1579/4335/1579
vt 0.531681 0.049820
vt 0.534862 0.049492
vt 0.534591 0.046456
f 1579/4336/1579 1578/4337/1578 1581/4338/1581
vt 0.679376 0.971706
vt 0.639375 0.965440
vt 0.583871 0.965440
f 1583/4339/1583 1584/4340/1584 1585/4341/1585
vt 0.583871 0.965440
vt 0.549783 0.969803
vt 0.679376 0.971706
f 1586/4342/1586 1587/4343/1587 1583/4344/1583
vt 0.534781 0.055233
vt 0.534873 0.050339
vt 0.531681 0.049820
f 1588/4345/1588 1589/4346/1589 1590/4347/1590
vt 0.531681 0.049820
vt 0.531681 0.055347
vt 0.534781 0.055233
f 1590/4348/1590 1591/4349/1591 1588/4350/1588
vt 0.534843 0.049824
vt 0.531681 0.049820
vt 0.531681 0.049820
f 625/4351/625 1592/4352/1592 1590/4353/1590
vt 0.531681 0.049820
vt 0.534873 0.050339
vt 0.534843 0.049824
f 1590/4354/1590 1589/4355/1589 625/4356/625
vt 0.845472 0.971184
vt 0.816796 0.958622
vt 0.805888 0.965440
f 1593/4357/1593 1594/4358/1594 1595/4359/1595
vt 0.805888 0.965440
vt 0.750384 0.965440
vt 0.845472 0.971184
f 1596/4360/1596 1597/4361/1597 1593/4362/1593
vt 0.534650 0.105795
vt 0.534863 0.074662
vt 0.531681 0.071930
f 1598/4363/1598 1599/4364/1599 1600/4365/1600
vt 0.531681 0.071930
vt 0.531681 0.106421
vt 0.534650 0.105795
f 1600/4366/1600 1601/4367/1601 1598/4368/1598
vt 0.534774 0.066642
vt 0.531681 0.066402
vt 0.531681 0.071930
f 1602/4369/1602 1603/4370/1603 1600/4371/1600
vt 0.531681 0.071930
vt 0.534863 0.074662
vt 0.534774 0.066642
f 1600/4372/1600 1599/4373/1599 1602/4374/1602
vt 0.874188 0.946973
vt 0.853338 0.895629
vt 0.849520 0.938170
f 1604/4375/1604 1605/4376/1605 1606/4377/1606
vt 0.849520 0.938170
vt 0.838612 0.944987
vt 0.874188 0.946973
f 1607/4378/1607 1608/4379/1608 1604/4380/1604
vt 0.534208 0.209895
vt 0.534826 0.206630
vt 0.531681 0.209895
f 633/4381/633 1609/4382/1609 1610/4383/1610
vt 0.531681 0.209895
vt 0.531681 0.209895
vt 0.534208 0.209895
f 1610/4384/1610 1611/4385/1611 633/4386/633
vt 0.534468 0.175621
vt 0.531681 0.175404
vt 0.531681 0.209895
f 1612/4387/1612 1613/4388/1613 1610/4389/1610
vt 0.531681 0.209895
vt 0.534826 0.206630
vt 0.534468 0.175621
f 1610/4390/1610 1609/4391/1609 1612/4392/1612
vt 0.885744 0.842983
vt 0.884153 0.768005
vt 0.864791 0.768005
f 626/4393/626 629/4394/629 1614/4395/1614
vt 0.864791 0.768005
vt 0.860973 0.810546
vt 0.885744 0.842983
f 1615/4396/1615 1616/4397/1616 626/4398/626
vt 0.932850 0.850119
vt 0.955055 0.825545
vt 0.942238 0.768005
f 639/4399/639 1617/4400/1617 1618/4401/1618
vt 0.942238 0.768005
vt 0.922876 0.768005
vt 0.932850 0.850119
f 1618/4402/1618 1619/4403/1619 639/4404/639
vt 0.534478 0.163612
vt 0.534823 0.205482
vt 0.531681 0.209895
f 1620/4405/1620 1621/4406/1621 1622/4407/1622
vt 0.531681 0.209895
vt 0.531681 0.163244
vt 0.534478 0.163612
f 1623/4408/1623 1624/4409/1624 1620/4410/1620
vt 0.534148 0.209895
vt 0.531681 0.209895
vt 0.531681 0.209895
f 635/4411/635 638/4412/638 1625/4413/1625
vt 0.531681 0.209895
vt 0.534823 0.205482
vt 0.534148 0.209895
f 1626/4414/1626 1621/4415/1621 635/4416/635
vt 0.534331 0.069372
vt 0.531681 0.069940
vt 0.531681 0.023288
f 641/4417/641 1627/4418/1627 1628/4419/1628
vt 0.531681 0.023288
vt 0.534880 0.023288
vt 0.534331 0.069372
f 1628/4420/1628 642/4421/642 641/4422/641
vt 0.952142 0.988498
vt 0.856843 0.998164
vt 0.993505 0.998164
f 648/4423/648 647/4424/647 1629/4425/1629
vt 0.993505 0.998164
vt 0.980688 0.940624
vt 0.952142 0.988498
f 1630/4426/1630 1631/4427/1631 648/4428/648
vt 0.638871 0.992055
vt 0.447022 0.994346
vt 0.446856 0.998164
f 649/4429/649 650/4430/650 1632/4431/1632
vt 0.446856 0.998164
vt 0.583518 0.998164
vt 0.638871 0.992055
f 1632/4432/1632 1633/4433/1633 649/4434/649
vt 0.533605 0.026641
vt 0.534880 0.023288
vt 0.531681 0.023288
f 654/4435/654 653/4436/653 1634/4437/1634
vt 0.531681 0.023288
vt 0.531681 0.026383
vt 0.533605 0.026641
f 1635/4438/1635 1636/4439/1636 654/4440/654
vt 0.541527 0.039266
vt 0.544477 0.039207
vt 0.544477 0.035669
f 1637/4441/1637 1638/4442/1638 1639/4443/1639
vt 0.544477 0.035669
vt 0.541321 0.035717
vt 0.541527 0.039266
f 1639/4444/1639 1640/4445/1640 1637/4446/1637
vt 0.584597 0.982355
vt 0.447355 0.986710
vt 0.447521 0.982892
f 659/4447/659 1641/4448/1641 1642/4449/1642
vt 0.447521 0.982892
vt 0.481608 0.978529
vt 0.584597 0.982355
f 1643/4450/1643 1644/4451/1644 659/4452/659
vt 0.541887 0.032624
vt 0.541321 0.035717
vt 0.544477 0.035669
f 655/4453/655 1640/4454/1640 1639/4455/1639
vt 0.544477 0.035669
vt 0.544477 0.032574
vt 0.541887 0.032624
f 1639/4456/1639 656/4457/656 655/4458/655
vt 0.541343 0.049820
vt 0.544477 0.049820
vt 0.544477 0.049820
f 664/4459/664 1645/4460/1645 1646/4461/1646
vt 0.544477 0.049820
vt 0.541295 0.049492
vt 0.541343 0.049820
f 1646/4462/1646 1647/4463/1647 664/4464/664
vt 0.679376 0.971706
vt 0.549783 0.969803
vt 0.583871 0.965440
f 1648/4465/1648 1649/4466/1649 1650/4467/1650
vt 0.583871 0.965440
vt 0.639375 0.965440
vt 0.679376 0.971706
f 1651/4468/1651 1652/4469/1652 1648/4470/1648
vt 0.541566 0.046456
vt 0.541295 0.049492
vt 0.544477 0.049820
f 1653/4471/1653 1647/4472/1647 1646/4473/1646
vt 0.544477 0.049820
vt 0.544477 0.046282
vt 0.541566 0.046456
f 1646/4474/1646 1654/4475/1654 1653/4476/1653
vt 0.541377 0.055233
vt 0.544477 0.055347
vt 0.544477 0.049820
f 1655/4477/1655 1656/4478/1656 1657/4479/1657
vt 0.544477 0.049820
vt 0.541285 0.050339
vt 0.541377 0.055233
f 1657/4480/1657 1658/4481/1658 1655/4482/1655
vt 0.845472 0.971184
vt 0.750384 0.965440
vt 0.805888 0.965440
f 1659/4483/1659 1660/4484/1660 1661/4485/1661
vt 0.805888 0.965440
vt 0.816796 0.958622
vt 0.845472 0.971184
f 1662/4486/1662 1663/4487/1663 1659/4488/1659
vt 0.541315 0.049824
vt 0.541285 0.050339
vt 0.544477 0.049820
f 666/4489/666 1658/4490/1658 1657/4491/1657
vt 0.544477 0.049820
vt 0.544477 0.049820
vt 0.541315 0.049824
f 1657/4492/1657 1664/4493/1664 666/4494/666
vt 0.541508 0.105795
vt 0.544477 0.106421
vt 0.544477 0.071930
f 1665/4495/1665 1666/4496/1666 1667/4497/1667
vt 0.544477 0.071930
vt 0.541295 0.074662
vt 0.541508 0.105795
f 1667/4498/1667 1668/4499/1668 1665/4500/1665
vt 0.874188 0.946973
vt 0.838612 0.944987
vt 0.849520 0.938170
f 1669/4501/1669 1670/4502/1670 1671/4503/1671
vt 0.849520 0.938170
vt 0.853338 0.895629
vt 0.874188 0.946973
f 1672/4504/1672 1673/4505/1673 1669/4506/1669
vt 0.541384 0.066642
vt 0.541295 0.074662
vt 0.544477 0.071930
f 1674/4507/1674 1668/4508/1668 1667/4509/1667
vt 0.544477 0.071930
vt 0.544477 0.066402
vt 0.541384 0.066642
f 1667/4510/1667 1675/4511/1675 1674/4512/1674
vt 0.541950 0.209895
vt 0.544477 0.209895
vt 0.544477 0.209895
f 670/4513/670 669/4514/669 1676/4515/1676
vt 0.544477 0.209895
vt 0.541332 0.206630
vt 0.541950 0.209895
f 1676/4516/1676 1677/4517/1677 670/4518/670
vt 0.885744 0.842983
vt 0.860973 0.810546
vt 0.864791 0.768005
f 671/4519/671 1678/4520/1678 1679/4521/1679
vt 0.864791 0.768005
vt 0.884153 0.768005
vt 0.885744 0.842983
f 1680/4522/1680 1681/4523/1681 671/4524/671
vt 0.541690 0.175621
vt 0.541332 0.206630
vt 0.544477 0.209895
f 1682/4525/1682 1677/4526/1677 1676/4527/1676
vt 0.544477 0.209895
vt 0.544477 0.175404
vt 0.541690 0.175621
f 1676/4528/1676 1683/4529/1683 1682/4530/1682
vt 0.542010 0.209895
vt 0.541335 0.205482
vt 0.544477 0.209895
f 680/4531/680 1684/4532/1684 1685/4533/1685
vt 0.544477 0.209895
vt 0.544477 0.209895
vt 0.542010 0.209895
f 1685/4534/1685 1686/4535/1686 680/4536/680
vt 0.541680 0.163612
vt 0.544477 0.163244
vt 0.544477 0.209895
f 1687/4537/1687 1688/4538/1688 1685/4539/1685
vt 0.544477 0.209895
vt 0.541335 0.205482
vt 0.541680 0.163612
f 1685/4540/1685 1684/4541/1684 1687/4542/1687
vt 0.932850 0.850119
vt 0.922876 0.768005
vt 0.942238 0.768005
f 676/4543/676 679/4544/679 1689/4545/1689
vt 0.942238 0.768005
vt 0.955055 0.825545
vt 0.932850 0.850119
f 1690/4546/1690 1691/4547/1691 676/4548/676
vt 0.952142 0.988498
vt 0.980688 0.940624
vt 0.993505 0.998164
f 685/4549/685 1692/4550/1692 1693/4551/1693
vt 0.993505 0.998164
vt 0.856843 0.998164
vt 0.952142 0.988498
f 1693/4552/1693 682/4553/682 685/4554/685
vt 0.541828 0.069372
vt 0.541278 0.023288
vt 0.544477 0.023288
f 686/4555/686 687/4556/687 1694/4557/1694
vt 0.544477 0.023288
vt 0.544477 0.069940
vt 0.541828 0.069372
f 1695/4558/1695 1696/4559/1696 686/4560/686
vt 0.542553 0.026641
vt 0.544477 0.026383
vt 0.544477 0.023288
f 689/4561/689 688/4562/688 1697/4563/1697
vt 0.544477 0.023288
vt 0.541278 0.023288
vt 0.542553 0.026641
f 1697/4564/1697 1698/4565/1698 689/4566/689
vt 0.638871 0.992055
vt 0.583518 0.998164
vt 0.446856 0.998164
f 690/4567/690 691/4568/691 1699/4569/1699
vt 0.446856 0.998164
vt 0.447022 0.994346
vt 0.638871 0.992055
f 1700/4570/1700 1701/4571/1701 690/4572/690
vt 0.584597 0.982355
vt 0.447355 0.986710
vt 0.447521 0.982892
f 692/4573/692 695/4574/695 1702/4575/1702
vt 0.447521 0.982892
vt 0.481608 0.978529
vt 0.584597 0.982355
f 1702/4576/1702 1703/4577/1703 692/4578/692
vt 0.541636 0.032624
vt 0.541070 0.035717
vt 0.544226 0.035669
f 696/4579/696 1704/4580/1704 1705/4581/1705
vt 0.544226 0.035669
vt 0.544226 0.032574
vt 0.541636 0.032624
f 1706/4582/1706 1707/4583/1707 696/4584/696
vt 0.541277 0.039266
vt 0.544226 0.039207
vt 0.544226 0.035669
f 1708/4585/1708 1709/4586/1709 1710/4587/1710
vt 0.544226 0.035669
vt 0.541070 0.035717
vt 0.541277 0.039266
f 1711/4588/1711 1704/4589/1704 1708/4590/1708
vt 0.679376 0.971706
vt 0.549783 0.969803
vt 0.583871 0.965440
f 1712/4591/1712 1713/4592/1713 1714/4593/1714
vt 0.583871 0.965440
vt 0.639375 0.965440
vt 0.679376 0.971706
f 1714/4594/1714 1715/4595/1715 1712/4596/1712
vt 0.541316 0.046456
vt 0.541045 0.049492
vt 0.544226 0.049820
f 1716/4597/1716 1717/4598/1717 1718/4599/1718
vt 0.544226 0.049820
vt 0.544226 0.046282
vt 0.541316 0.046456
f 1719/4600/1719 1720/4601/1720 1716/4602/1716
vt 0.541092 0.049820
vt 0.544226 0.049820
vt 0.544226 0.049820
f 701/4603/701 1721/4604/1721 1722/4605/1722
vt 0.544226 0.049820
vt 0.541045 0.049492
vt 0.541092 0.049820
f 1723/4606/1723 1717/4607/1717 701/4608/701
vt 0.845472 0.971184
vt 0.750384 0.965440
vt 0.805888 0.965440
f 1724/4609/1724 1725/4610/1725 1726/4611/1726
vt 0.805888 0.965440
vt 0.816796 0.958622
vt 0.845472 0.971184
f 1726/4612/1726 1727/4613/1727 1724/4614/1724
vt 0.541064 0.049824
vt 0.541034 0.050339
vt 0.544226 0.049820
f 706/4615/706 1728/4616/1728 1729/4617/1729
vt 0.544226 0.049820
vt 0.544226 0.049820
vt 0.541064 0.049824
f 1730/4618/1730 1731/4619/1731 706/4620/706
vt 0.541126 0.055233
vt 0.544226 0.055347
vt 0.544226 0.049820
f 1732/4621/1732 1733/4622/1733 1734/4623/1734
vt 0.544226 0.049820
vt 0.541034 0.050339
vt 0.541126 0.055233
f 1735/4624/1735 1728/4625/1728 1732/4626/1732
vt 0.874188 0.946973
vt 0.838612 0.944987
vt 0.849520 0.938170
f 1736/4627/1736 1737/4628/1737 1738/4629/1738
vt 0.849520 0.938170
vt 0.853338 0.895629
vt 0.874188 0.946973
f 1738/4630/1738 1739/4631/1739 1736/4632/1736
vt 0.541133 0.066642
vt 0.541044 0.074662
vt 0.544226 0.071930
f 1740/4633/1740 1741/4634/1741 1742/4635/1742
vt 0.544226 0.071930
vt 0.544226 0.066402
vt 0.541133 0.066642
f 1743/4636/1743 1744/4637/1744 1740/4638/1740
vt 0.541258 0.105795
vt 0.544226 0.106421
vt 0.544226 0.071930
f 1745/4639/1745 1746/4640/1746 1747/4641/1747
vt 0.544226 0.071930
vt 0.541044 0.074662
vt 0.541258 0.105795
f 1748/4642/1748 1741/4643/1741 1745/4644/1745
vt 0.885744 0.842983
vt 0.860973 0.810546
vt 0.864791 0.768005
f 711/4645/711 1749/4646/1749 1750/4647/1750
vt 0.864791 0.768005
vt 0.884153 0.768005
vt 0.885744 0.842983
f 1750/4648/1750 1751/4649/1751 711/4650/711
vt 0.541440 0.175621
vt 0.541081 0.206630
vt 0.544226 0.209895
f 1752/4651/1752 1753/4652/1753 1754/4653/1754
vt 0.544226 0.209895
vt 0.544226 0.175404
vt 0.541440 0.175621
f 1755/4654/1755 1756/4655/1756 1752/4656/1752
vt 0.541699 0.209895
vt 0.544226 0.209895
vt 0.544226 0.209895
f 710/4657/710 709/4658/709 1757/4659/1757
vt 0.544226 0.209895
vt 0.541081 0.206630
vt 0.541699 0.209895
f 1758/4660/1758 1753/4661/1753 710/4662/710
vt 0.541760 0.209895
vt 0.541084 0.205482
vt 0.544226 0.209895
f 720/4663/720 1759/4664/1759 1760/4665/1760
vt 0.544226 0.209895
vt 0.544226 0.209895
vt 0.541760 0.209895
f 1760/4666/1760 1761/4667/1761 720/4668/720
vt 0.541429 0.163612
vt 0.544226 0.163244
vt 0.544226 0.209895
f 1762/4669/1762 1763/4670/1763 1760/4671/1760
vt 0.544226 0.209895
vt 0.541084 0.205482
vt 0.541429 0.163612
f 1760/4672/1760 1759/4673/1759 1762/4674/1762
vt 0.932850 0.850119
vt 0.922876 0.768005
vt 0.942238 0.768005
f 716/4675/716 719/4676/719 1764/4677/1764
vt 0.942238 0.768005
vt 0.955055 0.825545
vt 0.932850 0.850119
f 1765/4678/1765 1766/4679/1766 716/4680/716
vt 0.952142 0.988498
vt 0.980688 0.940624
vt 0.993505 0.998164
f 725/4681/725 1767/4682/1767 1768/4683/1768
vt 0.993505 0.998164
vt 0.856843 0.998164
vt 0.952142 0.988498
f 1768/4684/1768 722/4685/722 725/4686/725
vt 0.541577 0.069372
vt 0.541027 0.023288
vt 0.544226 0.023288
f 726/4687/726 729/4688/729 1769/4689/1769
vt 0.544226 0.023288
vt 0.544226 0.069940
vt 0.541577 0.069372
f 1770/4690/1770 1771/4691/1771 726/4692/726
vt 0.542302 0.026641
vt 0.544226 0.026383
vt 0.544226 0.023288
f 732/4693/732 731/4694/731 1772/4695/1772
vt 0.544226 0.023288
vt 0.541027 0.023288
vt 0.542302 0.026641
f 1772/4696/1772 1773/4697/1773 732/4698/732
vt 0.638871 0.992055
vt 0.583518 0.998164
vt 0.446856 0.998164
f 733/4699/733 734/4700/734 1774/4701/1774
vt 0.446856 0.998164
vt 0.447022 0.994346
vt 0.638871 0.992055
f 1775/4702/1775 1776/4703/1776 733/4704/733
vt 0.584597 0.982355
vt 0.481608 0.978529
vt 0.447521 0.982892
f 739/4705/739 1777/4706/1777 1778/4707/1778
vt 0.447521 0.982892
vt 0.447355 0.986710
vt 0.584597 0.982355
f 1778/4708/1778 1779/4709/1779 739/4710/739
vt 0.534380 0.039266
vt 0.534586 0.035717
vt 0.531430 0.035669
f 1780/4711/1780 1781/4712/1781 1782/4713/1782
vt 0.531430 0.035669
vt 0.531430 0.039207
vt 0.534380 0.039266
f 1783/4714/1783 1784/4715/1784 1780/4716/1780
vt 0.534020 0.032624
vt 0.531430 0.032574
vt 0.531430 0.035669
f 735/4717/735 738/4718/738 1785/4719/1785
vt 0.531430 0.035669
vt 0.534586 0.035717
vt 0.534020 0.032624
f 1786/4720/1786 1781/4721/1781 735/4722/735
vt 0.679376 0.971706
vt 0.639375 0.965440
vt 0.583871 0.965440
f 1787/4723/1787 1788/4724/1788 1789/4725/1789
vt 0.583871 0.965440
vt 0.549783 0.969803
vt 0.679376 0.971706
f 1789/4726/1789 1790/4727/1790 1787/4728/1787
vt 0.534564 0.049820
vt 0.534612 0.049492
vt 0.531431 0.049820
f 744/4729/744 1791/4730/1791 1792/4731/1792
vt 0.531431 0.049820
vt 0.531431 0.049820
vt 0.534564 0.049820
f 1793/4732/1793 1794/4733/1794 744/4734/744
vt 0.534341 0.046456
vt 0.531431 0.046282
vt 0.531431 0.049820
f 1795/4735/1795 1796/4736/1796 1797/4737/1797
vt 0.531431 0.049820
vt 0.534612 0.049492
vt 0.534341 0.046456
f 1798/4738/1798 1791/4739/1791 1795/4740/1795
vt 0.845472 0.971184
vt 0.816796 0.958622
vt 0.805888 0.965440
f 1799/4741/1799 1800/4742/1800 1801/4743/1801
vt 0.805888 0.965440
vt 0.750384 0.965440
vt 0.845472 0.971184
f 1801/4744/1801 1802/4745/1802 1799/4746/1799
vt 0.534531 0.055233
vt 0.534623 0.050339
vt 0.531431 0.049820
f 1803/4747/1803 1804/4748/1804 1805/4749/1805
vt 0.531431 0.049820
vt 0.531431 0.055347
vt 0.534531 0.055233
f 1806/4750/1806 1807/4751/1807 1803/4752/1803
vt 0.534592 0.049824
vt 0.531431 0.049820
vt 0.531431 0.049820
f 746/4753/746 1808/4754/1808 1809/4755/1809
vt 0.531431 0.049820
vt 0.534623 0.050339
vt 0.534592 0.049824
f 1810/4756/1810 1804/4757/1804 746/4758/746
vt 0.874188 0.946973
vt 0.853338 0.895629
vt 0.849520 0.938170
f 1811/4759/1811 1812/4760/1812 1813/4761/1813
vt 0.849520 0.938170
vt 0.838612 0.944987
vt 0.874188 0.946973
f 1813/4762/1813 1814/4763/1814 1811/4764/1811
vt 0.534399 0.105796
vt 0.534613 0.074662
vt 0.531431 0.071930
f 1815/4765/1815 1816/4766/1816 1817/4767/1817
vt 0.531431 0.071930
vt 0.531431 0.106421
vt 0.534399 0.105796
f 1818/4768/1818 1819/4769/1819 1815/4770/1815
vt 0.534524 0.066642
vt 0.531431 0.066402
vt 0.531431 0.071930
f 1820/4771/1820 1821/4772/1821 1822/4773/1822
vt 0.531431 0.071930
vt 0.534613 0.074662
vt 0.534524 0.066642
f 1823/4774/1823 1816/4775/1816 1820/4776/1820
vt 0.885744 0.842983
vt 0.884153 0.768005
vt 0.864791 0.768005
f 747/4777/747 750/4778/750 1824/4779/1824
vt 0.864791 0.768005
vt 0.860973 0.810546
vt 0.885744 0.842983
f 1824/4780/1824 1825/4781/1825 747/4782/747
vt 0.533958 0.209895
vt 0.534575 0.206630
vt 0.531431 0.209895
f 754/4783/754 1826/4784/1826 1827/4785/1827
vt 0.531431 0.209895
vt 0.531431 0.209895
vt 0.533958 0.209895
f 1828/4786/1828 1829/4787/1829 754/4788/754
vt 0.534217 0.175621
vt 0.531431 0.175404
vt 0.531431 0.209895
f 1830/4789/1830 1831/4790/1831 1832/4791/1832
vt 0.531431 0.209895
vt 0.534575 0.206630
vt 0.534217 0.175621
f 1833/4792/1833 1826/4793/1826 1830/4794/1830
vt 0.932850 0.850119
vt 0.955055 0.825545
vt 0.942238 0.768005
f 760/4795/760 1834/4796/1834 1835/4797/1835
vt 0.942238 0.768005
vt 0.922876 0.768005
vt 0.932850 0.850119
f 1835/4798/1835 1836/4799/1836 760/4800/760
vt 0.534227 0.163612
vt 0.534573 0.205482
vt 0.531431 0.209895
f 1837/4801/1837 1838/4802/1838 1839/4803/1839
vt 0.531431 0.209895
vt 0.531431 0.163244
vt 0.534227 0.163612
f 1840/4804/1840 1841/4805/1841 1837/4806/1837
vt 0.533897 0.209895
vt 0.531431 0.209895
vt 0.531431 0.209895
f 756/4807/756 759/4808/759 1842/4809/1842
vt 0.531431 0.209895
vt 0.534573 0.205482
vt 0.533897 0.209895
f 1843/4810/1843 1838/4811/1838 756/4812/756
vt 0.534080 0.069372
vt 0.531431 0.069940
vt 0.531431 0.023288
f 762/4813/762 1844/4814/1844 1845/4815/1845
vt 0.531431 0.023288
vt 0.534630 0.023288
vt 0.534080 0.069372
f 1845/4816/1845 763/4817/763 762/4818/762
vt 0.952142 0.988498
vt 0.856843 0.998164
vt 0.993505 0.998164
f 767/4819/767 766/4820/766 1846/4821/1846
vt 0.993505 0.998164
vt 0.980688 0.940624
vt 0.952142 0.988498
f 1847/4822/1847 1848/4823/1848 767/4824/767
vt 0.638871 0.992055
vt 0.447022 0.994346
vt 0.446856 0.998164
f 768/4825/768 771/4826/771 1849/4827/1849
vt 0.446856 0.998164
vt 0.583518 0.998164
vt 0.638871 0.992055
f 1849/4828/1849 1850/4829/1850 768/4830/768
vt 0.533354 0.026641
vt 0.534629 0.023288
vt 0.531430 0.023288
f 775/4831/775 774/4832/774 1851/4833/1851
vt 0.531430 0.023288
vt 0.531430 0.026383
vt 0.533354 0.026641
f 1852/4834/1852 1853/4835/1853 775/4836/775
vt 0.076319 0.872057
vt 0.082963 0.952578
vt 0.048816 0.940207
f 776/4837/776 779/4838/779 1854/4839/1854
vt 0.048816 0.940207
vt 0.042328 0.864414
vt 0.076319 0.872057
f 1854/4840/1854 1855/4841/1855 776/4842/776
vt 0.536666 0.055934
vt 0.536876 0.038109
vt 0.535870 0.036613
f 780/4843/780 1856/4844/1856 1857/4845/1857
vt 0.535870 0.036613
vt 0.535870 0.056211
vt 0.536666 0.055934
f 1858/4846/1858 1859/4847/1859 780/4848/780
vt 0.536476 0.032928
vt 0.534832 0.032889
vt 0.535870 0.036613
f 1860/4849/1860 1861/4850/1861 1862/4851/1862
vt 0.535870 0.036613
vt 0.536876 0.038109
vt 0.536476 0.032928
f 1863/4852/1863 1856/4853/1856 1860/4854/1860
vt 0.536476 0.197081
vt 0.536876 0.191899
vt 0.535870 0.193396
f 1864/4855/1864 1865/4856/1865 1866/4857/1866
vt 0.535870 0.193396
vt 0.534832 0.197119
vt 0.536476 0.197081
f 1866/4858/1866 1867/4859/1867 1864/4860/1864
vt 0.536666 0.174075
vt 0.535870 0.173798
vt 0.535870 0.193396
f 800/4861/800 1868/4862/1868 1866/4863/1866
vt 0.535870 0.193396
vt 0.536876 0.191899
vt 0.536666 0.174075
f 1866/4864/1866 1865/4865/1865 800/4866/800
vt 0.294483 0.872071
vt 0.328478 0.864414
vt 0.321990 0.940207
f 797/4867/797 1869/4868/1869 1870/4869/1870
vt 0.321990 0.940207
vt 0.287843 0.952578
vt 0.294483 0.872071
f 1871/4870/1871 798/4871/798 797/4872/797
vt 0.037325 0.613758
vt 0.038848 0.641889
vt 0.022864 0.637035
f 811/4873/811 809/4874/809 1872/4875/1872
vt 0.022864 0.637035
vt 0.022878 0.612917
vt 0.037325 0.613758
f 1872/4876/1872 1873/4877/1873 811/4878/811
vt 0.053937 0.714348
vt 0.029352 0.712828
vt 0.022864 0.637035
f 812/4879/812 1874/4880/1874 1872/4881/1872
vt 0.022864 0.637035
vt 0.038848 0.641889
vt 0.053937 0.714348
f 1872/4882/1872 809/4883/809 812/4884/812
vt 0.535550 0.025474
vt 0.535178 0.021991
vt 0.531720 0.021719
f 813/4885/813 805/4886/805 1875/4887/1875
vt 0.531720 0.021719
vt 0.532757 0.025442
vt 0.535550 0.025474
f 1876/4888/1876 1877/4889/1877 813/4890/813
vt 0.535113 0.021766
vt 0.532409 0.021727
vt 0.531720 0.021719
f 804/4891/804 1878/4892/1878 1879/4893/1879
vt 0.531720 0.021719
vt 0.535178 0.021991
vt 0.535113 0.021766
f 1880/4894/1880 805/4895/805 804/4896/804
vt 0.145590 0.665678
vt 0.107331 0.671051
vt 0.080112 0.641389
f 818/4897/818 817/4898/817 1881/4899/1881
vt 0.080112 0.641389
vt 0.132757 0.641389
vt 0.145590 0.665678
f 1881/4900/1881 1882/4901/1882 818/4902/818
vt 0.091547 0.693903
vt 0.067670 0.643508
vt 0.080112 0.641389
f 819/4903/819 820/4904/820 1881/4905/1881
vt 0.080112 0.641389
vt 0.107331 0.671051
vt 0.091547 0.693903
f 1881/4906/1881 817/4907/817 819/4908/819
vt 0.064877 0.616256
vt 0.079720 0.616189
vt 0.080112 0.641389
f 821/4909/821 1883/4910/1883 1881/4911/1881
vt 0.080112 0.641389
vt 0.067670 0.643508
vt 0.064877 0.616256
f 1881/4912/1881 820/4913/820 821/4914/821
vt 0.534689 0.054622
vt 0.535214 0.057548
vt 0.531817 0.054575
f 824/4915/824 1884/4916/1884 1885/4917/1885
vt 0.531817 0.054575
vt 0.531817 0.054350
vt 0.534689 0.054622
f 1886/4918/1886 1887/4919/1887 824/4920/824
vt 0.535357 0.084969
vt 0.531817 0.084790
vt 0.531817 0.054575
f 815/4921/815 1888/4922/1888 1889/4923/1889
vt 0.531817 0.054575
vt 0.535214 0.057548
vt 0.535357 0.084969
f 1890/4924/1890 1884/4925/1884 815/4926/815
vt 0.333324 0.613728
vt 0.347928 0.612917
vt 0.347941 0.637035
f 830/4927/830 1891/4928/1891 1892/4929/1892
vt 0.347941 0.637035
vt 0.331938 0.641889
vt 0.333324 0.613728
f 1892/4930/1892 827/4931/827 830/4932/830
vt 0.535113 0.208243
vt 0.535178 0.208018
vt 0.531720 0.208290
f 831/4933/831 833/4934/833 1893/4935/1893
vt 0.531720 0.208290
vt 0.532409 0.208282
vt 0.535113 0.208243
f 1894/4936/1894 1895/4937/1895 831/4938/831
vt 0.535551 0.204535
vt 0.532757 0.204566
vt 0.531720 0.208290
f 834/4939/834 1896/4940/1896 1897/4941/1897
vt 0.531720 0.208290
vt 0.535178 0.208018
vt 0.535551 0.204535
f 1898/4942/1898 833/4943/833 834/4944/834
vt 0.316861 0.714359
vt 0.331938 0.641889
vt 0.347941 0.637035
f 825/4945/825 827/4946/827 1892/4947/1892
vt 0.347941 0.637035
vt 0.341453 0.712828
vt 0.316861 0.714359
f 1892/4948/1892 1899/4949/1899 825/4950/825
vt 0.305481 0.616242
vt 0.303110 0.643509
vt 0.290694 0.641389
f 837/4951/837 839/4952/839 1900/4953/1900
vt 0.290694 0.641389
vt 0.290450 0.616182
vt 0.305481 0.616242
f 1900/4954/1900 1901/4955/1901 837/4956/837
vt 0.279262 0.693913
vt 0.263475 0.671051
vt 0.290694 0.641389
f 840/4957/840 841/4958/841 1900/4959/1900
vt 0.290694 0.641389
vt 0.303110 0.643509
vt 0.279262 0.693913
f 1900/4960/1900 839/4961/839 840/4962/840
vt 0.225220 0.665678
vt 0.238048 0.641389
vt 0.290694 0.641389
f 842/4963/842 1902/4964/1902 1900/4965/1900
vt 0.290694 0.641389
vt 0.263475 0.671051
vt 0.225220 0.665678
f 1900/4966/1900 841/4967/841 842/4968/842
vt 0.535357 0.145037
vt 0.535214 0.172530
vt 0.531817 0.175434
f 843/4969/843 1903/4970/1903 1904/4971/1904
vt 0.531817 0.175434
vt 0.531817 0.145219
vt 0.535357 0.145037
f 1905/4972/1905 1906/4973/1906 843/4974/843
vt 0.534687 0.175069
vt 0.531817 0.175294
vt 0.531817 0.175434
f 836/4975/836 1907/4976/1907 1908/4977/1908
vt 0.531817 0.175434
vt 0.535214 0.172530
vt 0.534687 0.175069
f 1909/4978/1909 1903/4979/1903 836/4980/836
vt 0.534892 0.021754
vt 0.534899 0.022509
vt 0.534477 0.021756
f 1910/4981/1910 1911/4982/1911 1912/4983/1912
vt 0.534477 0.021756
vt 0.534477 0.021754
vt 0.534892 0.021754
f 1912/4984/1912 1913/4985/1913 1910/4986/1910
vt 0.534425 0.029653
vt 0.533812 0.029729
vt 0.534477 0.021756
f 1914/4987/1914 1915/4988/1915 1912/4989/1912
vt 0.534477 0.021756
vt 0.534899 0.022509
vt 0.534425 0.029653
f 1912/4990/1912 1911/4991/1911 1914/4992/1914
vt 0.036697 0.485099
vt 0.022927 0.485379
vt 0.022929 0.466985
f 844/4993/844 1916/4994/1916 1917/4995/1917
vt 0.022929 0.466985
vt 0.036822 0.466825
vt 0.036697 0.485099
f 1918/4996/1918 1919/4997/1919 844/4998/844
vt 0.131284 0.484899
vt 0.081331 0.484913
vt 0.078501 0.466346
f 852/4999/852 850/5000/850 1920/5001/1920
vt 0.078501 0.466346
vt 0.131266 0.466339
vt 0.131284 0.484899
f 1920/5002/1920 1921/5003/1921 852/5004/852
vt 0.064621 0.485024
vt 0.064608 0.466506
vt 0.078501 0.466346
f 853/5005/853 1922/5006/1922 1920/5007/1920
vt 0.078501 0.466346
vt 0.081331 0.484913
vt 0.064621 0.485024
f 1920/5008/1920 850/5009/850 853/5010/853
vt 0.533415 0.045806
vt 0.532985 0.055776
vt 0.531817 0.053650
f 1923/5011/1923 1924/5012/1924 1925/5013/1925
vt 0.531817 0.053650
vt 0.532482 0.045677
vt 0.533415 0.045806
f 1926/5014/1926 1927/5015/1927 1923/5016/1923
vt 0.532943 0.083934
vt 0.531817 0.083933
vt 0.531817 0.053650
f 1928/5017/1928 1929/5018/1929 1930/5019/1930
vt 0.531817 0.053650
vt 0.532985 0.055776
vt 0.532943 0.083934
f 1931/5020/1931 1924/5021/1924 1928/5022/1928
vt 0.333441 0.485092
vt 0.333297 0.466818
vt 0.347877 0.466985
f 854/5023/854 1932/5024/1932 1933/5025/1933
vt 0.347877 0.466985
vt 0.347879 0.485379
vt 0.333441 0.485092
f 1933/5026/1933 1934/5027/1934 854/5028/854
vt 0.534425 0.199965
vt 0.534899 0.207462
vt 0.534477 0.208253
f 1935/5029/1935 1936/5030/1936 1937/5031/1937
vt 0.534477 0.208253
vt 0.533812 0.199885
vt 0.534425 0.199965
f 1938/5032/1938 1939/5033/1939 1935/5034/1935
vt 0.534889 0.208254
vt 0.534477 0.208254
vt 0.534477 0.208253
f 1940/5035/1940 1941/5036/1941 1942/5037/1942
vt 0.534477 0.208253
vt 0.534899 0.207462
vt 0.534889 0.208254
f 1943/5038/1943 1936/5039/1936 1940/5040/1940
vt 0.236826 0.484885
vt 0.236794 0.466325
vt 0.289558 0.466318
f 861/5041/861 1944/5042/1944 1945/5043/1945
vt 0.289558 0.466318
vt 0.286828 0.484887
vt 0.236826 0.484885
f 1945/5044/1945 859/5045/859 861/5046/861
vt 0.532943 0.144499
vt 0.532985 0.172694
vt 0.531817 0.174782
f 1946/5047/1946 1947/5048/1947 1948/5049/1948
vt 0.531817 0.174782
vt 0.531817 0.144499
vt 0.532943 0.144499
f 1949/5050/1949 1950/5051/1950 1946/5052/1946
vt 0.533415 0.183023
vt 0.532482 0.183150
vt 0.531817 0.174782
f 1951/5053/1951 1952/5054/1952 1953/5055/1953
vt 0.531817 0.174782
vt 0.532985 0.172694
vt 0.533415 0.183023
f 1954/5056/1954 1947/5057/1947 1951/5058/1951
vt 0.304163 0.485003
vt 0.286828 0.484887
vt 0.289558 0.466318
f 860/5059/860 859/5060/859 1945/5061/1945
vt 0.289558 0.466318
vt 0.304138 0.466485
vt 0.304163 0.485003
f 1945/5062/1945 1955/5063/1955 860/5064/860
vt 0.036831 0.522137
vt 0.036836 0.541011
vt 0.022920 0.540562
f 864/5065/864 863/5066/863 1956/5067/1956
vt 0.022920 0.540562
vt 0.022922 0.522168
vt 0.036831 0.522137
f 1956/5068/1956 1957/5069/1957 864/5070/864
vt 0.036911 0.564968
vt 0.022906 0.564680
vt 0.022920 0.540562
f 865/5071/865 1958/5072/1958 1956/5073/1956
vt 0.022920 0.540562
vt 0.036836 0.541011
vt 0.036911 0.564968
f 1956/5074/1956 863/5075/863 865/5076/865
vt 0.535080 0.021742
vt 0.534987 0.021750
vt 0.534477 0.021750
f 866/5077/866 1959/5078/1959 1960/5079/1960
vt 0.534477 0.021750
vt 0.533788 0.021743
vt 0.535080 0.021742
f 1961/5080/1961 1962/5081/1962 866/5082/866
vt 0.534952 0.021752
vt 0.534477 0.021752
vt 0.534477 0.021750
f 1963/5083/1963 1964/5084/1964 1965/5085/1965
vt 0.534477 0.021750
vt 0.534987 0.021750
vt 0.534952 0.021752
f 1966/5086/1966 1959/5087/1959 1963/5088/1963
vt 0.064830 0.522093
vt 0.081364 0.522020
vt 0.078545 0.540591
f 869/5089/869 870/5090/870 1967/5091/1967
vt 0.078545 0.540591
vt 0.064631 0.541037
vt 0.064830 0.522093
f 1967/5092/1967 868/5093/868 869/5094/869
vt 0.131557 0.521440
vt 0.131338 0.540584
vt 0.078545 0.540591
f 871/5095/871 1968/5096/1968 1967/5097/1967
vt 0.078545 0.540591
vt 0.081364 0.522020
vt 0.131557 0.521440
f 1967/5098/1967 870/5099/870 871/5100/871
vt 0.532970 0.084306
vt 0.533035 0.056596
vt 0.531818 0.053675
f 1969/5101/1969 1970/5102/1970 1971/5103/1971
vt 0.531818 0.053675
vt 0.531817 0.083975
vt 0.532970 0.084306
f 1972/5104/1972 1973/5105/1973 1969/5106/1969
vt 0.533611 0.053937
vt 0.531817 0.053900
vt 0.531818 0.053675
f 873/5107/873 1974/5108/1974 1975/5109/1975
vt 0.531818 0.053675
vt 0.533035 0.056596
vt 0.533611 0.053937
f 1976/5110/1976 1970/5111/1970 873/5112/873
vt 0.063857 0.565520
vt 0.064631 0.541037
vt 0.078545 0.540591
f 867/5113/867 868/5114/868 1967/5115/1967
vt 0.078545 0.540591
vt 0.078937 0.565790
vt 0.063857 0.565520
f 1967/5116/1967 1977/5117/1977 867/5118/867
vt 0.236650 0.521426
vt 0.286897 0.521993
vt 0.289719 0.540562
f 874/5119/874 875/5120/875 1978/5121/1978
vt 0.289719 0.540562
vt 0.236925 0.540569
vt 0.236650 0.521426
f 1978/5122/1978 1979/5123/1979 874/5124/874
vt 0.304034 0.522071
vt 0.304293 0.541016
vt 0.289719 0.540562
f 876/5125/876 878/5126/878 1978/5127/1978
vt 0.289719 0.540562
vt 0.286897 0.521993
vt 0.304034 0.522071
f 1978/5128/1978 875/5129/875 876/5130/876
vt 0.305503 0.565505
vt 0.289963 0.565769
vt 0.289719 0.540562
f 879/5131/879 1980/5132/1980 1978/5133/1978
vt 0.289719 0.540562
vt 0.304293 0.541016
vt 0.305503 0.565505
f 1978/5134/1978 878/5135/878 879/5136/879
vt 0.533614 0.175017
vt 0.533034 0.171993
vt 0.531817 0.174874
f 880/5137/880 1981/5138/1981 1982/5139/1982
vt 0.531817 0.174874
vt 0.531817 0.175014
vt 0.533614 0.175017
f 1983/5140/1983 1984/5141/1984 880/5142/880
vt 0.532969 0.144241
vt 0.531817 0.144575
vt 0.531817 0.174874
f 1985/5143/1985 1986/5144/1986 1987/5145/1987
vt 0.531817 0.174874
vt 0.533034 0.171993
vt 0.532969 0.144241
f 1988/5146/1988 1981/5147/1981 1985/5148/1985
vt 0.333331 0.522130
vt 0.347884 0.522168
vt 0.347886 0.540562
f 883/5149/883 1989/5150/1989 1990/5151/1990
vt 0.347886 0.540562
vt 0.333352 0.541004
vt 0.333331 0.522130
f 1990/5152/1990 881/5153/881 883/5154/883
vt 0.534951 0.208257
vt 0.534987 0.208259
vt 0.534477 0.208258
f 1991/5155/1991 1992/5156/1992 1993/5157/1993
vt 0.534477 0.208258
vt 0.534477 0.208257
vt 0.534951 0.208257
f 1994/5158/1994 1995/5159/1995 1991/5160/1991
vt 0.535082 0.208266
vt 0.533788 0.208266
vt 0.534477 0.208258
f 884/5161/884 1996/5162/1996 1997/5163/1997
vt 0.534477 0.208258
vt 0.534987 0.208259
vt 0.535082 0.208266
f 1998/5164/1998 1992/5165/1992 884/5166/884
vt 0.333423 0.564965
vt 0.333352 0.541004
vt 0.347886 0.540562
f 882/5167/882 881/5168/881 1990/5169/1990
vt 0.347886 0.540562
vt 0.347900 0.564680
vt 0.333423 0.564965
f 1990/5170/1990 1999/5171/1999 882/5172/882
vt 0.462446 0.934433
vt 0.459735 0.957218
vt 0.466765 0.959624
f 890/5173/890 2000/5174/2000 2001/5175/2001
vt 0.466765 0.959624
vt 0.472961 0.934140
vt 0.462446 0.934433
f 2001/5176/2001 2002/5177/2002 890/5178/890
vt 0.459635 0.959624
vt 0.466765 0.959624
vt 0.466765 0.959624
f 897/5179/897 2003/5180/2003 2001/5181/2001
vt 0.466765 0.959624
vt 0.459735 0.957218
vt 0.459635 0.959624
f 2001/5182/2001 2000/5183/2000 897/5184/897
vt 0.418988 0.690970
vt 0.387723 0.689971
vt 0.387312 0.715808
f 900/5185/900 888/5186/888 2004/5187/2004
vt 0.387312 0.715808
vt 0.419760 0.715808
vt 0.418988 0.690970
f 2005/5188/2005 2006/5189/2006 900/5190/900
vt 0.380376 0.674294
vt 0.380388 0.690774
vt 0.387312 0.715808
f 889/5191/889 2007/5192/2007 2008/5193/2008
vt 0.387312 0.715808
vt 0.387723 0.689971
vt 0.380376 0.674294
f 2009/5194/2009 888/5195/888 889/5196/889
vt 0.462446 0.934433
vt 0.472961 0.934140
vt 0.466765 0.959624
f 903/5197/903 2010/5198/2010 2011/5199/2011
vt 0.466765 0.959624
vt 0.459735 0.957218
vt 0.462446 0.934433
f 2011/5200/2011 2012/5201/2012 903/5202/903
vt 0.524039 0.674294
vt 0.516691 0.689971
vt 0.517103 0.715808
f 911/5203/911 910/5204/910 2013/5205/2013
vt 0.517103 0.715808
vt 0.524027 0.690774
vt 0.524039 0.674294
f 2014/5206/2014 2015/5207/2015 911/5208/911
vt 0.485426 0.690970
vt 0.484655 0.715808
vt 0.517103 0.715808
f 912/5209/912 2016/5210/2016 2017/5211/2017
vt 0.517103 0.715808
vt 0.516691 0.689971
vt 0.485426 0.690970
f 2018/5212/2018 910/5213/910 912/5214/912
vt 0.459635 0.959624
vt 0.459735 0.957218
vt 0.466765 0.959624
f 902/5215/902 2012/5216/2012 2011/5217/2011
vt 0.466765 0.959624
vt 0.466765 0.959624
vt 0.459635 0.959624
f 2011/5218/2011 2019/5219/2019 902/5220/902
vt 0.471834 0.730292
vt 0.491473 0.729918
vt 0.491448 0.720212
f 936/5221/936 2020/5222/2020 2021/5223/2021
vt 0.491448 0.720212
vt 0.471931 0.720212
vt 0.471834 0.730292
f 2021/5224/2021 2022/5225/2022 936/5226/936
vt 0.376247 0.496250
vt 0.382582 0.490464
vt 0.380173 0.480623
f 939/5227/939 938/5228/938 2023/5229/2023
vt 0.380173 0.480623
vt 0.375034 0.490157
vt 0.376247 0.496250
f 2024/5230/2024 2025/5231/2025 939/5232/939
vt 0.416409 0.490322
vt 0.416190 0.480623
vt 0.380173 0.480623
f 941/5233/941 2026/5234/2026 2027/5235/2027
vt 0.380173 0.480623
vt 0.382582 0.490464
vt 0.416409 0.490322
f 2028/5236/2028 938/5237/938 941/5238/941
vt 0.528168 0.496250
vt 0.529381 0.490157
vt 0.524241 0.480623
f 945/5239/945 2029/5240/2029 2030/5241/2030
vt 0.524241 0.480623
vt 0.521832 0.490464
vt 0.528168 0.496250
f 2030/5242/2030 942/5243/942 945/5244/945
vt 0.471834 0.730292
vt 0.471931 0.720212
vt 0.491448 0.720212
f 949/5245/949 2031/5246/2031 2032/5247/2032
vt 0.491448 0.720212
vt 0.491473 0.729918
vt 0.471834 0.730292
f 2033/5248/2033 2034/5249/2034 949/5250/949
vt 0.488006 0.490322
vt 0.521832 0.490464
vt 0.524241 0.480623
f 943/5251/943 942/5252/942 2030/5253/2030
vt 0.524241 0.480623
vt 0.488224 0.480623
vt 0.488006 0.490322
f 2030/5254/2030 2035/5255/2035 943/5256/943
vt 0.472064 0.833133
vt 0.491549 0.833026
vt 0.491549 0.857689
f 955/5257/955 2036/5258/2036 2037/5259/2037
vt 0.491549 0.857689
vt 0.471909 0.857748
vt 0.472064 0.833133
f 2037/5260/2037 951/5261/951 955/5262/955
vt 0.539656 0.591340
vt 0.539346 0.615220
vt 0.544800 0.615673
f 956/5263/956 958/5264/958 2038/5265/2038
vt 0.544800 0.615673
vt 0.544800 0.591445
vt 0.539656 0.591340
f 2039/5266/2039 2040/5267/2040 956/5268/956
vt 0.534836 0.636226
vt 0.537876 0.640707
vt 0.544800 0.615673
f 959/5269/959 2041/5270/2041 2042/5271/2042
vt 0.544800 0.615673
vt 0.539346 0.615220
vt 0.534836 0.636226
f 2043/5272/2043 958/5273/958 959/5274/959
vt 0.468991 0.883043
vt 0.471909 0.857748
vt 0.491549 0.857689
f 952/5275/952 951/5276/951 2037/5277/2037
vt 0.491549 0.857689
vt 0.485353 0.883173
vt 0.468991 0.883043
f 2037/5278/2037 2044/5279/2044 952/5280/952
vt 0.471943 0.749380
vt 0.491524 0.749329
vt 0.491549 0.759034
f 963/5281/963 2045/5282/2045 2046/5283/2046
vt 0.491549 0.759034
vt 0.471982 0.760119
vt 0.471943 0.749380
f 2046/5284/2046 962/5285/962 963/5286/963
vt 0.536364 0.511052
vt 0.539440 0.520022
vt 0.544800 0.518759
f 965/5287/965 964/5288/964 2047/5289/2047
vt 0.544800 0.518759
vt 0.539660 0.509225
vt 0.536364 0.511052
f 2048/5290/2048 2049/5291/2049 965/5292/965
vt 0.539632 0.543029
vt 0.544800 0.542988
vt 0.544800 0.518759
f 966/5293/966 2050/5294/2050 2051/5295/2051
vt 0.544800 0.518759
vt 0.539440 0.520022
vt 0.539632 0.543029
f 2052/5296/2052 964/5297/964 966/5298/966
vt 0.472010 0.783656
vt 0.471982 0.760119
vt 0.491549 0.759034
f 960/5299/960 962/5300/962 2046/5301/2046
vt 0.491549 0.759034
vt 0.491549 0.783698
vt 0.472010 0.783656
f 2046/5302/2046 2053/5303/2053 960/5304/960
vt 0.472010 0.783656
vt 0.491549 0.783698
vt 0.491549 0.759034
f 970/5305/970 2054/5306/2054 2055/5307/2055
vt 0.491549 0.759034
vt 0.471982 0.760119
vt 0.472010 0.783656
f 2055/5308/2055 969/5309/969 970/5310/970
vt 0.364783 0.543029
vt 0.364975 0.520022
vt 0.359615 0.518759
f 975/5311/975 973/5312/973 2056/5313/2056
vt 0.359615 0.518759
vt 0.359615 0.542988
vt 0.364783 0.543029
f 2057/5314/2057 2058/5315/2058 975/5316/975
vt 0.368050 0.511052
vt 0.364754 0.509225
vt 0.359615 0.518759
f 976/5317/976 2059/5318/2059 2060/5319/2060
vt 0.359615 0.518759
vt 0.364975 0.520022
vt 0.368050 0.511052
f 2061/5320/2061 973/5321/973 976/5322/976
vt 0.471943 0.749380
vt 0.471982 0.760119
vt 0.491549 0.759034
f 967/5323/967 969/5324/969 2055/5325/2055
vt 0.491549 0.759034
vt 0.491524 0.749328
vt 0.471943 0.749380
f 2055/5326/2055 2062/5327/2062 967/5328/967
vt 0.468991 0.883043
vt 0.485353 0.883173
vt 0.491549 0.857689
f 980/5329/980 2063/5330/2063 2064/5331/2064
vt 0.491549 0.857689
vt 0.471909 0.857748
vt 0.468991 0.883043
f 2064/5332/2064 978/5333/978 980/5334/980
vt 0.369578 0.636226
vt 0.365069 0.615220
vt 0.359615 0.615673
f 982/5335/982 981/5336/981 2065/5337/2065
vt 0.359615 0.615673
vt 0.366539 0.640707
vt 0.369578 0.636226
f 2066/5338/2066 2067/5339/2067 982/5340/982
vt 0.364758 0.591340
vt 0.359615 0.591444
vt 0.359615 0.615673
f 983/5341/983 2068/5342/2068 2069/5343/2069
vt 0.359615 0.615673
vt 0.365069 0.615220
vt 0.364758 0.591340
f 2070/5344/2070 981/5345/981 983/5346/983
vt 0.472064 0.833133
vt 0.471909 0.857748
vt 0.491549 0.857689
f 979/5347/979 978/5348/978 2064/5349/2064
vt 0.491549 0.857689
vt 0.491549 0.833025
vt 0.472064 0.833133
f 2064/5350/2064 2071/5351/2071 979/5352/979
vt 0.376421 0.738812
vt 0.375202 0.732735
vt 0.380368 0.723228
f 991/5353/991 2072/5354/2072 2073/5355/2073
vt 0.380368 0.723228
vt 0.382789 0.733042
vt 0.376421 0.738812
f 2073/5356/2073 986/5357/986 991/5358/991
vt 0.432996 0.730292
vt 0.432898 0.720212
vt 0.413382 0.720212
f 993/5359/993 2074/5360/2074 2075/5361/2075
vt 0.413382 0.720212
vt 0.413357 0.729918
vt 0.432996 0.730292
f 2076/5362/2076 2077/5363/2077 993/5364/993
vt 0.416789 0.732900
vt 0.382789 0.733042
vt 0.380368 0.723228
f 988/5365/988 986/5366/986 2073/5367/2073
vt 0.380368 0.723228
vt 0.416570 0.723228
vt 0.416789 0.732900
f 2073/5368/2073 2078/5369/2078 988/5370/988
vt 0.432996 0.730292
vt 0.413357 0.729918
vt 0.413382 0.720212
f 995/5371/995 2079/5372/2079 2080/5373/2080
vt 0.413382 0.720212
vt 0.432898 0.720212
vt 0.432996 0.730292
f 2080/5374/2080 2081/5375/2081 995/5376/995
vt 0.529122 0.738812
vt 0.522754 0.733042
vt 0.525176 0.723228
f 1000/5377/1000 999/5378/999 2082/5379/2082
vt 0.525176 0.723228
vt 0.530342 0.732735
vt 0.529122 0.738812
f 2083/5380/2083 2084/5381/2084 1000/5382/1000
vt 0.488754 0.732900
vt 0.488974 0.723228
vt 0.525176 0.723228
f 1001/5383/1001 2085/5384/2085 2086/5385/2086
vt 0.525176 0.723228
vt 0.522754 0.733042
vt 0.488754 0.732900
f 2087/5386/2087 999/5387/999 1001/5388/1001
vt 0.380571 0.916362
vt 0.387956 0.931994
vt 0.387543 0.957760
f 1008/5389/1008 1007/5390/1007 2088/5391/2088
vt 0.387543 0.957760
vt 0.380583 0.932796
vt 0.380571 0.916362
f 2088/5392/2088 2089/5393/2089 1008/5394/1008
vt 0.419382 0.932991
vt 0.420157 0.957760
vt 0.387543 0.957760
f 1011/5395/1011 2090/5396/2090 2088/5397/2088
vt 0.387543 0.957760
vt 0.387956 0.931994
vt 0.419382 0.932991
f 2088/5398/2088 1007/5399/1007 1011/5400/1011
vt 0.445194 0.959624
vt 0.445095 0.957218
vt 0.438065 0.959624
f 1013/5401/1013 2091/5402/2091 2092/5403/2092
vt 0.438065 0.959624
vt 0.438065 0.959624
vt 0.445194 0.959624
f 2093/5404/2093 2094/5405/2094 1013/5406/1013
vt 0.442384 0.934433
vt 0.431869 0.934140
vt 0.438065 0.959624
f 1002/5407/1002 2095/5408/2095 2096/5409/2096
vt 0.438065 0.959624
vt 0.445095 0.957218
vt 0.442384 0.934433
f 2097/5410/2097 2091/5411/2091 1002/5412/1002
vt 0.524972 0.916362
vt 0.524960 0.932796
vt 0.518000 0.957760
f 1019/5413/1019 2098/5414/2098 2099/5415/2099
vt 0.518000 0.957760
vt 0.517587 0.931994
vt 0.524972 0.916362
f 2099/5416/2099 1015/5417/1015 1019/5418/1019
vt 0.442384 0.934433
vt 0.445095 0.957218
vt 0.438065 0.959624
f 1020/5419/1020 2100/5420/2100 2101/5421/2101
vt 0.438065 0.959624
vt 0.431869 0.934140
vt 0.442384 0.934433
f 2102/5422/2102 2103/5423/2103 1020/5424/1020
vt 0.445194 0.959624
vt 0.438065 0.959624
vt 0.438065 0.959624
f 1022/5425/1022 2104/5426/2104 2105/5427/2105
vt 0.438065 0.959624
vt 0.445095 0.957218
vt 0.445194 0.959624
f 2106/5428/2106 2100/5429/2100 1022/5430/1022
vt 0.486162 0.932991
vt 0.517587 0.931994
vt 0.518000 0.957760
f 1016/5431/1016 1015/5432/1015 2099/5433/2099
vt 0.518000 0.957760
vt 0.485386 0.957760
vt 0.486162 0.932991
f 2099/5434/2099 2107/5435/2107 1016/5436/1016
vt 0.540670 0.833637
vt 0.545840 0.833742
vt 0.545840 0.857903
f 1026/5437/1026 2108/5438/2108 2109/5439/2109
vt 0.545840 0.857903
vt 0.540358 0.857452
vt 0.540670 0.833637
f 2109/5440/2109 1024/5441/1024 1026/5442/1026
vt 0.432766 0.833133
vt 0.432921 0.857748
vt 0.413281 0.857689
f 1031/5443/1031 1029/5444/1029 2110/5445/2110
vt 0.413281 0.857689
vt 0.413281 0.833025
vt 0.432766 0.833133
f 2111/5446/2111 2112/5447/2112 1031/5448/1031
vt 0.435839 0.883043
vt 0.419477 0.883173
vt 0.413281 0.857689
f 1032/5449/1032 2113/5450/2113 2114/5451/2114
vt 0.413281 0.857689
vt 0.432921 0.857748
vt 0.435839 0.883043
f 2115/5452/2115 1029/5453/1029 1032/5454/1032
vt 0.535825 0.878399
vt 0.540358 0.857452
vt 0.545840 0.857903
f 1025/5455/1025 1024/5456/1024 2109/5457/2109
vt 0.545840 0.857903
vt 0.538880 0.882867
vt 0.535825 0.878399
f 2109/5458/2109 2116/5459/2116 1025/5460/1025
vt 0.537361 0.753572
vt 0.540674 0.751751
vt 0.545840 0.761258
f 1036/5461/1036 2117/5462/2117 2118/5463/2118
vt 0.545840 0.761258
vt 0.540452 0.762518
vt 0.537361 0.753572
f 2118/5464/2118 1034/5465/1034 1036/5466/1036
vt 0.432887 0.749380
vt 0.432848 0.760119
vt 0.413281 0.759034
f 1037/5467/1037 1038/5468/1038 2119/5469/2119
vt 0.413281 0.759034
vt 0.413306 0.749328
vt 0.432887 0.749380
f 2120/5470/2120 2121/5471/2121 1037/5472/1037
vt 0.432820 0.783656
vt 0.413281 0.783698
vt 0.413281 0.759034
f 1039/5473/1039 2122/5474/2122 2123/5475/2123
vt 0.413281 0.759034
vt 0.432848 0.760119
vt 0.432820 0.783656
f 2124/5476/2124 1038/5477/1038 1039/5478/1039
vt 0.540645 0.785461
vt 0.540452 0.762518
vt 0.545840 0.761258
f 1035/5479/1035 1034/5480/1034 2118/5481/2118
vt 0.545840 0.761258
vt 0.545840 0.785420
vt 0.540645 0.785461
f 2118/5482/2118 2125/5483/2125 1035/5484/1035
vt 0.364898 0.785461
vt 0.359703 0.785420
vt 0.359703 0.761258
f 1045/5485/1045 2126/5486/2126 2127/5487/2127
vt 0.359703 0.761258
vt 0.365091 0.762518
vt 0.364898 0.785461
f 2127/5488/2127 1041/5489/1041 1045/5490/1045
vt 0.432820 0.783656
vt 0.432848 0.760119
vt 0.413281 0.759034
f 1046/5491/1046 1048/5492/1048 2128/5493/2128
vt 0.413281 0.759034
vt 0.413281 0.783698
vt 0.432820 0.783656
f 2129/5494/2129 2130/5495/2130 1046/5496/1046
vt 0.432887 0.749380
vt 0.413306 0.749328
vt 0.413281 0.759034
f 1049/5497/1049 2131/5498/2131 2132/5499/2132
vt 0.413281 0.759034
vt 0.432848 0.760119
vt 0.432887 0.749380
f 2133/5500/2133 1048/5501/1048 1049/5502/1049
vt 0.368182 0.753572
vt 0.365091 0.762518
vt 0.359703 0.761258
f 1042/5503/1042 1041/5504/1041 2127/5505/2127
vt 0.359703 0.761258
vt 0.364869 0.751751
vt 0.368182 0.753572
f 2127/5506/2127 2134/5507/2134 1042/5508/1042
vt 0.369718 0.878399
vt 0.366663 0.882867
vt 0.359703 0.857903
f 1053/5509/1053 2135/5510/2135 2136/5511/2136
vt 0.359703 0.857903
vt 0.365186 0.857452
vt 0.369718 0.878399
f 2136/5512/2136 1052/5513/1052 1053/5514/1053
vt 0.435839 0.883043
vt 0.432921 0.857748
vt 0.413281 0.857689
f 1055/5515/1055 1054/5516/1054 2137/5517/2137
vt 0.413281 0.857689
vt 0.419477 0.883173
vt 0.435839 0.883043
f 2138/5518/2138 2139/5519/2139 1055/5520/1055
vt 0.432766 0.833133
vt 0.413281 0.833025
vt 0.413281 0.857689
f 1056/5521/1056 2140/5522/2140 2141/5523/2141
vt 0.413281 0.857689
vt 0.432921 0.857748
vt 0.432766 0.833133
f 2142/5524/2142 1054/5525/1054 1056/5526/1056
vt 0.364873 0.833637
vt 0.365186 0.857452
vt 0.359703 0.857903
f 1050/5527/1050 1052/5528/1052 2136/5529/2136
vt 0.359703 0.857903
vt 0.359703 0.833742
vt 0.364873 0.833637
f 2136/5530/2136 2143/5531/2143 1050/5532/1050
vt 0.609295 0.455178
vt 0.624531 0.461362
vt 0.624991 0.497880
f 75/5533/75 1086/5534/1086 2144/5535/2144
vt 0.624991 0.497880
vt 0.612688 0.486307
vt 0.609295 0.455178
f 2144/5536/2144 74/5537/74 75/5538/75
vt 0.637091 0.464919
vt 0.636610 0.504121
vt 0.624991 0.497880
f 79/5539/79 80/5540/80 2144/5541/2144
vt 0.624991 0.497880
vt 0.624531 0.461362
vt 0.637091 0.464919
f 2144/5542/2144 1086/5543/1086 79/5544/79
vt 0.632355 0.536671
vt 0.624523 0.532207
vt 0.624991 0.497880
f 186/5545/186 1130/5546/1130 2144/5547/2144
vt 0.624991 0.497880
vt 0.636610 0.504121
vt 0.632355 0.536671
f 2144/5548/2144 80/5549/80 186/5550/186
vt 0.609585 0.509761
vt 0.612688 0.486307
vt 0.624991 0.497880
f 190/5551/190 74/5552/74 2144/5553/2144
vt 0.624991 0.497880
vt 0.624523 0.532207
vt 0.609585 0.509761
f 2144/5554/2144 1130/5555/1130 190/5556/190
vt 0.671845 0.518068
vt 0.670791 0.518635
vt 0.670791 0.489029
f 18/5557/18 1069/5558/1069 2145/5559/2145
vt 0.670791 0.489029
vt 0.671931 0.488220
vt 0.671845 0.518068
f 2145/5560/2145 15/5561/15 18/5562/18
vt 0.661611 0.526620
vt 0.659746 0.499179
vt 0.670791 0.489029
f 23/5563/23 26/5564/26 2145/5565/2145
vt 0.670791 0.489029
vt 0.670791 0.518635
vt 0.661611 0.526620
f 2145/5566/2145 1069/5567/1069 23/5568/23
vt 0.658729 0.462232
vt 0.669901 0.456838
vt 0.670791 0.489029
f 38/5569/38 1072/5570/1072 2145/5571/2145
vt 0.670791 0.489029
vt 0.659746 0.499179
vt 0.658729 0.462232
f 2145/5572/2145 26/5573/26 38/5574/38
vt 0.671066 0.455954
vt 0.671931 0.488220
vt 0.670791 0.489029
f 37/5575/37 15/5576/15 2145/5577/2145
vt 0.670791 0.489029
vt 0.669901 0.456838
vt 0.671066 0.455954
f 2145/5578/2145 1072/5579/1072 37/5580/37
vt 0.576553 0.291473
vt 0.589760 0.282071
vt 0.600838 0.329150
f 39/5581/39 1076/5582/1076 2146/5583/2146
vt 0.600838 0.329150
vt 0.585927 0.335305
vt 0.576553 0.291473
f 2146/5584/2146 40/5585/40 39/5586/39
vt 0.607365 0.311213
vt 0.613033 0.343318
vt 0.600838 0.329150
f 54/5587/54 53/5588/53 2146/5589/2146
vt 0.600838 0.329150
vt 0.589760 0.282071
vt 0.607365 0.311213
f 2146/5590/2146 1076/5591/1076 54/5592/54
vt 0.624553 0.384022
vt 0.612200 0.376674
vt 0.600838 0.329150
f 77/5593/77 1084/5594/1084 2146/5595/2146
vt 0.600838 0.329150
vt 0.613033 0.343318
vt 0.624553 0.384022
f 2146/5596/2146 53/5597/53 77/5598/77
vt 0.595701 0.379564
vt 0.585927 0.335305
vt 0.600838 0.329150
f 76/5599/76 40/5600/40 2146/5601/2146
vt 0.600838 0.329150
vt 0.612200 0.376674
vt 0.595701 0.379564
f 2146/5602/2146 1084/5603/1084 76/5604/76
vt 0.607365 0.311213
vt 0.601749 0.281024
vt 0.624666 0.327911
f 54/5605/54 1075/5606/1075 2147/5607/2147
vt 0.624666 0.327911
vt 0.624807 0.342894
vt 0.607365 0.311213
f 2147/5608/2147 30/5609/30 54/5610/54
vt 0.601481 0.278439
vt 0.624662 0.326093
vt 0.624666 0.327911
f 52/5611/52 33/5612/33 2147/5613/2147
vt 0.624666 0.327911
vt 0.601749 0.281024
vt 0.601481 0.278439
f 2147/5614/2147 1075/5615/1075 52/5616/52
vt 0.647128 0.374927
vt 0.646867 0.375986
vt 0.624666 0.327911
f 32/5617/32 1071/5618/1071 2147/5619/2147
vt 0.624666 0.327911
vt 0.624662 0.326093
vt 0.647128 0.374927
f 2147/5620/2147 33/5621/33 32/5622/32
vt 0.641915 0.383770
vt 0.624807 0.342894
vt 0.624666 0.327911
f 31/5623/31 30/5624/30 2147/5625/2147
vt 0.624666 0.327911
vt 0.646867 0.375986
vt 0.641915 0.383770
f 2147/5626/2147 1071/5627/1071 31/5628/31
vt 0.609585 0.509761
vt 0.606649 0.531819
vt 0.588856 0.497238
f 190/5629/190 1129/5630/1129 2148/5631/2148
vt 0.588856 0.497238
vt 0.594523 0.486048
vt 0.609585 0.509761
f 2148/5632/2148 82/5633/82 190/5634/190
vt 0.606278 0.533750
vt 0.588186 0.498611
vt 0.588856 0.497238
f 189/5635/189 85/5636/85 2148/5637/2148
vt 0.588856 0.497238
vt 0.606649 0.531819
vt 0.606278 0.533750
f 2148/5638/2148 1129/5639/1129 189/5640/189
vt 0.570322 0.461668
vt 0.571230 0.460849
vt 0.588856 0.497238
f 84/5641/84 1088/5642/1088 2148/5643/2148
vt 0.588856 0.497238
vt 0.588186 0.498611
vt 0.570322 0.461668
f 2148/5644/2148 85/5645/85 84/5646/84
vt 0.582292 0.454997
vt 0.594523 0.486048
vt 0.588856 0.497238
f 83/5647/83 82/5648/82 2148/5649/2148
vt 0.588856 0.497238
vt 0.571230 0.460849
vt 0.582292 0.454997
f 2148/5650/2148 1088/5651/1088 83/5652/83
vt 0.538486 0.328262
vt 0.539763 0.327141
vt 0.543918 0.359103
f 94/5653/94 1092/5654/1092 2149/5655/2149
vt 0.543918 0.359103
vt 0.542512 0.359923
vt 0.538486 0.328262
f 2149/5656/2149 91/5657/91 94/5658/94
vt 0.551160 0.315381
vt 0.557136 0.351154
vt 0.543918 0.359103
f 103/5659/103 92/5660/92 2149/5661/2149
vt 0.543918 0.359103
vt 0.539763 0.327141
vt 0.551160 0.315381
f 2149/5662/2149 1092/5663/1092 103/5664/103
vt 0.563726 0.387408
vt 0.548780 0.391646
vt 0.543918 0.359103
f 93/5665/93 1089/5666/1089 2149/5667/2149
vt 0.543918 0.359103
vt 0.557136 0.351154
vt 0.563726 0.387408
f 2149/5668/2149 92/5669/92 93/5670/93
vt 0.547310 0.392339
vt 0.542512 0.359923
vt 0.543918 0.359103
f 89/5671/89 91/5672/91 2149/5673/2149
vt 0.543918 0.359103
vt 0.548780 0.391646
vt 0.547310 0.392339
f 2149/5674/2149 1089/5675/1089 89/5676/89
vt 0.546362 0.238577
vt 0.547000 0.237525
vt 0.542990 0.255577
f 104/5677/104 1095/5678/1095 2150/5679/2150
vt 0.542990 0.255577
vt 0.542188 0.257017
vt 0.546362 0.238577
f 2150/5680/2150 99/5681/99 104/5682/104
vt 0.553402 0.224157
vt 0.550509 0.241353
vt 0.542990 0.255577
f 108/5683/108 100/5684/100 2150/5685/2150
vt 0.542990 0.255577
vt 0.547000 0.237525
vt 0.553402 0.224157
f 2150/5686/2150 1095/5687/1095 108/5688/108
vt 0.548021 0.260427
vt 0.539322 0.275351
vt 0.542990 0.255577
f 102/5689/102 1090/5690/1090 2150/5691/2150
vt 0.542990 0.255577
vt 0.550509 0.241353
vt 0.548021 0.260427
f 2150/5692/2150 100/5693/100 102/5694/102
vt 0.538479 0.276814
vt 0.542188 0.257017
vt 0.542990 0.255577
f 97/5695/97 99/5696/99 2150/5697/2150
vt 0.542990 0.255577
vt 0.539322 0.275351
vt 0.538479 0.276814
f 2150/5698/2150 1090/5699/1090 97/5700/97
vt 0.569431 0.181117
vt 0.569301 0.182565
vt 0.563077 0.195056
f 55/5701/55 1080/5702/1080 2151/5703/2151
vt 0.563077 0.195056
vt 0.563316 0.193440
vt 0.569431 0.181117
f 2151/5704/2151 56/5705/56 55/5706/55
vt 0.568216 0.196830
vt 0.560801 0.210342
vt 0.563077 0.195056
f 62/5707/62 61/5708/61 2151/5709/2151
vt 0.563077 0.195056
vt 0.569301 0.182565
vt 0.568216 0.196830
f 2151/5710/2151 1080/5711/1080 62/5712/62
vt 0.553402 0.224157
vt 0.556801 0.208062
vt 0.563077 0.195056
f 108/5713/108 1093/5714/1093 2151/5715/2151
vt 0.563077 0.195056
vt 0.560801 0.210342
vt 0.553402 0.224157
f 2151/5716/2151 61/5717/61 108/5718/108
vt 0.556931 0.206775
vt 0.563316 0.193440
vt 0.563077 0.195056
f 107/5719/107 56/5720/56 2151/5721/2151
vt 0.563077 0.195056
vt 0.556801 0.208062
vt 0.556931 0.206775
f 2151/5722/2151 1093/5723/1093 107/5724/107
vt 0.568216 0.196830
vt 0.575280 0.183937
vt 0.575388 0.197990
f 62/5725/62 1077/5726/1077 2152/5727/2152
vt 0.575388 0.197990
vt 0.567099 0.211846
vt 0.568216 0.196830
f 2152/5728/2152 46/5729/46 62/5730/62
vt 0.576013 0.182637
vt 0.576236 0.196455
vt 0.575388 0.197990
f 59/5731/59 47/5732/47 2152/5733/2152
vt 0.575388 0.197990
vt 0.575280 0.183937
vt 0.576013 0.182637
f 2152/5734/2152 1077/5735/1077 59/5736/59
vt 0.577490 0.213497
vt 0.576498 0.215307
vt 0.575388 0.197990
f 51/5737/51 1073/5738/1073 2152/5739/2152
vt 0.575388 0.197990
vt 0.576236 0.196455
vt 0.577490 0.213497
f 2152/5740/2152 47/5741/47 51/5742/51
vt 0.566739 0.229586
vt 0.567099 0.211846
vt 0.575388 0.197990
f 44/5743/44 46/5744/46 2152/5745/2152
vt 0.575388 0.197990
vt 0.576498 0.215307
vt 0.566739 0.229586
f 2152/5746/2152 1073/5747/1073 44/5748/44
vt 0.661610 0.526619
vt 0.670791 0.518635
vt 0.670791 0.489029
f 109/5749/109 1099/5750/1099 2153/5751/2153
vt 0.670791 0.489029
vt 0.659745 0.499179
vt 0.661610 0.526619
f 2153/5752/2153 110/5753/110 109/5754/109
vt 0.671845 0.518068
vt 0.671931 0.488220
vt 0.670791 0.489029
f 116/5755/116 115/5756/115 2153/5757/2153
vt 0.670791 0.489029
vt 0.670791 0.518635
vt 0.671845 0.518068
f 2153/5758/2153 1099/5759/1099 116/5760/116
vt 0.671066 0.455954
vt 0.669900 0.456838
vt 0.670791 0.489029
f 117/5761/117 1102/5762/1102 2153/5763/2153
vt 0.670791 0.489029
vt 0.671931 0.488220
vt 0.671066 0.455954
f 2153/5764/2153 115/5765/115 117/5766/117
vt 0.658728 0.462231
vt 0.659745 0.499179
vt 0.670791 0.489029
f 126/5767/126 110/5768/110 2153/5769/2153
vt 0.670791 0.489029
vt 0.669900 0.456838
vt 0.658728 0.462231
f 2153/5770/2153 1102/5771/1102 126/5772/126
vt 0.642547 0.552735
vt 0.645154 0.564691
vt 0.653816 0.558553
f 191/5773/191 1133/5774/1133 2154/5775/2154
vt 0.653816 0.558553
vt 0.651051 0.534999
vt 0.642547 0.552735
f 2154/5776/2154 112/5777/112 191/5778/191
vt 0.645413 0.566549
vt 0.654052 0.560781
vt 0.653816 0.558553
f 194/5779/194 113/5780/113 2154/5781/2154
vt 0.653816 0.558553
vt 0.645154 0.564691
vt 0.645413 0.566549
f 2154/5782/2154 1133/5783/1133 194/5784/194
vt 0.662940 0.554623
vt 0.662492 0.552254
vt 0.653816 0.558553
f 114/5785/114 1098/5786/1098 2154/5787/2154
vt 0.653816 0.558553
vt 0.654052 0.560781
vt 0.662940 0.554623
f 2154/5788/2154 113/5789/113 114/5790/114
vt 0.661610 0.526619
vt 0.651051 0.534999
vt 0.653816 0.558553
f 109/5791/109 112/5792/112 2154/5793/2154
vt 0.653816 0.558553
vt 0.662492 0.552254
vt 0.661610 0.526619
f 2154/5794/2154 1098/5795/1098 109/5796/109
vt 0.607365 0.311213
vt 0.589760 0.282071
vt 0.600838 0.329150
f 128/5797/128 1106/5798/1106 2155/5799/2155
vt 0.600838 0.329150
vt 0.613033 0.343318
vt 0.607365 0.311213
f 2155/5800/2155 127/5801/127 128/5802/128
vt 0.576553 0.291473
vt 0.585927 0.335305
vt 0.600838 0.329150
f 138/5803/138 140/5804/140 2155/5805/2155
vt 0.600838 0.329150
vt 0.589760 0.282071
vt 0.576553 0.291473
f 2155/5806/2155 1106/5807/1106 138/5808/138
vt 0.595701 0.379564
vt 0.612200 0.376674
vt 0.600838 0.329150
f 163/5809/163 1116/5810/1116 2155/5811/2155
vt 0.600838 0.329150
vt 0.585927 0.335305
vt 0.595701 0.379564
f 2155/5812/2155 140/5813/140 163/5814/163
vt 0.624553 0.384022
vt 0.613033 0.343318
vt 0.600838 0.329150
f 159/5815/159 127/5816/127 2155/5817/2155
vt 0.600838 0.329150
vt 0.612200 0.376674
vt 0.624553 0.384022
f 2155/5818/2155 1116/5819/1116 159/5820/159
vt 0.601481 0.278439
vt 0.601749 0.281024
vt 0.624666 0.327911
f 130/5821/130 1104/5822/1104 2156/5823/2156
vt 0.624666 0.327911
vt 0.624662 0.326093
vt 0.601481 0.278439
f 2156/5824/2156 120/5825/120 130/5826/130
vt 0.607365 0.311213
vt 0.624807 0.342894
vt 0.624666 0.327911
f 128/5827/128 124/5828/124 2156/5829/2156
vt 0.624666 0.327911
vt 0.601749 0.281024
vt 0.607365 0.311213
f 2156/5830/2156 1104/5831/1104 128/5832/128
vt 0.641915 0.383770
vt 0.646867 0.375986
vt 0.624666 0.327911
f 125/5833/125 1100/5834/1100 2156/5835/2156
vt 0.624666 0.327911
vt 0.624807 0.342894
vt 0.641915 0.383770
f 2156/5836/2156 124/5837/124 125/5838/125
vt 0.647128 0.374927
vt 0.624662 0.326093
vt 0.624666 0.327911
f 119/5839/119 120/5840/120 2156/5841/2156
vt 0.624666 0.327911
vt 0.646867 0.375986
vt 0.647128 0.374927
f 2156/5842/2156 1100/5843/1100 119/5844/119
vt 0.609585 0.509761
vt 0.624522 0.532207
vt 0.624991 0.497880
f 149/5845/149 1114/5846/1114 2157/5847/2157
vt 0.624991 0.497880
vt 0.612688 0.486307
vt 0.609585 0.509761
f 2157/5848/2157 146/5849/146 149/5850/149
vt 0.632354 0.536671
vt 0.636608 0.504120
vt 0.624991 0.497880
f 156/5851/156 158/5852/158 2157/5853/2157
vt 0.624991 0.497880
vt 0.624522 0.532207
vt 0.632354 0.536671
f 2157/5854/2157 1114/5855/1114 156/5856/156
vt 0.637090 0.464919
vt 0.624530 0.461362
vt 0.624991 0.497880
f 165/5857/165 1117/5858/1117 2157/5859/2157
vt 0.624991 0.497880
vt 0.636608 0.504120
vt 0.637090 0.464919
f 2157/5860/2157 158/5861/158 165/5862/165
vt 0.609295 0.455178
vt 0.612688 0.486307
vt 0.624991 0.497880
f 164/5863/164 146/5864/146 2157/5865/2157
vt 0.624991 0.497880
vt 0.624530 0.461362
vt 0.609295 0.455178
f 2157/5866/2157 1117/5867/1117 164/5868/164
vt 0.582292 0.454997
vt 0.571230 0.460849
vt 0.588856 0.497238
f 173/5869/173 1120/5870/1120 2158/5871/2158
vt 0.588856 0.497238
vt 0.594523 0.486048
vt 0.582292 0.454997
f 2158/5872/2158 148/5873/148 173/5874/173
vt 0.570322 0.461668
vt 0.588186 0.498611
vt 0.588856 0.497238
f 172/5875/172 151/5876/151 2158/5877/2158
vt 0.588856 0.497238
vt 0.571230 0.460849
vt 0.570322 0.461668
f 2158/5878/2158 1120/5879/1120 172/5880/172
vt 0.606278 0.533750
vt 0.606649 0.531819
vt 0.588856 0.497238
f 150/5881/150 1112/5882/1112 2158/5883/2158
vt 0.588856 0.497238
vt 0.588186 0.498611
vt 0.606278 0.533750
f 2158/5884/2158 151/5885/151 150/5886/150
vt 0.609585 0.509761
vt 0.594523 0.486048
vt 0.588856 0.497238
f 149/5887/149 148/5888/148 2158/5889/2158
vt 0.588856 0.497238
vt 0.606649 0.531819
vt 0.609585 0.509761
f 2158/5890/2158 1112/5891/1112 149/5892/149
vt 0.551160 0.315381
vt 0.539763 0.327141
vt 0.543918 0.359103
f 181/5893/181 1123/5894/1123 2159/5895/2159
vt 0.543918 0.359103
vt 0.557136 0.351154
vt 0.551160 0.315381
f 2159/5896/2159 166/5897/166 181/5898/181
vt 0.538486 0.328262
vt 0.542512 0.359923
vt 0.543918 0.359103
f 180/5899/180 170/5900/170 2159/5901/2159
vt 0.543918 0.359103
vt 0.539763 0.327141
vt 0.538486 0.328262
f 2159/5902/2159 1123/5903/1123 180/5904/180
vt 0.547310 0.392341
vt 0.548780 0.391646
vt 0.543918 0.359103
f 169/5905/169 1119/5906/1119 2159/5907/2159
vt 0.543918 0.359103
vt 0.542512 0.359923
vt 0.547310 0.392341
f 2159/5908/2159 170/5909/170 169/5910/169
vt 0.563726 0.387408
vt 0.557136 0.351154
vt 0.543918 0.359103
f 168/5911/168 166/5912/166 2159/5913/2159
vt 0.543918 0.359103
vt 0.548780 0.391646
vt 0.563726 0.387408
f 2159/5914/2159 1119/5915/1119 168/5916/168
vt 0.576013 0.182637
vt 0.575280 0.183937
vt 0.575388 0.197990
f 141/5917/141 1110/5918/1110 2160/5919/2160
vt 0.575388 0.197990
vt 0.576236 0.196455
vt 0.576013 0.182637
f 2160/5920/2160 131/5921/131 141/5922/141
vt 0.568216 0.196830
vt 0.567099 0.211846
vt 0.575388 0.197990
f 145/5923/145 134/5924/134 2160/5925/2160
vt 0.575388 0.197990
vt 0.575280 0.183937
vt 0.568216 0.196830
f 2160/5926/2160 1110/5927/1110 145/5928/145
vt 0.566739 0.229586
vt 0.576498 0.215307
vt 0.575388 0.197990
f 133/5929/133 1105/5930/1105 2160/5931/2160
vt 0.575388 0.197990
vt 0.567099 0.211846
vt 0.566739 0.229586
f 2160/5932/2160 134/5933/134 133/5934/133
vt 0.577490 0.213497
vt 0.576236 0.196455
vt 0.575388 0.197990
f 132/5935/132 131/5936/131 2160/5937/2160
vt 0.575388 0.197990
vt 0.576498 0.215307
vt 0.577490 0.213497
f 2160/5938/2160 1105/5939/1105 132/5940/132
vt 0.556931 0.206775
vt 0.556801 0.208062
vt 0.563077 0.195056
f 182/5941/182 1126/5942/1126 2161/5943/2161
vt 0.563077 0.195056
vt 0.563316 0.193440
vt 0.556931 0.206775
f 2161/5944/2161 143/5945/143 182/5946/182
vt 0.553402 0.224157
vt 0.560801 0.210342
vt 0.563077 0.195056
f 185/5947/185 144/5948/144 2161/5949/2161
vt 0.563077 0.195056
vt 0.556801 0.208062
vt 0.553402 0.224157
f 2161/5950/2161 1126/5951/1126 185/5952/185
vt 0.568216 0.196830
vt 0.569301 0.182565
vt 0.563077 0.195056
f 145/5953/145 1107/5954/1107 2161/5955/2161
vt 0.563077 0.195056
vt 0.560801 0.210342
vt 0.568216 0.196830
f 2161/5956/2161 144/5957/144 145/5958/145
vt 0.569431 0.181117
vt 0.563316 0.193440
vt 0.563077 0.195056
f 142/5959/142 143/5960/143 2161/5961/2161
vt 0.563077 0.195056
vt 0.569301 0.182565
vt 0.569431 0.181117
f 2161/5962/2161 1107/5963/1107 142/5964/142
vt 0.553402 0.224157
vt 0.547000 0.237525
vt 0.542990 0.255577
f 185/5965/185 1124/5966/1124 2162/5967/2162
vt 0.542990 0.255577
vt 0.550509 0.241353
vt 0.553402 0.224157
f 2162/5968/2162 174/5969/174 185/5970/185
vt 0.546362 0.238577
vt 0.542188 0.257017
vt 0.542990 0.255577
f 184/5971/184 178/5972/178 2162/5973/2162
vt 0.542990 0.255577
vt 0.547000 0.237525
vt 0.546362 0.238577
f 2162/5974/2162 1124/5975/1124 184/5976/184
vt 0.538479 0.276814
vt 0.539322 0.275351
vt 0.542990 0.255577
f 177/5977/177 1122/5978/1122 2162/5979/2162
vt 0.542990 0.255577
vt 0.542188 0.257017
vt 0.538479 0.276814
f 2162/5980/2162 178/5981/178 177/5982/177
vt 0.548021 0.260427
vt 0.550509 0.241353
vt 0.542990 0.255577
f 176/5983/176 174/5984/174 2162/5985/2162
vt 0.542990 0.255577
vt 0.539322 0.275351
vt 0.548021 0.260427
f 2162/5986/2162 1122/5987/1122 176/5988/176
vt 0.671845 0.518068
vt 0.670994 0.546702
vt 0.671224 0.546925
f 116/5989/116 1096/5990/1096 2163/5991/2163
vt 0.671224 0.546925
vt 0.672095 0.517921
vt 0.671845 0.518068
f 2163/5992/2163 17/5993/17 116/5994/116
vt 0.662940 0.554623
vt 0.662924 0.555073
vt 0.671224 0.546925
f 114/5995/114 19/5996/19 2163/5997/2163
vt 0.671224 0.546925
vt 0.670994 0.546702
vt 0.662940 0.554623
f 2163/5998/2163 1096/5999/1096 114/6000/114
vt 0.662940 0.554623
vt 0.670994 0.546702
vt 0.671224 0.546925
f 22/6001/22 1068/6002/1068 2163/6003/2163
vt 0.671224 0.546925
vt 0.662924 0.555073
vt 0.662940 0.554623
f 2163/6004/2163 19/6005/19 22/6006/22
vt 0.671845 0.518068
vt 0.672095 0.517921
vt 0.671224 0.546925
f 18/6007/18 17/6008/17 2163/6009/2163
vt 0.671224 0.546925
vt 0.670994 0.546702
vt 0.671845 0.518068
f 2163/6010/2163 1068/6011/1068 18/6012/18
vt 0.569431 0.181117
vt 0.575408 0.170204
vt 0.575583 0.169719
f 142/6013/142 1109/6014/1109 2164/6015/2164
vt 0.575583 0.169719
vt 0.569663 0.180501
vt 0.569431 0.181117
f 2164/6016/2164 58/6017/58 142/6018/142
vt 0.576013 0.182637
vt 0.576269 0.182017
vt 0.575583 0.169719
f 141/6019/141 60/6020/60 2164/6021/2164
vt 0.575583 0.169719
vt 0.575408 0.170204
vt 0.576013 0.182637
f 2164/6022/2164 1109/6023/1109 141/6024/141
vt 0.576013 0.182637
vt 0.575408 0.170204
vt 0.575583 0.169719
f 59/6025/59 1079/6026/1079 2164/6027/2164
vt 0.575583 0.169719
vt 0.576269 0.182017
vt 0.576013 0.182637
f 2164/6028/2164 60/6029/60 59/6030/59
vt 0.569431 0.181117
vt 0.569663 0.180501
vt 0.575583 0.169719
f 55/6031/55 58/6032/58 2164/6033/2164
vt 0.575583 0.169719
vt 0.575408 0.170204
vt 0.569431 0.181117
f 2164/6034/2164 1079/6035/1079 55/6036/55
vt 0.645413 0.566549
vt 0.645154 0.564691
vt 0.653817 0.558553
f 63/6037/63 1083/6038/1083 2165/6039/2165
vt 0.653817 0.558553
vt 0.654052 0.560781
vt 0.645413 0.566549
f 2165/6040/2165 21/6041/21 63/6042/63
vt 0.642548 0.552735
vt 0.651052 0.534999
vt 0.653817 0.558553
f 70/6043/70 24/6044/24 2165/6045/2165
vt 0.653817 0.558553
vt 0.645154 0.564691
vt 0.642548 0.552735
f 2165/6046/2165 1083/6047/1083 70/6048/70
vt 0.661611 0.526620
vt 0.662492 0.552254
vt 0.653817 0.558553
f 23/6049/23 1066/6050/1066 2165/6051/2165
vt 0.653817 0.558553
vt 0.651052 0.534999
vt 0.661611 0.526620
f 2165/6052/2165 24/6053/24 23/6054/23
vt 0.662940 0.554623
vt 0.654052 0.560781
vt 0.653817 0.558553
f 22/6055/22 21/6056/21 2165/6057/2165
vt 0.653817 0.558553
vt 0.662492 0.552254
vt 0.662940 0.554623
f 2165/6058/2165 1066/6059/1066 22/6060/22
vt 0.627483 0.570720
vt 0.628192 0.567605
vt 0.631738 0.569227
f 187/6061/187 1128/6062/1128 2166/6063/2166
vt 0.631738 0.569227
vt 0.631024 0.572026
vt 0.627483 0.570720
f 2166/6064/2166 68/6065/68 187/6066/187
vt 0.632355 0.536671
vt 0.639675 0.540464
vt 0.631738 0.569227
f 186/6067/186 69/6068/69 2166/6069/2166
vt 0.631738 0.569227
vt 0.628192 0.567605
vt 0.632355 0.536671
f 2166/6070/2166 1128/6071/1128 186/6072/186
vt 0.642548 0.552735
vt 0.634488 0.569916
vt 0.631738 0.569227
f 70/6073/70 1081/6074/1081 2166/6075/2166
vt 0.631738 0.569227
vt 0.639675 0.540464
vt 0.642548 0.552735
f 2166/6076/2166 69/6077/69 70/6078/70
vt 0.633813 0.572274
vt 0.631024 0.572026
vt 0.631738 0.569227
f 66/6079/66 68/6080/68 2166/6081/2166
vt 0.631738 0.569227
vt 0.634488 0.569916
vt 0.633813 0.572274
f 2166/6082/2166 1081/6083/1081 66/6084/66
vt 0.633813 0.572274
vt 0.634488 0.569916
vt 0.631737 0.569227
f 192/6085/192 1132/6086/1132 2167/6087/2167
vt 0.631737 0.569227
vt 0.631024 0.572026
vt 0.633813 0.572274
f 2167/6088/2167 155/6089/155 192/6090/192
vt 0.642547 0.552735
vt 0.639673 0.540463
vt 0.631737 0.569227
f 191/6091/191 157/6092/157 2167/6093/2167
vt 0.631737 0.569227
vt 0.634488 0.569916
vt 0.642547 0.552735
f 2167/6094/2167 1132/6095/1132 191/6096/191
vt 0.632354 0.536671
vt 0.628192 0.567605
vt 0.631737 0.569227
f 156/6097/156 1113/6098/1113 2167/6099/2167
vt 0.631737 0.569227
vt 0.639673 0.540463
vt 0.632354 0.536671
f 2167/6100/2167 157/6101/157 156/6102/156
vt 0.627483 0.570720
vt 0.631024 0.572026
vt 0.631737 0.569227
f 154/6103/154 155/6104/155 2167/6105/2167
vt 0.631737 0.569227
vt 0.628192 0.567605
vt 0.627483 0.570720
f 2167/6106/2167 1113/6107/1113 154/6108/154
vt 0.140431 0.138225
vt 0.143508 0.180327
vt 0.276304 0.230784
f 195/6109/195 2168/6110/2168 2169/6111/2169
vt 0.276304 0.230784
vt 0.272918 0.179147
vt 0.140431 0.138225
f 2169/6112/2169 196/6113/196 195/6114/195
vt 0.534090 0.059586
vt 0.534496 0.097141
vt 0.531426 0.097163
f 1137/6115/1137 2170/6116/2170 2171/6117/2171
vt 0.531426 0.097163
vt 0.531426 0.059951
vt 0.534090 0.059586
f 2172/6118/2172 1138/6119/1138 1137/6120/1137
vt 0.533939 0.134290
vt 0.531426 0.134375
vt 0.531426 0.097163
f 292/6121/292 2173/6122/2173 2174/6123/2174
vt 0.531426 0.097163
vt 0.534496 0.097141
vt 0.533939 0.134290
f 2175/6124/2175 2170/6125/2170 292/6126/292
vt 0.404191 0.218525
vt 0.272918 0.179147
vt 0.276304 0.230784
f 286/6127/286 196/6128/196 2169/6129/2169
vt 0.276304 0.230784
vt 0.409101 0.281241
vt 0.404191 0.218525
f 2169/6130/2169 1190/6131/1190 286/6132/286
vt 0.534091 0.059576
vt 0.531426 0.059940
vt 0.531426 0.096993
f 1154/6133/1154 2176/6134/2176 2177/6135/2177
vt 0.531426 0.096993
vt 0.534496 0.096971
vt 0.534091 0.059576
f 2177/6136/2177 2178/6137/2178 1154/6138/1154
vt 0.139871 0.138085
vt 0.271924 0.178865
vt 0.275305 0.230434
f 221/6139/221 226/6140/226 2179/6141/2179
vt 0.275305 0.230434
vt 0.142941 0.180152
vt 0.139871 0.138085
f 2180/6142/2180 1150/6143/1150 221/6144/221
vt 0.402766 0.218105
vt 0.407668 0.280716
vt 0.275305 0.230434
f 328/6145/328 2181/6146/2181 2182/6147/2182
vt 0.275305 0.230434
vt 0.271924 0.178865
vt 0.402766 0.218105
f 2183/6148/2183 226/6149/226 328/6150/328
vt 0.533940 0.133962
vt 0.534496 0.096971
vt 0.531426 0.096993
f 327/6151/327 2178/6152/2178 2177/6153/2177
vt 0.531426 0.096993
vt 0.531426 0.134047
vt 0.533940 0.133962
f 2177/6154/2177 1213/6155/1213 327/6156/327
vt 0.541287 0.056996
vt 0.540867 0.025024
vt 0.537673 0.026642
f 262/6157/262 1170/6158/1170 2184/6159/2184
vt 0.537673 0.026642
vt 0.537673 0.058893
vt 0.541287 0.056996
f 2184/6160/2184 2185/6161/2185 262/6162/262
vt 0.541707 0.021899
vt 0.537673 0.023520
vt 0.537673 0.026642
f 256/6163/256 2186/6164/2186 2184/6165/2184
vt 0.537673 0.026642
vt 0.540867 0.025024
vt 0.541707 0.021899
f 2184/6166/2184 1170/6167/1170 256/6168/256
vt 0.533640 0.021899
vt 0.534479 0.025024
vt 0.537673 0.026642
f 211/6169/211 1143/6170/1143 2184/6171/2184
vt 0.537673 0.026642
vt 0.537673 0.023520
vt 0.533640 0.021899
f 2184/6172/2184 2186/6173/2186 211/6174/211
vt 0.534059 0.056996
vt 0.537673 0.058893
vt 0.537673 0.026642
f 208/6175/208 2185/6176/2185 2184/6177/2184
vt 0.537673 0.026642
vt 0.534479 0.025024
vt 0.534059 0.056996
f 2184/6178/2184 1143/6179/1143 208/6180/208
vt 0.541713 0.022465
vt 0.540866 0.026230
vt 0.537673 0.027892
f 245/6181/245 1163/6182/1163 2187/6183/2187
vt 0.537673 0.027892
vt 0.537673 0.024123
vt 0.541713 0.022465
f 2187/6184/2187 2188/6185/2188 245/6186/245
vt 0.541256 0.059586
vt 0.537673 0.061577
vt 0.537673 0.027892
f 1162/6187/1162 2189/6188/2189 2187/6189/2187
vt 0.537673 0.027892
vt 0.540866 0.026230
vt 0.541256 0.059586
f 2187/6190/2187 1163/6191/1163 1162/6192/1162
vt 0.534090 0.059586
vt 0.534481 0.026230
vt 0.537673 0.027892
f 1137/6193/1137 1134/6194/1134 2187/6195/2187
vt 0.537673 0.027892
vt 0.537673 0.061577
vt 0.534090 0.059586
f 2187/6196/2187 2189/6197/2189 1137/6198/1137
vt 0.533633 0.022465
vt 0.537673 0.024123
vt 0.537673 0.027892
f 200/6199/200 2188/6200/2188 2187/6201/2187
vt 0.537673 0.027892
vt 0.534481 0.026230
vt 0.533633 0.022465
f 2187/6202/2187 1134/6203/1134 200/6204/200
vt 0.402517 0.333041
vt 0.399555 0.290429
vt 0.268118 0.240321
f 263/6205/263 2190/6206/2190 2191/6207/2191
vt 0.268118 0.240321
vt 0.271368 0.292561
vt 0.402517 0.333041
f 2191/6208/2191 264/6209/264 263/6210/263
vt 0.541256 0.059576
vt 0.540851 0.096971
vt 0.543921 0.096993
f 1179/6211/1179 2192/6212/2192 2193/6213/2193
vt 0.543921 0.096993
vt 0.543921 0.059940
vt 0.541256 0.059576
f 2194/6214/2194 1180/6215/1180 1179/6216/1179
vt 0.541407 0.133962
vt 0.543921 0.134047
vt 0.543921 0.096993
f 334/6217/334 2195/6218/2195 2196/6219/2196
vt 0.543921 0.096993
vt 0.540851 0.096971
vt 0.541407 0.133962
f 2197/6220/2197 2192/6221/2192 334/6222/334
vt 0.141418 0.253634
vt 0.271368 0.292561
vt 0.268118 0.240321
f 330/6223/330 264/6224/264 2191/6225/2191
vt 0.268118 0.240321
vt 0.136680 0.190213
vt 0.141418 0.253634
f 2191/6226/2191 1218/6227/1218 330/6228/330
vt 0.541256 0.059576
vt 0.540866 0.026362
vt 0.537673 0.028017
f 1179/6229/1179 1176/6230/1176 2198/6231/2198
vt 0.537673 0.028017
vt 0.537673 0.061559
vt 0.541256 0.059576
f 2198/6232/2198 2199/6233/2199 1179/6234/1179
vt 0.541713 0.022613
vt 0.537673 0.024263
vt 0.537673 0.028017
f 268/6235/268 2200/6236/2200 2198/6237/2198
vt 0.537673 0.028017
vt 0.540866 0.026362
vt 0.541713 0.022613
f 2198/6238/2198 1176/6239/1176 268/6240/268
vt 0.533634 0.022613
vt 0.534481 0.026362
vt 0.537673 0.028017
f 217/6241/217 1149/6242/1149 2198/6243/2198
vt 0.537673 0.028017
vt 0.537673 0.024263
vt 0.533634 0.022613
f 2198/6244/2198 2200/6245/2200 217/6246/217
vt 0.534091 0.059576
vt 0.537673 0.061559
vt 0.537673 0.028017
f 1154/6247/1154 2199/6248/2199 2198/6249/2198
vt 0.537673 0.028017
vt 0.534481 0.026362
vt 0.534091 0.059576
f 2198/6250/2198 1149/6251/1149 1154/6252/1154
vt 0.541706 0.022046
vt 0.540867 0.025157
vt 0.537673 0.026768
f 285/6253/285 1184/6254/1184 2201/6255/2201
vt 0.537673 0.026768
vt 0.537673 0.023661
vt 0.541706 0.022046
f 2201/6256/2201 2202/6257/2202 285/6258/285
vt 0.541287 0.056990
vt 0.537673 0.058880
vt 0.537673 0.026768
f 280/6259/280 2203/6260/2203 2201/6261/2201
vt 0.537673 0.026768
vt 0.540867 0.025157
vt 0.541287 0.056990
f 2201/6262/2201 1184/6263/1184 280/6264/280
vt 0.534060 0.056990
vt 0.534480 0.025157
vt 0.537673 0.026768
f 232/6265/232 1157/6266/1157 2201/6267/2201
vt 0.537673 0.026768
vt 0.537673 0.058880
vt 0.534060 0.056990
f 2201/6268/2201 2203/6269/2203 232/6270/232
vt 0.533641 0.022046
vt 0.537673 0.023661
vt 0.537673 0.026768
f 228/6271/228 2202/6272/2202 2201/6273/2201
vt 0.537673 0.026768
vt 0.534480 0.025157
vt 0.533641 0.022046
f 2201/6274/2201 1157/6275/1157 228/6276/228
vt 0.140090 0.253218
vt 0.135341 0.189691
vt 0.267251 0.239972
f 303/6277/303 2204/6278/2204 2205/6279/2205
vt 0.267251 0.239972
vt 0.270509 0.292281
vt 0.140090 0.253218
f 2205/6280/2205 244/6281/244 303/6282/303
vt 0.541408 0.134290
vt 0.540851 0.097141
vt 0.543921 0.097163
f 302/6283/302 2206/6284/2206 2207/6285/2207
vt 0.543921 0.097163
vt 0.543921 0.134375
vt 0.541408 0.134290
f 2208/6286/2208 1200/6287/1200 302/6288/302
vt 0.541256 0.059586
vt 0.543921 0.059951
vt 0.543921 0.097163
f 1162/6289/1162 1165/6290/1165 2209/6291/2209
vt 0.543921 0.097163
vt 0.540851 0.097141
vt 0.541256 0.059586
f 2210/6292/2210 2206/6293/2206 1162/6294/1162
vt 0.402131 0.332903
vt 0.270509 0.292281
vt 0.267251 0.239972
f 240/6295/240 244/6296/244 2205/6297/2205
vt 0.267251 0.239972
vt 0.399161 0.290254
vt 0.402131 0.332903
f 2205/6298/2205 2211/6299/2211 240/6300/240
vt 0.539775 0.032928
vt 0.541423 0.032889
vt 0.542857 0.029166
f 1234/6301/1234 2212/6302/2212 2213/6303/2213
vt 0.542857 0.029166
vt 0.540596 0.029169
vt 0.539775 0.032928
f 2213/6304/2213 2214/6305/2214 1234/6306/1234
vt 0.717203 0.415716
vt 0.710616 0.332594
vt 0.675485 0.330468
f 345/6307/345 349/6308/349 2215/6309/2215
vt 0.675485 0.330468
vt 0.682172 0.407905
vt 0.717203 0.415716
f 2216/6310/2216 1230/6311/1230 345/6312/345
vt 0.694137 0.254585
vt 0.668799 0.253032
vt 0.675485 0.330468
f 381/6313/381 2217/6314/2217 2218/6315/2218
vt 0.675485 0.330468
vt 0.710616 0.332594
vt 0.694137 0.254585
f 2219/6316/2219 349/6317/349 381/6318/381
vt 0.541489 0.025474
vt 0.540596 0.029169
vt 0.542857 0.029166
f 380/6319/380 2214/6320/2214 2213/6321/2213
vt 0.542857 0.029166
vt 0.544291 0.025442
vt 0.541489 0.025474
f 2213/6322/2213 1246/6323/1246 380/6324/380
vt 0.541489 0.204535
vt 0.544291 0.204566
vt 0.542857 0.200843
f 385/6325/385 2220/6326/2220 2221/6327/2221
vt 0.542857 0.200843
vt 0.540596 0.200839
vt 0.541489 0.204535
f 2221/6328/2221 2222/6329/2222 385/6330/385
vt 0.965101 0.254589
vt 0.948628 0.332601
vt 0.983756 0.330468
f 394/6331/394 365/6332/365 2223/6333/2223
vt 0.983756 0.330468
vt 0.990443 0.253032
vt 0.965101 0.254589
f 2224/6334/2224 1258/6335/1258 394/6336/394
vt 0.942041 0.415722
vt 0.977070 0.407905
vt 0.983756 0.330468
f 364/6337/364 2225/6338/2225 2226/6339/2226
vt 0.983756 0.330468
vt 0.948628 0.332601
vt 0.942041 0.415722
f 2227/6340/2227 365/6341/365 364/6342/364
vt 0.539775 0.197081
vt 0.540596 0.200839
vt 0.542857 0.200843
f 1236/6343/1236 2222/6344/2222 2221/6345/2221
vt 0.542857 0.200843
vt 0.541423 0.197119
vt 0.539775 0.197081
f 2221/6346/2221 1237/6347/1237 1236/6348/1236
vt 0.542175 0.085214
vt 0.545726 0.085159
vt 0.545726 0.115251
f 415/6349/415 2228/6350/2228 2229/6351/2229
vt 0.545726 0.115251
vt 0.542245 0.115127
vt 0.542175 0.085214
f 2229/6352/2229 404/6353/404 415/6354/415
vt 0.788590 0.204835
vt 0.829621 0.199549
vt 0.829621 0.180044
f 413/6355/413 406/6356/406 2230/6357/2230
vt 0.829621 0.180044
vt 0.775366 0.180044
vt 0.788590 0.204835
f 2231/6358/2231 1274/6359/1274 413/6360/413
vt 0.870656 0.204835
vt 0.883876 0.180044
vt 0.829621 0.180044
f 408/6361/408 2232/6362/2232 2233/6363/2233
vt 0.829621 0.180044
vt 0.829621 0.199549
vt 0.870656 0.204835
f 2234/6364/2234 406/6365/406 408/6366/408
vt 0.542175 0.145034
vt 0.542245 0.115127
vt 0.545726 0.115251
f 405/6367/405 404/6368/404 2229/6369/2229
vt 0.545726 0.115251
vt 0.545726 0.145342
vt 0.542175 0.145034
f 2229/6370/2229 1265/6371/1265 405/6372/405
vt 0.536900 0.053966
vt 0.538685 0.054024
vt 0.541032 0.054372
f 440/6373/440 2235/6374/2235 2236/6375/2236
vt 0.541032 0.054372
vt 0.538726 0.054295
vt 0.536900 0.053966
f 2236/6376/2236 418/6377/418 440/6378/440
vt 0.704408 0.102537
vt 0.705722 0.128007
vt 0.720304 0.128562
f 448/6379/448 421/6380/421 2237/6381/2237
vt 0.720304 0.128562
vt 0.719900 0.102821
vt 0.704408 0.102537
f 2238/6382/2238 1337/6383/1337 448/6384/448
vt 0.705441 0.154345
vt 0.720707 0.154303
vt 0.720304 0.128562
f 420/6385/420 2239/6386/2239 2240/6387/2240
vt 0.720304 0.128562
vt 0.705722 0.128007
vt 0.705441 0.154345
f 2241/6388/2241 421/6389/421 420/6390/420
vt 0.540489 0.054794
vt 0.538726 0.054295
vt 0.541032 0.054372
f 419/6391/419 418/6392/418 2236/6393/2236
vt 0.541032 0.054372
vt 0.543379 0.054720
vt 0.540489 0.054794
f 2236/6394/2236 1280/6395/1280 419/6396/419
vt 0.676595 0.101972
vt 0.662156 0.101687
vt 0.662141 0.126323
f 453/6397/453 2242/6398/2242 2243/6399/2243
vt 0.662141 0.126323
vt 0.676690 0.126867
vt 0.676595 0.101972
f 2243/6400/2243 372/6401/372 453/6402/453
vt 0.537401 0.021742
vt 0.539047 0.021736
vt 0.541031 0.021735
f 451/6403/451 374/6404/374 2244/6405/2244
vt 0.541031 0.021735
vt 0.538684 0.021743
vt 0.537401 0.021742
f 2245/6406/2245 1345/6407/1345 451/6408/451
vt 0.540645 0.021766
vt 0.543378 0.021727
vt 0.541031 0.021735
f 378/6409/378 1245/6410/1245 2246/6411/2246
vt 0.541031 0.021735
vt 0.539047 0.021736
vt 0.540645 0.021766
f 2247/6412/2247 374/6413/374 378/6414/378
vt 0.677060 0.151826
vt 0.676690 0.126867
vt 0.662141 0.126323
f 373/6415/373 372/6416/372 2243/6417/2243
vt 0.662141 0.126323
vt 0.662127 0.150959
vt 0.677060 0.151826
f 2243/6418/2243 2248/6419/2248 373/6420/373
vt 0.537399 0.208266
vt 0.538684 0.208266
vt 0.541031 0.208274
f 454/6421/454 2249/6422/2249 2250/6423/2250
vt 0.541031 0.208274
vt 0.539047 0.208273
vt 0.537399 0.208266
f 2250/6424/2250 387/6425/387 454/6426/454
vt 0.982160 0.101969
vt 0.982225 0.126861
vt 0.997100 0.126323
f 459/6427/459 392/6428/392 2251/6429/2251
vt 0.997100 0.126323
vt 0.997086 0.101687
vt 0.982160 0.101969
f 2252/6430/2252 1359/6431/1359 459/6432/459
vt 0.982022 0.151795
vt 0.997115 0.150959
vt 0.997100 0.126323
f 393/6433/393 2253/6434/2253 2254/6435/2254
vt 0.997100 0.126323
vt 0.982225 0.126861
vt 0.982022 0.151795
f 2255/6436/2255 392/6437/392 393/6438/393
vt 0.540646 0.208243
vt 0.539047 0.208273
vt 0.541031 0.208274
f 388/6439/388 387/6440/387 2250/6441/2250
vt 0.541031 0.208274
vt 0.543378 0.208282
vt 0.540646 0.208243
f 2250/6442/2250 1253/6443/1253 388/6444/388
vt 0.953348 0.102522
vt 0.937379 0.102799
vt 0.937630 0.128547
f 466/6445/466 2256/6446/2256 2257/6447/2257
vt 0.937630 0.128547
vt 0.952539 0.127995
vt 0.953348 0.102522
f 2257/6448/2257 397/6449/397 466/6450/466
vt 0.536897 0.175018
vt 0.538726 0.175150
vt 0.541031 0.175155
f 464/6451/464 398/6452/398 2258/6453/2258
vt 0.541031 0.175155
vt 0.538684 0.175015
vt 0.536897 0.175018
f 2259/6454/2259 1370/6455/1370 464/6456/464
vt 0.540490 0.175102
vt 0.543378 0.175294
vt 0.541031 0.175155
f 401/6457/401 1264/6458/1264 2260/6459/2260
vt 0.541031 0.175155
vt 0.538726 0.175150
vt 0.540490 0.175102
f 2261/6460/2261 398/6461/398 401/6462/401
vt 0.953341 0.154330
vt 0.952539 0.127995
vt 0.937630 0.128547
f 395/6463/395 397/6464/397 2257/6465/2257
vt 0.937630 0.128547
vt 0.937881 0.154296
vt 0.953341 0.154330
f 2257/6466/2257 2262/6467/2262 395/6468/395
vt 0.535730 0.029656
vt 0.536337 0.029729
vt 0.536337 0.037703
f 1292/6469/1292 2263/6470/2263 2264/6471/2264
vt 0.536337 0.037703
vt 0.535542 0.037706
vt 0.535730 0.029656
f 2264/6472/2264 2265/6473/2265 1292/6474/1292
vt 0.676371 0.023163
vt 0.690817 0.023194
vt 0.690815 0.005248
f 422/6475/422 425/6476/425 2266/6477/2266
vt 0.690815 0.005248
vt 0.676497 0.005411
vt 0.676371 0.023163
f 2267/6478/2267 1288/6479/1288 422/6480/422
vt 0.705145 0.023074
vt 0.705133 0.005085
vt 0.690815 0.005248
f 438/6481/438 2268/6482/2268 2269/6483/2269
vt 0.690815 0.005248
vt 0.690817 0.023194
vt 0.705145 0.023074
f 2270/6484/2270 425/6485/425 438/6486/438
vt 0.535408 0.045808
vt 0.535542 0.037706
vt 0.536337 0.037703
f 1323/6487/1323 2265/6488/2265 2264/6489/2264
vt 0.536337 0.037703
vt 0.536337 0.045677
vt 0.535408 0.045808
f 2264/6490/2264 1324/6491/1324 1323/6492/1323
vt 0.535861 0.021752
vt 0.536337 0.021752
vt 0.536337 0.021753
f 1341/6493/1341 1344/6494/1344 2271/6495/2271
vt 0.536337 0.021753
vt 0.535874 0.021753
vt 0.535861 0.021752
f 2271/6496/2271 2272/6497/2272 1341/6498/1341
vt 0.676503 0.059145
vt 0.676496 0.041227
vt 0.662175 0.041313
f 450/6499/450 423/6500/423 2273/6501/2273
vt 0.662175 0.041313
vt 0.662172 0.059182
vt 0.676503 0.059145
f 2274/6502/2274 2275/6503/2275 450/6504/450
vt 0.676371 0.023163
vt 0.662177 0.023443
vt 0.662175 0.041313
f 422/6505/422 2276/6506/2276 2277/6507/2277
vt 0.662175 0.041313
vt 0.676496 0.041227
vt 0.676371 0.023163
f 2278/6508/2278 423/6509/423 422/6510/422
vt 0.535918 0.021754
vt 0.535874 0.021753
vt 0.536337 0.021753
f 1284/6511/1284 2272/6512/2272 2271/6513/2271
vt 0.536337 0.021753
vt 0.536337 0.021754
vt 0.535918 0.021754
f 2271/6514/2271 1285/6515/1285 1284/6516/1284
vt 0.982184 0.023165
vt 0.982037 0.005404
vt 0.967012 0.005233
f 426/6517/426 2279/6518/2279 2280/6519/2280
vt 0.967012 0.005233
vt 0.967037 0.023188
vt 0.982184 0.023165
f 2280/6520/2280 427/6521/427 426/6522/426
vt 0.535730 0.199962
vt 0.535542 0.191515
vt 0.536337 0.191518
f 1298/6523/1298 2281/6524/2281 2282/6525/2282
vt 0.536337 0.191518
vt 0.536337 0.199885
vt 0.535730 0.199962
f 2283/6526/2283 1299/6527/1299 1298/6528/1298
vt 0.535408 0.183021
vt 0.536337 0.183150
vt 0.536337 0.191518
f 1314/6529/1314 2284/6530/2284 2285/6531/2285
vt 0.536337 0.191518
vt 0.535542 0.191515
vt 0.535408 0.183021
f 2286/6532/2286 2281/6533/2281 1314/6534/1314
vt 0.952013 0.023061
vt 0.967037 0.023188
vt 0.967012 0.005233
f 435/6535/435 427/6536/427 2280/6537/2280
vt 0.967012 0.005233
vt 0.951986 0.005063
vt 0.952013 0.023061
f 2280/6538/2280 1311/6539/1311 435/6540/435
vt 0.982075 0.059145
vt 0.997070 0.059182
vt 0.997067 0.041313
f 456/6541/456 2287/6542/2287 2288/6543/2288
vt 0.997067 0.041313
vt 0.982065 0.041228
vt 0.982075 0.059145
f 2288/6544/2288 429/6545/429 456/6546/456
vt 0.535862 0.208257
vt 0.535874 0.208256
vt 0.536337 0.208256
f 1352/6547/1352 2289/6548/2289 2290/6549/2290
vt 0.536337 0.208256
vt 0.536337 0.208257
vt 0.535862 0.208257
f 2291/6550/2291 1353/6551/1353 1352/6552/1352
vt 0.535921 0.208254
vt 0.536337 0.208254
vt 0.536337 0.208256
f 1294/6553/1294 1297/6554/1297 2292/6555/2292
vt 0.536337 0.208256
vt 0.535874 0.208256
vt 0.535921 0.208254
f 2293/6556/2293 2289/6557/2289 1294/6558/1294
vt 0.982184 0.023165
vt 0.982065 0.041228
vt 0.997067 0.041313
f 426/6559/426 429/6560/429 2288/6561/2288
vt 0.997067 0.041313
vt 0.997065 0.023443
vt 0.982184 0.023165
f 2288/6562/2288 2294/6563/2294 426/6564/426
vt 0.535211 0.083934
vt 0.536337 0.083933
vt 0.536337 0.114216
f 1318/6565/1318 2295/6566/2295 2296/6567/2296
vt 0.536337 0.114216
vt 0.535207 0.114216
vt 0.535211 0.083934
f 2296/6568/2296 2297/6569/2297 1318/6570/1318
vt 0.773848 0.022953
vt 0.828233 0.022947
vt 0.828206 0.004907
f 439/6571/439 433/6572/433 2298/6573/2298
vt 0.828206 0.004907
vt 0.773829 0.004914
vt 0.773848 0.022953
f 2299/6574/2299 1316/6575/1316 439/6576/439
vt 0.882617 0.022939
vt 0.882584 0.004900
vt 0.828206 0.004907
f 434/6577/434 2300/6578/2300 2301/6579/2301
vt 0.828206 0.004907
vt 0.828233 0.022947
vt 0.882617 0.022939
f 2302/6580/2302 433/6581/433 434/6582/434
vt 0.535211 0.144499
vt 0.535207 0.114216
vt 0.536337 0.114216
f 1304/6583/1304 2297/6584/2297 2296/6585/2296
vt 0.536337 0.114216
vt 0.536337 0.144499
vt 0.535211 0.144499
f 2296/6586/2296 1305/6587/1305 1304/6588/1304
vt 0.535188 0.144244
vt 0.536337 0.144576
vt 0.536337 0.114276
f 1365/6589/1365 2303/6590/2303 2304/6591/2304
vt 0.536337 0.114276
vt 0.535205 0.114275
vt 0.535188 0.144244
f 2304/6592/2304 2305/6593/2305 1365/6594/1365
vt 0.882437 0.058453
vt 0.828286 0.058998
vt 0.828313 0.077066
f 463/6595/463 443/6596/443 2306/6597/2306
vt 0.828313 0.077066
vt 0.882721 0.077059
vt 0.882437 0.058453
f 2307/6598/2307 1363/6599/1363 463/6600/463
vt 0.774130 0.058468
vt 0.773905 0.077073
vt 0.828313 0.077066
f 442/6601/442 2308/6602/2308 2309/6603/2309
vt 0.828313 0.077066
vt 0.828286 0.058998
vt 0.774130 0.058468
f 2310/6604/2310 443/6605/443 442/6606/442
vt 0.535188 0.084304
vt 0.535205 0.114275
vt 0.536337 0.114276
f 1328/6607/1328 2305/6608/2305 2304/6609/2304
vt 0.536337 0.114276
vt 0.536337 0.083976
vt 0.535188 0.084304
f 2304/6610/2304 1329/6611/1329 1328/6612/1328
vt 0.534639 0.175441
vt 0.534683 0.176131
vt 0.538177 0.176461
f 1421/6613/1421 1417/6614/1417 2311/6615/2311
vt 0.538177 0.176461
vt 0.538177 0.175772
vt 0.534639 0.175441
f 2311/6616/2311 2312/6617/2312 1421/6618/1421
vt 0.534028 0.182616
vt 0.538177 0.183106
vt 0.538177 0.176461
f 501/6619/501 2313/6620/2313 2311/6621/2311
vt 0.538177 0.176461
vt 0.534683 0.176131
vt 0.534028 0.182616
f 2311/6622/2311 1417/6623/1417 501/6624/501
vt 0.542326 0.182616
vt 0.541672 0.176131
vt 0.538177 0.176461
f 534/6625/534 1463/6626/1463 2311/6627/2311
vt 0.538177 0.176461
vt 0.538177 0.183106
vt 0.542326 0.182616
f 2311/6628/2311 2313/6629/2313 534/6630/534
vt 0.541716 0.175441
vt 0.538177 0.175772
vt 0.538177 0.176461
f 1462/6631/1462 2312/6632/2312 2311/6633/2311
vt 0.538177 0.176461
vt 0.541672 0.176131
vt 0.541716 0.175441
f 2311/6634/2311 1463/6635/1463 1462/6636/1462
vt 0.691131 0.754917
vt 0.783310 0.761243
vt 0.844795 0.761243
f 1457/6637/1457 2314/6638/2314 2315/6639/2315
vt 0.844795 0.761243
vt 0.752349 0.752954
vt 0.691131 0.754917
f 2315/6640/2315 2316/6641/2316 1457/6642/1457
vt 0.541463 0.175299
vt 0.541628 0.175434
vt 0.545088 0.175441
f 1455/6643/1455 2317/6644/2317 2318/6645/2318
vt 0.545088 0.175441
vt 0.545088 0.175441
vt 0.541463 0.175299
f 2319/6646/2319 1456/6647/1456 1455/6648/1455
vt 0.541716 0.175441
vt 0.545088 0.175441
vt 0.545088 0.175441
f 1462/6649/1462 1465/6650/1465 2320/6651/2320
vt 0.545088 0.175441
vt 0.541628 0.175434
vt 0.541716 0.175441
f 2321/6652/2321 2317/6653/2317 1462/6654/1462
vt 0.862927 0.752922
vt 0.752349 0.752954
vt 0.844795 0.761243
f 532/6655/532 2316/6656/2316 2315/6657/2315
vt 0.844795 0.761243
vt 0.906280 0.761243
vt 0.862927 0.752922
f 2315/6658/2315 2322/6659/2322 532/6660/532
vt 0.534831 0.138646
vt 0.534736 0.171908
vt 0.538177 0.170222
f 1411/6661/1411 1407/6662/1407 2323/6663/2323
vt 0.538177 0.170222
vt 0.538177 0.136350
vt 0.534831 0.138646
f 2323/6664/2323 2324/6665/2324 1411/6666/1411
vt 0.534891 0.175299
vt 0.538177 0.173741
vt 0.538177 0.170222
f 1406/6667/1406 2325/6668/2325 2323/6669/2323
vt 0.538177 0.170222
vt 0.534736 0.171908
vt 0.534891 0.175299
f 2323/6670/2323 1407/6671/1407 1406/6672/1406
vt 0.541463 0.175299
vt 0.541619 0.171908
vt 0.538177 0.170222
f 1455/6673/1455 1452/6674/1452 2323/6675/2323
vt 0.538177 0.170222
vt 0.538177 0.173741
vt 0.541463 0.175299
f 2323/6676/2323 2325/6677/2325 1455/6678/1455
vt 0.541524 0.138646
vt 0.538177 0.136350
vt 0.538177 0.170222
f 1451/6679/1451 2324/6680/2324 2323/6681/2323
vt 0.538177 0.170222
vt 0.541619 0.171908
vt 0.541524 0.138646
f 2323/6682/2323 1452/6683/1452 1451/6684/1451
vt 0.862927 0.752922
vt 0.906280 0.761243
vt 0.844795 0.761243
f 496/6685/496 1416/6686/1416 2326/6687/2326
vt 0.844795 0.761243
vt 0.752349 0.752954
vt 0.862927 0.752922
f 2326/6688/2326 2327/6689/2327 496/6690/496
vt 0.534639 0.175441
vt 0.534726 0.175434
vt 0.531266 0.175441
f 1421/6691/1421 2328/6692/2328 2329/6693/2329
vt 0.531266 0.175441
vt 0.531266 0.175441
vt 0.534639 0.175441
f 2330/6694/2330 2331/6695/2331 1421/6696/1421
vt 0.534891 0.175299
vt 0.531266 0.175441
vt 0.531266 0.175441
f 1406/6697/1406 2332/6698/2332 2333/6699/2333
vt 0.531266 0.175441
vt 0.534726 0.175434
vt 0.534891 0.175299
f 2334/6700/2334 2328/6701/2328 1406/6702/1406
vt 0.691131 0.754917
vt 0.752349 0.752954
vt 0.844795 0.761243
f 1402/6703/1402 2327/6704/2327 2326/6705/2326
vt 0.844795 0.761243
vt 0.783310 0.761243
vt 0.691131 0.754917
f 2326/6706/2326 1403/6707/1403 1402/6708/1402
vt 0.639664 0.863933
vt 0.656007 0.889630
vt 0.677946 0.846835
f 526/6709/526 2335/6710/2335 2336/6711/2336
vt 0.677946 0.846835
vt 0.666104 0.797021
vt 0.639664 0.863933
f 2336/6712/2336 2337/6713/2337 526/6714/526
vt 0.542058 0.062699
vt 0.541649 0.100513
vt 0.545089 0.100495
f 1446/6715/1446 2338/6716/2338 2339/6717/2339
vt 0.545089 0.100495
vt 0.545089 0.063022
vt 0.542058 0.062699
f 2340/6718/2340 1447/6719/1447 1446/6720/1446
vt 0.541524 0.138646
vt 0.545089 0.137968
vt 0.545089 0.100495
f 1451/6721/1451 1454/6722/1454 2341/6723/2341
vt 0.545089 0.100495
vt 0.541649 0.100513
vt 0.541524 0.138646
f 2342/6724/2342 2338/6725/2338 1451/6726/1451
vt 0.691131 0.754917
vt 0.666104 0.797021
vt 0.677946 0.846835
f 1457/6727/1457 2337/6728/2337 2336/6729/2336
vt 0.677946 0.846835
vt 0.699886 0.804039
vt 0.691131 0.754917
f 2336/6730/2336 2343/6731/2343 1457/6732/1457
vt 0.533991 0.025549
vt 0.534664 0.029093
vt 0.538177 0.030779
f 490/6733/490 1396/6734/1396 2344/6735/2344
vt 0.538177 0.030779
vt 0.538177 0.027236
vt 0.533991 0.025549
f 2344/6736/2344 2345/6737/2345 490/6738/490
vt 0.534297 0.062699
vt 0.538177 0.064676
vt 0.538177 0.030779
f 1395/6739/1395 2346/6740/2346 2344/6741/2344
vt 0.538177 0.030779
vt 0.534664 0.029093
vt 0.534297 0.062699
f 2344/6742/2344 1396/6743/1396 1395/6744/1395
vt 0.542058 0.062699
vt 0.541691 0.029093
vt 0.538177 0.030779
f 1446/6745/1446 1443/6746/1443 2344/6747/2344
vt 0.538177 0.030779
vt 0.538177 0.064676
vt 0.542058 0.062699
f 2344/6748/2344 2346/6749/2346 1446/6750/1446
vt 0.542364 0.025549
vt 0.538177 0.027236
vt 0.538177 0.030779
f 530/6751/530 2345/6752/2345 2344/6753/2344
vt 0.538177 0.030779
vt 0.541691 0.029093
vt 0.542364 0.025549
f 2344/6754/2344 1443/6755/1443 530/6756/530
vt 0.691131 0.754917
vt 0.699886 0.804039
vt 0.677946 0.846835
f 1402/6757/1402 1405/6758/1405 2347/6759/2347
vt 0.677946 0.846835
vt 0.666104 0.797021
vt 0.691131 0.754917
f 2347/6760/2347 2348/6761/2348 1402/6762/1402
vt 0.534831 0.138646
vt 0.534706 0.100513
vt 0.531266 0.100495
f 1411/6763/1411 2349/6764/2349 2350/6765/2350
vt 0.531266 0.100495
vt 0.531266 0.137968
vt 0.534831 0.138646
f 2351/6766/2351 2352/6767/2352 1411/6768/1411
vt 0.534297 0.062699
vt 0.531266 0.063022
vt 0.531266 0.100495
f 1395/6769/1395 2353/6770/2353 2354/6771/2354
vt 0.531266 0.100495
vt 0.534706 0.100513
vt 0.534297 0.062699
f 2355/6772/2355 2349/6773/2349 1395/6774/1395
vt 0.639664 0.863933
vt 0.666104 0.797021
vt 0.677946 0.846835
f 494/6775/494 2348/6776/2348 2347/6777/2347
vt 0.677946 0.846835
vt 0.656007 0.889630
vt 0.639664 0.863933
f 2347/6778/2347 1392/6779/1392 494/6780/494
vt 0.542104 0.070071
vt 0.545089 0.070375
vt 0.545089 0.115200
f 1441/6781/1441 2356/6782/2356 2357/6783/2357
vt 0.545089 0.115200
vt 0.541690 0.115218
vt 0.542104 0.070071
f 2357/6784/2357 2358/6785/2358 1441/6786/1441
vt 0.590195 0.859942
vt 0.609433 0.788435
vt 0.565269 0.830041
f 521/6787/521 2359/6788/2359 2360/6789/2360
vt 0.565269 0.830041
vt 0.557414 0.881234
vt 0.590195 0.859942
f 2361/6790/2361 1437/6791/1437 521/6792/521
vt 0.621272 0.738343
vt 0.573124 0.778849
vt 0.565269 0.830041
f 516/6793/516 2362/6794/2362 2363/6795/2363
vt 0.565269 0.830041
vt 0.609433 0.788435
vt 0.621272 0.738343
f 2364/6796/2364 2359/6797/2359 516/6798/516
vt 0.542297 0.160701
vt 0.541690 0.115218
vt 0.545089 0.115200
f 511/6799/511 2358/6800/2358 2357/6801/2357
vt 0.545089 0.115200
vt 0.545089 0.160025
vt 0.542297 0.160701
f 2357/6802/2357 1430/6803/1430 511/6804/511
vt 0.590195 0.859942
vt 0.557414 0.881234
vt 0.565269 0.830041
f 481/6805/481 2365/6806/2365 2366/6807/2366
vt 0.565269 0.830041
vt 0.609433 0.788435
vt 0.590195 0.859942
f 2366/6808/2366 2367/6809/2367 481/6810/481
vt 0.534251 0.070071
vt 0.534665 0.115218
vt 0.531266 0.115200
f 1387/6811/1387 2368/6812/2368 2369/6813/2369
vt 0.531266 0.115200
vt 0.531266 0.070375
vt 0.534251 0.070071
f 2370/6814/2370 1388/6815/1388 1387/6816/1387
vt 0.534058 0.160701
vt 0.531266 0.160025
vt 0.531266 0.115200
f 477/6817/477 2371/6818/2371 2372/6819/2372
vt 0.531266 0.115200
vt 0.534665 0.115218
vt 0.534058 0.160701
f 2373/6820/2373 2368/6821/2368 477/6822/477
vt 0.621272 0.738343
vt 0.609433 0.788435
vt 0.565269 0.830041
f 476/6823/476 2367/6824/2367 2366/6825/2366
vt 0.565269 0.830041
vt 0.573124 0.778849
vt 0.621272 0.738343
f 2366/6826/2366 1379/6827/1379 476/6828/476
vt 0.542408 0.025549
vt 0.541695 0.029793
vt 0.538177 0.031810
f 520/6829/520 1436/6830/1436 2374/6831/2374
vt 0.538177 0.031810
vt 0.538177 0.027567
vt 0.542408 0.025549
f 2374/6832/2374 2375/6833/2375 520/6834/520
vt 0.542104 0.070071
vt 0.538177 0.072361
vt 0.538177 0.031810
f 1441/6835/1441 2376/6836/2376 2374/6837/2374
vt 0.538177 0.031810
vt 0.541695 0.029793
vt 0.542104 0.070071
f 2374/6838/2374 1436/6839/1436 1441/6840/1441
vt 0.534251 0.070071
vt 0.534660 0.029793
vt 0.538177 0.031810
f 1387/6841/1387 1384/6842/1384 2374/6843/2374
vt 0.538177 0.031810
vt 0.538177 0.072361
vt 0.534251 0.070071
f 2374/6844/2374 2376/6845/2376 1387/6846/1387
vt 0.533947 0.025549
vt 0.538177 0.027567
vt 0.538177 0.031810
f 488/6847/488 2375/6848/2375 2374/6849/2374
vt 0.538177 0.031810
vt 0.534660 0.029793
vt 0.533947 0.025549
f 2374/6850/2374 1384/6851/1384 488/6852/488
vt 0.534368 0.175441
vt 0.534412 0.176131
vt 0.537906 0.176462
f 1566/6853/1566 1562/6854/1562 2377/6855/2377
vt 0.537906 0.176462
vt 0.537906 0.175772
vt 0.534368 0.175441
f 2377/6856/2377 2378/6857/2378 1566/6858/1566
vt 0.533758 0.182616
vt 0.537906 0.183106
vt 0.537906 0.176462
f 609/6859/609 2379/6860/2379 2377/6861/2377
vt 0.537906 0.176462
vt 0.534412 0.176131
vt 0.533758 0.182616
f 2377/6862/2377 1562/6863/1562 609/6864/609
vt 0.542055 0.182616
vt 0.541401 0.176131
vt 0.537906 0.176462
f 572/6865/572 1510/6866/1510 2377/6867/2377
vt 0.537906 0.176462
vt 0.537906 0.183106
vt 0.542055 0.182616
f 2377/6868/2377 2379/6869/2379 572/6870/572
vt 0.541445 0.175441
vt 0.537906 0.175772
vt 0.537906 0.176462
f 1509/6871/1509 2378/6872/2378 2377/6873/2377
vt 0.537906 0.176462
vt 0.541401 0.176131
vt 0.541445 0.175441
f 2377/6874/2377 1510/6875/1510 1509/6876/1509
vt 0.691131 0.754917
vt 0.783310 0.761243
vt 0.844795 0.761243
f 1504/6877/1504 2380/6878/2380 2381/6879/2381
vt 0.844795 0.761243
vt 0.752349 0.752954
vt 0.691131 0.754917
f 2381/6880/2381 2382/6881/2382 1504/6882/1504
vt 0.541192 0.175299
vt 0.541358 0.175434
vt 0.544818 0.175441
f 1502/6883/1502 2383/6884/2383 2384/6885/2384
vt 0.544818 0.175441
vt 0.544818 0.175441
vt 0.541192 0.175299
f 2385/6886/2385 1503/6887/1503 1502/6888/1502
vt 0.541445 0.175441
vt 0.544818 0.175441
vt 0.544818 0.175441
f 1509/6889/1509 1512/6890/1512 2386/6891/2386
vt 0.544818 0.175441
vt 0.541358 0.175434
vt 0.541445 0.175441
f 2387/6892/2387 2383/6893/2383 1509/6894/1509
vt 0.862927 0.752922
vt 0.752349 0.752954
vt 0.844795 0.761243
f 570/6895/570 2382/6896/2382 2381/6897/2381
vt 0.844795 0.761243
vt 0.906280 0.761243
vt 0.862927 0.752922
f 2381/6898/2381 2388/6899/2388 570/6900/570
vt 0.534560 0.138646
vt 0.534465 0.171908
vt 0.537907 0.170222
f 1556/6901/1556 1552/6902/1552 2389/6903/2389
vt 0.537907 0.170222
vt 0.537907 0.136350
vt 0.534560 0.138646
f 2389/6904/2389 2390/6905/2390 1556/6906/1556
vt 0.534621 0.175299
vt 0.537907 0.173741
vt 0.537907 0.170222
f 1551/6907/1551 2391/6908/2391 2389/6909/2389
vt 0.537907 0.170222
vt 0.534465 0.171908
vt 0.534621 0.175299
f 2389/6910/2389 1552/6911/1552 1551/6912/1551
vt 0.541192 0.175299
vt 0.541348 0.171908
vt 0.537907 0.170222
f 1502/6913/1502 1499/6914/1499 2389/6915/2389
vt 0.537907 0.170222
vt 0.537907 0.173741
vt 0.541192 0.175299
f 2389/6916/2389 2391/6917/2391 1502/6918/1502
vt 0.541253 0.138646
vt 0.537907 0.136350
vt 0.537907 0.170222
f 1498/6919/1498 2390/6920/2390 2389/6921/2389
vt 0.537907 0.170222
vt 0.541348 0.171908
vt 0.541253 0.138646
f 2389/6922/2389 1499/6923/1499 1498/6924/1498
vt 0.862927 0.752922
vt 0.906280 0.761243
vt 0.844795 0.761243
f 604/6925/604 1561/6926/1561 2392/6927/2392
vt 0.844795 0.761243
vt 0.752349 0.752954
vt 0.862927 0.752922
f 2392/6928/2392 2393/6929/2393 604/6930/604
vt 0.534368 0.175441
vt 0.534455 0.175434
vt 0.530995 0.175441
f 1566/6931/1566 2394/6932/2394 2395/6933/2395
vt 0.530995 0.175441
vt 0.530995 0.175441
vt 0.534368 0.175441
f 2396/6934/2396 2397/6935/2397 1566/6936/1566
vt 0.534621 0.175299
vt 0.530995 0.175441
vt 0.530995 0.175441
f 1551/6937/1551 2398/6938/2398 2399/6939/2399
vt 0.530995 0.175441
vt 0.534455 0.175434
vt 0.534621 0.175299
f 2400/6940/2400 2394/6941/2394 1551/6942/1551
vt 0.691131 0.754917
vt 0.752349 0.752954
vt 0.844795 0.761243
f 1547/6943/1547 2393/6944/2393 2392/6945/2392
vt 0.844795 0.761243
vt 0.783310 0.761243
vt 0.691131 0.754917
f 2392/6946/2392 1548/6947/1548 1547/6948/1547
vt 0.639664 0.863933
vt 0.656007 0.889630
vt 0.677946 0.846835
f 564/6949/564 2401/6950/2401 2402/6951/2402
vt 0.677946 0.846835
vt 0.666104 0.797021
vt 0.639664 0.863933
f 2402/6952/2402 2403/6953/2403 564/6954/564
vt 0.541787 0.062699
vt 0.541378 0.100513
vt 0.544818 0.100495
f 1493/6955/1493 2404/6956/2404 2405/6957/2405
vt 0.544818 0.100495
vt 0.544818 0.063022
vt 0.541787 0.062699
f 2406/6958/2406 1494/6959/1494 1493/6960/1493
vt 0.541253 0.138646
vt 0.544818 0.137968
vt 0.544818 0.100495
f 1498/6961/1498 1501/6962/1501 2407/6963/2407
vt 0.544818 0.100495
vt 0.541378 0.100513
vt 0.541253 0.138646
f 2408/6964/2408 2404/6965/2404 1498/6966/1498
vt 0.691131 0.754917
vt 0.666104 0.797021
vt 0.677946 0.846835
f 1504/6967/1504 2403/6968/2403 2402/6969/2402
vt 0.677946 0.846835
vt 0.699886 0.804039
vt 0.691131 0.754917
f 2402/6970/2402 2409/6971/2409 1504/6972/1504
vt 0.533720 0.025549
vt 0.534393 0.029093
vt 0.537907 0.030780
f 598/6973/598 1541/6974/1541 2410/6975/2410
vt 0.537907 0.030780
vt 0.537907 0.027236
vt 0.533720 0.025549
f 2410/6976/2410 2411/6977/2411 598/6978/598
vt 0.534026 0.062699
vt 0.537907 0.064676
vt 0.537907 0.030780
f 1540/6979/1540 2412/6980/2412 2410/6981/2410
vt 0.537907 0.030780
vt 0.534393 0.029093
vt 0.534026 0.062699
f 2410/6982/2410 1541/6983/1541 1540/6984/1540
vt 0.541787 0.062699
vt 0.541420 0.029093
vt 0.537907 0.030780
f 1493/6985/1493 1490/6986/1490 2410/6987/2410
vt 0.537907 0.030780
vt 0.537907 0.064676
vt 0.541787 0.062699
f 2410/6988/2410 2412/6989/2412 1493/6990/1493
vt 0.542093 0.025550
vt 0.537907 0.027236
vt 0.537907 0.030780
f 568/6991/568 2411/6992/2411 2410/6993/2410
vt 0.537907 0.030780
vt 0.541420 0.029093
vt 0.542093 0.025550
f 2410/6994/2410 1490/6995/1490 568/6996/568
vt 0.691131 0.754917
vt 0.699886 0.804039
vt 0.677946 0.846835
f 1547/6997/1547 1550/6998/1550 2413/6999/2413
vt 0.677946 0.846835
vt 0.666104 0.797021
vt 0.691131 0.754917
f 2413/7000/2413 2414/7001/2414 1547/7002/1547
vt 0.534560 0.138646
vt 0.534435 0.100513
vt 0.530995 0.100495
f 1556/7003/1556 2415/7004/2415 2416/7005/2416
vt 0.530995 0.100495
vt 0.530995 0.137968
vt 0.534560 0.138646
f 2417/7006/2417 2418/7007/2418 1556/7008/1556
vt 0.534026 0.062699
vt 0.530995 0.063022
vt 0.530995 0.100495
f 1540/7009/1540 2419/7010/2419 2420/7011/2420
vt 0.530995 0.100495
vt 0.534435 0.100513
vt 0.534026 0.062699
f 2421/7012/2421 2415/7013/2415 1540/7014/1540
vt 0.639664 0.863933
vt 0.666104 0.797021
vt 0.677946 0.846835
f 602/7015/602 2414/7016/2414 2413/7017/2413
vt 0.677946 0.846835
vt 0.656007 0.889630
vt 0.639664 0.863933
f 2413/7018/2413 1537/7019/1537 602/7020/602
vt 0.542137 0.025549
vt 0.541424 0.029793
vt 0.537907 0.031810
f 558/7021/558 1484/7022/1484 2422/7023/2422
vt 0.537907 0.031810
vt 0.537907 0.027567
vt 0.542137 0.025549
f 2422/7024/2422 2423/7025/2423 558/7026/558
vt 0.541833 0.070071
vt 0.537907 0.072361
vt 0.537907 0.031810
f 1483/7027/1483 2424/7028/2424 2422/7029/2422
vt 0.537907 0.031810
vt 0.541424 0.029793
vt 0.541833 0.070071
f 2422/7030/2422 1484/7031/1484 1483/7032/1483
vt 0.533980 0.070071
vt 0.534389 0.029793
vt 0.537907 0.031810
f 1533/7033/1533 1529/7034/1529 2422/7035/2422
vt 0.537907 0.031810
vt 0.537907 0.072361
vt 0.533980 0.070071
f 2422/7036/2422 2424/7037/2424 1533/7038/1533
vt 0.533676 0.025549
vt 0.537907 0.027567
vt 0.537907 0.031810
f 596/7039/596 2423/7040/2423 2422/7041/2422
vt 0.537907 0.031810
vt 0.534389 0.029793
vt 0.533676 0.025549
f 2422/7042/2422 1529/7043/1529 596/7044/596
vt 0.541833 0.070071
vt 0.544818 0.070375
vt 0.544818 0.115200
f 1483/7045/1483 2425/7046/2425 2426/7047/2426
vt 0.544818 0.115200
vt 0.541419 0.115218
vt 0.541833 0.070071
f 2426/7048/2426 2427/7049/2427 1483/7050/1483
vt 0.590195 0.859942
vt 0.609433 0.788435
vt 0.565269 0.830041
f 559/7051/559 2428/7052/2428 2429/7053/2429
vt 0.565269 0.830041
vt 0.557414 0.881234
vt 0.590195 0.859942
f 2430/7054/2430 1480/7055/1480 559/7056/559
vt 0.621272 0.738343
vt 0.573124 0.778849
vt 0.565269 0.830041
f 554/7057/554 2431/7058/2431 2432/7059/2432
vt 0.565269 0.830041
vt 0.609433 0.788435
vt 0.621272 0.738343
f 2433/7060/2433 2428/7061/2428 554/7062/554
vt 0.542026 0.160701
vt 0.541419 0.115218
vt 0.544818 0.115200
f 547/7063/547 2427/7064/2427 2426/7065/2426
vt 0.544818 0.115200
vt 0.544818 0.160025
vt 0.542026 0.160701
f 2426/7066/2426 1475/7067/1475 547/7068/547
vt 0.590195 0.859942
vt 0.557414 0.881234
vt 0.565269 0.830041
f 589/7069/589 1528/7070/1528 2434/7071/2434
vt 0.565269 0.830041
vt 0.609433 0.788435
vt 0.590195 0.859942
f 2434/7072/2434 2435/7073/2435 589/7074/589
vt 0.533980 0.070071
vt 0.534394 0.115218
vt 0.530995 0.115200
f 1533/7075/1533 2436/7076/2436 2437/7077/2437
vt 0.530995 0.115200
vt 0.530995 0.070375
vt 0.533980 0.070071
f 2438/7078/2438 2439/7079/2439 1533/7080/1533
vt 0.533787 0.160701
vt 0.530995 0.160025
vt 0.530995 0.115200
f 587/7081/587 2440/7082/2440 2441/7083/2441
vt 0.530995 0.115200
vt 0.534394 0.115218
vt 0.533787 0.160701
f 2442/7084/2442 2436/7085/2436 587/7086/587
vt 0.621272 0.738343
vt 0.609433 0.788435
vt 0.565269 0.830041
f 586/7087/586 2435/7088/2435 2434/7089/2434
vt 0.565269 0.830041
vt 0.573124 0.778849
vt 0.621272 0.738343
f 2434/7090/2434 1522/7091/1522 586/7092/586
vt 0.541527 0.039266
vt 0.541321 0.035717
vt 0.538079 0.035737
f 1637/7093/1637 1640/7094/1640 2443/7095/2443
vt 0.538079 0.035737
vt 0.538079 0.039233
vt 0.541527 0.039266
f 2443/7096/2443 2444/7097/2444 1637/7098/1637
vt 0.541887 0.032624
vt 0.538079 0.032599
vt 0.538079 0.035737
f 655/7099/655 2445/7100/2445 2443/7101/2443
vt 0.538079 0.035737
vt 0.541321 0.035717
vt 0.541887 0.032624
f 2443/7102/2443 1640/7103/1640 655/7104/655
vt 0.534271 0.032624
vt 0.534837 0.035717
vt 0.538079 0.035737
f 615/7105/615 1571/7106/1571 2443/7107/2443
vt 0.538079 0.035737
vt 0.538079 0.032599
vt 0.534271 0.032624
f 2443/7108/2443 2445/7109/2445 615/7110/615
vt 0.534630 0.039266
vt 0.538079 0.039233
vt 0.538079 0.035737
f 1570/7111/1570 2444/7112/2444 2443/7113/2443
vt 0.538079 0.035737
vt 0.534837 0.035717
vt 0.534630 0.039266
f 2443/7114/2443 1571/7115/1571 1570/7116/1570
vt 0.541566 0.046456
vt 0.544477 0.046282
vt 0.544477 0.042745
f 1653/7117/1653 2446/7118/2446 2447/7119/2447
vt 0.544477 0.042745
vt 0.541305 0.042756
vt 0.541566 0.046456
f 2447/7120/2447 2448/7121/2448 1653/7122/1653
vt 0.679376 0.971706
vt 0.708241 0.977889
vt 0.515696 0.974166
f 1648/7123/1648 2449/7124/2449 2450/7125/2450
vt 0.515696 0.974166
vt 0.549783 0.969803
vt 0.679376 0.971706
f 2451/7126/2451 1649/7127/1649 1648/7128/1648
vt 0.584597 0.982355
vt 0.481608 0.978529
vt 0.515696 0.974166
f 659/7129/659 2452/7130/2452 2453/7131/2453
vt 0.515696 0.974166
vt 0.708241 0.977889
vt 0.584597 0.982355
f 2454/7132/2454 2449/7133/2449 659/7134/659
vt 0.541527 0.039266
vt 0.541305 0.042756
vt 0.544477 0.042745
f 1637/7135/1637 2448/7136/2448 2447/7137/2447
vt 0.544477 0.042745
vt 0.544477 0.039207
vt 0.541527 0.039266
f 2447/7138/2447 1638/7139/1638 1637/7140/1637
vt 0.679376 0.971706
vt 0.549783 0.969803
vt 0.515696 0.974166
f 1583/7141/1583 2455/7142/2455 2456/7143/2456
vt 0.515696 0.974166
vt 0.708241 0.977889
vt 0.679376 0.971706
f 2456/7144/2456 2457/7145/2457 1583/7146/1583
vt 0.534591 0.046456
vt 0.534853 0.042756
vt 0.531681 0.042745
f 1581/7147/1581 2458/7148/2458 2459/7149/2459
vt 0.531681 0.042745
vt 0.531681 0.046282
vt 0.534591 0.046456
f 2460/7150/2460 1582/7151/1582 1581/7152/1581
vt 0.534630 0.039266
vt 0.531681 0.039207
vt 0.531681 0.042745
f 1570/7153/1570 1573/7154/1573 2461/7155/2461
vt 0.531681 0.042745
vt 0.534853 0.042756
vt 0.534630 0.039266
f 2462/7156/2462 2458/7157/2458 1570/7158/1570
vt 0.584597 0.982355
vt 0.708241 0.977889
vt 0.515696 0.974166
f 611/7159/611 2457/7160/2457 2456/7161/2456
vt 0.515696 0.974166
vt 0.481608 0.978529
vt 0.584597 0.982355
f 2456/7162/2456 2463/7163/2463 611/7164/611
vt 0.541343 0.049820
vt 0.541295 0.049492
vt 0.538079 0.049333
f 664/7165/664 1647/7166/1647 2464/7167/2464
vt 0.538079 0.049333
vt 0.538079 0.049652
vt 0.541343 0.049820
f 2464/7168/2464 623/7169/623 664/7170/664
vt 0.541566 0.046456
vt 0.538079 0.046140
vt 0.538079 0.049333
f 1653/7171/1653 2465/7172/2465 2464/7173/2464
vt 0.538079 0.049333
vt 0.541295 0.049492
vt 0.541566 0.046456
f 2464/7174/2464 1647/7175/1647 1653/7176/1653
vt 0.534591 0.046456
vt 0.534862 0.049492
vt 0.538079 0.049333
f 1581/7177/1581 1578/7178/1578 2464/7179/2464
vt 0.538079 0.049333
vt 0.538079 0.046140
vt 0.534591 0.046456
f 2464/7180/2464 2465/7181/2465 1581/7182/1581
vt 0.534815 0.049820
vt 0.538079 0.049652
vt 0.538079 0.049333
f 620/7183/620 623/7184/623 2464/7185/2464
vt 0.538079 0.049333
vt 0.534862 0.049492
vt 0.534815 0.049820
f 2464/7186/2464 1578/7187/1578 620/7188/620
vt 0.541315 0.049824
vt 0.544477 0.049820
vt 0.544477 0.049820
f 666/7189/666 2466/7190/2466 2467/7191/2467
vt 0.544477 0.049820
vt 0.541280 0.049820
vt 0.541315 0.049824
f 2467/7192/2467 665/7193/665 666/7194/666
vt 0.845472 0.971184
vt 0.801918 0.973403
vt 0.694879 0.965440
f 1659/7195/1659 2468/7196/2468 2469/7197/2469
vt 0.694879 0.965440
vt 0.750384 0.965440
vt 0.845472 0.971184
f 2470/7198/2470 1660/7199/1660 1659/7200/1659
vt 0.679376 0.971706
vt 0.639375 0.965440
vt 0.694879 0.965440
f 1648/7201/1648 2471/7202/2471 2472/7203/2472
vt 0.694879 0.965440
vt 0.801918 0.973403
vt 0.679376 0.971706
f 2473/7204/2473 2468/7205/2468 1648/7206/1648
vt 0.541343 0.049820
vt 0.541280 0.049820
vt 0.544477 0.049820
f 664/7207/664 665/7208/665 2467/7209/2467
vt 0.544477 0.049820
vt 0.544477 0.049820
vt 0.541343 0.049820
f 2467/7210/2467 1645/7211/1645 664/7212/664
vt 0.845472 0.971184
vt 0.750384 0.965440
vt 0.694879 0.965440
f 1593/7213/1593 2474/7214/2474 2475/7215/2475
vt 0.694879 0.965440
vt 0.801918 0.973403
vt 0.845472 0.971184
f 2475/7216/2475 2476/7217/2476 1593/7218/1593
vt 0.534843 0.049824
vt 0.534878 0.049820
vt 0.531681 0.049820
f 625/7219/625 621/7220/621 2477/7221/2477
vt 0.531681 0.049820
vt 0.531681 0.049820
vt 0.534843 0.049824
f 2478/7222/2478 1592/7223/1592 625/7224/625
vt 0.534815 0.049820
vt 0.531681 0.049820
vt 0.531681 0.049820
f 620/7225/620 1580/7226/1580 2479/7227/2479
vt 0.531681 0.049820
vt 0.534878 0.049820
vt 0.534815 0.049820
f 2480/7228/2480 621/7229/621 620/7230/620
vt 0.679376 0.971706
vt 0.801918 0.973403
vt 0.694879 0.965440
f 1583/7231/1583 2476/7232/2476 2475/7233/2475
vt 0.694879 0.965440
vt 0.639375 0.965440
vt 0.679376 0.971706
f 2475/7234/2475 2481/7235/2481 1583/7236/1583
vt 0.541377 0.055233
vt 0.541285 0.050339
vt 0.538079 0.050588
f 1655/7237/1655 1658/7238/1658 2482/7239/2482
vt 0.538079 0.050588
vt 0.538079 0.055584
vt 0.541377 0.055233
f 2482/7240/2482 2483/7241/2483 1655/7242/1655
vt 0.541315 0.049824
vt 0.538079 0.050082
vt 0.538079 0.050588
f 666/7243/666 624/7244/624 2482/7245/2482
vt 0.538079 0.050588
vt 0.541285 0.050339
vt 0.541315 0.049824
f 2482/7246/2482 1658/7247/1658 666/7248/666
vt 0.534843 0.049824
vt 0.534873 0.050339
vt 0.538079 0.050588
f 625/7249/625 1589/7250/1589 2482/7251/2482
vt 0.538079 0.050588
vt 0.538079 0.050082
vt 0.534843 0.049824
f 2482/7252/2482 624/7253/624 625/7254/625
vt 0.534781 0.055233
vt 0.538079 0.055584
vt 0.538079 0.050588
f 1588/7255/1588 2483/7256/2483 2482/7257/2482
vt 0.538079 0.050588
vt 0.534873 0.050339
vt 0.534781 0.055233
f 2482/7258/2482 1589/7259/1589 1588/7260/1588
vt 0.541384 0.066642
vt 0.544477 0.066402
vt 0.544477 0.060875
f 1674/7261/1674 2484/7262/2484 2485/7263/2485
vt 0.544477 0.060875
vt 0.541288 0.060881
vt 0.541384 0.066642
f 2485/7264/2485 2486/7265/2486 1674/7266/1674
vt 0.874188 0.946973
vt 0.871429 0.966031
vt 0.827704 0.951805
f 1669/7267/1669 2487/7268/2487 2488/7269/2488
vt 0.827704 0.951805
vt 0.838612 0.944987
vt 0.874188 0.946973
f 2489/7270/2489 1670/7271/1670 1669/7272/1669
vt 0.845472 0.971184
vt 0.816796 0.958622
vt 0.827704 0.951805
f 1659/7273/1659 2490/7274/2490 2491/7275/2491
vt 0.827704 0.951805
vt 0.871429 0.966031
vt 0.845472 0.971184
f 2492/7276/2492 2487/7277/2487 1659/7278/1659
vt 0.541377 0.055233
vt 0.541288 0.060881
vt 0.544477 0.060875
f 1655/7279/1655 2486/7280/2486 2485/7281/2485
vt 0.544477 0.060875
vt 0.544477 0.055347
vt 0.541377 0.055233
f 2485/7282/2485 1656/7283/1656 1655/7284/1655
vt 0.874188 0.946973
vt 0.838612 0.944987
vt 0.827704 0.951805
f 1604/7285/1604 2493/7286/2493 2494/7287/2494
vt 0.827704 0.951805
vt 0.871429 0.966031
vt 0.874188 0.946973
f 2494/7288/2494 2495/7289/2495 1604/7290/1604
vt 0.534774 0.066642
vt 0.534870 0.060881
vt 0.531681 0.060875
f 1602/7291/1602 2496/7292/2496 2497/7293/2497
vt 0.531681 0.060875
vt 0.531681 0.066402
vt 0.534774 0.066642
f 2498/7294/2498 1603/7295/1603 1602/7296/1602
vt 0.534781 0.055233
vt 0.531681 0.055347
vt 0.531681 0.060875
f 1588/7297/1588 1591/7298/1591 2499/7299/2499
vt 0.531681 0.060875
vt 0.534870 0.060881
vt 0.534781 0.055233
f 2500/7300/2500 2496/7301/2496 1588/7302/1588
vt 0.845472 0.971184
vt 0.871429 0.966031
vt 0.827704 0.951805
f 1593/7303/1593 2495/7304/2495 2494/7305/2494
vt 0.827704 0.951805
vt 0.816796 0.958622
vt 0.845472 0.971184
f 2494/7306/2494 2501/7307/2501 1593/7308/1593
vt 0.541508 0.105795
vt 0.541295 0.074662
vt 0.538079 0.075965
f 1665/7309/1665 1668/7310/1668 2502/7311/2502
vt 0.538079 0.075965
vt 0.538079 0.107662
vt 0.541508 0.105795
f 2502/7312/2502 2503/7313/2503 1665/7314/1665
vt 0.541384 0.066642
vt 0.538079 0.067729
vt 0.538079 0.075965
f 1674/7315/1674 2504/7316/2504 2502/7317/2502
vt 0.538079 0.075965
vt 0.541295 0.074662
vt 0.541384 0.066642
f 2502/7318/2502 1668/7319/1668 1674/7320/1674
vt 0.534774 0.066642
vt 0.534863 0.074662
vt 0.538079 0.075965
f 1602/7321/1602 1599/7322/1599 2502/7323/2502
vt 0.538079 0.075965
vt 0.538079 0.067729
vt 0.534774 0.066642
f 2502/7324/2502 2504/7325/2504 1602/7326/1602
vt 0.534650 0.105795
vt 0.538079 0.107662
vt 0.538079 0.075965
f 1598/7327/1598 2503/7328/2503 2502/7329/2502
vt 0.538079 0.075965
vt 0.534863 0.074662
vt 0.534650 0.105795
f 2502/7330/2502 1599/7331/1599 1598/7332/1598
vt 0.932850 0.850119
vt 0.955055 0.825545
vt 0.967871 0.883084
f 676/7333/676 2505/7334/2505 2506/7335/2506
vt 0.967871 0.883084
vt 0.942771 0.931130
vt 0.932850 0.850119
f 2506/7336/2506 2507/7337/2507 676/7338/676
vt 0.541680 0.163612
vt 0.541326 0.116582
vt 0.544477 0.116592
f 1687/7339/1687 2508/7340/2508 2509/7341/2509
vt 0.544477 0.116592
vt 0.544477 0.163244
vt 0.541680 0.163612
f 2510/7342/2510 1688/7343/1688 1687/7344/1687
vt 0.541828 0.069372
vt 0.544477 0.069940
vt 0.544477 0.116592
f 686/7345/686 2511/7346/2511 2512/7347/2512
vt 0.544477 0.116592
vt 0.541326 0.116582
vt 0.541828 0.069372
f 2513/7348/2513 2508/7349/2508 686/7350/686
vt 0.952142 0.988498
vt 0.942771 0.931130
vt 0.967871 0.883084
f 685/7351/685 2507/7352/2507 2506/7353/2506
vt 0.967871 0.883084
vt 0.980688 0.940624
vt 0.952142 0.988498
f 2506/7354/2506 1692/7355/1692 685/7356/685
vt 0.534148 0.209895
vt 0.534823 0.205482
vt 0.538079 0.203383
f 635/7357/635 1621/7358/1621 2514/7359/2514
vt 0.538079 0.203383
vt 0.538079 0.207796
vt 0.534148 0.209895
f 2514/7360/2514 2515/7361/2515 635/7362/635
vt 0.534478 0.163612
vt 0.538079 0.161181
vt 0.538079 0.203383
f 1620/7363/1620 2516/7364/2516 2514/7365/2514
vt 0.538079 0.203383
vt 0.534823 0.205482
vt 0.534478 0.163612
f 2514/7366/2514 1621/7367/1621 1620/7368/1620
vt 0.541680 0.163612
vt 0.541335 0.205482
vt 0.538079 0.203383
f 1687/7369/1687 1684/7370/1684 2514/7371/2514
vt 0.538079 0.203383
vt 0.538079 0.161181
vt 0.541680 0.163612
f 2514/7372/2514 2516/7373/2516 1687/7374/1687
vt 0.542010 0.209895
vt 0.538079 0.207796
vt 0.538079 0.203383
f 680/7375/680 2515/7376/2515 2514/7377/2514
vt 0.538079 0.203383
vt 0.541335 0.205482
vt 0.542010 0.209895
f 2514/7378/2514 1684/7379/1684 680/7380/680
vt 0.952142 0.988498
vt 0.980688 0.940624
vt 0.967871 0.883084
f 648/7381/648 2517/7382/2517 2518/7383/2518
vt 0.967871 0.883084
vt 0.942771 0.931130
vt 0.952142 0.988498
f 2518/7384/2518 2519/7385/2519 648/7386/648
vt 0.534331 0.069372
vt 0.534833 0.116582
vt 0.531681 0.116592
f 641/7387/641 2520/7388/2520 2521/7389/2521
vt 0.531681 0.116592
vt 0.531681 0.069940
vt 0.534331 0.069372
f 2522/7390/2522 1627/7391/1627 641/7392/641
vt 0.534478 0.163612
vt 0.531681 0.163244
vt 0.531681 0.116592
f 1620/7393/1620 2523/7394/2523 2524/7395/2524
vt 0.531681 0.116592
vt 0.534833 0.116582
vt 0.534478 0.163612
f 2525/7396/2525 2520/7397/2520 1620/7398/1620
vt 0.932850 0.850119
vt 0.942771 0.931130
vt 0.967871 0.883084
f 639/7399/639 2519/7400/2519 2518/7401/2518
vt 0.967871 0.883084
vt 0.955055 0.825545
vt 0.932850 0.850119
f 2518/7402/2518 1617/7403/1617 639/7404/639
vt 0.541690 0.175621
vt 0.544477 0.175404
vt 0.544477 0.140912
f 1682/7405/1682 2526/7406/2526 2527/7407/2527
vt 0.544477 0.140912
vt 0.541310 0.140892
vt 0.541690 0.175621
f 2527/7408/2527 2528/7409/2528 1682/7410/1682
vt 0.885744 0.842983
vt 0.886696 0.915198
vt 0.857156 0.853088
f 671/7411/671 2529/7412/2529 2530/7413/2530
vt 0.857156 0.853088
vt 0.860973 0.810546
vt 0.885744 0.842983
f 2531/7414/2531 1678/7415/1678 671/7416/671
vt 0.874188 0.946973
vt 0.853338 0.895629
vt 0.857156 0.853088
f 1669/7417/1669 2532/7418/2532 2533/7419/2533
vt 0.857156 0.853088
vt 0.886696 0.915198
vt 0.874188 0.946973
f 2534/7420/2534 2529/7421/2529 1669/7422/1669
vt 0.541508 0.105795
vt 0.541310 0.140892
vt 0.544477 0.140912
f 1665/7423/1665 2528/7424/2528 2527/7425/2527
vt 0.544477 0.140912
vt 0.544477 0.106421
vt 0.541508 0.105795
f 2527/7426/2527 1666/7427/1666 1665/7428/1665
vt 0.885744 0.842983
vt 0.860973 0.810546
vt 0.857156 0.853088
f 626/7429/626 2535/7430/2535 2536/7431/2536
vt 0.857156 0.853088
vt 0.886696 0.915198
vt 0.885744 0.842983
f 2536/7432/2536 2537/7433/2537 626/7434/626
vt 0.534468 0.175621
vt 0.534848 0.140892
vt 0.531681 0.140912
f 1612/7435/1612 2538/7436/2538 2539/7437/2539
vt 0.531681 0.140912
vt 0.531681 0.175404
vt 0.534468 0.175621
f 2540/7438/2540 1613/7439/1613 1612/7440/1612
vt 0.534650 0.105795
vt 0.531681 0.106421
vt 0.531681 0.140912
f 1598/7441/1598 1601/7442/1601 2541/7443/2541
vt 0.531681 0.140912
vt 0.534848 0.140892
vt 0.534650 0.105795
f 2542/7444/2542 2538/7445/2538 1598/7446/1598
vt 0.874188 0.946973
vt 0.886696 0.915198
vt 0.857156 0.853088
f 1604/7447/1604 2537/7448/2537 2536/7449/2536
vt 0.857156 0.853088
vt 0.853338 0.895629
vt 0.874188 0.946973
f 2536/7450/2536 2543/7451/2543 1604/7452/1604
vt 0.541950 0.209895
vt 0.541332 0.206630
vt 0.538079 0.205077
f 670/7453/670 1677/7454/1677 2544/7455/2544
vt 0.538079 0.205077
vt 0.538079 0.208343
vt 0.541950 0.209895
f 2544/7456/2544 2545/7457/2545 670/7458/670
vt 0.541690 0.175621
vt 0.538079 0.173873
vt 0.538079 0.205077
f 1682/7459/1682 2546/7460/2546 2544/7461/2544
vt 0.538079 0.205077
vt 0.541332 0.206630
vt 0.541690 0.175621
f 2544/7462/2544 1677/7463/1677 1682/7464/1682
vt 0.534468 0.175621
vt 0.534826 0.206630
vt 0.538079 0.205077
f 1612/7465/1612 1609/7466/1609 2544/7467/2544
vt 0.538079 0.205077
vt 0.538079 0.173873
vt 0.534468 0.175621
f 2544/7468/2544 2546/7469/2546 1612/7470/1612
vt 0.534208 0.209895
vt 0.538079 0.208343
vt 0.538079 0.205077
f 633/7471/633 2545/7472/2545 2544/7473/2544
vt 0.538079 0.205077
vt 0.534826 0.206630
vt 0.534208 0.209895
f 2544/7474/2544 1609/7475/1609 633/7476/633
vt 0.541277 0.039266
vt 0.541070 0.035717
vt 0.537828 0.035737
f 1708/7477/1708 1704/7478/1704 2547/7479/2547
vt 0.537828 0.035737
vt 0.537828 0.039233
vt 0.541277 0.039266
f 2547/7480/2547 2548/7481/2548 1708/7482/1708
vt 0.541636 0.032624
vt 0.537828 0.032599
vt 0.537828 0.035737
f 696/7483/696 2549/7484/2549 2547/7485/2547
vt 0.537828 0.035737
vt 0.541070 0.035717
vt 0.541636 0.032624
f 2547/7486/2547 1704/7487/1704 696/7488/696
vt 0.534020 0.032624
vt 0.534586 0.035717
vt 0.537828 0.035737
f 735/7489/735 1781/7490/1781 2547/7491/2547
vt 0.537828 0.035737
vt 0.537828 0.032599
vt 0.534020 0.032624
f 2547/7492/2547 2549/7493/2549 735/7494/735
vt 0.534380 0.039266
vt 0.537828 0.039233
vt 0.537828 0.035737
f 1780/7495/1780 2548/7496/2548 2547/7497/2547
vt 0.537828 0.035737
vt 0.534586 0.035717
vt 0.534380 0.039266
f 2547/7498/2547 1781/7499/1781 1780/7500/1780
vt 0.541092 0.049820
vt 0.541045 0.049492
vt 0.537828 0.049333
f 701/7501/701 1717/7502/1717 2550/7503/2550
vt 0.537828 0.049333
vt 0.537828 0.049652
vt 0.541092 0.049820
f 2550/7504/2550 702/7505/702 701/7506/701
vt 0.541316 0.046456
vt 0.537828 0.046140
vt 0.537828 0.049333
f 1716/7507/1716 2551/7508/2551 2550/7509/2550
vt 0.537828 0.049333
vt 0.541045 0.049492
vt 0.541316 0.046456
f 2550/7510/2550 1717/7511/1717 1716/7512/1716
vt 0.534341 0.046456
vt 0.534612 0.049492
vt 0.537828 0.049333
f 1795/7513/1795 1791/7514/1791 2550/7515/2550
vt 0.537828 0.049333
vt 0.537828 0.046140
vt 0.534341 0.046456
f 2550/7516/2550 2551/7517/2551 1795/7518/1795
vt 0.534564 0.049820
vt 0.537828 0.049652
vt 0.537828 0.049333
f 744/7519/744 702/7520/702 2550/7521/2550
vt 0.537828 0.049333
vt 0.534612 0.049492
vt 0.534564 0.049820
f 2550/7522/2550 1791/7523/1791 744/7524/744
vt 0.541316 0.046456
vt 0.544226 0.046282
vt 0.544226 0.042745
f 1716/7525/1716 2552/7526/2552 2553/7527/2553
vt 0.544226 0.042745
vt 0.541054 0.042756
vt 0.541316 0.046456
f 2553/7528/2553 2554/7529/2554 1716/7530/1716
vt 0.679376 0.971706
vt 0.708241 0.977889
vt 0.515696 0.974166
f 1712/7531/1712 2555/7532/2555 2556/7533/2556
vt 0.515696 0.974166
vt 0.549783 0.969803
vt 0.679376 0.971706
f 2557/7534/2557 1713/7535/1713 1712/7536/1712
vt 0.584597 0.982355
vt 0.481608 0.978529
vt 0.515696 0.974166
f 692/7537/692 1703/7538/1703 2558/7539/2558
vt 0.515696 0.974166
vt 0.708241 0.977889
vt 0.584597 0.982355
f 2559/7540/2559 2555/7541/2555 692/7542/692
vt 0.541277 0.039266
vt 0.541054 0.042756
vt 0.544226 0.042745
f 1708/7543/1708 2554/7544/2554 2553/7545/2553
vt 0.544226 0.042745
vt 0.544226 0.039207
vt 0.541277 0.039266
f 2553/7546/2553 2560/7547/2560 1708/7548/1708
vt 0.679376 0.971706
vt 0.549783 0.969803
vt 0.515696 0.974166
f 1787/7549/1787 1790/7550/1790 2561/7551/2561
vt 0.515696 0.974166
vt 0.708241 0.977889
vt 0.679376 0.971706
f 2561/7552/2561 2562/7553/2562 1787/7554/1787
vt 0.534341 0.046456
vt 0.534602 0.042756
vt 0.531431 0.042745
f 1795/7555/1795 2563/7556/2563 2564/7557/2564
vt 0.531431 0.042745
vt 0.531431 0.046282
vt 0.534341 0.046456
f 2565/7558/2565 2566/7559/2566 1795/7560/1795
vt 0.534380 0.039266
vt 0.531430 0.039207
vt 0.531431 0.042745
f 1780/7561/1780 2567/7562/2567 2568/7563/2568
vt 0.531431 0.042745
vt 0.534602 0.042756
vt 0.534380 0.039266
f 2569/7564/2569 2563/7565/2563 1780/7566/1780
vt 0.584597 0.982355
vt 0.708241 0.977889
vt 0.515696 0.974166
f 739/7567/739 2562/7568/2562 2561/7569/2561
vt 0.515696 0.974166
vt 0.481608 0.978529
vt 0.584597 0.982355
f 2561/7570/2561 1777/7571/1777 739/7572/739
vt 0.541126 0.055233
vt 0.541034 0.050339
vt 0.537828 0.050588
f 1732/7573/1732 1728/7574/1728 2570/7575/2570
vt 0.537828 0.050588
vt 0.537828 0.055584
vt 0.541126 0.055233
f 2570/7576/2570 2571/7577/2571 1732/7578/1732
vt 0.541064 0.049824
vt 0.537828 0.050082
vt 0.537828 0.050588
f 706/7579/706 705/7580/705 2570/7581/2570
vt 0.537828 0.050588
vt 0.541034 0.050339
vt 0.541064 0.049824
f 2570/7582/2570 1728/7583/1728 706/7584/706
vt 0.534592 0.049824
vt 0.534623 0.050339
vt 0.537828 0.050588
f 746/7585/746 1804/7586/1804 2570/7587/2570
vt 0.537828 0.050588
vt 0.537828 0.050082
vt 0.534592 0.049824
f 2570/7588/2570 705/7589/705 746/7590/746
vt 0.534531 0.055233
vt 0.537828 0.055584
vt 0.537828 0.050588
f 1803/7591/1803 2571/7592/2571 2570/7593/2570
vt 0.537828 0.050588
vt 0.534623 0.050339
vt 0.534531 0.055233
f 2570/7594/2570 1804/7595/1804 1803/7596/1803
vt 0.541064 0.049824
vt 0.544226 0.049820
vt 0.544226 0.049820
f 706/7597/706 2572/7598/2572 2573/7599/2573
vt 0.544226 0.049820
vt 0.541030 0.049820
vt 0.541064 0.049824
f 2573/7600/2573 704/7601/704 706/7602/706
vt 0.845472 0.971184
vt 0.801918 0.973403
vt 0.694879 0.965440
f 1724/7603/1724 2574/7604/2574 2575/7605/2575
vt 0.694879 0.965440
vt 0.750384 0.965440
vt 0.845472 0.971184
f 2576/7606/2576 1725/7607/1725 1724/7608/1724
vt 0.679376 0.971706
vt 0.639375 0.965440
vt 0.694879 0.965440
f 1712/7609/1712 1715/7610/1715 2577/7611/2577
vt 0.694879 0.965440
vt 0.801918 0.973403
vt 0.679376 0.971706
f 2578/7612/2578 2574/7613/2574 1712/7614/1712
vt 0.541092 0.049820
vt 0.541030 0.049820
vt 0.544226 0.049820
f 701/7615/701 704/7616/704 2573/7617/2573
vt 0.544226 0.049820
vt 0.544226 0.049820
vt 0.541092 0.049820
f 2573/7618/2573 2579/7619/2579 701/7620/701
vt 0.845472 0.971184
vt 0.750384 0.965440
vt 0.694879 0.965440
f 1799/7621/1799 1802/7622/1802 2580/7623/2580
vt 0.694879 0.965440
vt 0.801918 0.973403
vt 0.845472 0.971184
f 2580/7624/2580 2581/7625/2581 1799/7626/1799
vt 0.534592 0.049824
vt 0.534627 0.049820
vt 0.531431 0.049820
f 746/7627/746 745/7628/745 2582/7629/2582
vt 0.531431 0.049820
vt 0.531431 0.049820
vt 0.534592 0.049824
f 2583/7630/2583 2584/7631/2584 746/7632/746
vt 0.534564 0.049820
vt 0.531431 0.049820
vt 0.531431 0.049820
f 744/7633/744 2585/7634/2585 2586/7635/2586
vt 0.531431 0.049820
vt 0.534627 0.049820
vt 0.534564 0.049820
f 2587/7636/2587 745/7637/745 744/7638/744
vt 0.679376 0.971706
vt 0.801918 0.973403
vt 0.694879 0.965440
f 1787/7639/1787 2581/7640/2581 2580/7641/2580
vt 0.694879 0.965440
vt 0.639375 0.965440
vt 0.679376 0.971706
f 2580/7642/2580 1788/7643/1788 1787/7644/1787
vt 0.541258 0.105795
vt 0.541044 0.074662
vt 0.537828 0.075965
f 1745/7645/1745 1741/7646/1741 2588/7647/2588
vt 0.537828 0.075965
vt 0.537828 0.107662
vt 0.541258 0.105795
f 2588/7648/2588 2589/7649/2589 1745/7650/1745
vt 0.541133 0.066642
vt 0.537828 0.067729
vt 0.537828 0.075965
f 1740/7651/1740 2590/7652/2590 2588/7653/2588
vt 0.537828 0.075965
vt 0.541044 0.074662
vt 0.541133 0.066642
f 2588/7654/2588 1741/7655/1741 1740/7656/1740
vt 0.534524 0.066642
vt 0.534613 0.074662
vt 0.537828 0.075965
f 1820/7657/1820 1816/7658/1816 2588/7659/2588
vt 0.537828 0.075965
vt 0.537828 0.067729
vt 0.534524 0.066642
f 2588/7660/2588 2590/7661/2590 1820/7662/1820
vt 0.534399 0.105796
vt 0.537828 0.107662
vt 0.537828 0.075965
f 1815/7663/1815 2589/7664/2589 2588/7665/2588
vt 0.537828 0.075965
vt 0.534613 0.074662
vt 0.534399 0.105796
f 2588/7666/2588 1816/7667/1816 1815/7668/1815
vt 0.541133 0.066642
vt 0.544226 0.066402
vt 0.544226 0.060875
f 1740/7669/1740 2591/7670/2591 2592/7671/2592
vt 0.544226 0.060875
vt 0.541037 0.060881
vt 0.541133 0.066642
f 2592/7672/2592 2593/7673/2593 1740/7674/1740
vt 0.874188 0.946973
vt 0.871429 0.966031
vt 0.827704 0.951805
f 1736/7675/1736 2594/7676/2594 2595/7677/2595
vt 0.827704 0.951805
vt 0.838612 0.944987
vt 0.874188 0.946973
f 2596/7678/2596 1737/7679/1737 1736/7680/1736
vt 0.845472 0.971184
vt 0.816796 0.958622
vt 0.827704 0.951805
f 1724/7681/1724 1727/7682/1727 2597/7683/2597
vt 0.827704 0.951805
vt 0.871429 0.966031
vt 0.845472 0.971184
f 2598/7684/2598 2594/7685/2594 1724/7686/1724
vt 0.541126 0.055233
vt 0.541037 0.060881
vt 0.544226 0.060875
f 1732/7687/1732 2593/7688/2593 2592/7689/2592
vt 0.544226 0.060875
vt 0.544226 0.055347
vt 0.541126 0.055233
f 2592/7690/2592 2599/7691/2599 1732/7692/1732
vt 0.874188 0.946973
vt 0.838612 0.944987
vt 0.827704 0.951805
f 1811/7693/1811 1814/7694/1814 2600/7695/2600
vt 0.827704 0.951805
vt 0.871429 0.966031
vt 0.874188 0.946973
f 2600/7696/2600 2601/7697/2601 1811/7698/1811
vt 0.534524 0.066642
vt 0.534619 0.060881
vt 0.531431 0.060875
f 1820/7699/1820 2602/7700/2602 2603/7701/2603
vt 0.531431 0.060875
vt 0.531431 0.066402
vt 0.534524 0.066642
f 2604/7702/2604 2605/7703/2605 1820/7704/1820
vt 0.534531 0.055233
vt 0.531431 0.055347
vt 0.531431 0.060875
f 1803/7705/1803 2606/7706/2606 2607/7707/2607
vt 0.531431 0.060875
vt 0.534619 0.060881
vt 0.534531 0.055233
f 2608/7708/2608 2602/7709/2602 1803/7710/1803
vt 0.845472 0.971184
vt 0.871429 0.966031
vt 0.827704 0.951805
f 1799/7711/1799 2601/7712/2601 2600/7713/2600
vt 0.827704 0.951805
vt 0.816796 0.958622
vt 0.845472 0.971184
f 2600/7714/2600 1800/7715/1800 1799/7716/1799
vt 0.932850 0.850119
vt 0.955055 0.825545
vt 0.967872 0.883084
f 716/7717/716 2609/7718/2609 2610/7719/2610
vt 0.967872 0.883084
vt 0.942771 0.931130
vt 0.932850 0.850119
f 2610/7720/2610 2611/7721/2611 716/7722/716
vt 0.541429 0.163612
vt 0.541075 0.116582
vt 0.544226 0.116592
f 1762/7723/1762 2612/7724/2612 2613/7725/2613
vt 0.544226 0.116592
vt 0.544226 0.163244
vt 0.541429 0.163612
f 2614/7726/2614 1763/7727/1763 1762/7728/1762
vt 0.541577 0.069372
vt 0.544226 0.069940
vt 0.544226 0.116592
f 726/7729/726 2615/7730/2615 2616/7731/2616
vt 0.544226 0.116592
vt 0.541075 0.116582
vt 0.541577 0.069372
f 2617/7732/2617 2612/7733/2612 726/7734/726
vt 0.952142 0.988498
vt 0.942771 0.931130
vt 0.967872 0.883084
f 725/7735/725 2611/7736/2611 2610/7737/2610
vt 0.967872 0.883084
vt 0.980688 0.940624
vt 0.952142 0.988498
f 2610/7738/2610 1767/7739/1767 725/7740/725
vt 0.533897 0.209895
vt 0.534573 0.205482
vt 0.537828 0.203383
f 756/7741/756 1838/7742/1838 2618/7743/2618
vt 0.537828 0.203383
vt 0.537828 0.207796
vt 0.533897 0.209895
f 2618/7744/2618 2619/7745/2619 756/7746/756
vt 0.534227 0.163612
vt 0.537828 0.161181
vt 0.537828 0.203383
f 1837/7747/1837 2620/7748/2620 2618/7749/2618
vt 0.537828 0.203383
vt 0.534573 0.205482
vt 0.534227 0.163612
f 2618/7750/2618 1838/7751/1838 1837/7752/1837
vt 0.541429 0.163612
vt 0.541084 0.205482
vt 0.537828 0.203383
f 1762/7753/1762 1759/7754/1759 2618/7755/2618
vt 0.537828 0.203383
vt 0.537828 0.161181
vt 0.541429 0.163612
f 2618/7756/2618 2620/7757/2620 1762/7758/1762
vt 0.541760 0.209895
vt 0.537828 0.207796
vt 0.537828 0.203383
f 720/7759/720 2619/7760/2619 2618/7761/2618
vt 0.537828 0.203383
vt 0.541084 0.205482
vt 0.541760 0.209895
f 2618/7762/2618 1759/7763/1759 720/7764/720
vt 0.952142 0.988498
vt 0.980688 0.940624
vt 0.967872 0.883084
f 767/7765/767 2621/7766/2621 2622/7767/2622
vt 0.967872 0.883084
vt 0.942771 0.931130
vt 0.952142 0.988498
f 2622/7768/2622 2623/7769/2623 767/7770/767
vt 0.534080 0.069372
vt 0.534582 0.116582
vt 0.531431 0.116592
f 762/7771/762 2624/7772/2624 2625/7773/2625
vt 0.531431 0.116592
vt 0.531431 0.069940
vt 0.534080 0.069372
f 2626/7774/2626 1844/7775/1844 762/7776/762
vt 0.534227 0.163612
vt 0.531431 0.163244
vt 0.531431 0.116592
f 1837/7777/1837 2627/7778/2627 2628/7779/2628
vt 0.531431 0.116592
vt 0.534582 0.116582
vt 0.534227 0.163612
f 2629/7780/2629 2624/7781/2624 1837/7782/1837
vt 0.932850 0.850119
vt 0.942771 0.931130
vt 0.967872 0.883084
f 760/7783/760 2623/7784/2623 2622/7785/2622
vt 0.967872 0.883084
vt 0.955055 0.825545
vt 0.932850 0.850119
f 2622/7786/2622 1834/7787/1834 760/7788/760
vt 0.541699 0.209895
vt 0.541081 0.206630
vt 0.537828 0.205077
f 710/7789/710 1753/7790/1753 2630/7791/2630
vt 0.537828 0.205077
vt 0.537828 0.208343
vt 0.541699 0.209895
f 2630/7792/2630 2631/7793/2631 710/7794/710
vt 0.541440 0.175621
vt 0.537828 0.173873
vt 0.537828 0.205077
f 1752/7795/1752 2632/7796/2632 2630/7797/2630
vt 0.537828 0.205077
vt 0.541081 0.206630
vt 0.541440 0.175621
f 2630/7798/2630 1753/7799/1753 1752/7800/1752
vt 0.534217 0.175621
vt 0.534575 0.206630
vt 0.537828 0.205077
f 1830/7801/1830 1826/7802/1826 2630/7803/2630
vt 0.537828 0.205077
vt 0.537828 0.173873
vt 0.534217 0.175621
f 2630/7804/2630 2632/7805/2632 1830/7806/1830
vt 0.533958 0.209895
vt 0.537828 0.208343
vt 0.537828 0.205077
f 754/7807/754 2631/7808/2631 2630/7809/2630
vt 0.537828 0.205077
vt 0.534575 0.206630
vt 0.533958 0.209895
f 2630/7810/2630 1826/7811/1826 754/7812/754
vt 0.541440 0.175621
vt 0.544226 0.175404
vt 0.544226 0.140912
f 1752/7813/1752 2633/7814/2633 2634/7815/2634
vt 0.544226 0.140912
vt 0.541059 0.140892
vt 0.541440 0.175621
f 2634/7816/2634 2635/7817/2635 1752/7818/1752
vt 0.885744 0.842983
vt 0.886696 0.915198
vt 0.857156 0.853088
f 711/7819/711 2636/7820/2636 2637/7821/2637
vt 0.857156 0.853088
vt 0.860973 0.810546
vt 0.885744 0.842983
f 2638/7822/2638 1749/7823/1749 711/7824/711
vt 0.874188 0.946973
vt 0.853338 0.895629
vt 0.857156 0.853088
f 1736/7825/1736 1739/7826/1739 2639/7827/2639
vt 0.857156 0.853088
vt 0.886696 0.915198
vt 0.874188 0.946973
f 2640/7828/2640 2636/7829/2636 1736/7830/1736
vt 0.541258 0.105795
vt 0.541059 0.140892
vt 0.544226 0.140912
f 1745/7831/1745 2635/7832/2635 2634/7833/2634
vt 0.544226 0.140912
vt 0.544226 0.106421
vt 0.541258 0.105795
f 2634/7834/2634 2641/7835/2641 1745/7836/1745
vt 0.885744 0.842983
vt 0.860973 0.810546
vt 0.857156 0.853088
f 747/7837/747 1825/7838/1825 2642/7839/2642
vt 0.857156 0.853088
vt 0.886696 0.915198
vt 0.885744 0.842983
f 2642/7840/2642 2643/7841/2643 747/7842/747
vt 0.534217 0.175621
vt 0.534597 0.140892
vt 0.531431 0.140912
f 1830/7843/1830 2644/7844/2644 2645/7845/2645
vt 0.531431 0.140912
vt 0.531431 0.175404
vt 0.534217 0.175621
f 2646/7846/2646 2647/7847/2647 1830/7848/1830
vt 0.534399 0.105796
vt 0.531431 0.106421
vt 0.531431 0.140912
f 1815/7849/1815 2648/7850/2648 2649/7851/2649
vt 0.531431 0.140912
vt 0.534597 0.140892
vt 0.534399 0.105796
f 2650/7852/2650 2644/7853/2644 1815/7854/1815
vt 0.874188 0.946973
vt 0.886696 0.915198
vt 0.857156 0.853088
f 1811/7855/1811 2643/7856/2643 2642/7857/2642
vt 0.857156 0.853088
vt 0.853338 0.895629
vt 0.874188 0.946973
f 2642/7858/2642 1812/7859/1812 1811/7860/1811
vt 0.536476 0.032928
vt 0.536876 0.038109
vt 0.537957 0.038823
f 1860/7861/1860 1856/7862/1856 2651/7863/2651
vt 0.537957 0.038823
vt 0.538136 0.033608
vt 0.536476 0.032928
f 2651/7864/2651 2652/7865/2652 1860/7866/1860
vt 0.536666 0.055934
vt 0.537938 0.056897
vt 0.537957 0.038823
f 780/7867/780 2653/7868/2653 2651/7869/2651
vt 0.537957 0.038823
vt 0.536876 0.038109
vt 0.536666 0.055934
f 2651/7870/2651 1856/7871/1856 780/7872/780
vt 0.539192 0.055933
vt 0.539021 0.038109
vt 0.537957 0.038823
f 341/7873/341 1229/7874/1229 2651/7875/2651
vt 0.537957 0.038823
vt 0.537938 0.056897
vt 0.539192 0.055933
f 2651/7876/2651 2653/7877/2653 341/7878/341
vt 0.539775 0.032928
vt 0.538136 0.033608
vt 0.537957 0.038823
f 1234/7879/1234 2652/7880/2652 2651/7881/2651
vt 0.537957 0.038823
vt 0.539021 0.038109
vt 0.539775 0.032928
f 2651/7882/2651 1229/7883/1229 1234/7884/1234
vt 0.536909 0.095318
vt 0.536900 0.115004
vt 0.537929 0.115004
f 796/7885/796 790/7886/790 2654/7887/2654
vt 0.537929 0.115004
vt 0.537929 0.095398
vt 0.536909 0.095318
f 2654/7888/2654 2655/7889/2655 796/7890/796
vt 0.536909 0.134691
vt 0.537929 0.134611
vt 0.537929 0.115004
f 792/7891/792 2656/7892/2656 2654/7893/2654
vt 0.537929 0.115004
vt 0.536900 0.115004
vt 0.536909 0.134691
f 2654/7894/2654 790/7895/790 792/7896/792
vt 0.538949 0.134691
vt 0.538959 0.115004
vt 0.537929 0.115004
f 355/7897/355 351/7898/351 2654/7899/2654
vt 0.537929 0.115004
vt 0.537929 0.134611
vt 0.538949 0.134691
f 2654/7900/2654 2656/7901/2656 355/7902/355
vt 0.538949 0.095318
vt 0.537929 0.095398
vt 0.537929 0.115004
f 352/7903/352 2655/7904/2655 2654/7905/2654
vt 0.537929 0.115004
vt 0.538959 0.115004
vt 0.538949 0.095318
f 2654/7906/2654 351/7907/351 352/7908/352
vt 0.536666 0.174075
vt 0.536876 0.191899
vt 0.537957 0.191185
f 800/7909/800 1865/7910/1865 2657/7911/2657
vt 0.537957 0.191185
vt 0.537938 0.173111
vt 0.536666 0.174075
f 2657/7912/2657 2658/7913/2658 800/7914/800
vt 0.536476 0.197081
vt 0.538136 0.196401
vt 0.537957 0.191185
f 1864/7915/1864 2659/7916/2659 2657/7917/2657
vt 0.537957 0.191185
vt 0.536876 0.191899
vt 0.536476 0.197081
f 2657/7918/2657 1865/7919/1865 1864/7920/1864
vt 0.539775 0.197081
vt 0.539021 0.191900
vt 0.537957 0.191185
f 1236/7921/1236 1239/7922/1239 2657/7923/2657
vt 0.537957 0.191185
vt 0.538136 0.196401
vt 0.539775 0.197081
f 2657/7924/2657 2659/7925/2659 1236/7926/1236
vt 0.539191 0.174075
vt 0.537938 0.173111
vt 0.537957 0.191185
f 362/7927/362 2658/7928/2658 2657/7929/2657
vt 0.537957 0.191185
vt 0.539021 0.191900
vt 0.539191 0.174075
f 2657/7930/2657 1239/7931/1239 362/7932/362
vt 0.316861 0.714359
vt 0.341453 0.712828
vt 0.334966 0.788621
f 825/7933/825 2660/7934/2660 2661/7935/2661
vt 0.334966 0.788621
vt 0.300876 0.790723
vt 0.316861 0.714359
f 2661/7936/2661 799/7937/799 825/7938/825
vt 0.535551 0.204535
vt 0.536056 0.200839
vt 0.533795 0.200843
f 834/7939/834 2662/7940/2662 2663/7941/2663
vt 0.533795 0.200843
vt 0.532757 0.204566
vt 0.535551 0.204535
f 2664/7942/2664 1896/7943/1896 834/7944/834
vt 0.536476 0.197081
vt 0.534832 0.197119
vt 0.533795 0.200843
f 1864/7945/1864 1867/7946/1867 2665/7947/2665
vt 0.533795 0.200843
vt 0.536056 0.200839
vt 0.536476 0.197081
f 2666/7948/2666 2662/7949/2662 1864/7950/1864
vt 0.294483 0.872071
vt 0.300876 0.790723
vt 0.334966 0.788621
f 797/7951/797 799/7952/799 2661/7953/2661
vt 0.334966 0.788621
vt 0.328478 0.864414
vt 0.294483 0.872071
f 2661/7954/2661 2667/7955/2667 797/7956/797
vt 0.534889 0.208254
vt 0.534899 0.207462
vt 0.535360 0.207086
f 1940/7957/1940 1936/7958/1936 2668/7959/2668
vt 0.535360 0.207086
vt 0.535392 0.207878
vt 0.534889 0.208254
f 2668/7960/2668 2669/7961/2669 1940/7962/1940
vt 0.534425 0.199965
vt 0.535060 0.199517
vt 0.535360 0.207086
f 1935/7963/1935 2670/7964/2670 2668/7965/2668
vt 0.535360 0.207086
vt 0.534899 0.207462
vt 0.534425 0.199965
f 2668/7966/2668 1936/7967/1936 1935/7968/1935
vt 0.535730 0.199962
vt 0.535852 0.207462
vt 0.535360 0.207086
f 1298/7969/1298 1295/7970/1295 2668/7971/2668
vt 0.535360 0.207086
vt 0.535060 0.199517
vt 0.535730 0.199962
f 2668/7972/2668 2670/7973/2670 1298/7974/1298
vt 0.535921 0.208254
vt 0.535392 0.207878
vt 0.535360 0.207086
f 1294/7975/1294 2669/7976/2669 2668/7977/2668
vt 0.535360 0.207086
vt 0.535852 0.207462
vt 0.535921 0.208254
f 2668/7978/2668 1295/7979/1295 1294/7980/1294
vt 0.304163 0.485003
vt 0.304138 0.466485
vt 0.318718 0.466651
f 860/7981/860 2671/7982/2671 2672/7983/2672
vt 0.318718 0.466651
vt 0.318742 0.485125
vt 0.304163 0.485003
f 2672/7984/2672 857/7985/857 860/7986/860
vt 0.533415 0.183023
vt 0.533942 0.191515
vt 0.533147 0.191518
f 1951/7987/1951 2673/7988/2673 2674/7989/2674
vt 0.533147 0.191518
vt 0.532482 0.183150
vt 0.533415 0.183023
f 2675/7990/2675 1952/7991/1952 1951/7992/1951
vt 0.534425 0.199965
vt 0.533812 0.199885
vt 0.533147 0.191518
f 1935/7993/1935 2676/7994/2676 2677/7995/2677
vt 0.533147 0.191518
vt 0.533942 0.191515
vt 0.534425 0.199965
f 2678/7996/2678 2673/7997/2673 1935/7998/1935
vt 0.333441 0.485092
vt 0.318742 0.485125
vt 0.318718 0.466651
f 854/7999/854 857/8000/857 2672/8001/2672
vt 0.318718 0.466651
vt 0.333297 0.466818
vt 0.333441 0.485092
f 2672/8002/2672 1932/8003/1932 854/8004/854
vt 0.533415 0.183023
vt 0.532985 0.172694
vt 0.534124 0.171708
f 1951/8005/1951 1947/8006/1947 2679/8007/2679
vt 0.534124 0.171708
vt 0.534425 0.182151
vt 0.533415 0.183023
f 2679/8008/2679 2680/8009/2680 1951/8010/1951
vt 0.532943 0.144499
vt 0.534092 0.143513
vt 0.534124 0.171708
f 1946/8011/1946 2681/8012/2681 2679/8013/2679
vt 0.534124 0.171708
vt 0.532985 0.172694
vt 0.532943 0.144499
f 2679/8014/2679 1947/8015/1947 1946/8016/1946
vt 0.535211 0.144499
vt 0.535232 0.172694
vt 0.534124 0.171708
f 1304/8017/1304 1307/8018/1307 2679/8019/2679
vt 0.534124 0.171708
vt 0.534092 0.143513
vt 0.535211 0.144499
f 2679/8020/2679 2681/8021/2681 1304/8022/1304
vt 0.535408 0.183021
vt 0.534425 0.182151
vt 0.534124 0.171708
f 1314/8023/1314 2680/8024/2680 2679/8025/2679
vt 0.534124 0.171708
vt 0.535232 0.172694
vt 0.535408 0.183021
f 2679/8026/2679 1307/8027/1307 1314/8028/1314
vt 0.532943 0.083934
vt 0.532985 0.055776
vt 0.534124 0.056780
f 1928/8029/1928 1924/8030/1924 2682/8031/2682
vt 0.534124 0.056780
vt 0.534092 0.084937
vt 0.532943 0.083934
f 2682/8032/2682 2683/8033/2683 1928/8034/1928
vt 0.533415 0.045806
vt 0.534425 0.046694
vt 0.534124 0.056780
f 1923/8035/1923 2684/8036/2684 2682/8037/2682
vt 0.534124 0.056780
vt 0.532985 0.055776
vt 0.533415 0.045806
f 2682/8038/2682 1924/8039/1924 1923/8040/1923
vt 0.535408 0.045808
vt 0.535232 0.055776
vt 0.534124 0.056780
f 1323/8041/1323 1319/8042/1319 2682/8043/2682
vt 0.534124 0.056780
vt 0.534425 0.046694
vt 0.535408 0.045808
f 2682/8044/2682 2684/8045/2684 1323/8046/1323
vt 0.535211 0.083934
vt 0.534092 0.084937
vt 0.534124 0.056780
f 1318/8047/1318 2683/8048/2683 2682/8049/2682
vt 0.534124 0.056780
vt 0.535232 0.055776
vt 0.535211 0.083934
f 2682/8050/2682 1319/8051/1319 1318/8052/1318
vt 0.036697 0.485099
vt 0.036822 0.466825
vt 0.050715 0.466666
f 844/8053/844 2685/8054/2685 2686/8055/2686
vt 0.050715 0.466666
vt 0.050716 0.485139
vt 0.036697 0.485099
f 2686/8056/2686 845/8057/845 844/8058/844
vt 0.534425 0.029653
vt 0.533942 0.037706
vt 0.533147 0.037703
f 1914/8059/1914 2687/8060/2687 2688/8061/2688
vt 0.533147 0.037703
vt 0.533812 0.029729
vt 0.534425 0.029653
f 2689/8062/2689 1915/8063/1915 1914/8064/1914
vt 0.533415 0.045806
vt 0.532482 0.045677
vt 0.533147 0.037703
f 1923/8065/1923 2690/8066/2690 2691/8067/2691
vt 0.533147 0.037703
vt 0.533942 0.037706
vt 0.533415 0.045806
f 2692/8068/2692 2687/8069/2687 1923/8070/1923
vt 0.064621 0.485024
vt 0.050716 0.485139
vt 0.050715 0.466666
f 853/8071/853 845/8072/845 2686/8073/2686
vt 0.050715 0.466666
vt 0.064608 0.466506
vt 0.064621 0.485024
f 2686/8074/2686 1922/8075/1922 853/8076/853
vt 0.534425 0.029653
vt 0.534899 0.022509
vt 0.535360 0.022868
f 1914/8077/1914 1911/8078/1911 2693/8079/2693
vt 0.535360 0.022868
vt 0.535060 0.030081
vt 0.534425 0.029653
f 2693/8080/2693 2694/8081/2694 1914/8082/1914
vt 0.534892 0.021754
vt 0.535392 0.022113
vt 0.535360 0.022868
f 1910/8083/1910 2695/8084/2695 2693/8085/2693
vt 0.535360 0.022868
vt 0.534899 0.022509
vt 0.534892 0.021754
f 2693/8086/2693 1911/8087/1911 1910/8088/1910
vt 0.535918 0.021754
vt 0.535852 0.022509
vt 0.535360 0.022868
f 1284/8089/1284 1287/8090/1287 2693/8091/2693
vt 0.535360 0.022868
vt 0.535392 0.022113
vt 0.535918 0.021754
f 2693/8092/2693 2695/8093/2695 1284/8094/1284
vt 0.535730 0.029656
vt 0.535060 0.030081
vt 0.535360 0.022868
f 1292/8095/1292 2694/8096/2694 2693/8097/2693
vt 0.535360 0.022868
vt 0.535852 0.022509
vt 0.535730 0.029656
f 2693/8098/2693 1287/8099/1287 1292/8100/1292
vt 0.535550 0.025474
vt 0.532757 0.025442
vt 0.533795 0.029166
f 813/8101/813 2696/8102/2696 2697/8103/2697
vt 0.533795 0.029166
vt 0.536056 0.029169
vt 0.535550 0.025474
f 2697/8104/2697 2698/8105/2698 813/8106/813
vt 0.053937 0.714348
vt 0.069925 0.790708
vt 0.035840 0.788621
f 812/8107/812 777/8108/777 2699/8109/2699
vt 0.035840 0.788621
vt 0.029352 0.712828
vt 0.053937 0.714348
f 2700/8110/2700 1874/8111/1874 812/8112/812
vt 0.076319 0.872057
vt 0.042328 0.864414
vt 0.035840 0.788621
f 776/8113/776 1855/8114/1855 2701/8115/2701
vt 0.035840 0.788621
vt 0.069925 0.790708
vt 0.076319 0.872057
f 2702/8116/2702 777/8117/777 776/8118/776
vt 0.536476 0.032928
vt 0.536056 0.029169
vt 0.533795 0.029166
f 1860/8119/1860 2698/8120/2698 2697/8121/2697
vt 0.533795 0.029166
vt 0.534832 0.032889
vt 0.536476 0.032928
f 2697/8122/2697 2703/8123/2703 1860/8124/1860
vt 0.535357 0.084969
vt 0.535214 0.057548
vt 0.538606 0.059010
f 815/8125/815 1884/8126/1884 2704/8127/2704
vt 0.538606 0.059010
vt 0.538715 0.086337
vt 0.535357 0.084969
f 2704/8128/2704 414/8129/414 815/8130/815
vt 0.534689 0.054622
vt 0.537542 0.055939
vt 0.538606 0.059010
f 824/8131/824 416/8132/416 2704/8133/2704
vt 0.538606 0.059010
vt 0.535214 0.057548
vt 0.534689 0.054622
f 2704/8134/2704 1884/8135/1884 824/8136/824
vt 0.540489 0.054794
vt 0.542104 0.057791
vt 0.538606 0.059010
f 419/8137/419 1276/8138/1276 2704/8139/2704
vt 0.538606 0.059010
vt 0.537542 0.055939
vt 0.540489 0.054794
f 2704/8140/2704 416/8141/416 419/8142/419
vt 0.542175 0.085214
vt 0.538715 0.086337
vt 0.538606 0.059010
f 415/8143/415 414/8144/414 2704/8145/2704
vt 0.538606 0.059010
vt 0.542104 0.057791
vt 0.542175 0.085214
f 2704/8146/2704 1276/8147/1276 415/8148/415
vt 0.534687 0.175069
vt 0.535214 0.172530
vt 0.538606 0.171165
f 836/8149/836 1903/8150/1903 2705/8151/2705
vt 0.538606 0.171165
vt 0.537542 0.173842
vt 0.534687 0.175069
f 2705/8152/2705 400/8153/400 836/8154/836
vt 0.535357 0.145037
vt 0.538715 0.143768
vt 0.538606 0.171165
f 843/8155/843 402/8156/402 2705/8157/2705
vt 0.538606 0.171165
vt 0.535214 0.172530
vt 0.535357 0.145037
f 2705/8158/2705 1903/8159/1903 843/8160/843
vt 0.542175 0.145034
vt 0.542104 0.172531
vt 0.538606 0.171165
f 405/8161/405 1262/8162/1262 2705/8163/2705
vt 0.538606 0.171165
vt 0.538715 0.143768
vt 0.542175 0.145034
f 2705/8164/2705 402/8165/402 405/8166/405
vt 0.540490 0.175102
vt 0.537542 0.173842
vt 0.538606 0.171165
f 401/8167/401 400/8168/400 2705/8169/2705
vt 0.538606 0.171165
vt 0.542104 0.172531
vt 0.540490 0.175102
f 2705/8170/2705 1262/8171/1262 401/8172/401
vt 0.535357 0.145037
vt 0.531817 0.145219
vt 0.531817 0.115004
f 843/8173/843 2706/8174/2706 2707/8175/2707
vt 0.531817 0.115004
vt 0.535297 0.115004
vt 0.535357 0.145037
f 2707/8176/2707 814/8177/814 843/8178/843
vt 0.225220 0.665678
vt 0.185403 0.660498
vt 0.185403 0.641389
f 842/8179/842 816/8180/816 2708/8181/2708
vt 0.185403 0.641389
vt 0.238048 0.641389
vt 0.225220 0.665678
f 2709/8182/2709 1902/8183/1902 842/8184/842
vt 0.145590 0.665678
vt 0.132757 0.641389
vt 0.185403 0.641389
f 818/8185/818 1882/8186/1882 2710/8187/2710
vt 0.185403 0.641389
vt 0.185403 0.660498
vt 0.145590 0.665678
f 2711/8188/2711 816/8189/816 818/8190/818
vt 0.535357 0.084969
vt 0.535297 0.115004
vt 0.531817 0.115004
f 815/8191/815 814/8192/814 2707/8193/2707
vt 0.531817 0.115004
vt 0.531817 0.084790
vt 0.535357 0.084969
f 2707/8194/2707 2712/8195/2712 815/8196/815
vt 0.333423 0.564965
vt 0.347900 0.564680
vt 0.347914 0.588799
f 882/8197/882 2713/8198/2713 2714/8199/2714
vt 0.347914 0.588799
vt 0.333509 0.589325
vt 0.333423 0.564965
f 2714/8200/2714 829/8201/829 882/8202/882
vt 0.535082 0.208266
vt 0.535082 0.208273
vt 0.533098 0.208274
f 884/8203/884 832/8204/832 2715/8205/2715
vt 0.533098 0.208274
vt 0.533788 0.208266
vt 0.535082 0.208266
f 2716/8206/2716 1996/8207/1996 884/8208/884
vt 0.535113 0.208243
vt 0.532409 0.208282
vt 0.533098 0.208274
f 831/8209/831 2717/8210/2717 2718/8211/2718
vt 0.533098 0.208274
vt 0.535082 0.208273
vt 0.535113 0.208243
f 2719/8212/2719 832/8213/832 831/8214/831
vt 0.333324 0.613728
vt 0.333509 0.589325
vt 0.347914 0.588799
f 830/8215/830 829/8216/829 2714/8217/2714
vt 0.347914 0.588799
vt 0.347928 0.612917
vt 0.333324 0.613728
f 2714/8218/2714 1891/8219/1891 830/8220/830
vt 0.535082 0.208266
vt 0.534987 0.208259
vt 0.535523 0.208259
f 884/8221/884 1992/8222/1992 2720/8223/2720
vt 0.535523 0.208259
vt 0.536276 0.208267
vt 0.535082 0.208266
f 2720/8224/2720 455/8225/455 884/8226/884
vt 0.534951 0.208257
vt 0.535444 0.208257
vt 0.535523 0.208259
f 1991/8227/1991 2721/8228/2721 2720/8229/2720
vt 0.535523 0.208259
vt 0.534987 0.208259
vt 0.534951 0.208257
f 2720/8230/2720 1992/8231/1992 1991/8232/1991
vt 0.535862 0.208257
vt 0.535985 0.208259
vt 0.535523 0.208259
f 1352/8233/1352 1355/8234/1355 2720/8235/2720
vt 0.535523 0.208259
vt 0.535444 0.208257
vt 0.535862 0.208257
f 2720/8236/2720 2721/8237/2721 1352/8238/1352
vt 0.537399 0.208266
vt 0.536276 0.208267
vt 0.535523 0.208259
f 454/8239/454 455/8240/455 2720/8241/2720
vt 0.535523 0.208259
vt 0.535985 0.208259
vt 0.537399 0.208266
f 2720/8242/2720 1355/8243/1355 454/8244/454
vt 0.532969 0.144241
vt 0.533034 0.171993
vt 0.534242 0.170636
f 1985/8245/1985 1981/8246/1981 2722/8247/2722
vt 0.534242 0.170636
vt 0.534130 0.143185
vt 0.532969 0.144241
f 2722/8248/2722 2723/8249/2723 1985/8250/1985
vt 0.533614 0.175017
vt 0.535307 0.173582
vt 0.534242 0.170636
f 880/8251/880 465/8252/465 2722/8253/2722
vt 0.534242 0.170636
vt 0.533034 0.171993
vt 0.533614 0.175017
f 2722/8254/2722 1981/8255/1981 880/8256/880
vt 0.536897 0.175018
vt 0.535343 0.171994
vt 0.534242 0.170636
f 464/8257/464 1366/8258/1366 2722/8259/2722
vt 0.534242 0.170636
vt 0.535307 0.173582
vt 0.536897 0.175018
f 2722/8260/2722 465/8261/465 464/8262/464
vt 0.535188 0.144244
vt 0.534130 0.143185
vt 0.534242 0.170636
f 1365/8263/1365 2723/8264/2723 2722/8265/2722
vt 0.534242 0.170636
vt 0.535343 0.171994
vt 0.535188 0.144244
f 2722/8266/2722 1366/8267/1366 1365/8268/1365
vt 0.533614 0.175017
vt 0.531817 0.175014
vt 0.531817 0.175154
f 880/8269/880 2724/8270/2724 2725/8271/2725
vt 0.531817 0.175154
vt 0.534122 0.175149
vt 0.533614 0.175017
f 2725/8272/2725 835/8273/835 880/8274/880
vt 0.305503 0.565505
vt 0.304704 0.590435
vt 0.290206 0.590976
f 879/8275/879 838/8276/838 2726/8277/2726
vt 0.290206 0.590976
vt 0.289963 0.565769
vt 0.305503 0.565505
f 2727/8278/2727 1980/8279/1980 879/8280/879
vt 0.305481 0.616242
vt 0.290450 0.616182
vt 0.290206 0.590976
f 837/8281/837 1901/8282/1901 2728/8283/2728
vt 0.290206 0.590976
vt 0.304704 0.590435
vt 0.305481 0.616242
f 2729/8284/2729 838/8285/838 837/8286/837
vt 0.534687 0.175069
vt 0.534122 0.175149
vt 0.531817 0.175154
f 836/8287/836 835/8288/835 2725/8289/2725
vt 0.531817 0.175154
vt 0.531817 0.175294
vt 0.534687 0.175069
f 2725/8290/2725 2730/8291/2730 836/8292/836
vt 0.534952 0.021752
vt 0.534987 0.021750
vt 0.535523 0.021750
f 1963/8293/1963 1959/8294/1959 2731/8295/2731
vt 0.535523 0.021750
vt 0.535444 0.021751
vt 0.534952 0.021752
f 2731/8296/2731 2732/8297/2732 1963/8298/1963
vt 0.535080 0.021742
vt 0.536275 0.021742
vt 0.535523 0.021750
f 866/8299/866 452/8300/452 2731/8301/2731
vt 0.535523 0.021750
vt 0.534987 0.021750
vt 0.535080 0.021742
f 2731/8302/2731 1959/8303/1959 866/8304/866
vt 0.537401 0.021742
vt 0.535985 0.021750
vt 0.535523 0.021750
f 451/8305/451 1342/8306/1342 2731/8307/2731
vt 0.535523 0.021750
vt 0.536275 0.021742
vt 0.537401 0.021742
f 2731/8308/2731 452/8309/452 451/8310/451
vt 0.535861 0.021752
vt 0.535444 0.021751
vt 0.535523 0.021750
f 1341/8311/1341 2732/8312/2732 2731/8313/2731
vt 0.535523 0.021750
vt 0.535985 0.021750
vt 0.535861 0.021752
f 2731/8314/2731 1342/8315/1342 1341/8316/1341
vt 0.535080 0.021742
vt 0.533788 0.021743
vt 0.533098 0.021735
f 866/8317/866 2733/8318/2733 2734/8319/2734
vt 0.533098 0.021735
vt 0.535082 0.021736
vt 0.535080 0.021742
f 2734/8320/2734 806/8321/806 866/8322/866
vt 0.036911 0.564968
vt 0.036978 0.589329
vt 0.022892 0.588799
f 865/8323/865 810/8324/810 2735/8325/2735
vt 0.022892 0.588799
vt 0.022906 0.564680
vt 0.036911 0.564968
f 2736/8326/2736 1958/8327/1958 865/8328/865
vt 0.037325 0.613758
vt 0.022878 0.612917
vt 0.022892 0.588799
f 811/8329/811 1873/8330/1873 2737/8331/2737
vt 0.022892 0.588799
vt 0.036978 0.589329
vt 0.037325 0.613758
f 2738/8332/2738 810/8333/810 811/8334/811
vt 0.535113 0.021766
vt 0.535082 0.021736
vt 0.533098 0.021735
f 804/8335/804 806/8336/806 2734/8337/2734
vt 0.533098 0.021735
vt 0.532409 0.021727
vt 0.535113 0.021766
f 2734/8338/2734 2739/8339/2739 804/8340/804
vt 0.063857 0.565520
vt 0.078937 0.565790
vt 0.079328 0.590990
f 867/8341/867 2740/8342/2740 2741/8343/2741
vt 0.079328 0.590990
vt 0.065148 0.590446
vt 0.063857 0.565520
f 2741/8344/2741 822/8345/822 867/8346/867
vt 0.533611 0.053937
vt 0.534122 0.054172
vt 0.531817 0.054125
f 873/8347/873 823/8348/823 2742/8349/2742
vt 0.531817 0.054125
vt 0.531817 0.053900
vt 0.533611 0.053937
f 2743/8350/2743 1974/8351/1974 873/8352/873
vt 0.534689 0.054622
vt 0.531817 0.054350
vt 0.531817 0.054125
f 824/8353/824 2744/8354/2744 2745/8355/2745
vt 0.531817 0.054125
vt 0.534122 0.054172
vt 0.534689 0.054622
f 2746/8356/2746 823/8357/823 824/8358/824
vt 0.064877 0.616256
vt 0.065148 0.590446
vt 0.079328 0.590990
f 821/8359/821 822/8360/822 2741/8361/2741
vt 0.079328 0.590990
vt 0.079720 0.616189
vt 0.064877 0.616256
f 2741/8362/2741 1883/8363/1883 821/8364/821
vt 0.533611 0.053937
vt 0.533035 0.056596
vt 0.534242 0.057972
f 873/8365/873 1970/8366/1970 2747/8367/2747
vt 0.534242 0.057972
vt 0.535307 0.055394
vt 0.533611 0.053937
f 2747/8368/2747 441/8369/441 873/8370/873
vt 0.532970 0.084306
vt 0.534130 0.085384
vt 0.534242 0.057972
f 1969/8371/1969 2748/8372/2748 2747/8373/2747
vt 0.534242 0.057972
vt 0.533035 0.056596
vt 0.532970 0.084306
f 2747/8374/2747 1970/8375/1970 1969/8376/1969
vt 0.535188 0.084304
vt 0.535344 0.056597
vt 0.534242 0.057972
f 1328/8377/1328 1331/8378/1331 2747/8379/2747
vt 0.534242 0.057972
vt 0.534130 0.085384
vt 0.535188 0.084304
f 2747/8380/2747 2748/8381/2748 1328/8382/1328
vt 0.536900 0.053966
vt 0.535307 0.055394
vt 0.534242 0.057972
f 440/8383/440 441/8384/441 2747/8385/2747
vt 0.534242 0.057972
vt 0.535344 0.056597
vt 0.536900 0.053966
f 2747/8386/2747 1331/8387/1331 440/8388/440
vt 0.534951 0.208257
vt 0.534477 0.208257
vt 0.534477 0.208256
f 1991/8389/1991 2749/8390/2749 2750/8391/2750
vt 0.534477 0.208256
vt 0.534940 0.208256
vt 0.534951 0.208257
f 2750/8392/2750 2751/8393/2751 1991/8394/1991
vt 0.333331 0.522130
vt 0.333324 0.503686
vt 0.347881 0.503774
f 883/8395/883 855/8396/855 2752/8397/2752
vt 0.347881 0.503774
vt 0.347884 0.522168
vt 0.333331 0.522130
f 2753/8398/2753 1989/8399/1989 883/8400/883
vt 0.333441 0.485092
vt 0.347879 0.485379
vt 0.347881 0.503774
f 854/8401/854 1934/8402/1934 2754/8403/2754
vt 0.347881 0.503774
vt 0.333324 0.503686
vt 0.333441 0.485092
f 2755/8404/2755 855/8405/855 854/8406/854
vt 0.534889 0.208254
vt 0.534940 0.208256
vt 0.534477 0.208256
f 1940/8407/1940 2751/8408/2751 2750/8409/2750
vt 0.534477 0.208256
vt 0.534477 0.208254
vt 0.534889 0.208254
f 2750/8410/2750 2756/8411/2756 1940/8412/1940
vt 0.036831 0.522137
vt 0.022922 0.522168
vt 0.022924 0.503774
f 864/8413/864 1957/8414/1957 2757/8415/2757
vt 0.022924 0.503774
vt 0.036821 0.503693
vt 0.036831 0.522137
f 2757/8416/2757 847/8417/847 864/8418/864
vt 0.534952 0.021752
vt 0.534940 0.021753
vt 0.534477 0.021753
f 1963/8419/1963 2758/8420/2758 2759/8421/2759
vt 0.534477 0.021753
vt 0.534477 0.021752
vt 0.534952 0.021752
f 2760/8422/2760 2761/8423/2761 1963/8424/1963
vt 0.534892 0.021754
vt 0.534477 0.021754
vt 0.534477 0.021753
f 1910/8425/1910 1913/8426/1913 2762/8427/2762
vt 0.534477 0.021753
vt 0.534940 0.021753
vt 0.534892 0.021754
f 2763/8428/2763 2758/8429/2758 1910/8430/1910
vt 0.036697 0.485099
vt 0.036821 0.503693
vt 0.022924 0.503774
f 844/8431/844 847/8432/847 2757/8433/2757
vt 0.022924 0.503774
vt 0.022927 0.485379
vt 0.036697 0.485099
f 2757/8434/2757 2764/8435/2764 844/8436/844
vt 0.532943 0.144499
vt 0.531817 0.144499
vt 0.531817 0.114216
f 1946/8437/1946 2765/8438/2765 2766/8439/2766
vt 0.531817 0.114216
vt 0.532947 0.114216
vt 0.532943 0.144499
f 2766/8440/2766 2767/8441/2767 1946/8442/1946
vt 0.236826 0.484885
vt 0.184055 0.484893
vt 0.184030 0.466332
f 861/8443/861 851/8444/851 2768/8445/2768
vt 0.184030 0.466332
vt 0.236794 0.466325
vt 0.236826 0.484885
f 2769/8446/2769 1944/8447/1944 861/8448/861
vt 0.131284 0.484899
vt 0.131266 0.466339
vt 0.184030 0.466332
f 852/8449/852 1921/8450/1921 2770/8451/2770
vt 0.184030 0.466332
vt 0.184055 0.484893
vt 0.131284 0.484899
f 2771/8452/2771 851/8453/851 852/8454/852
vt 0.532943 0.083934
vt 0.532947 0.114216
vt 0.531817 0.114216
f 1928/8455/1928 2767/8456/2767 2766/8457/2766
vt 0.531817 0.114216
vt 0.531817 0.083933
vt 0.532943 0.083934
f 2766/8458/2766 2772/8459/2772 1928/8460/1928
vt 0.236650 0.521426
vt 0.236925 0.540569
vt 0.184132 0.540577
f 874/8461/874 1979/8462/1979 2773/8463/2773
vt 0.184132 0.540577
vt 0.184106 0.521986
vt 0.236650 0.521426
f 2773/8464/2773 872/8465/872 874/8466/874
vt 0.532969 0.144241
vt 0.532949 0.114275
vt 0.531817 0.114275
f 1985/8467/1985 2774/8468/2774 2775/8469/2775
vt 0.531817 0.114275
vt 0.531817 0.144575
vt 0.532969 0.144241
f 2776/8470/2776 2777/8471/2777 1985/8472/1985
vt 0.532970 0.084306
vt 0.531817 0.083975
vt 0.531817 0.114275
f 1969/8473/1969 2778/8474/2778 2779/8475/2779
vt 0.531817 0.114275
vt 0.532949 0.114275
vt 0.532970 0.084306
f 2780/8476/2780 2774/8477/2774 1969/8478/1969
vt 0.131557 0.521440
vt 0.184106 0.521986
vt 0.184132 0.540577
f 871/8479/871 872/8480/872 2773/8481/2773
vt 0.184132 0.540577
vt 0.131338 0.540584
vt 0.131557 0.521440
f 2773/8482/2773 1968/8483/1968 871/8484/871
vt 0.459635 0.959624
vt 0.466765 0.959624
vt 0.466765 0.959624
f 902/8485/902 2781/8486/2781 2782/8487/2782
vt 0.466765 0.959624
vt 0.459592 0.959624
vt 0.459635 0.959624
f 2782/8488/2782 896/8489/896 902/8490/902
vt 0.485426 0.690970
vt 0.452207 0.690784
vt 0.452207 0.715808
f 912/8491/912 899/8492/899 2783/8493/2783
vt 0.452207 0.715808
vt 0.484655 0.715808
vt 0.485426 0.690970
f 2784/8494/2784 2016/8495/2016 912/8496/912
vt 0.418988 0.690970
vt 0.419760 0.715808
vt 0.452207 0.715808
f 900/8497/900 2785/8498/2785 2786/8499/2786
vt 0.452207 0.715808
vt 0.452207 0.690784
vt 0.418988 0.690970
f 2787/8500/2787 899/8501/899 900/8502/900
vt 0.459635 0.959624
vt 0.459592 0.959624
vt 0.466765 0.959624
f 897/8503/897 896/8504/896 2782/8505/2782
vt 0.466765 0.959624
vt 0.466765 0.959624
vt 0.459635 0.959624
f 2782/8506/2782 2003/8507/2003 897/8508/897
vt 0.416409 0.490322
vt 0.452207 0.490165
vt 0.452207 0.480623
f 941/8509/941 940/8510/940 2788/8511/2788
vt 0.452207 0.480623
vt 0.416190 0.480623
vt 0.416409 0.490322
f 2788/8512/2788 2026/8513/2026 941/8514/941
vt 0.488006 0.490322
vt 0.488224 0.480623
vt 0.452207 0.480623
f 943/8515/943 2035/8516/2035 2788/8517/2788
vt 0.452207 0.480623
vt 0.452207 0.490165
vt 0.488006 0.490322
f 2788/8518/2788 940/8519/940 943/8520/943
vt 0.468991 0.883043
vt 0.485353 0.883173
vt 0.479157 0.908657
f 952/8521/952 2789/8522/2789 2790/8523/2790
vt 0.479157 0.908657
vt 0.465783 0.908661
vt 0.468991 0.883043
f 2790/8524/2790 906/8525/906 952/8526/952
vt 0.534836 0.636226
vt 0.529775 0.657289
vt 0.530951 0.665740
f 959/8527/959 907/8528/907 2791/8529/2791
vt 0.530951 0.665740
vt 0.537876 0.640707
vt 0.534836 0.636226
f 2792/8530/2792 2041/8531/2041 959/8532/959
vt 0.524039 0.674294
vt 0.524027 0.690774
vt 0.530951 0.665740
f 911/8533/911 2793/8534/2793 2794/8535/2794
vt 0.530951 0.665740
vt 0.529775 0.657289
vt 0.524039 0.674294
f 2795/8536/2795 907/8537/907 911/8538/911
vt 0.462446 0.934433
vt 0.465783 0.908661
vt 0.479157 0.908657
f 903/8539/903 906/8540/906 2790/8541/2790
vt 0.479157 0.908657
vt 0.472961 0.934140
vt 0.462446 0.934433
f 2790/8542/2790 2010/8543/2010 903/8544/903
vt 0.472010 0.783656
vt 0.491549 0.783698
vt 0.491549 0.808362
f 960/8545/960 2796/8546/2796 2797/8547/2797
vt 0.491549 0.808362
vt 0.471985 0.808363
vt 0.472010 0.783656
f 2797/8548/2797 954/8549/954 960/8550/960
vt 0.539632 0.543029
vt 0.539602 0.567214
vt 0.544800 0.567216
f 966/8551/966 957/8552/957 2798/8553/2798
vt 0.544800 0.567216
vt 0.544800 0.542988
vt 0.539632 0.543029
f 2799/8554/2799 2050/8555/2050 966/8556/966
vt 0.539656 0.591340
vt 0.544800 0.591445
vt 0.544800 0.567216
f 956/8557/956 2800/8558/2800 2801/8559/2801
vt 0.544800 0.567216
vt 0.539602 0.567214
vt 0.539656 0.591340
f 2802/8560/2802 957/8561/957 956/8562/956
vt 0.472064 0.833133
vt 0.471985 0.808363
vt 0.491549 0.808362
f 955/8563/955 954/8564/954 2797/8565/2797
vt 0.491549 0.808362
vt 0.491549 0.833026
vt 0.472064 0.833133
f 2797/8566/2797 2036/8567/2036 955/8568/955
vt 0.536364 0.511052
vt 0.539660 0.509225
vt 0.534521 0.499691
f 965/8569/965 2803/8570/2803 2804/8571/2804
vt 0.534521 0.499691
vt 0.532742 0.502908
vt 0.536364 0.511052
f 2804/8572/2804 944/8573/944 965/8574/965
vt 0.471943 0.749380
vt 0.471953 0.739634
vt 0.491498 0.739623
f 963/8575/963 946/8576/946 2805/8577/2805
vt 0.491498 0.739623
vt 0.491524 0.749329
vt 0.471943 0.749380
f 2806/8578/2806 2045/8579/2045 963/8580/963
vt 0.471834 0.730292
vt 0.491473 0.729918
vt 0.491498 0.739623
f 949/8581/949 2807/8582/2807 2808/8583/2808
vt 0.491498 0.739623
vt 0.471953 0.739634
vt 0.471834 0.730292
f 2809/8584/2809 946/8585/946 949/8586/949
vt 0.528168 0.496250
vt 0.532742 0.502908
vt 0.534521 0.499691
f 945/8587/945 944/8588/944 2804/8589/2804
vt 0.534521 0.499691
vt 0.529381 0.490157
vt 0.528168 0.496250
f 2804/8590/2804 2029/8591/2029 945/8592/945
vt 0.471943 0.749380
vt 0.491524 0.749328
vt 0.491498 0.739623
f 967/8593/967 2810/8594/2810 2811/8595/2811
vt 0.491498 0.739623
vt 0.471953 0.739634
vt 0.471943 0.749380
f 2811/8596/2811 935/8597/935 967/8598/967
vt 0.368050 0.511052
vt 0.371672 0.502908
vt 0.369894 0.499691
f 976/8599/976 937/8600/937 2812/8601/2812
vt 0.369894 0.499691
vt 0.364754 0.509225
vt 0.368050 0.511052
f 2813/8602/2813 2059/8603/2059 976/8604/976
vt 0.376247 0.496250
vt 0.375034 0.490157
vt 0.369894 0.499691
f 939/8605/939 2814/8606/2814 2815/8607/2815
vt 0.369894 0.499691
vt 0.371672 0.502908
vt 0.376247 0.496250
f 2816/8608/2816 937/8609/937 939/8610/939
vt 0.471834 0.730292
vt 0.471953 0.739634
vt 0.491498 0.739623
f 936/8611/936 935/8612/935 2811/8613/2811
vt 0.491498 0.739623
vt 0.491473 0.729918
vt 0.471834 0.730292
f 2811/8614/2811 2020/8615/2020 936/8616/936
vt 0.472064 0.833133
vt 0.491549 0.833025
vt 0.491549 0.808362
f 979/8617/979 2817/8618/2817 2818/8619/2818
vt 0.491549 0.808362
vt 0.471985 0.808363
vt 0.472064 0.833133
f 2818/8620/2818 972/8621/972 979/8622/979
vt 0.364758 0.591340
vt 0.364812 0.567214
vt 0.359615 0.567216
f 983/8623/983 974/8624/974 2819/8625/2819
vt 0.359615 0.567216
vt 0.359615 0.591444
vt 0.364758 0.591340
f 2820/8626/2820 2068/8627/2068 983/8628/983
vt 0.364783 0.543029
vt 0.359615 0.542988
vt 0.359615 0.567216
f 975/8629/975 2821/8630/2821 2822/8631/2822
vt 0.359615 0.567216
vt 0.364812 0.567214
vt 0.364783 0.543029
f 2823/8632/2823 974/8633/974 975/8634/975
vt 0.472010 0.783656
vt 0.471985 0.808363
vt 0.491549 0.808362
f 970/8635/970 972/8636/972 2818/8637/2818
vt 0.491549 0.808362
vt 0.491549 0.783698
vt 0.472010 0.783656
f 2818/8638/2818 2054/8639/2054 970/8640/970
vt 0.369578 0.636226
vt 0.366539 0.640707
vt 0.373463 0.665740
f 982/8641/982 2824/8642/2824 2825/8643/2825
vt 0.373463 0.665740
vt 0.374639 0.657289
vt 0.369578 0.636226
f 2825/8644/2825 887/8645/887 982/8646/982
vt 0.468991 0.883043
vt 0.465783 0.908661
vt 0.479157 0.908657
f 980/8647/980 891/8648/891 2826/8649/2826
vt 0.479157 0.908657
vt 0.485353 0.883173
vt 0.468991 0.883043
f 2827/8650/2827 2063/8651/2063 980/8652/980
vt 0.462446 0.934433
vt 0.472961 0.934140
vt 0.479157 0.908657
f 890/8653/890 2002/8654/2002 2828/8655/2828
vt 0.479157 0.908657
vt 0.465783 0.908661
vt 0.462446 0.934433
f 2829/8656/2829 891/8657/891 890/8658/890
vt 0.380376 0.674294
vt 0.374639 0.657289
vt 0.373463 0.665740
f 889/8659/889 887/8660/887 2825/8661/2825
vt 0.373463 0.665740
vt 0.380388 0.690774
vt 0.380376 0.674294
f 2825/8662/2825 2830/8663/2830 889/8664/889
vt 0.416789 0.732900
vt 0.416570 0.723228
vt 0.452772 0.723228
f 988/8665/988 2078/8666/2078 2831/8667/2831
vt 0.452772 0.723228
vt 0.452772 0.732744
vt 0.416789 0.732900
f 2831/8668/2831 987/8669/987 988/8670/988
vt 0.488754 0.732900
vt 0.452772 0.732744
vt 0.452772 0.723228
f 1001/8671/1001 987/8672/987 2831/8673/2831
vt 0.452772 0.723228
vt 0.488974 0.723228
vt 0.488754 0.732900
f 2831/8674/2831 2085/8675/2085 1001/8676/1001
vt 0.432996 0.730292
vt 0.432898 0.720212
vt 0.452415 0.720212
f 995/8677/995 2081/8678/2081 2832/8679/2832
vt 0.452415 0.720212
vt 0.452415 0.729936
vt 0.432996 0.730292
f 2832/8680/2832 948/8681/948 995/8682/995
vt 0.471834 0.730292
vt 0.452415 0.729936
vt 0.452415 0.720212
f 949/8683/949 948/8684/948 2832/8685/2832
vt 0.452415 0.720212
vt 0.471931 0.720212
vt 0.471834 0.730292
f 2832/8686/2832 2031/8687/2031 949/8688/949
vt 0.432996 0.730292
vt 0.452415 0.729936
vt 0.452415 0.720212
f 993/8689/993 933/8690/933 2833/8691/2833
vt 0.452415 0.720212
vt 0.432898 0.720212
vt 0.432996 0.730292
f 2833/8692/2833 2074/8693/2074 993/8694/993
vt 0.471834 0.730292
vt 0.471931 0.720212
vt 0.452415 0.720212
f 936/8695/936 2022/8696/2022 2833/8697/2833
vt 0.452415 0.720212
vt 0.452415 0.729936
vt 0.471834 0.730292
f 2833/8698/2833 933/8699/933 936/8700/936
vt 0.442384 0.934433
vt 0.445095 0.957218
vt 0.452415 0.956071
f 1002/8701/1002 2091/8702/2091 2834/8703/2834
vt 0.452415 0.956071
vt 0.452415 0.932944
vt 0.442384 0.934433
f 2834/8704/2834 893/8705/893 1002/8706/1002
vt 0.445194 0.959624
vt 0.452415 0.958414
vt 0.452415 0.956071
f 1013/8707/1013 894/8708/894 2834/8709/2834
vt 0.452415 0.956071
vt 0.445095 0.957218
vt 0.445194 0.959624
f 2834/8710/2834 2091/8711/2091 1013/8712/1013
vt 0.459635 0.959624
vt 0.459735 0.957218
vt 0.452415 0.956071
f 897/8713/897 2000/8714/2000 2834/8715/2834
vt 0.452415 0.956071
vt 0.452415 0.958414
vt 0.459635 0.959624
f 2834/8716/2834 894/8717/894 897/8718/897
vt 0.462446 0.934433
vt 0.452415 0.932944
vt 0.452415 0.956071
f 890/8719/890 893/8720/893 2834/8721/2834
vt 0.452415 0.956071
vt 0.459735 0.957218
vt 0.462446 0.934433
f 2834/8722/2834 2000/8723/2000 890/8724/890
vt 0.486162 0.932991
vt 0.485386 0.957760
vt 0.452772 0.957760
f 1016/8725/1016 2835/8726/2835 2836/8727/2836
vt 0.452772 0.957760
vt 0.452772 0.932805
vt 0.486162 0.932991
f 2836/8728/2836 1010/8729/1010 1016/8730/1016
vt 0.445194 0.959624
vt 0.445237 0.959624
vt 0.438065 0.959624
f 1022/8731/1022 1012/8732/1012 2837/8733/2837
vt 0.438065 0.959624
vt 0.438065 0.959624
vt 0.445194 0.959624
f 2838/8734/2838 2104/8735/2104 1022/8736/1022
vt 0.445194 0.959624
vt 0.438065 0.959624
vt 0.438065 0.959624
f 1013/8737/1013 2839/8738/2839 2840/8739/2840
vt 0.438065 0.959624
vt 0.445237 0.959624
vt 0.445194 0.959624
f 2841/8740/2841 1012/8741/1012 1013/8742/1013
vt 0.419382 0.932991
vt 0.452772 0.932805
vt 0.452772 0.957760
f 1011/8743/1011 1010/8744/1010 2836/8745/2836
vt 0.452772 0.957760
vt 0.420157 0.957760
vt 0.419382 0.932991
f 2836/8746/2836 2090/8747/2090 1011/8748/1011
vt 0.445194 0.959624
vt 0.445095 0.957218
vt 0.452415 0.956071
f 1022/8749/1022 2100/8750/2100 2842/8751/2842
vt 0.452415 0.956071
vt 0.452415 0.958414
vt 0.445194 0.959624
f 2842/8752/2842 901/8753/901 1022/8754/1022
vt 0.442384 0.934433
vt 0.452415 0.932945
vt 0.452415 0.956071
f 1020/8755/1020 904/8756/904 2842/8757/2842
vt 0.452415 0.956071
vt 0.445095 0.957218
vt 0.442384 0.934433
f 2842/8758/2842 2100/8759/2100 1020/8760/1020
vt 0.462446 0.934433
vt 0.459735 0.957218
vt 0.452415 0.956071
f 903/8761/903 2012/8762/2012 2842/8763/2842
vt 0.452415 0.956071
vt 0.452415 0.932945
vt 0.462446 0.934433
f 2842/8764/2842 904/8765/904 903/8766/903
vt 0.459635 0.959624
vt 0.452415 0.958414
vt 0.452415 0.956071
f 902/8767/902 901/8768/901 2842/8769/2842
vt 0.452415 0.956071
vt 0.459735 0.957218
vt 0.459635 0.959624
f 2842/8770/2842 2012/8771/2012 902/8772/902
vt 0.535825 0.878399
vt 0.538880 0.882867
vt 0.531920 0.907831
f 1025/8773/1025 2843/8774/2843 2844/8775/2844
vt 0.531920 0.907831
vt 0.530738 0.899403
vt 0.535825 0.878399
f 2844/8776/2844 1018/8777/1018 1025/8778/1025
vt 0.435839 0.883043
vt 0.439047 0.908661
vt 0.425673 0.908657
f 1032/8779/1032 1021/8780/1021 2845/8781/2845
vt 0.425673 0.908657
vt 0.419477 0.883173
vt 0.435839 0.883043
f 2846/8782/2846 2113/8783/2113 1032/8784/1032
vt 0.442384 0.934433
vt 0.431869 0.934140
vt 0.425673 0.908657
f 1020/8785/1020 2847/8786/2847 2848/8787/2848
vt 0.425673 0.908657
vt 0.439047 0.908661
vt 0.442384 0.934433
f 2849/8788/2849 1021/8789/1021 1020/8790/1020
vt 0.524972 0.916362
vt 0.530738 0.899403
vt 0.531920 0.907831
f 1019/8791/1019 1018/8792/1018 2844/8793/2844
vt 0.531920 0.907831
vt 0.524960 0.932796
vt 0.524972 0.916362
f 2844/8794/2844 2098/8795/2098 1019/8796/1019
vt 0.540645 0.785461
vt 0.545840 0.785420
vt 0.545840 0.809581
f 1035/8797/1035 2850/8798/2850 2851/8799/2851
vt 0.545840 0.809581
vt 0.540616 0.809579
vt 0.540645 0.785461
f 2851/8800/2851 1028/8801/1028 1035/8802/1035
vt 0.432820 0.783656
vt 0.432845 0.808363
vt 0.413281 0.808362
f 1039/8803/1039 1030/8804/1030 2852/8805/2852
vt 0.413281 0.808362
vt 0.413281 0.783698
vt 0.432820 0.783656
f 2853/8806/2853 2122/8807/2122 1039/8808/1039
vt 0.432766 0.833133
vt 0.413281 0.833025
vt 0.413281 0.808362
f 1031/8809/1031 2854/8810/2854 2855/8811/2855
vt 0.413281 0.808362
vt 0.432845 0.808363
vt 0.432766 0.833133
f 2856/8812/2856 1030/8813/1030 1031/8814/1031
vt 0.540670 0.833637
vt 0.540616 0.809579
vt 0.545840 0.809581
f 1026/8815/1026 1028/8816/1028 2851/8817/2851
vt 0.545840 0.809581
vt 0.545840 0.833742
vt 0.540670 0.833637
f 2851/8818/2851 2108/8819/2108 1026/8820/1026
vt 0.432887 0.749380
vt 0.413306 0.749328
vt 0.413331 0.739623
f 1037/8821/1037 2857/8822/2857 2858/8823/2858
vt 0.413331 0.739623
vt 0.432876 0.739634
vt 0.432887 0.749380
f 2858/8824/2858 994/8825/994 1037/8826/1037
vt 0.537361 0.753572
vt 0.533720 0.745451
vt 0.535508 0.742243
f 1036/8827/1036 996/8828/996 2859/8829/2859
vt 0.535508 0.742243
vt 0.540674 0.751751
vt 0.537361 0.753572
f 2860/8830/2860 2117/8831/2117 1036/8832/1036
vt 0.529122 0.738812
vt 0.530342 0.732735
vt 0.535508 0.742243
f 1000/8833/1000 2861/8834/2861 2862/8835/2862
vt 0.535508 0.742243
vt 0.533720 0.745451
vt 0.529122 0.738812
f 2863/8836/2863 996/8837/996 1000/8838/1000
vt 0.432996 0.730292
vt 0.432876 0.739634
vt 0.413331 0.739623
f 995/8839/995 994/8840/994 2858/8841/2858
vt 0.413331 0.739623
vt 0.413357 0.729918
vt 0.432996 0.730292
f 2858/8842/2858 2079/8843/2079 995/8844/995
vt 0.368182 0.753572
vt 0.364869 0.751751
vt 0.370036 0.742243
f 1042/8845/1042 2864/8846/2864 2865/8847/2865
vt 0.370036 0.742243
vt 0.371823 0.745451
vt 0.368182 0.753572
f 2865/8848/2865 990/8849/990 1042/8850/1042
vt 0.432887 0.749380
vt 0.432876 0.739634
vt 0.413331 0.739623
f 1049/8851/1049 992/8852/992 2866/8853/2866
vt 0.413331 0.739623
vt 0.413306 0.749328
vt 0.432887 0.749380
f 2867/8854/2867 2131/8855/2131 1049/8856/1049
vt 0.432996 0.730292
vt 0.413357 0.729918
vt 0.413331 0.739623
f 993/8857/993 2868/8858/2868 2869/8859/2869
vt 0.413331 0.739623
vt 0.432876 0.739634
vt 0.432996 0.730292
f 2870/8860/2870 992/8861/992 993/8862/993
vt 0.376421 0.738812
vt 0.371823 0.745451
vt 0.370036 0.742243
f 991/8863/991 990/8864/990 2865/8865/2865
vt 0.370036 0.742243
vt 0.375202 0.732735
vt 0.376421 0.738812
f 2865/8866/2865 2072/8867/2072 991/8868/991
vt 0.364873 0.833637
vt 0.359703 0.833742
vt 0.359703 0.809581
f 1050/8869/1050 2871/8870/2871 2872/8871/2872
vt 0.359703 0.809581
vt 0.364927 0.809579
vt 0.364873 0.833637
f 2872/8872/2872 1044/8873/1044 1050/8874/1050
vt 0.432766 0.833133
vt 0.432845 0.808363
vt 0.413281 0.808362
f 1056/8875/1056 1047/8876/1047 2873/8877/2873
vt 0.413281 0.808362
vt 0.413281 0.833025
vt 0.432766 0.833133
f 2874/8878/2874 2140/8879/2140 1056/8880/1056
vt 0.432820 0.783656
vt 0.413281 0.783698
vt 0.413281 0.808362
f 1046/8881/1046 2875/8882/2875 2876/8883/2876
vt 0.413281 0.808362
vt 0.432845 0.808363
vt 0.432820 0.783656
f 2877/8884/2877 1047/8885/1047 1046/8886/1046
vt 0.364898 0.785461
vt 0.364927 0.809579
vt 0.359703 0.809581
f 1045/8887/1045 1044/8888/1044 2872/8889/2872
vt 0.359703 0.809581
vt 0.359703 0.785420
vt 0.364898 0.785461
f 2872/8890/2872 2126/8891/2126 1045/8892/1045
vt 0.435839 0.883043
vt 0.419477 0.883173
vt 0.425673 0.908657
f 1055/8893/1055 2878/8894/2878 2879/8895/2879
vt 0.425673 0.908657
vt 0.439047 0.908661
vt 0.435839 0.883043
f 2879/8896/2879 1003/8897/1003 1055/8898/1055
vt 0.369718 0.878399
vt 0.374805 0.899403
vt 0.373623 0.907831
f 1053/8899/1053 1004/8900/1004 2880/8901/2880
vt 0.373623 0.907831
vt 0.366663 0.882867
vt 0.369718 0.878399
f 2881/8902/2881 2135/8903/2135 1053/8904/1053
vt 0.380571 0.916362
vt 0.380583 0.932796
vt 0.373623 0.907831
f 1008/8905/1008 2089/8906/2089 2882/8907/2882
vt 0.373623 0.907831
vt 0.374805 0.899403
vt 0.380571 0.916362
f 2883/8908/2883 1004/8909/1004 1008/8910/1008
vt 0.442384 0.934433
vt 0.439047 0.908661
vt 0.425673 0.908657
f 1002/8911/1002 1003/8912/1003 2879/8913/2879
vt 0.425673 0.908657
vt 0.431869 0.934140
vt 0.442384 0.934433
f 2879/8914/2879 2884/8915/2884 1002/8916/1002
vt 0.533868 0.128700
vt 0.537673 0.128674
vt 0.537673 0.092975
f 294/8917/294 309/8918/309 2885/8919/2885
vt 0.537673 0.092975
vt 0.534520 0.092982
vt 0.533868 0.128700
f 2885/8920/2885 207/8921/207 294/8922/294
vt 0.541479 0.128700
vt 0.540827 0.092982
vt 0.537673 0.092975
f 312/8923/312 258/8924/258 2885/8925/2885
vt 0.537673 0.092975
vt 0.537673 0.128674
vt 0.541479 0.128700
f 2885/8926/2885 309/8927/309 312/8928/312
vt 0.541287 0.056996
vt 0.537673 0.058893
vt 0.537673 0.092975
f 262/8929/262 2185/8930/2185 2885/8931/2885
vt 0.537673 0.092975
vt 0.540827 0.092982
vt 0.541287 0.056996
f 2885/8932/2885 258/8933/258 262/8934/262
vt 0.534059 0.056996
vt 0.534520 0.092982
vt 0.537673 0.092975
f 208/8935/208 207/8936/207 2885/8937/2885
vt 0.537673 0.092975
vt 0.537673 0.058893
vt 0.534059 0.056996
f 2885/8938/2885 2185/8939/2185 208/8940/208
vt 0.533640 0.021899
vt 0.537673 0.023520
vt 0.537673 0.022181
f 211/8941/211 2186/8942/2186 2886/8943/2886
vt 0.537673 0.022181
vt 0.534504 0.022181
vt 0.533640 0.021899
f 2886/8944/2886 204/8945/204 211/8946/211
vt 0.541707 0.021899
vt 0.540843 0.022181
vt 0.537673 0.022181
f 256/8947/256 246/8948/246 2886/8949/2886
vt 0.537673 0.022181
vt 0.537673 0.023520
vt 0.541707 0.021899
f 2886/8950/2886 2186/8951/2186 256/8952/256
vt 0.541713 0.022465
vt 0.537673 0.024123
vt 0.537673 0.022181
f 245/8953/245 2188/8954/2188 2886/8955/2886
vt 0.537673 0.022181
vt 0.540843 0.022181
vt 0.541713 0.022465
f 2886/8956/2886 246/8957/246 245/8958/245
vt 0.533633 0.022465
vt 0.534504 0.022181
vt 0.537673 0.022181
f 200/8959/200 204/8960/204 2886/8961/2886
vt 0.537673 0.022181
vt 0.537673 0.024123
vt 0.533633 0.022465
f 2886/8962/2886 2188/8963/2188 200/8964/200
vt 0.533940 0.133962
vt 0.537673 0.134043
vt 0.537673 0.096971
f 327/8965/327 326/8966/326 2887/8967/2887
vt 0.537673 0.096971
vt 0.534496 0.096971
vt 0.533940 0.133962
f 2887/8968/2887 2178/8969/2178 327/8970/327
vt 0.541407 0.133962
vt 0.540851 0.096971
vt 0.537673 0.096971
f 334/8971/334 2192/8972/2192 2887/8973/2887
vt 0.537673 0.096971
vt 0.537673 0.134043
vt 0.541407 0.133962
f 2887/8974/2887 326/8975/326 334/8976/334
vt 0.541256 0.059576
vt 0.537673 0.061559
vt 0.537673 0.096971
f 1179/8977/1179 2199/8978/2199 2887/8979/2887
vt 0.537673 0.096971
vt 0.540851 0.096971
vt 0.541256 0.059576
f 2887/8980/2887 2192/8981/2192 1179/8982/1179
vt 0.534091 0.059576
vt 0.534496 0.096971
vt 0.537673 0.096971
f 1154/8983/1154 2178/8984/2178 2887/8985/2887
vt 0.537673 0.096971
vt 0.537673 0.061559
vt 0.534091 0.059576
f 2887/8986/2887 2199/8987/2199 1154/8988/1154
vt 0.541713 0.022613
vt 0.540843 0.022329
vt 0.537673 0.022329
f 268/8989/268 272/8990/272 2888/8991/2888
vt 0.537673 0.022329
vt 0.537673 0.024263
vt 0.541713 0.022613
f 2888/8992/2888 2200/8993/2200 268/8994/268
vt 0.541706 0.022046
vt 0.537673 0.023661
vt 0.537673 0.022329
f 285/8995/285 2202/8996/2202 2888/8997/2888
vt 0.537673 0.022329
vt 0.540843 0.022329
vt 0.541706 0.022046
f 2888/8998/2888 272/8999/272 285/9000/285
vt 0.533641 0.022046
vt 0.534504 0.022329
vt 0.537673 0.022329
f 228/9001/228 218/9002/218 2888/9003/2888
vt 0.537673 0.022329
vt 0.537673 0.023661
vt 0.533641 0.022046
f 2888/9004/2888 2202/9005/2202 228/9006/228
vt 0.533634 0.022613
vt 0.537673 0.024263
vt 0.537673 0.022329
f 217/9007/217 2200/9008/2200 2888/9009/2888
vt 0.537673 0.022329
vt 0.534504 0.022329
vt 0.533634 0.022613
f 2888/9010/2888 218/9011/218 217/9012/217
vt 0.541256 0.059586
vt 0.540851 0.097141
vt 0.537673 0.097141
f 1162/9013/1162 2206/9014/2206 2889/9015/2889
vt 0.537673 0.097141
vt 0.537673 0.061577
vt 0.541256 0.059586
f 2889/9016/2889 2189/9017/2189 1162/9018/1162
vt 0.541408 0.134290
vt 0.537673 0.134371
vt 0.537673 0.097141
f 302/9019/302 289/9020/289 2889/9021/2889
vt 0.537673 0.097141
vt 0.540851 0.097141
vt 0.541408 0.134290
f 2889/9022/2889 2206/9023/2206 302/9024/302
vt 0.533939 0.134290
vt 0.534496 0.097141
vt 0.537673 0.097141
f 292/9025/292 2170/9026/2170 2889/9027/2889
vt 0.537673 0.097141
vt 0.537673 0.134371
vt 0.533939 0.134290
f 2889/9028/2889 289/9029/289 292/9030/292
vt 0.534090 0.059586
vt 0.537673 0.061577
vt 0.537673 0.097141
f 1137/9031/1137 2189/9032/2189 2889/9033/2889
vt 0.537673 0.097141
vt 0.534496 0.097141
vt 0.534090 0.059586
f 2889/9034/2889 2170/9035/2170 1137/9036/1137
vt 0.541287 0.056990
vt 0.540826 0.092821
vt 0.537673 0.092814
f 280/9037/280 279/9038/279 2890/9039/2890
vt 0.537673 0.092814
vt 0.537673 0.058880
vt 0.541287 0.056990
f 2890/9040/2890 2203/9041/2203 280/9042/280
vt 0.541478 0.128384
vt 0.537673 0.128358
vt 0.537673 0.092814
f 337/9043/337 320/9044/320 2890/9045/2890
vt 0.537673 0.092814
vt 0.540826 0.092821
vt 0.541478 0.128384
f 2890/9046/2890 279/9047/279 337/9048/337
vt 0.533869 0.128384
vt 0.534520 0.092821
vt 0.537673 0.092814
f 323/9049/323 229/9050/229 2890/9051/2890
vt 0.537673 0.092814
vt 0.537673 0.128358
vt 0.533869 0.128384
f 2890/9052/2890 320/9053/320 323/9054/323
vt 0.534060 0.056990
vt 0.537673 0.058880
vt 0.537673 0.092814
f 232/9055/232 2203/9056/2203 2890/9057/2890
vt 0.537673 0.092814
vt 0.534520 0.092821
vt 0.534060 0.056990
f 2890/9058/2890 229/9059/229 232/9060/232
vt 0.542819 0.197105
vt 0.541680 0.190131
vt 0.538177 0.190117
f 510/9061/510 535/9062/535 2891/9063/2891
vt 0.538177 0.190117
vt 0.538177 0.197478
vt 0.542819 0.197105
f 2891/9064/2891 507/9065/507 510/9066/510
vt 0.542326 0.182616
vt 0.538177 0.183106
vt 0.538177 0.190117
f 534/9067/534 2313/9068/2313 2891/9069/2891
vt 0.538177 0.190117
vt 0.541680 0.190131
vt 0.542326 0.182616
f 2891/9070/2891 535/9071/535 534/9072/534
vt 0.534028 0.182616
vt 0.534675 0.190131
vt 0.538177 0.190117
f 501/9073/501 467/9074/467 2891/9075/2891
vt 0.538177 0.190117
vt 0.538177 0.183106
vt 0.534028 0.182616
f 2891/9076/2891 2313/9077/2313 501/9078/501
vt 0.533535 0.197105
vt 0.538177 0.197478
vt 0.538177 0.190117
f 470/9079/470 507/9080/507 2891/9081/2891
vt 0.538177 0.190117
vt 0.534675 0.190131
vt 0.533535 0.197105
f 2891/9082/2891 467/9083/467 470/9084/470
vt 0.534639 0.175441
vt 0.538177 0.175772
vt 0.538177 0.175434
f 1421/9085/1421 2312/9086/2312 2892/9087/2892
vt 0.538177 0.175434
vt 0.534726 0.175434
vt 0.534639 0.175441
f 2892/9088/2892 2328/9089/2328 1421/9090/1421
vt 0.541716 0.175441
vt 0.541628 0.175434
vt 0.538177 0.175434
f 1462/9091/1462 2317/9092/2317 2892/9093/2892
vt 0.538177 0.175434
vt 0.538177 0.175772
vt 0.541716 0.175441
f 2892/9094/2892 2312/9095/2312 1462/9096/1462
vt 0.541463 0.175299
vt 0.538177 0.173741
vt 0.538177 0.175434
f 1455/9097/1455 2325/9098/2325 2892/9099/2892
vt 0.538177 0.175434
vt 0.541628 0.175434
vt 0.541463 0.175299
f 2892/9100/2892 2317/9101/2317 1455/9102/1455
vt 0.534891 0.175299
vt 0.534726 0.175434
vt 0.538177 0.175434
f 1406/9103/1406 2328/9104/2328 2892/9105/2892
vt 0.538177 0.175434
vt 0.538177 0.173741
vt 0.534891 0.175299
f 2892/9106/2892 2325/9107/2325 1406/9108/1406
vt 0.534831 0.138646
vt 0.538177 0.136350
vt 0.538177 0.100513
f 1411/9109/1411 2324/9110/2324 2893/9111/2893
vt 0.538177 0.100513
vt 0.534706 0.100513
vt 0.534831 0.138646
f 2893/9112/2893 2349/9113/2349 1411/9114/1411
vt 0.541524 0.138646
vt 0.541649 0.100513
vt 0.538177 0.100513
f 1451/9115/1451 2338/9116/2338 2893/9117/2893
vt 0.538177 0.100513
vt 0.538177 0.136350
vt 0.541524 0.138646
f 2893/9118/2893 2324/9119/2324 1451/9120/1451
vt 0.542058 0.062699
vt 0.538177 0.064676
vt 0.538177 0.100513
f 1446/9121/1446 2346/9122/2346 2893/9123/2893
vt 0.538177 0.100513
vt 0.541649 0.100513
vt 0.542058 0.062699
f 2893/9124/2893 2338/9125/2338 1446/9126/1446
vt 0.534297 0.062699
vt 0.534706 0.100513
vt 0.538177 0.100513
f 1395/9127/1395 2349/9128/2349 2893/9129/2893
vt 0.538177 0.100513
vt 0.538177 0.064676
vt 0.534297 0.062699
f 2893/9130/2893 2346/9131/2346 1395/9132/1395
vt 0.534251 0.070071
vt 0.538177 0.072361
vt 0.538177 0.115218
f 1387/9133/1387 2376/9134/2376 2894/9135/2894
vt 0.538177 0.115218
vt 0.534665 0.115218
vt 0.534251 0.070071
f 2894/9136/2894 2368/9137/2368 1387/9138/1387
vt 0.542104 0.070071
vt 0.541690 0.115218
vt 0.538177 0.115218
f 1441/9139/1441 2358/9140/2358 2894/9141/2894
vt 0.538177 0.115218
vt 0.538177 0.072361
vt 0.542104 0.070071
f 2894/9142/2894 2376/9143/2376 1441/9144/1441
vt 0.542297 0.160701
vt 0.538177 0.160059
vt 0.538177 0.115218
f 511/9145/511 478/9146/478 2894/9147/2894
vt 0.538177 0.115218
vt 0.541690 0.115218
vt 0.542297 0.160701
f 2894/9148/2894 2358/9149/2358 511/9150/511
vt 0.534058 0.160701
vt 0.534665 0.115218
vt 0.538177 0.115218
f 477/9151/477 2368/9152/2368 2894/9153/2894
vt 0.538177 0.115218
vt 0.538177 0.160059
vt 0.534058 0.160701
f 2894/9154/2894 478/9155/478 477/9156/477
vt 0.533991 0.025549
vt 0.538177 0.027236
vt 0.538177 0.025549
f 490/9157/490 2345/9158/2345 2895/9159/2895
vt 0.538177 0.025549
vt 0.534684 0.025549
vt 0.533991 0.025549
f 2895/9160/2895 487/9161/487 490/9162/490
vt 0.542364 0.025549
vt 0.541671 0.025549
vt 0.538177 0.025549
f 530/9163/530 517/9164/517 2895/9165/2895
vt 0.538177 0.025549
vt 0.538177 0.027236
vt 0.542364 0.025549
f 2895/9166/2895 2345/9167/2345 530/9168/530
vt 0.542408 0.025549
vt 0.538177 0.027567
vt 0.538177 0.025549
f 520/9169/520 2375/9170/2375 2895/9171/2895
vt 0.538177 0.025549
vt 0.541671 0.025549
vt 0.542408 0.025549
f 2895/9172/2895 517/9173/517 520/9174/520
vt 0.533947 0.025549
vt 0.534684 0.025549
vt 0.538177 0.025549
f 488/9175/488 487/9176/487 2895/9177/2895
vt 0.538177 0.025549
vt 0.538177 0.027567
vt 0.533947 0.025549
f 2895/9178/2895 2375/9179/2375 488/9180/488
vt 0.542055 0.182616
vt 0.537906 0.183106
vt 0.537906 0.190117
f 572/9181/572 2379/9182/2379 2896/9183/2896
vt 0.537906 0.190117
vt 0.541409 0.190131
vt 0.542055 0.182616
f 2896/9184/2896 573/9185/573 572/9186/572
vt 0.533758 0.182616
vt 0.534404 0.190131
vt 0.537906 0.190117
f 609/9187/609 577/9188/577 2896/9189/2896
vt 0.537906 0.190117
vt 0.537906 0.183106
vt 0.533758 0.182616
f 2896/9190/2896 2379/9191/2379 609/9192/609
vt 0.533264 0.197105
vt 0.537906 0.197478
vt 0.537906 0.190117
f 580/9193/580 543/9194/543 2896/9195/2896
vt 0.537906 0.190117
vt 0.534404 0.190131
vt 0.533264 0.197105
f 2896/9196/2896 577/9197/577 580/9198/580
vt 0.542549 0.197105
vt 0.541409 0.190131
vt 0.537906 0.190117
f 546/9199/546 573/9200/573 2896/9201/2896
vt 0.537906 0.190117
vt 0.537906 0.197478
vt 0.542549 0.197105
f 2896/9202/2896 543/9203/543 546/9204/546
vt 0.534621 0.175299
vt 0.534455 0.175434
vt 0.537906 0.175434
f 1551/9205/1551 2394/9206/2394 2897/9207/2897
vt 0.537906 0.175434
vt 0.537907 0.173741
vt 0.534621 0.175299
f 2897/9208/2897 2391/9209/2391 1551/9210/1551
vt 0.534368 0.175441
vt 0.537906 0.175772
vt 0.537906 0.175434
f 1566/9211/1566 2378/9212/2378 2897/9213/2897
vt 0.537906 0.175434
vt 0.534455 0.175434
vt 0.534368 0.175441
f 2897/9214/2897 2394/9215/2394 1566/9216/1566
vt 0.541445 0.175441
vt 0.541358 0.175434
vt 0.537906 0.175434
f 1509/9217/1509 2383/9218/2383 2897/9219/2897
vt 0.537906 0.175434
vt 0.537906 0.175772
vt 0.541445 0.175441
f 2897/9220/2897 2378/9221/2378 1509/9222/1509
vt 0.541192 0.175299
vt 0.537907 0.173741
vt 0.537906 0.175434
f 1502/9223/1502 2391/9224/2391 2897/9225/2897
vt 0.537906 0.175434
vt 0.541358 0.175434
vt 0.541192 0.175299
f 2897/9226/2897 2383/9227/2383 1502/9228/1502
vt 0.534026 0.062699
vt 0.534435 0.100513
vt 0.537907 0.100513
f 1540/9229/1540 2415/9230/2415 2898/9231/2898
vt 0.537907 0.100513
vt 0.537907 0.064676
vt 0.534026 0.062699
f 2898/9232/2898 2412/9233/2412 1540/9234/1540
vt 0.534560 0.138646
vt 0.537907 0.136350
vt 0.537907 0.100513
f 1556/9235/1556 2390/9236/2390 2898/9237/2898
vt 0.537907 0.100513
vt 0.534435 0.100513
vt 0.534560 0.138646
f 2898/9238/2898 2415/9239/2415 1556/9240/1556
vt 0.541253 0.138646
vt 0.541378 0.100513
vt 0.537907 0.100513
f 1498/9241/1498 2404/9242/2404 2898/9243/2898
vt 0.537907 0.100513
vt 0.537907 0.136350
vt 0.541253 0.138646
f 2898/9244/2898 2390/9245/2390 1498/9246/1498
vt 0.541787 0.062699
vt 0.537907 0.064676
vt 0.537907 0.100513
f 1493/9247/1493 2412/9248/2412 2898/9249/2898
vt 0.537907 0.100513
vt 0.541378 0.100513
vt 0.541787 0.062699
f 2898/9250/2898 2404/9251/2404 1493/9252/1493
vt 0.533787 0.160701
vt 0.534394 0.115218
vt 0.537907 0.115218
f 587/9253/587 2436/9254/2436 2899/9255/2899
vt 0.537907 0.115218
vt 0.537907 0.160059
vt 0.533787 0.160701
f 2899/9256/2899 550/9257/550 587/9258/587
vt 0.533980 0.070071
vt 0.537907 0.072361
vt 0.537907 0.115218
f 1533/9259/1533 2424/9260/2424 2899/9261/2899
vt 0.537907 0.115218
vt 0.534394 0.115218
vt 0.533980 0.070071
f 2899/9262/2899 2436/9263/2436 1533/9264/1533
vt 0.541833 0.070071
vt 0.541419 0.115218
vt 0.537907 0.115218
f 1483/9265/1483 2427/9266/2427 2899/9267/2899
vt 0.537907 0.115218
vt 0.537907 0.072361
vt 0.541833 0.070071
f 2899/9268/2899 2424/9269/2424 1483/9270/1483
vt 0.542026 0.160701
vt 0.537907 0.160059
vt 0.537907 0.115218
f 547/9271/547 550/9272/550 2899/9273/2899
vt 0.537907 0.115218
vt 0.541419 0.115218
vt 0.542026 0.160701
f 2899/9274/2899 2427/9275/2427 547/9276/547
vt 0.533676 0.025549
vt 0.534413 0.025549
vt 0.537907 0.025549
f 596/9277/596 595/9278/595 2900/9279/2900
vt 0.537907 0.025549
vt 0.537907 0.027567
vt 0.533676 0.025549
f 2900/9280/2900 2423/9281/2423 596/9282/596
vt 0.533720 0.025549
vt 0.537907 0.027236
vt 0.537907 0.025549
f 598/9283/598 2411/9284/2411 2900/9285/2900
vt 0.537907 0.025549
vt 0.534413 0.025549
vt 0.533720 0.025549
f 2900/9286/2900 595/9287/595 598/9288/598
vt 0.542093 0.025550
vt 0.541400 0.025549
vt 0.537907 0.025549
f 568/9289/568 555/9290/555 2900/9291/2900
vt 0.537907 0.025549
vt 0.537907 0.027236
vt 0.542093 0.025550
f 2900/9292/2900 2411/9293/2411 568/9294/568
vt 0.542137 0.025549
vt 0.537907 0.027567
vt 0.537907 0.025549
f 558/9295/558 2423/9296/2423 2900/9297/2900
vt 0.537907 0.025549
vt 0.541400 0.025549
vt 0.542137 0.025549
f 2900/9298/2900 555/9299/555 558/9300/558
vt 0.541887 0.032624
vt 0.541325 0.029486
vt 0.538079 0.029494
f 655/9301/655 658/9302/658 2901/9303/2901
vt 0.538079 0.029494
vt 0.538079 0.032599
vt 0.541887 0.032624
f 2901/9304/2901 2445/9305/2445 655/9306/655
vt 0.542553 0.026641
vt 0.538079 0.026396
vt 0.538079 0.029494
f 689/9307/689 651/9308/651 2901/9309/2901
vt 0.538079 0.029494
vt 0.541325 0.029486
vt 0.542553 0.026641
f 2901/9310/2901 658/9311/658 689/9312/689
vt 0.533605 0.026641
vt 0.534833 0.029486
vt 0.538079 0.029494
f 654/9313/654 616/9314/616 2901/9315/2901
vt 0.538079 0.029494
vt 0.538079 0.026396
vt 0.533605 0.026641
f 2901/9316/2901 651/9317/651 654/9318/654
vt 0.534271 0.032624
vt 0.538079 0.032599
vt 0.538079 0.029494
f 615/9319/615 2445/9320/2445 2901/9321/2901
vt 0.538079 0.029494
vt 0.534833 0.029486
vt 0.534271 0.032624
f 2901/9322/2901 616/9323/616 615/9324/615
vt 0.534591 0.046456
vt 0.538079 0.046140
vt 0.538079 0.042756
f 1581/9325/1581 2465/9326/2465 2902/9327/2902
vt 0.538079 0.042756
vt 0.534853 0.042756
vt 0.534591 0.046456
f 2902/9328/2902 2458/9329/2458 1581/9330/1581
vt 0.541566 0.046456
vt 0.541305 0.042756
vt 0.538079 0.042756
f 1653/9331/1653 2448/9332/2448 2902/9333/2902
vt 0.538079 0.042756
vt 0.538079 0.046140
vt 0.541566 0.046456
f 2902/9334/2902 2465/9335/2465 1653/9336/1653
vt 0.541527 0.039266
vt 0.538079 0.039233
vt 0.538079 0.042756
f 1637/9337/1637 2444/9338/2444 2902/9339/2902
vt 0.538079 0.042756
vt 0.541305 0.042756
vt 0.541527 0.039266
f 2902/9340/2902 2448/9341/2448 1637/9342/1637
vt 0.534630 0.039266
vt 0.534853 0.042756
vt 0.538079 0.042756
f 1570/9343/1570 2458/9344/2458 2902/9345/2902
vt 0.538079 0.042756
vt 0.538079 0.039233
vt 0.534630 0.039266
f 2902/9346/2902 2444/9347/2444 1570/9348/1570
vt 0.534774 0.066642
vt 0.538079 0.067729
vt 0.538079 0.060881
f 1602/9349/1602 2504/9350/2504 2903/9351/2903
vt 0.538079 0.060881
vt 0.534870 0.060881
vt 0.534774 0.066642
f 2903/9352/2903 2496/9353/2496 1602/9354/1602
vt 0.541384 0.066642
vt 0.541288 0.060881
vt 0.538079 0.060881
f 1674/9355/1674 2486/9356/2486 2903/9357/2903
vt 0.538079 0.060881
vt 0.538079 0.067729
vt 0.541384 0.066642
f 2903/9358/2903 2504/9359/2504 1674/9360/1674
vt 0.541377 0.055233
vt 0.538079 0.055584
vt 0.538079 0.060881
f 1655/9361/1655 2483/9362/2483 2903/9363/2903
vt 0.538079 0.060881
vt 0.541288 0.060881
vt 0.541377 0.055233
f 2903/9364/2903 2486/9365/2486 1655/9366/1655
vt 0.534781 0.055233
vt 0.534870 0.060881
vt 0.538079 0.060881
f 1588/9367/1588 2496/9368/2496 2903/9369/2903
vt 0.538079 0.060881
vt 0.538079 0.055584
vt 0.534781 0.055233
f 2903/9370/2903 2483/9371/2483 1588/9372/1588
vt 0.534331 0.069372
vt 0.538079 0.069911
vt 0.538079 0.116582
f 641/9373/641 644/9374/644 2904/9375/2904
vt 0.538079 0.116582
vt 0.534833 0.116582
vt 0.534331 0.069372
f 2904/9376/2904 2520/9377/2520 641/9378/641
vt 0.541828 0.069372
vt 0.541326 0.116582
vt 0.538079 0.116582
f 686/9379/686 2508/9380/2508 2904/9381/2904
vt 0.538079 0.116582
vt 0.538079 0.069911
vt 0.541828 0.069372
f 2904/9382/2904 644/9383/644 686/9384/686
vt 0.541680 0.163612
vt 0.538079 0.161181
vt 0.538079 0.116582
f 1687/9385/1687 2516/9386/2516 2904/9387/2904
vt 0.538079 0.116582
vt 0.541326 0.116582
vt 0.541680 0.163612
f 2904/9388/2904 2508/9389/2508 1687/9390/1687
vt 0.534478 0.163612
vt 0.534833 0.116582
vt 0.538079 0.116582
f 1620/9391/1620 2520/9392/2520 2904/9393/2904
vt 0.538079 0.116582
vt 0.538079 0.161181
vt 0.534478 0.163612
f 2904/9394/2904 2516/9395/2516 1620/9396/1620
vt 0.534468 0.175621
vt 0.538079 0.173873
vt 0.538079 0.140892
f 1612/9397/1612 2546/9398/2546 2905/9399/2905
vt 0.538079 0.140892
vt 0.534848 0.140892
vt 0.534468 0.175621
f 2905/9400/2905 2538/9401/2538 1612/9402/1612
vt 0.541690 0.175621
vt 0.541310 0.140892
vt 0.538079 0.140892
f 1682/9403/1682 2528/9404/2528 2905/9405/2905
vt 0.538079 0.140892
vt 0.538079 0.173873
vt 0.541690 0.175621
f 2905/9406/2905 2546/9407/2546 1682/9408/1682
vt 0.541508 0.105795
vt 0.538079 0.107662
vt 0.538079 0.140892
f 1665/9409/1665 2503/9410/2503 2905/9411/2905
vt 0.538079 0.140892
vt 0.541310 0.140892
vt 0.541508 0.105795
f 2905/9412/2905 2528/9413/2528 1665/9414/1665
vt 0.534650 0.105795
vt 0.534848 0.140892
vt 0.538079 0.140892
f 1598/9415/1598 2538/9416/2538 2905/9417/2905
vt 0.538079 0.140892
vt 0.538079 0.107662
vt 0.534650 0.105795
f 2905/9418/2905 2503/9419/2503 1598/9420/1598
vt 0.534148 0.209895
vt 0.538079 0.207796
vt 0.538079 0.209895
f 635/9421/635 2515/9422/2515 2906/9423/2906
vt 0.538079 0.209895
vt 0.534845 0.209895
vt 0.534148 0.209895
f 2906/9424/2906 632/9425/632 635/9426/635
vt 0.542010 0.209895
vt 0.541313 0.209895
vt 0.538079 0.209895
f 680/9427/680 667/9428/667 2906/9429/2906
vt 0.538079 0.209895
vt 0.538079 0.207796
vt 0.542010 0.209895
f 2906/9430/2906 2515/9431/2515 680/9432/680
vt 0.541950 0.209895
vt 0.538079 0.208343
vt 0.538079 0.209895
f 670/9433/670 2545/9434/2545 2906/9435/2906
vt 0.538079 0.209895
vt 0.541313 0.209895
vt 0.541950 0.209895
f 2906/9436/2906 667/9437/667 670/9438/670
vt 0.534208 0.209895
vt 0.534845 0.209895
vt 0.538079 0.209895
f 633/9439/633 632/9440/632 2906/9441/2906
vt 0.538079 0.209895
vt 0.538079 0.208343
vt 0.534208 0.209895
f 2906/9442/2906 2545/9443/2545 633/9444/633
vt 0.542302 0.026641
vt 0.537828 0.026396
vt 0.537828 0.029494
f 732/9445/732 772/9446/772 2907/9447/2907
vt 0.537828 0.029494
vt 0.541074 0.029486
vt 0.542302 0.026641
f 2907/9448/2907 700/9449/700 732/9450/732
vt 0.533354 0.026641
vt 0.534582 0.029486
vt 0.537828 0.029494
f 775/9451/775 736/9452/736 2907/9453/2907
vt 0.537828 0.029494
vt 0.537828 0.026396
vt 0.533354 0.026641
f 2907/9454/2907 772/9455/772 775/9456/775
vt 0.534020 0.032624
vt 0.537828 0.032599
vt 0.537828 0.029494
f 735/9457/735 2549/9458/2549 2907/9459/2907
vt 0.537828 0.029494
vt 0.534582 0.029486
vt 0.534020 0.032624
f 2907/9460/2907 736/9461/736 735/9462/735
vt 0.541636 0.032624
vt 0.541074 0.029486
vt 0.537828 0.029494
f 696/9463/696 700/9464/700 2907/9465/2907
vt 0.537828 0.029494
vt 0.537828 0.032599
vt 0.541636 0.032624
f 2907/9466/2907 2549/9467/2549 696/9468/696
vt 0.534380 0.039266
vt 0.534602 0.042756
vt 0.537828 0.042756
f 1780/9469/1780 2563/9470/2563 2908/9471/2908
vt 0.537828 0.042756
vt 0.537828 0.039233
vt 0.534380 0.039266
f 2908/9472/2908 2548/9473/2548 1780/9474/1780
vt 0.534341 0.046456
vt 0.537828 0.046140
vt 0.537828 0.042756
f 1795/9475/1795 2551/9476/2551 2908/9477/2908
vt 0.537828 0.042756
vt 0.534602 0.042756
vt 0.534341 0.046456
f 2908/9478/2908 2563/9479/2563 1795/9480/1795
vt 0.541316 0.046456
vt 0.541054 0.042756
vt 0.537828 0.042756
f 1716/9481/1716 2554/9482/2554 2908/9483/2908
vt 0.537828 0.042756
vt 0.537828 0.046140
vt 0.541316 0.046456
f 2908/9484/2908 2551/9485/2551 1716/9486/1716
vt 0.541277 0.039266
vt 0.537828 0.039233
vt 0.537828 0.042756
f 1708/9487/1708 2548/9488/2548 2908/9489/2908
vt 0.537828 0.042756
vt 0.541054 0.042756
vt 0.541277 0.039266
f 2908/9490/2908 2554/9491/2554 1708/9492/1708
vt 0.534531 0.055233
vt 0.534619 0.060881
vt 0.537828 0.060881
f 1803/9493/1803 2602/9494/2602 2909/9495/2909
vt 0.537828 0.060881
vt 0.537828 0.055584
vt 0.534531 0.055233
f 2909/9496/2909 2571/9497/2571 1803/9498/1803
vt 0.534524 0.066642
vt 0.537828 0.067729
vt 0.537828 0.060881
f 1820/9499/1820 2590/9500/2590 2909/9501/2909
vt 0.537828 0.060881
vt 0.534619 0.060881
vt 0.534524 0.066642
f 2909/9502/2909 2602/9503/2602 1820/9504/1820
vt 0.541133 0.066642
vt 0.541037 0.060881
vt 0.537828 0.060881
f 1740/9505/1740 2593/9506/2593 2909/9507/2909
vt 0.537828 0.060881
vt 0.537828 0.067729
vt 0.541133 0.066642
f 2909/9508/2909 2590/9509/2590 1740/9510/1740
vt 0.541126 0.055233
vt 0.537828 0.055584
vt 0.537828 0.060881
f 1732/9511/1732 2571/9512/2571 2909/9513/2909
vt 0.537828 0.060881
vt 0.541037 0.060881
vt 0.541126 0.055233
f 2909/9514/2909 2593/9515/2593 1732/9516/1732
vt 0.534227 0.163612
vt 0.534582 0.116582
vt 0.537828 0.116582
f 1837/9517/1837 2624/9518/2624 2910/9519/2910
vt 0.537828 0.116582
vt 0.537828 0.161181
vt 0.534227 0.163612
f 2910/9520/2910 2620/9521/2620 1837/9522/1837
vt 0.534080 0.069372
vt 0.537828 0.069911
vt 0.537828 0.116582
f 762/9523/762 727/9524/727 2910/9525/2910
vt 0.537828 0.116582
vt 0.534582 0.116582
vt 0.534080 0.069372
f 2910/9526/2910 2624/9527/2624 762/9528/762
vt 0.541577 0.069372
vt 0.541075 0.116582
vt 0.537828 0.116582
f 726/9529/726 2612/9530/2612 2910/9531/2910
vt 0.537828 0.116582
vt 0.537828 0.069911
vt 0.541577 0.069372
f 2910/9532/2910 727/9533/727 726/9534/726
vt 0.541429 0.163612
vt 0.537828 0.161181
vt 0.537828 0.116582
f 1762/9535/1762 2620/9536/2620 2910/9537/2910
vt 0.537828 0.116582
vt 0.541075 0.116582
vt 0.541429 0.163612
f 2910/9538/2910 2612/9539/2612 1762/9540/1762
vt 0.534399 0.105796
vt 0.534597 0.140892
vt 0.537828 0.140892
f 1815/9541/1815 2644/9542/2644 2911/9543/2911
vt 0.537828 0.140892
vt 0.537828 0.107662
vt 0.534399 0.105796
f 2911/9544/2911 2589/9545/2589 1815/9546/1815
vt 0.534217 0.175621
vt 0.537828 0.173873
vt 0.537828 0.140892
f 1830/9547/1830 2632/9548/2632 2911/9549/2911
vt 0.537828 0.140892
vt 0.534597 0.140892
vt 0.534217 0.175621
f 2911/9550/2911 2644/9551/2644 1830/9552/1830
vt 0.541440 0.175621
vt 0.541059 0.140892
vt 0.537828 0.140892
f 1752/9553/1752 2635/9554/2635 2911/9555/2911
vt 0.537828 0.140892
vt 0.537828 0.173873
vt 0.541440 0.175621
f 2911/9556/2911 2632/9557/2632 1752/9558/1752
vt 0.541258 0.105795
vt 0.537828 0.107662
vt 0.537828 0.140892
f 1745/9559/1745 2589/9560/2589 2911/9561/2911
vt 0.537828 0.140892
vt 0.541059 0.140892
vt 0.541258 0.105795
f 2911/9562/2911 2635/9563/2635 1745/9564/1745
vt 0.533958 0.209895
vt 0.534594 0.209895
vt 0.537828 0.209895
f 754/9565/754 753/9566/753 2912/9567/2912
vt 0.537828 0.209895
vt 0.537828 0.208343
vt 0.533958 0.209895
f 2912/9568/2912 2631/9569/2631 754/9570/754
vt 0.533897 0.209895
vt 0.537828 0.207796
vt 0.537828 0.209895
f 756/9571/756 2619/9572/2619 2912/9573/2912
vt 0.537828 0.209895
vt 0.534594 0.209895
vt 0.533897 0.209895
f 2912/9574/2912 753/9575/753 756/9576/756
vt 0.541760 0.209895
vt 0.541062 0.209895
vt 0.537828 0.209895
f 720/9577/720 707/9578/707 2912/9579/2912
vt 0.537828 0.209895
vt 0.537828 0.207796
vt 0.541760 0.209895
f 2912/9580/2912 2619/9581/2619 720/9582/720
vt 0.541699 0.209895
vt 0.537828 0.208343
vt 0.537828 0.209895
f 710/9583/710 2631/9584/2631 2912/9585/2912
vt 0.537828 0.209895
vt 0.541062 0.209895
vt 0.541699 0.209895
f 2912/9586/2912 707/9587/707 710/9588/710
vt 0.621272 0.738343
vt 0.609433 0.788435
vt 0.659956 0.748440
f 516/9589/516 2359/9590/2359 2913/9591/2913
vt 0.659956 0.748440
vt 0.723134 0.736111
vt 0.621272 0.738343
f 2913/9592/2913 513/9593/513 516/9594/516
vt 0.590195 0.859942
vt 0.622706 0.839613
vt 0.659956 0.748440
f 521/9595/521 525/9596/525 2913/9597/2913
vt 0.659956 0.748440
vt 0.609433 0.788435
vt 0.590195 0.859942
f 2913/9598/2913 2359/9599/2359 521/9600/521
vt 0.639664 0.863933
vt 0.666104 0.797021
vt 0.659956 0.748440
f 526/9601/526 2337/9602/2337 2913/9603/2913
vt 0.659956 0.748440
vt 0.622706 0.839613
vt 0.639664 0.863933
f 2913/9604/2913 525/9605/525 526/9606/526
vt 0.691131 0.754917
vt 0.752349 0.752954
vt 0.659956 0.748440
f 1457/9607/1457 2316/9608/2316 2913/9609/2913
vt 0.659956 0.748440
vt 0.666104 0.797021
vt 0.691131 0.754917
f 2913/9610/2913 2337/9611/2337 1457/9612/1457
vt 0.862927 0.752922
vt 0.821037 0.744452
vt 0.659956 0.748440
f 532/9613/532 504/9614/504 2913/9615/2913
vt 0.659956 0.748440
vt 0.752349 0.752954
vt 0.862927 0.752922
f 2913/9616/2913 2316/9617/2316 532/9618/532
vt 0.853564 0.736054
vt 0.723134 0.736111
vt 0.659956 0.748440
f 503/9619/503 513/9620/513 2913/9621/2913
vt 0.659956 0.748440
vt 0.821037 0.744452
vt 0.853564 0.736054
f 2913/9622/2913 504/9623/504 503/9624/503
vt 0.862927 0.752922
vt 0.752349 0.752954
vt 0.659956 0.748440
f 496/9625/496 2327/9626/2327 2914/9627/2914
vt 0.659956 0.748440
vt 0.821037 0.744452
vt 0.862927 0.752922
f 2914/9628/2914 497/9629/497 496/9630/496
vt 0.691131 0.754917
vt 0.666104 0.797021
vt 0.659956 0.748440
f 1402/9631/1402 2348/9632/2348 2914/9633/2914
vt 0.659956 0.748440
vt 0.752349 0.752954
vt 0.691131 0.754917
f 2914/9634/2914 2327/9635/2327 1402/9636/1402
vt 0.639664 0.863933
vt 0.622706 0.839613
vt 0.659956 0.748440
f 494/9637/494 482/9638/482 2914/9639/2914
vt 0.659956 0.748440
vt 0.666104 0.797021
vt 0.639664 0.863933
f 2914/9640/2914 2348/9641/2348 494/9642/494
vt 0.590195 0.859942
vt 0.609433 0.788435
vt 0.659956 0.748440
f 481/9643/481 2367/9644/2367 2914/9645/2914
vt 0.659956 0.748440
vt 0.622706 0.839613
vt 0.590195 0.859942
f 2914/9646/2914 482/9647/482 481/9648/481
vt 0.621272 0.738343
vt 0.723134 0.736111
vt 0.659956 0.748440
f 476/9649/476 472/9650/472 2914/9651/2914
vt 0.659956 0.748440
vt 0.609433 0.788435
vt 0.621272 0.738343
f 2914/9652/2914 2367/9653/2367 476/9654/476
vt 0.853564 0.736054
vt 0.821037 0.744452
vt 0.659956 0.748440
f 471/9655/471 497/9656/497 2914/9657/2914
vt 0.659956 0.748440
vt 0.723134 0.736111
vt 0.853564 0.736054
f 2914/9658/2914 472/9659/472 471/9660/471
vt 0.862927 0.752922
vt 0.752349 0.752954
vt 0.659956 0.748440
f 604/9661/604 2393/9662/2393 2915/9663/2915
vt 0.659956 0.748440
vt 0.821037 0.744452
vt 0.862927 0.752922
f 2915/9664/2915 605/9665/605 604/9666/604
vt 0.691131 0.754917
vt 0.666104 0.797021
vt 0.659956 0.748440
f 1547/9667/1547 2414/9668/2414 2915/9669/2915
vt 0.659956 0.748440
vt 0.752349 0.752954
vt 0.691131 0.754917
f 2915/9670/2915 2393/9671/2393 1547/9672/1547
vt 0.639664 0.863933
vt 0.622706 0.839613
vt 0.659956 0.748440
f 602/9673/602 590/9674/590 2915/9675/2915
vt 0.659956 0.748440
vt 0.666104 0.797021
vt 0.639664 0.863933
f 2915/9676/2915 2414/9677/2414 602/9678/602
vt 0.590195 0.859942
vt 0.609433 0.788435
vt 0.659956 0.748440
f 589/9679/589 2435/9680/2435 2915/9681/2915
vt 0.659956 0.748440
vt 0.622706 0.839613
vt 0.590195 0.859942
f 2915/9682/2915 590/9683/590 589/9684/589
vt 0.621272 0.738343
vt 0.723134 0.736111
vt 0.659956 0.748440
f 586/9685/586 582/9686/582 2915/9687/2915
vt 0.659956 0.748440
vt 0.609433 0.788435
vt 0.621272 0.738343
f 2915/9688/2915 2435/9689/2435 586/9690/586
vt 0.853564 0.736054
vt 0.821037 0.744452
vt 0.659956 0.748440
f 581/9691/581 605/9692/605 2915/9693/2915
vt 0.659956 0.748440
vt 0.723134 0.736111
vt 0.853564 0.736054
f 2915/9694/2915 582/9695/582 581/9696/581
vt 0.621272 0.738343
vt 0.609433 0.788435
vt 0.659956 0.748440
f 554/9697/554 2428/9698/2428 2916/9699/2916
vt 0.659956 0.748440
vt 0.723134 0.736111
vt 0.621272 0.738343
f 2916/9700/2916 551/9701/551 554/9702/554
vt 0.590195 0.859942
vt 0.622706 0.839613
vt 0.659956 0.748440
f 559/9703/559 563/9704/563 2916/9705/2916
vt 0.659956 0.748440
vt 0.609433 0.788435
vt 0.590195 0.859942
f 2916/9706/2916 2428/9707/2428 559/9708/559
vt 0.639664 0.863933
vt 0.666104 0.797021
vt 0.659956 0.748440
f 564/9709/564 2403/9710/2403 2916/9711/2916
vt 0.659956 0.748440
vt 0.622706 0.839613
vt 0.639664 0.863933
f 2916/9712/2916 563/9713/563 564/9714/564
vt 0.691131 0.754917
vt 0.752349 0.752954
vt 0.659956 0.748440
f 1504/9715/1504 2382/9716/2382 2916/9717/2916
vt 0.659956 0.748440
vt 0.666104 0.797021
vt 0.691131 0.754917
f 2916/9718/2916 2403/9719/2403 1504/9720/1504
vt 0.862927 0.752922
vt 0.821037 0.744452
vt 0.659956 0.748440
f 570/9721/570 540/9722/540 2916/9723/2916
vt 0.659956 0.748440
vt 0.752349 0.752954
vt 0.862927 0.752922
f 2916/9724/2916 2382/9725/2382 570/9726/570
vt 0.853564 0.736054
vt 0.723134 0.736111
vt 0.659956 0.748440
f 539/9727/539 551/9728/551 2916/9729/2916
vt 0.659956 0.748440
vt 0.821037 0.744452
vt 0.853564 0.736054
f 2916/9730/2916 540/9731/540 539/9732/539
vt 0.536666 0.055934
vt 0.536894 0.075800
vt 0.537929 0.075790
f 780/9733/780 784/9734/784 2917/9735/2917
vt 0.537929 0.075790
vt 0.537938 0.056897
vt 0.536666 0.055934
f 2917/9736/2917 2653/9737/2653 780/9738/780
vt 0.536909 0.095318
vt 0.537929 0.095398
vt 0.537929 0.075790
f 796/9739/796 2655/9740/2655 2917/9741/2917
vt 0.537929 0.075790
vt 0.536894 0.075800
vt 0.536909 0.095318
f 2917/9742/2917 784/9743/784 796/9744/796
vt 0.538949 0.095318
vt 0.538965 0.075799
vt 0.537929 0.075790
f 352/9745/352 342/9746/342 2917/9747/2917
vt 0.537929 0.075790
vt 0.537929 0.095398
vt 0.538949 0.095318
f 2917/9748/2917 2655/9749/2655 352/9750/352
vt 0.539192 0.055933
vt 0.537938 0.056897
vt 0.537929 0.075790
f 341/9751/341 2653/9752/2653 2917/9753/2917
vt 0.537929 0.075790
vt 0.538965 0.075799
vt 0.539192 0.055933
f 2917/9754/2917 342/9755/342 341/9756/341
vt 0.536909 0.134691
vt 0.536894 0.154209
vt 0.537929 0.154218
f 792/9757/792 789/9758/789 2918/9759/2918
vt 0.537929 0.154218
vt 0.537929 0.134611
vt 0.536909 0.134691
f 2918/9760/2918 2656/9761/2656 792/9762/792
vt 0.536666 0.174075
vt 0.537938 0.173111
vt 0.537929 0.154218
f 800/9763/800 2658/9764/2658 2918/9765/2918
vt 0.537929 0.154218
vt 0.536894 0.154209
vt 0.536666 0.174075
f 2918/9766/2918 789/9767/789 800/9768/800
vt 0.539191 0.174075
vt 0.538965 0.154209
vt 0.537929 0.154218
f 362/9769/362 353/9770/353 2918/9771/2918
vt 0.537929 0.154218
vt 0.537938 0.173111
vt 0.539191 0.174075
f 2918/9772/2918 2658/9773/2658 362/9774/362
vt 0.538949 0.134691
vt 0.537929 0.134611
vt 0.537929 0.154218
f 355/9775/355 2656/9776/2656 2918/9777/2918
vt 0.537929 0.154218
vt 0.538965 0.154209
vt 0.538949 0.134691
f 2918/9778/2918 353/9779/353 355/9780/355
vt 0.536476 0.197081
vt 0.536056 0.200839
vt 0.538326 0.200839
f 1864/9781/1864 2662/9782/2662 2919/9783/2919
vt 0.538326 0.200839
vt 0.538136 0.196401
vt 0.536476 0.197081
f 2919/9784/2919 2659/9785/2659 1864/9786/1864
vt 0.535551 0.204535
vt 0.538475 0.204388
vt 0.538326 0.200839
f 834/9787/834 382/9788/382 2919/9789/2919
vt 0.538326 0.200839
vt 0.536056 0.200839
vt 0.535551 0.204535
f 2919/9790/2919 2662/9791/2662 834/9792/834
vt 0.541489 0.204535
vt 0.540596 0.200839
vt 0.538326 0.200839
f 385/9793/385 2222/9794/2222 2919/9795/2919
vt 0.538326 0.200839
vt 0.538475 0.204388
vt 0.541489 0.204535
f 2919/9796/2919 382/9797/382 385/9798/385
vt 0.539775 0.197081
vt 0.538136 0.196401
vt 0.538326 0.200839
f 1236/9799/1236 2659/9800/2659 2919/9801/2919
vt 0.538326 0.200839
vt 0.540596 0.200839
vt 0.539775 0.197081
f 2919/9802/2919 2222/9803/2222 1236/9804/1236
vt 0.534425 0.199965
vt 0.533942 0.191515
vt 0.534742 0.191515
f 1935/9805/1935 2673/9806/2673 2920/9807/2920
vt 0.534742 0.191515
vt 0.535060 0.199517
vt 0.534425 0.199965
f 2920/9808/2920 2670/9809/2670 1935/9810/1935
vt 0.533415 0.183023
vt 0.534425 0.182151
vt 0.534742 0.191515
f 1951/9811/1951 2680/9812/2680 2920/9813/2920
vt 0.534742 0.191515
vt 0.533942 0.191515
vt 0.533415 0.183023
f 2920/9814/2920 2673/9815/2673 1951/9816/1951
vt 0.535408 0.183021
vt 0.535542 0.191515
vt 0.534742 0.191515
f 1314/9817/1314 2281/9818/2281 2920/9819/2920
vt 0.534742 0.191515
vt 0.534425 0.182151
vt 0.535408 0.183021
f 2920/9820/2920 2680/9821/2680 1314/9822/1314
vt 0.535730 0.199962
vt 0.535060 0.199517
vt 0.534742 0.191515
f 1298/9823/1298 2670/9824/2670 2920/9825/2920
vt 0.534742 0.191515
vt 0.535542 0.191515
vt 0.535730 0.199962
f 2920/9826/2920 2281/9827/2281 1298/9828/1298
vt 0.535408 0.045808
vt 0.534425 0.046694
vt 0.534742 0.037706
f 1323/9829/1323 2684/9830/2684 2921/9831/2921
vt 0.534742 0.037706
vt 0.535542 0.037706
vt 0.535408 0.045808
f 2921/9832/2921 2265/9833/2265 1323/9834/1323
vt 0.533415 0.045806
vt 0.533942 0.037706
vt 0.534742 0.037706
f 1923/9835/1923 2687/9836/2687 2921/9837/2921
vt 0.534742 0.037706
vt 0.534425 0.046694
vt 0.533415 0.045806
f 2921/9838/2921 2684/9839/2684 1923/9840/1923
vt 0.534425 0.029653
vt 0.535060 0.030081
vt 0.534742 0.037706
f 1914/9841/1914 2694/9842/2694 2921/9843/2921
vt 0.534742 0.037706
vt 0.533942 0.037706
vt 0.534425 0.029653
f 2921/9844/2921 2687/9845/2687 1914/9846/1914
vt 0.535730 0.029656
vt 0.535542 0.037706
vt 0.534742 0.037706
f 1292/9847/1292 2265/9848/2265 2921/9849/2921
vt 0.534742 0.037706
vt 0.535060 0.030081
vt 0.535730 0.029656
f 2921/9850/2921 2694/9851/2694 1292/9852/1292
vt 0.541489 0.025474
vt 0.538475 0.025621
vt 0.538326 0.029169
f 380/9853/380 379/9854/379 2922/9855/2922
vt 0.538326 0.029169
vt 0.540596 0.029169
vt 0.541489 0.025474
f 2922/9856/2922 2214/9857/2214 380/9858/380
vt 0.535550 0.025474
vt 0.536056 0.029169
vt 0.538326 0.029169
f 813/9859/813 2698/9860/2698 2922/9861/2922
vt 0.538326 0.029169
vt 0.538475 0.025621
vt 0.535550 0.025474
f 2922/9862/2922 379/9863/379 813/9864/813
vt 0.536476 0.032928
vt 0.538136 0.033608
vt 0.538326 0.029169
f 1860/9865/1860 2652/9866/2652 2922/9867/2922
vt 0.538326 0.029169
vt 0.536056 0.029169
vt 0.536476 0.032928
f 2922/9868/2922 2698/9869/2698 1860/9870/1860
vt 0.539775 0.032928
vt 0.540596 0.029169
vt 0.538326 0.029169
f 1234/9871/1234 2214/9872/2214 2922/9873/2922
vt 0.538326 0.029169
vt 0.538136 0.033608
vt 0.539775 0.032928
f 2922/9874/2922 2652/9875/2652 1234/9876/1234
vt 0.535862 0.208257
vt 0.535444 0.208257
vt 0.535407 0.208256
f 1352/9877/1352 2721/9878/2721 2923/9879/2923
vt 0.535407 0.208256
vt 0.535874 0.208256
vt 0.535862 0.208257
f 2923/9880/2923 2289/9881/2289 1352/9882/1352
vt 0.534951 0.208257
vt 0.534940 0.208256
vt 0.535407 0.208256
f 1991/9883/1991 2751/9884/2751 2923/9885/2923
vt 0.535407 0.208256
vt 0.535444 0.208257
vt 0.534951 0.208257
f 2923/9886/2923 2721/9887/2721 1991/9888/1991
vt 0.534889 0.208254
vt 0.535392 0.207878
vt 0.535407 0.208256
f 1940/9889/1940 2669/9890/2669 2923/9891/2923
vt 0.535407 0.208256
vt 0.534940 0.208256
vt 0.534889 0.208254
f 2923/9892/2923 2751/9893/2751 1940/9894/1940
vt 0.535921 0.208254
vt 0.535874 0.208256
vt 0.535407 0.208256
f 1294/9895/1294 2289/9896/2289 2923/9897/2923
vt 0.535407 0.208256
vt 0.535392 0.207878
vt 0.535921 0.208254
f 2923/9898/2923 2669/9899/2669 1294/9900/1294
vt 0.534892 0.021754
vt 0.534940 0.021753
vt 0.535407 0.021753
f 1910/9901/1910 2758/9902/2758 2924/9903/2924
vt 0.535407 0.021753
vt 0.535392 0.022113
vt 0.534892 0.021754
f 2924/9904/2924 2695/9905/2695 1910/9906/1910
vt 0.534952 0.021752
vt 0.535444 0.021751
vt 0.535407 0.021753
f 1963/9907/1963 2732/9908/2732 2924/9909/2924
vt 0.535407 0.021753
vt 0.534940 0.021753
vt 0.534952 0.021752
f 2924/9910/2924 2758/9911/2758 1963/9912/1963
vt 0.535861 0.021752
vt 0.535874 0.021753
vt 0.535407 0.021753
f 1341/9913/1341 2272/9914/2272 2924/9915/2924
vt 0.535407 0.021753
vt 0.535444 0.021751
vt 0.535861 0.021752
f 2924/9916/2924 2732/9917/2732 1341/9918/1341
vt 0.535918 0.021754
vt 0.535392 0.022113
vt 0.535407 0.021753
f 1284/9919/1284 2695/9920/2695 2924/9921/2924
vt 0.535407 0.021753
vt 0.535874 0.021753
vt 0.535918 0.021754
f 2924/9922/2924 2272/9923/2272 1284/9924/1284
vt 0.532943 0.144499
vt 0.532947 0.114216
vt 0.534077 0.114216
f 1946/9925/1946 2767/9926/2767 2925/9927/2925
vt 0.534077 0.114216
vt 0.534092 0.143513
vt 0.532943 0.144499
f 2925/9928/2925 2681/9929/2681 1946/9930/1946
vt 0.532943 0.083934
vt 0.534092 0.084937
vt 0.534077 0.114216
f 1928/9931/1928 2683/9932/2683 2925/9933/2925
vt 0.534077 0.114216
vt 0.532947 0.114216
vt 0.532943 0.083934
f 2925/9934/2925 2767/9935/2767 1928/9936/1928
vt 0.535211 0.083934
vt 0.535207 0.114216
vt 0.534077 0.114216
f 1318/9937/1318 2297/9938/2297 2925/9939/2925
vt 0.534077 0.114216
vt 0.534092 0.084937
vt 0.535211 0.083934
f 2925/9940/2925 2683/9941/2683 1318/9942/1318
vt 0.535211 0.144499
vt 0.534092 0.143513
vt 0.534077 0.114216
f 1304/9943/1304 2681/9944/2681 2925/9945/2925
vt 0.534077 0.114216
vt 0.535207 0.114216
vt 0.535211 0.144499
f 2925/9946/2925 2297/9947/2297 1304/9948/1304
vt 0.532970 0.084306
vt 0.532949 0.114275
vt 0.534077 0.114275
f 1969/9949/1969 2774/9950/2774 2926/9951/2926
vt 0.534077 0.114275
vt 0.534130 0.085384
vt 0.532970 0.084306
f 2926/9952/2926 2748/9953/2748 1969/9954/1969
vt 0.532969 0.144241
vt 0.534130 0.143185
vt 0.534077 0.114275
f 1985/9955/1985 2723/9956/2723 2926/9957/2926
vt 0.534077 0.114275
vt 0.532949 0.114275
vt 0.532969 0.144241
f 2926/9958/2926 2774/9959/2774 1985/9960/1985
vt 0.535188 0.144244
vt 0.535205 0.114275
vt 0.534077 0.114275
f 1365/9961/1365 2305/9962/2305 2926/9963/2926
vt 0.534077 0.114275
vt 0.534130 0.143185
vt 0.535188 0.144244
f 2926/9964/2926 2723/9965/2723 1365/9966/1365
vt 0.535188 0.084304
vt 0.534130 0.085384
vt 0.534077 0.114275
f 1328/9967/1328 2748/9968/2748 2926/9969/2926
vt 0.534077 0.114275
vt 0.535205 0.114275
vt 0.535188 0.084304
f 2926/9970/2926 2305/9971/2305 1328/9972/1328
vt 0.679376 0.971706
vt 0.801918 0.973403
vt 0.905875 0.977945
f 1648/9973/1648 2468/9974/2468 2927/9975/2927
vt 0.905875 0.977945
vt 0.708241 0.977889
vt 0.679376 0.971706
f 2927/9976/2927 2449/9977/2449 1648/9978/1648
vt 0.845472 0.971184
vt 0.871429 0.966031
vt 0.905875 0.977945
f 1659/9979/1659 2487/9980/2487 2927/9981/2927
vt 0.905875 0.977945
vt 0.801918 0.973403
vt 0.845472 0.971184
f 2927/9982/2927 2468/9983/2468 1659/9984/1659
vt 0.874188 0.946973
vt 0.886696 0.915198
vt 0.905875 0.977945
f 1669/9985/1669 2529/9986/2529 2927/9987/2927
vt 0.905875 0.977945
vt 0.871429 0.966031
vt 0.874188 0.946973
f 2927/9988/2927 2487/9989/2487 1669/9990/1669
vt 0.885744 0.842983
vt 0.910557 0.873486
vt 0.905875 0.977945
f 671/9991/671 675/9992/675 2927/9993/2927
vt 0.905875 0.977945
vt 0.886696 0.915198
vt 0.885744 0.842983
f 2927/9994/2927 2529/9995/2529 671/9996/671
vt 0.932850 0.850119
vt 0.942771 0.931130
vt 0.905875 0.977945
f 676/9997/676 2507/9998/2507 2927/9999/2927
vt 0.905875 0.977945
vt 0.910557 0.873486
vt 0.932850 0.850119
f 2927/10000/2927 675/10001/675 676/10002/676
vt 0.952142 0.988498
vt 0.817784 0.989997
vt 0.905875 0.977945
f 685/10003/685 684/10004/684 2927/10005/2927
vt 0.905875 0.977945
vt 0.942771 0.931130
vt 0.952142 0.988498
f 2927/10006/2927 2507/10007/2507 685/10008/685
vt 0.638871 0.992055
vt 0.678924 0.986217
vt 0.905875 0.977945
f 690/10009/690 660/10010/660 2927/10011/2927
vt 0.905875 0.977945
vt 0.817784 0.989997
vt 0.638871 0.992055
f 2927/10012/2927 684/10013/684 690/10014/690
vt 0.584597 0.982355
vt 0.708241 0.977889
vt 0.905875 0.977945
f 659/10015/659 2449/10016/2449 2927/10017/2927
vt 0.905875 0.977945
vt 0.678924 0.986217
vt 0.584597 0.982355
f 2927/10018/2927 660/10019/660 659/10020/659
vt 0.638871 0.992055
vt 0.817784 0.989997
vt 0.905875 0.977945
f 649/10021/649 645/10022/645 2928/10023/2928
vt 0.905875 0.977945
vt 0.678924 0.986217
vt 0.638871 0.992055
f 2928/10024/2928 614/10025/614 649/10026/649
vt 0.952142 0.988498
vt 0.942771 0.931130
vt 0.905875 0.977945
f 648/10027/648 2519/10028/2519 2928/10029/2928
vt 0.905875 0.977945
vt 0.817784 0.989997
vt 0.952142 0.988498
f 2928/10030/2928 645/10031/645 648/10032/648
vt 0.932850 0.850119
vt 0.910557 0.873486
vt 0.905875 0.977945
f 639/10033/639 627/10034/627 2928/10035/2928
vt 0.905875 0.977945
vt 0.942771 0.931130
vt 0.932850 0.850119
f 2928/10036/2928 2519/10037/2519 639/10038/639
vt 0.885744 0.842983
vt 0.886696 0.915198
vt 0.905875 0.977945
f 626/10039/626 2537/10040/2537 2928/10041/2928
vt 0.905875 0.977945
vt 0.910557 0.873486
vt 0.885744 0.842983
f 2928/10042/2928 627/10043/627 626/10044/626
vt 0.874188 0.946973
vt 0.871429 0.966031
vt 0.905875 0.977945
f 1604/10045/1604 2495/10046/2495 2928/10047/2928
vt 0.905875 0.977945
vt 0.886696 0.915198
vt 0.874188 0.946973
f 2928/10048/2928 2537/10049/2537 1604/10050/1604
vt 0.845472 0.971184
vt 0.801918 0.973403
vt 0.905875 0.977945
f 1593/10051/1593 2476/10052/2476 2928/10053/2928
vt 0.905875 0.977945
vt 0.871429 0.966031
vt 0.845472 0.971184
f 2928/10054/2928 2495/10055/2495 1593/10056/1593
vt 0.679376 0.971706
vt 0.708241 0.977889
vt 0.905875 0.977945
f 1583/10057/1583 2457/10058/2457 2928/10059/2928
vt 0.905875 0.977945
vt 0.801918 0.973403
vt 0.679376 0.971706
f 2928/10060/2928 2476/10061/2476 1583/10062/1583
vt 0.584597 0.982355
vt 0.678924 0.986217
vt 0.905875 0.977945
f 611/10063/611 614/10064/614 2928/10065/2928
vt 0.905875 0.977945
vt 0.708241 0.977889
vt 0.584597 0.982355
f 2928/10066/2928 2457/10067/2457 611/10068/611
vt 0.638871 0.992055
vt 0.817784 0.989997
vt 0.905875 0.977945
f 768/10069/768 764/10070/764 2929/10071/2929
vt 0.905875 0.977945
vt 0.678924 0.986217
vt 0.638871 0.992055
f 2929/10072/2929 743/10073/743 768/10074/768
vt 0.952142 0.988498
vt 0.942771 0.931130
vt 0.905875 0.977945
f 767/10075/767 2623/10076/2623 2929/10077/2929
vt 0.905875 0.977945
vt 0.817784 0.989997
vt 0.952142 0.988498
f 2929/10078/2929 764/10079/764 767/10080/767
vt 0.932850 0.850119
vt 0.910557 0.873486
vt 0.905875 0.977945
f 760/10081/760 748/10082/748 2929/10083/2929
vt 0.905875 0.977945
vt 0.942771 0.931130
vt 0.932850 0.850119
f 2929/10084/2929 2623/10085/2623 760/10086/760
vt 0.885744 0.842983
vt 0.886696 0.915198
vt 0.905875 0.977945
f 747/10087/747 2643/10088/2643 2929/10089/2929
vt 0.905875 0.977945
vt 0.910557 0.873486
vt 0.885744 0.842983
f 2929/10090/2929 748/10091/748 747/10092/747
vt 0.874188 0.946973
vt 0.871429 0.966031
vt 0.905875 0.977945
f 1811/10093/1811 2601/10094/2601 2929/10095/2929
vt 0.905875 0.977945
vt 0.886696 0.915198
vt 0.874188 0.946973
f 2929/10096/2929 2643/10097/2643 1811/10098/1811
vt 0.845472 0.971184
vt 0.801918 0.973403
vt 0.905875 0.977945
f 1799/10099/1799 2581/10100/2581 2929/10101/2929
vt 0.905875 0.977945
vt 0.871429 0.966031
vt 0.845472 0.971184
f 2929/10102/2929 2601/10103/2601 1799/10104/1799
vt 0.679376 0.971706
vt 0.708241 0.977889
vt 0.905875 0.977945
f 1787/10105/1787 2562/10106/2562 2929/10107/2929
vt 0.905875 0.977945
vt 0.801918 0.973403
vt 0.679376 0.971706
f 2929/10108/2929 2581/10109/2581 1787/10110/1787
vt 0.584597 0.982355
vt 0.678924 0.986217
vt 0.905875 0.977945
f 739/10111/739 743/10112/743 2929/10113/2929
vt 0.905875 0.977945
vt 0.708241 0.977889
vt 0.584597 0.982355
f 2929/10114/2929 2562/10115/2562 739/10116/739
vt 0.679376 0.971706
vt 0.801918 0.973403
vt 0.905875 0.977945
f 1712/10117/1712 2574/10118/2574 2930/10119/2930
vt 0.905875 0.977945
vt 0.708241 0.977889
vt 0.679376 0.971706
f 2930/10120/2930 2555/10121/2555 1712/10122/1712
vt 0.845472 0.971184
vt 0.871429 0.966031
vt 0.905875 0.977945
f 1724/10123/1724 2594/10124/2594 2930/10125/2930
vt 0.905875 0.977945
vt 0.801918 0.973403
vt 0.845472 0.971184
f 2930/10126/2930 2574/10127/2574 1724/10128/1724
vt 0.874188 0.946973
vt 0.886696 0.915198
vt 0.905875 0.977945
f 1736/10129/1736 2636/10130/2636 2930/10131/2930
vt 0.905875 0.977945
vt 0.871429 0.966031
vt 0.874188 0.946973
f 2930/10132/2930 2594/10133/2594 1736/10134/1736
vt 0.885744 0.842983
vt 0.910557 0.873486
vt 0.905875 0.977945
f 711/10135/711 715/10136/715 2930/10137/2930
vt 0.905875 0.977945
vt 0.886696 0.915198
vt 0.885744 0.842983
f 2930/10138/2930 2636/10139/2636 711/10140/711
vt 0.932850 0.850119
vt 0.942771 0.931130
vt 0.905875 0.977945
f 716/10141/716 2611/10142/2611 2930/10143/2930
vt 0.905875 0.977945
vt 0.910557 0.873486
vt 0.932850 0.850119
f 2930/10144/2930 715/10145/715 716/10146/716
vt 0.952142 0.988498
vt 0.817784 0.989997
vt 0.905875 0.977945
f 725/10147/725 724/10148/724 2930/10149/2930
vt 0.905875 0.977945
vt 0.942771 0.931130
vt 0.952142 0.988498
f 2930/10150/2930 2611/10151/2611 725/10152/725
vt 0.638871 0.992055
vt 0.678924 0.986217
vt 0.905875 0.977945
f 733/10153/733 693/10154/693 2930/10155/2930
vt 0.905875 0.977945
vt 0.817784 0.989997
vt 0.638871 0.992055
f 2930/10156/2930 724/10157/724 733/10158/733
vt 0.584597 0.982355
vt 0.708241 0.977889
vt 0.905875 0.977945
f 692/10159/692 2555/10160/2555 2930/10161/2930
vt 0.905875 0.977945
vt 0.678924 0.986217
vt 0.584597 0.982355
f 2930/10162/2930 693/10163/693 692/10164/692
vt 0.534549 0.164355
vt 0.537673 0.164355
vt 0.537673 0.128674
f 1196/10165/1196 310/10166/310 309/10167/309
vt 0.537673 0.128674
vt 0.533868 0.128700
vt 0.534549 0.164355
f 309/10168/309 294/10169/294 1196/10170/1196
vt 0.543921 0.128672
vt 0.543921 0.092989
vt 0.540827 0.092982
f 2931/10171/2931 2932/10172/2932 258/10173/258
vt 0.540827 0.092982
vt 0.541479 0.128700
vt 0.543921 0.128672
f 258/10174/258 312/10175/312 2933/10176/2933
vt 0.531426 0.128357
vt 0.531426 0.092828
vt 0.534520 0.092821
f 2934/10177/2934 230/10178/230 229/10179/229
vt 0.534520 0.092821
vt 0.533869 0.128384
vt 0.531426 0.128357
f 229/10180/229 323/10181/323 2935/10182/2935
vt 0.540797 0.163886
vt 0.537673 0.163886
vt 0.537673 0.128358
f 1224/10183/1224 321/10184/321 320/10185/320
vt 0.537673 0.128358
vt 0.541478 0.128384
vt 0.540797 0.163886
f 320/10186/320 337/10187/337 1224/10188/1224
vt 0.534722 0.204850
vt 0.538177 0.204850
vt 0.538177 0.197478
f 1375/10189/1375 508/10190/508 507/10191/507
vt 0.538177 0.197478
vt 0.533535 0.197105
vt 0.534722 0.204850
f 507/10192/507 470/10193/470 1375/10194/1375
vt 0.853564 0.736054
vt 0.991727 0.736053
vt 0.983739 0.744450
f 471/10195/471 2936/10196/2936 2937/10197/2937
vt 0.983739 0.744450
vt 0.821037 0.744452
vt 0.853564 0.736054
f 2938/10198/2938 497/10199/497 471/10200/471
vt 0.853564 0.736054
vt 0.895030 0.727657
vt 0.790346 0.727657
f 503/10201/503 1426/10202/1426 514/10203/514
vt 0.790346 0.727657
vt 0.723134 0.736111
vt 0.853564 0.736054
f 514/10204/514 513/10205/513 503/10206/503
vt 0.545088 0.197498
vt 0.545088 0.190146
vt 0.541680 0.190131
f 2939/10207/2939 2940/10208/2940 535/10209/535
vt 0.541680 0.190131
vt 0.542819 0.197105
vt 0.545088 0.197498
f 535/10210/535 510/10211/510 2941/10212/2941
vt 0.853564 0.736054
vt 0.895030 0.727657
vt 0.790346 0.727657
f 539/10213/539 1471/10214/1471 552/10215/552
vt 0.790346 0.727657
vt 0.723134 0.736111
vt 0.853564 0.736054
f 552/10216/552 551/10217/551 539/10218/539
vt 0.544818 0.197498
vt 0.544818 0.190146
vt 0.541409 0.190131
f 2942/10219/2942 2943/10220/2943 573/10221/573
vt 0.541409 0.190131
vt 0.542549 0.197105
vt 0.544818 0.197498
f 573/10222/573 546/10223/546 2944/10224/2944
vt 0.534451 0.204850
vt 0.537906 0.204850
vt 0.537906 0.197478
f 1518/10225/1518 544/10226/544 543/10227/543
vt 0.537906 0.197478
vt 0.533264 0.197105
vt 0.534451 0.204850
f 543/10228/543 580/10229/580 1518/10230/1518
vt 0.853564 0.736054
vt 0.991727 0.736053
vt 0.983739 0.744450
f 581/10231/581 2945/10232/2945 2946/10233/2946
vt 0.983739 0.744450
vt 0.821037 0.744452
vt 0.853564 0.736054
f 2947/10234/2947 605/10235/605 581/10236/581
vt 0.638871 0.992055
vt 0.583518 0.998164
vt 0.720180 0.998164
f 649/10237/649 1633/10238/1633 646/10239/646
vt 0.720180 0.998164
vt 0.817784 0.989997
vt 0.638871 0.992055
f 646/10240/646 645/10241/645 649/10242/649
vt 0.531681 0.026383
vt 0.531681 0.029479
vt 0.534833 0.029486
f 2948/10243/2948 2949/10244/2949 616/10245/616
vt 0.534833 0.029486
vt 0.533605 0.026641
vt 0.531681 0.026383
f 616/10246/616 654/10247/654 2950/10248/2950
vt 0.541278 0.023288
vt 0.538079 0.023288
vt 0.538079 0.026396
f 1698/10249/1698 652/10250/652 651/10251/651
vt 0.538079 0.026396
vt 0.542553 0.026641
vt 0.541278 0.023288
f 651/10252/651 689/10253/689 1698/10254/1698
vt 0.638871 0.992055
vt 0.447022 0.994346
vt 0.447188 0.990528
f 690/10255/690 2951/10256/2951 2952/10257/2952
vt 0.447188 0.990528
vt 0.678924 0.986217
vt 0.638871 0.992055
f 2953/10258/2953 660/10259/660 690/10260/690
vt 0.541027 0.023288
vt 0.537828 0.023288
vt 0.537828 0.026396
f 1773/10261/1773 773/10262/773 772/10263/772
vt 0.537828 0.026396
vt 0.542302 0.026641
vt 0.541027 0.023288
f 772/10264/772 732/10265/732 1773/10266/1773
vt 0.638871 0.992055
vt 0.447022 0.994346
vt 0.447188 0.990528
f 733/10267/733 2954/10268/2954 694/10269/694
vt 0.447188 0.990528
vt 0.678924 0.986217
vt 0.638871 0.992055
f 694/10270/694 693/10271/693 733/10272/733
vt 0.638871 0.992055
vt 0.583518 0.998164
vt 0.720180 0.998164
f 768/10273/768 1850/10274/1850 765/10275/765
vt 0.720180 0.998164
vt 0.817784 0.989997
vt 0.638871 0.992055
f 765/10276/765 764/10277/764 768/10278/768
vt 0.531430 0.026383
vt 0.531430 0.029479
vt 0.534582 0.029486
f 2955/10279/2955 737/10280/737 736/10281/736
vt 0.534582 0.029486
vt 0.533354 0.026641
vt 0.531430 0.026383
f 736/10282/736 775/10283/775 2956/10284/2956
usemtl tex0_1
v -3.062806 0.554819 0.536834
vn 0.013084 -0.999285 -0.035478
v 0.001000 0.481990 3.412737
vn 0.000000 -0.999308 -0.037189
v 0.001000 0.639129 -0.919094
vn 0.000000 -0.999472 -0.032496
v -1.970062 0.691679 -2.997423
vn 0.010124 -0.999590 -0.026793
v 3.064806 0.554819 0.536834
vn -0.013085 -0.999285 -0.035477
v 1.972062 0.691679 -2.997423
vn -0.010128 -0.999590 -0.026791
v 0.001000 0.713242 -3.786521
vn -0.000000 -0.999877 -0.015708
v -3.062806 -0.138698 0.537615
vn -0.004688 0.999729 -0.022789
v -1.970062 -0.198698 -2.995515
vn -0.010067 0.999411 -0.032804
v 0.001000 -0.098962 -0.915186
vn 0.000000 0.999624 -0.027428
v 0.001000 -0.051000 3.414632
vn 0.000000 0.999923 -0.012393
v 3.064806 -0.138698 0.537615
vn 0.004689 0.999729 -0.022789
v 1.972062 -0.198698 -2.995515
vn 0.010069 0.999411 -0.032805
v 0.001000 -0.232851 -3.785218
vn 0.000000 0.999303 -0.037320
v 0.001000 -0.969248 5.509175
vn -0.000000 0.999936 0.011273
v 0.001000 -0.939750 7.448102
vn -0.000000 0.898275 -0.439434
v -0.479742 -0.921533 7.431610
vn 0.498240 0.779452 -0.379751
v -0.487780 -0.927173 5.544144
vn 0.638011 0.769993 0.007289
v 0.001000 -0.379291 7.897462
vn -0.000000 0.568647 -0.822581
v -0.492330 -0.366715 7.813016
vn 0.708723 0.396951 -0.583216
v -0.712487 -0.127755 6.208555
vn 0.957934 0.266270 -0.107062
v -0.998723 0.560241 1.356229
vn 0.825765 0.530543 0.191407
v -0.723612 0.568441 0.343878
vn 0.449594 0.819341 0.355733
v -0.491083 -0.871520 3.472859
vn 0.519140 0.836577 0.175020
v -0.984287 -0.170196 3.516985
vn 0.839149 0.542322 0.041419
v 0.001000 0.568872 0.290596
vn 0.000000 0.904659 0.426137
v 0.001000 -0.892341 3.428734
vn 0.000000 0.972240 0.233986
v -0.881979 2.278339 0.854370
vn 0.939866 -0.340631 -0.024932
v -0.757021 2.774004 -1.701879
vn 0.918460 -0.390592 0.062207
v -0.949331 2.060079 -2.700588
vn 0.822930 0.506970 0.256451
v -1.218135 1.334416 0.372067
vn 0.992331 0.077288 0.096466
v -0.632823 2.671197 -2.874363
vn 0.896647 -0.418056 0.145782
v -0.707212 2.138725 -3.822692
vn 0.839120 0.496985 0.221097
v 0.001000 2.110700 -3.872604
vn -0.000000 0.998723 0.050516
v 0.001000 2.030271 -2.794773
vn -0.000000 0.966838 0.255392
v 0.001000 2.535142 -3.969971
vn -0.000000 -0.898345 0.439290
v 0.001000 2.135260 -4.747144
vn -0.000000 0.221174 0.975234
v -0.473168 2.146869 -4.712246
vn 0.793136 -0.244765 0.557697
v -0.489392 2.541945 -3.915190
vn 0.574288 -0.734246 0.362045
v 0.001000 0.189552 8.245958
vn 0.000000 0.328223 -0.944600
v -0.481136 0.185309 8.183477
vn 0.526246 0.277428 -0.803803
v 0.001000 0.378371 8.268464
vn -0.000000 -0.193036 -0.981192
v -0.511914 0.353064 8.165468
vn 0.738454 -0.054814 -0.672072
v -0.854736 1.348310 5.082617
vn 0.910644 -0.371384 -0.181111
v -0.993117 1.755817 3.435595
vn 0.921426 -0.374735 -0.102701
v -1.435298 0.590160 3.476290
vn 0.997494 0.056783 -0.042195
v -1.000524 0.551103 5.856718
vn 0.981081 -0.022338 -0.192303
v -0.522031 1.730842 5.840300
vn 0.556897 -0.744488 -0.368243
v -0.506830 2.875520 3.469629
vn 0.583166 -0.776824 -0.237615
v 0.001000 1.750975 5.880177
vn -0.000000 -0.895140 -0.445785
v 0.001000 2.909420 3.503662
vn 0.000000 -0.954339 -0.298726
v 0.001000 3.231693 1.418144
vn -0.000000 -0.990626 -0.136604
v -0.507511 3.184026 1.389955
vn 0.605996 -0.788169 -0.107508
v 0.001000 3.479930 -0.608986
vn -0.000000 -0.999354 0.035936
v -0.501282 3.442084 -0.648036
vn 0.577074 -0.815668 0.040882
v 0.001000 3.231694 -1.876122
vn 0.000000 -0.978458 0.206448
v -0.495053 3.203669 -1.926034
vn 0.560528 -0.810164 0.171590
v 0.001000 2.948630 -3.083237
vn -0.000000 -0.944957 0.327194
v -0.484489 2.941556 -3.081614
vn 0.369931 -0.877563 0.305014
v 0.714487 -0.127755 6.208555
vn -0.957934 0.266270 -0.107062
v 0.494330 -0.366715 7.813016
vn -0.708723 0.396951 -0.583216
v 0.481741 -0.921533 7.431610
vn -0.498240 0.779452 -0.379751
v 0.489780 -0.927173 5.544144
vn -0.638011 0.769993 0.007289
v 0.493083 -0.871520 3.472859
vn -0.519140 0.836577 0.175020
v 0.725612 0.568441 0.343878
vn -0.449594 0.819341 0.355733
v 1.000723 0.560241 1.356229
vn -0.825765 0.530543 0.191407
v 0.986287 -0.170196 3.516985
vn -0.839149 0.542322 0.041419
v 0.951330 2.060079 -2.700588
vn -0.822930 0.506970 0.256451
v 1.220135 1.334416 0.372066
vn -0.992331 0.077288 0.096466
v 0.709211 2.138725 -3.822692
vn -0.839119 0.496986 0.221096
v 0.634823 2.671197 -2.874363
vn -0.896648 -0.418056 0.145782
v 0.759021 2.774004 -1.701880
vn -0.918460 -0.390592 0.062207
v 0.883979 2.278339 0.854370
vn -0.939866 -0.340631 -0.024932
v 0.475168 2.146869 -4.712246
vn -0.793136 -0.244764 0.557697
v 0.491392 2.541945 -3.915190
vn -0.574288 -0.734246 0.362045
v 0.856736 1.348310 5.082617
vn -0.910644 -0.371384 -0.181111
v 0.524031 1.730842 5.840299
vn -0.556897 -0.744488 -0.368243
v 0.536357 0.575216 8.081569
vn -0.685585 -0.477086 -0.549875
v 1.002524 0.551103 5.856718
vn -0.981081 -0.022338 -0.192303
v 0.001000 0.597936 8.153006
vn 0.000000 -0.712777 -0.701391
v 0.513914 0.353064 8.165468
vn -0.738454 -0.054814 -0.672072
v 1.437298 0.590160 3.476290
vn -0.997494 0.056784 -0.042195
v 0.995117 1.755817 3.435595
vn -0.921426 -0.374735 -0.102701
v 0.509511 3.184026 1.389955
vn -0.605996 -0.788169 -0.107508
v 0.508830 2.875520 3.469629
vn -0.583167 -0.776824 -0.237615
v 0.497052 3.203669 -1.926034
vn -0.560527 -0.810164 0.171590
v 0.503281 3.442084 -0.648037
vn -0.577073 -0.815669 0.040882
v 0.486489 2.941556 -3.081614
vn -0.369931 -0.877563 0.305014
v -0.534357 0.575216 8.081569
vn 0.685585 -0.477086 -0.549875
v 0.483136 0.185309 8.183477
vn -0.526246 0.277428 -0.803803
v 14.893684 0.001000 -1.692032
vn -0.000636 1.000000 -0.000032
v 24.113678 0.008501 -3.795310
vn -0.000817 1.000000 -0.000013
v 23.915047 0.011000 -1.496737
vn -0.001073 0.999998 -0.001656
v 14.654257 0.008500 1.945813
vn -0.001330 0.999997 -0.002149
v 24.598942 0.151001 -3.906009
vn -0.999874 0.000000 -0.015883
v 24.072599 0.151000 -1.469815
vn -0.709551 -0.000000 -0.704654
v 23.915047 0.011000 -1.496737
vn -0.644372 0.751933 -0.139217
v 23.915047 0.011000 -1.496737
vn -0.287088 0.957555 -0.025850
v 24.113678 0.008501 -3.795310
vn -0.287088 0.957555 -0.025850
v 14.641655 0.151000 2.137279
vn -0.353448 -0.000000 -0.935454
v 14.654257 0.008500 1.945813
vn -0.220158 0.775527 -0.591682
v 23.915047 0.011000 -1.496737
vn -0.220158 0.775527 -0.591682
v 23.915047 0.011000 -1.496737
vn -0.308801 0.502775 -0.807378
v 15.145715 0.151001 -5.521344
vn 0.071270 -0.000000 0.997457
v 24.154757 0.151001 -6.120805
vn -0.490647 0.000000 0.871359
v 23.988802 0.011001 -6.020083
vn -0.217299 0.869729 0.443118
v 15.133114 0.008501 -5.329878
vn 0.040708 0.800256 0.598275
v 24.113678 0.008501 -3.795310
vn -0.278210 0.960375 0.016695
v 15.133114 0.008501 -5.329878
vn -0.000122 0.999998 0.002054
v 23.988802 0.011001 -6.020083
vn -0.000122 0.999998 0.002054
v 23.988802 0.011001 -6.020083
vn -0.000550 0.999999 0.001155
v -14.674045 0.151000 2.124166
vn 0.353437 -0.000000 -0.935459
v -24.072321 0.151000 -1.470471
vn 0.709993 -0.000000 -0.704209
v -23.915325 0.011000 -1.497438
vn 0.398148 0.812463 -0.425889
v -14.686624 0.008500 1.932962
vn 0.225375 0.774023 -0.591688
v -24.596943 0.151001 -3.906009
vn 0.999874 -0.000000 -0.015877
v -24.113377 0.008501 -3.795705
vn 0.283628 0.958923 -0.004592
v -14.925618 0.001000 -1.699922
vn 0.000638 1.000000 -0.000032
v -14.686624 0.008500 1.932962
vn 0.001064 0.999997 -0.002134
v -23.915325 0.011000 -1.497438
vn 0.001064 0.999997 -0.002134
v -23.915325 0.011000 -1.497438
vn 0.001086 0.999999 -0.001181
v -24.113377 0.008501 -3.795705
vn 0.001086 0.999999 -0.001181
v -24.154432 0.151001 -6.120938
vn 0.491523 -0.000000 0.870865
v -23.989050 0.011001 -6.020435
vn 0.218031 0.869349 0.443503
v -15.177192 0.151001 -5.524011
vn -0.071242 -0.000000 0.997459
v -15.164613 0.008501 -5.332807
vn -0.040725 0.799863 0.598799
v -24.113377 0.008501 -3.795705
vn 0.000553 0.999999 0.001155
v -23.989050 0.011001 -6.020435
vn 0.000553 0.999999 0.001155
v -23.989050 0.011001 -6.020435
vn 0.000123 0.999998 0.002057
v -15.164613 0.008501 -5.332807
vn 0.000123 0.999998 0.002057
v 14.893685 0.301000 -1.692032
vn -0.000636 -1.000000 -0.000032
v 14.654257 0.293500 1.945813
vn -0.001330 -0.999997 -0.002149
v 23.915047 0.291000 -1.496737
vn -0.001073 -0.999998 -0.001657
v 24.113678 0.293501 -3.795310
vn -0.000816 -1.000000 -0.000014
v 23.915047 0.291000 -1.496737
vn -0.308801 -0.502776 -0.807377
v 23.915047 0.291000 -1.496737
vn -0.220158 -0.775528 -0.591682
v 14.654257 0.293500 1.945813
vn -0.220158 -0.775528 -0.591682
v 24.113678 0.293501 -3.795310
vn -0.287088 -0.957556 -0.025851
v 23.915047 0.291000 -1.496737
vn -0.287088 -0.957556 -0.025851
v 23.915047 0.291000 -1.496737
vn -0.644372 -0.751933 -0.139218
v 23.988802 0.291001 -6.020083
vn -0.000336 -0.999999 0.001604
v 15.133114 0.293501 -5.329878
vn -0.000397 -0.999998 0.002035
v 23.988802 0.291001 -6.020083
vn -0.596735 -0.793464 0.119677
v 23.988802 0.291001 -6.020083
vn -0.278210 -0.960375 0.016695
v 24.113678 0.293501 -3.795310
vn -0.278210 -0.960375 0.016695
v 15.133114 0.293501 -5.329878
vn 0.046410 -0.799877 0.598367
v 23.988802 0.291001 -6.020083
vn 0.046410 -0.799877 0.598367
v 23.988802 0.291001 -6.020083
vn 0.055942 -0.538547 0.840736
v -14.925618 0.301000 -1.699922
vn 0.000638 -1.000000 -0.000032
v -24.113377 0.293501 -3.795705
vn 0.000819 -1.000000 -0.000014
v -23.915325 0.291000 -1.497438
vn 0.001075 -0.999998 -0.001658
v -14.686624 0.293500 1.932962
vn 0.001333 -0.999997 -0.002152
v -23.915325 0.291000 -1.497438
vn 0.645671 -0.750844 -0.139080
v -23.915325 0.291000 -1.497438
vn 0.287996 -0.957282 -0.025860
v -24.113377 0.293501 -3.795705
vn 0.287996 -0.957282 -0.025860
v -14.686624 0.293500 1.932962
vn 0.220324 -0.775110 -0.592167
v -23.915325 0.291000 -1.497438
vn 0.220324 -0.775110 -0.592167
v -23.915325 0.291000 -1.497438
vn 0.308954 -0.502054 -0.807768
v -15.164613 0.293501 -5.332807
vn 0.000399 -0.999998 0.002038
v -23.989050 0.291001 -6.020435
vn 0.000338 -0.999999 0.001605
v -23.989050 0.291001 -6.020435
vn -0.055935 -0.537810 0.841209
v -23.989050 0.291001 -6.020435
vn -0.046441 -0.799483 0.598891
v -15.164613 0.293501 -5.332807
vn -0.046441 -0.799483 0.598891
v -24.113377 0.293501 -3.795705
vn 0.279126 -0.960110 0.016678
v -23.989050 0.291001 -6.020435
vn 0.279126 -0.960110 0.016678
v -23.989050 0.291001 -6.020435
vn 0.598169 -0.792409 0.119505
v 4.716007 0.000999 5.809423
vn -0.000799 0.999999 -0.001083
v 5.188427 0.001000 0.521944
vn 0.000000 1.000000 0.000000
v 4.716007 0.150999 5.809423
vn -0.346980 0.000000 -0.937873
v 4.716007 0.000999 5.809423
vn -0.346980 0.000000 -0.937872
v 4.716007 0.000999 5.809423
vn -0.230231 0.773337 -0.590715
v 14.654257 0.008500 1.945813
vn -0.230231 0.773337 -0.590715
v 5.660847 0.001001 -4.765535
vn 0.063992 0.447687 0.891898
v 5.660847 0.151001 -4.765535
vn 0.079434 0.000000 0.996840
v 5.660847 0.001001 -4.765535
vn 0.000000 1.000000 0.000000
v 5.660847 0.001001 -4.765535
vn -0.000672 0.999998 0.002018
v 15.133114 0.008501 -5.329878
vn -0.000672 0.999998 0.002018
v 14.654257 0.293500 1.945813
vn -0.230231 -0.773337 -0.590715
v 4.716007 0.300999 5.809423
vn -0.319306 -0.427800 -0.845595
v 5.188427 0.301000 0.521944
vn -0.000000 -1.000000 -0.000000
v 4.716007 0.300999 5.809423
vn -0.000000 -1.000000 -0.000000
v 4.716007 0.300999 5.809423
vn -0.001597 -0.999996 -0.002167
v 5.660847 0.301001 -4.765535
vn -0.000336 -1.000000 0.001008
v 5.660847 0.301001 -4.765535
vn 0.079434 0.000000 0.996840
v 5.660847 0.301001 -4.765535
vn 0.035004 -0.800610 0.598163
v 15.133114 0.293501 -5.329878
vn 0.035004 -0.800610 0.598163
v -15.164613 0.008501 -5.332807
vn 0.000674 0.999998 0.002020
v -5.725801 0.001001 -4.770870
vn 0.000337 1.000000 0.001010
v -5.254295 0.001000 0.506164
vn -0.000000 1.000000 0.000000
v -5.725801 0.151001 -4.770870
vn -0.079434 0.000000 0.996840
v -5.725801 0.001001 -4.770870
vn -0.079434 0.000000 0.996840
v -5.725801 0.001001 -4.770870
vn -0.035007 0.800218 0.598687
v -4.782789 0.000999 5.783198
vn 0.319342 0.427499 -0.845734
v -4.782789 0.150999 5.783198
vn 0.346948 0.000000 -0.937885
v -4.782789 0.000999 5.783198
vn -0.000000 1.000000 0.000000
v -4.782789 0.000999 5.783198
vn 0.001601 0.999996 -0.002170
v -14.686624 0.008500 1.932962
vn 0.001601 0.999996 -0.002170
v -4.782789 0.300999 5.783198
vn 0.000800 -0.999999 -0.001085
v -5.254295 0.301000 0.506164
vn 0.000000 -1.000000 -0.000000
v -4.782789 0.300999 5.783198
vn 0.346948 0.000000 -0.937885
v -4.782789 0.300999 5.783198
vn 0.230419 -0.772914 -0.591194
v -14.686624 0.293500 1.932962
vn 0.230419 -0.772914 -0.591194
v -15.164613 0.293501 -5.332807
vn -0.035007 -0.800218 0.598687
v -5.725801 0.301001 -4.770870
vn -0.063983 -0.447395 0.892045
v -5.725801 0.301001 -4.770870
vn 0.000000 -1.000000 -0.000000
v -5.725801 0.301001 -4.770870
vn 0.000674 -0.999998 0.002020
v -5.664339 0.191639 0.388102
vn 0.995073 0.000695 -0.099144
v -5.068056 0.163187 5.920711
vn 0.842625 0.002284 -0.538495
v -5.032646 0.315738 5.813724
vn 0.687433 -0.610686 -0.393064
v -5.534262 0.517690 0.395538
vn 0.925132 -0.366849 -0.097738
v -2.585913 0.161689 7.104795
vn 0.368742 0.004970 -0.929519
v -2.609758 0.321292 6.776396
vn 0.160200 -0.883167 -0.440854
v -5.534262 0.517690 0.395538
vn 0.017230 -0.999097 -0.038834
v -5.032646 0.315738 5.813724
vn 0.017230 -0.999097 -0.038834
v -5.032646 0.315738 5.813724
vn 0.017657 -0.999096 -0.038675
v -2.609758 0.321292 6.776396
vn 0.017657 -0.999096 -0.038675
v 0.001000 0.161689 7.953043
vn -0.000000 0.006210 -0.999981
v 0.001000 0.321291 7.624645
vn -0.000000 -0.897330 -0.441360
v 2.587912 0.161689 7.104795
vn -0.368742 0.004970 -0.929519
v 2.611757 0.321292 6.776396
vn -0.160200 -0.883167 -0.440854
v 0.001000 0.321291 7.624645
vn -0.012033 -0.999201 -0.038123
v 0.001000 0.321291 7.624645
vn -0.012443 -0.999189 -0.038300
v 2.611757 0.321292 6.776396
vn -0.012443 -0.999189 -0.038300
v -2.609758 0.321292 6.776396
vn 0.012443 -0.999189 -0.038300
v 0.001000 0.321291 7.624645
vn 0.012443 -0.999189 -0.038300
v 0.001000 0.321291 7.624645
vn 0.012033 -0.999201 -0.038123
v 5.070054 0.163187 5.920711
vn -0.842625 0.002284 -0.538495
v 5.034644 0.315738 5.813724
vn -0.687433 -0.610686 -0.393064
v 5.666338 0.191639 0.388102
vn -0.995075 0.000695 -0.099119
v 5.536261 0.517690 0.395538
vn -0.925136 -0.366852 -0.097689
v 2.611757 0.321292 6.776396
vn -0.017657 -0.999096 -0.038675
v 5.034644 0.315738 5.813724
vn -0.017657 -0.999096 -0.038675
v 5.034644 0.315738 5.813724
vn -0.017230 -0.999097 -0.038834
v 5.536261 0.517690 0.395538
vn -0.017230 -0.999097 -0.038834
v -5.085912 0.395890 -7.181384
vn -0.003812 -0.985751 0.168168
v -6.101361 0.380905 -7.221041
vn 0.007970 -0.985690 0.168382
v -6.039463 0.706237 -5.184477
vn 0.011907 -0.998086 0.060686
v -4.971877 0.722804 -5.105074
vn 0.003054 -0.998050 0.062339
v -6.154804 0.096417 -7.223308
vn 0.999995 -0.003115 0.000095
v -6.131223 0.213832 -5.189243
vn 0.998869 -0.000124 -0.047536
v -6.039463 0.706237 -5.184477
vn 0.983077 -0.183189 -0.000822
v -6.039463 0.706237 -5.184477
vn 0.982809 -0.184626 -0.000378
v -6.101361 0.380905 -7.221041
vn 0.982809 -0.184626 -0.000378
v -6.039463 0.706237 -5.184477
vn 0.925262 -0.366937 -0.096170
v -6.039463 0.706237 -5.184477
vn 0.979849 -0.181795 -0.082747
v -5.534262 0.517690 0.395538
vn 0.017030 -0.999231 -0.035306
v 6.133224 0.213832 -5.189243
vn -0.998869 -0.000125 -0.047536
v 6.040862 0.706237 -5.184484
vn -0.971738 -0.231744 -0.044943
v 6.156805 0.096418 -7.223308
vn -0.999995 -0.003126 0.000504
v 6.102159 0.380904 -7.221055
vn -0.981864 -0.188744 0.017830
v 5.063869 0.395877 -7.181653
vn 0.003689 -0.985777 0.168020
v 4.972675 0.722803 -5.105088
vn -0.003050 -0.998050 0.062341
v 6.040862 0.706237 -5.184484
vn -0.003773 -0.987851 0.155358
v 6.040862 0.706237 -5.184484
vn -0.008263 -0.987485 0.157498
v 6.102159 0.380904 -7.221055
vn -0.008263 -0.987485 0.157498
v 5.536261 0.517690 0.395538
vn -0.017030 -0.999232 -0.035304
v 6.040862 0.706237 -5.184484
vn -0.017030 -0.999232 -0.035304
v 6.040862 0.706237 -5.184484
vn -0.018164 -0.999191 -0.035892
v 4.025578 0.378485 -7.142272
vn 0.022935 -0.985250 0.169577
v 3.832448 0.714013 -5.154050
vn 0.000219 -0.999161 0.040961
v 3.970909 0.048041 -7.140378
vn 0.999983 0.002941 0.005083
v 3.789012 0.216391 -5.316242
vn 0.694557 -0.001061 0.719437
v 3.832448 0.714013 -5.154050
vn 0.986479 -0.121834 0.109613
v 3.832448 0.714013 -5.154050
vn 0.979290 -0.161313 0.122348
v 4.025578 0.378485 -7.142272
vn 0.979290 -0.161313 0.122348
v 0.001000 0.225252 -5.220234
vn 0.000007 0.000833 1.000000
v 0.001000 0.722193 -5.148549
vn 0.000002 -0.142774 0.989755
v 3.832448 0.714013 -5.154050
vn 0.001116 -0.142774 0.989755
v 3.832448 0.714013 -5.154050
vn 0.023347 -0.311647 0.949911
v 0.001000 0.722193 -5.148549
vn -0.002144 -0.999976 -0.006572
v -3.831891 0.714014 -5.154035
vn -0.000316 -0.999156 0.041065
v 0.001000 0.722193 -5.148549
vn 0.002143 -0.999976 -0.006572
v -3.789417 0.216392 -5.316215
vn -0.684995 -0.001114 0.728547
v -3.831891 0.714014 -5.154035
vn -0.023326 -0.311583 0.949933
v -3.831891 0.714014 -5.154035
vn -0.001112 -0.142774 0.989755
v -4.017025 0.048065 -7.139840
vn -0.999582 0.003119 0.028740
v -4.070463 0.378511 -7.141745
vn -0.986027 -0.159172 0.049135
v -3.831891 0.714014 -5.154035
vn -0.977046 -0.157174 0.143798
v -3.831891 0.714014 -5.154035
vn -0.982662 -0.127687 0.134433
v -4.070463 0.378511 -7.141745
vn -0.023465 -0.985315 0.169126
v -5.100884 -0.078958 -11.875775
vn 0.047406 -0.000486 0.998876
v -6.100792 -0.031263 -11.794141
vn 0.730008 -0.002618 0.683433
v -6.083236 0.035103 -11.770766
vn 0.585669 -0.560100 0.585900
v -5.100867 0.035441 -11.805371
vn 0.018866 -0.524031 0.851490
v -6.153584 -0.028752 -10.462066
vn 0.999807 -0.012073 0.015490
v -6.100933 0.037947 -10.462177
vn 0.784896 -0.619568 0.008539
v -5.100553 0.041472 -10.467690
vn 0.000511 -0.999978 0.006565
v -5.100867 0.035441 -11.805371
vn 0.000503 -0.999990 0.004508
v -6.083236 0.035103 -11.770766
vn 0.000503 -0.999990 0.004508
v -6.083236 0.035103 -11.770766
vn 0.003536 -0.999991 0.002221
v -6.100933 0.037947 -10.462177
vn 0.003536 -0.999991 0.002221
v 5.052507 0.041456 -10.468225
vn -0.000469 -0.999978 0.006557
v 6.100430 0.037946 -10.462204
vn -0.003380 -0.999980 0.005319
v 6.081833 0.035102 -11.770802
vn -0.001920 -0.999993 0.003361
v 5.050959 0.035436 -11.805903
vn 0.000242 -0.999990 0.004500
v 6.155583 -0.028752 -10.462066
vn -0.999790 -0.012196 0.016442
v 6.100191 -0.031263 -11.794167
vn -0.727211 -0.002685 0.686409
v 6.081833 0.035102 -11.770802
vn -0.959269 -0.279587 0.040416
v 6.081833 0.035102 -11.770802
vn -0.770606 -0.637192 0.012336
v 6.100430 0.037946 -10.462204
vn -0.770606 -0.637192 0.012336
v 5.050877 -0.078961 -11.876307
vn -0.045681 -0.000467 0.998956
v 5.050959 0.035436 -11.805903
vn -0.029157 -0.523886 0.851289
v 6.081833 0.035102 -11.770802
vn -0.029157 -0.523886 0.851289
v 6.081833 0.035102 -11.770802
vn -0.057602 -0.345676 0.936584
v 3.801705 -0.126659 -11.888345
vn -0.004833 -0.000084 0.999988
v 3.801795 0.034181 -11.817781
vn -0.000172 -0.432664 0.901556
v 5.050959 0.035436 -11.805903
vn -0.007571 -0.524105 0.851620
v -0.051006 -0.129167 -11.888474
vn 0.000128 -0.000051 1.000000
v -0.050908 0.032930 -11.817752
vn 0.000117 -0.399894 0.916561
v -0.049046 0.041472 -10.474038
vn -0.000004 -0.999998 0.002025
v 3.804659 0.041457 -10.474231
vn -0.000012 -0.999992 0.004036
v 3.801795 0.034181 -11.817781
vn -0.000004 -0.999985 0.005415
v 3.801795 0.034181 -11.817781
vn 0.000325 -0.999980 0.006356
v -0.050908 0.032930 -11.817752
vn 0.000325 -0.999980 0.006356
v 3.801795 0.034181 -11.817781
vn 0.000962 -0.999989 0.004499
v 3.801795 0.034181 -11.817781
vn -0.000027 -0.999985 0.005415
v -3.900249 0.041486 -10.473239
vn 0.000014 -0.999992 0.004050
v -3.901060 0.034190 -11.816795
vn -0.000323 -0.999985 0.005432
v -5.100867 0.035441 -11.805371
vn -0.001000 -0.999989 0.004509
v -0.050908 0.032930 -11.817752
vn -0.000326 -0.999980 0.006357
v -3.901117 -0.126654 -11.887360
vn 0.004970 -0.000082 0.999988
v -3.901060 0.034190 -11.816795
vn 0.000003 -0.401751 0.915749
v -3.901060 0.034190 -11.816795
vn 0.000097 -0.399894 0.916561
v -3.901060 0.034190 -11.816795
vn 0.007562 -0.524108 0.851618
v -3.901060 0.034190 -11.816795
vn -0.007129 -0.401738 0.915727
v -3.845235 -0.120264 -8.963490
vn -0.672740 0.010527 -0.739804
v -3.928009 0.045313 -9.039615
vn -0.625364 -0.471596 -0.621705
v -0.047116 -0.129146 -9.059983
vn -0.000139 0.001237 -0.999999
v -0.047186 0.032950 -9.130344
vn -0.000130 -0.398177 -0.917309
v -3.928009 0.045313 -9.039615
vn -0.000003 -0.999996 0.002669
v -3.928009 0.045313 -9.039615
vn -0.003334 -0.999974 -0.006337
v -0.047186 0.032950 -9.130344
vn -0.003334 -0.999974 -0.006337
v -5.099524 0.059202 -9.036098
vn -0.001217 -0.995396 0.095837
v -3.928009 0.045313 -9.039615
vn -0.011817 -0.999853 0.012391
v -3.928009 0.045313 -9.039615
vn 0.000024 -0.999996 0.002670
v -4.070463 0.378511 -7.141745
vn -0.023539 -0.984962 0.171157
v -3.928009 0.045313 -9.039615
vn -0.023539 -0.984962 0.171157
v -3.928009 0.045313 -9.039615
vn -0.011128 -0.983844 0.178680
v -6.100933 0.037947 -10.462177
vn 0.003570 -0.999958 0.008414
v -6.100756 0.049936 -9.037490
vn 0.007321 -0.995452 0.094988
v -6.153801 -0.022494 -9.038739
vn 0.999928 -0.012001 0.000777
v -6.100756 0.049936 -9.037490
vn 0.806754 -0.590881 0.002721
v -6.100756 0.049936 -9.037490
vn 0.784912 -0.619586 0.005116
v -6.101361 0.380905 -7.221041
vn 0.982191 -0.184784 0.033996
v -6.100756 0.049936 -9.037490
vn 0.982191 -0.184784 0.033996
v -6.100756 0.049936 -9.037490
vn 0.805839 -0.590839 0.039145
v 6.155801 -0.022494 -9.038739
vn -0.999926 -0.012124 0.000781
v 6.100903 0.049935 -9.037510
vn -0.854225 -0.519466 0.021318
v 6.100430 0.037946 -10.462204
vn -0.770646 -0.637239 0.005618
v 5.054541 0.059177 -9.036623
vn 0.001175 -0.995398 0.095817
v 6.100903 0.049935 -9.037510
vn -0.008821 -0.999884 0.012390
v 6.100903 0.049935 -9.037510
vn -0.003398 -0.999959 0.008416
v 6.102159 0.380904 -7.221055
vn -0.007384 -0.983775 0.179255
v 6.100903 0.049935 -9.037510
vn -0.007384 -0.983775 0.179255
v 6.100903 0.049935 -9.037510
vn -0.008539 -0.983879 0.178629
v 3.837083 0.045264 -9.040614
vn 0.008080 -0.998149 0.060284
v -0.047186 0.032950 -9.130344
vn 0.003317 -0.999974 -0.006347
v 3.753409 -0.120308 -8.964488
vn 0.661615 0.009997 -0.749777
v 3.837083 0.045264 -9.040614
vn 0.023702 -0.427484 -0.903712
v 3.837083 0.045264 -9.040614
vn 0.022447 -0.398068 -0.917081
v 4.025578 0.378485 -7.142272
vn 0.984169 -0.163218 -0.069073
v 3.837083 0.045264 -9.040614
vn 0.984169 -0.163218 -0.069073
v 3.837083 0.045264 -9.040614
vn 0.879215 -0.472475 -0.061229
v 4.251271 0.501124 0.975361
vn -0.000001 -0.854587 -0.519308
v 4.147294 0.501124 0.431519
vn 0.925659 -0.334417 -0.176976
v 4.141822 -0.040593 1.744249
vn 0.524311 -0.729459 -0.439303
v 4.251271 -0.040593 1.744249
vn -0.000004 -0.817482 -0.575954
v 4.141821 0.501126 -9.901480
vn 0.999995 -0.003298 -0.000313
v 4.141821 -0.040592 -5.263123
vn 1.000000 -0.000001 -0.000000
v 4.141822 -0.040593 1.744249
vn 1.000000 -0.000001 -0.000000
v 4.141822 -0.040593 1.744249
vn 0.999935 -0.011384 -0.000530
v 4.147294 0.501124 0.431519
vn 0.999935 -0.011384 -0.000530
v 4.147294 3.124085 -12.633471
vn 0.999999 -0.001006 0.001038
v 4.141821 -0.040590 -12.270494
vn 1.000000 -0.000843 0.000193
v 4.251271 3.262136 -12.777261
vn 0.000001 0.137484 0.990504
v 4.251271 -0.040590 -12.270494
vn 0.000001 0.151664 0.988432
v 4.141821 -0.040590 -12.270494
vn 0.000000 0.151664 0.988432
v 4.141821 -0.040590 -12.270494
vn 0.774842 0.070711 0.628188
v 4.147294 3.124085 -12.633471
vn 0.774842 0.070711 0.628188
v 4.147294 6.261675 -11.820022
vn 1.000000 -0.000948 0.000005
v 4.149118 6.252646 -13.108950
vn 0.999999 -0.000402 0.001554
v 4.251271 6.564862 -11.920998
vn 0.000001 -0.999939 0.011073
v 4.251271 6.399726 -13.190538
vn 0.000001 -0.424144 0.905595
v 4.149118 6.252646 -13.108950
vn 0.837197 -0.542333 0.070544
v 4.149118 6.252646 -13.108950
vn 0.946282 -0.323323 0.003604
v 4.147294 6.261675 -11.820022
vn 0.946282 -0.323323 0.003604
v 4.147294 3.124085 -12.633471
vn 0.759827 0.097252 0.642811
v 4.149118 6.252646 -13.108950
vn 0.759827 0.097252 0.642811
v 4.149118 6.252646 -13.108950
vn 0.516904 0.111791 0.848713
v 4.147294 6.261675 -11.820022
vn 0.946015 -0.324121 0.000934
v 4.149118 6.270703 -10.534337
vn 0.809799 -0.436985 -0.391497
v 4.251271 6.426811 -10.555346
vn 0.000001 -0.759616 -0.650372
v 4.147294 3.638716 -9.180463
vn 0.999997 -0.001232 -0.002228
v 4.149118 6.270703 -10.534337
vn 0.999998 -0.001420 -0.001413
v 4.149118 6.270703 -10.534337
vn 0.999998 -0.001419 -0.001409
v 4.251271 3.803852 -9.142514
vn 0.000001 -0.483989 -0.875074
v 4.147294 3.638716 -9.180463
vn 0.724740 -0.315572 -0.612508
v 4.147294 3.638716 -9.180463
vn 0.743819 -0.335496 -0.578079
v 4.149118 1.116819 -7.714498
vn 0.667895 -0.671052 -0.321878
v 4.251271 1.180893 -7.599495
vn 0.000001 -0.898390 -0.439199
v 4.147294 1.015756 -4.067354
vn 0.999962 -0.008753 -0.000166
v 4.149118 1.116819 -7.714498
vn 0.999923 -0.012406 0.000156
v 4.149118 1.116819 -7.714498
vn 0.999995 -0.001045 -0.003042
v 4.251271 1.042842 -3.760294
vn 0.000001 -0.999847 -0.017501
v 4.147294 1.015756 -4.067354
vn 0.323344 -0.945923 -0.026050
v 4.147294 1.015756 -4.067354
vn 0.258719 -0.965950 -0.002400
v 4.149118 1.006727 -0.237055
vn 0.613882 -0.777752 -0.135091
v 4.251271 1.015755 0.046579
vn 0.000001 -0.982269 -0.187477
v 4.147294 0.501124 0.431519
vn 0.999991 -0.004308 -0.000530
v 4.149118 1.006727 -0.237055
vn 0.999991 -0.004308 -0.000530
v 4.149118 1.006727 -0.237055
vn 0.999987 -0.005101 -0.000488
v 4.360720 0.501126 -9.901480
vn -0.999995 -0.003297 -0.000313
v 4.355248 0.501124 0.431519
vn -0.999969 -0.007847 -0.000530
v 4.360721 -0.040594 1.744249
vn -0.999984 -0.005692 -0.000265
v 4.360720 -0.040592 -5.263123
vn -1.000000 0.000001 0.000000
v 4.360721 -0.040594 1.744249
vn -0.000007 -0.817482 -0.575954
v 4.360721 -0.040594 1.744249
vn -0.890634 -0.421634 -0.170280
v 4.355248 0.501124 0.431519
vn -0.890634 -0.421634 -0.170280
v 4.355248 3.124085 -12.633471
vn -0.767443 0.083993 0.635592
v 4.360720 -0.040591 -12.270494
vn -0.428927 0.123100 0.894912
v 4.360720 -0.040591 -12.270494
vn -1.000000 0.000000 0.000000
v 4.360720 -0.040591 -12.270494
vn -0.999999 -0.001685 0.000385
v 4.355248 3.124085 -12.633471
vn -0.999999 -0.001685 0.000385
v 4.353424 6.252646 -13.108950
vn -0.874439 -0.187625 0.447384
v 4.355248 6.261675 -11.820022
vn -0.946149 -0.323724 0.002269
v 4.355248 3.124085 -12.633471
vn -0.999999 -0.000326 0.001690
v 4.353424 6.252646 -13.108950
vn -0.999999 -0.000326 0.001690
v 4.353424 6.252646 -13.108950
vn -0.999999 -0.000478 0.001418
v 4.355248 6.261675 -11.820022
vn -0.999999 -0.000478 0.001418
v 4.355248 6.261675 -11.820022
vn -0.999998 -0.001419 -0.001409
v 4.353424 6.270703 -10.534337
vn -0.999998 -0.001419 -0.001411
v 4.355248 3.638716 -9.180463
vn -0.999997 -0.001232 -0.002227
v 4.353424 6.270703 -10.534337
vn -0.832007 -0.551953 -0.055796
v 4.353424 6.270703 -10.534337
vn -0.946015 -0.324122 0.000934
v 4.355248 3.638716 -9.180463
vn -0.724739 -0.315573 -0.612510
v 4.353424 6.270703 -10.534337
vn -0.724739 -0.315573 -0.612510
v 4.353424 6.270703 -10.534337
vn -0.477619 -0.416636 -0.773495
v 4.353424 1.116819 -7.714498
vn -0.999976 -0.006725 -0.001443
v 4.355248 1.015756 -4.067354
vn -0.999962 -0.008752 -0.000166
v 4.353424 1.116819 -7.714498
vn -0.789967 -0.310894 -0.528486
v 4.353424 1.116819 -7.714498
vn -0.743817 -0.335497 -0.578081
v 4.355248 3.638716 -9.180463
vn -0.743817 -0.335497 -0.578081
v 4.355248 1.015756 -4.067354
vn -0.323342 -0.945923 -0.026050
v 4.353424 1.116819 -7.714498
vn -0.323342 -0.945923 -0.026050
v 4.353424 1.116819 -7.714498
vn -0.555055 -0.831276 -0.029891
v 4.353424 1.006727 -0.237055
vn -0.999989 -0.004703 -0.000509
v 4.353424 1.006727 -0.237055
vn -0.107504 -0.994179 -0.007074
v 4.353424 1.006727 -0.237055
vn -0.258718 -0.965950 -0.002400
v 4.355248 1.015756 -4.067354
vn -0.258718 -0.965950 -0.002400
v 4.355248 0.501124 0.431519
vn -0.952464 -0.244235 -0.182102
v 4.353424 1.006727 -0.237055
vn -0.952464 -0.244235 -0.182102
v 4.353424 1.006727 -0.237055
vn -0.818177 -0.502923 -0.278666
v -4.140001 0.501126 -9.901480
vn -0.999995 -0.003298 -0.000313
v -4.145473 0.501124 0.431519
vn -0.999969 -0.007846 -0.000530
v -4.140000 -0.040593 1.744249
vn -0.999984 -0.005694 -0.000265
v -4.140000 -0.040592 -5.263123
vn -1.000000 -0.000001 0.000000
v -4.249449 0.501124 0.975361
vn 0.000000 -0.854587 -0.519308
v -4.249449 -0.040593 1.744249
vn 0.000004 -0.817482 -0.575954
v -4.140000 -0.040593 1.744249
vn 0.000000 -0.817482 -0.575954
v -4.140000 -0.040593 1.744249
vn -0.890636 -0.421630 -0.170279
v -4.145473 0.501124 0.431519
vn -0.890636 -0.421630 -0.170279
v -4.249450 3.262136 -12.777261
vn 0.000001 0.137484 0.990504
v -4.145473 3.124085 -12.633471
vn -0.767443 0.083994 0.635592
v -4.140001 -0.040591 -12.270494
vn -0.428928 0.123100 0.894912
v -4.249450 -0.040591 -12.270494
vn 0.000000 0.151664 0.988432
v -4.140001 -0.040591 -12.270494
vn -1.000000 -0.000001 0.000000
v -4.140001 -0.040591 -12.270494
vn -0.999999 -0.001685 0.000385
v -4.145473 3.124085 -12.633471
vn -0.999999 -0.001685 0.000385
v -4.249449 6.564862 -11.920999
vn -0.000001 -0.999939 0.011073
v -4.145473 6.261675 -11.820023
vn -0.946150 -0.323720 0.002269
v -4.147296 6.252646 -13.108951
vn -0.874439 -0.187624 0.447385
v -4.249449 6.399726 -13.190538
vn 0.000002 -0.424143 0.905595
v -4.145473 3.124085 -12.633471
vn -0.999999 -0.000326 0.001690
v -4.147296 6.252646 -13.108951
vn -0.999999 -0.000326 0.001690
v -4.147296 6.252646 -13.108951
vn -0.999999 -0.000478 0.001418
v -4.145473 6.261675 -11.820023
vn -0.999999 -0.000478 0.001418
v -4.145473 6.261675 -11.820023
vn -0.999998 -0.001419 -0.001408
v -4.147296 6.270703 -10.534338
vn -0.999998 -0.001419 -0.001410
v -4.145473 3.638716 -9.180463
vn -0.999997 -0.001232 -0.002227
v -4.249449 6.426811 -10.555347
vn -0.000001 -0.759616 -0.650372
v -4.147296 6.270703 -10.534338
vn -0.832008 -0.551951 -0.055795
v -4.147296 6.270703 -10.534338
vn -0.946016 -0.324118 0.000935
v -4.249449 3.803852 -9.142514
vn -0.000002 -0.483989 -0.875074
v -4.145473 3.638716 -9.180463
vn -0.724743 -0.315570 -0.612505
v -4.147296 6.270703 -10.534338
vn -0.724743 -0.315570 -0.612505
v -4.147296 6.270703 -10.534338
vn -0.477616 -0.416637 -0.773497
v -4.147296 1.116819 -7.714498
vn -0.999976 -0.006724 -0.001443
v -4.145473 1.015756 -4.067354
vn -0.999962 -0.008752 -0.000166
v -4.249449 1.180893 -7.599495
vn -0.000001 -0.898390 -0.439199
v -4.147296 1.116819 -7.714498
vn -0.789968 -0.310894 -0.528484
v -4.147296 1.116819 -7.714498
vn -0.743822 -0.335495 -0.578076
v -4.145473 3.638716 -9.180463
vn -0.743822 -0.335495 -0.578076
v -4.249449 1.042842 -3.760294
vn -0.000001 -0.999847 -0.017501
v -4.145473 1.015756 -4.067354
vn -0.323346 -0.945922 -0.026050
v -4.147296 1.116819 -7.714498
vn -0.323346 -0.945922 -0.026050
v -4.147296 1.116819 -7.714498
vn -0.555057 -0.831275 -0.029891
v -4.147296 1.006727 -0.237055
vn -0.999989 -0.004704 -0.000509
v -4.249449 1.015755 0.046579
vn -0.000001 -0.982269 -0.187477
v -4.147296 1.006727 -0.237055
vn -0.107505 -0.994179 -0.007074
v -4.147296 1.006727 -0.237055
vn -0.258721 -0.965949 -0.002400
v -4.145473 1.015756 -4.067354
vn -0.258721 -0.965949 -0.002400
v -4.145473 0.501124 0.431519
vn -0.952466 -0.244230 -0.182100
v -4.147296 1.006727 -0.237055
vn -0.952466 -0.244230 -0.182100
v -4.147296 1.006727 -0.237055
vn -0.818178 -0.502921 -0.278665
v -4.353426 0.501124 0.431519
vn 0.925658 -0.334419 -0.176977
v -4.358899 -0.040594 1.744249
vn 0.524314 -0.729458 -0.439302
v -4.358900 0.501126 -9.901480
vn 0.999995 -0.003298 -0.000314
v -4.358899 -0.040592 -5.263123
vn 1.000000 0.000001 -0.000000
v -4.358899 -0.040594 1.744249
vn 1.000000 0.000002 0.000000
v -4.358899 -0.040594 1.744249
vn 0.999935 -0.011386 -0.000530
v -4.353426 0.501124 0.431519
vn 0.999935 -0.011386 -0.000530
v -4.353427 3.124085 -12.633471
vn 0.999999 -0.001006 0.001038
v -4.358900 -0.040591 -12.270494
vn 1.000000 -0.000842 0.000193
v -4.358900 -0.040591 -12.270494
vn 0.000000 0.151664 0.988432
v -4.358900 -0.040591 -12.270494
vn 0.774842 0.070711 0.628188
v -4.353427 3.124085 -12.633471
vn 0.774842 0.070711 0.628188
v -4.353427 3.124085 -12.633471
vn 0.759827 0.097251 0.642811
v -4.351602 6.252646 -13.108950
vn 0.874440 -0.187625 0.447384
v -4.353426 6.261675 -11.820023
vn 1.000000 -0.000949 0.000005
v -4.351602 6.252646 -13.108950
vn 0.999999 -0.000478 0.001418
v -4.351602 6.252646 -13.108950
vn 0.999999 -0.000326 0.001690
v -4.353426 6.261675 -11.820023
vn 0.946281 -0.323325 0.003604
v -4.353426 6.261675 -11.820023
vn 0.946015 -0.324122 0.000934
v -4.351602 6.270703 -10.534338
vn 0.809797 -0.436987 -0.391498
v -4.353426 3.638716 -9.180463
vn 0.999997 -0.001233 -0.002228
v -4.351602 6.270703 -10.534338
vn 0.999998 -0.001420 -0.001413
v -4.351602 6.270703 -10.534338
vn 0.999998 -0.001419 -0.001409
v -4.353426 3.638716 -9.180463
vn 0.724739 -0.315573 -0.612509
v -4.353426 3.638716 -9.180463
vn 0.743818 -0.335497 -0.578080
v -4.351602 1.116819 -7.714498
vn 0.667894 -0.671053 -0.321879
v -4.353426 1.015756 -4.067354
vn 0.999962 -0.008755 -0.000166
v -4.351602 1.116819 -7.714498
vn 0.999923 -0.012407 0.000156
v -4.351602 1.116819 -7.714498
vn 0.999995 -0.001045 -0.003043
v -4.353426 1.015756 -4.067354
vn 0.323342 -0.945924 -0.026050
v -4.353426 1.015756 -4.067354
vn 0.258718 -0.965950 -0.002400
v -4.351602 1.006727 -0.237055
vn 0.613881 -0.777753 -0.135092
v -4.353426 0.501124 0.431519
vn 0.999991 -0.004308 -0.000530
v -4.351602 1.006727 -0.237055
vn 0.999991 -0.004308 -0.000530
v -4.351602 1.006727 -0.237055
vn 0.999987 -0.005102 -0.000488
v 4.141822 -0.384813 -9.458266
vn 0.999991 0.004182 -0.000475
v 4.147294 -0.617230 2.779044
vn 0.999995 0.003133 -0.000388
v 4.149118 -0.352197 5.032809
vn 0.999997 0.002400 -0.000509
v 4.147294 -0.119200 4.864298
vn 0.999879 0.015515 -0.000670
v 4.251271 -0.629462 3.423113
vn 0.000001 0.992136 -0.125165
v 4.251271 -0.351615 5.498772
vn 0.000001 0.945926 -0.324382
v 4.149118 -0.352197 5.032809
vn 0.514210 0.850082 -0.113792
v 4.149118 -0.352197 5.032809
vn 0.645182 0.758739 -0.089747
v 4.147294 -0.617230 2.779044
vn 0.645182 0.758739 -0.089747
v 4.251271 -0.105221 5.618118
vn -0.000000 0.301049 -0.953609
v 4.147294 -0.119200 4.864298
vn 0.986867 -0.089522 -0.134461
v 4.149118 -0.352197 5.032809
vn 0.986867 -0.089522 -0.134461
v 4.149118 -0.352197 5.032809
vn 0.971557 0.103230 -0.213123
v 4.147294 -0.882845 -2.674999
vn 0.999945 0.010460 -0.000039
v 4.149118 -0.882263 0.836455
vn 0.999979 0.006411 -0.000399
v 4.251271 -0.909057 -2.317985
vn 0.000000 0.999990 -0.004437
v 4.251271 -0.895078 1.170149
vn 0.000001 0.998335 -0.057676
v 4.149118 -0.882263 0.836455
vn 0.137229 0.990532 -0.003970
v 4.149118 -0.882263 0.836455
vn 0.245377 0.969428 -0.000288
v 4.147294 -0.882845 -2.674999
vn 0.245377 0.969428 -0.000288
v 4.147294 -0.617230 2.779044
vn 0.688184 0.718963 -0.097444
v 4.149118 -0.882263 0.836455
vn 0.688184 0.718963 -0.097444
v 4.149118 -0.882263 0.836455
vn 0.452243 0.885760 -0.104428
v 4.147294 -1.297869 -6.717956
vn 0.999997 0.001978 -0.001338
v 4.149118 -0.906144 -5.898931
vn 0.999965 0.008366 -0.000824
v 4.251271 -1.345925 -6.573729
vn 0.000001 0.844473 -0.535598
v 4.251271 -0.930900 -5.731851
vn 0.000001 0.980146 -0.198277
v 4.149118 -0.906144 -5.898931
vn 0.685129 0.653346 -0.322083
v 4.149118 -0.906144 -5.898931
vn 0.713245 0.631695 -0.303717
v 4.147294 -1.297869 -6.717956
vn 0.713245 0.631695 -0.303717
v 4.147294 -0.882845 -2.674999
vn 0.266380 0.963844 -0.006815
v 4.149118 -0.906144 -5.898931
vn 0.266380 0.963844 -0.006815
v 4.149118 -0.906144 -5.898931
vn 0.245092 0.969480 -0.006203
v 4.147294 -4.302651 -7.614410
vn 0.999997 0.000247 -0.002443
v 4.149118 -1.812500 -7.330426
vn 0.999996 0.001961 -0.002113
v 4.251271 -4.508853 -7.517365
vn 0.000001 0.105060 -0.994466
v 4.251271 -1.897253 -7.250002
vn 0.000001 0.449614 -0.893223
v 4.149118 -1.812500 -7.330426
vn 0.655375 0.076922 -0.751377
v 4.149118 -1.812500 -7.330426
vn 0.754738 0.073788 -0.651863
v 4.147294 -4.302651 -7.614410
vn 0.754738 0.073788 -0.651863
v 4.147294 -1.297869 -6.717956
vn 0.779403 0.480813 -0.401684
v 4.149118 -1.812500 -7.330426
vn 0.779403 0.480813 -0.401684
v 4.149118 -1.812500 -7.330426
vn 0.751909 0.510979 -0.416573
v 4.147294 -6.892407 -9.025496
vn 1.000000 0.000841 0.000008
v 4.149118 -6.915708 -7.851756
vn 0.999999 0.000775 -0.001392
v 4.251271 -7.234912 -9.002719
vn 0.000001 0.999807 0.019657
v 4.251271 -7.098610 -7.811815
vn 0.000001 0.534119 -0.845409
v 4.149118 -6.915708 -7.851756
vn 0.876789 0.477756 -0.054680
v 4.149118 -6.915708 -7.851756
vn 0.956791 0.290745 0.004285
v 4.147294 -6.892407 -9.025496
vn 0.956791 0.290745 0.004285
v 4.147294 -4.302651 -7.614410
vn 0.743069 0.061051 -0.666424
v 4.149118 -6.915708 -7.851756
vn 0.743069 0.061051 -0.666424
v 4.149118 -6.915708 -7.851756
vn 0.508636 0.097265 -0.855470
v 4.147294 -6.892407 -9.025496
vn 0.956806 0.290706 0.003638
v 4.149118 -6.883670 -10.203274
vn 0.839689 0.319577 0.439081
v 4.251271 -7.050554 -10.222456
vn 0.000001 0.613207 0.789923
v 4.147294 -3.389595 -10.984413
vn 0.999999 0.001280 0.001065
v 4.149118 -6.883670 -10.203274
vn 0.999998 0.000919 0.001776
v 4.149118 -6.883670 -10.203274
vn 0.999998 0.000944 0.001556
v 4.251271 -3.547741 -11.064737
vn 0.000001 0.228715 0.973494
v 4.147294 -3.389595 -10.984413
vn 0.735782 0.148118 0.660822
v 4.147294 -3.389595 -10.984413
vn 0.748039 0.165370 0.642721
v 4.141822 0.139429 -11.886049
vn 0.410132 0.209875 0.887550
v 4.251271 0.139429 -11.886049
vn 0.000000 0.217420 0.976078
v 4.141821 0.139428 -3.128635
vn 1.000000 0.000001 0.000000
v 4.141822 0.139429 -11.886049
vn 1.000000 0.000001 0.000000
v 4.141822 0.139429 -11.886049
vn 0.999999 0.001641 0.000354
v 4.141821 0.139426 5.628779
vn 0.999930 0.011791 -0.000410
v 4.251271 0.139426 5.628779
vn 0.000000 0.043536 -0.999052
v 4.141821 0.139426 5.628779
vn 0.000000 0.043536 -0.999052
v 4.141821 0.139426 5.628779
vn 0.902656 0.409586 -0.132102
v 4.147294 -0.119200 4.864298
vn 0.902656 0.409586 -0.132102
v 4.353424 -0.352197 5.032809
vn -0.876361 0.456064 -0.154911
v 4.355248 -0.119200 4.864298
vn -0.976554 0.165416 -0.137767
v 4.355248 -0.617230 2.779044
vn -0.666972 0.739175 -0.093636
v 4.360720 -0.384813 -9.458266
vn -0.999991 0.004182 -0.000475
v 4.355248 -0.119200 4.864298
vn -0.999972 0.007452 -0.000520
v 4.353424 -0.352197 5.032809
vn -0.999972 0.007452 -0.000520
v 4.353424 -0.352197 5.032809
vn -0.999996 -0.002651 -0.000498
v 4.355248 -0.617230 2.779044
vn -0.999996 -0.002651 -0.000498
v 4.353424 -0.882263 0.836455
vn -0.392342 0.918286 -0.053100
v 4.355248 -0.882845 -2.674999
vn -0.255894 0.966698 -0.003552
v 4.355248 -0.617230 2.779044
vn -0.999960 0.008918 -0.000278
v 4.353424 -0.882263 0.836455
vn -0.999960 0.008918 -0.000278
v 4.353424 -0.882263 0.836455
vn -0.999992 0.003904 -0.000520
v 4.355248 -0.882845 -2.674999
vn -0.999992 0.003904 -0.000520
v 4.353424 -0.906144 -5.898931
vn -0.503052 0.847718 -0.168265
v 4.355248 -1.297869 -6.717956
vn -0.749773 0.558828 -0.354332
v 4.355248 -0.882845 -2.674999
vn -0.999855 0.017015 0.000443
v 4.353424 -0.906144 -5.898931
vn -0.999855 0.017015 0.000443
v 4.353424 -0.906144 -5.898931
vn -0.999998 -0.000283 -0.002091
v 4.355248 -1.297869 -6.717956
vn -0.999998 -0.000283 -0.002091
v 4.353424 -1.812500 -7.330426
vn -0.762211 0.296058 -0.575659
v 4.355248 -4.302651 -7.614410
vn -0.748950 0.067424 -0.659188
v 4.355248 -1.297869 -6.717956
vn -0.999991 0.004239 -0.000584
v 4.353424 -1.812500 -7.330426
vn -0.999991 0.004239 -0.000584
v 4.353424 -1.812500 -7.330426
vn -0.999993 -0.000317 -0.003642
v 4.355248 -4.302651 -7.614410
vn -0.999993 -0.000317 -0.003642
v 4.353424 -6.915708 -7.851756
vn -0.860681 0.258549 -0.438612
v 4.355248 -6.892407 -9.025496
vn -0.956798 0.290727 0.003962
v 4.355248 -4.302651 -7.614410
vn -0.999999 0.000811 -0.001244
v 4.353424 -6.915708 -7.851756
vn -0.999999 0.000811 -0.001244
v 4.353424 -6.915708 -7.851756
vn -0.999999 0.000739 -0.001539
v 4.355248 -6.892407 -9.025496
vn -0.999999 0.000739 -0.001539
v 4.355248 -6.892407 -9.025496
vn -0.999998 0.000944 0.001556
v 4.353424 -6.883670 -10.203274
vn -0.999998 0.000932 0.001666
v 4.355248 -3.389595 -10.984413
vn -0.999999 0.001280 0.001065
v 4.353424 -6.883670 -10.203274
vn -0.854272 0.513989 0.077687
v 4.353424 -6.883670 -10.203274
vn -0.956805 0.290708 0.003638
v 4.355248 -3.389595 -10.984413
vn -0.735781 0.148118 0.660823
v 4.353424 -6.883670 -10.203274
vn -0.735781 0.148118 0.660823
v 4.353424 -6.883670 -10.203274
vn -0.491594 0.203594 0.846690
v 4.360721 0.139429 -11.886049
vn -1.000000 0.000821 0.000177
v 4.360720 0.139428 -3.128635
vn -1.000000 0.000001 -0.000000
v 4.360721 0.139429 -11.886049
vn 0.000000 0.217420 0.976078
v 4.360721 0.139429 -11.886049
vn -0.748037 0.165370 0.642723
v 4.355248 -3.389595 -10.984413
vn -0.748037 0.165370 0.642723
v 4.360720 0.139426 5.628779
vn -0.595244 0.298804 -0.745923
v 4.360720 0.139426 5.628779
vn -1.000000 0.000000 0.000000
v 4.360720 0.139426 5.628779
vn -0.999722 0.023574 -0.000819
v 4.355248 -0.119200 4.864298
vn -0.999722 0.023574 -0.000819
v -4.249450 -0.629462 3.423113
vn -0.000000 0.992136 -0.125165
v -4.145473 -0.617230 2.779044
vn -0.666973 0.739175 -0.093636
v -4.147297 -0.352197 5.032810
vn -0.876360 0.456066 -0.154912
v -4.249450 -0.351614 5.498773
vn 0.000001 0.945926 -0.324382
v -4.140001 -0.384814 -9.458267
vn -0.999991 0.004182 -0.000475
v -4.145473 -0.119200 4.864298
vn -0.999879 0.015513 -0.000670
v -4.147297 -0.352197 5.032810
vn -0.999972 0.007452 -0.000520
v -4.147297 -0.352197 5.032810
vn -0.999996 -0.002651 -0.000498
v -4.145473 -0.617230 2.779044
vn -0.999996 -0.002651 -0.000498
v -4.249450 -0.105220 5.618118
vn -0.000000 0.301049 -0.953609
v -4.145473 -0.119200 4.864298
vn -0.986867 -0.089523 -0.134462
v -4.249450 -0.909057 -2.317985
vn 0.000000 0.999990 -0.004437
v -4.145473 -0.882845 -2.674999
vn -0.255894 0.966698 -0.003552
v -4.147296 -0.882263 0.836455
vn -0.392343 0.918285 -0.053100
v -4.249449 -0.895078 1.170149
vn -0.000001 0.998335 -0.057676
v -4.145473 -0.617230 2.779044
vn -0.999960 0.008914 -0.000278
v -4.147296 -0.882263 0.836455
vn -0.999960 0.008914 -0.000278
v -4.147296 -0.882263 0.836455
vn -0.999992 0.003908 -0.000520
v -4.145473 -0.882845 -2.674999
vn -0.999992 0.003908 -0.000520
v -4.249450 -1.345925 -6.573729
vn 0.000001 0.844473 -0.535598
v -4.145473 -1.297869 -6.717956
vn -0.749773 0.558828 -0.354332
v -4.147297 -0.906144 -5.898931
vn -0.503052 0.847718 -0.168265
v -4.249450 -0.930900 -5.731851
vn 0.000001 0.980146 -0.198277
v -4.145473 -0.882845 -2.674999
vn -0.999855 0.017016 0.000443
v -4.147297 -0.906144 -5.898931
vn -0.999855 0.017016 0.000443
v -4.147297 -0.906144 -5.898931
vn -0.999998 -0.000283 -0.002091
v -4.145473 -1.297869 -6.717956
vn -0.999998 -0.000283 -0.002091
v -4.249450 -4.508853 -7.517366
vn 0.000001 0.105060 -0.994466
v -4.145473 -4.302651 -7.614411
vn -0.748950 0.067424 -0.659188
v -4.147297 -1.812500 -7.330426
vn -0.762211 0.296058 -0.575659
v -4.249450 -1.897253 -7.250002
vn 0.000001 0.449615 -0.893223
v -4.145473 -1.297869 -6.717956
vn -0.999991 0.004239 -0.000584
v -4.147297 -1.812500 -7.330426
vn -0.999991 0.004239 -0.000584
v -4.147297 -1.812500 -7.330426
vn -0.999993 -0.000317 -0.003642
v -4.145473 -4.302651 -7.614411
vn -0.999993 -0.000317 -0.003642
v -4.249450 -7.234913 -9.002719
vn 0.000001 0.999807 0.019657
v -4.145473 -6.892408 -9.025496
vn -0.956798 0.290727 0.003962
v -4.147297 -6.915708 -7.851756
vn -0.860681 0.258549 -0.438613
v -4.249450 -7.098610 -7.811815
vn 0.000001 0.534119 -0.845410
v -4.145473 -4.302651 -7.614411
vn -0.999999 0.000811 -0.001245
v -4.147297 -6.915708 -7.851756
vn -0.999999 0.000811 -0.001245
v -4.147297 -6.915708 -7.851756
vn -0.999999 0.000739 -0.001539
v -4.145473 -6.892408 -9.025496
vn -0.999999 0.000739 -0.001539
v -4.145473 -6.892408 -9.025496
vn -0.999998 0.000944 0.001556
v -4.147297 -6.883670 -10.203274
vn -0.999998 0.000932 0.001666
v -4.145473 -3.389596 -10.984413
vn -0.999999 0.001280 0.001065
v -4.249450 -7.050554 -10.222456
vn 0.000001 0.613206 0.789923
v -4.147297 -6.883670 -10.203274
vn -0.854272 0.513989 0.077688
v -4.147297 -6.883670 -10.203274
vn -0.956805 0.290708 0.003638
v -4.249450 -3.547742 -11.064737
vn 0.000001 0.228715 0.973494
v -4.145473 -3.389596 -10.984413
vn -0.735781 0.148119 0.660824
v -4.147297 -6.883670 -10.203274
vn -0.735781 0.148119 0.660824
v -4.147297 -6.883670 -10.203274
vn -0.491594 0.203594 0.846691
v -4.140001 0.139429 -11.886049
vn -1.000000 0.000821 0.000177
v -4.140001 0.139428 -3.128635
vn -1.000000 0.000000 0.000000
v -4.249450 0.139429 -11.886049
vn 0.000000 0.217420 0.976078
v -4.140001 0.139429 -11.886049
vn 0.000000 0.217420 0.976078
v -4.140001 0.139429 -11.886049
vn -0.748037 0.165370 0.642723
v -4.145473 -3.389596 -10.984413
vn -0.748037 0.165370 0.642723
v -4.145473 -0.119200 4.864298
vn -0.902656 0.409586 -0.132103
v -4.140001 0.139426 5.628779
vn -0.595243 0.298805 -0.745923
v -4.249450 0.139426 5.628779
vn 0.000000 0.043536 -0.999052
v -4.140001 0.139426 5.628779
vn -1.000000 0.000000 0.000000
v -4.140001 0.139426 5.628779
vn -0.999722 0.023574 -0.000819
v -4.353427 -0.119200 4.864298
vn 0.976554 0.165418 -0.137767
v -4.351603 -0.352197 5.032810
vn 0.876360 0.456065 -0.154911
v -4.358900 -0.384814 -9.458267
vn 0.999991 0.004182 -0.000476
v -4.353427 -0.617230 2.779044
vn 0.999995 0.003135 -0.000388
v -4.351603 -0.352197 5.032810
vn 0.999996 -0.002650 -0.000498
v -4.351603 -0.352197 5.032810
vn 0.999972 0.007451 -0.000520
v -4.353427 -0.119200 4.864298
vn 0.999972 0.007451 -0.000520
v -4.353427 -0.617230 2.779044
vn 0.645182 0.758740 -0.089747
v -4.353427 -0.617230 2.779044
vn 0.688183 0.718964 -0.097444
v -4.351602 -0.882263 0.836455
vn 0.392342 0.918285 -0.053100
v -4.353427 -0.882845 -2.674999
vn 0.999945 0.010460 -0.000039
v -4.351602 -0.882263 0.836455
vn 0.999992 0.003902 -0.000520
v -4.351602 -0.882263 0.836455
vn 0.999960 0.008921 -0.000278
v -4.353427 -0.882845 -2.674999
vn 0.245378 0.969428 -0.000288
v -4.353427 -0.882845 -2.674999
vn 0.266380 0.963844 -0.006815
v -4.351603 -0.906144 -5.898931
vn 0.503053 0.847717 -0.168265
v -4.353427 -1.297869 -6.717956
vn 0.999997 0.001978 -0.001338
v -4.351603 -0.906144 -5.898931
vn 0.999998 -0.000283 -0.002092
v -4.351603 -0.906144 -5.898931
vn 0.999855 0.017017 0.000443
v -4.353427 -1.297869 -6.717956
vn 0.713245 0.631695 -0.303717
v -4.353427 -1.297869 -6.717956
vn 0.779403 0.480813 -0.401684
v -4.351603 -1.812500 -7.330426
vn 0.762213 0.296057 -0.575658
v -4.353427 -4.302651 -7.614411
vn 0.999997 0.000247 -0.002443
v -4.351603 -1.812500 -7.330426
vn 0.999993 -0.000317 -0.003642
v -4.351603 -1.812500 -7.330426
vn 0.999991 0.004240 -0.000585
v -4.353427 -4.302651 -7.614411
vn 0.754738 0.073788 -0.651863
v -4.353427 -4.302651 -7.614411
vn 0.743069 0.061050 -0.666425
v -4.351603 -6.915708 -7.851756
vn 0.860682 0.258548 -0.438612
v -4.353427 -6.892408 -9.025496
vn 1.000000 0.000842 0.000008
v -4.351603 -6.915708 -7.851756
vn 0.999999 0.000739 -0.001539
v -4.351603 -6.915708 -7.851756
vn 0.999999 0.000811 -0.001245
v -4.353427 -6.892408 -9.025496
vn 0.956791 0.290745 0.004285
v -4.353427 -6.892408 -9.025496
vn 0.956805 0.290706 0.003638
v -4.351603 -6.883670 -10.203274
vn 0.839689 0.319577 0.439081
v -4.353427 -3.389596 -10.984413
vn 0.999999 0.001280 0.001065
v -4.351603 -6.883670 -10.203274
vn 0.999998 0.000919 0.001777
v -4.351603 -6.883670 -10.203274
vn 0.999998 0.000944 0.001556
v -4.353427 -3.389596 -10.984413
vn 0.735782 0.148118 0.660822
v -4.353427 -3.389596 -10.984413
vn 0.748039 0.165370 0.642721
v -4.358900 0.139429 -11.886049
vn 0.410132 0.209875 0.887550
v -4.358900 0.139428 -3.128635
vn 1.000000 0.000000 0.000000
v -4.358900 0.139429 -11.886049
vn 1.000000 0.000000 0.000000
v -4.358900 0.139429 -11.886049
vn 0.999999 0.001641 0.000354
v -4.353427 -0.119200 4.864298
vn 0.999722 0.023578 -0.000819
v -4.358900 0.139426 5.628779
vn 0.999931 0.011790 -0.000410
v -4.358900 0.139426 5.628779
vn 0.000000 0.043536 -0.999052
v -4.358900 0.139426 5.628779
vn 0.902656 0.409587 -0.132102
v -5.534262 -0.132771 0.395578
vn 0.924768 0.368623 -0.094449
v -5.032646 0.012729 5.813750
vn 0.686444 0.615344 -0.387487
v -2.609758 0.006724 6.776436
vn 0.009919 0.999662 -0.024022
v -5.032646 0.012729 5.813750
vn 0.012084 0.999635 -0.024178
v -5.032646 0.012729 5.813750
vn 0.003961 0.999622 -0.027211
v -5.534262 -0.132771 0.395578
vn 0.003961 0.999622 -0.027211
v -2.609758 0.006724 6.776436
vn 0.173287 0.885750 -0.430603
v 0.001000 0.006724 7.624685
vn 0.000000 0.999824 -0.018788
v 2.611757 0.006724 6.776436
vn -0.009919 0.999662 -0.024022
v 0.001000 0.006724 7.624685
vn -0.138596 0.895620 -0.422678
v 0.001000 0.006724 7.624685
vn -0.139998 0.891479 -0.430889
v 2.611757 0.006724 6.776436
vn -0.139998 0.891479 -0.430889
v -2.609758 0.006724 6.776436
vn 0.139998 0.891479 -0.430889
v 0.001000 0.006724 7.624685
vn 0.139998 0.891479 -0.430889
v 0.001000 0.006724 7.624685
vn 0.138596 0.895620 -0.422678
v 5.536261 -0.132771 0.395578
vn -0.003942 0.999631 -0.026877
v 5.034644 0.012729 5.813750
vn -0.008023 0.999638 -0.025695
v 5.034644 0.012729 5.813750
vn -0.950062 0.295308 -0.100875
v 5.034644 0.012729 5.813750
vn -0.924683 0.368564 -0.095505
v 5.536261 -0.132771 0.395578
vn -0.924683 0.368564 -0.095505
v 2.611757 0.006724 6.776436
vn -0.173287 0.885750 -0.430603
v 5.034644 0.012729 5.813750
vn -0.173287 0.885750 -0.430603
v 5.034644 0.012729 5.813750
vn -0.345910 0.596361 -0.724362
v -6.101359 -0.190487 -7.221402
vn 0.983077 0.183090 -0.006166
v -6.039463 -0.278962 -5.184467
vn 0.971648 0.229976 -0.054869
v -5.085917 -0.251408 -7.181764
vn 0.043212 0.998820 0.022177
v -4.971877 -0.292618 -5.105054
vn -0.000312 0.999993 -0.003724
v -6.039463 -0.278962 -5.184467
vn 0.011359 0.999751 0.019215
v -6.039463 -0.278962 -5.184467
vn 0.058219 0.997439 0.041555
v -6.101359 -0.190487 -7.221402
vn 0.058219 0.997439 0.041555
v -5.534262 -0.132771 0.395578
vn 0.003923 0.999640 -0.026545
v -6.039463 -0.278962 -5.184467
vn 0.003923 0.999640 -0.026545
v -6.039463 -0.278962 -5.184467
vn 0.015193 0.999360 -0.032401
v 0.001000 -0.270195 -5.148484
vn 0.000002 0.143323 0.989676
v -3.831891 -0.276808 -5.154000
vn -0.656461 0.243166 0.714093
v -3.831891 -0.276808 -5.154000
vn 0.002101 0.999277 -0.037973
v -3.831891 -0.276808 -5.154000
vn -0.001685 0.999624 -0.027383
v 0.001000 -0.270195 -5.148484
vn -0.001685 0.999624 -0.027383
v -3.831891 -0.276808 -5.154000
vn -0.014819 0.999643 -0.022254
v -3.831891 -0.276808 -5.154000
vn -0.016383 0.999623 -0.022043
v -4.070475 -0.279963 -7.142107
vn 0.028232 0.999596 -0.003132
v -3.831891 -0.276808 -5.154000
vn 0.028304 0.999587 -0.004983
v -3.831891 -0.276808 -5.154000
vn -0.012982 0.999705 0.020551
v -4.070475 -0.279963 -7.142107
vn -0.980288 0.158921 0.117388
v 4.972674 -0.292619 -5.105067
vn 0.000318 0.999993 -0.003731
v 6.040862 -0.278962 -5.184474
vn -0.021868 0.999761 0.000502
v 5.063845 -0.251418 -7.182033
vn -0.041854 0.998868 0.022612
v 6.102155 -0.190488 -7.221415
vn -0.056779 0.997325 0.046030
v 6.040862 -0.278962 -5.184474
vn -0.982686 0.183967 -0.022012
v 6.040862 -0.278962 -5.184474
vn -0.982138 0.186936 -0.021434
v 6.102155 -0.190488 -7.221415
vn -0.982138 0.186936 -0.021434
v 5.536261 -0.132771 0.395578
vn -0.924860 0.368686 -0.093294
v 6.040862 -0.278962 -5.184474
vn -0.924860 0.368686 -0.093294
v 6.040862 -0.278962 -5.184474
vn -0.979775 0.182848 -0.081291
v 4.025535 -0.279984 -7.142632
vn 0.986413 0.164277 -0.001473
v 3.832448 -0.276809 -5.154016
vn 0.664638 0.245048 0.705838
v 3.832448 -0.276809 -5.154016
vn 0.012986 0.999708 0.020401
v 3.832448 -0.276809 -5.154016
vn -0.027664 0.999608 -0.004282
v 4.025535 -0.279984 -7.142632
vn -0.027664 0.999608 -0.004282
v 3.832448 -0.276809 -5.154016
vn 0.016392 0.999623 -0.022046
v 3.832448 -0.276809 -5.154016
vn 0.014816 0.999643 -0.022259
v 0.001000 -0.270195 -5.148484
vn 0.001686 0.999624 -0.027383
v 3.832448 -0.276809 -5.154016
vn 0.001686 0.999624 -0.027383
v 3.832448 -0.276809 -5.154016
vn -0.002101 0.999277 -0.037972
v -5.100558 -0.199367 -10.468070
vn 0.087941 0.996124 0.001800
v -6.100931 -0.100471 -10.462538
vn 0.098382 0.995149 0.000466
v -6.083236 -0.099301 -11.770779
vn 0.096927 0.995286 0.003336
v -5.100867 -0.193356 -11.805390
vn 0.086866 0.996210 0.004458
v -6.083236 -0.099301 -11.770779
vn 0.964386 0.261793 0.037727
v -6.083236 -0.099301 -11.770779
vn 0.806072 0.591707 0.011432
v -6.100931 -0.100471 -10.462538
vn 0.806072 0.591707 0.011432
v -5.100867 -0.193356 -11.805390
vn 0.079924 0.522355 0.848974
v -6.083236 -0.099301 -11.770779
vn 0.079924 0.522355 0.848974
v -6.083236 -0.099301 -11.770779
vn 0.092705 0.344673 0.934134
v -0.050910 -0.291263 -11.817772
vn 0.000117 0.399801 0.916602
v -3.901061 -0.287497 -11.816816
vn 0.018817 0.432465 0.901454
v -0.049076 -0.299784 -10.474420
vn 0.000003 1.000000 -0.000098
v -3.900263 -0.294754 -10.473620
vn 0.040295 0.999188 0.000169
v -3.901061 -0.287497 -11.816816
vn 0.001307 0.999985 0.005402
v -3.901061 -0.287497 -11.816816
vn 0.000980 0.999979 0.006342
v -0.050910 -0.291263 -11.817772
vn 0.000980 0.999979 0.006342
v -3.901061 -0.287497 -11.816816
vn 0.078265 0.996923 0.004463
v -3.901061 -0.287497 -11.816816
vn 0.079243 0.996841 0.005339
v -5.100867 -0.193356 -11.805390
vn 0.049168 0.523394 0.850671
v 6.100426 -0.100472 -10.462564
vn -0.792697 0.609589 0.005645
v 6.081832 -0.099301 -11.770814
vn -0.603568 0.550198 0.577051
v 5.052482 -0.199378 -10.468606
vn -0.084266 0.996441 0.001937
v 5.050957 -0.193357 -11.805923
vn -0.083106 0.996530 0.004581
v 6.081832 -0.099301 -11.770814
vn -0.091016 0.995839 0.004587
v 6.081832 -0.099301 -11.770814
vn -0.093976 0.995572 0.002227
v 6.100426 -0.100472 -10.462564
vn -0.093976 0.995572 0.002227
v 5.050957 -0.193357 -11.805923
vn -0.076590 0.522441 0.849229
v 3.804615 -0.294773 -10.474610
vn -0.038791 0.999247 0.000284
v 3.801793 -0.287497 -11.817801
vn -0.038456 0.999245 0.005479
v -0.050910 -0.291263 -11.817772
vn -0.000977 0.999979 0.006344
v 3.801793 -0.287497 -11.817801
vn -0.000292 0.401663 0.915788
v 3.801793 -0.287497 -11.817801
vn -0.000384 0.399801 0.916602
v 5.050957 -0.193357 -11.805923
vn -0.047535 0.523403 0.850758
v 3.801793 -0.287497 -11.817801
vn -0.047535 0.523403 0.850758
v 3.801793 -0.287497 -11.817801
vn -0.024155 0.401535 0.915525
v -6.100931 -0.100471 -10.462538
vn 0.806086 0.591798 -0.000862
v -6.100750 -0.098643 -9.038193
vn 0.872803 0.488011 -0.007790
v -5.099533 -0.201960 -9.036819
vn 0.087287 0.996087 0.013824
v -6.100750 -0.098643 -9.038193
vn 0.102644 0.994717 0.001729
v -6.100750 -0.098643 -9.038193
vn 0.098372 0.995149 -0.001290
v -6.101359 -0.190487 -7.221402
vn 0.057849 0.997051 0.050423
v -6.100750 -0.098643 -9.038193
vn 0.057849 0.997051 0.050423
v -6.100750 -0.098643 -9.038193
vn 0.102577 0.994392 0.025753
v -3.928033 -0.286410 -9.040324
vn 0.042296 0.999104 0.001684
v -0.047240 -0.291243 -9.131047
vn 0.000005 0.999980 -0.006358
v -3.928033 -0.286410 -9.040324
vn -0.021944 0.428630 -0.903214
v -3.928033 -0.286410 -9.040324
vn -0.020906 0.401439 -0.915647
v -0.047240 -0.291243 -9.131047
vn -0.020906 0.401439 -0.915647
v -4.070475 -0.279963 -7.142107
vn -0.984166 0.160878 -0.074398
v -3.928033 -0.286410 -9.040324
vn -0.984166 0.160878 -0.074398
v -3.928033 -0.286410 -9.040324
vn -0.863261 0.488668 -0.126426
v -0.047240 -0.291243 -9.131047
vn 0.020657 0.401415 -0.915663
v 3.836999 -0.286449 -9.041321
vn 0.593415 0.471502 -0.652338
v 3.836999 -0.286449 -9.041321
vn -0.001301 0.999983 -0.005778
v 3.836999 -0.286449 -9.041321
vn -0.001087 0.999979 -0.006356
v 5.054495 -0.201980 -9.037345
vn -0.083762 0.996381 0.014449
v 3.836999 -0.286449 -9.041321
vn -0.069219 0.997600 0.001911
v 3.836999 -0.286449 -9.041321
vn -0.076204 0.997084 -0.004069
v 4.025535 -0.279984 -7.142632
vn -0.027527 0.999621 -0.000670
v 3.836999 -0.286449 -9.041321
vn -0.027527 0.999621 -0.000670
v 3.836999 -0.286449 -9.041321
vn -0.069275 0.997234 0.026922
v 6.100896 -0.098643 -9.038213
vn -0.086795 0.996034 0.019545
v 6.100426 -0.100472 -10.462564
vn -0.093956 0.995576 -0.001247
v 6.100896 -0.098643 -9.038213
vn -0.811148 0.584837 -0.002447
v 6.100896 -0.098643 -9.038213
vn -0.792689 0.609626 -0.000521
v 6.102155 -0.190488 -7.221415
vn -0.982275 0.187171 0.010143
v 6.100896 -0.098643 -9.038213
vn -0.982275 0.187171 0.010143
v 6.100896 -0.098643 -9.038213
vn -0.810686 0.584259 -0.037821
v -2.831554 1.302375 -1.296478
vn 0.596818 -0.735563 -0.320555
v -2.913513 0.925498 -0.704850
vn 0.679656 -0.657697 -0.324811
v -2.304881 0.604222 1.038897
vn 0.302210 -0.875619 -0.376776
v -2.418337 1.301998 -0.704850
vn 0.252105 -0.898869 -0.358438
v -2.917827 0.175869 -0.673712
vn 0.956414 -0.000000 -0.292015
v -2.307038 0.175869 1.101174
vn 0.599522 -0.000000 -0.800359
v -2.304881 0.604222 1.038897
vn 0.944297 -0.052000 -0.324960
v -2.304881 0.604222 1.038897
vn 0.942858 -0.019243 -0.332638
v -2.913513 0.925498 -0.704850
vn 0.942858 -0.019243 -0.332638
v 0.014683 0.175869 1.194589
vn 0.000000 -0.000000 -1.000000
v 0.014683 0.604212 1.101174
vn 0.000000 -0.213076 -0.977036
v -2.304881 0.604222 1.038897
vn 0.026222 -0.213003 -0.976700
v -2.304881 0.604222 1.038897
vn 0.039784 -0.143957 -0.988784
v 0.014683 1.301978 -0.673711
vn -0.000000 -0.934958 -0.354760
v 0.014683 0.604212 1.101174
vn 0.009819 -0.930619 -0.365857
v 2.336404 0.175869 1.101174
vn -0.599521 -0.000000 -0.800359
v 2.334248 0.604222 1.038897
vn -0.592173 -0.129825 -0.795284
v 2.947194 0.175869 -0.673711
vn -0.956414 -0.000000 -0.292016
v 2.942880 0.925498 -0.704850
vn -0.955617 -0.017715 -0.294079
v 2.860920 1.302375 -1.296478
vn -0.596818 -0.735563 -0.320555
v 2.447704 1.301998 -0.704850
vn -0.252106 -0.898869 -0.358438
v 2.334248 0.604222 1.038897
vn -0.499844 -0.792417 -0.349615
v 2.334248 0.604222 1.038897
vn -0.637666 -0.686674 -0.349085
v 2.942880 0.925498 -0.704850
vn -0.637666 -0.686674 -0.349085
v 0.014683 0.604212 1.101174
vn -0.009819 -0.930619 -0.365857
v 2.334248 0.604222 1.038897
vn -0.009819 -0.930619 -0.365857
v 2.334248 0.604222 1.038897
vn -0.004751 -0.928309 -0.371780
v 0.014683 2.014712 -4.350207
vn 0.000000 -0.999990 -0.004390
v -2.544687 1.996923 -4.350207
vn 0.295463 -0.955346 -0.004028
v -2.539319 1.970191 -2.554575
vn 0.281134 -0.942673 -0.179809
v 0.014683 1.979075 -2.539006
vn -0.000000 -0.983131 -0.182904
v -3.046286 1.658940 -4.350207
vn 0.648333 -0.761350 -0.003115
v -3.035550 1.641112 -2.570145
vn 0.638170 -0.754345 -0.153958
v 2.568685 1.970191 -2.554575
vn -0.281134 -0.942673 -0.179809
v 3.064916 1.641112 -2.570145
vn -0.638169 -0.754346 -0.153958
v 3.075653 1.658940 -4.350207
vn -0.648333 -0.761350 -0.003115
v 2.574054 1.996923 -4.350207
vn -0.295463 -0.955346 -0.004028
v 0.014683 1.657483 -6.869945
vn 0.000000 -0.894045 0.447976
v -2.542398 1.651578 -6.858086
vn 0.244268 -0.864830 0.438638
v -2.541534 1.985004 -6.097640
vn 0.280829 -0.939649 0.195437
v 0.014683 1.996851 -6.103570
vn 0.000000 -0.977290 0.211909
v -2.920169 1.539378 -6.632764
vn 0.594482 -0.717049 0.363911
v -3.039980 1.652963 -6.091711
vn 0.641656 -0.752324 0.149284
v 2.570901 1.985004 -6.097640
vn -0.280829 -0.939649 0.195437
v 3.069347 1.652963 -6.091711
vn -0.641656 -0.752325 0.149284
v 2.949535 1.539378 -6.632764
vn -0.594482 -0.717049 0.363911
v 2.571764 1.651578 -6.858086
vn -0.244268 -0.864830 0.438638
v -3.050750 0.175870 -6.869946
vn 0.873955 -0.000000 0.486008
v -3.044221 1.257302 -6.858086
vn 0.860845 -0.010777 0.508753
v -2.571292 1.264817 -7.508905
vn 0.838589 -0.050979 0.542375
v -2.681978 0.175909 -7.514477
vn 0.867971 -0.000001 0.496615
v -2.571292 1.264817 -7.508905
vn 0.483462 -0.761775 0.431235
v -2.571292 1.264817 -7.508905
vn 0.628300 -0.635161 0.449232
v -3.044221 1.257302 -6.858086
vn 0.628300 -0.635161 0.449232
v 0.014683 1.312106 -7.514477
vn 0.000000 -0.881428 0.472319
v -2.571292 1.264817 -7.508905
vn 0.017134 -0.881298 0.472250
v -2.571292 1.264817 -7.508905
vn 0.004354 -0.859736 0.510720
v 2.600658 1.264817 -7.508905
vn -0.296549 -0.821146 0.487625
v 3.073587 1.257302 -6.858086
vn -0.679210 -0.616645 0.398023
v 3.080116 0.175870 -6.869945
vn -0.873954 -0.000000 0.486008
v 2.711344 0.175909 -7.514477
vn -0.867971 -0.000001 0.496614
v 2.600658 1.264817 -7.508905
vn -0.864420 -0.090398 0.494577
v 2.600658 1.264817 -7.508905
vn -0.808979 -0.011329 0.587728
v 3.073587 1.257302 -6.858086
vn -0.808979 -0.011329 0.587728
v 3.437145 0.175869 -2.539006
vn -0.990827 0.000000 -0.135133
v 3.425306 1.255678 -2.554576
vn -0.990815 -0.014956 -0.134396
v 3.462932 0.175870 -4.350207
vn -0.999999 0.000000 -0.001567
v 3.443568 1.264593 -4.350207
vn -0.999841 -0.017783 -0.001473
v 3.425306 1.255678 -2.554576
vn -0.730166 -0.683177 -0.011247
v 3.425306 1.255678 -2.554576
vn -0.731144 -0.682137 -0.010823
v 3.443568 1.264593 -4.350207
vn -0.731144 -0.682137 -0.010823
v 2.942880 0.925498 -0.704850
vn -0.719474 -0.626624 -0.299499
v 3.425306 1.255678 -2.554576
vn -0.719474 -0.626624 -0.299499
v 3.425306 1.255678 -2.554576
vn -0.693948 -0.660443 -0.286793
v 3.443791 0.175870 -6.103570
vn -0.974348 -0.000000 0.225048
v 3.430845 1.261604 -6.097640
vn -0.974673 -0.013566 0.223225
v 3.073587 1.257302 -6.858086
vn -0.905025 -0.010127 0.425238
v 3.430845 1.261604 -6.097640
vn -0.700390 -0.651371 0.291840
v 3.430845 1.261604 -6.097640
vn -0.726346 -0.594702 0.344602
v 3.443568 1.264593 -4.350207
vn -0.731171 -0.682163 0.006490
v 3.430845 1.261604 -6.097640
vn -0.731171 -0.682163 0.006490
v 3.430845 1.261604 -6.097640
vn -0.734529 -0.678559 0.004989
v -3.414424 0.175870 -6.103570
vn 0.974348 -0.000000 0.225048
v -3.401477 1.261604 -6.097640
vn 0.974673 -0.013567 0.223224
v -3.433565 0.175870 -4.350207
vn 0.999999 0.000000 -0.001567
v -3.414201 1.264593 -4.350207
vn 0.999841 -0.017783 -0.001473
v -3.401477 1.261604 -6.097640
vn 0.734530 -0.678558 0.004989
v -3.401477 1.261604 -6.097640
vn 0.731171 -0.682163 0.006491
v -3.414201 1.264593 -4.350207
vn 0.731171 -0.682163 0.006491
v -3.044221 1.257302 -6.858086
vn 0.726347 -0.594701 0.344601
v -3.401477 1.261604 -6.097640
vn 0.726347 -0.594701 0.344601
v -3.401477 1.261604 -6.097640
vn 0.700391 -0.651370 0.291839
v -3.407778 0.175869 -2.539007
vn 0.990827 0.000000 -0.135133
v -3.395939 1.255678 -2.554576
vn 0.990815 -0.014955 -0.134396
v -2.913513 0.925498 -0.704850
vn 0.966797 -0.016157 -0.255034
v -3.395939 1.255678 -2.554576
vn 0.693949 -0.660442 -0.286793
v -3.395939 1.255678 -2.554576
vn 0.719475 -0.626623 -0.299499
v -3.414201 1.264593 -4.350207
vn 0.731144 -0.682137 -0.010823
v -3.395939 1.255678 -2.554576
vn 0.731144 -0.682137 -0.010823
v -3.395939 1.255678 -2.554576
vn 0.730167 -0.683176 -0.011246
v 0.014683 -1.305742 -6.869945
vn -0.000000 0.894027 0.448013
v -2.542398 -1.299837 -6.858086
vn 0.244272 0.864813 0.438668
v -2.571292 -0.913014 -7.508905
vn 0.296541 0.821115 0.487682
v 0.014683 -0.960288 -7.514477
vn -0.000000 0.881384 0.472401
v -2.920169 -1.187638 -6.632764
vn 0.594479 0.717045 0.363925
v -3.044221 -0.905562 -6.858086
vn 0.679194 0.616652 0.398041
v -2.571292 -0.913014 -7.508905
vn 0.864415 0.090396 0.494586
v -2.571292 -0.913014 -7.508905
vn 0.808979 0.011330 0.587729
v -3.044221 -0.905562 -6.858086
vn 0.808979 0.011330 0.587729
v 3.073587 -0.905562 -6.858086
vn -0.860844 0.010776 0.508755
v 2.600658 -0.913014 -7.508905
vn -0.838586 0.050978 0.542379
v 2.949535 -1.187638 -6.632764
vn -0.594478 0.717045 0.363926
v 2.571764 -1.299837 -6.858086
vn -0.244272 0.864813 0.438668
v 2.600658 -0.913014 -7.508905
vn -0.483478 0.761737 0.431284
v 2.600658 -0.913014 -7.508905
vn -0.628264 0.635173 0.449266
v 3.073587 -0.905562 -6.858086
vn -0.628264 0.635173 0.449266
v 2.600658 -0.913014 -7.508905
vn -0.017128 0.881254 0.472332
v 2.600658 -0.913014 -7.508905
vn -0.004354 0.859700 0.510781
v -2.913513 -0.573760 -0.704850
vn 0.955617 0.017715 -0.294079
v -2.304881 -0.252485 1.038897
vn 0.592173 0.129825 -0.795284
v -2.831554 -0.950637 -1.296479
vn 0.596818 0.735563 -0.320555
v -2.418337 -0.950260 -0.704850
vn 0.252105 0.898869 -0.358438
v -2.304881 -0.252485 1.038897
vn 0.499843 0.792418 -0.349615
v -2.304881 -0.252485 1.038897
vn 0.637668 0.686673 -0.349085
v -2.913513 -0.573760 -0.704850
vn 0.637668 0.686673 -0.349085
v 0.014683 -0.950240 -0.673712
vn 0.000000 0.934958 -0.354759
v 0.014683 -0.252475 1.101174
vn 0.000000 0.930664 -0.365874
v -2.304881 -0.252485 1.038897
vn 0.009819 0.930620 -0.365857
v -2.304881 -0.252485 1.038897
vn 0.004750 0.928309 -0.371780
v 0.014683 -0.252475 1.101174
vn 0.026222 0.213003 -0.976700
v 2.447704 -0.950260 -0.704850
vn -0.252105 0.898869 -0.358438
v 2.334248 -0.252485 1.038897
vn -0.302210 0.875619 -0.376775
v 2.860920 -0.950637 -1.296478
vn -0.596818 0.735563 -0.320555
v 2.942880 -0.573760 -0.704850
vn -0.679655 0.657698 -0.324810
v 2.334248 -0.252485 1.038897
vn -0.944297 0.051998 -0.324960
v 2.334248 -0.252485 1.038897
vn -0.942858 0.019244 -0.332638
v 2.942880 -0.573760 -0.704850
vn -0.942858 0.019244 -0.332638
v 0.014683 -0.252475 1.101174
vn -0.026222 0.213003 -0.976700
v 2.334248 -0.252485 1.038897
vn -0.026222 0.213003 -0.976700
v 2.334248 -0.252485 1.038897
vn -0.039784 0.143956 -0.988784
v 3.064916 -1.289373 -2.570145
vn -0.638169 0.754346 -0.153958
v 3.425306 -0.903939 -2.554576
vn -0.726227 0.670056 -0.153687
v 3.075653 -1.307201 -4.350207
vn -0.648333 0.761350 -0.003115
v 3.443568 -0.912853 -4.350207
vn -0.731186 0.682175 -0.002166
v 3.425306 -0.903939 -2.554576
vn -0.999836 0.011167 -0.014235
v 3.425306 -0.903939 -2.554576
vn -0.999789 0.017782 -0.010256
v 3.443568 -0.912853 -4.350207
vn -0.999789 0.017782 -0.010256
v 2.942880 -0.573760 -0.704850
vn -0.966797 0.016158 -0.255034
v 3.425306 -0.903939 -2.554576
vn -0.966797 0.016158 -0.255034
v 3.425306 -0.903939 -2.554576
vn -0.967093 0.014266 -0.254023
v 3.069347 -1.301223 -6.091711
vn -0.641656 0.752325 0.149285
v 3.430845 -0.909864 -6.097641
vn -0.732759 0.660395 0.164142
v 3.073587 -0.905562 -6.858086
vn -0.726346 0.594702 0.344603
v 3.430845 -0.909864 -6.097641
vn -0.903361 0.013112 0.428680
v 3.430845 -0.909864 -6.097641
vn -0.905024 0.010127 0.425239
v 3.443568 -0.912853 -4.350207
vn -0.999815 0.017783 0.007310
v 3.430845 -0.909864 -6.097641
vn -0.999815 0.017783 0.007310
v 3.430845 -0.909864 -6.097641
vn -0.999869 0.011982 0.010915
v -3.039980 -1.301223 -6.091711
vn 0.641656 0.752324 0.149284
v -3.401477 -0.909864 -6.097641
vn 0.732759 0.660395 0.164142
v -3.046286 -1.307201 -4.350207
vn 0.648334 0.761350 -0.003115
v -3.414201 -0.912853 -4.350207
vn 0.731186 0.682175 -0.002166
v -3.401477 -0.909864 -6.097641
vn 0.999869 0.011983 0.010915
v -3.401477 -0.909864 -6.097641
vn 0.999815 0.017783 0.007311
v -3.414201 -0.912853 -4.350207
vn 0.999815 0.017783 0.007311
v -3.044221 -0.905562 -6.858086
vn 0.905025 0.010128 0.425237
v -3.401477 -0.909864 -6.097641
vn 0.905025 0.010128 0.425237
v -3.401477 -0.909864 -6.097641
vn 0.903362 0.013113 0.428679
v -3.035550 -1.289373 -2.570145
vn 0.638169 0.754345 -0.153958
v -3.395939 -0.903939 -2.554576
vn 0.726228 0.670055 -0.153687
v -2.913513 -0.573760 -0.704850
vn 0.719475 0.626623 -0.299499
v -3.395939 -0.903939 -2.554576
vn 0.967093 0.014266 -0.254023
v -3.395939 -0.903939 -2.554576
vn 0.966797 0.016157 -0.255034
v -3.414201 -0.912853 -4.350207
vn 0.999789 0.017782 -0.010256
v -3.395939 -0.903939 -2.554576
vn 0.999789 0.017782 -0.010256
v -3.395939 -0.903939 -2.554576
vn 0.999836 0.011167 -0.014235
v -2.539319 -1.618452 -2.554576
vn 0.281134 0.942673 -0.179808
v -2.544687 -1.645184 -4.350207
vn 0.295463 0.955346 -0.004027
v 0.014683 -1.662973 -4.350207
vn 0.000000 0.999990 -0.004390
v 0.014683 -1.627337 -2.539007
vn -0.000000 0.983131 -0.182904
v 2.568685 -1.618452 -2.554576
vn -0.281134 0.942673 -0.179808
v 2.574054 -1.645184 -4.350207
vn -0.295463 0.955346 -0.004028
v -2.541534 -1.633264 -6.097641
vn 0.280829 0.939648 0.195437
v 0.014683 -1.645111 -6.103570
vn 0.000000 0.977289 0.211909
v 2.570901 -1.633264 -6.097641
vn -0.280829 0.939648 0.195438
vt 0.746266 0.334452
vt 0.829621 0.411594
vt 0.829621 0.295407
f 2957/10285/2957 2958/10286/2958 2959/10287/2959
vt 0.829621 0.295407
vt 0.775995 0.239663
vt 0.746266 0.334452
f 2959/10288/2959 2960/10289/2960 2957/10290/2957
vt 0.912979 0.334465
vt 0.883247 0.239663
vt 0.829621 0.295407
f 2961/10291/2961 2962/10292/2962 2959/10293/2959
vt 0.829621 0.295407
vt 0.829621 0.411594
vt 0.912979 0.334465
f 2959/10294/2959 2958/10295/2958 2961/10296/2961
vt 0.829621 0.218498
vt 0.775995 0.239663
vt 0.829621 0.295407
f 2963/10297/2963 2960/10298/2960 2959/10299/2959
vt 0.829621 0.295407
vt 0.883247 0.239663
vt 0.829621 0.218498
f 2959/10300/2959 2962/10301/2962 2963/10302/2963
vt 0.104516 0.792532
vt 0.133367 0.699792
vt 0.185403 0.754406
f 2964/10303/2964 2965/10304/2965 2966/10305/2966
vt 0.185403 0.754406
vt 0.185403 0.868074
vt 0.104516 0.792532
f 2966/10306/2966 2967/10307/2967 2964/10308/2964
vt 0.266281 0.792563
vt 0.185403 0.868074
vt 0.185403 0.754406
f 2968/10309/2968 2967/10310/2967 2966/10311/2966
vt 0.185403 0.754406
vt 0.237438 0.699793
vt 0.266281 0.792563
f 2966/10312/2966 2969/10313/2969 2968/10314/2968
vt 0.185403 0.679061
vt 0.237438 0.699793
vt 0.185403 0.754406
f 2970/10315/2970 2969/10316/2969 2966/10317/2966
vt 0.185403 0.754406
vt 0.133367 0.699792
vt 0.185403 0.679061
f 2966/10318/2966 2965/10319/2965 2970/10320/2970
vt 0.672568 0.487727
vt 0.671649 0.548101
vt 0.671140 0.547604
f 2971/10321/2971 2972/10322/2972 2973/10323/2973
vt 0.671140 0.547604
vt 0.671345 0.488841
vt 0.672568 0.487727
f 2973/10324/2973 2974/10325/2974 2971/10326/2971
vt 0.654198 0.562093
vt 0.653893 0.559489
vt 0.671140 0.547604
f 2975/10327/2975 2976/10328/2976 2973/10329/2973
vt 0.671140 0.547604
vt 0.671649 0.548101
vt 0.654198 0.562093
f 2973/10330/2973 2972/10331/2972 2975/10332/2975
vt 0.648103 0.510017
vt 0.671345 0.488841
vt 0.671140 0.547604
f 2977/10333/2977 2974/10334/2974 2973/10335/2973
vt 0.671140 0.547604
vt 0.653893 0.559489
vt 0.648103 0.510017
f 2973/10336/2973 2976/10337/2976 2977/10338/2977
vt 0.624943 0.358413
vt 0.624688 0.326891
vt 0.669568 0.424333
f 2978/10339/2978 2979/10340/2979 2980/10341/2980
vt 0.669568 0.424333
vt 0.647774 0.425720
vt 0.624943 0.358413
f 2980/10342/2980 2981/10343/2981 2978/10344/2978
vt 0.624674 0.325232
vt 0.670173 0.422947
vt 0.669568 0.424333
f 2982/10345/2982 2983/10346/2983 2980/10347/2980
vt 0.669568 0.424333
vt 0.624688 0.326891
vt 0.624674 0.325232
f 2980/10348/2980 2979/10349/2979 2982/10350/2982
vt 0.672568 0.487727
vt 0.671345 0.488841
vt 0.669568 0.424333
f 2971/10351/2971 2974/10352/2974 2980/10353/2980
vt 0.669568 0.424333
vt 0.670173 0.422947
vt 0.672568 0.487727
f 2980/10354/2980 2983/10355/2983 2971/10356/2971
vt 0.648103 0.510017
vt 0.647774 0.425720
vt 0.669568 0.424333
f 2977/10357/2977 2981/10358/2981 2980/10359/2980
vt 0.669568 0.424333
vt 0.671345 0.488841
vt 0.648103 0.510017
f 2980/10360/2980 2974/10361/2974 2977/10362/2977
vt 0.571017 0.342818
vt 0.555950 0.263179
vt 0.578217 0.232089
f 2984/10363/2984 2985/10364/2985 2986/10365/2986
vt 0.578217 0.232089
vt 0.600816 0.327770
vt 0.571017 0.342818
f 2986/10366/2986 2987/10367/2987 2984/10368/2984
vt 0.558405 0.226409
vt 0.575752 0.197140
vt 0.578217 0.232089
f 2988/10369/2988 2989/10370/2989 2986/10371/2986
vt 0.578217 0.232089
vt 0.555950 0.263179
vt 0.558405 0.226409
f 2986/10372/2986 2985/10373/2985 2988/10374/2988
vt 0.576665 0.195599
vt 0.579170 0.229161
vt 0.578217 0.232089
f 2990/10375/2990 2991/10376/2991 2986/10377/2986
vt 0.578217 0.232089
vt 0.575752 0.197140
vt 0.576665 0.195599
f 2986/10378/2986 2989/10379/2989 2990/10380/2990
vt 0.624674 0.325232
vt 0.624688 0.326891
vt 0.578217 0.232089
f 2982/10381/2982 2979/10382/2979 2986/10383/2986
vt 0.578217 0.232089
vt 0.579170 0.229161
vt 0.624674 0.325232
f 2986/10384/2986 2991/10385/2991 2982/10386/2982
vt 0.624943 0.358413
vt 0.600816 0.327770
vt 0.578217 0.232089
f 2978/10387/2978 2987/10388/2987 2986/10389/2986
vt 0.578217 0.232089
vt 0.624688 0.326891
vt 0.624943 0.358413
f 2986/10390/2986 2979/10391/2979 2978/10392/2978
vt 0.563449 0.192568
vt 0.575901 0.168368
vt 0.575512 0.169446
f 2992/10393/2992 2993/10394/2993 2994/10395/2994
vt 0.575512 0.169446
vt 0.563197 0.194260
vt 0.563449 0.192568
f 2994/10396/2994 2995/10397/2995 2992/10398/2992
vt 0.576665 0.195599
vt 0.575752 0.197140
vt 0.575512 0.169446
f 2990/10399/2990 2989/10400/2989 2994/10401/2994
vt 0.575512 0.169446
vt 0.575901 0.168368
vt 0.576665 0.195599
f 2994/10402/2994 2993/10403/2993 2990/10404/2990
vt 0.558405 0.226409
vt 0.563197 0.194260
vt 0.575512 0.169446
f 2988/10405/2988 2995/10406/2995 2994/10407/2994
vt 0.575512 0.169446
vt 0.575752 0.197140
vt 0.558405 0.226409
f 2994/10408/2994 2989/10409/2989 2988/10410/2988
vt 0.654198 0.562093
vt 0.636485 0.572944
vt 0.636675 0.571016
f 2975/10411/2975 2996/10412/2996 2997/10413/2997
vt 0.636675 0.571016
vt 0.653893 0.559489
vt 0.654198 0.562093
f 2997/10414/2997 2976/10415/2976 2975/10416/2975
vt 0.630606 0.573645
vt 0.631481 0.570463
vt 0.636675 0.571016
f 2998/10417/2998 2999/10418/2999 2997/10419/2997
vt 0.636675 0.571016
vt 0.636485 0.572944
vt 0.630606 0.573645
f 2997/10420/2997 2996/10421/2996 2998/10422/2998
vt 0.648103 0.510017
vt 0.653893 0.559489
vt 0.636675 0.571016
f 2977/10423/2977 2976/10424/2976 2997/10425/2997
vt 0.636675 0.571016
vt 0.631481 0.570463
vt 0.648103 0.510017
f 2997/10426/2997 2999/10427/2999 2977/10428/2977
vt 0.600404 0.474445
vt 0.587694 0.423162
vt 0.624044 0.424441
f 3000/10429/3000 3001/10430/3001 3002/10431/3002
vt 0.624044 0.424441
vt 0.625314 0.498574
vt 0.600404 0.474445
f 3002/10432/3002 3003/10433/3003 3000/10434/3000
vt 0.571017 0.342818
vt 0.600816 0.327770
vt 0.624044 0.424441
f 2984/10435/2984 2987/10436/2987 3002/10437/3002
vt 0.624044 0.424441
vt 0.587694 0.423162
vt 0.571017 0.342818
f 3002/10438/3002 3001/10439/3001 2984/10440/2984
vt 0.624943 0.358413
vt 0.647774 0.425720
vt 0.624044 0.424441
f 2978/10441/2978 2981/10442/2981 3002/10443/3002
vt 0.624044 0.424441
vt 0.600816 0.327770
vt 0.624943 0.358413
f 3002/10444/3002 2987/10445/2987 2978/10446/2978
vt 0.648103 0.510017
vt 0.625314 0.498574
vt 0.624044 0.424441
f 2977/10447/2977 3003/10448/3003 3002/10449/3002
vt 0.624044 0.424441
vt 0.647774 0.425720
vt 0.648103 0.510017
f 3002/10450/3002 2981/10451/2981 2977/10452/2977
vt 0.600404 0.474445
vt 0.588493 0.498037
vt 0.552840 0.424221
f 3000/10453/3000 3004/10454/3004 3005/10455/3005
vt 0.552840 0.424221
vt 0.587694 0.423162
vt 0.600404 0.474445
f 3005/10456/3005 3001/10457/3001 3000/10458/3000
vt 0.587866 0.499279
vt 0.551795 0.425280
vt 0.552840 0.424221
f 3006/10459/3006 3007/10460/3007 3005/10461/3005
vt 0.552840 0.424221
vt 0.588493 0.498037
vt 0.587866 0.499279
f 3005/10462/3005 3004/10463/3004 3006/10464/3006
vt 0.541760 0.360341
vt 0.543223 0.359465
vt 0.552840 0.424221
f 3008/10465/3008 3009/10466/3009 3005/10467/3005
vt 0.552840 0.424221
vt 0.551795 0.425280
vt 0.541760 0.360341
f 3005/10468/3005 3007/10469/3007 3008/10470/3008
vt 0.571017 0.342818
vt 0.587694 0.423162
vt 0.552840 0.424221
f 2984/10471/2984 3001/10472/3001 3005/10473/3005
vt 0.552840 0.424221
vt 0.543223 0.359465
vt 0.571017 0.342818
f 3005/10474/3005 3009/10475/3009 2984/10476/2984
vt 0.541760 0.360341
vt 0.534031 0.297221
vt 0.535178 0.295999
f 3008/10477/3008 3010/10478/3010 3011/10479/3011
vt 0.535178 0.295999
vt 0.543223 0.359465
vt 0.541760 0.360341
f 3011/10480/3011 3009/10481/3009 3008/10482/3008
vt 0.541760 0.257765
vt 0.542592 0.256198
vt 0.535178 0.295999
f 3012/10483/3012 3013/10484/3013 3011/10485/3011
vt 0.535178 0.295999
vt 0.534031 0.297221
vt 0.541760 0.257765
f 3011/10486/3011 3010/10487/3010 3012/10488/3012
vt 0.558405 0.226409
vt 0.555950 0.263179
vt 0.535178 0.295999
f 2988/10489/2988 2985/10490/2985 3011/10491/3011
vt 0.535178 0.295999
vt 0.542592 0.256198
vt 0.558405 0.226409
f 3011/10492/3011 3013/10493/3013 2988/10494/2988
vt 0.571017 0.342818
vt 0.543223 0.359465
vt 0.535178 0.295999
f 2984/10495/2984 3009/10496/3009 3011/10497/3011
vt 0.535178 0.295999
vt 0.555950 0.263179
vt 0.571017 0.342818
f 3011/10498/3011 2985/10499/2985 2984/10500/2984
vt 0.541760 0.257765
vt 0.550574 0.220179
vt 0.550767 0.220220
f 3012/10501/3012 3014/10502/3014 3015/10503/3015
vt 0.550767 0.220220
vt 0.542592 0.256198
vt 0.541760 0.257765
f 3015/10504/3015 3013/10505/3013 3012/10506/3012
vt 0.563449 0.192568
vt 0.563197 0.194260
vt 0.550767 0.220220
f 2992/10507/2992 2995/10508/2995 3015/10509/3015
vt 0.550767 0.220220
vt 0.550574 0.220179
vt 0.563449 0.192568
f 3015/10510/3015 3014/10511/3014 2992/10512/2992
vt 0.558405 0.226409
vt 0.542592 0.256198
vt 0.550767 0.220220
f 2988/10513/2988 3013/10514/3013 3015/10515/3015
vt 0.550767 0.220220
vt 0.563197 0.194260
vt 0.558405 0.226409
f 3015/10516/3015 2995/10517/2995 2988/10518/2988
vt 0.648100 0.510016
vt 0.653893 0.559489
vt 0.671140 0.547604
f 3016/10519/3016 3017/10520/3017 3018/10521/3018
vt 0.671140 0.547604
vt 0.671344 0.488841
vt 0.648100 0.510016
f 3018/10522/3018 3019/10523/3019 3016/10524/3016
vt 0.654198 0.562093
vt 0.671649 0.548101
vt 0.671140 0.547604
f 2975/10525/2975 2972/10526/2972 3018/10527/3018
vt 0.671140 0.547604
vt 0.653893 0.559489
vt 0.654198 0.562093
f 3018/10528/3018 3017/10529/3017 2975/10530/2975
vt 0.672568 0.487727
vt 0.671344 0.488841
vt 0.671140 0.547604
f 2971/10531/2971 3019/10532/3019 3018/10533/3018
vt 0.671140 0.547604
vt 0.671649 0.548101
vt 0.672568 0.487727
f 3018/10534/3018 2972/10535/2972 2971/10536/2971
vt 0.672568 0.487727
vt 0.670173 0.422947
vt 0.669568 0.424333
f 2971/10537/2971 2983/10538/2983 3020/10539/3020
vt 0.669568 0.424333
vt 0.671344 0.488841
vt 0.672568 0.487727
f 3020/10540/3020 3019/10541/3019 2971/10542/2971
vt 0.624674 0.325232
vt 0.624688 0.326891
vt 0.669568 0.424333
f 2982/10543/2982 3021/10544/3021 3020/10545/3020
vt 0.669568 0.424333
vt 0.670173 0.422947
vt 0.624674 0.325232
f 3020/10546/3020 2983/10547/2983 2982/10548/2982
vt 0.624943 0.358414
vt 0.647774 0.425720
vt 0.669568 0.424333
f 3022/10549/3022 3023/10550/3023 3020/10551/3020
vt 0.669568 0.424333
vt 0.624688 0.326891
vt 0.624943 0.358414
f 3020/10552/3020 3021/10553/3021 3022/10554/3022
vt 0.648100 0.510016
vt 0.671344 0.488841
vt 0.669568 0.424333
f 3016/10555/3016 3019/10556/3019 3020/10557/3020
vt 0.669568 0.424333
vt 0.647774 0.425720
vt 0.648100 0.510016
f 3020/10558/3020 3023/10559/3023 3016/10560/3016
vt 0.624943 0.358414
vt 0.624688 0.326891
vt 0.578217 0.232089
f 3022/10561/3022 3021/10562/3021 3024/10563/3024
vt 0.578217 0.232089
vt 0.600816 0.327770
vt 0.624943 0.358414
f 3024/10564/3024 3025/10565/3025 3022/10566/3022
vt 0.624674 0.325232
vt 0.579170 0.229161
vt 0.578217 0.232089
f 2982/10567/2982 2991/10568/2991 3024/10569/3024
vt 0.578217 0.232089
vt 0.624688 0.326891
vt 0.624674 0.325232
f 3024/10570/3024 3021/10571/3021 2982/10572/2982
vt 0.576665 0.195599
vt 0.575752 0.197140
vt 0.578217 0.232089
f 2990/10573/2990 3026/10574/3026 3024/10575/3024
vt 0.578217 0.232089
vt 0.579170 0.229161
vt 0.576665 0.195599
f 3024/10576/3024 2991/10577/2991 2990/10578/2990
vt 0.558405 0.226409
vt 0.555950 0.263179
vt 0.578217 0.232089
f 3027/10579/3027 3028/10580/3028 3024/10581/3024
vt 0.578217 0.232089
vt 0.575752 0.197140
vt 0.558405 0.226409
f 3024/10582/3024 3026/10583/3026 3027/10584/3027
vt 0.571017 0.342818
vt 0.600816 0.327770
vt 0.578217 0.232089
f 3029/10585/3029 3025/10586/3025 3024/10587/3024
vt 0.578217 0.232089
vt 0.555950 0.263179
vt 0.571017 0.342818
f 3024/10588/3024 3028/10589/3028 3029/10590/3029
vt 0.576665 0.195599
vt 0.575901 0.168368
vt 0.575512 0.169446
f 2990/10591/2990 2993/10592/2993 3030/10593/3030
vt 0.575512 0.169446
vt 0.575752 0.197140
vt 0.576665 0.195599
f 3030/10594/3030 3026/10595/3026 2990/10596/2990
vt 0.563449 0.192568
vt 0.563197 0.194260
vt 0.575512 0.169446
f 2992/10597/2992 3031/10598/3031 3030/10599/3030
vt 0.575512 0.169446
vt 0.575901 0.168368
vt 0.563449 0.192568
f 3030/10600/3030 2993/10601/2993 2992/10602/2992
vt 0.558405 0.226409
vt 0.575752 0.197140
vt 0.575512 0.169446
f 3027/10603/3027 3026/10604/3026 3030/10605/3030
vt 0.575512 0.169446
vt 0.563197 0.194260
vt 0.558405 0.226409
f 3030/10606/3030 3031/10607/3031 3027/10608/3027
vt 0.600404 0.474445
vt 0.588493 0.498037
vt 0.624520 0.567838
f 3032/10609/3032 3033/10610/3033 3034/10611/3034
vt 0.624520 0.567838
vt 0.625314 0.498574
vt 0.600404 0.474445
f 3034/10612/3034 3035/10613/3035 3032/10614/3032
vt 0.587866 0.499279
vt 0.623769 0.570050
vt 0.624520 0.567838
f 3006/10615/3006 3036/10616/3036 3034/10617/3034
vt 0.624520 0.567838
vt 0.588493 0.498037
vt 0.587866 0.499279
f 3034/10618/3034 3033/10619/3033 3006/10620/3006
vt 0.630606 0.573645
vt 0.631481 0.570463
vt 0.624520 0.567838
f 2998/10621/2998 3037/10622/3037 3034/10623/3034
vt 0.624520 0.567838
vt 0.623769 0.570050
vt 0.630606 0.573645
f 3034/10624/3034 3036/10625/3036 2998/10626/2998
vt 0.648100 0.510016
vt 0.625314 0.498574
vt 0.624520 0.567838
f 3016/10627/3016 3035/10628/3035 3034/10629/3034
vt 0.624520 0.567838
vt 0.631481 0.570463
vt 0.648100 0.510016
f 3034/10630/3034 3037/10631/3037 3016/10632/3016
vt 0.624943 0.358414
vt 0.600816 0.327770
vt 0.624044 0.424441
f 3022/10633/3022 3025/10634/3025 3038/10635/3038
vt 0.624044 0.424441
vt 0.647774 0.425720
vt 0.624943 0.358414
f 3038/10636/3038 3023/10637/3023 3022/10638/3022
vt 0.571017 0.342818
vt 0.587694 0.423162
vt 0.624044 0.424441
f 3029/10639/3029 3039/10640/3039 3038/10641/3038
vt 0.624044 0.424441
vt 0.600816 0.327770
vt 0.571017 0.342818
f 3038/10642/3038 3025/10643/3025 3029/10644/3029
vt 0.600404 0.474445
vt 0.625314 0.498574
vt 0.624044 0.424441
f 3032/10645/3032 3035/10646/3035 3038/10647/3038
vt 0.624044 0.424441
vt 0.587694 0.423162
vt 0.600404 0.474445
f 3038/10648/3038 3039/10649/3039 3032/10650/3032
vt 0.648100 0.510016
vt 0.647774 0.425720
vt 0.624044 0.424441
f 3016/10651/3016 3023/10652/3023 3038/10653/3038
vt 0.624044 0.424441
vt 0.625314 0.498574
vt 0.648100 0.510016
f 3038/10654/3038 3035/10655/3035 3016/10656/3016
vt 0.571017 0.342818
vt 0.543223 0.359465
vt 0.552840 0.424221
f 3029/10657/3029 3040/10658/3040 3041/10659/3041
vt 0.552840 0.424221
vt 0.587694 0.423162
vt 0.571017 0.342818
f 3041/10660/3041 3039/10661/3039 3029/10662/3029
vt 0.541760 0.360341
vt 0.551795 0.425280
vt 0.552840 0.424221
f 3008/10663/3008 3007/10664/3007 3041/10665/3041
vt 0.552840 0.424221
vt 0.543223 0.359465
vt 0.541760 0.360341
f 3041/10666/3041 3040/10667/3040 3008/10668/3008
vt 0.587866 0.499279
vt 0.588493 0.498037
vt 0.552840 0.424221
f 3006/10669/3006 3033/10670/3033 3041/10671/3041
vt 0.552840 0.424221
vt 0.551795 0.425280
vt 0.587866 0.499279
f 3041/10672/3041 3007/10673/3007 3006/10674/3006
vt 0.600404 0.474445
vt 0.587694 0.423162
vt 0.552840 0.424221
f 3032/10675/3032 3039/10676/3039 3041/10677/3041
vt 0.552840 0.424221
vt 0.588493 0.498037
vt 0.600404 0.474445
f 3041/10678/3041 3033/10679/3033 3032/10680/3032
vt 0.558405 0.226409
vt 0.542592 0.256198
vt 0.535178 0.295999
f 3027/10681/3027 3042/10682/3042 3043/10683/3043
vt 0.535178 0.295999
vt 0.555950 0.263179
vt 0.558405 0.226409
f 3043/10684/3043 3028/10685/3028 3027/10686/3027
vt 0.541760 0.257765
vt 0.534031 0.297221
vt 0.535178 0.295999
f 3012/10687/3012 3010/10688/3010 3043/10689/3043
vt 0.535178 0.295999
vt 0.542592 0.256198
vt 0.541760 0.257765
f 3043/10690/3043 3042/10691/3042 3012/10692/3012
vt 0.541760 0.360341
vt 0.543223 0.359465
vt 0.535178 0.295999
f 3008/10693/3008 3040/10694/3040 3043/10695/3043
vt 0.535178 0.295999
vt 0.534031 0.297221
vt 0.541760 0.360341
f 3043/10696/3043 3010/10697/3010 3008/10698/3008
vt 0.571017 0.342818
vt 0.555950 0.263179
vt 0.535178 0.295999
f 3029/10699/3029 3028/10700/3028 3043/10701/3043
vt 0.535178 0.295999
vt 0.543223 0.359465
vt 0.571017 0.342818
f 3043/10702/3043 3040/10703/3040 3029/10704/3029
vt 0.563449 0.192568
vt 0.550574 0.220179
vt 0.550767 0.220220
f 2992/10705/2992 3014/10706/3014 3044/10707/3044
vt 0.550767 0.220220
vt 0.563197 0.194260
vt 0.563449 0.192568
f 3044/10708/3044 3031/10709/3031 2992/10710/2992
vt 0.541760 0.257765
vt 0.542592 0.256198
vt 0.550767 0.220220
f 3012/10711/3012 3042/10712/3042 3044/10713/3044
vt 0.550767 0.220220
vt 0.550574 0.220179
vt 0.541760 0.257765
f 3044/10714/3044 3014/10715/3014 3012/10716/3012
vt 0.558405 0.226409
vt 0.563197 0.194260
vt 0.550767 0.220220
f 3027/10717/3027 3031/10718/3031 3044/10719/3044
vt 0.550767 0.220220
vt 0.542592 0.256198
vt 0.558405 0.226409
f 3044/10720/3044 3042/10721/3042 3027/10722/3027
vt 0.648103 0.510017
vt 0.631481 0.570463
vt 0.624520 0.567838
f 2977/10723/2977 2999/10724/2999 3045/10725/3045
vt 0.624520 0.567838
vt 0.625314 0.498574
vt 0.648103 0.510017
f 3045/10726/3045 3003/10727/3003 2977/10728/2977
vt 0.630606 0.573645
vt 0.623769 0.570050
vt 0.624520 0.567838
f 2998/10729/2998 3036/10730/3036 3045/10731/3045
vt 0.624520 0.567838
vt 0.631481 0.570463
vt 0.630606 0.573645
f 3045/10732/3045 2999/10733/2999 2998/10734/2998
vt 0.587866 0.499279
vt 0.588493 0.498037
vt 0.624520 0.567838
f 3006/10735/3006 3004/10736/3004 3045/10737/3045
vt 0.624520 0.567838
vt 0.623769 0.570050
vt 0.587866 0.499279
f 3045/10738/3045 3036/10739/3036 3006/10740/3006
vt 0.600404 0.474445
vt 0.625314 0.498574
vt 0.624520 0.567838
f 3000/10741/3000 3003/10742/3003 3045/10743/3045
vt 0.624520 0.567838
vt 0.588493 0.498037
vt 0.600404 0.474445
f 3045/10744/3045 3004/10745/3004 3000/10746/3000
vt 0.648100 0.510016
vt 0.631481 0.570463
vt 0.636675 0.571016
f 3016/10747/3016 3037/10748/3037 3046/10749/3046
vt 0.636675 0.571016
vt 0.653893 0.559489
vt 0.648100 0.510016
f 3046/10750/3046 3017/10751/3017 3016/10752/3016
vt 0.630606 0.573645
vt 0.636485 0.572944
vt 0.636675 0.571016
f 2998/10753/2998 2996/10754/2996 3046/10755/3046
vt 0.636675 0.571016
vt 0.631481 0.570463
vt 0.630606 0.573645
f 3046/10756/3046 3037/10757/3037 2998/10758/2998
vt 0.654198 0.562093
vt 0.653893 0.559489
vt 0.636675 0.571016
f 2975/10759/2975 3017/10760/3017 3046/10761/3046
vt 0.636675 0.571016
vt 0.636485 0.572944
vt 0.654198 0.562093
f 3046/10762/3046 2996/10763/2996 2975/10764/2975
vt 0.269595 0.127592
vt 0.010070 0.067088
vt 0.010711 0.129871
f 3047/10765/3047 3048/10766/3048 3049/10767/3049
vt 0.010711 0.129871
vt 0.276304 0.230784
vt 0.269595 0.127592
f 3049/10768/3049 3050/10769/3050 3047/10770/3047
vt 0.537673 0.022181
vt 0.537673 0.026433
vt 0.531426 0.022739
f 3051/10771/3051 3052/10772/3052 3053/10773/3053
vt 0.531426 0.022739
vt 0.531426 0.022181
vt 0.537673 0.022181
f 3054/10774/3054 3055/10775/3055 3051/10776/3051
vt 0.537673 0.097163
vt 0.531426 0.097163
vt 0.531426 0.022739
f 3056/10777/3056 3057/10778/3057 3058/10779/3058
vt 0.531426 0.022739
vt 0.537673 0.026433
vt 0.537673 0.097163
f 3059/10780/3059 3052/10781/3052 3056/10782/3056
vt 0.537673 0.092989
vt 0.537673 0.025219
vt 0.531426 0.021623
f 3060/10783/3060 3061/10784/3061 3062/10785/3062
vt 0.531426 0.021623
vt 0.531426 0.092989
vt 0.537673 0.092989
f 3062/10786/3062 3063/10787/3063 3060/10788/3060
vt 0.537673 0.022181
vt 0.531426 0.022181
vt 0.531426 0.021623
f 3051/10789/3051 3064/10790/3064 3062/10791/3062
vt 0.531426 0.021623
vt 0.537673 0.025219
vt 0.537673 0.022181
f 3062/10792/3062 3061/10793/3061 3051/10794/3051
vt 0.269595 0.127592
vt 0.263069 0.025490
vt 0.009428 0.004306
f 3047/10795/3047 3065/10796/3065 3066/10797/3066
vt 0.009428 0.004306
vt 0.010070 0.067088
vt 0.269595 0.127592
f 3067/10798/3067 3048/10799/3048 3047/10800/3047
vt 0.537673 0.096993
vt 0.537673 0.026564
vt 0.531426 0.022887
f 3068/10801/3068 3069/10802/3069 3070/10803/3070
vt 0.531426 0.022887
vt 0.531426 0.096993
vt 0.537673 0.096993
f 3070/10804/3070 3071/10805/3071 3068/10806/3068
vt 0.537673 0.022329
vt 0.531426 0.022329
vt 0.531426 0.022887
f 3072/10807/3072 3073/10808/3073 3070/10809/3070
vt 0.531426 0.022887
vt 0.537673 0.026564
vt 0.537673 0.022329
f 3070/10810/3070 3069/10811/3069 3072/10812/3072
vt 0.268606 0.127378
vt 0.275305 0.230434
vt 0.010578 0.129870
f 3074/10813/3074 3075/10814/3075 3076/10815/3076
vt 0.010578 0.129870
vt 0.009937 0.067087
vt 0.268606 0.127378
f 3077/10816/3077 3078/10817/3078 3074/10818/3074
vt 0.537673 0.022329
vt 0.537673 0.025352
vt 0.531426 0.021771
f 3072/10819/3072 3079/10820/3079 3080/10821/3080
vt 0.531426 0.021771
vt 0.531426 0.022329
vt 0.537673 0.022329
f 3080/10822/3080 3073/10823/3073 3072/10824/3072
vt 0.537673 0.092828
vt 0.531426 0.092828
vt 0.531426 0.021771
f 3081/10825/3081 3082/10826/3082 3080/10827/3080
vt 0.531426 0.021771
vt 0.537673 0.025352
vt 0.537673 0.092828
f 3080/10828/3080 3079/10829/3079 3081/10830/3081
vt 0.268606 0.127378
vt 0.009937 0.067087
vt 0.009295 0.004305
f 3074/10831/3074 3083/10832/3083 3084/10833/3084
vt 0.009295 0.004305
vt 0.262091 0.025415
vt 0.268606 0.127378
f 3085/10834/3085 3086/10835/3086 3074/10836/3074
vt 0.273704 0.344508
vt 0.267251 0.239972
vt 0.531071 0.340536
f 3087/10837/3087 3088/10838/3088 3089/10839/3089
vt 0.531071 0.340536
vt 0.530449 0.404225
vt 0.273704 0.344508
f 3089/10840/3089 3090/10841/3090 3087/10842/3087
vt 0.537673 0.097163
vt 0.537673 0.026433
vt 0.543921 0.022739
f 3056/10843/3056 3052/10844/3052 3091/10845/3091
vt 0.543921 0.022739
vt 0.543921 0.097163
vt 0.537673 0.097163
f 3092/10846/3092 3093/10847/3093 3056/10848/3056
vt 0.537673 0.022181
vt 0.543921 0.022181
vt 0.543921 0.022739
f 3051/10849/3051 3094/10850/3094 3095/10851/3095
vt 0.543921 0.022739
vt 0.537673 0.026433
vt 0.537673 0.022181
f 3096/10852/3096 3052/10853/3052 3051/10854/3051
vt 0.273704 0.344508
vt 0.530449 0.404225
vt 0.529828 0.467914
f 3087/10855/3087 3090/10856/3090 3097/10857/3097
vt 0.529828 0.467914
vt 0.278850 0.448007
vt 0.273704 0.344508
f 3097/10858/3097 3098/10859/3098 3087/10860/3087
vt 0.537673 0.022181
vt 0.537673 0.025219
vt 0.543921 0.021623
f 3051/10861/3051 3061/10862/3061 3099/10863/3099
vt 0.543921 0.021623
vt 0.543921 0.022181
vt 0.537673 0.022181
f 3100/10864/3100 3101/10865/3101 3051/10866/3051
vt 0.537673 0.092989
vt 0.543921 0.092989
vt 0.543921 0.021623
f 3060/10867/3060 3102/10868/3102 3103/10869/3103
vt 0.543921 0.021623
vt 0.537673 0.025219
vt 0.537673 0.092989
f 3104/10870/3104 3061/10871/3061 3060/10872/3060
vt 0.274555 0.344719
vt 0.530371 0.404225
vt 0.530992 0.340536
f 3105/10873/3105 3106/10874/3106 3107/10875/3107
vt 0.530992 0.340536
vt 0.268118 0.240321
vt 0.274555 0.344719
f 3107/10876/3107 3108/10877/3108 3105/10878/3105
vt 0.537673 0.022329
vt 0.537673 0.026564
vt 0.543921 0.022887
f 3072/10879/3072 3069/10880/3069 3109/10881/3109
vt 0.543921 0.022887
vt 0.543921 0.022329
vt 0.537673 0.022329
f 3110/10882/3110 3111/10883/3111 3072/10884/3072
vt 0.537673 0.096993
vt 0.543921 0.096993
vt 0.543921 0.022887
f 3068/10885/3068 3112/10886/3112 3113/10887/3113
vt 0.543921 0.022887
vt 0.537673 0.026564
vt 0.537673 0.096993
f 3114/10888/3114 3069/10889/3069 3068/10890/3068
vt 0.274555 0.344719
vt 0.279687 0.448077
vt 0.529749 0.467914
f 3105/10891/3105 3115/10892/3115 3116/10893/3116
vt 0.529749 0.467914
vt 0.530371 0.404225
vt 0.274555 0.344719
f 3116/10894/3116 3106/10895/3106 3105/10896/3105
vt 0.537673 0.092828
vt 0.537673 0.025352
vt 0.543921 0.021771
f 3081/10897/3081 3079/10898/3079 3117/10899/3117
vt 0.543921 0.021771
vt 0.543921 0.092828
vt 0.537673 0.092828
f 3118/10900/3118 3119/10901/3119 3081/10902/3081
vt 0.537673 0.022329
vt 0.543921 0.022329
vt 0.543921 0.021771
f 3072/10903/3072 3120/10904/3120 3121/10905/3121
vt 0.543921 0.021771
vt 0.537673 0.025352
vt 0.537673 0.022329
f 3122/10906/3122 3079/10907/3079 3072/10908/3072
vt 0.269595 0.127592
vt 0.276304 0.230784
vt 0.541897 0.331698
f 3047/10909/3047 3050/10910/3050 3123/10911/3123
vt 0.541897 0.331698
vt 0.529303 0.189186
vt 0.269595 0.127592
f 3123/10912/3123 3124/10913/3124 3047/10914/3047
vt 0.537673 0.097163
vt 0.537673 0.171587
vt 0.531426 0.171587
f 3056/10915/3056 3125/10916/3125 3126/10917/3126
vt 0.531426 0.171587
vt 0.531426 0.097163
vt 0.537673 0.097163
f 3127/10918/3127 3128/10919/3128 3056/10920/3056
vt 0.537673 0.092989
vt 0.531426 0.092989
vt 0.531426 0.164355
f 3060/10921/3060 3063/10922/3063 3129/10923/3129
vt 0.531426 0.164355
vt 0.537673 0.164355
vt 0.537673 0.092989
f 3129/10924/3129 3130/10925/3130 3060/10926/3060
vt 0.269595 0.127592
vt 0.529303 0.189186
vt 0.516709 0.046674
f 3047/10927/3047 3124/10928/3124 3131/10929/3131
vt 0.516709 0.046674
vt 0.263069 0.025490
vt 0.269595 0.127592
f 3132/10930/3132 3133/10931/3133 3047/10932/3047
vt 0.537673 0.097163
vt 0.543921 0.097163
vt 0.543921 0.171587
f 3056/10933/3056 3134/10934/3134 3135/10935/3135
vt 0.543921 0.171587
vt 0.537673 0.171587
vt 0.537673 0.097163
f 3135/10936/3135 3125/10937/3125 3056/10938/3056
vt 0.273704 0.344508
vt 0.015651 0.283754
vt 0.003430 0.139409
f 3087/10939/3087 3136/10940/3136 3137/10941/3137
vt 0.003430 0.139409
vt 0.267251 0.239972
vt 0.273704 0.344508
f 3138/10942/3138 3088/10943/3088 3087/10944/3087
vt 0.273704 0.344508
vt 0.278850 0.448007
vt 0.027872 0.428100
f 3087/10945/3087 3098/10946/3098 3139/10947/3139
vt 0.027872 0.428100
vt 0.015651 0.283754
vt 0.273704 0.344508
f 3139/10948/3139 3136/10949/3136 3087/10950/3087
vt 0.537673 0.092989
vt 0.537673 0.164355
vt 0.543921 0.164355
f 3060/10951/3060 3130/10952/3130 3140/10953/3140
vt 0.543921 0.164355
vt 0.543921 0.092989
vt 0.537673 0.092989
f 3141/10954/3141 3142/10955/3142 3060/10956/3060
vt 0.268606 0.127378
vt 0.262091 0.025415
vt 0.514888 0.046525
f 3074/10957/3074 3143/10958/3143 3144/10959/3144
vt 0.514888 0.046525
vt 0.527459 0.188761
vt 0.268606 0.127378
f 3144/10960/3144 3145/10961/3145 3074/10962/3074
vt 0.537673 0.092828
vt 0.537673 0.163886
vt 0.531426 0.163886
f 3081/10963/3081 3146/10964/3146 3147/10965/3147
vt 0.531426 0.163886
vt 0.531426 0.092828
vt 0.537673 0.092828
f 3148/10966/3148 3082/10967/3082 3081/10968/3081
vt 0.537673 0.096993
vt 0.531426 0.096993
vt 0.531426 0.171100
f 3068/10969/3068 3071/10970/3071 3149/10971/3149
vt 0.531426 0.171100
vt 0.537673 0.171100
vt 0.537673 0.096993
f 3149/10972/3149 3150/10973/3150 3068/10974/3068
vt 0.268606 0.127378
vt 0.527459 0.188761
vt 0.540031 0.330998
f 3074/10975/3074 3145/10976/3145 3151/10977/3151
vt 0.540031 0.330998
vt 0.275305 0.230434
vt 0.268606 0.127378
f 3152/10978/3152 3153/10979/3153 3074/10980/3074
vt 0.274555 0.344719
vt 0.268118 0.240321
vt 0.005243 0.140106
f 3105/10981/3105 3108/10982/3108 3154/10983/3154
vt 0.005243 0.140106
vt 0.017434 0.284173
vt 0.274555 0.344719
f 3154/10984/3154 3155/10985/3155 3105/10986/3105
vt 0.537673 0.096993
vt 0.537673 0.171100
vt 0.543921 0.171100
f 3068/10987/3068 3150/10988/3150 3156/10989/3156
vt 0.543921 0.171100
vt 0.543921 0.096993
vt 0.537673 0.096993
f 3157/10990/3157 3158/10991/3158 3068/10992/3068
vt 0.537673 0.092828
vt 0.543921 0.092828
vt 0.543921 0.163886
f 3081/10993/3081 3159/10994/3159 3160/10995/3160
vt 0.543921 0.163886
vt 0.537673 0.163886
vt 0.537673 0.092828
f 3160/10996/3160 3146/10997/3146 3081/10998/3081
vt 0.274555 0.344719
vt 0.017434 0.284173
vt 0.029625 0.428240
f 3105/10999/3105 3155/11000/3155 3161/11001/3161
vt 0.029625 0.428240
vt 0.279687 0.448077
vt 0.274555 0.344719
f 3162/11002/3162 3115/11003/3115 3105/11004/3105
vt 0.538326 0.029166
vt 0.537949 0.038200
vt 0.539989 0.036613
f 3163/11005/3163 3164/11006/3164 3165/11007/3165
vt 0.539989 0.036613
vt 0.542857 0.029166
vt 0.538326 0.029166
f 3165/11008/3165 3166/11009/3166 3163/11010/3163
vt 0.537929 0.075809
vt 0.539989 0.075809
vt 0.539989 0.036613
f 3167/11011/3167 3168/11012/3168 3165/11013/3165
vt 0.539989 0.036613
vt 0.537949 0.038200
vt 0.537929 0.075809
f 3165/11014/3165 3164/11015/3164 3167/11016/3167
vt 0.746266 0.334452
vt 0.675485 0.330468
vt 0.688858 0.485341
f 2957/11017/2957 3169/11018/3169 3170/11019/3170
vt 0.688858 0.485341
vt 0.759239 0.510620
vt 0.746266 0.334452
f 3171/11020/3171 3172/11021/3172 2957/11022/2957
vt 0.537929 0.075809
vt 0.537929 0.115004
vt 0.539989 0.115004
f 3167/11023/3167 3173/11024/3173 3174/11025/3174
vt 0.539989 0.115004
vt 0.539989 0.075809
vt 0.537929 0.075809
f 3174/11026/3174 3168/11027/3168 3167/11028/3167
vt 0.537929 0.154200
vt 0.539989 0.154200
vt 0.539989 0.115004
f 3175/11029/3175 3176/11030/3176 3174/11031/3174
vt 0.539989 0.115004
vt 0.537929 0.115004
vt 0.537929 0.154200
f 3174/11032/3174 3173/11033/3173 3175/11034/3175
vt 0.912979 0.334465
vt 0.829621 0.411594
vt 0.829621 0.535900
f 2961/11035/2961 2958/11036/2958 3177/11037/3177
vt 0.829621 0.535900
vt 0.900002 0.510620
vt 0.912979 0.334465
f 3178/11038/3178 3179/11039/3179 2961/11040/2961
vt 0.746266 0.334452
vt 0.759239 0.510620
vt 0.829621 0.535900
f 2957/11041/2957 3180/11042/3180 3181/11043/3181
vt 0.829621 0.535900
vt 0.829621 0.411594
vt 0.746266 0.334452
f 3182/11044/3182 2958/11045/2958 2957/11046/2957
vt 0.537929 0.154200
vt 0.537949 0.191808
vt 0.539989 0.193396
f 3175/11047/3175 3183/11048/3183 3184/11049/3184
vt 0.539989 0.193396
vt 0.539989 0.154200
vt 0.537929 0.154200
f 3184/11050/3184 3176/11051/3176 3175/11052/3175
vt 0.538326 0.200843
vt 0.542857 0.200843
vt 0.539989 0.193396
f 3185/11053/3185 3186/11054/3186 3184/11055/3184
vt 0.539989 0.193396
vt 0.537949 0.191808
vt 0.538326 0.200843
f 3184/11056/3184 3183/11057/3183 3185/11058/3185
vt 0.912979 0.334465
vt 0.900002 0.510620
vt 0.970384 0.485341
f 2961/11059/2961 3187/11060/3187 3188/11061/3188
vt 0.970384 0.485341
vt 0.983756 0.330468
vt 0.912979 0.334465
f 3189/11062/3189 3190/11063/3190 2961/11064/2961
vt 0.691224 0.127406
vt 0.662141 0.126323
vt 0.662113 0.175595
f 3191/11065/3191 3192/11066/3192 3193/11067/3193
vt 0.662113 0.175595
vt 0.694325 0.183130
vt 0.691224 0.127406
f 3193/11068/3193 3194/11069/3194 3191/11070/3191
vt 0.537065 0.021735
vt 0.538620 0.022092
vt 0.545726 0.021719
f 3195/11071/3195 3196/11072/3196 3197/11073/3197
vt 0.545726 0.021719
vt 0.541031 0.021735
vt 0.537065 0.021735
f 3198/11074/3198 3199/11075/3199 3195/11076/3195
vt 0.538326 0.029166
vt 0.542857 0.029166
vt 0.545726 0.021719
f 3163/11077/3163 3166/11078/3166 3200/11079/3200
vt 0.545726 0.021719
vt 0.538620 0.022092
vt 0.538326 0.029166
f 3201/11080/3201 3196/11081/3196 3163/11082/3163
vt 0.746266 0.334452
vt 0.694325 0.183130
vt 0.662113 0.175595
f 2957/11083/2957 3194/11084/3194 3193/11085/3193
vt 0.662113 0.175595
vt 0.675485 0.330468
vt 0.746266 0.334452
f 3193/11086/3193 3202/11087/3202 2957/11088/2957
vt 0.538326 0.200843
vt 0.538620 0.207917
vt 0.545726 0.208290
f 3185/11089/3185 3203/11090/3203 3204/11091/3204
vt 0.545726 0.208290
vt 0.542857 0.200843
vt 0.538326 0.200843
f 3204/11092/3204 3186/11093/3186 3185/11094/3185
vt 0.537065 0.208274
vt 0.541031 0.208274
vt 0.545726 0.208290
f 3205/11095/3205 3206/11096/3206 3204/11097/3204
vt 0.545726 0.208290
vt 0.538620 0.207917
vt 0.537065 0.208274
f 3204/11098/3204 3203/11099/3203 3205/11100/3205
vt 0.967364 0.127397
vt 0.964884 0.183131
vt 0.997129 0.175595
f 3207/11101/3207 3208/11102/3208 3209/11103/3209
vt 0.997129 0.175595
vt 0.997100 0.126323
vt 0.967364 0.127397
f 3210/11104/3210 3211/11105/3211 3207/11106/3207
vt 0.912979 0.334465
vt 0.983756 0.330468
vt 0.997129 0.175595
f 2961/11107/2961 3212/11108/3212 3213/11109/3213
vt 0.997129 0.175595
vt 0.964884 0.183131
vt 0.912979 0.334465
f 3214/11110/3214 3208/11111/3208 2961/11112/2961
vt 0.967364 0.127397
vt 0.937630 0.128547
vt 0.938131 0.180044
f 3207/11113/3207 3215/11114/3215 3216/11115/3216
vt 0.938131 0.180044
vt 0.964884 0.183131
vt 0.967364 0.127397
f 3216/11116/3216 3208/11117/3208 3207/11118/3207
vt 0.536424 0.175154
vt 0.538654 0.172398
vt 0.545726 0.175434
f 3217/11119/3217 3218/11120/3218 3219/11121/3219
vt 0.545726 0.175434
vt 0.541031 0.175155
vt 0.536424 0.175154
f 3220/11122/3220 3221/11123/3221 3217/11124/3217
vt 0.538771 0.115004
vt 0.545726 0.115251
vt 0.545726 0.175434
f 3222/11125/3222 3223/11126/3223 3224/11127/3224
vt 0.545726 0.175434
vt 0.538654 0.172398
vt 0.538771 0.115004
f 3225/11128/3225 3218/11129/3218 3222/11130/3222
vt 0.829621 0.218498
vt 0.883247 0.239663
vt 0.938131 0.180044
f 2963/11131/2963 2962/11132/2962 3216/11133/3216
vt 0.938131 0.180044
vt 0.829621 0.180044
vt 0.829621 0.218498
f 3216/11134/3216 3226/11135/3226 2963/11136/2963
vt 0.912979 0.334465
vt 0.964884 0.183131
vt 0.938131 0.180044
f 2961/11137/2961 3208/11138/3208 3216/11139/3216
vt 0.938131 0.180044
vt 0.883247 0.239663
vt 0.912979 0.334465
f 3216/11140/3216 2962/11141/2962 2961/11142/2961
vt 0.746266 0.334452
vt 0.775995 0.239663
vt 0.721111 0.180044
f 2957/11143/2957 2960/11144/2960 3227/11145/3227
vt 0.721111 0.180044
vt 0.694325 0.183130
vt 0.746266 0.334452
f 3227/11146/3227 3194/11147/3194 2957/11148/2957
vt 0.829621 0.218498
vt 0.829621 0.180044
vt 0.721111 0.180044
f 2963/11149/2963 3228/11150/3228 3227/11151/3227
vt 0.721111 0.180044
vt 0.775995 0.239663
vt 0.829621 0.218498
f 3227/11152/3227 2960/11153/2960 2963/11154/2963
vt 0.538771 0.115004
vt 0.538654 0.057800
vt 0.545726 0.055068
f 3222/11155/3222 3229/11156/3229 3230/11157/3230
vt 0.545726 0.055068
vt 0.545726 0.115251
vt 0.538771 0.115004
f 3231/11158/3231 3223/11159/3223 3222/11160/3222
vt 0.536424 0.054208
vt 0.541032 0.054372
vt 0.545726 0.055068
f 3232/11161/3232 3233/11162/3233 3234/11163/3234
vt 0.545726 0.055068
vt 0.538654 0.057800
vt 0.536424 0.054208
f 3235/11164/3235 3229/11165/3229 3232/11166/3232
vt 0.691224 0.127406
vt 0.694325 0.183130
vt 0.721111 0.180044
f 3191/11167/3191 3194/11168/3194 3227/11169/3227
vt 0.721111 0.180044
vt 0.720304 0.128562
vt 0.691224 0.127406
f 3227/11170/3227 3236/11171/3236 3191/11172/3191
vt 0.534742 0.037703
vt 0.535374 0.022553
vt 0.536337 0.021756
f 3237/11173/3237 3238/11174/3238 3239/11175/3239
vt 0.536337 0.021756
vt 0.536337 0.037703
vt 0.534742 0.037703
f 3239/11176/3239 3240/11177/3240 3237/11178/3237
vt 0.535407 0.021753
vt 0.536337 0.021753
vt 0.536337 0.021756
f 3241/11179/3241 3242/11180/3242 3239/11181/3239
vt 0.536337 0.021756
vt 0.535374 0.022553
vt 0.535407 0.021753
f 3239/11182/3239 3238/11183/3238 3241/11184/3241
vt 0.690824 0.041148
vt 0.690815 0.005248
vt 0.662179 0.005574
f 3243/11185/3243 3244/11186/3244 3245/11187/3245
vt 0.662179 0.005574
vt 0.662175 0.041313
vt 0.690824 0.041148
f 3246/11188/3246 3247/11189/3247 3243/11190/3243
vt 0.967056 0.041151
vt 0.997067 0.041313
vt 0.997063 0.005574
f 3248/11191/3248 3249/11192/3249 3250/11193/3250
vt 0.997063 0.005574
vt 0.967012 0.005233
vt 0.967056 0.041151
f 3250/11194/3250 3251/11195/3251 3248/11196/3248
vt 0.535407 0.208256
vt 0.535374 0.207416
vt 0.536337 0.208253
f 3252/11197/3252 3253/11198/3253 3254/11199/3254
vt 0.536337 0.208253
vt 0.536337 0.208256
vt 0.535407 0.208256
f 3255/11200/3255 3256/11201/3256 3252/11202/3252
vt 0.534742 0.191518
vt 0.536337 0.191518
vt 0.536337 0.208253
f 3257/11203/3257 3258/11204/3258 3259/11205/3259
vt 0.536337 0.208253
vt 0.535374 0.207416
vt 0.534742 0.191518
f 3260/11206/3260 3253/11207/3253 3257/11208/3257
vt 0.534742 0.191518
vt 0.534110 0.172591
vt 0.536337 0.174782
f 3257/11209/3257 3261/11210/3261 3262/11211/3262
vt 0.536337 0.174782
vt 0.536337 0.191518
vt 0.534742 0.191518
f 3262/11212/3262 3263/11213/3263 3257/11214/3257
vt 0.534077 0.114216
vt 0.536337 0.114216
vt 0.536337 0.174782
f 3264/11215/3264 3265/11216/3265 3262/11217/3262
vt 0.536337 0.174782
vt 0.534110 0.172591
vt 0.534077 0.114216
f 3262/11218/3262 3261/11219/3261 3264/11220/3264
vt 0.828259 0.040987
vt 0.933106 0.040982
vt 0.936961 0.004893
f 3266/11221/3266 3267/11222/3267 3268/11223/3268
vt 0.936961 0.004893
vt 0.828206 0.004907
vt 0.828259 0.040987
f 3269/11224/3269 3270/11225/3270 3266/11226/3266
vt 0.967056 0.041151
vt 0.967012 0.005233
vt 0.936961 0.004893
f 3248/11227/3248 3251/11228/3251 3271/11229/3271
vt 0.936961 0.004893
vt 0.933106 0.040982
vt 0.967056 0.041151
f 3272/11230/3272 3267/11231/3267 3248/11232/3248
vt 0.690824 0.041148
vt 0.723481 0.041008
vt 0.719451 0.004922
f 3243/11233/3243 3273/11234/3273 3274/11235/3274
vt 0.719451 0.004922
vt 0.690815 0.005248
vt 0.690824 0.041148
f 3274/11236/3274 3275/11237/3275 3243/11238/3243
vt 0.828259 0.040987
vt 0.828206 0.004907
vt 0.719451 0.004922
f 3266/11239/3266 3276/11240/3276 3274/11241/3274
vt 0.719451 0.004922
vt 0.723481 0.041008
vt 0.828259 0.040987
f 3274/11242/3274 3273/11243/3273 3266/11244/3266
vt 0.534077 0.114216
vt 0.534110 0.055881
vt 0.536337 0.053650
f 3264/11245/3264 3277/11246/3277 3278/11247/3278
vt 0.536337 0.053650
vt 0.536337 0.114216
vt 0.534077 0.114216
f 3279/11248/3279 3265/11249/3265 3264/11250/3264
vt 0.534742 0.037703
vt 0.536337 0.037703
vt 0.536337 0.053650
f 3237/11251/3237 3240/11252/3240 3280/11253/3280
vt 0.536337 0.053650
vt 0.534110 0.055881
vt 0.534742 0.037703
f 3281/11254/3281 3277/11255/3277 3237/11256/3237
vt 0.536424 0.054208
vt 0.534195 0.056732
vt 0.536338 0.053676
f 3232/11257/3232 3282/11258/3282 3283/11259/3283
vt 0.536338 0.053676
vt 0.541032 0.054372
vt 0.536424 0.054208
f 3283/11260/3283 3233/11261/3233 3232/11262/3232
vt 0.534077 0.114275
vt 0.536337 0.114276
vt 0.536338 0.053676
f 3284/11263/3284 3285/11264/3285 3283/11265/3283
vt 0.536338 0.053676
vt 0.534195 0.056732
vt 0.534077 0.114275
f 3283/11266/3283 3282/11267/3282 3284/11268/3284
vt 0.828259 0.040987
vt 0.723481 0.041008
vt 0.719497 0.077080
f 3266/11269/3266 3273/11270/3273 3286/11271/3286
vt 0.719497 0.077080
vt 0.828313 0.077066
vt 0.828259 0.040987
f 3287/11272/3287 3288/11273/3288 3266/11274/3266
vt 0.690824 0.041148
vt 0.690852 0.077787
vt 0.719497 0.077080
f 3243/11275/3243 3289/11276/3289 3290/11277/3290
vt 0.719497 0.077080
vt 0.723481 0.041008
vt 0.690824 0.041148
f 3291/11278/3291 3273/11279/3273 3243/11280/3243
vt 0.691224 0.127406
vt 0.720304 0.128562
vt 0.719497 0.077080
f 3191/11281/3191 3292/11282/3292 3293/11283/3293
vt 0.719497 0.077080
vt 0.690852 0.077787
vt 0.691224 0.127406
f 3294/11284/3294 3289/11285/3289 3191/11286/3191
vt 0.690824 0.041148
vt 0.662175 0.041313
vt 0.662170 0.077051
f 3243/11287/3243 3295/11288/3295 3296/11289/3296
vt 0.662170 0.077051
vt 0.690852 0.077787
vt 0.690824 0.041148
f 3296/11290/3296 3289/11291/3289 3243/11292/3243
vt 0.535407 0.021753
vt 0.535490 0.021750
vt 0.536337 0.021750
f 3241/11293/3241 3297/11294/3297 3298/11295/3298
vt 0.536337 0.021750
vt 0.536337 0.021753
vt 0.535407 0.021753
f 3299/11296/3299 3242/11297/3242 3241/11298/3241
vt 0.537065 0.021735
vt 0.541031 0.021735
vt 0.536337 0.021750
f 3195/11299/3195 3300/11300/3300 3301/11301/3301
vt 0.536337 0.021750
vt 0.535490 0.021750
vt 0.537065 0.021735
f 3302/11302/3302 3297/11303/3297 3195/11304/3195
vt 0.691224 0.127406
vt 0.690852 0.077787
vt 0.662170 0.077051
f 3191/11305/3191 3289/11306/3289 3296/11307/3296
vt 0.662170 0.077051
vt 0.662141 0.126323
vt 0.691224 0.127406
f 3296/11308/3296 3192/11309/3192 3191/11310/3191
vt 0.537065 0.208274
vt 0.535490 0.208259
vt 0.536337 0.208258
f 3205/11311/3205 3303/11312/3303 3304/11313/3304
vt 0.536337 0.208258
vt 0.541031 0.208274
vt 0.537065 0.208274
f 3304/11314/3304 3206/11315/3206 3205/11316/3205
vt 0.535407 0.208256
vt 0.536337 0.208256
vt 0.536337 0.208258
f 3252/11317/3252 3305/11318/3305 3304/11319/3304
vt 0.536337 0.208258
vt 0.535490 0.208259
vt 0.535407 0.208256
f 3304/11320/3304 3303/11321/3303 3252/11322/3252
vt 0.967056 0.041151
vt 0.967111 0.077774
vt 0.997072 0.077051
f 3248/11323/3248 3306/11324/3306 3307/11325/3307
vt 0.997072 0.077051
vt 0.997067 0.041313
vt 0.967056 0.041151
f 3308/11326/3308 3249/11327/3249 3248/11328/3248
vt 0.967364 0.127397
vt 0.997100 0.126323
vt 0.997072 0.077051
f 3207/11329/3207 3309/11330/3309 3310/11331/3310
vt 0.997072 0.077051
vt 0.967111 0.077774
vt 0.967364 0.127397
f 3311/11332/3311 3306/11333/3306 3207/11334/3207
vt 0.967056 0.041151
vt 0.933106 0.040982
vt 0.937129 0.077051
f 3248/11335/3248 3267/11336/3267 3312/11337/3312
vt 0.937129 0.077051
vt 0.967111 0.077774
vt 0.967056 0.041151
f 3312/11338/3312 3306/11339/3306 3248/11340/3248
vt 0.828259 0.040987
vt 0.828313 0.077066
vt 0.937129 0.077051
f 3266/11341/3266 3313/11342/3313 3312/11343/3312
vt 0.937129 0.077051
vt 0.933106 0.040982
vt 0.828259 0.040987
f 3312/11344/3312 3267/11345/3267 3266/11346/3266
vt 0.534077 0.114275
vt 0.534194 0.171859
vt 0.536337 0.174876
f 3284/11347/3284 3314/11348/3314 3315/11349/3315
vt 0.536337 0.174876
vt 0.536337 0.114276
vt 0.534077 0.114275
f 3316/11350/3316 3285/11351/3285 3284/11352/3284
vt 0.536424 0.175154
vt 0.541031 0.175155
vt 0.536337 0.174876
f 3217/11353/3217 3317/11354/3317 3318/11355/3318
vt 0.536337 0.174876
vt 0.534194 0.171859
vt 0.536424 0.175154
f 3319/11356/3319 3314/11357/3314 3217/11358/3217
vt 0.967364 0.127397
vt 0.967111 0.077774
vt 0.937129 0.077051
f 3207/11359/3207 3306/11360/3306 3312/11361/3312
vt 0.937129 0.077051
vt 0.937630 0.128547
vt 0.967364 0.127397
f 3312/11362/3312 3215/11363/3215 3207/11364/3207
vt 0.538177 0.190146
vt 0.531266 0.190146
vt 0.531266 0.204850
f 3320/11365/3320 3321/11366/3321 3322/11367/3322
vt 0.531266 0.204850
vt 0.538177 0.204850
vt 0.538177 0.190146
f 3322/11368/3322 3323/11369/3323 3320/11370/3320
vt 0.654418 0.744450
vt 0.790346 0.727657
vt 0.999714 0.727657
f 3324/11371/3324 3325/11372/3325 3326/11373/3326
vt 0.999714 0.727657
vt 0.983739 0.744450
vt 0.654418 0.744450
f 3327/11374/3327 3328/11375/3328 3324/11376/3324
vt 0.654418 0.744450
vt 0.565269 0.830041
vt 0.580979 0.727657
f 3324/11377/3324 3329/11378/3329 3330/11379/3330
vt 0.580979 0.727657
vt 0.790346 0.727657
vt 0.654418 0.744450
f 3330/11380/3330 3325/11381/3325 3324/11382/3324
vt 0.538177 0.115200
vt 0.538177 0.204850
vt 0.531266 0.204850
f 3331/11383/3331 3332/11384/3332 3333/11385/3333
vt 0.531266 0.204850
vt 0.531266 0.115200
vt 0.538177 0.115200
f 3334/11386/3334 3335/11387/3335 3331/11388/3331
vt 0.654418 0.744450
vt 0.591813 0.932426
vt 0.549559 0.932426
f 3324/11389/3324 3336/11390/3336 3337/11391/3337
vt 0.549559 0.932426
vt 0.565269 0.830041
vt 0.654418 0.744450
f 3337/11392/3337 3329/11393/3329 3324/11394/3324
vt 0.538177 0.025549
vt 0.538177 0.030032
vt 0.531266 0.025549
f 3338/11395/3338 3339/11396/3339 3340/11397/3340
vt 0.531266 0.025549
vt 0.531266 0.025549
vt 0.538177 0.025549
f 3341/11398/3341 3342/11399/3342 3338/11400/3338
vt 0.538177 0.115200
vt 0.531266 0.115200
vt 0.531266 0.025549
f 3331/11401/3331 3343/11402/3343 3344/11403/3344
vt 0.531266 0.025549
vt 0.538177 0.030032
vt 0.538177 0.115200
f 3345/11404/3345 3339/11405/3339 3331/11406/3331
vt 0.538177 0.025549
vt 0.531266 0.025549
vt 0.531266 0.025549
f 3338/11407/3338 3346/11408/3346 3347/11409/3347
vt 0.531266 0.025549
vt 0.538177 0.029297
vt 0.538177 0.025549
f 3347/11410/3347 3348/11411/3348 3338/11412/3338
vt 0.654418 0.744450
vt 0.677946 0.846835
vt 0.634067 0.932426
f 3324/11413/3324 3349/11414/3349 3350/11415/3350
vt 0.634067 0.932426
vt 0.591813 0.932426
vt 0.654418 0.744450
f 3351/11416/3351 3336/11417/3336 3324/11418/3324
vt 0.538177 0.100495
vt 0.538177 0.029297
vt 0.531266 0.025549
f 3352/11419/3352 3348/11420/3348 3347/11421/3347
vt 0.531266 0.025549
vt 0.531266 0.100495
vt 0.538177 0.100495
f 3347/11422/3347 3353/11423/3353 3352/11424/3352
vt 0.538177 0.100495
vt 0.531266 0.100495
vt 0.531266 0.175441
f 3352/11425/3352 3354/11426/3354 3355/11427/3355
vt 0.531266 0.175441
vt 0.538177 0.171694
vt 0.538177 0.100495
f 3355/11428/3355 3356/11429/3356 3352/11430/3352
vt 0.654418 0.744450
vt 0.844795 0.761243
vt 0.721825 0.761243
f 3324/11431/3324 3357/11432/3357 3358/11433/3358
vt 0.721825 0.761243
vt 0.677946 0.846835
vt 0.654418 0.744450
f 3359/11434/3359 3349/11435/3349 3324/11436/3324
vt 0.538177 0.175441
vt 0.538177 0.171694
vt 0.531266 0.175441
f 3360/11437/3360 3356/11438/3356 3355/11439/3355
vt 0.531266 0.175441
vt 0.531266 0.175441
vt 0.538177 0.175441
f 3355/11440/3355 3361/11441/3361 3360/11442/3360
vt 0.538177 0.175441
vt 0.531266 0.175441
vt 0.531266 0.175441
f 3360/11443/3360 3362/11444/3362 3363/11445/3363
vt 0.531266 0.175441
vt 0.538177 0.176176
vt 0.538177 0.175441
f 3363/11446/3363 3364/11447/3364 3360/11448/3360
vt 0.654418 0.744450
vt 0.983739 0.744450
vt 0.967765 0.761243
f 3324/11449/3324 3365/11450/3365 3366/11451/3366
vt 0.967765 0.761243
vt 0.844795 0.761243
vt 0.654418 0.744450
f 3367/11452/3367 3357/11453/3357 3324/11454/3324
vt 0.538177 0.190146
vt 0.538177 0.176176
vt 0.531266 0.175441
f 3320/11455/3320 3364/11456/3364 3363/11457/3363
vt 0.531266 0.175441
vt 0.531266 0.190146
vt 0.538177 0.190146
f 3363/11458/3363 3321/11459/3321 3320/11460/3320
vt 0.654418 0.744450
vt 0.983739 0.744450
vt 0.999714 0.727657
f 3368/11461/3368 3369/11462/3369 3370/11463/3370
vt 0.999714 0.727657
vt 0.790346 0.727657
vt 0.654418 0.744450
f 3370/11464/3370 3371/11465/3371 3368/11466/3368
vt 0.538177 0.190146
vt 0.538177 0.204850
vt 0.545088 0.204850
f 3320/11467/3320 3323/11468/3323 3372/11469/3372
vt 0.545088 0.204850
vt 0.545088 0.190146
vt 0.538177 0.190146
f 3373/11470/3373 3374/11471/3374 3320/11472/3320
vt 0.538177 0.115200
vt 0.545089 0.115200
vt 0.545089 0.204850
f 3331/11473/3331 3375/11474/3375 3376/11475/3376
vt 0.545089 0.204850
vt 0.538177 0.204850
vt 0.538177 0.115200
f 3376/11476/3376 3332/11477/3332 3331/11478/3331
vt 0.654418 0.744450
vt 0.790346 0.727657
vt 0.580979 0.727657
f 3368/11479/3368 3371/11480/3371 3377/11481/3377
vt 0.580979 0.727657
vt 0.565269 0.830041
vt 0.654418 0.744450
f 3378/11482/3378 3379/11483/3379 3368/11484/3368
vt 0.538177 0.115200
vt 0.538177 0.030032
vt 0.545089 0.025549
f 3331/11485/3331 3339/11486/3339 3380/11487/3380
vt 0.545089 0.025549
vt 0.545089 0.115200
vt 0.538177 0.115200
f 3380/11488/3380 3375/11489/3375 3331/11490/3331
vt 0.538177 0.025549
vt 0.545089 0.025549
vt 0.545089 0.025549
f 3338/11491/3338 3381/11492/3381 3380/11493/3380
vt 0.545089 0.025549
vt 0.538177 0.030032
vt 0.538177 0.025549
f 3380/11494/3380 3339/11495/3339 3338/11496/3338
vt 0.654418 0.744450
vt 0.565269 0.830041
vt 0.549559 0.932426
f 3368/11497/3368 3382/11498/3382 3383/11499/3383
vt 0.549559 0.932426
vt 0.591813 0.932426
vt 0.654418 0.744450
f 3384/11500/3384 3385/11501/3385 3368/11502/3368
vt 0.654418 0.744450
vt 0.591813 0.932426
vt 0.634067 0.932426
f 3368/11503/3368 3386/11504/3386 3387/11505/3387
vt 0.634067 0.932426
vt 0.677946 0.846835
vt 0.654418 0.744450
f 3387/11506/3387 3388/11507/3388 3368/11508/3368
vt 0.538177 0.025549
vt 0.538177 0.029297
vt 0.545089 0.025549
f 3338/11509/3338 3348/11510/3348 3389/11511/3389
vt 0.545089 0.025549
vt 0.545089 0.025549
vt 0.538177 0.025549
f 3390/11512/3390 3381/11513/3381 3338/11514/3338
vt 0.538177 0.100495
vt 0.545089 0.100495
vt 0.545089 0.025549
f 3352/11515/3352 3391/11516/3391 3392/11517/3392
vt 0.545089 0.025549
vt 0.538177 0.029297
vt 0.538177 0.100495
f 3393/11518/3393 3348/11519/3348 3352/11520/3352
vt 0.654418 0.744450
vt 0.677946 0.846835
vt 0.721825 0.761243
f 3368/11521/3368 3388/11522/3388 3394/11523/3394
vt 0.721825 0.761243
vt 0.844795 0.761243
vt 0.654418 0.744450
f 3394/11524/3394 3395/11525/3395 3368/11526/3368
vt 0.538177 0.100495
vt 0.538177 0.171694
vt 0.545088 0.175441
f 3352/11527/3352 3356/11528/3356 3396/11529/3396
vt 0.545088 0.175441
vt 0.545089 0.100495
vt 0.538177 0.100495
f 3397/11530/3397 3398/11531/3398 3352/11532/3352
vt 0.538177 0.175441
vt 0.545088 0.175441
vt 0.545088 0.175441
f 3360/11533/3360 3399/11534/3399 3400/11535/3400
vt 0.545088 0.175441
vt 0.538177 0.171694
vt 0.538177 0.175441
f 3401/11536/3401 3356/11537/3356 3360/11538/3360
vt 0.654418 0.744450
vt 0.844795 0.761243
vt 0.967765 0.761243
f 3368/11539/3368 3395/11540/3395 3402/11541/3402
vt 0.967765 0.761243
vt 0.983739 0.744450
vt 0.654418 0.744450
f 3402/11542/3402 3369/11543/3369 3368/11544/3368
vt 0.538177 0.175441
vt 0.538177 0.176176
vt 0.545088 0.175441
f 3360/11545/3360 3364/11546/3364 3403/11547/3403
vt 0.545088 0.175441
vt 0.545088 0.175441
vt 0.538177 0.175441
f 3404/11548/3404 3405/11549/3405 3360/11550/3360
vt 0.538177 0.190146
vt 0.545088 0.190146
vt 0.545088 0.175441
f 3320/11551/3320 3406/11552/3406 3407/11553/3407
vt 0.545088 0.175441
vt 0.538177 0.176176
vt 0.538177 0.190146
f 3408/11554/3408 3364/11555/3364 3320/11556/3320
vt 0.654418 0.744450
vt 0.983739 0.744450
vt 0.999714 0.727657
f 3409/11557/3409 3410/11558/3410 3411/11559/3411
vt 0.999714 0.727657
vt 0.790346 0.727657
vt 0.654418 0.744450
f 3411/11560/3411 3412/11561/3412 3409/11562/3409
vt 0.537906 0.190146
vt 0.537906 0.204850
vt 0.544818 0.204850
f 3413/11563/3413 3414/11564/3414 3415/11565/3415
vt 0.544818 0.204850
vt 0.544818 0.190146
vt 0.537906 0.190146
f 3416/11566/3416 3417/11567/3417 3413/11568/3413
vt 0.537907 0.115200
vt 0.544818 0.115200
vt 0.544818 0.204850
f 3418/11569/3418 3419/11570/3419 3420/11571/3420
vt 0.544818 0.204850
vt 0.537907 0.204850
vt 0.537907 0.115200
f 3420/11572/3420 3421/11573/3421 3418/11574/3418
vt 0.654418 0.744450
vt 0.790346 0.727657
vt 0.580979 0.727657
f 3409/11575/3409 3412/11576/3412 3422/11577/3422
vt 0.580979 0.727657
vt 0.565269 0.830041
vt 0.654418 0.744450
f 3423/11578/3423 3424/11579/3424 3409/11580/3409
vt 0.537907 0.025549
vt 0.544818 0.025549
vt 0.544818 0.025549
f 3425/11581/3425 3426/11582/3426 3427/11583/3427
vt 0.544818 0.025549
vt 0.537907 0.030032
vt 0.537907 0.025549
f 3427/11584/3427 3428/11585/3428 3425/11586/3425
vt 0.654418 0.744450
vt 0.565269 0.830041
vt 0.549559 0.932426
f 3409/11587/3409 3429/11588/3429 3430/11589/3430
vt 0.549559 0.932426
vt 0.591813 0.932426
vt 0.654418 0.744450
f 3431/11590/3431 3432/11591/3432 3409/11592/3409
vt 0.537907 0.115200
vt 0.537907 0.030032
vt 0.544818 0.025549
f 3418/11593/3418 3428/11594/3428 3427/11595/3427
vt 0.544818 0.025549
vt 0.544818 0.115200
vt 0.537907 0.115200
f 3427/11596/3427 3419/11597/3419 3418/11598/3418
vt 0.654418 0.744450
vt 0.591813 0.932426
vt 0.634067 0.932426
f 3409/11599/3409 3433/11600/3433 3434/11601/3434
vt 0.634067 0.932426
vt 0.677946 0.846835
vt 0.654418 0.744450
f 3434/11602/3434 3435/11603/3435 3409/11604/3409
vt 0.537907 0.025549
vt 0.537907 0.029297
vt 0.544818 0.025549
f 3425/11605/3425 3436/11606/3436 3437/11607/3437
vt 0.544818 0.025549
vt 0.544818 0.025549
vt 0.537907 0.025549
f 3438/11608/3438 3426/11609/3426 3425/11610/3425
vt 0.537907 0.100495
vt 0.544818 0.100495
vt 0.544818 0.025549
f 3439/11611/3439 3440/11612/3440 3441/11613/3441
vt 0.544818 0.025549
vt 0.537907 0.029297
vt 0.537907 0.100495
f 3442/11614/3442 3436/11615/3436 3439/11616/3439
vt 0.654418 0.744450
vt 0.677946 0.846835
vt 0.721825 0.761243
f 3409/11617/3409 3435/11618/3435 3443/11619/3443
vt 0.721825 0.761243
vt 0.844795 0.761243
vt 0.654418 0.744450
f 3443/11620/3443 3444/11621/3444 3409/11622/3409
vt 0.537907 0.100495
vt 0.537907 0.171694
vt 0.544818 0.175441
f 3439/11623/3439 3445/11624/3445 3446/11625/3446
vt 0.544818 0.175441
vt 0.544818 0.100495
vt 0.537907 0.100495
f 3447/11626/3447 3448/11627/3448 3439/11628/3439
vt 0.537906 0.175441
vt 0.544818 0.175441
vt 0.544818 0.175441
f 3449/11629/3449 3450/11630/3450 3451/11631/3451
vt 0.544818 0.175441
vt 0.537907 0.171694
vt 0.537906 0.175441
f 3452/11632/3452 3445/11633/3445 3449/11634/3449
vt 0.654418 0.744450
vt 0.844795 0.761243
vt 0.967765 0.761243
f 3409/11635/3409 3444/11636/3444 3453/11637/3453
vt 0.967765 0.761243
vt 0.983739 0.744450
vt 0.654418 0.744450
f 3453/11638/3453 3410/11639/3410 3409/11640/3409
vt 0.537906 0.175441
vt 0.537906 0.176176
vt 0.544818 0.175441
f 3449/11641/3449 3454/11642/3454 3455/11643/3455
vt 0.544818 0.175441
vt 0.544818 0.175441
vt 0.537906 0.175441
f 3456/11644/3456 3457/11645/3457 3449/11646/3449
vt 0.537906 0.190146
vt 0.544818 0.190146
vt 0.544818 0.175441
f 3413/11647/3413 3458/11648/3458 3459/11649/3459
vt 0.544818 0.175441
vt 0.537906 0.176176
vt 0.537906 0.190146
f 3460/11650/3460 3454/11651/3454 3413/11652/3413
vt 0.537906 0.190146
vt 0.530995 0.190146
vt 0.530995 0.204850
f 3413/11653/3413 3461/11654/3461 3462/11655/3462
vt 0.530995 0.204850
vt 0.537906 0.204850
vt 0.537906 0.190146
f 3462/11656/3462 3414/11657/3414 3413/11658/3413
vt 0.654418 0.744450
vt 0.790346 0.727657
vt 0.999714 0.727657
f 3463/11659/3463 3464/11660/3464 3465/11661/3465
vt 0.999714 0.727657
vt 0.983739 0.744450
vt 0.654418 0.744450
f 3466/11662/3466 3467/11663/3467 3463/11664/3463
vt 0.654418 0.744450
vt 0.565269 0.830041
vt 0.580979 0.727657
f 3463/11665/3463 3468/11666/3468 3469/11667/3469
vt 0.580979 0.727657
vt 0.790346 0.727657
vt 0.654418 0.744450
f 3469/11668/3469 3464/11669/3464 3463/11670/3463
vt 0.537907 0.115200
vt 0.537907 0.204850
vt 0.530995 0.204850
f 3418/11671/3418 3421/11672/3421 3470/11673/3470
vt 0.530995 0.204850
vt 0.530995 0.115200
vt 0.537907 0.115200
f 3471/11674/3471 3472/11675/3472 3418/11676/3418
vt 0.537907 0.115200
vt 0.530995 0.115200
vt 0.530995 0.025549
f 3418/11677/3418 3473/11678/3473 3474/11679/3474
vt 0.530995 0.025549
vt 0.537907 0.030032
vt 0.537907 0.115200
f 3474/11680/3474 3428/11681/3428 3418/11682/3418
vt 0.654418 0.744450
vt 0.591813 0.932426
vt 0.549559 0.932426
f 3463/11683/3463 3475/11684/3475 3476/11685/3476
vt 0.549559 0.932426
vt 0.565269 0.830041
vt 0.654418 0.744450
f 3477/11686/3477 3468/11687/3468 3463/11688/3463
vt 0.537907 0.025549
vt 0.537907 0.030032
vt 0.530995 0.025549
f 3425/11689/3425 3428/11690/3428 3474/11691/3474
vt 0.530995 0.025549
vt 0.530995 0.025549
vt 0.537907 0.025549
f 3474/11692/3474 3478/11693/3478 3425/11694/3425
vt 0.537907 0.025549
vt 0.530995 0.025549
vt 0.530995 0.025549
f 3425/11695/3425 3479/11696/3479 3480/11697/3480
vt 0.530995 0.025549
vt 0.537907 0.029297
vt 0.537907 0.025549
f 3480/11698/3480 3436/11699/3436 3425/11700/3425
vt 0.654418 0.744450
vt 0.677946 0.846835
vt 0.634067 0.932426
f 3463/11701/3463 3481/11702/3481 3482/11703/3482
vt 0.634067 0.932426
vt 0.591813 0.932426
vt 0.654418 0.744450
f 3483/11704/3483 3475/11705/3475 3463/11706/3463
vt 0.537907 0.100495
vt 0.537907 0.029297
vt 0.530995 0.025549
f 3439/11707/3439 3436/11708/3436 3480/11709/3480
vt 0.530995 0.025549
vt 0.530995 0.100495
vt 0.537907 0.100495
f 3480/11710/3480 3484/11711/3484 3439/11712/3439
vt 0.537907 0.100495
vt 0.530995 0.100495
vt 0.530995 0.175441
f 3439/11713/3439 3485/11714/3485 3486/11715/3486
vt 0.530995 0.175441
vt 0.537907 0.171694
vt 0.537907 0.100495
f 3486/11716/3486 3445/11717/3445 3439/11718/3439
vt 0.654418 0.744450
vt 0.844795 0.761243
vt 0.721825 0.761243
f 3463/11719/3463 3487/11720/3487 3488/11721/3488
vt 0.721825 0.761243
vt 0.677946 0.846835
vt 0.654418 0.744450
f 3489/11722/3489 3481/11723/3481 3463/11724/3463
vt 0.537906 0.175441
vt 0.537907 0.171694
vt 0.530995 0.175441
f 3449/11725/3449 3445/11726/3445 3486/11727/3486
vt 0.530995 0.175441
vt 0.530995 0.175441
vt 0.537906 0.175441
f 3486/11728/3486 3490/11729/3490 3449/11730/3449
vt 0.537906 0.175441
vt 0.530995 0.175441
vt 0.530995 0.175441
f 3449/11731/3449 3491/11732/3491 3492/11733/3492
vt 0.530995 0.175441
vt 0.537906 0.176176
vt 0.537906 0.175441
f 3492/11734/3492 3454/11735/3454 3449/11736/3449
vt 0.654418 0.744450
vt 0.983739 0.744450
vt 0.967765 0.761243
f 3463/11737/3463 3493/11738/3493 3494/11739/3494
vt 0.967765 0.761243
vt 0.844795 0.761243
vt 0.654418 0.744450
f 3495/11740/3495 3487/11741/3487 3463/11742/3463
vt 0.537906 0.190146
vt 0.537906 0.176176
vt 0.530995 0.175441
f 3413/11743/3413 3454/11744/3454 3492/11745/3492
vt 0.530995 0.175441
vt 0.530995 0.190146
vt 0.537906 0.190146
f 3492/11746/3492 3461/11747/3461 3413/11748/3413
vt 0.917732 0.981802
vt 0.515696 0.974166
vt 0.447521 0.982892
f 3496/11749/3496 3497/11750/3497 3498/11751/3498
vt 0.447521 0.982892
vt 0.447188 0.990528
vt 0.917732 0.981802
f 3498/11752/3498 3499/11753/3499 3496/11754/3496
vt 0.538079 0.042745
vt 0.538079 0.035714
vt 0.531681 0.035669
f 3500/11755/3500 3501/11756/3501 3502/11757/3502
vt 0.531681 0.035669
vt 0.531681 0.042745
vt 0.538079 0.042745
f 3503/11758/3503 3504/11759/3504 3500/11760/3500
vt 0.538079 0.029479
vt 0.531681 0.029479
vt 0.531681 0.035669
f 3505/11761/3505 3506/11762/3506 3507/11763/3507
vt 0.531681 0.035669
vt 0.538079 0.035714
vt 0.538079 0.029479
f 3508/11764/3508 3501/11765/3501 3505/11766/3505
vt 0.917732 0.981802
vt 0.694879 0.965440
vt 0.583871 0.965440
f 3496/11767/3496 3509/11768/3509 3510/11769/3510
vt 0.583871 0.965440
vt 0.515696 0.974166
vt 0.917732 0.981802
f 3510/11770/3510 3497/11771/3497 3496/11772/3496
vt 0.538079 0.049820
vt 0.538079 0.049466
vt 0.531681 0.049820
f 3511/11773/3511 3512/11774/3512 3513/11775/3513
vt 0.531681 0.049820
vt 0.531681 0.049820
vt 0.538079 0.049820
f 3514/11776/3514 3515/11777/3515 3511/11778/3511
vt 0.538079 0.042745
vt 0.531681 0.042745
vt 0.531681 0.049820
f 3500/11779/3500 3516/11780/3516 3517/11781/3517
vt 0.531681 0.049820
vt 0.538079 0.049466
vt 0.538079 0.042745
f 3518/11782/3518 3512/11783/3512 3500/11784/3500
vt 0.917732 0.981802
vt 0.827704 0.951805
vt 0.805888 0.965440
f 3496/11785/3496 3519/11786/3519 3520/11787/3520
vt 0.805888 0.965440
vt 0.694879 0.965440
vt 0.917732 0.981802
f 3520/11788/3520 3509/11789/3509 3496/11790/3496
vt 0.538079 0.060875
vt 0.538079 0.050372
vt 0.531681 0.049820
f 3521/11791/3521 3522/11792/3522 3523/11793/3523
vt 0.531681 0.049820
vt 0.531681 0.060875
vt 0.538079 0.060875
f 3524/11794/3524 3525/11795/3525 3521/11796/3521
vt 0.538079 0.049820
vt 0.531681 0.049820
vt 0.531681 0.049820
f 3511/11797/3511 3526/11798/3526 3527/11799/3527
vt 0.531681 0.049820
vt 0.538079 0.050372
vt 0.538079 0.049820
f 3528/11800/3528 3522/11801/3522 3511/11802/3511
vt 0.917732 0.981802
vt 0.857156 0.853088
vt 0.849520 0.938170
f 3496/11803/3496 3529/11804/3529 3530/11805/3530
vt 0.849520 0.938170
vt 0.827704 0.951805
vt 0.917732 0.981802
f 3530/11806/3530 3519/11807/3519 3496/11808/3496
vt 0.538079 0.140912
vt 0.538079 0.074826
vt 0.531681 0.071930
f 3531/11809/3531 3532/11810/3532 3533/11811/3533
vt 0.531681 0.071930
vt 0.531681 0.140912
vt 0.538079 0.140912
f 3534/11812/3534 3535/11813/3535 3531/11814/3531
vt 0.538079 0.060875
vt 0.531681 0.060875
vt 0.531681 0.071930
f 3521/11815/3521 3536/11816/3536 3537/11817/3537
vt 0.531681 0.071930
vt 0.538079 0.074826
vt 0.538079 0.060875
f 3538/11818/3538 3532/11819/3532 3521/11820/3521
vt 0.917732 0.981802
vt 0.903514 0.768005
vt 0.864791 0.768005
f 3496/11821/3496 3539/11822/3539 3540/11823/3540
vt 0.864791 0.768005
vt 0.857156 0.853088
vt 0.917732 0.981802
f 3540/11824/3540 3529/11825/3529 3496/11826/3496
vt 0.538079 0.209895
vt 0.538079 0.206446
vt 0.531681 0.209895
f 3541/11827/3541 3542/11828/3542 3543/11829/3543
vt 0.531681 0.209895
vt 0.531681 0.209895
vt 0.538079 0.209895
f 3544/11830/3544 3545/11831/3545 3541/11832/3541
vt 0.538079 0.140912
vt 0.531681 0.140912
vt 0.531681 0.209895
f 3531/11833/3531 3546/11834/3546 3547/11835/3547
vt 0.531681 0.209895
vt 0.538079 0.206446
vt 0.538079 0.140912
f 3548/11836/3548 3542/11837/3542 3531/11838/3531
vt 0.538079 0.209895
vt 0.531681 0.209895
vt 0.531681 0.209895
f 3541/11839/3541 3549/11840/3549 3550/11841/3550
vt 0.531681 0.209895
vt 0.538079 0.205230
vt 0.538079 0.209895
f 3550/11842/3550 3551/11843/3551 3541/11844/3541
vt 0.917732 0.981802
vt 0.967871 0.883084
vt 0.942238 0.768005
f 3496/11845/3496 3552/11846/3552 3553/11847/3553
vt 0.942238 0.768005
vt 0.903514 0.768005
vt 0.917732 0.981802
f 3554/11848/3554 3539/11849/3539 3496/11850/3496
vt 0.538079 0.116592
vt 0.538079 0.205230
vt 0.531681 0.209895
f 3555/11851/3555 3551/11852/3551 3550/11853/3550
vt 0.531681 0.209895
vt 0.531681 0.116592
vt 0.538079 0.116592
f 3550/11854/3550 3556/11855/3556 3555/11856/3555
vt 0.538079 0.116592
vt 0.531681 0.116592
vt 0.531681 0.023288
f 3555/11857/3555 3557/11858/3557 3558/11859/3558
vt 0.531681 0.023288
vt 0.538079 0.023288
vt 0.538079 0.116592
f 3558/11860/3558 3559/11861/3559 3555/11862/3555
vt 0.917732 0.981802
vt 0.720180 0.998164
vt 0.993505 0.998164
f 3496/11863/3496 3560/11864/3560 3561/11865/3561
vt 0.993505 0.998164
vt 0.967871 0.883084
vt 0.917732 0.981802
f 3562/11866/3562 3552/11867/3552 3496/11868/3496
vt 0.917732 0.981802
vt 0.447188 0.990528
vt 0.446856 0.998164
f 3496/11869/3496 3499/11870/3499 3563/11871/3563
vt 0.446856 0.998164
vt 0.720180 0.998164
vt 0.917732 0.981802
f 3563/11872/3563 3560/11873/3560 3496/11874/3496
vt 0.538079 0.029479
vt 0.538079 0.023288
vt 0.531681 0.023288
f 3505/11875/3505 3564/11876/3564 3565/11877/3565
vt 0.531681 0.023288
vt 0.531681 0.029479
vt 0.538079 0.029479
f 3566/11878/3566 3567/11879/3567 3505/11880/3505
vt 0.538079 0.029479
vt 0.538079 0.035714
vt 0.544477 0.035669
f 3505/11881/3505 3501/11882/3501 3568/11883/3568
vt 0.544477 0.035669
vt 0.544477 0.029479
vt 0.538079 0.029479
f 3568/11884/3568 3569/11885/3569 3505/11886/3505
vt 0.538079 0.042745
vt 0.544477 0.042745
vt 0.544477 0.035669
f 3500/11887/3500 3570/11888/3570 3568/11889/3568
vt 0.544477 0.035669
vt 0.538079 0.035714
vt 0.538079 0.042745
f 3568/11890/3568 3501/11891/3501 3500/11892/3500
vt 0.917732 0.981802
vt 0.447188 0.990528
vt 0.447521 0.982892
f 3571/11893/3571 3572/11894/3572 3573/11895/3573
vt 0.447521 0.982892
vt 0.515696 0.974166
vt 0.917732 0.981802
f 3574/11896/3574 3575/11897/3575 3571/11898/3571
vt 0.538079 0.042745
vt 0.538079 0.049466
vt 0.544477 0.049820
f 3500/11899/3500 3512/11900/3512 3576/11901/3576
vt 0.544477 0.049820
vt 0.544477 0.042745
vt 0.538079 0.042745
f 3576/11902/3576 3570/11903/3570 3500/11904/3500
vt 0.538079 0.049820
vt 0.544477 0.049820
vt 0.544477 0.049820
f 3511/11905/3511 3577/11906/3577 3576/11907/3576
vt 0.544477 0.049820
vt 0.538079 0.049466
vt 0.538079 0.049820
f 3576/11908/3576 3512/11909/3512 3511/11910/3511
vt 0.917732 0.981802
vt 0.515696 0.974166
vt 0.583871 0.965440
f 3571/11911/3571 3578/11912/3578 3579/11913/3579
vt 0.583871 0.965440
vt 0.694879 0.965440
vt 0.917732 0.981802
f 3580/11914/3580 3581/11915/3581 3571/11916/3571
vt 0.538079 0.049820
vt 0.538079 0.050372
vt 0.544477 0.049820
f 3511/11917/3511 3522/11918/3522 3582/11919/3582
vt 0.544477 0.049820
vt 0.544477 0.049820
vt 0.538079 0.049820
f 3582/11920/3582 3577/11921/3577 3511/11922/3511
vt 0.538079 0.060875
vt 0.544477 0.060875
vt 0.544477 0.049820
f 3521/11923/3521 3583/11924/3583 3582/11925/3582
vt 0.544477 0.049820
vt 0.538079 0.050372
vt 0.538079 0.060875
f 3582/11926/3582 3522/11927/3522 3521/11928/3521
vt 0.917732 0.981802
vt 0.694879 0.965440
vt 0.805888 0.965440
f 3571/11929/3571 3584/11930/3584 3585/11931/3585
vt 0.805888 0.965440
vt 0.827704 0.951805
vt 0.917732 0.981802
f 3586/11932/3586 3587/11933/3587 3571/11934/3571
vt 0.538079 0.060875
vt 0.538079 0.074826
vt 0.544477 0.071930
f 3521/11935/3521 3532/11936/3532 3588/11937/3588
vt 0.544477 0.071930
vt 0.544477 0.060875
vt 0.538079 0.060875
f 3588/11938/3588 3583/11939/3583 3521/11940/3521
vt 0.538079 0.140912
vt 0.544477 0.140912
vt 0.544477 0.071930
f 3531/11941/3531 3589/11942/3589 3588/11943/3588
vt 0.544477 0.071930
vt 0.538079 0.074826
vt 0.538079 0.140912
f 3588/11944/3588 3532/11945/3532 3531/11946/3531
vt 0.917732 0.981802
vt 0.827704 0.951805
vt 0.849520 0.938170
f 3571/11947/3571 3590/11948/3590 3591/11949/3591
vt 0.849520 0.938170
vt 0.857156 0.853088
vt 0.917732 0.981802
f 3592/11950/3592 3593/11951/3593 3571/11952/3571
vt 0.538079 0.140912
vt 0.538079 0.206446
vt 0.544477 0.209895
f 3531/11953/3531 3542/11954/3542 3594/11955/3594
vt 0.544477 0.209895
vt 0.544477 0.140912
vt 0.538079 0.140912
f 3594/11956/3594 3589/11957/3589 3531/11958/3531
vt 0.538079 0.209895
vt 0.544477 0.209895
vt 0.544477 0.209895
f 3541/11959/3541 3595/11960/3595 3594/11961/3594
vt 0.544477 0.209895
vt 0.538079 0.206446
vt 0.538079 0.209895
f 3594/11962/3594 3542/11963/3542 3541/11964/3541
vt 0.917732 0.981802
vt 0.857156 0.853088
vt 0.864791 0.768005
f 3571/11965/3571 3596/11966/3596 3597/11967/3597
vt 0.864791 0.768005
vt 0.903514 0.768005
vt 0.917732 0.981802
f 3598/11968/3598 3599/11969/3599 3571/11970/3571
vt 0.917732 0.981802
vt 0.903514 0.768005
vt 0.942238 0.768005
f 3571/11971/3571 3600/11972/3600 3601/11973/3601
vt 0.942238 0.768005
vt 0.967871 0.883084
vt 0.917732 0.981802
f 3601/11974/3601 3602/11975/3602 3571/11976/3571
vt 0.538079 0.209895
vt 0.538079 0.205230
vt 0.544477 0.209895
f 3541/11977/3541 3551/11978/3551 3603/11979/3603
vt 0.544477 0.209895
vt 0.544477 0.209895
vt 0.538079 0.209895
f 3604/11980/3604 3595/11981/3595 3541/11982/3541
vt 0.538079 0.116592
vt 0.544477 0.116592
vt 0.544477 0.209895
f 3555/11983/3555 3605/11984/3605 3606/11985/3606
vt 0.544477 0.209895
vt 0.538079 0.205230
vt 0.538079 0.116592
f 3607/11986/3607 3551/11987/3551 3555/11988/3555
vt 0.917732 0.981802
vt 0.967871 0.883084
vt 0.993505 0.998164
f 3571/11989/3571 3602/11990/3602 3608/11991/3608
vt 0.993505 0.998164
vt 0.720180 0.998164
vt 0.917732 0.981802
f 3608/11992/3608 3609/11993/3609 3571/11994/3571
vt 0.538079 0.116592
vt 0.538079 0.023288
vt 0.544477 0.023288
f 3555/11995/3555 3559/11996/3559 3610/11997/3610
vt 0.544477 0.023288
vt 0.544477 0.116592
vt 0.538079 0.116592
f 3611/11998/3611 3612/11999/3612 3555/12000/3555
vt 0.538079 0.029479
vt 0.544477 0.029479
vt 0.544477 0.023288
f 3505/12001/3505 3569/12002/3569 3613/12003/3613
vt 0.544477 0.023288
vt 0.538079 0.023288
vt 0.538079 0.029479
f 3613/12004/3613 3564/12005/3564 3505/12006/3505
vt 0.917732 0.981802
vt 0.720180 0.998164
vt 0.446856 0.998164
f 3571/12007/3571 3609/12008/3609 3614/12009/3614
vt 0.446856 0.998164
vt 0.447188 0.990528
vt 0.917732 0.981802
f 3615/12010/3615 3616/12011/3616 3571/12012/3571
vt 0.537828 0.042745
vt 0.544226 0.042745
vt 0.544226 0.035669
f 3617/12013/3617 3618/12014/3618 3619/12015/3619
vt 0.544226 0.035669
vt 0.537828 0.035714
vt 0.537828 0.042745
f 3619/12016/3619 3620/12017/3620 3617/12018/3617
vt 0.917732 0.981802
vt 0.447188 0.990528
vt 0.447521 0.982892
f 3621/12019/3621 3622/12020/3622 3623/12021/3623
vt 0.447521 0.982892
vt 0.515696 0.974166
vt 0.917732 0.981802
f 3624/12022/3624 3625/12023/3625 3621/12024/3621
vt 0.537828 0.029479
vt 0.537828 0.035714
vt 0.544226 0.035669
f 3626/12025/3626 3620/12026/3620 3619/12027/3619
vt 0.544226 0.035669
vt 0.544226 0.029479
vt 0.537828 0.029479
f 3619/12028/3619 3627/12029/3627 3626/12030/3626
vt 0.537828 0.049820
vt 0.544226 0.049820
vt 0.544226 0.049820
f 3628/12031/3628 3629/12032/3629 3630/12033/3630
vt 0.544226 0.049820
vt 0.537828 0.049466
vt 0.537828 0.049820
f 3630/12034/3630 3631/12035/3631 3628/12036/3628
vt 0.917732 0.981802
vt 0.515696 0.974166
vt 0.583871 0.965440
f 3621/12037/3621 3632/12038/3632 3633/12039/3633
vt 0.583871 0.965440
vt 0.694879 0.965440
vt 0.917732 0.981802
f 3634/12040/3634 3635/12041/3635 3621/12042/3621
vt 0.537828 0.042745
vt 0.537828 0.049466
vt 0.544226 0.049820
f 3617/12043/3617 3631/12044/3631 3630/12045/3630
vt 0.544226 0.049820
vt 0.544226 0.042745
vt 0.537828 0.042745
f 3630/12046/3630 3618/12047/3618 3617/12048/3617
vt 0.537828 0.060875
vt 0.544226 0.060875
vt 0.544226 0.049820
f 3636/12049/3636 3637/12050/3637 3638/12051/3638
vt 0.544226 0.049820
vt 0.537828 0.050372
vt 0.537828 0.060875
f 3638/12052/3638 3639/12053/3639 3636/12054/3636
vt 0.917732 0.981802
vt 0.694879 0.965440
vt 0.805888 0.965440
f 3621/12055/3621 3640/12056/3640 3641/12057/3641
vt 0.805888 0.965440
vt 0.827704 0.951805
vt 0.917732 0.981802
f 3642/12058/3642 3643/12059/3643 3621/12060/3621
vt 0.537828 0.049820
vt 0.537828 0.050372
vt 0.544226 0.049820
f 3628/12061/3628 3639/12062/3639 3638/12063/3638
vt 0.544226 0.049820
vt 0.544226 0.049820
vt 0.537828 0.049820
f 3638/12064/3638 3629/12065/3629 3628/12066/3628
vt 0.537828 0.140912
vt 0.544226 0.140912
vt 0.544226 0.071930
f 3644/12067/3644 3645/12068/3645 3646/12069/3646
vt 0.544226 0.071930
vt 0.537828 0.074826
vt 0.537828 0.140912
f 3646/12070/3646 3647/12071/3647 3644/12072/3644
vt 0.917732 0.981802
vt 0.827704 0.951805
vt 0.849520 0.938170
f 3621/12073/3621 3648/12074/3648 3649/12075/3649
vt 0.849520 0.938170
vt 0.857156 0.853088
vt 0.917732 0.981802
f 3650/12076/3650 3651/12077/3651 3621/12078/3621
vt 0.537828 0.060875
vt 0.537828 0.074826
vt 0.544226 0.071930
f 3636/12079/3636 3647/12080/3647 3646/12081/3646
vt 0.544226 0.071930
vt 0.544226 0.060875
vt 0.537828 0.060875
f 3646/12082/3646 3637/12083/3637 3636/12084/3636
vt 0.537828 0.209895
vt 0.544226 0.209895
vt 0.544226 0.209895
f 3652/12085/3652 3653/12086/3653 3654/12087/3654
vt 0.544226 0.209895
vt 0.537828 0.206446
vt 0.537828 0.209895
f 3654/12088/3654 3655/12089/3655 3652/12090/3652
vt 0.917732 0.981802
vt 0.857156 0.853088
vt 0.864791 0.768005
f 3621/12091/3621 3656/12092/3656 3657/12093/3657
vt 0.864791 0.768005
vt 0.903515 0.768005
vt 0.917732 0.981802
f 3658/12094/3658 3659/12095/3659 3621/12096/3621
vt 0.537828 0.140912
vt 0.537828 0.206446
vt 0.544226 0.209895
f 3644/12097/3644 3655/12098/3655 3654/12099/3654
vt 0.544226 0.209895
vt 0.544226 0.140912
vt 0.537828 0.140912
f 3654/12100/3654 3645/12101/3645 3644/12102/3644
vt 0.917732 0.981802
vt 0.903515 0.768005
vt 0.942238 0.768005
f 3621/12103/3621 3660/12104/3660 3661/12105/3661
vt 0.942238 0.768005
vt 0.967872 0.883084
vt 0.917732 0.981802
f 3661/12106/3661 3662/12107/3662 3621/12108/3621
vt 0.537828 0.209895
vt 0.537828 0.205230
vt 0.544226 0.209895
f 3652/12109/3652 3663/12110/3663 3664/12111/3664
vt 0.544226 0.209895
vt 0.544226 0.209895
vt 0.537828 0.209895
f 3665/12112/3665 3653/12113/3653 3652/12114/3652
vt 0.537828 0.116592
vt 0.544226 0.116592
vt 0.544226 0.209895
f 3666/12115/3666 3667/12116/3667 3668/12117/3668
vt 0.544226 0.209895
vt 0.537828 0.205230
vt 0.537828 0.116592
f 3669/12118/3669 3663/12119/3663 3666/12120/3666
vt 0.917732 0.981802
vt 0.967872 0.883084
vt 0.993505 0.998164
f 3621/12121/3621 3662/12122/3662 3670/12123/3670
vt 0.993505 0.998164
vt 0.720180 0.998164
vt 0.917732 0.981802
f 3670/12124/3670 3671/12125/3671 3621/12126/3621
vt 0.537828 0.116592
vt 0.537828 0.023288
vt 0.544226 0.023288
f 3666/12127/3666 3672/12128/3672 3673/12129/3673
vt 0.544226 0.023288
vt 0.544226 0.116592
vt 0.537828 0.116592
f 3674/12130/3674 3675/12131/3675 3666/12132/3666
vt 0.537828 0.029479
vt 0.544226 0.029479
vt 0.544226 0.023288
f 3626/12133/3626 3676/12134/3676 3677/12135/3677
vt 0.544226 0.023288
vt 0.537828 0.023288
vt 0.537828 0.029479
f 3677/12136/3677 3678/12137/3678 3626/12138/3626
vt 0.917732 0.981802
vt 0.720180 0.998164
vt 0.446856 0.998164
f 3621/12139/3621 3671/12140/3671 3679/12141/3679
vt 0.446856 0.998164
vt 0.447188 0.990528
vt 0.917732 0.981802
f 3680/12142/3680 3622/12143/3622 3621/12144/3621
vt 0.537828 0.029479
vt 0.531430 0.029479
vt 0.531430 0.035669
f 3626/12145/3626 3681/12146/3681 3682/12147/3682
vt 0.531430 0.035669
vt 0.537828 0.035714
vt 0.537828 0.029479
f 3682/12148/3682 3620/12149/3620 3626/12150/3626
vt 0.917732 0.981802
vt 0.515696 0.974166
vt 0.447521 0.982892
f 3683/12151/3683 3684/12152/3684 3685/12153/3685
vt 0.447521 0.982892
vt 0.447188 0.990528
vt 0.917732 0.981802
f 3686/12154/3686 3687/12155/3687 3683/12156/3683
vt 0.537828 0.042745
vt 0.537828 0.035714
vt 0.531430 0.035669
f 3617/12157/3617 3620/12158/3620 3682/12159/3682
vt 0.531430 0.035669
vt 0.531431 0.042745
vt 0.537828 0.042745
f 3682/12160/3682 3688/12161/3688 3617/12162/3617
vt 0.537828 0.042745
vt 0.531431 0.042745
vt 0.531431 0.049820
f 3617/12163/3617 3689/12164/3689 3690/12165/3690
vt 0.531431 0.049820
vt 0.537828 0.049466
vt 0.537828 0.042745
f 3690/12166/3690 3631/12167/3631 3617/12168/3617
vt 0.917732 0.981802
vt 0.694879 0.965440
vt 0.583871 0.965440
f 3683/12169/3683 3691/12170/3691 3692/12171/3692
vt 0.583871 0.965440
vt 0.515696 0.974166
vt 0.917732 0.981802
f 3693/12172/3693 3684/12173/3684 3683/12174/3683
vt 0.537828 0.049820
vt 0.537828 0.049466
vt 0.531431 0.049820
f 3628/12175/3628 3631/12176/3631 3690/12177/3690
vt 0.531431 0.049820
vt 0.531431 0.049820
vt 0.537828 0.049820
f 3690/12178/3690 3694/12179/3694 3628/12180/3628
vt 0.537828 0.049820
vt 0.531431 0.049820
vt 0.531431 0.049820
f 3628/12181/3628 3695/12182/3695 3696/12183/3696
vt 0.531431 0.049820
vt 0.537828 0.050372
vt 0.537828 0.049820
f 3696/12184/3696 3639/12185/3639 3628/12186/3628
vt 0.917732 0.981802
vt 0.827704 0.951805
vt 0.805888 0.965440
f 3683/12187/3683 3697/12188/3697 3698/12189/3698
vt 0.805888 0.965440
vt 0.694879 0.965440
vt 0.917732 0.981802
f 3699/12190/3699 3691/12191/3691 3683/12192/3683
vt 0.537828 0.060875
vt 0.537828 0.050372
vt 0.531431 0.049820
f 3636/12193/3636 3639/12194/3639 3696/12195/3696
vt 0.531431 0.049820
vt 0.531431 0.060875
vt 0.537828 0.060875
f 3696/12196/3696 3700/12197/3700 3636/12198/3636
vt 0.537828 0.060875
vt 0.531431 0.060875
vt 0.531431 0.071930
f 3636/12199/3636 3701/12200/3701 3702/12201/3702
vt 0.531431 0.071930
vt 0.537828 0.074826
vt 0.537828 0.060875
f 3702/12202/3702 3647/12203/3647 3636/12204/3636
vt 0.917732 0.981802
vt 0.857156 0.853088
vt 0.849520 0.938170
f 3683/12205/3683 3703/12206/3703 3704/12207/3704
vt 0.849520 0.938170
vt 0.827704 0.951805
vt 0.917732 0.981802
f 3705/12208/3705 3697/12209/3697 3683/12210/3683
vt 0.537828 0.140912
vt 0.537828 0.074826
vt 0.531431 0.071930
f 3644/12211/3644 3647/12212/3647 3702/12213/3702
vt 0.531431 0.071930
vt 0.531431 0.140912
vt 0.537828 0.140912
f 3702/12214/3702 3706/12215/3706 3644/12216/3644
vt 0.537828 0.140912
vt 0.531431 0.140912
vt 0.531431 0.209895
f 3644/12217/3644 3707/12218/3707 3708/12219/3708
vt 0.531431 0.209895
vt 0.537828 0.206446
vt 0.537828 0.140912
f 3708/12220/3708 3655/12221/3655 3644/12222/3644
vt 0.917732 0.981802
vt 0.903515 0.768005
vt 0.864791 0.768005
f 3683/12223/3683 3709/12224/3709 3710/12225/3710
vt 0.864791 0.768005
vt 0.857156 0.853088
vt 0.917732 0.981802
f 3711/12226/3711 3703/12227/3703 3683/12228/3683
vt 0.537828 0.209895
vt 0.537828 0.206446
vt 0.531431 0.209895
f 3652/12229/3652 3655/12230/3655 3708/12231/3708
vt 0.531431 0.209895
vt 0.531431 0.209895
vt 0.537828 0.209895
f 3708/12232/3708 3712/12233/3712 3652/12234/3652
vt 0.537828 0.209895
vt 0.531431 0.209895
vt 0.531431 0.209895
f 3652/12235/3652 3713/12236/3713 3714/12237/3714
vt 0.531431 0.209895
vt 0.537828 0.205230
vt 0.537828 0.209895
f 3714/12238/3714 3663/12239/3663 3652/12240/3652
vt 0.917732 0.981802
vt 0.967872 0.883084
vt 0.942238 0.768005
f 3683/12241/3683 3715/12242/3715 3716/12243/3716
vt 0.942238 0.768005
vt 0.903515 0.768005
vt 0.917732 0.981802
f 3717/12244/3717 3709/12245/3709 3683/12246/3683
vt 0.537828 0.116592
vt 0.537828 0.205230
vt 0.531431 0.209895
f 3666/12247/3666 3663/12248/3663 3714/12249/3714
vt 0.531431 0.209895
vt 0.531431 0.116592
vt 0.537828 0.116592
f 3714/12250/3714 3718/12251/3718 3666/12252/3666
vt 0.537828 0.116592
vt 0.531431 0.116592
vt 0.531431 0.023288
f 3666/12253/3666 3719/12254/3719 3720/12255/3720
vt 0.531431 0.023288
vt 0.537828 0.023288
vt 0.537828 0.116592
f 3720/12256/3720 3672/12257/3672 3666/12258/3666
vt 0.917732 0.981802
vt 0.720180 0.998164
vt 0.993505 0.998164
f 3683/12259/3683 3721/12260/3721 3722/12261/3722
vt 0.993505 0.998164
vt 0.967872 0.883084
vt 0.917732 0.981802
f 3723/12262/3723 3715/12263/3715 3683/12264/3683
vt 0.917732 0.981802
vt 0.447188 0.990528
vt 0.446856 0.998164
f 3683/12265/3683 3724/12266/3724 3725/12267/3725
vt 0.446856 0.998164
vt 0.720180 0.998164
vt 0.917732 0.981802
f 3725/12268/3725 3721/12269/3721 3683/12270/3683
vt 0.537828 0.029479
vt 0.537828 0.023288
vt 0.531430 0.023288
f 3626/12271/3626 3678/12272/3678 3726/12273/3726
vt 0.531430 0.023288
vt 0.531430 0.029479
vt 0.537828 0.029479
f 3727/12274/3727 3681/12275/3681 3626/12276/3626
vt 0.538326 0.029166
vt 0.533795 0.029166
vt 0.535870 0.036613
f 3163/12277/3163 3728/12278/3728 3729/12279/3729
vt 0.535870 0.036613
vt 0.537949 0.038200
vt 0.538326 0.029166
f 3729/12280/3729 3164/12281/3164 3163/12282/3163
vt 0.104516 0.792532
vt 0.117109 0.964949
vt 0.048816 0.940207
f 2964/12283/2964 3730/12284/3730 3731/12285/3731
vt 0.048816 0.940207
vt 0.035840 0.788621
vt 0.104516 0.792532
f 3732/12286/3732 3733/12287/3733 2964/12288/2964
vt 0.537929 0.075809
vt 0.537949 0.038200
vt 0.535870 0.036613
f 3167/12289/3167 3164/12290/3164 3729/12291/3729
vt 0.535870 0.036613
vt 0.535870 0.075809
vt 0.537929 0.075809
f 3729/12292/3729 3734/12293/3734 3167/12294/3167
vt 0.104516 0.792532
vt 0.185403 0.868074
vt 0.185403 0.989692
f 2964/12295/2964 2967/12296/2967 3735/12297/3735
vt 0.185403 0.989692
vt 0.117109 0.964949
vt 0.104516 0.792532
f 3735/12298/3735 3730/12299/3730 2964/12300/2964
vt 0.266281 0.792563
vt 0.253696 0.964949
vt 0.185403 0.989692
f 2968/12301/2968 3736/12302/3736 3735/12303/3735
vt 0.185403 0.989692
vt 0.185403 0.868074
vt 0.266281 0.792563
f 3735/12304/3735 2967/12305/2967 2968/12306/2968
vt 0.537929 0.154200
vt 0.537929 0.115004
vt 0.535870 0.115004
f 3175/12307/3175 3173/12308/3173 3737/12309/3737
vt 0.535870 0.115004
vt 0.535870 0.154200
vt 0.537929 0.154200
f 3738/12310/3738 3739/12311/3739 3175/12312/3175
vt 0.537929 0.075809
vt 0.535870 0.075809
vt 0.535870 0.115004
f 3167/12313/3167 3740/12314/3740 3741/12315/3741
vt 0.535870 0.115004
vt 0.537929 0.115004
vt 0.537929 0.075809
f 3742/12316/3742 3173/12317/3173 3167/12318/3167
vt 0.266281 0.792563
vt 0.334966 0.788621
vt 0.321990 0.940207
f 2968/12319/2968 3743/12320/3743 3744/12321/3744
vt 0.321990 0.940207
vt 0.253696 0.964949
vt 0.266281 0.792563
f 3744/12322/3744 3736/12323/3736 2968/12324/2968
vt 0.538326 0.200843
vt 0.537949 0.191808
vt 0.535870 0.193396
f 3185/12325/3185 3183/12326/3183 3745/12327/3745
vt 0.535870 0.193396
vt 0.533795 0.200843
vt 0.538326 0.200843
f 3746/12328/3746 3747/12329/3747 3185/12330/3185
vt 0.537929 0.154200
vt 0.535870 0.154200
vt 0.535870 0.193396
f 3175/12331/3175 3748/12332/3748 3749/12333/3749
vt 0.535870 0.193396
vt 0.537949 0.191808
vt 0.537929 0.154200
f 3750/12334/3750 3183/12335/3183 3175/12336/3175
vt 0.537065 0.021735
vt 0.533098 0.021735
vt 0.531720 0.021719
f 3195/12337/3195 3751/12338/3751 3752/12339/3752
vt 0.531720 0.021719
vt 0.538620 0.022092
vt 0.537065 0.021735
f 3752/12340/3752 3196/12341/3196 3195/12342/3195
vt 0.051050 0.589857
vt 0.054118 0.644410
vt 0.022864 0.637035
f 3753/12343/3753 3754/12344/3754 3755/12345/3755
vt 0.022864 0.637035
vt 0.022892 0.588799
vt 0.051050 0.589857
f 3756/12346/3756 3757/12347/3757 3753/12348/3753
vt 0.104516 0.792532
vt 0.035840 0.788621
vt 0.022864 0.637035
f 2964/12349/2964 3758/12350/3758 3759/12351/3759
vt 0.022864 0.637035
vt 0.054118 0.644410
vt 0.104516 0.792532
f 3760/12352/3760 3754/12353/3754 2964/12354/2964
vt 0.538326 0.029166
vt 0.538620 0.022092
vt 0.531720 0.021719
f 3163/12355/3163 3196/12356/3196 3752/12357/3752
vt 0.531720 0.021719
vt 0.533795 0.029166
vt 0.538326 0.029166
f 3752/12358/3752 3728/12359/3728 3163/12360/3163
vt 0.538771 0.115004
vt 0.531817 0.115004
vt 0.531817 0.054575
f 3222/12361/3222 3761/12362/3761 3762/12363/3762
vt 0.531817 0.054575
vt 0.538654 0.057800
vt 0.538771 0.115004
f 3762/12364/3762 3229/12365/3229 3222/12366/3222
vt 0.185403 0.679061
vt 0.133367 0.699792
vt 0.080112 0.641389
f 2970/12367/2970 2965/12368/2965 3763/12369/3763
vt 0.080112 0.641389
vt 0.185403 0.641389
vt 0.185403 0.679061
f 3764/12370/3764 3765/12371/3765 2970/12372/2970
vt 0.104516 0.792532
vt 0.054118 0.644410
vt 0.080112 0.641389
f 2964/12373/2964 3754/12374/3754 3766/12375/3766
vt 0.080112 0.641389
vt 0.133367 0.699792
vt 0.104516 0.792532
f 3767/12376/3767 2965/12377/2965 2964/12378/2964
vt 0.051050 0.589857
vt 0.079328 0.590990
vt 0.080112 0.641389
f 3753/12379/3753 3768/12380/3768 3769/12381/3769
vt 0.080112 0.641389
vt 0.054118 0.644410
vt 0.051050 0.589857
f 3770/12382/3770 3754/12383/3754 3753/12384/3753
vt 0.536424 0.054208
vt 0.538654 0.057800
vt 0.531817 0.054575
f 3232/12385/3232 3229/12386/3229 3762/12387/3762
vt 0.531817 0.054575
vt 0.531817 0.054125
vt 0.536424 0.054208
f 3762/12388/3762 3771/12389/3771 3232/12390/3232
vt 0.266281 0.792563
vt 0.316656 0.644411
vt 0.347941 0.637035
f 2968/12391/2968 3772/12392/3772 3773/12393/3773
vt 0.347941 0.637035
vt 0.334966 0.788621
vt 0.266281 0.792563
f 3773/12394/3773 3743/12395/3743 2968/12396/2968
vt 0.319119 0.589849
vt 0.347914 0.588799
vt 0.347941 0.637035
f 3774/12397/3774 3775/12398/3775 3773/12399/3773
vt 0.347941 0.637035
vt 0.316656 0.644411
vt 0.319119 0.589849
f 3773/12400/3773 3772/12401/3772 3774/12402/3774
vt 0.537065 0.208274
vt 0.538620 0.207917
vt 0.531720 0.208290
f 3205/12403/3205 3203/12404/3203 3776/12405/3776
vt 0.531720 0.208290
vt 0.533098 0.208274
vt 0.537065 0.208274
f 3777/12406/3777 3778/12407/3778 3205/12408/3205
vt 0.538326 0.200843
vt 0.533795 0.200843
vt 0.531720 0.208290
f 3185/12409/3185 3779/12410/3779 3780/12411/3780
vt 0.531720 0.208290
vt 0.538620 0.207917
vt 0.538326 0.200843
f 3781/12412/3781 3203/12413/3203 3185/12414/3185
vt 0.536424 0.175154
vt 0.531817 0.175154
vt 0.531817 0.175434
f 3217/12415/3217 3782/12416/3782 3783/12417/3783
vt 0.531817 0.175434
vt 0.538654 0.172398
vt 0.536424 0.175154
f 3783/12418/3783 3218/12419/3218 3217/12420/3217
vt 0.319119 0.589849
vt 0.316656 0.644411
vt 0.290694 0.641389
f 3774/12421/3774 3772/12422/3772 3784/12423/3784
vt 0.290694 0.641389
vt 0.290206 0.590976
vt 0.319119 0.589849
f 3785/12424/3785 3786/12425/3786 3774/12426/3774
vt 0.266281 0.792563
vt 0.237438 0.699793
vt 0.290694 0.641389
f 2968/12427/2968 2969/12428/2969 3787/12429/3787
vt 0.290694 0.641389
vt 0.316656 0.644411
vt 0.266281 0.792563
f 3788/12430/3788 3772/12431/3772 2968/12432/2968
vt 0.185403 0.679061
vt 0.185403 0.641389
vt 0.290694 0.641389
f 2970/12433/2970 3789/12434/3789 3790/12435/3790
vt 0.290694 0.641389
vt 0.237438 0.699793
vt 0.185403 0.679061
f 3791/12436/3791 2969/12437/2969 2970/12438/2970
vt 0.538771 0.115004
vt 0.538654 0.172398
vt 0.531817 0.175434
f 3222/12439/3222 3218/12440/3218 3783/12441/3783
vt 0.531817 0.175434
vt 0.531817 0.115004
vt 0.538771 0.115004
f 3783/12442/3783 3761/12443/3761 3222/12444/3222
vt 0.050724 0.503621
vt 0.022924 0.503774
vt 0.022929 0.466985
f 3792/12445/3792 3793/12446/3793 3794/12447/3794
vt 0.022929 0.466985
vt 0.050715 0.466666
vt 0.050724 0.503621
f 3794/12448/3794 3795/12449/3795 3792/12450/3792
vt 0.535407 0.021753
vt 0.535374 0.022553
vt 0.534477 0.021756
f 3241/12451/3241 3238/12452/3238 3796/12453/3796
vt 0.534477 0.021756
vt 0.534477 0.021753
vt 0.535407 0.021753
f 3797/12454/3797 3798/12455/3798 3241/12456/3241
vt 0.534742 0.037703
vt 0.533147 0.037703
vt 0.534477 0.021756
f 3237/12457/3237 3799/12458/3799 3800/12459/3800
vt 0.534477 0.021756
vt 0.535374 0.022553
vt 0.534742 0.037703
f 3801/12460/3801 3238/12461/3238 3237/12462/3237
vt 0.534077 0.114216
vt 0.531817 0.114216
vt 0.531817 0.053650
f 3264/12463/3264 3802/12464/3802 3803/12465/3803
vt 0.531817 0.053650
vt 0.534110 0.055881
vt 0.534077 0.114216
f 3803/12466/3803 3277/12467/3277 3264/12468/3264
vt 0.184081 0.503454
vt 0.082411 0.503475
vt 0.078501 0.466346
f 3804/12469/3804 3805/12470/3805 3806/12471/3806
vt 0.078501 0.466346
vt 0.184030 0.466332
vt 0.184081 0.503454
f 3807/12472/3807 3808/12473/3808 3804/12474/3804
vt 0.050724 0.503621
vt 0.050715 0.466666
vt 0.078501 0.466346
f 3792/12475/3792 3795/12476/3795 3809/12477/3809
vt 0.078501 0.466346
vt 0.082411 0.503475
vt 0.050724 0.503621
f 3810/12478/3810 3805/12479/3805 3792/12480/3792
vt 0.534742 0.037703
vt 0.534110 0.055881
vt 0.531817 0.053650
f 3237/12481/3237 3277/12482/3277 3803/12483/3803
vt 0.531817 0.053650
vt 0.533147 0.037703
vt 0.534742 0.037703
f 3803/12484/3803 3811/12485/3811 3237/12486/3237
vt 0.535407 0.208256
vt 0.534477 0.208256
vt 0.534477 0.208253
f 3252/12487/3252 3812/12488/3812 3813/12489/3813
vt 0.534477 0.208253
vt 0.535374 0.207416
vt 0.535407 0.208256
f 3813/12490/3813 3253/12491/3253 3252/12492/3252
vt 0.318760 0.503607
vt 0.318718 0.466651
vt 0.347877 0.466985
f 3814/12493/3814 3815/12494/3815 3816/12495/3816
vt 0.347877 0.466985
vt 0.347881 0.503774
vt 0.318760 0.503607
f 3817/12496/3817 3818/12497/3818 3814/12498/3814
vt 0.534742 0.191518
vt 0.535374 0.207416
vt 0.534477 0.208253
f 3257/12499/3257 3253/12500/3253 3813/12501/3813
vt 0.534477 0.208253
vt 0.533147 0.191518
vt 0.534742 0.191518
f 3813/12502/3813 3819/12503/3819 3257/12504/3257
vt 0.318760 0.503607
vt 0.285817 0.503449
vt 0.289558 0.466318
f 3814/12505/3814 3820/12506/3820 3821/12507/3821
vt 0.289558 0.466318
vt 0.318718 0.466651
vt 0.318760 0.503607
f 3821/12508/3821 3815/12509/3815 3814/12510/3814
vt 0.184081 0.503454
vt 0.184030 0.466332
vt 0.289558 0.466318
f 3804/12511/3804 3822/12512/3822 3821/12513/3821
vt 0.289558 0.466318
vt 0.285817 0.503449
vt 0.184081 0.503454
f 3821/12514/3821 3820/12515/3820 3804/12516/3804
vt 0.534077 0.114216
vt 0.534110 0.172591
vt 0.531817 0.174782
f 3264/12517/3264 3261/12518/3261 3823/12519/3823
vt 0.531817 0.174782
vt 0.531817 0.114216
vt 0.534077 0.114216
f 3824/12520/3824 3802/12521/3802 3264/12522/3264
vt 0.534742 0.191518
vt 0.533147 0.191518
vt 0.531817 0.174782
f 3257/12523/3257 3825/12524/3825 3826/12525/3826
vt 0.531817 0.174782
vt 0.534110 0.172591
vt 0.534742 0.191518
f 3827/12526/3827 3261/12527/3261 3257/12528/3257
vt 0.535407 0.021753
vt 0.534477 0.021753
vt 0.534477 0.021750
f 3241/12529/3241 3828/12530/3828 3829/12531/3829
vt 0.534477 0.021750
vt 0.535490 0.021750
vt 0.535407 0.021753
f 3829/12532/3829 3297/12533/3297 3241/12534/3241
vt 0.050724 0.503621
vt 0.050748 0.541193
vt 0.022920 0.540562
f 3792/12535/3792 3830/12536/3830 3831/12537/3831
vt 0.022920 0.540562
vt 0.022924 0.503774
vt 0.050724 0.503621
f 3832/12538/3832 3793/12539/3793 3792/12540/3792
vt 0.051050 0.589857
vt 0.022892 0.588799
vt 0.022920 0.540562
f 3753/12541/3753 3833/12542/3833 3834/12543/3834
vt 0.022920 0.540562
vt 0.050748 0.541193
vt 0.051050 0.589857
f 3835/12544/3835 3830/12545/3830 3753/12546/3753
vt 0.537065 0.021735
vt 0.535490 0.021750
vt 0.534477 0.021750
f 3195/12547/3195 3297/12548/3297 3829/12549/3829
vt 0.534477 0.021750
vt 0.533098 0.021735
vt 0.537065 0.021735
f 3829/12550/3829 3751/12551/3751 3195/12552/3195
vt 0.051050 0.589857
vt 0.050748 0.541193
vt 0.078545 0.540591
f 3753/12553/3753 3830/12554/3830 3836/12555/3836
vt 0.078545 0.540591
vt 0.079328 0.590990
vt 0.051050 0.589857
f 3836/12556/3836 3768/12557/3768 3753/12558/3753
vt 0.050724 0.503621
vt 0.082411 0.503475
vt 0.078545 0.540591
f 3792/12559/3792 3805/12560/3805 3836/12561/3836
vt 0.078545 0.540591
vt 0.050748 0.541193
vt 0.050724 0.503621
f 3836/12562/3836 3830/12563/3830 3792/12564/3792
vt 0.184081 0.503454
vt 0.184132 0.540577
vt 0.078545 0.540591
f 3804/12565/3804 3837/12566/3837 3836/12567/3836
vt 0.078545 0.540591
vt 0.082411 0.503475
vt 0.184081 0.503454
f 3836/12568/3836 3805/12569/3805 3804/12570/3804
vt 0.534077 0.114275
vt 0.534195 0.056732
vt 0.531818 0.053675
f 3284/12571/3284 3282/12572/3282 3838/12573/3838
vt 0.531818 0.053675
vt 0.531817 0.114275
vt 0.534077 0.114275
f 3839/12574/3839 3840/12575/3840 3284/12576/3284
vt 0.536424 0.054208
vt 0.531817 0.054125
vt 0.531818 0.053675
f 3232/12577/3232 3841/12578/3841 3842/12579/3842
vt 0.531818 0.053675
vt 0.534195 0.056732
vt 0.536424 0.054208
f 3843/12580/3843 3282/12581/3282 3232/12582/3232
vt 0.534077 0.114275
vt 0.531817 0.114275
vt 0.531817 0.174874
f 3284/12583/3284 3844/12584/3844 3845/12585/3845
vt 0.531817 0.174874
vt 0.534194 0.171859
vt 0.534077 0.114275
f 3845/12586/3845 3314/12587/3314 3284/12588/3284
vt 0.184081 0.503454
vt 0.285817 0.503449
vt 0.289719 0.540562
f 3804/12589/3804 3820/12590/3820 3846/12591/3846
vt 0.289719 0.540562
vt 0.184132 0.540577
vt 0.184081 0.503454
f 3847/12592/3847 3837/12593/3837 3804/12594/3804
vt 0.318760 0.503607
vt 0.318816 0.541179
vt 0.289719 0.540562
f 3814/12595/3814 3848/12596/3848 3849/12597/3849
vt 0.289719 0.540562
vt 0.285817 0.503449
vt 0.318760 0.503607
f 3850/12598/3850 3820/12599/3820 3814/12600/3814
vt 0.319119 0.589849
vt 0.290206 0.590976
vt 0.289719 0.540562
f 3774/12601/3774 3851/12602/3851 3852/12603/3852
vt 0.289719 0.540562
vt 0.318816 0.541179
vt 0.319119 0.589849
f 3853/12604/3853 3848/12605/3848 3774/12606/3774
vt 0.536424 0.175154
vt 0.534194 0.171859
vt 0.531817 0.174874
f 3217/12607/3217 3314/12608/3314 3845/12609/3845
vt 0.531817 0.174874
vt 0.531817 0.175154
vt 0.536424 0.175154
f 3845/12610/3845 3782/12611/3782 3217/12612/3217
vt 0.319119 0.589849
vt 0.318816 0.541179
vt 0.347886 0.540562
f 3774/12613/3774 3848/12614/3848 3854/12615/3854
vt 0.347886 0.540562
vt 0.347914 0.588799
vt 0.319119 0.589849
f 3854/12616/3854 3775/12617/3775 3774/12618/3774
vt 0.318760 0.503607
vt 0.347881 0.503774
vt 0.347886 0.540562
f 3814/12619/3814 3855/12620/3855 3854/12621/3854
vt 0.347886 0.540562
vt 0.318816 0.541179
vt 0.318760 0.503607
f 3854/12622/3854 3848/12623/3848 3814/12624/3814
vt 0.535407 0.208256
vt 0.535490 0.208259
vt 0.534477 0.208258
f 3252/12625/3252 3303/12626/3303 3856/12627/3856
vt 0.534477 0.208258
vt 0.534477 0.208256
vt 0.535407 0.208256
f 3857/12628/3857 3812/12629/3812 3252/12630/3252
vt 0.537065 0.208274
vt 0.533098 0.208274
vt 0.534477 0.208258
f 3205/12631/3205 3858/12632/3858 3859/12633/3859
vt 0.534477 0.208258
vt 0.535490 0.208259
vt 0.537065 0.208274
f 3860/12634/3860 3303/12635/3303 3205/12636/3205
vt 0.375780 0.649051
vt 0.373463 0.665740
vt 0.387312 0.715808
f 3861/12637/3861 3862/12638/3862 3863/12639/3863
vt 0.387312 0.715808
vt 0.386876 0.664906
vt 0.375780 0.649051
f 3863/12640/3863 3864/12641/3864 3861/12642/3861
vt 0.452415 0.908657
vt 0.452415 0.957076
vt 0.466765 0.959624
f 3865/12643/3865 3866/12644/3866 3867/12645/3867
vt 0.466765 0.959624
vt 0.479157 0.908657
vt 0.452415 0.908657
f 3868/12646/3868 3869/12647/3869 3865/12648/3865
vt 0.452415 0.959624
vt 0.466765 0.959624
vt 0.466765 0.959624
f 3870/12649/3870 3871/12650/3871 3872/12651/3872
vt 0.466765 0.959624
vt 0.452415 0.957076
vt 0.452415 0.959624
f 3873/12652/3873 3866/12653/3866 3870/12654/3870
vt 0.452207 0.665740
vt 0.386876 0.664906
vt 0.387312 0.715808
f 3874/12655/3874 3864/12656/3864 3863/12657/3863
vt 0.387312 0.715808
vt 0.452207 0.715808
vt 0.452207 0.665740
f 3863/12658/3863 3875/12659/3875 3874/12660/3874
vt 0.452415 0.959624
vt 0.452415 0.957076
vt 0.466765 0.959624
f 3870/12661/3870 3876/12662/3876 3877/12663/3877
vt 0.466765 0.959624
vt 0.466765 0.959624
vt 0.452415 0.959624
f 3877/12664/3877 3871/12665/3871 3870/12666/3870
vt 0.452415 0.908657
vt 0.479157 0.908657
vt 0.466765 0.959624
f 3878/12667/3878 3879/12668/3879 3877/12669/3877
vt 0.466765 0.959624
vt 0.452415 0.957076
vt 0.452415 0.908657
f 3877/12670/3877 3876/12671/3876 3878/12672/3878
vt 0.528635 0.649051
vt 0.517539 0.664906
vt 0.517103 0.715808
f 3880/12673/3880 3881/12674/3881 3882/12675/3882
vt 0.517103 0.715808
vt 0.530951 0.665740
vt 0.528635 0.649051
f 3883/12676/3883 3884/12677/3884 3880/12678/3880
vt 0.452207 0.665740
vt 0.452207 0.715808
vt 0.517103 0.715808
f 3874/12679/3874 3885/12680/3885 3886/12681/3886
vt 0.517103 0.715808
vt 0.517539 0.664906
vt 0.452207 0.665740
f 3887/12682/3887 3881/12683/3881 3874/12684/3874
vt 0.452207 0.567216
vt 0.383483 0.567216
vt 0.383627 0.615336
f 3888/12685/3888 3889/12686/3889 3890/12687/3890
vt 0.383627 0.615336
vt 0.452207 0.615753
vt 0.452207 0.567216
f 3890/12688/3890 3891/12689/3891 3888/12690/3888
vt 0.370014 0.567216
vt 0.370302 0.614919
vt 0.383627 0.615336
f 3892/12691/3892 3893/12692/3893 3890/12693/3890
vt 0.383627 0.615336
vt 0.383483 0.567216
vt 0.370014 0.567216
f 3890/12694/3890 3889/12695/3889 3892/12696/3892
vt 0.375780 0.649051
vt 0.386876 0.664906
vt 0.383627 0.615336
f 3861/12697/3861 3864/12698/3864 3890/12699/3890
vt 0.383627 0.615336
vt 0.370302 0.614919
vt 0.375780 0.649051
f 3890/12700/3890 3893/12701/3893 3861/12702/3861
vt 0.452207 0.665740
vt 0.452207 0.615753
vt 0.383627 0.615336
f 3874/12703/3874 3891/12704/3891 3890/12705/3890
vt 0.383627 0.615336
vt 0.386876 0.664906
vt 0.452207 0.665740
f 3890/12706/3890 3864/12707/3864 3874/12708/3874
vt 0.452207 0.665740
vt 0.517539 0.664906
vt 0.520787 0.615336
f 3874/12709/3874 3881/12710/3881 3894/12711/3894
vt 0.520787 0.615336
vt 0.452207 0.615753
vt 0.452207 0.665740
f 3894/12712/3894 3891/12713/3891 3874/12714/3874
vt 0.528635 0.649051
vt 0.534112 0.614919
vt 0.520787 0.615336
f 3880/12715/3880 3895/12716/3895 3894/12717/3894
vt 0.520787 0.615336
vt 0.517539 0.664906
vt 0.528635 0.649051
f 3894/12718/3894 3881/12719/3881 3880/12720/3880
vt 0.534401 0.567216
vt 0.520932 0.567216
vt 0.520787 0.615336
f 3896/12721/3896 3897/12722/3897 3894/12723/3894
vt 0.520787 0.615336
vt 0.534112 0.614919
vt 0.534401 0.567216
f 3894/12724/3894 3895/12725/3895 3896/12726/3896
vt 0.452207 0.567216
vt 0.452207 0.615753
vt 0.520787 0.615336
f 3888/12727/3888 3891/12728/3891 3894/12729/3894
vt 0.520787 0.615336
vt 0.520932 0.567216
vt 0.452207 0.567216
f 3894/12730/3894 3897/12731/3897 3888/12732/3888
vt 0.452207 0.499691
vt 0.383544 0.500009
vt 0.383568 0.520388
f 3898/12733/3898 3899/12734/3899 3900/12735/3900
vt 0.383568 0.520388
vt 0.452207 0.520229
vt 0.452207 0.499691
f 3900/12736/3900 3901/12737/3901 3898/12738/3898
vt 0.373400 0.506047
vt 0.370183 0.520547
vt 0.383568 0.520388
f 3902/12739/3902 3903/12740/3903 3900/12741/3900
vt 0.383568 0.520388
vt 0.383544 0.500009
vt 0.373400 0.506047
f 3900/12742/3900 3899/12743/3899 3902/12744/3902
vt 0.370014 0.567216
vt 0.383483 0.567216
vt 0.383568 0.520388
f 3892/12745/3892 3889/12746/3889 3900/12747/3900
vt 0.383568 0.520388
vt 0.370183 0.520547
vt 0.370014 0.567216
f 3900/12748/3900 3903/12749/3903 3892/12750/3892
vt 0.452207 0.567216
vt 0.452207 0.520229
vt 0.383568 0.520388
f 3888/12751/3888 3901/12752/3901 3900/12753/3900
vt 0.383568 0.520388
vt 0.383483 0.567216
vt 0.452207 0.567216
f 3900/12754/3900 3889/12755/3889 3888/12756/3888
vt 0.452207 0.567216
vt 0.520932 0.567216
vt 0.520847 0.520388
f 3888/12757/3888 3897/12758/3897 3904/12759/3904
vt 0.520847 0.520388
vt 0.452207 0.520229
vt 0.452207 0.567216
f 3904/12760/3904 3901/12761/3901 3888/12762/3888
vt 0.534401 0.567216
vt 0.534231 0.520547
vt 0.520847 0.520388
f 3896/12763/3896 3905/12764/3905 3904/12765/3904
vt 0.520847 0.520388
vt 0.520932 0.567216
vt 0.534401 0.567216
f 3904/12766/3904 3897/12767/3897 3896/12768/3896
vt 0.531014 0.506047
vt 0.520870 0.500009
vt 0.520847 0.520388
f 3906/12769/3906 3907/12770/3907 3904/12771/3904
vt 0.520847 0.520388
vt 0.534231 0.520547
vt 0.531014 0.506047
f 3904/12772/3904 3905/12773/3905 3906/12774/3906
vt 0.452207 0.499691
vt 0.452207 0.520229
vt 0.520847 0.520388
f 3898/12775/3898 3901/12776/3901 3904/12777/3904
vt 0.520847 0.520388
vt 0.520870 0.500009
vt 0.452207 0.499691
f 3904/12778/3904 3907/12779/3907 3898/12780/3898
vt 0.452415 0.739623
vt 0.491498 0.739623
vt 0.491448 0.720212
f 3908/12781/3908 3909/12782/3909 3910/12783/3910
vt 0.491448 0.720212
vt 0.452415 0.720212
vt 0.452415 0.739623
f 3910/12784/3910 3911/12785/3911 3908/12786/3908
vt 0.373400 0.506047
vt 0.383544 0.500009
vt 0.380173 0.480623
f 3902/12787/3902 3899/12788/3899 3912/12789/3912
vt 0.380173 0.480623
vt 0.369894 0.499691
vt 0.373400 0.506047
f 3913/12790/3913 3914/12791/3914 3902/12792/3902
vt 0.452207 0.499691
vt 0.452207 0.480623
vt 0.380173 0.480623
f 3898/12793/3898 3915/12794/3915 3916/12795/3916
vt 0.380173 0.480623
vt 0.383544 0.500009
vt 0.452207 0.499691
f 3917/12796/3917 3899/12797/3899 3898/12798/3898
vt 0.452207 0.499691
vt 0.520870 0.500009
vt 0.524241 0.480623
f 3898/12799/3898 3907/12800/3907 3918/12801/3918
vt 0.524241 0.480623
vt 0.452207 0.480623
vt 0.452207 0.499691
f 3918/12802/3918 3915/12803/3915 3898/12804/3898
vt 0.531014 0.506047
vt 0.534521 0.499691
vt 0.524241 0.480623
f 3906/12805/3906 3919/12806/3919 3918/12807/3918
vt 0.524241 0.480623
vt 0.520870 0.500009
vt 0.531014 0.506047
f 3918/12808/3918 3907/12809/3907 3906/12810/3906
vt 0.452415 0.739623
vt 0.452415 0.720212
vt 0.491448 0.720212
f 3920/12811/3920 3921/12812/3921 3922/12813/3922
vt 0.491448 0.720212
vt 0.491498 0.739623
vt 0.452415 0.739623
f 3923/12814/3923 3924/12815/3924 3920/12816/3920
vt 0.452415 0.908657
vt 0.452415 0.857771
vt 0.491549 0.857689
f 3878/12817/3878 3925/12818/3925 3926/12819/3926
vt 0.491549 0.857689
vt 0.479157 0.908657
vt 0.452415 0.908657
f 3926/12820/3926 3879/12821/3879 3878/12822/3878
vt 0.452415 0.808362
vt 0.491549 0.808362
vt 0.491549 0.857689
f 3927/12823/3927 3928/12824/3928 3926/12825/3926
vt 0.491549 0.857689
vt 0.452415 0.857771
vt 0.452415 0.808362
f 3926/12826/3926 3925/12827/3925 3927/12828/3927
vt 0.534401 0.567216
vt 0.534112 0.614919
vt 0.544800 0.615673
f 3896/12829/3896 3895/12830/3895 3929/12831/3929
vt 0.544800 0.615673
vt 0.544800 0.567216
vt 0.534401 0.567216
f 3930/12832/3930 3931/12833/3931 3896/12834/3896
vt 0.528635 0.649051
vt 0.530951 0.665740
vt 0.544800 0.615673
f 3880/12835/3880 3932/12836/3932 3933/12837/3933
vt 0.544800 0.615673
vt 0.534112 0.614919
vt 0.528635 0.649051
f 3934/12838/3934 3895/12839/3895 3880/12840/3880
vt 0.452415 0.808362
vt 0.452415 0.760530
vt 0.491549 0.759034
f 3927/12841/3927 3935/12842/3935 3936/12843/3936
vt 0.491549 0.759034
vt 0.491549 0.808362
vt 0.452415 0.808362
f 3936/12844/3936 3928/12845/3928 3927/12846/3927
vt 0.452415 0.739623
vt 0.491498 0.739623
vt 0.491549 0.759034
f 3920/12847/3920 3937/12848/3937 3936/12849/3936
vt 0.491549 0.759034
vt 0.452415 0.760530
vt 0.452415 0.739623
f 3936/12850/3936 3935/12851/3935 3920/12852/3920
vt 0.531014 0.506047
vt 0.534231 0.520547
vt 0.544800 0.518759
f 3906/12853/3906 3905/12854/3905 3938/12855/3938
vt 0.544800 0.518759
vt 0.534521 0.499691
vt 0.531014 0.506047
f 3939/12856/3939 3919/12857/3919 3906/12858/3906
vt 0.534401 0.567216
vt 0.544800 0.567216
vt 0.544800 0.518759
f 3896/12859/3896 3940/12860/3940 3941/12861/3941
vt 0.544800 0.518759
vt 0.534231 0.520547
vt 0.534401 0.567216
f 3942/12862/3942 3905/12863/3905 3896/12864/3896
vt 0.452415 0.739623
vt 0.452415 0.760530
vt 0.491549 0.759034
f 3908/12865/3908 3943/12866/3943 3944/12867/3944
vt 0.491549 0.759034
vt 0.491498 0.739623
vt 0.452415 0.739623
f 3944/12868/3944 3909/12869/3909 3908/12870/3908
vt 0.452415 0.808362
vt 0.491549 0.808362
vt 0.491549 0.759034
f 3945/12871/3945 3946/12872/3946 3944/12873/3944
vt 0.491549 0.759034
vt 0.452415 0.760530
vt 0.452415 0.808362
f 3944/12874/3944 3943/12875/3943 3945/12876/3945
vt 0.370014 0.567216
vt 0.370183 0.520547
vt 0.359615 0.518759
f 3892/12877/3892 3903/12878/3903 3947/12879/3947
vt 0.359615 0.518759
vt 0.359615 0.567216
vt 0.370014 0.567216
f 3948/12880/3948 3949/12881/3949 3892/12882/3892
vt 0.373400 0.506047
vt 0.369894 0.499691
vt 0.359615 0.518759
f 3902/12883/3902 3950/12884/3950 3951/12885/3951
vt 0.359615 0.518759
vt 0.370183 0.520547
vt 0.373400 0.506047
f 3952/12886/3952 3903/12887/3903 3902/12888/3902
vt 0.452415 0.808362
vt 0.452415 0.857771
vt 0.491549 0.857689
f 3945/12889/3945 3953/12890/3953 3954/12891/3954
vt 0.491549 0.857689
vt 0.491549 0.808362
vt 0.452415 0.808362
f 3954/12892/3954 3946/12893/3946 3945/12894/3945
vt 0.452415 0.908657
vt 0.479157 0.908657
vt 0.491549 0.857689
f 3865/12895/3865 3955/12896/3955 3954/12897/3954
vt 0.491549 0.857689
vt 0.452415 0.857771
vt 0.452415 0.908657
f 3954/12898/3954 3953/12899/3953 3865/12900/3865
vt 0.375780 0.649051
vt 0.370302 0.614919
vt 0.359615 0.615673
f 3861/12901/3861 3893/12902/3893 3956/12903/3956
vt 0.359615 0.615673
vt 0.373463 0.665740
vt 0.375780 0.649051
f 3957/12904/3957 3862/12905/3862 3861/12906/3861
vt 0.370014 0.567216
vt 0.359615 0.567216
vt 0.359615 0.615673
f 3892/12907/3892 3958/12908/3958 3959/12909/3959
vt 0.359615 0.615673
vt 0.370302 0.614919
vt 0.370014 0.567216
f 3960/12910/3960 3893/12911/3893 3892/12912/3892
vt 0.452772 0.742243
vt 0.383756 0.742560
vt 0.380368 0.723228
f 3961/12913/3961 3962/12914/3962 3963/12915/3963
vt 0.380368 0.723228
vt 0.452772 0.723228
vt 0.452772 0.742243
f 3963/12916/3963 3964/12917/3964 3961/12918/3961
vt 0.373560 0.748582
vt 0.370036 0.742243
vt 0.380368 0.723228
f 3965/12919/3965 3966/12920/3966 3963/12921/3963
vt 0.380368 0.723228
vt 0.383756 0.742560
vt 0.373560 0.748582
f 3963/12922/3963 3962/12923/3962 3965/12924/3965
vt 0.452415 0.739623
vt 0.452415 0.720212
vt 0.413382 0.720212
f 3908/12925/3908 3911/12926/3911 3967/12927/3967
vt 0.413382 0.720212
vt 0.413331 0.739623
vt 0.452415 0.739623
f 3968/12928/3968 3969/12929/3969 3908/12930/3908
vt 0.452415 0.739623
vt 0.413331 0.739623
vt 0.413382 0.720212
f 3920/12931/3920 3970/12932/3970 3971/12933/3971
vt 0.413382 0.720212
vt 0.452415 0.720212
vt 0.452415 0.739623
f 3971/12934/3971 3921/12935/3921 3920/12936/3920
vt 0.531983 0.748582
vt 0.521787 0.742560
vt 0.525176 0.723228
f 3972/12937/3972 3973/12938/3973 3974/12939/3974
vt 0.525176 0.723228
vt 0.535508 0.742243
vt 0.531983 0.748582
f 3975/12940/3975 3976/12941/3976 3972/12942/3972
vt 0.452772 0.742243
vt 0.452772 0.723228
vt 0.525176 0.723228
f 3961/12943/3961 3964/12944/3964 3977/12945/3977
vt 0.525176 0.723228
vt 0.521787 0.742560
vt 0.452772 0.742243
f 3978/12946/3978 3973/12947/3973 3961/12948/3961
vt 0.452415 0.908657
vt 0.425673 0.908657
vt 0.438065 0.959624
f 3865/12949/3865 3979/12950/3979 3980/12951/3980
vt 0.438065 0.959624
vt 0.452415 0.957076
vt 0.452415 0.908657
f 3980/12952/3980 3866/12953/3866 3865/12954/3865
vt 0.375952 0.891189
vt 0.387104 0.906999
vt 0.387543 0.957760
f 3981/12955/3981 3982/12956/3982 3983/12957/3983
vt 0.387543 0.957760
vt 0.373623 0.907831
vt 0.375952 0.891189
f 3984/12958/3984 3985/12959/3985 3981/12960/3981
vt 0.452772 0.907831
vt 0.452772 0.957760
vt 0.387543 0.957760
f 3986/12961/3986 3987/12962/3987 3988/12963/3988
vt 0.387543 0.957760
vt 0.387104 0.906999
vt 0.452772 0.907831
f 3989/12964/3989 3982/12965/3982 3986/12966/3986
vt 0.452415 0.959624
vt 0.452415 0.957076
vt 0.438065 0.959624
f 3870/12967/3870 3866/12968/3866 3980/12969/3980
vt 0.438065 0.959624
vt 0.438065 0.959624
vt 0.452415 0.959624
f 3980/12970/3980 3990/12971/3990 3870/12972/3870
vt 0.452772 0.907831
vt 0.518439 0.906999
vt 0.518000 0.957760
f 3986/12973/3986 3991/12974/3991 3992/12975/3992
vt 0.518000 0.957760
vt 0.452772 0.957760
vt 0.452772 0.907831
f 3992/12976/3992 3987/12977/3987 3986/12978/3986
vt 0.529592 0.891189
vt 0.531920 0.907831
vt 0.518000 0.957760
f 3993/12979/3993 3994/12980/3994 3992/12981/3992
vt 0.518000 0.957760
vt 0.518439 0.906999
vt 0.529592 0.891189
f 3992/12982/3992 3991/12983/3991 3993/12984/3993
vt 0.452415 0.908657
vt 0.452415 0.957076
vt 0.438065 0.959624
f 3878/12985/3878 3876/12986/3876 3995/12987/3995
vt 0.438065 0.959624
vt 0.425673 0.908657
vt 0.452415 0.908657
f 3996/12988/3996 3997/12989/3997 3878/12990/3878
vt 0.452415 0.959624
vt 0.438065 0.959624
vt 0.438065 0.959624
f 3870/12991/3870 3998/12992/3998 3999/12993/3999
vt 0.438065 0.959624
vt 0.452415 0.957076
vt 0.452415 0.959624
f 4000/12994/4000 3876/12995/3876 3870/12996/3870
vt 0.529592 0.891189
vt 0.535097 0.857151
vt 0.545840 0.857903
f 3993/12997/3993 4001/12998/4001 4002/12999/4002
vt 0.545840 0.857903
vt 0.531920 0.907831
vt 0.529592 0.891189
f 4002/13000/4002 3994/13001/3994 3993/13002/3993
vt 0.535387 0.809581
vt 0.545840 0.809581
vt 0.545840 0.857903
f 4003/13003/4003 4004/13004/4004 4002/13005/4002
vt 0.545840 0.857903
vt 0.535097 0.857151
vt 0.535387 0.809581
f 4002/13006/4002 4001/13007/4001 4003/13008/4003
vt 0.452415 0.808362
vt 0.452415 0.857771
vt 0.413281 0.857689
f 3927/13009/3927 3925/13010/3925 4005/13011/4005
vt 0.413281 0.857689
vt 0.413281 0.808362
vt 0.452415 0.808362
f 4006/13012/4006 4007/13013/4007 3927/13014/3927
vt 0.452415 0.908657
vt 0.425673 0.908657
vt 0.413281 0.857689
f 3878/13015/3878 4008/13016/4008 4009/13017/4009
vt 0.413281 0.857689
vt 0.452415 0.857771
vt 0.452415 0.908657
f 4010/13018/4010 3925/13019/3925 3878/13020/3878
vt 0.535387 0.809581
vt 0.535217 0.763041
vt 0.545840 0.761258
f 4003/13021/4003 4011/13022/4011 4012/13023/4012
vt 0.545840 0.761258
vt 0.545840 0.809581
vt 0.535387 0.809581
f 4012/13024/4012 4004/13025/4004 4003/13026/4003
vt 0.531983 0.748582
vt 0.535508 0.742243
vt 0.545840 0.761258
f 3972/13027/3972 4013/13028/4013 4012/13029/4012
vt 0.545840 0.761258
vt 0.535217 0.763041
vt 0.531983 0.748582
f 4012/13030/4012 4011/13031/4011 3972/13032/3972
vt 0.452415 0.739623
vt 0.452415 0.760530
vt 0.413281 0.759034
f 3920/13033/3920 3935/13034/3935 4014/13035/4014
vt 0.413281 0.759034
vt 0.413331 0.739623
vt 0.452415 0.739623
f 4015/13036/4015 3970/13037/3970 3920/13038/3920
vt 0.452415 0.808362
vt 0.413281 0.808362
vt 0.413281 0.759034
f 3927/13039/3927 4016/13040/4016 4017/13041/4017
vt 0.413281 0.759034
vt 0.452415 0.760530
vt 0.452415 0.808362
f 4018/13042/4018 3935/13043/3935 3927/13044/3927
vt 0.373560 0.748582
vt 0.370326 0.763041
vt 0.359703 0.761258
f 3965/13045/3965 4019/13046/4019 4020/13047/4020
vt 0.359703 0.761258
vt 0.370036 0.742243
vt 0.373560 0.748582
f 4020/13048/4020 3966/13049/3966 3965/13050/3965
vt 0.370156 0.809581
vt 0.359703 0.809581
vt 0.359703 0.761258
f 4021/13051/4021 4022/13052/4022 4020/13053/4020
vt 0.359703 0.761258
vt 0.370326 0.763041
vt 0.370156 0.809581
f 4020/13054/4020 4019/13055/4019 4021/13056/4021
vt 0.452415 0.808362
vt 0.452415 0.760530
vt 0.413281 0.759034
f 3945/13057/3945 3943/13058/3943 4023/13059/4023
vt 0.413281 0.759034
vt 0.413281 0.808362
vt 0.452415 0.808362
f 4024/13060/4024 4025/13061/4025 3945/13062/3945
vt 0.452415 0.739623
vt 0.413331 0.739623
vt 0.413281 0.759034
f 3908/13063/3908 4026/13064/4026 4027/13065/4027
vt 0.413281 0.759034
vt 0.452415 0.760530
vt 0.452415 0.739623
f 4028/13066/4028 3943/13067/3943 3908/13068/3908
vt 0.370156 0.809581
vt 0.370446 0.857151
vt 0.359703 0.857903
f 4021/13069/4021 4029/13070/4029 4030/13071/4030
vt 0.359703 0.857903
vt 0.359703 0.809581
vt 0.370156 0.809581
f 4030/13072/4030 4022/13073/4022 4021/13074/4021
vt 0.375952 0.891189
vt 0.373623 0.907831
vt 0.359703 0.857903
f 3981/13075/3981 4031/13076/4031 4030/13077/4030
vt 0.359703 0.857903
vt 0.370446 0.857151
vt 0.375952 0.891189
f 4030/13078/4030 4029/13079/4029 3981/13080/3981
vt 0.452415 0.908657
vt 0.452415 0.857771
vt 0.413281 0.857689
f 3865/13081/3865 3953/13082/3953 4032/13083/4032
vt 0.413281 0.857689
vt 0.425673 0.908657
vt 0.452415 0.908657
f 4033/13084/4033 3979/13085/3979 3865/13086/3865
vt 0.452415 0.808362
vt 0.413281 0.808362
vt 0.413281 0.857689
f 3945/13087/3945 4034/13088/4034 4035/13089/4035
vt 0.413281 0.857689
vt 0.452415 0.857771
vt 0.452415 0.808362
f 4036/13090/4036 3953/13091/3953 3945/13092/3945
vt 0.375952 0.891189
vt 0.370446 0.857151
vt 0.383839 0.857567
f 3981/13093/3981 4029/13094/4029 4037/13095/4037
vt 0.383839 0.857567
vt 0.387104 0.906999
vt 0.375952 0.891189
f 4037/13096/4037 3982/13097/3982 3981/13098/3981
vt 0.370156 0.809581
vt 0.383694 0.809581
vt 0.383839 0.857567
f 4021/13099/4021 4038/13100/4038 4037/13101/4037
vt 0.383839 0.857567
vt 0.370446 0.857151
vt 0.370156 0.809581
f 4037/13102/4037 4029/13103/4029 4021/13104/4021
vt 0.452772 0.809581
vt 0.452772 0.857983
vt 0.383839 0.857567
f 4039/13105/4039 4040/13106/4040 4037/13107/4037
vt 0.383839 0.857567
vt 0.383694 0.809581
vt 0.452772 0.809581
f 4037/13108/4037 4038/13109/4038 4039/13110/4039
vt 0.452772 0.907831
vt 0.387104 0.906999
vt 0.383839 0.857567
f 3986/13111/3986 3982/13112/3982 4037/13113/4037
vt 0.383839 0.857567
vt 0.452772 0.857983
vt 0.452772 0.907831
f 4037/13114/4037 4040/13115/4040 3986/13116/3986
vt 0.452772 0.907831
vt 0.452772 0.857983
vt 0.521704 0.857567
f 3986/13117/3986 4040/13118/4040 4041/13119/4041
vt 0.521704 0.857567
vt 0.518439 0.906999
vt 0.452772 0.907831
f 4041/13120/4041 3991/13121/3991 3986/13122/3986
vt 0.452772 0.809581
vt 0.521849 0.809581
vt 0.521704 0.857567
f 4039/13123/4039 4042/13124/4042 4041/13125/4041
vt 0.521704 0.857567
vt 0.452772 0.857983
vt 0.452772 0.809581
f 4041/13126/4041 4040/13127/4040 4039/13128/4039
vt 0.535387 0.809581
vt 0.535097 0.857151
vt 0.521704 0.857567
f 4003/13129/4003 4001/13130/4001 4041/13131/4041
vt 0.521704 0.857567
vt 0.521849 0.809581
vt 0.535387 0.809581
f 4041/13132/4041 4042/13133/4042 4003/13134/4003
vt 0.529592 0.891189
vt 0.518439 0.906999
vt 0.521704 0.857567
f 3993/13135/3993 3991/13136/3991 4041/13137/4041
vt 0.521704 0.857567
vt 0.535097 0.857151
vt 0.529592 0.891189
f 4041/13138/4041 4001/13139/4001 3993/13140/3993
vt 0.370156 0.809581
vt 0.370326 0.763041
vt 0.383779 0.762882
f 4021/13141/4021 4019/13142/4019 4043/13143/4043
vt 0.383779 0.762882
vt 0.383694 0.809581
vt 0.370156 0.809581
f 4043/13144/4043 4038/13145/4038 4021/13146/4021
vt 0.373560 0.748582
vt 0.383756 0.742560
vt 0.383779 0.762882
f 3965/13147/3965 3962/13148/3962 4043/13149/4043
vt 0.383779 0.762882
vt 0.370326 0.763041
vt 0.373560 0.748582
f 4043/13150/4043 4019/13151/4019 3965/13152/3965
vt 0.452772 0.742243
vt 0.452772 0.762724
vt 0.383779 0.762882
f 3961/13153/3961 4044/13154/4044 4043/13155/4043
vt 0.383779 0.762882
vt 0.383756 0.742560
vt 0.452772 0.742243
f 4043/13156/4043 3962/13157/3962 3961/13158/3961
vt 0.452772 0.809581
vt 0.383694 0.809581
vt 0.383779 0.762882
f 4039/13159/4039 4038/13160/4038 4043/13161/4043
vt 0.383779 0.762882
vt 0.452772 0.762724
vt 0.452772 0.809581
f 4043/13162/4043 4044/13163/4044 4039/13164/4039
vt 0.452772 0.809581
vt 0.452772 0.762724
vt 0.521764 0.762882
f 4039/13165/4039 4044/13166/4044 4045/13167/4045
vt 0.521764 0.762882
vt 0.521849 0.809581
vt 0.452772 0.809581
f 4045/13168/4045 4042/13169/4042 4039/13170/4039
vt 0.452772 0.742243
vt 0.521787 0.742560
vt 0.521764 0.762882
f 3961/13171/3961 3973/13172/3973 4045/13173/4045
vt 0.521764 0.762882
vt 0.452772 0.762724
vt 0.452772 0.742243
f 4045/13174/4045 4044/13175/4044 3961/13176/3961
vt 0.531983 0.748582
vt 0.535217 0.763041
vt 0.521764 0.762882
f 3972/13177/3972 4011/13178/4011 4045/13179/4045
vt 0.521764 0.762882
vt 0.521787 0.742560
vt 0.531983 0.748582
f 4045/13180/4045 3973/13181/3973 3972/13182/3972
vt 0.535387 0.809581
vt 0.521849 0.809581
vt 0.521764 0.762882
f 4003/13183/4003 4042/13184/4042 4045/13185/4045
vt 0.521764 0.762882
vt 0.535217 0.763041
vt 0.535387 0.809581
f 4045/13186/4045 4011/13187/4011 4003/13188/4003
usemtl tex0_2
v -0.506732 -0.969248 7.530856
vn 0.615981 0.738017 -0.275497
v -0.508281 0.210665 8.264069
vn 0.230972 0.293687 -0.927578
v -0.550251 0.546076 8.272860
vn 0.784985 -0.271904 -0.556657
v -1.499000 0.542980 3.487495
vn 0.998732 0.027061 -0.042460
v -0.498169 -0.969247 3.487495
vn 0.378543 0.892804 0.244143
v -0.999000 2.106991 -2.906303
vn 0.824802 0.518254 0.226085
v -0.514958 2.955874 3.487496
vn 0.440092 -0.845417 -0.302637
v -0.514958 3.507512 -0.651208
vn 0.553732 -0.832694 0.001527
v -0.514957 2.955875 -3.101036
vn 0.402978 -0.871866 0.278314
v -0.502379 2.114408 -4.838906
vn 0.463703 -0.664648 0.585851
v 0.508731 -0.969248 7.530856
vn -0.478167 0.721968 -0.500119
v 0.500169 -0.969247 3.487495
vn -0.378102 0.914401 0.144604
v 1.501000 0.542980 3.487495
vn -0.996903 0.042548 -0.066130
v 0.552251 0.546076 8.272860
vn -0.441921 -0.464154 -0.767637
v 0.510281 0.210665 8.264069
vn -0.633875 0.261270 -0.727970
v 1.001000 2.106991 -2.906303
vn -0.811776 0.487185 0.321979
v 0.516958 2.955874 3.487495
vn -0.440088 -0.868926 -0.226475
v 0.516957 3.507512 -0.651208
vn -0.553732 -0.829536 0.072463
v 0.516957 2.955875 -3.101036
vn -0.402945 -0.854324 0.328277
v 0.504378 2.114408 -4.838905
vn -0.680885 0.514280 0.521452
v 5.660847 0.001001 -4.765535
vn 0.000000 1.000000 0.000000
v 24.630581 0.001001 -6.277153
vn 0.000000 1.000000 0.000000
v 24.567301 0.001000 -1.534865
vn 0.000000 1.000000 0.000000
v 4.716007 0.000999 5.809423
vn 0.000000 1.000000 0.000000
v -24.565302 0.001000 -1.534865
vn -0.000000 1.000000 0.000000
v -24.628584 0.001001 -6.277153
vn -0.000000 1.000000 0.000000
v -5.725801 0.001001 -4.770870
vn -0.000000 1.000000 0.000000
v -4.782789 0.000999 5.783198
vn -0.000000 1.000000 0.000000
v 24.630581 0.301001 -6.277153
vn -0.683328 0.000000 0.730112
v 24.630581 0.001001 -6.277153
vn 0.079434 0.000000 0.996840
v 5.660847 0.001001 -4.765535
vn 0.079434 0.000000 0.996840
v 5.660847 0.001001 -4.765535
vn 0.079434 0.000000 0.996840
v 5.660847 0.301001 -4.765535
vn 0.079434 0.000000 0.996840
v 24.567301 0.001000 -1.534865
vn -0.999911 0.000000 -0.013343
v 24.630581 0.001001 -6.277153
vn -0.999911 0.000000 -0.013343
v 24.567301 0.301000 -1.534865
vn -0.816834 0.000000 -0.576873
v 24.567301 0.001000 -1.534865
vn -0.999911 0.000000 -0.013343
v -24.565302 0.301000 -1.534865
vn 0.816824 0.000000 -0.576887
v -24.565302 0.001000 -1.534865
vn 0.346948 0.000000 -0.937885
v -4.782789 0.000999 5.783198
vn 0.346948 0.000000 -0.937885
v -4.782789 0.000999 5.783198
vn 0.346948 0.000000 -0.937885
v -4.782789 0.300999 5.783198
vn 0.346948 0.000000 -0.937885
v -24.628584 0.001001 -6.277153
vn 0.999911 0.000000 -0.013343
v -24.565302 0.001000 -1.534865
vn 0.999911 0.000000 -0.013343
v -24.628584 0.301001 -6.277153
vn 0.683328 0.000000 0.730112
v -24.628584 0.001001 -6.277153
vn 0.999911 0.000000 -0.013343
v -5.725801 0.301001 -4.770870
vn 0.000000 -1.000000 -0.000000
v -24.628584 0.301001 -6.277153
vn 0.000000 -1.000000 -0.000000
v -24.565302 0.301000 -1.534865
vn 0.000000 -1.000000 -0.000000
v -24.565302 0.301000 -1.534865
vn 0.000000 -1.000000 -0.000000
v -4.782789 0.300999 5.783198
vn 0.000000 -1.000000 -0.000000
v 4.716007 0.300999 5.809423
vn -0.346980 0.000000 -0.937872
v 4.716007 0.000999 5.809423
vn -0.346980 0.000000 -0.937872
v 24.567301 0.001000 -1.534865
vn -0.346980 0.000000 -0.937872
v 24.567301 0.001000 -1.534865
vn -0.346980 0.000000 -0.937872
v 5.660847 0.301001 -4.765535
vn -0.000000 -1.000000 -0.000000
v 4.716007 0.300999 5.809423
vn -0.000000 -1.000000 -0.000000
v 24.567301 0.301000 -1.534865
vn -0.000000 -1.000000 -0.000000
v 24.567301 0.301000 -1.534865
vn -0.000000 -1.000000 -0.000000
v 24.630581 0.301001 -6.277153
vn -0.000000 -1.000000 -0.000000
v 5.660847 0.301001 -4.765535
vn -0.000000 -1.000000 -0.000000
v -5.725801 0.301001 -4.770870
vn -0.079434 0.000000 0.996840
v -5.725801 0.001001 -4.770870
vn -0.079434 0.000000 0.996840
v -24.628584 0.001001 -6.277153
vn -0.079434 0.000000 0.996840
v -24.628584 0.001001 -6.277153
vn -0.079434 0.000000 0.996840
v -5.725801 0.301001 -4.770870
vn -0.079434 0.000000 0.996840
v -5.172826 0.317185 6.162296
vn 0.009260 -0.999280 -0.036798
v 0.001000 0.317184 8.047294
vn -0.003002 -0.999318 -0.036813
v 0.001000 0.639129 -0.919094
vn 0.002956 -0.999469 -0.032441
v -3.987351 0.750298 -5.220235
vn 0.000203 -0.999791 0.020442
v -6.155851 0.750298 -5.386092
vn -0.003717 -0.993725 0.111786
v 6.157852 0.750298 -5.386092
vn -0.002079 -0.998538 0.054010
v 3.989352 0.750298 -5.220234
vn 0.003935 -0.999076 0.042789
v 5.174824 0.317185 6.162296
vn -0.014089 -0.999153 -0.038672
v -4.046685 0.041508 -9.059063
vn -0.003504 -0.995640 0.093214
v -6.153760 0.041456 -9.060143
vn -0.000015 -0.997988 0.063407
v 3.952512 0.041456 -9.060143
vn 0.002320 -0.998070 0.062047
v 6.155760 0.041456 -9.060143
vn 0.000000 -0.995463 0.095151
v -4.048358 0.041466 -11.887940
vn 0.000005 -1.000000 0.000007
v -6.153409 0.041456 -11.863610
vn 0.000005 -1.000000 0.000000
v 6.155409 0.041456 -11.863609
vn 0.000000 -1.000000 0.000000
v 3.946346 0.041456 -11.889007
vn -0.000001 -1.000000 0.000000
v 4.141822 1.042841 0.206473
vn -0.000001 -0.916271 -0.400560
v 4.141822 -0.040593 1.744249
vn -0.000004 -0.817482 -0.575954
v 4.360721 -0.040594 1.744249
vn -0.000002 -0.817482 -0.575954
v 4.360721 1.042841 0.206473
vn 0.000000 -0.979739 -0.200280
v 4.141821 1.042843 -7.727061
vn 0.000000 -0.940197 -0.340631
v 4.360720 1.042843 -7.727061
vn 0.000000 -0.732039 -0.681262
v 4.141822 6.564862 -10.557967
vn 0.000000 -0.732039 -0.681262
v 4.360721 6.564862 -10.557967
vn 0.000000 -0.940197 -0.340631
v 4.141821 -0.040590 -12.270494
vn 0.000000 0.151664 0.988432
v 4.141822 6.564862 -13.284028
vn 0.000000 -0.881827 0.471573
v 4.360721 6.564862 -13.284028
vn 0.000000 -0.332377 0.943147
v 4.360720 -0.040591 -12.270494
vn 0.000001 0.151664 0.988432
v -4.140000 1.042841 0.206472
vn 0.000001 -0.916271 -0.400559
v -4.358899 1.042841 0.206472
vn 0.000000 -0.979739 -0.200280
v -4.358899 -0.040594 1.744249
vn 0.000002 -0.817482 -0.575954
v -4.140000 -0.040593 1.744249
vn 0.000004 -0.817482 -0.575954
v -4.140000 1.042843 -7.727061
vn 0.000000 -0.940197 -0.340631
v -4.358899 1.042843 -7.727061
vn 0.000000 -0.732039 -0.681262
v -4.140000 6.564862 -10.557968
vn 0.000000 -0.732039 -0.681262
v -4.358899 6.564862 -10.557968
vn 0.000000 -0.940197 -0.340631
v -4.140001 -0.040591 -12.270494
vn 0.000000 0.151664 0.988432
v -4.358900 -0.040591 -12.270494
vn 0.000000 0.151664 0.988432
v -4.358899 6.564862 -13.284028
vn 0.000000 -0.332377 0.943147
v -4.140000 6.564862 -13.284028
vn 0.000000 -0.881827 0.471573
v 4.141821 0.139426 5.628779
vn 0.000000 0.043537 -0.999052
v 4.141821 -0.349867 5.607456
vn 0.000000 0.850649 -0.525733
v 4.360720 -0.349867 5.607456
vn 0.000000 0.452726 -0.891650
v 4.360720 0.139426 5.628779
vn 0.000000 0.043537 -0.999052
v 4.141822 -0.909058 1.238770
vn 0.000000 0.999101 -0.042398
v 4.360721 -0.909058 1.238770
vn 0.000000 0.996398 -0.084795
v 4.141822 -0.909057 -5.874739
vn 0.000000 0.930651 -0.365908
v 4.360721 -0.909057 -5.874739
vn 0.000000 0.983122 -0.182954
v 4.141822 -1.782793 -7.272719
vn 0.000000 0.377073 -0.926184
v 4.360721 -1.782793 -7.272719
vn 0.000000 0.655668 -0.755049
v 4.141821 -7.234912 -10.243425
vn 0.000000 0.592238 0.805763
v 4.141822 0.139429 -11.886049
vn 0.000000 0.217420 0.976078
v 4.360721 0.139429 -11.886049
vn 0.000000 0.217420 0.976078
v 4.360720 -7.234912 -10.243425
vn 0.000000 0.915252 0.402882
v 4.141822 -7.234913 -7.762012
vn 0.000000 0.902684 -0.430304
v 4.360721 -7.234913 -7.762012
vn 0.000000 0.509268 -0.860608
v -4.140001 0.139426 5.628779
vn 0.000000 0.043535 -0.999052
v -4.358900 0.139426 5.628779
vn 0.000000 0.043535 -0.999052
v -4.358900 -0.349867 5.607457
vn 0.000000 0.452725 -0.891650
v -4.140001 -0.349867 5.607457
vn 0.000000 0.850649 -0.525734
v -4.358899 -0.909058 1.238770
vn 0.000000 0.996398 -0.084795
v -4.140000 -0.909058 1.238770
vn 0.000000 0.999101 -0.042398
v -4.358900 -0.909057 -5.874739
vn 0.000000 0.983121 -0.182954
v -4.140001 -0.909057 -5.874739
vn 0.000000 0.930651 -0.365908
v -4.358900 -1.782794 -7.272719
vn 0.000000 0.655668 -0.755049
v -4.140001 -1.782794 -7.272719
vn 0.000000 0.377073 -0.926184
v -4.140001 -7.234913 -10.243425
vn 0.000000 0.592238 0.805763
v -4.358900 -7.234913 -10.243425
vn 0.000000 0.915252 0.402882
v -4.358900 0.139429 -11.886049
vn 0.000000 0.217420 0.976078
v -4.140001 0.139429 -11.886049
vn 0.000000 0.217420 0.976078
v -4.358900 -7.234913 -7.762012
vn 0.000000 0.509268 -0.860608
v -4.140001 -7.234913 -7.762012
vn 0.000000 0.902684 -0.430304
v 4.360720 -0.040591 -12.270494
vn -1.000000 0.000000 0.000000
v 4.360721 6.564862 -13.284028
vn -1.000000 0.000000 0.000000
v 4.360721 6.564862 -10.557967
vn -1.000000 0.000000 0.000000
v 4.360720 -0.040591 -12.270494
vn -1.000000 0.000000 -0.000000
v 4.360721 6.564862 -10.557967
vn -1.000000 0.000000 -0.000000
v 4.360720 1.042843 -7.727061
vn -1.000000 0.000000 -0.000000
v 4.360720 -0.040591 -12.270494
vn -1.000000 -0.000001 0.000000
v 4.360720 1.042843 -7.727061
vn -1.000000 -0.000001 0.000000
v 4.360721 1.042841 0.206473
vn -1.000000 -0.000001 0.000000
v 4.360720 -0.040591 -12.270494
vn -1.000000 0.000000 0.000000
v 4.360721 1.042841 0.206473
vn -1.000000 0.000000 0.000000
v 4.360721 -0.040594 1.744249
vn -1.000000 0.000000 0.000000
v 4.141821 1.042843 -7.727061
vn 1.000000 -0.000000 0.000000
v 4.141822 6.564862 -10.557967
vn 1.000000 -0.000000 0.000000
v 4.141822 6.564862 -13.284028
vn 1.000000 -0.000000 0.000000
v 4.141821 1.042843 -7.727061
vn 1.000000 -0.000000 0.000000
v 4.141822 6.564862 -13.284028
vn 1.000000 -0.000000 0.000000
v 4.141821 -0.040590 -12.270494
vn 1.000000 -0.000000 0.000000
v 4.141821 -0.040590 -12.270494
vn 1.000000 -0.000000 -0.000000
v 4.141822 -0.040593 1.744249
vn 1.000000 -0.000000 -0.000000
v 4.141822 1.042841 0.206473
vn 1.000000 -0.000000 -0.000000
v 4.141821 1.042843 -7.727061
vn 1.000000 0.000001 -0.000000
v 4.141821 -0.040590 -12.270494
vn 1.000000 0.000001 -0.000000
v 4.141822 1.042841 0.206473
vn 1.000000 0.000001 -0.000000
v -4.358899 6.564862 -10.557968
vn 1.000000 -0.000000 0.000000
v -4.358899 6.564862 -13.284028
vn 1.000000 -0.000000 0.000000
v -4.358900 -0.040591 -12.270494
vn 1.000000 -0.000000 0.000000
v -4.358900 -0.040591 -12.270494
vn 1.000000 -0.000000 -0.000000
v -4.358899 -0.040594 1.744249
vn 1.000000 -0.000000 -0.000000
v -4.358899 1.042841 0.206472
vn 1.000000 -0.000000 -0.000000
v -4.358900 -0.040591 -12.270494
vn 1.000000 -0.000001 -0.000000
v -4.358899 1.042841 0.206472
vn 1.000000 -0.000001 -0.000000
v -4.358899 1.042843 -7.727061
vn 1.000000 -0.000001 -0.000000
v -4.358899 6.564862 -10.557968
vn 1.000000 -0.000000 -0.000000
v -4.358900 -0.040591 -12.270494
vn 1.000000 -0.000000 -0.000000
v -4.358899 1.042843 -7.727061
vn 1.000000 -0.000000 -0.000000
v -4.140000 6.564862 -13.284028
vn -1.000000 0.000000 0.000000
v -4.140000 6.564862 -10.557968
vn -1.000000 0.000000 0.000000
v -4.140000 1.042843 -7.727061
vn -1.000000 0.000000 0.000000
v -4.140000 1.042841 0.206472
vn -1.000000 0.000000 0.000000
v -4.140000 -0.040593 1.744249
vn -1.000000 0.000000 0.000000
v -4.140001 -0.040591 -12.270494
vn -1.000000 0.000000 0.000000
v -4.140000 1.042843 -7.727061
vn -1.000000 0.000001 0.000000
v -4.140000 1.042841 0.206472
vn -1.000000 0.000001 0.000000
v -4.140001 -0.040591 -12.270494
vn -1.000000 0.000001 0.000000
v -4.140000 6.564862 -13.284028
vn -1.000000 0.000000 0.000000
v -4.140000 1.042843 -7.727061
vn -1.000000 0.000000 0.000000
v -4.140001 -0.040591 -12.270494
vn -1.000000 0.000000 0.000000
v -5.172826 0.006194 6.162296
vn 0.650262 -0.000001 -0.759710
v 0.001000 0.006194 8.047295
vn -0.120559 -0.000002 -0.992706
v 0.001000 0.317184 8.047294
vn 0.342322 -0.000003 -0.939583
v 0.001000 0.317184 8.047294
vn 0.342321 0.000000 -0.939583
v -5.172826 0.317185 6.162296
vn 0.342321 0.000000 -0.939583
v 5.174824 0.006194 6.162296
vn -0.903272 0.000000 -0.429068
v 5.174824 0.317185 6.162296
vn -0.342322 0.000000 -0.939583
v 5.174824 0.317185 6.162296
vn -0.342322 -0.000003 -0.939583
v 0.001000 0.317184 8.047294
vn -0.342322 -0.000003 -0.939583
v 6.157852 -0.307123 -5.386092
vn -0.999610 0.000013 -0.027914
v 6.157852 0.750298 -5.386092
vn -0.996397 0.000000 -0.084816
v 6.157852 0.750298 -5.386092
vn -0.996397 0.000000 -0.084816
v 5.174824 0.317185 6.162296
vn -0.996397 0.000000 -0.084816
v 6.155408 -0.098961 -11.863608
vn -0.455385 0.000006 0.890295
v 3.946346 -0.299795 -11.889007
vn -0.005682 0.000000 0.999984
v 3.946346 0.041456 -11.889007
vn -0.011497 0.000000 0.999934
v 3.946346 0.041456 -11.889007
vn -0.011496 0.000007 0.999934
v 6.155409 0.041456 -11.863609
vn -0.011496 0.000007 0.999934
v -4.048358 -0.299795 -11.887942
vn 0.005846 -0.000001 0.999983
v -6.153409 -0.098961 -11.863609
vn 0.711138 0.000005 0.703052
v -6.153409 0.041456 -11.863610
vn 0.011559 0.000007 0.999933
v -6.153409 0.041456 -11.863610
vn 0.011557 -0.000006 0.999933
v -4.048358 0.041466 -11.887940
vn 0.011557 -0.000006 0.999933
v -6.155851 -0.307123 -5.386092
vn 0.998408 0.000000 -0.056399
v -5.172826 0.317185 6.162296
vn 0.996397 0.000000 -0.084816
v -5.172826 0.317185 6.162296
vn 0.996397 0.000000 -0.084816
v -6.155851 0.750298 -5.386092
vn 0.996397 0.000000 -0.084816
v 3.989352 0.750298 -5.220234
vn -0.000000 0.000000 1.000000
v 3.989352 -0.299795 -5.220234
vn 0.710498 0.000000 0.703699
v -3.987351 -0.299795 -5.220235
vn -0.701621 0.000013 0.712550
v -3.987351 0.750298 -5.220235
vn -0.000000 0.000000 1.000000
v 3.989352 0.750298 -5.220234
vn -0.000000 0.000000 1.000000
v 6.155760 0.041456 -9.060143
vn -1.000000 0.000000 0.000569
v 6.157852 0.750298 -5.386092
vn -1.000000 0.000000 0.000569
v 6.155754 -0.098961 -9.060903
vn -1.000000 0.000028 0.000274
v 6.155760 0.041456 -9.060143
vn -1.000000 0.000038 0.000573
v 3.952420 -0.299795 -9.060903
vn 0.703663 0.001481 -0.710532
v 3.989352 0.750298 -5.220234
vn 0.999954 0.000000 -0.009616
v 3.989352 0.750298 -5.220234
vn 0.999954 -0.000248 -0.009548
v 3.952512 0.041456 -9.060143
vn 0.999954 -0.000248 -0.009548
v -6.153755 -0.098961 -9.060903
vn 1.000000 0.000016 0.000346
v -6.155851 0.750298 -5.386092
vn 1.000000 0.000000 0.000570
v -6.155851 0.750298 -5.386092
vn 1.000000 0.000031 0.000563
v -6.153760 0.041456 -9.060143
vn 1.000000 0.000031 0.000563
v -4.046685 0.041508 -9.059063
vn -0.999881 0.000000 0.015455
v -3.987351 0.750298 -5.220235
vn -0.999881 0.000000 0.015455
v -4.046710 -0.299752 -9.059825
vn -0.712598 0.001618 -0.701570
v -4.046685 0.041508 -9.059063
vn -0.999881 0.000038 0.015458
v 6.155409 0.041456 -11.863609
vn -1.000000 0.000040 0.000125
v 6.155760 0.041456 -9.060143
vn -1.000000 0.000040 0.000125
v 6.155409 0.041456 -11.863609
vn -1.000000 0.000007 0.000124
v -6.153760 0.041456 -9.060143
vn 1.000000 0.000033 0.000125
v -6.153409 0.041456 -11.863610
vn 1.000000 0.000033 0.000125
v -6.153409 0.041456 -11.863610
vn 1.000000 0.000000 0.000124
v -4.048358 0.041466 -11.887940
vn 0.000133 -0.000006 1.000000
v 3.946346 0.041456 -11.889007
vn 0.000133 -0.000006 1.000000
v 3.946346 0.041456 -11.889007
vn 0.000133 0.000000 1.000000
v -4.046685 0.041508 -9.059063
vn -0.000135 0.002233 -0.999998
v 3.952512 0.041456 -9.060143
vn -0.000135 0.002225 -0.999998
v -4.046685 0.041508 -9.059063
vn -0.000135 0.002225 -0.999998
v -2.402090 0.589245 1.194589
vn 0.226471 -0.904758 -0.360726
v 2.431456 0.589245 1.194589
vn -0.342212 -0.869833 -0.355360
v 2.688374 2.014712 -2.542011
vn -0.285743 -0.932292 -0.221774
v -2.659008 2.014712 -2.542011
vn 0.361343 -0.924566 -0.120865
v 2.688374 2.014712 -6.158402
vn -0.362033 -0.920946 0.144189
v -2.659008 2.014712 -6.158402
vn 0.286076 -0.919225 0.270529
v 2.697300 1.300253 -7.581488
vn -0.223416 -0.871665 0.436217
v -2.667935 1.300253 -7.581488
vn 0.337509 -0.842101 0.420659
v 3.462932 1.303169 -2.542012
vn -0.672783 -0.732366 -0.104895
v 3.462932 1.303169 -6.158401
vn -0.666159 -0.725155 0.174304
v -3.433565 1.303169 -6.158402
vn 0.671949 -0.731456 0.116001
v -3.433565 1.303169 -2.542012
vn 0.668065 -0.727229 -0.157565
v 4.360721 -1.782793 -7.272719
vn -1.000000 -0.000000 0.000000
v 4.360721 -7.234913 -7.762012
vn -1.000000 -0.000000 0.000000
v 4.360720 -7.234912 -10.243425
vn -1.000000 -0.000000 0.000000
v 4.360721 -1.782793 -7.272719
vn -1.000000 0.000000 0.000000
v 4.360720 -7.234912 -10.243425
vn -1.000000 0.000000 0.000000
v 4.360721 0.139429 -11.886049
vn -1.000000 0.000000 0.000000
v 4.360721 0.139429 -11.886049
vn -1.000000 0.000000 -0.000000
v 4.360720 0.139426 5.628779
vn -1.000000 0.000000 -0.000000
v 4.360720 -0.349867 5.607456
vn -1.000000 0.000000 -0.000000
v 4.360721 0.139429 -11.886049
vn -1.000000 -0.000001 -0.000000
v 4.360720 -0.349867 5.607456
vn -1.000000 -0.000001 -0.000000
v 4.360721 -0.909058 1.238770
vn -1.000000 -0.000001 -0.000000
v 4.360721 0.139429 -11.886049
vn -1.000000 0.000000 0.000000
v 4.360721 -0.909058 1.238770
vn -1.000000 0.000000 0.000000
v 4.360721 -0.909057 -5.874739
vn -1.000000 0.000000 0.000000
v 4.360721 -1.782793 -7.272719
vn -1.000000 0.000000 0.000000
v 4.360721 0.139429 -11.886049
vn -1.000000 0.000000 0.000000
v 4.360721 -0.909057 -5.874739
vn -1.000000 0.000000 0.000000
v 4.141822 -0.909057 -5.874739
vn 1.000000 0.000002 0.000000
v 4.141822 -0.909058 1.238770
vn 1.000000 0.000002 0.000000
v 4.141821 -0.349867 5.607456
vn 1.000000 0.000002 0.000000
v 4.141821 -0.349867 5.607456
vn 1.000000 -0.000000 0.000000
v 4.141821 0.139426 5.628779
vn 1.000000 -0.000000 0.000000
v 4.141822 0.139429 -11.886049
vn 1.000000 -0.000000 0.000000
v 4.141822 -0.909057 -5.874739
vn 1.000000 0.000000 0.000000
v 4.141821 -0.349867 5.607456
vn 1.000000 0.000000 0.000000
v 4.141822 0.139429 -11.886049
vn 1.000000 0.000000 0.000000
v 4.141822 0.139429 -11.886049
vn 1.000000 -0.000000 -0.000000
v 4.141821 -7.234912 -10.243425
vn 1.000000 -0.000000 -0.000000
v 4.141822 -7.234913 -7.762012
vn 1.000000 -0.000000 -0.000000
v 4.141822 0.139429 -11.886049
vn 1.000000 0.000000 0.000000
v 4.141822 -7.234913 -7.762012
vn 1.000000 0.000000 0.000000
v 4.141822 -1.782793 -7.272719
vn 1.000000 0.000000 0.000000
v 4.141822 -0.909057 -5.874739
vn 1.000000 0.000000 0.000000
v 4.141822 0.139429 -11.886049
vn 1.000000 0.000000 0.000000
v 4.141822 -1.782793 -7.272719
vn 1.000000 0.000000 0.000000
v -4.358900 -7.234913 -10.243425
vn 1.000000 0.000000 0.000000
v -4.358900 -7.234913 -7.762012
vn 1.000000 0.000000 0.000000
v -4.358900 -1.782794 -7.272719
vn 1.000000 0.000000 0.000000
v -4.358900 -0.349867 5.607457
vn 1.000000 0.000000 0.000000
v -4.358900 0.139426 5.628779
vn 1.000000 0.000000 0.000000
v -4.358900 0.139429 -11.886049
vn 1.000000 0.000000 0.000000
v -4.358899 -0.909058 1.238770
vn 1.000000 0.000001 0.000000
v -4.358900 -0.349867 5.607457
vn 1.000000 0.000001 0.000000
v -4.358900 0.139429 -11.886049
vn 1.000000 0.000001 0.000000
v -4.358900 -0.909057 -5.874739
vn 1.000000 -0.000001 -0.000000
v -4.358899 -0.909058 1.238770
vn 1.000000 -0.000001 -0.000000
v -4.358900 0.139429 -11.886049
vn 1.000000 -0.000001 -0.000000
v -4.358900 -1.782794 -7.272719
vn 1.000000 0.000000 0.000000
v -4.358900 -0.909057 -5.874739
vn 1.000000 0.000000 0.000000
v -4.358900 0.139429 -11.886049
vn 1.000000 0.000000 0.000000
v -4.358900 -7.234913 -10.243425
vn 1.000000 0.000000 0.000000
v -4.358900 -1.782794 -7.272719
vn 1.000000 0.000000 0.000000
v -4.358900 0.139429 -11.886049
vn 1.000000 0.000000 0.000000
v -4.140001 -0.349867 5.607457
vn -1.000000 -0.000003 0.000000
v -4.140000 -0.909058 1.238770
vn -1.000000 -0.000003 0.000000
v -4.140001 -0.909057 -5.874739
vn -1.000000 -0.000003 0.000000
v -4.140001 -7.234913 -7.762012
vn -1.000000 0.000000 0.000000
v -4.140001 -7.234913 -10.243425
vn -1.000000 0.000000 0.000000
v -4.140001 0.139429 -11.886049
vn -1.000000 0.000000 0.000000
v -4.140001 -1.782794 -7.272719
vn -1.000000 0.000000 0.000000
v -4.140001 -7.234913 -7.762012
vn -1.000000 0.000000 0.000000
v -4.140001 0.139429 -11.886049
vn -1.000000 0.000000 0.000000
v -4.140001 -0.909057 -5.874739
vn -1.000000 0.000000 0.000000
v -4.140001 -1.782794 -7.272719
vn -1.000000 0.000000 0.000000
v -4.140001 0.139429 -11.886049
vn -1.000000 0.000000 0.000000
v -4.140001 -0.349867 5.607457
vn -1.000000 0.000000 0.000000
v -4.140001 -0.909057 -5.874739
vn -1.000000 0.000000 0.000000
v -4.140001 0.139429 -11.886049
vn -1.000000 0.000000 0.000000
v -4.140001 -0.349867 5.607457
vn -1.000000 0.000000 0.000000
v -4.140001 0.139429 -11.886049
vn -1.000000 0.000000 0.000000
v -4.140001 0.139426 5.628779
vn -1.000000 0.000000 0.000000
v -2.402090 -0.237507 1.194589
vn 0.391435 0.000000 -0.920206
v 2.431456 -0.237507 1.194589
vn -0.782871 0.000000 -0.622184
v 2.431456 0.589245 1.194589
vn 0.000000 0.000000 -1.000000
v 2.431456 0.589245 1.194589
vn 0.000000 0.000000 -1.000000
v -2.402090 0.589245 1.194589
vn 0.000000 0.000000 -1.000000
v 3.462932 -0.951430 -2.542012
vn -0.995994 0.000000 -0.089417
v 3.462932 1.303169 -2.542012
vn -0.963947 0.000000 -0.266094
v 3.462932 1.303169 -2.542012
vn -0.963947 0.000000 -0.266094
v 2.431456 0.589245 1.194589
vn -0.963947 0.000000 -0.266094
v 3.462932 -0.951429 -6.158402
vn -0.945856 -0.000000 0.324587
v 3.462932 1.303169 -6.158401
vn -1.000000 0.000000 0.000000
v 3.462932 1.303169 -6.158401
vn -1.000000 0.000000 0.000000
v 3.462932 1.303169 -2.542012
vn -1.000000 0.000000 0.000000
v 2.697300 -0.948513 -7.581488
vn -0.880638 0.000000 0.473790
v 2.697300 1.300253 -7.581488
vn -0.880638 0.000000 0.473790
v 2.697300 1.300253 -7.581488
vn -0.880638 -0.000000 0.473790
v 3.462932 1.303169 -6.158401
vn -0.880638 -0.000000 0.473790
v -2.667935 -0.948513 -7.581488
vn 0.880638 0.000000 0.473789
v -3.433565 -0.951429 -6.158402
vn 0.986743 0.000000 0.162293
v -3.433565 1.303169 -6.158402
vn 0.880638 0.000000 0.473789
v -3.433565 1.303169 -6.158402
vn 0.880638 0.000000 0.473789
v -2.667935 1.300253 -7.581488
vn 0.880638 0.000000 0.473789
v -3.433565 -0.951430 -2.542012
vn 0.983879 0.000000 -0.178835
v -3.433565 1.303169 -2.542012
vn 1.000000 0.000000 0.000000
v -3.433565 1.303169 -2.542012
vn 1.000000 0.000000 0.000000
v -3.433565 1.303169 -6.158402
vn 1.000000 0.000000 0.000000
v -2.402090 0.589245 1.194589
vn 0.963947 0.000000 -0.266094
v -2.402090 0.589245 1.194589
vn 0.963947 0.000000 -0.266094
v -3.433565 1.303169 -2.542012
vn 0.963947 0.000000 -0.266094
v -2.402090 -0.237507 1.194589
vn 0.000000 0.934321 -0.356432
v -2.659008 -1.662973 -2.542012
vn 0.285965 0.947252 -0.144696
v 2.688374 -1.662973 -2.542012
vn -0.361720 0.913628 -0.185586
v 2.431456 -0.237507 1.194589
vn 0.000000 0.934321 -0.356432
v -2.402090 -0.237507 1.194589
vn 0.000000 0.934321 -0.356432
v -2.659008 -1.662972 -6.158402
vn 0.362950 0.903873 0.226452
v 2.688374 -1.662972 -6.158402
vn -0.286106 0.942504 0.172710
v -2.667935 -0.948513 -7.581488
vn 0.000000 0.893694 0.448678
v 2.697300 -0.948513 -7.581488
vn 0.000000 0.893694 0.448678
v 2.697300 -0.948513 -7.581488
vn 0.000000 0.893694 0.448678
v 2.431456 -0.237507 1.194589
vn -0.642924 0.699862 -0.311194
v 3.462932 -0.951430 -2.542012
vn -0.642924 0.699862 -0.311194
v 3.462932 -0.951429 -6.158402
vn -0.676515 0.736428 0.000000
v 3.462932 -0.951429 -6.158402
vn -0.676516 0.736428 0.000000
v 3.462932 -0.951430 -2.542012
vn -0.676516 0.736428 0.000000
v 2.697300 -0.948513 -7.581488
vn -0.635408 0.691680 0.343272
v 3.462932 -0.951429 -6.158402
vn -0.635408 0.691680 0.343272
v -2.667935 -0.948513 -7.581488
vn 0.635408 0.691680 0.343271
v -3.433565 -0.951429 -6.158402
vn 0.635408 0.691680 0.343271
v -3.433565 -0.951430 -2.542012
vn 0.676516 0.736428 0.000000
v -3.433565 -0.951430 -2.542012
vn 0.676516 0.736428 0.000000
v -3.433565 -0.951429 -6.158402
vn 0.676516 0.736428 0.000000
v -2.402090 -0.237507 1.194589
vn 0.642925 0.699862 -0.311194
v -3.433565 -0.951430 -2.542012
vn 0.642925 0.699862 -0.311194
v -5.172826 0.006194 6.162296
vn -0.001312 0.999634 -0.027009
v -6.155851 -0.307123 -5.386092
vn -0.001312 0.999634 -0.027009
v -3.987351 -0.299795 -5.220235
vn -0.001312 0.999634 -0.027009
v -5.172826 0.006194 6.162296
vn -0.019170 0.999400 -0.028863
v -3.987351 -0.299795 -5.220235
vn -0.019170 0.999400 -0.028863
v 0.001000 -0.098962 -0.915186
vn 0.005693 0.999678 -0.024737
v -5.172826 0.006194 6.162296
vn 0.004274 0.999922 -0.011732
v 0.001000 0.006194 8.047295
vn 0.004274 0.999922 -0.011732
v 0.001000 0.006194 8.047295
vn 0.037661 0.999222 -0.011724
v 3.989352 -0.299795 -5.220234
vn 0.037661 0.999222 -0.011724
v 0.001000 0.006194 8.047295
vn 0.001653 0.999744 -0.022560
v 3.989352 -0.299795 -5.220234
vn 0.001653 0.999744 -0.022560
v 6.157852 -0.307123 -5.386092
vn 0.001653 0.999744 -0.022560
v 0.001000 0.006194 8.047295
vn -0.010197 0.999556 -0.027987
v 6.157852 -0.307123 -5.386092
vn -0.010197 0.999556 -0.027987
v 5.174824 0.006194 6.162296
vn -0.010197 0.999556 -0.027987
v -3.987351 -0.299795 -5.220235
vn 0.000000 0.998914 -0.046600
v 3.989352 -0.299795 -5.220234
vn 0.000000 0.998914 -0.046600
v -4.046710 -0.299752 -9.059825
vn -0.003384 0.999994 0.000064
v -3.987351 -0.299795 -5.220235
vn -0.003384 0.999994 0.000064
v -6.155851 -0.307123 -5.386092
vn -0.003384 0.999994 0.000064
v -6.155851 -0.307123 -5.386092
vn 0.094686 0.993911 0.056355
v -6.153755 -0.098961 -9.060903
vn 0.094686 0.993911 0.056355
v -4.046710 -0.299752 -9.059825
vn 0.094686 0.993911 0.056355
v 3.952420 -0.299795 -9.060903
vn -0.090629 0.994288 0.056374
v 6.155754 -0.098961 -9.060903
vn -0.090629 0.994288 0.056374
v 6.157852 -0.307123 -5.386092
vn -0.090629 0.994288 0.056374
v 6.157852 -0.307123 -5.386092
vn 0.003377 0.999994 -0.000032
v 3.989352 -0.299795 -5.220234
vn 0.003377 0.999994 -0.000032
v 3.952420 -0.299795 -9.060903
vn 0.003377 0.999994 -0.000032
v -4.046710 -0.299752 -9.059825
vn 0.094865 0.995490 0.000012
v -6.153755 -0.098961 -9.060903
vn 0.094865 0.995490 0.000012
v -6.153409 -0.098961 -11.863609
vn 0.094865 0.995490 0.000012
v -6.153409 -0.098961 -11.863609
vn 0.094974 0.995480 -0.000070
v -4.048358 -0.299795 -11.887942
vn 0.094974 0.995480 -0.000070
v -4.046710 -0.299752 -9.059825
vn 0.094974 0.995480 -0.000070
v 6.155408 -0.098961 -11.863608
vn -0.090774 0.995872 0.000011
v 6.155754 -0.098961 -9.060903
vn -0.090774 0.995872 0.000011
v 3.952420 -0.299795 -9.060903
vn -0.090774 0.995872 0.000011
v 3.952420 -0.299795 -9.060903
vn -0.090543 0.995893 0.000194
v 3.946346 -0.299795 -11.889007
vn -0.090543 0.995893 0.000194
v 6.155408 -0.098961 -11.863608
vn -0.090543 0.995893 0.000194
v -4.046710 -0.299752 -9.059825
vn -0.000000 1.000000 -0.000015
v -4.048358 -0.299795 -11.887942
vn -0.000000 1.000000 -0.000015
v 3.946346 -0.299795 -11.889007
vn -0.000000 1.000000 -0.000015
v 3.946346 -0.299795 -11.889007
vn 0.000005 1.000000 -0.000000
v 3.952420 -0.299795 -9.060903
vn 0.000005 1.000000 -0.000000
v -4.046710 -0.299752 -9.059825
vn 0.000005 1.000000 -0.000000
vt 0.672568 0.550677
vt 0.635828 0.573508
vt 0.625384 0.573782
f 4046/13189/4046 4047/13190/4047 4048/13191/4048
vt 0.672568 0.550677
vt 0.625384 0.573782
vt 0.625480 0.424776
f 4046/13192/4046 4048/13193/4048 4049/13194/4049
vt 0.672568 0.550677
vt 0.625480 0.424776
vt 0.672568 0.424776
f 4046/13195/4046 4049/13196/4049 4050/13197/4050
vt 0.672568 0.424776
vt 0.625480 0.424776
vt 0.576781 0.225688
f 4050/13198/4050 4049/13199/4049 4051/13200/4051
vt 0.550348 0.424776
vt 0.625480 0.424776
vt 0.625384 0.573782
f 4052/13201/4052 4049/13202/4049 4048/13203/4048
vt 0.533172 0.295906
vt 0.576781 0.225688
vt 0.625480 0.424776
f 4053/13204/4053 4051/13205/4051 4049/13206/4049
vt 0.625480 0.424776
vt 0.550348 0.424776
vt 0.533172 0.295906
f 4049/13207/4049 4052/13208/4052 4053/13209/4053
vt 0.550348 0.219624
vt 0.576550 0.165511
vt 0.576781 0.225688
f 4054/13210/4054 4055/13211/4055 4051/13212/4051
vt 0.576781 0.225688
vt 0.533172 0.295906
vt 0.550348 0.219624
f 4051/13213/4051 4053/13214/4053 4054/13215/4054
vt 0.672568 0.550677
vt 0.672568 0.424776
vt 0.625480 0.424776
f 4056/13216/4056 4057/13217/4057 4058/13218/4058
vt 0.625480 0.424776
vt 0.625384 0.573782
vt 0.635828 0.573508
f 4058/13219/4058 4059/13220/4059 4060/13221/4060
vt 0.672568 0.550677
vt 0.625480 0.424776
vt 0.635828 0.573508
f 4056/13222/4056 4058/13223/4058 4060/13224/4060
vt 0.576781 0.225688
vt 0.625480 0.424776
vt 0.672568 0.424776
f 4061/13225/4061 4058/13226/4058 4057/13227/4057
vt 0.625384 0.573782
vt 0.625480 0.424776
vt 0.550348 0.424776
f 4059/13228/4059 4058/13229/4058 4062/13230/4062
vt 0.533172 0.295906
vt 0.550348 0.424776
vt 0.625480 0.424776
f 4063/13231/4063 4062/13232/4062 4058/13233/4058
vt 0.625480 0.424776
vt 0.576781 0.225688
vt 0.533172 0.295906
f 4058/13234/4058 4061/13235/4061 4063/13236/4063
vt 0.550348 0.219624
vt 0.533172 0.295906
vt 0.576781 0.225688
f 4064/13237/4064 4063/13238/4063 4061/13239/4061
vt 0.576781 0.225688
vt 0.576550 0.165511
vt 0.550348 0.219624
f 4061/13240/4061 4065/13241/4065 4064/13242/4064
vt 0.672568 0.424776
vt 0.672568 0.550677
vt 0.672568 0.550677
f 4057/13243/4057 4056/13244/4056 4046/13245/4046
vt 0.672568 0.550677
vt 0.672568 0.424776
vt 0.672568 0.424776
f 4046/13246/4046 4050/13247/4050 4057/13248/4057
vt 0.576781 0.225688
vt 0.672568 0.424776
vt 0.672568 0.424776
f 4061/13249/4061 4057/13250/4057 4050/13251/4050
vt 0.672568 0.424776
vt 0.576781 0.225688
vt 0.576781 0.225688
f 4050/13252/4050 4051/13253/4051 4061/13254/4061
vt 0.576550 0.165511
vt 0.576781 0.225688
vt 0.576781 0.225688
f 4065/13255/4065 4061/13256/4061 4051/13257/4051
vt 0.576781 0.225688
vt 0.576550 0.165511
vt 0.576550 0.165511
f 4051/13258/4051 4055/13259/4055 4065/13260/4065
vt 0.550348 0.219624
vt 0.576550 0.165511
vt 0.576550 0.165511
f 4064/13261/4064 4065/13262/4065 4055/13263/4055
vt 0.576550 0.165511
vt 0.550348 0.219624
vt 0.550348 0.219624
f 4055/13264/4055 4054/13265/4054 4064/13266/4064
vt 0.533172 0.295906
vt 0.550348 0.219624
vt 0.550348 0.219624
f 4063/13267/4063 4064/13268/4064 4054/13269/4054
vt 0.550348 0.219624
vt 0.533172 0.295906
vt 0.533172 0.295906
f 4054/13270/4054 4053/13271/4053 4063/13272/4063
vt 0.550348 0.424776
vt 0.533172 0.295906
vt 0.533172 0.295906
f 4062/13273/4062 4063/13274/4063 4053/13275/4053
vt 0.533172 0.295906
vt 0.550348 0.424776
vt 0.550348 0.424776
f 4053/13276/4053 4052/13277/4052 4062/13278/4062
vt 0.625384 0.573782
vt 0.550348 0.424776
vt 0.550348 0.424776
f 4059/13279/4059 4062/13280/4062 4052/13281/4052
vt 0.550348 0.424776
vt 0.625384 0.573782
vt 0.625384 0.573782
f 4052/13282/4052 4048/13283/4048 4059/13284/4059
vt 0.672568 0.550677
vt 0.635828 0.573508
vt 0.635828 0.573508
f 4056/13285/4056 4060/13286/4060 4047/13287/4047
vt 0.635828 0.573508
vt 0.672568 0.550677
vt 0.672568 0.550677
f 4047/13288/4047 4046/13289/4046 4056/13290/4056
vt 0.635828 0.573508
vt 0.635828 0.573508
vt 0.625384 0.573782
f 4047/13291/4047 4060/13292/4060 4059/13293/4059
vt 0.625384 0.573782
vt 0.625384 0.573782
vt 0.635828 0.573508
f 4059/13294/4059 4048/13295/4048 4047/13296/4047
vt 0.516709 0.046674
vt 0.009428 0.004306
vt 0.010711 0.129871
f 4066/13297/4066 4067/13298/4067 4068/13299/4068
vt 0.010711 0.129871
vt 0.541897 0.331698
vt 0.516709 0.046674
f 4068/13300/4068 4069/13301/4069 4066/13302/4066
vt 0.010578 0.129870
vt 0.009295 0.004305
vt 0.514888 0.046525
f 4070/13303/4070 4071/13304/4071 4072/13305/4072
vt 0.514888 0.046525
vt 0.540031 0.330998
vt 0.010578 0.129870
f 4072/13306/4072 4073/13307/4073 4070/13308/4070
vt 0.543921 0.021623
vt 0.531426 0.021623
vt 0.531426 0.164355
f 4074/13309/4074 4075/13310/4075 4076/13311/4076
vt 0.531426 0.164355
vt 0.543921 0.164355
vt 0.543921 0.021623
f 4077/13312/4077 4078/13313/4078 4074/13314/4074
vt 0.531426 0.022739
vt 0.531426 0.021623
vt 0.543921 0.021623
f 4079/13315/4079 4080/13316/4080 4074/13317/4074
vt 0.543921 0.021623
vt 0.543921 0.022739
vt 0.531426 0.022739
f 4074/13318/4074 4081/13319/4081 4082/13320/4082
vt 0.543921 0.022887
vt 0.531426 0.022887
vt 0.531426 0.171100
f 4083/13321/4083 4084/13322/4084 4085/13323/4085
vt 0.531426 0.171100
vt 0.543921 0.171100
vt 0.543921 0.022887
f 4086/13324/4086 4087/13325/4087 4083/13326/4083
vt 0.531426 0.021771
vt 0.531426 0.022887
vt 0.543921 0.022887
f 4088/13327/4088 4089/13328/4089 4083/13329/4083
vt 0.543921 0.022887
vt 0.543921 0.021771
vt 0.531426 0.021771
f 4083/13330/4083 4090/13331/4090 4091/13332/4091
vt 0.029625 0.428240
vt 0.529749 0.467914
vt 0.530992 0.340536
f 4092/13333/4092 4093/13334/4093 4094/13335/4094
vt 0.530992 0.340536
vt 0.005243 0.140106
vt 0.029625 0.428240
f 4095/13336/4095 4096/13337/4096 4092/13338/4092
vt 0.543921 0.171587
vt 0.531426 0.171587
vt 0.531426 0.022739
f 4097/13339/4097 4098/13340/4098 4099/13341/4099
vt 0.531426 0.022739
vt 0.543921 0.022739
vt 0.543921 0.171587
f 4100/13342/4100 4081/13343/4081 4097/13344/4097
vt 0.027872 0.428100
vt 0.003430 0.139409
vt 0.531071 0.340536
f 4101/13345/4101 4102/13346/4102 4103/13347/4103
vt 0.531071 0.340536
vt 0.529828 0.467914
vt 0.027872 0.428100
f 4104/13348/4104 4105/13349/4105 4106/13350/4106
vt 0.543921 0.163886
vt 0.531426 0.163886
vt 0.531426 0.021771
f 4107/13351/4107 4108/13352/4108 4109/13353/4109
vt 0.531426 0.021771
vt 0.543921 0.021771
vt 0.543921 0.163886
f 4110/13354/4110 4090/13355/4090 4111/13356/4111
vt 0.688858 0.485341
vt 0.829621 0.535900
vt 0.829621 0.295407
f 4112/13357/4112 4113/13358/4113 4114/13359/4114
vt 0.688858 0.485341
vt 0.829621 0.295407
vt 0.721111 0.180044
f 4112/13360/4112 4114/13361/4114 4115/13362/4115
vt 0.688858 0.485341
vt 0.721111 0.180044
vt 0.662113 0.175595
f 4112/13363/4112 4115/13364/4115 4116/13365/4116
vt 0.997129 0.175595
vt 0.938131 0.180044
vt 0.829621 0.295407
f 4117/13366/4117 4118/13367/4118 4114/13368/4114
vt 0.997129 0.175595
vt 0.829621 0.295407
vt 0.829621 0.535900
f 4117/13369/4117 4114/13370/4114 4113/13371/4113
vt 0.997129 0.175595
vt 0.829621 0.535900
vt 0.970384 0.485341
f 4117/13372/4117 4113/13373/4113 4119/13374/4119
vt 0.829621 0.295407
vt 0.938131 0.180044
vt 0.721111 0.180044
f 4114/13375/4114 4118/13376/4118 4115/13377/4115
vt 0.719497 0.077080
vt 0.662170 0.077051
vt 0.662113 0.175595
f 4120/13378/4120 4121/13379/4121 4116/13380/4116
vt 0.662113 0.175595
vt 0.721111 0.180044
vt 0.719497 0.077080
f 4116/13381/4116 4115/13382/4115 4120/13383/4120
vt 0.937129 0.077051
vt 0.938131 0.180044
vt 0.997129 0.175595
f 4122/13384/4122 4118/13385/4118 4117/13386/4117
vt 0.997129 0.175595
vt 0.997072 0.077051
vt 0.937129 0.077051
f 4117/13387/4117 4123/13388/4123 4122/13389/4122
vt 0.662170 0.077051
vt 0.719497 0.077080
vt 0.719451 0.004922
f 4121/13390/4121 4120/13391/4120 4124/13392/4124
vt 0.719451 0.004922
vt 0.662179 0.005574
vt 0.662170 0.077051
f 4124/13393/4124 4125/13394/4125 4121/13395/4121
vt 0.937129 0.077051
vt 0.997072 0.077051
vt 0.997063 0.005574
f 4122/13396/4122 4123/13397/4123 4126/13398/4126
vt 0.997063 0.005574
vt 0.936961 0.004893
vt 0.937129 0.077051
f 4126/13399/4126 4127/13400/4127 4122/13401/4122
vt 0.719451 0.004922
vt 0.719497 0.077080
vt 0.937129 0.077051
f 4124/13402/4124 4120/13403/4120 4122/13404/4122
vt 0.937129 0.077051
vt 0.936961 0.004893
vt 0.719451 0.004922
f 4122/13405/4122 4127/13406/4127 4124/13407/4124
vt 0.531266 0.175441
vt 0.531266 0.204850
vt 0.545088 0.204850
f 4128/13408/4128 4129/13409/4129 4130/13410/4130
vt 0.545088 0.204850
vt 0.545088 0.175441
vt 0.531266 0.175441
f 4130/13411/4130 4131/13412/4131 4128/13413/4128
vt 0.531266 0.175441
vt 0.531266 0.175441
vt 0.545088 0.175441
f 4132/13414/4132 4128/13415/4128 4131/13416/4131
vt 0.545088 0.175441
vt 0.545088 0.175441
vt 0.531266 0.175441
f 4131/13417/4131 4133/13418/4133 4132/13419/4132
vt 0.531266 0.025549
vt 0.531266 0.175441
vt 0.545088 0.175441
f 4134/13420/4134 4132/13421/4132 4133/13422/4133
vt 0.545088 0.175441
vt 0.545089 0.025549
vt 0.531266 0.025549
f 4133/13423/4133 4135/13424/4135 4134/13425/4134
vt 0.531266 0.204850
vt 0.531266 0.025549
vt 0.545089 0.025549
f 4136/13426/4136 4137/13427/4137 4138/13428/4138
vt 0.545089 0.025549
vt 0.545089 0.204850
vt 0.531266 0.204850
f 4138/13429/4138 4139/13430/4139 4136/13431/4136
vt 0.531266 0.025549
vt 0.531266 0.025549
vt 0.545089 0.025549
f 4137/13432/4137 4134/13433/4134 4135/13434/4135
vt 0.545089 0.025549
vt 0.545089 0.025549
vt 0.531266 0.025549
f 4135/13435/4135 4138/13436/4138 4137/13437/4137
vt 0.544818 0.175441
vt 0.530995 0.175441
vt 0.530995 0.204850
f 4140/13438/4140 4141/13439/4141 4142/13440/4142
vt 0.530995 0.204850
vt 0.544818 0.204850
vt 0.544818 0.175441
f 4142/13441/4142 4143/13442/4143 4140/13443/4140
vt 0.544818 0.175441
vt 0.530995 0.175441
vt 0.530995 0.175441
f 4144/13444/4144 4145/13445/4145 4141/13446/4141
vt 0.530995 0.175441
vt 0.544818 0.175441
vt 0.544818 0.175441
f 4141/13447/4141 4140/13448/4140 4144/13449/4144
vt 0.544818 0.025549
vt 0.530995 0.025549
vt 0.530995 0.175441
f 4146/13450/4146 4147/13451/4147 4145/13452/4145
vt 0.530995 0.175441
vt 0.544818 0.175441
vt 0.544818 0.025549
f 4145/13453/4145 4144/13454/4144 4146/13455/4146
vt 0.544818 0.204850
vt 0.530995 0.204850
vt 0.530995 0.025549
f 4148/13456/4148 4149/13457/4149 4150/13458/4150
vt 0.530995 0.025549
vt 0.544818 0.025549
vt 0.544818 0.204850
f 4150/13459/4150 4151/13460/4151 4148/13461/4148
vt 0.544818 0.025549
vt 0.530995 0.025549
vt 0.530995 0.025549
f 4151/13462/4151 4150/13463/4150 4147/13464/4147
vt 0.530995 0.025549
vt 0.544818 0.025549
vt 0.544818 0.025549
f 4147/13465/4147 4146/13466/4146 4151/13467/4151
vt 0.531681 0.023288
vt 0.531681 0.035669
vt 0.544477 0.035669
f 4152/13468/4152 4153/13469/4153 4154/13470/4154
vt 0.544477 0.035669
vt 0.544477 0.023288
vt 0.531681 0.023288
f 4154/13471/4154 4155/13472/4155 4152/13473/4152
vt 0.531681 0.035669
vt 0.531681 0.049820
vt 0.544477 0.049820
f 4153/13474/4153 4156/13475/4156 4157/13476/4157
vt 0.544477 0.049820
vt 0.544477 0.035669
vt 0.531681 0.035669
f 4157/13477/4157 4154/13478/4154 4153/13479/4153
vt 0.531681 0.049820
vt 0.531681 0.049820
vt 0.544477 0.049820
f 4156/13480/4156 4158/13481/4158 4159/13482/4159
vt 0.544477 0.049820
vt 0.544477 0.049820
vt 0.531681 0.049820
f 4159/13483/4159 4157/13484/4157 4156/13485/4156
vt 0.531681 0.049820
vt 0.531681 0.071930
vt 0.544477 0.071930
f 4158/13486/4158 4160/13487/4160 4161/13488/4161
vt 0.544477 0.071930
vt 0.544477 0.049820
vt 0.531681 0.049820
f 4161/13489/4161 4159/13490/4159 4158/13491/4158
vt 0.531681 0.209895
vt 0.531681 0.023288
vt 0.544477 0.023288
f 4162/13492/4162 4163/13493/4163 4164/13494/4164
vt 0.544477 0.023288
vt 0.544477 0.209895
vt 0.531681 0.209895
f 4164/13495/4164 4165/13496/4165 4162/13497/4162
vt 0.531681 0.071930
vt 0.531681 0.209895
vt 0.544477 0.209895
f 4160/13498/4160 4166/13499/4166 4167/13500/4167
vt 0.544477 0.209895
vt 0.544477 0.071930
vt 0.531681 0.071930
f 4167/13501/4167 4161/13502/4161 4160/13503/4160
vt 0.531681 0.209895
vt 0.531681 0.209895
vt 0.544477 0.209895
f 4166/13504/4166 4162/13505/4162 4165/13506/4165
vt 0.544477 0.209895
vt 0.544477 0.209895
vt 0.531681 0.209895
f 4165/13507/4165 4167/13508/4167 4166/13509/4166
vt 0.544226 0.023288
vt 0.531430 0.023288
vt 0.531430 0.035669
f 4168/13510/4168 4169/13511/4169 4170/13512/4170
vt 0.531430 0.035669
vt 0.544226 0.035669
vt 0.544226 0.023288
f 4170/13513/4170 4171/13514/4171 4168/13515/4168
vt 0.544226 0.035669
vt 0.531430 0.035669
vt 0.531431 0.049820
f 4171/13516/4171 4170/13517/4170 4172/13518/4172
vt 0.531431 0.049820
vt 0.544226 0.049820
vt 0.544226 0.035669
f 4172/13519/4172 4173/13520/4173 4171/13521/4171
vt 0.544226 0.049820
vt 0.531431 0.049820
vt 0.531431 0.049820
f 4173/13522/4173 4172/13523/4172 4174/13524/4174
vt 0.531431 0.049820
vt 0.544226 0.049820
vt 0.544226 0.049820
f 4174/13525/4174 4175/13526/4175 4173/13527/4173
vt 0.544226 0.049820
vt 0.531431 0.049820
vt 0.531431 0.071930
f 4175/13528/4175 4174/13529/4174 4176/13530/4176
vt 0.531431 0.071930
vt 0.544226 0.071930
vt 0.544226 0.049820
f 4176/13531/4176 4177/13532/4177 4175/13533/4175
vt 0.544226 0.209895
vt 0.531431 0.209895
vt 0.531431 0.023288
f 4178/13534/4178 4179/13535/4179 4180/13536/4180
vt 0.531431 0.023288
vt 0.544226 0.023288
vt 0.544226 0.209895
f 4180/13537/4180 4181/13538/4181 4178/13539/4178
vt 0.544226 0.071930
vt 0.531431 0.071930
vt 0.531431 0.209895
f 4177/13540/4177 4176/13541/4176 4182/13542/4182
vt 0.531431 0.209895
vt 0.544226 0.209895
vt 0.544226 0.071930
f 4182/13543/4182 4183/13544/4183 4177/13545/4177
vt 0.544226 0.209895
vt 0.531431 0.209895
vt 0.531431 0.209895
f 4183/13546/4183 4182/13547/4182 4179/13548/4179
vt 0.531431 0.209895
vt 0.544226 0.209895
vt 0.544226 0.209895
f 4179/13549/4179 4178/13550/4178 4183/13551/4183
vt 0.580979 0.727657
vt 0.549559 0.932426
vt 0.634067 0.932426
f 4184/13552/4184 4185/13553/4185 4186/13554/4186
vt 0.580979 0.727657
vt 0.634067 0.932426
vt 0.721825 0.761243
f 4187/13555/4187 4188/13556/4188 4189/13557/4189
vt 0.580979 0.727657
vt 0.721825 0.761243
vt 0.967765 0.761243
f 4190/13558/4190 4191/13559/4191 4192/13560/4192
vt 0.580979 0.727657
vt 0.967765 0.761243
vt 0.999714 0.727657
f 4193/13561/4193 4194/13562/4194 4195/13563/4195
vt 0.721825 0.761243
vt 0.634067 0.932426
vt 0.549559 0.932426
f 4196/13564/4196 4197/13565/4197 4198/13566/4198
vt 0.721825 0.761243
vt 0.549559 0.932426
vt 0.580979 0.727657
f 4199/13567/4199 4200/13568/4200 4201/13569/4201
vt 0.580979 0.727657
vt 0.999714 0.727657
vt 0.967765 0.761243
f 4202/13570/4202 4203/13571/4203 4204/13572/4204
vt 0.721825 0.761243
vt 0.580979 0.727657
vt 0.967765 0.761243
f 4205/13573/4205 4206/13574/4206 4207/13575/4207
vt 0.634067 0.932426
vt 0.549559 0.932426
vt 0.580979 0.727657
f 4208/13576/4208 4209/13577/4209 4210/13578/4210
vt 0.580979 0.727657
vt 0.999714 0.727657
vt 0.967765 0.761243
f 4211/13579/4211 4212/13580/4212 4213/13581/4213
vt 0.580979 0.727657
vt 0.967765 0.761243
vt 0.721825 0.761243
f 4214/13582/4214 4215/13583/4215 4216/13584/4216
vt 0.634067 0.932426
vt 0.580979 0.727657
vt 0.721825 0.761243
f 4217/13585/4217 4218/13586/4218 4219/13587/4219
vt 0.549559 0.932426
vt 0.634067 0.932426
vt 0.721825 0.761243
f 4220/13588/4220 4221/13589/4221 4222/13590/4222
vt 0.967765 0.761243
vt 0.999714 0.727657
vt 0.580979 0.727657
f 4223/13591/4223 4224/13592/4224 4225/13593/4225
vt 0.721825 0.761243
vt 0.967765 0.761243
vt 0.580979 0.727657
f 4226/13594/4226 4227/13595/4227 4228/13596/4228
vt 0.549559 0.932426
vt 0.721825 0.761243
vt 0.580979 0.727657
f 4229/13597/4229 4230/13598/4230 4231/13599/4231
vt 0.535870 0.036613
vt 0.535870 0.115004
vt 0.539989 0.115004
f 4232/13600/4232 4233/13601/4233 4234/13602/4234
vt 0.539989 0.115004
vt 0.539989 0.036613
vt 0.535870 0.036613
f 4235/13603/4235 4236/13604/4236 4232/13605/4232
vt 0.535870 0.115004
vt 0.535870 0.193396
vt 0.539989 0.193396
f 4233/13606/4233 4237/13607/4237 4238/13608/4238
vt 0.539989 0.193396
vt 0.539989 0.115004
vt 0.535870 0.115004
f 4239/13609/4239 4240/13610/4240 4233/13611/4233
vt 0.535870 0.193396
vt 0.531720 0.208290
vt 0.545726 0.208290
f 4237/13612/4237 4241/13613/4241 4242/13614/4242
vt 0.545726 0.208290
vt 0.539989 0.193396
vt 0.535870 0.193396
f 4243/13615/4243 4244/13616/4244 4237/13617/4237
vt 0.534477 0.208253
vt 0.531817 0.174782
vt 0.536337 0.174782
f 4245/13618/4245 4246/13619/4246 4247/13620/4247
vt 0.536337 0.174782
vt 0.536337 0.208253
vt 0.534477 0.208253
f 4248/13621/4248 4249/13622/4249 4245/13623/4245
vt 0.531817 0.053650
vt 0.534477 0.021756
vt 0.536337 0.021756
f 4250/13624/4250 4251/13625/4251 4252/13626/4252
vt 0.536337 0.021756
vt 0.536337 0.053650
vt 0.531817 0.053650
f 4253/13627/4253 4254/13628/4254 4250/13629/4250
vt 0.531720 0.021719
vt 0.535870 0.036613
vt 0.539989 0.036613
f 4255/13630/4255 4232/13631/4232 4256/13632/4256
vt 0.539989 0.036613
vt 0.545726 0.021719
vt 0.531720 0.021719
f 4257/13633/4257 4258/13634/4258 4255/13635/4255
vt 0.545726 0.175434
vt 0.531817 0.175434
vt 0.531817 0.054575
f 4259/13636/4259 4260/13637/4260 4261/13638/4261
vt 0.531817 0.054575
vt 0.545726 0.055068
vt 0.545726 0.175434
f 4261/13639/4261 4262/13640/4262 4263/13641/4263
vt 0.536337 0.208258
vt 0.545726 0.208290
vt 0.531720 0.208290
f 4264/13642/4264 4265/13643/4265 4241/13644/4241
vt 0.531720 0.208290
vt 0.534477 0.208258
vt 0.536337 0.208258
f 4241/13645/4241 4266/13646/4266 4267/13647/4267
vt 0.531817 0.174874
vt 0.531817 0.175434
vt 0.545726 0.175434
f 4268/13648/4268 4260/13649/4260 4269/13650/4269
vt 0.545726 0.175434
vt 0.536337 0.174876
vt 0.531817 0.174874
f 4270/13651/4270 4271/13652/4271 4268/13653/4268
vt 0.534477 0.021750
vt 0.531720 0.021719
vt 0.545726 0.021719
f 4272/13654/4272 4255/13655/4255 4273/13656/4273
vt 0.545726 0.021719
vt 0.536337 0.021750
vt 0.534477 0.021750
f 4274/13657/4274 4275/13658/4275 4272/13659/4272
vt 0.536338 0.053676
vt 0.545726 0.055068
vt 0.531817 0.054575
f 4276/13660/4276 4277/13661/4277 4261/13662/4261
vt 0.531817 0.054575
vt 0.531818 0.053675
vt 0.536338 0.053676
f 4261/13663/4261 4278/13664/4278 4279/13665/4279
vt 0.536337 0.208253
vt 0.536337 0.208258
vt 0.534477 0.208258
f 4280/13666/4280 4281/13667/4281 4266/13668/4266
vt 0.534477 0.208258
vt 0.534477 0.208253
vt 0.536337 0.208253
f 4266/13669/4266 4245/13670/4245 4282/13671/4282
vt 0.534477 0.021750
vt 0.536337 0.021750
vt 0.536337 0.021756
f 4272/13672/4272 4283/13673/4283 4284/13674/4284
vt 0.536337 0.021756
vt 0.534477 0.021756
vt 0.534477 0.021750
f 4285/13675/4285 4251/13676/4251 4272/13677/4272
vt 0.531817 0.053650
vt 0.536337 0.053650
vt 0.536337 0.174782
f 4250/13678/4250 4286/13679/4286 4287/13680/4287
vt 0.536337 0.174782
vt 0.531817 0.174782
vt 0.531817 0.053650
f 4288/13681/4288 4246/13682/4246 4250/13683/4250
vt 0.536338 0.053676
vt 0.531818 0.053675
vt 0.531817 0.174874
f 4289/13684/4289 4278/13685/4278 4268/13686/4268
vt 0.531817 0.174874
vt 0.536337 0.174876
vt 0.536338 0.053676
f 4268/13687/4268 4290/13688/4290 4291/13689/4291
vt 0.387312 0.715808
vt 0.517103 0.715808
vt 0.524001 0.615673
f 4292/13690/4292 4293/13691/4293 4294/13692/4294
vt 0.524001 0.615673
vt 0.380413 0.615673
vt 0.387312 0.715808
f 4294/13693/4294 4295/13694/4295 4292/13695/4292
vt 0.380413 0.615673
vt 0.524001 0.615673
vt 0.524001 0.518759
f 4295/13696/4295 4294/13697/4294 4296/13698/4296
vt 0.524001 0.518759
vt 0.380413 0.518759
vt 0.380413 0.615673
f 4296/13699/4296 4297/13700/4297 4295/13701/4295
vt 0.380413 0.518759
vt 0.524001 0.518759
vt 0.524241 0.480623
f 4297/13702/4297 4296/13703/4296 4298/13704/4298
vt 0.524241 0.480623
vt 0.380173 0.480623
vt 0.380413 0.518759
f 4298/13705/4298 4299/13706/4299 4297/13707/4297
vt 0.517103 0.715808
vt 0.544800 0.615673
vt 0.524001 0.615673
f 4293/13708/4293 4300/13709/4300 4294/13710/4294
vt 0.544800 0.615673
vt 0.544800 0.518759
vt 0.524001 0.518759
f 4300/13711/4300 4301/13712/4301 4296/13713/4296
vt 0.524001 0.518759
vt 0.524001 0.615673
vt 0.544800 0.615673
f 4296/13714/4296 4294/13715/4294 4300/13716/4300
vt 0.524241 0.480623
vt 0.524001 0.518759
vt 0.544800 0.518759
f 4298/13717/4298 4296/13718/4296 4301/13719/4301
vt 0.380173 0.480623
vt 0.359615 0.518759
vt 0.380413 0.518759
f 4299/13720/4299 4302/13721/4302 4297/13722/4297
vt 0.359615 0.518759
vt 0.359615 0.615673
vt 0.380413 0.615673
f 4302/13723/4302 4303/13724/4303 4295/13725/4295
vt 0.380413 0.615673
vt 0.380413 0.518759
vt 0.359615 0.518759
f 4295/13726/4295 4297/13727/4297 4302/13728/4302
vt 0.387312 0.715808
vt 0.380413 0.615673
vt 0.359615 0.615673
f 4292/13729/4292 4295/13730/4295 4303/13731/4303
vt 0.849520 0.938170
vt 0.864791 0.768005
vt 0.942238 0.768005
f 4304/13732/4304 4305/13733/4305 4306/13734/4306
vt 0.849520 0.938170
vt 0.942238 0.768005
vt 0.993505 0.998164
f 4307/13735/4307 4308/13736/4308 4309/13737/4309
vt 0.993505 0.998164
vt 0.446856 0.998164
vt 0.447521 0.982892
f 4310/13738/4310 4311/13739/4311 4312/13740/4312
vt 0.993505 0.998164
vt 0.447521 0.982892
vt 0.583871 0.965440
f 4313/13741/4313 4314/13742/4314 4315/13743/4315
vt 0.993505 0.998164
vt 0.583871 0.965440
vt 0.805888 0.965440
f 4316/13744/4316 4317/13745/4317 4318/13746/4318
vt 0.849520 0.938170
vt 0.993505 0.998164
vt 0.805888 0.965440
f 4319/13747/4319 4320/13748/4320 4321/13749/4321
vt 0.805888 0.965440
vt 0.583871 0.965440
vt 0.447521 0.982892
f 4322/13750/4322 4323/13751/4323 4324/13752/4324
vt 0.447521 0.982892
vt 0.446856 0.998164
vt 0.993505 0.998164
f 4325/13753/4325 4326/13754/4326 4327/13755/4327
vt 0.805888 0.965440
vt 0.447521 0.982892
vt 0.993505 0.998164
f 4328/13756/4328 4329/13757/4329 4330/13758/4330
vt 0.993505 0.998164
vt 0.942238 0.768005
vt 0.864791 0.768005
f 4331/13759/4331 4332/13760/4332 4333/13761/4333
vt 0.993505 0.998164
vt 0.864791 0.768005
vt 0.849520 0.938170
f 4334/13762/4334 4335/13763/4335 4336/13764/4336
vt 0.805888 0.965440
vt 0.993505 0.998164
vt 0.849520 0.938170
f 4337/13765/4337 4338/13766/4338 4339/13767/4339
vt 0.942238 0.768005
vt 0.864791 0.768005
vt 0.849520 0.938170
f 4340/13768/4340 4341/13769/4341 4342/13770/4342
vt 0.447521 0.982892
vt 0.446856 0.998164
vt 0.993505 0.998164
f 4343/13771/4343 4344/13772/4344 4345/13773/4345
vt 0.583871 0.965440
vt 0.447521 0.982892
vt 0.993505 0.998164
f 4346/13774/4346 4347/13775/4347 4348/13776/4348
vt 0.805888 0.965440
vt 0.583871 0.965440
vt 0.993505 0.998164
f 4349/13777/4349 4350/13778/4350 4351/13779/4351
vt 0.849520 0.938170
vt 0.805888 0.965440
vt 0.993505 0.998164
f 4352/13780/4352 4353/13781/4353 4354/13782/4354
vt 0.942238 0.768005
vt 0.849520 0.938170
vt 0.993505 0.998164
f 4355/13783/4355 4356/13784/4356 4357/13785/4357
vt 0.447521 0.982892
vt 0.583871 0.965440
vt 0.805888 0.965440
f 4358/13786/4358 4359/13787/4359 4360/13788/4360
vt 0.864791 0.768005
vt 0.942238 0.768005
vt 0.993505 0.998164
f 4361/13789/4361 4362/13790/4362 4363/13791/4363
vt 0.849520 0.938170
vt 0.864791 0.768005
vt 0.993505 0.998164
f 4364/13792/4364 4365/13793/4365 4366/13794/4366
vt 0.805888 0.965440
vt 0.849520 0.938170
vt 0.993505 0.998164
f 4367/13795/4367 4368/13796/4368 4369/13797/4369
vt 0.447521 0.982892
vt 0.805888 0.965440
vt 0.993505 0.998164
f 4370/13798/4370 4371/13799/4371 4372/13800/4372
vt 0.447521 0.982892
vt 0.993505 0.998164
vt 0.446856 0.998164
f 4373/13801/4373 4374/13802/4374 4375/13803/4375
vt 0.438065 0.959624
vt 0.438065 0.959624
vt 0.466765 0.959624
f 4376/13804/4376 4377/13805/4377 4378/13806/4378
vt 0.466765 0.959624
vt 0.466765 0.959624
vt 0.438065 0.959624
f 4379/13807/4379 4380/13808/4380 4376/13809/4376
vt 0.438065 0.959624
vt 0.413281 0.857689
vt 0.491549 0.857689
f 4377/13810/4377 4381/13811/4381 4382/13812/4382
vt 0.491549 0.857689
vt 0.466765 0.959624
vt 0.438065 0.959624
f 4383/13813/4383 4384/13814/4384 4377/13815/4377
vt 0.413281 0.857689
vt 0.413281 0.759034
vt 0.491549 0.759034
f 4381/13816/4381 4385/13817/4385 4386/13818/4386
vt 0.491549 0.759034
vt 0.491549 0.857689
vt 0.413281 0.857689
f 4387/13819/4387 4388/13820/4388 4381/13821/4381
vt 0.413281 0.759034
vt 0.413382 0.720212
vt 0.491448 0.720212
f 4385/13822/4385 4389/13823/4389 4390/13824/4390
vt 0.491448 0.720212
vt 0.491549 0.759034
vt 0.413281 0.759034
f 4391/13825/4391 4392/13826/4392 4385/13827/4385
vt 0.413382 0.720212
vt 0.413281 0.759034
vt 0.491549 0.759034
f 4393/13828/4393 4394/13829/4394 4395/13830/4395
vt 0.491549 0.759034
vt 0.491448 0.720212
vt 0.413382 0.720212
f 4396/13831/4396 4397/13832/4397 4393/13833/4393
vt 0.413281 0.759034
vt 0.413281 0.857689
vt 0.491549 0.857689
f 4394/13834/4394 4398/13835/4398 4399/13836/4399
vt 0.491549 0.857689
vt 0.491549 0.759034
vt 0.413281 0.759034
f 4400/13837/4400 4401/13838/4401 4394/13839/4394
vt 0.413281 0.857689
vt 0.438065 0.959624
vt 0.466765 0.959624
f 4398/13840/4398 4376/13841/4376 4402/13842/4402
vt 0.466765 0.959624
vt 0.491549 0.857689
vt 0.413281 0.857689
f 4403/13843/4403 4404/13844/4404 4398/13845/4398
vt 0.387543 0.957760
vt 0.380609 0.857903
vt 0.524935 0.857903
f 4405/13846/4405 4406/13847/4406 4407/13848/4407
vt 0.524935 0.857903
vt 0.518000 0.957760
vt 0.387543 0.957760
f 4407/13849/4407 4408/13850/4408 4409/13851/4409
vt 0.380609 0.857903
vt 0.380609 0.761258
vt 0.524935 0.761258
f 4406/13852/4406 4410/13853/4410 4411/13854/4411
vt 0.524935 0.761258
vt 0.524935 0.857903
vt 0.380609 0.857903
f 4411/13855/4411 4407/13856/4407 4406/13857/4406
vt 0.380609 0.761258
vt 0.380368 0.723228
vt 0.525176 0.723228
f 4410/13858/4410 4412/13859/4412 4413/13860/4413
vt 0.525176 0.723228
vt 0.524935 0.761258
vt 0.380609 0.761258
f 4414/13861/4414 4411/13862/4411 4410/13863/4410
vt 0.518000 0.957760
vt 0.524935 0.857903
vt 0.545840 0.857903
f 4415/13864/4415 4407/13865/4407 4416/13866/4416
vt 0.524935 0.857903
vt 0.524935 0.761258
vt 0.545840 0.761258
f 4407/13867/4407 4411/13868/4411 4417/13869/4417
vt 0.545840 0.761258
vt 0.545840 0.857903
vt 0.524935 0.857903
f 4418/13870/4418 4419/13871/4419 4407/13872/4407
vt 0.525176 0.723228
vt 0.545840 0.761258
vt 0.524935 0.761258
f 4420/13873/4420 4421/13874/4421 4411/13875/4411
vt 0.380368 0.723228
vt 0.380609 0.761258
vt 0.359703 0.761258
f 4422/13876/4422 4410/13877/4410 4423/13878/4423
vt 0.380609 0.761258
vt 0.380609 0.857903
vt 0.359703 0.857903
f 4410/13879/4410 4406/13880/4406 4424/13881/4424
vt 0.359703 0.857903
vt 0.359703 0.761258
vt 0.380609 0.761258
f 4425/13882/4425 4426/13883/4426 4410/13884/4410
vt 0.387543 0.957760
vt 0.359703 0.857903
vt 0.380609 0.857903
f 4427/13885/4427 4428/13886/4428 4406/13887/4406
vt 0.048816 0.940207
vt 0.022864 0.637035
vt 0.080112 0.641389
f 4429/13888/4429 4430/13889/4430 4431/13890/4431
vt 0.048816 0.940207
vt 0.080112 0.641389
vt 0.185403 0.754406
f 4432/13891/4432 4433/13892/4433 4434/13893/4434
vt 0.048816 0.940207
vt 0.185403 0.754406
vt 0.185403 0.989692
f 4435/13894/4435 4434/13895/4434 4436/13896/4436
vt 0.185403 0.989692
vt 0.185403 0.754406
vt 0.290694 0.641389
f 4437/13897/4437 4434/13898/4434 4438/13899/4438
vt 0.185403 0.989692
vt 0.290694 0.641389
vt 0.347941 0.637035
f 4439/13900/4439 4440/13901/4440 4441/13902/4441
vt 0.185403 0.989692
vt 0.347941 0.637035
vt 0.321990 0.940207
f 4442/13903/4442 4443/13904/4443 4444/13905/4444
vt 0.080112 0.641389
vt 0.290694 0.641389
vt 0.185403 0.754406
f 4445/13906/4445 4446/13907/4446 4434/13908/4434
vt 0.078545 0.540591
vt 0.080112 0.641389
vt 0.022864 0.637035
f 4447/13909/4447 4448/13910/4448 4449/13911/4449
vt 0.022864 0.637035
vt 0.022920 0.540562
vt 0.078545 0.540591
f 4450/13912/4450 4451/13913/4451 4452/13914/4452
vt 0.289719 0.540562
vt 0.347886 0.540562
vt 0.347941 0.637035
f 4453/13915/4453 4454/13916/4454 4455/13917/4455
vt 0.347941 0.637035
vt 0.290694 0.641389
vt 0.289719 0.540562
f 4456/13918/4456 4457/13919/4457 4458/13920/4458
vt 0.078545 0.540591
vt 0.022920 0.540562
vt 0.022929 0.466985
f 4459/13921/4459 4460/13922/4460 4461/13923/4461
vt 0.022929 0.466985
vt 0.078501 0.466346
vt 0.078545 0.540591
f 4462/13924/4462 4463/13925/4463 4464/13926/4464
vt 0.347877 0.466985
vt 0.347886 0.540562
vt 0.289719 0.540562
f 4465/13927/4465 4466/13928/4466 4467/13929/4467
vt 0.289719 0.540562
vt 0.289558 0.466318
vt 0.347877 0.466985
f 4468/13930/4468 4469/13931/4469 4470/13932/4470
vt 0.078545 0.540591
vt 0.078501 0.466346
vt 0.289558 0.466318
f 4471/13933/4471 4472/13934/4472 4473/13935/4473
vt 0.289558 0.466318
vt 0.289719 0.540562
vt 0.078545 0.540591
f 4474/13936/4474 4475/13937/4475 4476/13938/4476
usemtl tex1_0
v 0.014682 1.244877 -7.233575
vn -0.000000 0.969867 0.243636
v 0.014682 1.180083 -6.952812
vn -0.000000 0.970898 0.239492
v -1.211134 1.154896 -6.952398
vn -0.027296 0.971996 0.233409
v -1.244721 1.221730 -7.232251
vn -0.028622 0.963824 0.265000
v -2.500815 0.653344 -6.952398
vn -0.951609 0.174590 0.252899
v -2.565989 0.176650 -6.952812
vn -0.959399 0.000005 0.282052
v -2.620987 0.176279 -7.233575
vn -0.974842 0.000004 0.222899
v -2.564054 0.686822 -7.232251
vn -0.945565 0.170240 0.277355
v 2.650352 0.176279 -7.233575
vn 0.974841 0.000004 0.222903
v 2.595353 0.176650 -6.952812
vn 0.959398 0.000005 0.282055
v 2.530179 0.653344 -6.952398
vn 0.951609 0.174590 0.252902
v 2.593419 0.686822 -7.232251
vn 0.945564 0.170241 0.277357
v 1.240498 1.154896 -6.952398
vn 0.027296 0.971996 0.233409
v 1.274086 1.221730 -7.232251
vn 0.028622 0.963824 0.265000
v -1.177446 -0.730179 -6.656810
vn -0.021960 -0.963939 0.265215
v 0.014681 -0.746064 -6.654322
vn -0.000000 -0.956226 0.292628
v 0.014682 -0.826784 -6.952812
vn -0.000000 -0.970324 0.241810
v -1.211134 -0.801597 -6.952398
vn -0.027278 -0.971423 0.235781
v -2.412585 -0.268219 -6.656810
vn -0.917440 -0.143286 0.371178
v -2.500815 -0.300044 -6.952398
vn -0.951502 -0.174567 0.253319
v -2.453446 0.177020 -6.654322
vn -0.903592 0.000004 0.428394
v -1.154509 -0.240626 -6.350331
vn -0.014578 -0.040581 0.999070
v -1.164724 0.177409 -6.340376
vn -0.020218 -0.000000 0.999796
v 0.014681 0.177430 -6.324136
vn 0.000000 0.000001 1.000000
v 0.014681 -0.244585 -6.340376
vn 0.000000 -0.056231 0.998418
v 2.441948 -0.268219 -6.656810
vn 0.917439 -0.143286 0.371181
v 2.482809 0.177020 -6.654322
vn 0.903591 0.000004 0.428397
v 2.530179 -0.300044 -6.952398
vn 0.951501 -0.174567 0.253323
v 1.206809 -0.730179 -6.656810
vn 0.021960 -0.963939 0.265215
v 1.240498 -0.801597 -6.952398
vn 0.027278 -0.971423 0.235781
v 1.183871 -0.240626 -6.350331
vn 0.014578 -0.040581 0.999070
v 1.194086 0.177409 -6.340376
vn 0.020218 -0.000000 0.999796
v -1.154509 0.595420 -6.350330
vn -0.014580 0.040585 0.999070
v 0.014681 0.599404 -6.340376
vn -0.000000 0.056238 0.998417
v -2.412585 0.622253 -6.656810
vn -0.917561 0.143308 0.370870
v -1.177446 1.084213 -6.656810
vn -0.021973 0.964548 0.262990
v 0.014681 1.100104 -6.654322
vn -0.000000 0.956888 0.290457
v 1.206809 1.084213 -6.656810
vn 0.021973 0.964548 0.262990
v 2.441948 0.622253 -6.656810
vn 0.917560 0.143308 0.370873
v 1.183871 0.595420 -6.350330
vn 0.014580 0.040585 0.999070
v -2.564054 -0.334267 -7.232251
vn -0.945442 -0.170211 0.277789
v 0.014682 -0.892318 -7.233575
vn -0.000000 -0.969245 0.246097
v -1.244721 -0.869174 -7.232251
vn -0.028593 -0.963138 0.267485
v 2.593419 -0.334267 -7.232251
vn 0.945442 -0.170211 0.277791
v 1.274086 -0.869174 -7.232251
vn 0.028593 -0.963138 0.267485
v -2.634028 0.718592 -7.481527
vn -0.949285 0.135464 0.283738
v -2.527892 1.248871 -7.474108
vn -0.587145 0.711089 0.386798
v -2.444150 1.173056 -7.230998
vn -0.583619 0.724434 0.366858
v -1.276264 1.294277 -7.481527
vn -0.024183 0.959058 0.282176
v 2.473515 1.173056 -7.230998
vn 0.583618 0.724434 0.366859
v 2.557257 1.248871 -7.474108
vn 0.587145 0.711089 0.386798
v 2.663393 0.718592 -7.481527
vn 0.949285 0.135465 0.283738
v 1.305630 1.294277 -7.481527
vn 0.024183 0.959058 0.282176
v -2.269683 -0.238254 -6.375084
vn -0.886179 -0.074078 0.457383
v -2.230125 -0.626576 -6.384907
vn -0.578659 -0.701681 0.415689
v -2.312118 -0.692033 -6.659168
vn -0.593929 -0.737450 0.321583
v -1.145978 -0.641335 -6.375085
vn -0.007169 -0.061809 0.998062
v -2.230125 -0.626576 -6.384907
vn -0.009884 -0.061865 0.998036
v -2.230125 -0.626576 -6.384907
vn -0.022241 -0.027545 0.999373
v -2.269683 -0.238254 -6.375084
vn -0.022241 -0.027545 0.999373
v -1.145978 -0.641335 -6.375085
vn -0.015714 -0.953079 0.302315
v 1.175340 -0.641335 -6.375085
vn 0.011558 -0.953266 0.301910
v 2.259487 -0.626576 -6.384907
vn 0.578658 -0.701681 0.415690
v 2.341481 -0.692033 -6.659168
vn 0.593929 -0.737449 0.321585
v 2.299045 -0.238254 -6.375084
vn 0.022229 -0.019961 0.999554
v 2.259487 -0.626576 -6.384907
vn 0.022241 -0.027545 0.999373
v 2.259487 -0.626576 -6.384907
vn 0.009884 -0.061865 0.998036
v 1.175340 -0.641335 -6.375085
vn 0.009884 -0.061865 0.998036
v 2.299045 -0.238254 -6.375084
vn 0.882822 -0.101533 0.458603
v -2.312118 1.046061 -6.659167
vn -0.594172 0.737973 0.319932
v -2.230125 0.981284 -6.384907
vn -0.578940 0.702313 0.414228
v -2.269683 0.592987 -6.375084
vn -0.886253 0.074085 0.457238
v -1.145978 0.996068 -6.375084
vn -0.011567 0.953945 0.299758
v -2.269683 0.592987 -6.375084
vn -0.022244 0.027547 0.999373
v -2.230125 0.981284 -6.384907
vn -0.022244 0.027547 0.999373
v -2.230125 0.981284 -6.384907
vn -0.009886 0.061874 0.998035
v -1.145978 0.996068 -6.375084
vn -0.009886 0.061874 0.998035
v 2.299045 0.592987 -6.375084
vn 0.886253 0.074084 0.457239
v 2.259487 0.981284 -6.384907
vn 0.578939 0.702313 0.414229
v 2.341481 1.046061 -6.659167
vn 0.594171 0.737972 0.319934
v 1.175340 0.996068 -6.375084
vn 0.007171 0.061818 0.998062
v 2.259487 0.981284 -6.384907
vn 0.009886 0.061874 0.998035
v 2.259487 0.981284 -6.384907
vn 0.022244 0.027547 0.999373
v 2.299045 0.592987 -6.375084
vn 0.022244 0.027547 0.999373
v 1.175340 0.996068 -6.375084
vn 0.015726 0.953758 0.300164
v -2.444150 -0.820504 -7.230998
vn -0.583325 -0.723772 0.368629
v -2.527892 -0.897040 -7.474108
vn -0.586842 -0.710378 0.388561
v -2.634028 -0.366746 -7.481527
vn -0.949183 -0.135440 0.284091
v -1.276264 -0.942431 -7.481527
vn -0.024146 -0.958317 0.284685
v 2.473515 -0.820504 -7.230998
vn 0.583324 -0.723771 0.368629
v 2.557257 -0.897040 -7.474108
vn 0.586842 -0.710378 0.388561
v 1.305630 -0.942431 -7.481527
vn 0.024146 -0.958317 0.284685
v 2.663393 -0.366746 -7.481527
vn 0.949183 -0.135441 0.284091
v 0.014683 1.315557 -7.484035
vn -0.000000 0.961040 0.276410
v -1.145978 0.996068 -6.375084
vn -0.004455 0.061761 0.998081
v 0.014681 1.003600 -6.370369
vn -0.000000 0.067883 0.997693
v 0.014681 1.003600 -6.370369
vn -0.013291 0.946730 0.321754
v 0.014681 1.003600 -6.370369
vn -0.007408 0.954116 0.299346
v 1.175340 0.996068 -6.375084
vn 0.007408 0.954116 0.299347
v 0.014681 1.003600 -6.370369
vn 0.007408 0.954116 0.299347
v 0.014681 1.003600 -6.370369
vn 0.013291 0.946730 0.321754
v 2.299045 -0.238254 -6.375084
vn 0.888855 -0.046563 0.455816
v 2.318400 0.177372 -6.370369
vn 0.877925 0.000003 0.478799
v 2.318400 0.177372 -6.370369
vn 0.026659 -0.024449 0.999346
v 2.318400 0.177372 -6.370369
vn 0.022216 -0.012375 0.999677
v 2.299045 0.592987 -6.375084
vn 0.022217 0.012376 0.999677
v 2.318400 0.177372 -6.370369
vn 0.022217 0.012376 0.999677
v 2.318400 0.177372 -6.370369
vn 0.026660 0.024449 0.999346
v -1.145978 -0.641335 -6.375085
vn -0.007402 -0.953437 0.301500
v 0.014681 -0.648855 -6.370370
vn -0.000000 -0.949845 0.312720
v 0.014681 -0.648855 -6.370370
vn -0.008741 -0.073987 0.997221
v 0.014681 -0.648855 -6.370370
vn -0.004455 -0.061752 0.998082
v 1.175340 -0.641335 -6.375085
vn 0.004455 -0.061752 0.998082
v 0.014681 -0.648855 -6.370370
vn 0.004455 -0.061752 0.998082
v 0.014681 -0.648855 -6.370370
vn 0.008741 -0.073987 0.997221
v -2.289039 0.177372 -6.370369
vn -0.877927 0.000003 0.478795
v -2.289039 0.177372 -6.370369
vn -0.026660 0.024449 0.999346
v -2.289039 0.177372 -6.370369
vn -0.022217 0.012376 0.999677
v -2.269683 0.592987 -6.375084
vn -0.022217 0.012376 0.999677
v -2.269683 -0.238254 -6.375084
vn -0.022216 -0.012375 0.999677
v -2.289039 0.177372 -6.370369
vn -0.022216 -0.012375 0.999677
v -2.289039 0.177372 -6.370369
vn -0.026658 -0.024449 0.999346
v 2.407594 -0.753997 -6.951983
vn 0.595051 -0.742184 0.308348
v 0.014683 -0.963704 -7.484035
vn -0.000000 -0.960314 0.278921
v -2.378230 -0.753997 -6.951983
vn -0.595051 -0.742184 0.308346
v -2.378230 1.107296 -6.951983
vn -0.595288 0.742714 0.306609
v 2.407594 1.107296 -6.951983
vn 0.595287 0.742714 0.306611
v 2.713202 0.175927 -7.484035
vn 0.965048 0.000004 0.262071
v -2.683836 0.175927 -7.484035
vn -0.965049 0.000004 0.262070
vt 0.827016 0.132182
vt 0.827016 0.142243
vt 0.787686 0.142246
f 4477/13939/4477 4478/13940/4478 4479/13941/4479
vt 0.787686 0.142246
vt 0.785208 0.132150
vt 0.827016 0.132182
f 4479/13942/4479 4480/13943/4480 4477/13944/4477
vt 0.746399 0.142250
vt 0.744435 0.142243
vt 0.742804 0.132185
f 4481/13945/4481 4482/13946/4482 4483/13947/4483
vt 0.742804 0.132185
vt 0.742807 0.132207
vt 0.746399 0.142250
f 4483/13948/4483 4484/13949/4484 4481/13950/4481
vt 0.911228 0.132185
vt 0.909598 0.142243
vt 0.907633 0.142250
f 4485/13951/4485 4486/13952/4486 4487/13953/4487
vt 0.907633 0.142250
vt 0.911225 0.132207
vt 0.911228 0.132185
f 4487/13954/4487 4488/13955/4488 4485/13956/4485
vt 0.866346 0.142246
vt 0.827016 0.142243
vt 0.827016 0.132182
f 4489/13957/4489 4478/13958/4478 4477/13959/4477
vt 0.827016 0.132182
vt 0.868824 0.132150
vt 0.866346 0.142246
f 4477/13960/4477 4490/13961/4490 4489/13962/4489
vt 0.786238 0.152448
vt 0.827016 0.152309
vt 0.827016 0.142243
f 4491/13963/4491 4492/13964/4492 4493/13965/4493
vt 0.827016 0.142243
vt 0.787686 0.142246
vt 0.786238 0.152448
f 4493/13966/4493 4494/13967/4494 4491/13968/4491
vt 0.746204 0.152553
vt 0.746399 0.142250
vt 0.744435 0.142243
f 4495/13969/4495 4496/13970/4496 4482/13971/4482
vt 0.744435 0.142243
vt 0.746073 0.152314
vt 0.746204 0.152553
f 4482/13972/4482 4497/13973/4497 4495/13974/4495
vt 0.131329 0.611537
vt 0.131762 0.590218
vt 0.180679 0.590218
f 4498/13975/4498 4499/13976/4499 4500/13977/4500
vt 0.180679 0.590218
vt 0.180679 0.611328
vt 0.131329 0.611537
f 4500/13978/4500 4501/13979/4501 4498/13980/4498
vt 0.907828 0.152553
vt 0.907959 0.152314
vt 0.909598 0.142243
f 4502/13981/4502 4503/13982/4503 4486/13983/4486
vt 0.909598 0.142243
vt 0.907633 0.142250
vt 0.907828 0.152553
f 4486/13984/4486 4504/13985/4504 4502/13986/4502
vt 0.867794 0.152448
vt 0.866346 0.142246
vt 0.827016 0.142243
f 4505/13987/4505 4506/13988/4506 4493/13989/4493
vt 0.827016 0.142243
vt 0.827016 0.152309
vt 0.867794 0.152448
f 4493/13990/4493 4492/13991/4492 4505/13992/4505
vt 0.230029 0.611537
vt 0.180679 0.611328
vt 0.180679 0.590218
f 4507/13993/4507 4501/13994/4501 4500/13995/4500
vt 0.180679 0.590218
vt 0.229596 0.590218
vt 0.230029 0.611537
f 4500/13996/4500 4508/13997/4508 4507/13998/4507
vt 0.131329 0.568899
vt 0.180679 0.569107
vt 0.180679 0.590218
f 4509/13999/4509 4510/14000/4510 4500/14001/4500
vt 0.180679 0.590218
vt 0.131762 0.590218
vt 0.131329 0.568899
f 4500/14002/4500 4499/14003/4499 4509/14004/4509
vt 0.746204 0.152553
vt 0.746073 0.152314
vt 0.744435 0.142243
f 4511/14005/4511 4497/14006/4497 4482/14007/4482
vt 0.744435 0.142243
vt 0.746399 0.142250
vt 0.746204 0.152553
f 4482/14008/4482 4481/14009/4481 4511/14010/4511
vt 0.786238 0.152447
vt 0.787686 0.142246
vt 0.827016 0.142243
f 4512/14011/4512 4479/14012/4479 4478/14013/4478
vt 0.827016 0.142243
vt 0.827016 0.152309
vt 0.786238 0.152447
f 4478/14014/4478 4513/14015/4513 4512/14016/4512
vt 0.867794 0.152447
vt 0.827016 0.152309
vt 0.827016 0.142243
f 4514/14017/4514 4513/14018/4513 4478/14019/4478
vt 0.827016 0.142243
vt 0.866346 0.142246
vt 0.867794 0.152447
f 4478/14020/4478 4489/14021/4489 4514/14022/4514
vt 0.907828 0.152553
vt 0.907633 0.142250
vt 0.909598 0.142243
f 4515/14023/4515 4487/14024/4487 4486/14025/4486
vt 0.909598 0.142243
vt 0.907959 0.152314
vt 0.907828 0.152553
f 4486/14026/4486 4503/14027/4503 4515/14028/4515
vt 0.230029 0.568899
vt 0.229596 0.590218
vt 0.180679 0.590218
f 4516/14029/4516 4508/14030/4508 4500/14031/4500
vt 0.180679 0.590218
vt 0.180679 0.569107
vt 0.230029 0.568899
f 4500/14032/4500 4510/14033/4510 4516/14034/4516
vt 0.742804 0.132185
vt 0.744435 0.142243
vt 0.746399 0.142250
f 4483/14035/4483 4482/14036/4482 4496/14037/4496
vt 0.746399 0.142250
vt 0.742807 0.132207
vt 0.742804 0.132185
f 4496/14038/4496 4517/14039/4517 4483/14040/4483
vt 0.787686 0.142246
vt 0.827016 0.142243
vt 0.827016 0.132182
f 4494/14041/4494 4493/14042/4493 4518/14043/4518
vt 0.827016 0.132182
vt 0.785208 0.132150
vt 0.787686 0.142246
f 4518/14044/4518 4519/14045/4519 4494/14046/4494
vt 0.907633 0.142250
vt 0.909598 0.142243
vt 0.911228 0.132185
f 4504/14047/4504 4486/14048/4486 4485/14049/4485
vt 0.911228 0.132185
vt 0.911225 0.132207
vt 0.907633 0.142250
f 4485/14050/4485 4520/14051/4520 4504/14052/4504
vt 0.827016 0.132182
vt 0.827016 0.142243
vt 0.866346 0.142246
f 4518/14053/4518 4493/14054/4493 4506/14055/4506
vt 0.866346 0.142246
vt 0.868824 0.132150
vt 0.827016 0.132182
f 4506/14056/4506 4521/14057/4521 4518/14058/4518
vt 0.742807 0.132207
vt 0.741172 0.122125
vt 0.741172 0.122125
f 4484/14059/4484 4522/14060/4522 4523/14061/4523
vt 0.741172 0.122125
vt 0.746782 0.132183
vt 0.742807 0.132207
f 4523/14062/4523 4524/14063/4524 4484/14064/4484
vt 0.785208 0.132150
vt 0.746782 0.132183
vt 0.741172 0.122125
f 4480/14065/4480 4524/14066/4524 4523/14067/4523
vt 0.741172 0.122125
vt 0.784094 0.122125
vt 0.785208 0.132150
f 4523/14068/4523 4525/14069/4525 4480/14070/4480
vt 0.911225 0.132207
vt 0.907250 0.132184
vt 0.912860 0.122125
f 4488/14071/4488 4526/14072/4526 4527/14073/4527
vt 0.912860 0.122125
vt 0.912860 0.122125
vt 0.911225 0.132207
f 4527/14074/4527 4528/14075/4528 4488/14076/4488
vt 0.868824 0.132150
vt 0.869938 0.122125
vt 0.912860 0.122125
f 4490/14077/4490 4529/14078/4529 4527/14079/4527
vt 0.912860 0.122125
vt 0.907250 0.132184
vt 0.868824 0.132150
f 4527/14080/4527 4526/14081/4526 4490/14082/4490
vt 0.746204 0.152553
vt 0.747697 0.162360
vt 0.747697 0.162360
f 4495/14083/4495 4530/14084/4530 4531/14085/4531
vt 0.747697 0.162360
vt 0.749939 0.152322
vt 0.746204 0.152553
f 4531/14086/4531 4532/14087/4532 4495/14088/4495
vt 0.131329 0.611537
vt 0.131785 0.632417
vt 0.082891 0.632417
f 4498/14089/4498 4533/14090/4533 4534/14091/4534
vt 0.082891 0.632417
vt 0.082891 0.611317
vt 0.131329 0.611537
f 4535/14092/4535 4536/14093/4536 4498/14094/4498
vt 0.786238 0.152448
vt 0.749939 0.152322
vt 0.747697 0.162360
f 4491/14095/4491 4532/14096/4532 4531/14097/4531
vt 0.747697 0.162360
vt 0.787356 0.162360
vt 0.786238 0.152448
f 4531/14098/4531 4537/14099/4537 4491/14100/4491
vt 0.867794 0.152448
vt 0.866676 0.162360
vt 0.906335 0.162360
f 4505/14101/4505 4538/14102/4538 4539/14103/4539
vt 0.906335 0.162360
vt 0.904093 0.152322
vt 0.867794 0.152448
f 4539/14104/4539 4540/14105/4540 4505/14106/4505
vt 0.230029 0.611537
vt 0.278467 0.611317
vt 0.278467 0.632417
f 4507/14107/4507 4541/14108/4541 4542/14109/4542
vt 0.278467 0.632417
vt 0.229573 0.632417
vt 0.230029 0.611537
f 4543/14110/4543 4544/14111/4544 4507/14112/4507
vt 0.907828 0.152553
vt 0.904093 0.152322
vt 0.906335 0.162360
f 4502/14113/4502 4540/14114/4540 4539/14115/4539
vt 0.906335 0.162360
vt 0.906335 0.162360
vt 0.907828 0.152553
f 4539/14116/4539 4545/14117/4545 4502/14118/4502
vt 0.746204 0.152553
vt 0.749939 0.152322
vt 0.747697 0.162360
f 4511/14119/4511 4546/14120/4546 4547/14121/4547
vt 0.747697 0.162360
vt 0.747697 0.162360
vt 0.746204 0.152553
f 4547/14122/4547 4548/14123/4548 4511/14124/4511
vt 0.786238 0.152447
vt 0.787356 0.162360
vt 0.747697 0.162360
f 4512/14125/4512 4549/14126/4549 4547/14127/4547
vt 0.747697 0.162360
vt 0.749939 0.152322
vt 0.786238 0.152447
f 4547/14128/4547 4546/14129/4546 4512/14130/4512
vt 0.131329 0.568899
vt 0.082891 0.569118
vt 0.082891 0.548019
f 4509/14131/4509 4550/14132/4550 4551/14133/4551
vt 0.082891 0.548019
vt 0.131785 0.548019
vt 0.131329 0.568899
f 4552/14134/4552 4553/14135/4553 4509/14136/4509
vt 0.907828 0.152553
vt 0.906335 0.162360
vt 0.906335 0.162360
f 4515/14137/4515 4554/14138/4554 4555/14139/4555
vt 0.906335 0.162360
vt 0.904093 0.152322
vt 0.907828 0.152553
f 4555/14140/4555 4556/14141/4556 4515/14142/4515
vt 0.230029 0.568899
vt 0.229573 0.548019
vt 0.278467 0.548019
f 4516/14143/4516 4557/14144/4557 4558/14145/4558
vt 0.278467 0.548019
vt 0.278467 0.569118
vt 0.230029 0.568899
f 4559/14146/4559 4560/14147/4560 4516/14148/4516
vt 0.867794 0.152447
vt 0.904093 0.152322
vt 0.906335 0.162360
f 4514/14149/4514 4556/14150/4556 4555/14151/4555
vt 0.906335 0.162360
vt 0.866676 0.162360
vt 0.867794 0.152447
f 4555/14152/4555 4561/14153/4561 4514/14154/4514
vt 0.742807 0.132207
vt 0.746782 0.132183
vt 0.741172 0.122125
f 4517/14155/4517 4562/14156/4562 4563/14157/4563
vt 0.741172 0.122125
vt 0.741172 0.122125
vt 0.742807 0.132207
f 4563/14158/4563 4564/14159/4564 4517/14160/4517
vt 0.785208 0.132150
vt 0.784094 0.122125
vt 0.741172 0.122125
f 4519/14161/4519 4565/14162/4565 4563/14163/4563
vt 0.741172 0.122125
vt 0.746782 0.132183
vt 0.785208 0.132150
f 4563/14164/4563 4562/14165/4562 4519/14166/4519
vt 0.868824 0.132150
vt 0.907250 0.132184
vt 0.912860 0.122125
f 4521/14167/4521 4566/14168/4566 4567/14169/4567
vt 0.912860 0.122125
vt 0.869938 0.122125
vt 0.868824 0.132150
f 4567/14170/4567 4568/14171/4568 4521/14172/4521
vt 0.911225 0.132207
vt 0.912860 0.122125
vt 0.912860 0.122125
f 4520/14173/4520 4569/14174/4569 4567/14175/4567
vt 0.912860 0.122125
vt 0.907250 0.132184
vt 0.911225 0.132207
f 4567/14176/4567 4566/14177/4566 4520/14178/4520
vt 0.785208 0.132150
vt 0.784094 0.122125
vt 0.827016 0.122125
f 4480/14179/4480 4525/14180/4525 4570/14181/4570
vt 0.827016 0.122125
vt 0.827016 0.132182
vt 0.785208 0.132150
f 4570/14182/4570 4477/14183/4477 4480/14184/4480
vt 0.868824 0.132150
vt 0.827016 0.132182
vt 0.827016 0.122125
f 4490/14185/4490 4477/14186/4477 4570/14187/4570
vt 0.827016 0.122125
vt 0.869938 0.122125
vt 0.868824 0.132150
f 4570/14188/4570 4529/14189/4529 4490/14190/4490
vt 0.131329 0.568899
vt 0.131785 0.548019
vt 0.180679 0.548019
f 4509/14191/4509 4571/14192/4571 4572/14193/4572
vt 0.180679 0.548019
vt 0.180679 0.569107
vt 0.131329 0.568899
f 4572/14194/4572 4510/14195/4510 4509/14196/4509
vt 0.786238 0.152447
vt 0.827016 0.152309
vt 0.827016 0.162360
f 4512/14197/4512 4513/14198/4513 4573/14199/4573
vt 0.827016 0.162360
vt 0.787356 0.162360
vt 0.786238 0.152447
f 4574/14200/4574 4549/14201/4549 4512/14202/4512
vt 0.867794 0.152447
vt 0.866676 0.162360
vt 0.827016 0.162360
f 4514/14203/4514 4575/14204/4575 4576/14205/4576
vt 0.827016 0.162360
vt 0.827016 0.152309
vt 0.867794 0.152447
f 4577/14206/4577 4513/14207/4513 4514/14208/4514
vt 0.230029 0.568899
vt 0.180679 0.569107
vt 0.180679 0.548019
f 4516/14209/4516 4510/14210/4510 4572/14211/4572
vt 0.180679 0.548019
vt 0.229573 0.548019
vt 0.230029 0.568899
f 4572/14212/4572 4557/14213/4557 4516/14214/4516
vt 0.907828 0.152553
vt 0.906335 0.162360
vt 0.906335 0.162360
f 4502/14215/4502 4578/14216/4578 4579/14217/4579
vt 0.906335 0.162360
vt 0.907959 0.152314
vt 0.907828 0.152553
f 4579/14218/4579 4503/14219/4503 4502/14220/4502
vt 0.230029 0.611537
vt 0.229596 0.590218
vt 0.278467 0.590218
f 4507/14221/4507 4508/14222/4508 4580/14223/4580
vt 0.278467 0.590218
vt 0.278467 0.611317
vt 0.230029 0.611537
f 4581/14224/4581 4541/14225/4541 4507/14226/4507
vt 0.230029 0.568899
vt 0.278467 0.569118
vt 0.278467 0.590218
f 4516/14227/4516 4582/14228/4582 4583/14229/4583
vt 0.278467 0.590218
vt 0.229596 0.590218
vt 0.230029 0.568899
f 4584/14230/4584 4508/14231/4508 4516/14232/4516
vt 0.907828 0.152553
vt 0.907959 0.152314
vt 0.906335 0.162360
f 4515/14233/4515 4503/14234/4503 4579/14235/4579
vt 0.906335 0.162360
vt 0.906335 0.162360
vt 0.907828 0.152553
f 4579/14236/4579 4554/14237/4554 4515/14238/4515
vt 0.786238 0.152448
vt 0.787356 0.162360
vt 0.827016 0.162360
f 4491/14239/4491 4585/14240/4585 4586/14241/4586
vt 0.827016 0.162360
vt 0.827016 0.152309
vt 0.786238 0.152448
f 4586/14242/4586 4492/14243/4492 4491/14244/4491
vt 0.131329 0.611537
vt 0.180679 0.611328
vt 0.180679 0.632417
f 4498/14245/4498 4501/14246/4501 4587/14247/4587
vt 0.180679 0.632417
vt 0.131785 0.632417
vt 0.131329 0.611537
f 4588/14248/4588 4533/14249/4533 4498/14250/4498
vt 0.230029 0.611537
vt 0.229573 0.632417
vt 0.180679 0.632417
f 4507/14251/4507 4589/14252/4589 4590/14253/4590
vt 0.180679 0.632417
vt 0.180679 0.611328
vt 0.230029 0.611537
f 4591/14254/4591 4501/14255/4501 4507/14256/4507
vt 0.867794 0.152448
vt 0.827016 0.152309
vt 0.827016 0.162360
f 4505/14257/4505 4492/14258/4492 4586/14259/4586
vt 0.827016 0.162360
vt 0.866676 0.162360
vt 0.867794 0.152448
f 4586/14260/4586 4538/14261/4538 4505/14262/4505
vt 0.746204 0.152553
vt 0.747697 0.162360
vt 0.747697 0.162360
f 4511/14263/4511 4548/14264/4548 4592/14265/4592
vt 0.747697 0.162360
vt 0.746073 0.152314
vt 0.746204 0.152553
f 4592/14266/4592 4497/14267/4497 4511/14268/4511
vt 0.131329 0.568899
vt 0.131762 0.590218
vt 0.082891 0.590218
f 4509/14269/4509 4499/14270/4499 4593/14271/4593
vt 0.082891 0.590218
vt 0.082891 0.569118
vt 0.131329 0.568899
f 4594/14272/4594 4595/14273/4595 4509/14274/4509
vt 0.131329 0.611537
vt 0.082891 0.611317
vt 0.082891 0.590218
f 4498/14275/4498 4596/14276/4596 4597/14277/4597
vt 0.082891 0.590218
vt 0.131762 0.590218
vt 0.131329 0.611537
f 4598/14278/4598 4499/14279/4499 4498/14280/4498
vt 0.746204 0.152553
vt 0.746073 0.152314
vt 0.747697 0.162360
f 4495/14281/4495 4497/14282/4497 4592/14283/4592
vt 0.747697 0.162360
vt 0.747697 0.162360
vt 0.746204 0.152553
f 4592/14284/4592 4530/14285/4530 4495/14286/4495
vt 0.911225 0.132207
vt 0.907250 0.132184
vt 0.903813 0.142253
f 4520/14287/4520 4566/14288/4566 4599/14289/4599
vt 0.903813 0.142253
vt 0.907633 0.142250
vt 0.911225 0.132207
f 4599/14290/4599 4504/14291/4504 4520/14292/4520
vt 0.868824 0.132150
vt 0.866346 0.142246
vt 0.903813 0.142253
f 4521/14293/4521 4506/14294/4506 4599/14295/4599
vt 0.903813 0.142253
vt 0.907250 0.132184
vt 0.868824 0.132150
f 4599/14296/4599 4566/14297/4566 4521/14298/4521
vt 0.867794 0.152448
vt 0.904093 0.152322
vt 0.903813 0.142253
f 4505/14299/4505 4540/14300/4540 4599/14301/4599
vt 0.903813 0.142253
vt 0.866346 0.142246
vt 0.867794 0.152448
f 4599/14302/4599 4506/14303/4506 4505/14304/4505
vt 0.907828 0.152553
vt 0.907633 0.142250
vt 0.903813 0.142253
f 4502/14305/4502 4504/14306/4504 4599/14307/4599
vt 0.903813 0.142253
vt 0.904093 0.152322
vt 0.907828 0.152553
f 4599/14308/4599 4540/14309/4540 4502/14310/4502
vt 0.785208 0.132150
vt 0.827016 0.132182
vt 0.827016 0.122125
f 4519/14311/4519 4518/14312/4518 4600/14313/4600
vt 0.827016 0.122125
vt 0.784094 0.122125
vt 0.785208 0.132150
f 4600/14314/4600 4565/14315/4565 4519/14316/4519
vt 0.868824 0.132150
vt 0.869938 0.122125
vt 0.827016 0.122125
f 4521/14317/4521 4568/14318/4568 4600/14319/4600
vt 0.827016 0.122125
vt 0.827016 0.132182
vt 0.868824 0.132150
f 4600/14320/4600 4518/14321/4518 4521/14322/4521
vt 0.785208 0.132150
vt 0.746782 0.132183
vt 0.750219 0.142252
f 4519/14323/4519 4562/14324/4562 4601/14325/4601
vt 0.750219 0.142252
vt 0.787686 0.142246
vt 0.785208 0.132150
f 4601/14326/4601 4494/14327/4494 4519/14328/4519
vt 0.742807 0.132207
vt 0.746399 0.142250
vt 0.750219 0.142252
f 4517/14329/4517 4496/14330/4496 4601/14331/4601
vt 0.750219 0.142252
vt 0.746782 0.132183
vt 0.742807 0.132207
f 4601/14332/4601 4562/14333/4562 4517/14334/4517
vt 0.746204 0.152553
vt 0.749939 0.152322
vt 0.750219 0.142252
f 4495/14335/4495 4532/14336/4532 4601/14337/4601
vt 0.750219 0.142252
vt 0.746399 0.142250
vt 0.746204 0.152553
f 4601/14338/4601 4496/14339/4496 4495/14340/4495
vt 0.786238 0.152448
vt 0.787686 0.142246
vt 0.750219 0.142252
f 4491/14341/4491 4494/14342/4494 4601/14343/4601
vt 0.750219 0.142252
vt 0.749939 0.152322
vt 0.786238 0.152448
f 4601/14344/4601 4532/14345/4532 4491/14346/4491
vt 0.786238 0.152447
vt 0.749939 0.152322
vt 0.750219 0.142252
f 4512/14347/4512 4546/14348/4546 4602/14349/4602
vt 0.750219 0.142252
vt 0.787686 0.142246
vt 0.786238 0.152447
f 4602/14350/4602 4479/14351/4479 4512/14352/4512
vt 0.746204 0.152553
vt 0.746399 0.142250
vt 0.750219 0.142252
f 4511/14353/4511 4481/14354/4481 4602/14355/4602
vt 0.750219 0.142252
vt 0.749939 0.152322
vt 0.746204 0.152553
f 4602/14356/4602 4546/14357/4546 4511/14358/4511
vt 0.742807 0.132207
vt 0.746782 0.132183
vt 0.750219 0.142252
f 4484/14359/4484 4524/14360/4524 4602/14361/4602
vt 0.750219 0.142252
vt 0.746399 0.142250
vt 0.742807 0.132207
f 4602/14362/4602 4481/14363/4481 4484/14364/4484
vt 0.785208 0.132150
vt 0.787686 0.142246
vt 0.750219 0.142252
f 4480/14365/4480 4479/14366/4479 4602/14367/4602
vt 0.750219 0.142252
vt 0.746782 0.132183
vt 0.785208 0.132150
f 4602/14368/4602 4524/14369/4524 4480/14370/4480
vt 0.907828 0.152553
vt 0.904093 0.152322
vt 0.903813 0.142253
f 4515/14371/4515 4556/14372/4556 4603/14373/4603
vt 0.903813 0.142253
vt 0.907633 0.142250
vt 0.907828 0.152553
f 4603/14374/4603 4487/14375/4487 4515/14376/4515
vt 0.867794 0.152447
vt 0.866346 0.142246
vt 0.903813 0.142253
f 4514/14377/4514 4489/14378/4489 4603/14379/4603
vt 0.903813 0.142253
vt 0.904093 0.152322
vt 0.867794 0.152447
f 4603/14380/4603 4556/14381/4556 4514/14382/4514
vt 0.868824 0.132150
vt 0.907250 0.132184
vt 0.903813 0.142253
f 4490/14383/4490 4526/14384/4526 4603/14385/4603
vt 0.903813 0.142253
vt 0.866346 0.142246
vt 0.868824 0.132150
f 4603/14386/4603 4489/14387/4489 4490/14388/4490
vt 0.911225 0.132207
vt 0.907633 0.142250
vt 0.903813 0.142253
f 4488/14389/4488 4487/14390/4487 4603/14391/4603
vt 0.903813 0.142253
vt 0.907250 0.132184
vt 0.911225 0.132207
f 4603/14392/4603 4526/14393/4526 4488/14394/4488
vt 0.911225 0.132207
vt 0.911228 0.132185
vt 0.912860 0.122125
f 4520/14395/4520 4485/14396/4485 4604/14397/4604
vt 0.912860 0.122125
vt 0.912860 0.122125
vt 0.911225 0.132207
f 4604/14398/4604 4569/14399/4569 4520/14400/4520
vt 0.911225 0.132207
vt 0.912860 0.122125
vt 0.912860 0.122125
f 4488/14401/4488 4528/14402/4528 4604/14403/4604
vt 0.912860 0.122125
vt 0.911228 0.132185
vt 0.911225 0.132207
f 4604/14404/4604 4485/14405/4485 4488/14406/4488
vt 0.742807 0.132207
vt 0.741172 0.122125
vt 0.741172 0.122125
f 4517/14407/4517 4564/14408/4564 4605/14409/4605
vt 0.741172 0.122125
vt 0.742804 0.132185
vt 0.742807 0.132207
f 4605/14410/4605 4483/14411/4483 4517/14412/4517
vt 0.742807 0.132207
vt 0.742804 0.132185
vt 0.741172 0.122125
f 4484/14413/4484 4483/14414/4483 4605/14415/4605
vt 0.741172 0.122125
vt 0.741172 0.122125
vt 0.742807 0.132207
f 4605/14416/4605 4522/14417/4522 4484/14418/4484
usemtl tex1_1
v 0.014682 1.180083 -6.952812
vn -0.000000 0.972120 0.234482
v -2.436955 1.129912 -6.952812
vn -0.630523 0.711362 0.310491
v -2.571292 1.264817 -7.508905
vn -0.639952 0.706048 0.303245
v 0.014683 1.312106 -7.514477
vn 0.000000 0.973469 0.228820
v -2.565989 0.176650 -6.952812
vn -0.963829 0.000004 0.266521
v -2.681978 0.175909 -7.514477
vn -0.979336 0.000004 0.202242
v 2.595353 0.176650 -6.952812
vn 0.963828 0.000004 0.266524
v 2.466319 1.129912 -6.952812
vn 0.630522 0.711362 0.310493
v 2.600658 1.264817 -7.508905
vn 0.639952 0.706048 0.303247
v 2.711344 0.175909 -7.514477
vn 0.979335 0.000004 0.202246
v 0.014682 -0.826784 -6.952812
vn 0.000000 -0.971548 0.236843
v -2.436955 -0.776612 -6.952812
vn -0.630310 -0.710823 0.312155
v -2.302193 -0.650306 -6.366047
vn -0.629012 -0.694642 0.349022
v 0.014681 -0.667017 -6.355570
vn 0.000000 -0.966032 0.258421
v -2.345204 0.177391 -6.355569
vn -0.937962 0.000001 0.346739
v 0.014681 0.177430 -6.324136
vn 0.000000 0.000001 1.000000
v 0.014681 -0.667017 -6.355570
vn -0.004787 -0.037198 0.999296
v -2.302193 -0.650306 -6.366047
vn -0.004787 -0.037198 0.999296
v -2.302193 -0.650306 -6.366047
vn -0.013317 -0.013349 0.999822
v -2.345204 0.177391 -6.355569
vn -0.013317 -0.013349 0.999822
v 2.466319 -0.776612 -6.952812
vn 0.630309 -0.710822 0.312157
v 2.331555 -0.650306 -6.366047
vn 0.629012 -0.694641 0.349024
v 2.374566 0.177391 -6.355569
vn 0.937961 0.000001 0.346742
v 2.374566 0.177391 -6.355569
vn 0.013317 -0.013349 0.999822
v 2.331555 -0.650306 -6.366047
vn 0.013317 -0.013349 0.999822
v 2.331555 -0.650306 -6.366047
vn 0.004787 -0.037198 0.999296
v 0.014681 -0.667017 -6.355570
vn 0.004787 -0.037198 0.999296
v -2.345204 0.177391 -6.355569
vn -0.013318 0.013349 0.999822
v -2.302193 1.005061 -6.366047
vn -0.009054 0.025277 0.999639
v 0.014681 1.021798 -6.355569
vn -0.000000 0.037201 0.999308
v -2.302193 1.005061 -6.366047
vn -0.959973 0.129943 0.248125
v -2.302193 1.005061 -6.366047
vn -0.936662 0.053058 0.346193
v 0.014681 1.021798 -6.355569
vn -0.008141 0.966597 0.256173
v -2.302193 1.005061 -6.366047
vn -0.008141 0.966597 0.256173
v -2.302193 1.005061 -6.366047
vn -0.019993 0.976963 0.212469
v 2.331555 1.005061 -6.366047
vn 0.629235 0.695204 0.347499
v 0.014681 1.021798 -6.355569
vn 0.008141 0.966597 0.256173
v 2.331555 1.005061 -6.366047
vn 0.004788 0.037201 0.999296
v 2.331555 1.005061 -6.366047
vn 0.013318 0.013349 0.999822
v 2.374566 0.177391 -6.355569
vn 0.013318 0.013349 0.999822
v -2.571292 -0.913014 -7.508905
vn -0.639751 -0.705495 0.304951
v 0.014683 -0.960288 -7.514477
vn 0.000000 -0.972894 0.231251
v 2.600658 -0.913014 -7.508905
vn 0.639750 -0.705495 0.304954
vt 0.827016 0.142243
vt 0.748564 0.142243
vt 0.741172 0.122125
f 4606/14419/4606 4607/14420/4607 4608/14421/4608
vt 0.741172 0.122125
vt 0.827016 0.122125
vt 0.827016 0.142243
f 4608/14422/4608 4609/14423/4609 4606/14424/4606
vt 0.744435 0.142243
vt 0.741172 0.122125
vt 0.741172 0.122125
f 4610/14425/4610 4611/14426/4611 4608/14427/4608
vt 0.741172 0.122125
vt 0.748564 0.142243
vt 0.744435 0.142243
f 4608/14428/4608 4607/14429/4607 4610/14430/4610
vt 0.909598 0.142243
vt 0.905468 0.142243
vt 0.912860 0.122125
f 4612/14431/4612 4613/14432/4613 4614/14433/4614
vt 0.912860 0.122125
vt 0.912860 0.122125
vt 0.909598 0.142243
f 4614/14434/4614 4615/14435/4615 4612/14436/4612
vt 0.827016 0.142243
vt 0.827016 0.122125
vt 0.912860 0.122125
f 4606/14437/4606 4609/14438/4609 4614/14439/4614
vt 0.912860 0.122125
vt 0.905468 0.142243
vt 0.827016 0.142243
f 4614/14440/4614 4613/14441/4613 4606/14442/4606
vt 0.827016 0.142243
vt 0.748564 0.142243
vt 0.747697 0.162360
f 4616/14443/4616 4617/14444/4617 4618/14445/4618
vt 0.747697 0.162360
vt 0.827016 0.162360
vt 0.827016 0.142243
f 4618/14446/4618 4619/14447/4619 4616/14448/4616
vt 0.744435 0.142243
vt 0.747697 0.162360
vt 0.747697 0.162360
f 4610/14449/4610 4620/14450/4620 4618/14451/4618
vt 0.747697 0.162360
vt 0.748564 0.142243
vt 0.744435 0.142243
f 4618/14452/4618 4617/14453/4617 4610/14454/4610
vt 0.180679 0.590218
vt 0.180679 0.632417
vt 0.082891 0.632417
f 4621/14455/4621 4622/14456/4622 4623/14457/4623
vt 0.082891 0.632417
vt 0.082891 0.590218
vt 0.180679 0.590218
f 4624/14458/4624 4625/14459/4625 4621/14460/4621
vt 0.909598 0.142243
vt 0.905468 0.142243
vt 0.906335 0.162360
f 4612/14461/4612 4626/14462/4626 4627/14463/4627
vt 0.906335 0.162360
vt 0.906335 0.162360
vt 0.909598 0.142243
f 4627/14464/4627 4628/14465/4628 4612/14466/4612
vt 0.827016 0.142243
vt 0.827016 0.162360
vt 0.906335 0.162360
f 4616/14467/4616 4619/14468/4619 4627/14469/4627
vt 0.906335 0.162360
vt 0.905468 0.142243
vt 0.827016 0.142243
f 4627/14470/4627 4626/14471/4626 4616/14472/4616
vt 0.180679 0.590218
vt 0.278467 0.590218
vt 0.278467 0.632417
f 4621/14473/4621 4629/14474/4629 4630/14475/4630
vt 0.278467 0.632417
vt 0.180679 0.632417
vt 0.180679 0.590218
f 4631/14476/4631 4632/14477/4632 4621/14478/4621
vt 0.180679 0.590218
vt 0.082891 0.590218
vt 0.082891 0.548019
f 4621/14479/4621 4633/14480/4633 4634/14481/4634
vt 0.082891 0.548019
vt 0.180679 0.548019
vt 0.180679 0.590218
f 4634/14482/4634 4635/14483/4635 4621/14484/4621
vt 0.744435 0.142243
vt 0.748564 0.142243
vt 0.747697 0.162360
f 4610/14485/4610 4607/14486/4607 4636/14487/4636
vt 0.747697 0.162360
vt 0.747697 0.162360
vt 0.744435 0.142243
f 4637/14488/4637 4620/14489/4620 4610/14490/4610
vt 0.827016 0.142243
vt 0.827016 0.162360
vt 0.747697 0.162360
f 4606/14491/4606 4638/14492/4638 4639/14493/4639
vt 0.747697 0.162360
vt 0.748564 0.142243
vt 0.827016 0.142243
f 4640/14494/4640 4607/14495/4607 4606/14496/4606
vt 0.827016 0.142243
vt 0.905468 0.142243
vt 0.906335 0.162360
f 4606/14497/4606 4613/14498/4613 4641/14499/4641
vt 0.906335 0.162360
vt 0.827016 0.162360
vt 0.827016 0.142243
f 4641/14500/4641 4642/14501/4642 4606/14502/4606
vt 0.909598 0.142243
vt 0.906335 0.162360
vt 0.906335 0.162360
f 4612/14503/4612 4628/14504/4628 4641/14505/4641
vt 0.906335 0.162360
vt 0.905468 0.142243
vt 0.909598 0.142243
f 4641/14506/4641 4613/14507/4613 4612/14508/4612
vt 0.180679 0.590218
vt 0.180679 0.548019
vt 0.278467 0.548019
f 4621/14509/4621 4635/14510/4635 4643/14511/4643
vt 0.278467 0.548019
vt 0.278467 0.590218
vt 0.180679 0.590218
f 4644/14512/4644 4645/14513/4645 4621/14514/4621
vt 0.744435 0.142243
vt 0.748564 0.142243
vt 0.741172 0.122125
f 4610/14515/4610 4617/14516/4617 4646/14517/4646
vt 0.741172 0.122125
vt 0.741172 0.122125
vt 0.744435 0.142243
f 4646/14518/4646 4611/14519/4611 4610/14520/4610
vt 0.827016 0.142243
vt 0.827016 0.122125
vt 0.741172 0.122125
f 4616/14521/4616 4647/14522/4647 4646/14523/4646
vt 0.741172 0.122125
vt 0.748564 0.142243
vt 0.827016 0.142243
f 4646/14524/4646 4617/14525/4617 4616/14526/4616
vt 0.909598 0.142243
vt 0.912860 0.122125
vt 0.912860 0.122125
f 4612/14527/4612 4615/14528/4615 4648/14529/4648
vt 0.912860 0.122125
vt 0.905468 0.142243
vt 0.909598 0.142243
f 4648/14530/4648 4626/14531/4626 4612/14532/4612
vt 0.827016 0.142243
vt 0.905468 0.142243
vt 0.912860 0.122125
f 4616/14533/4616 4626/14534/4626 4648/14535/4648
vt 0.912860 0.122125
vt 0.827016 0.122125
vt 0.827016 0.142243
f 4648/14536/4648 4647/14537/4647 4616/14538/4616
usemtl tex1_2
v 2.493405 -0.705054 -6.324136
vn 0.000000 -0.000001 1.000000
v -2.464043 -0.705054 -6.324136
vn 0.000000 -0.000001 1.000000
v -2.464043 1.059914 -6.324135
vn 0.000000 -0.000001 1.000000
v 2.493405 1.059914 -6.324135
vn 0.000000 -0.000001 1.000000
v 2.697300 -0.948513 -7.581488
vn 0.436170 -0.867621 0.238726
v -2.667935 -0.948513 -7.581488
vn -0.872341 -0.433810 0.225456
v -2.464043 -0.705054 -6.324136
vn 0.000000 -0.981765 0.190098
v -2.464043 -0.705054 -6.324136
vn 0.000000 -0.981765 0.190098
v 2.493405 -0.705054 -6.324136
vn 0.000000 -0.981765 0.190098
v -2.667935 1.300253 -7.581488
vn -0.436234 0.868148 0.236683
v 2.697300 1.300253 -7.581488
vn 0.872468 0.434074 0.224453
v 2.493405 1.059914 -6.324135
vn 0.000000 0.982217 0.187748
v 2.493405 1.059914 -6.324135
vn 0.000000 0.982217 0.187748
v -2.464043 1.059914 -6.324135
vn 0.000000 0.982217 0.187748
v 2.493405 -0.705054 -6.324136
vn 0.987105 0.000000 0.160071
v 2.493405 -0.705054 -6.324136
vn 0.987105 -0.000000 0.160071
v 2.493405 1.059914 -6.324135
vn 0.987105 -0.000000 0.160071
v -2.464043 1.059914 -6.324135
vn -0.987106 0.000000 0.160069
v -2.464043 1.059914 -6.324135
vn -0.987106 -0.000000 0.160069
v -2.464043 -0.705054 -6.324136
vn -0.987106 -0.000000 0.160069
vt 0.278467 0.632417
vt 0.082891 0.632417
vt 0.082891 0.548019
f 4649/14539/4649 4650/14540/4650 4651/14541/4651
vt 0.082891 0.548019
vt 0.278467 0.548019
vt 0.278467 0.632417
f 4651/14542/4651 4652/14543/4652 4649/14544/4649
vt 0.912860 0.122125
vt 0.741172 0.122125
vt 0.747697 0.162360
f 4653/14545/4653 4654/14546/4654 4655/14547/4655
vt 0.747697 0.162360
vt 0.906335 0.162360
vt 0.912860 0.122125
f 4656/14548/4656 4657/14549/4657 4653/14550/4653
vt 0.741172 0.122125
vt 0.912860 0.122125
vt 0.906335 0.162360
f 4658/14551/4658 4659/14552/4659 4660/14553/4660
vt 0.906335 0.162360
vt 0.747697 0.162360
vt 0.741172 0.122125
f 4661/14554/4661 4662/14555/4662 4658/14556/4658
vt 0.912860 0.122125
vt 0.912860 0.122125
vt 0.906335 0.162360
f 4659/14557/4659 4653/14558/4653 4663/14559/4663
vt 0.906335 0.162360
vt 0.906335 0.162360
vt 0.912860 0.122125
f 4664/14560/4664 4665/14561/4665 4659/14562/4659
vt 0.741172 0.122125
vt 0.741172 0.122125
vt 0.747697 0.162360
f 4654/14563/4654 4658/14564/4658 4666/14565/4666
vt 0.747697 0.162360
vt 0.747697 0.162360
vt 0.741172 0.122125
f 4667/14566/4667 4668/14567/4668 4654/14568/4654
usemtl tex2_0
v -25.346458 1.035198 -3.401885
vn 0.000000 0.000000 -1.000000
v -25.346458 -0.659717 -3.401885
vn 0.000000 0.000000 -1.000000
v -23.651543 1.035198 -3.401885
vn 0.000000 0.000000 -1.000000
v -23.651543 -0.659717 -3.401885
vn 0.000000 0.000000 -1.000000
v -25.346458 0.187740 -4.249343
vn 0.000000 -1.000000 0.000000
v -25.346458 0.187740 -2.554428
vn 0.000000 -1.000000 0.000000
v -23.651543 0.187740 -4.249343
vn 0.000000 -1.000000 0.000000
v -23.651543 0.187740 -2.554428
vn 0.000000 -1.000000 0.000000
v -24.499001 1.035198 -4.249343
vn -1.000000 0.000000 0.000000
v -24.499001 1.035198 -2.554428
vn -1.000000 0.000000 0.000000
v -24.499001 -0.659717 -4.249343
vn -1.000000 0.000000 0.000000
v -24.499001 -0.659717 -2.554428
vn -1.000000 0.000000 0.000000
v -25.346458 -0.659717 -3.401885
vn 0.000000 0.000000 1.000000
v -25.346458 1.035198 -3.401885
vn 0.000000 0.000000 1.000000
v -23.651543 1.035198 -3.401885
vn 0.000000 0.000000 1.000000
v -23.651543 -0.659717 -3.401885
vn 0.000000 0.000000 1.000000
v -25.346458 0.187740 -2.554428
vn 0.000000 1.000000 0.000000
v -25.346458 0.187740 -4.249343
vn 0.000000 1.000000 0.000000
v -23.651543 0.187740 -4.249343
vn 0.000000 1.000000 0.000000
v -23.651543 0.187740 -2.554428
vn 0.000000 1.000000 0.000000
v -24.499001 1.035198 -2.554428
vn 1.000000 0.000000 0.000000
v -24.499001 1.035198 -4.249343
vn 1.000000 0.000000 0.000000
v -24.499001 -0.659717 -4.249343
vn 1.000000 0.000000 0.000000
v -24.499001 -0.659717 -2.554428
vn 1.000000 0.000000 0.000000
v -0.832181 4.351143 0.001000
vn 0.000000 0.000000 -1.000000
v -0.832181 2.656228 0.001000
vn 0.000000 0.000000 -1.000000
v 0.862734 4.351143 0.001000
vn 0.000000 0.000000 -1.000000
v 0.862734 2.656228 0.001000
vn 0.000000 0.000000 -1.000000
v -0.832181 3.503686 -0.846458
vn 0.000000 -1.000000 0.000000
v -0.832181 3.503686 0.848457
vn 0.000000 -1.000000 0.000000
v 0.862734 3.503686 -0.846458
vn 0.000000 -1.000000 0.000000
v 0.862734 3.503686 0.848457
vn 0.000000 -1.000000 0.000000
v 0.015277 4.351143 -0.846458
vn -1.000000 0.000000 0.000000
v 0.015277 4.351143 0.848457
vn -1.000000 0.000000 0.000000
v 0.015277 2.656228 -0.846458
vn -1.000000 0.000000 0.000000
v 0.015277 2.656228 0.848457
vn -1.000000 0.000000 0.000000
v -0.832181 2.656228 0.001000
vn 0.000000 0.000000 1.000000
v -0.832181 4.351143 0.001000
vn 0.000000 0.000000 1.000000
v 0.862734 4.351143 0.001000
vn 0.000000 0.000000 1.000000
v 0.862734 2.656228 0.001000
vn 0.000000 0.000000 1.000000
v -0.832181 3.503686 0.848457
vn 0.000000 1.000000 0.000000
v -0.832181 3.503686 -0.846458
vn 0.000000 1.000000 0.000000
v 0.862734 3.503686 -0.846458
vn 0.000000 1.000000 0.000000
v 0.862734 3.503686 0.848457
vn 0.000000 1.000000 0.000000
v 0.015277 4.351143 0.848457
vn 1.000000 0.000000 0.000000
v 0.015277 4.351143 -0.846458
vn 1.000000 0.000000 0.000000
v 0.015277 2.656228 -0.846458
vn 1.000000 0.000000 0.000000
v 0.015277 2.656228 0.848457
vn 1.000000 0.000000 0.000000
v -4.718549 7.088028 -11.912993
vn 0.000000 0.000000 -1.000000
v -4.718549 6.141148 -11.912993
vn 0.000000 0.000000 -1.000000
v -3.771670 7.088028 -11.912993
vn 0.000000 0.000000 -1.000000
v -3.771670 6.141148 -11.912993
vn 0.000000 0.000000 -1.000000
v -4.718549 6.614588 -12.386434
vn 0.000000 -1.000000 0.000000
v -4.718549 6.614588 -11.439553
vn 0.000000 -1.000000 0.000000
v -3.771670 6.614588 -12.386434
vn 0.000000 -1.000000 0.000000
v -3.771670 6.614588 -11.439553
vn 0.000000 -1.000000 0.000000
v -4.245109 7.088028 -12.386434
vn -1.000000 0.000000 0.000000
v -4.245109 7.088028 -11.439553
vn -1.000000 0.000000 0.000000
v -4.245109 6.141148 -12.386434
vn -1.000000 0.000000 0.000000
v -4.245109 6.141148 -11.439553
vn -1.000000 0.000000 0.000000
v -4.718549 6.141148 -11.912993
vn 0.000000 0.000000 1.000000
v -4.718549 7.088028 -11.912993
vn 0.000000 0.000000 1.000000
v -3.771670 7.088028 -11.912993
vn 0.000000 0.000000 1.000000
v -3.771670 6.141148 -11.912993
vn 0.000000 0.000000 1.000000
v -4.718549 6.614588 -11.439553
vn 0.000000 1.000000 0.000000
v -4.718549 6.614588 -12.386434
vn 0.000000 1.000000 0.000000
v -3.771670 6.614588 -12.386434
vn 0.000000 1.000000 0.000000
v -3.771670 6.614588 -11.439553
vn 0.000000 1.000000 0.000000
v -4.245109 7.088028 -11.439553
vn 1.000000 0.000000 0.000000
v -4.245109 7.088028 -12.386434
vn 1.000000 0.000000 0.000000
v -4.245109 6.141148 -12.386434
vn 1.000000 0.000000 0.000000
v -4.245109 6.141148 -11.439553
vn 1.000000 0.000000 0.000000
v 3.808841 7.088028 -11.912993
vn 0.000000 0.000000 -1.000000
v 3.808841 6.141148 -11.912993
vn 0.000000 0.000000 -1.000000
v 4.755720 7.088028 -11.912993
vn 0.000000 0.000000 -1.000000
v 4.755720 6.141148 -11.912993
vn 0.000000 0.000000 -1.000000
v 3.808841 6.614588 -12.386434
vn 0.000000 -1.000000 0.000000
v 3.808841 6.614588 -11.439553
vn 0.000000 -1.000000 0.000000
v 4.755720 6.614588 -12.386434
vn 0.000000 -1.000000 0.000000
v 4.755720 6.614588 -11.439553
vn 0.000000 -1.000000 0.000000
v 4.282280 7.088028 -12.386434
vn -1.000000 0.000000 0.000000
v 4.282280 7.088028 -11.439553
vn -1.000000 0.000000 0.000000
v 4.282280 6.141148 -12.386434
vn -1.000000 0.000000 0.000000
v 4.282280 6.141148 -11.439553
vn -1.000000 0.000000 0.000000
v 3.808841 6.141148 -11.912993
vn 0.000000 0.000000 1.000000
v 3.808841 7.088028 -11.912993
vn 0.000000 0.000000 1.000000
v 4.755720 7.088028 -11.912993
vn 0.000000 0.000000 1.000000
v 4.755720 6.141148 -11.912993
vn 0.000000 0.000000 1.000000
v 3.808841 6.614588 -11.439553
vn 0.000000 1.000000 0.000000
v 3.808841 6.614588 -12.386434
vn 0.000000 1.000000 0.000000
v 4.755720 6.614588 -12.386434
vn 0.000000 1.000000 0.000000
v 4.755720 6.614588 -11.439553
vn 0.000000 1.000000 0.000000
v 4.282280 7.088028 -11.439553
vn 1.000000 0.000000 0.000000
v 4.282280 7.088028 -12.386434
vn 1.000000 0.000000 0.000000
v 4.282280 6.141148 -12.386434
vn 1.000000 0.000000 0.000000
v 4.282280 6.141148 -11.439553
vn 1.000000 0.000000 0.000000
v -0.802442 -0.893567 -5.496071
vn 0.000000 0.000000 -1.000000
v -0.802442 -2.588483 -5.496071
vn 0.000000 0.000000 -1.000000
v 0.892474 -0.893567 -5.496071
vn 0.000000 0.000000 -1.000000
v 0.892474 -2.588483 -5.496071
vn 0.000000 0.000000 -1.000000
v -0.802442 -1.741025 -6.343529
vn 0.000000 -1.000000 0.000000
v -0.802442 -1.741025 -4.648613
vn 0.000000 -1.000000 0.000000
v 0.892474 -1.741025 -6.343529
vn 0.000000 -1.000000 0.000000
v 0.892474 -1.741025 -4.648613
vn 0.000000 -1.000000 0.000000
v 0.045016 -0.893567 -6.343529
vn -1.000000 0.000000 0.000000
v 0.045016 -0.893567 -4.648613
vn -1.000000 0.000000 0.000000
v 0.045016 -2.588483 -6.343529
vn -1.000000 0.000000 0.000000
v 0.045016 -2.588483 -4.648613
vn -1.000000 0.000000 0.000000
v -0.802442 -2.588483 -5.496071
vn 0.000000 0.000000 1.000000
v -0.802442 -0.893567 -5.496071
vn 0.000000 0.000000 1.000000
v 0.892474 -0.893567 -5.496071
vn 0.000000 0.000000 1.000000
v 0.892474 -2.588483 -5.496071
vn 0.000000 0.000000 1.000000
v -0.802442 -1.741025 -4.648613
vn 0.000000 1.000000 0.000000
v -0.802442 -1.741025 -6.343529
vn 0.000000 1.000000 0.000000
v 0.892474 -1.741025 -6.343529
vn 0.000000 1.000000 0.000000
v 0.892474 -1.741025 -4.648613
vn 0.000000 1.000000 0.000000
v 0.045016 -0.893567 -4.648613
vn 1.000000 0.000000 0.000000
v 0.045016 -0.893567 -6.343529
vn 1.000000 0.000000 0.000000
v 0.045016 -2.588483 -6.343529
vn 1.000000 0.000000 0.000000
v 0.045016 -2.588483 -4.648613
vn 1.000000 0.000000 0.000000
v 23.653542 1.030448 -3.387550
vn 0.000000 0.000000 -1.000000
v 23.653542 -0.664468 -3.387550
vn 0.000000 0.000000 -1.000000
v 25.348457 1.030448 -3.387550
vn 0.000000 0.000000 -1.000000
v 25.348457 -0.664468 -3.387550
vn 0.000000 0.000000 -1.000000
v 23.653542 0.182990 -4.235007
vn 0.000000 -1.000000 0.000000
v 23.653542 0.182990 -2.540092
vn 0.000000 -1.000000 0.000000
v 25.348457 0.182990 -4.235007
vn 0.000000 -1.000000 0.000000
v 25.348457 0.182990 -2.540092
vn 0.000000 -1.000000 0.000000
v 24.500999 1.030448 -4.235007
vn -1.000000 0.000000 0.000000
v 24.500999 1.030448 -2.540092
vn -1.000000 0.000000 0.000000
v 24.500999 -0.664468 -4.235007
vn -1.000000 0.000000 0.000000
v 24.500999 -0.664468 -2.540092
vn -1.000000 0.000000 0.000000
v 23.653542 -0.664468 -3.387550
vn 0.000000 0.000000 1.000000
v 23.653542 1.030448 -3.387550
vn 0.000000 0.000000 1.000000
v 25.348457 1.030448 -3.387550
vn 0.000000 0.000000 1.000000
v 25.348457 -0.664468 -3.387550
vn 0.000000 0.000000 1.000000
v 23.653542 0.182990 -2.540092
vn 0.000000 1.000000 0.000000
v 23.653542 0.182990 -4.235007
vn 0.000000 1.000000 0.000000
v 25.348457 0.182990 -4.235007
vn 0.000000 1.000000 0.000000
v 25.348457 0.182990 -2.540092
vn 0.000000 1.000000 0.000000
v 24.500999 1.030448 -2.540092
vn 1.000000 0.000000 0.000000
v 24.500999 1.030448 -4.235007
vn 1.000000 0.000000 0.000000
v 24.500999 -0.664468 -4.235007
vn 1.000000 0.000000 0.000000
v 24.500999 -0.664468 -2.540092
vn 1.000000 0.000000 0.000000
vt 0.505501 0.003086
vt 0.505501 0.489668
vt 0.992083 0.003086
f 4669/14569/4669 4670/14570/4670 4671/14571/4671
vt 0.992083 0.489668
vt 0.992083 0.003086
vt 0.505501 0.489668
f 4672/14572/4672 4671/14573/4671 4670/14574/4670
vt 0.992083 0.489668
vt 0.992083 0.003086
vt 0.505501 0.489668
f 4673/14575/4673 4674/14576/4674 4675/14577/4675
vt 0.505501 0.003086
vt 0.505501 0.489668
vt 0.992083 0.003086
f 4676/14578/4676 4675/14579/4675 4674/14580/4674
vt 0.992083 0.489668
vt 0.992083 0.003086
vt 0.505501 0.489668
f 4677/14581/4677 4678/14582/4678 4679/14583/4679
vt 0.505501 0.003086
vt 0.505501 0.489668
vt 0.992083 0.003086
f 4680/14584/4680 4679/14585/4679 4678/14586/4678
vt 0.992083 0.489668
vt 0.992083 0.003086
vt 0.505501 0.003086
f 4681/14587/4681 4682/14588/4682 4683/14589/4683
vt 0.505501 0.003086
vt 0.505501 0.489668
vt 0.992083 0.489668
f 4683/14590/4683 4684/14591/4684 4681/14592/4681
vt 0.505501 0.003086
vt 0.505501 0.489668
vt 0.992083 0.489668
f 4685/14593/4685 4686/14594/4686 4687/14595/4687
vt 0.992083 0.489668
vt 0.992083 0.003086
vt 0.505501 0.003086
f 4687/14596/4687 4688/14597/4688 4685/14598/4685
vt 0.505501 0.003086
vt 0.505501 0.489668
vt 0.992083 0.489668
f 4689/14599/4689 4690/14600/4690 4691/14601/4691
vt 0.992083 0.489668
vt 0.992083 0.003086
vt 0.505501 0.003086
f 4691/14602/4691 4692/14603/4692 4689/14604/4689
vt 0.005501 0.505501
vt 0.005501 0.992083
vt 0.492083 0.505501
f 4693/14605/4693 4694/14606/4694 4695/14607/4695
vt 0.492083 0.992083
vt 0.492083 0.505501
vt 0.005501 0.992083
f 4696/14608/4696 4695/14609/4695 4694/14610/4694
vt 0.492083 0.992083
vt 0.492083 0.505501
vt 0.005501 0.992083
f 4697/14611/4697 4698/14612/4698 4699/14613/4699
vt 0.005501 0.505501
vt 0.005501 0.992083
vt 0.492083 0.505501
f 4700/14614/4700 4699/14615/4699 4698/14616/4698
vt 0.492083 0.992083
vt 0.492083 0.505501
vt 0.005501 0.992083
f 4701/14617/4701 4702/14618/4702 4703/14619/4703
vt 0.005501 0.505501
vt 0.005501 0.992083
vt 0.492083 0.505501
f 4704/14620/4704 4703/14621/4703 4702/14622/4702
vt 0.492083 0.992083
vt 0.492083 0.505501
vt 0.005501 0.505501
f 4705/14623/4705 4706/14624/4706 4707/14625/4707
vt 0.005501 0.505501
vt 0.005501 0.992083
vt 0.492083 0.992083
f 4707/14626/4707 4708/14627/4708 4705/14628/4705
vt 0.005501 0.505501
vt 0.005501 0.992083
vt 0.492083 0.992083
f 4709/14629/4709 4710/14630/4710 4711/14631/4711
vt 0.492083 0.992083
vt 0.492083 0.505501
vt 0.005501 0.505501
f 4711/14632/4711 4712/14633/4712 4709/14634/4709
vt 0.005501 0.505501
vt 0.005501 0.992083
vt 0.492083 0.992083
f 4713/14635/4713 4714/14636/4714 4715/14637/4715
vt 0.492083 0.992083
vt 0.492083 0.505501
vt 0.005501 0.505501
f 4715/14638/4715 4716/14639/4716 4713/14640/4713
vt 0.505501 0.505501
vt 0.505501 0.992083
vt 0.992083 0.505501
f 4717/14641/4717 4718/14642/4718 4719/14643/4719
vt 0.992083 0.992083
vt 0.992083 0.505501
vt 0.505501 0.992083
f 4720/14644/4720 4719/14645/4719 4718/14646/4718
vt 0.992083 0.992083
vt 0.992083 0.505501
vt 0.505501 0.992083
f 4721/14647/4721 4722/14648/4722 4723/14649/4723
vt 0.505501 0.505501
vt 0.505501 0.992083
vt 0.992083 0.505501
f 4724/14650/4724 4723/14651/4723 4722/14652/4722
vt 0.992083 0.992083
vt 0.992083 0.505501
vt 0.505501 0.992083
f 4725/14653/4725 4726/14654/4726 4727/14655/4727
vt 0.505501 0.505501
vt 0.505501 0.992083
vt 0.992083 0.505501
f 4728/14656/4728 4727/14657/4727 4726/14658/4726
vt 0.992083 0.992083
vt 0.992083 0.505501
vt 0.505501 0.505501
f 4729/14659/4729 4730/14660/4730 4731/14661/4731
vt 0.505501 0.505501
vt 0.505501 0.992083
vt 0.992083 0.992083
f 4731/14662/4731 4732/14663/4732 4729/14664/4729
vt 0.505501 0.505501
vt 0.505501 0.992083
vt 0.992083 0.992083
f 4733/14665/4733 4734/14666/4734 4735/14667/4735
vt 0.992083 0.992083
vt 0.992083 0.505501
vt 0.505501 0.505501
f 4735/14668/4735 4736/14669/4736 4733/14670/4733
vt 0.505501 0.505501
vt 0.505501 0.992083
vt 0.992083 0.992083
f 4737/14671/4737 4738/14672/4738 4739/14673/4739
vt 0.992083 0.992083
vt 0.992083 0.505501
vt 0.505501 0.505501
f 4739/14674/4739 4740/14675/4740 4737/14676/4737
vt 0.505501 0.505501
vt 0.505501 0.992083
vt 0.992083 0.505501
f 4741/14677/4741 4742/14678/4742 4743/14679/4743
vt 0.992083 0.992083
vt 0.992083 0.505501
vt 0.505501 0.992083
f 4744/14680/4744 4743/14681/4743 4742/14682/4742
vt 0.992083 0.992083
vt 0.992083 0.505501
vt 0.505501 0.992083
f 4745/14683/4745 4746/14684/4746 4747/14685/4747
vt 0.505501 0.505501
vt 0.505501 0.992083
vt 0.992083 0.505501
f 4748/14686/4748 4747/14687/4747 4746/14688/4746
vt 0.992083 0.992083
vt 0.992083 0.505501
vt 0.505501 0.992083
f 4749/14689/4749 4750/14690/4750 4751/14691/4751
vt 0.505501 0.505501
vt 0.505501 0.992083
vt 0.992083 0.505501
f 4752/14692/4752 4751/14693/4751 4750/14694/4750
vt 0.992083 0.992083
vt 0.992083 0.505501
vt 0.505501 0.505501
f 4753/14695/4753 4754/14696/4754 4755/14697/4755
vt 0.505501 0.505501
vt 0.505501 0.992083
vt 0.992083 0.992083
f 4755/14698/4755 4756/14699/4756 4753/14700/4753
vt 0.505501 0.505501
vt 0.505501 0.992083
vt 0.992083 0.992083
f 4757/14701/4757 4758/14702/4758 4759/14703/4759
vt 0.992083 0.992083
vt 0.992083 0.505501
vt 0.505501 0.505501
f 4759/14704/4759 4760/14705/4760 4757/14706/4757
vt 0.505501 0.505501
vt 0.505501 0.992083
vt 0.992083 0.992083
f 4761/14707/4761 4762/14708/4762 4763/14709/4763
vt 0.992083 0.992083
vt 0.992083 0.505501
vt 0.505501 0.505501
f 4763/14710/4763 4764/14711/4764 4761/14712/4761
vt 0.005501 0.005501
vt 0.005501 0.492083
vt 0.492083 0.005501
f 4765/14713/4765 4766/14714/4766 4767/14715/4767
vt 0.492083 0.492083
vt 0.492083 0.005501
vt 0.005501 0.492083
f 4768/14716/4768 4767/14717/4767 4766/14718/4766
vt 0.492083 0.492083
vt 0.492083 0.005501
vt 0.005501 0.492083
f 4769/14719/4769 4770/14720/4770 4771/14721/4771
vt 0.005501 0.005501
vt 0.005501 0.492083
vt 0.492083 0.005501
f 4772/14722/4772 4771/14723/4771 4770/14724/4770
vt 0.492083 0.492083
vt 0.492083 0.005501
vt 0.005501 0.492083
f 4773/14725/4773 4774/14726/4774 4775/14727/4775
vt 0.005501 0.005501
vt 0.005501 0.492083
vt 0.492083 0.005501
f 4776/14728/4776 4775/14729/4775 4774/14730/4774
vt 0.492083 0.492083
vt 0.492083 0.005501
vt 0.005501 0.005501
f 4777/14731/4777 4778/14732/4778 4779/14733/4779
vt 0.005501 0.005501
vt 0.005501 0.492083
vt 0.492083 0.492083
f 4779/14734/4779 4780/14735/4780 4777/14736/4777
vt 0.005501 0.005501
vt 0.005501 0.492083
vt 0.492083 0.492083
f 4781/14737/4781 4782/14738/4782 4783/14739/4783
vt 0.492083 0.492083
vt 0.492083 0.005501
vt 0.005501 0.005501
f 4783/14740/4783 4784/14741/4784 4781/14742/4781
vt 0.005501 0.005501
vt 0.005501 0.492083
vt 0.492083 0.492083
f 4785/14743/4785 4786/14744/4786 4787/14745/4787
vt 0.492083 0.492083
vt 0.492083 0.005501
vt 0.005501 0.005501
f 4787/14746/4787 4788/14747/4788 4785/14748/4785
vt 0.005501 0.005501
vt 0.005501 0.492083
vt 0.492083 0.005501
f 4789/14749/4789 4790/14750/4790 4791/14751/4791
vt 0.492083 0.492083
vt 0.492083 0.005501
vt 0.005501 0.492083
f 4792/14752/4792 4791/14753/4791 4790/14754/4790
vt 0.492083 0.492083
vt 0.492083 0.005501
vt 0.005501 0.492083
f 4793/14755/4793 4794/14756/4794 4795/14757/4795
vt 0.005501 0.005501
vt 0.005501 0.492083
vt 0.492083 0.005501
f 4796/14758/4796 4795/14759/4795 4794/14760/4794
vt 0.492083 0.492083
vt 0.492083 0.005501
vt 0.005501 0.492083
f 4797/14761/4797 4798/14762/4798 4799/14763/4799
vt 0.005501 0.005501
vt 0.005501 0.492083
vt 0.492083 0.005501
f 4800/14764/4800 4799/14765/4799 4798/14766/4798
vt 0.492083 0.492083
vt 0.492083 0.005501
vt 0.005501 0.005501
f 4801/14767/4801 4802/14768/4802 4803/14769/4803
vt 0.005501 0.005501
vt 0.005501 0.492083
vt 0.492083 0.492083
f 4803/14770/4803 4804/14771/4804 4801/14772/4801
vt 0.005501 0.005501
vt 0.005501 0.492083
vt 0.492083 0.492083
f 4805/14773/4805 4806/14774/4806 4807/14775/4807
vt 0.492083 0.492083
vt 0.492083 0.005501
vt 0.005501 0.005501
f 4807/14776/4807 4808/14777/4808 4805/14778/4805
vt 0.005501 0.005501
vt 0.005501 0.492083
vt 0.492083 0.492083
f 4809/14779/4809 4810/14780/4810 4811/14781/4811
vt 0.492083 0.492083
vt 0.492083 0.005501
vt 0.005501 0.005501
f 4811/14782/4811 4812/14783/4812 4809/14784/4809
usemtl tex2_1
v -26.524426 2.213164 -3.401885
vn 0.000000 0.000000 -1.000000
v -26.524426 -1.837683 -3.401885
vn 0.000000 0.000000 -1.000000
v -22.473576 2.213164 -3.401885
vn 0.000000 0.000000 -1.000000
v -22.473576 -1.837683 -3.401885
vn 0.000000 0.000000 -1.000000
v -26.524426 0.187740 -5.427309
vn 0.000000 -1.000000 0.000000
v -26.524426 0.187740 -1.376461
vn 0.000000 -1.000000 0.000000
v -22.473576 0.187740 -5.427309
vn 0.000000 -1.000000 0.000000
v -22.473576 0.187740 -1.376461
vn 0.000000 -1.000000 0.000000
v -24.499001 2.213164 -5.427309
vn -1.000000 0.000000 0.000000
v -24.499001 2.213164 -1.376461
vn -1.000000 0.000000 0.000000
v -24.499001 -1.837683 -5.427309
vn -1.000000 0.000000 0.000000
v -24.499001 -1.837683 -1.376461
vn -1.000000 0.000000 0.000000
v -26.524426 -1.837683 -3.401885
vn 0.000000 0.000000 1.000000
v -26.524426 2.213164 -3.401885
vn 0.000000 0.000000 1.000000
v -22.473576 2.213164 -3.401885
vn 0.000000 0.000000 1.000000
v -22.473576 -1.837683 -3.401885
vn 0.000000 0.000000 1.000000
v -26.524426 0.187740 -1.376461
vn 0.000000 1.000000 0.000000
v -26.524426 0.187740 -5.427309
vn 0.000000 1.000000 0.000000
v -22.473576 0.187740 -5.427309
vn 0.000000 1.000000 0.000000
v -22.473576 0.187740 -1.376461
vn 0.000000 1.000000 0.000000
v -24.499001 2.213164 -1.376461
vn 1.000000 0.000000 0.000000
v -24.499001 2.213164 -5.427309
vn 1.000000 0.000000 0.000000
v -24.499001 -1.837683 -5.427309
vn 1.000000 0.000000 0.000000
v -24.499001 -1.837683 -1.376461
vn 1.000000 0.000000 0.000000
v -1.916927 5.435889 0.001000
vn 0.000000 0.000000 -1.000000
v -1.916927 1.571483 0.001000
vn 0.000000 0.000000 -1.000000
v 1.947480 5.435889 0.001000
vn 0.000000 0.000000 -1.000000
v 1.947480 1.571483 0.001000
vn 0.000000 0.000000 -1.000000
v -1.916927 3.503686 -1.931203
vn 0.000000 -1.000000 0.000000
v -1.916927 3.503686 1.933203
vn 0.000000 -1.000000 0.000000
v 1.947480 3.503686 -1.931203
vn 0.000000 -1.000000 0.000000
v 1.947480 3.503686 1.933203
vn 0.000000 -1.000000 0.000000
v 0.015277 5.435889 -1.931203
vn -1.000000 0.000000 0.000000
v 0.015277 5.435889 1.933203
vn -1.000000 0.000000 0.000000
v 0.015277 1.571483 -1.931203
vn -1.000000 0.000000 0.000000
v 0.015277 1.571483 1.933203
vn -1.000000 0.000000 0.000000
v -1.916927 1.571483 0.001000
vn 0.000000 0.000000 1.000000
v -1.916927 5.435889 0.001000
vn 0.000000 0.000000 1.000000
v 1.947480 5.435889 0.001000
vn 0.000000 0.000000 1.000000
v 1.947480 1.571483 0.001000
vn 0.000000 0.000000 1.000000
v -1.916927 3.503686 1.933203
vn 0.000000 1.000000 0.000000
v -1.916927 3.503686 -1.931203
vn 0.000000 1.000000 0.000000
v 1.947480 3.503686 -1.931203
vn 0.000000 1.000000 0.000000
v 1.947480 3.503686 1.933203
vn 0.000000 1.000000 0.000000
v 0.015277 5.435889 1.933203
vn 1.000000 0.000000 0.000000
v 0.015277 5.435889 -1.931203
vn 1.000000 0.000000 0.000000
v 0.015277 1.571483 -1.931203
vn 1.000000 0.000000 0.000000
v 0.015277 1.571483 1.933203
vn 1.000000 0.000000 0.000000
v -1.887187 0.191179 -5.496071
vn 0.000000 0.000000 -1.000000
v -1.887187 -3.673228 -5.496071
vn 0.000000 0.000000 -1.000000
v 1.977219 0.191179 -5.496071
vn 0.000000 0.000000 -1.000000
v 1.977219 -3.673228 -5.496071
vn 0.000000 0.000000 -1.000000
v -1.887187 -1.741025 -7.428275
vn 0.000000 -1.000000 0.000000
v -1.887187 -1.741025 -3.563868
vn 0.000000 -1.000000 0.000000
v 1.977219 -1.741025 -7.428275
vn 0.000000 -1.000000 0.000000
v 1.977219 -1.741025 -3.563868
vn 0.000000 -1.000000 0.000000
v 0.045016 0.191178 -7.428275
vn -1.000000 0.000000 0.000000
v 0.045016 0.191178 -3.563868
vn -1.000000 0.000000 0.000000
v 0.045016 -3.673228 -7.428275
vn -1.000000 0.000000 0.000000
v 0.045016 -3.673228 -3.563868
vn -1.000000 0.000000 0.000000
v -1.887187 -3.673228 -5.496071
vn 0.000000 0.000000 1.000000
v -1.887187 0.191179 -5.496071
vn 0.000000 0.000000 1.000000
v 1.977219 0.191179 -5.496071
vn 0.000000 0.000000 1.000000
v 1.977219 -3.673228 -5.496071
vn 0.000000 0.000000 1.000000
v -1.887187 -1.741025 -3.563868
vn 0.000000 1.000000 0.000000
v -1.887187 -1.741025 -7.428275
vn 0.000000 1.000000 0.000000
v 1.977219 -1.741025 -7.428275
vn 0.000000 1.000000 0.000000
v 1.977219 -1.741025 -3.563868
vn 0.000000 1.000000 0.000000
v 0.045016 0.191178 -3.563868
vn 1.000000 0.000000 0.000000
v 0.045016 0.191178 -7.428275
vn 1.000000 0.000000 0.000000
v 0.045016 -3.673228 -7.428275
vn 1.000000 0.000000 0.000000
v 0.045016 -3.673228 -3.563868
vn 1.000000 0.000000 0.000000
v 22.475574 2.208414 -3.387551
vn 0.000000 0.000000 -1.000000
v 22.475574 -1.842433 -3.387551
vn 0.000000 0.000000 -1.000000
v 26.526424 2.208414 -3.387551
vn 0.000000 0.000000 -1.000000
v 26.526424 -1.842433 -3.387551
vn 0.000000 0.000000 -1.000000
v 22.475574 0.182990 -5.412973
vn 0.000000 -1.000000 0.000000
v 22.475574 0.182990 -1.362126
vn 0.000000 -1.000000 0.000000
v 26.526424 0.182990 -5.412973
vn 0.000000 -1.000000 0.000000
v 26.526424 0.182990 -1.362126
vn 0.000000 -1.000000 0.000000
v 24.500999 2.208414 -5.412973
vn -1.000000 0.000000 0.000000
v 24.500999 2.208414 -1.362126
vn -1.000000 0.000000 0.000000
v 24.500999 -1.842433 -5.412973
vn -1.000000 0.000000 0.000000
v 24.500999 -1.842433 -1.362126
vn -1.000000 0.000000 0.000000
v 22.475574 -1.842434 -3.387551
vn 0.000000 0.000000 1.000000
v 22.475574 2.208414 -3.387551
vn 0.000000 0.000000 1.000000
v 26.526424 2.208414 -3.387551
vn 0.000000 0.000000 1.000000
v 26.526424 -1.842434 -3.387551
vn 0.000000 0.000000 1.000000
v 22.475574 0.182990 -1.362126
vn 0.000000 1.000000 0.000000
v 22.475574 0.182990 -5.412973
vn 0.000000 1.000000 0.000000
v 26.526424 0.182990 -5.412973
vn 0.000000 1.000000 0.000000
v 26.526424 0.182990 -1.362126
vn 0.000000 1.000000 0.000000
v 24.500999 2.208414 -1.362126
vn 1.000000 0.000000 0.000000
v 24.500999 2.208414 -5.412973
vn 1.000000 0.000000 0.000000
v 24.500999 -1.842433 -5.412973
vn 1.000000 0.000000 0.000000
v 24.500999 -1.842433 -1.362126
vn 1.000000 0.000000 0.000000
vt 0.505501 0.003086
vt 0.505501 0.489668
vt 0.992083 0.003086
f 4813/14785/4813 4814/14786/4814 4815/14787/4815
vt 0.992083 0.489668
vt 0.992083 0.003086
vt 0.505501 0.489668
f 4816/14788/4816 4815/14789/4815 4814/14790/4814
vt 0.992083 0.489668
vt 0.992083 0.003086
vt 0.505501 0.489668
f 4817/14791/4817 4818/14792/4818 4819/14793/4819
vt 0.505501 0.003086
vt 0.505501 0.489668
vt 0.992083 0.003086
f 4820/14794/4820 4819/14795/4819 4818/14796/4818
vt 0.992083 0.489668
vt 0.992083 0.003086
vt 0.505501 0.489668
f 4821/14797/4821 4822/14798/4822 4823/14799/4823
vt 0.505501 0.003086
vt 0.505501 0.489668
vt 0.992083 0.003086
f 4824/14800/4824 4823/14801/4823 4822/14802/4822
vt 0.992083 0.489668
vt 0.992083 0.003086
vt 0.505501 0.003086
f 4825/14803/4825 4826/14804/4826 4827/14805/4827
vt 0.505501 0.003086
vt 0.505501 0.489668
vt 0.992083 0.489668
f 4827/14806/4827 4828/14807/4828 4825/14808/4825
vt 0.505501 0.003086
vt 0.505501 0.489668
vt 0.992083 0.489668
f 4829/14809/4829 4830/14810/4830 4831/14811/4831
vt 0.992083 0.489668
vt 0.992083 0.003086
vt 0.505501 0.003086
f 4831/14812/4831 4832/14813/4832 4829/14814/4829
vt 0.505501 0.003086
vt 0.505501 0.489668
vt 0.992083 0.489668
f 4833/14815/4833 4834/14816/4834 4835/14817/4835
vt 0.992083 0.489668
vt 0.992083 0.003086
vt 0.505501 0.003086
f 4835/14818/4835 4836/14819/4836 4833/14820/4833
vt 0.005501 0.505501
vt 0.005501 0.992083
vt 0.492083 0.505501
f 4837/14821/4837 4838/14822/4838 4839/14823/4839
vt 0.492083 0.992083
vt 0.492083 0.505501
vt 0.005501 0.992083
f 4840/14824/4840 4839/14825/4839 4838/14826/4838
vt 0.492083 0.992083
vt 0.492083 0.505501
vt 0.005501 0.992083
f 4841/14827/4841 4842/14828/4842 4843/14829/4843
vt 0.005501 0.505501
vt 0.005501 0.992083
vt 0.492083 0.505501
f 4844/14830/4844 4843/14831/4843 4842/14832/4842
vt 0.492083 0.992083
vt 0.492083 0.505501
vt 0.005501 0.992083
f 4845/14833/4845 4846/14834/4846 4847/14835/4847
vt 0.005501 0.505501
vt 0.005501 0.992083
vt 0.492083 0.505501
f 4848/14836/4848 4847/14837/4847 4846/14838/4846
vt 0.492083 0.992083
vt 0.492083 0.505501
vt 0.005501 0.505501
f 4849/14839/4849 4850/14840/4850 4851/14841/4851
vt 0.005501 0.505501
vt 0.005501 0.992083
vt 0.492083 0.992083
f 4851/14842/4851 4852/14843/4852 4849/14844/4849
vt 0.005501 0.505501
vt 0.005501 0.992083
vt 0.492083 0.992083
f 4853/14845/4853 4854/14846/4854 4855/14847/4855
vt 0.492083 0.992083
vt 0.492083 0.505501
vt 0.005501 0.505501
f 4855/14848/4855 4856/14849/4856 4853/14850/4853
vt 0.005501 0.505501
vt 0.005501 0.992083
vt 0.492083 0.992083
f 4857/14851/4857 4858/14852/4858 4859/14853/4859
vt 0.492083 0.992083
vt 0.492083 0.505501
vt 0.005501 0.505501
f 4859/14854/4859 4860/14855/4860 4857/14856/4857
vt 0.005501 0.005501
vt 0.005501 0.492083
vt 0.492083 0.005501
f 4861/14857/4861 4862/14858/4862 4863/14859/4863
vt 0.492083 0.492083
vt 0.492083 0.005501
vt 0.005501 0.492083
f 4864/14860/4864 4863/14861/4863 4862/14862/4862
vt 0.492083 0.492083
vt 0.492083 0.005501
vt 0.005501 0.492083
f 4865/14863/4865 4866/14864/4866 4867/14865/4867
vt 0.005501 0.005501
vt 0.005501 0.492083
vt 0.492083 0.005501
f 4868/14866/4868 4867/14867/4867 4866/14868/4866
vt 0.492083 0.492083
vt 0.492083 0.005501
vt 0.005501 0.492083
f 4869/14869/4869 4870/14870/4870 4871/14871/4871
vt 0.005501 0.005501
vt 0.005501 0.492083
vt 0.492083 0.005501
f 4872/14872/4872 4871/14873/4871 4870/14874/4870
vt 0.492083 0.492083
vt 0.492083 0.005501
vt 0.005501 0.005501
f 4873/14875/4873 4874/14876/4874 4875/14877/4875
vt 0.005501 0.005501
vt 0.005501 0.492083
vt 0.492083 0.492083
f 4875/14878/4875 4876/14879/4876 4873/14880/4873
vt 0.005501 0.005501
vt 0.005501 0.492083
vt 0.492083 0.492083
f 4877/14881/4877 4878/14882/4878 4879/14883/4879
vt 0.492083 0.492083
vt 0.492083 0.005501
vt 0.005501 0.005501
f 4879/14884/4879 4880/14885/4880 4877/14886/4877
vt 0.005501 0.005501
vt 0.005501 0.492083
vt 0.492083 0.492083
f 4881/14887/4881 4882/14888/4882 4883/14889/4883
vt 0.492083 0.492083
vt 0.492083 0.005501
vt 0.005501 0.005501
f 4883/14890/4883 4884/14891/4884 4881/14892/4881
vt 0.005501 0.005501
vt 0.005501 0.492083
vt 0.492083 0.005501
f 4885/14893/4885 4886/14894/4886 4887/14895/4887
vt 0.492083 0.492083
vt 0.492083 0.005501
vt 0.005501 0.492083
f 4888/14896/4888 4887/14897/4887 4886/14898/4886
vt 0.492083 0.492083
vt 0.492083 0.005501
vt 0.005501 0.492083
f 4889/14899/4889 4890/14900/4890 4891/14901/4891
vt 0.005501 0.005501
vt 0.005501 0.492083
vt 0.492083 0.005501
f 4892/14902/4892 4891/14903/4891 4890/14904/4890
vt 0.492083 0.492083
vt 0.492083 0.005501
vt 0.005501 0.492083
f 4893/14905/4893 4894/14906/4894 4895/14907/4895
vt 0.005501 0.005501
vt 0.005501 0.492083
vt 0.492083 0.005501
f 4896/14908/4896 4895/14909/4895 4894/14910/4894
vt 0.492083 0.492083
vt 0.492083 0.005501
vt 0.005501 0.005501
f 4897/14911/4897 4898/14912/4898 4899/14913/4899
vt 0.005501 0.005501
vt 0.005501 0.492083
vt 0.492083 0.492083
f 4899/14914/4899 4900/14915/4900 4897/14916/4897
vt 0.005501 0.005501
vt 0.005501 0.492083
vt 0.492083 0.492083
f 4901/14917/4901 4902/14918/4902 4903/14919/4903
vt 0.492083 0.492083
vt 0.492083 0.005501
vt 0.005501 0.005501
f 4903/14920/4903 4904/14921/4904 4901/14922/4901
vt 0.005501 0.005501
vt 0.005501 0.492083
vt 0.492083 0.492083
f 4905/14923/4905 4906/14924/4906 4907/14925/4907
vt 0.492083 0.492083
vt 0.492083 0.005501
vt 0.005501 0.005501
f 4907/14926/4907 4908/14927/4908 4905/14928/4905
usemtl tex2_2
v -28.668339 4.357075 -3.401884
vn 0.000000 0.000000 -1.000000
v -28.668339 -3.981594 -3.401884
vn 0.000000 0.000000 -1.000000
v -20.329662 4.357075 -3.401884
vn 0.000000 0.000000 -1.000000
v -20.329662 -3.981594 -3.401884
vn 0.000000 0.000000 -1.000000
v -28.668339 0.187740 -7.571219
vn 0.000000 -1.000000 0.000000
v -28.668339 0.187740 0.767449
vn 0.000000 -1.000000 0.000000
v -20.329662 0.187740 -7.571219
vn 0.000000 -1.000000 0.000000
v -20.329662 0.187740 0.767449
vn 0.000000 -1.000000 0.000000
v -24.499001 4.357074 -7.571219
vn -1.000000 0.000000 0.000000
v -24.499001 4.357074 0.767449
vn -1.000000 0.000000 0.000000
v -24.499001 -3.981594 -7.571219
vn -1.000000 0.000000 0.000000
v -24.499001 -3.981594 0.767449
vn -1.000000 0.000000 0.000000
v -28.668339 -3.981594 -3.401884
vn 0.000000 0.000000 1.000000
v -28.668339 4.357075 -3.401884
vn 0.000000 0.000000 1.000000
v -20.329662 4.357075 -3.401884
vn 0.000000 0.000000 1.000000
v -20.329662 -3.981594 -3.401884
vn 0.000000 0.000000 1.000000
v -28.668339 0.187740 0.767449
vn 0.000000 1.000000 0.000000
v -28.668339 0.187740 -7.571219
vn 0.000000 1.000000 0.000000
v -20.329662 0.187740 -7.571219
vn 0.000000 1.000000 0.000000
v -20.329662 0.187740 0.767449
vn 0.000000 1.000000 0.000000
v -24.499001 4.357074 0.767449
vn 1.000000 0.000000 0.000000
v -24.499001 4.357074 -7.571219
vn 1.000000 0.000000 0.000000
v -24.499001 -3.981594 -7.571219
vn 1.000000 0.000000 0.000000
v -24.499001 -3.981594 0.767449
vn 1.000000 0.000000 0.000000
v -3.962164 7.481127 0.001000
vn 0.000000 0.000000 -1.000000
v -3.962164 -0.473755 0.001000
vn 0.000000 0.000000 -1.000000
v 3.992717 7.481127 0.001000
vn 0.000000 0.000000 -1.000000
v 3.992717 -0.473755 0.001000
vn 0.000000 0.000000 -1.000000
v -3.962164 3.503687 -3.976440
vn 0.000000 -1.000000 -0.000000
v -3.962164 3.503686 3.978440
vn 0.000000 -1.000000 -0.000000
v 3.992717 3.503687 -3.976440
vn 0.000000 -1.000000 -0.000000
v 3.992717 3.503686 3.978440
vn 0.000000 -1.000000 -0.000000
v 0.015277 7.481127 -3.976440
vn -1.000000 0.000000 0.000000
v 0.015277 7.481127 3.978440
vn -1.000000 0.000000 0.000000
v 0.015277 -0.473755 -3.976440
vn -1.000000 0.000000 0.000000
v 0.015277 -0.473755 3.978440
vn -1.000000 0.000000 0.000000
v -3.962164 -0.473755 0.001000
vn 0.000000 0.000000 1.000000
v -3.962164 7.481127 0.001000
vn 0.000000 0.000000 1.000000
v 3.992717 7.481127 0.001000
vn 0.000000 0.000000 1.000000
v 3.992717 -0.473755 0.001000
vn 0.000000 0.000000 1.000000
v -3.962164 3.503685 3.978440
vn 0.000000 1.000000 0.000000
v -3.962164 3.503686 -3.976440
vn 0.000000 1.000000 0.000000
v 3.992717 3.503686 -3.976440
vn 0.000000 1.000000 0.000000
v 3.992717 3.503685 3.978440
vn 0.000000 1.000000 0.000000
v 0.015277 7.481127 3.978440
vn 1.000000 0.000000 0.000000
v 0.015277 7.481127 -3.976440
vn 1.000000 0.000000 0.000000
v 0.015277 -0.473755 -3.976440
vn 1.000000 0.000000 0.000000
v 0.015277 -0.473755 3.978440
vn 1.000000 0.000000 0.000000
v -3.932425 2.236415 -5.496070
vn 0.000000 0.000000 -1.000000
v -3.932425 -5.718465 -5.496070
vn 0.000000 0.000000 -1.000000
v 4.022456 2.236415 -5.496070
vn 0.000000 0.000000 -1.000000
v 4.022456 -5.718465 -5.496070
vn 0.000000 0.000000 -1.000000
v -3.932425 -1.741024 -9.473512
vn 0.000000 -1.000000 -0.000000
v -3.932425 -1.741025 -1.518630
vn 0.000000 -1.000000 -0.000000
v 4.022456 -1.741024 -9.473512
vn 0.000000 -1.000000 -0.000000
v 4.022456 -1.741025 -1.518630
vn 0.000000 -1.000000 -0.000000
v 0.045016 2.236415 -9.473512
vn -1.000000 0.000000 0.000000
v 0.045016 2.236415 -1.518630
vn -1.000000 0.000000 0.000000
v 0.045016 -5.718465 -9.473512
vn -1.000000 0.000000 0.000000
v 0.045016 -5.718465 -1.518630
vn -1.000000 0.000000 0.000000
v -3.932425 -5.718465 -5.496070
vn 0.000000 0.000000 1.000000
v -3.932425 2.236415 -5.496070
vn 0.000000 0.000000 1.000000
v 4.022456 2.236415 -5.496070
vn 0.000000 0.000000 1.000000
v 4.022456 -5.718465 -5.496070
vn 0.000000 0.000000 1.000000
v -3.932425 -1.741025 -1.518630
vn 0.000000 1.000000 0.000000
v -3.932425 -1.741025 -9.473512
vn 0.000000 1.000000 0.000000
v 4.022456 -1.741025 -9.473512
vn 0.000000 1.000000 0.000000
v 4.022456 -1.741025 -1.518630
vn 0.000000 1.000000 0.000000
v 0.045016 2.236415 -1.518630
vn 1.000000 0.000000 0.000000
v 0.045016 2.236415 -9.473512
vn 1.000000 0.000000 0.000000
v 0.045016 -5.718465 -9.473512
vn 1.000000 0.000000 0.000000
v 0.045016 -5.718465 -1.518630
vn 1.000000 0.000000 0.000000
v 20.331661 4.352324 -3.387550
vn 0.000000 0.000000 -1.000000
v 20.331661 -3.986344 -3.387550
vn 0.000000 0.000000 -1.000000
v 28.670338 4.352324 -3.387550
vn 0.000000 0.000000 -1.000000
v 28.670338 -3.986344 -3.387550
vn 0.000000 0.000000 -1.000000
v 20.331661 0.182990 -7.556883
vn 0.000000 -1.000000 0.000000
v 20.331661 0.182990 0.781784
vn 0.000000 -1.000000 0.000000
v 28.670338 0.182990 -7.556883
vn 0.000000 -1.000000 0.000000
v 28.670338 0.182990 0.781784
vn 0.000000 -1.000000 0.000000
v 24.500999 4.352324 -7.556883
vn -1.000000 0.000000 0.000000
v 24.500999 4.352324 0.781784
vn -1.000000 0.000000 0.000000
v 24.500999 -3.986344 -7.556883
vn -1.000000 0.000000 0.000000
v 24.500999 -3.986344 0.781784
vn -1.000000 0.000000 0.000000
v 20.331661 -3.986345 -3.387550
vn 0.000000 0.000000 1.000000
v 20.331661 4.352325 -3.387550
vn 0.000000 0.000000 1.000000
v 28.670338 4.352325 -3.387550
vn 0.000000 0.000000 1.000000
v 28.670338 -3.986345 -3.387550
vn 0.000000 0.000000 1.000000
v 20.331661 0.182990 0.781784
vn 0.000000 1.000000 0.000000
v 20.331661 0.182990 -7.556883
vn 0.000000 1.000000 0.000000
v 28.670338 0.182990 -7.556883
vn 0.000000 1.000000 0.000000
v 28.670338 0.182990 0.781784
vn 0.000000 1.000000 0.000000
v 24.500999 4.352324 0.781784
vn 1.000000 0.000000 0.000000
v 24.500999 4.352324 -7.556883
vn 1.000000 0.000000 0.000000
v 24.500999 -3.986344 -7.556883
vn 1.000000 0.000000 0.000000
v 24.500999 -3.986344 0.781784
vn 1.000000 0.000000 0.000000
vt 0.505501 0.003086
vt 0.505501 0.489668
vt 0.992083 0.003086
f 4909/14929/4909 4910/14930/4910 4911/14931/4911
vt 0.992083 0.489668
vt 0.992083 0.003086
vt 0.505501 0.489668
f 4912/14932/4912 4911/14933/4911 4910/14934/4910
vt 0.992083 0.489668
vt 0.992083 0.003086
vt 0.505501 0.489668
f 4913/14935/4913 4914/14936/4914 4915/14937/4915
vt 0.505501 0.003086
vt 0.505501 0.489668
vt 0.992083 0.003086
f 4916/14938/4916 4915/14939/4915 4914/14940/4914
vt 0.992083 0.489668
vt 0.992083 0.003086
vt 0.505501 0.489668
f 4917/14941/4917 4918/14942/4918 4919/14943/4919
vt 0.505501 0.003086
vt 0.505501 0.489668
vt 0.992083 0.003086
f 4920/14944/4920 4919/14945/4919 4918/14946/4918
vt 0.992083 0.489668
vt 0.992083 0.003086
vt 0.505501 0.003086
f 4921/14947/4921 4922/14948/4922 4923/14949/4923
vt 0.505501 0.003086
vt 0.505501 0.489668
vt 0.992083 0.489668
f 4923/14950/4923 4924/14951/4924 4921/14952/4921
vt 0.505501 0.003086
vt 0.505501 0.489668
vt 0.992083 0.489668
f 4925/14953/4925 4926/14954/4926 4927/14955/4927
vt 0.992083 0.489668
vt 0.992083 0.003086
vt 0.505501 0.003086
f 4927/14956/4927 4928/14957/4928 4925/14958/4925
vt 0.505501 0.003086
vt 0.505501 0.489668
vt 0.992083 0.489668
f 4929/14959/4929 4930/14960/4930 4931/14961/4931
vt 0.992083 0.489668
vt 0.992083 0.003086
vt 0.505501 0.003086
f 4931/14962/4931 4932/14963/4932 4929/14964/4929
vt 0.005501 0.505501
vt 0.005501 0.992083
vt 0.492083 0.505501
f 4933/14965/4933 4934/14966/4934 4935/14967/4935
vt 0.492083 0.992083
vt 0.492083 0.505501
vt 0.005501 0.992083
f 4936/14968/4936 4935/14969/4935 4934/14970/4934
vt 0.492083 0.992083
vt 0.492083 0.505501
vt 0.005501 0.992083
f 4937/14971/4937 4938/14972/4938 4939/14973/4939
vt 0.005501 0.505501
vt 0.005501 0.992083
vt 0.492083 0.505501
f 4940/14974/4940 4939/14975/4939 4938/14976/4938
vt 0.492083 0.992083
vt 0.492083 0.505501
vt 0.005501 0.992083
f 4941/14977/4941 4942/14978/4942 4943/14979/4943
vt 0.005501 0.505501
vt 0.005501 0.992083
vt 0.492083 0.505501
f 4944/14980/4944 4943/14981/4943 4942/14982/4942
vt 0.492083 0.992083
vt 0.492083 0.505501
vt 0.005501 0.505501
f 4945/14983/4945 4946/14984/4946 4947/14985/4947
vt 0.005501 0.505501
vt 0.005501 0.992083
vt 0.492083 0.992083
f 4947/14986/4947 4948/14987/4948 4945/14988/4945
vt 0.005501 0.505501
vt 0.005501 0.992083
vt 0.492083 0.992083
f 4949/14989/4949 4950/14990/4950 4951/14991/4951
vt 0.492083 0.992083
vt 0.492083 0.505501
vt 0.005501 0.505501
f 4951/14992/4951 4952/14993/4952 4949/14994/4949
vt 0.005501 0.505501
vt 0.005501 0.992083
vt 0.492083 0.992083
f 4953/14995/4953 4954/14996/4954 4955/14997/4955
vt 0.492083 0.992083
vt 0.492083 0.505501
vt 0.005501 0.505501
f 4955/14998/4955 4956/14999/4956 4953/15000/4953
vt 0.005501 0.005501
vt 0.005501 0.492083
vt 0.492083 0.005501
f 4957/15001/4957 4958/15002/4958 4959/15003/4959
vt 0.492083 0.492083
vt 0.492083 0.005501
vt 0.005501 0.492083
f 4960/15004/4960 4959/15005/4959 4958/15006/4958
vt 0.492083 0.492083
vt 0.492083 0.005501
vt 0.005501 0.492083
f 4961/15007/4961 4962/15008/4962 4963/15009/4963
vt 0.005501 0.005501
vt 0.005501 0.492083
vt 0.492083 0.005501
f 4964/15010/4964 4963/15011/4963 4962/15012/4962
vt 0.492083 0.492083
vt 0.492083 0.005501
vt 0.005501 0.492083
f 4965/15013/4965 4966/15014/4966 4967/15015/4967
vt 0.005501 0.005501
vt 0.005501 0.492083
vt 0.492083 0.005501
f 4968/15016/4968 4967/15017/4967 4966/15018/4966
vt 0.492083 0.492083
vt 0.492083 0.005501
vt 0.005501 0.005501
f 4969/15019/4969 4970/15020/4970 4971/15021/4971
vt 0.005501 0.005501
vt 0.005501 0.492083
vt 0.492083 0.492083
f 4971/15022/4971 4972/15023/4972 4969/15024/4969
vt 0.005501 0.005501
vt 0.005501 0.492083
vt 0.492083 0.492083
f 4973/15025/4973 4974/15026/4974 4975/15027/4975
vt 0.492083 0.492083
vt 0.492083 0.005501
vt 0.005501 0.005501
f 4975/15028/4975 4976/15029/4976 4973/15030/4973
vt 0.005501 0.005501
vt 0.005501 0.492083
vt 0.492083 0.492083
f 4977/15031/4977 4978/15032/4978 4979/15033/4979
vt 0.492083 0.492083
vt 0.492083 0.005501
vt 0.005501 0.005501
f 4979/15034/4979 4980/15035/4980 4977/15036/4977
vt 0.005501 0.005501
vt 0.005501 0.492083
vt 0.492083 0.005501
f 4981/15037/4981 4982/15038/4982 4983/15039/4983
vt 0.492083 0.492083
vt 0.492083 0.005501
vt 0.005501 0.492083
f 4984/15040/4984 4983/15041/4983 4982/15042/4982
vt 0.492083 0.492083
vt 0.492083 0.005501
vt 0.005501 0.492083
f 4985/15043/4985 4986/15044/4986 4987/15045/4987
vt 0.005501 0.005501
vt 0.005501 0.492083
vt 0.492083 0.005501
f 4988/15046/4988 4987/15047/4987 4986/15048/4986
vt 0.492083 0.492083
vt 0.492083 0.005501
vt 0.005501 0.492083
f 4989/15049/4989 4990/15050/4990 4991/15051/4991
vt 0.005501 0.005501
vt 0.005501 0.492083
vt 0.492083 0.005501
f 4992/15052/4992 4991/15053/4991 4990/15054/4990
vt 0.492083 0.492083
vt 0.492083 0.005501
vt 0.005501 0.005501
f 4993/15055/4993 4994/15056/4994 4995/15057/4995
vt 0.005501 0.005501
vt 0.005501 0.492083
vt 0.492083 0.492083
f 4995/15058/4995 4996/15059/4996 4993/15060/4993
vt 0.005501 0.005501
vt 0.005501 0.492083
vt 0.492083 0.492083
f 4997/15061/4997 4998/15062/4998 4999/15063/4999
vt 0.492083 0.492083
vt 0.492083 0.005501
vt 0.005501 0.005501
f 4999/15064/4999 5000/15065/5000 4997/15066/4997
vt 0.005501 0.005501
vt 0.005501 0.492083
vt 0.492083 0.492083
f 5001/15067/5001 5002/15068/5002 5003/15069/5003
vt 0.492083 0.492083
vt 0.492083 0.005501
vt 0.005501 0.005501
f 5003/15070/5003 5004/15071/5004 5001/15072/5001
