mtllib ancestor-shield.mtl
usemtl tex0_0
v 6.252343 2.500916 -13.267289
vn -0.101582 0.208675 0.972695
v 6.252343 -2.498917 -12.522385
vn -0.000000 0.147359 0.989083
v -6.250347 -2.498918 -12.522385
vn 0.101145 0.116135 0.988070
v -6.250347 2.500916 -13.267289
vn 0.116054 0.217237 0.969195
v 6.164296 -7.498751 -6.847937
vn -0.122319 0.946982 -0.297092
v 5.758816 -2.594996 0.939122
vn -0.000000 0.846194 -0.532875
v -5.756818 -2.594996 0.939122
vn 0.033459 0.947392 -0.318323
v -6.162298 -7.498752 -6.847936
vn 0.139447 0.955360 -0.260465
v -6.354536 -5.248375 -12.071605
vn 0.122664 0.337148 0.933426
v -12.918447 -4.503060 -11.107578
vn 0.242549 0.322904 0.914824
v -15.418983 -2.506312 -10.720660
vn 0.271105 0.144676 0.951615
v -16.252497 -0.507719 -10.715838
vn 0.262976 0.114537 0.957980
v -15.418983 1.854147 -11.302922
vn 0.296044 0.101216 0.949796
v -15.418983 1.854147 -11.302922
vn 0.182630 0.276564 0.943482
v -12.918447 4.940711 -12.691722
vn 0.355050 -0.108410 0.928540
v -6.354536 6.612474 -14.249804
vn 0.183107 -0.104231 0.977552
v 6.252343 -2.498917 -12.522385
vn -0.000000 0.043136 0.999069
v 0.000998 -5.496814 -12.392947
vn 0.000000 0.283753 0.958897
v 6.252343 -2.498917 -12.522385
vn -0.056067 0.159468 0.985610
v 6.356532 -5.248375 -12.071605
vn -0.122664 0.337148 0.933426
v 0.000998 7.169728 -14.769164
vn 0.000000 -0.017126 0.999853
v 6.356532 6.612474 -14.249804
vn -0.183107 -0.104231 0.977552
v 6.252343 -2.498917 -12.522385
vn -0.192529 0.051215 0.979954
v 15.420982 -2.506312 -10.720660
vn -0.272146 0.159253 0.948986
v 12.920445 -4.503060 -11.107578
vn -0.242549 0.322904 0.914824
v 6.252343 -2.498917 -12.522385
vn -0.160649 0.153759 0.974961
v 6.252343 -2.498917 -12.522385
vn -0.203623 0.144272 0.968361
v 16.254494 -0.507719 -10.715838
vn -0.262976 0.114537 0.957980
v 15.420982 -2.506312 -10.720660
vn -0.192177 0.077787 0.978273
v 6.252343 -2.498917 -12.522385
vn -0.192177 0.077787 0.978273
v 15.420982 1.854147 -11.302922
vn -0.305199 0.125127 0.944032
v 12.920445 4.940711 -12.691723
vn -0.355050 -0.108410 0.928540
v -6.948610 4.358103 -5.706236
vn 0.135830 -0.924998 -0.354865
v -6.325186 7.178596 -10.299349
vn 0.154016 -0.897538 -0.413164
v -12.889097 5.352436 -9.818665
vn 0.261597 -0.883731 -0.388055
v -15.550203 2.959234 -6.617216
vn 0.256373 -0.872709 -0.415514
v -23.129101 0.807274 -0.953903
vn 0.241476 -0.942823 -0.229724
v -16.047047 2.393864 -0.344119
vn 0.224192 -0.957689 -0.180470
v -16.894772 2.265733 -3.465243
vn 0.189400 -0.980359 -0.054990
v -25.096180 0.583984 -4.673303
vn 0.222820 -0.974779 -0.012495
v -5.756816 4.340059 0.939123
vn 0.130218 -0.977487 -0.166020
v -7.203221 3.594989 -2.257183
vn 0.137429 -0.990430 -0.012721
v -6.948610 4.358103 -5.706236
vn 0.173407 -0.974777 -0.140500
v -15.550203 2.959234 -6.617216
vn 0.173407 -0.974777 -0.140500
v -6.948610 4.358103 -5.706236
vn 0.157773 -0.966551 -0.202205
v -12.131273 2.465558 2.764783
vn 0.242960 -0.865914 -0.437222
v -4.779608 3.201102 4.407255
vn 0.151172 -0.892322 -0.425334
v -6.948610 4.358103 -5.706236
vn 0.079725 -0.860065 -0.503917
v 0.000999 4.824393 -5.402575
vn 0.000000 -0.930869 -0.365353
v 0.000999 7.787316 -10.459577
vn -0.000000 -0.892841 -0.450372
v -6.948610 4.358103 -5.706236
vn 0.069152 -0.854276 -0.515199
v 6.950609 4.358104 -5.706236
vn -0.129002 -0.927564 -0.350691
v 6.327183 7.178596 -10.299349
vn -0.154016 -0.897538 -0.413164
v -7.203221 3.594989 -2.257183
vn 0.071726 -0.974976 -0.210422
v 0.001000 4.038075 -1.854496
vn 0.000000 -0.998818 -0.048617
v -5.756816 4.340059 0.939123
vn 0.000000 -0.994208 0.107472
v 5.758816 4.340059 0.939123
vn -0.088166 -0.985933 -0.141998
v -7.203221 3.594989 -2.257183
vn 0.048607 -0.977379 0.205834
v -5.756816 4.340059 0.939123
vn 0.048607 -0.977379 0.205834
v 7.205221 3.594990 -2.257183
vn -0.061518 -0.998103 -0.002345
v 0.001341 3.446284 4.954745
vn 0.000000 -0.928600 -0.371082
v 4.782233 3.201102 4.407255
vn -0.151172 -0.892332 -0.425312
v 15.552202 2.959235 -6.617216
vn -0.234950 -0.928743 -0.286767
v 12.891096 5.352437 -9.818665
vn -0.261597 -0.883731 -0.388055
v 7.205221 3.594990 -2.257183
vn -0.157774 -0.966551 -0.202205
v 16.896770 2.265733 -3.465243
vn -0.189399 -0.980359 -0.054987
v 5.758816 4.340059 0.939123
vn -0.187085 -0.982288 -0.010482
v 16.049160 2.393864 -0.344119
vn -0.203667 -0.978923 -0.015123
v 7.205221 3.594990 -2.257183
vn -0.112016 -0.977774 0.177233
v 5.758816 4.340059 0.939123
vn -0.112016 -0.977774 0.177233
v 23.131256 0.807273 -0.953903
vn -0.241475 -0.942829 -0.229704
v 25.098183 0.583983 -4.673303
vn -0.222820 -0.974780 -0.012492
v 12.133730 2.465558 2.764783
vn -0.242959 -0.865931 -0.437189
v 16.049160 2.393864 -0.344119
vn -0.209348 -0.947471 -0.241809
v -4.779608 -2.098315 4.407254
vn 0.052305 0.959238 -0.277718
v -12.131273 -2.109020 2.764783
vn 0.099433 0.939980 -0.326420
v -16.047047 -2.632074 -0.481609
vn 0.086376 0.955566 -0.281838
v -23.129099 -1.886414 -0.988276
vn 0.149752 0.933987 -0.324410
v -25.096180 -2.314103 -4.810792
vn 0.205189 0.975603 -0.078081
v -16.894772 -3.686716 -4.015199
vn 0.170377 0.940391 -0.294342
v -15.550203 -4.967673 -7.154018
vn 0.271623 0.939611 -0.208210
v -15.550203 -4.967673 -7.154018
vn 0.260827 0.941741 -0.212351
v -12.889097 -6.169671 -9.216095
vn 0.286201 0.948733 0.134148
v -6.325186 -7.539966 -9.470816
vn 0.146414 0.972323 0.182073
v 5.758816 -2.594996 0.939122
vn -0.000000 0.992330 -0.123620
v 0.001340 -2.094747 4.954745
vn 0.000000 0.971291 -0.237896
v 5.758816 -2.594996 0.939122
vn -0.016000 0.989131 -0.146162
v 4.782233 -2.098315 4.407254
vn -0.052304 0.959240 -0.277710
v 0.000999 -7.996731 -9.555722
vn -0.000000 0.993252 0.115973
v 6.327183 -7.539966 -9.470816
vn -0.146414 0.972323 0.182073
v 5.758816 -2.594996 0.939122
vn -0.021975 0.982529 -0.184808
v 16.049160 -2.632073 -0.481609
vn -0.091019 0.959132 -0.267921
v 12.133729 -2.109019 2.764783
vn -0.099431 0.939986 -0.326405
v 5.758816 -2.594996 0.939122
vn -0.032202 0.988074 -0.150573
v 5.758816 -2.594996 0.939122
vn -0.155149 0.832285 -0.532194
v 16.896770 -3.686716 -4.015199
vn -0.170376 0.940391 -0.294341
v 16.049160 -2.632073 -0.481609
vn -0.037145 0.955093 -0.293969
v 5.758816 -2.594996 0.939122
vn -0.037145 0.955093 -0.293969
v 15.552202 -4.967672 -7.154018
vn -0.287043 0.942332 -0.172092
v 23.131256 -1.886414 -0.988275
vn -0.151349 0.954727 -0.256107
v 16.049160 -2.632073 -0.481609
vn -0.121478 0.942772 -0.310521
v 25.098181 -2.314103 -4.810792
vn -0.205188 0.975603 -0.078079
v 12.891096 -6.169671 -9.216096
vn -0.286201 0.948733 0.134147
v -20.983450 -3.037497 -8.331475
vn 0.457768 0.761575 0.458751
v -23.011410 -2.624957 -6.482433
vn 0.395520 0.873396 0.284152
v -24.817801 -1.760388 -6.625481
vn 0.590368 0.627749 0.507344
v -22.666742 -1.819369 -8.188383
vn 0.536573 0.436789 0.722014
v -25.096180 -2.314103 -4.810792
vn 0.665508 0.679263 0.309355
v -25.782557 -1.610070 -4.880080
vn 0.732620 0.678152 0.058119
v -25.096180 -2.314103 -4.810792
vn 0.387662 0.863391 0.322915
v -26.429882 -0.863906 -4.918574
vn 0.989029 0.009313 0.147425
v -25.403383 -0.874025 -6.637713
vn 0.723298 0.007385 0.690497
v -23.144005 -0.804012 -8.184982
vn 0.586379 0.018106 0.809835
v -23.129099 -1.886414 -0.988276
vn 0.666620 0.310056 -0.677851
v -23.404978 -1.268679 -0.977025
vn 0.638356 0.399103 -0.658194
v -25.386261 -1.449206 -3.008056
vn 0.666365 0.610978 -0.427391
v -23.957941 -0.614874 -1.004477
vn 0.707453 0.013949 -0.706623
v -26.023073 -0.774194 -3.051575
vn 0.865977 0.014825 -0.499864
v -25.096180 -2.314103 -4.810792
vn 0.452206 0.830353 -0.325612
v -23.129099 -1.886414 -0.988276
vn 0.452206 0.830353 -0.325612
v -25.096180 -2.314103 -4.810792
vn 0.710504 0.672197 -0.208171
v -23.129101 0.807274 -0.953903
vn 0.512771 -0.829489 -0.221392
v -25.096180 0.583984 -4.673303
vn 0.512771 -0.829489 -0.221392
v -25.386263 -0.051263 -2.965090
vn 0.706151 -0.599703 -0.376440
v -23.404980 0.100135 -0.955542
vn 0.676035 -0.367195 -0.638862
v -23.129101 0.807274 -0.953903
vn 0.695759 -0.269896 -0.665639
v -25.096180 0.583984 -4.673303
vn 0.707788 -0.692917 -0.137486
v -25.782557 -0.084674 -4.836847
vn 0.724571 -0.683836 0.085823
v -20.983450 1.617956 -8.544158
vn 0.512661 -0.756571 0.405930
v -22.666742 0.255837 -8.279022
vn 0.584888 -0.382182 0.715432
v -24.817802 0.045165 -6.633003
vn 0.612434 -0.621583 0.488426
v -23.011410 0.950832 -6.425793
vn 0.417933 -0.882725 0.214777
v -25.096180 0.583984 -4.673303
vn 0.400901 -0.867195 0.295383
v -25.096180 0.583984 -4.673303
vn 0.632279 -0.719378 0.287609
v -23.129099 -1.886414 -0.988276
vn 0.293866 0.648297 -0.702391
v -18.430712 -1.620193 1.223150
vn 0.296153 0.652917 -0.697132
v -19.614771 -1.059372 1.245395
vn 0.395951 0.411742 -0.820787
v -23.404978 -1.268679 -0.977025
vn 0.482624 0.230925 -0.844836
v -23.129099 -1.886414 -0.988276
vn 0.482624 0.230925 -0.844836
v -14.127935 -1.434803 3.255347
vn 0.290452 0.599025 -0.746195
v -14.789612 -0.847106 3.443816
vn 0.341437 0.397120 -0.851890
v -15.010171 -0.149500 3.507176
vn 0.386972 0.006019 -0.922072
v -20.009457 -0.395927 1.254958
vn 0.453559 0.009521 -0.891176
v -23.957941 -0.614874 -1.004477
vn 0.458537 0.353579 -0.815307
v -23.404978 -1.268679 -0.977025
vn 0.458537 0.353579 -0.815307
v -23.957941 -0.614874 -1.004477
vn 0.463566 0.287856 -0.838001
v -5.202312 -1.199339 6.364507
vn 0.217279 0.625642 -0.749241
v -5.229957 -0.509398 6.935631
vn 0.265756 0.436591 -0.859512
v -9.703482 -0.657705 5.402849
vn 0.299025 0.404222 -0.864401
v -9.436044 -1.295821 5.013528
vn 0.253444 0.579011 -0.774928
v -5.239172 0.291781 7.126007
vn 0.313860 0.004434 -0.949459
v -9.792627 0.092259 5.532622
vn 0.345969 0.004116 -0.938237
v -5.202312 1.904777 6.364507
vn 0.273393 -0.573050 -0.772574
v -9.436044 1.625712 5.013528
vn 0.309182 -0.524155 -0.793516
v -9.703481 0.878567 5.402849
vn 0.334395 -0.369656 -0.866911
v -5.229957 1.123429 6.935631
vn 0.301969 -0.401858 -0.864479
v -14.127935 1.315664 3.260717
vn 0.351272 -0.544798 -0.761448
v -14.789612 0.593071 3.445964
vn 0.377278 -0.362144 -0.852357
v -23.129101 0.807274 -0.953903
vn 0.502590 -0.194125 -0.842448
v -23.404980 0.100135 -0.955542
vn 0.502590 -0.194125 -0.842448
v -19.614771 0.324253 1.253988
vn 0.434567 -0.375669 -0.818551
v -18.430712 1.055277 1.244633
vn 0.366250 -0.602302 -0.709291
v -23.129101 0.807274 -0.953903
vn 0.364821 -0.600020 -0.711956
v -23.957941 -0.614874 -1.004477
vn 0.489511 -0.269388 -0.829343
v -23.404980 0.100135 -0.955542
vn 0.490673 -0.324113 -0.808820
v -23.957941 -0.614874 -1.004477
vn 0.490673 -0.324113 -0.808820
v 20.985447 -3.037497 -8.331476
vn -0.457767 0.761575 0.458751
v 22.668741 -1.819369 -8.188383
vn -0.536573 0.436789 0.722015
v 24.819801 -1.760388 -6.625481
vn -0.590366 0.627748 0.507346
v 23.013409 -2.624957 -6.482433
vn -0.395520 0.873396 0.284152
v 23.146004 -0.804012 -8.184981
vn -0.586378 0.018106 0.809835
v 25.405382 -0.874025 -6.637713
vn -0.723296 0.007384 0.690499
v 26.431896 -0.863906 -4.918574
vn -0.989026 0.009313 0.147446
v 25.784578 -1.610070 -4.880080
vn -0.732615 0.678156 0.058134
v 25.098181 -2.314103 -4.810792
vn -0.387662 0.863391 0.322915
v 25.098181 -2.314103 -4.810792
vn -0.665498 0.679273 0.309356
v 20.985447 1.617956 -8.544160
vn -0.512661 -0.756570 0.405931
v 23.013411 0.950832 -6.425793
vn -0.417933 -0.882724 0.214778
v 24.819801 0.045165 -6.633003
vn -0.612432 -0.621583 0.488428
v 22.668741 0.255837 -8.279022
vn -0.584888 -0.382181 0.715432
v 25.098183 0.583983 -4.673303
vn -0.632268 -0.719386 0.287611
v 25.784578 -0.084674 -4.836847
vn -0.724566 -0.683839 0.085838
v 25.098183 0.583983 -4.673303
vn -0.400901 -0.867195 0.295384
v 23.131256 0.807273 -0.953903
vn -0.695771 -0.269950 -0.665604
v 23.407185 0.100135 -0.955542
vn -0.676047 -0.367228 -0.638830
v 25.388344 -0.051263 -2.965090
vn -0.706154 -0.599718 -0.376411
v 23.960148 -0.614874 -1.004477
vn -0.707474 0.013948 -0.706602
v 26.025158 -0.774194 -3.051575
vn -0.865994 0.014823 -0.499835
v 25.098183 0.583983 -4.673303
vn -0.512771 -0.829495 -0.221370
v 23.131256 0.807273 -0.953903
vn -0.512771 -0.829495 -0.221370
v 25.098183 0.583983 -4.673303
vn -0.707778 -0.692932 -0.137461
v 23.131256 -1.886414 -0.988275
vn -0.452206 0.830360 -0.325595
v 25.098181 -2.314103 -4.810792
vn -0.452206 0.830360 -0.325595
v 25.388344 -1.449206 -3.008055
vn -0.666368 0.610993 -0.427366
v 23.407185 -1.268679 -0.977025
vn -0.638364 0.399136 -0.658166
v 23.131256 -1.886414 -0.988275
vn -0.666625 0.310112 -0.677821
v 25.098181 -2.314103 -4.810792
vn -0.710496 0.672213 -0.208148
v 23.131256 -1.886414 -0.988275
vn -0.482636 0.230969 -0.844817
v 23.407185 -1.268679 -0.977025
vn -0.482636 0.230969 -0.844817
v 19.617180 -1.059371 1.245395
vn -0.395962 0.411763 -0.820771
v 18.433094 -1.620192 1.223150
vn -0.296156 0.652938 -0.697110
v 23.131256 -1.886414 -0.988275
vn -0.293869 0.648318 -0.702371
v 23.960148 -0.614874 -1.004477
vn -0.463582 0.287872 -0.837987
v 20.011875 -0.395926 1.254958
vn -0.453577 0.009520 -0.891166
v 23.407185 -1.268679 -0.977025
vn -0.458552 0.353593 -0.815293
v 23.960148 -0.614874 -1.004477
vn -0.458552 0.353593 -0.815293
v 15.012839 -0.149500 3.507176
vn -0.386988 0.006019 -0.922065
v 14.792265 -0.847106 3.443816
vn -0.341448 0.397139 -0.851877
v 14.130541 -1.434803 3.255347
vn -0.290457 0.599047 -0.746175
v 23.131256 0.807273 -0.953903
vn -0.364828 -0.600045 -0.711931
v 18.433094 1.055278 1.244633
vn -0.366258 -0.602327 -0.709265
v 19.617180 0.324254 1.253988
vn -0.434581 -0.375692 -0.818532
v 23.407185 0.100135 -0.955542
vn -0.502608 -0.194167 -0.842428
v 23.131256 0.807273 -0.953903
vn -0.502608 -0.194167 -0.842428
v 14.130541 1.315664 3.260717
vn -0.351281 -0.544824 -0.761425
v 14.792264 0.593072 3.445964
vn -0.377291 -0.362164 -0.852343
v 23.960148 -0.614874 -1.004477
vn -0.490690 -0.324130 -0.808803
v 23.407185 0.100135 -0.955542
vn -0.490690 -0.324130 -0.808803
v 23.960148 -0.614874 -1.004477
vn -0.489529 -0.269404 -0.829327
v 5.205294 1.904778 6.364507
vn -0.292280 -0.546612 -0.784722
v 5.233040 1.123429 6.935631
vn -0.301979 -0.401876 -0.864468
v 9.706370 0.878567 5.402849
vn -0.334406 -0.369675 -0.866898
v 9.438859 1.625712 5.013528
vn -0.309190 -0.524178 -0.793498
v 5.242289 0.291781 7.126007
vn -0.313872 0.004434 -0.949455
v 9.795541 0.092260 5.532622
vn -0.345983 0.004116 -0.938232
v 5.205294 -1.199338 6.364507
vn -0.217282 0.625661 -0.749225
v 9.438859 -1.295820 5.013528
vn -0.253448 0.579032 -0.774911
v 9.706371 -0.657704 5.402849
vn -0.299034 0.404239 -0.864390
v 5.233040 -0.509397 6.935631
vn -0.265763 0.436608 -0.859502
v -6.763267 -6.776437 -11.080725
vn 0.145036 0.562224 0.814168
v -10.408736 -6.150626 -10.703673
vn 0.216056 0.560511 0.799467
v -10.153768 -5.560731 -11.186157
vn 0.206917 0.530272 0.822191
v -6.637845 -6.059754 -11.596045
vn 0.139487 0.514019 0.846361
v -14.016769 -5.305461 -10.149603
vn 0.293157 0.537425 0.790717
v -13.482128 -4.832178 -10.675435
vn 0.290416 0.542777 0.788068
v -20.983450 -3.037497 -8.331475
vn 0.385835 0.398248 0.832183
v -18.349594 -2.750820 -9.689834
vn 0.355851 0.277984 0.892242
v -16.278166 -3.844173 -10.127002
vn 0.345590 0.399578 0.849061
v -17.339256 -4.271915 -9.392310
vn 0.362525 0.476455 0.800978
v -20.983450 -3.037497 -8.331475
vn 0.385041 0.439100 0.811748
v -20.983450 -3.037497 -8.331475
vn 0.346192 0.377503 0.858861
v -22.666742 -1.819369 -8.188383
vn 0.346192 0.377503 0.858861
v -19.504129 -1.706224 -9.512910
vn 0.347846 0.206001 0.914640
v -20.983450 -3.037497 -8.331475
vn 0.409576 0.307193 0.858999
v -23.144005 -0.804012 -8.184982
vn 0.370274 0.142853 0.917873
v -19.852175 -0.653329 -9.536374
vn 0.341547 0.081489 0.936325
v -22.666742 -1.819369 -8.188383
vn 0.375172 0.173297 0.910612
v -23.144005 -0.804012 -8.184982
vn 0.375172 0.173297 0.910612
v -20.983450 1.617956 -8.544158
vn 0.525100 -0.163748 0.835139
v -18.349594 1.788281 -10.166818
vn 0.446932 -0.075737 0.891356
v -19.504129 0.464922 -9.700370
vn 0.393882 -0.059714 0.917219
v -22.666742 0.255837 -8.279022
vn 0.404635 -0.334366 0.851158
v -20.983450 1.617956 -8.544158
vn 0.404635 -0.334366 0.851158
v -23.144005 -0.804012 -8.184982
vn 0.413438 -0.105933 0.904349
v -22.666742 0.255837 -8.279022
vn 0.413438 -0.105933 0.904349
v -23.144005 -0.804012 -8.184982
vn 0.379018 0.017721 0.925219
v -6.763267 7.992688 -13.266982
vn 0.274312 -0.684698 0.675235
v -6.637846 7.440073 -13.873032
vn 0.254691 -0.521886 0.814105
v -10.153768 6.466018 -13.140128
vn 0.371586 -0.557047 0.742713
v -10.408737 6.871847 -12.548341
vn 0.391965 -0.671203 0.629166
v -13.482128 5.129205 -12.189763
vn 0.494466 -0.544280 0.677689
v -14.016769 5.376589 -11.523915
vn 0.498978 -0.580280 0.643659
v -20.983450 1.617956 -8.544158
vn 0.555345 -0.449669 0.699564
v -17.339258 3.580838 -10.175373
vn 0.548225 -0.467116 0.693724
v -16.278166 3.456501 -11.097638
vn 0.515046 -0.278467 0.810668
v -18.349594 1.788281 -10.166818
vn 0.524009 -0.187029 0.830924
v -20.983450 1.617956 -8.544158
vn 0.524009 -0.187029 0.830924
v -15.418983 1.854147 -11.302922
vn 0.392807 0.093416 0.914864
v -15.418983 1.854147 -11.302922
vn 0.359051 0.073322 0.930433
v -18.349594 1.788281 -10.166818
vn 0.359051 0.073322 0.930433
v -3.279123 -6.359169 -11.841979
vn 0.072518 0.502242 0.861681
v -3.328466 -7.151924 -11.306954
vn 0.077254 0.554431 0.828636
v 0.000998 -6.458973 -11.923957
vn 0.000000 0.496145 0.868240
v 0.000998 -7.277087 -11.382365
vn 0.000000 0.554860 0.831944
v 6.765264 -6.776438 -11.080724
vn -0.145036 0.562224 0.814167
v 3.330463 -7.151925 -11.306954
vn -0.077254 0.554431 0.828636
v 3.281120 -6.359169 -11.841979
vn -0.072518 0.502242 0.861681
v 6.639842 -6.059755 -11.596045
vn -0.139487 0.514020 0.846361
v -3.328467 8.665193 -13.698165
vn 0.149068 -0.678531 0.719288
v -3.279124 8.024508 -14.312773
vn 0.135445 -0.521119 0.842668
v 0.000998 8.889362 -13.841892
vn 0.000000 -0.683425 0.730021
v 0.000998 8.219319 -14.459353
vn 0.000000 -0.493142 0.869949
v 6.765264 7.992688 -13.266982
vn -0.274312 -0.684699 0.675234
v 6.639843 7.440074 -13.873032
vn -0.254691 -0.521887 0.814105
v 3.281120 8.024508 -14.312774
vn -0.135445 -0.521119 0.842668
v 3.330463 8.665193 -13.698165
vn -0.149068 -0.678532 0.719287
v 10.155766 -5.560731 -11.186157
vn -0.206917 0.530271 0.822191
v 10.410735 -6.150626 -10.703673
vn -0.216056 0.560511 0.799467
v 13.484127 -4.832178 -10.675436
vn -0.290416 0.542777 0.788068
v 14.018769 -5.305461 -10.149604
vn -0.293157 0.537424 0.790717
v 20.985447 -3.037497 -8.331476
vn -0.385041 0.439098 0.811749
v 17.341255 -4.271915 -9.392312
vn -0.362525 0.476453 0.800979
v 16.280163 -3.844173 -10.127003
vn -0.345590 0.399577 0.849062
v 18.351593 -2.750820 -9.689835
vn -0.349213 0.307716 0.885077
v 20.985447 -3.037497 -8.331476
vn -0.385835 0.398249 0.832183
v 20.985447 1.617956 -8.544160
vn -0.404635 -0.334365 0.851158
v 22.668741 0.255837 -8.279022
vn -0.404635 -0.334365 0.851158
v 19.506128 0.464922 -9.700370
vn -0.393882 -0.059714 0.917219
v 18.351593 1.788281 -10.166818
vn -0.447202 -0.066700 0.891943
v 20.985447 1.617956 -8.544160
vn -0.525099 -0.163748 0.835139
v 23.146004 -0.804012 -8.184981
vn -0.379018 0.017722 0.925219
v 19.854172 -0.653329 -9.536374
vn -0.341547 0.081489 0.936325
v 22.668741 0.255837 -8.279022
vn -0.413438 -0.105933 0.904349
v 23.146004 -0.804012 -8.184981
vn -0.413438 -0.105933 0.904349
v 20.985447 -3.037497 -8.331476
vn -0.409576 0.307192 0.858999
v 18.351593 -2.750820 -9.689835
vn -0.409576 0.307192 0.858999
v 19.506128 -1.706224 -9.512910
vn -0.347847 0.206000 0.914640
v 22.668741 -1.819369 -8.188383
vn -0.346192 0.377502 0.858861
v 20.985447 -3.037497 -8.331476
vn -0.346192 0.377502 0.858861
v 15.420982 -2.506312 -10.720660
vn -0.303632 0.124350 0.944640
v 18.351593 -2.750820 -9.689835
vn -0.312028 0.187103 0.931467
v 15.420982 -2.506312 -10.720660
vn -0.312028 0.187103 0.931467
v 23.146004 -0.804012 -8.184981
vn -0.375172 0.173296 0.910612
v 22.668741 -1.819369 -8.188383
vn -0.375172 0.173296 0.910612
v 23.146004 -0.804012 -8.184981
vn -0.370274 0.142852 0.917873
v 10.410735 6.871847 -12.548341
vn -0.391965 -0.671203 0.629166
v 10.155766 6.466019 -13.140128
vn -0.371585 -0.557048 0.742713
v 14.018768 5.376589 -11.523915
vn -0.498978 -0.580280 0.643658
v 13.484127 5.129206 -12.189763
vn -0.494466 -0.544280 0.677689
v 20.985447 1.617956 -8.544160
vn -0.524008 -0.187029 0.830924
v 16.280163 3.456501 -11.097638
vn -0.515046 -0.278468 0.810668
v 17.341255 3.580837 -10.175372
vn -0.548225 -0.467117 0.693723
v 20.985447 1.617956 -8.544160
vn -0.555345 -0.449670 0.699563
v -6.763267 7.992688 -13.266982
vn 0.252144 -0.947172 -0.198216
v -10.408737 6.871847 -12.548341
vn 0.252144 -0.947172 -0.198216
v -10.139093 6.710480 -11.434250
vn 0.267496 -0.928673 -0.256930
v -6.625005 7.716702 -11.942696
vn 0.186433 -0.942338 -0.277923
v -6.763267 7.992688 -13.266982
vn 0.238598 -0.945417 -0.221939
v -14.016769 5.376589 -11.523915
vn 0.323975 -0.930216 -0.172446
v -13.477489 5.388053 -10.572606
vn 0.337555 -0.909915 -0.241064
v -10.408737 6.871847 -12.548341
vn 0.322288 -0.922679 -0.211646
v -14.016769 5.376589 -11.523915
vn 0.322288 -0.922679 -0.211646
v -20.983450 1.617956 -8.544158
vn 0.395630 -0.895655 -0.203173
v -18.496376 2.492280 -7.555507
vn 0.330224 -0.897718 -0.291641
v -16.303635 3.835704 -9.207947
vn 0.359471 -0.893767 -0.268255
v -17.339258 3.580838 -10.175373
vn 0.398309 -0.897361 -0.189980
v -20.983450 1.617956 -8.544158
vn 0.398309 -0.897361 -0.189980
v -14.016769 5.376589 -11.523915
vn 0.403356 -0.893731 -0.196339
v -17.339258 3.580838 -10.175373
vn 0.403356 -0.893731 -0.196339
v -14.016769 5.376589 -11.523915
vn 0.390555 -0.896166 -0.210600
v -20.983450 1.617956 -8.544158
vn 0.272368 -0.961277 -0.041985
v -23.011410 0.950832 -6.425793
vn 0.272368 -0.961277 -0.041985
v -19.934563 1.796626 -5.830526
vn 0.258210 -0.963506 -0.070598
v -18.496376 2.492280 -7.555507
vn 0.357774 -0.930627 -0.077014
v -20.983450 1.617956 -8.544158
vn 0.357774 -0.930627 -0.077014
v -23.011410 0.950832 -6.425793
vn 0.247290 -0.964538 0.092271
v -15.550203 2.959234 -6.617216
vn 0.235925 -0.965324 -0.111751
v -15.550203 2.959234 -6.617216
vn 0.216442 -0.954631 -0.204528
v -18.496376 2.492280 -7.555507
vn 0.216442 -0.954631 -0.204528
v -5.202312 1.904777 6.364507
vn 0.211630 -0.811750 -0.544310
v -5.156237 2.555059 5.412632
vn 0.204323 -0.834939 -0.511007
v -8.990314 2.258188 4.364660
vn 0.236794 -0.793207 -0.561027
v -9.436044 1.625712 5.013528
vn 0.238767 -0.772259 -0.588733
v -5.202312 1.904777 6.364507
vn 0.238767 -0.772259 -0.588733
v -13.025140 1.953332 2.951972
vn 0.295226 -0.758658 -0.580758
v -14.127935 1.315664 3.260717
vn 0.265396 -0.775181 -0.573289
v -9.436044 1.625712 5.013528
vn 0.265396 -0.775181 -0.573289
v -14.127935 1.315664 3.260717
vn 0.267318 -0.753266 -0.600942
v -18.430712 1.055277 1.244633
vn 0.282195 -0.811617 -0.511512
v -16.457279 1.751256 1.229042
vn 0.284381 -0.843471 -0.455723
v -14.127935 1.315664 3.260717
vn 0.310616 -0.791807 -0.525889
v -18.430712 1.055277 1.244633
vn 0.284287 -0.817317 -0.501172
v -14.127935 1.315664 3.260717
vn 0.284287 -0.817317 -0.501172
v -6.763267 7.992688 -13.266982
vn 0.153823 -0.963985 -0.216958
v -3.271786 8.320436 -12.247762
vn 0.097625 -0.951807 -0.290745
v -3.328467 8.665193 -13.698165
vn 0.158404 -0.959199 -0.234189
v -6.763267 7.992688 -13.266982
vn 0.158404 -0.959199 -0.234189
v 0.000998 8.521680 -12.349451
vn -0.000000 -0.953517 -0.301339
v 0.000998 8.889362 -13.841892
vn 0.055315 -0.970915 -0.232946
v -3.328467 8.665193 -13.698165
vn 0.055315 -0.970915 -0.232946
v 0.000998 8.889362 -13.841892
vn 0.052201 -0.969644 -0.238884
v 6.765264 7.992688 -13.266982
vn -0.158404 -0.959199 -0.234190
v 3.330463 8.665193 -13.698165
vn -0.158404 -0.959199 -0.234190
v 3.273783 8.320436 -12.247763
vn -0.097625 -0.951807 -0.290745
v 6.627002 7.716702 -11.942696
vn -0.186433 -0.942338 -0.277923
v 6.765264 7.992688 -13.266982
vn -0.153823 -0.963985 -0.216958
v 0.000998 8.889362 -13.841892
vn -0.052201 -0.969644 -0.238884
v 3.330463 8.665193 -13.698165
vn -0.055315 -0.970915 -0.232946
v 0.000998 8.889362 -13.841892
vn -0.055315 -0.970915 -0.232946
v -5.202312 1.904777 6.364507
vn 0.187051 -0.844866 -0.501213
v -2.274011 2.072217 7.175094
vn 0.134227 -0.853368 -0.503732
v -2.326339 2.733181 6.041415
vn 0.118316 -0.866965 -0.484121
v -5.156237 2.555059 5.412632
vn 0.173587 -0.817070 -0.549786
v -5.202312 1.904777 6.364507
vn 0.173587 -0.817070 -0.549786
v 0.001558 2.128030 7.445289
vn -0.000000 -0.868110 -0.496372
v 0.001456 2.792556 6.251009
vn 0.000000 -0.883541 -0.468354
v -5.156237 2.555059 5.412632
vn 0.162693 -0.856670 -0.489538
v 5.205294 1.904778 6.364507
vn -0.173588 -0.817084 -0.549765
v 5.159050 2.555059 5.412632
vn -0.186319 -0.836343 -0.515573
v 2.329227 2.733182 6.041415
vn -0.118316 -0.866974 -0.484105
v 2.277094 2.072217 7.175094
vn -0.134227 -0.853378 -0.503715
v 5.205294 1.904778 6.364507
vn -0.187051 -0.844880 -0.501189
v 6.765264 7.992688 -13.266982
vn -0.238598 -0.945417 -0.221939
v 10.141091 6.710480 -11.434250
vn -0.267496 -0.928673 -0.256930
v 10.410735 6.871847 -12.548341
vn -0.252144 -0.947172 -0.198216
v 6.765264 7.992688 -13.266982
vn -0.252144 -0.947172 -0.198216
v 13.479487 5.388053 -10.572606
vn -0.337555 -0.909915 -0.241063
v 14.018768 5.376589 -11.523915
vn -0.322288 -0.922679 -0.211646
v 10.410735 6.871847 -12.548341
vn -0.322288 -0.922679 -0.211646
v 14.018768 5.376589 -11.523915
vn -0.323975 -0.930216 -0.172446
v 20.985447 1.617956 -8.544160
vn -0.398310 -0.897361 -0.189980
v 17.341255 3.580837 -10.175372
vn -0.398310 -0.897361 -0.189980
v 16.305632 3.835704 -9.207946
vn -0.359471 -0.893767 -0.268255
v 18.498373 2.492280 -7.555507
vn -0.310355 -0.925474 -0.217205
v 20.985447 1.617956 -8.544160
vn -0.395630 -0.895655 -0.203173
v 14.018768 5.376589 -11.523915
vn -0.390556 -0.896166 -0.210600
v 17.341255 3.580837 -10.175372
vn -0.403357 -0.893731 -0.196339
v 14.018768 5.376589 -11.523915
vn -0.403357 -0.893731 -0.196339
v 20.985447 1.617956 -8.544160
vn -0.357774 -0.930627 -0.077014
v 19.936562 1.796626 -5.830525
vn -0.258210 -0.963506 -0.070598
v 23.013411 0.950832 -6.425793
vn -0.272368 -0.961277 -0.041984
v 20.985447 1.617956 -8.544160
vn -0.272368 -0.961277 -0.041984
v 23.013411 0.950832 -6.425793
vn -0.247290 -0.964538 0.092271
v 5.205294 1.904778 6.364507
vn -0.238769 -0.772279 -0.588705
v 9.438859 1.625712 5.013528
vn -0.238769 -0.772279 -0.588705
v 8.993005 2.258188 4.364660
vn -0.236796 -0.793227 -0.560998
v 5.205294 1.904778 6.364507
vn -0.211631 -0.811768 -0.544285
v 14.130541 1.315664 3.260717
vn -0.267320 -0.753288 -0.600913
v 13.027669 1.953333 2.951972
vn -0.295227 -0.758684 -0.580723
v 9.438859 1.625712 5.013528
vn -0.265398 -0.775203 -0.573258
v 14.130541 1.315664 3.260717
vn -0.265398 -0.775203 -0.573258
v 16.049160 2.393864 -0.344119
vn -0.233226 -0.920005 -0.314955
v 16.459616 1.751256 1.229042
vn -0.284380 -0.843490 -0.455690
v 18.433094 1.055278 1.244633
vn -0.282195 -0.811636 -0.511481
v 16.049160 2.393864 -0.344119
vn -0.259939 -0.915772 -0.306256
v 14.130541 1.315664 3.260717
vn -0.284288 -0.817337 -0.501139
v 18.433094 1.055278 1.244633
vn -0.284288 -0.817337 -0.501139
v 14.130541 1.315664 3.260717
vn -0.310617 -0.791830 -0.525854
v -2.242613 1.270346 7.855301
vn 0.206337 -0.445068 -0.871401
v -2.274011 2.072217 7.175094
vn 0.241698 -0.622185 -0.744627
v -2.232148 0.411494 8.082038
vn 0.222870 0.004396 -0.974838
v 0.001640 0.451398 8.400714
vn -0.000001 0.004137 -0.999991
v 0.001620 1.319318 8.161859
vn -0.000001 -0.476888 -0.878964
v 0.001558 2.128030 7.445289
vn 0.105998 -0.640823 -0.760335
v -2.274011 2.072217 7.175094
vn 0.105998 -0.640823 -0.760335
v 0.001558 2.128030 7.445289
vn 0.115923 -0.658705 -0.743417
v -2.274011 -1.141449 7.175094
vn 0.133304 0.677010 -0.723801
v -2.242613 -0.420413 7.855301
vn 0.179332 0.475020 -0.861508
v 0.001558 -1.122153 7.445289
vn -0.000000 0.692127 -0.721776
v 0.001620 -0.390751 8.161859
vn -0.000001 0.502336 -0.864672
v 2.245813 -0.420413 7.855301
vn -0.179336 0.475031 -0.861501
v 2.277093 -1.141449 7.175094
vn -0.133305 0.677022 -0.723790
v 2.235387 0.411494 8.082038
vn -0.222877 0.004396 -0.974837
v 5.205294 1.904778 6.364507
vn -0.241702 -0.622204 -0.744608
v 2.277094 2.072217 7.175094
vn -0.241702 -0.622204 -0.744608
v 2.245814 1.270346 7.855301
vn -0.206342 -0.445080 -0.871394
v 5.205294 1.904778 6.364507
vn -0.266444 -0.574927 -0.773606
v 0.001558 2.128030 7.445289
vn -0.115924 -0.658715 -0.743408
v 2.277094 2.072217 7.175094
vn -0.105999 -0.640832 -0.760328
v 0.001558 2.128030 7.445289
vn -0.105999 -0.640832 -0.760328
v -5.202312 -1.199339 6.364507
vn 0.139570 0.855586 -0.498491
v -9.436044 -1.295821 5.013528
vn 0.139570 0.855586 -0.498491
v -8.990315 -1.746583 4.364660
vn 0.127521 0.881500 -0.454638
v -5.156237 -1.697275 5.412632
vn 0.088934 0.911310 -0.402002
v -5.202312 -1.199339 6.364507
vn 0.113348 0.882618 -0.456220
v -14.127935 -1.434803 3.255347
vn 0.163808 0.836016 -0.523684
v -13.025140 -1.847647 2.941231
vn 0.170446 0.861053 -0.479099
v -9.436044 -1.295821 5.013528
vn 0.157496 0.858430 -0.488153
v -14.127935 -1.434803 3.255347
vn 0.157496 0.858430 -0.488153
v -16.457279 -2.032499 1.186076
vn 0.160790 0.899219 -0.406880
v -18.430712 -1.620193 1.223150
vn 0.172071 0.865833 -0.469814
v -14.127935 -1.434803 3.255347
vn 0.174581 0.876025 -0.449557
v -18.430712 -1.620193 1.223150
vn 0.174581 0.876025 -0.449557
v -14.127935 -1.434803 3.255347
vn 0.191195 0.864462 -0.464919
v -20.983450 -3.037497 -8.331475
vn 0.381725 0.924270 0.003338
v -18.496376 -4.067294 -7.602487
vn 0.342805 0.938581 -0.039372
v -19.934563 -3.478766 -6.094694
vn 0.273269 0.960490 -0.052757
v -23.011410 -2.624957 -6.482433
vn 0.258702 0.963506 0.068767
v -20.983450 -3.037497 -8.331475
vn 0.258702 0.963506 0.068767
v -23.011410 -2.624957 -6.482433
vn 0.249459 0.959246 0.132732
v -6.763267 -6.776437 -11.080725
vn 0.190047 0.880231 0.434827
v -6.625004 -7.179509 -10.325206
vn 0.155831 0.907302 0.390538
v -10.139092 -6.550282 -10.063089
vn 0.227879 0.885497 0.404927
v -10.408736 -6.150626 -10.703673
vn 0.196215 0.866892 0.458255
v -6.763267 -6.776437 -11.080725
vn 0.196215 0.866892 0.458255
v -13.477489 -5.754217 -9.580665
vn 0.319800 0.853883 0.410625
v -14.016769 -5.305461 -10.149603
vn 0.267857 0.864013 0.426302
v -10.408736 -6.150626 -10.703673
vn 0.267857 0.864013 0.426302
v -14.016769 -5.305461 -10.149603
vn 0.267677 0.863530 0.427394
v -20.983450 -3.037497 -8.331475
vn 0.374019 0.894875 0.243532
v -17.339256 -4.271915 -9.392310
vn 0.374019 0.894875 0.243532
v -16.303633 -4.876166 -8.762470
vn 0.359349 0.919424 0.159775
v -18.496376 -4.067294 -7.602487
vn 0.369270 0.927922 0.050987
v -20.983450 -3.037497 -8.331475
vn 0.369270 0.927922 0.050987
v -14.016769 -5.305461 -10.149603
vn 0.366856 0.867331 0.336383
v -17.339256 -4.271915 -9.392310
vn 0.344017 0.892780 0.290854
v -14.016769 -5.305461 -10.149603
vn 0.344017 0.892780 0.290854
v -15.550203 -4.967673 -7.154018
vn 0.339906 0.934460 -0.106056
v -15.550203 -4.967673 -7.154018
vn 0.303374 0.948788 -0.088128
v -18.496376 -4.067294 -7.602487
vn 0.303374 0.948788 -0.088128
v -5.202312 -1.199339 6.364507
vn 0.092524 0.884118 -0.458012
v -2.326339 -1.667689 6.041415
vn 0.056302 0.921680 -0.383844
v -2.274011 -1.141449 7.175094
vn 0.099207 0.900812 -0.422725
v -5.202312 -1.199339 6.364507
vn 0.099207 0.900812 -0.422725
v 0.001456 -1.657828 6.251009
vn -0.000000 0.931106 -0.364748
v 0.001558 -1.122153 7.445289
vn 0.042461 0.905475 -0.422270
v -2.274011 -1.141449 7.175094
vn 0.042461 0.905475 -0.422270
v 0.001558 -1.122153 7.445289
vn 0.032966 0.911925 -0.409032
v 5.205294 -1.199338 6.364507
vn -0.099206 0.900818 -0.422711
v 2.277093 -1.141449 7.175094
vn -0.099206 0.900818 -0.422711
v 2.329226 -1.667689 6.041415
vn -0.056302 0.921683 -0.383836
v 5.159050 -1.697274 5.412632
vn -0.088933 0.911315 -0.401989
v 5.205294 -1.199338 6.364507
vn -0.092524 0.884124 -0.458000
v 0.001558 -1.122153 7.445289
vn -0.032966 0.911927 -0.409027
v 2.277093 -1.141449 7.175094
vn -0.042461 0.905478 -0.422264
v 0.001558 -1.122153 7.445289
vn -0.042461 0.905478 -0.422264
v -6.763267 -6.776437 -11.080725
vn 0.126057 0.893749 0.430492
v -3.328466 -7.151924 -11.306954
vn 0.126057 0.893749 0.430492
v -3.271786 -7.557045 -10.482476
vn 0.081495 0.923624 0.374536
v -6.763267 -6.776437 -11.080725
vn 0.120728 0.884844 0.449974
v 0.000998 -7.277087 -11.382365
vn 0.041563 0.901150 0.431511
v 0.000998 -7.682891 -10.534900
vn 0.000000 0.929266 0.369410
v -3.328466 -7.151924 -11.306954
vn 0.043676 0.897834 0.438163
v 0.000998 -7.277087 -11.382365
vn 0.043676 0.897834 0.438163
v 6.765264 -6.776438 -11.080724
vn -0.120728 0.884844 0.449974
v 6.627002 -7.179509 -10.325206
vn -0.155831 0.907302 0.390538
v 3.273783 -7.557045 -10.482476
vn -0.081495 0.923624 0.374536
v 3.330463 -7.151925 -11.306954
vn -0.126057 0.893748 0.430492
v 6.765264 -6.776438 -11.080724
vn -0.126057 0.893748 0.430492
v 0.000998 -7.277087 -11.382365
vn -0.043676 0.897834 0.438163
v 3.330463 -7.151925 -11.306954
vn -0.043676 0.897834 0.438163
v 0.000998 -7.277087 -11.382365
vn -0.041563 0.901150 0.431511
v 5.205294 -1.199338 6.364507
vn -0.113347 0.882626 -0.456205
v 8.993005 -1.746582 4.364660
vn -0.127520 0.881510 -0.454620
v 9.438859 -1.295820 5.013528
vn -0.139569 0.855597 -0.498473
v 5.205294 -1.199338 6.364507
vn -0.139569 0.855597 -0.498473
v 13.027667 -1.847646 2.941231
vn -0.170443 0.861067 -0.479075
v 14.130541 -1.434803 3.255347
vn -0.157495 0.858442 -0.488132
v 9.438859 -1.295820 5.013528
vn -0.157495 0.858442 -0.488132
v 14.130541 -1.434803 3.255347
vn -0.163807 0.836029 -0.523663
v 23.131256 -1.886414 -0.988275
vn -0.172069 0.865844 -0.469795
v 18.433094 -1.620192 1.223150
vn -0.172069 0.865844 -0.469795
v 16.459616 -2.032498 1.186076
vn -0.160788 0.899229 -0.406860
v 14.130541 -1.434803 3.255347
vn -0.191193 0.864475 -0.464896
v 18.433094 -1.620192 1.223150
vn -0.174579 0.876036 -0.449536
v 14.130541 -1.434803 3.255347
vn -0.174579 0.876036 -0.449536
v 23.131256 -1.886414 -0.988275
vn -0.121430 0.943206 -0.309220
v 20.985447 -3.037497 -8.331476
vn -0.258702 0.963506 0.068767
v 23.013409 -2.624957 -6.482433
vn -0.258702 0.963506 0.068767
v 19.936562 -3.478765 -6.094694
vn -0.273269 0.960490 -0.052757
v 18.498371 -4.067294 -7.602488
vn -0.340094 0.939944 -0.029007
v 20.985447 -3.037497 -8.331476
vn -0.381724 0.924270 0.003338
v 23.013409 -2.624957 -6.482433
vn -0.249459 0.959246 0.132732
v 6.765264 -6.776438 -11.080724
vn -0.196215 0.866892 0.458255
v 10.410735 -6.150626 -10.703673
vn -0.196215 0.866892 0.458255
v 10.141091 -6.550282 -10.063090
vn -0.227879 0.885497 0.404927
v 6.765264 -6.776438 -11.080724
vn -0.190047 0.880231 0.434828
v 14.018769 -5.305461 -10.149604
vn -0.267677 0.863530 0.427394
v 13.479487 -5.754217 -9.580667
vn -0.319800 0.853883 0.410624
v 10.410735 -6.150626 -10.703673
vn -0.267856 0.864013 0.426303
v 14.018769 -5.305461 -10.149604
vn -0.267856 0.864013 0.426303
v 20.985447 -3.037497 -8.331476
vn -0.369270 0.927922 0.050986
v 16.305630 -4.876166 -8.762471
vn -0.359349 0.919424 0.159774
v 17.341255 -4.271915 -9.392312
vn -0.374019 0.894876 0.243531
v 20.985447 -3.037497 -8.331476
vn -0.374019 0.894876 0.243531
v 14.018769 -5.305461 -10.149604
vn -0.344017 0.892781 0.290853
v 17.341255 -4.271915 -9.392312
vn -0.344017 0.892781 0.290853
v 14.018769 -5.305461 -10.149604
vn -0.366856 0.867331 0.336383
vt 0.514082 0.393814
vt 0.429154 0.393814
vt 0.429154 0.606186
f 1/1/1 2/2/2 3/3/3
vt 0.429154 0.606186
vt 0.514082 0.606186
vt 0.514082 0.393814
f 3/4/3 4/5/4 1/6/1
vt 0.554315 0.395309
vt 0.422043 0.402197
vt 0.422043 0.597803
f 5/7/5 6/8/6 7/9/7
vt 0.422043 0.597803
vt 0.554315 0.604691
vt 0.554315 0.395309
f 7/10/7 8/11/8 5/12/5
vt 0.429154 0.606186
vt 0.378231 0.606186
vt 0.395111 0.719452
f 3/13/3 9/14/9 10/15/10
vt 0.429012 0.776084
vt 0.429154 0.606186
vt 0.395111 0.719452
f 11/16/11 3/17/3 10/18/10
vt 0.514082 0.606186
vt 0.429154 0.606186
vt 0.462710 0.776440
f 4/19/4 3/20/3 12/21/12
vt 0.496408 0.776796
vt 0.514082 0.606186
vt 0.462710 0.776440
f 13/22/13 4/23/4 12/24/12
vt 0.429154 0.606186
vt 0.429012 0.776084
vt 0.462710 0.776440
f 3/25/3 11/26/11 12/27/12
vt 0.514082 0.606186
vt 0.496940 0.776084
vt 0.555524 0.719452
f 4/28/4 14/29/14 15/30/15
vt 0.593387 0.606186
vt 0.514082 0.606186
vt 0.555524 0.719452
f 16/31/16 4/32/4 15/33/15
vt 0.429154 0.606186
vt 0.429154 0.393814
vt 0.378231 0.500000
f 3/34/3 17/35/17 18/36/18
vt 0.378231 0.606186
vt 0.429154 0.606186
vt 0.378231 0.500000
f 9/37/9 3/38/3 18/39/18
vt 0.429154 0.393814
vt 0.378231 0.393814
vt 0.378231 0.500000
f 19/40/19 20/41/20 18/42/18
vt 0.514082 0.606186
vt 0.593387 0.606186
vt 0.593387 0.500000
f 4/43/4 16/44/16 21/45/21
vt 0.514082 0.393814
vt 0.514082 0.606186
vt 0.593387 0.500000
f 1/46/1 4/47/4 21/48/21
vt 0.593387 0.393814
vt 0.514082 0.393814
vt 0.593387 0.500000
f 22/49/22 1/50/1 21/51/21
vt 0.429154 0.393814
vt 0.429012 0.223916
vt 0.395111 0.280548
f 23/52/23 24/53/24 25/54/25
vt 0.378231 0.393814
vt 0.429154 0.393814
vt 0.395111 0.280548
f 20/55/20 26/56/26 25/57/25
vt 0.429154 0.393814
vt 0.514082 0.393814
vt 0.463240 0.224308
f 27/58/27 1/59/1 28/60/28
vt 0.429540 0.224700
vt 0.429154 0.393814
vt 0.463240 0.224308
f 29/61/29 30/62/30 28/63/28
vt 0.514082 0.393814
vt 0.496940 0.223916
vt 0.463240 0.224308
f 1/64/1 31/65/31 28/66/28
vt 0.514082 0.393814
vt 0.593387 0.393814
vt 0.555524 0.280548
f 1/67/1 22/68/22 32/69/32
vt 0.496940 0.223916
vt 0.514082 0.393814
vt 0.555524 0.280548
f 31/70/31 1/71/1 32/72/32
vt 0.483052 0.604691
vt 0.384337 0.605439
vt 0.395224 0.718953
f 33/73/33 34/74/34 35/75/35
vt 0.395224 0.718953
vt 0.450024 0.775337
vt 0.483052 0.604691
f 35/76/35 36/77/36 33/78/33
vt 0.534570 0.999500
vt 0.556264 0.798652
vt 0.503104 0.787078
f 37/79/37 38/80/38 39/81/39
vt 0.503104 0.787078
vt 0.475784 0.972741
vt 0.534570 0.999500
f 39/82/39 40/83/40 37/84/37
vt 0.577957 0.597803
vt 0.530425 0.601415
vt 0.503104 0.787078
f 41/85/41 42/86/42 39/87/39
vt 0.556264 0.798652
vt 0.577957 0.597803
vt 0.503104 0.787078
f 38/88/38 41/89/41 39/90/39
vt 0.482892 0.605026
vt 0.449945 0.775504
vt 0.503104 0.787078
f 43/91/43 44/92/44 39/93/39
vt 0.503104 0.787078
vt 0.530425 0.601415
vt 0.482892 0.605026
f 39/94/39 42/95/42 45/96/45
vt 0.577957 0.597803
vt 0.556264 0.798652
vt 0.608968 0.706081
f 41/97/41 38/98/38 46/99/46
vt 0.646167 0.559371
vt 0.577957 0.597803
vt 0.608968 0.706081
f 47/100/47 41/101/41 46/102/46
vt 0.483052 0.604691
vt 0.483052 0.500000
vt 0.384337 0.500000
f 48/103/48 49/104/49 50/105/50
vt 0.384337 0.500000
vt 0.384337 0.605439
vt 0.483052 0.604691
f 50/106/50 34/107/34 51/108/51
vt 0.483052 0.395309
vt 0.384337 0.394562
vt 0.384337 0.500000
f 52/109/52 53/110/53 50/111/50
vt 0.384337 0.500000
vt 0.483052 0.500000
vt 0.483052 0.395309
f 50/112/50 49/113/49 52/114/52
vt 0.483052 0.604691
vt 0.530504 0.601247
vt 0.530504 0.500000
f 33/115/33 54/116/54 55/117/55
vt 0.530504 0.500000
vt 0.483052 0.500000
vt 0.483052 0.604691
f 55/118/55 49/119/49 33/120/33
vt 0.577957 0.597803
vt 0.577957 0.402197
vt 0.530504 0.500000
f 56/121/56 57/122/57 55/123/55
vt 0.530504 0.601247
vt 0.577957 0.597803
vt 0.530504 0.500000
f 58/124/58 59/125/59 55/126/55
vt 0.577957 0.402197
vt 0.530504 0.398753
vt 0.530504 0.500000
f 57/127/57 60/128/60 55/129/55
vt 0.483052 0.395309
vt 0.483052 0.500000
vt 0.530504 0.500000
f 52/130/52 49/131/49 55/132/55
vt 0.530504 0.500000
vt 0.530504 0.398753
vt 0.483052 0.395309
f 55/133/55 60/134/60 52/135/52
vt 0.577957 0.597803
vt 0.646167 0.559371
vt 0.646167 0.499994
f 41/136/41 47/137/47 61/138/61
vt 0.577957 0.402197
vt 0.577957 0.597803
vt 0.646167 0.499994
f 57/139/57 41/140/41 61/141/61
vt 0.646167 0.440618
vt 0.577957 0.402197
vt 0.646167 0.499994
f 62/142/62 57/143/57 61/144/61
vt 0.483052 0.395309
vt 0.450024 0.224663
vt 0.395224 0.281047
f 52/145/52 63/146/63 64/147/64
vt 0.395224 0.281047
vt 0.384337 0.394562
vt 0.483052 0.395309
f 64/148/64 53/149/53 52/150/52
vt 0.483052 0.395309
vt 0.530592 0.398936
vt 0.503188 0.213097
f 52/151/52 65/152/65 66/153/66
vt 0.503188 0.213097
vt 0.450024 0.224663
vt 0.483052 0.395309
f 66/154/66 63/155/63 52/156/52
vt 0.578132 0.402564
vt 0.556351 0.201532
vt 0.503188 0.213097
f 67/157/67 68/158/68 66/159/66
vt 0.530592 0.398936
vt 0.578132 0.402564
vt 0.503188 0.213097
f 69/160/69 70/161/70 66/162/66
vt 0.534570 0.000500
vt 0.475784 0.027259
vt 0.503188 0.213097
f 71/163/71 72/164/72 66/165/66
vt 0.503188 0.213097
vt 0.556351 0.201532
vt 0.534570 0.000500
f 66/166/66 68/167/68 71/168/71
vt 0.577957 0.402197
vt 0.646167 0.440618
vt 0.608968 0.293912
f 57/169/57 62/170/62 73/171/73
vt 0.556264 0.201348
vt 0.577957 0.402197
vt 0.608968 0.293912
f 74/172/74 57/173/57 73/174/73
vt 0.422043 0.597803
vt 0.353833 0.559371
vt 0.391032 0.706081
f 7/175/7 75/176/75 76/177/76
vt 0.443736 0.798652
vt 0.422043 0.597803
vt 0.391032 0.706081
f 77/178/77 7/179/7 76/180/76
vt 0.465430 0.999500
vt 0.507829 0.975011
vt 0.498004 0.788129
f 78/181/78 79/182/79 80/183/80
vt 0.498004 0.788129
vt 0.443736 0.798652
vt 0.465430 0.999500
f 80/184/80 77/185/77 78/186/78
vt 0.554315 0.604691
vt 0.422043 0.597803
vt 0.498004 0.788129
f 8/187/8 7/188/7 80/189/80
vt 0.552271 0.777606
vt 0.554315 0.604691
vt 0.498004 0.788129
f 81/190/81 8/191/8 80/192/80
vt 0.422043 0.597803
vt 0.443736 0.798652
vt 0.498004 0.788129
f 7/193/7 77/194/77 80/195/80
vt 0.554315 0.604691
vt 0.568659 0.775337
vt 0.594541 0.718953
f 8/196/8 82/197/82 83/198/83
vt 0.600310 0.605439
vt 0.554315 0.604691
vt 0.594541 0.718953
f 84/199/84 8/200/8 83/201/83
vt 0.422043 0.597803
vt 0.422043 0.402197
vt 0.353833 0.499994
f 7/202/7 85/203/85 86/204/86
vt 0.353833 0.559371
vt 0.422043 0.597803
vt 0.353833 0.499994
f 75/205/75 7/206/7 86/207/86
vt 0.422043 0.402197
vt 0.353833 0.440618
vt 0.353833 0.499994
f 87/208/87 88/209/88 86/210/86
vt 0.554315 0.604691
vt 0.600310 0.605439
vt 0.600310 0.500000
f 8/211/8 84/212/84 89/213/89
vt 0.554315 0.395309
vt 0.554315 0.604691
vt 0.600310 0.500000
f 5/214/5 8/215/8 89/216/89
vt 0.600310 0.394562
vt 0.554315 0.395309
vt 0.600310 0.500000
f 90/217/90 5/218/5 89/219/89
vt 0.422043 0.402197
vt 0.443736 0.201348
vt 0.391032 0.293912
f 91/220/91 92/221/92 93/222/93
vt 0.353833 0.440618
vt 0.422043 0.402197
vt 0.391032 0.293912
f 88/223/88 94/224/94 93/225/93
vt 0.422043 0.402197
vt 0.554315 0.395309
vt 0.515362 0.217298
f 95/226/95 5/227/5 96/228/96
vt 0.462066 0.209932
vt 0.422043 0.402197
vt 0.515362 0.217298
f 97/229/97 98/230/98 96/231/96
vt 0.554315 0.395309
vt 0.568659 0.224663
vt 0.515362 0.217298
f 5/232/5 99/233/99 96/234/96
vt 0.502089 0.017667
vt 0.462066 0.209932
vt 0.515362 0.217298
f 100/235/100 101/236/101 96/237/96
vt 0.515362 0.217298
vt 0.542546 0.035842
vt 0.502089 0.017667
f 96/238/96 102/239/102 100/240/100
vt 0.554315 0.395309
vt 0.600310 0.394562
vt 0.594541 0.281047
f 5/241/5 90/242/90 103/243/103
vt 0.568659 0.224663
vt 0.554315 0.395309
vt 0.594541 0.281047
f 99/244/99 5/245/5 103/246/103
vt 0.571129 0.583003
vt 0.569524 0.553610
vt 0.557170 0.553610
f 104/247/104 105/248/105 106/249/106
vt 0.557170 0.553610
vt 0.558397 0.583003
vt 0.571129 0.583003
f 106/250/106 107/251/107 104/252/104
vt 0.567919 0.524216
vt 0.555944 0.524216
vt 0.557170 0.553610
f 108/253/108 109/254/109 106/255/106
vt 0.569524 0.553610
vt 0.567919 0.524216
vt 0.557170 0.553610
f 105/256/105 110/257/110 106/258/106
vt 0.543969 0.524216
vt 0.544817 0.553610
vt 0.557170 0.553610
f 111/259/111 112/260/112 106/261/106
vt 0.557170 0.553610
vt 0.555944 0.524216
vt 0.543969 0.524216
f 106/262/106 109/263/109 111/264/111
vt 0.545665 0.583003
vt 0.558397 0.583003
vt 0.557170 0.553610
f 113/265/113 107/266/107 106/267/106
vt 0.557170 0.553610
vt 0.544817 0.553610
vt 0.545665 0.583003
f 106/268/106 112/269/112 113/270/113
vt 0.564708 0.465430
vt 0.553490 0.465430
vt 0.554717 0.494823
f 114/271/114 115/272/115 116/273/116
vt 0.542272 0.465430
vt 0.543121 0.494823
vt 0.554717 0.494823
f 117/274/117 118/275/118 116/276/116
vt 0.554717 0.494823
vt 0.553490 0.465430
vt 0.542272 0.465430
f 116/277/116 115/278/115 117/279/117
vt 0.543969 0.524216
vt 0.555944 0.524216
vt 0.554717 0.494823
f 111/280/111 109/281/109 116/282/116
vt 0.554717 0.494823
vt 0.543121 0.494823
vt 0.543969 0.524216
f 116/283/116 118/284/118 111/285/111
vt 0.567919 0.524216
vt 0.564708 0.465430
vt 0.554717 0.494823
f 119/286/119 120/287/120 116/288/116
vt 0.555944 0.524216
vt 0.567919 0.524216
vt 0.554717 0.494823
f 109/289/109 121/290/121 116/291/116
vt 0.519837 0.465430
vt 0.520019 0.524216
vt 0.531524 0.494823
f 122/292/122 123/293/123 124/294/124
vt 0.531054 0.465430
vt 0.519837 0.465430
vt 0.531524 0.494823
f 125/295/125 126/296/126 124/297/124
vt 0.520019 0.524216
vt 0.531994 0.524216
vt 0.531524 0.494823
f 127/298/127 128/299/128 124/300/124
vt 0.543969 0.524216
vt 0.543121 0.494823
vt 0.531524 0.494823
f 111/301/111 118/302/118 124/303/124
vt 0.531524 0.494823
vt 0.531994 0.524216
vt 0.543969 0.524216
f 124/304/124 128/305/128 111/306/111
vt 0.542272 0.465430
vt 0.531054 0.465430
vt 0.531524 0.494823
f 117/307/117 125/308/125 124/309/124
vt 0.531524 0.494823
vt 0.543121 0.494823
vt 0.542272 0.465430
f 124/310/124 118/311/118 117/312/117
vt 0.520201 0.583003
vt 0.532933 0.583003
vt 0.532463 0.553610
f 129/313/129 130/314/130 131/315/131
vt 0.532463 0.553610
vt 0.520110 0.553610
vt 0.520201 0.583003
f 131/316/131 132/317/132 129/318/129
vt 0.545665 0.583003
vt 0.544817 0.553610
vt 0.532463 0.553610
f 113/319/113 112/320/112 131/321/131
vt 0.532463 0.553610
vt 0.532933 0.583003
vt 0.545665 0.583003
f 131/322/131 130/323/130 113/324/113
vt 0.543969 0.524216
vt 0.531994 0.524216
vt 0.532463 0.553610
f 111/325/111 128/326/128 131/327/131
vt 0.532463 0.553610
vt 0.544817 0.553610
vt 0.543969 0.524216
f 131/328/131 112/329/112 111/330/111
vt 0.520019 0.524216
vt 0.520110 0.553610
vt 0.532463 0.553610
f 133/331/133 132/332/132 131/333/131
vt 0.531994 0.524216
vt 0.520019 0.524216
vt 0.532463 0.553610
f 128/334/128 134/335/134 131/336/131
vt 0.564708 0.999500
vt 0.562402 0.879860
vt 0.549586 0.879860
f 135/337/135 136/338/136 137/339/137
vt 0.553490 0.999500
vt 0.564708 0.999500
vt 0.549586 0.879860
f 138/340/138 139/341/139 137/342/137
vt 0.560096 0.760220
vt 0.545682 0.760220
vt 0.549586 0.879860
f 140/343/140 141/344/141 137/345/137
vt 0.549586 0.879860
vt 0.562402 0.879860
vt 0.560096 0.760220
f 137/346/137 136/347/136 140/348/140
vt 0.531268 0.760220
vt 0.536770 0.879860
vt 0.549586 0.879860
f 142/349/142 143/350/143 137/351/137
vt 0.549586 0.879860
vt 0.545682 0.760220
vt 0.531268 0.760220
f 137/352/137 141/353/141 142/354/142
vt 0.542272 0.999500
vt 0.553490 0.999500
vt 0.549586 0.879860
f 144/355/144 145/356/145 137/357/137
vt 0.549586 0.879860
vt 0.536770 0.879860
vt 0.542272 0.999500
f 137/358/137 143/359/143 146/360/146
vt 0.555484 0.520939
vt 0.537873 0.520939
vt 0.541778 0.640579
f 147/361/147 148/362/148 149/363/149
vt 0.541778 0.640579
vt 0.557790 0.640579
vt 0.555484 0.520939
f 149/364/149 150/365/150 147/366/147
vt 0.520263 0.520939
vt 0.525765 0.640579
vt 0.541778 0.640579
f 151/367/151 152/368/152 149/369/149
vt 0.541778 0.640579
vt 0.537873 0.520939
vt 0.520263 0.520939
f 149/370/149 148/371/148 151/372/151
vt 0.531268 0.760220
vt 0.545682 0.760220
vt 0.541778 0.640579
f 142/373/142 141/374/141 149/375/149
vt 0.541778 0.640579
vt 0.525765 0.640579
vt 0.531268 0.760220
f 149/376/149 152/377/152 142/378/142
vt 0.560096 0.760220
vt 0.557790 0.640579
vt 0.541778 0.640579
f 140/379/140 150/380/150 149/381/149
vt 0.541778 0.640579
vt 0.545682 0.760220
vt 0.560096 0.760220
f 149/382/149 141/383/141 140/384/140
vt 0.485042 0.520939
vt 0.493741 0.640579
vt 0.509753 0.640579
f 153/385/153 154/386/154 155/387/155
vt 0.509753 0.640579
vt 0.502652 0.520939
vt 0.485042 0.520939
f 155/388/155 156/389/156 153/390/153
vt 0.502439 0.760220
vt 0.516853 0.760220
vt 0.509753 0.640579
f 157/391/157 158/392/158 155/393/155
vt 0.509753 0.640579
vt 0.493741 0.640579
vt 0.502439 0.760220
f 155/394/155 154/395/154 157/396/157
vt 0.531268 0.760220
vt 0.525765 0.640579
vt 0.509753 0.640579
f 142/397/142 152/398/152 155/399/155
vt 0.509753 0.640579
vt 0.516853 0.760220
vt 0.531268 0.760220
f 155/400/155 158/401/158 142/402/142
vt 0.520263 0.520939
vt 0.502652 0.520939
vt 0.509753 0.640579
f 151/403/151 156/404/156 155/405/155
vt 0.509753 0.640579
vt 0.525765 0.640579
vt 0.520263 0.520939
f 155/406/155 152/407/152 151/408/151
vt 0.519837 0.999501
vt 0.531054 0.999500
vt 0.523954 0.879860
f 159/409/159 160/410/160 161/411/161
vt 0.511138 0.879860
vt 0.519837 0.999501
vt 0.523954 0.879860
f 162/412/162 163/413/163 161/414/161
vt 0.542272 0.999500
vt 0.536770 0.879860
vt 0.523954 0.879860
f 164/415/164 143/416/143 161/417/161
vt 0.523954 0.879860
vt 0.531054 0.999500
vt 0.542272 0.999500
f 161/418/161 165/419/165 166/420/166
vt 0.531268 0.760220
vt 0.516853 0.760220
vt 0.523954 0.879860
f 142/421/142 158/422/158 161/423/161
vt 0.523954 0.879860
vt 0.536770 0.879860
vt 0.531268 0.760220
f 161/424/161 143/425/143 142/426/142
vt 0.502439 0.760220
vt 0.511138 0.879860
vt 0.523954 0.879860
f 157/427/157 162/428/162 161/429/161
vt 0.523954 0.879860
vt 0.516853 0.760220
vt 0.502439 0.760220
f 161/430/161 158/431/158 157/432/157
vt 0.428871 0.583003
vt 0.441603 0.583003
vt 0.442830 0.553610
f 167/433/167 168/434/168 169/435/169
vt 0.442830 0.553610
vt 0.430476 0.553610
vt 0.428871 0.583003
f 169/436/169 170/437/170 167/438/167
vt 0.454335 0.583003
vt 0.455183 0.553610
vt 0.442830 0.553610
f 171/439/171 172/440/172 169/441/169
vt 0.442830 0.553610
vt 0.441603 0.583003
vt 0.454335 0.583003
f 169/442/169 168/443/168 171/444/171
vt 0.456031 0.524216
vt 0.444056 0.524216
vt 0.442830 0.553610
f 173/445/173 174/446/174 169/447/169
vt 0.442830 0.553610
vt 0.455183 0.553610
vt 0.456031 0.524216
f 169/448/169 172/449/172 173/450/173
vt 0.432081 0.524216
vt 0.430476 0.553610
vt 0.442830 0.553610
f 175/451/175 170/452/170 169/453/169
vt 0.444056 0.524216
vt 0.432081 0.524216
vt 0.442830 0.553610
f 174/454/174 176/455/176 169/456/169
vt 0.479799 0.583003
vt 0.479890 0.553610
vt 0.467537 0.553610
f 177/457/177 178/458/178 179/459/179
vt 0.467537 0.553610
vt 0.467067 0.583003
vt 0.479799 0.583003
f 179/460/179 180/461/180 177/462/177
vt 0.479981 0.524216
vt 0.468006 0.524216
vt 0.467537 0.553610
f 181/463/181 182/464/182 179/465/179
vt 0.479890 0.553610
vt 0.479981 0.524216
vt 0.467537 0.553610
f 178/466/178 183/467/183 179/468/179
vt 0.456031 0.524216
vt 0.455183 0.553610
vt 0.467537 0.553610
f 173/469/173 172/470/172 179/471/179
vt 0.467537 0.553610
vt 0.468006 0.524216
vt 0.456031 0.524216
f 179/472/179 182/473/182 173/474/173
vt 0.454335 0.583003
vt 0.467067 0.583003
vt 0.467537 0.553610
f 171/475/171 180/476/180 179/477/179
vt 0.467537 0.553610
vt 0.455183 0.553610
vt 0.454335 0.583003
f 179/478/179 172/479/172 171/480/171
vt 0.480163 0.465430
vt 0.468946 0.465430
vt 0.468476 0.494823
f 184/481/184 185/482/185 186/483/186
vt 0.457728 0.465430
vt 0.456879 0.494823
vt 0.468476 0.494823
f 187/484/187 188/485/188 186/486/186
vt 0.468476 0.494823
vt 0.468946 0.465430
vt 0.457728 0.465430
f 186/487/186 185/488/185 187/489/187
vt 0.456031 0.524216
vt 0.468006 0.524216
vt 0.468476 0.494823
f 173/490/173 182/491/182 186/492/186
vt 0.468476 0.494823
vt 0.456879 0.494823
vt 0.456031 0.524216
f 186/493/186 188/494/188 173/495/173
vt 0.479981 0.524216
vt 0.480163 0.465430
vt 0.468476 0.494823
f 189/496/189 190/497/190 186/498/186
vt 0.468006 0.524216
vt 0.479981 0.524216
vt 0.468476 0.494823
f 182/499/182 191/500/191 186/501/186
vt 0.435292 0.465430
vt 0.432081 0.524216
vt 0.445283 0.494823
f 192/502/192 193/503/193 194/504/194
vt 0.446510 0.465430
vt 0.435292 0.465430
vt 0.445283 0.494823
f 195/505/195 196/506/196 194/507/194
vt 0.432081 0.524216
vt 0.444056 0.524216
vt 0.445283 0.494823
f 197/508/197 174/509/174 194/510/194
vt 0.456031 0.524216
vt 0.456879 0.494823
vt 0.445283 0.494823
f 173/511/173 188/512/188 194/513/194
vt 0.445283 0.494823
vt 0.444056 0.524216
vt 0.456031 0.524216
f 194/514/194 174/515/174 173/516/173
vt 0.457728 0.465430
vt 0.446510 0.465430
vt 0.445283 0.494823
f 187/517/187 195/518/195 194/519/194
vt 0.445283 0.494823
vt 0.456879 0.494823
vt 0.457728 0.465430
f 194/520/194 188/521/188 187/522/187
vt 0.564708 0.000500
vt 0.553490 0.000500
vt 0.549586 0.120134
f 198/523/198 199/524/199 200/525/200
vt 0.562402 0.120134
vt 0.564708 0.000500
vt 0.549586 0.120134
f 201/526/201 202/527/202 200/528/200
vt 0.542272 0.000500
vt 0.536770 0.120134
vt 0.549586 0.120134
f 203/529/203 204/530/204 200/531/200
vt 0.549586 0.120134
vt 0.553490 0.000500
vt 0.542272 0.000500
f 200/532/200 205/533/205 206/534/206
vt 0.531268 0.239769
vt 0.545682 0.239769
vt 0.549586 0.120134
f 207/535/207 208/536/208 200/537/200
vt 0.549586 0.120134
vt 0.536770 0.120134
vt 0.531268 0.239769
f 200/538/200 204/539/204 207/540/207
vt 0.560096 0.239769
vt 0.562402 0.120134
vt 0.549586 0.120134
f 209/541/209 201/542/201 200/543/200
vt 0.549586 0.120134
vt 0.545682 0.239769
vt 0.560096 0.239769
f 200/544/200 208/545/208 209/546/209
vt 0.519837 0.000500
vt 0.511138 0.120134
vt 0.523954 0.120134
f 210/547/210 211/548/211 212/549/212
vt 0.531054 0.000500
vt 0.519837 0.000500
vt 0.523954 0.120134
f 213/550/213 214/551/214 212/552/212
vt 0.502439 0.239769
vt 0.516853 0.239769
vt 0.523954 0.120134
f 215/553/215 216/554/216 212/555/212
vt 0.523954 0.120134
vt 0.511138 0.120134
vt 0.502439 0.239769
f 212/556/212 211/557/211 215/558/215
vt 0.531268 0.239769
vt 0.536770 0.120134
vt 0.523954 0.120134
f 207/559/207 204/560/204 212/561/212
vt 0.523954 0.120134
vt 0.516853 0.239769
vt 0.531268 0.239769
f 212/562/212 216/563/216 207/564/207
vt 0.542272 0.000500
vt 0.531054 0.000500
vt 0.523954 0.120134
f 217/565/217 218/566/218 212/567/212
vt 0.523954 0.120134
vt 0.536770 0.120134
vt 0.542272 0.000500
f 212/568/212 204/569/204 219/570/219
vt 0.485042 0.479038
vt 0.502652 0.479038
vt 0.509753 0.359404
f 220/571/220 221/572/221 222/573/222
vt 0.509753 0.359404
vt 0.493741 0.359404
vt 0.485042 0.479038
f 222/574/222 223/575/223 220/576/220
vt 0.520263 0.479038
vt 0.525765 0.359404
vt 0.509753 0.359404
f 224/577/224 225/578/225 222/579/222
vt 0.509753 0.359404
vt 0.502652 0.479038
vt 0.520263 0.479038
f 222/580/222 221/581/221 224/582/224
vt 0.531268 0.239769
vt 0.516853 0.239769
vt 0.509753 0.359404
f 207/583/207 216/584/216 222/585/222
vt 0.509753 0.359404
vt 0.525765 0.359404
vt 0.531268 0.239769
f 222/586/222 225/587/225 207/588/207
vt 0.502439 0.239769
vt 0.493741 0.359404
vt 0.509753 0.359404
f 215/589/215 223/590/223 222/591/222
vt 0.509753 0.359404
vt 0.516853 0.239769
vt 0.502439 0.239769
f 222/592/222 216/593/216 215/594/215
vt 0.555484 0.479038
vt 0.557790 0.359404
vt 0.541778 0.359404
f 226/595/226 227/596/227 228/597/228
vt 0.541778 0.359404
vt 0.537873 0.479038
vt 0.555484 0.479038
f 228/598/228 229/599/229 226/600/226
vt 0.560096 0.239769
vt 0.545682 0.239769
vt 0.541778 0.359404
f 209/601/209 208/602/208 228/603/228
vt 0.541778 0.359404
vt 0.557790 0.359404
vt 0.560096 0.239769
f 228/604/228 227/605/227 209/606/209
vt 0.531268 0.239769
vt 0.525765 0.359404
vt 0.541778 0.359404
f 207/607/207 225/608/225 228/609/228
vt 0.541778 0.359404
vt 0.545682 0.239769
vt 0.531268 0.239769
f 228/610/228 208/611/208 207/612/207
vt 0.520263 0.479038
vt 0.537873 0.479038
vt 0.541778 0.359404
f 224/613/224 229/614/229 228/615/228
vt 0.541778 0.359404
vt 0.525765 0.359404
vt 0.520263 0.479038
f 228/616/228 225/617/225 224/618/224
vt 0.327308 0.606186
vt 0.352699 0.691135
vt 0.369685 0.676977
f 230/619/230 231/620/231 232/621/232
vt 0.369685 0.676977
vt 0.352769 0.606186
vt 0.327308 0.606186
f 232/622/232 233/623/233 230/624/230
vt 0.378090 0.776084
vt 0.387664 0.744229
vt 0.369685 0.676977
f 234/625/234 235/626/235 232/627/232
vt 0.369685 0.676977
vt 0.352699 0.691135
vt 0.378090 0.776084
f 232/628/232 231/629/231 234/630/234
vt 0.395111 0.719452
vt 0.378231 0.606186
vt 0.369685 0.676977
f 10/631/10 9/632/9 232/633/232
vt 0.387664 0.744229
vt 0.395111 0.719452
vt 0.369685 0.676977
f 235/634/235 10/635/10 232/636/232
vt 0.378231 0.606186
vt 0.352769 0.606186
vt 0.369685 0.676977
f 9/637/9 233/638/233 232/639/232
vt 0.428871 0.945983
vt 0.428942 0.861034
vt 0.407771 0.804401
f 236/640/236 237/641/237 238/642/238
vt 0.407771 0.804401
vt 0.403480 0.861034
vt 0.428871 0.945983
f 238/643/238 239/644/239 240/645/240
vt 0.429012 0.776084
vt 0.395111 0.719452
vt 0.407771 0.804401
f 11/646/11 10/647/10 238/648/238
vt 0.428942 0.861034
vt 0.429012 0.776084
vt 0.407771 0.804401
f 237/649/237 11/650/11 238/651/238
vt 0.395111 0.719452
vt 0.387664 0.744229
vt 0.407771 0.804401
f 10/652/10 235/653/235 238/654/238
vt 0.378090 0.776084
vt 0.403480 0.861034
vt 0.407771 0.804401
f 234/655/234 239/656/239 238/657/238
vt 0.407771 0.804401
vt 0.387664 0.744229
vt 0.378090 0.776084
f 238/658/238 235/659/235 234/660/234
vt 0.428871 0.945983
vt 0.441337 0.946338
vt 0.443599 0.861300
f 241/661/241 242/662/242 243/663/243
vt 0.443599 0.861300
vt 0.428942 0.861034
vt 0.428871 0.945983
f 243/664/243 237/665/237 244/666/244
vt 0.453803 0.946694
vt 0.458257 0.861567
vt 0.443599 0.861300
f 245/667/245 246/668/246 243/669/243
vt 0.443599 0.861300
vt 0.441337 0.946338
vt 0.453803 0.946694
f 243/670/243 247/671/247 248/672/248
vt 0.462710 0.776440
vt 0.429012 0.776084
vt 0.443599 0.861300
f 12/673/12 11/674/11 243/675/243
vt 0.458257 0.861567
vt 0.462710 0.776440
vt 0.443599 0.861300
f 246/676/246 12/677/12 243/678/243
vt 0.429012 0.776084
vt 0.428942 0.861034
vt 0.443599 0.861300
f 11/679/11 237/680/237 243/681/243
vt 0.478735 0.947405
vt 0.487572 0.862101
vt 0.472914 0.861834
f 249/682/249 250/683/250 251/684/251
vt 0.472914 0.861834
vt 0.466269 0.947050
vt 0.478735 0.947405
f 251/685/251 252/686/252 253/687/253
vt 0.496408 0.776796
vt 0.462710 0.776440
vt 0.472914 0.861834
f 13/688/13 12/689/12 251/690/251
vt 0.487572 0.862101
vt 0.496408 0.776796
vt 0.472914 0.861834
f 250/691/250 13/692/13 251/693/251
vt 0.462710 0.776440
vt 0.458257 0.861567
vt 0.472914 0.861834
f 12/694/12 246/695/246 251/696/251
vt 0.453803 0.946694
vt 0.466269 0.947050
vt 0.472914 0.861834
f 254/697/254 255/698/255 251/699/251
vt 0.472914 0.861834
vt 0.458257 0.861567
vt 0.453803 0.946694
f 251/700/251 246/701/246 256/702/256
vt 0.672692 0.606186
vt 0.633039 0.606186
vt 0.599462 0.676977
f 257/703/257 258/704/258 259/705/259
vt 0.599462 0.676977
vt 0.624469 0.691135
vt 0.672692 0.606186
f 259/706/259 260/707/260 257/708/257
vt 0.593387 0.606186
vt 0.555524 0.719452
vt 0.599462 0.676977
f 16/709/16 15/710/15 259/711/259
vt 0.633039 0.606186
vt 0.593387 0.606186
vt 0.599462 0.676977
f 258/712/258 16/713/16 259/714/259
vt 0.555524 0.719452
vt 0.564590 0.744229
vt 0.599462 0.676977
f 15/715/15 261/716/261 259/717/259
vt 0.576246 0.776084
vt 0.624469 0.691135
vt 0.599462 0.676977
f 262/718/262 260/719/260 259/720/259
vt 0.599462 0.676977
vt 0.564590 0.744229
vt 0.576246 0.776084
f 259/721/259 261/722/261 262/723/262
vt 0.479799 0.945983
vt 0.528023 0.861034
vt 0.527128 0.804401
f 263/724/263 264/725/264 265/726/265
vt 0.527128 0.804401
vt 0.488370 0.861034
vt 0.479799 0.945983
f 265/727/265 266/728/266 267/729/267
vt 0.576246 0.776084
vt 0.564590 0.744229
vt 0.527128 0.804401
f 262/730/262 261/731/261 265/732/265
vt 0.527128 0.804401
vt 0.528023 0.861034
vt 0.576246 0.776084
f 265/733/265 264/734/264 262/735/262
vt 0.555524 0.719452
vt 0.496940 0.776084
vt 0.527128 0.804401
f 15/736/15 268/737/268 265/738/265
vt 0.564590 0.744229
vt 0.555524 0.719452
vt 0.527128 0.804401
f 261/739/261 15/740/15 265/741/265
vt 0.496940 0.776084
vt 0.488370 0.861034
vt 0.527128 0.804401
f 269/742/269 270/743/270 265/744/265
vt 0.327308 0.606186
vt 0.352769 0.606186
vt 0.352769 0.553093
f 230/745/230 233/746/233 271/747/271
vt 0.352769 0.553093
vt 0.327308 0.553093
vt 0.327308 0.606186
f 271/748/271 272/749/272 230/750/230
vt 0.378231 0.606186
vt 0.378231 0.500000
vt 0.352769 0.553093
f 9/751/9 18/752/18 271/753/271
vt 0.352769 0.606186
vt 0.378231 0.606186
vt 0.352769 0.553093
f 233/754/233 9/755/9 271/756/271
vt 0.378231 0.500000
vt 0.352769 0.500000
vt 0.352769 0.553093
f 18/757/18 273/758/273 271/759/271
vt 0.327308 0.500000
vt 0.327308 0.553093
vt 0.352769 0.553093
f 274/760/274 272/761/272 271/762/271
vt 0.352769 0.553093
vt 0.352769 0.500000
vt 0.327308 0.500000
f 271/763/271 273/764/273 274/765/274
vt 0.327308 0.393814
vt 0.327308 0.446907
vt 0.352769 0.446907
f 275/766/275 276/767/276 277/768/277
vt 0.352769 0.446907
vt 0.352769 0.393814
vt 0.327308 0.393814
f 277/769/277 278/770/278 275/771/275
vt 0.327308 0.500000
vt 0.352769 0.500000
vt 0.352769 0.446907
f 274/772/274 273/773/273 277/774/277
vt 0.352769 0.446907
vt 0.327308 0.446907
vt 0.327308 0.500000
f 277/775/277 276/776/276 274/777/274
vt 0.378231 0.500000
vt 0.378231 0.393814
vt 0.352769 0.446907
f 18/778/18 20/779/20 277/780/277
vt 0.352769 0.500000
vt 0.378231 0.500000
vt 0.352769 0.446907
f 273/781/273 18/782/18 277/783/277
vt 0.378231 0.393814
vt 0.352769 0.393814
vt 0.352769 0.446907
f 20/784/20 278/785/278 277/786/277
vt 0.672692 0.606186
vt 0.672692 0.553093
vt 0.633039 0.553093
f 257/787/257 279/788/279 280/789/280
vt 0.633039 0.553093
vt 0.633039 0.606186
vt 0.672692 0.606186
f 280/790/280 258/791/258 257/792/257
vt 0.672692 0.500000
vt 0.633039 0.500000
vt 0.633039 0.553093
f 281/793/281 282/794/282 280/795/280
vt 0.633039 0.553093
vt 0.672692 0.553093
vt 0.672692 0.500000
f 280/796/280 279/797/279 281/798/281
vt 0.593387 0.500000
vt 0.593387 0.606186
vt 0.633039 0.553093
f 21/799/21 16/800/16 280/801/280
vt 0.633039 0.500000
vt 0.593387 0.500000
vt 0.633039 0.553093
f 282/802/282 21/803/21 280/804/280
vt 0.593387 0.606186
vt 0.633039 0.606186
vt 0.633039 0.553093
f 16/805/16 258/806/258 280/807/280
vt 0.672692 0.393814
vt 0.633039 0.393814
vt 0.633039 0.446907
f 283/808/283 284/809/284 285/810/285
vt 0.633039 0.446907
vt 0.672692 0.446907
vt 0.672692 0.393814
f 285/811/285 286/812/286 283/813/283
vt 0.593387 0.393814
vt 0.593387 0.500000
vt 0.633039 0.446907
f 22/814/22 21/815/21 285/816/285
vt 0.633039 0.393814
vt 0.593387 0.393814
vt 0.633039 0.446907
f 284/817/284 22/818/22 285/819/285
vt 0.593387 0.500000
vt 0.633039 0.500000
vt 0.633039 0.446907
f 21/820/21 282/821/282 285/822/285
vt 0.672692 0.500000
vt 0.672692 0.446907
vt 0.633039 0.446907
f 281/823/281 286/824/286 285/825/285
vt 0.633039 0.446907
vt 0.633039 0.500000
vt 0.672692 0.500000
f 285/826/285 282/827/282 281/828/281
vt 0.327308 0.393814
vt 0.352769 0.393814
vt 0.369685 0.323023
f 275/829/275 278/830/278 287/831/287
vt 0.369685 0.323023
vt 0.352699 0.308865
vt 0.327308 0.393814
f 287/832/287 288/833/288 275/834/275
vt 0.378231 0.393814
vt 0.395111 0.280548
vt 0.369685 0.323023
f 20/835/20 25/836/25 287/837/287
vt 0.352769 0.393814
vt 0.378231 0.393814
vt 0.369685 0.323023
f 278/838/278 20/839/20 287/840/287
vt 0.395111 0.280548
vt 0.387664 0.255772
vt 0.369685 0.323023
f 25/841/25 289/842/289 287/843/287
vt 0.378090 0.223916
vt 0.352699 0.308865
vt 0.369685 0.323023
f 290/844/290 288/845/288 287/846/287
vt 0.369685 0.323023
vt 0.387664 0.255772
vt 0.378090 0.223916
f 287/847/287 289/848/289 290/849/290
vt 0.428871 0.054017
vt 0.403480 0.138967
vt 0.407771 0.195599
f 291/850/291 292/851/292 293/852/293
vt 0.407771 0.195599
vt 0.428942 0.138967
vt 0.428871 0.054017
f 293/853/293 294/854/294 295/855/295
vt 0.378090 0.223916
vt 0.387664 0.255772
vt 0.407771 0.195599
f 290/856/290 289/857/289 293/858/293
vt 0.407771 0.195599
vt 0.403480 0.138967
vt 0.378090 0.223916
f 293/859/293 292/860/292 290/861/290
vt 0.395111 0.280548
vt 0.429012 0.223916
vt 0.407771 0.195599
f 25/862/25 24/863/24 293/864/293
vt 0.387664 0.255772
vt 0.395111 0.280548
vt 0.407771 0.195599
f 289/865/289 25/866/25 293/867/293
vt 0.429012 0.223916
vt 0.428942 0.138967
vt 0.407771 0.195599
f 24/868/24 294/869/294 293/870/293
vt 0.479799 0.054017
vt 0.467331 0.054410
vt 0.473711 0.139261
f 296/871/296 297/872/297 298/873/298
vt 0.473711 0.139261
vt 0.488370 0.138967
vt 0.479799 0.054017
f 298/874/298 299/875/299 300/876/300
vt 0.454863 0.054802
vt 0.459052 0.139555
vt 0.473711 0.139261
f 301/877/301 302/878/302 298/879/298
vt 0.473711 0.139261
vt 0.467331 0.054410
vt 0.454863 0.054802
f 298/880/298 303/881/303 304/882/304
vt 0.463240 0.224308
vt 0.496940 0.223916
vt 0.473711 0.139261
f 28/883/28 31/884/31 298/885/298
vt 0.459052 0.139555
vt 0.463240 0.224308
vt 0.473711 0.139261
f 302/886/302 28/887/28 298/888/298
vt 0.496940 0.223916
vt 0.488370 0.138967
vt 0.473711 0.139261
f 31/889/31 299/890/299 298/891/298
vt 0.429926 0.055586
vt 0.429733 0.140143
vt 0.444392 0.139849
f 305/892/305 306/893/306 307/894/307
vt 0.444392 0.139849
vt 0.442395 0.055194
vt 0.429926 0.055586
f 307/895/307 308/896/308 309/897/309
vt 0.429540 0.224700
vt 0.463240 0.224308
vt 0.444392 0.139849
f 310/898/310 28/899/28 307/900/307
vt 0.429733 0.140143
vt 0.429540 0.224700
vt 0.444392 0.139849
f 311/901/311 312/902/312 307/903/307
vt 0.463240 0.224308
vt 0.459052 0.139555
vt 0.444392 0.139849
f 28/904/28 302/905/302 307/906/307
vt 0.454863 0.054802
vt 0.442395 0.055194
vt 0.444392 0.139849
f 313/907/313 314/908/314 307/909/307
vt 0.444392 0.139849
vt 0.459052 0.139555
vt 0.454863 0.054802
f 307/910/307 302/911/302 315/912/315
vt 0.672692 0.393814
vt 0.624469 0.308865
vt 0.599462 0.323023
f 283/913/283 316/914/316 317/915/317
vt 0.599462 0.323023
vt 0.633039 0.393814
vt 0.672692 0.393814
f 317/916/317 284/917/284 283/918/283
vt 0.576246 0.223916
vt 0.564590 0.255772
vt 0.599462 0.323023
f 318/919/318 319/920/319 317/921/317
vt 0.599462 0.323023
vt 0.624469 0.308865
vt 0.576246 0.223916
f 317/922/317 316/923/316 318/924/318
vt 0.555524 0.280548
vt 0.593387 0.393814
vt 0.599462 0.323023
f 32/925/32 22/926/22 317/927/317
vt 0.564590 0.255772
vt 0.555524 0.280548
vt 0.599462 0.323023
f 319/928/319 32/929/32 317/930/317
vt 0.593387 0.393814
vt 0.633039 0.393814
vt 0.599462 0.323023
f 22/931/22 284/932/284 317/933/317
vt 0.479799 0.054017
vt 0.488370 0.138967
vt 0.527128 0.195599
f 320/934/320 299/935/299 321/936/321
vt 0.527128 0.195599
vt 0.528023 0.138967
vt 0.479799 0.054017
f 321/937/321 322/938/322 323/939/323
vt 0.496940 0.223916
vt 0.555524 0.280548
vt 0.527128 0.195599
f 31/940/31 32/941/32 321/942/321
vt 0.488370 0.138967
vt 0.496940 0.223916
vt 0.527128 0.195599
f 299/943/299 31/944/31 321/945/321
vt 0.555524 0.280548
vt 0.564590 0.255772
vt 0.527128 0.195599
f 32/946/32 319/947/319 321/948/321
vt 0.576246 0.223916
vt 0.528023 0.138967
vt 0.527128 0.195599
f 318/949/318 322/950/322 321/951/321
vt 0.527128 0.195599
vt 0.564590 0.255772
vt 0.576246 0.223916
f 321/952/321 319/953/319 318/954/318
vt 0.285623 0.606186
vt 0.318466 0.691135
vt 0.354123 0.676666
f 324/955/324 325/956/325 326/957/326
vt 0.354123 0.676666
vt 0.334980 0.605812
vt 0.285623 0.606186
f 326/958/326 327/959/327 328/960/328
vt 0.351310 0.776084
vt 0.376011 0.743948
vt 0.354123 0.676666
f 329/961/329 330/962/330 326/963/326
vt 0.354123 0.676666
vt 0.318466 0.691135
vt 0.351310 0.776084
f 326/964/326 331/965/331 332/966/332
vt 0.395224 0.718953
vt 0.384337 0.605439
vt 0.354123 0.676666
f 35/967/35 34/968/34 326/969/326
vt 0.376011 0.743948
vt 0.395224 0.718953
vt 0.354123 0.676666
f 330/970/330 35/971/35 326/972/326
vt 0.384337 0.605439
vt 0.334980 0.605812
vt 0.354123 0.676666
f 34/973/34 327/974/327 326/975/326
vt 0.416997 0.945983
vt 0.433511 0.860660
vt 0.403389 0.804089
f 333/976/333 334/977/334 335/978/335
vt 0.403389 0.804089
vt 0.384153 0.861034
vt 0.416997 0.945983
f 335/979/335 336/980/336 337/981/337
vt 0.450024 0.775337
vt 0.395224 0.718953
vt 0.403389 0.804089
f 36/982/36 35/983/35 335/984/335
vt 0.433511 0.860660
vt 0.450024 0.775337
vt 0.403389 0.804089
f 334/985/334 36/986/36 335/987/335
vt 0.395224 0.718953
vt 0.376011 0.743948
vt 0.403389 0.804089
f 35/988/35 330/989/330 335/990/335
vt 0.351310 0.776084
vt 0.384153 0.861034
vt 0.403389 0.804089
f 338/991/338 339/992/339 335/993/335
vt 0.403389 0.804089
vt 0.376011 0.743948
vt 0.351310 0.776084
f 335/994/335 330/995/330 340/996/340
vt 0.416997 0.945983
vt 0.446390 0.959362
vt 0.461457 0.870327
f 341/997/341 342/998/342 343/999/343
vt 0.461457 0.870327
vt 0.433471 0.860743
vt 0.416997 0.945983
f 343/1000/343 344/1001/344 345/1002/345
vt 0.475784 0.972741
vt 0.503104 0.787078
vt 0.461457 0.870327
f 40/1003/40 39/1004/39 343/1005/343
vt 0.446390 0.959362
vt 0.475784 0.972741
vt 0.461457 0.870327
f 346/1006/346 40/1007/40 343/1008/343
vt 0.503104 0.787078
vt 0.449945 0.775504
vt 0.461457 0.870327
f 39/1009/39 347/1010/347 343/1011/343
vt 0.449945 0.775504
vt 0.433471 0.860743
vt 0.461457 0.870327
f 348/1012/348 349/1013/349 343/1014/343
vt 0.714377 0.520939
vt 0.680272 0.540155
vt 0.648497 0.636652
f 350/1015/350 351/1016/351 352/1017/352
vt 0.648497 0.636652
vt 0.669425 0.640579
vt 0.714377 0.520939
f 352/1018/352 353/1019/353 354/1020/354
vt 0.646167 0.559371
vt 0.608968 0.706081
vt 0.648497 0.636652
f 47/1021/47 46/1022/46 352/1023/352
vt 0.680272 0.540155
vt 0.646167 0.559371
vt 0.648497 0.636652
f 351/1024/351 47/1025/47 352/1026/352
vt 0.608968 0.706081
vt 0.615752 0.729766
vt 0.648497 0.636652
f 46/1027/46 355/1028/355 352/1029/352
vt 0.624474 0.760220
vt 0.669425 0.640579
vt 0.648497 0.636652
f 356/1030/356 357/1031/357 352/1032/352
vt 0.648497 0.636652
vt 0.615752 0.729766
vt 0.624474 0.760220
f 352/1033/352 355/1034/355 358/1035/358
vt 0.534570 0.999500
vt 0.579522 0.879860
vt 0.581069 0.816113
f 37/1036/37 359/1037/359 360/1038/360
vt 0.624474 0.760220
vt 0.615752 0.729766
vt 0.581069 0.816113
f 361/1039/361 355/1040/355 360/1041/360
vt 0.581069 0.816113
vt 0.579522 0.879860
vt 0.624474 0.760220
f 360/1042/360 362/1043/362 363/1044/363
vt 0.608968 0.706081
vt 0.556264 0.798652
vt 0.581069 0.816113
f 46/1045/46 38/1046/38 360/1047/360
vt 0.615752 0.729766
vt 0.608968 0.706081
vt 0.581069 0.816113
f 355/1048/355 46/1049/46 360/1050/360
vt 0.556264 0.798652
vt 0.534570 0.999500
vt 0.581069 0.816113
f 38/1051/38 37/1052/37 360/1053/360
vt 0.285623 0.606186
vt 0.334980 0.605812
vt 0.334980 0.552906
f 364/1054/364 327/1055/327 365/1056/365
vt 0.334980 0.552906
vt 0.285623 0.553093
vt 0.285623 0.606186
f 365/1057/365 366/1058/366 367/1059/367
vt 0.384337 0.605439
vt 0.384337 0.500000
vt 0.334980 0.552906
f 34/1060/34 50/1061/50 365/1062/365
vt 0.334980 0.605812
vt 0.384337 0.605439
vt 0.334980 0.552906
f 327/1063/327 34/1064/34 365/1065/365
vt 0.384337 0.500000
vt 0.334980 0.500000
vt 0.334980 0.552906
f 50/1066/50 368/1067/368 365/1068/365
vt 0.285623 0.500000
vt 0.285623 0.553093
vt 0.334980 0.552906
f 369/1069/369 370/1070/370 365/1071/365
vt 0.334980 0.552906
vt 0.334980 0.500000
vt 0.285623 0.500000
f 365/1072/365 368/1073/368 371/1074/371
vt 0.285623 0.393814
vt 0.285623 0.446907
vt 0.334980 0.447094
f 372/1075/372 373/1076/373 374/1077/374
vt 0.334980 0.447094
vt 0.334980 0.394188
vt 0.285623 0.393814
f 374/1078/374 375/1079/375 376/1080/376
vt 0.285623 0.500000
vt 0.334980 0.500000
vt 0.334980 0.447094
f 377/1081/377 368/1082/368 374/1083/374
vt 0.334980 0.447094
vt 0.285623 0.446907
vt 0.285623 0.500000
f 374/1084/374 378/1085/378 379/1086/379
vt 0.384337 0.500000
vt 0.384337 0.394562
vt 0.334980 0.447094
f 50/1087/50 53/1088/53 374/1089/374
vt 0.334980 0.500000
vt 0.384337 0.500000
vt 0.334980 0.447094
f 368/1090/368 50/1091/50 374/1092/374
vt 0.384337 0.394562
vt 0.334980 0.394188
vt 0.334980 0.447094
f 53/1093/53 375/1094/375 374/1095/374
vt 0.714377 0.520939
vt 0.714377 0.510463
vt 0.680272 0.520073
f 380/1096/380 381/1097/381 382/1098/382
vt 0.680272 0.520073
vt 0.680272 0.540155
vt 0.714377 0.520939
f 382/1099/382 383/1100/383 384/1101/384
vt 0.714377 0.499988
vt 0.680272 0.499991
vt 0.680272 0.520073
f 385/1102/385 386/1103/386 382/1104/382
vt 0.680272 0.520073
vt 0.714377 0.510463
vt 0.714377 0.499988
f 382/1105/382 381/1106/381 385/1107/385
vt 0.646167 0.499994
vt 0.646167 0.559371
vt 0.680272 0.520073
f 61/1108/61 47/1109/47 382/1110/382
vt 0.680272 0.499991
vt 0.646167 0.499994
vt 0.680272 0.520073
f 386/1111/386 61/1112/61 382/1113/382
vt 0.646167 0.559371
vt 0.680272 0.540155
vt 0.680272 0.520073
f 47/1114/47 387/1115/387 382/1116/382
vt 0.714377 0.479038
vt 0.680272 0.459828
vt 0.680272 0.479910
f 388/1117/388 389/1118/389 390/1119/390
vt 0.680272 0.479910
vt 0.714377 0.489513
vt 0.714377 0.479038
f 390/1120/390 391/1121/391 392/1122/392
vt 0.646167 0.440618
vt 0.646167 0.499994
vt 0.680272 0.479910
f 62/1123/62 61/1124/61 390/1125/390
vt 0.680272 0.459828
vt 0.646167 0.440618
vt 0.680272 0.479910
f 389/1126/389 62/1127/62 390/1128/390
vt 0.646167 0.499994
vt 0.680272 0.499991
vt 0.680272 0.479910
f 61/1129/61 386/1130/386 390/1131/390
vt 0.714377 0.499988
vt 0.714377 0.489513
vt 0.680272 0.479910
f 385/1132/385 391/1133/391 390/1134/390
vt 0.680272 0.479910
vt 0.680272 0.499991
vt 0.714377 0.499988
f 390/1135/390 386/1136/386 385/1137/385
vt 0.285623 0.393814
vt 0.334980 0.394188
vt 0.354123 0.323334
f 393/1138/393 375/1139/375 394/1140/394
vt 0.354123 0.323334
vt 0.318466 0.308865
vt 0.285623 0.393814
f 394/1141/394 395/1142/395 396/1143/396
vt 0.384337 0.394562
vt 0.395224 0.281047
vt 0.354123 0.323334
f 53/1144/53 64/1145/64 394/1146/394
vt 0.334980 0.394188
vt 0.384337 0.394562
vt 0.354123 0.323334
f 375/1147/375 53/1148/53 394/1149/394
vt 0.395224 0.281047
vt 0.376011 0.256052
vt 0.354123 0.323334
f 64/1150/64 397/1151/397 394/1152/394
vt 0.351310 0.223916
vt 0.318466 0.308865
vt 0.354123 0.323334
f 398/1153/398 399/1154/399 394/1155/394
vt 0.354123 0.323334
vt 0.376011 0.256052
vt 0.351310 0.223916
f 394/1156/394 397/1157/397 400/1158/400
vt 0.416997 0.054017
vt 0.384153 0.138967
vt 0.403389 0.195911
f 401/1159/401 402/1160/402 403/1161/403
vt 0.403389 0.195911
vt 0.433511 0.139340
vt 0.416997 0.054017
f 403/1162/403 404/1163/404 405/1164/405
vt 0.351310 0.223916
vt 0.376011 0.256052
vt 0.403389 0.195911
f 406/1165/406 397/1166/397 403/1167/403
vt 0.403389 0.195911
vt 0.384153 0.138967
vt 0.351310 0.223916
f 403/1168/403 407/1169/407 408/1170/408
vt 0.395224 0.281047
vt 0.450024 0.224663
vt 0.403389 0.195911
f 64/1171/64 63/1172/63 403/1173/403
vt 0.376011 0.256052
vt 0.395224 0.281047
vt 0.403389 0.195911
f 397/1174/397 64/1175/64 403/1176/403
vt 0.450024 0.224663
vt 0.433511 0.139340
vt 0.403389 0.195911
f 63/1177/63 404/1178/404 403/1179/403
vt 0.416997 0.054017
vt 0.433511 0.139340
vt 0.461498 0.129759
f 409/1180/409 404/1181/404 410/1182/410
vt 0.461498 0.129759
vt 0.446390 0.040638
vt 0.416997 0.054017
f 410/1183/410 411/1184/411 412/1185/412
vt 0.450024 0.224663
vt 0.503188 0.213097
vt 0.461498 0.129759
f 63/1186/63 66/1187/66 410/1188/410
vt 0.433511 0.139340
vt 0.450024 0.224663
vt 0.461498 0.129759
f 404/1189/404 63/1190/63 410/1191/410
vt 0.503188 0.213097
vt 0.475784 0.027259
vt 0.461498 0.129759
f 66/1192/66 72/1193/72 410/1194/410
vt 0.475784 0.027259
vt 0.446390 0.040638
vt 0.461498 0.129759
f 72/1195/72 413/1196/413 410/1197/410
vt 0.714377 0.479038
vt 0.669425 0.359404
vt 0.648497 0.363334
f 414/1198/414 415/1199/415 416/1200/416
vt 0.648497 0.363334
vt 0.680272 0.459828
vt 0.714377 0.479038
f 416/1201/416 389/1202/389 417/1203/417
vt 0.624474 0.239769
vt 0.615752 0.270224
vt 0.648497 0.363334
f 418/1204/418 419/1205/419 416/1206/416
vt 0.648497 0.363334
vt 0.669425 0.359404
vt 0.624474 0.239769
f 416/1207/416 420/1208/420 421/1209/421
vt 0.608968 0.293912
vt 0.646167 0.440618
vt 0.648497 0.363334
f 73/1210/73 62/1211/62 416/1212/416
vt 0.615752 0.270224
vt 0.608968 0.293912
vt 0.648497 0.363334
f 419/1213/419 73/1214/73 416/1215/416
vt 0.646167 0.440618
vt 0.680272 0.459828
vt 0.648497 0.363334
f 62/1216/62 389/1217/389 416/1218/416
vt 0.534570 0.000500
vt 0.556264 0.201348
vt 0.581069 0.183882
f 71/1219/71 422/1220/422 423/1221/423
vt 0.579522 0.120134
vt 0.534570 0.000500
vt 0.581069 0.183882
f 424/1222/424 71/1223/71 423/1224/423
vt 0.556264 0.201348
vt 0.608968 0.293912
vt 0.581069 0.183882
f 425/1225/425 73/1226/73 423/1227/423
vt 0.608968 0.293912
vt 0.615752 0.270224
vt 0.581069 0.183882
f 73/1228/73 419/1229/419 423/1230/423
vt 0.624474 0.239769
vt 0.579522 0.120134
vt 0.581069 0.183882
f 426/1231/426 427/1232/427 423/1233/423
vt 0.581069 0.183882
vt 0.615752 0.270224
vt 0.624474 0.239769
f 423/1234/423 419/1235/419 428/1236/428
vt 0.485042 0.520939
vt 0.502652 0.520939
vt 0.502652 0.510463
f 153/1237/153 156/1238/156 429/1239/429
vt 0.502652 0.510463
vt 0.485042 0.510463
vt 0.485042 0.520939
f 429/1240/429 430/1241/430 153/1242/153
vt 0.520263 0.520939
vt 0.520263 0.510463
vt 0.502652 0.510463
f 151/1243/151 431/1244/431 429/1245/429
vt 0.502652 0.510463
vt 0.502652 0.520939
vt 0.520263 0.520939
f 429/1246/429 156/1247/156 151/1248/151
vt 0.520263 0.499988
vt 0.502652 0.499988
vt 0.502652 0.510463
f 432/1249/432 433/1250/433 429/1251/429
vt 0.502652 0.510463
vt 0.520263 0.510463
vt 0.520263 0.499988
f 429/1252/429 431/1253/431 432/1254/432
vt 0.485042 0.499988
vt 0.485042 0.510463
vt 0.502652 0.510463
f 434/1255/434 435/1256/435 429/1257/429
vt 0.502652 0.510463
vt 0.502652 0.499988
vt 0.485042 0.499988
f 429/1258/429 433/1259/433 436/1260/436
vt 0.555484 0.520939
vt 0.555484 0.510463
vt 0.537873 0.510463
f 147/1261/147 437/1262/437 438/1263/438
vt 0.537873 0.510463
vt 0.537873 0.520939
vt 0.555484 0.520939
f 438/1264/438 148/1265/148 147/1266/147
vt 0.555484 0.499988
vt 0.537873 0.499988
vt 0.537873 0.510463
f 439/1267/439 440/1268/440 438/1269/438
vt 0.537873 0.510463
vt 0.555484 0.510463
vt 0.555484 0.499988
f 438/1270/438 437/1271/437 439/1272/439
vt 0.520263 0.499988
vt 0.520263 0.510463
vt 0.537873 0.510463
f 432/1273/432 431/1274/431 438/1275/438
vt 0.537873 0.510463
vt 0.537873 0.499988
vt 0.520263 0.499988
f 438/1276/438 440/1277/440 432/1278/432
vt 0.520263 0.520939
vt 0.537873 0.520939
vt 0.537873 0.510463
f 151/1279/151 148/1280/148 438/1281/438
vt 0.537873 0.510463
vt 0.520263 0.510463
vt 0.520263 0.520939
f 438/1282/438 431/1283/431 151/1284/151
vt 0.555484 0.479038
vt 0.537873 0.479038
vt 0.537873 0.489513
f 226/1285/226 229/1286/229 441/1287/441
vt 0.537873 0.489513
vt 0.555484 0.489513
vt 0.555484 0.479038
f 441/1288/441 442/1289/442 226/1290/226
vt 0.520263 0.479038
vt 0.520263 0.489513
vt 0.537873 0.489513
f 224/1291/224 443/1292/443 441/1293/441
vt 0.537873 0.489513
vt 0.537873 0.479038
vt 0.520263 0.479038
f 441/1294/441 229/1295/229 224/1296/224
vt 0.520263 0.499988
vt 0.537873 0.499988
vt 0.537873 0.489513
f 432/1297/432 440/1298/440 441/1299/441
vt 0.537873 0.489513
vt 0.520263 0.489513
vt 0.520263 0.499988
f 441/1300/441 443/1301/443 432/1302/432
vt 0.555484 0.499988
vt 0.555484 0.489513
vt 0.537873 0.489513
f 439/1303/439 442/1304/442 441/1305/441
vt 0.537873 0.489513
vt 0.537873 0.499988
vt 0.555484 0.499988
f 441/1306/441 440/1307/440 439/1308/439
vt 0.485042 0.479038
vt 0.485042 0.489513
vt 0.502652 0.489513
f 444/1309/444 445/1310/445 446/1311/446
vt 0.502652 0.489513
vt 0.502652 0.479038
vt 0.485042 0.479038
f 446/1312/446 221/1313/221 447/1314/447
vt 0.485042 0.499988
vt 0.502652 0.499988
vt 0.502652 0.489513
f 448/1315/448 433/1316/433 446/1317/446
vt 0.502652 0.489513
vt 0.485042 0.489513
vt 0.485042 0.499988
f 446/1318/446 449/1319/449 450/1320/450
vt 0.520263 0.499988
vt 0.520263 0.489513
vt 0.502652 0.489513
f 432/1321/432 443/1322/443 446/1323/446
vt 0.502652 0.489513
vt 0.502652 0.499988
vt 0.520263 0.499988
f 446/1324/446 433/1325/433 432/1326/432
vt 0.520263 0.479038
vt 0.502652 0.479038
vt 0.502652 0.489513
f 224/1327/224 221/1328/221 446/1329/446
vt 0.502652 0.489513
vt 0.520263 0.489513
vt 0.520263 0.479038
f 446/1330/446 443/1331/443 224/1332/224
vt 0.285623 0.520939
vt 0.330574 0.640579
vt 0.351503 0.636652
f 451/1333/451 452/1334/452 453/1335/453
vt 0.351503 0.636652
vt 0.319728 0.540155
vt 0.285623 0.520939
f 453/1336/453 454/1337/454 455/1338/455
vt 0.375526 0.760220
vt 0.384248 0.729766
vt 0.351503 0.636652
f 456/1339/456 457/1340/457 453/1341/453
vt 0.351503 0.636652
vt 0.330574 0.640579
vt 0.375526 0.760220
f 453/1342/453 458/1343/458 459/1344/459
vt 0.391032 0.706081
vt 0.353833 0.559371
vt 0.351503 0.636652
f 76/1345/76 75/1346/75 453/1347/453
vt 0.384248 0.729766
vt 0.391032 0.706081
vt 0.351503 0.636652
f 457/1348/457 76/1349/76 453/1350/453
vt 0.353833 0.559371
vt 0.319728 0.540155
vt 0.351503 0.636652
f 75/1351/75 454/1352/454 453/1353/453
vt 0.465430 0.999500
vt 0.443736 0.798652
vt 0.418931 0.816113
f 78/1354/78 77/1355/77 460/1356/460
vt 0.420478 0.879860
vt 0.465430 0.999500
vt 0.418931 0.816113
f 461/1357/461 78/1358/78 460/1359/460
vt 0.443736 0.798652
vt 0.391032 0.706081
vt 0.418931 0.816113
f 77/1360/77 76/1361/76 460/1362/460
vt 0.391032 0.706081
vt 0.384248 0.729766
vt 0.418931 0.816113
f 76/1363/76 457/1364/457 460/1365/460
vt 0.375526 0.760220
vt 0.420478 0.879860
vt 0.418931 0.816113
f 462/1366/462 463/1367/463 460/1368/460
vt 0.418931 0.816113
vt 0.384248 0.729766
vt 0.375526 0.760220
f 460/1369/460 457/1370/457 464/1371/464
vt 0.550228 0.950522
vt 0.551250 0.864064
vt 0.527083 0.872817
f 465/1372/465 466/1373/466 467/1374/467
vt 0.527083 0.872817
vt 0.529029 0.962767
vt 0.550228 0.950522
f 467/1375/467 468/1376/468 469/1377/469
vt 0.552271 0.777606
vt 0.498004 0.788129
vt 0.527083 0.872817
f 81/1378/81 80/1379/80 467/1380/467
vt 0.551250 0.864064
vt 0.552271 0.777606
vt 0.527083 0.872817
f 466/1381/466 81/1382/81 467/1383/467
vt 0.498004 0.788129
vt 0.507829 0.975011
vt 0.527083 0.872817
f 80/1384/80 79/1385/79 467/1386/467
vt 0.507829 0.975011
vt 0.529029 0.962767
vt 0.527083 0.872817
f 79/1387/79 470/1388/470 467/1389/467
vt 0.646305 0.606186
vt 0.623307 0.605812
vt 0.613952 0.676666
f 471/1390/471 472/1391/472 473/1392/473
vt 0.613952 0.676666
vt 0.630479 0.691135
vt 0.646305 0.606186
f 473/1393/473 474/1394/474 475/1395/475
vt 0.600310 0.605439
vt 0.594541 0.718953
vt 0.613952 0.676666
f 84/1396/84 83/1397/83 473/1398/473
vt 0.623307 0.605812
vt 0.600310 0.605439
vt 0.613952 0.676666
f 472/1399/472 84/1400/84 473/1401/473
vt 0.594541 0.718953
vt 0.603340 0.743948
vt 0.613952 0.676666
f 83/1402/83 476/1403/476 473/1404/473
vt 0.614654 0.776084
vt 0.630479 0.691135
vt 0.613952 0.676666
f 477/1405/477 478/1406/478 473/1407/473
vt 0.613952 0.676666
vt 0.603340 0.743948
vt 0.614654 0.776084
f 473/1408/473 476/1409/476 479/1410/479
vt 0.583003 0.945983
vt 0.598828 0.861034
vt 0.590214 0.804089
f 480/1411/480 481/1412/481 482/1413/482
vt 0.590214 0.804089
vt 0.575831 0.860660
vt 0.583003 0.945983
f 482/1414/482 483/1415/483 484/1416/484
vt 0.614654 0.776084
vt 0.603340 0.743948
vt 0.590214 0.804089
f 485/1417/485 476/1418/476 482/1419/482
vt 0.590214 0.804089
vt 0.598828 0.861034
vt 0.614654 0.776084
f 482/1420/482 486/1421/486 487/1422/487
vt 0.594541 0.718953
vt 0.568659 0.775337
vt 0.590214 0.804089
f 83/1423/83 488/1424/488 482/1425/482
vt 0.603340 0.743948
vt 0.594541 0.718953
vt 0.590214 0.804089
f 476/1426/476 83/1427/83 482/1428/482
vt 0.568659 0.775337
vt 0.575831 0.860660
vt 0.590214 0.804089
f 489/1429/489 490/1430/490 482/1431/482
vt 0.285623 0.520939
vt 0.319728 0.540155
vt 0.319728 0.520073
f 491/1432/491 454/1433/454 492/1434/492
vt 0.319728 0.520073
vt 0.285623 0.510463
vt 0.285623 0.520939
f 492/1435/492 493/1436/493 494/1437/494
vt 0.353833 0.559371
vt 0.353833 0.499994
vt 0.319728 0.520073
f 75/1438/75 86/1439/86 492/1440/492
vt 0.319728 0.540155
vt 0.353833 0.559371
vt 0.319728 0.520073
f 454/1441/454 75/1442/75 492/1443/492
vt 0.353833 0.499994
vt 0.319728 0.499991
vt 0.319728 0.520073
f 86/1444/86 495/1445/495 492/1446/492
vt 0.285623 0.499988
vt 0.285623 0.510463
vt 0.319728 0.520073
f 496/1447/496 497/1448/497 492/1449/492
vt 0.319728 0.520073
vt 0.319728 0.499991
vt 0.285623 0.499988
f 492/1450/492 495/1451/495 498/1452/498
vt 0.285623 0.479038
vt 0.285623 0.489513
vt 0.319728 0.479910
f 499/1453/499 500/1454/500 501/1455/501
vt 0.319728 0.479910
vt 0.319728 0.459828
vt 0.285623 0.479038
f 501/1456/501 502/1457/502 503/1458/503
vt 0.285623 0.499988
vt 0.319728 0.499991
vt 0.319728 0.479910
f 504/1459/504 495/1460/495 501/1461/501
vt 0.319728 0.479910
vt 0.285623 0.489513
vt 0.285623 0.499988
f 501/1462/501 505/1463/505 506/1464/506
vt 0.353833 0.499994
vt 0.353833 0.440618
vt 0.319728 0.479910
f 86/1465/86 88/1466/88 501/1467/501
vt 0.319728 0.499991
vt 0.353833 0.499994
vt 0.319728 0.479910
f 495/1468/495 86/1469/86 501/1470/501
vt 0.353833 0.440618
vt 0.319728 0.459828
vt 0.319728 0.479910
f 88/1471/88 502/1472/502 501/1473/501
vt 0.646305 0.606186
vt 0.646305 0.553093
vt 0.623307 0.552906
f 507/1474/507 508/1475/508 509/1476/509
vt 0.623307 0.552906
vt 0.623307 0.605812
vt 0.646305 0.606186
f 509/1477/509 472/1478/472 510/1479/510
vt 0.646305 0.500000
vt 0.623307 0.500000
vt 0.623307 0.552906
f 511/1480/511 512/1481/512 509/1482/509
vt 0.623307 0.552906
vt 0.646305 0.553093
vt 0.646305 0.500000
f 509/1483/509 513/1484/513 514/1485/514
vt 0.600310 0.500000
vt 0.600310 0.605439
vt 0.623307 0.552906
f 89/1486/89 84/1487/84 509/1488/509
vt 0.623307 0.500000
vt 0.600310 0.500000
vt 0.623307 0.552906
f 512/1489/512 89/1490/89 509/1491/509
vt 0.600310 0.605439
vt 0.623307 0.605812
vt 0.623307 0.552906
f 84/1492/84 472/1493/472 509/1494/509
vt 0.646305 0.393814
vt 0.623307 0.394188
vt 0.623307 0.447094
f 515/1495/515 516/1496/516 517/1497/517
vt 0.623307 0.447094
vt 0.646305 0.446907
vt 0.646305 0.393814
f 517/1498/517 518/1499/518 519/1500/519
vt 0.600310 0.394562
vt 0.600310 0.500000
vt 0.623307 0.447094
f 90/1501/90 89/1502/89 517/1503/517
vt 0.623307 0.394188
vt 0.600310 0.394562
vt 0.623307 0.447094
f 516/1504/516 90/1505/90 517/1506/517
vt 0.600310 0.500000
vt 0.623307 0.500000
vt 0.623307 0.447094
f 89/1507/89 512/1508/512 517/1509/517
vt 0.646305 0.500000
vt 0.646305 0.446907
vt 0.623307 0.447094
f 520/1510/520 521/1511/521 517/1512/517
vt 0.623307 0.447094
vt 0.623307 0.500000
vt 0.646305 0.500000
f 517/1513/517 512/1514/512 522/1515/522
vt 0.285623 0.479038
vt 0.319728 0.459828
vt 0.351503 0.363334
f 523/1516/523 502/1517/502 524/1518/524
vt 0.351503 0.363334
vt 0.330574 0.359404
vt 0.285623 0.479038
f 524/1519/524 525/1520/525 526/1521/526
vt 0.353833 0.440618
vt 0.391032 0.293912
vt 0.351503 0.363334
f 88/1522/88 93/1523/93 524/1524/524
vt 0.319728 0.459828
vt 0.353833 0.440618
vt 0.351503 0.363334
f 502/1525/502 88/1526/88 524/1527/524
vt 0.391032 0.293912
vt 0.384248 0.270224
vt 0.351503 0.363334
f 93/1528/93 527/1529/527 524/1530/524
vt 0.375526 0.239769
vt 0.330574 0.359404
vt 0.351503 0.363334
f 528/1531/528 529/1532/529 524/1533/524
vt 0.351503 0.363334
vt 0.384248 0.270224
vt 0.375526 0.239769
f 524/1534/524 527/1535/527 530/1536/530
vt 0.465430 0.000500
vt 0.420478 0.120134
vt 0.418931 0.183882
f 531/1537/531 532/1538/532 533/1539/533
vt 0.375526 0.239769
vt 0.384248 0.270224
vt 0.418931 0.183882
f 534/1540/534 527/1541/527 533/1542/533
vt 0.418931 0.183882
vt 0.420478 0.120134
vt 0.375526 0.239769
f 533/1543/533 535/1544/535 536/1545/536
vt 0.391032 0.293912
vt 0.443736 0.201348
vt 0.418931 0.183882
f 93/1546/93 92/1547/92 533/1548/533
vt 0.384248 0.270224
vt 0.391032 0.293912
vt 0.418931 0.183882
f 527/1549/527 93/1550/93 533/1551/533
vt 0.443736 0.201348
vt 0.465430 0.000500
vt 0.418931 0.183882
f 92/1552/92 537/1553/537 533/1554/533
vt 0.583003 0.054017
vt 0.562774 0.044930
vt 0.552393 0.132955
f 538/1555/538 539/1556/539 540/1557/540
vt 0.552393 0.132955
vt 0.575831 0.139340
vt 0.583003 0.054017
f 540/1558/540 541/1559/541 542/1560/542
vt 0.542546 0.035842
vt 0.515362 0.217298
vt 0.552393 0.132955
f 102/1561/102 96/1562/96 540/1563/540
vt 0.562774 0.044930
vt 0.542546 0.035842
vt 0.552393 0.132955
f 543/1564/543 102/1565/102 540/1566/540
vt 0.515362 0.217298
vt 0.568659 0.224663
vt 0.552393 0.132955
f 96/1567/96 99/1568/99 540/1569/540
vt 0.568659 0.224663
vt 0.575831 0.139340
vt 0.552393 0.132955
f 99/1570/99 541/1571/541 540/1572/540
vt 0.646305 0.393814
vt 0.630479 0.308865
vt 0.613952 0.323334
f 544/1573/544 545/1574/545 546/1575/546
vt 0.613952 0.323334
vt 0.623307 0.394188
vt 0.646305 0.393814
f 546/1576/546 516/1577/516 547/1578/547
vt 0.614654 0.223916
vt 0.603340 0.256052
vt 0.613952 0.323334
f 548/1579/548 549/1580/549 546/1581/546
vt 0.613952 0.323334
vt 0.630479 0.308865
vt 0.614654 0.223916
f 546/1582/546 550/1583/550 551/1584/551
vt 0.594541 0.281047
vt 0.600310 0.394562
vt 0.613952 0.323334
f 103/1585/103 90/1586/90 546/1587/546
vt 0.603340 0.256052
vt 0.594541 0.281047
vt 0.613952 0.323334
f 549/1588/549 103/1589/103 546/1590/546
vt 0.600310 0.394562
vt 0.623307 0.394188
vt 0.613952 0.323334
f 90/1591/90 516/1592/516 546/1593/546
vt 0.583003 0.054017
vt 0.575831 0.139340
vt 0.590214 0.195911
f 552/1594/552 541/1595/541 553/1596/553
vt 0.590214 0.195911
vt 0.598828 0.138967
vt 0.583003 0.054017
f 553/1597/553 554/1598/554 555/1599/555
vt 0.568659 0.224663
vt 0.594541 0.281047
vt 0.590214 0.195911
f 99/1600/99 103/1601/103 553/1602/553
vt 0.575831 0.139340
vt 0.568659 0.224663
vt 0.590214 0.195911
f 541/1603/541 99/1604/99 553/1605/553
vt 0.594541 0.281047
vt 0.603340 0.256052
vt 0.590214 0.195911
f 103/1606/103 549/1607/549 553/1608/553
vt 0.614654 0.223916
vt 0.598828 0.138967
vt 0.590214 0.195911
f 556/1609/556 557/1610/557 553/1611/553
vt 0.590214 0.195911
vt 0.603340 0.256052
vt 0.614654 0.223916
f 553/1612/553 549/1613/549 558/1614/558
usemtl tex0_1
v 6.252343 2.500916 -13.267289
vn -0.101582 0.208675 0.972695
v 6.252343 -2.498917 -12.522385
vn -0.000000 0.147359 0.989083
v -6.250347 -2.498918 -12.522385
vn 0.101145 0.116135 0.988070
v -6.250347 2.500916 -13.267289
vn 0.116054 0.217237 0.969195
v 6.164296 -7.498751 -6.847937
vn -0.122319 0.946982 -0.297092
v 5.758816 -2.594996 0.939122
vn -0.000000 0.846194 -0.532875
v -5.756818 -2.594996 0.939122
vn 0.033459 0.947392 -0.318323
v -6.162298 -7.498752 -6.847936
vn 0.139447 0.955360 -0.260465
v -22.197098 -2.946572 -8.398765
vn 0.527922 0.715211 0.458008
v -25.096180 -2.314103 -4.810792
vn 0.459393 0.885539 -0.069123
v -27.829985 -0.916583 -5.075990
vn 0.988772 0.020776 0.147983
v -24.147943 -0.864294 -8.216376
vn 0.648238 0.035068 0.760630
v -23.129099 -1.886414 -0.988276
vn 0.452257 0.831406 -0.322842
v -25.489784 -0.679726 -1.157164
vn 0.857573 0.026155 -0.513697
v -23.129101 0.807274 -0.953903
vn 0.512365 -0.824722 -0.239409
v -25.096180 0.583984 -4.673303
vn 0.483849 -0.874795 -0.024983
v -22.197098 1.377554 -8.566340
vn 0.563411 -0.688426 0.456769
v -23.129099 -1.886414 -0.988276
vn 0.409092 0.385915 -0.826870
v -14.521694 -1.502486 3.449406
vn 0.353621 0.359079 -0.863721
v -15.318501 -0.168862 3.677613
vn 0.388938 0.016192 -0.921122
v -25.489784 -0.679726 -1.157164
vn 0.335846 0.550004 -0.764659
v -23.129099 -1.886414 -0.988276
vn 0.335846 0.550004 -0.764659
v -4.528686 -1.276510 6.837198
vn 0.259545 0.421912 -0.868693
v -4.445046 0.317038 7.647179
vn 0.313646 0.016196 -0.949402
v -4.528686 2.027764 6.837198
vn 0.292173 -0.395028 -0.870969
v -14.521694 1.338328 3.449406
vn 0.384602 -0.333645 -0.860675
v -23.129101 0.807274 -0.953903
vn 0.389288 -0.513482 -0.764717
v -25.489784 -0.679726 -1.157164
vn 0.389288 -0.513482 -0.764717
v -23.129101 0.807274 -0.953903
vn 0.442606 -0.358448 -0.821958
v 22.199095 -2.946572 -8.398766
vn -0.527922 0.715211 0.458008
v 24.149942 -0.864294 -8.216376
vn -0.648238 0.035068 0.760630
v 27.831985 -0.916583 -5.075990
vn -0.988769 0.020776 0.148003
v 25.098181 -2.314103 -4.810792
vn -0.459393 0.885540 -0.069114
v 22.199095 1.377554 -8.566340
vn -0.563410 -0.688426 0.456769
v 25.098183 0.583983 -4.673303
vn -0.483848 -0.874796 -0.024972
v 23.131256 0.807273 -0.953903
vn -0.512364 -0.824728 -0.239387
v 25.491955 -0.679725 -1.157164
vn -0.857590 0.026154 -0.513669
v 23.131256 -1.886414 -0.988275
vn -0.452258 0.831413 -0.322824
v 23.131256 -1.886414 -0.988275
vn -0.335853 0.550024 -0.764641
v 25.491955 -0.679725 -1.157164
vn -0.335853 0.550024 -0.764641
v 15.321185 -0.168862 3.677613
vn -0.388954 0.016192 -0.921115
v 14.524321 -1.502485 3.449406
vn -0.353633 0.359098 -0.863708
v 23.131256 -1.886414 -0.988275
vn -0.409105 0.385937 -0.826853
v 23.131256 0.807273 -0.953903
vn -0.442622 -0.358470 -0.821940
v 14.524322 1.338328 3.449406
vn -0.384616 -0.333665 -0.860661
v 25.491955 -0.679725 -1.157164
vn -0.389298 -0.513506 -0.764695
v 23.131256 0.807273 -0.953903
vn -0.389298 -0.513506 -0.764695
v 4.531738 2.027764 6.837198
vn -0.328122 -0.349153 -0.877740
v 4.448239 0.317039 7.647179
vn -0.313658 0.016196 -0.949398
v 4.531737 -1.276510 6.837198
vn -0.259551 0.421929 -0.868682
v -6.354536 -5.248375 -12.071605
vn 0.114287 0.265629 0.957277
v -12.918447 -4.503060 -11.107578
vn 0.226979 0.244513 0.942705
v -15.418983 -2.506312 -10.720660
vn 0.251959 0.115426 0.960830
v -6.763954 -7.070743 -11.284443
vn 0.128885 0.378213 0.916703
v -14.578134 -5.420748 -10.281005
vn 0.258219 0.345585 0.902161
v -22.197098 -2.946572 -8.398765
vn 0.305574 0.202382 0.930412
v -22.197098 -2.946572 -8.398765
vn 0.310643 0.261342 0.913894
v -22.197098 -2.946572 -8.398765
vn 0.288677 0.188230 0.938741
v -24.147943 -0.864294 -8.216376
vn 0.288677 0.188230 0.938741
v -16.252497 -0.507719 -10.715838
vn 0.268117 0.099733 0.958210
v -22.197098 -2.946572 -8.398765
vn 0.313890 0.128638 0.940705
v -22.197098 1.377554 -8.566340
vn 0.366385 0.100628 0.925006
v -15.418983 1.854147 -11.302922
vn 0.281881 0.136582 0.949678
v -24.147943 -0.864294 -8.216376
vn 0.304536 -0.117451 0.945232
v -22.197098 1.377554 -8.566340
vn 0.304536 -0.117451 0.945232
v -6.763955 8.657296 -13.789420
vn 0.205479 -0.197759 0.958472
v -6.354536 6.612474 -14.249804
vn 0.151413 0.027157 0.988097
v -12.918447 4.940711 -12.691722
vn 0.299871 0.015709 0.953850
v -14.578134 5.653592 -11.829566
vn 0.387020 -0.190145 0.902253
v -15.418983 1.854147 -11.302922
vn 0.182630 0.276564 0.943482
v -22.197098 1.377554 -8.566340
vn 0.431210 -0.082672 0.898456
v -15.418983 1.854147 -11.302922
vn 0.364372 0.120315 0.923449
v -22.197098 1.377554 -8.566340
vn 0.364372 0.120315 0.923449
v 0.000998 -5.496814 -12.392947
vn 0.000000 0.261709 0.965147
v 0.000998 -7.620741 -11.618922
vn 0.000000 0.342402 0.939553
v 6.252343 -2.498917 -12.522385
vn -0.000000 0.043136 0.999069
v 6.252343 -2.498917 -12.522385
vn -0.056067 0.159468 0.985610
v 6.356532 -5.248375 -12.071605
vn -0.114287 0.265629 0.957277
v 6.765952 -7.070743 -11.284443
vn -0.128885 0.378212 0.916703
v 0.000998 7.169728 -14.769164
vn 0.000000 0.016816 0.999859
v 0.000998 9.658532 -14.442704
vn 0.000000 -0.130057 0.991506
v 6.765952 8.657297 -13.789420
vn -0.205479 -0.197759 0.958472
v 6.356532 6.612474 -14.249804
vn -0.151413 0.027157 0.988097
v 12.920445 -4.503060 -11.107578
vn -0.226979 0.244513 0.942706
v 14.580132 -5.420748 -10.281006
vn -0.258219 0.345585 0.902161
v 6.252343 -2.498917 -12.522385
vn -0.192529 0.051215 0.979954
v 15.420982 -2.506312 -10.720660
vn -0.250246 0.127407 0.959763
v 6.252343 -2.498917 -12.522385
vn -0.160649 0.153759 0.974961
v 22.199095 -2.946572 -8.398766
vn -0.310642 0.261342 0.913894
v 22.199095 -2.946572 -8.398766
vn -0.305574 0.202382 0.930412
v 6.252343 -2.498917 -12.522385
vn -0.203623 0.144272 0.968361
v 16.254494 -0.507719 -10.715838
vn -0.268117 0.099733 0.958210
v 15.420982 -2.506312 -10.720660
vn -0.192177 0.077787 0.978273
v 6.252343 -2.498917 -12.522385
vn -0.192177 0.077787 0.978273
v 15.420982 1.854147 -11.302922
vn -0.278839 0.168280 0.945479
v 22.199095 1.377554 -8.566340
vn -0.304536 -0.117451 0.945232
v 24.149942 -0.864294 -8.216376
vn -0.304536 -0.117451 0.945232
v 22.199095 1.377554 -8.566340
vn -0.366385 0.100628 0.925006
v 22.199095 -2.946572 -8.398766
vn -0.313890 0.128638 0.940705
v 15.420982 -2.506312 -10.720660
vn -0.313890 0.128638 0.940705
v 24.149942 -0.864294 -8.216376
vn -0.288676 0.188230 0.938741
v 22.199095 -2.946572 -8.398766
vn -0.288676 0.188230 0.938741
v 12.920445 4.940711 -12.691723
vn -0.299871 0.015709 0.953850
v 14.580132 5.653592 -11.829566
vn -0.387020 -0.190145 0.902253
v 22.199095 1.377554 -8.566340
vn -0.364372 0.120316 0.923449
v 22.199095 1.377554 -8.566340
vn -0.431210 -0.082673 0.898456
v -6.948610 4.358103 -5.706236
vn 0.135830 -0.924998 -0.354865
v -6.325186 7.178596 -10.299349
vn 0.141630 -0.879598 -0.454145
v -12.889097 5.352436 -9.818665
vn 0.250606 -0.872687 -0.419063
v -15.550203 2.959234 -6.617216
vn 0.255243 -0.864106 -0.433788
v -6.763955 8.657296 -13.789420
vn 0.257842 -0.900035 -0.351362
v -14.578134 5.653592 -11.829566
vn 0.257842 -0.900035 -0.351362
v -6.763955 8.657296 -13.789420
vn 0.217637 -0.888567 -0.403836
v -22.197098 1.377554 -8.566340
vn 0.318667 -0.866955 -0.383198
v -14.578134 5.653592 -11.829566
vn 0.315536 -0.863117 -0.394293
v -22.197098 1.377554 -8.566340
vn 0.315536 -0.863117 -0.394293
v -22.197098 1.377554 -8.566340
vn 0.207035 -0.977296 -0.045040
v -25.096180 0.583984 -4.673303
vn 0.207035 -0.977296 -0.045040
v -16.894772 2.265733 -3.465243
vn 0.191684 -0.980209 -0.049474
v -15.550203 2.959234 -6.617216
vn 0.258295 -0.960751 -0.101202
v -22.197098 1.377554 -8.566340
vn 0.258295 -0.960751 -0.101202
v -23.129101 0.807274 -0.953903
vn 0.220189 -0.975257 -0.019768
v -16.047047 2.393864 -0.344119
vn 0.213958 -0.967197 -0.136938
v -25.096180 0.583984 -4.673303
vn 0.207856 -0.976814 -0.051287
v -23.129101 0.807274 -0.953903
vn 0.207856 -0.976814 -0.051287
v -5.756816 4.340059 0.939123
vn 0.130218 -0.977487 -0.166020
v -7.203221 3.594989 -2.257183
vn 0.137429 -0.990430 -0.012721
v -6.948610 4.358103 -5.706236
vn 0.173407 -0.974777 -0.140500
v -15.550203 2.959234 -6.617216
vn 0.173407 -0.974777 -0.140500
v -6.948610 4.358103 -5.706236
vn 0.157773 -0.966551 -0.202205
v -4.528686 2.027764 6.837198
vn 0.186662 -0.877001 -0.442749
v -4.779608 3.201102 4.407255
vn 0.135247 -0.909671 -0.392692
v -12.131273 2.465558 2.764783
vn 0.220001 -0.897948 -0.381167
v -14.521694 1.338328 3.449406
vn 0.234755 -0.817365 -0.526122
v -4.528686 2.027764 6.837198
vn 0.234755 -0.817365 -0.526122
v -23.129101 0.807274 -0.953903
vn 0.277294 -0.854642 -0.438970
v -14.521694 1.338328 3.449406
vn 0.277294 -0.854642 -0.438970
v -23.129101 0.807274 -0.953903
vn 0.232599 -0.933929 -0.271429
v -6.763955 8.657296 -13.789420
vn 0.077926 -0.914409 -0.397220
v 0.000999 7.787316 -10.459577
vn 0.000000 -0.886791 -0.462170
v 0.000998 9.658532 -14.442704
vn 0.092498 -0.901218 -0.423379
v -6.763955 8.657296 -13.789420
vn 0.092498 -0.901218 -0.423379
v -6.948610 4.358103 -5.706236
vn 0.079725 -0.860065 -0.503917
v 0.000999 4.824393 -5.402575
vn 0.000000 -0.930869 -0.365353
v -6.948610 4.358103 -5.706236
vn 0.069152 -0.854276 -0.515199
v 6.950609 4.358104 -5.706236
vn -0.129002 -0.927564 -0.350691
v 6.327183 7.178596 -10.299349
vn -0.141630 -0.879598 -0.454145
v 6.765952 8.657297 -13.789420
vn -0.092498 -0.901218 -0.423379
v 0.000998 9.658532 -14.442704
vn -0.092498 -0.901218 -0.423379
v 6.765952 8.657297 -13.789420
vn -0.077926 -0.914409 -0.397221
v -7.203221 3.594989 -2.257183
vn 0.071726 -0.974976 -0.210422
v 0.001000 4.038075 -1.854496
vn 0.000000 -0.998818 -0.048617
v -5.756816 4.340059 0.939123
vn 0.000000 -0.994208 0.107472
v 5.758816 4.340059 0.939123
vn -0.088166 -0.985933 -0.141998
v -7.203221 3.594989 -2.257183
vn 0.048607 -0.977379 0.205834
v -5.756816 4.340059 0.939123
vn 0.048607 -0.977379 0.205834
v 7.205221 3.594990 -2.257183
vn -0.061518 -0.998103 -0.002345
v 0.001341 3.446284 4.954745
vn 0.000000 -0.933411 -0.358809
v -4.528686 2.027764 6.837198
vn 0.137388 -0.921344 -0.363661
v 0.001597 2.257576 7.966462
vn 0.000000 -0.930169 -0.367132
v -4.528686 2.027764 6.837198
vn 0.096249 -0.892405 -0.440851
v 4.531738 2.027764 6.837198
vn -0.096249 -0.892411 -0.440838
v 4.782233 3.201102 4.407255
vn -0.135246 -0.909680 -0.392672
v 4.531738 2.027764 6.837198
vn -0.137387 -0.921352 -0.363641
v 6.765952 8.657297 -13.789420
vn -0.217636 -0.888567 -0.403836
v 12.891096 5.352437 -9.818665
vn -0.250607 -0.872687 -0.419063
v 14.580132 5.653592 -11.829566
vn -0.257842 -0.900035 -0.351362
v 6.765952 8.657297 -13.789420
vn -0.257842 -0.900035 -0.351362
v 15.552202 2.959235 -6.617216
vn -0.238966 -0.929444 -0.281122
v 22.199095 1.377554 -8.566340
vn -0.315536 -0.863117 -0.394292
v 14.580132 5.653592 -11.829566
vn -0.315536 -0.863117 -0.394292
v 22.199095 1.377554 -8.566340
vn -0.318667 -0.866955 -0.383198
v 7.205221 3.594990 -2.257183
vn -0.157774 -0.966551 -0.202205
v 16.896770 2.265733 -3.465243
vn -0.191683 -0.980209 -0.049471
v 5.758816 4.340059 0.939123
vn -0.187085 -0.982288 -0.010482
v 16.049160 2.393864 -0.344119
vn -0.203667 -0.978923 -0.015123
v 7.205221 3.594990 -2.257183
vn -0.112016 -0.977774 0.177233
v 5.758816 4.340059 0.939123
vn -0.112016 -0.977774 0.177233
v 23.131256 0.807273 -0.953903
vn -0.207855 -0.976815 -0.051278
v 25.098183 0.583983 -4.673303
vn -0.207855 -0.976815 -0.051278
v 23.131256 0.807273 -0.953903
vn -0.220187 -0.975258 -0.019760
v 22.199095 1.377554 -8.566340
vn -0.258295 -0.960751 -0.101202
v 25.098183 0.583983 -4.673303
vn -0.207035 -0.977296 -0.045040
v 22.199095 1.377554 -8.566340
vn -0.207035 -0.977296 -0.045040
v 4.531738 2.027764 6.837198
vn -0.234756 -0.817384 -0.526091
v 14.524322 1.338328 3.449406
vn -0.234756 -0.817384 -0.526091
v 12.133730 2.465558 2.764783
vn -0.220000 -0.897961 -0.381138
v 4.531738 2.027764 6.837198
vn -0.186662 -0.877014 -0.442723
v 23.131256 0.807273 -0.953903
vn -0.232597 -0.933938 -0.271401
v 16.049160 2.393864 -0.344119
vn -0.232597 -0.933938 -0.271401
v 14.524322 1.338328 3.449406
vn -0.277293 -0.854660 -0.438936
v 23.131256 0.807273 -0.953903
vn -0.277293 -0.854660 -0.438936
v 16.049160 2.393864 -0.344119
vn -0.209348 -0.947471 -0.241809
v 0.001682 0.479005 8.970367
vn -0.000003 0.015602 -0.999878
v 0.001597 2.257576 7.966462
vn 0.235223 -0.477747 -0.846421
v 0.001597 -1.201185 7.966462
vn -0.000002 0.512914 -0.858440
v 4.531738 2.027764 6.837198
vn -0.235228 -0.477763 -0.846410
v 0.001597 2.257576 7.966462
vn -0.235228 -0.477763 -0.846410
v 4.531738 2.027764 6.837198
vn -0.274715 -0.400480 -0.874155
v -4.528686 -1.276510 6.837198
vn 0.115555 0.908559 -0.401457
v -14.521694 -1.502486 3.449406
vn 0.115555 0.908559 -0.401457
v -12.131273 -2.109020 2.764783
vn 0.083600 0.954572 -0.286012
v -4.779608 -2.098315 4.407254
vn 0.039182 0.970561 -0.237646
v -4.528686 -1.276510 6.837198
vn 0.071499 0.942603 -0.326171
v -23.129099 -1.886414 -0.988276
vn 0.121033 0.946698 -0.298520
v -16.047047 -2.632074 -0.481609
vn 0.075595 0.959144 -0.272631
v -14.521694 -1.502486 3.449406
vn 0.136660 0.928454 -0.345394
v -23.129099 -1.886414 -0.988276
vn 0.136660 0.928454 -0.345394
v -23.129099 -1.886414 -0.988276
vn 0.180615 0.962864 -0.200677
v -25.096180 -2.314103 -4.810792
vn 0.180615 0.962864 -0.200677
v -16.894772 -3.686716 -4.015199
vn 0.180364 0.945185 -0.272201
v -23.129099 -1.886414 -0.988276
vn 0.121479 0.942771 -0.310524
v -22.197098 -2.946572 -8.398765
vn 0.322862 0.916610 -0.235766
v -15.550203 -4.967673 -7.154018
vn 0.291090 0.922923 -0.251953
v -25.096180 -2.314103 -4.810792
vn 0.168488 0.984991 -0.037491
v -22.197098 -2.946572 -8.398765
vn 0.168488 0.984991 -0.037491
v -6.763954 -7.070743 -11.284443
vn 0.207669 0.958029 0.197621
v -6.325186 -7.539966 -9.470816
vn 0.140293 0.985387 0.096598
v -12.889097 -6.169671 -9.216095
vn 0.263266 0.963974 0.038022
v -14.578134 -5.420748 -10.281005
vn 0.232903 0.929927 0.284590
v -6.763954 -7.070743 -11.284443
vn 0.232903 0.929927 0.284590
v -15.550203 -4.967673 -7.154018
vn 0.260827 0.941741 -0.212351
v -22.197098 -2.946572 -8.398765
vn 0.334474 0.933905 0.126286
v -14.578134 -5.420748 -10.281005
vn 0.334474 0.933905 0.126286
v -15.550203 -4.967673 -7.154018
vn 0.312478 0.938938 -0.144061
v -22.197098 -2.946572 -8.398765
vn 0.312478 0.938938 -0.144061
v -4.528686 -1.276510 6.837198
vn 0.036343 0.945521 -0.323527
v 0.001340 -2.094747 4.954745
vn 0.000000 0.972233 -0.234017
v 0.001597 -1.201185 7.966462
vn 0.054880 0.957248 -0.284016
v -4.528686 -1.276510 6.837198
vn 0.054880 0.957248 -0.284016
v 5.758816 -2.594996 0.939122
vn -0.000000 0.992330 -0.123620
v 5.758816 -2.594996 0.939122
vn -0.016000 0.989131 -0.146162
v 4.782233 -2.098315 4.407254
vn -0.039182 0.970563 -0.237639
v 4.531737 -1.276510 6.837198
vn -0.054880 0.957250 -0.284007
v 0.001597 -1.201185 7.966462
vn -0.054880 0.957250 -0.284007
v 4.531737 -1.276510 6.837198
vn -0.036343 0.945523 -0.323522
v 0.000999 -7.996731 -9.555722
vn -0.000000 0.996186 0.087260
v -6.763954 -7.070743 -11.284443
vn 0.088500 0.979937 0.178580
v 0.000998 -7.620741 -11.618922
vn 0.088500 0.979937 0.178580
v -6.763954 -7.070743 -11.284443
vn 0.073143 0.969679 0.233181
v 6.765952 -7.070743 -11.284443
vn -0.073143 0.969679 0.233180
v 6.327183 -7.539966 -9.470816
vn -0.140293 0.985387 0.096597
v 0.000998 -7.620741 -11.618922
vn -0.088500 0.979937 0.178580
v 6.765952 -7.070743 -11.284443
vn -0.088500 0.979937 0.178580
v 4.531737 -1.276510 6.837198
vn -0.071498 0.942607 -0.326160
v 12.133729 -2.109019 2.764783
vn -0.083599 0.954576 -0.286001
v 14.524321 -1.502485 3.449406
vn -0.115554 0.908567 -0.401440
v 4.531737 -1.276510 6.837198
vn -0.115554 0.908567 -0.401440
v 5.758816 -2.594996 0.939122
vn -0.021975 0.982529 -0.184808
v 16.049160 -2.632073 -0.481609
vn -0.071719 0.967525 -0.242386
v 5.758816 -2.594996 0.939122
vn -0.032202 0.988074 -0.150573
v 23.131256 -1.886414 -0.988275
vn -0.136657 0.928462 -0.345375
v 14.524321 -1.502485 3.449406
vn -0.136657 0.928462 -0.345375
v 23.131256 -1.886414 -0.988275
vn -0.121032 0.946702 -0.298507
v 5.758816 -2.594996 0.939122
vn -0.155149 0.832285 -0.532194
v 16.896770 -3.686716 -4.015199
vn -0.180364 0.945186 -0.272199
v 16.049160 -2.632073 -0.481609
vn -0.037145 0.955093 -0.293969
v 5.758816 -2.594996 0.939122
vn -0.037145 0.955093 -0.293969
v 15.552202 -4.967672 -7.154018
vn -0.289212 0.932734 -0.215321
v 22.199095 -2.946572 -8.398766
vn -0.168488 0.984991 -0.037490
v 25.098181 -2.314103 -4.810792
vn -0.168488 0.984991 -0.037490
v 22.199095 -2.946572 -8.398766
vn -0.322862 0.916610 -0.235766
v 23.131256 -1.886414 -0.988275
vn -0.121478 0.942772 -0.310521
v 16.049160 -2.632073 -0.481609
vn -0.121478 0.942772 -0.310521
v 25.098181 -2.314103 -4.810792
vn -0.180614 0.962866 -0.200669
v 23.131256 -1.886414 -0.988275
vn -0.180614 0.962866 -0.200669
v 12.891096 -6.169671 -9.216096
vn -0.263266 0.963974 0.038022
v 6.765952 -7.070743 -11.284443
vn -0.232903 0.929927 0.284590
v 14.580132 -5.420748 -10.281006
vn -0.232903 0.929927 0.284590
v 6.765952 -7.070743 -11.284443
vn -0.207669 0.958029 0.197621
v 22.199095 -2.946572 -8.398766
vn -0.312478 0.938938 -0.144061
v 14.580132 -5.420748 -10.281006
vn -0.334474 0.933905 0.126286
v 22.199095 -2.946572 -8.398766
vn -0.334474 0.933905 0.126286
vt 0.514082 0.393814
vt 0.429154 0.393814
vt 0.429154 0.606186
f 559/1615/559 560/1616/560 561/1617/561
vt 0.429154 0.606186
vt 0.514082 0.606186
vt 0.514082 0.393814
f 561/1618/561 562/1619/562 559/1620/559
vt 0.554315 0.395309
vt 0.422043 0.402197
vt 0.422043 0.597803
f 563/1621/563 564/1622/564 565/1623/565
vt 0.422043 0.597803
vt 0.554315 0.604691
vt 0.554315 0.395309
f 565/1624/565 566/1625/566 563/1626/563
vt 0.571129 0.583003
vt 0.567919 0.524216
vt 0.543969 0.524216
f 567/1627/567 568/1628/568 569/1629/569
vt 0.543969 0.524216
vt 0.545665 0.583003
vt 0.571129 0.583003
f 569/1630/569 570/1631/570 567/1632/567
vt 0.564708 0.465430
vt 0.542272 0.465430
vt 0.543969 0.524216
f 571/1633/571 572/1634/572 569/1635/569
vt 0.543969 0.524216
vt 0.567919 0.524216
vt 0.564708 0.465430
f 569/1636/569 568/1637/568 571/1638/571
vt 0.519837 0.465430
vt 0.520019 0.524216
vt 0.543969 0.524216
f 573/1639/573 574/1640/574 569/1641/569
vt 0.543969 0.524216
vt 0.542272 0.465430
vt 0.519837 0.465430
f 569/1642/569 572/1643/572 573/1644/573
vt 0.520201 0.583003
vt 0.545665 0.583003
vt 0.543969 0.524216
f 575/1645/575 570/1646/570 569/1647/569
vt 0.543969 0.524216
vt 0.520019 0.524216
vt 0.520201 0.583003
f 569/1648/569 574/1649/574 575/1650/575
vt 0.564708 0.999500
vt 0.560096 0.760220
vt 0.531268 0.760220
f 576/1651/576 577/1652/577 578/1653/578
vt 0.531268 0.760220
vt 0.542272 0.999500
vt 0.564708 0.999500
f 578/1654/578 579/1655/579 580/1656/580
vt 0.555484 0.520939
vt 0.520263 0.520939
vt 0.531268 0.760220
f 581/1657/581 582/1658/582 578/1659/578
vt 0.531268 0.760220
vt 0.560096 0.760220
vt 0.555484 0.520939
f 578/1660/578 577/1661/577 581/1662/581
vt 0.485042 0.520939
vt 0.502439 0.760220
vt 0.531268 0.760220
f 583/1663/583 584/1664/584 578/1665/578
vt 0.531268 0.760220
vt 0.520263 0.520939
vt 0.485042 0.520939
f 578/1666/578 582/1667/582 583/1668/583
vt 0.519837 0.999501
vt 0.542272 0.999500
vt 0.531268 0.760220
f 585/1669/585 586/1670/586 578/1671/578
vt 0.531268 0.760220
vt 0.502439 0.760220
vt 0.519837 0.999501
f 578/1672/578 584/1673/584 587/1674/587
vt 0.428871 0.583003
vt 0.454335 0.583003
vt 0.456031 0.524216
f 588/1675/588 589/1676/589 590/1677/590
vt 0.456031 0.524216
vt 0.432081 0.524216
vt 0.428871 0.583003
f 590/1678/590 591/1679/591 588/1680/588
vt 0.479799 0.583003
vt 0.479981 0.524216
vt 0.456031 0.524216
f 592/1681/592 593/1682/593 590/1683/590
vt 0.456031 0.524216
vt 0.454335 0.583003
vt 0.479799 0.583003
f 590/1684/590 589/1685/589 592/1686/592
vt 0.480163 0.465430
vt 0.457728 0.465430
vt 0.456031 0.524216
f 594/1687/594 595/1688/595 590/1689/590
vt 0.456031 0.524216
vt 0.479981 0.524216
vt 0.480163 0.465430
f 590/1690/590 593/1691/593 594/1692/594
vt 0.435292 0.465430
vt 0.432081 0.524216
vt 0.456031 0.524216
f 596/1693/596 591/1694/591 590/1695/590
vt 0.456031 0.524216
vt 0.457728 0.465430
vt 0.435292 0.465430
f 590/1696/590 595/1697/595 596/1698/596
vt 0.564708 0.000500
vt 0.542272 0.000500
vt 0.531268 0.239769
f 597/1699/597 598/1700/598 599/1701/599
vt 0.531268 0.239769
vt 0.560096 0.239769
vt 0.564708 0.000500
f 599/1702/599 600/1703/600 601/1704/601
vt 0.519837 0.000500
vt 0.502439 0.239769
vt 0.531268 0.239769
f 602/1705/602 603/1706/603 599/1707/599
vt 0.531268 0.239769
vt 0.542272 0.000500
vt 0.519837 0.000500
f 599/1708/599 604/1709/604 605/1710/605
vt 0.485042 0.479038
vt 0.520263 0.479038
vt 0.531268 0.239769
f 606/1711/606 607/1712/607 599/1713/599
vt 0.531268 0.239769
vt 0.502439 0.239769
vt 0.485042 0.479038
f 599/1714/599 603/1715/603 606/1716/606
vt 0.555484 0.479038
vt 0.560096 0.239769
vt 0.531268 0.239769
f 608/1717/608 600/1718/600 599/1719/599
vt 0.531268 0.239769
vt 0.520263 0.479038
vt 0.555484 0.479038
f 599/1720/599 607/1721/607 608/1722/608
vt 0.429154 0.606186
vt 0.378231 0.606186
vt 0.395111 0.719452
f 561/1723/561 609/1724/609 610/1725/610
vt 0.429012 0.776084
vt 0.429154 0.606186
vt 0.395111 0.719452
f 611/1726/611 561/1727/561 610/1728/610
vt 0.327308 0.606186
vt 0.378090 0.776084
vt 0.395111 0.719452
f 612/1729/612 613/1730/613 610/1731/610
vt 0.395111 0.719452
vt 0.378231 0.606186
vt 0.327308 0.606186
f 610/1732/610 609/1733/609 612/1734/612
vt 0.428871 0.945983
vt 0.429012 0.776084
vt 0.395111 0.719452
f 614/1735/614 611/1736/611 610/1737/610
vt 0.395111 0.719452
vt 0.378090 0.776084
vt 0.428871 0.945983
f 610/1738/610 613/1739/613 615/1740/615
vt 0.428871 0.945983
vt 0.453803 0.946694
vt 0.462710 0.776440
f 616/1741/616 617/1742/617 618/1743/618
vt 0.462710 0.776440
vt 0.429012 0.776084
vt 0.428871 0.945983
f 618/1744/618 611/1745/611 619/1746/619
vt 0.478735 0.947405
vt 0.496408 0.776796
vt 0.462710 0.776440
f 620/1747/620 621/1748/621 618/1749/618
vt 0.462710 0.776440
vt 0.453803 0.946694
vt 0.478735 0.947405
f 618/1750/618 622/1751/622 623/1752/623
vt 0.514082 0.606186
vt 0.429154 0.606186
vt 0.462710 0.776440
f 562/1753/562 561/1754/561 618/1755/618
vt 0.496408 0.776796
vt 0.514082 0.606186
vt 0.462710 0.776440
f 621/1756/621 562/1757/562 618/1758/618
vt 0.429154 0.606186
vt 0.429012 0.776084
vt 0.462710 0.776440
f 561/1759/561 611/1760/611 618/1761/618
vt 0.672692 0.606186
vt 0.593387 0.606186
vt 0.555524 0.719452
f 624/1762/624 625/1763/625 626/1764/626
vt 0.555524 0.719452
vt 0.576246 0.776084
vt 0.672692 0.606186
f 626/1765/626 627/1766/627 624/1767/624
vt 0.514082 0.606186
vt 0.496940 0.776084
vt 0.555524 0.719452
f 562/1768/562 628/1769/628 626/1770/626
vt 0.593387 0.606186
vt 0.514082 0.606186
vt 0.555524 0.719452
f 625/1771/625 562/1772/562 626/1773/626
vt 0.479799 0.945983
vt 0.576246 0.776084
vt 0.555524 0.719452
f 629/1774/629 627/1775/627 626/1776/626
vt 0.555524 0.719452
vt 0.496940 0.776084
vt 0.479799 0.945983
f 626/1777/626 630/1778/630 631/1779/631
vt 0.327308 0.606186
vt 0.378231 0.606186
vt 0.378231 0.500000
f 612/1780/612 609/1781/609 632/1782/632
vt 0.378231 0.500000
vt 0.327308 0.500000
vt 0.327308 0.606186
f 632/1783/632 633/1784/633 612/1785/612
vt 0.429154 0.606186
vt 0.429154 0.393814
vt 0.378231 0.500000
f 561/1786/561 634/1787/634 632/1788/632
vt 0.378231 0.606186
vt 0.429154 0.606186
vt 0.378231 0.500000
f 609/1789/609 561/1790/561 632/1791/632
vt 0.429154 0.393814
vt 0.378231 0.393814
vt 0.378231 0.500000
f 635/1792/635 636/1793/636 632/1794/632
vt 0.327308 0.393814
vt 0.327308 0.500000
vt 0.378231 0.500000
f 637/1795/637 633/1796/633 632/1797/632
vt 0.378231 0.500000
vt 0.378231 0.393814
vt 0.327308 0.393814
f 632/1798/632 636/1799/636 637/1800/637
vt 0.514082 0.606186
vt 0.593387 0.606186
vt 0.593387 0.500000
f 562/1801/562 625/1802/625 638/1803/638
vt 0.672692 0.606186
vt 0.672692 0.500000
vt 0.593387 0.500000
f 624/1804/624 639/1805/639 638/1806/638
vt 0.593387 0.500000
vt 0.593387 0.606186
vt 0.672692 0.606186
f 638/1807/638 625/1808/625 624/1809/624
vt 0.672692 0.393814
vt 0.593387 0.393814
vt 0.593387 0.500000
f 640/1810/640 641/1811/641 638/1812/638
vt 0.593387 0.500000
vt 0.672692 0.500000
vt 0.672692 0.393814
f 638/1813/638 639/1814/639 640/1815/640
vt 0.514082 0.393814
vt 0.514082 0.606186
vt 0.593387 0.500000
f 559/1816/559 562/1817/562 638/1818/638
vt 0.593387 0.393814
vt 0.514082 0.393814
vt 0.593387 0.500000
f 641/1819/641 559/1820/559 638/1821/638
vt 0.327308 0.393814
vt 0.378231 0.393814
vt 0.395111 0.280548
f 637/1822/637 636/1823/636 642/1824/642
vt 0.395111 0.280548
vt 0.378090 0.223916
vt 0.327308 0.393814
f 642/1825/642 643/1826/643 637/1827/637
vt 0.429154 0.393814
vt 0.429012 0.223916
vt 0.395111 0.280548
f 644/1828/644 645/1829/645 642/1830/642
vt 0.378231 0.393814
vt 0.429154 0.393814
vt 0.395111 0.280548
f 636/1831/636 646/1832/646 642/1833/642
vt 0.428871 0.054017
vt 0.378090 0.223916
vt 0.395111 0.280548
f 647/1834/647 643/1835/643 642/1836/642
vt 0.395111 0.280548
vt 0.429012 0.223916
vt 0.428871 0.054017
f 642/1837/642 645/1838/645 648/1839/648
vt 0.429154 0.393814
vt 0.514082 0.393814
vt 0.463240 0.224308
f 649/1840/649 559/1841/559 650/1842/650
vt 0.429540 0.224700
vt 0.429154 0.393814
vt 0.463240 0.224308
f 651/1843/651 652/1844/652 650/1845/650
vt 0.514082 0.393814
vt 0.496940 0.223916
vt 0.463240 0.224308
f 559/1846/559 653/1847/653 650/1848/650
vt 0.479799 0.054017
vt 0.454863 0.054802
vt 0.463240 0.224308
f 654/1849/654 655/1850/655 650/1851/650
vt 0.463240 0.224308
vt 0.496940 0.223916
vt 0.479799 0.054017
f 650/1852/650 653/1853/653 656/1854/656
vt 0.429926 0.055586
vt 0.429540 0.224700
vt 0.463240 0.224308
f 657/1855/657 658/1856/658 650/1857/650
vt 0.463240 0.224308
vt 0.454863 0.054802
vt 0.429926 0.055586
f 650/1858/650 659/1859/659 660/1860/660
vt 0.514082 0.393814
vt 0.593387 0.393814
vt 0.555524 0.280548
f 559/1861/559 641/1862/641 661/1863/661
vt 0.496940 0.223916
vt 0.514082 0.393814
vt 0.555524 0.280548
f 653/1864/653 559/1865/559 661/1866/661
vt 0.672692 0.393814
vt 0.576246 0.223916
vt 0.555524 0.280548
f 640/1867/640 662/1868/662 661/1869/661
vt 0.555524 0.280548
vt 0.593387 0.393814
vt 0.672692 0.393814
f 661/1870/661 641/1871/641 640/1872/640
vt 0.479799 0.054017
vt 0.496940 0.223916
vt 0.555524 0.280548
f 663/1873/663 653/1874/653 661/1875/661
vt 0.555524 0.280548
vt 0.576246 0.223916
vt 0.479799 0.054017
f 661/1876/661 662/1877/662 664/1878/664
vt 0.483052 0.604691
vt 0.384337 0.605439
vt 0.395224 0.718953
f 665/1879/665 666/1880/666 667/1881/667
vt 0.395224 0.718953
vt 0.450024 0.775337
vt 0.483052 0.604691
f 667/1882/667 668/1883/668 665/1884/665
vt 0.285623 0.606186
vt 0.351310 0.776084
vt 0.395224 0.718953
f 669/1885/669 670/1886/670 667/1887/667
vt 0.395224 0.718953
vt 0.384337 0.605439
vt 0.285623 0.606186
f 667/1888/667 666/1889/666 671/1890/671
vt 0.416997 0.945983
vt 0.450024 0.775337
vt 0.395224 0.718953
f 672/1891/672 668/1892/668 667/1893/667
vt 0.395224 0.718953
vt 0.351310 0.776084
vt 0.416997 0.945983
f 667/1894/667 673/1895/673 674/1896/674
vt 0.416997 0.945983
vt 0.475784 0.972741
vt 0.503104 0.787078
f 675/1897/675 676/1898/676 677/1899/677
vt 0.503104 0.787078
vt 0.449945 0.775504
vt 0.416997 0.945983
f 677/1900/677 678/1901/678 679/1902/679
vt 0.534570 0.999500
vt 0.556264 0.798652
vt 0.503104 0.787078
f 680/1903/680 681/1904/681 677/1905/677
vt 0.503104 0.787078
vt 0.475784 0.972741
vt 0.534570 0.999500
f 677/1906/677 682/1907/682 683/1908/683
vt 0.577957 0.597803
vt 0.530425 0.601415
vt 0.503104 0.787078
f 684/1909/684 685/1910/685 677/1911/677
vt 0.556264 0.798652
vt 0.577957 0.597803
vt 0.503104 0.787078
f 681/1912/681 684/1913/684 677/1914/677
vt 0.482892 0.605026
vt 0.449945 0.775504
vt 0.503104 0.787078
f 686/1915/686 687/1916/687 677/1917/677
vt 0.503104 0.787078
vt 0.530425 0.601415
vt 0.482892 0.605026
f 677/1918/677 685/1919/685 688/1920/688
vt 0.714377 0.520939
vt 0.646167 0.559371
vt 0.608968 0.706081
f 689/1921/689 690/1922/690 691/1923/691
vt 0.608968 0.706081
vt 0.624474 0.760220
vt 0.714377 0.520939
f 691/1924/691 692/1925/692 693/1926/693
vt 0.577957 0.597803
vt 0.556264 0.798652
vt 0.608968 0.706081
f 684/1927/684 681/1928/681 691/1929/691
vt 0.646167 0.559371
vt 0.577957 0.597803
vt 0.608968 0.706081
f 690/1930/690 684/1931/684 691/1932/691
vt 0.534570 0.999500
vt 0.624474 0.760220
vt 0.608968 0.706081
f 694/1933/694 695/1934/695 691/1935/691
vt 0.608968 0.706081
vt 0.556264 0.798652
vt 0.534570 0.999500
f 691/1936/691 681/1937/681 696/1938/696
vt 0.285623 0.606186
vt 0.384337 0.605439
vt 0.384337 0.500000
f 697/1939/697 666/1940/666 698/1941/698
vt 0.384337 0.500000
vt 0.285623 0.500000
vt 0.285623 0.606186
f 698/1942/698 699/1943/699 700/1944/700
vt 0.483052 0.604691
vt 0.483052 0.500000
vt 0.384337 0.500000
f 701/1945/701 702/1946/702 698/1947/698
vt 0.384337 0.500000
vt 0.384337 0.605439
vt 0.483052 0.604691
f 698/1948/698 666/1949/666 703/1950/703
vt 0.483052 0.395309
vt 0.384337 0.394562
vt 0.384337 0.500000
f 704/1951/704 705/1952/705 698/1953/698
vt 0.384337 0.500000
vt 0.483052 0.500000
vt 0.483052 0.395309
f 698/1954/698 702/1955/702 704/1956/704
vt 0.285623 0.393814
vt 0.285623 0.500000
vt 0.384337 0.500000
f 706/1957/706 707/1958/707 698/1959/698
vt 0.384337 0.500000
vt 0.384337 0.394562
vt 0.285623 0.393814
f 698/1960/698 705/1961/705 708/1962/708
vt 0.483052 0.604691
vt 0.530504 0.601247
vt 0.530504 0.500000
f 665/1963/665 709/1964/709 710/1965/710
vt 0.530504 0.500000
vt 0.483052 0.500000
vt 0.483052 0.604691
f 710/1966/710 702/1967/702 665/1968/665
vt 0.577957 0.597803
vt 0.577957 0.402197
vt 0.530504 0.500000
f 711/1969/711 712/1970/712 710/1971/710
vt 0.530504 0.601247
vt 0.577957 0.597803
vt 0.530504 0.500000
f 713/1972/713 714/1973/714 710/1974/710
vt 0.577957 0.402197
vt 0.530504 0.398753
vt 0.530504 0.500000
f 712/1975/712 715/1976/715 710/1977/710
vt 0.483052 0.395309
vt 0.483052 0.500000
vt 0.530504 0.500000
f 704/1978/704 702/1979/702 710/1980/710
vt 0.530504 0.500000
vt 0.530504 0.398753
vt 0.483052 0.395309
f 710/1981/710 715/1982/715 704/1983/704
vt 0.577957 0.597803
vt 0.646167 0.559371
vt 0.646167 0.499994
f 684/1984/684 690/1985/690 716/1986/716
vt 0.714377 0.520939
vt 0.714377 0.499988
vt 0.646167 0.499994
f 717/1987/717 718/1988/718 716/1989/716
vt 0.646167 0.499994
vt 0.646167 0.559371
vt 0.714377 0.520939
f 716/1990/716 690/1991/690 719/1992/719
vt 0.714377 0.479038
vt 0.646167 0.440618
vt 0.646167 0.499994
f 720/1993/720 721/1994/721 716/1995/716
vt 0.646167 0.499994
vt 0.714377 0.499988
vt 0.714377 0.479038
f 716/1996/716 718/1997/718 722/1998/722
vt 0.577957 0.402197
vt 0.577957 0.597803
vt 0.646167 0.499994
f 712/1999/712 684/2000/684 716/2001/716
vt 0.646167 0.440618
vt 0.577957 0.402197
vt 0.646167 0.499994
f 721/2002/721 712/2003/712 716/2004/716
vt 0.285623 0.393814
vt 0.384337 0.394562
vt 0.395224 0.281047
f 723/2005/723 705/2006/705 724/2007/724
vt 0.395224 0.281047
vt 0.351310 0.223916
vt 0.285623 0.393814
f 724/2008/724 725/2009/725 726/2010/726
vt 0.483052 0.395309
vt 0.450024 0.224663
vt 0.395224 0.281047
f 704/2011/704 727/2012/727 724/2013/724
vt 0.395224 0.281047
vt 0.384337 0.394562
vt 0.483052 0.395309
f 724/2014/724 705/2015/705 704/2016/704
vt 0.416997 0.054017
vt 0.351310 0.223916
vt 0.395224 0.281047
f 728/2017/728 729/2018/729 724/2019/724
vt 0.395224 0.281047
vt 0.450024 0.224663
vt 0.416997 0.054017
f 724/2020/724 727/2021/727 730/2022/730
vt 0.483052 0.395309
vt 0.530592 0.398936
vt 0.503188 0.213097
f 704/2023/704 731/2024/731 732/2025/732
vt 0.503188 0.213097
vt 0.450024 0.224663
vt 0.483052 0.395309
f 732/2026/732 727/2027/727 704/2028/704
vt 0.578132 0.402564
vt 0.556351 0.201532
vt 0.503188 0.213097
f 733/2029/733 734/2030/734 732/2031/732
vt 0.530592 0.398936
vt 0.578132 0.402564
vt 0.503188 0.213097
f 735/2032/735 736/2033/736 732/2034/732
vt 0.534570 0.000500
vt 0.475784 0.027259
vt 0.503188 0.213097
f 737/2035/737 738/2036/738 732/2037/732
vt 0.503188 0.213097
vt 0.556351 0.201532
vt 0.534570 0.000500
f 732/2038/732 734/2039/734 739/2040/739
vt 0.416997 0.054017
vt 0.450024 0.224663
vt 0.503188 0.213097
f 740/2041/740 727/2042/727 732/2043/732
vt 0.503188 0.213097
vt 0.475784 0.027259
vt 0.416997 0.054017
f 732/2044/732 741/2045/741 742/2046/742
vt 0.714377 0.479038
vt 0.624474 0.239769
vt 0.608968 0.293912
f 743/2047/743 744/2048/744 745/2049/745
vt 0.608968 0.293912
vt 0.646167 0.440618
vt 0.714377 0.479038
f 745/2050/745 721/2051/721 746/2052/746
vt 0.534570 0.000500
vt 0.556264 0.201348
vt 0.608968 0.293912
f 747/2053/747 748/2054/748 745/2055/745
vt 0.608968 0.293912
vt 0.624474 0.239769
vt 0.534570 0.000500
f 745/2056/745 749/2057/749 750/2058/750
vt 0.577957 0.402197
vt 0.646167 0.440618
vt 0.608968 0.293912
f 712/2059/712 721/2060/721 745/2061/745
vt 0.556264 0.201348
vt 0.577957 0.402197
vt 0.608968 0.293912
f 751/2062/751 712/2063/712 745/2064/745
vt 0.485042 0.520939
vt 0.520263 0.520939
vt 0.520263 0.499988
f 583/2065/583 582/2066/582 752/2067/752
vt 0.520263 0.499988
vt 0.485042 0.499988
vt 0.485042 0.520939
f 752/2068/752 753/2069/753 583/2070/583
vt 0.555484 0.520939
vt 0.555484 0.499988
vt 0.520263 0.499988
f 581/2071/581 754/2072/754 752/2073/752
vt 0.520263 0.499988
vt 0.520263 0.520939
vt 0.555484 0.520939
f 752/2074/752 582/2075/582 581/2076/581
vt 0.555484 0.479038
vt 0.520263 0.479038
vt 0.520263 0.499988
f 608/2077/608 607/2078/607 752/2079/752
vt 0.520263 0.499988
vt 0.555484 0.499988
vt 0.555484 0.479038
f 752/2080/752 754/2081/754 608/2082/608
vt 0.485042 0.479038
vt 0.485042 0.499988
vt 0.520263 0.499988
f 755/2083/755 756/2084/756 752/2085/752
vt 0.520263 0.499988
vt 0.520263 0.479038
vt 0.485042 0.479038
f 752/2086/752 607/2087/607 757/2088/757
vt 0.285623 0.520939
vt 0.375526 0.760220
vt 0.391032 0.706081
f 758/2089/758 759/2090/759 760/2091/760
vt 0.391032 0.706081
vt 0.353833 0.559371
vt 0.285623 0.520939
f 760/2092/760 761/2093/761 762/2094/762
vt 0.465430 0.999500
vt 0.443736 0.798652
vt 0.391032 0.706081
f 763/2095/763 764/2096/764 760/2097/760
vt 0.391032 0.706081
vt 0.375526 0.760220
vt 0.465430 0.999500
f 760/2098/760 765/2099/765 766/2100/766
vt 0.422043 0.597803
vt 0.353833 0.559371
vt 0.391032 0.706081
f 565/2101/565 761/2102/761 760/2103/760
vt 0.443736 0.798652
vt 0.422043 0.597803
vt 0.391032 0.706081
f 764/2104/764 565/2105/565 760/2106/760
vt 0.465430 0.999500
vt 0.507829 0.975011
vt 0.498004 0.788129
f 767/2107/767 768/2108/768 769/2109/769
vt 0.498004 0.788129
vt 0.443736 0.798652
vt 0.465430 0.999500
f 769/2110/769 764/2111/764 770/2112/770
vt 0.550228 0.950522
vt 0.552271 0.777606
vt 0.498004 0.788129
f 771/2113/771 772/2114/772 769/2115/769
vt 0.498004 0.788129
vt 0.507829 0.975011
vt 0.550228 0.950522
f 769/2116/769 773/2117/773 774/2118/774
vt 0.554315 0.604691
vt 0.422043 0.597803
vt 0.498004 0.788129
f 566/2119/566 565/2120/565 769/2121/769
vt 0.552271 0.777606
vt 0.554315 0.604691
vt 0.498004 0.788129
f 772/2122/772 566/2123/566 769/2124/769
vt 0.422043 0.597803
vt 0.443736 0.798652
vt 0.498004 0.788129
f 565/2125/565 764/2126/764 769/2127/769
vt 0.646305 0.606186
vt 0.600310 0.605439
vt 0.594541 0.718953
f 775/2128/775 776/2129/776 777/2130/777
vt 0.594541 0.718953
vt 0.614654 0.776084
vt 0.646305 0.606186
f 777/2131/777 778/2132/778 779/2133/779
vt 0.554315 0.604691
vt 0.568659 0.775337
vt 0.594541 0.718953
f 566/2134/566 780/2135/780 777/2136/777
vt 0.600310 0.605439
vt 0.554315 0.604691
vt 0.594541 0.718953
f 776/2137/776 566/2138/566 777/2139/777
vt 0.583003 0.945983
vt 0.614654 0.776084
vt 0.594541 0.718953
f 781/2140/781 782/2141/782 777/2142/777
vt 0.594541 0.718953
vt 0.568659 0.775337
vt 0.583003 0.945983
f 777/2143/777 783/2144/783 784/2145/784
vt 0.285623 0.520939
vt 0.353833 0.559371
vt 0.353833 0.499994
f 785/2146/785 761/2147/761 786/2148/786
vt 0.353833 0.499994
vt 0.285623 0.499988
vt 0.285623 0.520939
f 786/2149/786 787/2150/787 788/2151/788
vt 0.422043 0.597803
vt 0.422043 0.402197
vt 0.353833 0.499994
f 565/2152/565 789/2153/789 786/2154/786
vt 0.353833 0.559371
vt 0.422043 0.597803
vt 0.353833 0.499994
f 761/2155/761 565/2156/565 786/2157/786
vt 0.422043 0.402197
vt 0.353833 0.440618
vt 0.353833 0.499994
f 790/2158/790 791/2159/791 786/2160/786
vt 0.285623 0.479038
vt 0.285623 0.499988
vt 0.353833 0.499994
f 792/2161/792 793/2162/793 786/2163/786
vt 0.353833 0.499994
vt 0.353833 0.440618
vt 0.285623 0.479038
f 786/2164/786 791/2165/791 794/2166/794
vt 0.554315 0.604691
vt 0.600310 0.605439
vt 0.600310 0.500000
f 566/2167/566 776/2168/776 795/2169/795
vt 0.646305 0.606186
vt 0.646305 0.500000
vt 0.600310 0.500000
f 796/2170/796 797/2171/797 795/2172/795
vt 0.600310 0.500000
vt 0.600310 0.605439
vt 0.646305 0.606186
f 795/2173/795 776/2174/776 798/2175/798
vt 0.646305 0.393814
vt 0.600310 0.394562
vt 0.600310 0.500000
f 799/2176/799 800/2177/800 795/2178/795
vt 0.600310 0.500000
vt 0.646305 0.500000
vt 0.646305 0.393814
f 795/2179/795 801/2180/801 802/2181/802
vt 0.554315 0.395309
vt 0.554315 0.604691
vt 0.600310 0.500000
f 563/2182/563 566/2183/566 795/2184/795
vt 0.600310 0.394562
vt 0.554315 0.395309
vt 0.600310 0.500000
f 800/2185/800 563/2186/563 795/2187/795
vt 0.285623 0.479038
vt 0.353833 0.440618
vt 0.391032 0.293912
f 803/2188/803 791/2189/791 804/2190/804
vt 0.391032 0.293912
vt 0.375526 0.239769
vt 0.285623 0.479038
f 804/2191/804 805/2192/805 806/2193/806
vt 0.422043 0.402197
vt 0.443736 0.201348
vt 0.391032 0.293912
f 807/2194/807 808/2195/808 804/2196/804
vt 0.353833 0.440618
vt 0.422043 0.402197
vt 0.391032 0.293912
f 791/2197/791 809/2198/809 804/2199/804
vt 0.465430 0.000500
vt 0.375526 0.239769
vt 0.391032 0.293912
f 810/2200/810 811/2201/811 804/2202/804
vt 0.391032 0.293912
vt 0.443736 0.201348
vt 0.465430 0.000500
f 804/2203/804 808/2204/808 812/2205/812
vt 0.422043 0.402197
vt 0.554315 0.395309
vt 0.515362 0.217298
f 813/2206/813 563/2207/563 814/2208/814
vt 0.462066 0.209932
vt 0.422043 0.402197
vt 0.515362 0.217298
f 815/2209/815 816/2210/816 814/2211/814
vt 0.554315 0.395309
vt 0.568659 0.224663
vt 0.515362 0.217298
f 563/2212/563 817/2213/817 814/2214/814
vt 0.583003 0.054017
vt 0.542546 0.035842
vt 0.515362 0.217298
f 818/2215/818 819/2216/819 814/2217/814
vt 0.515362 0.217298
vt 0.568659 0.224663
vt 0.583003 0.054017
f 814/2218/814 817/2219/817 820/2220/820
vt 0.502089 0.017667
vt 0.462066 0.209932
vt 0.515362 0.217298
f 821/2221/821 822/2222/822 814/2223/814
vt 0.515362 0.217298
vt 0.542546 0.035842
vt 0.502089 0.017667
f 814/2224/814 823/2225/823 824/2226/824
vt 0.554315 0.395309
vt 0.600310 0.394562
vt 0.594541 0.281047
f 563/2227/563 800/2228/800 825/2229/825
vt 0.568659 0.224663
vt 0.554315 0.395309
vt 0.594541 0.281047
f 817/2230/817 563/2231/563 825/2232/825
vt 0.646305 0.393814
vt 0.614654 0.223916
vt 0.594541 0.281047
f 826/2233/826 827/2234/827 825/2235/825
vt 0.594541 0.281047
vt 0.600310 0.394562
vt 0.646305 0.393814
f 825/2236/825 800/2237/800 828/2238/828
vt 0.583003 0.054017
vt 0.568659 0.224663
vt 0.594541 0.281047
f 829/2239/829 817/2240/817 825/2241/825
vt 0.594541 0.281047
vt 0.614654 0.223916
vt 0.583003 0.054017
f 825/2242/825 830/2243/830 831/2244/831
usemtl tex0_2
v -29.405323 0.504106 -1.615140
vn 0.910146 -0.000000 0.414288
v -26.254646 0.482678 -8.536839
vn 0.910146 -0.000000 0.414288
v -26.254646 -2.515551 -8.536840
vn 0.910146 -0.000000 0.414288
v -29.405323 -2.137563 -1.615140
vn 0.910146 -0.000000 0.414288
v -1.231681 2.552508 8.970367
vn 0.178737 0.000000 -0.983897
v -29.405323 0.504106 -1.615140
vn 0.351717 0.000000 -0.936106
v -29.405323 -2.137563 -1.615140
vn 0.351717 0.000000 -0.936106
v -29.405323 -2.137563 -1.615140
vn 0.351717 0.000000 -0.936106
v -1.231681 -1.594499 8.970367
vn 0.178737 0.000000 -0.983897
v 29.407326 0.504106 -1.615140
vn -0.910146 0.000001 0.414288
v 29.407322 -2.137563 -1.615140
vn -0.910146 0.000001 0.414288
v 26.256645 -2.515552 -8.536840
vn -0.910146 0.000001 0.414288
v 26.256645 0.482677 -8.536839
vn -0.910146 -0.000000 0.414288
v 1.235045 2.552509 8.970367
vn -0.351732 0.000000 -0.936101
v 1.235045 -1.594498 8.970367
vn -0.118945 -0.000000 -0.992901
v 29.407322 -2.137563 -1.615140
vn -0.351732 -0.000000 -0.936101
v 29.407322 -2.137563 -1.615140
vn -0.351732 0.000001 -0.936101
v 29.407326 0.504106 -1.615140
vn -0.351732 0.000001 -0.936101
v -6.250347 -2.498918 -12.522385
vn 0.078142 0.105570 0.991337
v -6.250347 -8.494710 -12.263509
vn 0.065342 0.043044 0.996934
v -26.254646 -2.515551 -8.536840
vn 0.195185 0.042306 0.979854
v -6.250347 2.500916 -13.267289
vn 0.103587 0.203293 0.973623
v -26.254646 -2.515551 -8.536840
vn 0.193225 0.144582 0.970443
v -26.254646 -2.515551 -8.536840
vn 0.230125 -0.000000 0.973161
v -26.254646 0.482678 -8.536839
vn 0.230125 -0.000000 0.973161
v -6.250347 11.838541 -16.271040
vn 0.095767 0.304821 0.947583
v -26.254646 0.482678 -8.536839
vn 0.190653 0.300611 0.934497
v 6.252343 -2.498917 -12.522385
vn -0.121652 0.054841 0.991057
v 6.252343 -8.494710 -12.263509
vn -0.098065 0.042928 0.994254
v 6.252343 2.500916 -13.267289
vn -0.081587 0.210822 0.974114
v 6.252343 -2.498917 -12.522385
vn -0.000000 0.147359 0.989083
v 6.252343 11.838541 -16.271040
vn -0.063812 0.305604 0.950018
v 26.256645 -2.515552 -8.536840
vn -0.195185 0.042306 0.979854
v 26.256645 0.482677 -8.536839
vn -0.195394 -0.000000 0.980725
v 26.256645 -2.515552 -8.536840
vn -0.195394 -0.000000 0.980725
v 26.256645 0.482677 -8.536839
vn -0.213951 0.143947 0.966180
v 26.256645 0.482677 -8.536839
vn -0.190653 0.300611 0.934497
v -6.162298 3.736090 -4.648115
vn 0.084068 -0.989034 -0.121429
v -6.250347 11.838541 -16.271040
vn 0.236691 -0.796192 -0.556826
v -26.254646 0.482678 -8.536839
vn 0.236691 -0.796192 -0.556826
v -5.756816 4.340059 0.939123
vn 0.097263 -0.988291 -0.117559
v -6.162298 3.736090 -4.648115
vn 0.140912 -0.985329 0.096286
v -26.254646 0.482678 -8.536839
vn 0.140912 -0.985329 0.096286
v -26.254646 0.482678 -8.536839
vn 0.152084 -0.985721 0.072279
v -29.405323 0.504106 -1.615140
vn 0.152084 -0.985721 0.072279
v -1.231681 2.552508 8.970367
vn 0.184843 -0.932061 -0.311601
v -29.405323 0.504106 -1.615140
vn 0.184843 -0.932061 -0.311601
v 6.164296 3.736091 -4.648115
vn -0.094838 -0.962439 -0.254397
v 6.252343 11.838541 -16.271040
vn 0.000000 -0.820344 -0.571870
v -6.250347 11.838541 -16.271040
vn 0.000000 -0.820344 -0.571870
v -6.250347 11.838541 -16.271040
vn 0.000000 -0.820344 -0.571870
v -6.162298 3.736090 -4.648115
vn 0.000000 -0.820344 -0.571870
v 5.758816 4.340059 0.939123
vn -0.047231 -0.995659 -0.080204
v -5.756816 4.340059 0.939123
vn 0.000000 -0.994208 0.107472
v 1.235045 2.552509 8.970367
vn 0.000000 -0.976114 -0.217258
v -1.231681 2.552508 8.970367
vn 0.000000 -0.976114 -0.217258
v 1.235045 2.552509 8.970367
vn 0.000000 -0.976114 -0.217258
v 6.252343 11.838541 -16.271040
vn -0.236691 -0.796192 -0.556826
v 26.256645 0.482677 -8.536839
vn -0.236691 -0.796192 -0.556826
v 29.407326 0.504106 -1.615140
vn -0.146303 -0.986785 0.069650
v 26.256645 0.482677 -8.536839
vn -0.146303 -0.986785 0.069650
v 5.758816 4.340059 0.939123
vn -0.149318 -0.984162 0.095549
v 29.407326 0.504106 -1.615140
vn -0.149318 -0.984162 0.095549
v 1.235045 2.552509 8.970367
vn -0.184841 -0.932071 -0.311571
v 29.407326 0.504106 -1.615140
vn -0.184841 -0.932071 -0.311571
v 1.235045 2.552509 8.970367
vn 0.000000 0.000000 -1.000000
v -1.231681 -1.594499 8.970367
vn 0.034545 0.989164 -0.142690
v -29.405323 -2.137563 -1.615140
vn 0.034545 0.989164 -0.142690
v -5.756818 -2.594996 0.939122
vn 0.022205 0.923967 -0.381827
v -6.162298 -7.498752 -6.847936
vn 0.096457 0.958837 -0.267071
v -29.405323 -2.137563 -1.615140
vn 0.073985 0.842133 -0.534170
v -29.405323 -2.137563 -1.615140
vn 0.236049 0.970214 0.054464
v -26.254646 -2.515551 -8.536840
vn 0.236049 0.970214 0.054464
v -6.250347 -8.494710 -12.263509
vn 0.250983 0.951292 -0.179029
v -26.254646 -2.515551 -8.536840
vn 0.250983 0.951292 -0.179029
v 5.758816 -2.594996 0.939122
vn -0.062295 0.978606 -0.196083
v 1.235045 -1.594498 8.970367
vn -0.000000 0.992330 -0.123620
v -1.231681 -1.594499 8.970367
vn -0.000000 0.992330 -0.123620
v -1.231681 -1.594499 8.970367
vn -0.000000 0.992330 -0.123620
v 6.164296 -7.498751 -6.847937
vn -0.101941 0.910772 -0.400127
v 5.758816 -2.594996 0.939122
vn -0.000000 0.846194 -0.532875
v 6.252343 -8.494710 -12.263509
vn -0.000000 0.983506 -0.180873
v -6.250347 -8.494710 -12.263509
vn 0.000000 0.983506 -0.180873
v 6.252343 -8.494710 -12.263509
vn 0.000000 0.983506 -0.180873
v 1.235045 -1.594498 8.970367
vn -0.034545 0.989165 -0.142684
v 29.407322 -2.137563 -1.615140
vn -0.034545 0.989165 -0.142684
v 26.256645 -2.515552 -8.536840
vn -0.024029 0.998760 -0.043604
v 29.407322 -2.137563 -1.615140
vn -0.024029 0.998760 -0.043604
v 26.256645 -2.515552 -8.536840
vn -0.246148 0.814328 -0.525625
v 6.252343 -8.494710 -12.263509
vn -0.250983 0.951292 -0.179029
v 26.256645 -2.515552 -8.536840
vn -0.250983 0.951292 -0.179029
vt 0.519837 0.465430
vt 0.520201 0.583003
vt 0.571129 0.583003
f 832/2245/832 833/2246/833 834/2247/834
vt 0.571129 0.583003
vt 0.564708 0.465430
vt 0.519837 0.465430
f 834/2248/834 835/2249/835 832/2250/832
vt 0.485042 0.520939
vt 0.519837 0.999501
vt 0.564708 0.999500
f 836/2251/836 837/2252/837 838/2253/838
vt 0.564708 0.999500
vt 0.555484 0.520939
vt 0.485042 0.520939
f 839/2254/839 840/2255/840 836/2256/836
vt 0.480163 0.465430
vt 0.435292 0.465430
vt 0.428871 0.583003
f 841/2257/841 842/2258/842 843/2259/843
vt 0.428871 0.583003
vt 0.479799 0.583003
vt 0.480163 0.465430
f 843/2260/843 844/2261/844 841/2262/841
vt 0.485042 0.479038
vt 0.555484 0.479038
vt 0.564708 0.000500
f 845/2263/845 846/2264/846 847/2265/847
vt 0.564708 0.000500
vt 0.519837 0.000500
vt 0.485042 0.479038
f 848/2266/848 849/2267/849 845/2268/845
vt 0.429154 0.606186
vt 0.327308 0.606186
vt 0.428871 0.945983
f 850/2269/850 851/2270/851 852/2271/852
vt 0.514082 0.606186
vt 0.429154 0.606186
vt 0.428871 0.945983
f 853/2272/853 850/2273/850 854/2274/854
vt 0.428871 0.945983
vt 0.478735 0.947405
vt 0.514082 0.606186
f 855/2275/855 856/2276/856 853/2277/853
vt 0.672692 0.606186
vt 0.514082 0.606186
vt 0.479799 0.945983
f 857/2278/857 853/2279/853 858/2280/858
vt 0.429154 0.393814
vt 0.327308 0.393814
vt 0.327308 0.606186
f 859/2281/859 860/2282/860 851/2283/851
vt 0.327308 0.606186
vt 0.429154 0.606186
vt 0.429154 0.393814
f 851/2284/851 850/2285/850 859/2286/859
vt 0.514082 0.393814
vt 0.429154 0.393814
vt 0.429154 0.606186
f 861/2287/861 862/2288/862 850/2289/850
vt 0.429154 0.606186
vt 0.514082 0.606186
vt 0.514082 0.393814
f 850/2290/850 853/2291/853 861/2292/861
vt 0.672692 0.393814
vt 0.514082 0.393814
vt 0.514082 0.606186
f 863/2293/863 861/2294/861 853/2295/853
vt 0.514082 0.606186
vt 0.672692 0.606186
vt 0.672692 0.393814
f 853/2296/853 857/2297/857 863/2298/863
vt 0.327308 0.393814
vt 0.429154 0.393814
vt 0.428871 0.054017
f 860/2299/860 859/2300/859 864/2301/864
vt 0.479799 0.054017
vt 0.429926 0.055586
vt 0.429154 0.393814
f 865/2302/865 866/2303/866 859/2304/859
vt 0.429154 0.393814
vt 0.514082 0.393814
vt 0.479799 0.054017
f 859/2305/859 861/2306/861 867/2307/867
vt 0.514082 0.393814
vt 0.672692 0.393814
vt 0.479799 0.054017
f 861/2308/861 863/2309/863 868/2310/868
vt 0.483052 0.604691
vt 0.285623 0.606186
vt 0.416997 0.945983
f 869/2311/869 870/2312/870 871/2313/871
vt 0.577957 0.597803
vt 0.482892 0.605026
vt 0.416997 0.945983
f 872/2314/872 873/2315/873 874/2316/874
vt 0.416997 0.945983
vt 0.534570 0.999500
vt 0.577957 0.597803
f 875/2317/875 876/2318/876 872/2319/872
vt 0.714377 0.520939
vt 0.577957 0.597803
vt 0.534570 0.999500
f 877/2320/877 872/2321/872 878/2322/878
vt 0.483052 0.395309
vt 0.285623 0.393814
vt 0.285623 0.606186
f 879/2323/879 880/2324/880 881/2325/881
vt 0.285623 0.606186
vt 0.483052 0.604691
vt 0.483052 0.395309
f 882/2326/882 883/2327/883 879/2328/879
vt 0.577957 0.402197
vt 0.483052 0.395309
vt 0.483052 0.604691
f 884/2329/884 879/2330/879 869/2331/869
vt 0.483052 0.604691
vt 0.577957 0.597803
vt 0.577957 0.402197
f 869/2332/869 885/2333/885 884/2334/884
vt 0.714377 0.479038
vt 0.577957 0.402197
vt 0.577957 0.597803
f 886/2335/886 884/2336/884 872/2337/872
vt 0.577957 0.597803
vt 0.714377 0.520939
vt 0.714377 0.479038
f 872/2338/872 887/2339/887 888/2340/888
vt 0.285623 0.393814
vt 0.483052 0.395309
vt 0.416997 0.054017
f 889/2341/889 879/2342/879 890/2343/890
vt 0.534570 0.000500
vt 0.416997 0.054017
vt 0.483052 0.395309
f 891/2344/891 892/2345/892 879/2346/879
vt 0.483052 0.395309
vt 0.578132 0.402564
vt 0.534570 0.000500
f 879/2347/879 893/2348/893 894/2349/894
vt 0.714377 0.479038
vt 0.534570 0.000500
vt 0.577957 0.402197
f 895/2350/895 896/2351/896 884/2352/884
vt 0.555484 0.479038
vt 0.485042 0.479038
vt 0.485042 0.520939
f 846/2353/846 897/2354/897 836/2355/836
vt 0.485042 0.520939
vt 0.555484 0.520939
vt 0.555484 0.479038
f 836/2356/836 840/2357/840 846/2358/846
vt 0.285623 0.520939
vt 0.465430 0.999500
vt 0.422043 0.597803
f 898/2359/898 899/2360/899 900/2361/900
vt 0.554315 0.604691
vt 0.422043 0.597803
vt 0.465430 0.999500
f 901/2362/901 900/2363/900 902/2364/902
vt 0.465430 0.999500
vt 0.550228 0.950522
vt 0.554315 0.604691
f 903/2365/903 904/2366/904 901/2367/901
vt 0.646305 0.606186
vt 0.554315 0.604691
vt 0.583003 0.945983
f 905/2368/905 901/2369/901 906/2370/906
vt 0.422043 0.402197
vt 0.285623 0.479038
vt 0.285623 0.520939
f 907/2371/907 908/2372/908 909/2373/909
vt 0.285623 0.520939
vt 0.422043 0.597803
vt 0.422043 0.402197
f 910/2374/910 900/2375/900 907/2376/907
vt 0.554315 0.395309
vt 0.422043 0.402197
vt 0.422043 0.597803
f 911/2377/911 912/2378/912 900/2379/900
vt 0.422043 0.597803
vt 0.554315 0.604691
vt 0.554315 0.395309
f 900/2380/900 901/2381/901 911/2382/911
vt 0.646305 0.393814
vt 0.554315 0.395309
vt 0.554315 0.604691
f 913/2383/913 911/2384/911 901/2385/901
vt 0.554315 0.604691
vt 0.646305 0.606186
vt 0.646305 0.393814
f 901/2386/901 914/2387/914 915/2388/915
vt 0.285623 0.479038
vt 0.422043 0.402197
vt 0.465430 0.000500
f 916/2389/916 907/2390/907 917/2391/917
vt 0.583003 0.054017
vt 0.502089 0.017667
vt 0.422043 0.402197
f 918/2392/918 919/2393/919 907/2394/907
vt 0.422043 0.402197
vt 0.554315 0.395309
vt 0.583003 0.054017
f 907/2395/907 911/2396/911 920/2397/920
vt 0.554315 0.395309
vt 0.646305 0.393814
vt 0.583003 0.054017
f 911/2398/911 921/2399/921 922/2400/922
