mtllib tesla.mtl
usemtl tex0_0
v 96.923035 -14.989800 -505.466400
vn -0.424264 -0.141421 0.894427
v 96.923035 -14.989560 -349.466400
vn -0.424264 -0.141421 -0.894427
v 12.000000 -0.220320 -349.466400
vn 0.301511 -0.301511 -0.904534
v 12.000000 -0.220560 -505.466400
vn 0.301511 -0.301511 0.904534
v -12.000000 -0.220320 -349.466400
vn -0.363703 -0.004592 -0.931504
v -12.000000 -0.220560 -505.466400
vn -0.363703 -0.004592 0.931504
v -96.923035 -14.989560 -349.466400
vn 0.227370 0.620651 -0.750397
v -96.923035 -14.989800 -505.466400
vn 0.227371 0.620652 0.750396
v 86.434677 16.475519 -349.466400
vn -0.521827 -0.630570 -0.574524
v 86.434677 16.475279 -505.466400
vn -0.521938 -0.624454 0.581066
v 12.000000 16.080238 -505.466400
vn 0.610132 -0.505449 0.610131
v 12.000000 16.080479 -349.466400
vn 0.610590 -0.512398 -0.603845
v -12.000000 16.080479 -349.466400
vn -0.610131 -0.505450 -0.610131
v -12.000000 16.080238 -505.466400
vn -0.610589 -0.512399 0.603845
v -86.434677 16.475279 -505.466400
vn 0.521827 -0.630570 0.574525
v -86.434677 16.475519 -349.466400
vn 0.521939 -0.624453 -0.581066
v 76.300797 23.779680 -357.165588
vn -0.217150 -0.942080 -0.255600
v 19.699200 23.779680 -357.165588
vn 0.269364 -0.926663 -0.262180
v 19.699200 23.779440 -497.767181
vn 0.270598 -0.923879 0.270599
v 76.300797 23.779440 -497.767181
vn -0.218153 -0.939579 0.263818
v -19.699200 23.779680 -357.165588
vn -0.270598 -0.923880 -0.270597
v -76.300797 23.779680 -357.165588
vn 0.218154 -0.939580 -0.263816
v -76.300797 23.779440 -497.767181
vn 0.217150 -0.942079 0.255602
v -19.699200 23.779440 -497.767181
vn -0.269364 -0.926663 0.262181
v -36.012001 -144.207596 -49.454399
vn 0.577350 -0.577350 0.577350
v 35.987999 -144.207596 -49.454399
vn -0.577350 -0.577350 0.577350
v -36.012001 -144.207596 10.545600
vn 0.577350 -0.577350 -0.577350
v 35.987999 -144.207596 10.545600
vn -0.577350 -0.577350 -0.577350
v 35.987999 -149.938797 -49.454399
vn -0.610131 0.505450 0.610131
v -36.012001 -149.938797 10.545600
vn 0.610132 0.505449 -0.610131
v -36.012001 -149.938797 -49.454399
vn 0.610132 0.505450 0.610131
v 35.987999 -149.938797 10.545600
vn -0.610131 0.505450 -0.610131
v 29.719200 -156.207596 -43.185600
vn -0.270598 0.923880 0.270598
v -29.743200 -156.207596 -43.185600
vn 0.270598 0.923880 0.270598
v -29.743200 -156.207596 4.276800
vn 0.270598 0.923880 -0.270598
v 29.719200 -156.207596 4.276800
vn -0.270598 0.923880 -0.270598
v 83.987999 -9.807120 550.545593
vn -0.524693 0.599296 -0.604600
v 83.987999 -9.807240 490.545593
vn -0.524694 0.599297 0.604599
v 11.988000 -0.207240 490.545593
vn 0.626632 0.548627 0.553481
v 11.988000 -0.207120 550.545593
vn 0.626631 0.548626 -0.553482
v 83.987999 5.523960 490.545593
vn -0.610131 -0.505450 0.610132
v 83.987999 5.524080 550.545593
vn -0.610131 -0.505450 -0.610131
v 11.988000 5.523960 490.545593
vn 0.610132 -0.505449 0.610132
v 11.988000 5.524080 550.545593
vn 0.610132 -0.505449 -0.610131
v 77.719200 11.792760 496.814392
vn -0.270598 -0.923879 0.270600
v 77.719200 11.792880 544.276794
vn -0.270598 -0.923880 -0.270597
v 18.256800 11.792880 544.276794
vn 0.270599 -0.923880 -0.270597
v 18.256800 11.792760 496.814392
vn 0.270598 -0.923879 0.270600
v -215.950790 134.417999 -1205.484009
vn -0.835120 0.291199 0.466666
v -236.038818 125.250000 -1206.023926
vn 0.218219 0.879378 0.423173
v -241.446014 134.302795 -1038.117676
vn 0.413150 0.692365 -0.591556
v -221.864410 143.329208 -1036.296021
vn -0.749584 0.035380 -0.660962
v -345.134399 307.932007 -1244.723999
vn 0.983452 0.147306 0.105470
v -333.748810 288.865204 -1155.816040
vn 0.938416 0.006441 -0.345449
v -322.967987 295.656006 -1155.816040
vn -0.433144 -0.864549 -0.254835
v -335.248810 314.158783 -1244.723999
vn -0.585234 -0.756605 0.291633
v -234.384003 129.818405 -1210.367920
vn 0.039367 0.501043 0.864526
v -221.359192 135.762009 -1210.020020
vn -0.418439 0.221445 0.880835
v -339.185974 313.286407 -1248.791992
vn -0.203761 -0.472681 0.857353
v -342.648010 311.106018 -1248.791992
vn 0.627622 -0.094433 0.772770
v -326.228394 293.764801 -1151.411987
vn 0.049661 -0.789931 -0.611182
v -227.225983 144.601196 -1034.946045
vn -0.086332 -0.301098 -0.949677
v -239.762390 138.823196 -1036.112305
vn 0.373565 -0.012988 -0.927513
v -330.633606 290.989197 -1151.411987
vn 0.629977 -0.382557 -0.675855
v -343.651184 313.772400 -1245.816040
vn 0.683335 -0.730066 0.007494
v -340.729187 315.613190 -1245.816040
vn 0.111766 -0.967715 0.225912
v -336.727203 309.583191 -1216.835938
vn 0.174068 -0.958705 -0.224910
v -337.166412 301.927216 -1191.839966
vn 0.789829 -0.571709 -0.222081
v -328.868408 296.906403 -1157.112061
vn 0.346452 -0.877315 -0.332099
v -332.720398 294.481201 -1157.112061
vn 0.744962 -0.537460 -0.395180
v 470.507996 -120.102005 -781.939209
vn -0.168934 0.530863 -0.830449
v 470.507996 -120.102005 -889.466431
vn -0.245826 0.764034 -0.596508
v 512.151611 -144.033600 -781.797607
vn -0.129022 0.608986 -0.782617
v 574.713623 -179.985596 -889.466431
vn -0.337874 0.538920 -0.771626
v 435.038391 -198.133209 -781.939209
vn -0.511046 -0.221770 -0.830451
v 435.038391 -198.133209 -889.466431
vn -0.737283 -0.317151 -0.596514
v 548.676025 -237.269989 -889.466431
vn -0.696210 0.021527 -0.717516
v 480.451233 -213.774017 -781.797607
vn -0.543669 -0.303229 -0.782609
v 476.047211 -223.462799 -781.797607
vn -0.311445 0.441446 -0.841503
v 516.555603 -134.343597 -781.797607
vn -0.537376 -0.055605 -0.841508
v 425.998810 -188.894409 -901.856445
vn 0.999678 -0.022081 0.012500
v 457.601990 -119.365799 -901.856445
vn 0.673947 -0.738674 0.012498
v 456.657593 -121.444809 -973.785645
vn 0.660239 -0.738388 -0.137361
v 426.943237 -186.815994 -973.785645
vn 0.990448 -0.011936 -0.137367
v 434.383209 -112.577286 -1045.785645
vn 0.660240 -0.738386 -0.137363
v 405.616791 -175.864807 -1045.785645
vn 0.990448 -0.011940 -0.137368
v 432.966003 -115.695602 -1153.679932
vn 0.658476 -0.734952 0.162036
v 407.033997 -172.747208 -1153.679932
vn 0.986700 -0.012886 0.162040
v 453.350403 -128.720398 -1225.536011
vn 0.536479 -0.679986 0.499809
v 430.250366 -179.540405 -1225.536011
vn 0.865063 0.042808 0.499834
v 484.871979 -146.180389 -1261.391968
vn 0.558983 -0.697189 0.448849
v 464.130005 -191.809204 -1261.391968
vn 0.892971 0.034721 0.448773
v 487.977600 -197.217590 -1381.211914
vn 0.798386 -0.015765 0.601940
v 493.027222 -209.767212 -1381.176025
vn 0.587602 0.595231 0.548109
v 517.401611 -156.142792 -1381.176025
vn -0.040936 -0.494795 0.868045
v 504.625214 -160.591202 -1381.211914
vn 0.404977 -0.451182 0.795254
v 553.283997 -174.557999 -1381.055908
vn -0.389490 -0.336606 0.857318
v 557.948425 -187.957199 -1381.031982
vn -0.510684 0.023870 0.859437
v 530.494812 -224.694000 -1381.055908
vn -0.002348 0.663118 0.748512
v 543.656372 -219.398392 -1381.031982
vn -0.353779 0.369059 0.859439
v 552.272400 -229.377594 -1189.187988
vn -0.657003 0.712324 0.246863
v 571.132812 -187.886398 -1189.187988
vn -0.968690 0.026603 0.246843
v 573.914368 -239.635208 -1141.164062
vn -0.661678 0.717000 0.219303
v 593.091614 -197.446793 -1141.164062
vn -0.975281 0.027039 0.219310
v 593.878784 -195.713989 -1081.218018
vn -0.942340 -0.012356 -0.334429
v 573.127197 -241.366791 -1081.218018
vn -0.610329 0.718092 -0.334429
v 550.540771 -233.187607 -1057.312744
vn -0.663946 0.673127 -0.325694
v 572.864380 -184.075195 -1057.312744
vn -0.943895 -0.010991 -0.330062
v 575.067566 -179.223602 -889.474854
vn -0.880254 0.264016 -0.394268
v 574.394409 -167.582397 -881.336426
vn -0.767603 0.444714 -0.461535
v 539.120422 -245.183990 -881.336426
vn -0.845284 0.286479 -0.451027
v 548.329224 -238.035599 -889.466431
vn -0.770995 0.374948 -0.514762
v 548.335205 -238.037994 -889.478394
vn -0.809718 0.535596 -0.239776
v 424.423187 -192.358795 -781.975159
vn 0.421568 -0.010397 -0.906737
v 429.950409 -199.225204 -781.951172
vn 0.002752 -0.001167 -0.999996
v 429.472778 -204.909607 -781.946411
vn 0.076157 0.284033 -0.955785
v 467.984375 -115.550751 -781.951172
vn 0.002689 -0.001307 -0.999996
v 471.953979 -111.453354 -781.946411
vn 0.109151 -0.549913 -0.828059
v 459.177612 -115.901031 -781.975159
vn 0.285016 -0.310791 -0.906738
v 470.378418 -114.918594 -901.842041
vn 0.436950 -0.899258 0.020249
v 469.412384 -117.043320 -975.358765
vn 0.428957 -0.901479 -0.057714
v 447.139221 -108.175804 -1047.358765
vn 0.060718 -0.996654 -0.054714
v 445.762817 -111.202316 -1152.072021
vn -0.162259 -0.983509 0.079890
v 465.097168 -123.556801 -1220.231934
vn -0.011393 -0.956605 0.291166
v 497.023193 -141.240005 -1256.555908
vn -0.003298 -0.965334 0.260997
v 468.399597 -204.213593 -1256.555908
vn 0.727141 0.634646 0.261706
v 434.083191 -191.786392 -1220.231934
vn 0.713297 0.637488 0.291233
v 412.063202 -185.343597 -1152.072021
vn 0.634323 0.768928 0.079898
v 410.686798 -188.369995 -1047.358765
vn 0.790845 0.609565 -0.054727
v 432.014404 -199.320007 -975.358765
vn 0.777335 0.600687 -0.186884
v 431.048401 -201.445190 -901.842041
vn 0.808746 0.587510 0.027597
v 537.432007 -238.366791 -1061.387939
vn -0.414631 0.879884 -0.232132
v 560.018433 -246.545990 -1085.293213
vn -0.070844 0.985686 -0.152984
v 560.722778 -244.998001 -1138.859985
vn -0.110730 0.984382 0.136863
v 539.210388 -234.801590 -1186.596069
vn -0.109981 0.982244 0.151991
v 566.629211 -174.477600 -1186.596069
vn -0.812352 -0.563020 0.151962
v 588.457214 -183.981598 -1138.859985
vn -0.814431 -0.563885 0.136879
v 589.161621 -182.432404 -1085.293213
vn -0.789212 -0.594765 -0.152964
v 568.147217 -170.793594 -1061.387939
vn -0.893689 -0.387057 -0.226951
v 123.135605 -41.076721 -523.299561
vn -0.095359 -0.921694 0.376014
v 314.402405 -141.119995 -500.473206
vn -0.738642 -0.574149 0.353214
v 314.402405 -141.119995 -389.964020
vn -0.759206 -0.555221 -0.339610
v 123.135605 -41.076477 -344.311218
vn -0.130308 -0.917383 -0.376070
v 102.896515 -84.085564 -523.299561
vn 0.649418 0.660981 0.375979
v 102.896515 -84.085320 -344.311218
vn 0.623811 0.685149 -0.376072
v 301.895996 -167.696396 -389.964020
vn -0.056076 0.938888 -0.339623
v 301.895996 -167.696396 -500.473206
vn -0.028375 0.935130 0.353166
v 120.748795 -46.089722 -528.882019
vn 0.093710 -0.464262 0.880727
v 105.237366 -79.050484 -528.882019
vn 0.417480 0.223739 0.880710
v 304.283997 -162.681595 -506.049591
vn -0.253104 0.510933 0.821514
v 312.059998 -146.157593 -506.049591
vn -0.554998 -0.130614 0.821533
v 309.374390 -164.824799 -499.917603
vn -0.639713 0.688162 0.342346
v 309.374390 -164.824799 -391.015198
vn -0.651968 0.687156 -0.320553
v 316.955994 -148.712402 -391.015198
vn -0.945046 0.064380 -0.320535
v 316.955994 -148.712402 -499.917603
vn -0.938001 0.054282 0.342356
v 100.143478 -76.915314 -343.015198
vn 0.912742 0.012367 -0.408350
v 100.143478 -76.915558 -523.917603
vn 0.920405 -0.006207 0.390918
v 115.856522 -43.525558 -523.917603
vn 0.591449 -0.705244 0.390920
v 115.856522 -43.525322 -343.015198
vn 0.572258 -0.711178 -0.408346
v 120.668404 -46.047840 -338.614807
vn 0.022396 -0.444838 -0.895331
v 312.140381 -146.198395 -384.316833
vn -0.608993 -0.097851 -0.787117
v 304.366791 -162.716400 -384.316833
vn -0.312755 0.531620 -0.787124
v 105.154678 -79.015678 -338.614807
vn 0.357037 0.266286 -0.895330
v 191.195999 -92.288643 -356.291992
vn 0.341329 -0.833417 0.434639
v 184.336792 -101.729889 -355.828796
vn 0.753935 -0.059021 0.654293
v 191.195999 -92.288521 -217.466400
vn 0.211671 -0.651337 -0.728667
v 184.336792 -101.729645 -217.466400
vn 0.684860 0.000000 -0.728675
v 202.294800 -95.894882 -358.742401
vn -0.283895 -0.405462 0.868910
v 202.294800 -95.894638 -217.466400
vn -0.554078 -0.402570 -0.728653
v 202.294800 -107.564758 -359.794800
vn -0.299602 0.262615 0.917209
v 202.294800 -107.564644 -217.466400
vn -0.554077 0.402569 -0.728654
v 191.195999 -111.170998 -357.993591
vn 0.326669 0.435383 0.838886
v 191.195999 -111.170883 -217.466400
vn 0.211665 0.651339 -0.728667
v 186.410400 -96.023514 -355.712402
vn 0.744627 -0.520411 0.417976
v 191.195999 -92.288521 -286.879211
vn 0.309063 -0.951041 0.000002
v 197.264404 -92.496841 -357.472809
vn -0.078070 -0.713401 0.696393
v 184.336792 -101.729759 -286.647614
vn 1.000000 0.000000 0.000000
v 186.410400 -107.436241 -356.740784
vn 0.569026 0.232550 0.788752
v 186.410400 -96.023277 -217.466400
vn 0.560608 -0.407308 -0.720984
v 197.264404 -92.496597 -217.466400
vn -0.214146 -0.659018 -0.720997
v 186.410400 -107.436005 -217.466400
vn 0.560604 0.407312 -0.720986
v 202.294800 -95.894760 -288.104401
vn -0.809011 -0.587793 0.000001
v 203.972397 -101.729889 -359.589600
vn -0.419044 -0.081569 0.904294
v 203.972397 -101.729645 -217.466400
vn -0.692932 0.000000 -0.721002
v 202.294800 -107.564758 -288.630005
vn -0.809011 0.587794 -0.000001
v 197.264404 -110.962921 -359.137207
vn -0.009531 0.470170 0.882524
v 197.264404 -110.962677 -217.466400
vn -0.214146 0.659017 -0.720998
v 191.195999 -111.170883 -287.730011
vn 0.309060 0.951043 -0.000001
v 186.410400 -96.023407 -286.588806
vn 0.809015 -0.587788 0.000001
v 197.264404 -92.496719 -287.469604
vn -0.309045 -0.951047 0.000002
v 203.972397 -101.729759 -288.528015
vn -1.000000 0.000000 0.000000
v 197.264404 -110.962799 -288.301208
vn -0.309041 0.951049 -0.000001
v 186.410400 -107.436111 -287.103607
vn 0.809011 0.587794 -0.000001
v 187.792801 -97.027679 -217.466400
vn -0.560606 0.407315 -0.720982
v 191.735992 -93.950157 -217.466400
vn -0.211673 0.651334 -0.728669
v 196.736389 -94.121643 -217.466400
vn 0.214113 0.659034 -0.720992
v 200.882401 -96.921600 -217.466400
vn 0.554081 0.402528 -0.728674
v 202.263611 -101.729645 -217.466400
vn 0.692955 0.000000 -0.720981
v 200.882401 -106.537689 -217.466400
vn 0.554081 -0.402528 -0.728674
v 196.736389 -109.337646 -217.466400
vn 0.214120 -0.659033 -0.720991
v 191.735992 -109.509232 -217.466400
vn -0.211665 -0.651336 -0.728670
v 187.792801 -106.431725 -217.466400
vn -0.560607 -0.407313 -0.720983
v 186.084000 -101.729645 -217.466400
vn -0.684856 0.000003 -0.728679
v 187.792801 -97.027679 -270.218384
vn -0.717701 0.521455 -0.461509
v 191.735992 -93.950157 -270.218384
vn -0.272864 0.839624 -0.469657
v 196.736389 -94.121643 -270.218384
vn 0.214113 0.659034 -0.720992
v 200.882401 -96.921600 -270.218384
vn 0.429571 0.312074 -0.847395
v 202.263611 -101.729645 -270.218384
vn 0.539503 0.000000 -0.841984
v 200.882401 -106.537689 -270.218384
vn 0.429571 -0.312074 -0.847395
v 196.736389 -109.337646 -270.218384
vn 0.166703 -0.513090 -0.841991
v 191.735992 -109.509232 -270.218384
vn -0.164101 -0.504972 -0.847393
v 187.792801 -106.431725 -270.218384
vn -0.436462 -0.317115 -0.841985
v 186.084000 -101.729645 -270.218384
vn -0.684856 0.000003 -0.728679
v 229.460403 -109.798080 -365.199585
vn 0.341331 -0.833417 0.434637
v 222.601196 -119.239319 -364.736389
vn 0.753881 -0.059060 0.654351
v 229.460403 -109.797958 -241.466400
vn 0.211658 -0.651340 -0.728668
v 222.601196 -119.239197 -241.466400
vn 0.684858 0.000007 -0.728676
v 240.559204 -113.404327 -367.650024
vn -0.283895 -0.405460 0.868911
v 240.559204 -113.404198 -241.466400
vn -0.554082 -0.402566 -0.728652
v 240.559204 -125.074799 -368.702393
vn -0.299577 0.262621 0.917215
v 240.559204 -125.073601 -241.466400
vn -0.554093 0.402548 -0.728653
v 229.460403 -128.680801 -366.901184
vn 0.326663 0.435361 0.838899
v 229.460403 -128.680801 -241.466400
vn 0.211658 0.651326 -0.728681
v 224.674805 -113.532959 -364.618774
vn 0.744547 -0.520491 0.418017
v 229.460403 -109.798080 -303.332397
vn 0.309055 -0.951044 0.000001
v 235.528793 -110.006271 -366.380402
vn -0.078068 -0.713400 0.696395
v 222.601196 -119.239197 -303.100800
vn 1.000000 0.000012 0.000000
v 224.674805 -124.945198 -365.648376
vn 0.568987 0.232520 0.788789
v 224.674805 -113.532837 -241.466400
vn 0.560604 -0.407312 -0.720985
v 235.528793 -110.006165 -241.466400
vn -0.214158 -0.659014 -0.720997
v 224.674805 -124.945198 -241.466400
vn 0.560628 0.407291 -0.720979
v 240.559204 -113.404327 -304.558807
vn -0.809015 -0.587788 0.000001
v 242.236786 -119.239319 -368.497192
vn -0.419048 -0.081572 0.904292
v 242.236786 -119.239197 -241.466400
vn -0.692933 -0.000010 -0.721002
v 240.559204 -125.074799 -305.084412
vn -0.809009 0.587796 -0.000002
v 235.528793 -128.472000 -368.044800
vn -0.009539 0.470185 0.882516
v 235.528793 -128.472000 -241.466400
vn -0.214202 0.659003 -0.720995
v 229.460403 -128.680801 -304.183197
vn 0.309056 0.951044 0.000000
v 224.674805 -113.532837 -303.043182
vn 0.809010 -0.587795 0.000001
v 235.528793 -110.006165 -303.922791
vn -0.309053 -0.951045 0.000001
v 242.236786 -119.239197 -304.982391
vn -1.000000 -0.000015 -0.000001
v 235.528793 -128.472000 -304.755585
vn -0.309081 0.951036 0.000000
v 224.674805 -124.945198 -303.556793
vn 0.809036 0.587760 0.000000
v 226.057205 -114.537117 -241.466400
vn -0.560607 0.407314 -0.720982
v 230.000397 -111.459595 -241.466400
vn -0.211672 0.651334 -0.728669
v 235.000809 -111.631088 -241.466400
vn 0.214162 0.659010 -0.721000
v 239.145599 -114.431152 -241.466400
vn 0.554087 0.402563 -0.728650
v 240.528015 -119.239197 -241.466400
vn 0.692932 0.000007 -0.721003
v 239.145599 -124.047607 -241.466400
vn 0.554069 -0.402576 -0.728656
v 235.000809 -126.847198 -241.466400
vn 0.214144 -0.659021 -0.720995
v 230.000397 -127.018799 -241.466400
vn -0.211688 -0.651323 -0.728675
v 226.057205 -123.940796 -241.466400
vn -0.560620 -0.407305 -0.720977
v 224.348389 -119.239197 -241.466400
vn -0.684854 -0.000011 -0.728681
v 226.057205 -114.537117 -294.218384
vn -0.717702 0.521453 -0.461509
v 230.000397 -111.459595 -294.218384
vn -0.272863 0.839624 -0.469657
v 235.000809 -111.631088 -294.218384
vn 0.214162 0.659010 -0.721000
v 239.145599 -114.431152 -294.218384
vn 0.429581 0.312105 -0.847379
v 240.528015 -119.239197 -294.218384
vn 0.539479 0.000005 -0.841999
v 239.145599 -124.047607 -294.218384
vn 0.429566 -0.312114 -0.847383
v 235.000809 -126.847198 -294.218384
vn 0.166722 -0.513080 -0.841994
v 230.000397 -127.018799 -294.218384
vn -0.164118 -0.504961 -0.847396
v 226.057205 -123.940796 -294.218384
vn -0.436474 -0.317109 -0.841981
v 224.348389 -119.239197 -294.218384
vn -0.684854 -0.000011 -0.728681
v 264.346802 -126.024002 -373.343994
vn 0.341273 -0.833469 0.434583
v 257.487610 -135.465607 -372.880798
vn 0.753926 -0.059030 0.654302
v 264.346802 -126.024002 -277.466400
vn 0.211658 -0.651326 -0.728681
v 257.487610 -135.465607 -277.466400
vn 0.684857 0.000000 -0.728678
v 275.445618 -129.631195 -375.795593
vn -0.283740 -0.405542 0.868923
v 275.445618 -129.631195 -277.466400
vn -0.554086 -0.402566 -0.728649
v 275.445618 -141.301193 -376.846802
vn -0.299511 0.262729 0.917206
v 275.445618 -141.299988 -277.466400
vn -0.554093 0.402549 -0.728653
v 264.346802 -144.907196 -375.045593
vn 0.326661 0.435363 0.838899
v 264.346802 -144.907196 -277.466400
vn 0.211658 0.651326 -0.728681
v 259.561218 -129.759598 -372.764404
vn 0.744644 -0.520391 0.417970
v 264.346802 -126.024002 -325.405212
vn 0.309056 -0.951044 0.000000
v 270.415192 -126.232796 -374.524780
vn -0.078033 -0.713462 0.696335
v 257.487610 -135.465607 -325.173584
vn 1.000000 0.000000 0.000000
v 259.561218 -141.171600 -373.792816
vn 0.569035 0.232539 0.788749
v 259.561218 -129.759598 -277.466400
vn 0.560628 -0.407291 -0.720979
v 270.415192 -126.232796 -277.466400
vn -0.214202 -0.659003 -0.720995
v 259.561218 -141.171600 -277.466400
vn 0.560627 0.407292 -0.720979
v 275.445618 -129.631195 -326.630402
vn -0.809018 -0.587785 0.000000
v 277.123199 -135.465607 -376.642792
vn -0.418938 -0.081456 0.904354
v 277.123199 -135.465607 -277.466400
vn -0.692931 -0.000019 -0.721004
v 275.445618 -141.301193 -327.156006
vn -0.809009 0.587796 -0.000002
v 270.415192 -144.698395 -376.189209
vn -0.009587 0.470238 0.882488
v 270.415192 -144.698395 -277.466400
vn -0.214202 0.659003 -0.720995
v 264.346802 -144.907196 -326.255981
vn 0.309055 0.951044 0.000000
v 259.561218 -129.759598 -325.114807
vn 0.809037 -0.587758 0.000000
v 270.415192 -126.232796 -325.995605
vn -0.309120 -0.951023 0.000000
v 277.123199 -135.465607 -327.053986
vn -1.000000 -0.000027 -0.000002
v 270.415192 -144.698395 -326.828400
vn -0.309081 0.951036 0.000000
v 259.561218 -141.171600 -325.629578
vn 0.809036 0.587759 0.000000
v 260.943604 -130.764008 -277.466400
vn -0.560620 0.407305 -0.720977
v 264.886810 -127.686005 -277.466400
vn -0.211688 0.651323 -0.728675
v 269.887207 -127.857605 -277.466400
vn 0.214103 0.659042 -0.720988
v 274.033203 -130.657196 -277.466400
vn 0.554069 0.402535 -0.728679
v 275.414398 -135.465607 -277.466400
vn 0.692957 -0.000000 -0.720979
v 274.033203 -140.274002 -277.466400
vn 0.554070 -0.402535 -0.728679
v 269.887207 -143.073608 -277.466400
vn 0.214103 -0.659042 -0.720988
v 264.886810 -143.245209 -277.466400
vn -0.211688 -0.651323 -0.728675
v 260.943604 -140.167206 -277.466400
vn -0.560620 -0.407305 -0.720977
v 259.234802 -135.465607 -277.466400
vn -0.684852 0.000000 -0.728683
v 260.943604 -130.764008 -330.218384
vn -0.717716 0.521439 -0.461504
v 264.886810 -127.686005 -330.218384
vn -0.272884 0.839613 -0.469664
v 269.887207 -127.857605 -330.218384
vn 0.214103 0.659042 -0.720988
v 274.033203 -130.657196 -330.218384
vn 0.429561 0.312079 -0.847399
v 275.414398 -135.465607 -330.218384
vn 0.539505 -0.000000 -0.841982
v 274.033203 -140.274002 -330.218384
vn 0.429561 -0.312079 -0.847399
v 269.887207 -143.073608 -330.218384
vn 0.166690 -0.513097 -0.841989
v 264.886810 -143.245209 -330.218384
vn -0.164118 -0.504961 -0.847396
v 260.943604 -140.167206 -330.218384
vn -0.436474 -0.317109 -0.841981
v 259.234802 -135.465607 -330.218384
vn -0.684852 0.000000 -0.728683
v -264.346802 -126.024002 -373.343994
vn -0.341273 -0.833469 0.434583
v -264.346802 -126.024002 -277.466400
vn -0.211658 -0.651326 -0.728681
v -257.487610 -135.465607 -372.880798
vn -0.753926 -0.059030 0.654302
v -257.487610 -135.465607 -277.466400
vn -0.684857 0.000000 -0.728678
v -275.445618 -129.631195 -375.795593
vn 0.283740 -0.405542 0.868923
v -275.445618 -129.631195 -277.466400
vn 0.554086 -0.402566 -0.728649
v -275.445618 -141.301193 -376.846802
vn 0.299511 0.262729 0.917206
v -275.445618 -141.299988 -277.466400
vn 0.554052 0.402588 -0.728662
v -264.346802 -144.907196 -375.045593
vn -0.326661 0.435363 0.838899
v -264.346802 -144.907196 -277.466400
vn -0.211658 0.651326 -0.728681
v -264.346802 -126.024002 -325.405212
vn -0.309056 -0.951044 0.000000
v -259.561218 -129.759598 -372.764404
vn -0.744644 -0.520391 0.417970
v -270.415192 -126.232796 -374.524780
vn 0.078033 -0.713462 0.696335
v -259.561218 -129.759598 -277.466400
vn -0.560628 -0.407291 -0.720979
v -270.415192 -126.232796 -277.466400
vn 0.214202 -0.659003 -0.720995
v -257.487610 -135.465607 -325.173584
vn -1.000000 0.000000 0.000000
v -259.561218 -141.171600 -373.792816
vn -0.569035 0.232539 0.788749
v -259.561218 -141.171600 -277.466400
vn -0.560627 0.407292 -0.720979
v -275.445618 -129.631195 -326.630402
vn 0.809018 -0.587784 0.000000
v -277.123199 -135.465607 -376.642792
vn 0.418938 -0.081456 0.904354
v -277.123199 -135.465607 -277.466400
vn 0.692932 -0.000019 -0.721002
v -275.445618 -141.301193 -327.156006
vn 0.808985 0.587829 0.000000
v -270.415192 -144.698395 -376.189209
vn 0.009587 0.470238 0.882488
v -270.415192 -144.698395 -277.466400
vn 0.214151 0.659028 -0.720986
v -264.346802 -144.907196 -326.255981
vn -0.309055 0.951044 0.000000
v -259.561218 -129.759598 -325.114807
vn -0.809037 -0.587758 0.000000
v -270.415192 -126.232796 -325.995605
vn 0.309121 -0.951023 0.000000
v -277.123199 -135.465607 -327.053986
vn 1.000000 -0.000027 0.000000
v -270.415192 -144.698395 -326.828400
vn 0.309042 0.951048 0.000000
v -259.561218 -141.171600 -325.629578
vn -0.809036 0.587759 0.000000
v -260.943604 -130.764008 -277.466400
vn 0.560620 0.407305 -0.720977
v -259.234802 -135.465607 -277.466400
vn 0.684852 0.000000 -0.728683
v -260.943604 -140.167206 -277.466400
vn 0.560620 -0.407305 -0.720977
v -264.886810 -143.245209 -277.466400
vn 0.211688 -0.651323 -0.728675
v -269.887207 -143.073608 -277.466400
vn -0.214103 -0.659042 -0.720988
v -274.033203 -140.274002 -277.466400
vn -0.554070 -0.402535 -0.728679
v -275.414398 -135.465607 -277.466400
vn -0.692957 -0.000000 -0.720979
v -274.033203 -130.657196 -277.466400
vn -0.554069 0.402535 -0.728679
v -269.887207 -127.857605 -277.466400
vn -0.214103 0.659042 -0.720988
v -264.886810 -127.686005 -277.466400
vn 0.211688 0.651323 -0.728675
v -260.943604 -130.764008 -330.218384
vn 0.717716 0.521439 -0.461504
v -259.234802 -135.465607 -330.218384
vn 0.882841 0.000000 -0.469672
v -260.943604 -140.167206 -330.218384
vn 0.560620 -0.407305 -0.720977
v -264.886810 -143.245209 -330.218384
vn 0.164118 -0.504961 -0.847396
v -269.887207 -143.073608 -330.218384
vn -0.166690 -0.513097 -0.841989
v -274.033203 -140.274002 -330.218384
vn -0.429561 -0.312079 -0.847399
v -275.414398 -135.465607 -330.218384
vn -0.539505 -0.000000 -0.841982
v -274.033203 -130.657196 -330.218384
vn -0.429561 0.312079 -0.847399
v -269.887207 -127.857605 -330.218384
vn -0.166690 0.513098 -0.841989
v -264.886810 -127.686005 -330.218384
vn 0.211688 0.651323 -0.728675
v -229.460403 -109.798080 -365.199585
vn -0.341323 -0.833420 0.434638
v -229.460403 -109.797958 -241.466400
vn -0.211671 -0.651336 -0.728668
v -222.601196 -119.239319 -364.736389
vn -0.753882 -0.059062 0.654350
v -222.601196 -119.239197 -241.466400
vn -0.684858 0.000007 -0.728676
v -240.559204 -113.404327 -367.650024
vn 0.283895 -0.405459 0.868911
v -240.559204 -113.404198 -241.466400
vn 0.554081 -0.402567 -0.728652
v -240.559204 -125.074799 -368.702393
vn 0.299577 0.262621 0.917215
v -240.559204 -125.073601 -241.466400
vn 0.554052 0.402588 -0.728662
v -229.460403 -128.680801 -366.901184
vn -0.326663 0.435361 0.838899
v -229.460403 -128.680801 -241.466400
vn -0.211658 0.651326 -0.728681
v -229.460403 -109.798080 -303.332397
vn -0.309060 -0.951043 0.000001
v -224.674805 -113.532959 -364.618774
vn -0.744547 -0.520491 0.418017
v -235.528793 -110.006271 -366.380402
vn 0.078075 -0.713399 0.696395
v -224.674805 -113.532837 -241.466400
vn -0.560608 -0.407308 -0.720985
v -235.528793 -110.006165 -241.466400
vn 0.214151 -0.659015 -0.720999
v -222.601196 -119.239197 -303.100800
vn -1.000000 0.000010 0.000000
v -224.674805 -124.945198 -365.648376
vn -0.568987 0.232518 0.788790
v -224.674805 -124.945198 -241.466400
vn -0.560628 0.407291 -0.720979
v -240.559204 -113.404327 -304.558807
vn 0.809015 -0.587788 0.000000
v -242.236786 -119.239319 -368.497192
vn 0.419049 -0.081570 0.904292
v -242.236786 -119.239197 -241.466400
vn 0.692934 -0.000012 -0.721001
v -240.559204 -125.074799 -305.084412
vn 0.808985 0.587829 0.000000
v -235.528793 -128.472000 -368.044800
vn 0.009539 0.470185 0.882516
v -235.528793 -128.472000 -241.466400
vn 0.214151 0.659028 -0.720986
v -229.460403 -128.680801 -304.183197
vn -0.309056 0.951044 0.000000
v -224.674805 -113.532837 -303.043182
vn -0.809013 -0.587791 0.000001
v -235.528793 -110.006165 -303.922791
vn 0.309053 -0.951045 0.000000
v -242.236786 -119.239197 -304.982391
vn 1.000000 -0.000015 0.000000
v -235.528793 -128.472000 -304.755585
vn 0.309042 0.951048 0.000000
v -224.674805 -124.945198 -303.556793
vn -0.809037 0.587758 0.000000
v -226.057205 -114.537117 -241.466400
vn 0.560607 0.407314 -0.720982
v -224.348389 -119.239197 -241.466400
vn 0.684854 -0.000011 -0.728681
v -226.057205 -123.940796 -241.466400
vn 0.560620 -0.407305 -0.720977
v -230.000397 -127.018799 -241.466400
vn 0.211688 -0.651323 -0.728675
v -235.000809 -126.847198 -241.466400
vn -0.214144 -0.659021 -0.720995
v -239.145599 -124.047607 -241.466400
vn -0.554069 -0.402576 -0.728656
v -240.528015 -119.239197 -241.466400
vn -0.692932 0.000007 -0.721003
v -239.145599 -114.431152 -241.466400
vn -0.554087 0.402563 -0.728650
v -235.000809 -111.631088 -241.466400
vn -0.214162 0.659010 -0.721000
v -230.000397 -111.459595 -241.466400
vn 0.211672 0.651334 -0.728669
v -226.057205 -114.537117 -294.218384
vn 0.717702 0.521453 -0.461509
v -224.348389 -119.239197 -294.218384
vn 0.882842 -0.000014 -0.469670
v -226.057205 -123.940796 -294.218384
vn 0.560620 -0.407305 -0.720977
v -230.000397 -127.018799 -294.218384
vn 0.164118 -0.504961 -0.847396
v -235.000809 -126.847198 -294.218384
vn -0.166722 -0.513080 -0.841994
v -239.145599 -124.047607 -294.218384
vn -0.429566 -0.312114 -0.847383
v -240.528015 -119.239197 -294.218384
vn -0.539479 0.000005 -0.841999
v -239.145599 -114.431152 -294.218384
vn -0.429581 0.312105 -0.847379
v -235.000809 -111.631088 -294.218384
vn -0.166735 0.513070 -0.841997
v -230.000397 -111.459595 -294.218384
vn 0.211672 0.651334 -0.728669
v -191.195999 -92.288643 -356.291992
vn -0.341329 -0.833417 0.434639
v -191.195999 -92.288521 -217.466400
vn -0.211659 -0.651340 -0.728667
v -184.336792 -101.729889 -355.828796
vn -0.753935 -0.059021 0.654293
v -184.336792 -101.729645 -217.466400
vn -0.684860 0.000000 -0.728675
v -202.294800 -95.894882 -358.742401
vn 0.283895 -0.405462 0.868910
v -202.294800 -95.894638 -217.466400
vn 0.554078 -0.402570 -0.728653
v -202.294800 -107.564758 -359.794800
vn 0.299607 0.262611 0.917208
v -202.294800 -107.564644 -217.466400
vn 0.554077 0.402569 -0.728654
v -191.195999 -111.170998 -357.993591
vn -0.326669 0.435383 0.838886
v -191.195999 -111.170883 -217.466400
vn -0.211665 0.651339 -0.728667
v -191.195999 -92.288521 -286.879211
vn -0.309055 -0.951044 0.000002
v -186.410400 -96.023514 -355.712402
vn -0.744627 -0.520411 0.417976
v -197.264404 -92.496841 -357.472809
vn 0.078070 -0.713401 0.696393
v -186.410400 -96.023277 -217.466400
vn -0.560604 -0.407313 -0.720985
v -197.264404 -92.496597 -217.466400
vn 0.214153 -0.659016 -0.720996
v -184.336792 -101.729759 -286.647614
vn -1.000000 0.000000 -0.000000
v -186.410400 -107.436241 -356.740784
vn -0.569026 0.232550 0.788752
v -186.410400 -107.436005 -217.466400
vn -0.560604 0.407312 -0.720985
v -202.294800 -95.894760 -288.104401
vn 0.809011 -0.587793 0.000001
v -203.972397 -101.729889 -359.589600
vn 0.419044 -0.081569 0.904294
v -203.972397 -101.729645 -217.466400
vn 0.692932 -0.000000 -0.721002
v -202.294800 -107.564758 -288.630005
vn 0.809013 0.587790 -0.000001
v -197.264404 -110.962921 -359.137207
vn 0.009535 0.470168 0.882526
v -197.264404 -110.962677 -217.466400
vn 0.214146 0.659017 -0.720998
v -191.195999 -111.170883 -287.730011
vn -0.309060 0.951043 -0.000001
v -186.410400 -96.023407 -286.588806
vn -0.809013 -0.587791 0.000001
v -197.264404 -92.496719 -287.469604
vn 0.309050 -0.951046 0.000002
v -203.972397 -101.729759 -288.528015
vn 1.000000 0.000000 0.000000
v -197.264404 -110.962799 -288.301208
vn 0.309045 0.951047 -0.000002
v -186.410400 -107.436111 -287.103607
vn -0.809011 0.587794 -0.000001
v -187.792801 -97.027679 -217.466400
vn 0.560606 0.407315 -0.720982
v -186.084000 -101.729645 -217.466400
vn 0.684856 0.000003 -0.728679
v -187.792801 -106.431725 -217.466400
vn 0.560607 -0.407313 -0.720983
v -191.735992 -109.509232 -217.466400
vn 0.211665 -0.651336 -0.728670
v -196.736389 -109.337646 -217.466400
vn -0.214120 -0.659033 -0.720991
v -200.882401 -106.537689 -217.466400
vn -0.554081 -0.402528 -0.728674
v -202.263611 -101.729645 -217.466400
vn -0.692955 0.000000 -0.720981
v -200.882401 -96.921600 -217.466400
vn -0.554081 0.402528 -0.728674
v -196.736389 -94.121643 -217.466400
vn -0.214113 0.659034 -0.720992
v -191.735992 -93.950157 -217.466400
vn 0.211673 0.651334 -0.728669
v -187.792801 -97.027679 -270.218384
vn 0.717701 0.521455 -0.461509
v -186.084000 -101.729645 -270.218384
vn 0.882843 0.000003 -0.469668
v -187.792801 -106.431725 -270.218384
vn 0.560607 -0.407313 -0.720983
v -191.735992 -109.509232 -270.218384
vn 0.164101 -0.504972 -0.847393
v -196.736389 -109.337646 -270.218384
vn -0.166703 -0.513090 -0.841991
v -200.882401 -106.537689 -270.218384
vn -0.429571 -0.312074 -0.847395
v -202.263611 -101.729645 -270.218384
vn -0.539503 0.000000 -0.841984
v -200.882401 -96.921600 -270.218384
vn -0.429571 0.312074 -0.847395
v -196.736389 -94.121643 -270.218384
vn -0.166697 0.513090 -0.841992
v -191.735992 -93.950157 -270.218384
vn 0.211673 0.651334 -0.728669
v -123.135605 -41.076721 -523.299561
vn 0.095369 -0.921710 0.375973
v -123.135605 -41.076477 -344.311218
vn 0.130308 -0.917383 -0.376070
v -314.402405 -141.119995 -389.964020
vn 0.759206 -0.555222 -0.339610
v -314.402405 -141.119995 -500.473206
vn 0.738643 -0.574172 0.353174
v -120.668404 -46.047840 -338.614807
vn -0.022396 -0.444840 -0.895330
v -105.154678 -79.015678 -338.614807
vn -0.357037 0.266285 -0.895331
v -304.366791 -162.716400 -384.316833
vn 0.312761 0.531613 -0.787127
v -312.140381 -146.198395 -384.316833
vn 0.608995 -0.097860 -0.787114
v -100.143478 -76.915314 -343.015198
vn -0.912742 0.012364 -0.408350
v -115.856522 -43.525322 -343.015198
vn -0.572257 -0.711180 -0.408345
v -115.856522 -43.525558 -523.917603
vn -0.591448 -0.705245 0.390920
v -100.143478 -76.915558 -523.917603
vn -0.920404 -0.006209 0.390918
v -120.748795 -46.089722 -528.882019
vn -0.093698 -0.464303 0.880706
v -312.059998 -146.157593 -506.049591
vn 0.555007 -0.130651 0.821521
v -304.283997 -162.681595 -506.049591
vn 0.253093 0.510926 0.821522
v -105.237366 -79.050484 -528.882019
vn -0.417480 0.223738 0.880711
v -309.374390 -164.824799 -499.917603
vn 0.639706 0.688161 0.342360
v -316.955994 -148.712402 -499.917603
vn 0.937996 0.054277 0.342370
v -316.955994 -148.712402 -391.015198
vn 0.945048 0.064368 -0.320534
v -309.374390 -164.824799 -391.015198
vn 0.651976 0.687148 -0.320554
v -102.896515 -84.085564 -523.299561
vn -0.649419 0.660981 0.375978
v -301.895996 -167.696396 -500.473206
vn 0.028375 0.935130 0.353166
v -301.895996 -167.696396 -389.964020
vn 0.056076 0.938888 -0.339624
v -102.896515 -84.085320 -344.311218
vn -0.623812 0.685149 -0.376072
v -60.000000 -0.221280 -997.466431
vn 0.141909 -0.989879 -0.000734
v 60.000000 -0.221400 -1129.463989
vn -0.132878 -0.991132 0.000001
v -60.000000 -0.221400 -1129.463989
vn 0.132878 -0.991132 0.000000
v 60.000000 -0.221280 -997.466431
vn -0.133620 -0.991033 -0.000078
v 60.000000 -0.220680 -613.466431
vn -0.138979 -0.990295 -0.000187
v -60.000000 -0.220680 -613.466431
vn 0.149348 -0.988785 0.000065
v -60.000000 -144.220795 -613.466431
vn 0.343607 0.938056 -0.044563
v -82.855202 -130.480804 -613.466431
vn 0.640605 0.763502 -0.081796
v -60.000000 -180.220795 -997.466431
vn 0.346454 0.936585 -0.052714
v -240.000000 -84.221275 -997.466431
vn 0.830428 0.538930 -0.141225
v -120.000000 -84.220680 -613.466431
vn 0.922390 0.358134 -0.144696
v 120.000000 -24.220680 -613.466431
vn -0.966749 -0.040145 -0.252555
v 240.000000 -84.221275 -997.466431
vn -0.835291 0.530112 -0.145843
v 240.000000 -24.221279 -997.466431
vn -0.705261 -0.698542 -0.121022
v 120.000000 -84.220680 -613.466431
vn -0.986906 -0.041167 -0.155955
v 95.155083 -118.180679 -613.466431
vn -0.661698 0.744894 -0.085369
v 60.000000 -180.220795 -997.466431
vn -0.364254 0.929698 -0.054599
v 60.000000 -144.220795 -613.466431
vn -0.366188 0.929533 -0.043293
v -240.000000 -84.221397 -1129.463989
vn 0.633117 0.419897 0.650268
v -120.000000 -24.221401 -1153.463989
vn 0.295888 0.233935 0.926134
v -120.000000 -84.221397 -1153.463989
vn 0.445116 0.248499 0.860302
v -240.000000 -24.221401 -1129.463989
vn 0.594963 -0.490753 0.636538
v -240.000000 -24.221279 -997.466431
vn 0.691653 -0.712645 -0.117271
v -120.000000 -24.220680 -613.466431
vn 0.738428 -0.646560 -0.191532
v -90.000000 -5.644680 -613.466431
vn 0.318294 -0.947393 -0.033706
v 93.676201 -4.863960 -613.466431
vn -0.324799 -0.945028 -0.037780
v 240.000000 -24.221401 -1129.463989
vn -0.595012 -0.490734 0.636507
v 240.000000 -84.221397 -1129.463989
vn -0.633118 0.419898 0.650267
v 60.000000 -180.222000 -1129.463989
vn -0.353697 0.837434 0.416656
v -60.000000 -180.222000 -1129.463989
vn 0.308791 0.843084 0.440292
v 120.000000 -24.221401 -1153.463989
vn -0.295940 0.233949 0.926114
v 120.000000 -84.221397 -1153.463989
vn -0.445101 0.248498 0.860310
v 0.000000 7.866720 -997.466431
vn 0.000000 -1.000000 0.000001
v 0.000000 7.866600 -1129.463989
vn 0.000000 -1.000000 0.000000
v 0.000000 7.867320 -613.466431
vn -0.000014 -1.000000 -0.000187
v 0.000000 -151.708801 -613.466431
vn -0.000000 0.998903 -0.046824
v 0.000000 -187.708801 -997.466431
vn -0.000005 0.998908 -0.046723
v 0.000000 -187.708801 -1129.463989
vn 0.036502 0.982262 0.183925
v 59.987999 -144.207596 670.545593
vn -0.370480 0.926176 -0.070297
v 119.987991 -84.207123 610.545593
vn -0.773449 0.527907 -0.350841
v 119.987991 -84.207001 670.545593
vn -0.881687 0.464659 -0.081980
v 119.987991 -84.207123 550.545593
vn -0.716213 0.472268 0.513812
v 119.987991 -84.207245 490.545593
vn -0.716212 0.472268 -0.513813
v 119.987991 -84.207359 430.545593
vn -0.716213 0.472268 0.513811
v 119.987991 -84.207359 370.545593
vn -0.716212 0.472268 -0.513813
v 119.987991 -84.207481 310.545593
vn -0.716213 0.472268 0.513811
v 119.987991 -84.207603 250.545593
vn -0.716213 0.472268 -0.513812
v 119.987991 -84.207603 190.545609
vn -0.716213 0.472268 0.513812
v 119.987991 -84.207718 130.545609
vn -0.716212 0.472268 -0.513813
v 119.987991 -84.207840 70.545601
vn -0.716213 0.472268 0.513811
v 119.987991 -84.207840 10.545600
vn -0.716212 0.472268 -0.513813
v 119.987991 -84.207962 -49.454399
vn -0.716213 0.472268 0.513811
v 119.987991 -84.208084 -109.454391
vn -0.716213 0.472268 -0.513812
v 119.987991 -84.208084 -169.454391
vn -0.716213 0.472268 0.513812
v 119.987991 -84.208206 -229.454407
vn -0.949625 0.062441 -0.307103
v 119.987991 -84.208321 -289.454407
vn -0.898796 0.087346 0.429577
v -60.012001 -144.207596 670.545593
vn 0.370446 0.926327 -0.068474
v -120.012009 -84.207001 670.545593
vn 0.881724 0.464412 -0.082970
v -120.012009 -84.207123 610.545593
vn 0.773449 0.527907 -0.350841
v -120.012009 -84.208084 -109.454391
vn 0.278543 0.649934 -0.707107
v -120.012009 -84.207962 -49.454399
vn 0.716213 0.472268 0.513811
v -120.012009 -84.207840 10.545600
vn 0.716212 0.472268 -0.513813
v -120.012009 -84.207840 70.545601
vn 0.716213 0.472268 0.513811
v -120.012009 -84.207718 130.545609
vn 0.716212 0.472268 -0.513813
v -120.012009 -84.207603 190.545609
vn 0.716213 0.472268 0.513812
v -120.012009 -84.207603 250.545593
vn 0.716213 0.472268 -0.513812
v -120.012009 -84.207481 310.545593
vn 0.716213 0.472268 0.513811
v -120.012009 -84.207359 370.545593
vn 0.716212 0.472268 -0.513813
v -120.012009 -84.207359 430.545593
vn 0.716213 0.472268 0.513811
v -120.012009 -84.207245 490.545593
vn 0.716212 0.472268 -0.513813
v -120.012009 -84.207123 550.545593
vn 0.716213 0.472268 0.513812
v -120.012009 -84.208084 -167.054398
vn -0.114650 0.993406 0.000000
v -120.012009 -84.208321 -289.454407
vn 0.737382 0.576232 0.352455
v -120.012009 -84.208084 -169.454391
vn 0.716213 0.472267 0.513812
v -120.012009 -84.208206 -229.454407
vn 0.737385 0.576234 -0.352445
v 119.987991 -24.208080 -109.454391
vn -0.577350 -0.577350 -0.577350
v 119.987991 -24.207958 -49.454399
vn -0.577350 -0.577350 0.577351
v 119.987991 -24.207840 10.545600
vn -0.577351 -0.577351 -0.577349
v 119.987991 -24.207840 70.545601
vn -0.577350 -0.577350 0.577351
v 119.987991 -24.207718 130.545609
vn -0.577351 -0.577351 -0.577349
v 119.987991 -24.207600 190.545609
vn -0.577350 -0.577350 0.577350
v 119.987991 -24.207600 250.545593
vn -0.577351 -0.577350 -0.577350
v 119.987991 -24.207481 310.545593
vn -0.577350 -0.577350 0.577351
v 119.987991 -24.207361 370.545593
vn -0.577351 -0.577350 -0.577349
v 119.987991 -24.207361 430.545593
vn -0.577350 -0.577350 0.577351
v 119.987991 -24.207241 490.545593
vn -0.577351 -0.577351 -0.577349
v 119.987991 -24.207121 550.545593
vn -0.577350 -0.577350 0.577350
v 119.987991 -24.207121 610.545593
vn -0.598533 -0.702973 -0.384170
v 119.987991 -24.207001 670.545593
vn -0.880694 -0.470098 -0.058185
v 59.987999 -0.207000 670.545593
vn -0.156607 -0.986423 -0.049446
v 119.987991 -24.208080 -169.454391
vn -0.577350 -0.577350 0.577350
v 119.987991 -24.208321 -289.454407
vn -0.278733 -0.262530 0.923789
v 119.987991 -24.208199 -229.454407
vn 0.557583 -0.226918 -0.798505
v -60.012001 -0.207000 670.545593
vn 0.140315 -0.988968 -0.047485
v -120.012009 -24.207121 610.545593
vn 0.598414 -0.703072 -0.384176
v -120.012009 -24.207001 670.545593
vn 0.871024 -0.487993 -0.056387
v -120.012009 -24.207121 550.545593
vn 0.577350 -0.577350 0.577350
v -120.012009 -24.207241 490.545593
vn 0.577351 -0.577351 -0.577349
v -120.012009 -24.207361 430.545593
vn 0.577350 -0.577350 0.577351
v -120.012009 -24.207361 370.545593
vn 0.577351 -0.577350 -0.577349
v -120.012009 -24.207481 310.545593
vn 0.577350 -0.577350 0.577351
v -120.012009 -24.207600 250.545593
vn 0.577351 -0.577350 -0.577350
v -120.012009 -24.207600 190.545609
vn 0.577350 -0.577350 0.577350
v -120.012009 -24.207718 130.545609
vn 0.577351 -0.577351 -0.577349
v -120.012009 -24.207840 70.545601
vn 0.577350 -0.577350 0.577351
v -120.012009 -24.207840 10.545600
vn 0.577351 -0.577351 -0.577349
v -120.012009 -24.207958 -49.454399
vn 0.577350 -0.577350 0.577351
v -120.012009 -24.208080 -109.454391
vn 0.577350 -0.577350 -0.577350
v -120.012009 -24.208080 -169.454391
vn 0.577350 -0.577350 0.577350
v -120.012009 -24.208199 -229.454407
vn -0.331703 -0.815061 -0.475025
v -120.012009 -24.208321 -289.454407
vn 0.150200 -0.854165 0.497837
v 203.988007 -24.207481 310.545593
vn -0.577350 -0.577350 0.577351
v 203.988007 -24.207361 370.545593
vn -0.577351 -0.577351 -0.577349
v 203.988007 -48.207481 310.545593
vn -0.716213 0.472268 0.513811
v 203.988007 -48.207359 370.545593
vn -0.716212 0.472268 -0.513813
v 203.988007 -24.207361 430.545593
vn -0.577350 -0.577350 0.577351
v 203.988007 -24.207241 490.545593
vn -0.577351 -0.577351 -0.577349
v 203.988007 -48.207359 430.545593
vn -0.716213 0.472268 0.513811
v 203.988007 -48.207241 490.545593
vn -0.716212 0.472268 -0.513813
v 203.988007 -24.207121 550.545593
vn -0.577350 -0.577350 0.577350
v 203.988007 -24.207121 610.545593
vn -0.577350 -0.577350 -0.577350
v 203.988007 -48.207123 550.545593
vn -0.716213 0.472268 0.513812
v 203.988007 -48.207123 610.545593
vn -0.716213 0.472268 -0.513812
v -204.011993 -24.207121 550.545593
vn 0.577350 -0.577350 0.577350
v -204.011993 -24.207121 610.545593
vn 0.577350 -0.577350 -0.577350
v -204.011993 -48.207123 550.545593
vn 0.716213 0.472268 0.513812
v -204.011993 -48.207123 610.545593
vn 0.716213 0.472268 -0.513812
v -204.011993 -24.207361 430.545593
vn 0.577350 -0.577350 0.577351
v -204.011993 -24.207241 490.545593
vn 0.577351 -0.577351 -0.577349
v -204.011993 -48.207359 430.545593
vn 0.716213 0.472268 0.513811
v -204.011993 -48.207241 490.545593
vn 0.716212 0.472268 -0.513813
v -204.011993 -24.207481 310.545593
vn 0.577350 -0.577350 0.577351
v -204.011993 -24.207361 370.545593
vn 0.577351 -0.577351 -0.577349
v -204.011993 -48.207481 310.545593
vn 0.716213 0.472268 0.513811
v -204.011993 -48.207359 370.545593
vn 0.716212 0.472268 -0.513813
v 203.988007 -24.207600 190.545609
vn -0.577350 -0.577350 0.577350
v 203.988007 -24.207600 250.545593
vn -0.577350 -0.577350 -0.577350
v 203.988007 -48.207603 190.545609
vn -0.716213 0.472268 0.513812
v 203.988007 -48.207603 250.545593
vn -0.716213 0.472268 -0.513812
v -204.011993 -24.207600 190.545609
vn 0.577350 -0.577350 0.577350
v -204.011993 -24.207600 250.545593
vn 0.577350 -0.577350 -0.577350
v -204.011993 -48.207603 190.545609
vn 0.716213 0.472268 0.513812
v -204.011993 -48.207603 250.545593
vn 0.716213 0.472268 -0.513812
v -204.011993 -24.208321 -289.454407
vn 0.577350 -0.577350 0.577351
v -204.011993 -24.208199 -229.454407
vn 0.577351 -0.577351 -0.577349
v -204.011993 -48.208321 -289.454407
vn 0.716213 0.472268 0.513811
v -204.011993 -48.208202 -229.454407
vn 0.716212 0.472268 -0.513813
v -204.011993 -24.208080 -109.454391
vn 0.577350 -0.577350 -0.577350
v -204.011993 -24.208080 -169.454391
vn 0.577350 -0.577350 0.577350
v -204.011993 -48.208084 -169.454391
vn 0.649557 0.667887 0.363320
v -204.011993 -48.208084 -109.454391
vn 0.716213 0.472268 -0.513812
v -204.011993 -24.207958 -49.454399
vn 0.577350 -0.577350 0.577351
v -204.011993 -24.207840 10.545600
vn 0.577351 -0.577351 -0.577349
v -204.011993 -48.207962 -49.454399
vn 0.716213 0.472268 0.513811
v -204.011993 -48.207840 10.545600
vn 0.716212 0.472268 -0.513813
v -204.011993 -24.207840 70.545601
vn 0.577350 -0.577350 0.577351
v -204.011993 -24.207718 130.545609
vn 0.577351 -0.577351 -0.577349
v -204.011993 -48.207840 70.545601
vn 0.716213 0.472268 0.513811
v -204.011993 -48.207722 130.545609
vn 0.716212 0.472268 -0.513813
v 203.988007 -24.207840 70.545601
vn -0.577350 -0.577350 0.577351
v 203.988007 -24.207718 130.545609
vn -0.577351 -0.577351 -0.577349
v 203.988007 -48.207840 70.545601
vn -0.716213 0.472268 0.513811
v 203.988007 -48.207722 130.545609
vn -0.716212 0.472268 -0.513813
v 203.988007 -24.207958 -49.454399
vn -0.577350 -0.577350 0.577351
v 203.988007 -24.207840 10.545600
vn -0.577351 -0.577351 -0.577349
v 203.988007 -48.207962 -49.454399
vn -0.716213 0.472268 0.513811
v 203.988007 -48.207840 10.545600
vn -0.716212 0.472268 -0.513813
v 203.988007 -24.208080 -109.454391
vn -0.577350 -0.577350 -0.577350
v 203.988007 -24.208080 -169.454391
vn -0.577350 -0.577350 0.577350
v 203.988007 -48.208084 -169.454391
vn -0.716213 0.472268 0.513812
v 203.988007 -48.208084 -109.454391
vn -0.716213 0.472268 -0.513812
v 203.988007 -24.208321 -289.454407
vn -0.577350 -0.577350 0.577351
v 203.988007 -24.208199 -229.454407
vn -0.577351 -0.577351 -0.577349
v 203.988007 -48.208321 -289.454407
vn -0.716213 0.472268 0.513811
v 203.988007 -48.208202 -229.454407
vn -0.716212 0.472268 -0.513813
v 94.824600 -119.043594 670.545593
vn -0.724245 0.686954 -0.059683
v -94.848602 -119.043594 670.545593
vn 0.724351 0.686801 -0.060168
v -0.011988 -151.047607 670.545593
vn -0.000098 0.998012 -0.063027
v 0.000000 -68.762520 1030.384766
vn -0.000000 -0.049830 -0.998758
v 69.999962 -73.866600 970.528809
vn -0.804554 0.021110 -0.593504
v 69.999962 -38.866558 970.528809
vn -0.828646 -0.008335 -0.559711
v 35.000042 -24.866642 970.528809
vn -0.134906 -0.667484 -0.732302
v -35.000042 -24.866642 970.528809
vn 0.022026 -0.700784 -0.713034
v -69.999962 -38.866558 970.528809
vn 0.678302 -0.409941 -0.609799
v -69.999962 -73.866600 970.528809
vn 0.803401 0.020623 -0.595080
v -35.000042 -108.866638 970.528809
vn 0.364187 0.583102 -0.726196
v 35.000042 -108.866638 970.528809
vn -0.272704 0.737411 -0.617946
v 49.350002 -73.825806 1000.456787
vn -0.644672 0.285942 -0.708968
v 49.350002 -49.150803 1000.456787
vn -0.530527 -0.389228 -0.753022
v 24.675001 -39.280800 1000.456787
vn -0.137720 -0.796618 -0.588586
v -24.675001 -39.280800 1000.456787
vn 0.138953 -0.796236 -0.588813
v -49.350002 -49.150803 1000.456787
vn 0.514211 -0.470221 -0.717272
v -49.350002 -73.825806 1000.456787
vn 0.644672 0.285942 -0.708968
v -24.675001 -98.500793 1000.456787
vn 0.335804 0.744582 -0.576918
v 24.675001 -98.500793 1000.456787
vn -0.306155 0.780774 -0.544666
v 52.395119 -95.321884 974.044800
vn -0.530214 0.650065 -0.544324
v 47.505119 -28.036921 973.456787
vn -0.245613 -0.813544 -0.527086
v 92.560562 -5.764800 669.746399
vn -0.419638 -0.906290 -0.050418
v -47.505119 -28.036921 973.456787
vn 0.308827 -0.775886 -0.550115
v -92.560562 -5.764800 669.746399
vn 0.387133 -0.920863 -0.046253
v -52.395119 -95.321884 974.044800
vn 0.529924 0.649187 -0.545652
v 0.000000 -113.625000 973.360840
vn -0.055393 0.846886 -0.528882
v 0.000000 -21.398041 973.060791
vn 0.039833 -0.840484 -0.540370
v 0.000000 6.886680 671.220032
vn -0.003318 -0.998894 -0.046903
v 60.000000 -154.973999 -1169.628052
vn -0.188665 0.691122 0.697679
v 73.300316 -130.921204 -1179.359985
vn -0.432945 0.272266 0.859320
v -73.300316 -130.921204 -1179.359985
vn 0.439977 0.271768 0.855899
v -60.000000 -154.973999 -1169.628052
vn 0.174411 0.721289 0.670316
v -60.000000 -0.221400 -1166.531982
vn 0.074397 -0.932623 0.353099
v -76.678322 -6.892800 -1177.488037
vn 0.240855 -0.040782 0.969704
v -79.098839 -2.767920 -1180.656006
vn 0.111564 -0.636907 0.762826
v 60.000000 -0.221400 -1166.531982
vn -0.288936 -0.795799 0.532184
v 79.098839 -2.767920 -1180.656006
vn -0.414901 0.230018 0.880312
v 76.678322 -6.892800 -1177.488037
vn -0.328015 0.365159 0.871244
v 0.000000 7.866600 -1166.531982
vn -0.000000 -0.922618 0.385715
v -39.796799 -124.017593 -1186.728027
vn 0.091291 0.234716 0.967768
v 39.796799 -124.017593 -1186.728027
vn -0.083906 0.234476 0.968494
v 39.796799 -17.883961 -1186.728027
vn -0.154090 -0.001958 0.988055
v 0.000000 -12.519360 -1186.728027
vn -0.000000 -0.302553 0.953133
v -39.796799 -17.883961 -1186.728027
vn 0.055965 -0.328034 0.943007
v -16.799999 -0.220680 -613.466431
vn 0.914460 -0.099003 -0.392379
v -31.199999 -0.220920 -770.509155
vn 0.932500 -0.327448 -0.152387
v 16.799999 131.779205 -1017.292786
vn -0.746740 -0.573761 0.336419
v 16.799999 -0.221400 -1129.463989
vn -0.724189 0.041381 0.688359
v 63.146881 -0.640800 -1017.292786
vn -0.737768 0.648433 0.187702
v 60.000000 -0.221280 -1024.018799
vn -0.887638 0.208391 0.410697
v 16.799999 131.779205 -927.553162
vn -0.812273 -0.561687 -0.157227
v 63.168240 -0.701880 -927.553162
vn -0.932091 0.334424 -0.139168
v 60.000000 -0.221160 -913.060791
vn -0.902360 -0.384605 -0.194490
v 31.199999 -0.220920 -770.509155
vn -0.932145 -0.328384 -0.152543
v 16.799999 -0.220680 -613.466431
vn -0.934186 -0.069504 -0.349952
v -16.799999 131.779205 -1017.292786
vn 0.738322 -0.581202 0.342177
v -16.799999 -0.221400 -1129.463989
vn 0.775634 0.175789 0.606210
v -63.146881 -0.640800 -1017.292786
vn 0.917466 0.284401 0.278159
v -60.000000 -0.221280 -1024.018799
vn 0.877511 0.276081 0.392115
v -16.799999 131.779205 -927.553162
vn 0.800590 -0.576825 -0.162263
v -63.168240 -0.701880 -927.553162
vn 0.932090 0.334424 -0.139168
v -60.000000 -0.221160 -913.060791
vn 0.976850 -0.037874 -0.210546
v 0.000000 -0.077400 -1135.656006
vn -0.018735 0.930716 0.365262
v 0.000000 137.275208 -1017.292786
vn -0.018631 -0.906967 0.420789
v 0.000000 137.275208 -927.553162
vn -0.036212 -0.978423 -0.203414
v 0.000000 -0.076680 -607.274414
vn -0.038646 0.971966 -0.231922
v 419.666382 -144.954010 -1147.403931
vn -0.110271 0.934464 0.338552
v 422.224792 -139.328400 -1153.307983
vn -0.244815 0.468024 0.849128
v 237.243591 -76.321198 -1123.788086
vn 0.676236 0.670533 0.305107
v 238.173584 -70.290482 -1129.452026
vn 0.610687 0.178355 0.771525
v 423.332397 -136.891205 -1153.176025
vn -0.757303 0.010273 0.652983
v 425.889587 -131.264404 -1146.708008
vn -0.973547 -0.113800 0.198131
v 239.331604 -59.664841 -1128.552002
vn 0.666373 -0.367395 0.648820
v 239.551208 -53.347679 -1121.880005
vn 0.768739 -0.570301 0.289476
v 425.889587 -131.264404 -1058.744385
vn -0.982069 -0.050704 -0.181573
v 423.364807 -136.819199 -1053.578369
vn -0.883977 0.256980 -0.390572
v 230.866791 -73.921799 -973.580383
vn 0.761691 0.624625 -0.172252
v 229.927216 -68.067596 -965.231934
vn 0.810023 0.418074 -0.411189
v 419.666382 -144.954010 -1061.259644
vn -0.484955 0.850388 -0.204105
v 422.192413 -139.399200 -1054.052368
vn -0.735559 0.568269 -0.368814
v 228.055206 -48.540722 -963.975586
vn 0.819433 -0.542981 -0.183581
v 228.284409 -54.108360 -959.974854
vn 0.836833 0.031387 -0.546558
v -419.666382 -144.954010 -1147.403931
vn 0.110501 0.934435 0.338556
v -422.224792 -139.328400 -1153.307983
vn 0.245036 0.468041 0.849055
v -423.332397 -136.891205 -1153.176025
vn 0.757174 0.010231 0.653133
v -425.889587 -131.264404 -1146.708008
vn 0.973528 -0.113854 0.198193
v -238.173584 -70.290482 -1129.452026
vn -0.228256 0.287086 0.930312
v -237.243591 -76.321198 -1123.788086
vn -0.367863 0.845208 0.387685
v -239.331604 -59.664841 -1128.552002
vn 0.060673 -0.432335 0.899670
v -239.551208 -53.347679 -1121.880005
vn 0.317764 -0.875747 0.363446
v -425.889587 -131.264404 -1058.744385
vn 0.982169 -0.050445 -0.181108
v -423.364807 -136.819199 -1053.578369
vn 0.884177 0.257072 -0.390058
v -419.666382 -144.954010 -1061.259644
vn 0.474118 0.859789 -0.189674
v -422.192413 -139.399200 -1054.052368
vn 0.731703 0.578649 -0.360243
v -230.866791 -73.921799 -973.580383
vn -0.209644 0.929976 -0.301983
v -229.927216 -68.067596 -965.231934
vn 0.139156 0.600875 -0.787137
v -228.055206 -48.540722 -963.975586
vn 0.504771 -0.780789 -0.368204
v -228.284409 -54.108360 -959.974854
vn 0.468193 -0.112402 -0.876448
v 535.739990 -233.362793 -1188.228027
vn -0.890330 -0.237095 -0.388714
v 439.995605 -196.399200 -1154.075928
vn 0.427949 -0.633196 -0.644920
v 528.979187 -229.893616 -1211.004028
vn -0.559185 -0.394346 0.729249
v 433.236023 -192.929993 -1176.852051
vn 0.445448 -0.827176 0.342573
v 530.460022 -244.978790 -1188.228027
vn -0.493437 0.779601 -0.385671
v 437.185181 -202.581604 -1154.075928
vn 0.509723 0.416269 -0.752930
v 523.550415 -241.838409 -1211.004028
vn -0.142252 0.619956 0.771634
v 430.441162 -202.765198 -1172.268066
vn 0.983955 0.132100 -0.119923
v 430.276794 -199.441193 -1176.852051
vn 0.804223 0.193685 0.561882
v 438.062378 -208.923584 -1160.927979
vn 0.450735 0.843568 -0.291945
v 521.989197 -247.072784 -1191.660034
vn 0.070705 0.982752 -0.170878
v 518.195984 -245.348389 -1204.151978
vn 0.226365 0.911967 0.342162
v 434.268005 -207.199188 -1173.432007
vn 0.645710 0.722906 0.245897
v 472.460388 -124.978798 -1154.075928
vn 0.758411 0.094210 -0.644932
v 563.264404 -172.808395 -1188.228027
vn -0.646694 0.748967 -0.144342
v 465.400818 -122.166000 -1176.852051
vn 0.916117 0.208614 0.342360
v 556.205994 -169.996796 -1211.004028
vn -0.070543 0.680522 0.729324
v 568.544434 -161.193604 -1188.228027
vn -0.884696 -0.218621 -0.411725
v 475.269592 -118.795921 -1154.075928
vn 0.142076 -0.620066 -0.771578
v 561.634766 -158.053192 -1211.004028
vn -0.418463 -0.374725 0.827327
v 563.764771 -156.664795 -1206.911987
vn -0.913837 -0.125829 0.386095
v 468.361206 -115.655396 -1176.852051
vn 0.383107 -0.732978 0.562115
v 470.973572 -113.593079 -1172.268066
vn 0.621860 -0.770186 -0.141790
v 564.552002 -153.434387 -1191.660034
vn -0.631378 -0.752572 -0.187075
v 480.625214 -115.285919 -1160.927979
vn -0.226568 -0.911986 -0.341978
v 476.830811 -113.561646 -1173.432007
vn -0.029567 -0.973183 0.228125
v 560.758789 -151.709991 -1204.151978
vn -0.510780 -0.777453 0.366976
v 536.369995 -231.976807 -1236.228027
vn -0.890329 -0.237082 -0.388723
v 440.626770 -195.011993 -1202.075928
vn 0.427962 -0.633204 -0.644904
v 529.610413 -228.507599 -1259.004028
vn -0.559195 -0.394355 0.729236
v 433.865967 -191.542801 -1224.852051
vn 0.445456 -0.827157 0.342606
v 530.460022 -244.978790 -1236.228027
vn -0.493432 0.779604 -0.385670
v 437.185181 -202.581604 -1202.075928
vn 0.516005 0.405572 -0.754486
v 523.550415 -241.838409 -1259.004028
vn -0.142256 0.619950 0.771638
v 430.501190 -202.536011 -1220.387939
vn 0.983917 0.121098 -0.131308
v 430.276794 -199.441193 -1224.852051
vn 0.811545 0.192347 0.551722
v 438.062378 -208.923584 -1208.927979
vn 0.460043 0.836884 -0.296625
v 521.989197 -247.072784 -1239.660034
vn 0.070705 0.982752 -0.170878
v 518.195984 -245.348389 -1252.151978
vn 0.226365 0.911967 0.342162
v 434.268005 -207.199188 -1221.432007
vn 0.657624 0.715813 0.234824
v 471.829193 -126.366005 -1202.075928
vn 0.758420 0.094157 -0.644929
v 562.634399 -174.195602 -1236.228027
vn -0.646698 0.748944 -0.144446
v 464.770813 -123.553192 -1224.852051
vn 0.916108 0.208599 0.342392
v 555.574829 -171.384003 -1259.004028
vn -0.070594 0.680650 0.729199
v 568.544434 -161.193604 -1236.228027
vn -0.887640 -0.211776 -0.408958
v 475.269592 -118.796036 -1202.075928
vn 0.142050 -0.620086 -0.771566
v 561.634766 -158.053192 -1259.004028
vn -0.427073 -0.371672 0.824299
v 563.658020 -156.799194 -1255.031982
vn -0.917194 -0.116364 0.381069
v 468.361206 -115.655525 -1224.852051
vn 0.388962 -0.737632 0.551913
v 470.840393 -113.789635 -1220.387939
vn 0.622282 -0.768226 -0.150314
v 564.552002 -153.434387 -1239.660034
vn -0.637392 -0.747912 -0.185361
v 480.625214 -115.286041 -1208.927979
vn -0.226571 -0.911984 -0.341980
v 476.830811 -113.561646 -1221.432007
vn -0.025117 -0.975434 0.218855
v 560.758789 -151.709991 -1252.151978
vn -0.521236 -0.771051 0.365777
v 489.110413 -224.171997 -913.466431
vn -0.743057 -0.298764 -0.598837
v 492.105591 -217.582809 -1141.463989
vn -0.759455 -0.305357 0.574444
v 436.300781 -195.357605 -1141.463989
vn 0.310441 -0.770945 0.556120
v 487.927185 -226.774796 -913.466431
vn -0.526672 0.771521 -0.356891
v 480.982819 -229.028381 -913.466431
vn -0.006483 0.668777 -0.743434
v 433.305603 -201.946793 -913.466431
vn 0.586803 0.093242 -0.804343
v 487.927185 -226.776001 -1141.463989
vn -0.346311 0.712634 0.610099
v 431.119202 -206.756409 -1136.052002
vn 0.780141 0.532247 0.328775
v 433.305603 -201.946793 -1141.463989
vn 0.509275 0.293967 0.808840
v 435.992371 -209.112000 -918.877197
vn 0.408110 0.877247 -0.252752
v 480.761993 -229.462799 -918.877197
vn 0.013364 0.975713 -0.218645
v 480.761993 -229.462799 -1136.052002
vn 0.135924 0.953057 0.270569
v 435.992371 -209.113190 -1136.052002
vn 0.392818 0.837496 0.379861
v 525.679199 -143.720398 -913.466431
vn -0.263480 0.756290 -0.598835
v 469.245605 -122.878799 -1141.463989
vn 0.784984 0.272995 0.556124
v 522.683960 -150.310791 -1141.463989
vn -0.269294 0.772979 0.574442
v 526.862427 -141.117599 -913.466431
vn -0.927599 -0.110517 -0.356856
v 523.994385 -134.403595 -913.466431
vn -0.607953 -0.593719 -0.527153
v 472.240814 -116.289001 -913.466431
vn 0.593969 -0.622131 -0.510053
v 526.862427 -141.117599 -1141.463989
vn -0.764612 -0.207689 0.610110
v 472.240814 -116.289246 -1141.463989
vn 0.113343 -0.577007 0.808836
v 474.427185 -111.479996 -1136.052002
vn 0.418837 -0.857689 0.298236
v 524.175598 -133.951202 -918.877197
vn -0.722468 -0.690171 -0.041279
v 479.406006 -113.601959 -918.877197
vn -0.169847 -0.984949 -0.032055
v 479.406006 -113.602203 -1136.052002
vn -0.181363 -0.898022 0.400829
v 524.175598 -133.952393 -1136.052002
vn -0.628655 -0.729097 0.270576
v 535.270813 -161.423996 -1370.976074
vn 0.654027 -0.417438 0.630868
v 532.283997 -163.313995 -1368.036011
vn 0.732182 0.427993 0.529841
v 555.720032 -175.428009 -1370.364014
vn -0.004055 0.917770 0.397091
v 720.871216 -43.973518 -1322.280029
vn 0.203115 -0.948289 -0.243912
v 561.003601 -171.720001 -1190.256104
vn -0.274947 0.838238 -0.470916
v 538.063232 -159.656403 -1182.192017
vn 0.637265 -0.437394 -0.634492
v 728.260803 -54.370682 -1323.816040
vn -0.852572 0.402518 -0.333316
v 746.440796 -41.615879 -1412.723999
vn -0.771419 0.565283 0.292179
v 739.959595 -31.894321 -1412.723999
vn 0.299609 -0.926020 0.229611
v 723.397217 -46.827839 -1319.411987
vn -0.388616 -0.620493 -0.681150
v 726.285583 -51.159958 -1319.411987
vn -0.738392 -0.077606 -0.669891
v 560.410828 -167.540405 -1187.592041
vn -0.452327 0.226440 -0.862627
v 545.244019 -159.565201 -1182.264038
vn -0.191929 -0.223585 -0.955601
v 743.197205 -34.298641 -1416.791992
vn -0.006859 -0.515168 0.857062
v 539.679626 -163.087204 -1372.968018
vn 0.438459 0.181013 0.880334
v 555.270020 -171.146408 -1374.515991
vn 0.093079 0.516024 0.851502
v 745.466431 -37.702202 -1416.791992
vn -0.477349 0.191101 0.857682
v 747.752380 -36.099720 -1413.816040
vn -0.964500 -0.136743 0.225924
v 729.615601 -48.824638 -1325.112061
vn -0.899517 -0.186292 -0.395178
v 726.833984 -44.652481 -1325.112061
vn -0.538856 -0.740285 -0.402010
v 745.556396 -32.805122 -1413.816040
vn -0.497278 -0.837664 0.225907
v -532.283997 -163.313995 -1368.036011
vn -0.818917 0.077357 0.568675
v -555.720032 -175.428009 -1370.364014
vn 0.004725 0.918201 0.396086
v -561.003601 -171.720001 -1190.256104
vn 0.275287 0.826994 -0.490202
v -538.063232 -159.656403 -1182.192017
vn -0.571767 -0.125653 -0.810737
v -721.193970 -43.769520 -1323.816040
vn -0.043630 -0.941803 -0.333322
v -739.959595 -31.894321 -1412.723999
vn -0.225120 -0.929512 0.292111
v -746.440796 -41.615879 -1412.723999
vn 0.771556 0.565629 0.291145
v -728.260803 -54.370682 -1323.816040
vn 0.854120 0.387681 -0.346673
v -747.752380 -36.099720 -1413.816040
vn 0.964497 -0.136726 0.225948
v -745.556396 -32.805122 -1413.816040
vn 0.497197 -0.837710 0.225912
v -726.833984 -44.652481 -1325.112061
vn 0.517941 -0.758665 -0.395176
v -729.615601 -48.824638 -1325.112061
vn 0.899521 -0.186264 -0.395180
v -723.397217 -46.827839 -1319.411987
vn 0.355587 -0.651792 -0.669869
v -545.244019 -159.565201 -1182.264038
vn 0.173163 -0.241217 -0.954897
v -560.410828 -167.540405 -1187.592041
vn 0.445743 0.201301 -0.872233
v -726.285583 -51.159958 -1319.411987
vn 0.730530 -0.093431 -0.676458
v -555.270020 -171.146408 -1374.515991
vn -0.092324 0.517131 0.850913
v -539.679626 -163.087204 -1372.968018
vn -0.406004 0.091166 0.909313
v -743.197205 -34.298641 -1416.791992
vn 0.007185 -0.514186 0.857648
v -745.466431 -37.702202 -1416.791992
vn 0.478160 0.191805 0.857073
v -470.507996 -120.102005 -781.939209
vn 0.168934 0.530863 -0.830449
v -512.151611 -144.033600 -781.797607
vn 0.129022 0.608986 -0.782617
v -470.507996 -120.102005 -889.466431
vn 0.245826 0.764034 -0.596508
v -574.713623 -179.985596 -889.466431
vn 0.337874 0.538920 -0.771626
v -435.038391 -198.133209 -781.939209
vn 0.511044 -0.221773 -0.830452
v -435.038391 -198.133209 -889.466431
vn 0.737282 -0.317156 -0.596513
v -548.676025 -237.269989 -889.466431
vn 0.696143 0.021812 -0.717572
v -480.451233 -213.774017 -781.797607
vn 0.543667 -0.303232 -0.782609
v -476.047211 -223.462799 -781.797607
vn 0.311445 0.441446 -0.841503
v -516.555603 -134.343597 -781.797607
vn 0.537376 -0.055605 -0.841508
v -425.998810 -188.894409 -901.856445
vn -0.999678 -0.022094 0.012494
v -456.657593 -121.444809 -973.785645
vn -0.660239 -0.738388 -0.137360
v -457.601990 -119.365799 -901.856445
vn -0.673951 -0.738671 0.012492
v -426.943237 -186.815994 -973.785645
vn -0.990449 -0.011927 -0.137362
v -434.383209 -112.577286 -1045.785645
vn -0.660239 -0.738388 -0.137359
v -405.616791 -175.864807 -1045.785645
vn -0.990449 -0.011935 -0.137359
v -432.966003 -115.695602 -1153.679932
vn -0.658490 -0.734939 0.162037
v -407.033997 -172.747208 -1153.679932
vn -0.986702 -0.012878 0.162031
v -453.350403 -128.720398 -1225.536011
vn -0.536552 -0.679913 0.499831
v -430.250366 -179.540405 -1225.536011
vn -0.865073 0.042893 0.499808
v -484.871979 -146.180389 -1261.391968
vn -0.561024 -0.695595 0.448775
v -464.130005 -191.809204 -1261.391968
vn -0.892825 0.037287 0.448857
v -493.027222 -209.767212 -1381.176025
vn -0.585325 0.598531 0.546951
v -487.977600 -197.217590 -1381.211914
vn -0.798104 -0.011888 0.602402
v -504.625214 -160.591202 -1381.211914
vn -0.407538 -0.449647 0.794815
v -517.401611 -156.142792 -1381.176025
vn 0.038549 -0.494060 0.868573
v -557.948425 -187.957199 -1381.031982
vn 0.510673 0.023866 0.859444
v -553.283997 -174.557999 -1381.055908
vn 0.389480 -0.336603 0.857324
v -530.494812 -224.694000 -1381.055908
vn 0.002353 0.663130 0.748501
v -543.656372 -219.398392 -1381.031982
vn 0.353788 0.369065 0.859433
v -552.272400 -229.377594 -1189.187988
vn 0.657004 0.712330 0.246843
v -571.132812 -187.886398 -1189.187988
vn 0.968684 0.026606 0.246865
v -573.914368 -239.635208 -1141.164062
vn 0.661670 0.717007 0.219304
v -593.091614 -197.446793 -1141.164062
vn 0.975279 0.027070 0.219311
v -593.878784 -195.713989 -1081.218018
vn 0.942342 -0.012329 -0.334423
v -573.127197 -241.366791 -1081.218018
vn 0.610326 0.718096 -0.334426
v -550.540771 -233.187607 -1057.312744
vn 0.612373 0.718374 -0.330056
v -572.864380 -184.075195 -1057.312744
vn 0.943716 0.057665 -0.325691
v -574.394409 -167.582397 -881.336426
vn 0.749879 0.490963 -0.443436
v -575.067566 -179.223602 -889.474854
vn 0.871457 0.301581 -0.386798
v -548.329224 -238.035599 -889.466431
vn 0.770873 0.375211 -0.514754
v -548.335205 -238.037994 -889.478394
vn 0.773976 0.583561 -0.245801
v -539.120422 -245.183990 -881.336426
vn 0.824976 0.321739 -0.464649
v -424.423187 -192.358795 -781.975159
vn -0.421565 -0.010392 -0.906739
v -429.472778 -204.909607 -781.946411
vn -0.076154 0.284038 -0.955784
v -429.950409 -199.225204 -781.951172
vn -0.002752 -0.001167 -0.999996
v -467.984375 -115.550751 -781.951172
vn -0.002689 -0.001307 -0.999996
v -459.177612 -115.901031 -781.975159
vn -0.285013 -0.310792 -0.906739
v -471.953979 -111.453354 -781.946411
vn -0.109149 -0.549913 -0.828059
v -431.048401 -201.445190 -901.842041
vn -0.808774 0.587472 0.027596
v -432.014404 -199.320007 -975.358765
vn -0.777320 0.600714 -0.186859
v -410.686798 -188.369995 -1047.358765
vn -0.790842 0.609570 -0.054718
v -412.063202 -185.343597 -1152.072021
vn -0.634319 0.768932 0.079891
v -434.083191 -191.786392 -1220.231934
vn -0.713241 0.637577 0.291175
v -468.399597 -204.213593 -1256.555908
vn -0.725126 0.637235 0.261006
v -539.210388 -234.801590 -1186.596069
vn 0.109979 0.982248 0.151963
v -560.722778 -244.998001 -1138.859985
vn 0.110716 0.984384 0.136860
v -560.018433 -246.545990 -1085.293213
vn 0.070837 0.985687 -0.152984
v -537.432007 -238.366791 -1061.387939
vn 0.296021 0.927828 -0.226952
v -568.147217 -170.793594 -1061.387939
vn 0.935581 -0.266085 -0.232136
v -589.161621 -182.432404 -1085.293213
vn 0.789232 -0.594739 -0.152966
v -588.457214 -183.981598 -1138.859985
vn 0.814455 -0.563850 0.136883
v -566.629211 -174.477600 -1186.596069
vn 0.812350 -0.563015 0.151992
v -497.023193 -141.240005 -1256.555908
vn 0.000004 -0.965144 0.261719
v -465.097168 -123.556801 -1220.231934
vn 0.011276 -0.956583 0.291242
v -445.762817 -111.202316 -1152.072021
vn 0.162245 -0.983511 0.079894
v -447.139221 -108.175804 -1047.358765
vn -0.060714 -0.996655 -0.054712
v -469.412384 -117.043320 -975.358765
vn -0.428958 -0.901479 -0.057712
v -470.378418 -114.918594 -901.842041
vn -0.436956 -0.899255 0.020249
v -525.679199 -143.720398 -913.466431
vn 0.263453 0.756309 -0.598823
v -469.245605 -122.878799 -1141.463989
vn -0.784985 0.273021 0.556110
v -522.683960 -150.310791 -1141.463989
vn 0.269266 0.772998 0.574430
v -523.994385 -134.403595 -913.466431
vn 0.508166 -0.434862 -0.743413
v -526.862427 -141.117599 -913.466431
vn 0.927603 -0.110478 -0.356859
v -472.240814 -116.289001 -913.466431
vn -0.568991 -0.440963 -0.694119
v -526.862427 -141.117599 -1141.463989
vn 0.764618 -0.207651 0.610115
v -472.240814 -116.289246 -1141.463989
vn -0.346282 -0.712637 0.610113
v -524.175598 -133.951202 -918.877197
vn 0.726340 -0.651644 -0.218611
v -524.175598 -133.952393 -1136.052002
vn 0.628664 -0.729089 0.270576
v -479.406006 -113.602203 -1136.052002
vn 0.135963 -0.953050 0.270572
v -479.406006 -113.601959 -918.877197
vn 0.135948 -0.953042 -0.270607
v -489.110413 -224.171997 -913.466431
vn 0.743057 -0.298795 -0.598822
v -492.105591 -217.582809 -1141.463989
vn 0.759453 -0.305388 0.574429
v -436.300781 -195.357605 -1141.463989
vn -0.310443 -0.770949 0.556113
v -487.927185 -226.774796 -913.466431
vn 0.526648 0.771535 -0.356899
v -480.982819 -229.028381 -913.466431
vn -0.047590 0.848412 -0.527193
v -433.305603 -201.946793 -913.466431
vn -0.859278 -0.038472 -0.510060
v -487.927185 -226.776001 -1141.463989
vn 0.346289 0.712611 0.610139
v -433.305603 -201.946793 -1141.463989
vn -0.764599 0.207656 0.610137
v -435.992371 -209.112000 -918.877197
vn -0.630415 0.775596 -0.032059
v -435.992371 -209.113190 -1136.052002
vn -0.628656 0.729085 0.270604
v -480.761993 -229.462799 -1136.052002
vn -0.135971 0.953040 0.270604
v -480.761993 -229.462799 -918.877197
vn -0.044970 0.998134 -0.041314
v -471.829193 -126.366005 -1202.075928
vn -0.582517 0.354053 -0.731656
v -562.634399 -174.195602 -1236.228027
vn 0.406792 0.826683 -0.388735
v -464.770813 -123.553192 -1224.852051
vn -0.916178 0.208355 0.342354
v -555.574829 -171.384003 -1259.004028
vn 0.070581 0.680614 0.729234
v -568.544434 -161.193604 -1236.228027
vn 0.911812 -0.140829 -0.385701
v -475.269592 -118.796036 -1202.075928
vn -0.142111 -0.620037 -0.771595
v -561.634766 -158.053192 -1259.004028
vn 0.560605 -0.300453 0.771654
v -468.361206 -115.655525 -1224.852051
vn -0.493285 -0.779635 0.385796
v -564.552002 -153.434387 -1239.660034
vn 0.693940 -0.699457 -0.170899
v -560.758789 -151.709991 -1252.151978
vn 0.538233 -0.770197 0.342201
v -476.830811 -113.561646 -1221.432007
vn 0.070841 -0.982722 0.170997
v -480.625214 -115.286041 -1208.927979
vn 0.226514 -0.911963 -0.342074
v -536.369995 -231.976807 -1236.228027
vn 0.890332 -0.237083 -0.388715
v -440.626770 -195.011993 -1202.075928
vn -0.116234 -0.671748 -0.731604
v -529.610413 -228.507599 -1259.004028
vn 0.559184 -0.394322 0.729262
v -433.865967 -191.542801 -1224.852051
vn -0.445389 -0.827294 0.342363
v -530.460022 -244.978790 -1236.228027
vn 0.493191 0.779743 -0.385699
v -437.185181 -202.581604 -1202.075928
vn -0.560600 0.300726 -0.771551
v -523.550415 -241.838409 -1259.004028
vn 0.142047 0.619794 0.771802
v -430.276794 -199.441193 -1224.852051
vn -0.911678 0.140811 0.386024
v -438.062378 -208.923584 -1208.927979
vn -0.538112 0.770385 -0.341968
v -434.268005 -207.199188 -1221.432007
vn -0.693833 0.699478 0.171249
v -518.195984 -245.348389 -1252.151978
vn -0.226589 0.911828 0.342385
v -521.989197 -247.072784 -1239.660034
vn -0.070970 0.982736 -0.170862
v -472.460388 -124.978798 -1154.075928
vn -0.758477 0.093920 -0.644897
v -563.264404 -172.808395 -1188.228027
vn 0.406793 0.826688 -0.388724
v -465.400818 -122.166000 -1176.852051
vn -0.916104 0.208248 0.342616
v -556.205994 -169.996796 -1211.004028
vn 0.070566 0.680622 0.729228
v -568.544434 -161.193604 -1188.228027
vn 0.911813 -0.140828 -0.385701
v -475.269592 -118.795921 -1154.075928
vn -0.021502 -0.657725 -0.752952
v -561.634766 -158.053192 -1211.004028
vn 0.560603 -0.300440 0.771661
v -470.973572 -113.593079 -1172.268066
vn -0.547433 -0.828226 -0.119827
v -468.361206 -115.655396 -1176.852051
vn -0.382846 -0.733229 0.561965
v -564.552002 -153.434387 -1191.660034
vn 0.693941 -0.699458 -0.170896
v -560.758789 -151.709991 -1204.151978
vn 0.538232 -0.770196 0.342204
v -476.830811 -113.561646 -1173.432007
vn 0.120120 -0.961800 0.245993
v -480.625214 -115.285919 -1160.927979
vn 0.339234 -0.894260 -0.291922
v -535.739990 -233.362793 -1188.228027
vn 0.890324 -0.237116 -0.388715
v -439.995605 -196.399200 -1154.075928
vn -0.116249 -0.671725 -0.731623
v -528.979187 -229.893616 -1211.004028
vn 0.559194 -0.394362 0.729233
v -433.236023 -192.929993 -1176.852051
vn -0.445407 -0.827287 0.342357
v -530.460022 -244.978790 -1188.228027
vn 0.493209 0.779729 -0.385704
v -437.185181 -202.581604 -1154.075928
vn -0.560603 0.300742 -0.771543
v -523.550415 -241.838409 -1211.004028
vn 0.142063 0.619775 0.771814
v -430.276794 -199.441193 -1176.852051
vn -0.911678 0.140823 0.386021
v -438.062378 -208.923584 -1160.927979
vn -0.538112 0.770385 -0.341968
v -434.268005 -207.199188 -1173.432007
vn -0.693833 0.699478 0.171249
v -518.195984 -245.348389 -1204.151978
vn -0.226589 0.911828 0.342385
v -521.989197 -247.072784 -1191.660034
vn -0.070970 0.982736 -0.170862
v 146.778000 47.060040 -613.939209
vn -0.530750 -0.168849 -0.830539
v 146.778000 47.059921 -721.466431
vn -0.764032 -0.245830 -0.596509
v 170.709595 88.704002 -613.797607
vn -0.608986 -0.129023 -0.782617
v 206.661591 151.266006 -721.466431
vn -0.548866 -0.354530 -0.757004
v 224.809204 11.591280 -613.939209
vn 0.221767 -0.510907 -0.830538
v 224.809204 11.591160 -721.466431
vn 0.317155 -0.737284 -0.596511
v 263.946014 125.228409 -721.466431
vn -0.022587 -0.695272 -0.718391
v 240.450012 57.003838 -613.797607
vn 0.303222 -0.543669 -0.782612
v 250.138794 52.599598 -613.797607
vn -0.441376 -0.311484 -0.841526
v 161.019592 93.108002 -613.797607
vn 0.055530 -0.537347 -0.841531
v 215.570389 2.550720 -733.856445
vn 0.022082 0.999678 0.012495
v 146.041199 34.154762 -733.856445
vn 0.738676 0.673945 0.012496
v 148.120804 33.209759 -805.785645
vn 0.738387 0.660239 -0.137362
v 213.492004 3.495480 -805.785645
vn 0.011926 0.990449 -0.137361
v 139.252792 10.935840 -877.785645
vn 0.738384 0.660243 -0.137364
v 202.540802 -17.831520 -877.785645
vn 0.011920 0.990449 -0.137362
v 142.371597 9.518280 -985.678833
vn 0.734928 0.658502 0.162037
v 199.423218 -16.414320 -985.678833
vn 0.012873 0.986701 0.162035
v 155.396408 29.902319 -1057.537109
vn 0.679965 0.536507 0.499808
v 206.216400 6.802320 -1057.537109
vn -0.042910 0.865075 0.499803
v 172.855194 61.423199 -1093.395630
vn 0.697212 0.558948 0.448858
v 218.485199 40.682400 -1093.395630
vn -0.034759 0.892983 0.448746
v 223.892395 64.528801 -1213.199951
vn 0.016066 0.798559 0.601702
v 236.443207 69.578400 -1213.176025
vn -0.595175 0.587638 0.548131
v 182.818802 93.954002 -1213.176025
vn 0.494691 -0.040531 0.868123
v 187.266006 81.177597 -1213.199951
vn 0.450947 0.405435 0.795153
v 201.234009 129.835205 -1213.055908
vn 0.336325 -0.389422 0.857459
v 214.631989 134.499603 -1213.031982
vn -0.023888 -0.510691 0.859433
v 251.368790 107.047195 -1213.055908
vn -0.663127 -0.002386 0.748503
v 246.073196 120.208801 -1213.031982
vn -0.369052 -0.353785 0.859439
v 256.052399 128.824799 -1021.183228
vn -0.712273 -0.657050 0.246886
v 214.561203 147.684006 -1021.183228
vn -0.026679 -0.968683 0.246862
v 266.311218 150.466797 -973.159241
vn -0.716954 -0.661718 0.219331
v 224.122803 169.642792 -973.159241
vn -0.027131 -0.975275 0.219323
v 222.389984 170.431198 -913.219238
vn 0.012334 -0.942350 -0.334403
v 268.042816 149.679596 -913.219238
vn -0.718095 -0.610334 -0.334414
v 259.863586 127.093201 -889.312744
vn -0.673118 -0.663957 -0.325688
v 210.751190 149.416794 -889.312744
vn 0.011016 -0.943904 -0.330037
v 205.898392 151.617599 -721.472412
vn -0.264015 -0.879688 -0.395532
v 194.258392 150.946808 -713.336365
vn -0.444546 -0.767866 -0.461260
v 271.860016 115.672791 -713.336365
vn -0.268470 -0.843526 -0.465174
v 264.710388 124.881607 -721.467590
vn -0.349647 -0.759843 -0.548074
v 264.713989 124.887604 -721.478394
vn -0.515796 -0.809707 -0.279871
v 231.585602 6.025680 -613.946411
vn -0.302151 0.074144 -0.950372
v 225.901199 6.503400 -613.952393
vn 0.001218 0.002714 -0.999996
v 219.034790 0.975960 -613.975220
vn 0.010333 0.421465 -0.906786
v 142.226395 44.537399 -613.952393
vn 0.001244 0.002703 -0.999996
v 138.129608 48.505920 -613.946411
vn 0.437125 -0.243787 -0.865731
v 142.576797 35.729759 -613.975220
vn 0.310754 0.284900 -0.906788
v 141.594009 46.930679 -733.841980
vn 0.986473 -0.161038 0.030621
v 143.719193 45.964920 -807.358765
vn 0.980943 -0.176738 -0.080710
v 134.851196 23.690880 -879.358765
vn 0.996653 0.060732 -0.054722
v 137.877609 22.315081 -984.074463
vn 0.983513 -0.162231 0.079896
v 150.231598 41.648880 -1052.230713
vn 0.956598 -0.011376 0.291188
v 167.914795 73.575600 -1088.550049
vn 0.965333 -0.003368 0.260999
v 201.153595 143.181595 -1018.600830
vn 0.562937 -0.812404 0.151993
v 210.656403 165.009598 -970.864868
vn 0.563783 -0.814501 0.136881
v 209.108398 165.712799 -917.294434
vn 0.594759 -0.789215 -0.152973
v 197.469589 144.699600 -893.387939
vn 0.387068 -0.893691 -0.226923
v 265.042816 113.984406 -893.387939
vn -0.879884 -0.414635 -0.232124
v 273.221985 136.570801 -917.294434
vn -0.985687 -0.070837 -0.152981
v 271.674011 137.275208 -970.864868
vn -0.984370 -0.110796 0.136897
v 261.476379 115.761597 -1018.600830
vn -0.982229 -0.110064 0.152027
v 230.888397 44.951160 -1088.550049
vn -0.634706 0.727109 0.261649
v 218.462402 10.635119 -1052.230713
vn -0.637591 0.713231 0.291169
v 212.018402 -11.385240 -984.074463
vn -0.768933 0.634319 0.079886
v 215.044800 -12.760800 -879.358765
vn -0.609583 0.790832 -0.054719
v 225.996002 8.566200 -807.358765
vn -0.649515 0.739434 -0.177106
v 228.121185 7.600560 -733.841980
vn -0.637504 0.769919 0.028528
v 180.000000 -20.977800 -865.466431
vn -0.802210 0.425576 -0.418742
v 180.000000 -3.084720 -865.466431
vn -0.894427 0.000000 -0.447214
v 144.000000 -14.750761 -865.466431
vn 0.837674 0.389314 -0.383063
v 144.000000 13.278840 -865.466431
vn 0.894427 0.000000 -0.447214
v 180.000000 -16.221241 -997.466431
vn -0.794914 0.421706 0.436207
v 144.000000 -11.421240 -997.466431
vn 0.831284 0.386345 0.399631
v 180.000000 -3.271080 -997.466431
vn -0.844528 -0.523775 0.111502
v 144.000000 13.092600 -997.466431
vn 0.566742 -0.805838 0.171548
v 144.000000 8.778000 -877.785645
vn 1.000000 0.000000 0.000000
v 144.000000 8.777880 -985.678833
vn 0.969003 -0.231995 -0.084919
v 180.000000 -7.585680 -877.785645
vn -1.000000 0.000000 0.000000
v 180.000000 -7.585800 -985.678833
vn -0.978775 -0.192448 -0.070444
v -180.000000 -20.977800 -865.466431
vn 0.803803 0.426273 -0.414959
v -144.000000 -14.750761 -865.466431
vn -0.839055 0.389838 -0.379491
v -180.000000 -3.084720 -865.466431
vn 0.894427 0.000000 -0.447214
v -144.000000 13.278840 -865.466431
vn -0.894427 0.000000 -0.447214
v -180.000000 -16.221241 -997.466431
vn 0.793383 0.420747 0.439903
v -180.000000 -3.271080 -997.466431
vn 0.844528 -0.523775 0.111502
v -144.000000 -11.421240 -997.466431
vn -0.829929 0.385598 0.403153
v -144.000000 13.092600 -997.466431
vn -0.566742 -0.805838 0.171548
v -144.000000 8.778000 -877.785645
vn -1.000000 0.000000 0.000000
v -144.000000 8.777880 -985.678833
vn -0.969003 -0.231995 -0.084919
v -180.000000 -7.585680 -877.785645
vn 1.000000 0.000000 0.000000
v -180.000000 -7.585800 -985.678833
vn 0.978775 -0.192448 -0.070444
v 170.396408 102.231606 -745.466431
vn -0.756290 -0.263477 -0.598837
v 149.553604 45.797760 -973.466431
vn -0.272989 0.784986 0.556124
v 176.985596 99.236404 -973.466431
vn -0.772978 -0.269291 0.574445
v 167.792404 103.414795 -745.466431
vn 0.207665 -0.764598 -0.610136
v 142.964401 48.793201 -745.466431
vn 0.440996 0.568963 -0.694121
v 167.792404 103.414795 -973.466431
vn 0.207668 -0.764599 0.610133
v 142.964401 48.792961 -973.466431
vn 0.576942 0.113348 0.808882
v 138.155991 50.979000 -968.056824
vn 0.857676 0.418827 0.298288
v 160.627197 100.727997 -750.877197
vn 0.729088 -0.628650 -0.270610
v 140.277603 55.958641 -750.877197
vn 0.953040 -0.135965 -0.270607
v 140.277603 55.958279 -968.055664
vn 0.897996 -0.181369 0.400884
v 160.627197 100.727997 -968.055664
vn 0.729090 -0.628650 0.270605
v 250.847992 65.662796 -745.466431
vn 0.298776 -0.743052 -0.598838
v 244.257599 68.657997 -973.466431
vn 0.305368 -0.759447 0.574448
v 222.033600 12.852600 -973.466431
vn 0.770957 0.310456 0.556095
v 253.450790 64.479599 -745.466431
vn -0.712622 -0.346277 -0.610133
v 228.622803 9.857759 -745.466431
vn -0.093284 0.586741 -0.804384
v 253.450790 64.479599 -973.466431
vn -0.712620 -0.346278 0.610135
v 233.432404 7.671360 -968.056824
vn -0.532361 0.780022 0.328874
v 228.622803 9.857400 -973.466431
vn -0.293940 0.509161 0.808922
v 235.787994 12.544800 -750.877197
vn -0.877279 0.408044 -0.252748
v 256.137604 57.314400 -750.877197
vn -0.953041 0.135961 -0.270605
v 256.137604 57.314037 -968.055664
vn -0.953041 0.135961 0.270607
v 235.787994 12.544439 -968.055664
vn -0.837521 0.392686 0.379944
v 153.040802 48.381123 -1034.082031
vn -0.093968 0.758305 -0.645092
v 200.871597 139.185593 -1068.235229
vn -0.826708 -0.406785 -0.388689
v 150.229202 41.322601 -1056.850830
vn -0.208424 0.916181 0.342303
v 198.058807 132.127197 -1091.002808
vn -0.680605 -0.070560 0.729245
v 187.868393 145.095596 -1068.235229
vn 0.140836 -0.911734 -0.385883
v 145.471191 51.821880 -1034.082031
vn 0.619825 0.142130 -0.771762
v 184.727997 138.187195 -1091.002808
vn 0.300504 -0.560420 0.771769
v 142.330795 44.912640 -1056.850830
vn 0.737729 0.388681 0.551981
v 140.464813 47.392441 -1052.394043
vn 0.768338 0.622166 -0.150225
v 180.110397 141.104401 -1071.657593
vn 0.699478 -0.693865 -0.171118
v 141.961197 57.176640 -1040.926758
vn 0.911890 -0.226505 -0.342275
v 140.236801 53.382957 -1053.428345
vn 0.975401 -0.025200 0.218994
v 178.386002 137.309998 -1084.157959
vn 0.770279 -0.538056 0.342295
v 258.651611 112.922401 -1068.235229
vn 0.237069 -0.890347 -0.388692
v 221.686798 17.178240 -1034.082031
vn 0.633100 0.427824 -0.645098
v 255.182404 106.161598 -1091.002808
vn 0.394309 -0.559165 0.729284
v 218.217590 10.418400 -1056.850830
vn 0.827305 0.445416 0.342303
v 271.653595 107.011200 -1068.235229
vn -0.779486 -0.493456 -0.385880
v 229.256409 13.737599 -1034.082031
vn -0.405385 0.515893 -0.754664
v 268.513214 100.102798 -1091.002808
vn -0.619816 -0.142150 0.771765
v 229.212006 7.053120 -1052.394043
vn -0.121175 0.983909 -0.131301
v 226.115997 6.828360 -1056.850830
vn -0.192255 0.811385 0.551989
v 235.599609 14.613959 -1040.926758
vn -0.836816 0.460015 -0.296860
v 273.747589 98.541595 -1071.657593
vn -0.982709 0.070659 -0.171144
v 272.023193 94.747200 -1084.157959
vn -0.911879 0.226478 0.342321
v 233.875183 10.820400 -1053.428345
vn -0.715740 0.657572 0.235192
v 151.653595 49.011841 -986.082031
vn -0.093986 0.758307 -0.645087
v 199.484390 139.816803 -1020.235229
vn -0.826714 -0.406775 -0.388688
v 148.841995 41.953201 -1008.850830
vn -0.208446 0.916178 0.342298
v 196.671600 132.757202 -1043.002808
vn -0.680618 -0.070548 0.729234
v 187.868393 145.095596 -1020.235229
vn 0.140829 -0.911735 -0.385885
v 145.471191 51.821880 -986.082031
vn 0.619823 0.142131 -0.771763
v 184.727997 138.187195 -1043.002808
vn 0.300492 -0.560418 0.771775
v 142.330795 44.912640 -1008.850830
vn 0.733033 0.382820 0.562237
v 140.268005 47.525639 -1004.273987
vn 0.770311 0.621733 -0.141662
v 180.110397 141.104401 -1023.657593
vn 0.699478 -0.693866 -0.171118
v 141.961197 57.176640 -992.926758
vn 0.911891 -0.226504 -0.342274
v 140.236801 53.383080 -1005.428345
vn 0.973139 -0.029666 0.228299
v 178.386002 137.309998 -1036.157959
vn 0.770279 -0.538056 0.342296
v 260.038818 112.291199 -1020.235229
vn 0.237082 -0.890342 -0.388695
v 223.074005 16.547760 -986.082031
vn 0.633103 0.427831 -0.645090
v 256.569611 105.531601 -1043.002808
vn 0.394329 -0.559174 0.729267
v 219.604797 9.787920 -1008.850830
vn 0.827299 0.445417 0.342316
v 271.653595 107.011200 -1020.235229
vn -0.779480 -0.493463 -0.385882
v 229.256409 13.737599 -986.082031
vn -0.416089 0.509597 -0.753114
v 268.513214 100.102798 -1043.002808
vn -0.619806 -0.142157 0.771771
v 229.441193 6.992760 -1004.273987
vn -0.132189 0.983953 -0.119845
v 226.115997 6.828480 -1008.850830
vn -0.193584 0.804019 0.562209
v 235.599609 14.614079 -992.926758
vn -0.843512 0.450690 -0.292173
v 273.747589 98.541595 -1023.657593
vn -0.982709 0.070659 -0.171145
v 272.023193 94.747200 -1036.157959
vn -0.911880 0.226478 0.342320
v 233.875183 10.820400 -1005.428345
vn -0.722846 0.645625 0.246296
v -260.038818 112.291199 -1020.235229
vn -0.237097 -0.890340 -0.388689
v -223.074005 16.547760 -986.082031
vn -0.633105 0.427825 -0.645092
v -256.569611 105.531601 -1043.002808
vn -0.394379 -0.559180 0.729235
v -219.604797 9.787920 -1008.850830
vn -0.643524 0.434826 0.629924
v -271.653595 107.011200 -1020.235229
vn 0.779516 -0.493410 -0.385877
v -229.256409 13.737599 -986.082031
vn 0.300464 0.560454 -0.771760
v -268.513214 100.102798 -1043.002808
vn 0.707614 -0.380579 0.595350
v -270.760803 93.479996 -1041.303589
vn 0.378665 0.258604 0.888672
v -229.441193 6.992760 -1004.273987
vn 0.038085 0.989180 -0.141676
v -226.115997 6.828480 -1008.850830
vn 0.193576 0.804020 0.562210
v -235.599609 14.614079 -992.926758
vn 0.770247 0.538104 -0.342291
v -233.875183 10.820400 -1005.428345
vn 0.662208 0.713702 0.228276
v -272.023193 94.747200 -1036.157959
vn 0.937161 0.099341 0.334457
v -273.747589 98.541595 -1023.657593
vn 0.982706 0.070721 -0.171135
v -151.653595 49.011841 -986.082031
vn 0.120085 0.527842 -0.840811
v -199.484390 139.816803 -1020.235229
vn 0.826697 -0.406809 -0.388688
v -148.841995 41.953201 -1008.850830
vn 0.208393 0.916176 0.342337
v -196.671600 132.757202 -1043.002808
vn 0.680555 -0.070593 0.729288
v -181.384796 142.440002 -1018.534790
vn -0.216486 -0.615422 -0.757885
v -187.868393 145.095596 -1020.235229
vn -0.083261 -0.992283 -0.091881
v -145.471191 51.821880 -986.082031
vn -0.657558 0.021559 -0.753096
v -184.727997 138.187195 -1043.002808
vn -0.300462 -0.560470 0.771749
v -140.268005 47.525639 -1004.273987
vn -0.828263 0.547379 -0.119820
v -142.330795 44.912640 -1008.850830
vn -0.733063 0.382789 0.562220
v -180.110397 141.104401 -1023.657593
vn -0.632444 -0.769540 -0.088451
v -178.386002 137.309998 -1036.157959
vn -0.770224 -0.538129 0.342303
v -140.236801 53.383080 -1005.428345
vn -0.961720 -0.120137 0.246294
v -141.961197 57.176640 -992.926758
vn -0.894203 -0.339198 -0.292140
v -258.651611 112.922401 -1068.235229
vn -0.237066 -0.890367 -0.388646
v -221.686798 17.178240 -1034.082031
vn -0.476601 0.256586 -0.840842
v -255.182404 106.161598 -1091.002808
vn -0.394357 -0.559176 0.729249
v -218.217590 10.418400 -1056.850830
vn -0.827299 0.445424 0.342306
v -271.653595 107.011200 -1068.235229
vn 0.803008 -0.588263 -0.095528
v -273.851990 100.418404 -1066.537109
vn 0.737270 -0.168194 -0.654327
v -229.256409 13.737599 -1034.082031
vn 0.385179 0.697280 -0.604515
v -268.513214 100.102798 -1091.002808
vn 0.619811 -0.142123 0.771774
v -229.212006 7.053120 -1052.394043
vn 0.036461 0.987982 -0.150208
v -226.115997 6.828360 -1056.850830
vn 0.192258 0.811383 0.551992
v -235.599609 14.613959 -1040.926758
vn 0.786236 0.605660 -0.122507
v -233.875183 10.820400 -1053.428345
vn 0.660336 0.718325 0.219008
v -272.023193 94.747200 -1084.157959
vn 0.911880 0.226520 0.342292
v -273.747589 98.541595 -1071.657593
vn 0.996850 0.049901 0.061645
v -153.040802 48.381123 -1034.082031
vn 0.120113 0.527848 -0.840803
v -200.871597 139.185593 -1068.235229
vn 0.826743 -0.406750 -0.388653
v -150.229202 41.322601 -1056.850830
vn 0.208397 0.916176 0.342334
v -198.058807 132.127197 -1091.002808
vn 0.680566 -0.070573 0.729280
v -181.456802 142.417206 -1066.537109
vn -0.217274 -0.613536 -0.759188
v -187.868393 145.095596 -1068.235229
vn -0.084727 -0.991813 -0.095543
v -145.471191 51.821880 -1034.082031
vn -0.655258 0.033798 -0.754649
v -184.727997 138.187195 -1091.002808
vn -0.300445 -0.560467 0.771757
v -140.464813 47.392441 -1052.394043
vn -0.820968 0.555670 -0.131312
v -142.330795 44.912640 -1056.850830
vn -0.737752 0.388661 0.551964
v -180.110397 141.104401 -1071.657593
vn -0.633116 -0.768633 -0.091475
v -178.386002 137.309998 -1084.157959
vn -0.770224 -0.538129 0.342305
v -140.236801 53.382957 -1053.428345
vn -0.966065 -0.106883 0.235149
v -141.961197 57.176640 -1040.926758
vn -0.896832 -0.327990 -0.296842
v -250.847992 65.662796 -745.466431
vn -0.298797 -0.743057 -0.598821
v -244.257599 68.657997 -973.466431
vn -0.305389 -0.759452 0.574431
v -222.033600 12.852600 -973.466431
vn -0.549473 0.221261 0.805682
v -253.450790 64.479599 -745.466431
vn 0.712614 -0.346284 -0.610138
v -228.622803 9.857759 -745.466431
vn -0.138730 0.706361 -0.694124
v -253.450790 64.479599 -973.466431
vn 0.772675 -0.505957 0.383381
v -255.170410 57.882004 -973.466431
vn 0.489490 0.013158 0.871909
v -228.622803 9.857400 -973.466431
vn 0.207665 0.764595 0.610139
v -235.787994 12.544800 -750.877197
vn 0.729097 0.628642 -0.270603
v -235.787994 12.544439 -968.055664
vn 0.729096 0.628643 0.270606
v -256.137604 57.314037 -968.055664
vn 0.970364 0.029761 0.239809
v -256.137604 57.314400 -750.877197
vn 0.953041 0.135968 -0.270600
v -170.396408 102.231606 -745.466431
vn 0.756259 -0.263515 -0.598859
v -149.553604 45.797760 -973.466431
vn 0.273017 0.784997 0.556094
v -176.985596 99.236404 -973.466431
vn 0.772948 -0.269330 0.574468
v -167.792404 103.414795 -745.466431
vn -0.207700 -0.764600 -0.610121
v -142.964401 48.793201 -745.466431
vn -0.503422 0.315578 -0.804349
v -167.792404 103.414795 -973.466431
vn -0.207696 -0.764598 0.610125
v -138.155991 50.979000 -968.056824
vn -0.937746 0.111909 0.328799
v -142.964401 48.792961 -973.466431
vn -0.576934 0.113360 0.808886
v -160.627197 100.727997 -750.877197
vn -0.729089 -0.628651 -0.270605
v -160.627197 100.727997 -968.055664
vn -0.729087 -0.628650 0.270612
v -140.277603 55.958279 -968.055664
vn -0.846603 -0.372724 0.379922
v -140.277603 55.958641 -750.877197
vn -0.884301 -0.392596 -0.252746
v -146.778000 47.060040 -613.939209
vn 0.530750 -0.168849 -0.830539
v -170.709595 88.704002 -613.797607
vn 0.608986 -0.129023 -0.782617
v -146.778000 47.059921 -721.466431
vn 0.764032 -0.245830 -0.596509
v -206.661591 151.266006 -721.466431
vn 0.547790 -0.352677 -0.758647
v -224.809204 11.591280 -613.939209
vn -0.221770 -0.510905 -0.830539
v -224.809204 11.591160 -721.466431
vn -0.317160 -0.737282 -0.596511
v -263.946014 125.228409 -721.466431
vn 0.022037 -0.693886 -0.719748
v -240.450012 57.003838 -613.797607
vn -0.303226 -0.543666 -0.782612
v -250.138794 52.599598 -613.797607
vn 0.441376 -0.311484 -0.841526
v -161.019592 93.108002 -613.797607
vn -0.055536 -0.537349 -0.841529
v -215.570389 2.550720 -733.856445
vn -0.022085 0.999678 0.012493
v -148.120804 33.209759 -805.785645
vn -0.738384 0.660243 -0.137362
v -146.041199 34.154762 -733.856445
vn -0.738667 0.673954 0.012494
v -213.492004 3.495480 -805.785645
vn -0.011933 0.990449 -0.137362
v -139.252792 10.935840 -877.785645
vn -0.738377 0.660251 -0.137364
v -202.540802 -17.831520 -877.785645
vn -0.011926 0.990449 -0.137362
v -142.371597 9.518280 -985.678833
vn -0.734924 0.658507 0.162036
v -199.423218 -16.414320 -985.678833
vn -0.012870 0.986701 0.162034
v -155.396408 29.902319 -1057.537109
vn -0.679969 0.536502 0.499807
v -206.216400 6.802320 -1057.537109
vn 0.042909 0.865073 0.499807
v -172.855194 61.423199 -1093.395630
vn -0.695653 0.560973 0.448750
v -218.485199 40.682400 -1093.395630
vn 0.037332 0.892824 0.448856
v -236.443207 69.578400 -1213.176025
vn 0.598569 0.585296 0.546940
v -223.892395 64.528801 -1213.199951
vn -0.012081 0.798277 0.602170
v -187.266006 81.177597 -1213.199951
vn -0.449381 0.408055 0.794700
v -182.818802 93.954002 -1213.176025
vn -0.493939 -0.038093 0.868661
v -214.631989 134.499603 -1213.031982
vn 0.023885 -0.510681 0.859438
v -201.234009 129.835205 -1213.055908
vn -0.336322 -0.389414 0.857464
v -251.368790 107.047195 -1213.055908
vn 0.663139 -0.002391 0.748492
v -246.073196 120.208801 -1213.031982
vn 0.369058 -0.353795 0.859433
v -256.052399 128.824799 -1021.183228
vn 0.712284 -0.657046 0.246864
v -214.561203 147.684006 -1021.183228
vn 0.026699 -0.968677 0.246885
v -266.311218 150.466797 -973.159241
vn 0.716965 -0.661708 0.219325
v -224.122803 169.642792 -973.159241
vn 0.027123 -0.975274 0.219329
v -222.389984 170.431198 -913.219238
vn -0.012351 -0.942345 -0.334415
v -268.042816 149.679596 -913.219238
vn 0.718095 -0.610333 -0.334415
v -259.863586 127.093201 -889.312744
vn 0.718376 -0.612378 -0.330045
v -210.751190 149.416794 -889.312744
vn 0.057666 -0.943722 -0.325672
v -194.258392 150.946808 -713.336365
vn 0.490846 -0.750070 -0.443245
v -205.899597 151.619995 -721.476013
vn 0.301109 -0.870499 -0.389313
v -271.860016 115.672791 -713.336365
vn 0.303234 -0.823534 -0.479417
v -264.713989 124.887604 -721.478394
vn 0.563936 -0.774220 -0.287331
v -264.710388 124.881607 -721.467590
vn 0.349609 -0.759862 -0.548072
v -219.034790 0.975960 -613.975220
vn -0.010330 0.421464 -0.906786
v -231.585602 6.025680 -613.946411
vn 0.302154 0.074142 -0.950371
v -225.901199 6.503400 -613.952393
vn -0.001218 0.002714 -0.999996
v -142.226395 44.537399 -613.952393
vn -0.001244 0.002703 -0.999996
v -142.576797 35.729759 -613.975220
vn -0.310751 0.284906 -0.906787
v -138.129608 48.505920 -613.946411
vn -0.437124 -0.243781 -0.865733
v -197.469589 144.699600 -893.387939
vn -0.266072 -0.935587 -0.232127
v -209.108398 165.712799 -917.294434
vn -0.594778 -0.789199 -0.152984
v -210.656403 165.009598 -970.864868
vn -0.563792 -0.814493 0.136891
v -201.153595 143.181595 -1018.600830
vn -0.562913 -0.812414 0.152028
v -261.476379 115.761597 -1018.600830
vn 0.982235 -0.110053 0.151996
v -271.674011 137.275208 -970.864868
vn 0.984372 -0.110778 0.136891
v -273.221985 136.570801 -917.294434
vn 0.985687 -0.070835 -0.152981
v -265.042816 113.984406 -893.387939
vn 0.927828 -0.296025 -0.226944
v -228.121185 7.600560 -733.841980
vn 0.637497 0.769925 0.028527
v -225.996002 8.566200 -807.358765
vn 0.649498 0.739449 -0.177108
v -215.044800 -12.760800 -879.358765
vn 0.609576 0.790837 -0.054719
v -212.018402 -11.385240 -984.074463
vn 0.768934 0.634317 0.079885
v -218.462402 10.635119 -1052.230713
vn 0.637590 0.713230 0.291175
v -230.888397 44.951160 -1088.550049
vn 0.637301 0.725076 0.260984
v -167.914795 73.575600 -1088.550049
vn -0.965159 -0.000105 0.261663
v -150.231598 41.648880 -1052.230713
vn -0.956599 -0.011383 0.291184
v -137.877609 22.315081 -984.074463
vn -0.983514 -0.162226 0.079895
v -134.851196 23.690880 -879.358765
vn -0.996652 0.060747 -0.054722
v -143.719193 45.964920 -807.358765
vn -0.980945 -0.176730 -0.080711
v -141.594009 46.930679 -733.841980
vn -0.986476 -0.161017 0.030621
v 215.950790 134.417999 -1205.484009
vn 0.835604 0.290917 0.465975
v 236.038818 125.250000 -1206.023926
vn -0.217575 0.879288 0.423691
v 241.446014 134.302795 -1038.117676
vn -0.420668 0.704127 -0.572052
v 221.864410 143.329208 -1036.296021
vn 0.730170 0.038170 -0.682198
v 333.748810 288.865204 -1155.816040
vn -0.942597 0.019254 -0.333377
v 345.134399 307.932007 -1244.723999
vn -0.935130 0.201102 0.291702
v 335.248810 314.158783 -1244.723999
vn 0.585404 -0.756674 0.291112
v 322.967987 295.656006 -1155.816040
vn 0.411027 -0.843648 -0.345420
v 344.079590 313.502411 -1245.816040
vn -0.824585 -0.518703 0.225846
v 332.720398 294.481201 -1157.112061
vn -0.745022 -0.537362 -0.395201
v 328.477203 297.153595 -1157.112061
vn -0.162967 -0.904041 -0.395160
v 340.729187 315.613190 -1245.816040
vn -0.111720 -0.967723 0.225898
v 326.228394 293.764801 -1151.411987
vn -0.072987 -0.733429 -0.675836
v 330.633606 290.989197 -1151.411987
vn -0.642332 -0.372340 -0.669905
v 239.762390 138.823196 -1036.112305
vn -0.389026 0.005648 -0.921209
v 227.225983 144.601196 -1034.946045
vn 0.062659 -0.294828 -0.953494
v 339.185974 313.286407 -1248.791992
vn 0.204151 -0.473092 0.857033
v 221.359192 135.762009 -1210.020020
vn 0.419126 0.221260 0.880555
v 234.384003 129.818405 -1210.367920
vn -0.038622 0.500707 0.864755
v 342.648010 311.106018 -1248.791992
vn -0.514246 -0.020382 0.857401
v 83.987999 -9.807360 430.545593
vn -0.524694 0.599296 -0.604600
v 83.987999 -9.807360 370.545593
vn -0.524694 0.599296 0.604600
v 11.988000 -0.207360 370.545593
vn 0.626632 0.548626 0.553482
v 11.988000 -0.207360 430.545593
vn 0.626632 0.548626 -0.553482
v 83.987999 5.523840 370.545593
vn -0.610132 -0.505449 0.610132
v 83.987999 5.523840 430.545593
vn -0.610132 -0.505449 -0.610132
v 11.988000 5.523840 370.545593
vn 0.610132 -0.505449 0.610132
v 11.988000 5.523840 430.545593
vn 0.610132 -0.505449 -0.610132
v 77.719200 11.792641 376.814392
vn -0.270598 -0.923880 0.270598
v 77.719200 11.792641 424.276794
vn -0.270598 -0.923880 -0.270598
v 18.256800 11.792641 424.276794
vn 0.270598 -0.923880 -0.270598
v 18.256800 11.792641 376.814392
vn 0.270598 -0.923880 0.270598
v -84.012001 -9.807360 430.545593
vn 0.524694 0.599296 -0.604600
v -84.012001 -9.807360 370.545593
vn 0.524694 0.599296 0.604600
v -12.012001 -0.207360 370.545593
vn -0.626632 0.548626 0.553482
v -12.012001 -0.207360 430.545593
vn -0.626632 0.548626 -0.553482
v -84.012001 5.523840 370.545593
vn 0.610132 -0.505449 0.610132
v -84.012001 5.523840 430.545593
vn 0.610132 -0.505449 -0.610132
v -12.012001 5.523840 430.545593
vn -0.610132 -0.505449 -0.610132
v -12.012001 5.523840 370.545593
vn -0.610132 -0.505449 0.610132
v -77.743202 11.792641 376.814392
vn 0.270598 -0.923880 0.270598
v -18.280800 11.792641 376.814392
vn -0.270598 -0.923880 0.270598
v -18.280800 11.792641 424.276794
vn -0.270598 -0.923880 -0.270598
v -77.743202 11.792641 424.276794
vn 0.270598 -0.923880 -0.270598
v 83.987999 -9.807600 190.545609
vn -0.524693 0.599296 -0.604600
v 83.987999 -9.807720 130.545609
vn -0.524694 0.599297 0.604599
v 11.988000 -0.207720 130.545609
vn 0.626632 0.548627 0.553481
v 11.988000 -0.207600 190.545609
vn 0.626631 0.548626 -0.553482
v 83.987999 5.523480 130.545609
vn -0.610131 -0.505450 0.610132
v 83.987999 5.523600 190.545609
vn -0.610131 -0.505450 -0.610131
v 11.988000 5.523480 130.545609
vn 0.610132 -0.505449 0.610132
v 11.988000 5.523600 190.545609
vn 0.610132 -0.505450 -0.610131
v 77.719200 11.792280 136.814407
vn -0.270598 -0.923879 0.270600
v 77.719200 11.792400 184.276794
vn -0.270598 -0.923880 -0.270596
v 18.256800 11.792400 184.276794
vn 0.270599 -0.923880 -0.270596
v 18.256800 11.792280 136.814407
vn 0.270598 -0.923879 0.270600
v -84.012001 -9.807600 190.545609
vn 0.524693 0.599296 -0.604600
v -84.012001 -9.807720 130.545609
vn 0.524694 0.599297 0.604599
v -12.012001 -0.207720 130.545609
vn -0.626632 0.548627 0.553481
v -12.012001 -0.207600 190.545609
vn -0.626631 0.548626 -0.553482
v -84.012001 5.523480 130.545609
vn 0.610132 -0.505449 0.610132
v -84.012001 5.523600 190.545609
vn 0.610132 -0.505450 -0.610131
v -12.012001 5.523600 190.545609
vn -0.610131 -0.505450 -0.610131
v -12.012001 5.523480 130.545609
vn -0.610131 -0.505450 0.610132
v -77.743202 11.792280 136.814407
vn 0.270598 -0.923879 0.270600
v -18.280800 11.792280 136.814407
vn -0.270598 -0.923879 0.270600
v -18.280800 11.792400 184.276794
vn -0.270598 -0.923880 -0.270596
v -77.743202 11.792400 184.276794
vn 0.270599 -0.923880 -0.270596
v -84.012001 -9.807961 -49.454399
vn 0.524693 0.599296 -0.604600
v -84.012001 -9.808081 -109.454391
vn 0.524694 0.599297 0.604599
v -12.012001 -0.208080 -109.454391
vn -0.626632 0.548627 0.553481
v -12.012001 -0.207960 -49.454399
vn -0.626631 0.548626 -0.553482
v -84.012001 5.523120 -109.454391
vn 0.610132 -0.505449 0.610132
v -84.012001 5.523240 -49.454399
vn 0.610132 -0.505449 -0.610131
v -12.012001 5.523240 -49.454399
vn -0.610131 -0.505450 -0.610131
v -12.012001 5.523120 -109.454391
vn -0.610131 -0.505450 0.610132
v -77.743202 11.791920 -103.185593
vn 0.270598 -0.923879 0.270600
v -18.280800 11.791920 -103.185593
vn -0.270598 -0.923879 0.270600
v -18.280800 11.792040 -55.723198
vn -0.270598 -0.923880 -0.270597
v -77.743202 11.792040 -55.723198
vn 0.270599 -0.923880 -0.270597
v 83.987999 -9.807961 -49.454399
vn -0.524693 0.599296 -0.604600
v 83.987999 -9.808081 -109.454391
vn -0.524694 0.599297 0.604599
v 11.988000 -0.208080 -109.454391
vn 0.626632 0.548627 0.553481
v 11.988000 -0.207960 -49.454399
vn 0.626631 0.548626 -0.553482
v 83.987999 5.523120 -109.454391
vn -0.610131 -0.505450 0.610132
v 83.987999 5.523240 -49.454399
vn -0.610131 -0.505450 -0.610131
v 11.988000 5.523120 -109.454391
vn 0.610132 -0.505449 0.610132
v 11.988000 5.523240 -49.454399
vn 0.610132 -0.505449 -0.610131
v 77.719200 11.791920 -103.185593
vn -0.270598 -0.923879 0.270600
v 77.719200 11.792040 -55.723198
vn -0.270598 -0.923880 -0.270597
v 18.256800 11.792040 -55.723198
vn 0.270599 -0.923880 -0.270597
v 18.256800 11.791920 -103.185593
vn 0.270598 -0.923879 0.270600
v -84.012001 -9.807840 70.545601
vn 0.524694 0.599296 -0.604600
v -84.012001 -9.807840 10.545600
vn 0.524694 0.599296 0.604600
v -12.012001 -0.207840 10.545600
vn -0.626632 0.548626 0.553482
v -12.012001 -0.207840 70.545601
vn -0.626632 0.548626 -0.553482
v -84.012001 5.523360 10.545600
vn 0.610132 -0.505449 0.610132
v -84.012001 5.523360 70.545601
vn 0.610132 -0.505449 -0.610132
v -12.012001 5.523360 70.545601
vn -0.610132 -0.505449 -0.610132
v -12.012001 5.523360 10.545600
vn -0.610132 -0.505449 0.610132
v -77.743202 11.792160 16.814400
vn 0.270598 -0.923880 0.270598
v -18.280800 11.792160 16.814400
vn -0.270598 -0.923880 0.270598
v -18.280800 11.792160 64.276802
vn -0.270598 -0.923880 -0.270598
v -77.743202 11.792160 64.276802
vn 0.270598 -0.923880 -0.270598
v 83.987999 -9.807840 70.545601
vn -0.524694 0.599296 -0.604600
v 83.987999 -9.807840 10.545600
vn -0.524694 0.599296 0.604600
v 11.988000 -0.207840 10.545600
vn 0.626632 0.548626 0.553482
v 11.988000 -0.207840 70.545601
vn 0.626632 0.548626 -0.553482
v 83.987999 5.523360 10.545600
vn -0.610132 -0.505449 0.610131
v 83.987999 5.523360 70.545601
vn -0.610132 -0.505449 -0.610132
v 11.988000 5.523360 10.545600
vn 0.610132 -0.505449 0.610131
v 11.988000 5.523360 70.545601
vn 0.610132 -0.505449 -0.610132
v 77.719200 11.792160 16.814400
vn -0.270598 -0.923880 0.270598
v 77.719200 11.792160 64.276802
vn -0.270598 -0.923880 -0.270598
v 18.256800 11.792160 64.276802
vn 0.270598 -0.923880 -0.270598
v 18.256800 11.792160 16.814400
vn 0.270598 -0.923880 0.270598
v -84.012001 -9.808081 -169.454391
vn 0.524693 0.599296 -0.604600
v -84.012001 -9.808200 -229.454407
vn 0.524694 0.599297 0.604599
v -12.012001 -0.208200 -229.454407
vn -0.626632 0.548627 0.553481
v -12.012001 -0.208080 -169.454391
vn -0.626631 0.548626 -0.553482
v -84.012001 5.523000 -229.454407
vn 0.610132 -0.505449 0.610132
v -84.012001 5.523120 -169.454391
vn 0.610132 -0.505450 -0.610131
v -12.012001 5.523120 -169.454391
vn -0.610131 -0.505450 -0.610131
v -12.012001 5.523000 -229.454407
vn -0.610131 -0.505450 0.610132
v -77.743202 11.791800 -223.185608
vn 0.270598 -0.923879 0.270600
v -18.280800 11.791800 -223.185608
vn -0.270598 -0.923879 0.270600
v -18.280800 11.791920 -175.723206
vn -0.270598 -0.923880 -0.270596
v -77.743202 11.791920 -175.723206
vn 0.270599 -0.923880 -0.270596
v 83.987999 -9.808081 -169.454391
vn -0.524693 0.599296 -0.604600
v 83.987999 -9.808200 -229.454407
vn -0.524694 0.599297 0.604599
v 11.988000 -0.208200 -229.454407
vn 0.626632 0.548627 0.553481
v 11.988000 -0.208080 -169.454391
vn 0.626631 0.548626 -0.553482
v 83.987999 5.523000 -229.454407
vn -0.610131 -0.505450 0.610132
v 83.987999 5.523120 -169.454391
vn -0.610131 -0.505450 -0.610131
v 11.988000 5.523000 -229.454407
vn 0.610132 -0.505449 0.610132
v 11.988000 5.523120 -169.454391
vn 0.610132 -0.505450 -0.610131
v 77.719200 11.791800 -223.185608
vn -0.270598 -0.923879 0.270600
v 77.719200 11.791920 -175.723206
vn -0.270598 -0.923880 -0.270596
v 18.256800 11.791920 -175.723206
vn 0.270599 -0.923880 -0.270596
v 18.256800 11.791800 -223.185608
vn 0.270598 -0.923879 0.270600
v 83.987999 -9.807480 310.545593
vn -0.524693 0.599296 -0.604600
v 83.987999 -9.807600 250.545593
vn -0.524694 0.599297 0.604599
v 11.988000 -0.207600 250.545593
vn 0.626632 0.548627 0.553481
v 11.988000 -0.207480 310.545593
vn 0.626631 0.548626 -0.553482
v 83.987999 5.523600 250.545593
vn -0.610131 -0.505450 0.610132
v 83.987999 5.523720 310.545593
vn -0.610131 -0.505450 -0.610131
v 11.988000 5.523600 250.545593
vn 0.610132 -0.505449 0.610132
v 11.988000 5.523720 310.545593
vn 0.610132 -0.505449 -0.610131
v 77.719200 11.792400 256.814392
vn -0.270598 -0.923879 0.270600
v 77.719200 11.792521 304.276794
vn -0.270598 -0.923880 -0.270597
v 18.256800 11.792521 304.276794
vn 0.270599 -0.923880 -0.270597
v 18.256800 11.792400 256.814392
vn 0.270598 -0.923879 0.270600
v -84.012001 -9.807480 310.545593
vn 0.524693 0.599296 -0.604600
v -84.012001 -9.807600 250.545593
vn 0.524694 0.599297 0.604599
v -12.012001 -0.207600 250.545593
vn -0.626632 0.548627 0.553481
v -12.012001 -0.207480 310.545593
vn -0.626631 0.548626 -0.553482
v -84.012001 5.523600 250.545593
vn 0.610132 -0.505449 0.610132
v -84.012001 5.523720 310.545593
vn 0.610132 -0.505449 -0.610131
v -12.012001 5.523720 310.545593
vn -0.610131 -0.505450 -0.610131
v -12.012001 5.523600 250.545593
vn -0.610131 -0.505450 0.610132
v -77.743202 11.792400 256.814392
vn 0.270598 -0.923879 0.270600
v -18.280800 11.792400 256.814392
vn -0.270598 -0.923879 0.270600
v -18.280800 11.792521 304.276794
vn -0.270598 -0.923880 -0.270597
v -77.743202 11.792521 304.276794
vn 0.270599 -0.923880 -0.270597
v -84.012001 -9.807120 550.545593
vn 0.524693 0.599296 -0.604600
v -84.012001 -9.807240 490.545593
vn 0.524694 0.599297 0.604599
v -12.012001 -0.207240 490.545593
vn -0.626632 0.548627 0.553481
v -12.012001 -0.207120 550.545593
vn -0.626631 0.548626 -0.553482
v -84.012001 5.523960 490.545593
vn 0.610132 -0.505449 0.610132
v -84.012001 5.524080 550.545593
vn 0.610132 -0.505449 -0.610131
v -12.012001 5.524080 550.545593
vn -0.610131 -0.505450 -0.610131
v -12.012001 5.523960 490.545593
vn -0.610131 -0.505450 0.610132
v -77.743202 11.792760 496.814392
vn 0.270598 -0.923879 0.270600
v -18.280800 11.792760 496.814392
vn -0.270598 -0.923879 0.270600
v -18.280800 11.792880 544.276794
vn -0.270598 -0.923880 -0.270597
v -77.743202 11.792880 544.276794
vn 0.270599 -0.923880 -0.270597
v -36.012001 -144.207596 430.545593
vn 0.577350 -0.577350 0.577350
v 35.987999 -144.207596 430.545593
vn -0.577350 -0.577350 0.577350
v -36.012001 -144.207596 490.545593
vn 0.577350 -0.577350 -0.577350
v 35.987999 -144.207596 490.545593
vn -0.577350 -0.577350 -0.577350
v 35.987999 -149.938797 430.545593
vn -0.610131 0.505450 0.610132
v -36.012001 -149.938797 490.545593
vn 0.610132 0.505449 -0.610132
v -36.012001 -149.938797 430.545593
vn 0.610132 0.505449 0.610132
v 35.987999 -149.938797 490.545593
vn -0.610131 0.505450 -0.610132
v 29.719200 -156.207596 436.814392
vn -0.270598 0.923880 0.270598
v -29.743200 -156.207596 436.814392
vn 0.270598 0.923880 0.270598
v -29.743200 -156.207596 484.276794
vn 0.270598 0.923880 -0.270598
v 29.719200 -156.207596 484.276794
vn -0.270598 0.923880 -0.270598
v -36.012001 -144.208801 -289.454407
vn 0.577350 -0.577350 0.577350
v 35.987999 -144.208801 -289.454407
vn -0.577350 -0.577350 0.577350
v -36.012001 -144.208801 -229.454407
vn 0.577350 -0.577350 -0.577350
v 35.987999 -144.208801 -229.454407
vn -0.577350 -0.577350 -0.577350
v 35.987999 -149.940002 -289.454407
vn -0.610154 0.505424 0.610130
v -36.012001 -149.938797 -229.454407
vn 0.610130 0.505424 -0.610154
v -36.012001 -149.940002 -289.454407
vn 0.610132 0.505449 0.610132
v 35.987999 -149.938797 -229.454407
vn -0.610153 0.505399 -0.610153
v 29.719200 -156.208801 -283.185608
vn -0.270628 0.923869 0.270603
v -29.743200 -156.208801 -283.185608
vn 0.270598 0.923880 0.270598
v -29.743200 -156.208801 -235.723206
vn 0.270603 0.923869 -0.270629
v 29.719200 -156.208801 -235.723206
vn -0.270633 0.923859 -0.270633
v -36.012001 -144.207596 -169.454391
vn 0.577350 -0.577350 0.577350
v 35.987999 -144.207596 -169.454391
vn -0.577350 -0.577350 0.577350
v -36.012001 -144.207596 -109.454391
vn 0.577350 -0.577350 -0.577350
v 35.987999 -144.207596 -109.454391
vn -0.577350 -0.577350 -0.577350
v 35.987999 -149.938797 -169.454391
vn -0.610131 0.505450 0.610132
v -36.012001 -149.938797 -109.454391
vn 0.610132 0.505450 -0.610131
v -36.012001 -149.938797 -169.454391
vn 0.610132 0.505449 0.610132
v 35.987999 -149.938797 -109.454391
vn -0.610131 0.505450 -0.610131
v 29.719200 -156.207596 -163.185593
vn -0.270598 0.923880 0.270598
v -29.743200 -156.207596 -163.185593
vn 0.270598 0.923880 0.270598
v -29.743200 -156.207596 -115.723206
vn 0.270598 0.923880 -0.270598
v 29.719200 -156.207596 -115.723206
vn -0.270598 0.923880 -0.270598
v -36.012001 -144.207596 310.545593
vn 0.577350 -0.577350 0.577350
v 35.987999 -144.207596 310.545593
vn -0.577350 -0.577350 0.577350
v -36.012001 -144.207596 370.545593
vn 0.577350 -0.577350 -0.577350
v 35.987999 -144.207596 370.545593
vn -0.577350 -0.577350 -0.577350
v 35.987999 -149.938797 310.545593
vn -0.610131 0.505450 0.610132
v -36.012001 -149.938797 370.545593
vn 0.610132 0.505449 -0.610132
v -36.012001 -149.938797 310.545593
vn 0.610132 0.505449 0.610132
v 35.987999 -149.938797 370.545593
vn -0.610131 0.505450 -0.610132
v 29.719200 -156.207596 316.814392
vn -0.270598 0.923880 0.270598
v -29.743200 -156.207596 316.814392
vn 0.270598 0.923880 0.270598
v -29.743200 -156.207596 364.276794
vn 0.270598 0.923880 -0.270598
v 29.719200 -156.207596 364.276794
vn -0.270598 0.923880 -0.270598
v -36.012001 -144.207596 190.545609
vn 0.577350 -0.577350 0.577350
v 35.987999 -144.207596 190.545609
vn -0.577350 -0.577350 0.577350
v -36.012001 -144.207596 250.545593
vn 0.577350 -0.577350 -0.577350
v 35.987999 -144.207596 250.545593
vn -0.577350 -0.577350 -0.577350
v 35.987999 -149.938797 190.545609
vn -0.610131 0.505449 0.610132
v -36.012001 -149.938797 250.545593
vn 0.610132 0.505449 -0.610132
v -36.012001 -149.938797 190.545609
vn 0.610131 0.505449 0.610132
v 35.987999 -149.938797 250.545593
vn -0.610131 0.505450 -0.610132
v 29.719200 -156.207596 196.814392
vn -0.270598 0.923879 0.270598
v -29.743200 -156.207596 196.814392
vn 0.270598 0.923879 0.270598
v -29.743200 -156.207596 244.276794
vn 0.270598 0.923880 -0.270598
v 29.719200 -156.207596 244.276794
vn -0.270598 0.923880 -0.270598
v -36.012001 -144.207596 70.545601
vn 0.577350 -0.577350 0.577350
v 35.987999 -144.207596 70.545601
vn -0.577350 -0.577350 0.577350
v -36.012001 -144.207596 130.545609
vn 0.577350 -0.577350 -0.577350
v 35.987999 -144.207596 130.545609
vn -0.577350 -0.577350 -0.577350
v 35.987999 -149.938797 70.545601
vn -0.610131 0.505450 0.610132
v -36.012001 -149.938797 130.545609
vn 0.610132 0.505450 -0.610131
v -36.012001 -149.938797 70.545601
vn 0.610132 0.505449 0.610132
v 35.987999 -149.938797 130.545609
vn -0.610131 0.505450 -0.610131
v 29.719200 -156.207596 76.814400
vn -0.270598 0.923880 0.270598
v -29.743200 -156.207596 76.814400
vn 0.270598 0.923880 0.270598
v -29.743200 -156.207596 124.276794
vn 0.270598 0.923880 -0.270598
v 29.719200 -156.207596 124.276794
vn -0.270598 0.923880 -0.270598
v -36.012001 -144.207596 550.545593
vn 0.577350 -0.577350 0.577350
v 35.987999 -144.207596 550.545593
vn -0.577350 -0.577350 0.577350
v -36.012001 -144.207596 610.545593
vn 0.577350 -0.577350 -0.577350
v 35.987999 -144.207596 610.545593
vn -0.577350 -0.577350 -0.577350
v 35.987999 -149.938797 550.545593
vn -0.610131 0.505450 0.610132
v -36.012001 -149.938797 610.545593
vn 0.610132 0.505449 -0.610132
v -36.012001 -149.938797 550.545593
vn 0.610132 0.505449 0.610132
v 35.987999 -149.938797 610.545593
vn -0.610131 0.505450 -0.610132
v 29.719200 -156.207596 556.814392
vn -0.270598 0.923880 0.270598
v -29.743200 -156.207596 556.814392
vn 0.270598 0.923880 0.270598
v -29.743200 -156.207596 604.276794
vn 0.270598 0.923880 -0.270598
v 29.719200 -156.207596 604.276794
vn -0.270598 0.923880 -0.270598
v 83.987999 -9.807000 670.545593
vn -0.524693 0.599296 -0.604600
v 83.987999 -9.807120 610.545593
vn -0.524694 0.599297 0.604599
v 11.988000 -0.207120 610.545593
vn 0.626632 0.548627 0.553481
v 11.988000 -0.207000 670.545593
vn 0.626631 0.548626 -0.553482
v 83.987999 5.524080 610.545593
vn -0.610131 -0.505450 0.610132
v 83.987999 5.524200 670.545593
vn -0.610131 -0.505450 -0.610131
v 11.988000 5.524080 610.545593
vn 0.610132 -0.505449 0.610132
v 11.988000 5.524200 670.545593
vn 0.610132 -0.505449 -0.610131
v 77.719200 11.792880 616.814392
vn -0.270598 -0.923879 0.270600
v 77.719200 11.793000 664.276794
vn -0.270598 -0.923880 -0.270597
v 18.256800 11.793000 664.276794
vn 0.270599 -0.923880 -0.270597
v 18.256800 11.792880 616.814392
vn 0.270598 -0.923879 0.270600
v -84.012001 -9.807000 670.545593
vn 0.524693 0.599296 -0.604600
v -84.012001 -9.807120 610.545593
vn 0.524694 0.599297 0.604599
v -12.012001 -0.207120 610.545593
vn -0.626632 0.548627 0.553481
v -12.012001 -0.207000 670.545593
vn -0.626631 0.548626 -0.553482
v -84.012001 5.524080 610.545593
vn 0.610132 -0.505449 0.610132
v -84.012001 5.524200 670.545593
vn 0.610132 -0.505449 -0.610131
v -12.012001 5.524200 670.545593
vn -0.610131 -0.505450 -0.610131
v -12.012001 5.524080 610.545593
vn -0.610131 -0.505450 0.610132
v -77.743202 11.792880 616.814392
vn 0.270598 -0.923879 0.270600
v -18.280800 11.792880 616.814392
vn -0.270598 -0.923879 0.270600
v -18.280800 11.793000 664.276794
vn -0.270598 -0.923880 -0.270597
v -77.743202 11.793000 664.276794
vn 0.270599 -0.923880 -0.270597
vt 0.293266 0.438507
vt 0.292397 0.441013
vt 0.295484 0.441935
f 59/1/59 66/2/66 56/3/56
vt 0.547044 0.536205
vt 0.550257 0.539144
vt 0.549522 0.534417
f 64/4/64 70/5/70 54/6/54
vt 0.290751 0.441013
vt 0.294651 0.465402
vt 0.292397 0.441013
f 65/7/65 67/8/67 66/9/66
vt 0.294404 0.486448
vt 0.296908 0.515676
vt 0.299078 0.515676
f 68/10/68 70/11/70 69/12/69
vt 0.676624 0.199978
vt 0.676619 0.248840
vt 0.676624 0.248198
f 77/13/77 109/14/109 74/15/74
vt 0.681203 0.193316
vt 0.676617 0.199332
vt 0.676624 0.199334
f 111/16/111 113/17/113 112/18/112
vt 0.219573 0.382206
vt 0.216729 0.371641
vt 0.216460 0.376426
f 114/19/114 116/20/116 115/21/115
vt 0.192798 0.450310
vt 0.199996 0.446566
vt 0.195035 0.446861
f 118/22/118 119/23/119 117/24/117
vt 0.324231 0.497781
vt 0.324544 0.491390
vt 0.321089 0.493541
f 141/25/141 155/26/155 151/27/151
vt 0.386483 0.497781
vt 0.389664 0.493506
vt 0.385891 0.491390
f 142/28/142 161/29/161 154/30/154
vt 0.644415 0.539205
vt 0.644763 0.545241
vt 0.647560 0.543443
f 144/31/144 157/32/157 149/33/149
vt 0.543587 0.539205
vt 0.540378 0.543473
vt 0.542857 0.545241
f 145/34/145 163/35/163 156/36/156
vt 0.543762 0.347906
vt 0.541006 0.352085
vt 0.545107 0.352606
f 148/37/148 158/38/158 140/39/140
vt 0.672969 0.647111
vt 0.675836 0.641949
vt 0.671624 0.642416
f 150/40/150 152/41/152 147/42/147
vt 0.675836 0.550277
vt 0.673016 0.544639
vt 0.671624 0.549393
f 153/43/153 162/44/162 146/45/146
vt 0.541006 0.504364
vt 0.543717 0.508068
vt 0.545107 0.503273
f 159/46/159 160/47/160 143/48/143
vt 0.569305 0.491195
vt 0.569896 0.484804
vt 0.566123 0.486920
f 466/49/466 482/50/482 471/51/471
vt 0.407767 0.508068
vt 0.410478 0.504364
vt 0.406377 0.503273
f 468/52/468 473/53/473 465/54/465
vt 0.415409 0.550059
vt 0.412200 0.545791
vt 0.412930 0.551827
f 469/55/469 487/56/487 472/57/472
vt 0.410478 0.352085
vt 0.407722 0.347906
vt 0.406377 0.352606
f 474/58/474 476/59/476 464/60/464
vt 0.311024 0.551827
vt 0.311372 0.545791
vt 0.308227 0.550030
f 475/61/475 484/62/484 479/63/479
vt 0.634698 0.486955
vt 0.631243 0.484804
vt 0.631557 0.491195
f 477/64/477 481/65/481 467/66/467
vt 0.330151 0.647111
vt 0.331496 0.642416
vt 0.327283 0.641949
f 478/67/478 485/68/485 480/69/480
vt 0.327283 0.550277
vt 0.331496 0.549393
vt 0.330104 0.544639
f 483/70/483 486/71/486 470/72/470
vt 0.450537 0.650067
vt 0.433637 0.973307
vt 0.450537 0.973307
f 488/73/488 512/74/512 493/75/493
vt 0.518136 0.650067
vt 0.537106 0.973307
vt 0.619533 0.650067
f 491/76/491 513/77/513 501/78/501
vt 0.518136 0.973307
vt 0.537106 0.973307
vt 0.518136 0.650067
f 492/79/492 513/80/513 491/81/491
vt 0.463480 0.057358
vt 0.476355 0.380599
vt 0.476355 0.057358
f 495/82/495 496/83/496 494/84/494
vt 0.463480 0.057358
vt 0.374958 0.380599
vt 0.476355 0.380599
f 495/85/495 497/86/497 496/87/496
vt 0.244008 0.181423
vt 0.244008 0.220363
vt 0.460322 0.220363
f 495/88/495 498/89/498 497/90/497
vt 0.619533 0.650067
vt 0.537106 0.973307
vt 0.551935 0.973307
f 501/91/501 513/92/513 499/93/499
vt 0.832100 0.328811
vt 0.832100 0.300224
vt 0.615785 0.328810
f 502/94/502 503/95/503 500/96/500
vt 0.563757 0.057358
vt 0.543953 0.380599
vt 0.645351 0.380599
f 503/97/503 504/98/504 500/99/500
vt 0.563757 0.057358
vt 0.543953 0.057358
vt 0.543953 0.380599
f 503/100/503 505/101/505 504/102/504
vt 0.451174 0.433718
vt 0.484973 0.352908
vt 0.383575 0.433718
f 508/103/508 517/104/517 506/105/506
vt 0.349139 0.650067
vt 0.433637 0.973307
vt 0.450537 0.650067
f 510/106/510 512/107/512 488/108/488
vt 0.416738 0.973307
vt 0.433637 0.973307
vt 0.349139 0.650067
f 511/109/511 512/110/512 510/111/510
vt 0.552571 0.352908
vt 0.586370 0.433718
vt 0.653969 0.433718
f 516/112/516 519/113/519 515/114/515
vt 0.433955 0.361754
vt 0.386636 0.363774
vt 0.433955 0.363774
f 559/115/559 637/116/637 561/117/561
vt 0.458659 0.486246
vt 0.444759 0.461213
vt 0.430860 0.481984
f 666/118/666 682/119/682 675/120/675
vt 0.430860 0.481984
vt 0.430860 0.502754
vt 0.458659 0.486246
f 675/121/675 676/122/676 666/123/666
vt 0.430860 0.502754
vt 0.444759 0.511063
vt 0.458659 0.486246
f 676/124/676 677/125/677 666/126/666
vt 0.498236 0.955089
vt 0.470436 0.955089
vt 0.484336 0.980282
f 677/127/677 678/128/678 666/129/666
vt 0.472559 0.511063
vt 0.486459 0.502754
vt 0.458659 0.486246
f 678/130/678 679/131/679 666/132/666
vt 0.486459 0.502754
vt 0.486459 0.481984
vt 0.458659 0.486246
f 679/133/679 680/134/680 666/135/666
vt 0.486459 0.481984
vt 0.472559 0.461213
vt 0.458659 0.486246
f 680/136/680 681/137/681 666/138/666
vt 0.496254 0.075577
vt 0.524054 0.075577
vt 0.510154 0.050384
f 681/139/681 682/140/682 666/141/666
vt 0.552571 0.374161
vt 0.541190 0.400218
vt 0.560063 0.394408
f 692/142/692 704/143/704 693/144/693
vt 0.477480 0.394408
vt 0.496354 0.400218
vt 0.484973 0.374161
f 694/145/694 703/146/703 695/147/695
vt 0.695208 0.609800
vt 0.872139 0.720914
vt 0.783673 0.609800
f 708/148/708 723/149/723 709/150/709
vt 0.604616 0.510634
vt 0.600827 0.399519
vt 0.541426 0.399519
f 710/151/710 713/152/713 711/153/711
vt 0.604616 0.399166
vt 0.600827 0.399519
vt 0.604616 0.510634
f 712/154/712 713/155/713 710/156/710
vt 0.655168 0.510634
vt 0.663332 0.399519
vt 0.655168 0.399115
f 714/157/714 716/158/716 715/159/715
vt 0.655168 0.510634
vt 0.743634 0.399519
vt 0.663332 0.399519
f 714/160/714 717/161/717 716/162/716
vt 0.655168 0.510634
vt 0.832100 0.399520
vt 0.743634 0.399519
f 714/163/714 718/164/718 717/165/717
vt 0.471491 0.402186
vt 0.475280 0.291072
vt 0.471491 0.290719
f 719/166/719 722/167/722 721/168/721
vt 0.534680 0.291071
vt 0.475280 0.291072
vt 0.471491 0.402186
f 720/169/720 722/170/722 719/171/719
vt 0.872139 0.720914
vt 0.863975 0.609800
vt 0.783673 0.609800
f 723/172/723 725/173/725 709/174/709
vt 0.872139 0.609395
vt 0.863975 0.609800
vt 0.872139 0.720914
f 724/175/724 725/176/725 723/177/723
vt 0.548547 0.125934
vt 0.558795 0.120576
vt 0.548547 0.120730
f 763/178/763 769/179/769 767/180/767
vt 0.561372 0.123374
vt 0.559444 0.116843
vt 0.558795 0.120576
f 770/181/770 774/182/774 769/183/769
vt 0.508322 0.254240
vt 0.497801 0.267829
vt 0.508322 0.264017
f 776/184/776 782/185/782 779/186/779
vt 0.548547 0.191259
vt 0.558795 0.195638
vt 0.548547 0.186055
f 780/187/780 784/188/784 775/189/775
vt 0.800716 0.470318
vt 0.800223 0.476079
vt 0.801916 0.473763
f 781/190/781 788/191/788 782/192/782
vt 0.749645 0.502919
vt 0.752944 0.501947
vt 0.748173 0.499066
f 784/193/784 787/194/787 783/195/783
vt 0.575586 0.127102
vt 0.585902 0.120769
vt 0.575586 0.120730
f 790/196/790 796/197/796 794/198/794
vt 0.588412 0.123374
vt 0.586484 0.116843
vt 0.585902 0.120769
f 797/199/797 801/200/801 796/201/796
vt 0.481282 0.253072
vt 0.470692 0.267716
vt 0.481282 0.264017
f 803/202/803 809/203/809 806/204/806
vt 0.575586 0.191259
vt 0.585902 0.195473
vt 0.575586 0.184887
f 807/205/807 811/206/811 802/207/802
vt 0.800716 0.429913
vt 0.800223 0.435675
vt 0.801856 0.433253
f 808/208/808 815/209/815 809/210/809
vt 0.749570 0.462413
vt 0.752944 0.461542
vt 0.748173 0.458661
f 811/211/811 814/212/814 810/213/810
vt 0.781101 0.309890
vt 0.780977 0.314445
vt 0.785013 0.309890
f 820/214/820 826/215/826 819/216/819
vt 0.762861 0.334620
vt 0.764375 0.328588
vt 0.761630 0.330572
f 824/217/824 828/218/828 823/219/823
vt 0.663104 0.280917
vt 0.660056 0.286948
vt 0.663104 0.286568
f 832/220/832 838/221/838 833/222/833
vt 0.786026 0.410773
vt 0.788831 0.408986
vt 0.784794 0.406725
f 837/223/837 840/224/840 836/225/836
vt 0.820300 0.368732
vt 0.822784 0.367331
vt 0.818618 0.367140
f 842/226/842 856/227/856 843/228/843
vt 0.431947 0.353938
vt 0.431213 0.358606
vt 0.434426 0.356640
f 848/229/848 860/230/860 852/231/852
vt 0.901170 0.300519
vt 0.904323 0.299596
vt 0.902994 0.297090
f 850/232/850 862/233/862 855/234/855
vt 0.891840 0.379061
vt 0.893776 0.374260
vt 0.890417 0.376646
f 851/235/851 861/236/861 845/237/845
vt 0.379570 0.367969
vt 0.381248 0.369318
vt 0.381865 0.364674
f 858/238/858 859/239/859 849/240/849
vt 0.067502 0.300519
vt 0.065679 0.297090
vt 0.064350 0.299596
f 868/241/868 881/242/881 872/243/872
vt 0.644160 0.245490
vt 0.641681 0.248193
vt 0.644894 0.250159
f 870/244/870 878/245/878 874/246/874
vt 0.694859 0.260870
vt 0.696536 0.259521
vt 0.694242 0.256227
f 871/247/871 882/248/882 869/249/869
vt 0.074896 0.374260
vt 0.076832 0.379061
vt 0.078074 0.375357
f 873/250/873 875/251/875 867/252/867
vt 0.850684 0.458479
vt 0.850689 0.459121
vt 0.850684 0.410259
f 886/253/886 922/254/922 889/255/889
vt 0.850691 0.409612
vt 0.846104 0.403597
vt 0.850684 0.409614
f 924/256/924 925/257/925 923/258/923
vt 0.697745 0.382206
vt 0.700859 0.376426
vt 0.700589 0.371641
f 926/259/926 928/260/928 927/261/927
vt 0.717323 0.446566
vt 0.724520 0.450310
vt 0.722284 0.446861
f 930/262/930 931/263/931 929/264/929
vt 0.534667 0.296270
vt 0.534667 0.301816
vt 0.663104 0.301817
f 953/265/953 959/266/959 957/267/957
vt 0.864204 0.496849
vt 0.867252 0.497229
vt 0.864204 0.491197
f 955/268/955 960/269/960 956/270/956
vt 0.235295 0.309890
vt 0.239332 0.314445
vt 0.239207 0.309890
f 967/271/967 975/272/975 968/273/968
vt 0.663104 0.229712
vt 0.534667 0.229712
vt 0.534667 0.235259
f 969/274/969 971/275/971 966/276/966
vt 0.527560 0.294502
vt 0.517312 0.304086
vt 0.527560 0.299706
f 1000/277/1000 1007/278/1007 1005/279/1005
vt 0.220499 0.499066
vt 0.215728 0.501947
vt 0.219027 0.502919
f 1008/280/1008 1011/281/1011 1007/282/1007
vt 0.624428 0.185794
vt 0.591729 0.185789
vt 0.592159 0.185794
f 1031/283/1031 1063/284/1063 1028/285/1028
vt 0.628886 0.192638
vt 0.624861 0.185784
vt 0.624859 0.185793
f 1065/286/1065 1067/287/1067 1066/288/1066
vt 0.331405 0.549602
vt 0.335273 0.544950
vt 0.328203 0.549200
f 1069/289/1069 1070/290/1070 1068/291/1068
vt 0.380848 0.584959
vt 0.378343 0.574204
vt 0.378540 0.581619
f 1072/292/1072 1073/293/1073 1071/294/1071
vt 0.118623 0.598914
vt 0.111683 0.610187
vt 0.118623 0.613976
f 1094/295/1094 1104/296/1104 1095/297/1095
vt 0.837164 0.621164
vt 0.844104 0.617375
vt 0.837164 0.597569
f 1097/298/1097 1102/299/1102 1096/300/1096
vt 0.460322 0.281644
vt 0.453682 0.298647
vt 0.460322 0.302279
f 1099/301/1099 1103/302/1103 1101/303/1101
vt 0.615785 0.396952
vt 0.622425 0.393320
vt 0.615785 0.386051
f 1100/304/1100 1105/305/1105 1098/306/1098
vt 0.118623 0.604155
vt 0.111683 0.623961
vt 0.118623 0.627750
f 1107/307/1107 1114/308/1114 1109/309/1109
vt 0.837164 0.607389
vt 0.844104 0.603601
vt 0.837164 0.592328
f 1108/310/1108 1116/311/1116 1106/312/1106
vt 0.460322 0.277603
vt 0.453682 0.284872
vt 0.460322 0.288504
f 1110/313/1110 1117/314/1117 1111/315/1111
vt 0.615785 0.410726
vt 0.622425 0.407094
vt 0.615785 0.390091
f 1113/316/1113 1115/317/1115 1112/318/1112
vt 0.364139 0.631180
vt 0.378125 0.585201
vt 0.362672 0.630184
f 1121/319/1121 1122/320/1122 1118/321/1118
vt 0.596598 0.547526
vt 0.597793 0.551718
vt 0.599306 0.545686
f 1125/322/1125 1128/323/1128 1124/324/1124
vt 0.317352 0.599401
vt 0.329871 0.552426
vt 0.315886 0.598405
f 1130/325/1130 1134/326/1134 1133/327/1133
vt 0.647560 0.512911
vt 0.651596 0.515173
vt 0.650269 0.511071
f 1137/328/1137 1141/329/1141 1136/330/1136
vt 0.592101 0.411421
vt 0.589281 0.426836
vt 0.596365 0.411421
f 1147/331/1147 1150/332/1150 1142/333/1142
vt 0.491264 0.331152
vt 0.491847 0.336194
vt 0.493774 0.329064
f 1150/334/1150 1153/335/1153 1149/336/1149
vt 0.635035 0.411421
vt 0.639274 0.426836
vt 0.639299 0.411421
f 1156/337/1156 1162/338/1162 1160/339/1160
vt 0.637530 0.430587
vt 0.641901 0.427707
vt 0.639274 0.426836
f 1163/340/1163 1167/341/1167 1162/342/1162
vt 0.592101 0.371016
vt 0.589170 0.386330
vt 0.595584 0.371016
f 1173/343/1173 1176/344/1176 1168/345/1168
vt 0.464157 0.331264
vt 0.464807 0.336194
vt 0.466735 0.329064
f 1176/346/1176 1179/347/1179 1175/348/1175
vt 0.635816 0.371016
vt 0.639403 0.386330
vt 0.639299 0.371016
f 1182/349/1182 1188/350/1188 1186/351/1186
vt 0.637530 0.390182
vt 0.641901 0.387301
vt 0.639403 0.386330
f 1189/352/1189 1193/353/1193 1188/354/1188
vt 0.395064 0.512853
vt 0.391396 0.510362
vt 0.366247 0.583302
f 1197/355/1197 1203/356/1203 1201/357/1201
vt 0.381010 0.371016
vt 0.380906 0.386330
vt 0.384492 0.371016
f 1199/358/1199 1202/359/1202 1195/360/1195
vt 0.485016 0.369947
vt 0.482118 0.371014
vt 0.485974 0.375522
f 1201/361/1201 1206/362/1206 1200/363/1200
vt 0.380906 0.386330
vt 0.378408 0.387301
vt 0.382779 0.390182
f 1202/364/1202 1205/365/1205 1203/366/1203
vt 0.544089 0.585385
vt 0.540606 0.587750
vt 0.560837 0.664030
f 1208/367/1208 1214/368/1214 1212/369/1212
vt 0.424725 0.371016
vt 0.431138 0.386330
vt 0.428207 0.371016
f 1208/370/1208 1216/371/1216 1214/372/1214
vt 0.382159 0.632332
vt 0.382876 0.628020
vt 0.378506 0.630900
f 1212/373/1212 1218/374/1218 1213/375/1213
vt 0.609372 0.437512
vt 0.611300 0.444642
vt 0.611950 0.439711
f 1217/376/1217 1220/377/1220 1216/378/1216
vt 0.500188 0.381337
vt 0.502115 0.374207
vt 0.499231 0.375787
f 1226/379/1226 1235/380/1235 1227/381/1227
vt 0.612925 0.628658
vt 0.587804 0.555692
vt 0.583540 0.558588
f 1227/382/1227 1228/383/1228 1223/384/1223
vt 0.381010 0.411421
vt 0.381035 0.426836
vt 0.385274 0.411421
f 1228/385/1228 1230/386/1230 1223/387/1223
vt 0.381035 0.426836
vt 0.378408 0.427707
vt 0.382779 0.430587
f 1230/388/1230 1233/389/1233 1231/390/1231
vt 0.544870 0.584854
vt 0.540606 0.587750
vt 0.560877 0.664011
f 1236/391/1236 1242/392/1242 1240/393/1240
vt 0.423943 0.411421
vt 0.431028 0.426836
vt 0.428207 0.411421
f 1236/394/1236 1244/395/1244 1242/396/1242
vt 0.382118 0.591925
vt 0.382876 0.587615
vt 0.378506 0.590495
f 1240/397/1240 1246/398/1246 1241/399/1241
vt 0.582332 0.437512
vt 0.584260 0.444642
vt 0.584843 0.439599
f 1245/400/1245 1248/401/1248 1244/402/1244
vt 0.393696 0.515433
vt 0.389984 0.512911
vt 0.375029 0.553337
f 1252/403/1252 1257/404/1257 1256/405/1256
vt 0.601433 0.598405
vt 0.587447 0.552426
vt 0.599967 0.599401
f 1253/406/1253 1254/407/1254 1250/408/1250
vt 0.381367 0.168472
vt 0.381367 0.360397
vt 0.385078 0.360397
f 1254/409/1254 1257/410/1257 1252/411/1252
vt 0.446803 0.339981
vt 0.443755 0.339503
vt 0.446803 0.345535
f 1256/412/1256 1260/413/1260 1255/414/1255
vt 0.554647 0.630184
vt 0.539194 0.585201
vt 0.553180 0.631180
f 1262/415/1262 1266/416/1266 1265/417/1265
vt 0.438237 0.545686
vt 0.439751 0.551718
vt 0.440946 0.547526
f 1269/418/1269 1272/419/1272 1268/420/1268
vt 0.359325 0.185794
vt 0.359755 0.185786
vt 0.327056 0.185794
f 1277/421/1277 1313/422/1313 1280/423/1280
vt 0.322598 0.192638
vt 0.326625 0.185793
vt 0.326623 0.185784
f 1314/424/1314 1316/425/1316 1315/426/1315
vt 0.582046 0.544950
vt 0.585914 0.549602
vt 0.589116 0.549200
f 1317/427/1317 1319/428/1319 1318/429/1318
vt 0.538976 0.574204
vt 0.536470 0.584959
vt 0.538778 0.581619
f 1321/430/1321 1322/431/1322 1320/432/1320
vt 0.476502 0.658914
vt 0.474207 0.661586
vt 0.475885 0.663603
f 1348/433/1348 1362/434/1362 1351/435/1351
vt 0.666270 0.516774
vt 0.668107 0.520478
vt 0.669374 0.515676
f 1350/436/1350 1355/437/1355 1353/438/1353
vt 0.525850 0.647592
vt 0.529063 0.644652
vt 0.526585 0.642864
f 1352/439/1352 1356/440/1356 1347/441/1347
vt 0.676276 0.441013
vt 0.675406 0.438507
vt 0.673188 0.441935
f 1354/442/1354 1359/443/1359 1349/444/1349
vt 0.321418 0.603954
vt 0.321418 0.630441
vt 0.409296 0.630441
vt 0.409296 0.603954
f 1/445/1 10/446/10 9/447/9 2/448/2
vt 0.404061 0.531510
vt 0.409969 0.557997
vt 0.451899 0.557664
vt 0.451899 0.543943
f 2/449/2 9/450/9 12/451/12 3/452/3
vt 0.546491 0.609800
vt 0.546491 0.623522
vt 0.634369 0.623522
vt 0.634369 0.609800
f 3/453/3 12/454/12 11/455/11 4/456/4
vt 0.482502 0.367617
vt 0.468982 0.367617
vt 0.468982 0.498934
vt 0.482502 0.498934
f 4/457/4 6/458/6 5/459/5 3/460/3
vt 0.525532 0.504428
vt 0.525532 0.518150
vt 0.567462 0.518482
vt 0.573371 0.491996
f 4/461/4 11/462/11 10/463/10 1/464/1
vt 0.465419 0.543943
vt 0.465419 0.557664
vt 0.507349 0.557997
vt 0.513258 0.531510
f 5/465/5 13/466/13 16/467/16 7/468/7
vt 0.321418 0.616386
vt 0.321418 0.630108
vt 0.409296 0.630108
vt 0.409296 0.616387
f 6/469/6 14/470/14 13/471/13 5/472/5
vt 0.546491 0.597368
vt 0.546491 0.623855
vt 0.634369 0.623854
vt 0.634369 0.597368
f 7/473/7 16/474/16 15/475/15 8/476/8
vt 0.464173 0.491996
vt 0.470082 0.518482
vt 0.512012 0.518150
vt 0.512012 0.504428
f 8/477/8 15/478/15 14/479/14 6/480/6
vt 0.524432 0.498934
vt 0.518724 0.492453
vt 0.486839 0.492453
vt 0.482502 0.498934
f 9/481/9 17/482/17 18/483/18 12/484/12
vt 0.524432 0.367617
vt 0.518724 0.374098
vt 0.518724 0.492453
vt 0.524432 0.498934
f 10/485/10 20/486/20 17/487/17 9/488/9
vt 0.482502 0.367617
vt 0.486839 0.374098
vt 0.518724 0.374098
vt 0.524432 0.367617
f 11/489/11 19/490/19 20/491/20 10/492/10
vt 0.482502 0.498934
vt 0.486839 0.492453
vt 0.486839 0.374098
vt 0.482502 0.367617
f 12/493/12 18/494/18 19/495/19 11/496/11
vt 0.468982 0.498934
vt 0.464645 0.492453
vt 0.432760 0.492453
vt 0.427052 0.498934
f 13/497/13 21/498/21 22/499/22 16/500/16
vt 0.468982 0.367617
vt 0.464645 0.374098
vt 0.464645 0.492453
vt 0.468982 0.498934
f 14/501/14 24/502/24 21/503/21 13/504/13
vt 0.470082 0.518482
vt 0.475790 0.524630
vt 0.507675 0.524630
vt 0.512012 0.518150
f 15/505/15 23/506/23 24/507/24 14/508/14
vt 0.427052 0.498934
vt 0.432760 0.492453
vt 0.432760 0.374098
vt 0.427052 0.367617
f 16/509/16 22/510/22 23/511/23 15/512/15
vt 0.518724 0.492453
vt 0.518724 0.374098
vt 0.486839 0.374098
vt 0.486839 0.492453
f 17/513/17 20/514/20 19/515/19 18/516/18
vt 0.464645 0.492453
vt 0.464645 0.374098
vt 0.432760 0.374098
vt 0.432760 0.492453
f 21/517/21 24/518/24 23/519/23 22/520/22
vt 0.455456 0.751475
vt 0.455456 0.801982
vt 0.496015 0.801982
vt 0.496015 0.751475
f 25/521/25 27/522/27 28/523/28 26/524/26
vt 0.377489 0.488596
vt 0.377489 0.483771
vt 0.343690 0.483771
vt 0.343690 0.488596
f 25/525/25 31/526/31 30/527/30 27/528/27
vt 0.539045 0.383223
vt 0.539045 0.378399
vt 0.498486 0.378399
vt 0.498486 0.383223
f 26/529/26 29/530/29 31/531/31 25/532/25
vt 0.478945 0.422738
vt 0.478945 0.417913
vt 0.438387 0.417913
vt 0.438387 0.422738
f 27/533/27 30/534/30 32/535/32 28/536/28
vt 0.612098 0.495182
vt 0.612098 0.490358
vt 0.578298 0.490358
vt 0.578298 0.495182
f 28/537/28 32/538/32 29/539/29 26/540/26
vt 0.521833 0.262761
vt 0.518301 0.257484
vt 0.484805 0.257484
vt 0.481274 0.262761
f 29/541/29 33/542/33 34/543/34 31/544/31
vt 0.481274 0.212255
vt 0.484805 0.217532
vt 0.518301 0.217532
vt 0.521833 0.212255
f 30/545/30 35/546/35 36/547/36 32/548/32
vt 0.377489 0.483771
vt 0.373958 0.478495
vt 0.347221 0.478495
vt 0.343690 0.483771
f 31/549/31 34/550/34 35/551/35 30/552/30
vt 0.612098 0.490358
vt 0.608566 0.485081
vt 0.581830 0.485081
vt 0.578298 0.490358
f 32/553/32 36/554/36 33/555/33 29/556/29
vt 0.518301 0.257484
vt 0.518301 0.217532
vt 0.484805 0.217532
vt 0.484805 0.257484
f 33/557/33 36/558/36 35/559/35 34/560/34
vt 0.557466 0.454300
vt 0.516907 0.454300
vt 0.516907 0.504806
vt 0.557466 0.504806
f 37/561/37 40/562/40 39/563/39 38/564/38
vt 0.411347 0.535873
vt 0.411347 0.548778
vt 0.451906 0.548778
vt 0.451906 0.543954
f 37/565/37 42/566/42 44/567/44 40/568/40
vt 0.431291 0.289588
vt 0.431291 0.302494
vt 0.465090 0.302494
vt 0.465090 0.289589
f 38/569/38 41/570/41 42/571/42 37/572/37
vt 0.525525 0.504439
vt 0.525525 0.509264
vt 0.566084 0.509264
vt 0.566084 0.496358
f 39/573/39 43/574/43 41/575/41 38/576/38
vt 0.611017 0.392945
vt 0.611017 0.397769
vt 0.644817 0.397769
vt 0.644817 0.392945
f 40/577/40 44/578/44 43/579/43 39/580/39
vt 0.531648 0.525860
vt 0.528117 0.531137
vt 0.528117 0.571089
vt 0.531648 0.576366
f 41/581/41 45/582/45 46/583/46 42/584/42
vt 0.531648 0.576366
vt 0.528117 0.571089
vt 0.494621 0.571089
vt 0.491089 0.576366
f 42/585/42 46/586/46 47/587/47 44/588/44
vt 0.491089 0.525860
vt 0.494621 0.531137
vt 0.528117 0.531137
vt 0.531648 0.525860
f 43/589/43 48/590/48 45/591/45 41/592/41
vt 0.491089 0.576366
vt 0.494621 0.571089
vt 0.494621 0.531137
vt 0.491089 0.525860
f 44/593/44 47/594/47 48/595/48 43/596/43
vt 0.528117 0.531137
vt 0.494621 0.531137
vt 0.494621 0.571089
vt 0.528117 0.571089
f 45/597/45 48/598/48 47/599/47 46/600/46
vt 0.388505 0.555707
vt 0.385174 0.413285
vt 0.374143 0.414818
vt 0.377189 0.556159
f 49/601/49 52/602/52 51/603/51 50/604/50
vt 0.498602 0.512855
vt 0.476502 0.664155
vt 0.526585 0.648581
vt 0.593911 0.520356
f 49/605/49 56/606/56 55/607/55 52/608/52
vt 0.397123 0.617763
vt 0.394076 0.618894
vt 0.327702 0.768330
vt 0.329920 0.769064
f 49/609/49 58/610/58 59/611/59 56/612/56
vt 0.377189 0.556159
vt 0.378121 0.559814
vt 0.385458 0.559521
vt 0.388505 0.555707
f 50/613/50 57/614/57 58/615/58 49/616/49
vt 0.483222 0.404310
vt 0.549522 0.534417
vt 0.599605 0.550467
vt 0.577808 0.396690
f 51/617/51 54/618/54 53/619/53 50/620/50
vt 0.483222 0.404310
vt 0.482092 0.408115
vt 0.547044 0.536205
vt 0.549522 0.534417
f 51/621/51 63/622/63 64/623/64 54/624/54
vt 0.583640 0.664779
vt 0.586660 0.665850
vt 0.593722 0.660986
vt 0.594671 0.657180
f 52/625/52 62/626/62 63/627/63 51/628/51
vt 0.324351 0.763822
vt 0.325752 0.766494
vt 0.386739 0.613891
vt 0.385807 0.610046
f 53/629/53 60/630/60 57/631/57 50/632/50
vt 0.599605 0.550467
vt 0.569817 0.545412
vt 0.600222 0.555383
vt 0.601900 0.553138
f 53/633/53 68/634/68 65/635/65 60/636/60
vt 0.549522 0.534417
vt 0.550257 0.539144
vt 0.569817 0.545412
vt 0.599605 0.550467
f 54/637/54 70/638/70 68/639/68 53/640/53
vt 0.302402 0.516774
vt 0.300565 0.520478
vt 0.356335 0.618518
vt 0.359356 0.617381
f 55/641/55 61/642/61 62/643/62 52/644/52
vt 0.302402 0.516774
vt 0.294651 0.465402
vt 0.299078 0.515676
vt 0.300565 0.520478
f 55/645/55 67/646/67 69/647/69 61/648/61
vt 0.295484 0.441935
vt 0.292397 0.441013
vt 0.294651 0.465402
vt 0.302402 0.516774
f 56/649/56 66/650/66 67/651/67 55/652/55
vt 0.386739 0.613891
vt 0.325752 0.766494
vt 0.327702 0.768330
vt 0.394076 0.618894
f 57/653/57 60/654/60 59/655/59 58/656/58
vt 0.325752 0.766494
vt 0.325186 0.768739
vt 0.326833 0.770288
vt 0.327702 0.768330
f 60/657/60 65/658/65 66/659/66 59/660/59
vt 0.642430 0.791411
vt 0.644912 0.789075
vt 0.593722 0.660986
vt 0.586660 0.665850
f 61/661/61 64/662/64 63/663/63 62/664/62
vt 0.300565 0.520478
vt 0.299078 0.515676
vt 0.296908 0.515676
vt 0.298084 0.520478
f 61/665/61 69/666/69 70/667/70 64/668/64
vt 0.290751 0.441013
vt 0.294404 0.486448
vt 0.299078 0.515676
vt 0.294651 0.465402
f 65/669/65 68/670/68 69/671/69 67/672/67
vt 0.737196 0.298607
vt 0.737196 0.232922
vt 0.676624 0.232922
vt 0.676624 0.298607
f 71/673/71 75/674/75 76/675/76 72/676/72
vt 0.775201 0.289688
vt 0.833902 0.289688
vt 0.798659 0.199055
vt 0.775201 0.199174
f 72/677/72 74/678/74 73/679/73 71/680/71
vt 0.193613 0.443029
vt 0.213594 0.377345
vt 0.149579 0.344401
vt 0.134912 0.392621
f 72/681/72 76/682/76 77/683/77 74/684/74
vt 0.720808 0.134890
vt 0.746390 0.135009
vt 0.784822 0.044376
vt 0.720808 0.044376
f 75/685/75 78/686/78 77/687/77 76/688/76
vt 0.676624 0.199978
vt 0.676624 0.199334
vt 0.676617 0.199332
vt 0.676619 0.248840
f 77/689/77 112/690/112 113/691/113 109/692/109
vt 0.857664 0.450980
vt 0.790132 0.448064
vt 0.790132 0.512424
vt 0.857664 0.509507
f 81/693/81 114/694/114 119/695/119 82/696/82
vt 0.857664 0.450980
vt 0.857655 0.440415
vt 0.790116 0.437499
vt 0.790132 0.448064
f 81/697/81 131/698/131 116/699/116 114/700/114
vt 0.406463 0.190779
vt 0.446982 0.189029
vt 0.446982 0.134001
vt 0.406463 0.132252
f 82/701/82 83/702/83 84/703/84 81/704/81
vt 0.742112 0.730548
vt 0.749310 0.730560
vt 0.748766 0.668676
vt 0.741580 0.670000
f 82/705/82 120/706/120 121/707/121 83/708/83
vt 0.446982 0.189029
vt 0.487541 0.196494
vt 0.487541 0.143219
vt 0.446982 0.134001
f 83/709/83 85/710/85 86/711/86 84/712/84
vt 0.741580 0.670000
vt 0.748766 0.668676
vt 0.736219 0.608069
vt 0.729033 0.609393
f 83/713/83 121/714/121 122/715/122 85/716/85
vt 0.446982 0.134001
vt 0.447869 0.123476
vt 0.406455 0.121687
vt 0.406463 0.132252
f 84/717/84 130/718/130 131/719/131 81/720/81
vt 0.487541 0.196494
vt 0.548320 0.193869
vt 0.548320 0.145844
vt 0.487541 0.143219
f 85/721/85 87/722/87 88/723/88 86/724/86
vt 0.729033 0.609393
vt 0.736219 0.608069
vt 0.735443 0.519922
vt 0.728235 0.518571
f 85/725/85 122/726/122 123/727/123 87/728/87
vt 0.487541 0.143219
vt 0.488428 0.132693
vt 0.447869 0.123476
vt 0.446982 0.134001
f 86/729/86 129/730/129 130/731/130 84/732/84
vt 0.548320 0.193869
vt 0.588799 0.182904
vt 0.588799 0.140125
vt 0.548320 0.145844
f 87/733/87 89/734/89 90/735/90 88/736/88
vt 0.728235 0.518571
vt 0.735443 0.519922
vt 0.746335 0.462550
vt 0.739717 0.458083
f 87/737/87 123/738/123 124/739/124 89/740/89
vt 0.548320 0.145844
vt 0.547416 0.135241
vt 0.488428 0.132693
vt 0.487541 0.143219
f 88/741/88 128/742/128 129/743/129 86/744/86
vt 0.774153 0.396260
vt 0.791910 0.381563
vt 0.780225 0.343154
vt 0.761140 0.353481
f 89/745/89 91/746/91 92/747/92 90/748/90
vt 0.739717 0.458083
vt 0.746335 0.462550
vt 0.764319 0.431977
vt 0.757474 0.427898
f 89/749/89 124/750/124 125/751/125 91/752/91
vt 0.588799 0.140125
vt 0.585810 0.129817
vt 0.547416 0.135241
vt 0.548320 0.145844
f 90/753/90 127/754/127 128/755/128 88/756/88
vt 0.608999 0.168208
vt 0.676490 0.156077
vt 0.676490 0.125246
vt 0.608999 0.129798
f 91/757/91 96/758/96 93/759/93 92/760/92
vt 0.757474 0.427898
vt 0.764319 0.431977
vt 0.775799 0.327070
vt 0.768602 0.327045
f 91/761/91 125/762/125 95/763/95 96/764/96
vt 0.608999 0.129798
vt 0.606269 0.119357
vt 0.585810 0.129817
vt 0.588799 0.140125
f 92/765/92 126/766/126 127/767/127 90/768/90
vt 0.676490 0.125246
vt 0.676474 0.114682
vt 0.606269 0.119357
vt 0.608999 0.129798
f 93/769/93 94/770/94 126/771/126 92/772/92
vt 0.399701 0.252767
vt 0.509242 0.252835
vt 0.507787 0.241548
vt 0.399717 0.241488
f 97/773/97 136/774/136 102/775/102 98/776/98
vt 0.399717 0.241488
vt 0.507787 0.241548
vt 0.507787 0.206622
vt 0.399717 0.215022
f 98/777/98 102/778/102 101/779/101 100/780/100
vt 0.816407 0.703471
vt 0.821260 0.541981
vt 0.813902 0.539807
vt 0.808992 0.703495
f 100/781/100 101/782/101 135/783/135 99/784/99
vt 0.507787 0.241548
vt 0.534840 0.233500
vt 0.534840 0.197987
vt 0.507787 0.206622
f 102/785/102 104/786/104 103/787/103 101/788/101
vt 0.507787 0.241548
vt 0.509242 0.252835
vt 0.536133 0.244835
vt 0.534840 0.233500
f 102/789/102 136/790/136 137/791/137 104/792/104
vt 0.833451 0.501556
vt 0.826020 0.499623
vt 0.813902 0.539807
vt 0.821260 0.541981
f 103/793/103 134/794/134 135/795/135 101/796/101
vt 0.534840 0.233500
vt 0.568606 0.234959
vt 0.568606 0.196530
vt 0.534840 0.197987
f 104/797/104 105/798/105 106/799/106 103/800/103
vt 0.534840 0.233500
vt 0.536133 0.244835
vt 0.566310 0.246139
vt 0.568606 0.234959
f 104/801/104 137/802/137 138/803/138 105/804/105
vt 0.124116 0.379381
vt 0.135954 0.389179
vt 0.148529 0.347837
vt 0.135806 0.340952
f 105/805/105 108/806/108 107/807/107 106/808/106
vt 0.568606 0.234959
vt 0.566310 0.246139
vt 0.579776 0.255936
vt 0.582072 0.244756
f 105/809/105 138/810/138 139/811/139 108/812/108
vt 0.833008 0.451099
vt 0.825624 0.454529
vt 0.826020 0.499623
vt 0.833451 0.501556
f 106/813/106 133/814/133 134/815/134 103/816/103
vt 0.820284 0.430976
vt 0.812900 0.434407
vt 0.825624 0.454529
vt 0.833008 0.451099
f 107/817/107 132/818/132 133/819/133 106/820/106
vt 0.582072 0.244756
vt 0.676619 0.248840
vt 0.676617 0.199332
vt 0.582072 0.203415
f 108/821/108 109/822/109 113/823/113 107/824/107
vt 0.582072 0.244756
vt 0.579776 0.255936
vt 0.681203 0.258639
vt 0.676619 0.248840
f 108/825/108 139/826/139 110/827/110 109/828/109
vt 0.819042 0.289698
vt 0.813851 0.282844
vt 0.812900 0.434407
vt 0.820284 0.430976
f 113/829/113 111/830/111 132/831/132 107/832/107
vt 0.734406 0.134860
vt 0.741603 0.134884
vt 0.740715 0.033959
vt 0.733518 0.033947
f 119/833/119 118/834/118 120/835/120 82/836/82
vt 0.545107 0.352606
vt 0.545107 0.503273
vt 0.652851 0.464844
vt 0.652851 0.371820
f 140/837/140 143/838/143 142/839/142 141/840/141
vt 0.545107 0.352606
vt 0.541006 0.352085
vt 0.541006 0.504364
vt 0.545107 0.503273
f 140/841/140 158/842/158 159/843/159 143/844/143
vt 0.695881 0.385823
vt 0.694561 0.381583
vt 0.586792 0.465816
vt 0.588136 0.470036
f 141/845/141 151/846/151 148/847/148 140/848/140
vt 0.386483 0.497781
vt 0.385891 0.491390
vt 0.324544 0.491390
vt 0.324231 0.497781
f 142/849/142 154/850/154 155/851/155 141/852/141
vt 0.389294 0.509551
vt 0.390684 0.505366
vt 0.282825 0.421063
vt 0.281550 0.425337
f 143/853/143 160/854/160 161/855/161 142/856/142
vt 0.559524 0.661631
vt 0.671624 0.642416
vt 0.671624 0.549393
vt 0.559524 0.510964
f 144/857/144 147/858/147 146/859/146 145/860/145
vt 0.576736 0.433833
vt 0.578054 0.438071
vt 0.690181 0.367673
vt 0.688836 0.363451
f 144/861/144 149/862/149 150/863/150 147/864/147
vt 0.543587 0.539205
vt 0.542857 0.545241
vt 0.644763 0.545241
vt 0.644415 0.539205
f 145/865/145 156/866/156 157/867/157 144/868/144
vt 0.671624 0.549393
vt 0.673016 0.544639
vt 0.560796 0.506169
vt 0.559524 0.510964
f 146/869/146 162/870/162 163/871/163 145/872/145
vt 0.671624 0.642416
vt 0.675836 0.641949
vt 0.675836 0.550277
vt 0.671624 0.549393
f 147/873/147 152/874/152 153/875/153 146/876/146
vt 0.586792 0.465816
vt 0.694561 0.381583
vt 0.690181 0.367673
vt 0.578054 0.438071
f 148/877/148 151/878/151 150/879/150 149/880/149
vt 0.578054 0.438071
vt 0.575185 0.439868
vt 0.584036 0.467975
vt 0.586792 0.465816
f 149/881/149 157/882/157 158/883/158 148/884/148
vt 0.321089 0.493541
vt 0.324544 0.491390
vt 0.324544 0.477827
vt 0.321089 0.479631
f 151/885/151 155/886/155 152/887/152 150/888/150
vt 0.324544 0.477827
vt 0.324544 0.491390
vt 0.385891 0.491390
vt 0.385891 0.477827
f 152/889/152 155/890/155 154/891/154 153/892/153
vt 0.385891 0.491390
vt 0.389664 0.493506
vt 0.389664 0.479602
vt 0.385891 0.477827
f 154/893/154 161/894/161 162/895/162 153/896/153
vt 0.542857 0.545241
vt 0.542857 0.573348
vt 0.644763 0.573347
vt 0.644763 0.545241
f 156/897/156 159/898/159 158/899/158 157/900/157
vt 0.402246 0.479383
vt 0.399424 0.477615
vt 0.390684 0.505366
vt 0.393395 0.507490
f 156/901/156 163/902/163 160/903/160 159/904/159
vt 0.390684 0.505366
vt 0.399424 0.477615
vt 0.287203 0.407158
vt 0.282825 0.421063
f 160/905/160 163/906/163 162/907/162 161/908/161
vt 0.550076 0.524353
vt 0.511104 0.524353
vt 0.511071 0.529156
vt 0.550010 0.529156
f 165/909/165 177/910/177 189/911/189 174/912/174
vt 0.550076 0.524353
vt 0.550589 0.519549
vt 0.511361 0.519549
vt 0.511104 0.524353
f 165/913/165 178/914/178 193/915/193 177/916/177
vt 0.583447 0.610048
vt 0.586865 0.610048
vt 0.586865 0.551120
vt 0.583447 0.551618
f 166/917/166 180/918/180 190/919/190 175/920/175
vt 0.350955 0.466442
vt 0.350651 0.465043
vt 0.347834 0.464899
vt 0.347536 0.466267
f 166/921/166 195/922/195 196/923/196 180/924/180
vt 0.472133 0.524353
vt 0.472133 0.529156
vt 0.511071 0.529156
vt 0.511104 0.524353
f 167/925/167 179/926/179 189/927/189 177/928/177
vt 0.354819 0.458495
vt 0.353835 0.458495
vt 0.352872 0.462453
vt 0.353651 0.463298
f 167/929/167 203/930/203 194/931/194 179/932/179
vt 0.589699 0.610048
vt 0.589699 0.550586
vt 0.586865 0.551120
vt 0.586865 0.610048
f 169/933/169 182/934/182 190/935/190 180/936/180
vt 0.483654 0.535851
vt 0.483654 0.530939
vt 0.443623 0.530939
vt 0.443862 0.535851
f 169/937/169 184/938/184 191/939/191 182/940/182
vt 0.344703 0.463407
vt 0.345498 0.462542
vt 0.344720 0.458495
vt 0.343758 0.458495
f 169/941/169 197/942/197 198/943/198 184/944/184
vt 0.483654 0.526027
vt 0.443566 0.526027
vt 0.443623 0.530939
vt 0.483654 0.530939
f 171/945/171 185/946/185 191/947/191 184/948/184
vt 0.615516 0.404189
vt 0.612683 0.404189
vt 0.612683 0.463816
vt 0.615516 0.464093
f 171/949/171 187/950/187 192/951/192 185/952/185
vt 0.344703 0.453583
vt 0.345498 0.454448
vt 0.347834 0.452091
vt 0.347536 0.450723
f 171/953/171 199/954/199 200/955/200 187/956/187
vt 0.609264 0.522482
vt 0.609264 0.463335
vt 0.606569 0.462808
vt 0.606569 0.521427
f 172/957/172 188/958/188 193/959/193 178/960/178
vt 0.609264 0.404189
vt 0.609264 0.463335
vt 0.612683 0.463816
vt 0.612683 0.404189
f 173/961/173 188/962/188 192/963/192 187/964/187
vt 0.350955 0.450548
vt 0.350651 0.451946
vt 0.352872 0.454537
vt 0.353651 0.453691
f 173/965/173 201/966/201 202/967/202 181/968/181
vt 0.580751 0.493676
vt 0.580751 0.551862
vt 0.583447 0.551618
vt 0.583447 0.493188
f 174/969/174 189/970/189 175/971/175 164/972/164
vt 0.583447 0.551618
vt 0.580751 0.551862
vt 0.580751 0.610048
vt 0.583447 0.610048
f 175/973/175 189/974/189 179/975/179 166/976/166
vt 0.583447 0.551618
vt 0.586865 0.551120
vt 0.586865 0.492194
vt 0.583447 0.493188
f 175/977/175 190/978/190 176/979/176 164/980/164
vt 0.586865 0.492194
vt 0.586865 0.551120
vt 0.589699 0.550586
vt 0.589699 0.491125
f 176/981/176 190/982/190 182/983/182 168/984/168
vt 0.511104 0.524353
vt 0.511361 0.519549
vt 0.472133 0.519549
vt 0.472133 0.524353
f 177/985/177 193/986/193 181/987/181 167/988/167
vt 0.353651 0.463298
vt 0.352872 0.462453
vt 0.350651 0.465043
vt 0.350955 0.466442
f 179/989/179 194/990/194 195/991/195 166/992/166
vt 0.347536 0.466267
vt 0.347834 0.464899
vt 0.345498 0.462542
vt 0.344703 0.463407
f 180/993/180 196/994/196 197/995/197 169/996/169
vt 0.606569 0.404189
vt 0.606569 0.462808
vt 0.609264 0.463335
vt 0.609264 0.404189
f 181/997/181 193/998/193 188/999/188 173/1000/173
vt 0.353651 0.453691
vt 0.352872 0.454537
vt 0.353835 0.458495
vt 0.354819 0.458495
f 181/1001/181 202/1002/202 203/1003/203 167/1004/167
vt 0.443862 0.535851
vt 0.443623 0.530939
vt 0.403593 0.530939
vt 0.404070 0.535850
f 182/1005/182 191/1006/191 183/1007/183 168/1008/168
vt 0.403593 0.530939
vt 0.443623 0.530939
vt 0.443566 0.526027
vt 0.403478 0.526027
f 183/1009/183 191/1010/191 185/1011/185 170/1012/170
vt 0.343758 0.458495
vt 0.344720 0.458495
vt 0.345498 0.454448
vt 0.344703 0.453583
f 184/1013/184 198/1014/198 199/1015/199 171/1016/171
vt 0.615516 0.464093
vt 0.612683 0.463816
vt 0.612683 0.523444
vt 0.615516 0.523997
f 185/1017/185 192/1018/192 186/1019/186 170/1020/170
vt 0.612683 0.523444
vt 0.612683 0.463816
vt 0.609264 0.463335
vt 0.609264 0.522482
f 186/1021/186 192/1022/192 188/1023/188 172/1024/172
vt 0.347536 0.450723
vt 0.347834 0.452091
vt 0.350651 0.451946
vt 0.350955 0.450548
f 187/1025/187 200/1026/200 201/1027/201 173/1028/173
vt 0.607347 0.404189
vt 0.607347 0.448594
vt 0.609569 0.448594
vt 0.609569 0.404189
f 194/1029/194 204/1030/204 205/1031/205 195/1032/195
vt 0.609569 0.404189
vt 0.609569 0.448594
vt 0.612385 0.448594
vt 0.612385 0.404189
f 195/1033/195 205/1034/205 206/1035/206 196/1036/196
vt 0.612385 0.404189
vt 0.612385 0.448594
vt 0.614721 0.448594
vt 0.614721 0.404189
f 196/1037/196 206/1038/206 207/1039/207 197/1040/197
vt 0.472133 0.528400
vt 0.501849 0.528400
vt 0.501849 0.524353
vt 0.472133 0.524353
f 197/1041/197 207/1042/207 208/1043/208 198/1044/198
vt 0.472133 0.524353
vt 0.501849 0.524353
vt 0.501849 0.520305
vt 0.472133 0.520305
f 198/1045/198 208/1046/208 209/1047/209 199/1048/199
vt 0.588903 0.610048
vt 0.588903 0.565642
vt 0.586568 0.565642
vt 0.586568 0.610048
f 199/1049/199 209/1050/209 210/1051/210 200/1052/200
vt 0.586568 0.610048
vt 0.586568 0.565642
vt 0.583751 0.565642
vt 0.583751 0.610048
f 200/1053/200 210/1054/210 211/1055/211 201/1056/201
vt 0.583751 0.610048
vt 0.583751 0.565642
vt 0.581529 0.565642
vt 0.581529 0.610048
f 201/1057/201 211/1058/211 212/1059/212 202/1060/202
vt 0.483654 0.526981
vt 0.453938 0.526981
vt 0.453938 0.530939
vt 0.483654 0.530939
f 202/1061/202 212/1062/212 213/1063/213 203/1064/203
vt 0.483654 0.530939
vt 0.453938 0.530939
vt 0.453938 0.534897
vt 0.483654 0.534897
f 203/1065/203 213/1066/213 204/1067/204 194/1068/194
vt 0.555093 0.509614
vt 0.520373 0.509614
vt 0.520340 0.514417
vt 0.555027 0.514417
f 215/1069/215 227/1070/227 239/1071/239 224/1072/224
vt 0.555093 0.509614
vt 0.555607 0.504810
vt 0.520630 0.504810
vt 0.520373 0.509614
f 215/1073/215 228/1074/228 243/1075/243 227/1076/227
vt 0.605002 0.589845
vt 0.608420 0.589845
vt 0.608420 0.537271
vt 0.605002 0.537768
f 216/1077/216 230/1078/230 240/1079/240 225/1080/225
vt 0.329400 0.451703
vt 0.329095 0.450305
vt 0.326279 0.450160
vt 0.325981 0.451528
f 216/1081/216 245/1082/245 246/1083/246 230/1084/230
vt 0.485653 0.509614
vt 0.485653 0.514417
vt 0.520340 0.514417
vt 0.520373 0.509614
f 217/1085/217 229/1086/229 239/1087/239 227/1088/227
vt 0.333264 0.443756
vt 0.332279 0.443756
vt 0.331317 0.447714
vt 0.332095 0.448559
f 217/1089/217 253/1090/253 244/1091/244 229/1092/229
vt 0.611254 0.589845
vt 0.611254 0.536735
vt 0.608420 0.537271
vt 0.608420 0.589845
f 219/1093/219 232/1094/232 240/1095/240 230/1096/230
vt 0.470134 0.521112
vt 0.470134 0.516200
vt 0.434354 0.516200
vt 0.434593 0.521112
f 219/1097/219 234/1098/234 241/1099/241 232/1100/232
vt 0.323148 0.448668
vt 0.323944 0.447803
vt 0.323165 0.443756
vt 0.322202 0.443756
f 219/1101/219 247/1102/247 248/1103/248 234/1104/234
vt 0.470134 0.511288
vt 0.434297 0.511288
vt 0.434354 0.516200
vt 0.470134 0.516200
f 221/1105/221 235/1106/235 241/1107/241 234/1108/234
vt 0.637072 0.424392
vt 0.634238 0.424392
vt 0.634238 0.477667
vt 0.637072 0.477944
f 221/1109/221 237/1110/237 242/1111/242 235/1112/235
vt 0.323148 0.438844
vt 0.323944 0.439709
vt 0.326279 0.437352
vt 0.325981 0.435984
f 221/1113/221 249/1114/249 250/1115/250 237/1116/237
vt 0.630819 0.529980
vt 0.630819 0.477185
vt 0.628124 0.476658
vt 0.628124 0.528924
f 222/1117/222 238/1118/238 243/1119/243 228/1120/228
vt 0.630819 0.424392
vt 0.630819 0.477185
vt 0.634238 0.477667
vt 0.634238 0.424392
f 223/1121/223 238/1122/238 242/1123/242 237/1124/237
vt 0.329400 0.435809
vt 0.329095 0.437207
vt 0.331317 0.439798
vt 0.332095 0.438952
f 223/1125/223 251/1126/251 252/1127/252 231/1128/231
vt 0.602306 0.486178
vt 0.602306 0.538011
vt 0.605002 0.537768
vt 0.605002 0.485690
f 224/1129/224 239/1130/239 225/1131/225 214/1132/214
vt 0.605002 0.537768
vt 0.602306 0.538011
vt 0.602306 0.589845
vt 0.605002 0.589845
f 225/1133/225 239/1134/239 229/1135/229 216/1136/216
vt 0.605002 0.537768
vt 0.608420 0.537271
vt 0.608420 0.484696
vt 0.605002 0.485690
f 225/1137/225 240/1138/240 226/1139/226 214/1140/214
vt 0.608420 0.484696
vt 0.608420 0.537271
vt 0.611254 0.536735
vt 0.611254 0.483627
f 226/1141/226 240/1142/240 232/1143/232 218/1144/218
vt 0.520373 0.509614
vt 0.520630 0.504810
vt 0.485653 0.504810
vt 0.485653 0.509614
f 227/1145/227 243/1146/243 231/1147/231 217/1148/217
vt 0.332095 0.448559
vt 0.331317 0.447714
vt 0.329095 0.450305
vt 0.329400 0.451703
f 229/1149/229 244/1150/244 245/1151/245 216/1152/216
vt 0.325981 0.451528
vt 0.326279 0.450160
vt 0.323944 0.447803
vt 0.323148 0.448668
f 230/1153/230 246/1154/246 247/1155/247 219/1156/219
vt 0.628124 0.424392
vt 0.628124 0.476658
vt 0.630819 0.477185
vt 0.630819 0.424392
f 231/1157/231 243/1158/243 238/1159/238 223/1160/223
vt 0.332095 0.438952
vt 0.331317 0.439798
vt 0.332279 0.443756
vt 0.333264 0.443756
f 231/1161/231 252/1162/252 253/1163/253 217/1164/217
vt 0.434593 0.521112
vt 0.434354 0.516200
vt 0.398575 0.516200
vt 0.399052 0.521112
f 232/1165/232 241/1166/241 233/1167/233 218/1168/218
vt 0.398575 0.516200
vt 0.434354 0.516200
vt 0.434297 0.511288
vt 0.398460 0.511288
f 233/1169/233 241/1170/241 235/1171/235 220/1172/220
vt 0.322202 0.443756
vt 0.323165 0.443756
vt 0.323944 0.439709
vt 0.323148 0.438844
f 234/1173/234 248/1174/248 249/1175/249 221/1176/221
vt 0.637072 0.477944
vt 0.634238 0.477667
vt 0.634238 0.530942
vt 0.637072 0.531495
f 235/1177/235 242/1178/242 236/1179/236 220/1180/220
vt 0.634238 0.530942
vt 0.634238 0.477667
vt 0.630819 0.477185
vt 0.630819 0.529980
f 236/1181/236 242/1182/242 238/1183/238 222/1184/222
vt 0.325981 0.435984
vt 0.326279 0.437352
vt 0.329095 0.437207
vt 0.329400 0.435809
f 237/1185/237 250/1186/250 251/1187/251 223/1188/223
vt 0.628902 0.424392
vt 0.628902 0.468797
vt 0.631124 0.468797
vt 0.631124 0.424392
f 244/1189/244 254/1190/254 255/1191/255 245/1192/245
vt 0.631124 0.424392
vt 0.631124 0.468797
vt 0.633940 0.468797
vt 0.633940 0.424392
f 245/1193/245 255/1194/255 256/1195/256 246/1196/246
vt 0.633940 0.424392
vt 0.633940 0.468797
vt 0.636275 0.468797
vt 0.636275 0.424392
f 246/1197/246 256/1198/256 257/1199/257 247/1200/247
vt 0.485653 0.513661
vt 0.515369 0.513661
vt 0.515369 0.509614
vt 0.485653 0.509614
f 247/1201/247 257/1202/257 258/1203/258 248/1204/248
vt 0.485653 0.509614
vt 0.515369 0.509614
vt 0.515369 0.505567
vt 0.485653 0.505567
f 248/1205/248 258/1206/258 259/1207/259 249/1208/249
vt 0.610457 0.589845
vt 0.610457 0.545440
vt 0.608123 0.545440
vt 0.608123 0.589845
f 249/1209/249 259/1210/259 260/1211/260 250/1212/250
vt 0.608123 0.589845
vt 0.608123 0.545440
vt 0.605306 0.545440
vt 0.605306 0.589845
f 250/1213/250 260/1214/260 261/1215/261 251/1216/251
vt 0.605306 0.589845
vt 0.605306 0.545440
vt 0.603085 0.545440
vt 0.603085 0.589845
f 251/1217/251 261/1218/261 262/1219/262 252/1220/252
vt 0.470134 0.512242
vt 0.440418 0.512242
vt 0.440418 0.516200
vt 0.470134 0.516200
f 252/1221/252 262/1222/262 263/1223/263 253/1224/253
vt 0.470134 0.516200
vt 0.440418 0.516200
vt 0.440418 0.520158
vt 0.470134 0.520158
f 253/1225/253 263/1226/263 254/1227/254 244/1228/244
vt 0.559682 0.495955
vt 0.532807 0.495955
vt 0.532774 0.500758
vt 0.559615 0.500758
f 265/1229/265 277/1230/277 289/1231/289 274/1232/274
vt 0.559682 0.495955
vt 0.560195 0.491151
vt 0.533064 0.491151
vt 0.532807 0.495955
f 265/1233/265 278/1234/278 293/1235/293 277/1236/277
vt 0.624654 0.559541
vt 0.628072 0.559541
vt 0.628072 0.518691
vt 0.624654 0.519188
f 266/1237/266 280/1238/280 290/1239/290 275/1240/275
vt 0.309747 0.438044
vt 0.309443 0.436646
vt 0.306627 0.436501
vt 0.306329 0.437869
f 266/1241/266 295/1242/295 296/1243/296 280/1244/280
vt 0.505932 0.495955
vt 0.505932 0.500758
vt 0.532774 0.500758
vt 0.532807 0.495955
f 267/1245/267 279/1246/279 289/1247/289 277/1248/277
vt 0.313612 0.430097
vt 0.312627 0.430097
vt 0.311665 0.434055
vt 0.312443 0.434900
f 267/1249/267 303/1250/303 294/1251/294 279/1252/279
vt 0.630906 0.559541
vt 0.630906 0.518156
vt 0.628072 0.518691
vt 0.628072 0.559541
f 269/1253/269 282/1254/282 290/1255/290 280/1256/280
vt 0.449855 0.507453
vt 0.449855 0.502541
vt 0.421921 0.502541
vt 0.422160 0.507453
f 269/1257/269 284/1258/284 291/1259/291 282/1260/282
vt 0.303496 0.435009
vt 0.304291 0.434144
vt 0.303513 0.430097
vt 0.302550 0.430097
f 269/1261/269 297/1262/297 298/1263/298 284/1264/284
vt 0.449855 0.497629
vt 0.421864 0.497629
vt 0.421921 0.502541
vt 0.449855 0.502541
f 271/1265/271 285/1266/285 291/1267/291 284/1268/284
vt 0.656724 0.454696
vt 0.653890 0.454696
vt 0.653890 0.496247
vt 0.656724 0.496523
f 271/1269/271 287/1270/287 292/1271/292 285/1272/285
vt 0.303496 0.425185
vt 0.304291 0.426050
vt 0.306627 0.423693
vt 0.306329 0.422325
f 271/1273/271 299/1274/299 300/1275/300 287/1276/287
vt 0.650472 0.536835
vt 0.650472 0.495765
vt 0.647776 0.495238
vt 0.647776 0.535780
f 272/1277/272 288/1278/288 293/1279/293 278/1280/278
vt 0.650472 0.454696
vt 0.650472 0.495765
vt 0.653890 0.496247
vt 0.653890 0.454696
f 273/1281/273 288/1282/288 292/1283/292 287/1284/287
vt 0.309747 0.422150
vt 0.309443 0.423548
vt 0.311665 0.426139
vt 0.312443 0.425294
f 273/1285/273 301/1286/301 302/1287/302 281/1288/281
vt 0.621958 0.479322
vt 0.621958 0.519432
vt 0.624654 0.519188
vt 0.624654 0.478834
f 274/1289/274 289/1290/289 275/1291/275 264/1292/264
vt 0.624654 0.519188
vt 0.621958 0.519432
vt 0.621958 0.559541
vt 0.624654 0.559541
f 275/1293/275 289/1294/289 279/1295/279 266/1296/266
vt 0.624654 0.519188
vt 0.628072 0.518691
vt 0.628072 0.477840
vt 0.624654 0.478834
f 275/1297/275 290/1298/290 276/1299/276 264/1300/264
vt 0.628072 0.477840
vt 0.628072 0.518691
vt 0.630906 0.518156
vt 0.630906 0.476771
f 276/1301/276 290/1302/290 282/1303/282 268/1304/268
vt 0.532807 0.495955
vt 0.533064 0.491151
vt 0.505932 0.491152
vt 0.505932 0.495955
f 277/1305/277 293/1306/293 281/1307/281 267/1308/267
vt 0.312443 0.434900
vt 0.311665 0.434055
vt 0.309443 0.436646
vt 0.309747 0.438044
f 279/1309/279 294/1310/294 295/1311/295 266/1312/266
vt 0.306329 0.437869
vt 0.306627 0.436501
vt 0.304291 0.434144
vt 0.303496 0.435009
f 280/1313/280 296/1314/296 297/1315/297 269/1316/269
vt 0.647776 0.454696
vt 0.647776 0.495238
vt 0.650472 0.495765
vt 0.650472 0.454696
f 281/1317/281 293/1318/293 288/1319/288 273/1320/273
vt 0.312443 0.425294
vt 0.311665 0.426139
vt 0.312627 0.430097
vt 0.313612 0.430097
f 281/1321/281 302/1322/302 303/1323/303 267/1324/267
vt 0.422160 0.507453
vt 0.421921 0.502541
vt 0.393987 0.502541
vt 0.394464 0.507453
f 282/1325/282 291/1326/291 283/1327/283 268/1328/268
vt 0.393987 0.502541
vt 0.421921 0.502541
vt 0.421864 0.497629
vt 0.393872 0.497629
f 283/1329/283 291/1330/291 285/1331/285 270/1332/270
vt 0.302550 0.430097
vt 0.303513 0.430097
vt 0.304291 0.426050
vt 0.303496 0.425185
f 284/1333/284 298/1334/298 299/1335/299 271/1336/271
vt 0.656724 0.496523
vt 0.653890 0.496247
vt 0.653890 0.537798
vt 0.656724 0.538351
f 285/1337/285 292/1338/292 286/1339/286 270/1340/270
vt 0.653890 0.537798
vt 0.653890 0.496247
vt 0.650472 0.495765
vt 0.650472 0.536835
f 286/1341/286 292/1342/292 288/1343/288 272/1344/272
vt 0.306329 0.422325
vt 0.306627 0.423693
vt 0.309443 0.423548
vt 0.309747 0.422150
f 287/1345/287 300/1346/300 301/1347/301 273/1348/273
vt 0.648555 0.454696
vt 0.648555 0.499101
vt 0.650776 0.499101
vt 0.650776 0.454696
f 294/1349/294 304/1350/304 305/1351/305 295/1352/295
vt 0.650776 0.454696
vt 0.650776 0.499101
vt 0.653593 0.499101
vt 0.653593 0.454696
f 295/1353/295 305/1354/305 306/1355/306 296/1356/296
vt 0.653593 0.454696
vt 0.653593 0.499101
vt 0.655928 0.499101
vt 0.655928 0.454696
f 296/1357/296 306/1358/306 307/1359/307 297/1360/297
vt 0.505932 0.500002
vt 0.535649 0.500002
vt 0.535649 0.495955
vt 0.505932 0.495955
f 297/1361/297 307/1362/307 308/1363/308 298/1364/298
vt 0.505932 0.495955
vt 0.535649 0.495955
vt 0.535649 0.491908
vt 0.505932 0.491908
f 298/1365/298 308/1366/308 309/1367/309 299/1368/299
vt 0.630110 0.559541
vt 0.630110 0.515136
vt 0.627775 0.515136
vt 0.627775 0.559541
f 299/1369/299 309/1370/309 310/1371/310 300/1372/300
vt 0.627775 0.559541
vt 0.627775 0.515136
vt 0.624958 0.515136
vt 0.624958 0.559541
f 300/1373/300 310/1374/310 311/1375/311 301/1376/301
vt 0.624958 0.559541
vt 0.624958 0.515136
vt 0.622737 0.515136
vt 0.622737 0.559541
f 301/1377/301 311/1378/311 312/1379/312 302/1380/302
vt 0.449855 0.498583
vt 0.420138 0.498583
vt 0.420138 0.502541
vt 0.449855 0.502541
f 302/1381/302 312/1382/312 313/1383/313 303/1384/303
vt 0.449855 0.502541
vt 0.420138 0.502541
vt 0.420138 0.506499
vt 0.449855 0.506499
f 303/1385/303 313/1386/313 304/1387/304 294/1388/294
vt 0.326830 0.478834
vt 0.323412 0.477840
vt 0.323412 0.518691
vt 0.326830 0.519188
f 314/1389/314 326/1390/326 340/1391/340 324/1392/324
vt 0.326830 0.559541
vt 0.329526 0.559541
vt 0.329526 0.519432
vt 0.326830 0.519188
f 315/1393/315 327/1394/327 339/1395/339 324/1396/324
vt 0.607571 0.438044
vt 0.607875 0.436646
vt 0.605654 0.434055
vt 0.604875 0.434900
f 315/1397/315 353/1398/353 344/1399/344 327/1400/327
vt 0.449855 0.502541
vt 0.422980 0.502541
vt 0.423013 0.507344
vt 0.449855 0.507344
f 317/1401/317 329/1402/329 339/1403/339 327/1404/327
vt 0.449855 0.502541
vt 0.449855 0.497738
vt 0.422723 0.497737
vt 0.422980 0.502541
f 317/1405/317 331/1406/331 343/1407/343 329/1408/329
vt 0.603707 0.430097
vt 0.604691 0.430097
vt 0.605654 0.426139
vt 0.604875 0.425294
f 317/1409/317 345/1410/345 346/1411/346 331/1412/331
vt 0.320578 0.476771
vt 0.320578 0.518156
vt 0.323412 0.518691
vt 0.323412 0.477840
f 318/1413/318 332/1414/332 340/1415/340 326/1416/326
vt 0.561323 0.500866
vt 0.561800 0.495955
vt 0.533866 0.495955
vt 0.533627 0.500866
f 318/1417/318 333/1418/333 341/1419/341 332/1420/332
vt 0.613823 0.435009
vt 0.613027 0.434144
vt 0.610692 0.436501
vt 0.610989 0.437869
f 319/1421/319 351/1422/351 352/1423/352 328/1424/328
vt 0.561916 0.491043
vt 0.533924 0.491043
vt 0.533866 0.495955
vt 0.561800 0.495955
f 320/1425/320 335/1426/335 341/1427/341 333/1428/333
vt 0.346396 0.538351
vt 0.349230 0.537798
vt 0.349230 0.496247
vt 0.346396 0.496523
f 320/1429/320 336/1430/336 342/1431/342 335/1432/335
vt 0.613823 0.425185
vt 0.613027 0.426050
vt 0.613806 0.430097
vt 0.614768 0.430097
f 321/1433/321 349/1434/349 350/1435/350 334/1436/334
vt 0.352648 0.536835
vt 0.352648 0.495765
vt 0.349230 0.496247
vt 0.349230 0.537798
f 322/1437/322 338/1438/338 342/1439/342 336/1440/336
vt 0.352648 0.454696
vt 0.352648 0.495765
vt 0.355344 0.495238
vt 0.355344 0.454696
f 323/1441/323 338/1442/338 343/1443/343 331/1444/331
vt 0.607571 0.422150
vt 0.607875 0.423548
vt 0.610692 0.423693
vt 0.610989 0.422325
f 323/1445/323 347/1446/347 348/1447/348 337/1448/337
vt 0.326830 0.519188
vt 0.329526 0.519432
vt 0.329526 0.479322
vt 0.326830 0.478834
f 324/1449/324 339/1450/339 325/1451/325 314/1452/314
vt 0.326830 0.519188
vt 0.323412 0.518691
vt 0.323412 0.559541
vt 0.326830 0.559541
f 324/1453/324 340/1454/340 328/1455/328 315/1456/315
vt 0.396172 0.507344
vt 0.423013 0.507344
vt 0.422980 0.502541
vt 0.396106 0.502541
f 325/1457/325 339/1458/339 329/1459/329 316/1460/316
vt 0.604875 0.434900
vt 0.605654 0.434055
vt 0.604691 0.430097
vt 0.603707 0.430097
f 327/1461/327 344/1462/344 345/1463/345 317/1464/317
vt 0.323412 0.559541
vt 0.323412 0.518691
vt 0.320578 0.518156
vt 0.320578 0.559541
f 328/1465/328 340/1466/340 332/1467/332 319/1468/319
vt 0.610989 0.437869
vt 0.610692 0.436501
vt 0.607875 0.436646
vt 0.607571 0.438044
f 328/1469/328 352/1470/352 353/1471/353 315/1472/315
vt 0.422980 0.502541
vt 0.422723 0.497737
vt 0.395592 0.497737
vt 0.396106 0.502541
f 329/1473/329 343/1474/343 330/1475/330 316/1476/316
vt 0.355344 0.535780
vt 0.355344 0.495238
vt 0.352648 0.495765
vt 0.352648 0.536835
f 330/1477/330 343/1478/343 338/1479/338 322/1480/322
vt 0.604875 0.425294
vt 0.605654 0.426139
vt 0.607875 0.423548
vt 0.607571 0.422150
f 331/1481/331 346/1482/346 347/1483/347 323/1484/323
vt 0.533627 0.500866
vt 0.533866 0.495955
vt 0.505932 0.495955
vt 0.505932 0.500866
f 332/1485/332 341/1486/341 334/1487/334 319/1488/319
vt 0.505932 0.495955
vt 0.533866 0.495955
vt 0.533924 0.491043
vt 0.505932 0.491043
f 334/1489/334 341/1490/341 335/1491/335 321/1492/321
vt 0.614768 0.430097
vt 0.613806 0.430097
vt 0.613027 0.434144
vt 0.613823 0.435009
f 334/1493/334 350/1494/350 351/1495/351 319/1496/319
vt 0.346396 0.496523
vt 0.349230 0.496247
vt 0.349230 0.454696
vt 0.346396 0.454696
f 335/1497/335 342/1498/342 337/1499/337 321/1500/321
vt 0.349230 0.454696
vt 0.349230 0.496247
vt 0.352648 0.495765
vt 0.352648 0.454696
f 337/1501/337 342/1502/342 338/1503/338 323/1504/323
vt 0.610989 0.422325
vt 0.610692 0.423693
vt 0.613027 0.426050
vt 0.613823 0.425185
f 337/1505/337 348/1506/348 349/1507/349 321/1508/321
vt 0.505932 0.499913
vt 0.535649 0.499913
vt 0.535649 0.495955
vt 0.505932 0.495955
f 344/1509/344 354/1510/354 355/1511/355 345/1512/345
vt 0.505932 0.495955
vt 0.535649 0.495955
vt 0.535649 0.491997
vt 0.505932 0.491997
f 345/1513/345 355/1514/355 356/1515/356 346/1516/346
vt 0.328747 0.559541
vt 0.328747 0.515136
vt 0.326526 0.515136
vt 0.326526 0.559541
f 346/1517/346 356/1518/356 357/1519/357 347/1520/347
vt 0.326526 0.559541
vt 0.326526 0.515136
vt 0.323709 0.515136
vt 0.323709 0.559541
f 347/1521/347 357/1522/357 358/1523/358 348/1524/348
vt 0.323709 0.559541
vt 0.323709 0.515136
vt 0.321374 0.515136
vt 0.321374 0.559541
f 348/1525/348 358/1526/358 359/1527/359 349/1528/349
vt 0.449855 0.498494
vt 0.420138 0.498494
vt 0.420138 0.502541
vt 0.449855 0.502541
f 349/1529/349 359/1530/359 360/1531/360 350/1532/350
vt 0.449855 0.502541
vt 0.420138 0.502541
vt 0.420138 0.506588
vt 0.449855 0.506588
f 350/1533/350 360/1534/360 361/1535/361 351/1536/351
vt 0.347192 0.454696
vt 0.347192 0.499101
vt 0.349527 0.499101
vt 0.349527 0.454696
f 351/1537/351 361/1538/361 362/1539/362 352/1540/352
vt 0.349527 0.454696
vt 0.349527 0.499101
vt 0.352344 0.499101
vt 0.352344 0.454696
f 352/1541/352 362/1542/362 363/1543/363 353/1544/353
vt 0.352344 0.454696
vt 0.352344 0.499101
vt 0.354565 0.499101
vt 0.354565 0.454696
f 353/1545/353 363/1546/363 354/1547/354 344/1548/344
vt 0.346482 0.485690
vt 0.343064 0.484696
vt 0.343064 0.537271
vt 0.346482 0.537768
f 364/1549/364 376/1550/376 390/1551/390 374/1552/374
vt 0.346482 0.589845
vt 0.349178 0.589845
vt 0.349178 0.538011
vt 0.346482 0.537768
f 365/1553/365 377/1554/377 389/1555/389 374/1556/374
vt 0.587919 0.451703
vt 0.588223 0.450305
vt 0.586002 0.447714
vt 0.585223 0.448559
f 365/1557/365 403/1558/403 394/1559/394 377/1560/377
vt 0.470134 0.516200
vt 0.435414 0.516200
vt 0.435447 0.521003
vt 0.470134 0.521003
f 367/1561/367 379/1562/379 389/1563/389 377/1564/377
vt 0.470134 0.516200
vt 0.470134 0.511397
vt 0.435158 0.511396
vt 0.435414 0.516200
f 367/1565/367 381/1566/381 393/1567/393 379/1568/379
vt 0.584055 0.443756
vt 0.585039 0.443756
vt 0.586002 0.439798
vt 0.585223 0.438952
f 367/1569/367 395/1570/395 396/1571/396 381/1572/381
vt 0.340230 0.483627
vt 0.340230 0.536735
vt 0.343064 0.537271
vt 0.343064 0.484696
f 368/1573/368 382/1574/382 390/1575/390 376/1576/376
vt 0.556735 0.514525
vt 0.557212 0.509614
vt 0.521433 0.509614
vt 0.521194 0.514525
f 368/1577/368 383/1578/383 391/1579/391 382/1580/382
vt 0.594171 0.448668
vt 0.593375 0.447803
vt 0.591040 0.450160
vt 0.591337 0.451528
f 369/1581/369 401/1582/401 402/1583/402 378/1584/378
vt 0.557327 0.504702
vt 0.521490 0.504702
vt 0.521433 0.509614
vt 0.557212 0.509614
f 370/1585/370 385/1586/385 391/1587/391 383/1588/383
vt 0.366048 0.531495
vt 0.368882 0.530942
vt 0.368882 0.477667
vt 0.366048 0.477944
f 370/1589/370 386/1590/386 392/1591/392 385/1592/385
vt 0.594171 0.438844
vt 0.593375 0.439709
vt 0.594153 0.443756
vt 0.595116 0.443756
f 371/1593/371 399/1594/399 400/1595/400 384/1596/384
vt 0.372300 0.529980
vt 0.372300 0.477185
vt 0.368882 0.477667
vt 0.368882 0.530942
f 372/1597/372 388/1598/388 392/1599/392 386/1600/386
vt 0.372300 0.424392
vt 0.372300 0.477185
vt 0.374996 0.476658
vt 0.374996 0.424392
f 373/1601/373 388/1602/388 393/1603/393 381/1604/381
vt 0.587919 0.435809
vt 0.588223 0.437207
vt 0.591040 0.437352
vt 0.591337 0.435984
f 373/1605/373 397/1606/397 398/1607/398 387/1608/387
vt 0.346482 0.537768
vt 0.349178 0.538011
vt 0.349178 0.486178
vt 0.346482 0.485690
f 374/1609/374 389/1610/389 375/1611/375 364/1612/364
vt 0.346482 0.537768
vt 0.343064 0.537271
vt 0.343064 0.589845
vt 0.346482 0.589845
f 374/1613/374 390/1614/390 378/1615/378 365/1616/365
vt 0.400760 0.521003
vt 0.435447 0.521003
vt 0.435414 0.516200
vt 0.400694 0.516200
f 375/1617/375 389/1618/389 379/1619/379 366/1620/366
vt 0.585223 0.448559
vt 0.586002 0.447714
vt 0.585039 0.443756
vt 0.584055 0.443756
f 377/1621/377 394/1622/394 395/1623/395 367/1624/367
vt 0.343064 0.589845
vt 0.343064 0.537271
vt 0.340230 0.536735
vt 0.340230 0.589845
f 378/1625/378 390/1626/390 382/1627/382 369/1628/369
vt 0.591337 0.451528
vt 0.591040 0.450160
vt 0.588223 0.450305
vt 0.587919 0.451703
f 378/1629/378 402/1630/402 403/1631/403 365/1632/365
vt 0.435414 0.516200
vt 0.435158 0.511396
vt 0.400180 0.511396
vt 0.400694 0.516200
f 379/1633/379 393/1634/393 380/1635/380 366/1636/366
vt 0.374996 0.528924
vt 0.374996 0.476658
vt 0.372300 0.477185
vt 0.372300 0.529980
f 380/1637/380 393/1638/393 388/1639/388 372/1640/372
vt 0.585223 0.438952
vt 0.586002 0.439798
vt 0.588223 0.437207
vt 0.587919 0.435809
f 381/1641/381 396/1642/396 397/1643/397 373/1644/373
vt 0.521194 0.514525
vt 0.521433 0.509614
vt 0.485653 0.509614
vt 0.485653 0.514525
f 382/1645/382 391/1646/391 384/1647/384 369/1648/369
vt 0.485653 0.509614
vt 0.521433 0.509614
vt 0.521490 0.504702
vt 0.485653 0.504702
f 384/1649/384 391/1650/391 385/1651/385 371/1652/371
vt 0.595116 0.443756
vt 0.594153 0.443756
vt 0.593375 0.447803
vt 0.594171 0.448668
f 384/1653/384 400/1654/400 401/1655/401 369/1656/369
vt 0.366048 0.477944
vt 0.368882 0.477667
vt 0.368882 0.424392
vt 0.366048 0.424392
f 385/1657/385 392/1658/392 387/1659/387 371/1660/371
vt 0.368882 0.424392
vt 0.368882 0.477667
vt 0.372300 0.477185
vt 0.372300 0.424392
f 387/1661/387 392/1662/392 388/1663/388 373/1664/373
vt 0.591337 0.435984
vt 0.591040 0.437352
vt 0.593375 0.439709
vt 0.594171 0.438844
f 387/1665/387 398/1666/398 399/1667/399 371/1668/371
vt 0.485653 0.513572
vt 0.515369 0.513572
vt 0.515369 0.509614
vt 0.485653 0.509614
f 394/1669/394 404/1670/404 405/1671/405 395/1672/395
vt 0.485653 0.509614
vt 0.515369 0.509614
vt 0.515369 0.505656
vt 0.485653 0.505656
f 395/1673/395 405/1674/405 406/1675/406 396/1676/396
vt 0.348399 0.589845
vt 0.348399 0.545440
vt 0.346178 0.545440
vt 0.346178 0.589845
f 396/1677/396 406/1678/406 407/1679/407 397/1680/397
vt 0.346178 0.589845
vt 0.346178 0.545440
vt 0.343361 0.545440
vt 0.343361 0.589845
f 397/1681/397 407/1682/407 408/1683/408 398/1684/398
vt 0.343361 0.589845
vt 0.343361 0.545440
vt 0.341026 0.545440
vt 0.341026 0.589845
f 398/1685/398 408/1686/408 409/1687/409 399/1688/399
vt 0.470134 0.512153
vt 0.440418 0.512153
vt 0.440418 0.516200
vt 0.470134 0.516200
f 399/1689/399 409/1690/409 410/1691/410 400/1692/400
vt 0.470134 0.516200
vt 0.440418 0.516200
vt 0.440418 0.520247
vt 0.470134 0.520247
f 400/1693/400 410/1694/410 411/1695/411 401/1696/401
vt 0.366845 0.424392
vt 0.366845 0.468797
vt 0.369179 0.468797
vt 0.369179 0.424392
f 401/1697/401 411/1698/411 412/1699/412 402/1700/402
vt 0.369179 0.424392
vt 0.369179 0.468797
vt 0.371996 0.468797
vt 0.371996 0.424392
f 402/1701/402 412/1702/412 413/1703/413 403/1704/403
vt 0.371996 0.424392
vt 0.371996 0.468797
vt 0.374217 0.468797
vt 0.374217 0.424392
f 403/1705/403 413/1706/413 404/1707/404 394/1708/394
vt 0.368037 0.493188
vt 0.364619 0.492194
vt 0.364619 0.551120
vt 0.368037 0.551618
f 414/1709/414 426/1710/426 440/1711/440 424/1712/424
vt 0.368037 0.610048
vt 0.370733 0.610048
vt 0.370733 0.551862
vt 0.368037 0.551618
f 415/1713/415 427/1714/427 439/1715/439 424/1716/424
vt 0.566364 0.466442
vt 0.566668 0.465043
vt 0.564447 0.462453
vt 0.563668 0.463298
f 415/1717/415 453/1718/453 444/1719/444 427/1720/427
vt 0.483654 0.530939
vt 0.444683 0.530939
vt 0.444716 0.535742
vt 0.483654 0.535742
f 417/1721/417 429/1722/429 439/1723/439 427/1724/427
vt 0.483654 0.530939
vt 0.483654 0.526135
vt 0.444426 0.526135
vt 0.444683 0.530939
f 417/1725/417 431/1726/431 443/1727/443 429/1728/429
vt 0.562500 0.458495
vt 0.563484 0.458495
vt 0.564447 0.454537
vt 0.563668 0.453691
f 417/1729/417 445/1730/445 446/1731/446 431/1732/431
vt 0.361785 0.491125
vt 0.361785 0.550586
vt 0.364619 0.551120
vt 0.364619 0.492194
f 418/1733/418 432/1734/432 440/1735/440 426/1736/426
vt 0.551717 0.529264
vt 0.552194 0.524353
vt 0.512164 0.524353
vt 0.511925 0.529264
f 418/1737/418 433/1738/433 441/1739/441 432/1740/432
vt 0.572616 0.463407
vt 0.571820 0.462542
vt 0.569485 0.464899
vt 0.569782 0.466267
f 419/1741/419 451/1742/451 452/1743/452 428/1744/428
vt 0.552310 0.519441
vt 0.512221 0.519441
vt 0.512164 0.524353
vt 0.552194 0.524353
f 420/1745/420 435/1746/435 441/1747/441 433/1748/433
vt 0.387603 0.523997
vt 0.390437 0.523444
vt 0.390437 0.463816
vt 0.387603 0.464093
f 420/1749/420 436/1750/436 442/1751/442 435/1752/435
vt 0.572616 0.453583
vt 0.571820 0.454448
vt 0.572598 0.458495
vt 0.573561 0.458495
f 421/1753/421 449/1754/449 450/1755/450 434/1756/434
vt 0.393855 0.522482
vt 0.393855 0.463335
vt 0.390437 0.463816
vt 0.390437 0.523444
f 422/1757/422 438/1758/438 442/1759/442 436/1760/436
vt 0.393855 0.404189
vt 0.393855 0.463335
vt 0.396551 0.462808
vt 0.396551 0.404189
f 423/1761/423 438/1762/438 443/1763/443 431/1764/431
vt 0.566364 0.450548
vt 0.566668 0.451946
vt 0.569485 0.452091
vt 0.569782 0.450723
f 423/1765/423 447/1766/447 448/1767/448 437/1768/437
vt 0.368037 0.551618
vt 0.370733 0.551862
vt 0.370733 0.493676
vt 0.368037 0.493188
f 424/1769/424 439/1770/439 425/1771/425 414/1772/414
vt 0.368037 0.551618
vt 0.364619 0.551120
vt 0.364619 0.610048
vt 0.368037 0.610048
f 424/1773/424 440/1774/440 428/1775/428 415/1776/415
vt 0.405777 0.535742
vt 0.444716 0.535742
vt 0.444683 0.530939
vt 0.405712 0.530939
f 425/1777/425 439/1778/439 429/1779/429 416/1780/416
vt 0.563668 0.463298
vt 0.564447 0.462453
vt 0.563484 0.458495
vt 0.562500 0.458495
f 427/1781/427 444/1782/444 445/1783/445 417/1784/417
vt 0.364619 0.610048
vt 0.364619 0.551120
vt 0.361785 0.550586
vt 0.361785 0.610048
f 428/1785/428 440/1786/440 432/1787/432 419/1788/419
vt 0.569782 0.466267
vt 0.569485 0.464899
vt 0.566668 0.465043
vt 0.566364 0.466442
f 428/1789/428 452/1790/452 453/1791/453 415/1792/415
vt 0.444683 0.530939
vt 0.444426 0.526135
vt 0.405198 0.526135
vt 0.405712 0.530939
f 429/1793/429 443/1794/443 430/1795/430 416/1796/416
vt 0.396551 0.521427
vt 0.396551 0.462808
vt 0.393855 0.463335
vt 0.393855 0.522482
f 430/1797/430 443/1798/443 438/1799/438 422/1800/422
vt 0.563668 0.453691
vt 0.564447 0.454537
vt 0.566668 0.451946
vt 0.566364 0.450548
f 431/1801/431 446/1802/446 447/1803/447 423/1804/423
vt 0.511925 0.529264
vt 0.512164 0.524353
vt 0.472133 0.524353
vt 0.472133 0.529264
f 432/1805/432 441/1806/441 434/1807/434 419/1808/419
vt 0.472133 0.524353
vt 0.512164 0.524353
vt 0.512221 0.519441
vt 0.472133 0.519441
f 434/1809/434 441/1810/441 435/1811/435 421/1812/421
vt 0.573561 0.458495
vt 0.572598 0.458495
vt 0.571820 0.462542
vt 0.572616 0.463407
f 434/1813/434 450/1814/450 451/1815/451 419/1816/419
vt 0.387603 0.464093
vt 0.390437 0.463816
vt 0.390437 0.404189
vt 0.387603 0.404189
f 435/1817/435 442/1818/442 437/1819/437 421/1820/421
vt 0.390437 0.404189
vt 0.390437 0.463816
vt 0.393855 0.463335
vt 0.393855 0.404189
f 437/1821/437 442/1822/442 438/1823/438 423/1824/423
vt 0.569782 0.450723
vt 0.569485 0.452091
vt 0.571820 0.454448
vt 0.572616 0.453583
f 437/1825/437 448/1826/448 449/1827/449 421/1828/421
vt 0.472133 0.528311
vt 0.501849 0.528311
vt 0.501849 0.524353
vt 0.472133 0.524353
f 444/1829/444 454/1830/454 455/1831/455 445/1832/445
vt 0.472133 0.524353
vt 0.501849 0.524353
vt 0.501849 0.520395
vt 0.472133 0.520395
f 445/1833/445 455/1834/455 456/1835/456 446/1836/446
vt 0.369955 0.610048
vt 0.369955 0.565642
vt 0.367733 0.565642
vt 0.367733 0.610048
f 446/1837/446 456/1838/456 457/1839/457 447/1840/447
vt 0.367733 0.610048
vt 0.367733 0.565642
vt 0.364916 0.565642
vt 0.364916 0.610048
f 447/1841/447 457/1842/457 458/1843/458 448/1844/448
vt 0.364916 0.610048
vt 0.364916 0.565642
vt 0.362581 0.565642
vt 0.362581 0.610048
f 448/1845/448 458/1846/458 459/1847/459 449/1848/449
vt 0.483654 0.526892
vt 0.453938 0.526892
vt 0.453938 0.530939
vt 0.483654 0.530939
f 449/1849/449 459/1850/459 460/1851/460 450/1852/450
vt 0.483654 0.530939
vt 0.453938 0.530939
vt 0.453938 0.534986
vt 0.483654 0.534986
f 450/1853/450 460/1854/460 461/1855/461 451/1856/451
vt 0.388399 0.404189
vt 0.388399 0.448594
vt 0.390734 0.448594
vt 0.390734 0.404189
f 451/1857/451 461/1858/461 462/1859/462 452/1860/452
vt 0.390734 0.404189
vt 0.390734 0.448594
vt 0.393551 0.448594
vt 0.393551 0.404189
f 452/1861/452 462/1862/462 463/1863/463 453/1864/453
vt 0.393551 0.404189
vt 0.393551 0.448594
vt 0.395773 0.448594
vt 0.395773 0.404189
f 453/1865/453 463/1866/463 454/1867/454 444/1868/444
vt 0.406377 0.352606
vt 0.298633 0.371820
vt 0.298633 0.464844
vt 0.406377 0.503273
f 464/1869/464 467/1870/467 466/1871/466 465/1872/465
vt 0.449407 0.470036
vt 0.450752 0.465816
vt 0.342982 0.381583
vt 0.341663 0.385823
f 464/1873/464 476/1874/476 477/1875/477 467/1876/467
vt 0.406377 0.503273
vt 0.410478 0.504364
vt 0.410478 0.352085
vt 0.406377 0.352606
f 465/1877/465 473/1878/473 474/1879/474 464/1880/464
vt 0.635768 0.425337
vt 0.634494 0.421063
vt 0.526634 0.505366
vt 0.528024 0.509551
f 466/1881/466 471/1882/471 468/1883/468 465/1884/465
vt 0.631557 0.491195
vt 0.631243 0.484804
vt 0.569896 0.484804
vt 0.569305 0.491195
f 467/1885/467 481/1886/481 482/1887/482 466/1888/466
vt 0.526634 0.505366
vt 0.634494 0.421063
vt 0.630115 0.407158
vt 0.517895 0.477615
f 468/1889/468 471/1890/471 470/1891/470 469/1892/469
vt 0.517895 0.477615
vt 0.515072 0.479383
vt 0.523924 0.507490
vt 0.526634 0.505366
f 469/1893/469 472/1894/472 473/1895/473 468/1896/468
vt 0.330104 0.544639
vt 0.331496 0.549393
vt 0.443596 0.510964
vt 0.442324 0.506169
f 470/1897/470 486/1898/486 487/1899/487 469/1900/469
vt 0.566123 0.486920
vt 0.569896 0.484804
vt 0.569896 0.471241
vt 0.566123 0.473016
f 471/1901/471 482/1902/482 483/1903/483 470/1904/470
vt 0.412930 0.551827
vt 0.311024 0.551827
vt 0.311024 0.579933
vt 0.412930 0.579934
f 472/1905/472 475/1906/475 474/1907/474 473/1908/473
vt 0.412930 0.551827
vt 0.412200 0.545791
vt 0.311372 0.545791
vt 0.311024 0.551827
f 472/1909/472 487/1910/487 484/1911/484 475/1912/475
vt 0.462359 0.439868
vt 0.459490 0.438071
vt 0.450752 0.465816
vt 0.453508 0.467975
f 475/1913/475 479/1914/479 476/1915/476 474/1916/474
vt 0.450752 0.465816
vt 0.459490 0.438071
vt 0.347363 0.367673
vt 0.342982 0.381583
f 476/1917/476 479/1918/479 478/1919/478 477/1920/477
vt 0.634698 0.473045
vt 0.631243 0.471241
vt 0.631243 0.484804
vt 0.634698 0.486955
f 478/1921/478 480/1922/480 481/1923/481 477/1924/477
vt 0.459490 0.438071
vt 0.460808 0.433833
vt 0.348708 0.363451
vt 0.347363 0.367673
f 479/1925/479 484/1926/484 485/1927/485 478/1928/478
vt 0.631243 0.471241
vt 0.569896 0.471241
vt 0.569896 0.484804
vt 0.631243 0.484804
f 480/1929/480 483/1930/483 482/1931/482 481/1932/481
vt 0.327283 0.641949
vt 0.331496 0.642416
vt 0.331496 0.549393
vt 0.327283 0.550277
f 480/1933/480 485/1934/485 486/1935/486 483/1936/483
vt 0.443596 0.661631
vt 0.443596 0.510964
vt 0.331496 0.549393
vt 0.331496 0.642416
f 484/1937/484 487/1938/487 486/1939/486 485/1940/485
vt 0.450537 0.650067
vt 0.484336 0.650067
vt 0.484336 0.538953
vt 0.450537 0.538953
f 488/1941/488 520/1942/520 521/1943/521 490/1944/490
vt 0.518136 0.538953
vt 0.484336 0.538953
vt 0.484336 0.650067
vt 0.518136 0.650067
f 489/1945/489 521/1946/521 520/1947/520 491/1948/491
vt 0.518136 0.538953
vt 0.518136 0.507756
vt 0.484336 0.507756
vt 0.484336 0.538953
f 489/1949/489 699/1950/699 702/1951/702 521/1952/521
vt 0.450537 0.538953
vt 0.349139 0.538953
vt 0.349139 0.650067
vt 0.450537 0.650067
f 490/1953/490 509/1954/509 510/1955/510 488/1956/488
vt 0.450537 0.538953
vt 0.450537 0.507756
vt 0.439778 0.495864
vt 0.349139 0.538953
f 490/1957/490 696/1958/696 698/1959/698 509/1960/509
vt 0.518136 0.650067
vt 0.619533 0.650067
vt 0.619533 0.538953
vt 0.518136 0.538953
f 491/1961/491 501/1962/501 514/1963/514 489/1964/489
vt 0.518136 0.650067
vt 0.484336 0.650067
vt 0.484336 0.973307
vt 0.518136 0.973307
f 491/1965/491 520/1966/520 522/1967/522 492/1968/492
vt 0.541770 0.296574
vt 0.541763 0.813902
vt 0.560112 0.813580
vt 0.560740 0.296574
f 492/1969/492 577/1970/577 685/1971/685 513/1972/513
vt 0.450537 0.973307
vt 0.484336 0.973307
vt 0.484336 0.650067
vt 0.450537 0.650067
f 493/1973/493 522/1974/522 520/1975/520 488/1976/488
vt 0.474171 0.296574
vt 0.474164 0.813902
vt 0.507970 0.814174
vt 0.507970 0.296574
f 493/1977/493 581/1978/581 691/1979/691 522/1980/522
vt 0.491395 0.842693
vt 0.491388 0.325365
vt 0.471764 0.325365
vt 0.478520 0.842693
f 494/1981/494 544/1982/544 664/1983/664 495/1984/495
vt 0.476355 0.380599
vt 0.510154 0.380599
vt 0.510154 0.057358
vt 0.476355 0.057358
f 496/1985/496 524/1986/524 523/1987/523 494/1988/494
vt 0.374958 0.380599
vt 0.374958 0.491713
vt 0.476355 0.491713
vt 0.476355 0.380599
f 497/1989/497 506/1990/506 517/1991/517 496/1992/496
vt 0.460322 0.220363
vt 0.460322 0.270869
vt 0.534680 0.270869
vt 0.534680 0.220363
f 497/1993/497 510/1994/510 509/1995/509 506/1996/506
vt 0.244008 0.220363
vt 0.244008 0.270870
vt 0.460322 0.270869
vt 0.460322 0.220363
f 498/1997/498 511/1998/511 510/1999/510 497/2000/497
vt 0.695208 0.539091
vt 0.512685 0.539102
vt 0.512685 0.589608
vt 0.695208 0.589598
f 498/2001/498 560/2002/560 598/2003/598 511/2004/511
vt 0.832100 0.379317
vt 0.832100 0.328811
vt 0.615785 0.328810
vt 0.615785 0.379317
f 499/2005/499 502/2006/502 500/2007/500 501/2008/501
vt 0.260580 0.596184
vt 0.443102 0.596194
vt 0.443102 0.545688
vt 0.260580 0.545678
f 499/2009/499 579/2010/579 543/2011/543 502/2012/502
vt 0.615785 0.328810
vt 0.541426 0.328810
vt 0.541426 0.379317
vt 0.615785 0.379317
f 500/2013/500 515/2014/515 514/2015/514 501/2016/501
vt 0.578797 0.842693
vt 0.578611 0.325365
vt 0.558987 0.325365
vt 0.558993 0.842693
f 503/2017/503 663/2018/663 526/2019/526 505/2020/505
vt 0.543953 0.380599
vt 0.543953 0.491713
vt 0.645351 0.491713
vt 0.645351 0.380599
f 504/2021/504 516/2022/516 515/2023/515 500/2024/500
vt 0.543953 0.380599
vt 0.510154 0.380599
vt 0.510154 0.491713
vt 0.543953 0.491713
f 504/2025/504 524/2026/524 525/2027/525 516/2028/516
vt 0.543953 0.057358
vt 0.510154 0.057358
vt 0.510154 0.380599
vt 0.543953 0.380599
f 505/2029/505 523/2030/523 524/2031/524 504/2032/504
vt 0.558993 0.842693
vt 0.558987 0.325365
vt 0.525187 0.325365
vt 0.525194 0.842693
f 505/2033/505 526/2034/526 665/2035/665 523/2036/523
vt 0.383575 0.433718
vt 0.383575 0.484225
vt 0.451174 0.484225
vt 0.451174 0.433718
f 506/2037/506 509/2038/509 507/2039/507 508/2040/508
vt 0.451174 0.484225
vt 0.475578 0.498811
vt 0.477480 0.394408
vt 0.451174 0.433718
f 507/2041/507 697/2042/697 694/2043/694 508/2044/508
vt 0.548200 0.220363
vt 0.562784 0.181052
vt 0.557303 0.160805
vt 0.534680 0.139552
f 508/2045/508 694/2046/694 695/2047/695 517/2048/517
vt 0.383575 0.484225
vt 0.474214 0.502284
vt 0.475578 0.498811
vt 0.451174 0.484225
f 509/2049/509 698/2050/698 697/2051/697 507/2052/507
vt 0.457272 0.296574
vt 0.455829 0.813580
vt 0.474164 0.813902
vt 0.474171 0.296574
f 512/2053/512 687/2054/687 581/2055/581 493/2056/493
vt 0.619533 0.538953
vt 0.528894 0.495864
vt 0.518136 0.507756
vt 0.518136 0.538953
f 514/2057/514 700/2058/700 699/2059/699 489/2060/489
vt 0.653969 0.433718
vt 0.586370 0.433718
vt 0.586370 0.484225
vt 0.653969 0.484225
f 515/2061/515 519/2062/519 518/2063/518 514/2064/514
vt 0.541426 0.248000
vt 0.518804 0.269252
vt 0.513323 0.289500
vt 0.527907 0.328810
f 516/2065/516 692/2066/692 693/2067/693 519/2068/519
vt 0.476355 0.491713
vt 0.510154 0.491713
vt 0.510154 0.380599
vt 0.476355 0.380599
f 517/2069/517 525/2070/525 524/2071/524 496/2072/496
vt 0.586370 0.484225
vt 0.561966 0.498811
vt 0.563330 0.502284
vt 0.653969 0.484225
f 518/2073/518 701/2074/701 700/2075/700 514/2076/514
vt 0.586370 0.433718
vt 0.560063 0.394408
vt 0.561966 0.498811
vt 0.586370 0.484225
f 519/2077/519 693/2078/693 701/2079/701 518/2080/518
vt 0.484336 0.538953
vt 0.484336 0.507756
vt 0.450537 0.507756
vt 0.450537 0.538953
f 521/2081/521 702/2082/702 696/2083/696 490/2084/490
vt 0.507970 0.296574
vt 0.507970 0.814174
vt 0.541763 0.813902
vt 0.541770 0.296574
f 522/2085/522 691/2086/691 577/2087/577 492/2088/492
vt 0.525194 0.842693
vt 0.525187 0.325365
vt 0.491388 0.325365
vt 0.491395 0.842693
f 523/2089/523 665/2090/665 544/2091/544 494/2092/494
vt 0.543947 0.353287
vt 0.529870 0.100769
vt 0.510154 0.098386
vt 0.510147 0.353287
f 526/2093/526 674/2094/674 689/2095/689 665/2096/665
vt 0.498889 0.226961
vt 0.498889 0.277467
vt 0.532688 0.277467
vt 0.532688 0.226961
f 527/2097/527 575/2098/575 576/2099/576 528/2100/528
vt 0.391068 0.473245
vt 0.343749 0.503549
vt 0.343749 0.523751
vt 0.391068 0.523751
f 527/2101/527 610/2102/610 608/2103/608 575/2104/575
vt 0.532688 0.226961
vt 0.701675 0.235665
vt 0.703655 0.217605
vt 0.532688 0.197636
f 528/2105/528 667/2106/667 683/2107/683 663/2108/663
vt 0.577746 0.454300
vt 0.625065 0.454300
vt 0.625065 0.403793
vt 0.577746 0.403793
f 529/2109/529 609/2110/609 610/2111/610 527/2112/527
vt 0.431291 0.226961
vt 0.431291 0.277467
vt 0.465090 0.277467
vt 0.465090 0.226961
f 530/2113/530 573/2114/573 574/2115/574 529/2116/529
vt 0.391068 0.473245
vt 0.343749 0.503549
vt 0.343749 0.523751
vt 0.391068 0.523751
f 530/2117/530 606/2118/606 604/2119/604 573/2120/573
vt 0.577746 0.555312
vt 0.625065 0.555312
vt 0.625065 0.504806
vt 0.577746 0.504806
f 531/2121/531 605/2122/605 606/2123/606 530/2124/530
vt 0.814893 0.545689
vt 0.814893 0.596195
vt 0.848692 0.596195
vt 0.848692 0.545689
f 532/2125/532 571/2126/571 572/2127/572 531/2128/531
vt 0.391068 0.473245
vt 0.343749 0.503549
vt 0.343749 0.523751
vt 0.391068 0.523751
f 532/2129/532 602/2130/602 600/2131/600 571/2132/571
vt 0.577746 0.656325
vt 0.625065 0.656325
vt 0.625065 0.605819
vt 0.577746 0.605819
f 533/2133/533 601/2134/601 602/2135/602 532/2136/532
vt 0.747294 0.545689
vt 0.747294 0.596195
vt 0.781094 0.596195
vt 0.781094 0.545689
f 534/2137/534 569/2138/569 570/2139/570 533/2140/533
vt 0.391068 0.473244
vt 0.343749 0.503548
vt 0.343749 0.523751
vt 0.391068 0.523751
f 534/2141/534 626/2142/626 624/2143/624 569/2144/569
vt 0.569152 0.060736
vt 0.616470 0.060736
vt 0.616470 0.010230
vt 0.569152 0.010230
f 535/2145/535 625/2146/625 626/2147/626 534/2148/534
vt 0.679696 0.545688
vt 0.679696 0.596195
vt 0.713495 0.596195
vt 0.713495 0.545689
f 536/2149/536 567/2150/567 568/2151/568 535/2152/535
vt 0.391068 0.473244
vt 0.343749 0.503548
vt 0.343749 0.523751
vt 0.391068 0.523751
f 536/2153/536 650/2154/650 648/2155/648 567/2156/567
vt 0.569152 0.161749
vt 0.616470 0.161749
vt 0.616470 0.111242
vt 0.569152 0.111242
f 537/2157/537 649/2158/649 650/2159/650 536/2160/536
vt 0.612098 0.545688
vt 0.612098 0.596195
vt 0.645897 0.596195
vt 0.645897 0.545688
f 538/2161/538 565/2162/565 566/2163/566 537/2164/537
vt 0.391068 0.473244
vt 0.343749 0.503548
vt 0.343749 0.523751
vt 0.391068 0.523751
f 538/2165/538 654/2166/654 652/2167/652 565/2168/565
vt 0.569152 0.262761
vt 0.616470 0.262761
vt 0.616470 0.212255
vt 0.569152 0.212255
f 539/2169/539 653/2170/653 654/2171/654 538/2172/538
vt 0.544499 0.545688
vt 0.544499 0.596194
vt 0.578298 0.596195
vt 0.578298 0.545688
f 540/2173/540 563/2174/563 564/2175/564 539/2176/539
vt 0.391068 0.473244
vt 0.343749 0.503548
vt 0.343749 0.523750
vt 0.391068 0.523750
f 540/2177/540 658/2178/658 655/2179/655 563/2180/563
vt 0.569152 0.363774
vt 0.616470 0.363774
vt 0.616470 0.313268
vt 0.569152 0.313268
f 541/2181/541 657/2182/657 658/2183/658 540/2184/540
vt 0.476901 0.545688
vt 0.476901 0.596194
vt 0.510700 0.596194
vt 0.510700 0.545688
f 542/2185/542 580/2186/580 578/2187/578 541/2188/541
vt 0.391068 0.473244
vt 0.343749 0.503548
vt 0.343749 0.523750
vt 0.391068 0.523750
f 542/2189/542 662/2190/662 660/2191/660 580/2192/580
vt 0.569152 0.464787
vt 0.616470 0.464787
vt 0.616470 0.414280
vt 0.569152 0.414280
f 543/2193/543 661/2194/661 662/2195/662 542/2196/542
vt 0.476348 0.353287
vt 0.490438 0.100769
vt 0.480639 0.097810
vt 0.456724 0.353287
f 544/2197/544 673/2198/673 688/2199/688 664/2200/664
vt 0.543419 0.322236
vt 0.543419 0.372742
vt 0.577218 0.372742
vt 0.577218 0.322236
f 545/2201/545 583/2202/583 582/2203/582 546/2204/546
vt 0.543419 0.322236
vt 0.374433 0.330941
vt 0.374433 0.360402
vt 0.543419 0.372742
f 545/2205/545 672/2206/672 671/2207/671 583/2208/583
vt 0.442549 0.403793
vt 0.395230 0.403793
vt 0.395230 0.454300
vt 0.442549 0.454300
f 546/2209/546 614/2210/614 613/2211/613 558/2212/558
vt 0.433955 0.313268
vt 0.386636 0.313268
vt 0.386636 0.363774
vt 0.433955 0.361754
f 547/2213/547 638/2214/638 637/2215/637 559/2216/559
vt 0.377489 0.539102
vt 0.377489 0.589608
vt 0.411288 0.589608
vt 0.411288 0.539102
f 548/2217/548 594/2218/594 595/2219/595 547/2220/547
vt 0.451167 0.433730
vt 0.403848 0.464033
vt 0.403848 0.484236
vt 0.451167 0.484236
f 548/2221/548 641/2222/641 639/2223/639 594/2224/594
vt 0.433955 0.212255
vt 0.386636 0.212255
vt 0.386636 0.262761
vt 0.433955 0.262761
f 549/2225/549 642/2226/642 641/2227/641 548/2228/548
vt 0.309890 0.539102
vt 0.309890 0.589609
vt 0.343690 0.589609
vt 0.343690 0.539102
f 550/2229/550 592/2230/592 593/2231/593 549/2232/549
vt 0.451167 0.433730
vt 0.403848 0.464034
vt 0.403848 0.484236
vt 0.451167 0.484236
f 550/2233/550 645/2234/645 643/2235/643 592/2236/592
vt 0.433955 0.111242
vt 0.386636 0.111242
vt 0.386636 0.161749
vt 0.433955 0.161749
f 551/2237/551 646/2238/646 645/2239/645 550/2240/550
vt 0.242292 0.539102
vt 0.242292 0.589609
vt 0.276091 0.589609
vt 0.276091 0.539102
f 552/2241/552 590/2242/590 591/2243/591 551/2244/551
vt 0.451167 0.433730
vt 0.403848 0.464034
vt 0.403848 0.484236
vt 0.451167 0.484236
f 552/2245/552 629/2246/629 627/2247/627 590/2248/590
vt 0.433955 0.010230
vt 0.386636 0.010230
vt 0.386636 0.060736
vt 0.433955 0.060736
f 553/2249/553 630/2250/630 629/2251/629 552/2252/552
vt 0.174694 0.539103
vt 0.174694 0.589609
vt 0.208493 0.589609
vt 0.208493 0.539102
f 554/2253/554 588/2254/588 589/2255/589 553/2256/553
vt 0.451167 0.433730
vt 0.403848 0.464034
vt 0.403848 0.484236
vt 0.451167 0.484236
f 554/2257/554 621/2258/621 619/2259/619 588/2260/588
vt 0.442549 0.605819
vt 0.395230 0.605819
vt 0.395230 0.656325
vt 0.442549 0.656325
f 555/2261/555 622/2262/622 621/2263/621 554/2264/554
vt 0.457589 0.422061
vt 0.457589 0.422061
vt 0.457589 0.446235
vt 0.457589 0.446235
f 556/2265/556 586/2266/586 587/2267/587 555/2268/555
vt 0.451167 0.433730
vt 0.403848 0.464034
vt 0.403848 0.484236
vt 0.451167 0.484236
f 556/2269/556 617/2270/617 615/2271/615 586/2272/586
vt 0.442549 0.504806
vt 0.395230 0.504806
vt 0.395230 0.555312
vt 0.442549 0.555312
f 557/2273/557 618/2274/618 617/2275/617 556/2276/556
vt 0.611017 0.322236
vt 0.611017 0.372742
vt 0.644817 0.372742
vt 0.644817 0.322236
f 558/2277/558 584/2278/584 585/2279/585 557/2280/557
vt 0.451167 0.433730
vt 0.403848 0.464034
vt 0.403848 0.484237
vt 0.451167 0.484237
f 558/2281/558 613/2282/613 611/2283/611 584/2284/584
vt 0.451167 0.433729
vt 0.403848 0.464033
vt 0.403848 0.484236
vt 0.451167 0.484236
f 560/2285/560 633/2286/633 631/2287/631 598/2288/598
vt 0.445087 0.539102
vt 0.445087 0.589608
vt 0.478886 0.589608
vt 0.478886 0.539102
f 561/2289/561 596/2290/596 597/2291/597 562/2292/562
vt 0.451167 0.433729
vt 0.403848 0.464033
vt 0.403848 0.484236
vt 0.451167 0.484236
f 561/2293/561 637/2294/637 636/2295/636 596/2296/596
vt 0.433955 0.414280
vt 0.386636 0.414280
vt 0.386636 0.464787
vt 0.433955 0.464787
f 562/2297/562 634/2298/634 633/2299/633 560/2300/560
vt 0.543334 0.700969
vt 0.590652 0.700969
vt 0.590652 0.650463
vt 0.543334 0.650463
f 563/2301/563 655/2302/655 656/2303/656 578/2304/578
vt 0.586363 0.484236
vt 0.633682 0.484236
vt 0.633682 0.464033
vt 0.586363 0.433730
f 564/2305/564 651/2306/651 653/2307/653 539/2308/539
vt 0.543334 0.801982
vt 0.590652 0.801982
vt 0.590652 0.751475
vt 0.543334 0.751475
f 565/2309/565 652/2310/652 651/2311/651 564/2312/564
vt 0.586363 0.484236
vt 0.633682 0.484236
vt 0.633682 0.464034
vt 0.586363 0.433730
f 566/2313/566 647/2314/647 649/2315/649 537/2316/537
vt 0.551928 0.222822
vt 0.599247 0.222822
vt 0.599247 0.172316
vt 0.551928 0.172316
f 567/2317/567 648/2318/648 647/2319/647 566/2320/566
vt 0.586363 0.484236
vt 0.633682 0.484236
vt 0.633682 0.464034
vt 0.586363 0.433730
f 568/2321/568 623/2322/623 625/2323/625 535/2324/535
vt 0.551928 0.323835
vt 0.599247 0.323835
vt 0.599247 0.273328
vt 0.551928 0.273328
f 569/2325/569 624/2326/624 623/2327/623 568/2328/568
vt 0.586363 0.484236
vt 0.633682 0.484236
vt 0.633682 0.464034
vt 0.586363 0.433730
f 570/2329/570 599/2330/599 601/2331/601 533/2332/533
vt 0.551928 0.424847
vt 0.599247 0.424847
vt 0.599247 0.374341
vt 0.551928 0.374341
f 571/2333/571 600/2334/600 599/2335/599 570/2336/570
vt 0.586363 0.484236
vt 0.633682 0.484236
vt 0.633682 0.464034
vt 0.586363 0.433730
f 572/2337/572 603/2338/603 605/2339/605 531/2340/531
vt 0.551928 0.525860
vt 0.599247 0.525860
vt 0.599247 0.475354
vt 0.551928 0.475354
f 573/2341/573 604/2342/604 603/2343/603 572/2344/572
vt 0.586363 0.484237
vt 0.633682 0.484237
vt 0.633682 0.464034
vt 0.586363 0.433730
f 574/2345/574 607/2346/607 609/2347/609 529/2348/529
vt 0.551928 0.626872
vt 0.599247 0.626872
vt 0.599247 0.576366
vt 0.551928 0.576366
f 575/2349/575 608/2350/608 607/2351/607 574/2352/574
vt 0.532688 0.277467
vt 0.701675 0.265127
vt 0.701675 0.235665
vt 0.532688 0.226961
f 576/2353/576 668/2354/668 667/2355/667 528/2356/528
vt 0.551928 0.677379
vt 0.536477 0.676706
vt 0.511097 0.932361
vt 0.523769 0.929897
f 576/2357/576 685/2358/685 684/2359/684 668/2360/668
vt 0.518129 0.677379
vt 0.484336 0.677947
vt 0.484336 0.932028
vt 0.504052 0.929897
f 577/2361/577 691/2362/691 690/2363/690 669/2364/669
vt 0.586363 0.484236
vt 0.633682 0.484236
vt 0.633682 0.464033
vt 0.586363 0.433729
f 578/2365/578 656/2366/656 657/2367/657 541/2368/541
vt 0.586363 0.484236
vt 0.633682 0.484236
vt 0.633682 0.464033
vt 0.586363 0.433729
f 579/2369/579 659/2370/659 661/2371/661 543/2372/543
vt 0.543334 0.599956
vt 0.590652 0.599956
vt 0.590652 0.549450
vt 0.543334 0.549450
f 580/2373/580 660/2374/660 659/2375/659 579/2376/579
vt 0.450530 0.677379
vt 0.432195 0.676706
vt 0.457576 0.932361
vt 0.464620 0.929897
f 581/2377/581 687/2378/687 686/2379/686 670/2380/670
vt 0.526264 0.523751
vt 0.573583 0.523751
vt 0.573583 0.503549
vt 0.526264 0.473245
f 582/2381/582 612/2382/612 614/2383/614 546/2384/546
vt 0.416731 0.576366
vt 0.369412 0.576366
vt 0.369412 0.626872
vt 0.416731 0.626872
f 584/2385/584 611/2386/611 612/2387/612 582/2388/582
vt 0.526264 0.523751
vt 0.573583 0.523751
vt 0.573583 0.503549
vt 0.526264 0.473245
f 585/2389/585 616/2390/616 618/2391/618 557/2392/557
vt 0.416731 0.475354
vt 0.369412 0.475354
vt 0.369412 0.525860
vt 0.416731 0.525860
f 586/2393/586 615/2394/615 616/2395/616 585/2396/585
vt 0.526264 0.523751
vt 0.573583 0.523751
vt 0.573583 0.503549
vt 0.526264 0.473245
f 587/2397/587 620/2398/620 622/2399/622 555/2400/555
vt 0.416731 0.374341
vt 0.369412 0.374341
vt 0.369412 0.424847
vt 0.416731 0.424847
f 588/2401/588 619/2402/619 620/2403/620 587/2404/587
vt 0.526264 0.523751
vt 0.573583 0.523751
vt 0.573583 0.503548
vt 0.526264 0.473244
f 589/2405/589 628/2406/628 630/2407/630 553/2408/553
vt 0.416731 0.273328
vt 0.369412 0.273328
vt 0.369412 0.323835
vt 0.416731 0.323835
f 590/2409/590 627/2410/627 628/2411/628 589/2412/589
vt 0.526264 0.523751
vt 0.573583 0.523751
vt 0.573583 0.503548
vt 0.526264 0.473244
f 591/2413/591 644/2414/644 646/2415/646 551/2416/551
vt 0.416731 0.172316
vt 0.369412 0.172316
vt 0.369412 0.222822
vt 0.416731 0.222822
f 592/2417/592 643/2418/643 644/2419/644 591/2420/591
vt 0.526264 0.523751
vt 0.573583 0.523751
vt 0.573583 0.503548
vt 0.526264 0.473244
f 593/2421/593 640/2422/640 642/2423/642 549/2424/549
vt 0.408137 0.751475
vt 0.360818 0.751475
vt 0.360818 0.801982
vt 0.408137 0.801982
f 594/2425/594 639/2426/639 640/2427/640 593/2428/593
vt 0.526264 0.523750
vt 0.573583 0.523750
vt 0.573583 0.503548
vt 0.526264 0.473244
f 595/2429/595 635/2430/635 638/2431/638 547/2432/547
vt 0.408137 0.650463
vt 0.360818 0.650463
vt 0.360818 0.700969
vt 0.408137 0.700969
f 596/2433/596 636/2434/636 635/2435/635 595/2436/595
vt 0.526264 0.523750
vt 0.573583 0.523750
vt 0.573583 0.503548
vt 0.526264 0.473244
f 597/2437/597 632/2438/632 634/2439/634 562/2440/562
vt 0.408137 0.549450
vt 0.360818 0.549450
vt 0.360818 0.599956
vt 0.408137 0.599956
f 598/2441/598 631/2442/631 632/2443/632 597/2444/597
vt 0.814893 0.596195
vt 0.814893 0.575993
vt 0.781094 0.575992
vt 0.781094 0.596195
f 600/2445/600 602/2446/602 601/2447/601 599/2448/599
vt 0.882491 0.596195
vt 0.882491 0.575993
vt 0.848692 0.575993
vt 0.848692 0.596195
f 604/2449/604 606/2450/606 605/2451/605 603/2452/603
vt 0.498889 0.277467
vt 0.498889 0.257265
vt 0.465090 0.257265
vt 0.465090 0.277467
f 608/2453/608 610/2454/610 609/2455/609 607/2456/607
vt 0.611017 0.372742
vt 0.611017 0.352540
vt 0.577218 0.352540
vt 0.577218 0.372742
f 611/2457/611 613/2458/613 614/2459/614 612/2460/612
vt 0.678616 0.372742
vt 0.678616 0.352540
vt 0.644817 0.352540
vt 0.644817 0.372742
f 615/2461/615 617/2462/617 618/2463/618 616/2464/616
vt 0.174694 0.589609
vt 0.174694 0.569406
vt 0.140895 0.569407
vt 0.140895 0.589609
f 619/2465/619 621/2466/621 622/2467/622 620/2468/620
vt 0.747294 0.596195
vt 0.747294 0.575992
vt 0.713495 0.575992
vt 0.713495 0.596195
f 624/2469/624 626/2470/626 625/2471/625 623/2472/623
vt 0.242292 0.589609
vt 0.242292 0.569406
vt 0.208493 0.569406
vt 0.208493 0.589609
f 627/2473/627 629/2474/629 630/2475/630 628/2476/628
vt 0.512685 0.589608
vt 0.512685 0.569406
vt 0.478886 0.569406
vt 0.478886 0.589608
f 631/2477/631 633/2478/633 634/2479/634 632/2480/632
vt 0.445087 0.589608
vt 0.445087 0.569406
vt 0.411288 0.569406
vt 0.411288 0.589608
f 636/2481/636 637/2482/637 638/2483/638 635/2484/635
vt 0.377489 0.589608
vt 0.377489 0.569406
vt 0.343690 0.569406
vt 0.343690 0.589609
f 639/2485/639 641/2486/641 642/2487/642 640/2488/640
vt 0.309890 0.589609
vt 0.309890 0.569406
vt 0.276091 0.569406
vt 0.276091 0.589609
f 643/2489/643 645/2490/645 646/2491/646 644/2492/644
vt 0.679696 0.596195
vt 0.679696 0.575992
vt 0.645897 0.575992
vt 0.645897 0.596195
f 648/2493/648 650/2494/650 649/2495/649 647/2496/647
vt 0.612098 0.596195
vt 0.612098 0.575992
vt 0.578298 0.575992
vt 0.578298 0.596195
f 652/2497/652 654/2498/654 653/2499/653 651/2500/651
vt 0.544499 0.596194
vt 0.544499 0.575992
vt 0.510700 0.575992
vt 0.510700 0.596194
f 655/2501/655 658/2502/658 657/2503/657 656/2504/656
vt 0.476901 0.596194
vt 0.476901 0.575992
vt 0.443102 0.575992
vt 0.443102 0.596194
f 660/2505/660 662/2506/662 661/2507/661 659/2508/659
vt 0.563571 0.353287
vt 0.539669 0.097810
vt 0.529870 0.100769
vt 0.543947 0.353287
f 663/2509/663 683/2510/683 674/2511/674 526/2512/526
vt 0.543419 0.292912
vt 0.372452 0.312880
vt 0.374433 0.330941
vt 0.543419 0.322236
f 664/2513/664 688/2514/688 672/2515/672 545/2516/545
vt 0.510147 0.353287
vt 0.510154 0.098386
vt 0.490438 0.100769
vt 0.476348 0.353287
f 665/2517/665 689/2518/689 673/2519/673 544/2520/544
vt 0.701675 0.265127
vt 0.718534 0.256470
vt 0.718534 0.235699
vt 0.701675 0.235665
f 668/2521/668 676/2522/676 675/2523/675 667/2524/667
vt 0.504052 0.929897
vt 0.511097 0.932361
vt 0.536477 0.676706
vt 0.518129 0.677379
f 669/2525/669 684/2526/684 685/2527/685 577/2528/577
vt 0.464620 0.929897
vt 0.484336 0.932028
vt 0.484336 0.677947
vt 0.450530 0.677379
f 670/2529/670 690/2530/690 691/2531/691 581/2532/581
vt 0.444904 0.929897
vt 0.457576 0.932361
vt 0.432195 0.676706
vt 0.416731 0.677379
f 671/2533/671 686/2534/686 687/2535/687 583/2536/583
vt 0.374433 0.330941
vt 0.357574 0.330975
vt 0.357574 0.351746
vt 0.374433 0.360402
f 672/2537/672 680/2538/680 679/2539/679 671/2540/671
vt 0.560063 0.394408
vt 0.541190 0.400218
vt 0.541190 0.489559
vt 0.561966 0.498811
f 693/2541/693 704/2542/704 705/2543/705 701/2544/701
vt 0.484973 0.374161
vt 0.496354 0.400218
vt 0.541190 0.400218
vt 0.552571 0.374161
f 695/2545/695 703/2546/703 704/2547/704 692/2548/692
vt 0.476355 0.522910
vt 0.487736 0.539916
vt 0.466960 0.532132
vt 0.465596 0.534802
f 696/2549/696 707/2550/707 697/2551/697 698/2552/698
vt 0.475578 0.498811
vt 0.496354 0.489559
vt 0.496354 0.400218
vt 0.477480 0.394408
f 697/2553/697 707/2554/707 703/2555/703 694/2556/694
vt 0.552571 0.504427
vt 0.541190 0.489559
vt 0.518772 0.494075
vt 0.518772 0.511235
f 699/2557/699 705/2558/705 706/2559/706 702/2560/702
vt 0.528894 0.495864
vt 0.527531 0.498534
vt 0.506755 0.490750
vt 0.518136 0.507756
f 700/2561/700 701/2562/701 705/2563/705 699/2564/699
vt 0.518772 0.511235
vt 0.518772 0.494075
vt 0.496354 0.489559
vt 0.484973 0.504427
f 702/2565/702 706/2566/706 707/2567/707 696/2568/696
vt 0.466278 0.276706
vt 0.475742 0.281918
vt 0.475742 0.012316
vt 0.466278 0.012316
f 708/2569/708 729/2570/729 728/2571/728 723/2572/723
vt 0.604616 0.510634
vt 0.655168 0.510634
vt 0.655168 0.399115
vt 0.604616 0.399166
f 710/2573/710 714/2574/714 715/2575/715 712/2576/712
vt 0.493800 0.633377
vt 0.484336 0.633377
vt 0.484336 0.708918
vt 0.493800 0.708918
f 710/2577/710 727/2578/727 728/2579/728 714/2580/714
vt 0.528236 0.504427
vt 0.518772 0.504548
vt 0.518772 0.620168
vt 0.528236 0.615542
f 711/2581/711 726/2582/726 727/2583/727 710/2584/710
vt 0.485206 0.012316
vt 0.475742 0.012316
vt 0.475742 0.281918
vt 0.485206 0.276706
f 714/2585/714 728/2586/728 729/2587/729 718/2588/718
vt 0.509308 0.615542
vt 0.518772 0.620168
vt 0.518772 0.504548
vt 0.509308 0.504427
f 719/2589/719 727/2590/727 726/2591/726 720/2592/720
vt 0.471491 0.290719
vt 0.420939 0.290667
vt 0.420939 0.402186
vt 0.471491 0.402186
f 721/2593/721 724/2594/724 723/2595/723 719/2596/719
vt 0.474872 0.708918
vt 0.484336 0.708918
vt 0.484336 0.633377
vt 0.474872 0.633377
f 723/2597/723 728/2598/728 727/2599/727 719/2600/719
vt 0.755178 0.382595
vt 0.652416 0.440368
vt 0.652940 0.445445
vt 0.756619 0.387331
f 730/2601/730 732/2602/732 733/2603/733 731/2604/731
vt 0.746560 0.506815
vt 0.746560 0.434298
vt 0.640206 0.360493
vt 0.643798 0.486930
f 730/2605/730 742/2606/742 740/2607/740 732/2608/732
vt 0.652940 0.445445
vt 0.653592 0.454389
vt 0.757243 0.389383
vt 0.756619 0.387331
f 733/2609/733 736/2610/736 734/2611/734 731/2612/731
vt 0.722808 0.518992
vt 0.619156 0.539718
vt 0.619280 0.545343
vt 0.724248 0.524443
f 734/2613/734 736/2614/736 737/2615/737 735/2616/735
vt 0.619280 0.545343
vt 0.612804 0.678258
vt 0.724248 0.598485
vt 0.724248 0.524443
f 737/2617/737 744/2618/744 738/2619/738 735/2620/735
vt 0.218747 0.433634
vt 0.330191 0.503268
vt 0.330062 0.498581
vt 0.220170 0.428957
f 738/2621/738 744/2622/744 745/2623/745 739/2624/739
vt 0.220170 0.428957
vt 0.330062 0.498581
vt 0.329137 0.486831
vt 0.220830 0.426786
f 739/2625/739 745/2626/745 741/2627/741 743/2628/743
vt 0.640206 0.360493
vt 0.746560 0.434298
vt 0.747984 0.428232
vt 0.639677 0.353465
f 740/2629/740 742/2630/742 743/2631/743 741/2632/741
vt 0.280924 0.387331
vt 0.384604 0.445445
vt 0.385128 0.440368
vt 0.282366 0.382595
f 747/2633/747 750/2634/750 751/2635/751 746/2636/746
vt 0.280301 0.389383
vt 0.383952 0.454389
vt 0.384604 0.445445
vt 0.280924 0.387331
f 748/2637/748 752/2638/752 750/2639/750 747/2640/747
vt 0.244424 0.524443
vt 0.349392 0.545343
vt 0.349516 0.539718
vt 0.245865 0.518992
f 749/2641/749 753/2642/753 752/2643/752 748/2644/748
vt 0.244424 0.524443
vt 0.244424 0.598485
vt 0.355868 0.678258
vt 0.349392 0.545343
f 749/2645/749 754/2646/754 760/2647/760 753/2648/753
vt 0.376510 0.486930
vt 0.380102 0.360493
vt 0.273748 0.434298
vt 0.273748 0.506815
f 751/2649/751 758/2650/758 756/2651/756 746/2652/746
vt 0.697149 0.428957
vt 0.587256 0.498581
vt 0.587127 0.503268
vt 0.698571 0.433634
f 755/2653/755 761/2654/761 760/2655/760 754/2656/754
vt 0.273748 0.434298
vt 0.380102 0.360493
vt 0.380632 0.353465
vt 0.272325 0.428232
f 756/2657/756 758/2658/758 759/2659/759 757/2660/757
vt 0.696488 0.426786
vt 0.588182 0.486831
vt 0.587256 0.498581
vt 0.697149 0.428957
f 757/2661/757 759/2662/759 761/2663/761 755/2664/755
vt 0.786129 0.489484
vt 0.782321 0.470318
vt 0.728387 0.499067
vt 0.732195 0.518232
f 762/2665/762 764/2666/764 765/2667/765 763/2668/763
vt 0.508322 0.203267
vt 0.508322 0.193489
vt 0.495496 0.196133
vt 0.495496 0.206187
f 762/2669/762 766/2670/766 768/2671/768 764/2672/764
vt 0.210801 0.378805
vt 0.212384 0.373600
vt 0.159841 0.337912
vt 0.156867 0.347690
f 763/2673/763 767/2674/767 766/2675/766 762/2676/762
vt 0.816756 0.311096
vt 0.813698 0.301041
vt 0.761155 0.336730
vt 0.762822 0.342210
f 764/2677/764 768/2678/768 770/2679/770 765/2680/765
vt 0.561372 0.128855
vt 0.561372 0.123374
vt 0.558795 0.120576
vt 0.548547 0.125934
f 765/2681/765 770/2682/770 769/2683/769 763/2684/763
vt 0.808973 0.541182
vt 0.804201 0.544063
vt 0.802064 0.554587
vt 0.805080 0.560348
f 766/2685/766 772/2686/772 773/2687/773 768/2688/768
vt 0.756429 0.512434
vt 0.756923 0.518196
vt 0.804201 0.544063
vt 0.808973 0.541182
f 767/2689/767 771/2690/771 772/2691/772 766/2692/766
vt 0.813698 0.301041
vt 0.810682 0.298086
vt 0.763404 0.330199
vt 0.761155 0.336730
f 768/2693/768 773/2694/773 774/2695/774 770/2696/770
vt 0.558795 0.120576
vt 0.559444 0.116843
vt 0.552403 0.115392
vt 0.548547 0.120730
f 769/2697/769 774/2698/774 771/2699/771 767/2700/767
vt 0.756923 0.518196
vt 0.754786 0.528718
vt 0.802064 0.554587
vt 0.804201 0.544063
f 771/2701/771 774/2702/774 773/2703/773 772/2704/772
vt 0.776300 0.512434
vt 0.772324 0.531600
vt 0.823476 0.560348
vt 0.827452 0.541182
f 775/2705/775 777/2706/777 778/2707/778 776/2708/776
vt 0.548547 0.186055
vt 0.558795 0.195638
vt 0.561373 0.193902
vt 0.561373 0.188422
f 775/2709/775 784/2710/784 783/2711/783 777/2712/777
vt 0.141362 0.398663
vt 0.138387 0.408440
vt 0.190931 0.444129
vt 0.192513 0.438925
f 776/2713/776 779/2714/779 780/2715/780 775/2716/775
vt 0.780941 0.401777
vt 0.782609 0.407258
vt 0.835152 0.371569
vt 0.832094 0.361515
f 777/2717/777 783/2718/783 781/2719/781 778/2720/778
vt 0.495496 0.256607
vt 0.495496 0.266661
vt 0.497801 0.267829
vt 0.508322 0.254240
f 778/2721/778 781/2722/781 782/2723/782 776/2724/776
vt 0.138387 0.408440
vt 0.140636 0.414971
vt 0.187914 0.447084
vt 0.190931 0.444129
f 779/2725/779 785/2726/785 786/2727/786 780/2728/780
vt 0.752065 0.518232
vt 0.755082 0.512470
vt 0.752944 0.501947
vt 0.749645 0.502919
f 780/2729/780 786/2730/786 787/2731/787 784/2732/784
vt 0.497801 0.267829
vt 0.499351 0.272000
vt 0.506394 0.270548
vt 0.508322 0.264017
f 782/2733/782 788/2734/788 785/2735/785 779/2736/779
vt 0.748173 0.499066
vt 0.752944 0.501947
vt 0.800223 0.476079
vt 0.800716 0.470318
f 783/2737/783 787/2738/787 788/2739/788 781/2740/781
vt 0.802360 0.486603
vt 0.800223 0.476079
vt 0.752944 0.501947
vt 0.755082 0.512470
f 785/2741/785 788/2742/788 787/2743/787 786/2744/786
vt 0.786484 0.449079
vt 0.782676 0.429913
vt 0.728742 0.458662
vt 0.732550 0.477827
f 789/2745/789 791/2746/791 792/2747/792 790/2748/790
vt 0.481282 0.204434
vt 0.481282 0.193489
vt 0.468456 0.196133
vt 0.468456 0.207354
f 789/2749/789 793/2750/793 795/2751/795 791/2752/791
vt 0.210446 0.379972
vt 0.212384 0.373600
vt 0.159841 0.337912
vt 0.156512 0.348857
f 790/2753/790 794/2754/794 793/2755/793 789/2756/789
vt 0.817112 0.312262
vt 0.813698 0.301041
vt 0.761155 0.336730
vt 0.763177 0.343378
f 791/2757/791 795/2758/795 797/2759/797 792/2760/792
vt 0.588412 0.130022
vt 0.588412 0.123374
vt 0.585902 0.120769
vt 0.575586 0.127102
f 792/2761/792 797/2762/797 796/2763/796 790/2764/790
vt 0.808973 0.581587
vt 0.804201 0.584468
vt 0.802064 0.594992
vt 0.805080 0.600753
f 793/2765/793 799/2766/799 800/2767/800 795/2768/795
vt 0.756429 0.552839
vt 0.756923 0.558601
vt 0.804201 0.584468
vt 0.808973 0.581587
f 794/2769/794 798/2770/798 799/2771/799 793/2772/793
vt 0.813698 0.301041
vt 0.810682 0.298086
vt 0.763404 0.330199
vt 0.761155 0.336730
f 795/2773/795 800/2774/800 801/2775/801 797/2776/797
vt 0.585902 0.120769
vt 0.586484 0.116843
vt 0.579442 0.115392
vt 0.575586 0.120730
f 796/2777/796 801/2778/801 798/2779/798 794/2780/794
vt 0.756923 0.558601
vt 0.754786 0.569123
vt 0.802064 0.594992
vt 0.804201 0.584468
f 798/2781/798 801/2782/801 800/2783/800 799/2784/799
vt 0.775945 0.552839
vt 0.771969 0.572005
vt 0.823120 0.600753
vt 0.827097 0.581587
f 802/2785/802 804/2786/804 805/2787/805 803/2788/803
vt 0.575586 0.184887
vt 0.585902 0.195473
vt 0.588412 0.193902
vt 0.588412 0.187254
f 802/2789/802 811/2790/811 810/2791/810 804/2792/804
vt 0.141716 0.397495
vt 0.138387 0.408440
vt 0.190931 0.444129
vt 0.192869 0.437757
f 803/2793/803 806/2794/806 807/2795/807 802/2796/802
vt 0.780586 0.400610
vt 0.782609 0.407258
vt 0.835152 0.371569
vt 0.831738 0.360347
f 804/2797/804 810/2798/810 808/2799/808 805/2800/805
vt 0.468456 0.255439
vt 0.468456 0.266661
vt 0.470692 0.267716
vt 0.481282 0.253072
f 805/2801/805 808/2802/808 809/2803/809 803/2804/803
vt 0.138387 0.408440
vt 0.140636 0.414971
vt 0.187914 0.447083
vt 0.190931 0.444129
f 806/2805/806 812/2806/812 813/2807/813 807/2808/807
vt 0.752065 0.477827
vt 0.755082 0.472065
vt 0.752944 0.461542
vt 0.749570 0.462413
f 807/2809/807 813/2810/813 814/2811/814 811/2812/811
vt 0.470692 0.267716
vt 0.472312 0.272000
vt 0.479354 0.270548
vt 0.481282 0.264017
f 809/2813/809 815/2814/815 812/2815/812 806/2816/806
vt 0.748173 0.458661
vt 0.752944 0.461542
vt 0.800223 0.435675
vt 0.800716 0.429913
f 810/2817/810 814/2818/814 815/2819/815 808/2820/808
vt 0.802360 0.446198
vt 0.800223 0.435675
vt 0.752944 0.461542
vt 0.755082 0.472065
f 812/2821/812 815/2822/815 814/2823/814 813/2824/813
vt 0.663104 0.211004
vt 0.663104 0.208813
vt 0.534667 0.208812
vt 0.534667 0.216550
f 816/2825/816 819/2826/819 822/2827/822 817/2828/817
vt 0.183134 0.355426
vt 0.214570 0.374135
vt 0.187712 0.351338
vt 0.183801 0.353235
f 816/2829/816 821/2830/821 820/2831/820 819/2832/819
vt 0.761549 0.528851
vt 0.730113 0.528851
vt 0.728426 0.720776
vt 0.759862 0.720776
f 817/2833/817 818/2834/818 821/2835/821 816/2836/816
vt 0.795985 0.321458
vt 0.793631 0.313720
vt 0.762861 0.334620
vt 0.764549 0.340167
f 817/2837/817 822/2838/822 824/2839/824 818/2840/818
vt 0.541440 0.126811
vt 0.541440 0.121265
vt 0.538393 0.117216
vt 0.413003 0.121265
f 818/2841/818 824/2842/824 823/2843/823 821/2844/821
vt 0.785013 0.309890
vt 0.780977 0.314445
vt 0.780977 0.497259
vt 0.785013 0.501814
f 819/2845/819 826/2846/826 827/2847/827 822/2848/822
vt 0.754244 0.309890
vt 0.755757 0.314445
vt 0.780977 0.314445
vt 0.781101 0.309890
f 821/2849/821 825/2850/825 826/2851/826 820/2852/820
vt 0.793631 0.313720
vt 0.789595 0.311458
vt 0.764375 0.328588
vt 0.762861 0.334620
f 822/2853/822 827/2854/827 828/2855/828 824/2856/824
vt 0.538393 0.117216
vt 0.538391 0.115232
vt 0.416051 0.115233
vt 0.413003 0.121265
f 823/2857/823 828/2858/828 825/2859/825 821/2860/821
vt 0.755757 0.314445
vt 0.755757 0.497259
vt 0.780977 0.497259
vt 0.780977 0.314445
f 825/2861/825 828/2862/828 827/2863/827 826/2864/826
vt 0.806280 0.309890
vt 0.776177 0.309890
vt 0.774489 0.501814
vt 0.804592 0.501814
f 829/2865/829 834/2866/834 830/2867/830 831/2868/831
vt 0.783107 0.401178
vt 0.784794 0.406725
vt 0.815564 0.385825
vt 0.813210 0.378086
f 830/2869/830 836/2870/836 835/2871/835 831/2872/831
vt 0.534667 0.273178
vt 0.534667 0.280917
vt 0.663104 0.280917
vt 0.663104 0.278725
f 831/2873/831 835/2874/835 832/2875/832 829/2876/829
vt 0.161867 0.425339
vt 0.163483 0.430991
vt 0.192637 0.446239
vt 0.162534 0.423148
f 832/2877/832 833/2878/833 834/2879/834 829/2880/829
vt 0.770918 0.024174
vt 0.771020 0.019619
vt 0.745801 0.019619
vt 0.741765 0.024174
f 833/2881/833 838/2882/838 839/2883/839 834/2884/834
vt 0.413003 0.193369
vt 0.538393 0.197417
vt 0.541440 0.193369
vt 0.541440 0.187822
f 834/2885/834 837/2886/837 836/2887/836 830/2888/830
vt 0.750359 0.720776
vt 0.754395 0.716221
vt 0.754395 0.533407
vt 0.751590 0.533405
f 834/2889/834 839/2890/839 840/2891/840 837/2892/837
vt 0.534667 0.280917
vt 0.537715 0.286948
vt 0.660056 0.286948
vt 0.663104 0.280917
f 835/2893/835 841/2894/841 838/2895/838 832/2896/832
vt 0.784794 0.406725
vt 0.788831 0.408986
vt 0.814050 0.391857
vt 0.815564 0.385825
f 836/2897/836 840/2898/840 841/2899/841 835/2900/835
vt 0.779615 0.716221
vt 0.779615 0.533407
vt 0.754395 0.533407
vt 0.754395 0.716221
f 838/2901/838 841/2902/841 840/2903/840 839/2904/839
vt 0.810000 0.692535
vt 0.814166 0.696683
vt 0.822949 0.697986
vt 0.823202 0.694493
f 843/2905/843 856/2906/856 857/2907/857 844/2908/844
vt 0.823202 0.694493
vt 0.826178 0.542881
vt 0.813256 0.536093
vt 0.810000 0.692535
f 844/2909/844 846/2910/846 847/2911/847 843/2912/843
vt 0.372002 0.375765
vt 0.479439 0.411419
vt 0.469197 0.336581
vt 0.374978 0.224153
f 844/2913/844 849/2914/849 848/2915/848 846/2916/846
vt 0.380620 0.038215
vt 0.380366 0.041819
vt 0.487507 0.154149
vt 0.488056 0.150854
f 844/2917/844 857/2918/857 858/2919/858 849/2920/849
vt 0.890417 0.376646
vt 0.893776 0.374260
vt 0.904323 0.299596
vt 0.901170 0.300519
f 845/2921/845 861/2922/861 862/2923/862 850/2924/850
vt 0.142635 0.399579
vt 0.142969 0.403097
vt 0.151513 0.409811
vt 0.155558 0.409734
f 846/2925/846 853/2926/853 854/2927/854 847/2928/847
vt 0.787438 0.494573
vt 0.791483 0.494513
vt 0.891840 0.379061
vt 0.890417 0.376646
f 847/2929/847 854/2930/854 851/2931/851 845/2932/845
vt 0.431947 0.353938
vt 0.434426 0.356640
vt 0.508683 0.258675
vt 0.507185 0.255156
f 848/2933/848 852/2934/852 853/2935/853 846/2936/846
vt 0.381865 0.364674
vt 0.381248 0.369318
vt 0.431213 0.358606
vt 0.431947 0.353938
f 849/2937/849 859/2938/859 860/2939/860 848/2940/848
vt 0.484405 0.159038
vt 0.486229 0.157014
vt 0.371584 0.048603
vt 0.369100 0.050003
f 850/2941/850 855/2942/855 856/2943/856 842/2944/842
vt 0.622676 0.287843
vt 0.723033 0.192944
vt 0.714489 0.186231
vt 0.621049 0.284196
f 851/2945/851 854/2946/854 853/2947/853 852/2948/852
vt 0.434426 0.356640
vt 0.431213 0.358606
vt 0.431213 0.362118
vt 0.434426 0.360287
f 852/2949/852 860/2950/860 861/2951/861 851/2952/851
vt 0.486229 0.157014
vt 0.487507 0.154149
vt 0.380366 0.041819
vt 0.371584 0.048603
f 855/2953/855 858/2954/858 857/2955/857 856/2956/856
vt 0.486229 0.157014
vt 0.487558 0.158271
vt 0.488795 0.155498
vt 0.487507 0.154149
f 855/2957/855 862/2958/862 859/2959/859 858/2960/858
vt 0.381248 0.369318
vt 0.381248 0.372091
vt 0.431213 0.362118
vt 0.431213 0.358606
f 859/2961/859 862/2962/862 861/2963/861 860/2964/860
vt 0.210308 0.692535
vt 0.207053 0.536093
vt 0.194130 0.542881
vt 0.197106 0.694493
f 863/2965/863 866/2966/866 865/2967/865 864/2968/864
vt 0.184490 0.338131
vt 0.067502 0.300519
vt 0.078074 0.375357
vt 0.181235 0.494573
f 863/2969/863 868/2970/868 867/2971/867 866/2972/866
vt 0.790446 0.150273
vt 0.786280 0.150464
vt 0.671635 0.258875
vt 0.673458 0.260899
f 863/2973/863 880/2974/880 881/2975/881 868/2976/868
vt 0.197106 0.694493
vt 0.197360 0.697986
vt 0.206142 0.696683
vt 0.210308 0.692535
f 864/2977/864 879/2978/879 880/2979/880 863/2980/863
vt 0.765650 0.326014
vt 0.671431 0.438443
vt 0.661190 0.513281
vt 0.768626 0.477626
f 865/2981/865 870/2982/870 869/2983/869 864/2984/864
vt 0.568922 0.146708
vt 0.567424 0.150227
vt 0.641681 0.248193
vt 0.644160 0.245490
f 865/2985/865 877/2986/877 878/2987/878 870/2988/870
vt 0.761761 0.409734
vt 0.765806 0.409811
vt 0.774350 0.403097
vt 0.774683 0.399579
f 866/2989/866 876/2990/876 877/2991/877 865/2992/865
vt 0.078074 0.375357
vt 0.076832 0.379061
vt 0.177190 0.494513
vt 0.181235 0.494573
f 867/2993/867 875/2994/875 876/2995/876 866/2996/866
vt 0.067502 0.300519
vt 0.064350 0.299596
vt 0.074896 0.374260
vt 0.078074 0.375357
f 868/2997/868 872/2998/872 873/2999/873 867/3000/867
vt 0.669808 0.252716
vt 0.670357 0.256010
vt 0.777498 0.143681
vt 0.777244 0.140076
f 869/3001/869 882/3002/882 879/3003/879 864/3004/864
vt 0.644160 0.245490
vt 0.644894 0.250159
vt 0.694859 0.260870
vt 0.694242 0.256227
f 870/3005/870 874/3006/874 871/3007/871 869/3008/869
vt 0.694859 0.260870
vt 0.644894 0.250159
vt 0.644894 0.253671
vt 0.694859 0.263643
f 871/3009/871 874/3010/874 873/3011/873 872/3012/872
vt 0.670306 0.260132
vt 0.671635 0.258875
vt 0.670357 0.256010
vt 0.669069 0.257359
f 872/3013/872 881/3014/881 882/3015/882 871/3016/871
vt 0.644894 0.250159
vt 0.641681 0.248193
vt 0.641681 0.251840
vt 0.644894 0.253671
f 874/3017/874 878/3018/878 875/3019/875 873/3020/873
vt 0.866163 0.504710
vt 0.867790 0.501063
vt 0.774350 0.403097
vt 0.765806 0.409811
f 875/3021/875 878/3022/878 877/3023/877 876/3024/876
vt 0.777498 0.143681
vt 0.670357 0.256010
vt 0.671635 0.258875
vt 0.786280 0.150464
f 879/3025/879 882/3026/882 881/3027/881 880/3028/880
vt 0.221649 0.199055
vt 0.186407 0.289688
vt 0.245108 0.289688
vt 0.245108 0.199174
f 884/3029/884 886/3030/886 885/3031/885 883/3032/883
vt 0.850684 0.508887
vt 0.850684 0.443203
vt 0.790112 0.443203
vt 0.790112 0.508887
f 885/3033/885 888/3034/888 887/3035/887 883/3036/883
vt 0.782406 0.392621
vt 0.767739 0.344401
vt 0.703725 0.377345
vt 0.723705 0.443029
f 886/3037/886 889/3038/889 888/3039/888 885/3040/885
vt 0.230676 0.044376
vt 0.166662 0.044376
vt 0.205094 0.135009
vt 0.230676 0.134890
f 888/3041/888 889/3042/889 890/3043/890 887/3044/887
vt 0.669644 0.240699
vt 0.629125 0.242449
vt 0.629125 0.297477
vt 0.669644 0.299226
f 893/3045/893 896/3046/896 894/3047/894 895/3048/895
vt 0.669644 0.240699
vt 0.669652 0.230134
vt 0.628238 0.231923
vt 0.629125 0.242449
f 893/3049/893 932/3050/932 933/3051/933 896/3052/896
vt 0.227092 0.670000
vt 0.219907 0.668676
vt 0.219363 0.730560
vt 0.226560 0.730548
f 894/3053/894 950/3054/950 951/3055/951 895/3056/895
vt 0.669644 0.299226
vt 0.737175 0.302143
vt 0.737175 0.237783
vt 0.669644 0.240699
f 895/3057/895 930/3058/930 926/3059/926 893/3060/893
vt 0.217966 0.033947
vt 0.210769 0.033959
vt 0.209881 0.134884
vt 0.217078 0.134860
f 895/3061/895 951/3062/951 931/3063/931 930/3064/930
vt 0.629125 0.242449
vt 0.588566 0.251667
vt 0.588566 0.304941
vt 0.629125 0.297477
f 896/3065/896 898/3066/898 897/3067/897 894/3068/894
vt 0.629125 0.242449
vt 0.628238 0.231923
vt 0.587679 0.241141
vt 0.588566 0.251667
f 896/3069/896 933/3070/933 934/3071/934 898/3072/898
vt 0.239640 0.609393
vt 0.232454 0.608069
vt 0.219907 0.668676
vt 0.227092 0.670000
f 897/3073/897 949/3074/949 950/3075/950 894/3076/894
vt 0.588566 0.251667
vt 0.527787 0.254292
vt 0.527787 0.302316
vt 0.588566 0.304941
f 898/3077/898 900/3078/900 899/3079/899 897/3080/897
vt 0.588566 0.251667
vt 0.587679 0.241141
vt 0.528691 0.243688
vt 0.527787 0.254292
f 898/3081/898 934/3082/934 935/3083/935 900/3084/900
vt 0.240438 0.518571
vt 0.233229 0.519922
vt 0.232454 0.608069
vt 0.239640 0.609393
f 899/3085/899 948/3086/948 949/3087/949 897/3088/897
vt 0.527787 0.254292
vt 0.487308 0.248573
vt 0.487308 0.291352
vt 0.527787 0.302316
f 900/3089/900 902/3090/902 901/3091/901 899/3092/899
vt 0.527787 0.254292
vt 0.528691 0.243688
vt 0.490297 0.238265
vt 0.487308 0.248573
f 900/3093/900 935/3094/935 936/3095/936 902/3096/902
vt 0.228955 0.458083
vt 0.222338 0.462550
vt 0.233229 0.519922
vt 0.240438 0.518571
f 901/3097/901 947/3098/947 948/3099/948 899/3100/899
vt 0.276404 0.353481
vt 0.257318 0.343154
vt 0.245634 0.381563
vt 0.263391 0.396260
f 902/3101/902 904/3102/904 903/3103/903 901/3104/901
vt 0.487308 0.248573
vt 0.490297 0.238265
vt 0.469838 0.227804
vt 0.467108 0.238246
f 902/3105/902 936/3106/936 937/3107/937 904/3108/904
vt 0.211198 0.427898
vt 0.204353 0.431977
vt 0.222338 0.462550
vt 0.228955 0.458083
f 903/3109/903 946/3110/946 947/3111/947 901/3112/901
vt 0.467108 0.238246
vt 0.399617 0.233693
vt 0.399617 0.264524
vt 0.467108 0.276655
f 904/3113/904 906/3114/906 907/3115/907 903/3116/903
vt 0.467108 0.238246
vt 0.469838 0.227804
vt 0.399633 0.223129
vt 0.399617 0.233693
f 904/3117/904 937/3118/937 905/3119/905 906/3120/906
vt 0.200071 0.327045
vt 0.192874 0.327070
vt 0.204353 0.431977
vt 0.211198 0.427898
f 907/3121/907 908/3122/908 946/3123/946 903/3124/903
vt 0.676390 0.133041
vt 0.568320 0.133100
vt 0.566865 0.144387
vt 0.676407 0.144319
f 909/3125/909 914/3126/914 945/3127/945 910/3128/910
vt 0.211316 0.703495
vt 0.206406 0.539807
vt 0.199048 0.541981
vt 0.203902 0.703471
f 911/3129/911 938/3130/938 913/3131/913 912/3132/912
vt 0.676390 0.106574
vt 0.568320 0.098174
vt 0.568320 0.133100
vt 0.676390 0.133041
f 912/3133/912 913/3134/913 914/3135/914 909/3136/909
vt 0.568320 0.098174
vt 0.541267 0.089540
vt 0.541267 0.125053
vt 0.568320 0.133100
f 913/3137/913 915/3138/915 916/3139/916 914/3140/914
vt 0.199048 0.541981
vt 0.206406 0.539807
vt 0.194288 0.499623
vt 0.186857 0.501556
f 913/3141/913 938/3142/938 939/3143/939 915/3144/915
vt 0.541267 0.089540
vt 0.507501 0.088082
vt 0.507501 0.126511
vt 0.541267 0.125053
f 915/3145/915 918/3146/918 917/3147/917 916/3148/916
vt 0.186857 0.501556
vt 0.194288 0.499623
vt 0.194685 0.454529
vt 0.187300 0.451099
f 915/3149/915 939/3150/939 940/3151/940 918/3152/918
vt 0.541267 0.125053
vt 0.539974 0.136387
vt 0.566865 0.144387
vt 0.568320 0.133100
f 916/3153/916 944/3154/944 945/3155/945 914/3156/914
vt 0.507501 0.126511
vt 0.509797 0.137691
vt 0.539974 0.136387
vt 0.541267 0.125053
f 917/3157/917 943/3158/943 944/3159/944 916/3160/916
vt 0.781513 0.340952
vt 0.768790 0.347837
vt 0.781365 0.389179
vt 0.793203 0.379381
f 918/3161/918 919/3162/919 920/3163/920 917/3164/917
vt 0.187300 0.451099
vt 0.194685 0.454529
vt 0.207408 0.434407
vt 0.200024 0.430976
f 918/3165/918 940/3166/940 941/3167/941 919/3168/919
vt 0.494035 0.094967
vt 0.399491 0.090884
vt 0.399489 0.140393
vt 0.494035 0.136309
f 919/3169/919 924/3170/924 922/3171/922 920/3172/920
vt 0.200024 0.430976
vt 0.207408 0.434407
vt 0.206457 0.282844
vt 0.201266 0.289698
f 919/3173/919 941/3174/941 925/3175/925 924/3176/924
vt 0.494035 0.136309
vt 0.496331 0.147488
vt 0.509797 0.137691
vt 0.507501 0.126511
f 920/3177/920 942/3178/942 943/3179/943 917/3180/917
vt 0.399489 0.140393
vt 0.394904 0.150192
vt 0.496331 0.147488
vt 0.494035 0.136309
f 922/3181/922 921/3182/921 942/3183/942 920/3184/920
vt 0.850689 0.459121
vt 0.850691 0.409612
vt 0.850684 0.409614
vt 0.850684 0.410259
f 922/3185/922 924/3186/924 923/3187/923 889/3188/889
vt 0.737175 0.237783
vt 0.737192 0.227218
vt 0.669652 0.230134
vt 0.669644 0.240699
f 926/3189/926 927/3190/927 932/3191/932 893/3192/893
vt 0.413003 0.170278
vt 0.413003 0.172469
vt 0.541440 0.172469
vt 0.541440 0.164731
f 952/3193/952 956/3194/956 958/3195/958 954/3196/954
vt 0.754784 0.423148
vt 0.724682 0.446239
vt 0.753835 0.430991
vt 0.755451 0.425339
f 952/3197/952 957/3198/957 955/3199/955 956/3200/956
vt 0.215716 0.501814
vt 0.245819 0.501814
vt 0.244132 0.309890
vt 0.214029 0.309890
f 954/3201/954 953/3202/953 957/3203/957 952/3204/952
vt 0.224334 0.378086
vt 0.221980 0.385825
vt 0.252750 0.406725
vt 0.254437 0.401178
f 954/3205/954 958/3206/958 959/3207/959 953/3208/953
vt 0.413003 0.172469
vt 0.416051 0.178501
vt 0.538391 0.178501
vt 0.541440 0.172469
f 956/3209/956 960/3210/960 961/3211/961 958/3212/958
vt 0.209719 0.024174
vt 0.205683 0.019619
vt 0.180464 0.019619
vt 0.180566 0.024174
f 957/3213/957 963/3214/963 960/3215/960 955/3216/955
vt 0.221980 0.385825
vt 0.223494 0.391857
vt 0.248713 0.408986
vt 0.252750 0.406725
f 958/3217/958 961/3218/961 962/3219/962 959/3220/959
vt 0.218314 0.528851
vt 0.214277 0.533407
vt 0.214277 0.716221
vt 0.218314 0.720776
f 959/3221/959 962/3222/962 963/3223/963 957/3224/957
vt 0.189058 0.716221
vt 0.214277 0.716221
vt 0.214277 0.533407
vt 0.189058 0.533407
f 960/3225/960 963/3226/963 962/3227/962 961/3228/961
vt 0.208811 0.720776
vt 0.240247 0.720776
vt 0.238559 0.528851
vt 0.207123 0.528851
f 964/3229/964 969/3230/969 966/3231/966 965/3232/965
vt 0.541440 0.108103
vt 0.541440 0.100364
vt 0.413003 0.100365
vt 0.413003 0.102556
f 965/3233/965 970/3234/970 967/3235/967 964/3236/964
vt 0.272995 0.340167
vt 0.274682 0.334620
vt 0.243913 0.313720
vt 0.241559 0.321458
f 966/3237/966 971/3238/971 970/3239/970 965/3240/965
vt 0.733518 0.353235
vt 0.729606 0.351338
vt 0.702748 0.374135
vt 0.734185 0.355426
f 967/3241/967 968/3242/968 969/3243/969 964/3244/964
vt 0.239207 0.309890
vt 0.239332 0.314445
vt 0.264551 0.314445
vt 0.266065 0.309890
f 968/3245/968 975/3246/975 972/3247/972 969/3248/969
vt 0.663104 0.229712
vt 0.660056 0.223681
vt 0.537715 0.223680
vt 0.534667 0.229712
f 969/3249/969 972/3250/972 973/3251/973 971/3252/971
vt 0.235295 0.501814
vt 0.239332 0.497259
vt 0.239332 0.314445
vt 0.235295 0.309890
f 970/3253/970 974/3254/974 975/3255/975 967/3256/967
vt 0.274682 0.334620
vt 0.273169 0.328588
vt 0.247949 0.311458
vt 0.243913 0.313720
f 971/3257/971 973/3258/973 974/3259/974 970/3260/970
vt 0.264551 0.314445
vt 0.239332 0.314445
vt 0.239332 0.497259
vt 0.264551 0.497259
f 972/3261/972 975/3262/975 974/3263/974 973/3264/973
vt 0.724450 0.437757
vt 0.726388 0.444129
vt 0.778931 0.408440
vt 0.775602 0.397495
f 976/3265/976 981/3266/981 980/3267/980 977/3268/977
vt 0.193211 0.581587
vt 0.197188 0.600753
vt 0.248340 0.572005
vt 0.244364 0.552839
f 977/3269/977 979/3270/979 978/3271/978 976/3272/976
vt 0.594825 0.144625
vt 0.594825 0.155570
vt 0.607651 0.158213
vt 0.607651 0.146992
f 977/3273/977 980/3274/980 982/3275/982 979/3276/979
vt 0.487695 0.295701
vt 0.487695 0.302350
vt 0.500521 0.299706
vt 0.500521 0.293334
f 978/3277/978 983/3278/983 981/3279/981 976/3280/976
vt 0.205806 0.360347
vt 0.202392 0.371569
vt 0.254935 0.407258
vt 0.256957 0.400610
f 979/3281/979 982/3282/982 983/3283/983 978/3284/978
vt 0.594825 0.155570
vt 0.596752 0.162101
vt 0.603795 0.163552
vt 0.607651 0.158213
f 980/3285/980 984/3286/984 985/3287/985 982/3288/982
vt 0.726388 0.444129
vt 0.729405 0.447083
vt 0.776682 0.414971
vt 0.778931 0.408440
f 981/3289/981 987/3290/987 984/3291/984 980/3292/980
vt 0.167956 0.429913
vt 0.168450 0.435675
vt 0.215728 0.461542
vt 0.220499 0.458661
f 982/3293/982 985/3294/985 986/3295/986 983/3296/983
vt 0.220499 0.458661
vt 0.215728 0.461542
vt 0.213591 0.472065
vt 0.216608 0.477827
f 983/3297/983 986/3298/986 987/3299/987 981/3300/981
vt 0.166313 0.446198
vt 0.213591 0.472065
vt 0.215728 0.461542
vt 0.168450 0.435675
f 984/3301/984 987/3302/987 986/3303/986 985/3304/985
vt 0.760807 0.348857
vt 0.757478 0.337912
vt 0.704934 0.373600
vt 0.706873 0.379972
f 988/3305/988 992/3306/992 993/3307/993 989/3308/989
vt 0.236122 0.477827
vt 0.239931 0.458662
vt 0.185996 0.429913
vt 0.182188 0.449079
f 989/3309/989 991/3310/991 990/3311/990 988/3312/988
vt 0.500521 0.235550
vt 0.500521 0.229178
vt 0.487695 0.231821
vt 0.487695 0.238470
f 989/3313/989 993/3314/993 995/3315/995 991/3316/991
vt 0.607651 0.098907
vt 0.607651 0.087685
vt 0.594825 0.085041
vt 0.594825 0.095986
f 990/3317/990 994/3318/994 992/3319/992 988/3320/988
vt 0.274367 0.343378
vt 0.276389 0.336730
vt 0.223846 0.301041
vt 0.220432 0.312262
f 991/3321/991 995/3322/995 994/3323/994 990/3324/990
vt 0.211336 0.581587
vt 0.216107 0.584468
vt 0.263385 0.558601
vt 0.263879 0.552839
f 992/3325/992 999/3326/999 996/3327/996 993/3328/993
vt 0.500521 0.229178
vt 0.496665 0.223839
vt 0.489623 0.225291
vt 0.487695 0.231821
f 993/3329/993 996/3330/996 997/3331/997 995/3332/995
vt 0.215228 0.600753
vt 0.218244 0.594992
vt 0.216107 0.584468
vt 0.211336 0.581587
f 994/3333/994 998/3334/998 999/3335/999 992/3336/992
vt 0.276389 0.336730
vt 0.274140 0.330199
vt 0.226862 0.298086
vt 0.223846 0.301041
f 995/3337/995 997/3338/997 998/3339/998 994/3340/994
vt 0.263385 0.558601
vt 0.216107 0.584468
vt 0.218244 0.594992
vt 0.265523 0.569123
f 996/3341/996 999/3342/999 998/3343/998 997/3344/997
vt 0.724805 0.438925
vt 0.726388 0.444129
vt 0.778931 0.408440
vt 0.775957 0.398663
f 1000/3345/1000 1005/3346/1005 1004/3347/1004 1001/3348/1001
vt 0.192856 0.541182
vt 0.196832 0.560348
vt 0.247985 0.531600
vt 0.244008 0.512434
f 1001/3349/1001 1003/3350/1003 1002/3351/1002 1000/3352/1000
vt 0.567785 0.145792
vt 0.567785 0.155570
vt 0.580611 0.158213
vt 0.580611 0.148159
f 1001/3353/1001 1004/3354/1004 1006/3355/1006 1003/3356/1003
vt 0.514734 0.296869
vt 0.514734 0.302350
vt 0.517312 0.304086
vt 0.527560 0.294502
f 1002/3357/1002 1008/3358/1008 1007/3359/1007 1000/3360/1000
vt 0.205450 0.361515
vt 0.202392 0.371569
vt 0.254935 0.407258
vt 0.256603 0.401777
f 1003/3361/1003 1006/3362/1006 1008/3363/1008 1002/3364/1002
vt 0.567785 0.155570
vt 0.569713 0.162101
vt 0.576756 0.163552
vt 0.580611 0.158213
f 1004/3365/1004 1009/3366/1009 1010/3367/1010 1006/3368/1006
vt 0.726388 0.444129
vt 0.729405 0.447084
vt 0.776682 0.414971
vt 0.778931 0.408440
f 1005/3369/1005 1012/3370/1012 1009/3371/1009 1004/3372/1004
vt 0.167956 0.470318
vt 0.168450 0.476079
vt 0.215728 0.501947
vt 0.220499 0.499066
f 1006/3373/1006 1010/3374/1010 1011/3375/1011 1008/3376/1008
vt 0.219027 0.502919
vt 0.215728 0.501947
vt 0.213591 0.512470
vt 0.216608 0.518232
f 1007/3377/1007 1011/3378/1011 1012/3379/1012 1005/3380/1005
vt 0.166313 0.486603
vt 0.213591 0.512470
vt 0.215728 0.501947
vt 0.168450 0.476079
f 1009/3381/1009 1012/3382/1012 1011/3383/1011 1010/3384/1010
vt 0.760452 0.347690
vt 0.757478 0.337912
vt 0.704934 0.373600
vt 0.706517 0.378805
f 1013/3385/1013 1017/3386/1017 1018/3387/1018 1014/3388/1014
vt 0.236478 0.518232
vt 0.240286 0.499067
vt 0.186352 0.470318
vt 0.182543 0.489484
f 1014/3389/1014 1016/3390/1016 1015/3391/1015 1013/3392/1013
vt 0.527560 0.234382
vt 0.527560 0.229178
vt 0.514735 0.231821
vt 0.514735 0.237302
f 1014/3393/1014 1018/3394/1018 1020/3395/1020 1016/3396/1016
vt 0.580611 0.097740
vt 0.580611 0.087685
vt 0.567785 0.085041
vt 0.567785 0.094819
f 1015/3397/1015 1019/3398/1019 1017/3399/1017 1013/3400/1013
vt 0.274722 0.342210
vt 0.276389 0.336730
vt 0.223846 0.301041
vt 0.220788 0.311096
f 1016/3401/1016 1020/3402/1020 1019/3403/1019 1015/3404/1015
vt 0.211336 0.541182
vt 0.216107 0.544063
vt 0.263385 0.518196
vt 0.263879 0.512434
f 1017/3405/1017 1024/3406/1024 1021/3407/1021 1018/3408/1018
vt 0.527560 0.229178
vt 0.523705 0.223839
vt 0.516663 0.225291
vt 0.514735 0.231821
f 1018/3409/1018 1021/3410/1021 1022/3411/1022 1020/3412/1020
vt 0.215228 0.560348
vt 0.218244 0.554587
vt 0.216107 0.544063
vt 0.211336 0.541182
f 1019/3413/1019 1023/3414/1023 1024/3415/1024 1017/3416/1017
vt 0.276389 0.336730
vt 0.274140 0.330199
vt 0.226862 0.298086
vt 0.223846 0.301041
f 1020/3417/1020 1022/3418/1022 1023/3419/1023 1019/3420/1019
vt 0.263385 0.518196
vt 0.216107 0.544063
vt 0.218244 0.554587
vt 0.265523 0.528718
f 1021/3421/1021 1024/3422/1024 1023/3423/1023 1022/3424/1022
vt 0.558425 0.276308
vt 0.602381 0.276308
vt 0.602381 0.185794
vt 0.558425 0.185794
f 1025/3425/1025 1029/3426/1029 1030/3427/1030 1026/3428/1026
vt 0.199741 0.656186
vt 0.199741 0.743904
vt 0.260393 0.691241
vt 0.260313 0.656186
f 1026/3429/1026 1028/3430/1028 1027/3431/1027 1025/3432/1025
vt 0.375976 0.583742
vt 0.332020 0.553885
vt 0.309973 0.649542
vt 0.342243 0.671460
f 1026/3433/1026 1030/3434/1030 1031/3435/1031 1028/3436/1028
vt 0.695474 0.619743
vt 0.695394 0.657970
vt 0.756046 0.715400
vt 0.756046 0.619743
f 1029/3437/1029 1032/3438/1032 1031/3439/1031 1030/3440/1030
vt 0.624428 0.185794
vt 0.624859 0.185793
vt 0.624861 0.185784
vt 0.591729 0.185789
f 1031/3441/1031 1066/3442/1066 1067/3443/1067 1063/3444/1063
vt 0.622995 0.838872
vt 0.624947 0.737959
vt 0.581876 0.737959
vt 0.583828 0.838872
f 1035/3445/1035 1070/3446/1070 1073/3447/1073 1036/3448/1036
vt 0.622995 0.838872
vt 0.630065 0.838860
vt 0.632017 0.737935
vt 0.624947 0.737959
f 1035/3449/1035 1093/3450/1093 1068/3451/1068 1070/3452/1070
vt 0.592422 0.158700
vt 0.593594 0.219248
vt 0.630418 0.219248
vt 0.631589 0.158700
f 1036/3453/1036 1037/3454/1037 1038/3455/1038 1035/3456/1035
vt 0.763026 0.638737
vt 0.763018 0.649491
vt 0.804431 0.648678
vt 0.803545 0.637941
f 1036/3457/1036 1074/3458/1074 1075/3459/1075 1037/3460/1037
vt 0.593594 0.219248
vt 0.588598 0.279855
vt 0.624249 0.279855
vt 0.630418 0.219248
f 1037/3461/1037 1039/3462/1039 1040/3463/1040 1038/3464/1038
vt 0.803545 0.637941
vt 0.804431 0.648678
vt 0.844990 0.629928
vt 0.844104 0.619192
f 1037/3465/1037 1075/3466/1075 1076/3467/1076 1039/3468/1039
vt 0.630418 0.219248
vt 0.637462 0.220572
vt 0.638659 0.158688
vt 0.631589 0.158700
f 1038/3469/1038 1092/3470/1092 1093/3471/1093 1035/3472/1035
vt 0.588598 0.279855
vt 0.590355 0.370677
vt 0.622493 0.370677
vt 0.624249 0.279855
f 1039/3473/1039 1041/3474/1041 1042/3475/1042 1040/3476/1040
vt 0.392904 0.300463
vt 0.393790 0.311200
vt 0.452778 0.310042
vt 0.453682 0.299270
f 1039/3477/1039 1076/3478/1076 1077/3479/1077 1041/3480/1041
vt 0.624249 0.279855
vt 0.631293 0.281179
vt 0.637462 0.220572
vt 0.630418 0.219248
f 1040/3481/1040 1091/3482/1091 1092/3483/1092 1038/3484/1038
vt 0.590355 0.370677
vt 0.597692 0.431165
vt 0.626320 0.431165
vt 0.622493 0.370677
f 1041/3485/1041 1043/3486/1043 1044/3487/1044 1042/3488/1042
vt 0.453682 0.299270
vt 0.452778 0.310042
vt 0.491172 0.326317
vt 0.494161 0.316429
f 1041/3489/1041 1077/3490/1077 1078/3491/1078 1043/3492/1043
vt 0.622493 0.370677
vt 0.629588 0.369326
vt 0.631293 0.281179
vt 0.624249 0.279855
f 1042/3493/1042 1090/3494/1090 1091/3495/1091 1040/3496/1040
vt 0.606310 0.529785
vt 0.616145 0.556318
vt 0.641849 0.538859
vt 0.634938 0.510339
f 1043/3497/1043 1045/3498/1045 1046/3499/1046 1044/3500/1044
vt 0.494161 0.316429
vt 0.491172 0.326317
vt 0.511631 0.353192
vt 0.514361 0.342962
f 1043/3501/1043 1078/3502/1078 1079/3503/1079 1045/3504/1045
vt 0.626320 0.431165
vt 0.633218 0.426698
vt 0.629588 0.369326
vt 0.622493 0.370677
f 1044/3505/1044 1089/3506/1089 1090/3507/1090 1042/3508/1042
vt 0.607527 0.461350
vt 0.615645 0.562203
vt 0.636277 0.562203
vt 0.633231 0.461350
f 1045/3509/1045 1050/3510/1050 1047/3511/1047 1046/3512/1046
vt 0.514361 0.342962
vt 0.511631 0.353192
vt 0.581836 0.370346
vt 0.581852 0.359591
f 1045/3513/1045 1079/3514/1079 1049/3515/1049 1050/3516/1050
vt 0.633231 0.461350
vt 0.640218 0.457271
vt 0.633218 0.426698
vt 0.626320 0.431165
f 1046/3517/1046 1088/3518/1088 1089/3519/1089 1044/3520/1044
vt 0.636277 0.562203
vt 0.643347 0.562179
vt 0.640218 0.457271
vt 0.633231 0.461350
f 1047/3521/1047 1048/3522/1048 1088/3523/1088 1046/3524/1046
vt 0.597695 0.468587
vt 0.597650 0.632276
vt 0.605203 0.630103
vt 0.605243 0.468612
f 1051/3525/1051 1080/3526/1080 1056/3527/1056 1052/3528/1052
vt 0.605243 0.468612
vt 0.605203 0.630103
vt 0.628576 0.630103
vt 0.622954 0.468612
f 1052/3529/1052 1056/3530/1056 1055/3531/1055 1054/3532/1054
vt 0.494354 0.500894
vt 0.602425 0.508147
vt 0.603879 0.497150
vt 0.494338 0.489815
f 1054/3533/1054 1055/3534/1055 1087/3535/1087 1053/3536/1053
vt 0.605203 0.630103
vt 0.610589 0.670528
vt 0.634355 0.670528
vt 0.628576 0.630103
f 1056/3537/1056 1058/3538/1058 1057/3539/1057 1055/3540/1055
vt 0.605203 0.630103
vt 0.597650 0.632276
vt 0.603003 0.672459
vt 0.610589 0.670528
f 1056/3541/1056 1080/3542/1080 1081/3543/1081 1058/3544/1058
vt 0.629477 0.526364
vt 0.630770 0.515260
vt 0.603879 0.497150
vt 0.602425 0.508147
f 1057/3545/1057 1086/3546/1086 1087/3547/1087 1055/3548/1055
vt 0.610589 0.670528
vt 0.609613 0.720984
vt 0.635330 0.720984
vt 0.634355 0.670528
f 1058/3549/1058 1059/3550/1059 1060/3551/1060 1057/3552/1057
vt 0.610589 0.670528
vt 0.603003 0.672459
vt 0.602131 0.717553
vt 0.609613 0.720984
f 1058/3553/1058 1081/3554/1081 1082/3555/1082 1059/3556/1059
vt 0.333383 0.687593
vt 0.339939 0.669903
vt 0.312273 0.651112
vt 0.307666 0.670124
f 1059/3557/1059 1062/3558/1062 1061/3559/1061 1060/3560/1060
vt 0.601019 0.024382
vt 0.593537 0.020952
vt 0.586980 0.041075
vt 0.594462 0.044506
f 1059/3561/1059 1082/3562/1082 1083/3563/1083 1062/3564/1062
vt 0.663243 0.525702
vt 0.660947 0.514667
vt 0.630770 0.515260
vt 0.629477 0.526364
f 1060/3565/1060 1085/3566/1085 1086/3567/1086 1057/3568/1057
vt 0.676710 0.506689
vt 0.674414 0.495654
vt 0.660947 0.514667
vt 0.663243 0.525702
f 1061/3569/1061 1084/3570/1084 1085/3571/1085 1060/3572/1060
vt 0.594462 0.044506
vt 0.591729 0.185789
vt 0.624861 0.185784
vt 0.622128 0.044506
f 1062/3573/1062 1063/3574/1063 1067/3575/1067 1061/3576/1061
vt 0.594462 0.044506
vt 0.586980 0.041075
vt 0.585172 0.192638
vt 0.591729 0.185789
f 1062/3577/1062 1083/3578/1083 1064/3579/1064 1063/3580/1063
vt 0.771254 0.504833
vt 0.775841 0.497076
vt 0.674414 0.495654
vt 0.676710 0.506689
f 1067/3581/1067 1065/3582/1065 1084/3583/1084 1061/3584/1061
vt 0.695494 0.640062
vt 0.695478 0.650817
vt 0.763018 0.649491
vt 0.763026 0.638737
f 1073/3585/1073 1072/3586/1072 1074/3587/1074 1036/3588/1036
vt 0.357262 0.541531
vt 0.377541 0.555306
vt 0.377541 0.531711
vt 0.357262 0.526470
f 1095/3589/1095 1097/3590/1097 1096/3591/1096 1094/3592/1094
vt 0.591272 0.269485
vt 0.591272 0.380599
vt 0.611552 0.380599
vt 0.611552 0.269485
f 1096/3593/1096 1099/3594/1099 1098/3595/1098 1094/3596/1094
vt 0.385964 0.278841
vt 0.392904 0.298647
vt 0.453682 0.298647
vt 0.460322 0.281644
f 1096/3597/1096 1102/3598/1102 1103/3599/1103 1099/3600/1099
vt 0.615785 0.386051
vt 0.622425 0.393320
vt 0.683204 0.393320
vt 0.690143 0.382047
f 1098/3601/1098 1105/3602/1105 1104/3603/1104 1094/3604/1094
vt 0.599890 0.494999
vt 0.599890 0.515635
vt 0.620169 0.501860
vt 0.620169 0.490959
f 1099/3605/1099 1101/3606/1101 1100/3607/1100 1098/3608/1098
vt 0.408757 0.269485
vt 0.408757 0.380599
vt 0.429036 0.380599
vt 0.429036 0.269485
f 1106/3609/1106 1110/3610/1110 1112/3611/1112 1107/3612/1107
vt 0.385964 0.273599
vt 0.392904 0.284872
vt 0.453682 0.284872
vt 0.460322 0.277603
f 1106/3613/1106 1116/3614/1116 1117/3615/1117 1110/3616/1110
vt 0.539777 0.531711
vt 0.539777 0.555306
vt 0.560057 0.541531
vt 0.560057 0.526470
f 1107/3617/1107 1109/3618/1109 1108/3619/1108 1106/3620/1106
vt 0.417374 0.501860
vt 0.437654 0.515635
vt 0.437654 0.494999
vt 0.417374 0.490959
f 1111/3621/1111 1113/3622/1113 1112/3623/1112 1110/3624/1110
vt 0.615785 0.390091
vt 0.622425 0.407094
vt 0.683204 0.407094
vt 0.690143 0.387289
f 1112/3625/1112 1115/3626/1115 1114/3627/1114 1107/3628/1107
vt 0.757741 0.485761
vt 0.757741 0.440778
vt 0.629304 0.438257
vt 0.629304 0.483240
f 1118/3629/1118 1122/3630/1122 1119/3631/1119 1120/3632/1120
vt 0.603018 0.543165
vt 0.599306 0.545686
vt 0.613293 0.591665
vt 0.618471 0.588148
f 1119/3633/1119 1124/3634/1124 1123/3635/1123 1120/3636/1120
vt 0.584036 0.670269
vt 0.578857 0.670269
vt 0.578857 0.862193
vt 0.580324 0.862193
f 1120/3637/1120 1123/3638/1123 1121/3639/1121 1118/3640/1118
vt 0.364139 0.631180
vt 0.368175 0.628918
vt 0.379638 0.591233
vt 0.378125 0.585201
f 1121/3641/1121 1126/3642/1126 1127/3643/1127 1122/3644/1122
vt 0.590689 0.168472
vt 0.587980 0.355843
vt 0.590689 0.360397
vt 0.594401 0.360397
f 1122/3645/1122 1125/3646/1125 1124/3647/1124 1119/3648/1119
vt 0.318366 0.332331
vt 0.321414 0.338362
vt 0.443755 0.338362
vt 0.443755 0.334170
f 1122/3649/1122 1127/3650/1127 1128/3651/1128 1125/3652/1125
vt 0.578857 0.670269
vt 0.574821 0.674824
vt 0.574821 0.857639
vt 0.578857 0.862193
f 1123/3653/1123 1129/3654/1129 1126/3655/1126 1121/3656/1121
vt 0.599306 0.545686
vt 0.597793 0.551718
vt 0.609256 0.589404
vt 0.613293 0.591665
f 1124/3657/1124 1128/3658/1128 1129/3659/1129 1123/3660/1123
vt 0.321414 0.376048
vt 0.443755 0.376048
vt 0.443755 0.338362
vt 0.321414 0.338362
f 1126/3661/1126 1129/3662/1129 1128/3663/1128 1127/3664/1127
vt 0.625644 0.862193
vt 0.627110 0.862193
vt 0.627110 0.670269
vt 0.621931 0.670269
f 1130/3665/1130 1133/3666/1133 1135/3667/1135 1131/3668/1131
vt 0.446803 0.349052
vt 0.446803 0.302077
vt 0.318366 0.299556
vt 0.318366 0.346531
f 1131/3669/1131 1132/3670/1132 1134/3671/1134 1130/3672/1130
vt 0.656367 0.562408
vt 0.661546 0.558891
vt 0.647560 0.512911
vt 0.643848 0.515433
f 1131/3673/1131 1135/3674/1135 1137/3675/1137 1132/3676/1132
vt 0.635230 0.360397
vt 0.638942 0.360397
vt 0.641651 0.355843
vt 0.638942 0.168472
f 1132/3677/1132 1137/3678/1137 1136/3679/1136 1134/3680/1134
vt 0.757741 0.453983
vt 0.754694 0.447951
vt 0.632352 0.447951
vt 0.629304 0.453983
f 1133/3681/1133 1139/3682/1139 1140/3683/1140 1135/3684/1135
vt 0.329871 0.552426
vt 0.325835 0.554688
vt 0.314372 0.592374
vt 0.315886 0.598405
f 1134/3685/1134 1138/3686/1138 1139/3687/1139 1133/3688/1133
vt 0.661546 0.558891
vt 0.663059 0.552859
vt 0.651596 0.515173
vt 0.647560 0.512911
f 1135/3689/1135 1140/3690/1140 1141/3691/1141 1137/3692/1137
vt 0.641651 0.355843
vt 0.642978 0.355842
vt 0.642978 0.173027
vt 0.638942 0.168472
f 1136/3693/1136 1141/3694/1141 1138/3695/1138 1134/3696/1134
vt 0.754694 0.410265
vt 0.632352 0.410265
vt 0.632352 0.447951
vt 0.754694 0.447951
f 1138/3697/1138 1141/3698/1141 1140/3699/1140 1139/3700/1139
vt 0.595159 0.440431
vt 0.582332 0.434489
vt 0.563094 0.510927
vt 0.575920 0.516868
f 1142/3701/1142 1144/3702/1144 1145/3703/1145 1143/3704/1143
vt 0.596365 0.411421
vt 0.589281 0.426836
vt 0.590332 0.430587
vt 0.594781 0.430587
f 1142/3705/1142 1150/3706/1150 1149/3707/1149 1144/3708/1144
vt 0.345504 0.661291
vt 0.352829 0.666266
vt 0.376712 0.587750
vt 0.372448 0.584854
f 1143/3709/1143 1146/3710/1146 1147/3711/1147 1142/3712/1142
vt 0.603399 0.539398
vt 0.598949 0.542420
vt 0.622833 0.620936
vt 0.630342 0.615835
f 1144/3713/1144 1149/3714/1149 1148/3715/1148 1145/3716/1145
vt 0.595907 0.571330
vt 0.588397 0.571330
vt 0.590166 0.590495
vt 0.597491 0.590495
f 1145/3717/1145 1148/3718/1148 1146/3719/1146 1143/3720/1143
vt 0.352829 0.666266
vt 0.357200 0.662906
vt 0.378690 0.592258
vt 0.376712 0.587750
f 1146/3721/1146 1151/3722/1151 1152/3723/1152 1147/3724/1147
vt 0.480949 0.334880
vt 0.484804 0.339388
vt 0.491847 0.336194
vt 0.491264 0.331152
f 1147/3725/1147 1152/3726/1152 1153/3727/1153 1150/3728/1150
vt 0.588397 0.571330
vt 0.584825 0.577092
vt 0.585796 0.587615
vt 0.590166 0.590495
f 1148/3729/1148 1154/3730/1154 1151/3731/1151 1146/3732/1146
vt 0.493774 0.329064
vt 0.491847 0.336194
vt 0.509157 0.406842
vt 0.513013 0.407580
f 1149/3733/1149 1153/3734/1153 1154/3735/1154 1148/3736/1148
vt 0.502115 0.410036
vt 0.509157 0.406842
vt 0.491847 0.336194
vt 0.484804 0.339388
f 1151/3737/1151 1154/3738/1154 1153/3739/1153 1152/3740/1152
vt 0.500188 0.386313
vt 0.513013 0.380622
vt 0.493774 0.300028
vt 0.480949 0.305718
f 1155/3741/1155 1157/3742/1157 1158/3743/1158 1156/3744/1156
vt 0.630040 0.590495
vt 0.637364 0.590495
vt 0.635595 0.571330
vt 0.628086 0.571330
f 1155/3745/1155 1159/3746/1159 1161/3747/1161 1157/3748/1157
vt 0.333779 0.558588
vt 0.329515 0.555692
vt 0.305632 0.634207
vt 0.312956 0.639183
f 1156/3749/1156 1160/3750/1160 1159/3751/1159 1155/3752/1155
vt 0.662521 0.593977
vt 0.670031 0.588877
vt 0.646147 0.510361
vt 0.641698 0.513384
f 1157/3753/1157 1161/3754/1161 1163/3755/1163 1158/3756/1158
vt 0.633080 0.430587
vt 0.637530 0.430587
vt 0.639274 0.426836
vt 0.635035 0.411421
f 1158/3757/1158 1163/3758/1163 1162/3759/1162 1156/3760/1156
vt 0.575920 0.489784
vt 0.573991 0.482655
vt 0.566950 0.479461
vt 0.563094 0.483969
f 1159/3761/1159 1165/3762/1165 1166/3763/1166 1161/3764/1161
vt 0.595159 0.411269
vt 0.591303 0.412007
vt 0.573991 0.482655
vt 0.575920 0.489784
f 1160/3765/1160 1164/3766/1164 1165/3767/1165 1159/3768/1159
vt 0.670031 0.588877
vt 0.672008 0.584369
vt 0.650518 0.513722
vt 0.646147 0.510361
f 1161/3769/1161 1166/3770/1166 1167/3771/1167 1163/3772/1163
vt 0.639274 0.426836
vt 0.641901 0.427707
vt 0.642872 0.417183
vt 0.639299 0.411421
f 1162/3773/1162 1167/3774/1167 1164/3775/1164 1160/3776/1160
vt 0.591303 0.412007
vt 0.584260 0.408814
vt 0.566950 0.479461
vt 0.573991 0.482655
f 1164/3777/1164 1167/3778/1167 1166/3779/1166 1165/3780/1165
vt 0.622198 0.440962
vt 0.609372 0.435020
vt 0.590133 0.511457
vt 0.602959 0.517399
f 1168/3781/1168 1170/3782/1170 1171/3783/1171 1169/3784/1169
vt 0.595584 0.371016
vt 0.589170 0.386330
vt 0.590332 0.390182
vt 0.594000 0.390182
f 1168/3785/1168 1176/3786/1176 1175/3787/1175 1170/3788/1170
vt 0.346286 0.661822
vt 0.352829 0.666266
vt 0.376712 0.587750
vt 0.373230 0.585385
f 1169/3789/1169 1172/3790/1172 1173/3791/1173 1168/3792/1168
vt 0.602618 0.539929
vt 0.598949 0.542420
vt 0.622833 0.620936
vt 0.629561 0.616365
f 1170/3793/1170 1175/3794/1175 1174/3795/1174 1171/3796/1171
vt 0.595125 0.611735
vt 0.588397 0.611735
vt 0.590166 0.630900
vt 0.596710 0.630900
f 1171/3797/1171 1174/3798/1174 1172/3799/1172 1169/3800/1169
vt 0.352829 0.666266
vt 0.357200 0.662906
vt 0.378690 0.592258
vt 0.376712 0.587750
f 1172/3801/1172 1177/3802/1177 1178/3803/1178 1173/3804/1173
vt 0.453909 0.334880
vt 0.457765 0.339388
vt 0.464807 0.336194
vt 0.464157 0.331264
f 1173/3805/1173 1178/3806/1178 1179/3807/1179 1176/3808/1176
vt 0.588397 0.611735
vt 0.584825 0.617497
vt 0.585796 0.628020
vt 0.590166 0.630900
f 1174/3809/1174 1180/3810/1180 1177/3811/1177 1172/3812/1172
vt 0.466735 0.329064
vt 0.464807 0.336194
vt 0.482118 0.406842
vt 0.485974 0.407580
f 1175/3813/1175 1179/3814/1179 1180/3815/1180 1174/3816/1174
vt 0.475076 0.410036
vt 0.482118 0.406842
vt 0.464807 0.336194
vt 0.457765 0.339388
f 1177/3817/1177 1180/3818/1180 1179/3819/1179 1178/3820/1178
vt 0.473148 0.385782
vt 0.485974 0.380091
vt 0.466735 0.299497
vt 0.453909 0.305187
f 1181/3821/1181 1183/3822/1183 1184/3823/1184 1182/3824/1182
vt 0.630821 0.630900
vt 0.637364 0.630900
vt 0.635595 0.611735
vt 0.628867 0.611735
f 1181/3825/1181 1185/3826/1185 1187/3827/1187 1183/3828/1183
vt 0.332997 0.558058
vt 0.329515 0.555692
vt 0.305632 0.634207
vt 0.312174 0.638652
f 1182/3829/1182 1186/3830/1186 1185/3831/1185 1181/3832/1181
vt 0.663302 0.593447
vt 0.670031 0.588877
vt 0.646147 0.510362
vt 0.642479 0.512853
f 1183/3833/1183 1187/3834/1187 1189/3835/1189 1184/3836/1184
vt 0.633862 0.390182
vt 0.637530 0.390182
vt 0.639403 0.386330
vt 0.635816 0.371016
f 1184/3837/1184 1189/3838/1189 1188/3839/1188 1182/3840/1182
vt 0.602959 0.489784
vt 0.601031 0.482655
vt 0.593989 0.479461
vt 0.590133 0.483969
f 1185/3841/1185 1191/3842/1191 1192/3843/1192 1187/3844/1187
vt 0.622198 0.411269
vt 0.618342 0.412007
vt 0.601031 0.482655
vt 0.602959 0.489784
f 1186/3845/1186 1190/3846/1190 1191/3847/1191 1185/3848/1185
vt 0.670031 0.588877
vt 0.672008 0.584369
vt 0.650518 0.513722
vt 0.646147 0.510362
f 1187/3849/1187 1192/3850/1192 1193/3851/1193 1189/3852/1189
vt 0.639403 0.386330
vt 0.641901 0.387301
vt 0.642872 0.376778
vt 0.639299 0.371016
f 1188/3853/1188 1193/3854/1193 1190/3855/1190 1186/3856/1186
vt 0.618342 0.412007
vt 0.611300 0.408814
vt 0.593989 0.479461
vt 0.601031 0.482655
f 1190/3857/1190 1193/3858/1193 1192/3859/1192 1191/3860/1191
vt 0.605144 0.638652
vt 0.611687 0.634207
vt 0.587804 0.555692
vt 0.584321 0.558058
f 1194/3861/1194 1198/3862/1198 1199/3863/1199 1195/3864/1195
vt 0.622198 0.413635
vt 0.609372 0.407945
vt 0.590133 0.488539
vt 0.602959 0.494229
f 1195/3865/1195 1197/3866/1197 1196/3867/1196 1194/3868/1194
vt 0.384492 0.371016
vt 0.380906 0.386330
vt 0.382779 0.390182
vt 0.386447 0.390182
f 1195/3869/1195 1202/3870/1202 1203/3871/1203 1197/3872/1197
vt 0.339806 0.611735
vt 0.333077 0.611735
vt 0.331308 0.630900
vt 0.337851 0.630900
f 1196/3873/1196 1200/3874/1200 1198/3875/1198 1194/3876/1194
vt 0.395064 0.512853
vt 0.366247 0.583302
vt 0.367513 0.588877
vt 0.374241 0.593447
f 1197/3877/1197 1201/3878/1201 1200/3879/1200 1196/3880/1196
vt 0.473148 0.381337
vt 0.475076 0.374207
vt 0.457765 0.303560
vt 0.453909 0.302822
f 1198/3881/1198 1207/3882/1207 1204/3883/1204 1199/3884/1199
vt 0.381010 0.371016
vt 0.377436 0.376778
vt 0.378408 0.387301
vt 0.380906 0.386330
f 1199/3885/1199 1204/3886/1204 1205/3887/1205 1202/3888/1202
vt 0.485974 0.375522
vt 0.482118 0.371014
vt 0.475076 0.374207
vt 0.473148 0.381337
f 1200/3889/1200 1206/3890/1206 1207/3891/1207 1198/3892/1198
vt 0.466735 0.297006
vt 0.464807 0.300366
vt 0.482118 0.371014
vt 0.485016 0.369947
f 1203/3893/1203 1205/3894/1205 1206/3895/1206 1201/3896/1201
vt 0.457765 0.303560
vt 0.475076 0.374207
vt 0.482118 0.371014
vt 0.464807 0.300366
f 1204/3897/1204 1207/3898/1207 1206/3899/1206 1205/3900/1205
vt 0.544089 0.585385
vt 0.560837 0.664030
vt 0.564489 0.666266
vt 0.571033 0.661822
f 1208/3901/1208 1212/3902/1212 1213/3903/1213 1209/3904/1209
vt 0.473148 0.408952
vt 0.485974 0.403009
vt 0.466735 0.326573
vt 0.453909 0.332515
f 1209/3905/1209 1211/3906/1211 1210/3907/1210 1208/3908/1208
vt 0.371963 0.630900
vt 0.378506 0.630900
vt 0.380275 0.611735
vt 0.373547 0.611735
f 1209/3909/1209 1213/3910/1213 1215/3911/1215 1211/3912/1211
vt 0.426309 0.390182
vt 0.429976 0.390182
vt 0.431138 0.386330
vt 0.424725 0.371016
f 1210/3913/1210 1217/3914/1217 1216/3915/1216 1208/3916/1208
vt 0.407983 0.616365
vt 0.414711 0.620936
vt 0.438594 0.542420
vt 0.434926 0.539929
f 1211/3917/1211 1215/3918/1215 1217/3919/1217 1210/3920/1210
vt 0.378506 0.630900
vt 0.382876 0.628020
vt 0.383848 0.617497
vt 0.380275 0.611735
f 1213/3921/1213 1218/3922/1218 1219/3923/1219 1215/3924/1215
vt 0.622198 0.443328
vt 0.618342 0.447835
vt 0.601031 0.518483
vt 0.603917 0.519608
f 1214/3925/1214 1221/3926/1221 1218/3927/1218 1212/3928/1212
vt 0.590133 0.516028
vt 0.593989 0.515289
vt 0.611300 0.444642
vt 0.609372 0.437512
f 1215/3929/1215 1219/3930/1219 1220/3931/1220 1217/3932/1217
vt 0.611950 0.439711
vt 0.611300 0.444642
vt 0.618342 0.447835
vt 0.622198 0.443328
f 1216/3933/1216 1220/3934/1220 1221/3935/1221 1214/3936/1214
vt 0.601031 0.518483
vt 0.618342 0.447835
vt 0.611300 0.444642
vt 0.593989 0.515289
f 1218/3937/1218 1221/3938/1221 1220/3939/1220 1219/3940/1219
vt 0.604363 0.639183
vt 0.611687 0.634207
vt 0.612925 0.628658
vt 0.583540 0.558588
f 1222/3941/1222 1226/3942/1226 1227/3943/1227 1223/3944/1223
vt 0.595159 0.414166
vt 0.582332 0.408475
vt 0.563094 0.489069
vt 0.575920 0.494760
f 1223/3945/1223 1225/3946/1225 1224/3947/1224 1222/3948/1222
vt 0.385274 0.411421
vt 0.381035 0.426836
vt 0.382779 0.430587
vt 0.387228 0.430587
f 1223/3949/1223 1230/3950/1230 1231/3951/1231 1225/3952/1225
vt 0.340587 0.571330
vt 0.333077 0.571330
vt 0.331308 0.590495
vt 0.338633 0.590495
f 1224/3953/1224 1229/3954/1229 1226/3955/1226 1222/3956/1222
vt 0.395846 0.513384
vt 0.391396 0.510361
vt 0.367513 0.588877
vt 0.375023 0.593977
f 1225/3957/1225 1231/3958/1231 1229/3959/1229 1224/3960/1224
vt 0.499231 0.375787
vt 0.502115 0.374207
vt 0.484804 0.303560
vt 0.480949 0.302822
f 1227/3961/1227 1235/3962/1235 1232/3963/1232 1228/3964/1228
vt 0.381010 0.411421
vt 0.377436 0.417183
vt 0.378408 0.427707
vt 0.381035 0.426836
f 1228/3965/1228 1232/3966/1232 1233/3967/1233 1230/3968/1230
vt 0.513013 0.375522
vt 0.509157 0.371014
vt 0.502115 0.374207
vt 0.500188 0.381337
f 1229/3969/1229 1234/3970/1234 1235/3971/1235 1226/3972/1226
vt 0.391396 0.510361
vt 0.387025 0.513722
vt 0.365536 0.584369
vt 0.367513 0.588877
f 1231/3973/1231 1233/3974/1233 1234/3975/1234 1229/3976/1229
vt 0.484804 0.303560
vt 0.502115 0.374207
vt 0.509157 0.371014
vt 0.491847 0.300366
f 1232/3977/1232 1235/3978/1235 1234/3979/1234 1233/3980/1233
vt 0.544870 0.584854
vt 0.560877 0.664011
vt 0.564489 0.666266
vt 0.571814 0.661291
f 1236/3981/1236 1240/3982/1240 1241/3983/1241 1237/3984/1237
vt 0.500188 0.408421
vt 0.513013 0.402479
vt 0.493774 0.326042
vt 0.480949 0.331984
f 1237/3985/1237 1239/3986/1239 1238/3987/1238 1236/3988/1236
vt 0.371181 0.590495
vt 0.378506 0.590495
vt 0.380275 0.571330
vt 0.372766 0.571330
f 1237/3989/1237 1241/3990/1241 1243/3991/1243 1239/3992/1239
vt 0.425527 0.430587
vt 0.429976 0.430587
vt 0.431028 0.426836
vt 0.423943 0.411421
f 1238/3993/1238 1245/3994/1245 1244/3995/1244 1236/3996/1236
vt 0.407202 0.615835
vt 0.414711 0.620936
vt 0.438594 0.542420
vt 0.434145 0.539398
f 1239/3997/1239 1243/3998/1243 1245/3999/1245 1238/4000/1238
vt 0.378506 0.590495
vt 0.382876 0.587615
vt 0.383848 0.577092
vt 0.380275 0.571330
f 1241/4001/1241 1246/4002/1246 1247/4003/1247 1243/4004/1243
vt 0.595159 0.443328
vt 0.591303 0.447835
vt 0.573991 0.518483
vt 0.576876 0.519588
f 1242/4005/1242 1249/4006/1249 1246/4007/1246 1240/4008/1240
vt 0.563094 0.516028
vt 0.566950 0.515289
vt 0.584260 0.444642
vt 0.582332 0.437512
f 1243/4009/1243 1247/4010/1247 1248/4011/1248 1245/4012/1245
vt 0.584843 0.439599
vt 0.584260 0.444642
vt 0.591303 0.447835
vt 0.595159 0.443328
f 1244/4013/1244 1248/4014/1248 1249/4015/1249 1242/4016/1242
vt 0.573991 0.518483
vt 0.591303 0.447835
vt 0.584260 0.444642
vt 0.566950 0.515289
f 1246/4017/1246 1249/4018/1249 1248/4019/1248 1247/4020/1247
vt 0.757741 0.454979
vt 0.757741 0.408003
vt 0.629304 0.410524
vt 0.629304 0.457500
f 1250/4021/1250 1254/4022/1254 1252/4023/1252 1251/4024/1251
vt 0.346741 0.670269
vt 0.341562 0.670269
vt 0.341562 0.862193
vt 0.343029 0.862193
f 1251/4025/1251 1255/4026/1255 1253/4027/1253 1250/4028/1250
vt 0.393696 0.515433
vt 0.375029 0.553337
vt 0.375998 0.558891
vt 0.381177 0.562408
f 1252/4029/1252 1256/4030/1256 1255/4031/1255 1251/4032/1251
vt 0.601433 0.598405
vt 0.602947 0.592374
vt 0.591483 0.554688
vt 0.587447 0.552426
f 1253/4033/1253 1261/4034/1261 1258/4035/1258 1254/4036/1254
vt 0.381367 0.168472
vt 0.377330 0.173027
vt 0.377330 0.355842
vt 0.381367 0.360397
f 1254/4037/1254 1258/4038/1258 1259/4039/1259 1257/4040/1257
vt 0.446803 0.345535
vt 0.443755 0.339503
vt 0.321414 0.339503
vt 0.318366 0.345535
f 1255/4041/1255 1260/4042/1260 1261/4043/1261 1253/4044/1253
vt 0.446803 0.299556
vt 0.443755 0.301818
vt 0.443755 0.339503
vt 0.446803 0.339981
f 1257/4045/1257 1259/4046/1259 1260/4047/1260 1256/4048/1256
vt 0.321414 0.301818
vt 0.321414 0.339503
vt 0.443755 0.339503
vt 0.443755 0.301818
f 1258/4049/1258 1261/4050/1261 1260/4051/1260 1259/4052/1259
vt 0.388349 0.862193
vt 0.389815 0.862193
vt 0.389815 0.670269
vt 0.384637 0.670269
f 1262/4053/1262 1265/4054/1265 1267/4055/1267 1264/4056/1264
vt 0.425908 0.360397
vt 0.429619 0.360397
vt 0.432328 0.355843
vt 0.429619 0.168472
f 1263/4057/1263 1269/4058/1269 1268/4059/1268 1266/4060/1266
vt 0.446803 0.374793
vt 0.446803 0.329809
vt 0.318366 0.332331
vt 0.318366 0.377314
f 1264/4061/1264 1263/4062/1263 1266/4063/1266 1262/4064/1262
vt 0.419073 0.588148
vt 0.424251 0.591665
vt 0.438237 0.545686
vt 0.434525 0.543165
f 1264/4065/1264 1267/4066/1267 1269/4067/1269 1263/4068/1263
vt 0.389815 0.862193
vt 0.393852 0.857639
vt 0.393852 0.674824
vt 0.389815 0.670269
f 1265/4069/1265 1270/4070/1270 1271/4071/1271 1267/4072/1267
vt 0.539194 0.585201
vt 0.537680 0.591233
vt 0.549144 0.628918
vt 0.553180 0.631180
f 1266/4073/1266 1273/4074/1273 1270/4075/1270 1265/4076/1265
vt 0.424251 0.591665
vt 0.428288 0.589404
vt 0.439751 0.551718
vt 0.438237 0.545686
f 1267/4077/1267 1271/4078/1271 1272/4079/1272 1269/4080/1269
vt 0.632352 0.442618
vt 0.632352 0.446810
vt 0.754694 0.446810
vt 0.757741 0.440778
f 1268/4081/1268 1272/4082/1272 1273/4083/1273 1266/4084/1266
vt 0.754694 0.484495
vt 0.754694 0.446810
vt 0.632352 0.446810
vt 0.632352 0.484495
f 1270/4085/1270 1273/4086/1273 1272/4087/1272 1271/4088/1271
vt 0.695394 0.684655
vt 0.756046 0.737317
vt 0.756046 0.649600
vt 0.695474 0.649600
f 1275/4089/1275 1277/4090/1277 1276/4091/1276 1274/4092/1274
vt 0.393059 0.185794
vt 0.349102 0.185794
vt 0.349102 0.276308
vt 0.393059 0.276308
f 1276/4093/1276 1279/4094/1279 1278/4095/1278 1274/4096/1274
vt 0.575076 0.671460
vt 0.607345 0.649542
vt 0.585299 0.553885
vt 0.541342 0.583742
f 1277/4097/1277 1280/4098/1280 1279/4099/1279 1276/4100/1276
vt 0.199741 0.626329
vt 0.199741 0.721986
vt 0.260393 0.664556
vt 0.260313 0.626329
f 1279/4101/1279 1280/4102/1280 1281/4103/1281 1278/4104/1278
vt 0.388719 0.158700
vt 0.389890 0.219248
vt 0.426715 0.219248
vt 0.427886 0.158700
f 1284/4105/1284 1287/4106/1287 1285/4107/1285 1286/4108/1286
vt 0.388719 0.158700
vt 0.381649 0.158688
vt 0.382846 0.220572
vt 0.389890 0.219248
f 1284/4109/1284 1331/4110/1331 1332/4111/1332 1287/4112/1287
vt 0.152242 0.644527
vt 0.151356 0.655264
vt 0.192769 0.656077
vt 0.192761 0.645323
f 1285/4113/1285 1341/4114/1341 1342/4115/1342 1286/4116/1286
vt 0.419292 0.838872
vt 0.421244 0.737959
vt 0.378173 0.737959
vt 0.380125 0.838872
f 1286/4117/1286 1321/4118/1321 1317/4119/1317 1284/4120/1284
vt 0.192761 0.645323
vt 0.192769 0.656077
vt 0.260309 0.657403
vt 0.260293 0.646648
f 1286/4121/1286 1342/4122/1342 1322/4123/1322 1321/4124/1321
vt 0.389890 0.219248
vt 0.396059 0.279855
vt 0.431710 0.279855
vt 0.426715 0.219248
f 1287/4125/1287 1289/4126/1289 1288/4127/1288 1285/4128/1285
vt 0.389890 0.219248
vt 0.382846 0.220572
vt 0.389015 0.281179
vt 0.396059 0.279855
f 1287/4129/1287 1332/4130/1332 1333/4131/1333 1289/4132/1289
vt 0.111683 0.625778
vt 0.110797 0.636514
vt 0.151356 0.655264
vt 0.152242 0.644527
f 1288/4133/1288 1340/4134/1340 1341/4135/1341 1285/4136/1285
vt 0.396059 0.279855
vt 0.397815 0.370677
vt 0.429953 0.370677
vt 0.431710 0.279855
f 1289/4137/1289 1291/4138/1291 1290/4139/1290 1288/4140/1288
vt 0.396059 0.279855
vt 0.389015 0.281179
vt 0.390720 0.369326
vt 0.397815 0.370677
f 1289/4141/1289 1333/4142/1333 1334/4143/1334 1291/4144/1291
vt 0.622425 0.407718
vt 0.623329 0.418490
vt 0.682317 0.419648
vt 0.683204 0.408911
f 1290/4145/1290 1339/4146/1339 1340/4147/1340 1288/4148/1288
vt 0.397815 0.370677
vt 0.393988 0.431165
vt 0.422616 0.431165
vt 0.429953 0.370677
f 1291/4149/1291 1293/4150/1293 1292/4151/1292 1290/4152/1290
vt 0.397815 0.370677
vt 0.390720 0.369326
vt 0.387090 0.426698
vt 0.393988 0.431165
f 1291/4153/1291 1334/4154/1334 1335/4155/1335 1293/4156/1293
vt 0.581946 0.424876
vt 0.584935 0.434764
vt 0.623329 0.418490
vt 0.622425 0.407718
f 1292/4157/1292 1338/4158/1338 1339/4159/1339 1290/4160/1290
vt 0.402606 0.510339
vt 0.395695 0.538859
vt 0.421399 0.556318
vt 0.431234 0.529785
f 1293/4161/1293 1295/4162/1295 1294/4163/1294 1292/4164/1292
vt 0.393988 0.431165
vt 0.387090 0.426698
vt 0.380090 0.457271
vt 0.387077 0.461350
f 1293/4165/1293 1335/4166/1335 1336/4167/1336 1295/4168/1295
vt 0.561746 0.451410
vt 0.564476 0.461639
vt 0.584935 0.434764
vt 0.581946 0.424876
f 1294/4169/1294 1337/4170/1337 1338/4171/1338 1292/4172/1292
vt 0.387077 0.461350
vt 0.384031 0.562203
vt 0.404664 0.562203
vt 0.412782 0.461350
f 1295/4173/1295 1297/4174/1297 1298/4175/1298 1294/4176/1294
vt 0.387077 0.461350
vt 0.380090 0.457271
vt 0.376961 0.562179
vt 0.384031 0.562203
f 1295/4177/1295 1336/4178/1336 1296/4179/1296 1297/4180/1297
vt 0.494254 0.468038
vt 0.494271 0.478793
vt 0.564476 0.461639
vt 0.561746 0.451410
f 1298/4181/1298 1299/4182/1299 1337/4183/1337 1294/4184/1294
vt 0.363430 0.468612
vt 0.363470 0.630103
vt 0.371022 0.632276
vt 0.370977 0.468587
f 1300/4185/1300 1305/4186/1305 1326/4187/1326 1301/4188/1301
vt 0.581770 0.381367
vt 0.472228 0.388703
vt 0.473682 0.399699
vt 0.581753 0.392446
f 1302/4189/1302 1327/4190/1327 1304/4191/1304 1303/4192/1303
vt 0.345718 0.468612
vt 0.340097 0.630103
vt 0.363470 0.630103
vt 0.363430 0.468612
f 1303/4193/1303 1304/4194/1304 1305/4195/1305 1300/4196/1300
vt 0.340097 0.630103
vt 0.334318 0.670528
vt 0.358083 0.670528
vt 0.363470 0.630103
f 1304/4197/1304 1306/4198/1306 1307/4199/1307 1305/4200/1305
vt 0.473682 0.399699
vt 0.472228 0.388703
vt 0.445337 0.406812
vt 0.446629 0.417917
f 1304/4201/1304 1327/4202/1327 1328/4203/1328 1306/4204/1306
vt 0.334318 0.670528
vt 0.333342 0.720984
vt 0.359060 0.720984
vt 0.358083 0.670528
f 1306/4205/1306 1309/4206/1309 1308/4207/1308 1307/4208/1307
vt 0.446629 0.417917
vt 0.445337 0.406812
vt 0.415160 0.406219
vt 0.412864 0.417254
f 1306/4209/1306 1328/4210/1328 1329/4211/1329 1309/4212/1309
vt 0.358083 0.670528
vt 0.365669 0.672459
vt 0.371022 0.632276
vt 0.363470 0.630103
f 1307/4213/1307 1325/4214/1325 1326/4215/1326 1305/4216/1305
vt 0.359060 0.720984
vt 0.366541 0.717553
vt 0.365669 0.672459
vt 0.358083 0.670528
f 1308/4217/1308 1324/4218/1324 1325/4219/1325 1307/4220/1307
vt 0.609653 0.670124
vt 0.605046 0.651112
vt 0.577380 0.669903
vt 0.583936 0.687593
f 1309/4221/1309 1310/4222/1310 1311/4223/1311 1308/4224/1308
vt 0.864064 0.735982
vt 0.866360 0.724948
vt 0.852893 0.705935
vt 0.850597 0.716970
f 1309/4225/1309 1329/4226/1329 1330/4227/1330 1310/4228/1310
vt 0.329356 0.044506
vt 0.326623 0.185784
vt 0.359755 0.185786
vt 0.357022 0.044506
f 1310/4229/1310 1315/4230/1315 1313/4231/1313 1311/4232/1311
vt 0.850597 0.716970
vt 0.852893 0.705935
vt 0.751466 0.707356
vt 0.756053 0.715113
f 1310/4233/1310 1330/4234/1330 1314/4235/1314 1315/4236/1315
vt 0.357022 0.044506
vt 0.364503 0.041075
vt 0.357947 0.020952
vt 0.350465 0.024382
f 1311/4237/1311 1323/4238/1323 1324/4239/1324 1308/4240/1308
vt 0.359755 0.185786
vt 0.366312 0.192638
vt 0.364503 0.041075
vt 0.357022 0.044506
f 1313/4241/1313 1312/4242/1312 1323/4243/1323 1311/4244/1311
vt 0.359755 0.185786
vt 0.326623 0.185784
vt 0.326625 0.185793
vt 0.327056 0.185794
f 1313/4245/1313 1315/4246/1315 1316/4247/1316 1280/4248/1280
vt 0.378173 0.737959
vt 0.371103 0.737935
vt 0.373055 0.838860
vt 0.380125 0.838872
f 1317/4249/1317 1318/4250/1318 1331/4251/1331 1284/4252/1284
vt 0.631804 0.555707
vt 0.634850 0.559521
vt 0.642187 0.559814
vt 0.643119 0.556159
f 1343/4253/1343 1360/4254/1360 1361/4255/1361 1344/4256/1344
vt 0.643119 0.556159
vt 0.646165 0.414818
vt 0.635135 0.413285
vt 0.631804 0.555707
f 1344/4257/1344 1345/4258/1345 1346/4259/1346 1343/4260/1343
vt 0.498299 0.505138
vt 0.476502 0.658914
vt 0.526585 0.642864
vt 0.592885 0.512758
f 1344/4261/1344 1348/4262/1348 1347/4263/1347 1345/4264/1345
vt 0.651737 0.610046
vt 0.650805 0.613891
vt 0.711792 0.766494
vt 0.713193 0.763822
f 1344/4265/1344 1361/4266/1361 1362/4267/1362 1348/4268/1348
vt 0.322648 0.657180
vt 0.323596 0.660986
vt 0.330658 0.665850
vt 0.333679 0.664779
f 1345/4269/1345 1357/4270/1357 1358/4271/1358 1346/4272/1346
vt 0.482196 0.411908
vt 0.549522 0.540133
vt 0.599605 0.555708
vt 0.577505 0.404407
f 1346/4273/1346 1350/4274/1350 1349/4275/1349 1343/4276/1343
vt 0.609317 0.617381
vt 0.612337 0.618518
vt 0.668107 0.520478
vt 0.666270 0.516774
f 1346/4277/1346 1358/4278/1358 1355/4279/1355 1350/4280/1350
vt 0.526585 0.642864
vt 0.529063 0.644652
vt 0.594015 0.516563
vt 0.592885 0.512758
f 1347/4281/1347 1356/4282/1356 1357/4283/1357 1345/4284/1345
vt 0.476502 0.658914
vt 0.475885 0.663603
vt 0.525850 0.647592
vt 0.526585 0.642864
f 1348/4285/1348 1351/4286/1351 1352/4287/1352 1347/4288/1347
vt 0.707624 0.769064
vt 0.709842 0.768330
vt 0.643468 0.618894
vt 0.640421 0.617763
f 1349/4289/1349 1359/4290/1359 1360/4291/1360 1343/4292/1343
vt 0.666270 0.516774
vt 0.669374 0.515676
vt 0.676276 0.441013
vt 0.673188 0.441935
f 1350/4293/1350 1353/4294/1353 1354/4295/1354 1349/4296/1349
vt 0.678163 0.441013
vt 0.676276 0.441013
vt 0.669374 0.515676
vt 0.671764 0.515676
f 1351/4297/1351 1354/4298/1354 1353/4299/1353 1352/4300/1352
vt 0.712599 0.768511
vt 0.711792 0.766494
vt 0.709842 0.768330
vt 0.710711 0.770288
f 1351/4301/1351 1362/4302/1362 1359/4303/1359 1354/4304/1354
vt 0.669374 0.515676
vt 0.668107 0.520478
vt 0.670589 0.520478
vt 0.671764 0.515676
f 1353/4305/1353 1355/4306/1355 1356/4307/1356 1352/4308/1352
vt 0.274888 0.791411
vt 0.330658 0.665850
vt 0.323596 0.660986
vt 0.272407 0.789075
f 1355/4309/1355 1358/4310/1358 1357/4311/1357 1356/4312/1356
vt 0.709842 0.768330
vt 0.711792 0.766494
vt 0.650805 0.613891
vt 0.643468 0.618894
f 1359/4313/1359 1362/4314/1362 1361/4315/1361 1360/4316/1360
vt 0.557466 0.555312
vt 0.516907 0.555312
vt 0.516907 0.605819
vt 0.557466 0.605819
f 1363/4317/1363 1366/4318/1366 1365/4319/1365 1364/4320/1364
vt 0.411347 0.535872
vt 0.411347 0.548778
vt 0.451906 0.548778
vt 0.451906 0.543953
f 1363/4321/1363 1368/4322/1368 1370/4323/1370 1366/4324/1366
vt 0.814893 0.608316
vt 0.814893 0.621222
vt 0.848692 0.621222
vt 0.848692 0.608316
f 1364/4325/1364 1367/4326/1367 1368/4327/1368 1363/4328/1363
vt 0.525525 0.504439
vt 0.525525 0.509263
vt 0.566084 0.509263
vt 0.566084 0.496358
f 1365/4329/1365 1369/4330/1369 1367/4331/1367 1364/4332/1364
vt 0.678616 0.392945
vt 0.678616 0.397769
vt 0.712415 0.397769
vt 0.712415 0.392945
f 1366/4333/1366 1370/4334/1370 1369/4335/1369 1365/4336/1365
vt 0.814893 0.621222
vt 0.818424 0.626499
vt 0.845161 0.626499
vt 0.848692 0.621222
f 1367/4337/1367 1371/4338/1371 1372/4339/1372 1368/4340/1368
vt 0.531648 0.475354
vt 0.528117 0.470077
vt 0.494621 0.470077
vt 0.491089 0.475354
f 1368/4341/1368 1372/4342/1372 1373/4343/1373 1370/4344/1370
vt 0.491089 0.424847
vt 0.494621 0.430124
vt 0.528117 0.430124
vt 0.531648 0.424847
f 1369/4345/1369 1374/4346/1374 1371/4347/1371 1367/4348/1367
vt 0.491089 0.475354
vt 0.494621 0.470077
vt 0.494621 0.430124
vt 0.491089 0.424847
f 1370/4349/1370 1373/4350/1373 1374/4351/1374 1369/4352/1369
vt 0.528117 0.430124
vt 0.494621 0.430124
vt 0.494621 0.470077
vt 0.528117 0.470077
f 1371/4353/1371 1374/4354/1374 1373/4355/1373 1372/4356/1372
vt 0.678616 0.384864
vt 0.678616 0.397769
vt 0.712415 0.397769
vt 0.712415 0.384864
f 1375/4357/1375 1380/4358/1380 1379/4359/1379 1376/4360/1376
vt 0.462829 0.605819
vt 0.503388 0.605819
vt 0.503388 0.555312
vt 0.462829 0.555312
f 1376/4361/1376 1377/4362/1377 1378/4363/1378 1375/4364/1375
vt 0.471446 0.496358
vt 0.471446 0.509263
vt 0.512005 0.509263
vt 0.512005 0.504439
f 1376/4365/1376 1379/4366/1379 1382/4367/1382 1377/4368/1377
vt 0.814893 0.616398
vt 0.814893 0.621222
vt 0.848692 0.621222
vt 0.848692 0.616398
f 1377/4369/1377 1382/4370/1382 1381/4371/1381 1378/4372/1378
vt 0.465426 0.543953
vt 0.465426 0.548778
vt 0.505985 0.548778
vt 0.505985 0.535872
f 1378/4373/1378 1381/4374/1381 1380/4375/1380 1375/4376/1375
vt 0.437011 0.424847
vt 0.440542 0.430124
vt 0.474038 0.430124
vt 0.477569 0.424847
f 1379/4377/1379 1383/4378/1383 1384/4379/1384 1382/4380/1382
vt 0.678616 0.397769
vt 0.682147 0.403046
vt 0.708884 0.403046
vt 0.712415 0.397769
f 1380/4381/1380 1386/4382/1386 1383/4383/1383 1379/4384/1379
vt 0.477569 0.475354
vt 0.474038 0.470077
vt 0.440542 0.470077
vt 0.437011 0.475354
f 1381/4385/1381 1385/4386/1385 1386/4387/1386 1380/4388/1380
vt 0.814893 0.621222
vt 0.818424 0.626499
vt 0.845161 0.626499
vt 0.848692 0.621222
f 1382/4389/1382 1384/4390/1384 1385/4391/1385 1381/4392/1381
vt 0.440542 0.430124
vt 0.440542 0.470077
vt 0.474038 0.470077
vt 0.474038 0.430124
f 1383/4393/1383 1386/4394/1386 1385/4395/1385 1384/4396/1384
vt 0.548872 0.060736
vt 0.508313 0.060736
vt 0.508313 0.111242
vt 0.548872 0.111242
f 1387/4397/1387 1390/4398/1390 1389/4399/1389 1388/4400/1388
vt 0.411347 0.535872
vt 0.411347 0.548778
vt 0.451906 0.548778
vt 0.451906 0.543953
f 1387/4401/1387 1392/4402/1392 1394/4403/1394 1390/4404/1390
vt 0.679696 0.608316
vt 0.679696 0.621222
vt 0.713495 0.621222
vt 0.713495 0.608316
f 1388/4405/1388 1391/4406/1391 1392/4407/1392 1387/4408/1387
vt 0.525525 0.504439
vt 0.525525 0.509263
vt 0.566084 0.509263
vt 0.566084 0.496358
f 1389/4409/1389 1393/4410/1393 1391/4411/1391 1388/4412/1388
vt 0.242292 0.609811
vt 0.242292 0.614636
vt 0.276091 0.614635
vt 0.276091 0.609811
f 1390/4413/1390 1394/4414/1394 1393/4415/1393 1389/4416/1389
vt 0.531648 0.222822
vt 0.528117 0.228099
vt 0.528117 0.268051
vt 0.531648 0.273328
f 1391/4417/1391 1395/4418/1395 1396/4419/1396 1392/4420/1392
vt 0.531648 0.273328
vt 0.528117 0.268051
vt 0.494621 0.268051
vt 0.491089 0.273328
f 1392/4421/1392 1396/4422/1396 1397/4423/1397 1394/4424/1394
vt 0.491089 0.222822
vt 0.494621 0.228099
vt 0.528117 0.228099
vt 0.531648 0.222822
f 1393/4425/1393 1398/4426/1398 1395/4427/1395 1391/4428/1391
vt 0.491089 0.273328
vt 0.494621 0.268051
vt 0.494621 0.228099
vt 0.491089 0.222822
f 1394/4429/1394 1397/4430/1397 1398/4431/1398 1393/4432/1393
vt 0.528117 0.228099
vt 0.494621 0.228099
vt 0.494621 0.268051
vt 0.528117 0.268051
f 1395/4433/1395 1398/4434/1398 1397/4435/1397 1396/4436/1396
vt 0.242292 0.601730
vt 0.242292 0.614636
vt 0.276091 0.614635
vt 0.276091 0.601730
f 1399/4437/1399 1404/4438/1404 1403/4439/1403 1400/4440/1400
vt 0.454234 0.111242
vt 0.494793 0.111242
vt 0.494793 0.060736
vt 0.454234 0.060736
f 1400/4441/1400 1401/4442/1401 1402/4443/1402 1399/4444/1399
vt 0.471446 0.496358
vt 0.471446 0.509263
vt 0.512005 0.509263
vt 0.512005 0.504439
f 1400/4445/1400 1403/4446/1403 1406/4447/1406 1401/4448/1401
vt 0.679696 0.616397
vt 0.679696 0.621222
vt 0.713495 0.621222
vt 0.713495 0.616397
f 1401/4449/1401 1406/4450/1406 1405/4451/1405 1402/4452/1402
vt 0.465426 0.543953
vt 0.465426 0.548778
vt 0.505985 0.548778
vt 0.505985 0.535872
f 1402/4453/1402 1405/4454/1405 1404/4455/1404 1399/4456/1399
vt 0.437011 0.222822
vt 0.440542 0.228099
vt 0.474038 0.228099
vt 0.477569 0.222822
f 1403/4457/1403 1407/4458/1407 1408/4459/1408 1406/4460/1406
vt 0.242292 0.614636
vt 0.245823 0.619913
vt 0.272560 0.619913
vt 0.276091 0.614635
f 1404/4461/1404 1410/4462/1410 1407/4463/1407 1403/4464/1403
vt 0.477569 0.273328
vt 0.474038 0.268051
vt 0.440542 0.268051
vt 0.437011 0.273328
f 1405/4465/1405 1409/4466/1409 1410/4467/1410 1404/4468/1404
vt 0.679696 0.621222
vt 0.683227 0.626499
vt 0.709964 0.626499
vt 0.713495 0.621222
f 1406/4469/1406 1408/4470/1408 1409/4471/1409 1405/4472/1405
vt 0.440542 0.228099
vt 0.440542 0.268051
vt 0.474038 0.268051
vt 0.474038 0.228099
f 1407/4473/1407 1410/4474/1410 1409/4475/1409 1408/4476/1408
vt 0.377489 0.601730
vt 0.377489 0.614635
vt 0.411288 0.614635
vt 0.411288 0.601730
f 1411/4477/1411 1416/4478/1416 1415/4479/1415 1412/4480/1412
vt 0.454234 0.313268
vt 0.494793 0.313268
vt 0.494793 0.262761
vt 0.454234 0.262761
f 1412/4481/1412 1413/4482/1413 1414/4483/1414 1411/4484/1411
vt 0.471446 0.496357
vt 0.471446 0.509263
vt 0.512005 0.509263
vt 0.512005 0.504438
f 1412/4485/1412 1415/4486/1415 1418/4487/1418 1413/4488/1413
vt 0.544499 0.616397
vt 0.544499 0.621221
vt 0.578298 0.621221
vt 0.578298 0.616397
f 1413/4489/1413 1418/4490/1418 1417/4491/1417 1414/4492/1414
vt 0.465426 0.543953
vt 0.465426 0.548777
vt 0.505985 0.548777
vt 0.505985 0.535872
f 1414/4493/1414 1417/4494/1417 1416/4495/1416 1411/4496/1411
vt 0.428416 0.700969
vt 0.431948 0.706246
vt 0.465444 0.706246
vt 0.468975 0.700969
f 1415/4497/1415 1419/4498/1419 1420/4499/1420 1418/4500/1418
vt 0.377489 0.614635
vt 0.381020 0.619912
vt 0.407757 0.619912
vt 0.411288 0.614635
f 1416/4501/1416 1422/4502/1422 1419/4503/1419 1415/4504/1415
vt 0.468975 0.751475
vt 0.465444 0.746198
vt 0.431948 0.746198
vt 0.428416 0.751475
f 1417/4505/1417 1421/4506/1421 1422/4507/1422 1416/4508/1416
vt 0.544499 0.621221
vt 0.548030 0.626498
vt 0.574767 0.626498
vt 0.578298 0.621221
f 1418/4509/1418 1420/4510/1420 1421/4511/1421 1417/4512/1417
vt 0.431948 0.706246
vt 0.431948 0.746198
vt 0.465444 0.746198
vt 0.465444 0.706246
f 1419/4513/1419 1422/4514/1422 1421/4515/1421 1420/4516/1420
vt 0.548872 0.262761
vt 0.508313 0.262761
vt 0.508313 0.313268
vt 0.548872 0.313268
f 1423/4517/1423 1426/4518/1426 1425/4519/1425 1424/4520/1424
vt 0.411347 0.535872
vt 0.411347 0.548777
vt 0.451906 0.548777
vt 0.451906 0.543953
f 1423/4521/1423 1428/4522/1428 1430/4523/1430 1426/4524/1426
vt 0.544499 0.608316
vt 0.544499 0.621221
vt 0.578298 0.621221
vt 0.578298 0.608316
f 1424/4525/1424 1427/4526/1427 1428/4527/1428 1423/4528/1423
vt 0.525525 0.504438
vt 0.525525 0.509263
vt 0.566084 0.509263
vt 0.566084 0.496357
f 1425/4529/1425 1429/4530/1429 1427/4531/1427 1424/4532/1424
vt 0.377489 0.609811
vt 0.377489 0.614635
vt 0.411288 0.614635
vt 0.411288 0.609811
f 1426/4533/1426 1430/4534/1430 1429/4535/1429 1425/4536/1425
vt 0.523054 0.700969
vt 0.519523 0.706246
vt 0.519523 0.746198
vt 0.523054 0.751475
f 1427/4537/1427 1431/4538/1431 1432/4539/1432 1428/4540/1428
vt 0.523054 0.751475
vt 0.519523 0.746198
vt 0.486026 0.746198
vt 0.482495 0.751475
f 1428/4541/1428 1432/4542/1432 1433/4543/1433 1430/4544/1430
vt 0.482495 0.700969
vt 0.486026 0.706246
vt 0.519523 0.706246
vt 0.523054 0.700969
f 1429/4545/1429 1434/4546/1434 1431/4547/1431 1427/4548/1427
vt 0.482495 0.751475
vt 0.486026 0.746198
vt 0.486026 0.706246
vt 0.482495 0.700969
f 1430/4549/1430 1433/4550/1433 1434/4551/1434 1429/4552/1429
vt 0.519523 0.706246
vt 0.486026 0.706246
vt 0.486026 0.746198
vt 0.519523 0.746198
f 1431/4553/1431 1434/4554/1434 1433/4555/1433 1432/4556/1432
vt 0.309890 0.601730
vt 0.309890 0.614635
vt 0.343690 0.614635
vt 0.343690 0.601730
f 1435/4557/1435 1440/4558/1440 1439/4559/1439 1436/4560/1436
vt 0.454234 0.212255
vt 0.494793 0.212255
vt 0.494793 0.161749
vt 0.454234 0.161749
f 1436/4561/1436 1437/4562/1437 1438/4563/1438 1435/4564/1435
vt 0.471446 0.496358
vt 0.471446 0.509263
vt 0.512005 0.509263
vt 0.512005 0.504439
f 1436/4565/1436 1439/4566/1439 1442/4567/1442 1437/4568/1437
vt 0.612098 0.616397
vt 0.612098 0.621222
vt 0.645897 0.621222
vt 0.645897 0.616397
f 1437/4569/1437 1442/4570/1442 1441/4571/1441 1438/4572/1438
vt 0.465426 0.543953
vt 0.465426 0.548778
vt 0.505985 0.548778
vt 0.505985 0.535872
f 1438/4573/1438 1441/4574/1441 1440/4575/1440 1435/4576/1435
vt 0.428416 0.801982
vt 0.431948 0.807259
vt 0.465444 0.807259
vt 0.468975 0.801982
f 1439/4577/1439 1443/4578/1443 1444/4579/1444 1442/4580/1442
vt 0.309890 0.614635
vt 0.313422 0.619912
vt 0.340158 0.619912
vt 0.343690 0.614635
f 1440/4581/1440 1446/4582/1446 1443/4583/1443 1439/4584/1439
vt 0.468975 0.852488
vt 0.465444 0.847211
vt 0.431948 0.847211
vt 0.428416 0.852488
f 1441/4585/1441 1445/4586/1445 1446/4587/1446 1440/4588/1440
vt 0.612098 0.621222
vt 0.615629 0.626498
vt 0.642366 0.626498
vt 0.645897 0.621222
f 1442/4589/1442 1444/4590/1444 1445/4591/1445 1441/4592/1441
vt 0.431948 0.807259
vt 0.431948 0.847211
vt 0.465444 0.847211
vt 0.465444 0.807259
f 1443/4593/1443 1446/4594/1446 1445/4595/1445 1444/4596/1444
vt 0.548872 0.161749
vt 0.508313 0.161749
vt 0.508313 0.212255
vt 0.548872 0.212255
f 1447/4597/1447 1450/4598/1450 1449/4599/1449 1448/4600/1448
vt 0.411347 0.535872
vt 0.411347 0.548778
vt 0.451906 0.548778
vt 0.451906 0.543953
f 1447/4601/1447 1452/4602/1452 1454/4603/1454 1450/4604/1450
vt 0.612098 0.608316
vt 0.612098 0.621222
vt 0.645897 0.621222
vt 0.645897 0.608316
f 1448/4605/1448 1451/4606/1451 1452/4607/1452 1447/4608/1447
vt 0.525525 0.504439
vt 0.525525 0.509263
vt 0.566084 0.509263
vt 0.566084 0.496358
f 1449/4609/1449 1453/4610/1453 1451/4611/1451 1448/4612/1448
vt 0.309890 0.609811
vt 0.309890 0.614635
vt 0.343690 0.614635
vt 0.343690 0.609811
f 1450/4613/1450 1454/4614/1454 1453/4615/1453 1449/4616/1449
vt 0.612098 0.621222
vt 0.615629 0.626498
vt 0.642366 0.626498
vt 0.645897 0.621222
f 1451/4617/1451 1455/4618/1455 1456/4619/1456 1452/4620/1452
vt 0.523054 0.852488
vt 0.519523 0.847211
vt 0.486026 0.847211
vt 0.482495 0.852488
f 1452/4621/1452 1456/4622/1456 1457/4623/1457 1454/4624/1454
vt 0.482495 0.801982
vt 0.486026 0.807259
vt 0.519523 0.807259
vt 0.523054 0.801982
f 1453/4625/1453 1458/4626/1458 1455/4627/1455 1451/4628/1451
vt 0.482495 0.852488
vt 0.486026 0.847211
vt 0.486026 0.807259
vt 0.482495 0.801982
f 1454/4629/1454 1457/4630/1457 1458/4631/1458 1453/4632/1453
vt 0.519523 0.807259
vt 0.486026 0.807259
vt 0.486026 0.847211
vt 0.519523 0.847211
f 1455/4633/1455 1458/4634/1458 1457/4635/1457 1456/4636/1456
vt 0.445087 0.601730
vt 0.445087 0.614635
vt 0.478886 0.614635
vt 0.478886 0.601730
f 1459/4637/1459 1464/4638/1464 1463/4639/1463 1460/4640/1460
vt 0.454234 0.414280
vt 0.494793 0.414280
vt 0.494793 0.363774
vt 0.454234 0.363774
f 1460/4641/1460 1461/4642/1461 1462/4643/1462 1459/4644/1459
vt 0.471446 0.496357
vt 0.471446 0.509263
vt 0.512005 0.509263
vt 0.512005 0.504438
f 1460/4645/1460 1463/4646/1463 1466/4647/1466 1461/4648/1461
vt 0.476901 0.616397
vt 0.476901 0.621221
vt 0.510700 0.621221
vt 0.510700 0.616397
f 1461/4649/1461 1466/4650/1466 1465/4651/1465 1462/4652/1462
vt 0.465426 0.543953
vt 0.465426 0.548777
vt 0.505985 0.548777
vt 0.505985 0.535872
f 1462/4653/1462 1465/4654/1465 1464/4655/1464 1459/4656/1459
vt 0.428416 0.599956
vt 0.431948 0.605233
vt 0.465444 0.605233
vt 0.468975 0.599956
f 1463/4657/1463 1467/4658/1467 1468/4659/1468 1466/4660/1466
vt 0.445087 0.614635
vt 0.448618 0.619912
vt 0.475355 0.619912
vt 0.478886 0.614635
f 1464/4661/1464 1470/4662/1470 1467/4663/1467 1463/4664/1463
vt 0.468975 0.650463
vt 0.465444 0.645186
vt 0.431948 0.645186
vt 0.428416 0.650463
f 1465/4665/1465 1469/4666/1469 1470/4667/1470 1464/4668/1464
vt 0.476901 0.621221
vt 0.480432 0.626498
vt 0.507169 0.626498
vt 0.510700 0.621221
f 1466/4669/1466 1468/4670/1468 1469/4671/1469 1465/4672/1465
vt 0.431948 0.605233
vt 0.431948 0.645186
vt 0.465444 0.645186
vt 0.465444 0.605233
f 1467/4673/1467 1470/4674/1470 1469/4675/1469 1468/4676/1468
vt 0.548872 0.363774
vt 0.508313 0.363774
vt 0.508313 0.414280
vt 0.548872 0.414280
f 1471/4677/1471 1474/4678/1474 1473/4679/1473 1472/4680/1472
vt 0.411347 0.535872
vt 0.411347 0.548777
vt 0.451906 0.548777
vt 0.451906 0.543953
f 1471/4681/1471 1476/4682/1476 1478/4683/1478 1474/4684/1474
vt 0.476901 0.608316
vt 0.476901 0.621221
vt 0.510700 0.621221
vt 0.510700 0.608316
f 1472/4685/1472 1475/4686/1475 1476/4687/1476 1471/4688/1471
vt 0.525525 0.504438
vt 0.525525 0.509263
vt 0.566084 0.509263
vt 0.566084 0.496357
f 1473/4689/1473 1477/4690/1477 1475/4691/1475 1472/4692/1472
vt 0.445087 0.609811
vt 0.445087 0.614635
vt 0.478886 0.614635
vt 0.478886 0.609811
f 1474/4693/1474 1478/4694/1478 1477/4695/1477 1473/4696/1473
vt 0.523054 0.599956
vt 0.519523 0.605233
vt 0.519523 0.645186
vt 0.523054 0.650463
f 1475/4697/1475 1479/4698/1479 1480/4699/1480 1476/4700/1476
vt 0.523054 0.650463
vt 0.519523 0.645186
vt 0.486026 0.645186
vt 0.482495 0.650463
f 1476/4701/1476 1480/4702/1480 1481/4703/1481 1478/4704/1478
vt 0.482495 0.599956
vt 0.486026 0.605233
vt 0.519523 0.605233
vt 0.523054 0.599956
f 1477/4705/1477 1482/4706/1482 1479/4707/1479 1475/4708/1475
vt 0.482495 0.650463
vt 0.486026 0.645186
vt 0.486026 0.605233
vt 0.482495 0.599956
f 1478/4709/1478 1481/4710/1481 1482/4711/1482 1477/4712/1477
vt 0.519523 0.605233
vt 0.486026 0.605233
vt 0.486026 0.645186
vt 0.519523 0.645186
f 1479/4713/1479 1482/4714/1482 1481/4715/1481 1480/4716/1480
vt 0.557466 0.656325
vt 0.516907 0.656325
vt 0.516907 0.706831
vt 0.557466 0.706831
f 1483/4717/1483 1486/4718/1486 1485/4719/1485 1484/4720/1484
vt 0.411347 0.535872
vt 0.411347 0.548778
vt 0.451906 0.548778
vt 0.451906 0.543953
f 1483/4721/1483 1488/4722/1488 1490/4723/1490 1486/4724/1486
vt 0.747294 0.608316
vt 0.747294 0.621222
vt 0.781094 0.621222
vt 0.781094 0.608316
f 1484/4725/1484 1487/4726/1487 1488/4727/1488 1483/4728/1483
vt 0.525525 0.504439
vt 0.525525 0.509263
vt 0.566084 0.509263
vt 0.566084 0.496358
f 1485/4729/1485 1489/4730/1489 1487/4731/1487 1484/4732/1484
vt 0.174694 0.609812
vt 0.174694 0.614636
vt 0.208493 0.614636
vt 0.208493 0.609811
f 1486/4733/1486 1490/4734/1490 1489/4735/1489 1485/4736/1485
vt 0.531648 0.323835
vt 0.528117 0.329111
vt 0.528117 0.369064
vt 0.531648 0.374341
f 1487/4737/1487 1491/4738/1491 1492/4739/1492 1488/4740/1488
vt 0.531648 0.374341
vt 0.528117 0.369064
vt 0.494621 0.369064
vt 0.491089 0.374341
f 1488/4741/1488 1492/4742/1492 1493/4743/1493 1490/4744/1490
vt 0.491089 0.323835
vt 0.494621 0.329111
vt 0.528117 0.329111
vt 0.531648 0.323835
f 1489/4745/1489 1494/4746/1494 1491/4747/1491 1487/4748/1487
vt 0.491089 0.374341
vt 0.494621 0.369064
vt 0.494621 0.329111
vt 0.491089 0.323835
f 1490/4749/1490 1493/4750/1493 1494/4751/1494 1489/4752/1489
vt 0.528117 0.329111
vt 0.494621 0.329111
vt 0.494621 0.369064
vt 0.528117 0.369064
f 1491/4753/1491 1494/4754/1494 1493/4755/1493 1492/4756/1492
vt 0.174694 0.601731
vt 0.174694 0.614636
vt 0.208493 0.614636
vt 0.208493 0.601730
f 1495/4757/1495 1500/4758/1500 1499/4759/1499 1496/4760/1496
vt 0.462829 0.706831
vt 0.503388 0.706831
vt 0.503388 0.656325
vt 0.462829 0.656325
f 1496/4761/1496 1497/4762/1497 1498/4763/1498 1495/4764/1495
vt 0.471446 0.496358
vt 0.471446 0.509263
vt 0.512005 0.509263
vt 0.512005 0.504439
f 1496/4765/1496 1499/4766/1499 1502/4767/1502 1497/4768/1497
vt 0.747294 0.616397
vt 0.747294 0.621222
vt 0.781094 0.621222
vt 0.781094 0.616398
f 1497/4769/1497 1502/4770/1502 1501/4771/1501 1498/4772/1498
vt 0.465426 0.543953
vt 0.465426 0.548778
vt 0.505985 0.548778
vt 0.505985 0.535872
f 1498/4773/1498 1501/4774/1501 1500/4775/1500 1495/4776/1495
vt 0.437011 0.323835
vt 0.440542 0.329111
vt 0.474038 0.329111
vt 0.477569 0.323835
f 1499/4777/1499 1503/4778/1503 1504/4779/1504 1502/4780/1502
vt 0.174694 0.614636
vt 0.178225 0.619913
vt 0.204962 0.619913
vt 0.208493 0.614636
f 1500/4781/1500 1506/4782/1506 1503/4783/1503 1499/4784/1499
vt 0.477569 0.374341
vt 0.474038 0.369064
vt 0.440542 0.369064
vt 0.437011 0.374341
f 1501/4785/1501 1505/4786/1505 1506/4787/1506 1500/4788/1500
vt 0.747294 0.621222
vt 0.750826 0.626499
vt 0.777562 0.626499
vt 0.781094 0.621222
f 1502/4789/1502 1504/4790/1504 1505/4791/1505 1501/4792/1501
vt 0.440542 0.329111
vt 0.440542 0.369064
vt 0.474038 0.369064
vt 0.474038 0.329111
f 1503/4793/1503 1506/4794/1506 1505/4795/1505 1504/4796/1504
vt 0.611017 0.384864
vt 0.611017 0.397769
vt 0.644817 0.397769
vt 0.644817 0.384864
f 1507/4797/1507 1512/4798/1512 1511/4799/1511 1508/4800/1508
vt 0.462829 0.504806
vt 0.503388 0.504806
vt 0.503388 0.454300
vt 0.462829 0.454300
f 1508/4801/1508 1509/4802/1509 1510/4803/1510 1507/4804/1507
vt 0.471446 0.496358
vt 0.471446 0.509264
vt 0.512005 0.509264
vt 0.512005 0.504439
f 1508/4805/1508 1511/4806/1511 1514/4807/1514 1509/4808/1509
vt 0.431291 0.297670
vt 0.431291 0.302494
vt 0.465090 0.302494
vt 0.465090 0.297670
f 1509/4809/1509 1514/4810/1514 1513/4811/1513 1510/4812/1510
vt 0.465426 0.543954
vt 0.465426 0.548778
vt 0.505985 0.548778
vt 0.505985 0.535873
f 1510/4813/1510 1513/4814/1513 1512/4815/1512 1507/4816/1507
vt 0.437011 0.525860
vt 0.440542 0.531137
vt 0.474038 0.531137
vt 0.477569 0.525860
f 1511/4817/1511 1515/4818/1515 1516/4819/1516 1514/4820/1514
vt 0.611017 0.397769
vt 0.614549 0.403046
vt 0.641285 0.403046
vt 0.644817 0.397769
f 1512/4821/1512 1518/4822/1518 1515/4823/1515 1511/4824/1511
vt 0.477569 0.576366
vt 0.474038 0.571089
vt 0.440542 0.571089
vt 0.437011 0.576366
f 1513/4825/1513 1517/4826/1517 1518/4827/1518 1512/4828/1512
vt 0.431291 0.302494
vt 0.434822 0.307771
vt 0.461559 0.307771
vt 0.465090 0.302494
f 1514/4829/1514 1516/4830/1516 1517/4831/1517 1513/4832/1513
vt 0.440542 0.531137
vt 0.440542 0.571089
vt 0.474038 0.571089
vt 0.474038 0.531137
f 1515/4833/1515 1518/4834/1518 1517/4835/1517 1516/4836/1516
vt 0.464050 0.475354
vt 0.464050 0.525860
vt 0.504609 0.525860
vt 0.504609 0.475354
f 1519/4837/1519 1521/4838/1521 1522/4839/1522 1520/4840/1520
vt 0.678616 0.271729
vt 0.678616 0.266905
vt 0.644817 0.266905
vt 0.644817 0.271730
f 1519/4841/1519 1525/4842/1525 1524/4843/1524 1521/4844/1521
vt 0.539045 0.383224
vt 0.539045 0.378399
vt 0.498486 0.378399
vt 0.498486 0.383224
f 1520/4845/1520 1523/4846/1523 1525/4847/1525 1519/4848/1519
vt 0.478945 0.422738
vt 0.478945 0.417914
vt 0.438387 0.417914
vt 0.438387 0.422738
f 1521/4849/1521 1524/4850/1524 1526/4851/1526 1522/4852/1522
vt 0.882491 0.495182
vt 0.882491 0.490358
vt 0.848692 0.490358
vt 0.848692 0.495182
f 1522/4853/1522 1526/4854/1526 1523/4855/1523 1520/4856/1520
vt 0.530427 0.555312
vt 0.526896 0.550035
vt 0.493399 0.550035
vt 0.489868 0.555312
f 1523/4857/1523 1527/4858/1527 1528/4859/1528 1525/4860/1525
vt 0.489868 0.504806
vt 0.493399 0.510083
vt 0.526896 0.510083
vt 0.530427 0.504806
f 1524/4861/1524 1529/4862/1529 1530/4863/1530 1526/4864/1526
vt 0.678616 0.266905
vt 0.675084 0.261628
vt 0.648348 0.261628
vt 0.644817 0.266905
f 1525/4865/1525 1528/4866/1528 1529/4867/1529 1524/4868/1524
vt 0.882491 0.490358
vt 0.878960 0.485081
vt 0.852223 0.485081
vt 0.848692 0.490358
f 1526/4869/1526 1530/4870/1530 1527/4871/1527 1523/4872/1523
vt 0.526896 0.550035
vt 0.526896 0.510083
vt 0.493399 0.510083
vt 0.493399 0.550035
f 1527/4873/1527 1530/4874/1530 1529/4875/1529 1528/4876/1528
vt 0.455456 0.549450
vt 0.455456 0.599956
vt 0.496015 0.599956
vt 0.496015 0.549450
f 1531/4877/1531 1533/4878/1533 1534/4879/1534 1532/4880/1532
vt 0.512685 0.488595
vt 0.512685 0.483771
vt 0.478886 0.483771
vt 0.478886 0.488596
f 1531/4881/1531 1537/4882/1537 1536/4883/1536 1533/4884/1533
vt 0.539045 0.383223
vt 0.539045 0.378399
vt 0.498486 0.378399
vt 0.498486 0.383223
f 1532/4885/1532 1535/4886/1535 1537/4887/1537 1531/4888/1531
vt 0.478945 0.422738
vt 0.478945 0.417913
vt 0.438387 0.417913
vt 0.438387 0.422738
f 1533/4889/1533 1536/4890/1536 1538/4891/1538 1534/4892/1534
vt 0.476901 0.495182
vt 0.476901 0.490357
vt 0.443102 0.490357
vt 0.443102 0.495182
f 1534/4893/1534 1538/4894/1538 1535/4895/1535 1532/4896/1532
vt 0.521833 0.464787
vt 0.518301 0.459510
vt 0.484805 0.459510
vt 0.481274 0.464787
f 1535/4897/1535 1539/4898/1539 1540/4899/1540 1537/4900/1537
vt 0.481274 0.414280
vt 0.484805 0.419557
vt 0.518301 0.419557
vt 0.521833 0.414280
f 1536/4901/1536 1541/4902/1541 1542/4903/1542 1538/4904/1538
vt 0.512685 0.483771
vt 0.509154 0.478494
vt 0.482418 0.478494
vt 0.478886 0.483771
f 1537/4905/1537 1540/4906/1540 1541/4907/1541 1536/4908/1536
vt 0.476901 0.490357
vt 0.473370 0.485080
vt 0.446633 0.485080
vt 0.443102 0.490357
f 1538/4909/1538 1542/4910/1542 1539/4911/1539 1535/4912/1535
vt 0.518301 0.459510
vt 0.518301 0.419557
vt 0.484805 0.419557
vt 0.484805 0.459510
f 1539/4913/1539 1542/4914/1542 1541/4915/1541 1540/4916/1540
vt 0.455456 0.650463
vt 0.455456 0.700969
vt 0.496015 0.700969
vt 0.496015 0.650463
f 1543/4917/1543 1545/4918/1545 1546/4919/1546 1544/4920/1544
vt 0.445087 0.488596
vt 0.445087 0.483771
vt 0.411288 0.483771
vt 0.411288 0.488596
f 1543/4921/1543 1549/4922/1549 1548/4923/1548 1545/4924/1545
vt 0.539045 0.383223
vt 0.539045 0.378399
vt 0.498486 0.378399
vt 0.498486 0.383223
f 1544/4925/1544 1547/4926/1547 1549/4927/1549 1543/4928/1543
vt 0.478945 0.422738
vt 0.478945 0.417913
vt 0.438387 0.417913
vt 0.438387 0.422738
f 1545/4929/1545 1548/4930/1548 1550/4931/1550 1546/4932/1546
vt 0.544499 0.495182
vt 0.544499 0.490357
vt 0.510700 0.490357
vt 0.510700 0.495182
f 1546/4933/1546 1550/4934/1550 1547/4935/1547 1544/4936/1544
vt 0.521833 0.363774
vt 0.518301 0.358497
vt 0.484805 0.358497
vt 0.481274 0.363774
f 1547/4937/1547 1551/4938/1551 1552/4939/1552 1549/4940/1549
vt 0.481274 0.313268
vt 0.484805 0.318545
vt 0.518301 0.318545
vt 0.521833 0.313268
f 1548/4941/1548 1553/4942/1553 1554/4943/1554 1550/4944/1550
vt 0.445087 0.483771
vt 0.441556 0.478494
vt 0.414819 0.478494
vt 0.411288 0.483771
f 1549/4945/1549 1552/4946/1552 1553/4947/1553 1548/4948/1548
vt 0.521833 0.313268
vt 0.518301 0.318545
vt 0.518301 0.358497
vt 0.521833 0.363774
f 1550/4949/1550 1554/4950/1554 1551/4951/1551 1547/4952/1547
vt 0.518301 0.358497
vt 0.518301 0.318545
vt 0.484805 0.318545
vt 0.484805 0.358497
f 1551/4953/1551 1554/4954/1554 1553/4955/1553 1552/4956/1552
vt 0.464050 0.374341
vt 0.464050 0.424847
vt 0.504609 0.424847
vt 0.504609 0.374341
f 1555/4957/1555 1557/4958/1557 1558/4959/1558 1556/4960/1556
vt 0.174694 0.488596
vt 0.174694 0.483772
vt 0.140895 0.483772
vt 0.140895 0.488596
f 1555/4961/1555 1561/4962/1561 1560/4963/1560 1557/4964/1557
vt 0.539045 0.383224
vt 0.539045 0.378399
vt 0.498486 0.378399
vt 0.498486 0.383224
f 1556/4965/1556 1559/4966/1559 1561/4967/1561 1555/4968/1555
vt 0.478945 0.422738
vt 0.478945 0.417914
vt 0.438387 0.417914
vt 0.438387 0.422738
f 1557/4969/1557 1560/4970/1560 1562/4971/1562 1558/4972/1558
vt 0.814893 0.495182
vt 0.814893 0.490358
vt 0.781094 0.490358
vt 0.781094 0.495182
f 1558/4973/1558 1562/4974/1562 1559/4975/1559 1556/4976/1556
vt 0.530427 0.656325
vt 0.526896 0.651048
vt 0.493399 0.651048
vt 0.489868 0.656325
f 1559/4977/1559 1563/4978/1563 1564/4979/1564 1561/4980/1561
vt 0.489868 0.605819
vt 0.493399 0.611095
vt 0.526896 0.611095
vt 0.530427 0.605819
f 1560/4981/1560 1565/4982/1565 1566/4983/1566 1562/4984/1562
vt 0.174694 0.483772
vt 0.171162 0.478495
vt 0.144426 0.478495
vt 0.140895 0.483772
f 1561/4985/1561 1564/4986/1564 1565/4987/1565 1560/4988/1560
vt 0.814893 0.490358
vt 0.811361 0.485081
vt 0.784625 0.485081
vt 0.781094 0.490358
f 1562/4989/1562 1566/4990/1566 1563/4991/1563 1559/4992/1559
vt 0.526896 0.651048
vt 0.526896 0.611095
vt 0.493399 0.611095
vt 0.493399 0.651048
f 1563/4993/1563 1566/4994/1566 1565/4995/1565 1564/4996/1564
vt 0.464050 0.273328
vt 0.464050 0.323835
vt 0.504609 0.323835
vt 0.504609 0.273328
f 1567/4997/1567 1569/4998/1569 1570/4999/1570 1568/5000/1568
vt 0.242292 0.488596
vt 0.242292 0.483772
vt 0.208493 0.483772
vt 0.208493 0.488596
f 1567/5001/1567 1573/5002/1573 1572/5003/1572 1569/5004/1569
vt 0.539045 0.383224
vt 0.539045 0.378399
vt 0.498486 0.378399
vt 0.498486 0.383224
f 1568/5005/1568 1571/5006/1571 1573/5007/1573 1567/5008/1567
vt 0.478945 0.422738
vt 0.478945 0.417914
vt 0.438387 0.417914
vt 0.438387 0.422738
f 1569/5009/1569 1572/5010/1572 1574/5011/1574 1570/5012/1570
vt 0.747294 0.495182
vt 0.747294 0.490358
vt 0.713495 0.490358
vt 0.713495 0.495182
f 1570/5013/1570 1574/5014/1574 1571/5015/1571 1568/5016/1568
vt 0.521833 0.060736
vt 0.518301 0.055459
vt 0.484805 0.055459
vt 0.481274 0.060736
f 1571/5017/1571 1575/5018/1575 1576/5019/1576 1573/5020/1573
vt 0.481274 0.010230
vt 0.484805 0.015506
vt 0.518301 0.015506
vt 0.521833 0.010230
f 1572/5021/1572 1577/5022/1577 1578/5023/1578 1574/5024/1574
vt 0.242292 0.483772
vt 0.238761 0.478495
vt 0.212024 0.478495
vt 0.208493 0.483772
f 1573/5025/1573 1576/5026/1576 1577/5027/1577 1572/5028/1572
vt 0.521833 0.010230
vt 0.518301 0.015506
vt 0.518301 0.055459
vt 0.521833 0.060736
f 1574/5029/1574 1578/5030/1578 1575/5031/1575 1571/5032/1571
vt 0.518301 0.055459
vt 0.518301 0.015506
vt 0.484805 0.015506
vt 0.484805 0.055459
f 1575/5033/1575 1578/5034/1578 1577/5035/1577 1576/5036/1576
vt 0.464050 0.172316
vt 0.464050 0.222822
vt 0.504609 0.222822
vt 0.504609 0.172316
f 1579/5037/1579 1581/5038/1581 1582/5039/1582 1580/5040/1580
vt 0.309890 0.488596
vt 0.309890 0.483771
vt 0.276091 0.483772
vt 0.276091 0.488596
f 1579/5041/1579 1585/5042/1585 1584/5043/1584 1581/5044/1581
vt 0.539045 0.383223
vt 0.539045 0.378399
vt 0.498486 0.378399
vt 0.498486 0.383223
f 1580/5045/1580 1583/5046/1583 1585/5047/1585 1579/5048/1579
vt 0.478945 0.422738
vt 0.478945 0.417914
vt 0.438387 0.417914
vt 0.438387 0.422738
f 1581/5049/1581 1584/5050/1584 1586/5051/1586 1582/5052/1582
vt 0.679696 0.495182
vt 0.679696 0.490358
vt 0.645897 0.490358
vt 0.645897 0.495182
f 1582/5053/1582 1586/5054/1586 1583/5055/1583 1580/5056/1580
vt 0.521833 0.161749
vt 0.518301 0.156472
vt 0.484805 0.156472
vt 0.481274 0.161749
f 1583/5057/1583 1587/5058/1587 1588/5059/1588 1585/5060/1585
vt 0.481274 0.111242
vt 0.484805 0.116519
vt 0.518301 0.116519
vt 0.521833 0.111242
f 1584/5061/1584 1589/5062/1589 1590/5063/1590 1586/5064/1586
vt 0.309890 0.483771
vt 0.306359 0.478495
vt 0.279623 0.478495
vt 0.276091 0.483772
f 1585/5065/1585 1588/5066/1588 1589/5067/1589 1584/5068/1584
vt 0.679696 0.490358
vt 0.676164 0.485081
vt 0.649428 0.485081
vt 0.645897 0.490358
f 1586/5069/1586 1590/5070/1590 1587/5071/1587 1583/5072/1583
vt 0.518301 0.156472
vt 0.518301 0.116519
vt 0.484805 0.116519
vt 0.484805 0.156472
f 1587/5073/1587 1590/5074/1590 1589/5075/1589 1588/5076/1588
vt 0.464050 0.576366
vt 0.464050 0.626872
vt 0.504609 0.626872
vt 0.504609 0.576366
f 1591/5077/1591 1593/5078/1593 1594/5079/1594 1592/5080/1592
vt 0.611017 0.271730
vt 0.611017 0.266905
vt 0.577218 0.266905
vt 0.577218 0.271730
f 1591/5081/1591 1597/5082/1597 1596/5083/1596 1593/5084/1593
vt 0.539045 0.383224
vt 0.539045 0.378400
vt 0.498486 0.378400
vt 0.498486 0.383224
f 1592/5085/1592 1595/5086/1595 1597/5087/1597 1591/5088/1591
vt 0.478945 0.422739
vt 0.478945 0.417914
vt 0.438387 0.417914
vt 0.438387 0.422739
f 1593/5089/1593 1596/5090/1596 1598/5091/1598 1594/5092/1594
vt 0.498889 0.176454
vt 0.498889 0.171630
vt 0.465090 0.171630
vt 0.465090 0.176454
f 1594/5093/1594 1598/5094/1598 1595/5095/1595 1592/5096/1592
vt 0.530427 0.454300
vt 0.526896 0.449023
vt 0.493399 0.449023
vt 0.489868 0.454300
f 1595/5097/1595 1599/5098/1599 1600/5099/1600 1597/5100/1597
vt 0.489868 0.403793
vt 0.493399 0.409070
vt 0.526896 0.409070
vt 0.530427 0.403793
f 1596/5101/1596 1601/5102/1601 1602/5103/1602 1598/5104/1598
vt 0.611017 0.266905
vt 0.607486 0.261628
vt 0.580750 0.261628
vt 0.577218 0.266905
f 1597/5105/1597 1600/5106/1600 1601/5107/1601 1596/5108/1596
vt 0.530427 0.403793
vt 0.526896 0.409070
vt 0.526896 0.449023
vt 0.530427 0.454300
f 1598/5109/1598 1602/5110/1602 1599/5111/1599 1595/5112/1595
vt 0.526896 0.449023
vt 0.526896 0.409070
vt 0.493399 0.409070
vt 0.493399 0.449023
f 1599/5113/1599 1602/5114/1602 1601/5115/1601 1600/5116/1600
vt 0.557466 0.353287
vt 0.516907 0.353287
vt 0.516907 0.403793
vt 0.557466 0.403793
f 1603/5117/1603 1606/5118/1606 1605/5119/1605 1604/5120/1604
vt 0.411347 0.535873
vt 0.411347 0.548778
vt 0.451906 0.548778
vt 0.451906 0.543954
f 1603/5121/1603 1608/5122/1608 1610/5123/1610 1606/5124/1606
vt 0.498889 0.289589
vt 0.498889 0.302494
vt 0.532688 0.302494
vt 0.532688 0.289589
f 1604/5125/1604 1607/5126/1607 1608/5127/1608 1603/5128/1603
vt 0.525525 0.504439
vt 0.525525 0.509264
vt 0.566084 0.509264
vt 0.566084 0.496358
f 1605/5129/1605 1609/5130/1609 1607/5131/1607 1604/5132/1604
vt 0.543419 0.392945
vt 0.543419 0.397769
vt 0.577218 0.397769
vt 0.577218 0.392945
f 1606/5133/1606 1610/5134/1610 1609/5135/1609 1605/5136/1605
vt 0.531648 0.626872
vt 0.528117 0.632150
vt 0.528117 0.672102
vt 0.531648 0.677379
f 1607/5137/1607 1611/5138/1611 1612/5139/1612 1608/5140/1608
vt 0.531648 0.677379
vt 0.528117 0.672102
vt 0.494621 0.672102
vt 0.491089 0.677379
f 1608/5141/1608 1612/5142/1612 1613/5143/1613 1610/5144/1610
vt 0.491089 0.626872
vt 0.494621 0.632150
vt 0.528117 0.632150
vt 0.531648 0.626872
f 1609/5145/1609 1614/5146/1614 1611/5147/1611 1607/5148/1607
vt 0.491089 0.677379
vt 0.494621 0.672102
vt 0.494621 0.632150
vt 0.491089 0.626872
f 1610/5149/1610 1613/5150/1613 1614/5151/1614 1609/5152/1609
vt 0.528117 0.632150
vt 0.494621 0.632150
vt 0.494621 0.672102
vt 0.528117 0.672102
f 1611/5153/1611 1614/5154/1614 1613/5155/1613 1612/5156/1612
vt 0.543419 0.384864
vt 0.543419 0.397769
vt 0.577218 0.397769
vt 0.577218 0.384864
f 1615/5157/1615 1620/5158/1620 1619/5159/1619 1616/5160/1616
vt 0.462829 0.403793
vt 0.503388 0.403793
vt 0.503388 0.353287
vt 0.462829 0.353287
f 1616/5161/1616 1617/5162/1617 1618/5163/1618 1615/5164/1615
vt 0.471446 0.496358
vt 0.471446 0.509264
vt 0.512005 0.509264
vt 0.512005 0.504439
f 1616/5165/1616 1619/5166/1619 1622/5167/1622 1617/5168/1617
vt 0.498889 0.297670
vt 0.498889 0.302494
vt 0.532688 0.302494
vt 0.532688 0.297670
f 1617/5169/1617 1622/5170/1622 1621/5171/1621 1618/5172/1618
vt 0.465426 0.543954
vt 0.465426 0.548778
vt 0.505985 0.548778
vt 0.505985 0.535873
f 1618/5173/1618 1621/5174/1621 1620/5175/1620 1615/5176/1615
vt 0.437011 0.626872
vt 0.440542 0.632150
vt 0.474038 0.632150
vt 0.477569 0.626872
f 1619/5177/1619 1623/5178/1623 1624/5179/1624 1622/5180/1622
vt 0.543419 0.397769
vt 0.546950 0.403046
vt 0.573687 0.403046
vt 0.577218 0.397769
f 1620/5181/1620 1626/5182/1626 1623/5183/1623 1619/5184/1619
vt 0.477569 0.677379
vt 0.474038 0.672102
vt 0.440542 0.672102
vt 0.437011 0.677379
f 1621/5185/1621 1625/5186/1625 1626/5187/1626 1620/5188/1620
vt 0.498889 0.302494
vt 0.502420 0.307771
vt 0.529157 0.307771
vt 0.532688 0.302494
f 1622/5189/1622 1624/5190/1624 1625/5191/1625 1621/5192/1621
vt 0.440542 0.632150
vt 0.440542 0.672102
vt 0.474038 0.672102
vt 0.474038 0.632150
f 1623/5193/1623 1626/5194/1626 1625/5195/1625 1624/5196/1624
vt 0.573371 0.491996
vt 0.525532 0.504428
vt 0.512012 0.504428
f 2/5197/2 3/5198/3 5/5199/5
vt 0.464173 0.491996
f 2/5197/2 5/5199/5 7/5200/7
vt 0.464173 0.491996
f 2/5197/2 7/5200/7 8/5201/8
vt 0.512012 0.504428
f 2/5197/2 8/5201/8 6/5202/6
vt 0.525532 0.504428
f 2/5197/2 6/5202/6 4/5203/4
vt 0.573371 0.491996
f 2/5197/2 4/5203/4 1/5204/1
vt 0.193613 0.443029
vt 0.195035 0.446861
vt 0.199996 0.446566
f 71/5205/71 117/5206/117 119/5207/119
vt 0.219573 0.382206
f 71/5205/71 119/5207/119 114/5208/114
vt 0.216460 0.376426
f 71/5205/71 114/5208/114 115/5209/115
vt 0.213594 0.377345
f 71/5205/71 115/5209/115 75/5210/75
vt 0.170154 0.422885
vt 0.167674 0.431041
vt 0.192798 0.450310
f 73/5211/73 80/5212/80 118/5213/118
vt 0.195035 0.446861
f 73/5211/73 118/5213/118 117/5214/117
vt 0.193613 0.443029
f 73/5211/73 117/5214/117 71/5215/71
vt 0.676624 0.248198
vt 0.676619 0.248840
vt 0.681203 0.258639
f 74/5216/74 109/5217/109 110/5218/110
vt 0.737275 0.286619
f 74/5216/74 110/5218/110 80/5219/80
vt 0.737275 0.278462
f 74/5216/74 80/5219/80 73/5220/73
vt 0.213594 0.377345
vt 0.216460 0.376426
vt 0.216729 0.371641
f 75/5221/75 115/5222/115 116/5223/116
vt 0.190493 0.356023
f 75/5221/75 116/5223/116 79/5224/79
vt 0.188012 0.364179
f 75/5221/75 79/5224/79 78/5225/78
vt 0.737275 0.219756
vt 0.737275 0.211601
vt 0.681203 0.193316
f 78/5226/78 79/5227/79 111/5228/111
vt 0.676624 0.199334
f 78/5226/78 111/5228/111 112/5229/112
vt 0.676624 0.199978
f 78/5226/78 112/5229/112 77/5230/77
vt 0.752503 0.831611
vt 0.726267 0.831485
vt 0.727154 0.730560
f 79/5231/79 116/5232/116 131/5233/131
vt 0.727699 0.668676
f 79/5231/79 131/5233/131 130/5234/130
vt 0.715684 0.608069
f 79/5231/79 130/5234/130 129/5235/129
vt 0.716460 0.519922
f 79/5231/79 129/5235/129 128/5236/128
vt 0.728864 0.462550
f 79/5231/79 128/5236/128 127/5237/127
vt 0.748195 0.431977
f 79/5231/79 127/5237/127 126/5238/126
vt 0.762068 0.327070
f 79/5231/79 126/5238/126 94/5239/94
vt 0.783174 0.327171
f 79/5231/79 94/5239/94 99/5240/99
vt 0.788084 0.490859
f 79/5231/79 99/5240/99 135/5241/135
vt 0.800202 0.531042
f 79/5231/79 135/5241/135 134/5242/134
vt 0.799806 0.576136
f 79/5231/79 134/5242/134 133/5243/133
vt 0.787082 0.596259
f 79/5231/79 133/5243/133 132/5244/132
vt 0.788033 0.747822
f 79/5231/79 132/5244/132 111/5245/111
vt 0.793659 0.338601
vt 0.803037 0.369432
vt 0.810234 0.373176
f 93/5246/93 96/5247/96 95/5248/95
vt 0.830448 0.357675
f 93/5246/93 95/5248/95 97/5249/97
vt 0.833075 0.346396
f 93/5246/93 97/5249/97 98/5250/98
vt 0.825024 0.319930
f 93/5246/93 98/5250/98 100/5251/100
vt 0.817610 0.315472
f 93/5246/93 100/5251/100 99/5252/99
vt 0.796504 0.328037
f 93/5246/93 99/5252/99 94/5253/94
vt 0.807904 0.747822
vt 0.804385 0.596259
vt 0.816223 0.576136
f 110/5254/110 139/5255/139 138/5256/138
vt 0.815826 0.531042
f 110/5254/110 138/5256/138 137/5257/137
vt 0.803530 0.490859
f 110/5254/110 137/5257/137 136/5258/136
vt 0.796012 0.327171
f 110/5254/110 136/5258/136 97/5259/97
vt 0.775799 0.327070
f 110/5254/110 97/5259/97 95/5260/95
vt 0.764319 0.431977
f 110/5254/110 95/5260/95 125/5261/125
vt 0.746335 0.462550
f 110/5254/110 125/5261/125 124/5262/124
vt 0.735443 0.519922
f 110/5254/110 124/5262/124 123/5263/123
vt 0.736219 0.608069
f 110/5254/110 123/5263/123 122/5264/122
vt 0.748766 0.668676
f 110/5254/110 122/5264/122 121/5265/121
vt 0.749310 0.730560
f 110/5254/110 121/5265/121 120/5266/120
vt 0.750197 0.831485
f 110/5254/110 120/5266/120 118/5267/118
vt 0.775322 0.831611
f 110/5254/110 118/5267/118 80/5268/80
vt 0.626476 0.426928
vt 0.629895 0.426752
vt 0.632728 0.423892
f 164/5269/164 176/5270/176 168/5271/168
vt 0.633673 0.418980
f 164/5269/164 168/5271/168 183/5272/183
vt 0.632728 0.414069
f 164/5269/164 183/5272/183 170/5273/170
vt 0.629895 0.411208
f 164/5269/164 170/5273/170 186/5274/186
vt 0.626476 0.411033
f 164/5269/164 186/5274/186 172/5275/172
vt 0.623780 0.414177
f 164/5269/164 172/5275/172 178/5276/178
vt 0.622612 0.418980
f 164/5269/164 178/5276/178 165/5277/165
vt 0.623780 0.423784
f 164/5269/164 165/5277/165 174/5278/174
vt 0.352872 0.462453
vt 0.353835 0.458495
vt 0.352872 0.454537
f 204/5279/204 213/5280/213 212/5281/212
vt 0.350651 0.451946
f 204/5279/204 212/5281/212 211/5282/211
vt 0.347834 0.452091
f 204/5279/204 211/5282/211 210/5283/210
vt 0.345498 0.454448
f 204/5279/204 210/5283/210 209/5284/209
vt 0.344720 0.458495
f 204/5279/204 209/5284/209 208/5285/208
vt 0.345498 0.462542
f 204/5279/204 208/5285/208 207/5286/207
vt 0.347834 0.464899
f 204/5279/204 207/5286/207 206/5287/206
vt 0.350651 0.465043
f 204/5279/204 206/5287/206 205/5288/205
vt 0.648031 0.412189
vt 0.651450 0.412013
vt 0.654284 0.409153
f 214/5289/214 226/5290/226 218/5291/218
vt 0.655229 0.404241
f 214/5289/214 218/5291/218 233/5292/233
vt 0.654284 0.399330
f 214/5289/214 233/5292/233 220/5293/220
vt 0.651450 0.396469
f 214/5289/214 220/5293/220 236/5294/236
vt 0.648031 0.396294
f 214/5289/214 236/5294/236 222/5295/222
vt 0.645336 0.399438
f 214/5289/214 222/5295/222 228/5296/228
vt 0.644167 0.404241
f 214/5289/214 228/5296/228 215/5297/215
vt 0.645336 0.409045
f 214/5289/214 215/5297/215 224/5298/224
vt 0.331317 0.447714
vt 0.332279 0.443756
vt 0.331317 0.439798
f 254/5299/254 263/5300/263 262/5301/262
vt 0.329095 0.437207
f 254/5299/254 262/5301/262 261/5302/261
vt 0.326279 0.437352
f 254/5299/254 261/5302/261 260/5303/260
vt 0.323944 0.439709
f 254/5299/254 260/5303/260 259/5304/259
vt 0.323165 0.443756
f 254/5299/254 259/5304/259 258/5305/258
vt 0.323944 0.447803
f 254/5299/254 258/5305/258 257/5306/257
vt 0.326279 0.450160
f 254/5299/254 257/5306/257 256/5307/256
vt 0.329095 0.450305
f 254/5299/254 256/5307/256 255/5308/255
vt 0.667684 0.398530
vt 0.671102 0.398354
vt 0.673936 0.395494
f 264/5309/264 276/5310/276 268/5311/268
vt 0.674881 0.390582
f 264/5309/264 268/5311/268 283/5312/283
vt 0.673936 0.385671
f 264/5309/264 283/5312/283 270/5313/270
vt 0.671102 0.382810
f 264/5309/264 270/5313/270 286/5314/286
vt 0.667684 0.382635
f 264/5309/264 286/5314/286 272/5315/272
vt 0.664988 0.385779
f 264/5309/264 272/5315/272 278/5316/278
vt 0.663820 0.390582
f 264/5309/264 278/5316/278 265/5317/265
vt 0.664988 0.395386
f 264/5309/264 265/5317/265 274/5318/274
vt 0.311665 0.434055
vt 0.312627 0.430097
vt 0.311665 0.426139
f 304/5319/304 313/5320/313 312/5321/312
vt 0.309443 0.423548
f 304/5319/304 312/5321/312 311/5322/311
vt 0.306627 0.423693
f 304/5319/304 311/5322/311 310/5323/310
vt 0.304291 0.426050
f 304/5319/304 310/5323/310 309/5324/309
vt 0.303513 0.430097
f 304/5319/304 309/5324/309 308/5325/308
vt 0.304291 0.434144
f 304/5319/304 308/5325/308 307/5326/307
vt 0.306627 0.436501
f 304/5319/304 307/5326/307 306/5327/306
vt 0.309443 0.436646
f 304/5319/304 306/5327/306 305/5328/305
vt 0.372556 0.395386
vt 0.373724 0.390582
vt 0.372556 0.385779
f 325/5329/325 316/5330/316 330/5331/330
vt 0.369860 0.382635
f 325/5329/325 330/5331/330 322/5332/322
vt 0.366442 0.382810
f 325/5329/325 322/5332/322 336/5333/336
vt 0.363608 0.385671
f 325/5329/325 336/5333/336 320/5334/320
vt 0.362663 0.390582
f 325/5329/325 320/5334/320 333/5335/333
vt 0.363608 0.395494
f 325/5329/325 333/5335/333 318/5336/318
vt 0.366442 0.398354
f 325/5329/325 318/5336/318 326/5337/326
vt 0.369860 0.398530
f 325/5329/325 326/5337/326 314/5338/314
vt 0.605654 0.434055
vt 0.607875 0.436646
vt 0.610692 0.436501
f 354/5339/354 363/5340/363 362/5341/362
vt 0.613027 0.434144
f 354/5339/354 362/5341/362 361/5342/361
vt 0.613806 0.430097
f 354/5339/354 361/5342/361 360/5343/360
vt 0.613027 0.426050
f 354/5339/354 360/5343/360 359/5344/359
vt 0.610692 0.423693
f 354/5339/354 359/5344/359 358/5345/358
vt 0.607875 0.423548
f 354/5339/354 358/5345/358 357/5346/357
vt 0.605654 0.426139
f 354/5339/354 357/5346/357 356/5347/356
vt 0.604691 0.430097
f 354/5339/354 356/5347/356 355/5348/355
vt 0.392208 0.409045
vt 0.393376 0.404241
vt 0.392208 0.399438
f 375/5349/375 366/5350/366 380/5351/380
vt 0.389512 0.396294
f 375/5349/375 380/5351/380 372/5352/372
vt 0.386094 0.396469
f 375/5349/375 372/5352/372 386/5353/386
vt 0.383260 0.399330
f 375/5349/375 386/5353/386 370/5354/370
vt 0.382315 0.404241
f 375/5349/375 370/5354/370 383/5355/383
vt 0.383260 0.409153
f 375/5349/375 383/5355/383 368/5356/368
vt 0.386094 0.412013
f 375/5349/375 368/5356/368 376/5357/376
vt 0.389512 0.412189
f 375/5349/375 376/5357/376 364/5358/364
vt 0.586002 0.447714
vt 0.588223 0.450305
vt 0.591040 0.450160
f 404/5359/404 413/5360/413 412/5361/412
vt 0.593375 0.447803
f 404/5359/404 412/5361/412 411/5362/411
vt 0.594153 0.443756
f 404/5359/404 411/5362/411 410/5363/410
vt 0.593375 0.439709
f 404/5359/404 410/5363/410 409/5364/409
vt 0.591040 0.437352
f 404/5359/404 409/5364/409 408/5365/408
vt 0.588223 0.437207
f 404/5359/404 408/5365/408 407/5366/407
vt 0.586002 0.439798
f 404/5359/404 407/5366/407 406/5367/406
vt 0.585039 0.443756
f 404/5359/404 406/5367/406 405/5368/405
vt 0.413763 0.423784
vt 0.414931 0.418980
vt 0.413763 0.414177
f 425/5369/425 416/5370/416 430/5371/430
vt 0.411068 0.411033
f 425/5369/425 430/5371/430 422/5372/422
vt 0.407649 0.411208
f 425/5369/425 422/5372/422 436/5373/436
vt 0.404815 0.414069
f 425/5369/425 436/5373/436 420/5374/420
vt 0.403870 0.418980
f 425/5369/425 420/5374/420 433/5375/433
vt 0.404815 0.423892
f 425/5369/425 433/5375/433 418/5376/418
vt 0.407649 0.426752
f 425/5369/425 418/5376/418 426/5377/426
vt 0.411068 0.426928
f 425/5369/425 426/5377/426 414/5378/414
vt 0.564447 0.462453
vt 0.566668 0.465043
vt 0.569485 0.464899
f 454/5379/454 463/5380/463 462/5381/462
vt 0.571820 0.462542
f 454/5379/454 462/5381/462 461/5382/461
vt 0.572598 0.458495
f 454/5379/454 461/5382/461 460/5383/460
vt 0.571820 0.454448
f 454/5379/454 460/5383/460 459/5384/459
vt 0.569485 0.452091
f 454/5379/454 459/5384/459 458/5385/458
vt 0.566668 0.451946
f 454/5379/454 458/5385/458 457/5386/457
vt 0.564447 0.454537
f 454/5379/454 457/5386/457 456/5387/456
vt 0.563484 0.458495
f 454/5379/454 456/5387/456 455/5388/455
vt 0.478520 0.842693
vt 0.471764 0.325365
vt 0.457589 0.325365
f 495/5389/495 664/5390/664 545/5391/545
vt 0.457589 0.349539
f 495/5389/495 545/5391/545 546/5392/546
vt 0.457589 0.373713
f 495/5389/495 546/5392/546 558/5393/558
vt 0.457589 0.397887
f 495/5389/495 558/5393/558 557/5394/557
vt 0.457589 0.422061
f 495/5389/495 557/5394/557 556/5395/556
vt 0.457589 0.446235
f 495/5389/495 556/5395/556 555/5396/555
vt 0.457589 0.470409
f 495/5389/495 555/5396/555 554/5397/554
vt 0.457589 0.494583
f 495/5389/495 554/5397/554 553/5398/553
vt 0.457589 0.518757
f 495/5389/495 553/5398/553 552/5399/552
vt 0.457589 0.542931
f 495/5389/495 552/5399/552 551/5400/551
vt 0.457589 0.567105
f 495/5389/495 551/5400/551 550/5401/550
vt 0.457589 0.591279
f 495/5389/495 550/5401/550 549/5402/549
vt 0.457589 0.615453
f 495/5389/495 549/5402/549 548/5403/548
vt 0.457589 0.639627
f 495/5389/495 548/5403/548 547/5404/547
vt 0.457589 0.662834
f 495/5389/495 547/5404/547 559/5405/559
vt 0.457589 0.663801
f 495/5389/495 559/5405/559 561/5406/561
vt 0.457589 0.687975
f 495/5389/495 561/5406/561 562/5407/562
vt 0.457589 0.712149
f 495/5389/495 562/5407/562 560/5408/560
vt 0.457596 0.842693
f 495/5389/495 560/5408/560 498/5409/498
vt 0.219757 0.512819
vt 0.402279 0.512829
vt 0.436078 0.512830
f 502/5410/502 543/5411/543 542/5412/542
vt 0.469877 0.512830
f 502/5410/502 542/5412/542 541/5413/541
vt 0.503676 0.512830
f 502/5410/502 541/5413/541 540/5414/540
vt 0.537476 0.512830
f 502/5410/502 540/5414/540 539/5415/539
vt 0.571275 0.512830
f 502/5410/502 539/5415/539 538/5416/538
vt 0.605074 0.512830
f 502/5410/502 538/5416/538 537/5417/537
vt 0.638873 0.512830
f 502/5410/502 537/5417/537 536/5418/536
vt 0.672673 0.512830
f 502/5410/502 536/5418/536 535/5419/535
vt 0.706471 0.512830
f 502/5410/502 535/5419/535 534/5420/534
vt 0.740271 0.512830
f 502/5410/502 534/5420/534 533/5421/533
vt 0.774070 0.512830
f 502/5410/502 533/5421/533 532/5422/532
vt 0.807869 0.512830
f 502/5410/502 532/5422/532 531/5423/531
vt 0.841668 0.512830
f 502/5410/502 531/5423/531 530/5424/530
vt 0.875467 0.512830
f 502/5410/502 530/5424/530 529/5425/529
vt 0.909267 0.512830
f 502/5410/502 529/5425/529 527/5426/527
vt 0.943066 0.512830
f 502/5410/502 527/5426/527 528/5427/528
vt 0.943066 0.483506
f 502/5410/502 528/5427/528 663/5428/663
vt 0.219757 0.484232
f 502/5410/502 663/5428/663 503/5429/503
vt 0.440372 0.296574
vt 0.440365 0.427119
vt 0.440365 0.451293
f 511/5430/511 598/5431/598 597/5432/597
vt 0.440365 0.475467
f 511/5430/511 597/5432/597 596/5433/596
vt 0.440365 0.499641
f 511/5430/511 596/5433/596 595/5434/595
vt 0.440365 0.523815
f 511/5430/511 595/5434/595 594/5435/594
vt 0.440365 0.547989
f 511/5430/511 594/5435/594 593/5436/593
vt 0.440365 0.572163
f 511/5430/511 593/5436/593 592/5437/592
vt 0.440365 0.596336
f 511/5430/511 592/5437/592 591/5438/591
vt 0.440365 0.620510
f 511/5430/511 591/5438/591 590/5439/590
vt 0.440365 0.644684
f 511/5430/511 590/5439/590 589/5440/589
vt 0.440365 0.668858
f 511/5430/511 589/5440/589 588/5441/588
vt 0.440365 0.693032
f 511/5430/511 588/5441/588 587/5442/587
vt 0.440365 0.717206
f 511/5430/511 587/5442/587 586/5443/586
vt 0.440365 0.741380
f 511/5430/511 586/5443/586 585/5444/585
vt 0.440365 0.765554
f 511/5430/511 585/5444/585 584/5445/584
vt 0.440365 0.789728
f 511/5430/511 584/5445/584 582/5446/582
vt 0.440365 0.813902
f 511/5430/511 582/5446/582 583/5447/583
vt 0.455829 0.813580
f 511/5430/511 583/5447/583 687/5448/687
vt 0.457272 0.296574
f 511/5430/511 687/5448/687 512/5449/512
vt 0.577964 0.842693
vt 0.577335 0.325687
vt 0.592786 0.325365
f 513/5450/513 685/5451/685 576/5452/576
vt 0.592786 0.349539
f 513/5450/513 576/5452/576 575/5453/575
vt 0.592786 0.373713
f 513/5450/513 575/5453/575 574/5454/574
vt 0.592786 0.397887
f 513/5450/513 574/5454/574 573/5455/573
vt 0.592786 0.422061
f 513/5450/513 573/5455/573 572/5456/572
vt 0.592786 0.446235
f 513/5450/513 572/5456/572 571/5457/571
vt 0.592786 0.470409
f 513/5450/513 571/5457/571 570/5458/570
vt 0.592786 0.494583
f 513/5450/513 570/5458/570 569/5459/569
vt 0.592786 0.518757
f 513/5450/513 569/5459/569 568/5460/568
vt 0.592786 0.542931
f 513/5450/513 568/5460/568 567/5461/567
vt 0.592786 0.567105
f 513/5450/513 567/5461/567 566/5462/566
vt 0.592786 0.591279
f 513/5450/513 566/5462/566 565/5463/565
vt 0.592786 0.615453
f 513/5450/513 565/5463/565 564/5464/564
vt 0.592786 0.639627
f 513/5450/513 564/5464/564 563/5465/563
vt 0.592786 0.663801
f 513/5450/513 563/5465/563 578/5466/578
vt 0.592786 0.687975
f 513/5450/513 578/5466/578 580/5467/580
vt 0.592786 0.712149
f 513/5450/513 580/5467/580 579/5468/579
vt 0.592793 0.842693
f 513/5450/513 579/5468/579 499/5469/499
vt 0.510154 0.491713
vt 0.476355 0.491713
vt 0.476355 0.525518
f 525/5470/525 517/5471/517 695/5472/695
vt 0.543953 0.525518
f 525/5470/525 695/5472/695 692/5473/692
vt 0.543953 0.491713
f 525/5470/525 692/5473/692 516/5474/516
vt 0.523769 0.929897
vt 0.511097 0.932361
vt 0.504052 0.929897
f 668/5475/668 684/5476/684 669/5477/669
vt 0.498236 0.955089
f 668/5475/668 669/5477/669 677/5478/677
vt 0.512136 0.955089
f 668/5475/668 677/5478/677 676/5479/676
vt 0.504052 0.929897
vt 0.484336 0.932028
vt 0.464620 0.929897
f 669/5480/669 690/5481/690 670/5482/670
vt 0.470436 0.955089
f 669/5480/669 670/5482/670 678/5483/678
vt 0.498236 0.955089
f 669/5480/669 678/5483/678 677/5484/677
vt 0.464620 0.929897
vt 0.457576 0.932361
vt 0.444904 0.929897
f 670/5485/670 686/5486/686 671/5487/671
vt 0.456536 0.955089
f 670/5485/670 671/5487/671 679/5488/679
vt 0.470436 0.955089
f 670/5485/670 679/5488/679 678/5489/678
vt 0.374433 0.330941
vt 0.372452 0.312880
vt 0.374433 0.301478
f 672/5490/672 688/5491/688 673/5492/673
vt 0.357574 0.310204
f 672/5490/672 673/5492/673 681/5493/681
vt 0.357574 0.330975
f 672/5490/672 681/5493/681 680/5494/680
vt 0.490438 0.100769
vt 0.510154 0.098386
vt 0.529870 0.100769
f 673/5495/673 689/5496/689 674/5497/674
vt 0.524054 0.075577
f 673/5495/673 674/5497/674 682/5498/682
vt 0.496254 0.075577
f 673/5495/673 682/5498/682 681/5499/681
vt 0.430860 0.481984
vt 0.444759 0.461213
vt 0.438943 0.452487
f 675/5500/675 682/5501/682 674/5502/674
vt 0.429144 0.463889
f 675/5500/675 674/5502/674 683/5503/683
vt 0.419227 0.481949
f 675/5500/675 683/5503/683 667/5504/667
vt 0.496354 0.400218
vt 0.496354 0.489559
vt 0.518772 0.494075
f 703/5505/703 707/5506/707 706/5507/706
vt 0.541190 0.489559
f 703/5505/703 706/5507/706 705/5508/705
vt 0.541190 0.400218
f 703/5505/703 705/5508/705 704/5509/704
vt 0.492579 0.189553
vt 0.476355 0.309549
vt 0.474570 0.321748
f 709/5510/709 725/5511/725 724/5512/724
vt 0.474582 0.397288
f 709/5510/709 724/5512/724 721/5513/721
vt 0.476355 0.402950
f 709/5510/709 721/5513/721 722/5514/722
vt 0.500691 0.491713
f 709/5510/709 722/5514/722 720/5515/720
vt 0.510154 0.496925
f 709/5510/709 720/5515/720 726/5516/726
vt 0.510154 0.052146
f 709/5510/709 726/5516/726 729/5517/729
vt 0.500691 0.057358
f 709/5510/709 729/5517/729 708/5518/708
vt 0.543953 0.402950
vt 0.545726 0.397288
vt 0.545738 0.321748
f 713/5519/713 712/5520/712 715/5521/715
vt 0.543953 0.309549
f 713/5519/713 715/5521/715 716/5522/716
vt 0.527730 0.189553
f 713/5519/713 716/5522/716 717/5523/717
vt 0.519618 0.057358
f 713/5519/713 717/5523/717 718/5524/718
vt 0.510154 0.052146
f 713/5519/713 718/5524/718 729/5525/729
vt 0.510154 0.496925
f 713/5519/713 729/5525/729 726/5526/726
vt 0.519618 0.491713
f 713/5519/713 726/5526/726 711/5527/711
vt 0.527998 0.282423
vt 0.528069 0.284475
vt 0.531717 0.289211
f 731/5528/731 734/5529/734 735/5530/735
vt 0.581266 0.289211
f 731/5528/731 735/5530/735 738/5531/738
vt 0.584176 0.284535
f 731/5528/731 738/5531/738 739/5532/739
vt 0.583909 0.282363
f 731/5528/731 739/5532/739 743/5533/743
vt 0.579849 0.277687
f 731/5528/731 743/5533/743 742/5534/742
vt 0.531321 0.277687
f 731/5528/731 742/5534/742 730/5535/730
vt 0.531480 0.227013
vt 0.446867 0.229033
vt 0.442164 0.233960
f 732/5536/732 740/5537/740 741/5538/741
vt 0.439203 0.245711
f 732/5536/732 741/5538/741 745/5539/745
vt 0.441456 0.250398
f 732/5536/732 745/5539/745 744/5540/744
vt 0.530404 0.246351
f 732/5536/732 744/5540/744 737/5541/737
vt 0.534169 0.241034
f 732/5536/732 737/5541/737 736/5542/736
vt 0.534672 0.232089
f 732/5536/732 736/5542/736 733/5543/733
vt 0.544786 0.169239
vt 0.496258 0.169240
vt 0.492198 0.173916
f 746/5544/746 756/5545/756 757/5546/757
vt 0.491931 0.176087
f 746/5544/746 757/5546/757 755/5547/755
vt 0.494841 0.180763
f 746/5544/746 755/5547/755 754/5548/754
vt 0.544390 0.180763
f 746/5544/746 754/5548/754 749/5549/749
vt 0.548038 0.176027
f 746/5544/746 749/5549/749 748/5550/748
vt 0.548109 0.173976
f 746/5544/746 748/5550/748 747/5551/747
vt 0.784182 0.338131
vt 0.787438 0.494573
vt 0.890417 0.376646
f 843/5552/843 847/5553/847 845/5554/845
vt 0.901170 0.300519
f 843/5552/843 845/5554/845 850/5555/850
vt 0.785865 0.335652
f 843/5552/843 850/5555/850 842/5556/842
vt 0.723705 0.443029
vt 0.722284 0.446861
vt 0.724520 0.450310
f 883/5557/883 929/5558/929 931/5559/931
vt 0.749645 0.431041
f 883/5557/883 931/5559/931 892/5560/892
vt 0.747164 0.422885
f 883/5557/883 892/5560/892 884/5561/884
vt 0.790032 0.488743
vt 0.790032 0.496899
vt 0.846104 0.468920
f 884/5562/884 892/5563/892 921/5564/921
vt 0.850689 0.459121
f 884/5562/884 921/5564/921 922/5565/922
vt 0.850684 0.458479
f 884/5562/884 922/5565/922 886/5566/886
vt 0.703725 0.377345
vt 0.700859 0.376426
vt 0.697745 0.382206
f 887/5567/887 928/5568/928 926/5569/926
vt 0.717323 0.446566
f 887/5567/887 926/5569/926 930/5570/930
vt 0.722284 0.446861
f 887/5567/887 930/5570/930 929/5571/929
vt 0.723705 0.443029
f 887/5567/887 929/5571/929 883/5572/883
vt 0.850684 0.410259
vt 0.850684 0.409614
vt 0.846104 0.403597
f 889/5573/889 923/5574/923 925/5575/925
vt 0.790032 0.421881
f 889/5573/889 925/5575/925 891/5576/891
vt 0.790032 0.430037
f 889/5573/889 891/5576/891 890/5577/890
vt 0.729307 0.364179
vt 0.726826 0.356023
vt 0.700589 0.371641
f 890/5578/890 891/5579/891 927/5580/927
vt 0.700859 0.376426
f 890/5578/890 927/5580/927 928/5581/928
vt 0.703725 0.377345
f 890/5578/890 928/5581/928 887/5582/887
vt 0.219168 0.199055
vt 0.244293 0.199180
vt 0.245181 0.300105
f 892/5583/892 931/5584/931 951/5585/951
vt 0.245725 0.361990
f 892/5583/892 951/5585/951 950/5586/950
vt 0.258272 0.422597
f 892/5583/892 950/5586/950 949/5587/949
vt 0.259047 0.510744
f 892/5583/892 949/5587/949 948/5588/948
vt 0.248156 0.568116
f 892/5583/892 948/5588/948 947/5589/947
vt 0.230171 0.598689
f 892/5583/892 947/5589/947 946/5590/946
vt 0.218692 0.703596
f 892/5583/892 946/5590/946 908/5591/908
vt 0.198479 0.703495
f 892/5583/892 908/5591/908 910/5592/910
vt 0.190961 0.539807
f 892/5583/892 910/5592/910 945/5593/945
vt 0.178665 0.499623
f 892/5583/892 945/5593/945 944/5594/944
vt 0.178268 0.454529
f 892/5583/892 944/5594/944 943/5595/943
vt 0.190106 0.434407
f 892/5583/892 943/5595/943 942/5596/942
vt 0.186587 0.282844
f 892/5583/892 942/5596/942 921/5597/921
vt 0.241040 0.328037
vt 0.219934 0.315472
vt 0.212520 0.319930
f 905/5598/905 911/5599/911 912/5600/912
vt 0.204469 0.346396
f 905/5598/905 912/5600/912 909/5601/909
vt 0.207096 0.357675
f 905/5598/905 909/5601/909 910/5602/910
vt 0.227310 0.373176
f 905/5598/905 910/5602/910 908/5603/908
vt 0.234507 0.369432
f 905/5598/905 908/5603/908 907/5604/907
vt 0.243885 0.338601
f 905/5598/905 907/5604/907 906/5605/906
vt 0.206457 0.282844
vt 0.207408 0.434407
vt 0.194685 0.454529
f 925/5606/925 941/5607/941 940/5608/940
vt 0.194288 0.499623
f 925/5606/925 940/5608/940 939/5609/939
vt 0.206406 0.539807
f 925/5606/925 939/5609/939 938/5610/938
vt 0.211316 0.703495
f 925/5606/925 938/5610/938 911/5611/911
vt 0.232422 0.703596
f 925/5606/925 911/5611/911 905/5612/905
vt 0.246296 0.598689
f 925/5606/925 905/5612/905 937/5613/937
vt 0.265627 0.568116
f 925/5606/925 937/5613/937 936/5614/936
vt 0.278031 0.510744
f 925/5606/925 936/5614/936 935/5615/935
vt 0.278806 0.422597
f 925/5606/925 935/5615/935 934/5616/934
vt 0.266792 0.361990
f 925/5606/925 934/5616/934 933/5617/933
vt 0.267336 0.300105
f 925/5606/925 933/5617/933 932/5618/932
vt 0.268224 0.199180
f 925/5606/925 932/5618/932 927/5619/927
vt 0.241988 0.199055
f 925/5606/925 927/5619/927 891/5620/891
vt 0.375976 0.583742
vt 0.378540 0.581619
vt 0.378343 0.574204
f 1025/5621/1025 1071/5622/1071 1073/5623/1073
vt 0.335273 0.544950
f 1025/5621/1025 1073/5623/1073 1070/5624/1070
vt 0.331405 0.549602
f 1025/5621/1025 1070/5624/1070 1069/5625/1069
vt 0.332020 0.553885
f 1025/5621/1025 1069/5625/1069 1029/5626/1029
vt 0.362495 0.618797
vt 0.367954 0.622504
vt 0.380848 0.584959
f 1027/5627/1027 1034/5628/1034 1072/5629/1072
vt 0.378540 0.581619
f 1027/5627/1027 1072/5629/1072 1071/5630/1071
vt 0.375976 0.583742
f 1027/5627/1027 1071/5630/1071 1025/5631/1025
vt 0.592159 0.185794
vt 0.591729 0.185789
vt 0.585172 0.192638
f 1028/5632/1028 1063/5633/1063 1064/5634/1064
vt 0.566448 0.276427
f 1028/5632/1028 1064/5634/1064 1034/5635/1034
vt 0.571906 0.276427
f 1028/5632/1028 1034/5635/1034 1027/5636/1027
vt 0.332020 0.553885
vt 0.331405 0.549602
vt 0.328203 0.549200
f 1029/5637/1029 1069/5638/1069 1068/5639/1068
vt 0.317751 0.588405
f 1029/5637/1029 1068/5639/1068 1033/5640/1033
vt 0.323209 0.592112
f 1029/5637/1029 1033/5640/1033 1032/5641/1032
vt 0.611192 0.276427
vt 0.616650 0.276427
vt 0.628886 0.192638
f 1032/5642/1032 1033/5643/1033 1065/5644/1065
vt 0.624859 0.185793
f 1032/5642/1032 1065/5644/1065 1066/5645/1066
vt 0.624428 0.185794
f 1032/5642/1032 1066/5645/1066 1031/5646/1031
vt 0.244194 0.335535
vt 0.244278 0.296330
vt 0.311817 0.297656
f 1033/5647/1033 1068/5648/1068 1093/5649/1093
vt 0.353231 0.298469
f 1033/5647/1033 1093/5649/1093 1092/5650/1092
vt 0.393790 0.280516
f 1033/5647/1033 1092/5650/1092 1091/5651/1091
vt 0.452778 0.281674
f 1033/5647/1033 1091/5651/1091 1090/5652/1090
vt 0.491172 0.300210
f 1033/5647/1033 1090/5652/1090 1089/5653/1089
vt 0.511631 0.329097
f 1033/5647/1033 1089/5653/1089 1088/5654/1088
vt 0.581836 0.349827
f 1033/5647/1033 1088/5654/1088 1048/5655/1048
vt 0.581770 0.381367
f 1033/5647/1033 1048/5655/1048 1053/5656/1053
vt 0.472228 0.388703
f 1033/5647/1033 1053/5656/1053 1087/5657/1087
vt 0.445337 0.406812
f 1033/5647/1033 1087/5657/1087 1086/5658/1086
vt 0.415160 0.406219
f 1033/5647/1033 1086/5658/1086 1085/5659/1085
vt 0.401693 0.387207
f 1033/5647/1033 1085/5659/1085 1084/5660/1084
vt 0.300266 0.388628
f 1033/5647/1033 1084/5660/1084 1065/5661/1065
vt 0.644895 0.558932
vt 0.624262 0.572946
vt 0.621757 0.583701
f 1047/5662/1047 1050/5663/1050 1049/5664/1049
vt 0.632131 0.613905
f 1047/5662/1047 1049/5664/1049 1051/5665/1051
vt 0.639678 0.617832
f 1047/5662/1047 1051/5665/1051 1052/5666/1052
vt 0.657390 0.605802
f 1047/5662/1047 1052/5666/1052 1054/5667/1054
vt 0.660373 0.594723
f 1047/5662/1047 1054/5667/1054 1053/5668/1053
vt 0.651965 0.563183
f 1047/5662/1047 1053/5668/1053 1048/5669/1048
vt 0.300266 0.418321
vt 0.401693 0.413062
vt 0.415160 0.430750
f 1064/5670/1064 1083/5671/1083 1082/5672/1082
vt 0.445337 0.430158
f 1064/5670/1064 1082/5672/1082 1081/5673/1081
vt 0.472228 0.411784
f 1064/5670/1064 1081/5673/1081 1080/5674/1080
vt 0.581770 0.400550
f 1064/5670/1064 1080/5674/1080 1051/5675/1051
vt 0.581836 0.370346
f 1064/5670/1064 1051/5675/1051 1049/5676/1049
vt 0.511631 0.353192
f 1064/5670/1064 1049/5676/1049 1079/5677/1079
vt 0.491172 0.326317
f 1064/5670/1064 1079/5677/1079 1078/5678/1078
vt 0.452778 0.310042
f 1064/5670/1064 1078/5678/1078 1077/5679/1077
vt 0.393790 0.311200
f 1064/5670/1064 1077/5679/1077 1076/5680/1076
vt 0.353231 0.329950
f 1064/5670/1064 1076/5680/1076 1075/5681/1075
vt 0.311817 0.330763
f 1064/5670/1064 1075/5681/1075 1074/5682/1074
vt 0.244278 0.332089
f 1064/5670/1064 1074/5682/1074 1072/5683/1072
vt 0.244194 0.369634
f 1064/5670/1064 1072/5683/1072 1034/5684/1034
vt 0.385964 0.288661
vt 0.392904 0.284872
vt 0.453682 0.284872
f 1095/5685/1095 1104/5686/1104 1105/5687/1105
vt 0.460322 0.288504
f 1095/5685/1095 1105/5687/1105 1100/5688/1100
vt 0.460322 0.302279
f 1095/5685/1095 1100/5688/1100 1101/5689/1101
vt 0.453682 0.298647
f 1095/5685/1095 1101/5689/1101 1103/5690/1103
vt 0.392904 0.298647
f 1095/5685/1095 1103/5690/1103 1102/5691/1102
vt 0.385964 0.302436
f 1095/5685/1095 1102/5691/1102 1097/5692/1097
vt 0.385964 0.302436
vt 0.392904 0.298647
vt 0.453682 0.298647
f 1109/5693/1109 1114/5694/1114 1115/5695/1115
vt 0.460322 0.302279
f 1109/5693/1109 1115/5695/1115 1113/5696/1113
vt 0.460322 0.288504
f 1109/5693/1109 1113/5696/1113 1111/5697/1111
vt 0.453682 0.284872
f 1109/5693/1109 1111/5697/1111 1117/5698/1117
vt 0.392904 0.284872
f 1109/5693/1109 1117/5698/1117 1116/5699/1116
vt 0.385964 0.288661
f 1109/5693/1109 1116/5699/1116 1108/5700/1108
vt 0.541342 0.583742
vt 0.538778 0.581619
vt 0.536470 0.584959
f 1274/5701/1274 1320/5702/1320 1322/5703/1322
vt 0.549365 0.622504
f 1274/5701/1274 1322/5703/1322 1283/5704/1283
vt 0.554823 0.618797
f 1274/5701/1274 1283/5704/1283 1275/5705/1275
vt 0.379578 0.276427
vt 0.385036 0.276427
vt 0.366312 0.192638
f 1275/5706/1275 1283/5707/1283 1312/5708/1312
vt 0.359755 0.185786
f 1275/5706/1275 1312/5708/1312 1313/5709/1313
vt 0.359325 0.185794
f 1275/5706/1275 1313/5709/1313 1277/5710/1277
vt 0.585299 0.553885
vt 0.585914 0.549602
vt 0.582046 0.544950
f 1278/5711/1278 1319/5712/1319 1317/5713/1317
vt 0.538976 0.574204
f 1278/5711/1278 1317/5713/1317 1321/5714/1321
vt 0.538778 0.581619
f 1278/5711/1278 1321/5714/1321 1320/5715/1320
vt 0.541342 0.583742
f 1278/5711/1278 1320/5715/1320 1274/5716/1274
vt 0.327056 0.185794
vt 0.326625 0.185793
vt 0.322598 0.192638
f 1280/5717/1280 1316/5718/1316 1314/5719/1314
vt 0.334834 0.276427
f 1280/5717/1280 1314/5719/1314 1282/5720/1282
vt 0.340292 0.276427
f 1280/5717/1280 1282/5720/1282 1281/5721/1281
vt 0.594109 0.592112
vt 0.599567 0.588405
vt 0.589116 0.549200
f 1281/5722/1281 1282/5723/1282 1318/5724/1318
vt 0.585914 0.549602
f 1281/5722/1281 1318/5724/1318 1319/5725/1319
vt 0.585299 0.553885
f 1281/5722/1281 1319/5725/1319 1278/5726/1278
vt 0.244194 0.369634
vt 0.244278 0.332089
vt 0.311817 0.330763
f 1283/5727/1283 1322/5728/1322 1342/5729/1342
vt 0.353231 0.329950
f 1283/5727/1283 1342/5729/1342 1341/5730/1341
vt 0.393790 0.311200
f 1283/5727/1283 1341/5730/1341 1340/5731/1340
vt 0.452778 0.310042
f 1283/5727/1283 1340/5731/1340 1339/5732/1339
vt 0.491172 0.326317
f 1283/5727/1283 1339/5732/1339 1338/5733/1338
vt 0.511631 0.353192
f 1283/5727/1283 1338/5733/1338 1337/5734/1337
vt 0.581836 0.370346
f 1283/5727/1283 1337/5734/1337 1299/5735/1299
vt 0.581770 0.400550
f 1283/5727/1283 1299/5735/1299 1301/5736/1301
vt 0.472228 0.411784
f 1283/5727/1283 1301/5736/1301 1326/5737/1326
vt 0.445337 0.430158
f 1283/5727/1283 1326/5737/1326 1325/5738/1325
vt 0.415160 0.430750
f 1283/5727/1283 1325/5738/1325 1324/5739/1324
vt 0.401693 0.413062
f 1283/5727/1283 1324/5739/1324 1323/5740/1323
vt 0.300266 0.418321
f 1283/5727/1283 1323/5740/1323 1312/5741/1312
vt 0.385579 0.563183
vt 0.377171 0.594723
vt 0.380154 0.605802
f 1296/5742/1296 1302/5743/1302 1303/5744/1303
vt 0.397866 0.617832
f 1296/5742/1296 1303/5744/1303 1300/5745/1300
vt 0.405413 0.613905
f 1296/5742/1296 1300/5745/1300 1301/5746/1301
vt 0.415787 0.583701
f 1296/5742/1296 1301/5746/1301 1299/5747/1299
vt 0.413281 0.572946
f 1296/5742/1296 1299/5747/1299 1298/5748/1298
vt 0.392649 0.558932
f 1296/5742/1296 1298/5748/1298 1297/5749/1297
vt 0.300266 0.388628
vt 0.401693 0.387207
vt 0.415160 0.406219
f 1314/5750/1314 1330/5751/1330 1329/5752/1329
vt 0.445337 0.406812
f 1314/5750/1314 1329/5752/1329 1328/5753/1328
vt 0.472228 0.388703
f 1314/5750/1314 1328/5753/1328 1327/5754/1327
vt 0.581770 0.381367
f 1314/5750/1314 1327/5754/1327 1302/5755/1302
vt 0.581836 0.349827
f 1314/5750/1314 1302/5755/1302 1296/5756/1296
vt 0.511631 0.329097
f 1314/5750/1314 1296/5756/1296 1336/5757/1336
vt 0.491172 0.300210
f 1314/5750/1314 1336/5757/1336 1335/5758/1335
vt 0.452778 0.281674
f 1314/5750/1314 1335/5758/1335 1334/5759/1334
vt 0.393790 0.280516
f 1314/5750/1314 1334/5759/1334 1333/5760/1333
vt 0.353231 0.298469
f 1314/5750/1314 1333/5760/1333 1332/5761/1332
vt 0.311817 0.297656
f 1314/5750/1314 1332/5761/1332 1331/5762/1331
vt 0.244278 0.296330
f 1314/5750/1314 1331/5762/1331 1318/5763/1318
vt 0.244194 0.335535
f 1314/5750/1314 1318/5763/1318 1282/5764/1282
