mtllib koala.mtl
usemtl tex0_0
v 0.086077 0.106575 5.349480
vn 0.137035 0.675762 -0.724270
v 0.083756 -2.259903 4.305060
vn 0.024362 -0.312253 -0.949687
v 0.685473 -2.252523 4.489530
vn 0.718264 -0.200938 -0.666124
v 0.527271 -0.061965 5.442060
vn 0.725070 0.295648 -0.621986
v 0.685473 -2.252523 4.489530
vn 0.718264 -0.200938 -0.666124
v 0.431073 -3.786882 7.175880
vn 0.390691 -0.897309 -0.205421
v 0.753663 -3.545466 7.016640
vn 0.907515 -0.333287 0.255609
v 0.685473 -2.252523 4.489530
vn 0.718264 -0.200938 -0.666124
v 0.917607 -1.732315 6.370410
vn 0.994302 -0.039038 -0.099192
v 0.527271 -0.061965 5.442060
vn 0.725070 0.295648 -0.621986
v 0.527271 -0.061965 5.442060
vn 0.725070 0.295648 -0.621986
v 1.126995 -0.406236 5.502720
vn -0.877956 -0.369090 0.304903
v 0.917607 -1.732315 6.370410
vn 0.994302 -0.039038 -0.099192
v 0.753663 -3.545466 7.016640
vn 0.907515 -0.333287 0.255609
v 0.431073 -3.786882 7.175880
vn 0.390691 -0.897309 -0.205421
v 0.041323 -3.875412 7.045110
vn -0.068463 -0.968599 -0.239017
v -0.397926 -3.774600 7.196250
vn -0.685711 -0.647478 -0.332526
v -0.693408 -3.545247 7.016790
vn 0.924867 0.380067 0.013069
v -0.857331 -1.732303 6.370710
vn -0.981819 -0.179855 -0.060700
v -1.066722 -0.406521 5.503050
vn -0.898892 0.437988 -0.012657
v -0.465789 -0.066834 5.444310
vn -0.328685 0.644447 -0.690401
v -1.066722 -0.406521 5.503050
vn -0.898892 0.437988 -0.012657
v -0.857331 -1.732303 6.370710
vn -0.981819 -0.179855 -0.060700
v -0.641961 -2.251908 4.504920
vn -0.694906 -0.306049 -0.650723
v -0.465789 -0.066834 5.444310
vn -0.328685 0.644447 -0.690401
v -0.641961 -2.251908 4.504920
vn -0.694906 -0.306049 -0.650723
v -0.397926 -3.774600 7.196250
vn -0.685711 -0.647478 -0.332526
v 0.041323 -3.875412 7.045110
vn -0.068463 -0.968599 -0.239017
v -0.641961 -2.251908 4.504920
vn -0.694906 -0.306049 -0.650723
v -0.465789 -0.066834 5.444310
vn -0.328685 0.644447 -0.690401
v -0.857331 -1.732303 6.370710
vn -0.981819 -0.179855 -0.060700
v -0.397926 -3.774600 7.196250
vn -0.685711 -0.647478 -0.332526
v -0.641961 -2.251908 4.504920
vn -0.694906 -0.306049 -0.650723
v -0.693408 -3.545247 7.016790
vn 0.924867 0.380067 0.013069
v 0.083756 -2.259903 4.305060
vn 0.024362 -0.312253 -0.949687
v 0.431073 -3.786882 7.175880
vn 0.390691 -0.897309 -0.205421
v 0.685473 -2.252523 4.489530
vn 0.718264 -0.200938 -0.666124
v 0.917607 -1.732315 6.370410
vn 0.994302 -0.039038 -0.099192
v 1.126995 -0.406236 5.502720
vn -0.877956 -0.369090 0.304903
v 4.705425 -0.836580 -1.023342
vn 0.515126 -0.347074 0.783699
v 4.705215 -2.999241 -1.023561
vn 0.446005 0.588996 0.673917
v 4.144635 -1.917219 -0.342228
vn 0.998029 -0.000112 0.062753
v 4.144725 -0.835890 -0.342117
vn 0.607206 -0.790220 -0.082782
v 4.144725 -0.835890 -0.342117
vn 0.607206 -0.790220 -0.082782
v 6.300555 -0.857325 -0.452346
vn -0.033127 -0.880284 -0.473290
v 8.456385 -0.878763 -0.562575
vn -0.467476 -0.681934 -0.562523
v 8.907675 -0.877662 -0.813984
vn -0.635335 -0.614892 -0.467180
v -4.084455 -0.835857 -0.341837
vn -0.895744 -0.151289 -0.418036
v -6.175545 -0.866607 -0.452250
vn -0.067964 0.992248 -0.104038
v -4.574715 -0.812856 -1.023480
vn -0.097327 0.982716 -0.157472
v -4.084365 -1.917189 -0.341946
vn -0.997887 -0.000104 0.064977
v -4.645515 -0.836541 -1.023480
vn -0.515284 -0.347012 0.783623
v -4.084455 -0.835857 -0.341837
vn -0.895744 -0.151289 -0.418036
v -4.645305 -2.999202 -1.023699
vn -0.446107 0.588994 0.673851
v -4.084275 -2.998518 -0.342055
vn -0.618379 0.782461 -0.073234
v -4.645515 -0.836541 -1.023480
vn -0.515284 -0.347012 0.783623
v -8.908155 -0.877704 -0.813741
vn 0.635090 -0.615097 -0.467243
v -8.457465 -0.878796 -0.562665
vn 0.468404 -0.682223 -0.561400
v -6.270945 -0.857328 -0.452250
vn 0.032633 -0.881353 -0.471330
v -6.270765 -3.019989 -0.452468
vn 0.005978 0.955476 -0.295008
v -8.907975 -3.040365 -0.813960
vn 0.426860 0.851674 -0.304043
v -8.457345 -1.960126 -0.562773
vn 0.610217 0.000128 -0.792234
v -8.908155 -0.877704 -0.813741
vn 0.635090 -0.615097 -0.467243
v -8.457255 -3.041457 -0.562881
vn 0.460572 0.691261 -0.556805
v -8.457465 -0.878796 -0.562665
vn 0.468404 -0.682223 -0.561400
v 8.907675 -0.877662 -0.813984
vn -0.635335 -0.614892 -0.467180
v 8.456295 -1.960094 -0.562686
vn -0.608936 0.000129 -0.793220
v 8.907495 -3.040323 -0.814203
vn -0.427007 0.851663 -0.303867
v 8.456385 -0.878763 -0.562575
vn -0.467476 -0.681934 -0.562523
v 6.300345 -3.019986 -0.452567
vn -0.006125 0.955048 -0.296389
v 8.456175 -3.041424 -0.562797
vn -0.459528 0.691081 -0.557890
v 4.144515 -2.998548 -0.342338
vn 0.617440 0.783030 -0.075052
v -0.634284 -1.674195 -1.473348
vn 0.457317 -0.042518 0.888287
v -1.422621 -1.251978 -1.403625
vn 0.583720 -0.385635 0.714532
v -0.634284 -1.252785 -1.399044
vn 0.670349 -0.627553 0.395993
v -1.422693 -1.674195 -1.477941
vn 0.515541 0.000087 0.856865
v -0.634284 -1.252785 -1.399044
vn 0.670349 -0.627553 0.395993
v -1.422621 -1.251978 -1.403625
vn 0.583720 -0.385635 0.714532
v -1.639347 -1.391152 -1.020786
vn 0.952939 -0.284636 0.104351
v -1.770222 -1.532234 -0.632223
vn 0.751114 -0.549066 -0.366543
v -1.770228 -1.674195 -0.657198
vn 0.970503 -0.236478 0.046925
v -1.770228 -1.816464 -0.632112
vn 0.969639 -0.222406 -0.101667
v -1.770228 -1.941573 -0.559878
vn 0.978915 -0.131342 -0.156445
v -1.770228 -2.034432 -0.449213
vn 0.969649 -0.061585 -0.236617
v -1.770228 -2.083842 -0.313461
vn 0.944362 -0.024474 -0.327996
v -1.770228 -2.083842 -0.168997
vn 0.751107 -0.265781 -0.604317
v -1.639383 -2.490948 -0.097214
vn 0.920363 0.069518 -0.384837
v -1.422693 -2.892117 -0.026477
vn 0.611460 0.582254 -0.535815
v -0.634284 -2.887596 -0.027274
vn 0.670486 0.498850 -0.549179
v -0.492900 -3.280401 0.041989
vn 0.921906 0.060822 -0.382609
v -0.312621 -3.663306 0.109503
vn 0.636805 0.551190 -0.539138
v 0.372654 -3.663306 0.109506
vn -0.636805 0.551190 -0.539138
v 0.552933 -3.280401 0.041989
vn -0.921906 0.060822 -0.382609
v 0.694317 -2.887596 -0.027274
vn -0.670486 0.498850 -0.549179
v 1.482726 -2.892117 -0.026477
vn -0.611439 0.582280 -0.535810
v 1.699440 -2.490951 -0.097213
vn -0.920361 0.069531 -0.384840
v 1.830276 -2.083845 -0.168997
vn -0.751106 -0.265794 -0.604312
v 1.830276 -2.083845 -0.313461
vn -0.944361 -0.024493 -0.327997
v 1.830276 -2.034435 -0.449213
vn -0.969646 -0.061602 -0.236625
v 1.830276 -1.941574 -0.559878
vn -0.978911 -0.131354 -0.156460
v 1.830276 -1.816464 -0.632112
vn -0.969635 -0.222412 -0.101686
v 1.830276 -1.674195 -0.657198
vn -0.944342 -0.318834 -0.081008
v 1.830258 -1.532234 -0.632223
vn -0.927606 -0.364990 -0.079562
v 1.699383 -1.391152 -1.020786
vn -0.920317 -0.391169 0.001727
v 1.482654 -1.251978 -1.403625
vn -0.611368 -0.628724 0.480558
v 0.694317 -1.252785 -1.399044
vn -0.446780 -0.504175 0.739050
v 0.552933 -1.116366 -1.773855
vn -0.921879 -0.387424 -0.006474
v 0.372654 -0.983385 -2.139216
vn -0.636733 -0.626702 0.449240
v -0.312621 -0.983385 -2.139216
vn 0.636733 -0.626702 0.449240
v -1.639383 -1.674195 -1.070580
vn 0.914621 -0.016600 0.403972
v -1.639347 -1.391152 -1.020786
vn 0.952939 -0.284636 0.104351
v 0.694317 -1.252785 -1.399044
vn -0.446780 -0.504175 0.739050
v 1.482726 -1.674195 -1.477938
vn -0.408374 -0.040629 0.911910
v 0.694317 -1.674195 -1.473348
vn -0.578581 -0.000000 0.815625
v 1.482654 -1.251978 -1.403625
vn -0.611368 -0.628724 0.480558
v 1.778367 -3.743904 -0.102431
vn -0.340033 0.933532 0.113563
v 1.261512 -3.543534 2.299893
vn -0.258114 0.951099 0.169673
v 0.680079 -3.682713 0.050453
vn -0.237651 0.960731 0.143242
v -1.718334 -3.743904 -0.102431
vn 0.193386 0.979192 0.061526
v -1.201476 -3.543534 2.299893
vn 0.326575 0.902274 0.281515
v -2.211456 -2.331099 -0.476319
vn 0.286782 -0.734860 0.614604
v -1.718334 -3.743904 -0.102431
vn 0.193386 0.979192 0.061526
v -0.620043 -3.412425 2.222466
vn 0.275716 0.924479 0.263285
v -1.201476 -3.543534 2.299893
vn 0.326575 0.902274 0.281515
v -2.211456 -2.331099 -0.476319
vn 0.286782 -0.734860 0.614604
v 2.875017 -2.555823 1.456995
vn -0.873923 -0.289583 -0.390385
v 2.271492 -2.331099 -0.476319
vn -0.069260 0.838469 0.540531
v -2.814348 -2.553858 1.456866
vn 0.557377 0.770640 -0.308942
v -0.789072 -0.556680 4.654200
vn -0.390016 -0.905505 0.167179
v -2.454063 -2.357931 -0.399778
vn 0.668609 0.583187 0.461363
v -1.049505 -0.583908 4.660740
vn 0.776231 -0.611980 0.151480
v 2.271492 -2.331099 -0.476319
vn -0.069260 0.838469 0.540531
v 1.261512 -3.543534 2.299893
vn -0.258114 0.951099 0.169673
v 1.778367 -3.743904 -0.102431
vn -0.340033 0.933532 0.113563
v 2.271492 -2.331099 -0.476319
vn -0.069260 0.838469 0.540531
v 1.513800 -3.567291 2.335728
vn -0.764888 0.638979 0.081565
v 2.514096 -2.357931 -0.399778
vn -0.756382 -0.516869 0.400916
v 1.240971 -0.234825 6.340110
vn -0.055153 0.834507 -0.548230
v -0.620043 -3.682713 0.050453
vn 0.431664 0.873141 0.226476
v 0.849108 -0.556680 4.654200
vn -0.084367 -0.969299 0.230957
v 0.085042 -0.430914 5.562210
vn -0.004644 0.435776 0.900043
v 0.085042 -0.123930 6.528930
vn -0.061380 0.146194 -0.987350
v 2.514096 -2.357931 -0.399778
vn -0.756382 -0.516869 0.400916
v 1.109541 -0.583908 4.660740
vn -0.786024 -0.602862 0.136833
v 1.147533 -0.430914 5.562210
vn -0.327192 -0.884278 -0.333162
v 0.680079 -3.412425 2.222466
vn -0.421432 0.810176 0.407444
v 0.742560 -4.274772 7.239330
vn -0.474888 0.848433 -0.233758
v 0.504270 -4.238655 7.065030
vn -0.827016 0.345389 -0.443566
v 1.513800 -3.567291 2.335728
vn -0.764888 0.638979 0.081565
v 1.102380 -3.571860 5.953650
vn -0.972183 0.118378 -0.202107
v 0.742560 -4.274772 7.239330
vn -0.474888 0.848433 -0.233758
v 2.514096 -2.357931 -0.399778
vn -0.756382 -0.516869 0.400916
v 1.109541 -0.583908 4.660740
vn -0.786024 -0.602862 0.136833
v 1.188318 -1.826221 6.436140
vn -0.764976 -0.233353 -0.600298
v 1.243191 -0.042774 6.233220
vn -0.588177 -0.760920 -0.273951
v 2.850042 -2.323533 1.434966
vn -0.490438 -0.870382 0.043648
v 3.226485 -2.253666 0.613947
vn -0.591983 0.691216 -0.414459
v -3.165615 -2.251851 0.614241
vn 0.580434 0.565486 -0.585937
v -3.021555 -2.154810 1.002621
vn 0.292516 0.147856 -0.944761
v -2.789403 -2.321574 1.434891
vn 0.258188 -0.959727 -0.110737
v -1.321851 -0.509241 5.496030
vn 0.616378 -0.784862 -0.063795
v -1.049505 -0.583908 4.660740
vn 0.776231 -0.611980 0.151480
v -1.133820 -1.826806 6.436380
vn 0.826539 -0.204082 -0.524579
v -1.321851 -0.509241 5.496030
vn 0.616378 -0.784862 -0.063795
v -1.182510 -0.234825 6.340110
vn 0.475897 0.411728 -0.777176
v -1.087497 -0.430914 5.562210
vn 0.311119 -0.817865 -0.484047
v -1.184727 -0.042753 6.233250
vn 0.034154 -0.876679 0.479861
v 0.085042 0.072066 6.419850
vn 0.106277 -0.992910 0.053239
v 0.084911 -0.021735 6.353430
vn -0.000002 -0.999206 0.039834
v -1.087497 -0.430914 5.562210
vn 0.311119 -0.817865 -0.484047
v -1.133820 -1.826806 6.436380
vn 0.826539 -0.204082 -0.524579
v -0.873534 -1.799301 6.424170
vn 0.264073 -0.416542 -0.869919
v -1.087497 -0.430914 5.562210
vn 0.311119 -0.817865 -0.484047
v -0.879015 -0.193410 5.626920
vn 0.329207 -0.487344 -0.808776
v -0.705072 -1.580089 6.483600
vn 0.550541 -0.336667 -0.763911
v -0.670125 -1.406189 6.680670
vn 0.081466 0.111783 -0.990388
v -0.361347 -1.253865 6.904410
vn 0.099376 0.501682 -0.859325
v 0.040157 -1.182291 7.043550
vn -0.000802 0.386991 -0.922083
v 0.393465 -1.241838 6.923910
vn -0.101512 0.501451 -0.859210
v 0.730137 -1.405971 6.681000
vn -0.082936 0.111610 -0.990285
v 0.765108 -1.580089 6.483600
vn -0.506245 -0.080268 -0.858646
v 0.939051 -0.193410 5.626920
vn -0.329211 -0.487344 -0.808775
v 1.147533 -0.430914 5.562210
vn -0.327192 -0.884278 -0.333162
v -1.321851 -0.509241 5.496030
vn 0.616378 -0.784862 -0.063795
v -2.454063 -2.357931 -0.399778
vn 0.668609 0.583187 0.461363
v -2.211456 -2.331099 -0.476319
vn 0.286782 -0.734860 0.614604
v -1.460634 -3.567939 2.336703
vn 0.755448 0.654397 0.032602
v -0.444234 -4.238655 7.065030
vn 0.724523 0.590169 -0.356045
v 0.994155 -0.093165 6.219300
vn -0.040697 -0.874219 0.483823
v 3.082305 -2.156619 1.002249
vn -0.385527 -0.570849 -0.724914
v -3.165615 -2.251851 0.614241
vn 0.580434 0.565486 -0.585937
v 3.577515 -2.474202 0.408378
vn -0.499823 0.491459 -0.713194
v 3.226485 -2.253666 0.613947
vn -0.591983 0.691216 -0.414459
v -3.516495 -2.472276 0.408777
vn 0.196452 0.804365 -0.560717
v -1.044009 2.191995 4.757850
vn 0.247495 0.426419 -0.870008
v -3.516495 -2.472276 0.408777
vn 0.196452 0.804365 -0.560717
v -1.029117 2.020005 4.895520
vn 0.507034 0.008216 -0.861887
v -1.005999 2.030385 4.840980
vn -0.252321 0.852519 -0.457761
v -3.011355 -2.175573 0.926304
vn -0.366154 -0.671274 -0.644456
v -2.759085 -2.364948 1.426845
vn -0.329949 -0.880266 0.340978
v -0.935685 -0.093147 6.219330
vn 0.586280 -0.745620 -0.316743
v 0.085042 0.020643 6.405660
vn -0.100019 -0.990988 0.089099
v 3.577515 -2.474202 0.408378
vn -0.499823 0.491459 -0.713194
v 1.237251 2.561985 4.802730
vn -0.560601 -0.824189 -0.080239
v 1.224945 2.412525 4.963410
vn -0.326009 0.320674 -0.889318
v 3.556395 -2.238852 0.329037
vn 0.046241 0.670285 -0.740662
v 1.224945 2.412525 4.963410
vn -0.326009 0.320674 -0.889318
v 1.237251 2.561985 4.802730
vn -0.560601 -0.824189 -0.080239
v 0.085042 2.577705 5.124030
vn -0.049717 -0.024122 -0.998472
v 0.085042 2.352645 4.914240
vn 0.037931 0.048996 -0.998079
v 1.102470 2.191995 4.757850
vn -0.538675 -0.039251 -0.841599
v 1.102470 2.191995 4.757850
vn -0.538675 -0.039251 -0.841599
v 1.087572 2.020005 4.895520
vn 0.264098 0.850319 -0.455203
v 0.085042 2.177115 5.054730
vn -0.174732 0.508992 -0.842850
v 1.087572 2.020005 4.895520
vn 0.264098 0.850319 -0.455203
v 2.819733 -2.366916 1.426920
vn 0.156282 -0.987188 0.032201
v 3.072105 -2.177388 0.925941
vn 0.812015 0.290125 -0.506418
v 1.064460 2.030385 4.840980
vn -0.468237 0.120661 -0.875326
v 0.085042 2.187705 4.999080
vn 0.156218 0.547035 -0.822404
v -1.029117 2.020005 4.895520
vn 0.507034 0.008216 -0.861887
v 0.085042 2.177115 5.054730
vn -0.174732 0.508992 -0.842850
v 4.042935 -2.323500 0.245844
vn -0.207806 0.508936 -0.835345
v -3.981705 -2.321652 0.246324
vn 0.364461 0.313493 -0.876864
v -3.851745 -2.164599 0.499323
vn -0.366478 0.132140 -0.920996
v -3.495405 -2.236899 0.329481
vn 0.280133 -0.296369 -0.913067
v -1.044009 2.191995 4.757850
vn 0.247495 0.426419 -0.870008
v -1.166484 2.412525 4.963410
vn 0.551634 -0.112521 -0.826462
v -1.166484 2.412525 4.963410
vn 0.551634 -0.112521 -0.826462
v -3.495405 -2.236899 0.329481
vn 0.280133 -0.296369 -0.913067
v -1.178781 2.561985 4.802760
vn -0.096847 -0.576554 0.811299
v 0.085042 2.730225 4.960050
vn 0.124433 -0.911607 0.391777
v -1.178781 2.561985 4.802760
vn -0.096847 -0.576554 0.811299
v 1.210836 2.511825 4.802550
vn 0.094619 -0.579044 0.809787
v 0.085042 2.730225 4.960050
vn 0.124433 -0.911607 0.391777
v 4.042935 -2.323500 0.245844
vn -0.207806 0.508936 -0.835345
v 3.702345 -0.804762 0.582912
vn -0.197083 0.624816 -0.755489
v 3.453615 -0.116787 0.735504
vn -0.522734 -0.338233 -0.782526
v 3.556395 -2.238852 0.329037
vn 0.046241 0.670285 -0.740662
v 3.912885 -2.166408 0.498843
vn -0.240231 0.380331 -0.893106
v 4.344105 -2.575188 0.190062
vn -0.322811 0.667955 -0.670544
v 3.702345 -0.804762 0.582912
vn -0.197083 0.624816 -0.755489
v -4.284075 -2.575188 0.190065
vn 0.430343 0.789181 -0.438177
v -3.642315 -0.804762 0.582918
vn 0.240472 0.573604 -0.783040
v -3.981705 -2.321652 0.246324
vn 0.364461 0.313493 -0.876864
v -3.392655 -0.116040 0.735741
vn 0.376066 -0.103245 -0.920823
v -3.642315 -0.804762 0.582918
vn 0.240472 0.573604 -0.783040
v -3.851745 -2.164599 0.499323
vn -0.366478 0.132140 -0.920996
v -1.290903 4.943115 2.076741
vn 0.457538 -0.341102 -0.821163
v -1.272243 4.936695 2.017716
vn -0.341244 0.636890 -0.691320
v -3.819645 -2.130564 0.460365
vn -0.080504 0.440108 -0.894329
v -3.495405 -2.236899 0.329481
vn 0.280133 -0.296369 -0.913067
v -3.819645 -2.130564 0.460365
vn -0.080504 0.440108 -0.894329
v -3.851745 -2.164599 0.499323
vn -0.366478 0.132140 -0.920996
v -3.430305 -2.221845 0.386046
vn -0.759701 0.613752 0.214854
v -1.152360 2.511825 4.802550
vn 0.315499 -0.874001 -0.369571
v 0.085042 2.679015 4.959870
vn -0.118830 -0.904999 0.408481
v 1.381794 5.053845 1.882845
vn -0.421949 -0.294100 -0.857592
v 1.487349 5.307496 1.939134
vn -0.337363 -0.178217 -0.924351
v 3.453615 -0.116787 0.735504
vn -0.522734 -0.338233 -0.782526
v 9.268935 -0.628365 -1.632912
vn -0.509399 -0.860248 0.022060
v 4.479135 -0.116787 -2.744586
vn -0.539496 0.562607 0.626432
v 1.509315 5.338845 1.719819
vn -0.564023 -0.750800 0.343768
v 3.441945 0.094080 0.562518
vn 0.079486 -0.588941 0.804258
v 8.239365 -0.628365 -0.030488
vn -0.374601 -0.402476 -0.835276
v 3.912885 -2.166408 0.498843
vn -0.240231 0.380331 -0.893106
v 1.349352 4.943115 2.076729
vn 0.363555 0.632572 -0.683871
v 1.381794 5.053845 1.882845
vn -0.421949 -0.294100 -0.857592
v 0.085042 5.160165 2.178159
vn -0.170452 0.204461 -0.963920
v 1.349352 4.943115 2.076729
vn 0.363555 0.632572 -0.683871
v 0.085042 5.273145 1.980297
vn 0.025469 -0.393853 -0.918821
v 3.702345 -0.804762 0.582912
vn -0.197083 0.624816 -0.755489
v 8.239365 -0.628365 -0.030488
vn -0.374601 -0.402476 -0.835276
v 3.453615 -0.116787 0.735504
vn -0.522734 -0.338233 -0.782526
v 8.490135 -0.928857 -0.100891
vn -0.191827 0.915792 -0.352885
v 3.702345 -0.804762 0.582912
vn -0.197083 0.624816 -0.755489
v 6.205605 -0.866604 -0.452346
vn 0.026320 0.999563 0.013458
v 8.490135 -0.928857 -0.100891
vn -0.191827 0.915792 -0.352885
v 3.491295 -2.223774 0.385605
vn -0.030902 -0.026866 -0.999161
v 3.912885 -2.166408 0.498843
vn -0.240231 0.380331 -0.893106
v 3.491295 -2.223774 0.385605
vn -0.030902 -0.026866 -0.999161
v 3.556395 -2.238852 0.329037
vn 0.046241 0.670285 -0.740662
v 1.487349 5.307496 1.939134
vn -0.337363 -0.178217 -0.924351
v 1.509315 5.338845 1.719819
vn -0.564023 -0.750800 0.343768
v 0.085042 5.531055 2.037555
vn -0.035710 -0.558960 -0.828425
v 3.880785 -2.132397 0.459879
vn 0.658231 0.133309 -0.740918
v 1.330701 4.936695 2.017707
vn -0.059078 -0.031115 -0.997768
v 0.085042 5.153595 2.117925
vn 0.137257 0.292958 -0.946222
v -1.290903 4.943115 2.076741
vn 0.457538 -0.341102 -0.821163
v 0.085042 5.160165 2.178159
vn -0.170452 0.204461 -0.963920
v 4.344105 -2.575188 0.190062
vn -0.322811 0.667955 -0.670544
v 4.440285 -0.804762 -1.921272
vn -0.167179 0.935186 0.312216
v 3.702345 -0.804762 0.582912
vn -0.197083 0.624816 -0.755489
v -4.284075 -2.575188 0.190065
vn 0.430343 0.789181 -0.438177
v -4.380255 -0.804762 -1.921272
vn 0.155868 0.919347 0.361257
v -3.346695 -1.951503 -0.553716
vn 0.037986 0.786095 0.616938
v -3.642315 -0.804762 0.582918
vn 0.240472 0.573604 -0.783040
v -4.380255 -0.804762 -1.921272
vn 0.155868 0.919347 0.361257
v -4.284075 -2.575188 0.190065
vn 0.430343 0.789181 -0.438177
v -3.642315 -0.804762 0.582918
vn 0.240472 0.573604 -0.783040
v -4.574715 -0.812856 -1.023480
vn -0.097327 0.982716 -0.157472
v -4.380255 -0.804762 -1.921272
vn 0.155868 0.919347 0.361257
v -4.022175 -0.811092 -0.341837
vn -0.304730 0.674053 -0.672898
v -1.323333 5.053845 1.882848
vn 0.235840 -0.047023 -0.970654
v -1.323333 5.053845 1.882848
vn 0.235840 -0.047023 -0.970654
v -1.427373 5.305545 1.938768
vn 0.544879 -0.519958 -0.657838
v -3.392655 -0.116040 0.735741
vn 0.376066 -0.103245 -0.920823
v -8.490135 -0.928857 -0.100890
vn 0.247483 0.732093 -0.634659
v -3.642315 -0.804762 0.582918
vn 0.240472 0.573604 -0.783040
v -8.239365 -0.628362 -0.030486
vn 0.354671 -0.784101 -0.509308
v -1.427373 5.305545 1.938768
vn 0.544879 -0.519958 -0.657838
v 0.085042 5.563035 1.813743
vn 0.130431 -0.508228 0.851289
v -3.380985 0.094824 0.562755
vn 0.290052 -0.898489 0.329526
v -1.449309 5.336865 1.719447
vn -0.049650 -0.101123 0.993634
v -4.417665 -0.116040 -2.742609
vn 0.886701 0.076952 0.455894
v -3.497475 0.754680 -3.921300
vn 0.119604 0.529327 0.839945
v 3.406725 -1.951501 -0.553719
vn -0.056501 0.785048 0.616852
v 3.557505 0.754683 -3.921300
vn -0.192244 0.456259 0.868833
v 4.479135 -0.116787 -2.744586
vn -0.539496 0.562607 0.626432
v 2.441052 0.773985 -4.246620
vn -0.563284 0.361001 0.743229
v 4.440285 -0.804762 -1.921272
vn -0.167179 0.935186 0.312216
v 4.344105 -2.575188 0.190062
vn -0.322811 0.667955 -0.670544
v 2.338005 -1.148808 -1.853880
vn -0.407323 0.825468 0.390756
v -9.268935 -0.628362 -1.632912
vn 0.792751 0.048202 0.607636
v -4.417665 -0.116040 -2.742609
vn 0.886701 0.076952 0.455894
v -9.231375 -0.928857 -1.254531
vn 0.476285 0.865566 0.154753
v -8.772825 -0.919302 -0.813741
vn -0.059835 0.996705 0.054769
v -4.316385 0.049566 -2.699607
vn -0.736284 -0.676666 0.003154
v -4.336305 0.094824 -2.679093
vn -0.423916 -0.827992 -0.367048
v -1.449309 5.336865 1.719447
vn -0.049650 -0.101123 0.993634
v 0.085042 5.563035 1.813743
vn 0.130431 -0.508228 0.851289
v 0.085042 5.526465 1.840746
vn -0.072698 -0.486772 0.870499
v 1.476417 5.308575 1.748115
vn -0.485284 -0.246414 0.838916
v -3.349365 0.049548 0.581643
vn 0.006104 -0.590643 0.806910
v -1.403019 5.295135 1.743951
vn 0.475660 -0.756868 0.448218
v 4.533225 0.879033 -3.932160
vn -0.827796 0.028749 0.560293
v 1.924614 4.336035 -4.478610
vn -0.082729 0.068191 0.994236
v 4.533225 0.879033 -3.932160
vn -0.827796 0.028749 0.560293
v 4.397775 0.094080 -2.681067
vn -0.077112 -0.966373 -0.245312
v 4.479135 -0.116787 -2.744586
vn -0.539496 0.562607 0.626432
v 4.448445 0.979491 -3.735270
vn -0.033668 -0.703769 -0.709631
v 2.481852 5.294685 -4.630860
vn -0.535358 -0.689485 0.487855
v 1.728150 3.337185 -4.645470
vn -0.230751 -0.237911 0.943479
v 0.071977 4.540635 -4.511580
vn -0.000223 0.007400 0.999973
v 0.071977 5.518935 -4.666950
vn 0.022046 -0.634396 0.772694
v 2.481852 5.294685 -4.630860
vn -0.535358 -0.689485 0.487855
v 2.458020 5.302755 -4.411620
vn 0.284905 0.237851 -0.928577
v 2.481852 5.294685 -4.630860
vn -0.535358 -0.689485 0.487855
v 0.071977 5.527185 -4.443210
vn -0.083498 -0.366922 -0.926497
v 2.458020 5.302755 -4.411620
vn 0.284905 0.237851 -0.928577
v 0.071977 5.518935 -4.666950
vn 0.022046 -0.634396 0.772694
v 4.479135 -0.116787 -2.744586
vn -0.539496 0.562607 0.626432
v 9.231375 -0.928857 -1.254534
vn -0.178860 0.963843 0.197522
v 4.440285 -0.804762 -1.921272
vn -0.167179 0.935186 0.312216
v 3.410325 0.048801 0.581403
vn 0.611040 -0.597660 0.519069
v 4.377855 0.048819 -2.701581
vn 0.423686 -0.828467 -0.366242
v 4.429185 0.952218 -3.777660
vn 0.369605 -0.240481 -0.897530
v 2.442411 5.264775 -4.455120
vn -0.135507 -0.711531 -0.689465
v 0.071977 5.488455 -4.487610
vn 0.108530 -0.348137 -0.931140
v -2.397966 5.302815 -4.411620
vn 0.429915 -0.720809 -0.543698
v 0.071977 5.527185 -4.443210
vn -0.083498 -0.366922 -0.926497
v -2.382354 5.264835 -4.455120
vn -0.278675 0.228335 -0.932847
v -4.471755 0.879279 -3.929580
vn 0.927133 -0.069649 0.368202
v -4.386945 0.979785 -3.732780
vn 0.104061 -0.338789 -0.935090
v -2.397966 5.302815 -4.411620
vn 0.429915 -0.720809 -0.543698
v -2.421819 5.294685 -4.630860
vn 0.243106 -0.196270 0.949936
v -2.421819 5.294685 -4.630860
vn 0.243106 -0.196270 0.949936
v -2.421819 5.294685 -4.630860
vn 0.243106 -0.196270 0.949936
v -4.471755 0.879279 -3.929580
vn 0.927133 -0.069649 0.368202
v -1.864581 4.336035 -4.478610
vn 0.180485 0.030690 0.983099
v -2.277969 -1.148811 -1.853880
vn 0.251552 0.860176 0.443643
v -2.381019 0.773985 -4.246620
vn 0.637693 0.308340 0.705886
v -1.668117 3.337185 -4.645470
vn 0.277681 -0.313982 0.907915
v 0.504270 -4.238655 7.065030
vn -0.827016 0.345389 -0.443566
v 1.250940 -5.113695 3.227160
vn -0.794355 0.479280 0.373217
v 0.537729 -5.137005 7.067790
vn -0.692096 0.485681 -0.533963
v 0.717357 -3.455079 7.239660
vn -0.448682 -0.455725 -0.768765
v -0.620043 -4.246383 2.714970
vn 0.653652 0.606160 0.453111
v -0.254223 -4.633866 0.117228
vn 0.497877 0.800614 0.333370
v -0.254223 -4.634256 2.944020
vn 0.221329 0.822444 0.524022
v -1.190907 -5.113695 3.227160
vn 0.840028 0.471724 0.268010
v -0.677601 -5.563035 3.492540
vn 0.206843 0.839806 0.501938
v -0.378231 -5.533365 6.718380
vn 0.474987 0.828087 -0.297757
v -0.444234 -4.238655 7.065030
vn 0.724523 0.590169 -0.356045
v -2.454063 -2.357931 -0.399778
vn 0.668609 0.583187 0.461363
v -1.460634 -3.567939 2.336703
vn 0.755448 0.654397 0.032602
v -1.042344 -3.571860 5.953650
vn 0.971878 0.119244 -0.203062
v -0.477696 -5.137005 7.067790
vn 0.652100 0.420391 -0.630902
v 0.438267 -5.533365 6.718380
vn -0.401646 0.841415 -0.361527
v 0.737634 -5.563035 3.492540
vn -0.433364 0.808728 0.397686
v -0.682524 -4.274772 7.239330
vn 0.605527 0.720668 -0.337601
v -0.354423 -5.017875 7.186200
vn 0.198918 0.188688 -0.961680
v 0.389844 -4.357053 7.184160
vn -0.198332 -0.208807 -0.957635
v -0.329811 -4.357053 7.184160
vn 0.269683 -0.282748 -0.920502
v 0.414459 -5.017875 7.186200
vn -0.271160 0.258399 -0.927201
v 0.314258 -4.634256 2.944020
vn -0.371568 0.822791 0.430060
v 0.680079 -4.173864 0.063081
vn -0.710001 0.413039 0.570348
v 0.680079 -4.246383 2.714970
vn -0.576613 0.572313 0.583073
v 0.314257 -4.633866 0.117228
vn -0.363948 0.808807 0.461924
v -0.620043 -4.173864 0.063081
vn 0.637884 0.274323 0.719619
v -0.705072 -1.580089 6.483600
vn 0.550541 -0.336667 -0.763911
v -0.693615 -1.671426 6.540030
vn 0.571798 -0.440571 -0.692058
v -0.657321 -3.455079 7.239660
vn 0.341184 -0.445478 -0.827733
v -0.444234 -3.440673 7.062570
vn 0.230804 -0.257493 -0.938311
v -0.657321 -3.455079 7.239660
vn 0.341184 -0.445478 -0.827733
v -0.682524 -4.274772 7.239330
vn 0.605527 0.720668 -0.337601
v -0.300234 -3.174717 7.121250
vn 0.329571 0.277838 -0.902324
v -0.879015 -0.193410 5.626920
vn 0.329207 -0.487344 -0.808776
v 0.045242 -1.295670 6.902610
vn -0.249804 -0.967767 0.032007
v 0.040272 -1.345251 6.864210
vn 0.162793 0.948651 -0.271219
v 1.381887 -0.509241 5.496030
vn -0.612938 -0.642162 -0.460364
v 1.147533 -0.430914 5.562210
vn -0.327192 -0.884278 -0.333162
v 0.765108 -1.580089 6.483600
vn -0.506245 -0.080268 -0.858646
v 0.933570 -1.799301 6.424170
vn -0.441199 -0.352833 -0.825138
v 0.939051 -0.193410 5.626920
vn -0.329211 -0.487344 -0.808775
v 1.381887 -0.509241 5.496030
vn -0.612938 -0.642162 -0.460364
v 0.753651 -1.671426 6.540030
vn -0.494135 -0.024927 -0.869028
v 0.360270 -3.174717 7.121250
vn -0.398142 0.200070 -0.895240
v 1.188318 -1.826221 6.436140
vn -0.764976 -0.233353 -0.600298
v 0.504270 -3.440673 7.062570
vn -0.099447 -0.319033 -0.942512
v 0.040271 -3.170280 7.256280
vn -0.007759 0.560457 -0.828147
v 0.191826 -2.948970 7.452990
vn -0.208414 0.573694 -0.792111
v 0.329331 -3.005670 7.330050
vn -0.148939 0.356187 -0.922468
v 0.717357 -3.455079 7.239660
vn -0.448682 -0.455725 -0.768765
v 1.381887 -0.509241 5.496030
vn -0.612938 -0.642162 -0.460364
v 0.393465 -1.241838 6.923910
vn -0.101512 0.501451 -0.859210
v 0.730137 -1.405971 6.681000
vn -0.082936 0.111610 -0.990285
v 0.045242 -1.438914 6.983610
vn 0.226702 0.520526 -0.823200
v 0.040272 -1.446162 6.921270
vn -0.169302 -0.534405 0.828099
v 0.753651 -1.671426 6.540030
vn -0.494135 -0.024927 -0.869028
v 0.702183 -1.578080 6.776490
vn -0.172279 -0.822367 -0.542247
v 0.383703 -1.421640 7.015620
vn -0.102961 -0.994097 0.034208
v 0.040075 -1.367169 7.136400
vn 0.001924 -0.988293 -0.152554
v -0.335172 -1.428397 7.004010
vn 0.103944 -0.993999 0.034072
v -0.641985 -1.578408 6.775830
vn 0.172715 -0.822074 -0.542554
v -0.693615 -1.671426 6.540030
vn 0.571798 -0.440571 -0.692058
v -0.300234 -3.174717 7.121250
vn 0.329571 0.277838 -0.902324
v -0.269279 -3.005673 7.329450
vn 0.140046 0.357896 -0.923200
v -0.119294 -2.948940 7.453800
vn 0.196292 0.575957 -0.793564
v 0.040097 -3.002076 7.449810
vn -0.005262 0.515037 -0.857152
v 0.191826 -2.948970 7.452990
vn -0.208414 0.573694 -0.792111
v 0.329331 -3.005670 7.330050
vn -0.148939 0.356187 -0.922468
v 1.118406 -1.776719 6.409680
vn -0.373898 0.532873 -0.759109
v -0.119294 -2.948940 7.453800
vn 0.196292 0.575957 -0.793564
v 0.040097 -3.002076 7.449810
vn -0.005262 0.515037 -0.857152
v -1.057494 -1.776277 6.410310
vn -0.189257 0.978608 -0.080672
v -0.641985 -1.578408 6.775830
vn 0.172715 -0.822074 -0.542554
v -0.335172 -1.428397 7.004010
vn 0.103944 -0.993999 0.034072
v 2.441052 0.773985 -4.246620
vn -0.563284 0.361001 0.743229
v 0.940818 1.818435 -5.755200
vn -0.293648 -0.273244 0.916029
v 1.728150 3.337185 -4.645470
vn -0.230751 -0.237911 0.943479
v 4.082415 -0.811170 -0.342117
vn 0.031094 0.999446 0.011854
v 4.634625 -0.812961 -1.023342
vn 0.022926 0.999644 0.013634
v 2.338005 -1.148808 -1.853880
vn -0.407323 0.825468 0.390756
v 1.462887 -0.103548 -5.471670
vn -0.461318 0.401995 0.790940
v 1.390086 -1.352436 -3.723810
vn -0.180400 0.882914 0.433496
v -4.417665 -0.116040 -2.742609
vn 0.886701 0.076952 0.455894
v -8.239365 -0.628362 -0.030486
vn 0.354671 -0.784101 -0.509308
v -3.392655 -0.116040 0.735741
vn 0.376066 -0.103245 -0.920823
v -9.268935 -0.628362 -1.632912
vn 0.792751 0.048202 0.607636
v -4.417665 -0.116040 -2.742609
vn 0.886701 0.076952 0.455894
v -2.381019 0.773985 -4.246620
vn 0.637693 0.308340 0.705886
v -1.330050 -1.352436 -3.723810
vn 0.377539 0.835101 0.400088
v -2.277969 -1.148811 -1.853880
vn 0.251552 0.860176 0.443643
v -1.402854 -0.103548 -5.471670
vn 0.479757 0.421451 0.769553
v -1.668117 3.337185 -4.645470
vn 0.277681 -0.313982 0.907915
v -0.880785 1.818435 -5.755200
vn 0.152873 -0.133714 0.979158
v -0.318024 1.833165 -5.684070
vn 0.651211 -0.272537 0.708271
v -0.880785 1.818435 -5.755200
vn 0.152873 -0.133714 0.979158
v 1.462887 -0.103548 -5.471670
vn -0.461318 0.401995 0.790940
v 0.378057 1.833165 -5.684070
vn -0.738998 -0.067600 0.670308
v 0.940818 1.818435 -5.755200
vn -0.293648 -0.273244 0.916029
v 1.390086 -1.352436 -3.723810
vn -0.180400 0.882914 0.433496
v 0.378057 -0.162483 -5.469120
vn -0.774094 0.392924 0.496377
v 0.378057 -1.069278 -4.120080
vn -0.618569 0.771317 0.149807
v 0.378057 2.943915 -4.932840
vn -0.273274 -0.774867 0.570002
v -0.318024 2.943915 -4.932840
vn 0.647667 -0.648219 0.400425
v -0.318024 2.943915 -4.932840
vn 0.647667 -0.648219 0.400425
v -0.097717 3.311595 -6.734580
vn 0.787171 0.269922 0.554530
v -0.318024 1.833165 -5.684070
vn 0.651211 -0.272537 0.708271
v -1.402854 -0.103548 -5.471670
vn 0.479757 0.421451 0.769553
v -0.318024 -1.069278 -4.120080
vn 0.507870 0.819516 0.265446
v -1.330050 -1.352436 -3.723810
vn 0.377539 0.835101 0.400088
v -0.318024 -0.162483 -5.469120
vn 0.766058 0.267471 0.584477
v -0.097717 1.491195 -7.116870
vn 0.786812 -0.284507 0.547707
v -0.318024 -0.162483 -5.469120
vn 0.766058 0.267471 0.584477
v 0.378057 -0.162483 -5.469120
vn -0.774094 0.392924 0.496377
v 0.157745 1.491195 -7.116870
vn -0.878380 -0.271779 0.393173
v 0.378057 1.833165 -5.684070
vn -0.738998 -0.067600 0.670308
v 0.157745 -0.995538 -7.124760
vn -0.805970 0.555447 0.204674
v -0.318024 -1.069278 -4.120080
vn 0.507870 0.819516 0.265446
v -0.097717 -1.421559 -6.215220
vn 0.860679 0.240438 0.448800
v -0.097716 -2.281953 -4.935240
vn 0.702732 0.562163 -0.436051
v 0.378057 -1.069278 -4.120080
vn -0.618569 0.771317 0.149807
v 0.157745 -1.421560 -6.215220
vn -0.877885 0.291636 0.379824
v 0.157746 -2.281953 -4.935240
vn -0.832189 0.454367 -0.317824
v 0.157745 4.405935 -6.740640
vn -0.729358 -0.617739 -0.293999
v 0.378057 2.943915 -4.932840
vn -0.273274 -0.774867 0.570002
v 0.157745 3.311595 -6.734580
vn -0.675829 0.089303 0.731629
v -0.097717 -0.995538 -7.124760
vn 0.805971 0.555446 0.204673
v 9.268935 -0.628365 -1.632912
vn -0.509399 -0.860248 0.022060
v 8.773275 -0.919188 -0.813984
vn 0.026864 0.999396 0.022046
v -8.490135 -0.928857 -0.100890
vn 0.247483 0.732093 -0.634659
v -6.175545 -0.866607 -0.452250
vn -0.067964 0.992248 -0.104038
v -8.328945 -0.922122 -0.562665
vn -0.055160 0.996775 0.058284
v -4.367685 0.952506 -3.775140
vn 0.042735 -0.624159 -0.780128
v 4.082415 -0.811170 -0.342117
vn 0.031094 0.999446 0.011854
v 4.634625 -0.812961 -1.023342
vn 0.022926 0.999644 0.013634
v 6.205605 -0.866604 -0.452346
vn 0.026320 0.999563 0.013458
v 8.328795 -0.922038 -0.562575
vn 0.017757 0.999682 0.017930
v 0.157745 4.405935 -6.740640
vn -0.729358 -0.617739 -0.293999
v -0.017503 4.591365 -7.014750
vn 0.501018 -0.861336 0.084157
v -0.097716 4.405935 -6.740640
vn 0.737831 -0.606121 -0.297023
v 0.077529 4.591365 -7.014750
vn -0.659663 -0.564609 0.496045
v -0.097716 4.405935 -6.740640
vn 0.737831 -0.606121 -0.297023
v -0.097717 3.311595 -6.734580
vn 0.787171 0.269922 0.554530
v 0.077529 3.497025 -7.008720
vn -0.311955 0.540919 0.781083
v 0.157745 3.311595 -6.734580
vn -0.675829 0.089303 0.731629
v 0.063061 -2.405970 -6.278820
vn -0.682944 0.018365 0.730240
v 0.063061 -3.096291 -6.261780
vn -0.694019 0.611297 0.380334
v -0.003034 -3.096291 -6.261780
vn 0.730770 0.413880 0.542844
v -0.003034 -2.405970 -6.278820
vn 0.241746 -0.007715 0.970309
v 0.157745 1.491195 -7.116870
vn -0.878380 -0.271779 0.393173
v -0.097717 1.491195 -7.116870
vn 0.786812 -0.284507 0.547707
v -0.017503 3.497025 -7.008720
vn 0.428589 0.373157 0.822840
v 0.077528 -1.030983 -7.453800
vn -0.543007 0.553519 0.631475
v -0.017504 -1.030983 -7.453800
vn 0.382514 0.388543 0.838283
v 0.077528 1.455735 -7.445940
vn -0.356049 -0.367093 0.859344
v -0.017503 1.455735 -7.445910
vn 0.502042 -0.515635 0.694316
v 0.994155 -0.093165 6.219300
vn -0.040697 -0.874219 0.483823
v 1.064460 2.030385 4.840980
vn -0.468237 0.120661 -0.875326
v 0.085042 0.020643 6.405660
vn -0.100019 -0.990988 0.089099
v 0.085042 2.187705 4.999080
vn 0.156218 0.547035 -0.822404
v -0.935685 -0.093147 6.219330
vn 0.586280 -0.745620 -0.316743
v -1.005999 2.030385 4.840980
vn -0.252321 0.852519 -0.457761
v 1.210836 2.511825 4.802550
vn 0.094619 -0.579044 0.809787
v 1.330701 4.936695 2.017707
vn -0.059078 -0.031115 -0.997768
v 0.085042 2.679015 4.959870
vn -0.118830 -0.904999 0.408481
v -3.430305 -2.221845 0.386046
vn -0.759701 0.613752 0.214854
v -3.819645 -2.130564 0.460365
vn -0.080504 0.440108 -0.894329
v -3.495405 -2.236899 0.329481
vn 0.280133 -0.296369 -0.913067
v 0.085042 5.153595 2.117925
vn 0.137257 0.292958 -0.946222
v -1.152360 2.511825 4.802550
vn 0.315499 -0.874001 -0.369571
v 3.880785 -2.132397 0.459879
vn 0.658231 0.133309 -0.740918
v 3.491295 -2.223774 0.385605
vn -0.030902 -0.026866 -0.999161
v 3.912885 -2.166408 0.498843
vn -0.240231 0.380331 -0.893106
v -1.272243 4.936695 2.017716
vn -0.341244 0.636890 -0.691320
v 0.085042 5.526465 1.840746
vn -0.072698 -0.486772 0.870499
v 0.071977 5.488455 -4.487610
vn 0.108530 -0.348137 -0.931140
v -1.403019 5.295135 1.743951
vn 0.475660 -0.756868 0.448218
v 1.476417 5.308575 1.748115
vn -0.485284 -0.246414 0.838916
v 2.442411 5.264775 -4.455120
vn -0.135507 -0.711531 -0.689465
v -2.382354 5.264835 -4.455120
vn -0.278675 0.228335 -0.932847
v -1.057494 -1.776277 6.410310
vn -0.189257 0.978608 -0.080672
v 0.045242 -1.438914 6.983610
vn 0.226702 0.520526 -0.823200
v -1.073757 -1.646625 6.330210
vn 0.379904 -0.921228 0.083738
v -1.073757 -1.646625 6.330210
vn 0.379904 -0.921228 0.083738
v 0.040075 -1.367169 7.136400
vn 0.001924 -0.988293 -0.152554
v 0.383703 -1.421640 7.015620
vn -0.102961 -0.994097 0.034208
v 0.045242 -1.295670 6.902610
vn -0.249804 -0.967767 0.032007
v 1.118406 -1.776719 6.409680
vn -0.373898 0.532873 -0.759109
v 0.702183 -1.578080 6.776490
vn -0.172279 -0.822367 -0.542247
v -0.269279 -3.005673 7.329450
vn 0.140046 0.357896 -0.923200
v 1.134672 -1.647067 6.329580
vn 0.155455 -0.583141 0.797358
v -0.361347 -1.253865 6.904410
vn 0.099376 0.501682 -0.859325
v 0.040157 -1.182291 7.043550
vn -0.000802 0.386991 -0.922083
v -0.670125 -1.406189 6.680670
vn 0.081466 0.111783 -0.990388
v 1.134672 -1.647067 6.329580
vn 0.155455 -0.583141 0.797358
v -1.770228 -1.674195 -0.657198
vn 0.970503 -0.236478 0.046925
v -1.770222 -1.532234 -0.632223
vn 0.751114 -0.549066 -0.366543
v 1.699383 -1.391152 -1.020786
vn -0.920317 -0.391169 0.001727
v 1.830258 -1.532234 -0.632223
vn -0.927606 -0.364990 -0.079562
v 1.699440 -1.674195 -1.070583
vn -0.928852 -0.010707 0.370297
v 1.830276 -1.674195 -0.657198
vn -0.944342 -0.318834 -0.081008
v -0.569481 -2.064135 6.286380
vn 0.726848 -0.002558 -0.686793
v -0.531357 -4.028448 6.298140
vn 0.975674 -0.013948 0.218784
v -0.147783 -3.993126 6.479460
vn 0.427650 0.019905 -0.903725
v 0.017519 -2.007663 6.564540
vn -0.144664 0.015387 -0.989361
v 0.191486 -3.993126 6.479460
vn -0.412784 0.036701 -0.910089
v 0.017519 -2.007663 6.564540
vn -0.144664 0.015387 -0.989361
v 0.629517 -2.064135 6.286380
vn -0.977267 -0.015140 0.211472
v 0.591393 -4.028448 6.298140
vn -0.709227 -0.003038 -0.704974
v 0.191486 -3.993126 6.479460
vn -0.412784 0.036701 -0.910089
v -0.147783 -3.993126 6.479460
vn 0.427650 0.019905 -0.903725
v -0.531357 -4.028448 6.298140
vn 0.975674 -0.013948 0.218784
v 0.591393 -4.028448 6.298140
vn -0.709227 -0.003038 -0.704974
v 0.629517 -2.064135 6.286380
vn -0.977267 -0.015140 0.211472
v 0.753651 -1.671426 6.540030
vn -0.951839 0.198536 0.233635
v 0.702183 -1.578080 6.776490
vn -0.949766 0.004873 -0.312924
v 0.329331 -3.005670 7.330050
vn -0.988859 0.113411 -0.096411
v 0.360270 -3.174717 7.121250
vn -0.776012 0.204726 0.596568
v 0.360270 -3.174717 7.121250
vn -0.776012 0.204726 0.596568
v 0.329331 -3.005670 7.330050
vn -0.988859 0.113411 -0.096411
v 0.191826 -2.948970 7.452990
vn -0.626541 -0.219744 -0.747769
v 0.040097 -3.002076 7.449810
vn -0.162189 -0.279742 -0.946277
v -0.119294 -2.948940 7.453800
vn 0.482689 -0.221980 -0.847193
v -0.269279 -3.005673 7.329450
vn 0.945897 -0.002326 -0.324460
v -0.300234 -3.174717 7.121250
vn 0.952039 0.198271 0.233046
v -0.693615 -1.671426 6.540030
vn 0.777798 0.203665 0.594601
v -0.641985 -1.578408 6.775830
vn 0.987895 0.103469 -0.115576
v -0.335172 -1.428397 7.004010
vn 0.747509 -0.168305 -0.642576
v 0.040075 -1.367169 7.136400
vn -0.043704 -0.255294 -0.965875
v 0.383703 -1.421640 7.015620
vn -0.452939 -0.259763 -0.852860
v 0.702183 -1.578080 6.776490
vn -0.949766 0.004873 -0.312924
v -0.300234 -3.174717 7.121250
vn 0.952039 0.198271 0.233046
v -0.269279 -3.005673 7.329450
vn 0.945897 -0.002326 -0.324460
v -0.641985 -1.578408 6.775830
vn 0.987895 0.103469 -0.115576
v -0.693615 -1.671426 6.540030
vn 0.777798 0.203665 0.594601
v -0.335172 -1.428397 7.004010
vn 0.747509 -0.168305 -0.642576
v -0.119294 -2.948940 7.453800
vn 0.482689 -0.221980 -0.847193
v 0.939051 -0.193410 5.626920
vn -0.940710 0.226411 0.252591
v 0.893706 -0.105636 5.878650
vn -0.953817 -0.103964 -0.281824
v 0.730137 -1.405971 6.681000
vn -0.997002 0.052119 -0.057185
v 0.765108 -1.580089 6.483600
vn -0.757904 0.355750 0.546830
v 0.765108 -1.580089 6.483600
vn -0.757904 0.355750 0.546830
v 0.730137 -1.405971 6.681000
vn -0.997002 0.052119 -0.057185
v 0.393465 -1.241838 6.923910
vn -0.737497 -0.327476 -0.590642
v 0.040157 -1.182291 7.043550
vn -0.174844 -0.526644 -0.831911
v -0.361347 -1.253865 6.904410
vn 0.618103 -0.411700 -0.669666
v -0.670125 -1.406189 6.680670
vn 0.953402 -0.107164 -0.282029
v -0.705072 -1.580089 6.483600
vn 0.940795 0.226277 0.252394
v -0.879015 -0.193410 5.626920
vn 0.757219 0.356174 0.547503
v -0.833673 -0.105711 5.878170
vn 0.996606 0.043552 -0.069858
v -0.429210 -0.009702 6.176310
vn 0.714453 -0.341670 -0.610589
v 0.084911 -0.021735 6.353430
vn 0.165196 -0.526731 -0.833825
v 0.489666 -0.008733 6.181830
vn -0.613179 -0.404479 -0.678534
v 0.893706 -0.105636 5.878650
vn -0.953817 -0.103964 -0.281824
v 0.084911 -0.021735 6.353430
vn 0.165196 -0.526731 -0.833825
v -0.429210 -0.009702 6.176310
vn 0.714453 -0.341670 -0.610589
v -0.361347 -1.253865 6.904410
vn 0.618103 -0.411700 -0.669666
v 0.040157 -1.182291 7.043550
vn -0.174844 -0.526644 -0.831911
v 0.489666 -0.008733 6.181830
vn -0.613179 -0.404479 -0.678534
v -0.670125 -1.406189 6.680670
vn 0.953402 -0.107164 -0.282029
v -0.705072 -1.580089 6.483600
vn 0.940795 0.226277 0.252394
v -0.833673 -0.105711 5.878170
vn 0.996606 0.043552 -0.069858
v -0.879015 -0.193410 5.626920
vn 0.757219 0.356174 0.547503
v 0.191826 -2.948970 7.452990
vn -0.626541 -0.219744 -0.747769
v 0.383703 -1.421640 7.015620
vn -0.452939 -0.259763 -0.852860
v 0.040097 -3.002076 7.449810
vn -0.162189 -0.279742 -0.946277
v 0.040075 -1.367169 7.136400
vn -0.043704 -0.255294 -0.965875
v 0.393465 -1.241838 6.923910
vn -0.737497 -0.327476 -0.590642
v 4.536345 -1.815216 0.143559
vn -0.011145 0.016268 -0.999806
v 4.536435 -0.945168 0.143649
vn -0.011444 -0.015962 -0.999807
v 5.962035 -0.959346 0.070758
vn -0.070659 -0.016406 -0.997366
v 6.300555 -0.857325 -0.452346
vn -0.033127 -0.880284 -0.473290
v 4.748895 -1.028343 -0.114566
vn -0.357815 0.409906 -0.839015
v 5.749545 -1.038294 -0.165729
vn 0.298428 0.413250 -0.860328
v 5.961945 -1.829393 0.070668
vn -0.070322 0.016704 -0.997384
v 6.300465 -1.938656 -0.452457
vn -0.051827 0.000081 -0.998656
v 5.749455 -1.746217 -0.165802
vn 0.290949 -0.414091 -0.862483
v 6.692265 -0.966606 0.033420
vn -0.011445 -0.015963 -0.999807
v 8.117835 -0.980781 -0.039472
vn -0.070653 -0.016398 -0.997366
v -4.471875 -0.945051 0.144378
vn 0.009143 -0.016006 -0.999830
v -4.471785 -1.815104 0.144291
vn 0.008847 0.016303 -0.999828
v -6.270945 -0.857328 -0.452250
vn 0.032633 -0.881353 -0.471330
v -5.936055 -0.959427 0.070440
vn 0.071950 -0.016436 -0.997273
v -4.471755 -2.026380 0.144270
vn 0.009125 -0.016006 -0.999830
v -4.471695 -2.896434 0.144180
vn 0.008827 0.016302 -0.999828
v -4.684335 -1.028199 -0.113703
vn 0.357458 0.409925 -0.839158
v -4.684275 -1.736128 -0.113774
vn 0.364504 -0.408473 -0.836831
v -5.935995 -1.829481 0.070350
vn 0.071614 0.016746 -0.997292
v -6.270855 -1.938658 -0.452359
vn 0.051201 0.000075 -0.998688
v -5.723505 -1.746332 -0.166253
vn -0.291423 -0.414053 -0.862342
v -4.645305 -2.999202 -1.023699
vn -0.446107 0.588994 0.673851
v -8.907975 -3.040365 -0.813960
vn 0.426860 0.851674 -0.304043
v -8.908155 -0.877704 -0.813741
vn 0.635090 -0.615097 -0.467243
v -4.645515 -0.836541 -1.023480
vn -0.515284 -0.347012 0.783623
v 8.907675 -0.877662 -0.813984
vn -0.635335 -0.614892 -0.467180
v 8.907495 -3.040323 -0.814203
vn -0.427007 0.851663 -0.303867
v 4.705215 -2.999241 -1.023561
vn 0.446005 0.588996 0.673917
v 4.705425 -0.836580 -1.023342
vn 0.515126 -0.347074 0.783699
v 8.117745 -2.062113 -0.039582
vn -0.070641 -0.016392 -0.997367
v 8.117655 -2.932161 -0.039671
vn -0.070302 0.016720 -0.997386
v 8.117775 -1.850830 -0.039561
vn -0.070314 0.016712 -0.997385
v 7.905345 -1.059732 -0.275958
vn 0.298425 0.413258 -0.860326
v 7.905285 -1.767654 -0.276031
vn 0.290951 -0.414081 -0.862487
v 6.692175 -1.836654 0.033331
vn -0.011145 0.016268 -0.999806
v 6.904665 -1.757704 -0.224867
vn -0.364948 -0.408432 -0.836658
v -8.122485 -1.850949 -0.040063
vn 0.071608 0.016752 -0.997292
v -8.122545 -0.980898 -0.039975
vn 0.071943 -0.016430 -0.997274
v -6.658365 -0.966519 0.033964
vn 0.009131 -0.015997 -0.999830
v -7.910055 -1.059873 -0.276595
vn -0.298801 0.413237 -0.860205
v -6.870855 -1.049670 -0.224117
vn 0.357446 0.409927 -0.839162
v -6.658275 -1.836573 0.033877
vn 0.008835 0.016310 -0.999828
v -6.870765 -1.757597 -0.224188
vn 0.364494 -0.408465 -0.836840
v 5.961825 -2.910723 0.070557
vn -0.070302 0.016719 -0.997386
v 4.536255 -2.896548 0.143451
vn -0.011145 0.016267 -0.999806
v 4.536315 -2.026500 0.143538
vn -0.011445 -0.015964 -0.999807
v 4.748715 -2.817597 -0.114749
vn -0.364948 -0.408432 -0.836658
v 4.748805 -2.109675 -0.114676
vn -0.357815 0.409904 -0.839015
v 5.961915 -2.040675 0.070647
vn -0.070640 -0.016391 -0.997367
v 5.749425 -2.119626 -0.165840
vn 0.298438 0.413256 -0.860322
v -5.935875 -2.910810 0.070242
vn 0.071594 0.016744 -0.997293
v -6.658185 -2.917902 0.033767
vn 0.008847 0.016303 -0.999828
v -8.122365 -2.932281 -0.040172
vn 0.071595 0.016745 -0.997293
v -4.684185 -2.817459 -0.113884
vn 0.364491 -0.408476 -0.836835
v -5.723415 -2.827662 -0.166362
vn -0.291434 -0.414062 -0.862333
v -5.935965 -2.040759 0.070329
vn 0.071931 -0.016439 -0.997274
v -5.723475 -2.119734 -0.166291
vn -0.298814 0.413234 -0.860202
v 6.692055 -2.917986 0.033220
vn -0.011126 0.016270 -0.999806
v 7.905195 -2.848986 -0.276141
vn 0.290963 -0.414089 -0.862480
v 6.904545 -2.839035 -0.224978
vn -0.364937 -0.408423 -0.836667
v 6.692145 -2.047935 0.033310
vn -0.011426 -0.015962 -0.999807
v 6.904635 -2.131113 -0.224906
vn -0.357803 0.409907 -0.839019
v -8.122455 -2.062227 -0.040084
vn 0.071931 -0.016437 -0.997274
v -7.909905 -2.849130 -0.276776
vn -0.291433 -0.414060 -0.862335
v -7.909965 -2.141202 -0.276704
vn -0.298814 0.413236 -0.860201
v -6.658275 -2.047851 0.033855
vn 0.009144 -0.016004 -0.999830
v -6.870735 -2.130999 -0.224226
vn 0.357459 0.409926 -0.839157
v 7.905255 -2.141061 -0.276069
vn 0.298439 0.413256 -0.860322
v 5.749365 -2.827548 -0.165912
vn 0.290962 -0.414089 -0.862480
v -4.684245 -2.109531 -0.113812
vn 0.357447 0.409917 -0.839166
v -6.870675 -2.838927 -0.224297
vn 0.364504 -0.408472 -0.836832
v 4.748835 -1.736266 -0.114638
vn -0.364948 -0.408431 -0.836658
v 6.904725 -1.049781 -0.224795
vn -0.357815 0.409904 -0.839015
v -7.909995 -1.767801 -0.276667
vn -0.291423 -0.414053 -0.862341
v -5.723565 -1.038405 -0.166182
vn -0.298801 0.413237 -0.860205
v -0.492900 -1.116366 -1.773855
vn 0.921879 -0.387424 -0.006474
v -0.492900 -1.674195 -1.872213
vn 0.925902 0.000000 0.377765
v -0.312621 -0.983385 -2.139216
vn 0.636733 -0.626702 0.449240
v -0.312621 -1.674195 -2.261025
vn 0.541592 0.000000 0.840642
v -0.492900 -2.232024 -1.773855
vn 0.925902 0.129203 0.354983
v -0.634284 -2.095605 -1.399044
vn 0.578581 0.278959 0.766437
v 0.372654 -0.983385 -2.139216
vn -0.636733 -0.626702 0.449240
v 0.372654 -1.674195 -2.261025
vn -0.541592 0.000000 0.840642
v -0.312621 -2.365005 -2.139216
vn 0.541591 0.287516 0.789945
v -0.492900 -2.722572 -1.490637
vn 0.925901 0.242823 0.289385
v -0.634284 -2.466186 -1.185087
vn 0.578581 0.524274 0.624805
v -1.422693 -2.097174 -1.403358
vn 0.515548 0.293063 0.805186
v 0.552933 -1.116366 -1.773855
vn -0.921879 -0.387424 -0.006474
v 0.552933 -1.674195 -1.872213
vn -0.925902 0.000000 0.377765
v 0.372654 -2.365005 -2.139216
vn -0.541591 0.287516 0.789945
v -0.312621 -2.972493 -1.788483
vn 0.541591 0.540354 0.643970
v 0.552933 -2.232024 -1.773855
vn -0.925902 0.129203 0.354983
v 0.372654 -2.972493 -1.788483
vn -0.541591 0.540354 0.643970
v 0.694317 -2.095605 -1.399044
vn -0.578582 0.278958 0.766437
v 1.482726 -2.097174 -1.403358
vn -0.515527 0.293066 0.805199
v 0.552933 -2.722572 -1.490637
vn -0.925901 0.242823 0.289385
v 0.694317 -2.466186 -1.185087
vn -0.578581 0.524274 0.624805
v 1.699440 -1.957851 -1.020567
vn -0.921982 0.132441 0.363881
v 1.482726 -2.469138 -1.188606
vn -0.515526 0.550788 0.656403
v 1.699440 -2.207295 -0.876552
vn -0.921982 0.248909 0.296638
v -0.634284 -2.887596 -0.027274
vn 0.670486 0.498850 -0.549179
v -1.422693 -2.892117 -0.026477
vn 0.611460 0.582254 -0.535815
v -1.422693 -2.892117 -0.455982
vn 0.515547 0.843844 0.148792
v -0.634284 -2.887596 -0.455185
vn 0.578581 0.803234 0.141632
v -0.492900 -3.280401 -0.524447
vn 0.925902 0.372025 0.065598
v -0.492900 -3.280401 0.041989
vn 0.921906 0.060822 -0.382609
v -0.634284 -2.741241 -0.857289
vn 0.578581 0.706352 0.407812
v -0.492900 -3.086670 -1.056723
vn 0.925902 0.327154 0.188882
v -0.312621 -3.663306 -0.591963
vn 0.541592 0.827870 0.145976
v -0.312621 -3.663306 0.109503
vn 0.636805 0.551190 -0.539138
v -0.312621 -3.423390 -1.251126
vn 0.541591 0.728017 0.420321
v -1.639383 -2.490948 -0.097214
vn 0.920363 0.069518 -0.384837
v -1.639383 -2.490948 -0.385245
vn 0.921987 0.381338 0.067241
v -1.422693 -2.745219 -0.859584
vn 0.515547 0.742064 0.428430
v -1.639383 -2.392434 -0.655905
vn 0.921987 0.335343 0.193611
v 0.372654 -3.663306 -0.591963
vn -0.541592 0.827870 0.145976
v 0.372654 -3.663306 0.109506
vn -0.636805 0.551190 -0.539138
v 0.372654 -3.423390 -1.251126
vn -0.541591 0.728017 0.420321
v 0.552933 -3.280401 -0.524447
vn -0.925902 0.372025 0.065598
v 0.552933 -3.280401 0.041989
vn -0.921906 0.060822 -0.382609
v 0.552933 -3.086670 -1.056723
vn -0.925902 0.327154 0.188882
v 0.694317 -2.887596 -0.455185
vn -0.578581 0.803234 0.141632
v 0.694317 -2.887596 -0.027274
vn -0.670486 0.498850 -0.549179
v 0.694317 -2.741241 -0.857289
vn -0.578581 0.706352 0.407812
v 1.482726 -2.892117 -0.455982
vn -0.515526 0.843856 0.148795
v 1.482726 -2.892117 -0.026477
vn -0.611439 0.582280 -0.535810
v -1.422693 -2.469138 -1.188606
vn 0.515548 0.550780 0.656393
v -1.639383 -2.207292 -0.876549
vn 0.921987 0.248901 0.296628
v 1.482726 -2.745219 -0.859584
vn -0.515526 0.742075 0.428436
v 1.699440 -2.490951 -0.385245
vn -0.921981 0.381351 0.067243
v 1.699440 -2.490951 -0.097213
vn -0.920361 0.069531 -0.384840
v -1.639383 -1.957850 -1.020564
vn 0.921987 0.132437 0.363869
v 1.699440 -2.392437 -0.655905
vn -0.921981 0.335355 0.193617
v 1.778367 -3.743904 -0.102431
vn -0.340033 0.933532 0.113563
v 0.680079 -3.682713 0.050453
vn -0.237651 0.960731 0.143242
v -0.620043 -3.682713 0.050453
vn 0.431664 0.873141 0.226476
v -1.718334 -3.743904 -0.102431
vn 0.193386 0.979192 0.061526
v -2.211456 -2.331099 -0.476319
vn 0.286782 -0.734860 0.614604
v 2.271492 -2.331099 -0.476319
vn -0.069260 0.838469 0.540531
v 0.680079 -4.173864 0.063081
vn -0.710001 0.413039 0.570348
v -0.620043 -4.173864 0.063081
vn 0.637884 0.274323 0.719619
v -0.620043 -3.682713 0.050453
vn 0.431664 0.873141 0.226476
v -0.620043 -3.412425 2.222466
vn 0.275716 0.924479 0.263285
v 1.250940 -5.113695 3.227160
vn -0.794355 0.479280 0.373217
v 0.680079 -4.246383 2.714970
vn -0.576613 0.572313 0.583073
v -0.620043 -4.246383 2.714970
vn 0.653652 0.606160 0.453111
v -1.190907 -5.113695 3.227160
vn 0.840028 0.471724 0.268010
v 0.680079 -3.412425 2.222466
vn -0.421432 0.810176 0.407444
v 0.680079 -3.682713 0.050453
vn -0.237651 0.960731 0.143242
v 0.389844 -4.357053 7.184160
vn -0.198332 -0.208807 -0.957635
v 0.414459 -5.017875 7.186200
vn -0.271160 0.258399 -0.927201
v 0.742560 -4.274772 7.239330
vn -0.474888 0.848433 -0.233758
v -0.682524 -4.274772 7.239330
vn 0.605527 0.720668 -0.337601
v -0.444234 -4.238655 7.065030
vn 0.724523 0.590169 -0.356045
v 0.504270 -4.238655 7.065030
vn -0.827016 0.345389 -0.443566
v 0.717357 -3.455079 7.239660
vn -0.448682 -0.455725 -0.768765
v -0.657321 -3.455079 7.239660
vn 0.341184 -0.445478 -0.827733
v -0.254223 -4.634256 2.944020
vn 0.221329 0.822444 0.524022
v -0.677601 -5.563035 3.492540
vn 0.206843 0.839806 0.501938
v -0.677601 -5.563035 3.492540
vn 0.206843 0.839806 0.501938
v 0.737634 -5.563035 3.492540
vn -0.433364 0.808728 0.397686
v 0.438267 -5.533365 6.718380
vn -0.401646 0.841415 -0.361527
v -0.378231 -5.533365 6.718380
vn 0.474987 0.828087 -0.297757
v 0.314258 -4.634256 2.944020
vn -0.371568 0.822791 0.430060
v 0.737634 -5.563035 3.492540
vn -0.433364 0.808728 0.397686
v 0.537729 -5.137005 7.067790
vn -0.692096 0.485681 -0.533963
v -0.477696 -5.137005 7.067790
vn 0.652100 0.420391 -0.630902
v -0.254223 -4.633866 0.117228
vn 0.497877 0.800614 0.333370
v 0.314257 -4.633866 0.117228
vn -0.363948 0.808807 0.461924
v 0.314257 -4.633866 0.117228
vn -0.363948 0.808807 0.461924
v -0.254223 -4.633866 0.117228
vn 0.497877 0.800614 0.333370
v 0.378057 2.943915 -4.932840
vn -0.273274 -0.774867 0.570002
v -0.318024 2.943915 -4.932840
vn 0.647667 -0.648219 0.400425
v -0.318024 -1.069278 -4.120080
vn 0.507870 0.819516 0.265446
v -0.097716 -2.281953 -4.935240
vn 0.702732 0.562163 -0.436051
v 0.157746 -2.281953 -4.935240
vn -0.832189 0.454367 -0.317824
v 0.378057 -1.069278 -4.120080
vn -0.618569 0.771317 0.149807
v 9.268935 -0.628365 -1.632912
vn -0.509399 -0.860248 0.022060
v 8.239365 -0.628365 -0.030488
vn -0.374601 -0.402476 -0.835276
v 8.490135 -0.928857 -0.100891
vn -0.191827 0.915792 -0.352885
v 9.231375 -0.928857 -1.254534
vn -0.178860 0.963843 0.197522
v -8.239365 -0.628362 -0.030486
vn 0.354671 -0.784101 -0.509308
v -9.268935 -0.628362 -1.632912
vn 0.792751 0.048202 0.607636
v -9.231375 -0.928857 -1.254531
vn 0.476285 0.865566 0.154753
v -8.490135 -0.928857 -0.100890
vn 0.247483 0.732093 -0.634659
v -4.574715 -0.812856 -1.023480
vn -0.097327 0.982716 -0.157472
v -4.022175 -0.811092 -0.341837
vn -0.304730 0.674053 -0.672898
v -6.175545 -0.866607 -0.452250
vn -0.067964 0.992248 -0.104038
v -8.328945 -0.922122 -0.562665
vn -0.055160 0.996775 0.058284
v -8.772825 -0.919302 -0.813741
vn -0.059835 0.996705 0.054769
v 8.773275 -0.919188 -0.813984
vn 0.026864 0.999396 0.022046
v 8.328795 -0.922038 -0.562575
vn 0.017757 0.999682 0.017930
v -0.017503 4.591365 -7.014750
vn 0.501018 -0.861336 0.084157
v -0.017503 3.497025 -7.008720
vn 0.428589 0.373157 0.822840
v 0.157745 -1.421560 -6.215220
vn -0.877885 0.291636 0.379824
v 0.063061 -2.405970 -6.278820
vn -0.682944 0.018365 0.730240
v -0.003034 -2.405970 -6.278820
vn 0.241746 -0.007715 0.970309
v -0.097717 -1.421559 -6.215220
vn 0.860679 0.240438 0.448800
v -0.003034 -3.096291 -6.261780
vn 0.730770 0.413880 0.542844
v 0.063061 -3.096291 -6.261780
vn -0.694019 0.611297 0.380334
v -0.097717 -0.995538 -7.124760
vn 0.805971 0.555446 0.204673
v 0.157745 -0.995538 -7.124760
vn -0.805970 0.555447 0.204674
v 0.077528 -1.030983 -7.453800
vn -0.543007 0.553519 0.631475
v 0.077528 1.455735 -7.445940
vn -0.356049 -0.367093 0.859344
v 0.077529 3.497025 -7.008720
vn -0.311955 0.540919 0.781083
v 0.077529 4.591365 -7.014750
vn -0.659663 -0.564609 0.496045
v -0.017503 1.455735 -7.445910
vn 0.502042 -0.515635 0.694316
v -0.017504 -1.030983 -7.453800
vn 0.382514 0.388543 0.838283
v -1.770228 -1.816464 -0.632112
vn 0.969639 -0.222406 -0.101667
v -1.770228 -1.941573 -0.559878
vn 0.978915 -0.131342 -0.156445
v 1.830276 -1.816464 -0.632112
vn -0.969635 -0.222412 -0.101686
v 1.830276 -1.941574 -0.559878
vn -0.978911 -0.131354 -0.156460
v -1.770228 -2.083842 -0.313461
vn 0.944362 -0.024474 -0.327996
v -1.770228 -2.083842 -0.168997
vn 0.751107 -0.265781 -0.604317
v -1.770228 -2.034432 -0.449213
vn 0.969649 -0.061585 -0.236617
v 1.830276 -2.083845 -0.313461
vn -0.944361 -0.024493 -0.327997
v 1.830276 -2.083845 -0.168997
vn -0.751106 -0.265794 -0.604312
v 1.830276 -2.034435 -0.449213
vn -0.969646 -0.061602 -0.236625
vt 0.911264 1.917110
vt 0.907995 1.796210
vt 0.973796 1.799240
f 1/1/1 2/2/2 3/3/3
vt 0.973796 1.799240
vt 0.981410 1.938910
vt 0.911264 1.917110
f 3/4/3 4/5/4 1/6/1
vt 0.807082 1.893660
vt 0.973454 1.882750
vt 0.975434 1.953010
f 5/7/5 6/8/6 7/9/7
vt 0.973281 1.888260
vt 0.980995 1.964470
vt 0.833465 1.897420
f 8/10/8 9/11/9 10/12/10
vt 0.000000 1.000000
vt 0.000000 1.000000
vt 0.000000 1.000000
f 11/13/11 12/14/12 11/15/11
vt 0.000000 1.000000
vt 0.000000 1.000000
vt 0.000000 1.000000
f 11/16/11 13/17/13 12/18/12
vt 0.000000 1.000000
vt 0.000000 1.000000
vt 0.000000 1.000000
f 11/19/11 14/20/14 13/21/13
vt 0.000000 1.000000
vt 0.000000 1.000000
vt 0.000000 1.000000
f 11/22/11 15/23/15 14/24/14
vt 0.000000 1.000000
vt 0.000000 1.000000
vt 0.000000 1.000000
f 11/25/11 16/26/16 15/27/15
vt 0.000000 1.000000
vt 0.000000 1.000000
vt 0.000000 1.000000
f 11/28/11 17/29/17 16/30/16
vt 0.000000 1.000000
vt 0.000000 1.000000
vt 0.000000 1.000000
f 11/31/11 18/32/18 17/33/17
vt 0.000000 1.000000
vt 0.000000 1.000000
vt 0.000000 1.000000
f 11/34/11 19/35/19 18/36/18
vt 0.000000 1.000000
vt 0.000000 1.000000
vt 0.000000 1.000000
f 11/37/11 20/38/20 19/39/19
vt 0.000000 1.000000
vt 0.000000 1.000000
vt 0.000000 1.000000
f 11/40/11 21/41/21 20/42/20
vt 0.816094 1.797350
vt 0.980636 1.814620
vt 0.973281 1.888260
f 22/43/22 23/44/23 24/45/24
vt 0.973281 1.888260
vt 0.832647 1.881760
vt 0.816094 1.797350
f 24/46/24 25/47/25 22/48/22
vt 0.832046 1.964900
vt 0.838412 1.799120
vt 0.907995 1.796210
f 26/49/26 27/50/27 28/51/28
vt 0.827558 1.798880
vt 0.907995 1.796210
vt 0.822164 1.939360
f 29/52/29 2/53/2 30/54/30
vt 0.822164 1.939360
vt 0.907995 1.796210
vt 0.911264 1.917110
f 30/55/30 2/56/2 1/57/1
vt 0.814437 1.820020
vt 0.973042 1.901330
vt 0.807082 1.893660
f 31/58/31 32/59/32 33/60/33
vt 0.814437 1.820020
vt 0.975069 1.836880
vt 0.973042 1.901330
f 31/61/31 34/62/34 32/63/32
vt 0.907995 1.796210
vt 0.912484 1.962230
vt 0.832046 1.964900
f 28/64/28 35/65/35 26/66/26
vt 0.907995 1.796210
vt 0.969225 1.799070
vt 0.912484 1.962230
f 28/67/28 36/68/36 35/69/35
vt 0.912484 1.962230
vt 0.969225 1.799070
vt 0.978285 1.965260
f 35/70/35 36/71/36 37/72/37
vt 0.975434 1.953010
vt 0.814796 1.969880
vt 0.807082 1.893660
f 7/73/7 38/74/38 5/75/5
vt 0.980995 1.964470
vt 0.816502 1.981740
vt 0.833465 1.897420
f 9/76/9 39/77/39 10/78/10
vt 0.279200 1.011620
vt 0.279212 1.171660
vt 0.311970 1.091590
f 40/79/40 41/80/41 42/81/42
vt 0.311970 1.091590
vt 0.311964 1.011570
vt 0.279200 1.011620
f 42/82/42 43/83/43 40/84/40
vt 0.000000 1.000000
vt 0.000000 1.000000
vt 0.000000 1.000000
f 44/85/44 45/86/45 44/87/44
vt 0.000000 1.000000
vt 0.000000 1.000000
vt 0.000000 1.000000
f 44/88/44 46/89/46 45/90/45
vt 0.000000 1.000000
vt 0.000000 1.000000
vt 0.000000 1.000000
f 44/91/44 47/92/47 46/93/46
vt 0.000000 1.000000
vt 0.279245 0.267841
vt 0.216487 0.248880
f 48/94/48 49/95/49 50/96/50
vt 0.311970 1.091590
vt 0.279596 1.011690
vt 0.311964 1.011640
f 51/97/51 52/98/52 53/99/53
vt 0.311970 1.091590
vt 0.279607 1.171580
vt 0.279596 1.011690
f 51/100/51 54/101/54 52/102/52
vt 0.311970 1.091590
vt 0.311976 1.171530
vt 0.279607 1.171580
f 51/103/51 55/104/55 54/105/54
vt 0.000000 1.000000
vt 0.000000 1.000000
vt 0.000000 1.000000
f 56/106/56 57/107/57 56/108/56
vt 0.000000 1.000000
vt 0.000000 1.000000
vt 0.000000 1.000000
f 56/109/56 58/110/58 57/111/57
vt 0.000000 1.000000
vt 0.000000 1.000000
vt 0.000000 1.000000
f 56/112/56 59/113/59 58/114/58
vt 0.279607 1.171580
vt 0.185828 1.173120
vt 0.033676 1.174620
f 54/115/54 60/116/60 61/117/61
vt 0.033676 1.174620
vt 0.059674 1.094760
vt 0.033664 1.014730
f 61/118/61 62/119/62 63/120/63
vt 0.033676 1.174620
vt 0.059679 1.174700
vt 0.059674 1.094760
f 61/121/61 64/122/64 62/123/62
vt 0.033664 1.014730
vt 0.059674 1.094760
vt 0.059668 1.014810
f 63/124/63 62/125/62 65/126/65
vt 0.033646 1.014660
vt 0.060023 1.094760
vt 0.033658 1.174700
f 66/127/66 67/128/67 68/129/68
vt 0.033646 1.014660
vt 0.060018 1.014740
vt 0.060023 1.094760
f 66/130/66 69/131/69 67/132/67
vt 0.033658 1.174700
vt 0.186003 1.173190
vt 0.279212 1.171660
f 68/133/68 70/134/70 41/135/41
vt 0.033658 1.174700
vt 0.060030 1.174780
vt 0.186003 1.173190
f 68/136/68 71/137/71 70/138/70
vt 0.279212 1.171660
vt 0.311976 1.171600
vt 0.311970 1.091590
f 41/139/41 72/140/72 42/141/42
vt 0.060023 1.094760
vt 0.060030 1.174780
vt 0.033658 1.174700
f 67/142/67 71/143/71 68/144/68
vt 0.186003 1.173190
vt 0.311976 1.171600
vt 0.279212 1.171660
f 70/145/70 72/146/72 41/147/41
vt 0.311976 1.171530
vt 0.185828 1.173120
vt 0.279607 1.171580
f 55/148/55 60/149/60 54/150/54
vt 0.185828 1.173120
vt 0.059679 1.174700
vt 0.033676 1.174620
f 60/151/60 64/152/64 61/153/61
vt 0.958420 1.855410
vt 0.985987 1.831680
vt 0.986040 1.855430
f 73/154/73 74/155/74 75/156/75
vt 0.958420 1.855410
vt 0.958419 1.831650
vt 0.985987 1.831680
f 73/157/73 76/158/76 74/159/74
vt 0.000000 1.000000
vt 0.000000 1.000000
vt 0.000000 1.000000
f 77/160/77 78/161/78 77/162/77
vt 0.000000 1.000000
vt 0.000000 1.000000
vt 0.000000 1.000000
f 77/163/77 79/164/79 78/165/78
vt 0.000000 1.000000
vt 0.000000 1.000000
vt 0.000000 1.000000
f 77/166/77 80/167/80 79/168/79
vt 0.000000 1.000000
vt 0.000000 1.000000
vt 0.000000 1.000000
f 77/169/77 81/170/81 80/171/80
vt 0.000000 1.000000
vt 0.000000 1.000000
vt 0.000000 1.000000
f 77/172/77 82/173/82 81/174/81
vt 0.000000 1.000000
vt 0.000000 1.000000
vt 0.000000 1.000000
f 77/175/77 83/176/83 82/177/82
vt 0.000000 1.000000
vt 0.000000 1.000000
vt 0.000000 1.000000
f 77/178/77 84/179/84 83/180/83
vt 0.000000 1.000000
vt 0.000000 1.000000
vt 0.000000 1.000000
f 77/181/77 85/182/85 84/183/84
vt 0.000000 1.000000
vt 0.000000 1.000000
vt 0.000000 1.000000
f 77/184/77 86/185/86 85/186/85
vt 0.000000 1.000000
vt 0.000000 1.000000
vt 0.000000 1.000000
f 77/187/77 87/188/87 86/189/86
vt 0.000000 1.000000
vt 0.000000 1.000000
vt 0.000000 1.000000
f 77/190/77 88/191/88 87/192/87
vt 0.000000 1.000000
vt 0.000000 1.000000
vt 0.000000 1.000000
f 77/193/77 89/194/89 88/195/88
vt 0.000000 1.000000
vt 0.000000 1.000000
vt 0.000000 1.000000
f 77/196/77 90/197/90 89/198/89
vt 0.000000 1.000000
vt 0.000000 1.000000
vt 0.000000 1.000000
f 77/199/77 91/200/91 90/201/90
vt 0.000000 1.000000
vt 0.000000 1.000000
vt 0.000000 1.000000
f 77/202/77 92/203/92 91/204/91
vt 0.000000 1.000000
vt 0.000000 1.000000
vt 0.000000 1.000000
f 77/205/77 93/206/93 92/207/92
vt 0.000000 1.000000
vt 0.000000 1.000000
vt 0.000000 1.000000
f 77/208/77 94/209/94 93/210/93
vt 0.000000 1.000000
vt 0.000000 1.000000
vt 0.000000 1.000000
f 77/211/77 95/212/95 94/213/94
vt 0.000000 1.000000
vt 0.000000 1.000000
vt 0.000000 1.000000
f 77/214/77 96/215/96 95/216/95
vt 0.000000 1.000000
vt 0.000000 1.000000
vt 0.000000 1.000000
f 77/217/77 97/218/97 96/219/96
vt 0.000000 1.000000
vt 0.000000 1.000000
vt 0.000000 1.000000
f 77/220/77 98/221/98 97/222/97
vt 0.000000 1.000000
vt 0.000000 1.000000
vt 0.000000 1.000000
f 77/223/77 99/224/99 98/225/98
vt 0.000000 1.000000
vt 0.000000 1.000000
vt 0.000000 1.000000
f 77/226/77 100/227/100 99/228/99
vt 0.000000 1.000000
vt 0.000000 1.000000
vt 0.000000 1.000000
f 77/229/77 101/230/101 100/231/100
vt 0.000000 1.000000
vt 0.000000 1.000000
vt 0.000000 1.000000
f 77/232/77 102/233/102 101/234/101
vt 0.000000 1.000000
vt 0.000000 1.000000
vt 0.000000 1.000000
f 77/235/77 103/236/103 102/237/102
vt 0.000000 1.000000
vt 0.000000 1.000000
vt 0.000000 1.000000
f 77/238/77 104/239/104 103/240/103
vt 0.000000 1.000000
vt 0.000000 1.000000
vt 0.000000 1.000000
f 77/241/77 105/242/105 104/243/104
vt 0.000000 1.000000
vt 0.000000 1.000000
vt 0.000000 1.000000
f 77/244/77 106/245/106 105/246/105
vt 0.000000 1.000000
vt 0.000000 1.000000
vt 0.000000 1.000000
f 77/247/77 107/248/107 106/249/106
vt 0.000000 1.000000
vt 0.000000 1.000000
vt 0.000000 1.000000
f 77/250/77 108/251/108 107/252/107
vt 0.000000 1.000000
vt 0.000000 1.000000
vt 0.000000 1.000000
f 77/253/77 109/254/109 108/255/108
vt 0.985987 1.831680
vt 0.958525 1.816020
vt 0.986057 1.816060
f 74/256/74 110/257/110 111/258/111
vt 0.986040 1.918650
vt 0.958419 1.942430
vt 0.958420 1.918670
f 112/259/112 113/260/113 114/261/114
vt 0.986040 1.918650
vt 0.985987 1.942400
vt 0.958419 1.942430
f 112/262/112 115/263/115 113/264/113
vt 0.958419 1.831650
vt 0.958525 1.816020
vt 0.985987 1.831680
f 76/265/76 110/266/110 74/267/74
vt 0.711376 1.304440
vt 0.608440 1.285730
vt 0.705531 1.264680
f 116/268/116 117/269/117 118/270/118
vt 0.749044 1.400710
vt 0.613450 1.411660
vt 0.770148 1.477950
f 119/271/119 120/272/120 121/273/121
vt 0.711376 1.177860
vt 0.613763 1.217610
vt 0.608440 1.196570
f 122/274/122 123/275/123 124/276/124
vt 0.604366 1.545210
vt 0.608736 1.574720
vt 0.604366 1.545210
f 125/277/125 126/278/126 127/279/127
vt 0.604366 1.545210
vt 0.608729 1.574820
vt 0.608736 1.574720
f 125/280/125 128/281/128 126/282/126
vt 0.604366 1.545210
vt 0.812850 1.639130
vt 0.608729 1.574820
f 125/283/125 129/284/129 128/285/128
vt 0.604366 1.545210
vt 0.608321 1.543870
vt 0.813189 1.637780
f 125/286/125 130/287/130 131/288/131
vt 0.770148 1.477950
vt 0.613450 1.411660
vt 0.749044 1.400710
f 132/289/132 133/290/133 134/291/134
vt 0.748444 1.322290
vt 0.606515 1.294860
vt 0.608440 1.285730
f 135/292/135 136/293/136 117/294/117
vt 0.748444 1.322290
vt 0.744680 1.331070
vt 0.606515 1.294860
f 135/295/135 137/296/137 136/297/136
vt 0.604366 1.545210
vt 0.608736 1.574720
vt 0.861044 1.690470
f 127/298/127 126/299/126 138/300/138
vt 0.705531 1.217610
vt 0.613763 1.217610
vt 0.711376 1.177860
f 139/301/139 123/302/123 122/303/122
vt 0.861044 1.690470
vt 0.812850 1.639130
vt 0.604366 1.545210
f 138/304/138 140/305/140 127/306/127
vt 0.861044 1.690470
vt 0.815543 1.688840
vt 0.812850 1.639130
f 138/307/138 141/308/141 140/309/140
vt 0.861044 1.690470
vt 0.865494 1.704150
vt 0.815543 1.688840
f 138/310/138 142/311/142 141/312/141
vt 0.812850 1.639130
vt 0.608321 1.543870
vt 0.604366 1.545210
f 140/313/140 143/314/143 127/315/127
vt 0.812850 1.639130
vt 0.813189 1.637780
vt 0.608321 1.543870
f 140/316/140 144/317/144 143/318/143
vt 0.812850 1.639130
vt 0.815543 1.688840
vt 0.813189 1.637780
f 140/319/140 145/320/145 144/321/144
vt 0.608440 1.285730
vt 0.613763 1.264680
vt 0.705531 1.264680
f 117/322/117 146/323/146 118/324/118
vt 0.608440 1.285730
vt 0.380129 1.266940
vt 0.388335 1.258310
f 117/325/117 147/326/147 148/327/148
vt 0.606515 1.294860
vt 0.380129 1.266940
vt 0.608440 1.285730
f 136/328/136 147/329/147 117/330/117
vt 0.611427 1.410360
vt 0.407221 1.410120
vt 0.334654 1.371690
f 149/331/149 150/332/150 151/333/151
vt 0.765827 1.476480
vt 0.480197 1.573470
vt 0.611427 1.410360
f 152/334/152 153/335/153 149/336/149
vt 0.480197 1.573470
vt 0.379989 1.505550
vt 0.611427 1.410360
f 153/337/153 154/338/154 149/339/149
vt 0.608736 1.574720
vt 0.850214 1.708190
vt 0.861044 1.690470
f 126/340/126 155/341/155 138/342/138
vt 0.608736 1.574720
vt 0.602291 1.594450
vt 0.850214 1.708190
f 126/343/126 156/344/156 155/345/155
vt 0.608729 1.574820
vt 0.559869 1.597940
vt 0.608736 1.574720
f 128/346/128 157/347/157 126/348/126
vt 0.608729 1.574820
vt 0.559884 1.598030
vt 0.559869 1.597940
f 128/349/128 158/350/158 157/351/157
vt 0.608729 1.574820
vt 0.579952 1.602870
vt 0.559884 1.598030
f 128/352/128 159/353/159 158/354/158
vt 0.608729 1.574820
vt 0.602287 1.594550
vt 0.579952 1.602870
f 128/355/128 160/356/160 159/357/159
vt 0.813189 1.637780
vt 0.812850 1.639130
vt 0.604366 1.545210
f 131/358/131 129/359/129 125/360/125
vt 0.813189 1.637780
vt 0.812124 1.684930
vt 0.812850 1.639130
f 131/361/131 161/362/161 129/363/129
vt 0.480197 1.573470
vt 0.379974 1.505520
vt 0.433050 1.577550
f 162/364/162 163/365/163 164/366/164
vt 0.812850 1.639130
vt 0.861044 1.690470
vt 0.608729 1.574820
f 129/367/129 165/368/165 128/369/128
vt 0.812850 1.639130
vt 0.815543 1.688840
vt 0.861044 1.690470
f 129/370/129 141/371/141 165/372/165
vt 0.812850 1.639130
vt 0.815543 1.688840
vt 0.815543 1.688840
f 129/373/129 166/374/166 141/375/141
vt 0.812850 1.639130
vt 0.812124 1.684930
vt 0.815543 1.688840
f 129/376/129 161/377/161 166/378/166
vt 0.861044 1.690470
vt 0.602287 1.594550
vt 0.608729 1.574820
f 165/379/165 160/380/160 128/381/128
vt 0.861044 1.690470
vt 0.850215 1.708200
vt 0.602287 1.594550
f 165/382/165 167/383/167 160/384/160
vt 0.861044 1.690470
vt 0.859858 1.713920
vt 0.850215 1.708200
f 165/385/165 168/386/168 167/387/167
vt 0.815543 1.688840
vt 0.865494 1.704150
vt 0.861044 1.690470
f 141/388/141 142/389/142 165/390/165
vt 0.815543 1.688840
vt 0.815543 1.688840
vt 0.812850 1.639130
f 141/391/141 145/392/145 140/393/140
vt 0.815543 1.688840
vt 0.856426 1.709240
vt 0.815543 1.688840
f 141/394/141 169/395/169 145/396/145
vt 0.815543 1.688840
vt 0.856426 1.709240
vt 0.815543 1.688840
f 166/397/166 169/398/169 141/399/141
vt 0.388580 1.051940
vt 0.517439 1.049130
vt 0.515109 1.064910
f 170/400/170 171/401/171 172/402/172
vt 0.000000 1.000000
vt 0.000000 1.000000
vt 0.000000 1.000000
f 173/403/173 174/404/174 173/405/173
vt 0.000000 1.000000
vt 0.000000 1.000000
vt 0.000000 1.000000
f 173/406/173 175/407/175 174/408/174
vt 0.000000 1.000000
vt 0.000000 1.000000
vt 0.000000 1.000000
f 173/409/173 176/410/176 175/411/175
vt 0.000000 1.000000
vt 0.000000 1.000000
vt 0.000000 1.000000
f 173/412/173 177/413/177 176/414/176
vt 0.000000 1.000000
vt 0.000000 1.000000
vt 0.000000 1.000000
f 173/415/173 178/416/178 177/417/177
vt 0.000000 1.000000
vt 0.000000 1.000000
vt 0.000000 1.000000
f 173/418/173 179/419/179 178/420/178
vt 0.000000 1.000000
vt 0.000000 1.000000
vt 0.000000 1.000000
f 173/421/173 180/422/180 179/423/179
vt 0.000000 1.000000
vt 0.000000 1.000000
vt 0.000000 1.000000
f 173/424/173 181/425/181 180/426/180
vt 0.000000 1.000000
vt 0.000000 1.000000
vt 0.000000 1.000000
f 173/427/173 182/428/182 181/429/181
vt 0.000000 1.000000
vt 0.000000 1.000000
vt 0.000000 1.000000
f 173/430/173 183/431/183 182/432/182
vt 0.391002 1.037740
vt 0.517439 1.049130
vt 0.388580 1.051940
f 184/433/184 171/434/171 170/435/170
vt 0.608440 1.196570
vt 0.744681 1.151220
vt 0.748445 1.160000
f 124/436/124 185/437/185 186/438/186
vt 0.608440 1.196570
vt 0.606462 1.187190
vt 0.744681 1.151220
f 124/439/124 187/440/187 185/441/185
vt 0.608440 1.196570
vt 0.388336 1.223980
vt 0.606462 1.187190
f 124/442/124 188/443/188 187/444/187
vt 0.850214 1.708190
vt 0.865494 1.704150
vt 0.861044 1.690470
f 155/445/155 142/446/142 138/447/138
vt 0.850214 1.708190
vt 0.859858 1.713920
vt 0.865494 1.704150
f 155/448/155 168/449/168 142/450/142
vt 0.850214 1.708190
vt 0.840785 1.716670
vt 0.859858 1.713920
f 155/451/155 189/452/189 168/453/168
vt 0.865494 1.704150
vt 0.859858 1.713920
vt 0.861044 1.690470
f 142/454/142 168/455/168 165/456/165
vt 0.559869 1.597940
vt 0.602291 1.594450
vt 0.608736 1.574720
f 157/457/157 156/458/156 126/459/126
vt 0.559869 1.597940
vt 0.579933 1.602780
vt 0.602291 1.594450
f 157/460/157 190/461/190 156/462/156
vt 0.077667 1.352470
vt 0.274024 1.349520
vt 0.263802 1.352440
f 191/463/191 192/464/192 193/465/193
vt 0.077667 1.352470
vt 0.067450 1.349550
vt 0.274024 1.349520
f 191/466/191 194/467/194 192/468/192
vt 0.559884 1.598030
vt 0.773983 1.819640
vt 0.549268 1.587030
f 158/469/158 195/470/195 196/471/196
vt 0.579952 1.602870
vt 0.781096 1.811070
vt 0.559884 1.598030
f 159/472/159 197/473/197 158/474/158
vt 0.579952 1.602870
vt 0.783114 1.802430
vt 0.781096 1.811070
f 159/475/159 198/476/198 197/477/197
vt 0.602287 1.594550
vt 0.619321 1.632570
vt 0.579952 1.602870
f 160/478/160 199/479/199 159/480/159
vt 0.602287 1.594550
vt 0.640264 1.624930
vt 0.619321 1.632570
f 160/481/160 200/482/200 199/483/199
vt 0.850215 1.708200
vt 0.640264 1.624930
vt 0.602287 1.594550
f 167/484/167 200/485/200 160/486/160
vt 0.850215 1.708200
vt 0.840786 1.716670
vt 0.640264 1.624930
f 167/487/167 201/488/201 200/489/200
vt 0.850215 1.708200
vt 0.859124 1.711360
vt 0.840786 1.716670
f 167/490/167 202/491/202 201/492/201
vt 0.859858 1.713920
vt 0.859124 1.711360
vt 0.850215 1.708200
f 168/493/168 202/494/202 167/495/167
vt 0.549248 1.586940
vt 0.776302 1.838100
vt 0.784605 1.830640
f 203/496/203 204/497/204 205/498/205
vt 0.549248 1.586940
vt 0.545148 1.598680
vt 0.776302 1.838100
f 203/499/203 206/500/206 204/501/204
vt 0.793601 1.508520
vt 0.793025 1.500920
vt 0.847009 1.499400
f 207/502/207 208/503/208 209/504/209
vt 0.793601 1.508520
vt 0.847009 1.520210
vt 0.799340 1.530150
f 207/505/207 210/506/210 211/507/211
vt 0.773983 1.819640
vt 0.579933 1.602780
vt 0.559869 1.597940
f 212/508/212 190/509/190 157/510/157
vt 0.773983 1.819640
vt 0.781097 1.811070
vt 0.579933 1.602780
f 212/511/212 213/512/213 190/513/190
vt 0.799340 1.530150
vt 0.847009 1.528750
vt 0.800038 1.538520
f 211/514/211 214/515/214 215/516/215
vt 0.799340 1.530150
vt 0.847009 1.520210
vt 0.847009 1.528750
f 211/517/211 210/518/210 214/519/214
vt 0.602291 1.594450
vt 0.840785 1.716670
vt 0.850214 1.708190
f 156/520/156 189/521/189 155/522/155
vt 0.602291 1.594450
vt 0.640267 1.624850
vt 0.840785 1.716670
f 156/523/156 216/524/216 189/525/189
vt 0.579933 1.602780
vt 0.640267 1.624850
vt 0.602291 1.594450
f 190/526/190 216/527/216 156/528/156
vt 0.579933 1.602780
vt 0.619306 1.632500
vt 0.640267 1.624850
f 190/529/190 217/530/217 216/531/216
vt 0.781097 1.811070
vt 0.619306 1.632500
vt 0.579933 1.602780
f 213/532/213 217/533/217 190/534/190
vt 0.781097 1.811070
vt 0.783115 1.802430
vt 0.619306 1.632500
f 213/535/213 218/536/218 217/537/217
vt 0.781097 1.811070
vt 0.786447 1.819430
vt 0.783115 1.802430
f 213/538/213 219/539/219 218/540/218
vt 0.847009 1.528750
vt 0.847009 1.520210
vt 0.899210 1.538520
f 214/541/214 210/542/210 220/543/220
vt 0.789323 1.818900
vt 0.786447 1.819430
vt 0.781097 1.811070
f 221/544/221 219/545/219 213/546/213
vt 0.789323 1.818900
vt 0.783114 1.802430
vt 0.786447 1.819430
f 221/547/221 198/548/198 219/549/219
vt 0.067450 1.349550
vt 0.287577 1.351520
vt 0.274024 1.349520
f 194/550/194 222/551/222 192/552/192
vt 0.067450 1.349550
vt 0.053903 1.351540
vt 0.287577 1.351520
f 194/553/194 223/554/223 222/555/222
vt 0.067450 1.349550
vt 0.057688 1.353620
vt 0.053903 1.351540
f 194/556/194 224/557/224 223/558/223
vt 0.067450 1.349550
vt 0.068064 1.352660
vt 0.057688 1.353620
f 194/559/194 225/560/225 224/561/224
vt 0.781096 1.811070
vt 0.773983 1.819640
vt 0.559884 1.598030
f 197/562/197 195/563/195 158/564/158
vt 0.899210 1.538520
vt 0.847009 1.520210
vt 0.899908 1.530150
f 220/565/220 210/566/210 226/567/226
vt 0.781096 1.811070
vt 0.783114 1.802430
vt 0.789323 1.818900
f 197/568/197 198/569/198 221/570/221
vt 0.773983 1.819640
vt 0.784605 1.830640
vt 0.549268 1.587030
f 195/571/195 227/572/227 196/573/196
vt 0.899908 1.530150
vt 0.847009 1.499400
vt 0.905646 1.508520
f 226/574/226 209/575/209 228/576/228
vt 0.899908 1.530150
vt 0.847009 1.520210
vt 0.847009 1.499400
f 226/577/226 210/578/210 209/579/209
vt 0.784605 1.830640
vt 0.545171 1.598770
vt 0.549268 1.587030
f 227/580/227 229/581/229 196/582/196
vt 0.784605 1.830640
vt 0.776303 1.838100
vt 0.545171 1.598770
f 227/583/227 230/584/230 229/585/229
vt 0.905646 1.508520
vt 0.847009 1.491670
vt 0.906222 1.500920
f 228/586/228 231/587/231 232/588/232
vt 0.847009 1.499400
vt 0.847009 1.520210
vt 0.793601 1.508520
f 209/589/209 210/590/210 207/591/207
vt 0.847009 1.499400
vt 0.847009 1.491670
vt 0.905646 1.508520
f 209/592/209 231/593/231 228/594/228
vt 0.793025 1.500920
vt 0.847009 1.491670
vt 0.847009 1.499400
f 208/595/208 231/596/231 209/597/209
vt 0.776302 1.838100
vt 0.768454 1.841150
vt 0.784430 1.846490
f 204/598/204 233/599/233 234/600/234
vt 0.540850 1.594450
vt 0.558266 1.670190
vt 0.566150 1.704500
f 235/601/235 236/602/236 237/603/237
vt 0.287577 1.351520
vt 0.273409 1.352640
vt 0.274024 1.349520
f 222/604/222 238/605/238 192/606/192
vt 0.287577 1.351520
vt 0.283790 1.353600
vt 0.273409 1.352640
f 222/607/222 239/608/239 238/609/238
vt 0.287577 1.351520
vt 0.296347 1.348180
vt 0.277659 1.371630
f 222/610/222 240/611/240 241/612/241
vt 0.053903 1.351540
vt 0.296347 1.348180
vt 0.287577 1.351520
f 223/613/223 240/614/240 222/615/222
vt 0.053903 1.351540
vt 0.045098 1.348180
vt 0.296347 1.348180
f 223/616/223 242/617/242 240/618/240
vt 0.053903 1.351540
vt 0.063786 1.371630
vt 0.045098 1.348180
f 223/619/223 243/620/243 242/621/242
vt 0.540875 1.594550
vt 0.566162 1.704540
vt 0.558266 1.670190
f 244/622/244 245/623/245 246/624/246
vt 0.553947 1.602380
vt 0.635451 1.956850
vt 0.540875 1.594550
f 247/625/247 248/626/248 244/627/244
vt 0.553947 1.602380
vt 0.642367 1.947120
vt 0.635451 1.956850
f 247/628/247 249/629/249 248/630/248
vt 0.553947 1.602380
vt 0.571857 1.638280
vt 0.642367 1.947120
f 247/631/247 250/632/250 249/633/249
vt 0.567837 0.618481
vt 0.621135 0.675274
vt 0.617881 0.687833
f 251/634/251 252/635/252 253/636/253
vt 0.776303 1.838100
vt 0.568492 1.634290
vt 0.545171 1.598770
f 230/637/230 254/638/254 229/639/229
vt 0.776303 1.838100
vt 0.768454 1.841150
vt 0.568492 1.634290
f 230/640/230 255/641/255 254/642/254
vt 0.776303 1.838100
vt 0.784421 1.843930
vt 0.768454 1.841150
f 230/643/230 256/644/256 255/645/255
vt 0.784430 1.846490
vt 0.784421 1.843930
vt 0.776303 1.838100
f 234/646/234 256/647/256 230/648/230
vt 0.566150 1.704500
vt 0.625433 1.962370
vt 0.540850 1.594450
f 237/649/237 257/650/257 235/651/235
vt 0.566150 1.704500
vt 0.628341 1.975020
vt 0.625433 1.962370
f 237/652/237 258/653/258 257/654/257
vt 0.361747 1.168900
vt 0.134666 1.285540
vt 0.321701 1.340290
f 259/655/259 260/656/260 261/657/261
vt 0.566150 1.704500
vt 0.617009 1.976580
vt 0.628341 1.975020
f 237/658/237 262/659/262 258/660/258
vt 0.566150 1.704500
vt 0.557212 1.715020
vt 0.617009 1.976580
f 237/661/237 263/662/263 262/663/262
vt 0.361747 1.168900
vt 0.174869 1.206620
vt 0.134666 1.285540
f 259/664/259 264/665/264 260/666/260
vt 0.625433 1.962370
vt 0.553922 1.602290
vt 0.540850 1.594450
f 257/667/257 265/668/265 235/669/235
vt 0.625433 1.962370
vt 0.635451 1.956840
vt 0.553922 1.602290
f 257/670/257 266/671/266 265/672/265
vt 0.786253 1.294960
vt 0.847009 1.312760
vt 0.787773 1.313560
f 267/673/267 268/674/268 269/675/269
vt 0.786253 1.294960
vt 0.847009 1.295040
vt 0.847009 1.312760
f 267/676/267 270/677/270 268/678/268
vt 0.049779 1.331870
vt 0.043757 1.191630
vt 0.026293 1.339560
f 271/679/271 272/680/272 273/681/273
vt 0.049779 1.331870
vt 0.054014 1.183880
vt 0.043757 1.191630
f 271/682/271 274/683/274 272/684/272
vt 0.361747 1.169050
vt 0.262037 1.223960
vt 0.171039 1.205310
f 275/685/275 276/686/276 277/687/277
vt 0.545148 1.598680
vt 0.768454 1.841150
vt 0.776302 1.838100
f 206/688/206 233/689/233 204/690/204
vt 0.545148 1.598680
vt 0.568472 1.634210
vt 0.768454 1.841150
f 206/691/206 278/692/278 233/693/233
vt 0.561524 0.612319
vt 0.626435 0.680072
vt 0.608200 0.684019
f 279/694/279 280/695/280 281/696/281
vt 0.781307 1.292380
vt 0.847009 1.295040
vt 0.786253 1.294960
f 282/697/282 270/698/270 267/699/267
vt 0.781307 1.292380
vt 0.780278 1.281100
vt 0.847009 1.292620
f 282/700/282 283/701/283 284/702/284
vt 0.635451 1.956840
vt 0.571835 1.638200
vt 0.553922 1.602290
f 266/703/266 285/704/285 265/705/265
vt 0.635451 1.956840
vt 0.642367 1.947120
vt 0.571835 1.638200
f 266/706/266 286/707/286 285/708/285
vt 0.635451 1.956840
vt 0.637579 1.967340
vt 0.642367 1.947120
f 266/709/266 287/710/287 286/711/286
vt 0.847009 1.312760
vt 0.847009 1.295040
vt 0.911475 1.313560
f 268/712/268 270/713/270 288/714/288
vt 0.640691 1.967670
vt 0.637579 1.967340
vt 0.635451 1.956840
f 289/715/289 287/716/287 266/717/266
vt 0.640691 1.967670
vt 0.642367 1.947120
vt 0.637579 1.967340
f 289/718/289 249/719/249 287/720/287
vt 0.529610 1.592860
vt 0.431448 1.660050
vt 0.547874 1.660050
f 290/721/290 291/722/291 292/723/292
vt 0.021050 1.373480
vt 0.017794 1.455470
vt 0.052787 1.402360
f 293/724/293 294/725/294 295/726/295
vt 0.547875 1.660050
vt 0.431448 1.660050
vt 0.529610 1.592860
f 296/727/296 297/728/297 298/729/298
vt 0.361789 1.169050
vt 0.324584 1.254250
vt 0.332343 1.301860
f 299/730/299 300/731/300 301/732/301
vt 0.361789 1.169050
vt 0.346632 1.218090
vt 0.324584 1.254250
f 299/733/299 302/734/302 300/735/300
vt 0.635451 1.956850
vt 0.625433 1.962370
vt 0.540875 1.594550
f 248/736/248 303/737/303 244/738/244
vt 0.911475 1.313560
vt 0.847009 1.295040
vt 0.912995 1.294960
f 288/739/288 270/740/270 304/741/304
vt 0.635451 1.956850
vt 0.642367 1.947120
vt 0.640691 1.967670
f 248/742/248 249/743/249 289/744/289
vt 0.625433 1.962370
vt 0.566162 1.704540
vt 0.540875 1.594550
f 303/745/303 245/746/245 244/747/244
vt 0.625433 1.962370
vt 0.628322 1.974920
vt 0.566162 1.704540
f 303/748/303 305/749/305 245/750/245
vt 0.912995 1.294960
vt 0.847009 1.295040
vt 0.847009 1.292620
f 304/751/304 270/752/270 284/753/284
vt 0.026225 1.344660
vt 0.053973 1.186820
vt 0.049736 1.336930
f 306/754/306 307/755/307 308/756/308
vt 0.026225 1.344660
vt 0.043715 1.194580
vt 0.053973 1.186820
f 306/757/306 309/758/309 307/759/307
vt 0.847009 1.292620
vt 0.917870 1.292400
vt 0.912995 1.294960
f 284/760/284 310/761/310 304/762/304
vt 0.847009 1.292620
vt 0.847009 1.295040
vt 0.781307 1.292380
f 284/763/284 270/764/270 282/765/282
vt 0.847009 1.292620
vt 0.847009 1.282050
vt 0.917870 1.292400
f 284/766/284 311/767/311 310/768/310
vt 0.847009 1.292620
vt 0.780278 1.281100
vt 0.847009 1.282050
f 284/769/284 283/770/283 311/771/311
vt 0.628322 1.974920
vt 0.557224 1.715060
vt 0.566162 1.704540
f 305/772/305 312/773/312 245/774/245
vt 0.628322 1.974920
vt 0.616990 1.976480
vt 0.557224 1.715060
f 305/775/305 313/776/313 312/777/312
vt 0.052787 1.402360
vt 0.016527 1.487360
vt 0.047682 1.529660
f 295/778/295 314/779/314 315/780/315
vt 0.281437 1.402360
vt 0.286541 1.529660
vt 0.317745 1.487370
f 316/781/316 317/782/317 318/783/318
vt 0.281437 1.402360
vt 0.248741 1.534830
vt 0.286541 1.529660
f 316/784/316 319/785/319 317/786/317
vt 0.281437 1.402360
vt 0.316429 1.455470
vt 0.313173 1.373480
f 316/787/316 320/788/320 321/789/321
vt 0.281437 1.402360
vt 0.245253 1.444380
vt 0.248741 1.534830
f 316/790/316 322/791/322 319/792/319
vt 0.017794 1.455470
vt 0.016527 1.487360
vt 0.052787 1.402360
f 294/793/294 314/794/314 295/795/295
vt 0.332343 1.301860
vt 0.137272 1.286570
vt 0.330850 1.345420
f 301/796/301 323/797/323 324/798/324
vt 0.332343 1.301860
vt 0.138771 1.266500
vt 0.137272 1.286570
f 301/799/301 325/800/325 323/801/323
vt 0.332343 1.301860
vt 0.157068 1.243120
vt 0.138771 1.266500
f 301/802/301 326/803/326 325/804/325
vt 0.557224 1.715060
vt 0.396428 1.729550
vt 0.389720 1.715060
f 312/805/312 327/806/327 328/807/328
vt 0.847009 1.282050
vt 0.918897 1.281120
vt 0.917870 1.292400
f 311/808/311 329/809/329 310/810/310
vt 0.621862 1.987760
vt 0.623257 1.985940
vt 0.616990 1.976480
f 330/811/330 331/812/331 313/813/313
vt 0.621862 1.987760
vt 0.605868 1.968570
vt 0.623257 1.985940
f 330/814/330 332/815/332 331/816/331
vt 0.616990 1.976480
vt 0.550940 1.729540
vt 0.557224 1.715060
f 313/817/313 333/818/333 312/819/312
vt 0.616990 1.976480
vt 0.605672 1.967960
vt 0.550940 1.729540
f 313/820/313 334/821/334 333/822/333
vt 0.319576 1.533480
vt 0.286541 1.529660
vt 0.231257 1.643080
f 335/823/335 317/824/317 336/825/336
vt 0.324974 1.754170
vt 0.389618 1.715020
vt 0.386336 1.704500
f 337/826/337 338/827/338 339/828/339
vt 0.324974 1.754170
vt 0.335147 1.759180
vt 0.389618 1.715020
f 337/829/337 340/830/340 338/831/338
vt 0.231257 1.643080
vt 0.250123 1.673480
vt 0.319576 1.533480
f 336/832/336 341/833/341 335/834/335
vt 0.231257 1.643080
vt 0.224605 1.616000
vt 0.168532 1.649570
f 336/835/336 342/836/342 343/837/343
vt 0.231257 1.643080
vt 0.168532 1.680600
vt 0.250123 1.673480
f 336/838/336 344/839/344 341/840/341
vt 0.288873 1.974380
vt 0.335147 1.759180
vt 0.324974 1.754170
f 345/841/345 340/842/340 337/843/337
vt 0.288873 1.974380
vt 0.300201 1.974780
vt 0.335147 1.759180
f 345/844/345 346/845/346 340/846/340
vt 0.734713 1.015190
vt 0.847622 1.026420
vt 0.735829 1.019140
f 347/847/347 348/848/348 349/849/349
vt 0.734713 1.015190
vt 0.847622 1.022250
vt 0.847622 1.026420
f 347/850/347 350/851/350 348/852/348
vt 0.317745 1.487370
vt 0.286541 1.529660
vt 0.319576 1.533480
f 318/853/318 317/854/317 335/855/335
vt 0.317745 1.487370
vt 0.316429 1.455470
vt 0.281437 1.402360
f 318/856/318 320/857/320 316/858/316
vt 0.330806 1.345530
vt 0.141514 1.266500
vt 0.332353 1.301860
f 351/859/351 352/860/352 353/861/353
vt 0.286541 1.529660
vt 0.224605 1.616000
vt 0.231257 1.643080
f 317/862/317 342/863/342 336/864/336
vt 0.389618 1.715020
vt 0.550929 1.729510
vt 0.557212 1.715020
f 338/865/338 354/866/354 263/867/263
vt 0.335147 1.759180
vt 0.396336 1.729510
vt 0.389618 1.715020
f 340/868/340 355/869/355 338/870/338
vt 0.335147 1.759180
vt 0.345664 1.770570
vt 0.396336 1.729510
f 340/871/340 356/872/356 355/873/355
vt 0.300201 1.974780
vt 0.345664 1.770570
vt 0.335147 1.759180
f 346/874/346 356/875/356 340/876/340
vt 0.300201 1.974780
vt 0.313763 1.966580
vt 0.345664 1.770570
f 346/877/346 357/878/357 356/879/356
vt 0.300201 1.974780
vt 0.296275 1.984040
vt 0.313763 1.966580
f 346/880/346 358/881/358 357/882/357
vt 0.847622 1.026420
vt 0.847622 1.022250
vt 0.963345 1.019140
f 348/883/348 350/884/350 359/885/359
vt 0.298569 1.985970
vt 0.296275 1.984040
vt 0.300201 1.974780
f 360/886/360 358/887/358 346/888/346
vt 0.298569 1.985970
vt 0.313763 1.966580
vt 0.296275 1.984040
f 360/889/360 361/890/361 358/891/358
vt 0.325107 1.754180
vt 0.335277 1.759190
vt 0.300201 1.974780
f 362/892/362 363/893/363 364/894/364
vt 0.300201 1.974780
vt 0.288873 1.974380
vt 0.325107 1.754180
f 364/895/364 365/896/365 362/897/362
vt 0.963345 1.019140
vt 0.847622 1.022250
vt 0.964462 1.015190
f 359/898/359 350/899/350 366/900/366
vt 0.300201 1.974780
vt 0.313763 1.966580
vt 0.298569 1.985970
f 364/901/364 361/902/361 360/903/360
vt 0.084100 1.673480
vt 0.047682 1.529660
vt 0.014696 1.533450
f 367/904/367 315/905/315 368/906/368
vt 0.084100 1.673480
vt 0.102966 1.643080
vt 0.047682 1.529660
f 367/907/367 369/908/369 315/909/315
vt 0.084100 1.673480
vt 0.168532 1.649570
vt 0.102966 1.643080
f 367/910/367 343/911/343 369/912/369
vt 0.084100 1.673480
vt 0.168532 1.680600
vt 0.168532 1.649570
f 367/913/367 344/914/344 343/915/343
vt 0.047682 1.529660
vt 0.088970 1.444380
vt 0.052787 1.402360
f 315/916/315 370/917/370 295/918/295
vt 0.047682 1.529660
vt 0.016527 1.487360
vt 0.014696 1.533450
f 315/919/315 314/920/314 368/921/368
vt 0.047682 1.529660
vt 0.085482 1.534830
vt 0.088970 1.444380
f 315/922/315 371/923/371 370/924/370
vt 0.102966 1.643080
vt 0.085482 1.534830
vt 0.047682 1.529660
f 369/925/369 371/926/371 315/927/315
vt 0.102966 1.643080
vt 0.109618 1.616000
vt 0.085482 1.534830
f 369/928/369 372/929/372 371/930/371
vt 0.168532 1.649570
vt 0.168532 1.680600
vt 0.231257 1.643080
f 343/931/343 344/932/344 336/933/336
vt 0.168532 1.649570
vt 0.109618 1.616000
vt 0.102966 1.643080
f 343/934/343 372/935/372 369/936/369
vt 0.344492 1.373660
vt 0.561112 1.325820
vt 0.613450 1.411660
f 373/937/373 374/938/374 133/939/133
vt 0.344492 1.373660
vt 0.344336 1.324550
vt 0.561112 1.325820
f 373/940/373 375/941/375 374/942/374
vt 0.334654 1.371690
vt 0.407221 1.410120
vt 0.334635 1.416500
f 151/943/151 150/944/150 376/945/376
vt 0.590022 1.373240
vt 0.736646 1.352060
vt 0.577093 1.352030
f 377/946/377 378/947/378 379/948/379
vt 0.561112 1.325820
vt 0.546134 1.301260
vt 0.364058 1.302880
f 380/949/380 381/950/381 382/951/382
vt 0.561112 1.325820
vt 0.344492 1.373660
vt 0.613450 1.411660
f 380/952/380 383/953/383 120/954/120
vt 0.765827 1.476480
vt 0.611372 1.410330
vt 0.480197 1.573470
f 384/955/384 385/956/385 162/957/162
vt 0.611372 1.410330
vt 0.379974 1.505520
vt 0.480197 1.573470
f 385/958/385 163/959/163 162/960/162
vt 0.611372 1.410330
vt 0.407221 1.410120
vt 0.379974 1.505520
f 385/961/385 386/962/386 163/963/163
vt 0.364058 1.302880
vt 0.344336 1.324550
vt 0.561112 1.325820
f 382/964/382 387/965/387 380/966/380
vt 0.364058 1.302880
vt 0.546134 1.301260
vt 0.344336 1.324550
f 388/967/388 389/968/389 375/969/375
vt 0.344336 1.324550
vt 0.546134 1.301260
vt 0.561112 1.325820
f 375/970/375 389/971/389 374/972/374
vt 0.344336 1.324550
vt 0.344492 1.373660
vt 0.561112 1.325820
f 387/973/387 383/974/383 380/975/380
vt 0.388336 1.223980
vt 0.380129 1.215350
vt 0.606462 1.187190
f 188/976/188 390/977/390 187/978/187
vt 0.982492 1.619440
vt 0.928504 1.665100
vt 0.980706 1.665100
f 391/979/391 392/980/392 393/981/393
vt 0.926718 1.619440
vt 0.928504 1.665100
vt 0.982492 1.619440
f 394/982/394 392/983/392 391/984/391
vt 0.577093 1.352030
vt 0.739702 1.377200
vt 0.590022 1.373240
f 395/985/395 396/986/396 397/987/397
vt 0.577093 1.352030
vt 0.736646 1.352060
vt 0.739702 1.377200
f 395/988/395 398/989/398 396/990/396
vt 0.739702 1.377200
vt 0.736646 1.352060
vt 0.590022 1.373240
f 399/991/399 378/992/378 377/993/377
vt 0.515109 1.064910
vt 0.503080 1.075120
vt 0.388580 1.051940
f 172/994/172 400/995/400 170/996/170
vt 0.515109 1.064910
vt 0.511480 1.075810
vt 0.503080 1.075120
f 172/997/172 401/998/401 400/999/400
vt 0.515109 1.064910
vt 0.517439 1.049130
vt 0.658719 1.078010
f 172/1000/172 171/1001/171 402/1002/402
vt 0.658719 1.078010
vt 0.650376 1.090930
vt 0.515109 1.064910
f 402/1003/402 403/1004/403 172/1005/172
vt 0.334635 1.416500
vt 0.407221 1.410120
vt 0.334654 1.371690
f 404/1006/404 386/1007/386 405/1008/405
vt 0.650376 1.090930
vt 0.511480 1.075810
vt 0.515109 1.064910
f 403/1009/403 401/1010/401 172/1011/172
vt 0.650376 1.090930
vt 0.635223 1.099650
vt 0.511480 1.075810
f 403/1012/403 406/1013/406 401/1014/401
vt 0.503080 1.075120
vt 0.375560 1.064580
vt 0.388580 1.051940
f 400/1015/400 407/1016/407 170/1017/170
vt 0.503080 1.075120
vt 0.501740 1.120590
vt 0.503419 1.120290
f 400/1018/400 408/1019/408 409/1020/409
vt 0.815543 1.688840
vt 0.812124 1.684930
vt 0.813189 1.637780
f 145/1021/145 410/1022/410 144/1023/144
vt 0.388580 1.187400
vt 0.503080 1.164220
vt 0.515109 1.174430
f 411/1024/411 412/1025/412 413/1026/413
vt 0.388580 1.187400
vt 0.375560 1.174760
vt 0.503080 1.164220
f 411/1027/411 414/1028/414 412/1029/412
vt 0.515109 1.174430
vt 0.391002 1.201600
vt 0.388580 1.187400
f 413/1030/413 415/1031/415 411/1032/411
vt 0.515109 1.174430
vt 0.511480 1.163520
vt 0.635223 1.139680
f 413/1033/413 416/1034/416 417/1035/417
vt 0.515109 1.174430
vt 0.517389 1.189870
vt 0.391002 1.201600
f 413/1036/413 418/1037/418 415/1038/415
vt 0.635223 1.139680
vt 0.650376 1.148410
vt 0.515109 1.174430
f 417/1039/417 419/1040/419 413/1041/413
vt 0.635223 1.139680
vt 0.640564 1.120290
vt 0.650376 1.148410
f 417/1042/417 420/1043/420 419/1044/419
vt 0.635223 1.139680
vt 0.634124 1.129470
vt 0.640564 1.120290
f 417/1045/417 421/1046/421 420/1047/420
vt 0.635223 1.139680
vt 0.632747 1.137810
vt 0.634124 1.129470
f 417/1048/417 422/1049/422 421/1050/421
vt 0.650376 1.148410
vt 0.640564 1.120290
vt 0.650376 1.090930
f 419/1051/419 420/1052/420 403/1053/403
vt 0.650376 1.148410
vt 0.517389 1.189870
vt 0.515109 1.174430
f 419/1054/419 418/1055/418 413/1056/413
vt 0.650376 1.148410
vt 0.658719 1.161320
vt 0.517389 1.189870
f 419/1057/419 423/1058/423 418/1059/418
vt 0.433050 1.577550
vt 0.379989 1.505550
vt 0.480197 1.573470
f 424/1060/424 154/1061/154 153/1062/153
vt 0.503080 1.164220
vt 0.511480 1.163520
vt 0.515109 1.174430
f 412/1063/412 416/1064/416 413/1065/413
vt 0.503080 1.164220
vt 0.499065 1.141690
vt 0.503419 1.120290
f 412/1066/412 425/1067/425 409/1068/409
vt 0.503080 1.164220
vt 0.499793 1.162100
vt 0.499065 1.141690
f 412/1069/412 426/1070/426 425/1071/425
vt 0.511480 1.163520
vt 0.514600 1.120590
vt 0.512478 1.120290
f 416/1072/416 427/1073/427 428/1074/428
vt 0.000000 1.000000
vt 0.000000 1.000000
vt 0.000000 1.000000
f 429/1075/429 430/1076/430 429/1077/429
vt 0.000000 1.000000
vt 0.000000 1.000000
vt 0.000000 1.000000
f 429/1078/429 431/1079/431 430/1080/430
vt 0.000000 1.000000
vt 0.000000 1.000000
vt 0.000000 1.000000
f 429/1081/429 432/1082/432 431/1083/431
vt 0.000000 1.000000
vt 0.000000 1.000000
vt 0.000000 1.000000
f 429/1084/429 433/1085/433 432/1086/432
vt 0.000000 1.000000
vt 0.000000 1.000000
vt 0.000000 1.000000
f 429/1087/429 434/1088/434 433/1089/433
vt 0.000000 1.000000
vt 0.000000 1.000000
vt 0.000000 1.000000
f 429/1090/429 435/1091/435 434/1092/434
vt 0.000000 1.000000
vt 0.000000 1.000000
vt 0.000000 1.000000
f 429/1093/429 436/1094/436 435/1095/435
vt 0.000000 1.000000
vt 0.000000 1.000000
vt 0.000000 1.000000
f 429/1096/429 437/1097/437 436/1098/436
vt 0.000000 1.000000
vt 0.000000 1.000000
vt 0.000000 1.000000
f 429/1099/429 438/1100/438 437/1101/437
vt 0.000000 1.000000
vt 0.000000 1.000000
vt 0.000000 1.000000
f 429/1102/429 439/1103/439 438/1104/438
vt 0.000000 1.000000
vt 0.000000 1.000000
vt 0.000000 1.000000
f 429/1105/429 440/1106/440 439/1107/439
vt 0.000000 1.000000
vt 0.000000 1.000000
vt 0.000000 1.000000
f 429/1108/429 441/1109/441 440/1110/440
vt 0.511480 1.163520
vt 0.513009 1.185630
vt 0.514600 1.120590
f 416/1111/416 442/1112/442 427/1113/427
vt 0.334654 1.371690
vt 0.407221 1.410120
vt 0.611372 1.410330
f 405/1114/405 386/1115/386 385/1116/385
vt 0.640564 1.120290
vt 0.635223 1.099650
vt 0.650376 1.090930
f 420/1117/420 406/1118/406 403/1119/403
vt 0.640564 1.120290
vt 0.634156 1.110620
vt 0.635223 1.099650
f 420/1120/420 443/1121/443 406/1122/406
vt 0.640564 1.120290
vt 0.637506 1.120280
vt 0.634156 1.110620
f 420/1123/420 444/1124/444 443/1125/443
vt 0.379989 1.505550
vt 0.407221 1.410120
vt 0.611427 1.410360
f 154/1126/154 150/1127/150 149/1128/149
vt 0.334635 1.416500
vt 0.407221 1.410120
vt 0.379989 1.505550
f 376/1129/376 150/1130/150 154/1131/154
vt 0.511480 1.075810
vt 0.512478 1.120290
vt 0.513006 1.053760
f 401/1132/401 428/1133/428 445/1134/445
vt 0.511480 1.075810
vt 0.515161 1.078940
vt 0.514755 1.097530
f 401/1135/401 446/1136/446 447/1137/447
vt 0.379974 1.505520
vt 0.407221 1.410120
vt 0.334635 1.416500
f 163/1138/163 386/1139/386 404/1140/404
vt 0.248741 1.534830
vt 0.224605 1.616000
vt 0.286541 1.529660
f 319/1141/319 342/1142/342 317/1143/317
vt 0.308726 1.748930
vt 0.230779 1.801020
vt 0.288118 1.876760
f 448/1144/448 449/1145/449 450/1146/450
vt 0.332353 1.301860
vt 0.346608 1.218110
vt 0.361747 1.169050
f 353/1147/353 451/1148/451 275/1149/275
vt 0.332353 1.301860
vt 0.324612 1.254240
vt 0.346608 1.218110
f 353/1150/353 452/1151/452 451/1152/451
vt 0.432358 1.653040
vt 0.245428 1.705160
vt 0.308726 1.748930
f 453/1153/453 454/1154/454 448/1155/448
vt 0.432358 1.653040
vt 0.335740 1.642880
vt 0.245428 1.705160
f 453/1156/453 455/1157/455 454/1158/454
vt 0.321693 1.340350
vt 0.172196 1.206780
vt 0.361789 1.169050
f 456/1159/456 457/1160/457 458/1161/458
vt 0.321693 1.340350
vt 0.131921 1.285700
vt 0.172196 1.206780
f 456/1162/456 459/1163/459 457/1164/457
vt 0.386438 1.704540
vt 0.335277 1.759190
vt 0.325107 1.754180
f 460/1165/460 363/1166/363 362/1167/362
vt 0.224605 1.616000
vt 0.109618 1.616000
vt 0.168532 1.649570
f 342/1168/342 372/1169/372 343/1170/343
vt 0.308726 1.748930
vt 0.335740 1.642880
vt 0.432358 1.653040
f 461/1171/461 462/1172/462 463/1173/463
vt 0.308726 1.748930
vt 0.245428 1.705160
vt 0.335740 1.642880
f 461/1174/461 464/1175/464 462/1176/462
vt 0.288118 1.876760
vt 0.245428 1.705160
vt 0.308726 1.748930
f 465/1177/465 464/1178/464 461/1179/461
vt 0.288118 1.876760
vt 0.230779 1.801020
vt 0.245428 1.705160
f 465/1180/465 466/1181/466 464/1182/464
vt 0.109618 1.616000
vt 0.155328 1.586340
vt 0.136275 1.586910
f 372/1183/372 467/1184/467 468/1185/468
vt 0.245428 1.705160
vt 0.230779 1.801020
vt 0.308726 1.748930
f 454/1186/454 449/1187/449 448/1188/448
vt 0.215624 1.526260
vt 0.178895 1.586340
vt 0.197948 1.586910
f 469/1189/469 470/1190/470 471/1191/471
vt 0.213159 1.464780
vt 0.178895 1.524490
vt 0.215624 1.526260
f 472/1192/472 473/1193/473 469/1194/469
vt 0.213159 1.464780
vt 0.178895 1.478720
vt 0.178895 1.524490
f 472/1195/472 474/1196/474 473/1197/473
vt 0.197948 1.586910
vt 0.178895 1.608470
vt 0.224605 1.616000
f 471/1198/471 475/1199/475 342/1200/342
vt 0.197948 1.586910
vt 0.178895 1.586340
vt 0.178895 1.608470
f 471/1201/471 470/1202/470 475/1203/475
vt 0.155328 1.608470
vt 0.155328 1.586340
vt 0.109618 1.616000
f 476/1204/476 467/1205/467 372/1206/372
vt 0.113902 1.937070
vt 0.191242 1.952300
vt 0.146150 1.891050
f 477/1207/477 478/1208/478 479/1209/479
vt 0.118599 1.526260
vt 0.155328 1.478720
vt 0.121064 1.464780
f 480/1210/480 481/1211/481 482/1212/482
vt 0.118599 1.526260
vt 0.155328 1.524490
vt 0.155328 1.478720
f 480/1213/480 483/1214/483 481/1215/481
vt 0.136275 1.586910
vt 0.155328 1.524490
vt 0.118599 1.526260
f 468/1216/468 483/1217/483 480/1218/480
vt 0.155328 1.586340
vt 0.155328 1.524490
vt 0.136275 1.586910
f 467/1219/467 483/1220/483 468/1221/468
vt 0.146150 1.891050
vt 0.207652 1.876880
vt 0.136922 1.808370
f 479/1222/479 484/1223/484 485/1224/485
vt 0.178895 1.524490
vt 0.178895 1.586340
vt 0.215624 1.526260
f 473/1225/473 470/1226/470 469/1227/469
vt 0.136922 1.808370
vt 0.207653 1.876880
vt 0.146150 1.891050
f 486/1228/486 487/1229/487 488/1230/488
vt 0.136922 1.808370
vt 0.207990 1.773850
vt 0.207653 1.876880
f 486/1231/486 489/1232/489 487/1233/487
vt 0.079015 1.770800
vt 0.168949 1.756200
vt 0.114005 1.720560
f 490/1234/490 491/1235/491 492/1236/492
vt 0.079015 1.770800
vt 0.168949 1.756200
vt 0.136922 1.808370
f 493/1237/493 494/1238/494 486/1239/486
vt 0.079015 1.770800
vt 0.114005 1.720560
vt 0.168949 1.756200
f 493/1240/493 495/1241/495 494/1242/494
vt 0.146150 1.891050
vt 0.191502 1.997640
vt 0.113902 1.937070
f 488/1243/488 496/1244/496 497/1245/497
vt 0.146150 1.891050
vt 0.191242 1.952300
vt 0.191502 1.997640
f 488/1246/488 498/1247/498 496/1248/496
vt 0.136922 1.808370
vt 0.168949 1.756200
vt 0.079015 1.770800
f 485/1249/485 491/1250/491 490/1251/490
vt 0.136922 1.808370
vt 0.207990 1.773850
vt 0.168949 1.756200
f 485/1252/485 499/1253/499 491/1254/491
vt 0.140017 1.286570
vt 0.141514 1.266500
vt 0.330806 1.345530
f 500/1255/500 352/1256/352 351/1257/351
vt 0.617009 1.976580
vt 0.605868 1.968570
vt 0.621862 1.987760
f 262/1258/262 332/1259/332 330/1260/330
vt 0.557212 1.715020
vt 0.605868 1.968570
vt 0.617009 1.976580
f 263/1261/263 332/1262/332 262/1263/262
vt 0.557212 1.715020
vt 0.550929 1.729510
vt 0.605868 1.968570
f 263/1264/263 354/1265/354 332/1266/332
vt 0.141514 1.266500
vt 0.324612 1.254240
vt 0.332353 1.301860
f 352/1267/352 452/1268/452 353/1269/353
vt 0.141514 1.266500
vt 0.159761 1.243140
vt 0.324612 1.254240
f 352/1270/352 501/1271/501 452/1272/452
vt 0.168348 1.205310
vt 0.260706 1.223950
vt 0.361789 1.169050
f 502/1273/502 503/1274/503 299/1275/299
vt 0.168348 1.205310
vt 0.174780 1.229800
vt 0.260706 1.223950
f 502/1276/502 504/1277/504 503/1278/503
vt 0.389720 1.715060
vt 0.335277 1.759190
vt 0.386438 1.704540
f 328/1279/328 363/1280/363 460/1281/460
vt 0.389720 1.715060
vt 0.345783 1.770590
vt 0.335277 1.759190
f 328/1282/328 505/1283/505 363/1284/363
vt 0.335277 1.759190
vt 0.313763 1.966580
vt 0.300201 1.974780
f 363/1285/363 361/1286/361 364/1287/364
vt 0.335277 1.759190
vt 0.345783 1.770590
vt 0.313763 1.966580
f 363/1288/363 505/1289/505 361/1290/361
vt 0.346608 1.218110
vt 0.262037 1.223960
vt 0.361747 1.169050
f 451/1291/451 276/1292/276 275/1293/275
vt 0.186160 0.285867
vt 0.204506 0.259197
vt 0.264003 0.275668
f 506/1294/506 507/1295/507 508/1296/508
vt 0.171039 1.205310
vt 0.159761 1.243140
vt 0.141514 1.266500
f 277/1297/277 501/1298/501 352/1299/352
vt 0.171039 1.205310
vt 0.177465 1.229800
vt 0.159761 1.243140
f 277/1300/277 509/1301/509 501/1302/501
vt 0.262037 1.223960
vt 0.177465 1.229800
vt 0.171039 1.205310
f 276/1303/276 509/1304/509 277/1305/277
vt 0.324584 1.254250
vt 0.157068 1.243120
vt 0.332343 1.301860
f 300/1306/300 326/1307/326 301/1308/301
vt 0.260706 1.223950
vt 0.346632 1.218090
vt 0.361789 1.169050
f 503/1309/503 302/1310/302 299/1311/299
vt 0.138771 1.266500
vt 0.174780 1.229800
vt 0.168348 1.205310
f 325/1312/325 504/1313/504 502/1314/502
vt 0.157068 1.243120
vt 0.174780 1.229800
vt 0.138771 1.266500
f 326/1315/326 504/1316/504 325/1317/325
vt 0.369766 1.022750
vt 0.361164 1.016360
vt 0.369766 1.013440
f 510/1318/510 511/1319/511 512/1320/512
vt 0.369766 1.022750
vt 0.361164 1.019830
vt 0.361164 1.016360
f 510/1321/510 513/1322/513 511/1323/511
vt 0.191502 1.997640
vt 0.191242 1.952300
vt 0.113902 1.937070
f 514/1324/514 478/1325/478 477/1326/477
vt 0.191242 1.952300
vt 0.207652 1.876880
vt 0.146150 1.891050
f 478/1327/478 484/1328/484 479/1329/479
vt 0.420538 1.013440
vt 0.411936 1.019830
vt 0.420538 1.022750
f 515/1330/515 516/1331/516 517/1332/517
vt 0.168949 1.756200
vt 0.207990 1.773850
vt 0.136922 1.808370
f 494/1333/494 489/1334/489 486/1335/486
vt 0.114005 1.720560
vt 0.171679 1.715420
vt 0.168949 1.756200
f 495/1336/495 518/1337/518 494/1338/494
vt 0.114005 1.720560
vt 0.170948 1.686820
vt 0.171679 1.715420
f 495/1339/495 519/1340/519 518/1341/518
vt 0.168949 1.756200
vt 0.170948 1.686820
vt 0.114005 1.720560
f 491/1342/491 520/1343/520 492/1344/492
vt 0.168949 1.756200
vt 0.171679 1.715420
vt 0.170948 1.686820
f 491/1345/491 521/1346/521 520/1347/520
vt 0.207653 1.876880
vt 0.191242 1.952300
vt 0.146150 1.891050
f 487/1348/487 498/1349/498 488/1350/488
vt 0.504998 1.022750
vt 0.504998 1.013440
vt 0.420538 1.022750
f 522/1351/522 523/1352/523 517/1353/517
vt 0.420538 1.022750
vt 0.504998 1.013440
vt 0.420538 1.013440
f 517/1354/517 523/1355/523 515/1356/515
vt 0.207652 1.876880
vt 0.207990 1.773850
vt 0.136922 1.808370
f 484/1357/484 499/1358/499 485/1359/485
vt 0.411936 1.016360
vt 0.411936 1.019830
vt 0.420538 1.013440
f 524/1360/524 516/1361/516 515/1362/515
vt 0.622016 1.019830
vt 0.622016 1.016360
vt 0.506642 1.019830
f 525/1363/525 526/1364/526 527/1365/527
vt 0.622016 1.016360
vt 0.506642 1.016360
vt 0.506642 1.019830
f 526/1366/526 528/1367/528 527/1368/527
vt 0.840785 1.716670
vt 0.859124 1.711360
vt 0.859858 1.713920
f 189/1369/189 202/1370/202 168/1371/168
vt 0.804415 1.602250
vt 0.801121 1.538480
vt 0.847009 1.595180
f 529/1372/529 530/1373/530 531/1374/531
vt 0.619321 1.632570
vt 0.783114 1.802430
vt 0.579952 1.602870
f 199/1375/199 198/1376/198 159/1377/159
vt 0.640264 1.624930
vt 0.840786 1.716670
vt 0.619321 1.632570
f 200/1378/200 201/1379/201 199/1380/199
vt 0.840786 1.716670
vt 0.783114 1.802430
vt 0.619321 1.632570
f 201/1381/201 198/1382/198 199/1383/199
vt 0.847009 1.595180
vt 0.847009 1.528580
vt 0.894833 1.602250
f 531/1384/531 532/1385/532 533/1386/533
vt 0.640267 1.624850
vt 0.783115 1.802430
vt 0.840785 1.716670
f 216/1387/216 218/1388/218 189/1389/189
vt 0.619306 1.632500
vt 0.783115 1.802430
vt 0.640267 1.624850
f 217/1390/217 218/1391/218 216/1392/216
vt 0.801121 1.538480
vt 0.847009 1.528580
vt 0.847009 1.595180
f 530/1393/530 532/1394/532 531/1395/531
vt 0.847009 1.528580
vt 0.898127 1.538480
vt 0.894833 1.602250
f 532/1396/532 534/1397/534 533/1398/533
vt 0.768454 1.841150
vt 0.784421 1.843930
vt 0.784430 1.846490
f 233/1399/233 256/1400/256 234/1401/234
vt 0.794263 1.503700
vt 0.788647 1.310730
vt 0.847009 1.494360
f 535/1402/535 536/1403/536 537/1404/537
vt 0.768454 1.841150
vt 0.568472 1.634210
vt 0.642367 1.947120
f 233/1405/233 278/1406/278 286/1407/286
vt 0.611830 0.690169
vt 0.566017 0.616584
vt 0.619529 0.673175
f 538/1408/538 539/1409/539 540/1410/540
vt 0.768454 1.841150
vt 0.571857 1.638280
vt 0.568492 1.634290
f 255/1411/255 250/1412/250 254/1413/254
vt 0.847009 1.494360
vt 0.847009 1.310120
vt 0.904984 1.503700
f 537/1414/537 541/1415/541 542/1416/542
vt 0.611619 0.684338
vt 0.561423 0.613628
vt 0.624529 0.683066
f 543/1417/543 544/1418/544 545/1419/545
vt 0.788647 1.310730
vt 0.847009 1.310120
vt 0.847009 1.494360
f 536/1420/536 541/1421/541 537/1422/537
vt 0.642367 1.947120
vt 0.568472 1.634210
vt 0.571835 1.638200
f 286/1423/286 278/1424/278 285/1425/285
vt 0.847009 1.310120
vt 0.910601 1.310730
vt 0.904984 1.503700
f 541/1426/541 546/1427/546 542/1428/542
vt 0.642367 1.947120
vt 0.571857 1.638280
vt 0.768454 1.841150
f 249/1429/249 250/1430/250 255/1431/255
vt 0.550940 1.729540
vt 0.396428 1.729550
vt 0.557224 1.715060
f 333/1432/333 327/1433/327 312/1434/312
vt 0.550940 1.729540
vt 0.345783 1.770590
vt 0.396428 1.729550
f 333/1435/333 505/1436/505 327/1437/327
vt 0.623257 1.985940
vt 0.605672 1.967960
vt 0.616990 1.976480
f 331/1438/331 334/1439/334 313/1440/313
vt 0.847009 1.283860
vt 0.847622 1.024300
vt 0.916729 1.283040
f 547/1441/547 548/1442/548 549/1443/549
vt 0.847009 1.283860
vt 0.781819 1.283020
vt 0.736561 1.017040
f 547/1444/547 550/1445/550 551/1446/551
vt 0.605672 1.967960
vt 0.345783 1.770590
vt 0.550940 1.729540
f 334/1447/334 505/1448/505 333/1449/333
vt 0.396336 1.729510
vt 0.550929 1.729510
vt 0.389618 1.715020
f 355/1450/355 354/1451/354 338/1452/338
vt 0.345664 1.770570
vt 0.605868 1.968570
vt 0.396336 1.729510
f 356/1453/356 332/1454/332 355/1455/355
vt 0.736561 1.017040
vt 0.847622 1.024300
vt 0.847009 1.283860
f 551/1456/551 548/1457/548 547/1458/547
vt 0.313763 1.966580
vt 0.605868 1.968570
vt 0.345664 1.770570
f 357/1459/357 332/1460/332 356/1461/356
vt 0.847622 1.024300
vt 0.962613 1.017050
vt 0.916729 1.283040
f 548/1462/548 552/1463/552 549/1464/549
vt 0.313763 1.966580
vt 0.345783 1.770590
vt 0.605672 1.967960
f 361/1465/361 505/1466/505 334/1467/334
vt 0.605868 1.968570
vt 0.550929 1.729510
vt 0.396336 1.729510
f 332/1468/332 354/1469/354 355/1470/355
vt 0.396428 1.729550
vt 0.345783 1.770590
vt 0.389720 1.715060
f 327/1471/327 505/1472/505 328/1473/328
vt 0.679772 1.042880
vt 0.676778 1.113230
vt 0.667423 1.041850
f 553/1474/553 554/1475/554 555/1476/555
vt 0.501083 1.052770
vt 0.501740 1.120590
vt 0.503080 1.075120
f 556/1477/556 408/1478/408 400/1479/400
vt 0.514755 1.097530
vt 0.512478 1.120290
vt 0.511480 1.075810
f 447/1480/447 428/1481/428 401/1482/401
vt 0.514755 1.097530
vt 0.516227 1.120280
vt 0.512478 1.120290
f 447/1483/447 557/1484/557 428/1485/428
vt 0.512478 1.120290
vt 0.514600 1.120590
vt 0.513006 1.053760
f 428/1486/428 427/1487/427 445/1488/445
vt 0.512478 1.120290
vt 0.514792 1.141100
vt 0.511480 1.163520
f 428/1489/428 558/1490/558 416/1491/416
vt 0.512478 1.120290
vt 0.516227 1.120280
vt 0.514792 1.141100
f 428/1492/428 557/1493/557 558/1494/558
vt 0.676778 1.113230
vt 0.663414 1.113230
vt 0.667423 1.041850
f 554/1495/554 559/1496/559 555/1497/555
vt 0.676778 1.113230
vt 0.679780 1.181700
vt 0.663414 1.113230
f 554/1498/554 560/1499/560 559/1500/559
vt 0.514792 1.141100
vt 0.515168 1.160400
vt 0.511480 1.163520
f 558/1501/558 561/1502/561 416/1503/416
vt 0.634124 1.129470
vt 0.637506 1.120280
vt 0.640564 1.120290
f 421/1504/421 444/1505/444 420/1506/420
vt 0.634156 1.110620
vt 0.632722 1.101530
vt 0.635223 1.099650
f 443/1507/443 562/1508/562 406/1509/406
vt 0.503419 1.120290
vt 0.501086 1.186620
vt 0.503080 1.164220
f 409/1510/409 563/1511/563 412/1512/412
vt 0.503419 1.120290
vt 0.499048 1.095950
vt 0.503080 1.075120
f 409/1513/409 564/1514/564 400/1515/400
vt 0.503419 1.120290
vt 0.500116 1.120280
vt 0.499048 1.095950
f 409/1516/409 565/1517/565 564/1518/564
vt 0.503419 1.120290
vt 0.501740 1.120590
vt 0.501086 1.186620
f 409/1519/409 408/1520/408 563/1521/563
vt 0.499048 1.095950
vt 0.499793 1.077230
vt 0.503080 1.075120
f 564/1522/564 566/1523/566 400/1524/400
vt 0.499065 1.141690
vt 0.500116 1.120280
vt 0.503419 1.120290
f 425/1525/425 565/1526/565 409/1527/409
vt 0.663414 1.113230
vt 0.679780 1.181700
vt 0.667432 1.182730
f 559/1528/559 560/1529/560 567/1530/567
vt 0.958843 1.801040
vt 0.986297 1.801080
vt 0.986057 1.816060
f 568/1531/568 569/1532/569 111/1533/111
vt 0.986057 1.816060
vt 0.958525 1.816020
vt 0.958843 1.801040
f 111/1534/111 110/1535/110 568/1536/568
vt 0.986057 1.958030
vt 0.986297 1.973010
vt 0.958525 1.958060
f 570/1537/570 571/1538/571 572/1539/572
vt 0.986297 1.973010
vt 0.958843 1.973040
vt 0.958525 1.958060
f 571/1540/571 573/1541/573 572/1542/572
vt 0.837955 1.822440
vt 0.973367 1.826800
vt 0.973720 1.870600
f 574/1543/574 575/1544/575 576/1545/576
vt 0.973720 1.870600
vt 0.838339 1.889480
vt 0.837955 1.822440
f 576/1546/576 577/1547/577 574/1548/574
vt 0.973720 1.870600
vt 0.973720 1.909340
vt 0.838339 1.889480
f 576/1549/576 578/1550/578 577/1551/577
vt 0.000000 1.000000
vt 0.000000 1.000000
vt 0.000000 1.000000
f 579/1552/579 580/1553/580 579/1554/579
vt 0.000000 1.000000
vt 0.000000 1.000000
vt 0.000000 1.000000
f 579/1555/579 581/1556/581 580/1557/580
vt 0.000000 1.000000
vt 0.000000 1.000000
vt 0.000000 1.000000
f 579/1558/579 582/1559/582 581/1560/581
vt 0.000000 1.000000
vt 0.000000 1.000000
vt 0.000000 1.000000
f 579/1561/579 583/1562/583 582/1563/582
vt 0.000000 1.000000
vt 0.000000 1.000000
vt 0.000000 1.000000
f 579/1564/579 584/1565/584 583/1566/583
vt 0.838339 1.889480
vt 0.973720 1.909340
vt 0.973367 1.955010
f 577/1567/577 578/1568/578 585/1569/585
vt 0.973367 1.955010
vt 0.837955 1.959370
vt 0.838339 1.889480
f 585/1570/585 586/1571/586 577/1572/577
vt 0.511480 1.163520
vt 0.515168 1.160400
vt 0.632747 1.137810
f 587/1573/587 588/1574/588 589/1575/589
vt 0.632747 1.137810
vt 0.635223 1.139680
vt 0.511480 1.163520
f 589/1576/589 590/1577/590 587/1578/587
vt 0.000000 1.000000
vt 0.000000 1.000000
vt 0.000000 1.000000
f 591/1579/591 592/1580/592 591/1581/591
vt 0.000000 1.000000
vt 0.000000 1.000000
vt 0.000000 1.000000
f 591/1582/591 593/1583/593 592/1584/592
vt 0.000000 1.000000
vt 0.000000 1.000000
vt 0.000000 1.000000
f 591/1585/591 594/1586/594 593/1587/593
vt 0.000000 1.000000
vt 0.000000 1.000000
vt 0.000000 1.000000
f 591/1588/591 595/1589/595 594/1590/594
vt 0.000000 1.000000
vt 0.000000 1.000000
vt 0.000000 1.000000
f 591/1591/591 596/1592/596 595/1593/595
vt 0.000000 1.000000
vt 0.000000 1.000000
vt 0.000000 1.000000
f 591/1594/591 597/1595/597 596/1596/596
vt 0.000000 1.000000
vt 0.000000 1.000000
vt 0.000000 1.000000
f 591/1597/591 598/1598/598 597/1599/597
vt 0.000000 1.000000
vt 0.000000 1.000000
vt 0.000000 1.000000
f 591/1600/591 599/1601/599 598/1602/598
vt 0.000000 1.000000
vt 0.000000 1.000000
vt 0.000000 1.000000
f 591/1603/591 600/1604/600 599/1605/599
vt 0.000000 1.000000
vt 0.000000 1.000000
vt 0.000000 1.000000
f 591/1606/591 601/1607/601 600/1608/600
vt 0.000000 1.000000
vt 0.000000 1.000000
vt 0.000000 1.000000
f 591/1609/591 602/1610/602 601/1611/601
vt 0.000000 1.000000
vt 0.000000 1.000000
vt 0.000000 1.000000
f 591/1612/591 603/1613/603 602/1614/602
vt 0.635223 1.099650
vt 0.632722 1.101530
vt 0.515161 1.078940
f 604/1615/604 605/1616/605 606/1617/606
vt 0.515161 1.078940
vt 0.511480 1.075810
vt 0.635223 1.099650
f 606/1618/606 607/1619/607 604/1620/604
vt 0.632722 1.101530
vt 0.514755 1.097530
vt 0.515161 1.078940
f 605/1621/605 608/1622/608 606/1623/606
vt 0.632722 1.101530
vt 0.634156 1.110620
vt 0.514755 1.097530
f 605/1624/605 609/1625/609 608/1626/608
vt 0.375560 1.174760
vt 0.380256 1.172010
vt 0.499793 1.162100
f 610/1627/610 611/1628/611 612/1629/612
vt 0.499793 1.162100
vt 0.503080 1.164220
vt 0.375560 1.174760
f 612/1630/612 613/1631/613 610/1632/610
vt 0.000000 1.000000
vt 0.000000 1.000000
vt 0.000000 1.000000
f 614/1633/614 615/1634/615 614/1635/614
vt 0.000000 1.000000
vt 0.000000 1.000000
vt 0.000000 1.000000
f 614/1636/614 616/1637/616 615/1638/615
vt 0.000000 1.000000
vt 0.000000 1.000000
vt 0.000000 1.000000
f 614/1639/614 617/1640/617 616/1641/616
vt 0.000000 1.000000
vt 0.000000 1.000000
vt 0.000000 1.000000
f 614/1642/614 618/1643/618 617/1644/617
vt 0.000000 1.000000
vt 0.000000 1.000000
vt 0.000000 1.000000
f 614/1645/614 619/1646/619 618/1647/618
vt 0.000000 1.000000
vt 0.000000 1.000000
vt 0.000000 1.000000
f 614/1648/614 620/1649/620 619/1650/619
vt 0.000000 1.000000
vt 0.000000 1.000000
vt 0.000000 1.000000
f 614/1651/614 621/1652/621 620/1653/620
vt 0.000000 1.000000
vt 0.000000 1.000000
vt 0.000000 1.000000
f 614/1654/614 622/1655/622 621/1656/621
vt 0.000000 1.000000
vt 0.000000 1.000000
vt 0.000000 1.000000
f 614/1657/614 623/1658/623 622/1659/622
vt 0.000000 1.000000
vt 0.000000 1.000000
vt 0.000000 1.000000
f 614/1660/614 624/1661/624 623/1662/623
vt 0.000000 1.000000
vt 0.000000 1.000000
vt 0.000000 1.000000
f 614/1663/614 625/1664/625 624/1665/624
vt 0.000000 1.000000
vt 0.000000 1.000000
vt 0.000000 1.000000
f 614/1666/614 626/1667/626 625/1668/625
vt 0.394513 1.122990
vt 0.386326 1.091840
vt 0.499048 1.095950
f 627/1669/627 628/1670/628 629/1671/629
vt 0.499048 1.095950
vt 0.500116 1.120280
vt 0.394513 1.122990
f 629/1672/629 630/1673/630 627/1674/627
vt 0.500116 1.120280
vt 0.386492 1.147520
vt 0.394513 1.122990
f 630/1675/630 631/1676/631 627/1677/627
vt 0.386326 1.091840
vt 0.499793 1.077230
vt 0.499048 1.095950
f 628/1678/628 632/1679/632 629/1680/629
vt 0.503080 1.075120
vt 0.499793 1.077230
vt 0.380240 1.067320
f 633/1681/633 632/1682/632 634/1683/634
vt 0.380240 1.067320
vt 0.375560 1.064580
vt 0.503080 1.075120
f 634/1684/634 635/1685/635 633/1686/633
vt 0.380240 1.067320
vt 0.499793 1.077230
vt 0.386326 1.091840
f 634/1687/634 632/1688/632 628/1689/628
vt 0.515168 1.160400
vt 0.634124 1.129470
vt 0.632747 1.137810
f 588/1690/588 636/1691/636 589/1692/589
vt 0.515168 1.160400
vt 0.514792 1.141100
vt 0.634124 1.129470
f 588/1693/588 637/1694/637 636/1695/636
vt 0.634124 1.129470
vt 0.514792 1.141100
vt 0.637506 1.120280
f 636/1696/636 637/1697/637 638/1698/638
vt 0.634156 1.110620
vt 0.516227 1.120280
vt 0.514755 1.097530
f 609/1699/609 639/1700/639 608/1701/608
vt 0.634156 1.110620
vt 0.637506 1.120280
vt 0.516227 1.120280
f 609/1702/609 638/1703/638 639/1704/639
vt 0.380256 1.172010
vt 0.499065 1.141690
vt 0.499793 1.162100
f 611/1705/611 640/1706/640 612/1707/612
vt 0.380256 1.172010
vt 0.386492 1.147520
vt 0.499065 1.141690
f 611/1708/611 631/1709/631 640/1710/640
vt 0.499065 1.141690
vt 0.386492 1.147520
vt 0.500116 1.120280
f 640/1711/640 631/1712/631 630/1713/630
vt 0.637506 1.120280
vt 0.514792 1.141100
vt 0.516227 1.120280
f 638/1714/638 637/1715/637 639/1716/639
vt 0.311970 1.091590
vt 0.289080 1.084040
vt 0.289076 1.019650
vt 0.311964 1.011570
f 42/1717/42 641/1718/641 642/1719/642 43/1720/43
vt 0.289076 1.019650
vt 0.205773 1.020700
vt 0.185991 1.013150
vt 0.311964 1.011570
f 642/1721/642 643/1722/643 644/1723/644 43/1724/43
vt 0.289076 1.019650
vt 0.276660 1.025810
vt 0.218189 1.026540
vt 0.205773 1.020700
f 642/1725/642 645/1726/645 646/1727/646 643/1728/643
vt 0.205773 1.020700
vt 0.205777 1.085090
vt 0.185997 1.093170
vt 0.185991 1.013150
f 643/1729/643 647/1730/647 648/1731/648 644/1732/644
vt 0.205773 1.020700
vt 0.218189 1.026540
vt 0.218193 1.078930
vt 0.205777 1.085090
f 643/1733/643 646/1734/646 649/1735/649 647/1736/647
vt 0.185991 1.013150
vt 0.163102 1.021240
vt 0.079799 1.022290
vt 0.060018 1.014740
f 644/1737/644 650/1738/650 651/1739/651 69/1740/69
vt 0.311964 1.011640
vt 0.289614 1.019710
vt 0.289618 1.084040
vt 0.311970 1.091590
f 53/1741/53 652/1742/652 653/1743/653 51/1744/51
vt 0.311964 1.011640
vt 0.185816 1.013230
vt 0.205138 1.020770
vt 0.289614 1.019710
f 53/1745/53 654/1746/654 655/1747/655 652/1748/652
vt 0.311970 1.091590
vt 0.289619 1.099660
vt 0.289624 1.163980
vt 0.311976 1.171530
f 51/1749/51 656/1750/656 657/1751/657 55/1752/55
vt 0.289614 1.019710
vt 0.277355 1.025860
vt 0.277358 1.078200
vt 0.289618 1.084040
f 652/1753/652 658/1754/658 659/1755/659 653/1756/653
vt 0.289618 1.084040
vt 0.205143 1.085100
vt 0.185822 1.093170
vt 0.311970 1.091590
f 653/1757/653 660/1758/660 661/1759/661 51/1760/51
vt 0.289618 1.084040
vt 0.277358 1.078200
vt 0.217401 1.078950
vt 0.205143 1.085100
f 653/1761/653 659/1762/659 662/1763/662 660/1764/660
vt 0.579044 1.947670
vt 0.333113 1.950720
vt 0.333102 1.790820
vt 0.579033 1.787780
f 663/1765/663 664/1766/664 665/1767/665 666/1768/666
vt 0.333083 1.790750
vt 0.333095 1.950790
vt 0.578649 1.947750
vt 0.578637 1.787710
f 667/1769/667 668/1770/668 669/1771/669 670/1772/670
vt 0.060023 1.094760
vt 0.079805 1.102310
vt 0.079810 1.166690
vt 0.060030 1.174780
f 67/1773/67 671/1774/671 672/1775/672 71/1776/71
vt 0.060018 1.014740
vt 0.079799 1.022290
vt 0.079804 1.086670
vt 0.060023 1.094760
f 69/1777/69 651/1778/651 673/1779/673 67/1780/67
vt 0.079799 1.022290
vt 0.092216 1.028130
vt 0.092220 1.080520
vt 0.079804 1.086670
f 651/1781/651 674/1782/674 675/1783/675 673/1784/673
vt 0.079804 1.086670
vt 0.163107 1.085620
vt 0.185997 1.093170
vt 0.060023 1.094760
f 673/1785/673 676/1786/676 648/1787/648 67/1788/67
vt 0.079804 1.086670
vt 0.092220 1.080520
vt 0.150691 1.079780
vt 0.163107 1.085620
f 673/1789/673 675/1790/675 677/1791/677 676/1792/676
vt 0.059668 1.014810
vt 0.059674 1.094760
vt 0.078994 1.086690
vt 0.078989 1.022360
f 65/1793/65 62/1794/62 678/1795/678 679/1796/679
vt 0.078989 1.022360
vt 0.163465 1.021300
vt 0.185816 1.013230
vt 0.059668 1.014810
f 679/1797/679 680/1798/680 654/1799/654 65/1800/65
vt 0.078989 1.022360
vt 0.091249 1.028200
vt 0.151206 1.027450
vt 0.163465 1.021300
f 679/1801/679 681/1802/681 682/1803/682 680/1804/680
vt 0.163465 1.021300
vt 0.163470 1.085630
vt 0.185822 1.093170
vt 0.185816 1.013230
f 680/1805/680 683/1806/683 661/1807/661 654/1808/654
vt 0.163465 1.021300
vt 0.151206 1.027450
vt 0.151210 1.079780
vt 0.163470 1.085630
f 680/1809/680 682/1810/682 684/1811/684 683/1812/683
vt 0.186003 1.173190
vt 0.205783 1.165110
vt 0.289086 1.164060
vt 0.311976 1.171600
f 70/1813/70 685/1814/685 686/1815/686 72/1816/72
vt 0.311976 1.171600
vt 0.289086 1.164060
vt 0.289082 1.099670
vt 0.311970 1.091590
f 72/1817/72 686/1818/686 687/1819/687 42/1820/42
vt 0.289086 1.164060
vt 0.276670 1.158210
vt 0.276666 1.105830
vt 0.289082 1.099670
f 686/1821/686 688/1822/688 689/1823/689 687/1824/687
vt 0.289082 1.099670
vt 0.205779 1.100720
vt 0.185997 1.093170
vt 0.311970 1.091590
f 687/1825/687 690/1826/690 648/1827/648 42/1828/42
vt 0.289082 1.099670
vt 0.276666 1.105830
vt 0.218195 1.106560
vt 0.205779 1.100720
f 687/1829/687 689/1830/689 691/1831/691 690/1832/690
vt 0.311976 1.171530
vt 0.289624 1.163980
vt 0.205148 1.165050
vt 0.185828 1.173120
f 55/1833/55 657/1834/657 692/1835/692 60/1836/60
vt 0.185828 1.173120
vt 0.163475 1.165570
vt 0.079000 1.166630
vt 0.059679 1.174700
f 60/1837/60 693/1838/693 694/1839/694 64/1840/64
vt 0.289624 1.163980
vt 0.277364 1.158140
vt 0.217407 1.158900
vt 0.205148 1.165050
f 657/1841/657 695/1842/695 696/1843/696 692/1844/692
vt 0.205148 1.165050
vt 0.205144 1.100720
vt 0.185822 1.093170
vt 0.185828 1.173120
f 692/1845/692 697/1846/697 661/1847/661 60/1848/60
vt 0.205148 1.165050
vt 0.217407 1.158900
vt 0.217403 1.106560
vt 0.205144 1.100720
f 692/1849/692 696/1850/696 698/1851/698 697/1852/697
vt 0.060030 1.174780
vt 0.079810 1.166690
vt 0.163113 1.165640
vt 0.186003 1.173190
f 71/1853/71 672/1854/672 699/1855/699 70/1856/70
vt 0.079810 1.166690
vt 0.092226 1.160540
vt 0.150697 1.159800
vt 0.163113 1.165640
f 672/1857/672 700/1858/700 701/1859/701 699/1860/699
vt 0.163113 1.165640
vt 0.163108 1.101260
vt 0.185997 1.093170
vt 0.186003 1.173190
f 699/1861/699 702/1862/702 648/1863/648 70/1864/70
vt 0.163113 1.165640
vt 0.150697 1.159800
vt 0.150693 1.107410
vt 0.163108 1.101260
f 699/1865/699 701/1866/701 703/1867/703 702/1868/702
vt 0.059679 1.174700
vt 0.079000 1.166630
vt 0.078995 1.102310
vt 0.059674 1.094760
f 64/1869/64 694/1870/694 704/1871/704 62/1872/62
vt 0.079000 1.166630
vt 0.091259 1.160490
vt 0.091255 1.108150
vt 0.078995 1.102310
f 694/1873/694 705/1874/705 706/1875/706 704/1876/704
vt 0.078995 1.102310
vt 0.163471 1.101250
vt 0.185822 1.093170
vt 0.059674 1.094760
f 704/1877/704 707/1878/707 661/1879/661 62/1880/62
vt 0.078995 1.102310
vt 0.091255 1.108150
vt 0.151212 1.107390
vt 0.163471 1.101250
f 704/1881/704 706/1882/706 708/1883/708 707/1884/707
vt 0.163108 1.101260
vt 0.150693 1.107410
vt 0.092222 1.108150
vt 0.079805 1.102310
f 702/1885/702 703/1886/703 709/1887/709 671/1888/671
vt 0.185997 1.093170
vt 0.163108 1.101260
vt 0.079805 1.102310
vt 0.060023 1.094760
f 648/1889/648 702/1890/702 671/1891/671 67/1892/67
vt 0.185997 1.093170
vt 0.205777 1.085090
vt 0.289080 1.084040
vt 0.311970 1.091590
f 648/1893/648 647/1894/647 641/1895/641 42/1896/42
vt 0.185997 1.093170
vt 0.205779 1.100720
vt 0.205783 1.165110
vt 0.186003 1.173190
f 648/1897/648 690/1898/690 685/1899/685 70/1900/70
vt 0.185997 1.093170
vt 0.163107 1.085620
vt 0.163102 1.021240
vt 0.185991 1.013150
f 648/1901/648 676/1902/676 650/1903/650 644/1904/644
vt 0.205783 1.165110
vt 0.218199 1.158950
vt 0.276670 1.158210
vt 0.289086 1.164060
f 685/1905/685 710/1906/710 688/1907/688 686/1908/686
vt 0.205144 1.100720
vt 0.217403 1.106560
vt 0.277360 1.105810
vt 0.289619 1.099660
f 697/1909/697 698/1910/698 711/1911/711 656/1912/656
vt 0.185822 1.093170
vt 0.205144 1.100720
vt 0.289619 1.099660
vt 0.311970 1.091590
f 661/1913/661 697/1914/697 656/1915/656 51/1916/51
vt 0.185822 1.093170
vt 0.163470 1.085630
vt 0.078994 1.086690
vt 0.059674 1.094760
f 661/1917/661 683/1918/683 678/1919/678 62/1920/62
vt 0.185822 1.093170
vt 0.205143 1.085100
vt 0.205138 1.020770
vt 0.185816 1.013230
f 661/1921/661 660/1922/660 655/1923/655 654/1924/654
vt 0.185822 1.093170
vt 0.163471 1.101250
vt 0.163475 1.165570
vt 0.185828 1.173120
f 661/1925/661 707/1926/707 693/1927/693 60/1928/60
vt 0.163475 1.165570
vt 0.151216 1.159730
vt 0.091259 1.160490
vt 0.079000 1.166630
f 693/1929/693 712/1930/712 705/1931/705 694/1932/694
vt 0.205777 1.085090
vt 0.218193 1.078930
vt 0.276664 1.078190
vt 0.289080 1.084040
f 647/1933/647 649/1934/649 713/1935/713 641/1936/641
vt 0.163102 1.021240
vt 0.150687 1.027390
vt 0.092216 1.028130
vt 0.079799 1.022290
f 650/1937/650 714/1938/714 674/1939/674 651/1940/651
vt 0.163470 1.085630
vt 0.151210 1.079780
vt 0.091253 1.080540
vt 0.078994 1.086690
f 683/1941/683 684/1942/684 715/1943/715 678/1944/678
vt 0.205138 1.020770
vt 0.217398 1.026610
vt 0.277355 1.025860
vt 0.289614 1.019710
f 655/1945/655 716/1946/716 658/1947/658 652/1948/652
vt 0.289080 1.084040
vt 0.276664 1.078190
vt 0.276660 1.025810
vt 0.289076 1.019650
f 641/1949/641 713/1950/713 645/1951/645 642/1952/642
vt 0.205779 1.100720
vt 0.218195 1.106560
vt 0.218199 1.158950
vt 0.205783 1.165110
f 690/1953/690 691/1954/691 710/1955/710 685/1956/685
vt 0.163107 1.085620
vt 0.150691 1.079780
vt 0.150687 1.027390
vt 0.163102 1.021240
f 676/1957/676 677/1958/677 714/1959/714 650/1960/650
vt 0.079805 1.102310
vt 0.092222 1.108150
vt 0.092226 1.160540
vt 0.079810 1.166690
f 671/1961/671 709/1962/709 700/1963/700 672/1964/672
vt 0.205143 1.085100
vt 0.217401 1.078950
vt 0.217398 1.026610
vt 0.205138 1.020770
f 660/1965/660 662/1966/662 716/1967/716 655/1968/655
vt 0.289619 1.099660
vt 0.277360 1.105810
vt 0.277364 1.158140
vt 0.289624 1.163980
f 656/1969/656 711/1970/711 695/1971/695 657/1972/657
vt 0.078994 1.086690
vt 0.091253 1.080540
vt 0.091249 1.028200
vt 0.078989 1.022360
f 678/1973/678 715/1974/715 681/1975/681 679/1976/679
vt 0.163471 1.101250
vt 0.151212 1.107390
vt 0.151216 1.159730
vt 0.163475 1.165570
f 707/1977/707 708/1978/708 712/1979/712 693/1980/693
vt 0.276660 1.025810
vt 0.276664 1.078190
vt 0.218193 1.078930
vt 0.218189 1.026540
f 645/1981/645 713/1982/713 649/1983/649 646/1984/646
vt 0.150687 1.027390
vt 0.150691 1.079780
vt 0.092220 1.080520
vt 0.092216 1.028130
f 714/1985/714 677/1986/677 675/1987/675 674/1988/674
vt 0.150693 1.107410
vt 0.150697 1.159800
vt 0.092226 1.160540
vt 0.092222 1.108150
f 703/1989/703 701/1990/701 700/1991/700 709/1992/709
vt 0.276666 1.105830
vt 0.276670 1.158210
vt 0.218199 1.158950
vt 0.218195 1.106560
f 689/1993/689 688/1994/688 710/1995/710 691/1996/691
vt 0.091249 1.028200
vt 0.091253 1.080540
vt 0.151210 1.079780
vt 0.151206 1.027450
f 681/1997/681 715/1998/715 684/1999/684 682/2000/682
vt 0.217398 1.026610
vt 0.217401 1.078950
vt 0.277358 1.078200
vt 0.277355 1.025860
f 716/2001/716 662/2002/662 659/2003/659 658/2004/658
vt 0.217403 1.106560
vt 0.217407 1.158900
vt 0.277364 1.158140
vt 0.277360 1.105810
f 698/2005/698 696/2006/696 695/2007/695 711/2008/711
vt 0.091255 1.108150
vt 0.091259 1.160490
vt 0.151216 1.159730
vt 0.151212 1.107390
f 706/2009/706 705/2010/705 712/2011/712 708/2012/708
vt 0.986040 1.855430
vt 0.985999 1.867200
vt 0.958368 1.867190
vt 0.958420 1.855410
f 75/2013/75 717/2014/717 718/2015/718 73/2016/73
vt 0.985999 1.867200
vt 0.985976 1.876290
vt 0.958336 1.876290
vt 0.958368 1.867190
f 717/2017/717 719/2018/719 720/2019/720 718/2020/718
vt 0.958368 1.867190
vt 0.930716 1.867180
vt 0.930775 1.855380
vt 0.958420 1.855410
f 718/2021/718 721/2022/721 722/2023/722 73/2024/73
vt 0.985976 1.876290
vt 0.985976 1.897790
vt 0.958336 1.897800
vt 0.958336 1.876290
f 719/2025/719 723/2026/723 724/2027/724 720/2028/720
vt 0.958336 1.876290
vt 0.930680 1.876280
vt 0.930716 1.867180
vt 0.958368 1.867190
f 720/2029/720 725/2030/725 721/2031/721 718/2032/718
vt 0.930716 1.867180
vt 0.903042 1.867160
vt 0.903100 1.855360
vt 0.930775 1.855380
f 721/2033/721 726/2034/726 727/2035/727 722/2036/722
vt 0.930775 1.855380
vt 0.930774 1.831620
vt 0.958419 1.831650
vt 0.958420 1.855410
f 722/2037/722 728/2038/728 76/2039/76 73/2040/73
vt 0.985976 1.897790
vt 0.985999 1.906880
vt 0.958368 1.906890
vt 0.958336 1.897800
f 723/2041/723 729/2042/729 730/2043/730 724/2044/724
vt 0.958336 1.897800
vt 0.930680 1.897800
vt 0.930680 1.876280
vt 0.958336 1.876290
f 724/2045/724 731/2046/731 725/2047/725 720/2048/720
vt 0.930680 1.876280
vt 0.903007 1.876280
vt 0.903042 1.867160
vt 0.930716 1.867180
f 725/2049/725 732/2050/732 726/2051/726 721/2052/721
vt 0.985999 1.906880
vt 0.986040 1.918650
vt 0.958420 1.918670
vt 0.958368 1.906890
f 729/2053/729 112/2054/112 114/2055/114 730/2056/730
vt 0.958368 1.906890
vt 0.930716 1.906910
vt 0.930680 1.897800
vt 0.958336 1.897800
f 730/2057/730 733/2058/733 731/2059/731 724/2060/724
vt 0.930680 1.897800
vt 0.903007 1.897810
vt 0.903007 1.876280
vt 0.930680 1.876280
f 731/2061/731 734/2062/734 732/2063/732 725/2064/725
vt 0.958420 1.918670
vt 0.930775 1.918700
vt 0.930716 1.906910
vt 0.958368 1.906890
f 114/2065/114 735/2066/735 733/2067/733 730/2068/730
vt 0.958420 1.918670
vt 0.958419 1.942430
vt 0.930774 1.942460
vt 0.930775 1.918700
f 114/2069/114 113/2070/113 736/2071/736 735/2072/735
vt 0.930716 1.906910
vt 0.903042 1.906920
vt 0.903007 1.897810
vt 0.930680 1.897800
f 733/2073/733 737/2074/737 734/2075/734 731/2076/731
vt 0.930775 1.918700
vt 0.903100 1.918730
vt 0.903042 1.906920
vt 0.930716 1.906910
f 735/2077/735 738/2078/738 737/2079/737 733/2080/733
vt 0.958419 1.942430
vt 0.958525 1.958060
vt 0.930893 1.958100
vt 0.930774 1.942460
f 113/2081/113 572/2082/572 739/2083/739 736/2084/736
vt 0.930774 1.942460
vt 0.903100 1.942500
vt 0.903100 1.918730
vt 0.930775 1.918700
f 736/2085/736 740/2086/740 738/2087/738 735/2088/735
vt 0.930774 1.942460
vt 0.930893 1.958100
vt 0.903217 1.958140
vt 0.903100 1.942500
f 736/2089/736 739/2090/739 741/2091/741 740/2092/740
vt 0.985987 1.942400
vt 0.986057 1.958030
vt 0.958525 1.958060
vt 0.958419 1.942430
f 115/2093/115 570/2094/570 572/2095/572 113/2096/113
vt 0.819921 1.855290
vt 0.819921 1.831520
vt 0.847668 1.831530
vt 0.847668 1.855310
f 742/2097/742 743/2098/743 744/2099/744 745/2100/745
vt 0.847668 1.855310
vt 0.847631 1.867140
vt 0.819902 1.867130
vt 0.819921 1.855290
f 745/2101/745 746/2102/746 747/2103/747 742/2104/742
vt 0.847668 1.855310
vt 0.875397 1.855330
vt 0.875346 1.867150
vt 0.847631 1.867140
f 745/2105/745 748/2106/748 749/2107/749 746/2108/746
vt 0.847631 1.867140
vt 0.847609 1.876260
vt 0.819891 1.876260
vt 0.819902 1.867130
f 746/2109/746 750/2110/750 751/2111/751 747/2112/747
vt 0.847631 1.867140
vt 0.875346 1.867150
vt 0.875315 1.876270
vt 0.847609 1.876260
f 746/2113/746 749/2114/749 752/2115/752 750/2116/750
vt 0.819921 1.831520
vt 0.819958 1.815860
vt 0.847742 1.815880
vt 0.847668 1.831530
f 743/2117/743 753/2118/753 754/2119/754 744/2120/744
vt 0.847668 1.831530
vt 0.875396 1.831560
vt 0.875397 1.855330
vt 0.847668 1.855310
f 744/2121/744 755/2122/755 748/2123/748 745/2124/745
vt 0.847668 1.831530
vt 0.847742 1.815880
vt 0.875499 1.815910
vt 0.875396 1.831560
f 744/2125/744 754/2126/754 756/2127/756 755/2128/755
vt 0.847609 1.876260
vt 0.847609 1.897820
vt 0.819891 1.897820
vt 0.819891 1.876260
f 750/2129/750 757/2130/757 758/2131/758 751/2132/751
vt 0.847609 1.876260
vt 0.875315 1.876270
vt 0.875315 1.897810
vt 0.847609 1.897820
f 750/2133/750 752/2134/752 759/2135/759 757/2136/757
vt 0.847609 1.897820
vt 0.847631 1.906950
vt 0.819902 1.906960
vt 0.819891 1.897820
f 757/2137/757 760/2138/760 761/2139/761 758/2140/758
vt 0.847609 1.897820
vt 0.875315 1.897810
vt 0.875346 1.906940
vt 0.847631 1.906950
f 757/2141/757 759/2142/759 762/2143/762 760/2144/760
vt 0.847631 1.906950
vt 0.847668 1.918780
vt 0.819921 1.918790
vt 0.819902 1.906960
f 760/2145/760 763/2146/763 764/2147/764 761/2148/761
vt 0.847631 1.906950
vt 0.875346 1.906940
vt 0.875397 1.918760
vt 0.847668 1.918780
f 760/2149/760 762/2150/762 765/2151/765 763/2152/763
vt 0.847668 1.918780
vt 0.847668 1.942560
vt 0.819921 1.942570
vt 0.819921 1.918790
f 763/2153/763 766/2154/766 767/2155/767 764/2156/764
vt 0.875397 1.855330
vt 0.903100 1.855360
vt 0.903042 1.867160
vt 0.875346 1.867150
f 748/2157/748 727/2158/727 726/2159/726 749/2160/749
vt 0.875346 1.867150
vt 0.903042 1.867160
vt 0.903007 1.876280
vt 0.875315 1.876270
f 749/2161/749 726/2162/726 732/2163/732 752/2164/752
vt 0.875396 1.831560
vt 0.903100 1.831590
vt 0.903100 1.855360
vt 0.875397 1.855330
f 755/2165/755 768/2166/768 727/2167/727 748/2168/748
vt 0.875396 1.831560
vt 0.875499 1.815910
vt 0.903217 1.815950
vt 0.903100 1.831590
f 755/2169/755 756/2170/756 769/2171/769 768/2172/768
vt 0.875315 1.876270
vt 0.903007 1.876280
vt 0.903007 1.897810
vt 0.875315 1.897810
f 752/2173/752 732/2174/732 734/2175/734 759/2176/759
vt 0.875315 1.897810
vt 0.903007 1.897810
vt 0.903042 1.906920
vt 0.875346 1.906940
f 759/2177/759 734/2178/734 737/2179/737 762/2180/762
vt 0.875346 1.906940
vt 0.903042 1.906920
vt 0.903100 1.918730
vt 0.875397 1.918760
f 762/2181/762 737/2182/737 738/2183/738 765/2184/765
vt 0.875397 1.918760
vt 0.875396 1.942530
vt 0.847668 1.942560
vt 0.847668 1.918780
f 765/2185/765 770/2186/770 766/2187/766 763/2188/763
vt 0.847668 1.942560
vt 0.847742 1.958210
vt 0.819958 1.958230
vt 0.819921 1.942570
f 766/2189/766 771/2190/771 772/2191/772 767/2192/767
vt 0.903100 1.855360
vt 0.903100 1.831590
vt 0.930774 1.831620
vt 0.930775 1.855380
f 727/2193/727 768/2194/768 728/2195/728 722/2196/722
vt 0.903100 1.831590
vt 0.903217 1.815950
vt 0.930893 1.815990
vt 0.930774 1.831620
f 768/2197/768 769/2198/769 773/2199/773 728/2200/728
vt 0.903100 1.918730
vt 0.903100 1.942500
vt 0.875396 1.942530
vt 0.875397 1.918760
f 738/2201/738 740/2202/740 770/2203/770 765/2204/765
vt 0.875396 1.942530
vt 0.875499 1.958180
vt 0.847742 1.958210
vt 0.847668 1.942560
f 770/2205/770 774/2206/774 771/2207/771 766/2208/766
vt 0.930774 1.831620
vt 0.930893 1.815990
vt 0.958525 1.816020
vt 0.958419 1.831650
f 728/2209/728 773/2210/773 110/2211/110 76/2212/76
vt 0.903100 1.942500
vt 0.903217 1.958140
vt 0.875499 1.958180
vt 0.875396 1.942530
f 740/2213/740 741/2214/741 774/2215/774 770/2216/770
vt 0.051106 1.969830
vt 0.034443 1.941170
vt 0.034443 1.904580
vt 0.051106 1.875920
f 775/2217/775 776/2218/776 777/2219/777 778/2220/778
vt 0.051106 1.875920
vt 0.097629 1.862670
vt 0.097629 1.983070
vt 0.051106 1.969830
f 778/2221/778 779/2222/779 780/2223/780 775/2224/775
vt 0.034443 1.941170
vt 0.023281 1.941170
vt 0.023281 1.904580
vt 0.034443 1.904580
f 776/2225/776 781/2226/781 782/2227/782 777/2228/777
vt 0.740415 1.404050
vt 0.739702 1.377200
vt 0.590022 1.373240
vt 0.617820 1.418830
f 783/2229/783 399/2230/399 377/2231/377 784/2232/784
vt 0.608440 1.285730
vt 0.544693 1.285340
vt 0.579905 1.264680
vt 0.613763 1.264680
f 117/2233/117 785/2234/785 786/2235/786 146/2236/146
vt 0.613763 1.217610
vt 0.579905 1.217610
vt 0.544693 1.196950
vt 0.608440 1.196570
f 123/2237/123 787/2238/787 788/2239/788 124/2240/124
vt 0.549248 1.586940
vt 0.784605 1.830640
vt 0.773983 1.819640
vt 0.559869 1.597940
f 203/2241/203 205/2242/205 212/2243/212 157/2244/157
vt 0.021050 1.373480
vt 0.052787 1.402360
vt 0.281437 1.402360
vt 0.313173 1.373480
f 293/2245/293 295/2246/295 316/2247/316 321/2248/321
vt 0.052787 1.402360
vt 0.088970 1.444380
vt 0.245253 1.444380
vt 0.281437 1.402360
f 295/2249/295 370/2250/370 322/2251/322 316/2252/316
vt 0.557224 1.715060
vt 0.389720 1.715060
vt 0.386438 1.704540
vt 0.566162 1.704540
f 312/2253/312 328/2254/328 460/2255/460 245/2256/245
vt 0.386336 1.704500
vt 0.389618 1.715020
vt 0.557212 1.715020
vt 0.566150 1.704500
f 339/2257/339 338/2258/338 263/2259/263 237/2260/237
vt 0.617820 1.418830
vt 0.590022 1.373240
vt 0.739702 1.377200
vt 0.740415 1.404050
f 789/2261/789 397/2262/397 396/2263/396 790/2264/790
vt 0.344492 1.373660
vt 0.337769 1.367190
vt 0.337653 1.331060
vt 0.344336 1.324550
f 373/2265/373 791/2266/791 792/2267/792 375/2268/375
vt 0.902919 1.676500
vt 1.006290 1.676500
vt 0.989006 1.662460
vt 0.920203 1.662460
f 793/2269/793 794/2270/794 795/2271/795 796/2272/796
vt 0.902919 1.676500
vt 0.904747 1.743610
vt 1.004460 1.743610
vt 1.006290 1.676500
f 793/2273/793 797/2274/797 798/2275/798 794/2276/794
vt 0.579905 1.217610
vt 0.564158 1.230860
vt 0.526451 1.215530
vt 0.544693 1.196950
f 787/2277/787 799/2278/799 800/2279/800 788/2280/788
vt 0.977458 1.401520
vt 0.931752 1.401520
vt 0.924992 1.545040
vt 0.984219 1.545040
f 801/2281/801 802/2282/802 803/2283/803 804/2284/804
vt 0.526451 1.215530
vt 0.564158 1.230860
vt 0.564158 1.251440
vt 0.526451 1.266760
f 800/2285/800 799/2286/799 805/2287/805 806/2288/806
vt 0.924992 1.545040
vt 0.917777 1.600920
vt 0.991434 1.600920
vt 0.984219 1.545040
f 803/2289/803 807/2290/807 808/2291/808 804/2292/804
vt 0.917777 1.600920
vt 0.926718 1.619440
vt 0.982492 1.619440
vt 0.991434 1.600920
f 807/2293/807 394/2294/394 391/2295/391 808/2296/808
vt 0.991434 1.600920
vt 0.982492 1.619440
vt 0.980706 1.665100
vt 0.989006 1.662460
f 808/2297/808 391/2298/391 393/2299/393 795/2300/795
vt 0.526451 1.266760
vt 0.564158 1.251440
vt 0.579905 1.264680
vt 0.544693 1.285340
f 806/2301/806 805/2302/805 786/2303/786 785/2304/785
vt 0.989006 1.662460
vt 0.980706 1.665100
vt 0.928504 1.665100
vt 0.920203 1.662460
f 795/2305/795 393/2306/393 392/2307/392 796/2308/796
vt 0.564158 1.230860
vt 0.688725 1.230860
vt 0.688725 1.251440
vt 0.564158 1.251440
f 799/2309/799 809/2310/809 810/2311/810 805/2312/805
vt 0.023281 1.941170
vt 0.011268 1.930870
vt 0.011268 1.914870
vt 0.023281 1.904580
f 781/2313/781 811/2314/811 812/2315/812 782/2316/782
vt 0.658719 1.078010
vt 0.658719 1.161320
vt 0.650376 1.148410
vt 0.650376 1.090930
f 402/2317/402 423/2318/423 419/2319/419 403/2320/403
vt 0.503080 1.164220
vt 0.501086 1.186620
vt 0.513009 1.185630
vt 0.511480 1.163520
f 412/2321/412 563/2322/563 442/2323/442 416/2324/416
vt 0.511480 1.075810
vt 0.513006 1.053760
vt 0.501083 1.052770
vt 0.503080 1.075120
f 401/2325/401 445/2326/445 556/2327/556 400/2328/400
vt 0.088970 1.444380
vt 0.121064 1.464780
vt 0.213159 1.464780
vt 0.245253 1.444380
f 370/2329/370 482/2330/482 472/2331/472 322/2332/322
vt 0.224605 1.616000
vt 0.178895 1.608470
vt 0.155328 1.608470
vt 0.109618 1.616000
f 342/2333/342 475/2334/475 476/2335/476 372/2336/372
vt 0.121064 1.464780
vt 0.155328 1.478720
vt 0.178895 1.478720
vt 0.213159 1.464780
f 482/2337/482 481/2338/481 474/2339/474 472/2340/472
vt 0.437598 1.030770
vt 0.369766 1.022750
vt 0.369766 1.013440
vt 0.437598 1.005420
f 813/2341/813 510/2342/510 512/2343/512 814/2344/814
vt 0.623793 1.005420
vt 0.680056 1.013440
vt 0.680056 1.022750
vt 0.623793 1.030770
f 815/2345/815 816/2346/816 817/2347/817 818/2348/818
vt 0.195968 1.331120
vt 0.146848 1.331120
vt 0.149006 1.316320
vt 0.184369 1.316320
f 819/2349/819 820/2350/820 821/2351/821 822/2352/822
vt 0.149173 1.331060
vt 0.198292 1.331060
vt 0.186694 1.316260
vt 0.151331 1.316260
f 823/2353/823 824/2354/824 825/2355/825 826/2356/826
vt 0.000000 1.000000
vt 0.000000 1.000000
vt 0.000000 1.000000
vt 0.000000 1.000000
f 827/2357/827 828/2358/828 829/2359/829 48/2360/48
vt 0.279245 0.267841
vt 0.361981 0.259508
vt 0.378587 0.248983
vt 0.216487 0.248880
f 49/2361/49 830/2362/830 831/2363/831 50/2364/50
vt 0.204506 0.259197
vt 0.357465 0.254921
vt 0.341845 0.265474
vt 0.264003 0.275668
f 507/2365/507 832/2366/832 833/2367/833 508/2368/508
vt 0.191502 1.997640
vt 0.203269 2.005320
vt 0.203010 1.959980
vt 0.191242 1.952300
f 514/2369/514 834/2370/834 835/2371/835 478/2372/478
vt 0.640137 1.022750
vt 0.685809 1.019300
vt 0.685809 1.016890
vt 0.640137 1.013440
f 836/2373/836 837/2374/837 838/2375/838 839/2376/839
vt 0.680056 1.013440
vt 0.717837 1.016890
vt 0.717837 1.019300
vt 0.680056 1.022750
f 816/2377/816 840/2378/840 841/2379/841 817/2380/817
vt 0.640137 1.013440
vt 0.620371 1.013440
vt 0.620371 1.022750
vt 0.640137 1.022750
f 839/2381/839 842/2382/842 843/2383/843 836/2384/836
vt 0.504998 1.022750
vt 0.506642 1.019830
vt 0.506642 1.016360
vt 0.504998 1.013440
f 522/2385/522 527/2386/527 528/2387/528 523/2388/523
vt 0.207990 1.773850
vt 0.222115 1.772390
vt 0.221777 1.875410
vt 0.207653 1.876880
f 489/2389/489 844/2390/844 845/2391/845 487/2392/487
vt 0.191242 1.952300
vt 0.203010 1.959980
vt 0.203269 2.005320
vt 0.191502 1.997640
f 498/2393/498 846/2394/846 847/2395/847 496/2396/496
vt 0.207652 1.876880
vt 0.221777 1.875410
vt 0.222115 1.772390
vt 0.207990 1.773850
f 484/2397/484 848/2398/848 849/2399/849 499/2400/499
vt 0.620371 1.013440
vt 0.622016 1.016360
vt 0.622016 1.019830
vt 0.620371 1.022750
f 842/2401/842 526/2402/526 525/2403/525 843/2404/843
vt 0.361164 1.016360
vt 0.361164 1.019830
vt 0.411936 1.019830
vt 0.411936 1.016360
f 511/2405/511 513/2406/513 516/2407/516 524/2408/524
vt 0.717837 1.019300
vt 0.717837 1.016890
vt 0.685809 1.016890
vt 0.685809 1.019300
f 841/2409/841 840/2410/840 838/2411/838 837/2412/837
vt 0.958525 1.816020
vt 0.930893 1.815990
vt 0.931251 1.801000
vt 0.958843 1.801040
f 110/2413/110 773/2414/773 850/2415/850 568/2416/568
vt 0.930893 1.815990
vt 0.903217 1.815950
vt 0.903573 1.800950
vt 0.931251 1.801000
f 773/2417/773 769/2418/769 851/2419/851 850/2420/850
vt 0.958843 1.973040
vt 0.931251 1.973080
vt 0.930893 1.958100
vt 0.958525 1.958060
f 573/2421/573 852/2422/852 739/2423/739 572/2424/572
vt 0.931251 1.973080
vt 0.903573 1.973130
vt 0.903217 1.958140
vt 0.930893 1.958100
f 852/2425/852 853/2426/853 741/2427/741 739/2428/739
vt 0.847968 1.800880
vt 0.847742 1.815880
vt 0.819958 1.815860
vt 0.820071 1.800860
f 854/2429/854 754/2430/754 753/2431/753 855/2432/855
vt 0.847968 1.800880
vt 0.875808 1.800910
vt 0.875499 1.815910
vt 0.847742 1.815880
f 854/2433/854 856/2434/856 756/2435/756 754/2436/754
vt 0.847742 1.958210
vt 0.847968 1.973200
vt 0.820071 1.973230
vt 0.819958 1.958230
f 771/2437/771 857/2438/857 858/2439/858 772/2440/772
vt 0.847742 1.958210
vt 0.875499 1.958180
vt 0.875808 1.973170
vt 0.847968 1.973200
f 771/2441/771 774/2442/774 859/2443/859 857/2444/857
vt 0.875808 1.800910
vt 0.903573 1.800950
vt 0.903217 1.815950
vt 0.875499 1.815910
f 856/2445/856 851/2446/851 769/2447/769 756/2448/756
vt 0.875499 1.958180
vt 0.903217 1.958140
vt 0.903573 1.973130
vt 0.875808 1.973170
f 774/2449/774 741/2450/741 853/2451/853 859/2452/859
