mtllib quicksilver.mtl
usemtl tex0_0
v -0.141497 -0.760280 7.846790
vn 0.787781 0.612864 -0.061631
v -0.123952 -0.481703 7.893930
vn 0.756840 -0.648914 -0.078123
v 0.123952 -0.481703 7.893930
vn -0.818266 -0.569779 -0.076106
v 0.141497 -0.760280 7.846790
vn -0.739626 0.670463 -0.058596
v -0.232142 -0.758865 5.496040
vn 0.728596 0.659684 -0.184294
v -0.217917 -0.382628 6.093430
vn 0.700749 -0.705027 -0.109032
v 0.217917 -0.382628 6.093430
vn -0.689050 -0.717744 -0.100263
v 0.232142 -0.758865 5.496040
vn -0.727398 0.666733 -0.162354
v -0.481866 -0.694525 4.390990
vn 0.998654 0.035783 -0.037559
v -0.418358 -0.173388 3.413260
vn 0.577266 -0.783695 -0.229315
v 0.418358 -0.173388 3.413260
vn -0.585477 -0.791132 -0.176997
v 0.481866 -0.694525 4.390990
vn -0.996295 0.059047 -0.062534
v -0.277039 -0.983928 4.289430
vn 0.294715 0.955192 -0.027414
v 0.277039 -0.983928 4.289430
vn -0.334892 0.941969 -0.023290
v -0.555497 -0.690976 2.514810
vn 0.973230 0.229512 -0.012124
v 0.555497 -0.690976 2.514810
vn -0.971477 0.236792 -0.012710
v -0.556513 -0.248241 2.466050
vn 0.960506 -0.278134 -0.008378
v 0.556513 -0.248241 2.466050
vn -0.951729 -0.305282 -0.031864
v 0.317985 -1.035720 1.951780
vn -0.464900 0.882447 -0.071801
v -0.317985 -1.035720 1.951780
vn 0.455679 0.886006 -0.085734
v 0.301896 0.166608 2.338940
vn -0.321191 -0.941172 -0.105030
v -0.301896 0.166608 2.338940
vn 0.425704 -0.898469 -0.107374
v -0.557710 -0.737205 0.596293
vn 0.911860 0.379608 -0.156231
v 0.557710 -0.737205 0.596293
vn -0.940754 0.315457 -0.124375
v -0.548732 -0.229322 0.613522
vn 0.972750 -0.231662 0.009466
v 0.548732 -0.229322 0.613522
vn -0.966192 -0.257810 -0.002776
v -0.286657 0.205831 0.640010
vn 0.485739 -0.873719 0.025941
v 0.286657 0.205831 0.640010
vn -0.494340 -0.869264 0.002825
v 0.427981 -1.036250 0.428899
vn -0.956813 0.289636 -0.024895
v -0.427981 -1.036250 0.428899
vn 0.949341 0.313177 -0.025922
v -0.305704 -1.267560 0.385992
vn 0.361852 0.925589 -0.111121
v 0.305704 -1.267560 0.385992
vn -0.426725 0.897783 -0.109051
v -0.584931 -0.969416 -0.061639
vn 0.597421 0.774714 -0.207142
v 0.584931 -0.969416 -0.061639
vn -0.295023 0.938789 -0.177865
v -0.582964 -0.284875 -0.056887
vn 0.468978 -0.866377 -0.171610
v 0.582964 -0.284875 -0.056887
vn -0.748377 -0.654865 -0.105280
v 0.436575 -1.041830 -0.106094
vn -0.942307 0.179677 -0.282444
v -0.436575 -1.041830 -0.106094
vn 0.918890 0.151266 -0.364362
v -0.320141 0.147192 -0.125655
vn 0.633107 -0.771859 0.058391
v 0.320141 0.147192 -0.125655
vn -0.646565 -0.760990 0.053372
v 0.426762 -1.334560 -0.025284
vn 0.067369 0.900470 -0.429669
v -0.426762 -1.334560 -0.025284
vn 0.402490 0.708684 -0.579455
v -0.529685 -0.973729 -2.822910
vn 0.242933 0.856198 0.455970
v 0.529685 -0.973729 -2.822910
vn -0.235563 0.860016 0.452639
v -0.527738 -0.293384 -2.805980
vn 0.458133 -0.799023 0.389456
v 0.527738 -0.293384 -2.805980
vn -0.510373 -0.816166 0.270909
v 0.424769 -1.060460 -2.783820
vn -0.934623 -0.341545 0.099130
v -0.424769 -1.060460 -2.783820
vn 0.968762 -0.216596 0.120777
v 0.426049 -1.334400 -2.848140
vn -0.061657 0.935020 0.349194
v -0.426049 -1.334400 -2.848140
vn 0.135106 0.973359 0.185252
v -0.273267 0.103491 -2.453980
vn 0.446539 -0.893836 0.040744
v 0.273267 0.103491 -2.453980
vn -0.424502 -0.904181 0.047476
v -0.395566 -0.763146 -4.923160
vn 0.991400 0.126533 0.033397
v 0.395566 -0.763146 -4.923160
vn -0.991335 0.127922 0.029844
v -0.394952 -0.422545 -4.919270
vn 0.994263 -0.103587 0.026654
v 0.394952 -0.422545 -4.919270
vn -0.994410 -0.100967 0.030885
v 0.279804 -1.022450 -4.793910
vn -0.540278 0.832303 0.123978
v -0.279804 -1.022450 -4.793910
vn 0.636063 0.763278 0.113273
v -0.244749 -0.036090 -4.891700
vn 0.522304 -0.851307 0.049741
v 0.244749 -0.036090 -4.891700
vn -0.518421 -0.853556 0.051798
v 0.216429 -1.265140 -3.442140
vn -0.241198 0.958480 0.152116
v -0.216429 -1.265140 -3.442140
vn 0.248286 0.956285 0.154509
v 0.648557 -1.175920 -0.364436
vn -0.500195 -0.856739 -0.125709
v 0.648557 -1.175920 -2.490060
vn -0.541016 -0.830797 0.130685
v -0.648557 -1.175920 -0.364436
vn 0.542037 -0.830239 -0.129995
v -0.648557 -1.175920 -2.490060
vn 0.500248 -0.856493 0.127169
v 1.288420 -1.767900 -0.499913
vn 0.410175 0.899672 -0.149489
v 1.288420 -1.767900 -2.354760
vn 0.421758 0.892973 0.157226
v 1.388540 -1.615840 -2.354670
vn -0.573186 -0.805196 0.152043
v 1.388540 -1.615840 -0.499823
vn -0.556136 -0.815597 -0.159728
v -1.288420 -1.767900 -2.354760
vn -0.410031 0.899711 0.149647
v -1.288420 -1.767900 -0.499913
vn -0.421915 0.892930 -0.157046
v -1.388540 -1.615840 -0.499823
vn 0.573186 -0.805196 -0.152042
v -1.388540 -1.615840 -2.354670
vn 0.556138 -0.815597 0.159728
v 1.436170 -1.816430 -0.558243
vn -0.271225 0.958387 -0.089062
v 1.436170 -1.816430 -2.296250
vn -0.293457 0.952716 0.078835
v 1.495570 -1.712170 -2.296250
vn -0.968210 -0.234539 0.086953
v 1.495570 -1.712170 -0.558243
vn -0.964224 -0.252542 -0.080595
v -1.436170 -1.816430 -2.296250
vn 0.292025 0.952449 0.086957
v -1.436170 -1.816430 -0.558243
vn 0.274553 0.958189 -0.080589
v -1.495570 -1.712170 -0.558243
vn 0.962709 -0.255460 -0.089058
v -1.495570 -1.712170 -2.296250
vn 0.969158 -0.233490 0.078841
v 2.166630 -2.228030 -0.596822
vn 0.429453 0.894911 -0.121267
v 2.166630 -2.228030 -1.965770
vn 0.400482 0.907214 0.128750
v 2.222120 -2.130630 -1.965770
vn -0.593006 -0.796172 0.120223
v 2.222120 -2.130630 -0.596822
vn -0.529536 -0.838308 -0.129736
v -2.166630 -2.228030 -1.965770
vn -0.382493 0.916102 0.120230
v -2.166630 -2.228030 -0.596822
vn -0.451087 0.883001 -0.129730
v -2.222120 -2.130630 -0.596822
vn 0.550833 -0.825760 -0.121260
v -2.222120 -2.130630 -1.965770
vn 0.576174 -0.807122 0.128756
v 2.284370 -2.263330 -0.719457
vn -0.273277 0.957192 -0.095413
v 2.284370 -2.263330 -1.696750
vn -0.277743 0.958082 0.070263
v 2.312520 -2.213910 -1.696750
vn -0.965151 -0.244040 0.094493
v 2.312520 -2.213910 -0.719457
vn -0.963971 -0.256422 -0.070764
v -2.284370 -2.263330 -1.696750
vn 0.282269 0.954673 0.094469
v -2.284370 -2.263330 -0.719457
vn 0.271061 0.959956 -0.070776
v -2.312520 -2.213910 -0.719457
vn 0.962729 -0.253069 -0.095438
v -2.312520 -2.213910 -1.696750
vn 0.965769 -0.249712 0.070251
v 4.824210 -3.709410 -0.843846
vn 0.038683 0.991424 -0.124828
v 4.824210 -3.709410 -1.169610
vn 0.028149 0.991868 0.124115
v 4.851630 -3.661280 -1.169610
vn -0.841465 -0.525942 0.123777
v 4.851630 -3.661280 -0.843846
vn -0.830421 -0.542893 -0.125172
v -4.824210 -3.709410 -1.169610
vn -0.023310 0.992037 0.123769
v -4.824210 -3.709410 -0.843846
vn -0.043540 0.991182 -0.125152
v -4.851630 -3.661280 -0.843846
vn 0.833097 -0.538855 -0.124837
v -4.851630 -3.661280 -1.169610
vn 0.838861 -0.530002 0.124135
v -1.267910 -0.978597 -2.567900
vn 0.667996 0.738353 0.092819
v -1.272860 -0.978150 -0.278968
vn 0.674834 0.731826 -0.095030
v -1.275490 -0.330403 -0.276975
vn 0.731123 -0.678573 -0.070688
v -1.270530 -0.333082 -2.569900
vn 0.723611 -0.685993 0.076161
v 1.272860 -0.978150 -0.278968
vn -0.677953 0.729098 -0.093793
v 1.267910 -0.978597 -2.567900
vn -0.664504 0.741545 0.092448
v 1.270530 -0.333082 -2.569900
vn -0.724031 -0.685491 0.076685
v 1.275490 -0.330403 -0.276975
vn -0.732773 -0.676697 -0.071590
v -0.203688 -0.916733 -7.085930
vn 0.384004 0.914705 0.125920
v -0.337616 -0.727430 -7.192560
vn 0.804884 0.534705 0.257396
v -0.337616 -0.458175 -7.193020
vn 0.931170 -0.322756 0.169564
v -0.203688 -0.137126 -7.090920
vn 0.538679 -0.817878 0.202238
v 0.203688 -0.137126 -7.090920
vn -0.549193 -0.813987 0.189243
v 0.337616 -0.458175 -7.193020
vn -0.832812 -0.483189 0.270095
v 0.337616 -0.727430 -7.192560
vn -0.906192 0.389163 0.165433
v 0.203688 -0.916733 -7.085930
vn -0.370418 0.919303 0.132938
v -0.679034 -0.858465 -0.003910
vn 0.680042 -0.628896 -0.376872
v -0.680235 -0.347207 -0.001780
vn 0.646507 0.672985 -0.359333
v -1.174920 -0.360498 0.029365
vn -0.680389 0.639583 -0.357777
v -1.172880 -0.887955 0.027330
vn -0.621050 -0.623840 -0.474468
v 0.680235 -0.347207 -0.001780
vn -0.652484 0.677774 -0.338951
v 0.679034 -0.858465 -0.003910
vn -0.680088 -0.630483 -0.374128
v 1.172880 -0.887955 0.027330
vn 0.628550 -0.636901 -0.446411
v 1.174920 -0.360498 0.029365
vn 0.678056 0.636183 -0.368117
v -0.751818 -0.794837 -0.395143
vn 0.751057 -0.566038 -0.339874
v -0.752702 -0.411736 -0.393549
vn 0.525311 0.795506 -0.302026
v -1.203630 -0.418631 -0.367856
vn -0.789774 0.580071 -0.199437
v -1.202120 -0.814520 -0.369359
vn -0.551415 -0.815816 -0.174314
v 0.752702 -0.411736 -0.393549
vn -0.732746 0.587786 -0.342914
v 0.751818 -0.794837 -0.395143
vn -0.561076 -0.772243 -0.298050
v 1.202120 -0.814520 -0.369359
vn 0.771941 -0.599366 -0.211817
v 1.203630 -0.418631 -0.367856
vn 0.587009 0.793634 -0.159891
v -0.669139 -0.350503 -2.874820
vn 0.418034 0.522327 0.743251
v -0.667955 -0.858746 -2.872690
vn 0.428348 -0.453088 0.781811
v -1.166200 -0.891251 -2.910470
vn -0.520520 -0.481563 0.705093
v -1.168230 -0.378868 -2.912500
vn -0.572115 0.496226 0.653027
v 0.667955 -0.858746 -2.872690
vn -0.452128 -0.476997 0.753694
v 0.669139 -0.350503 -2.874820
vn -0.393392 0.494224 0.775233
v 1.168230 -0.378868 -2.912500
vn 0.578512 0.500213 0.644291
v 1.166200 -0.891251 -2.910470
vn 0.512954 -0.477332 0.713466
v -0.719523 -0.416675 -2.698790
vn 0.642687 0.550800 0.532516
v -0.718639 -0.797090 -2.697190
vn 0.534103 -0.708149 0.461800
v -1.156570 -0.819459 -2.722980
vn -0.713092 -0.562840 0.417985
v -1.158080 -0.437001 -2.724480
vn -0.598165 0.727690 0.335658
v 0.718639 -0.797090 -2.697190
vn -0.675653 -0.522583 0.520001
v 0.719523 -0.416675 -2.698790
vn -0.477573 0.736765 0.478646
v 1.158080 -0.437001 -2.724480
vn 0.744060 0.539840 0.393634
v 1.156570 -0.819459 -2.722980
vn 0.544496 -0.754129 0.367169
v 0.132586 -0.797254 -7.282890
vn 0.401474 -0.436236 0.805306
v -0.132586 -0.797254 -7.282890
vn -0.401673 -0.718395 0.567950
v -0.202431 -0.710560 -7.283140
vn -0.155609 -0.284802 0.945872
v -0.202431 -0.475755 -7.283240
vn -0.229613 0.234285 0.944663
v -0.132586 -0.347376 -7.283540
vn -0.354156 0.106873 0.929060
v 0.132586 -0.347376 -7.283540
vn 0.365756 0.115025 0.923576
v 0.202431 -0.475755 -7.283240
vn 0.191881 0.220648 0.956293
v 0.202431 -0.710560 -7.283140
vn 0.187237 -0.301650 0.934853
v -0.074133 -0.520025 8.487190
vn 0.823822 -0.466071 -0.322638
v -0.074133 -0.727229 8.460230
vn 0.623549 0.706167 -0.335434
v 0.074133 -0.727229 8.460230
vn -0.799239 0.519657 -0.301950
v 0.074133 -0.520025 8.487190
vn -0.644159 -0.664747 -0.378378
v 0.252336 -1.342450 -0.384341
vn 0.080193 0.996775 -0.002858
v -0.252336 -1.342450 -0.384341
vn -0.036744 0.998930 -0.028080
v 0.252336 -1.342450 -2.478590
vn 0.050743 0.997201 -0.054917
v -0.252336 -1.342450 -2.478590
vn -0.078511 0.996702 -0.020529
v 0.252887 -0.588806 7.360850
vn -0.675993 -0.720585 -0.154242
v 0.252887 -0.652199 7.352230
vn -0.569546 0.814786 -0.108355
v 0.285023 -0.648348 6.614250
vn -0.623996 0.770065 0.132776
v 0.285023 -0.569552 6.649380
vn -0.565318 -0.821122 0.078581
v -0.252887 -0.652199 7.352230
vn 0.625031 0.770143 -0.127339
v -0.252887 -0.588806 7.360850
vn 0.621807 -0.772093 -0.131259
v -0.285023 -0.569552 6.649380
vn 0.607242 -0.790417 0.080612
v -0.285023 -0.648348 6.614250
vn 0.577897 0.808080 0.114204
v 0.515251 -0.626283 6.835620
vn -0.225168 0.974093 0.021030
v 0.515251 -0.600601 6.835620
vn -0.239316 -0.970931 -0.004501
v -0.515251 -0.600601 6.835620
vn 0.219133 -0.975640 -0.010314
v -0.515251 -0.626283 6.835620
vn 0.245638 0.968999 0.026495
v -0.533129 -0.639209 -5.512970
vn 0.323454 0.942421 -0.084970
v -0.533129 -0.562596 -5.512970
vn 0.247871 -0.965355 -0.081546
v -0.505616 -0.570935 -7.000080
vn 0.173032 -0.980690 0.091139
v -0.505616 -0.628266 -7.000080
vn 0.097055 0.991346 0.088398
v 0.533129 -0.562596 -5.512970
vn -0.323305 -0.942323 -0.086605
v 0.533129 -0.639209 -5.512970
vn -0.248019 0.965457 -0.079871
v 0.505616 -0.628266 -7.000080
vn -0.173105 0.980519 0.092832
v 0.505616 -0.570935 -7.000080
vn -0.096958 -0.991506 0.086685
v -1.115850 -0.585535 -6.750190
vn 0.086051 -0.996250 0.009063
v -1.115850 -0.614038 -6.750190
vn 0.125186 0.992108 0.007046
v 1.115850 -0.614038 -6.750190
vn -0.086156 0.996223 0.010807
v 1.115850 -0.585535 -6.750190
vn -0.125079 -0.992133 0.005311
v -0.159768 -0.617709 8.028270
vn 0.995572 -0.020513 -0.091733
v -0.000000 -0.802077 7.783250
vn -0.034380 0.999309 -0.014109
v -0.157437 -0.786546 6.857700
vn 0.511038 0.859062 -0.029185
v -0.000000 -0.399295 7.859340
vn -0.034133 -0.997816 -0.056560
v -0.157437 -0.429658 7.061880
vn 0.553916 -0.830824 -0.053936
v 0.159768 -0.617709 8.028270
vn -0.996603 0.016972 -0.080591
v 0.157437 -0.429658 7.061880
vn -0.566757 -0.821437 -0.063465
v 0.157437 -0.786546 6.857700
vn -0.460902 0.887323 -0.015068
v -0.274139 -0.570145 5.771810
vn 0.978175 -0.160274 -0.132232
v -0.000000 -0.811920 5.554060
vn -0.041876 0.985931 -0.161825
v -0.000000 -0.325021 6.089150
vn 0.034063 -0.995673 -0.086462
v 0.274139 -0.570145 5.771810
vn -0.987695 -0.095288 -0.124015
v -0.500462 -0.449862 4.276830
vn 0.953618 -0.248769 -0.169487
v -0.447495 -0.739790 5.067410
vn 0.919977 0.183571 -0.346330
v -0.000000 -0.104240 3.489430
vn 0.021334 -0.982654 -0.184220
v -0.308028 -0.281322 5.090090
vn 0.615611 -0.773881 -0.148765
v 0.500462 -0.449862 4.276830
vn -0.969161 -0.233071 -0.080026
v 0.308028 -0.281322 5.090090
vn -0.617675 -0.774742 -0.135102
v -0.530078 -0.684867 3.508800
vn 0.982886 0.180552 -0.036555
v 0.447495 -0.739790 5.067410
vn -0.909575 0.190797 -0.369148
v -0.000000 -1.020660 4.276180
vn 0.011553 0.998939 -0.044581
v -0.449939 -0.873743 4.329200
vn 0.815786 0.578277 -0.009406
v 0.286923 -0.938489 5.011480
vn -0.402664 0.851008 -0.337118
v 0.449939 -0.873743 4.329200
vn -0.841140 0.540244 -0.024905
v -0.286923 -0.938489 5.011480
vn 0.335947 0.870411 -0.359896
v -0.563646 -0.693012 1.502990
vn 0.963654 0.267152 -0.000125
v 0.530078 -0.684867 3.508800
vn -0.978686 0.202649 -0.033263
v -0.538759 -0.226609 3.231440
vn 0.863522 -0.475110 -0.169116
v -0.584147 -0.479247 2.552070
vn 0.999840 0.001353 -0.017847
v 0.538759 -0.226609 3.231440
vn -0.859694 -0.500937 -0.099939
v 0.559234 -0.255452 1.532480
vn -0.973308 -0.229458 0.004544
v 0.584147 -0.479247 2.552070
vn -0.999751 0.011430 -0.019150
v 0.285997 -0.999074 3.249330
vn -0.350455 0.936380 -0.019321
v 0.495842 -0.873327 2.324580
vn -0.844698 0.534655 -0.025065
v -0.285997 -0.999074 3.249330
vn 0.348397 0.937149 -0.019257
v -0.000000 -1.077730 2.057870
vn -0.022183 0.996477 -0.080881
v -0.495842 -0.873327 2.324580
vn 0.810992 0.585051 -0.002610
v 0.337240 -0.027184 3.034690
vn -0.257655 -0.937553 -0.233686
v -0.000000 0.224830 2.315100
vn -0.012691 -0.980365 -0.196784
v 0.473608 -0.008057 2.286440
vn -0.716851 -0.695760 -0.045210
v -0.337240 -0.027184 3.034690
vn 0.389127 -0.895847 -0.214565
v -0.473608 -0.008057 2.286440
vn 0.829244 -0.558320 -0.025148
v -0.551497 -0.801028 0.279696
vn 0.959033 0.248943 -0.135216
v 0.563646 -0.693012 1.502990
vn -0.966215 0.257737 -0.000362
v -0.559234 -0.255452 1.532480
vn 0.973727 -0.227659 0.005173
v 0.546310 -0.264423 0.278927
vn -0.983443 -0.177747 0.035291
v -0.455629 0.020468 0.690357
vn 0.844337 -0.535564 0.016321
v -0.000000 0.267619 0.623228
vn 0.015579 -0.999486 0.028024
v 0.455629 0.020468 0.690357
vn -0.846219 -0.532409 -0.021312
v 0.409791 -1.023570 1.074970
vn -0.838037 0.542214 -0.060811
v 0.489110 -0.887299 0.575991
vn -0.912024 0.409935 -0.012857
v -0.409791 -1.023570 1.074970
vn 0.831743 0.550094 -0.074835
v -0.429349 -1.049790 0.147151
vn 0.935281 0.317746 -0.155843
v -0.489110 -0.887299 0.575991
vn 0.876485 0.478922 -0.049075
v 0.580642 -0.501317 0.727292
vn -0.999566 -0.021457 0.020165
v -0.580642 -0.501317 0.727292
vn 0.999835 0.007321 0.016607
v -0.288470 -1.175710 1.015890
vn 0.365667 0.916558 -0.161890
v -0.000000 -1.298180 0.404365
vn 0.007236 0.990277 -0.138923
v -0.409520 -1.175710 0.330874
vn 0.840928 0.537388 -0.063680
v 0.288470 -1.175710 1.015890
vn -0.379414 0.917829 -0.116770
v 0.409520 -1.175710 0.330874
vn -0.887456 0.457751 -0.053714
v 0.551497 -0.801028 0.279696
vn -0.971005 0.199366 -0.131919
v -0.546310 -0.264423 0.278927
vn 0.991578 -0.128467 0.016408
v 0.603445 -0.209785 -1.373090
vn -0.373180 -0.927449 0.023983
v 0.429349 -1.049790 0.147151
vn -0.943782 0.319143 -0.086160
v -0.445486 -1.044410 -1.422890
vn 0.994409 -0.105401 0.006428
v 0.555254 -0.584894 0.135330
vn -0.962296 0.015589 -0.271557
v -0.484036 -1.007940 -0.274467
vn 0.376000 0.916195 -0.138606
v 0.484036 -1.007940 -0.274467
vn -0.351916 0.934254 -0.057654
v -0.555254 -0.584894 0.135330
vn 0.954811 -0.034033 -0.295257
v -0.279024 0.197709 0.255713
vn 0.440966 -0.896135 0.049912
v -0.452909 -0.008664 -0.253131
vn 0.811117 -0.584750 0.012515
v 0.279024 0.197709 0.255713
vn -0.448731 -0.893371 0.022966
v -0.000000 0.207378 -0.245338
vn 0.010327 -0.998968 0.044220
v 0.452909 -0.008664 -0.253131
vn -0.832606 -0.553825 0.006695
v 0.311448 -1.298180 0.113119
vn -0.433661 0.873593 -0.220848
v 0.427389 -1.178920 0.042346
vn -0.789372 0.118375 -0.602395
v -0.311448 -1.298180 0.113119
vn 0.417180 0.865695 -0.276645
v -0.427389 -1.178920 0.042346
vn 0.895169 -0.017010 -0.445402
v -0.430459 -0.839844 -3.870780
vn 0.994313 0.096410 0.045235
v -0.603445 -0.209785 -1.373090
vn 0.376324 -0.926480 -0.003894
v 0.426618 -0.328625 -3.843010
vn -0.995670 -0.083871 0.040081
v 0.445486 -1.044410 -1.422890
vn -0.954276 -0.298837 0.007275
v -0.379800 -1.051240 -3.765570
vn 0.949026 0.299036 0.099639
v 0.420966 -1.177480 -3.017340
vn -0.879771 -0.301862 0.367262
v -0.420966 -1.177480 -3.017340
vn 0.845983 -0.492305 0.204812
v 0.440103 -1.017480 -2.755860
vn -0.837322 0.544741 0.046363
v -0.484607 -0.599154 -2.911060
vn 0.484972 -0.058266 0.872587
v -0.440103 -1.017480 -2.755860
vn 0.694883 0.718179 0.036826
v -0.280102 0.138572 -1.226710
vn 0.427772 -0.903402 0.029605
v -0.410321 -0.027177 -2.582040
vn 0.812631 -0.581677 0.035812
v 0.280102 0.138572 -1.226710
vn -0.451861 -0.891844 0.020885
v -0.000000 0.147047 -2.411290
vn -0.006620 -0.999098 0.041940
v 0.410321 -0.027177 -2.582040
vn -0.793486 -0.607160 0.041673
v 0.484607 -0.599154 -2.911060
vn -0.485475 0.024268 0.873913
v 0.430459 -0.839844 -3.870780
vn -0.990109 0.127540 0.058460
v -0.426618 -0.328625 -3.843010
vn 0.991224 -0.121002 0.053236
v 0.379800 -1.051240 -3.765570
vn -0.918808 0.380877 0.103557
v -0.000000 -1.049590 -4.974710
vn -0.005674 0.994702 0.102646
v -0.260709 0.035333 -3.668880
vn 0.478625 -0.876157 0.057168
v -0.357473 -0.194766 -4.911670
vn 0.911006 -0.410271 0.041773
v 0.260709 0.035333 -3.668880
vn -0.456395 -0.887487 0.063792
v -0.000000 0.016802 -4.885050
vn -0.003671 -0.998955 0.045549
v 0.357473 -0.194766 -4.911670
vn -0.905001 -0.423299 0.042331
v 0.409577 -0.601121 -4.640870
vn -0.999417 -0.010748 0.032407
v -0.409577 -0.601121 -4.640870
vn 0.999463 0.005797 0.032261
v 0.305025 -1.296740 -3.133640
vn -0.242990 0.960728 0.134004
v 0.279333 -1.177930 -3.881920
vn -0.422522 0.885396 0.193778
v -0.305025 -1.296740 -3.133640
vn 0.522311 0.846706 0.101389
v -0.000000 -1.295310 -3.355260
vn 0.005397 0.988766 0.149372
v -0.279333 -1.177930 -3.881920
vn 0.423504 0.886531 0.186297
v -0.361729 -0.904116 -4.936900
vn 0.931199 0.362206 0.040919
v 0.361729 -0.904116 -4.936900
vn -0.876104 0.479135 0.053588
v 0.604181 -1.263000 -0.010166
vn -0.323418 -0.453960 -0.830254
v 0.604181 -1.263000 -2.844330
vn -0.571471 -0.625351 0.531373
v 0.663350 -1.146900 -1.427250
vn -0.486251 -0.873819 -0.000880
v 0.481949 -1.083150 -2.511750
vn -0.390969 -0.914408 0.104885
v -0.663350 -1.146900 -1.427250
vn 0.486251 -0.873819 0.000880
v -0.604181 -1.263000 -2.844330
vn 0.639104 -0.625962 0.446897
v -0.481949 -1.083150 -2.511750
vn 0.340114 -0.934325 0.106579
v -0.604181 -1.263000 -0.010166
vn 0.523565 -0.611352 -0.593404
v 1.242530 -1.777410 -1.427610
vn 0.435085 0.900390 -0.000184
v 0.885515 -1.551510 -0.429865
vn 0.398947 0.905352 -0.145529
v 1.343640 -1.694670 -2.663810
vn -0.292677 0.168462 0.941255
v 0.885515 -1.551510 -2.425350
vn 0.367997 0.842981 0.392379
v 1.403510 -1.589570 -1.427250
vn -0.560860 -0.827910 0.000977
v 1.027140 -1.397650 -2.424990
vn -0.522887 -0.836648 0.163124
v 1.343640 -1.694670 -0.190682
vn -0.286332 0.167807 -0.943321
v 1.027140 -1.397650 -0.429506
vn -0.531213 -0.832578 -0.156926
v -1.242530 -1.777410 -1.427610
vn -0.435084 0.900390 0.000216
v -0.885515 -1.551510 -2.425350
vn -0.397031 0.906216 0.145388
v -1.343640 -1.694670 -0.190682
vn 0.292427 0.168545 -0.941318
v -0.885515 -1.551510 -0.429865
vn -0.376051 0.847207 -0.375268
v -1.403510 -1.589570 -1.427250
vn 0.560860 -0.827910 -0.000977
v -1.027140 -1.397650 -0.429506
vn 0.522886 -0.836648 -0.163124
v -1.343640 -1.694670 -2.663810
vn 0.286570 0.167730 0.943263
v -1.027140 -1.397650 -2.424990
vn 0.531213 -0.832578 0.156927
v 1.426270 -1.833810 -1.427250
vn -0.266027 0.963965 0.001082
v 1.428100 -1.830590 -0.537255
vn -0.332696 0.938553 -0.091825
v 1.465870 -1.764300 -2.585920
vn -0.851281 0.487749 0.193448
v 1.428100 -1.830590 -2.317240
vn -0.320454 0.941594 0.103492
v 1.505470 -1.694790 -1.427250
vn -0.964769 -0.263095 -0.001083
v 1.503630 -1.698010 -2.317240
vn -0.978835 -0.182852 0.091912
v 1.465870 -1.764300 -0.268575
vn -0.851329 0.481836 -0.207541
v 1.503630 -1.698010 -0.537255
vn -0.973717 -0.202521 -0.104211
v -1.426270 -1.833810 -1.427250
vn 0.265764 0.964037 -0.001083
v -1.428100 -1.830590 -2.317240
vn 0.332790 0.938520 0.091819
v -1.465870 -1.764300 -0.268575
vn 0.848648 0.486549 -0.207524
v -1.428100 -1.830590 -0.537255
vn 0.320424 0.941609 -0.103444
v -1.505470 -1.694790 -1.427250
vn 0.964841 -0.262832 0.001082
v -1.503630 -1.698010 -0.537255
vn 0.978835 -0.182851 -0.091911
v -1.465870 -1.764300 -2.585920
vn 0.853701 0.483494 0.193464
v -1.503630 -1.698010 -2.317240
vn 0.973717 -0.202520 0.104211
v 2.157380 -2.244270 -1.281300
vn 0.435799 0.900043 -0.001084
v 1.852460 -2.053590 -0.579343
vn 0.480707 0.867601 -0.127238
v 2.194370 -2.179330 -2.193930
vn -0.482310 0.275917 0.831413
v 1.852460 -2.053590 -2.112270
vn 0.441505 0.889057 0.121043
v 2.231370 -2.114390 -1.281300
vn -0.552452 -0.833544 0.001063
v 1.911860 -1.949330 -2.112270
vn -0.538952 -0.832736 0.126812
v 2.194370 -2.179330 -0.368664
vn -0.197628 0.116234 -0.973362
v 1.911860 -1.949330 -0.579343
vn -0.503582 -0.855370 -0.121440
v -2.157380 -2.244270 -1.281300
vn -0.435320 0.900275 0.001063
v -1.852460 -2.053590 -2.112270
vn -0.441502 0.888254 0.126812
v -2.194370 -2.179330 -0.368664
vn 0.200858 0.110785 -0.973336
v -1.852460 -2.053590 -0.579343
vn -0.479005 0.869371 -0.121439
v -2.231370 -2.114390 -1.281300
vn 0.552009 -0.833838 -0.001084
v -1.911860 -1.949330 -0.579343
vn 0.501194 -0.855929 -0.127238
v -2.194370 -2.179330 -2.193930
vn 0.483235 0.274153 0.831459
v -1.911860 -1.949330 -2.112270
vn 0.539639 -0.833150 0.121043
v 2.279680 -2.271560 -1.208100
vn -0.265591 0.964080 0.003294
v 2.276560 -2.277040 -0.607061
vn -0.325154 0.942583 -0.076235
v 2.298450 -2.238620 -1.859630
vn -0.847579 0.492127 0.198549
v 2.276560 -2.277040 -1.894250
vn -0.336898 0.937636 0.085667
v 2.317220 -2.205670 -1.208100
vn -0.964649 -0.263517 -0.003287
v 2.320330 -2.200200 -1.894250
vn -0.982216 -0.172856 0.073294
v 2.298450 -2.238620 -0.556575
vn -0.854622 0.477443 -0.204131
v 2.320330 -2.200200 -0.607061
vn -0.971301 -0.220439 -0.089334
v -2.279680 -2.271560 -1.208100
vn 0.265278 0.964166 -0.003296
v -2.276560 -2.277040 -1.894250
vn 0.352197 0.933051 0.073303
v -2.298450 -2.238620 -0.556575
vn 0.846550 0.491598 -0.204166
v -2.276560 -2.277040 -0.607061
vn 0.305752 0.947912 -0.089328
v -2.317220 -2.205670 -1.208100
vn 0.964735 -0.263202 0.003285
v -2.320330 -2.200200 -0.607061
vn 0.976624 -0.200984 -0.076225
v -2.298450 -2.238620 -1.859630
vn 0.855601 0.478057 0.198516
v -2.320330 -2.200200 -1.894250
vn 0.978349 -0.188397 0.085673
v 4.819640 -3.717430 -1.006730
vn -0.265520 0.964105 0.000002
v 3.554290 -2.986370 -0.781651
vn 0.483400 0.864447 -0.138044
v 4.837920 -3.685340 -1.223900
vn -0.845185 0.481675 0.231626
v 3.554290 -2.986370 -1.433180
vn 0.471524 0.873594 0.120408
v 4.856200 -3.653250 -1.006730
vn -0.964729 -0.263246 -0.000008
v 3.582080 -2.937590 -1.433180
vn -0.513450 -0.846955 0.137971
v 4.837920 -3.685340 -0.789552
vn -0.843665 0.480597 -0.239283
v 3.582080 -2.937590 -0.781651
vn -0.496722 -0.859507 -0.120476
v -4.819640 -3.717430 -1.006730
vn 0.265523 0.964104 -0.000003
v -3.554290 -2.986370 -1.433180
vn -0.466731 0.873575 0.137943
v -4.837920 -3.685340 -0.789552
vn 0.843644 0.480637 -0.239277
v -3.554290 -2.986370 -0.781651
vn -0.486054 0.865585 -0.120472
v -4.856200 -3.653250 -1.006730
vn 0.964728 -0.263249 0.000008
v -3.582080 -2.937590 -0.781651
vn 0.497094 -0.856641 -0.138072
v -4.837920 -3.685340 -1.223900
vn 0.845344 0.481395 0.231631
v -3.582080 -2.937590 -1.433180
vn 0.511021 -0.851093 0.120412
v -0.481949 -1.083150 -0.342746
vn 0.636579 -0.766127 -0.088418
v 0.481949 -1.083150 -0.342746
vn -0.590194 -0.802113 -0.091029
v 0.610340 -1.041730 -1.401110
vn -0.028266 0.999577 0.006834
v -0.610340 -1.041730 -1.401110
vn -0.099622 0.995021 -0.002795
v -1.287840 -0.991758 -1.422890
vn 0.673191 0.739468 0.001432
v -0.939315 -1.057320 -2.540070
vn 0.064486 0.995252 0.072907
v -1.378730 -0.662199 -0.276426
vn 0.995572 0.007816 -0.093672
v -0.959110 -1.057320 -0.283928
vn -0.021665 0.978213 -0.206471
v -1.290560 -0.326683 -1.422890
vn 0.730289 -0.683132 0.003060
v -0.961928 -0.203695 -0.281287
vn 0.107625 -0.992781 -0.052945
v -1.378730 -0.663985 -2.578070
vn 0.995466 0.009809 0.094612
v -0.942064 -0.205481 -2.542720
vn 0.067968 -0.982173 0.175261
v 1.287840 -0.991758 -1.422890
vn -0.672612 0.739993 0.001858
v 0.959110 -1.057320 -0.283928
vn -0.005012 0.998028 -0.062575
v 1.378730 -0.663985 -2.578070
vn -0.995433 0.012443 0.094650
v 0.939315 -1.057320 -2.540070
vn -0.061252 0.996007 0.064955
v 1.290560 -0.326683 -1.422890
vn -0.730382 -0.683034 0.002724
v 0.942064 -0.205481 -2.542720
vn -0.105071 -0.992626 0.060447
v 1.378730 -0.662199 -0.276426
vn -0.995526 0.012613 -0.093644
v 0.961928 -0.203695 -0.281287
vn -0.067292 -0.989250 -0.129828
v -0.000000 -1.334920 -2.896610
vn 0.024387 0.999703 0.000000
v -0.298470 -0.841945 -7.086810
vn 0.819886 0.549824 0.159625
v -0.227711 -0.956538 -6.135840
vn 0.450825 0.891257 0.049174
v -0.333301 -0.599272 -7.385180
vn 0.825483 0.295722 0.480756
v -0.365475 -0.766322 -6.137850
vn 0.979706 0.198335 0.028966
v -0.298470 -0.274144 -7.089660
vn 0.891089 -0.426921 0.153947
v -0.365475 -0.411090 -6.138840
vn 0.989470 -0.142648 0.024493
v 0.000000 -0.091453 -7.091340
vn 0.008449 -0.977947 0.208683
v -0.227711 -0.080969 -6.142750
vn 0.565049 -0.823624 0.048619
v 0.298470 -0.274144 -7.089660
vn -0.911426 -0.373781 0.172021
v 0.227711 -0.080969 -6.142750
vn -0.561020 -0.826175 0.051871
v 0.333301 -0.599272 -7.385180
vn -0.824384 -0.280570 0.491600
v 0.365475 -0.411090 -6.138840
vn -0.991129 -0.129835 0.028401
v 0.298470 -0.841945 -7.086810
vn -0.777367 0.615354 0.130537
v 0.365475 -0.766322 -6.137850
vn -0.978092 0.206495 0.026398
v 0.000000 -0.941662 -7.085640
vn -0.004994 0.992230 0.124314
v 0.227711 -0.956538 -6.135840
vn -0.399844 0.915005 0.053771
v -0.597257 -0.599271 -0.008044
vn 0.951842 0.013136 -0.306307
v -0.661006 -0.894644 0.067136
vn 0.725607 -0.127306 -0.676231
v -0.927845 -0.267293 0.014139
vn -0.039414 0.933522 -0.356348
v -0.662430 -0.314771 0.069559
vn 0.028586 -0.032325 -0.999069
v -1.256280 -0.627791 0.033546
vn -0.927851 -0.005626 -0.372908
v -1.222360 -0.341564 0.095879
vn 0.152276 -0.141723 -0.978124
v -0.925689 -0.959769 0.011363
vn 0.033892 -0.890294 -0.454124
v -1.220000 -0.937326 0.093486
vn 0.146114 0.207550 -0.967251
v 0.597257 -0.599271 -0.008044
vn -0.952726 0.002840 -0.303817
v 0.662430 -0.314771 0.069559
vn -0.801121 0.119925 -0.586365
v 0.925689 -0.959769 0.011363
vn -0.044266 -0.901087 -0.431374
v 0.661006 -0.894644 0.067136
vn -0.031329 0.038475 -0.998768
v 1.256280 -0.627791 0.033546
vn 0.928484 0.003388 -0.371357
v 1.220000 -0.937326 0.093486
vn -0.150230 0.186864 -0.970831
v 0.927845 -0.267293 0.014139
vn 0.048794 0.937156 -0.345483
v 1.222360 -0.341564 0.095879
vn -0.159634 -0.132652 -0.978223
v -0.677158 -0.601072 -0.398636
vn 0.893108 0.175036 -0.414392
v -0.711753 -0.825778 -0.174613
vn 0.695290 -0.676011 -0.244092
v -0.978364 -0.350268 -0.380445
vn -0.199501 0.908039 -0.368326
v -0.712783 -0.379505 -0.172756
vn 0.668999 0.704469 -0.236988
v -1.277980 -0.618791 -0.364318
vn -0.952425 -0.186076 -0.241375
v -1.176910 -0.387538 -0.142827
vn -0.718669 0.692944 -0.057831
v -0.976770 -0.869595 -0.382509
vn 0.186853 -0.906195 -0.379337
v -1.175160 -0.848707 -0.144577
vn -0.691358 -0.717512 -0.084857
v 0.677158 -0.601072 -0.398636
vn -0.897469 -0.158815 -0.411495
v 0.712783 -0.379505 -0.172756
vn -0.669391 0.702133 -0.242744
v 0.976770 -0.869595 -0.382509
vn 0.150291 -0.913577 -0.377874
v 0.711753 -0.825778 -0.174613
vn -0.696905 -0.674631 -0.243303
v 1.277980 -0.618791 -0.364318
vn 0.955993 0.170073 -0.239067
v 1.175160 -0.848707 -0.144577
vn 0.693074 -0.715136 -0.090710
v 0.978364 -0.350268 -0.380445
vn -0.138427 0.917087 -0.373883
v 1.176910 -0.387538 -0.142827
vn 0.719936 0.691704 -0.056891
v -0.585436 -0.599552 -2.867470
vn 0.658517 0.010060 0.752499
v -0.634635 -0.316557 -2.893560
vn 0.015113 -0.066637 0.997663
v -0.916810 -0.960051 -2.891230
vn -0.019173 -0.665296 0.746333
v -0.633279 -0.894644 -2.891140
vn 0.047383 -0.003027 0.998872
v -1.250330 -0.640132 -2.917770
vn -0.780377 0.003002 0.625302
v -1.216040 -0.939112 -2.943620
vn 0.230242 0.335849 0.913342
v -0.918952 -0.279633 -2.894010
vn -0.097154 0.730645 0.675810
v -1.218390 -0.352280 -2.946020
vn 0.250516 -0.283136 0.925784
v 0.585436 -0.599552 -2.867470
vn -0.658144 0.007285 0.752857
v 0.633279 -0.894644 -2.891140
vn -0.060782 -0.016182 0.998020
v 0.918952 -0.279633 -2.894010
vn 0.097684 0.713409 0.693906
v 0.634635 -0.316557 -2.893560
vn 0.002538 -0.145633 0.989335
v 1.250330 -0.640132 -2.917770
vn 0.780242 -0.003485 0.625468
v 1.218390 -0.352280 -2.946020
vn -0.255404 -0.295409 0.920599
v 0.916810 -0.960051 -2.891230
vn 0.017890 -0.681418 0.731675
v 1.216040 -0.939112 -2.943620
vn -0.222573 0.332407 0.916497
v -0.646040 -0.603325 -2.693700
vn 0.795949 -0.130669 0.591093
v -0.696194 -0.383761 -2.800660
vn 0.606345 0.664488 0.436809
v -0.937407 -0.871848 -2.709830
vn -0.120256 -0.796748 0.592226
v -0.695164 -0.826904 -2.798800
vn 0.653126 -0.632828 0.415879
v -1.230370 -0.631788 -2.728020
vn -0.886478 0.137203 0.441965
v -1.152380 -0.852962 -2.828840
vn -0.671079 -0.673960 0.308918
v -0.939001 -0.363265 -2.711890
vn 0.061238 0.804972 0.590143
v -1.154140 -0.407439 -2.830590
vn -0.715826 0.651888 0.250271
v 0.646040 -0.603325 -2.693700
vn -0.788881 0.149003 0.596209
v 0.695164 -0.826904 -2.798800
vn -0.648924 -0.629499 0.427349
v 0.939001 -0.363265 -2.711890
vn 0.194089 0.790824 0.580454
v 0.696194 -0.383761 -2.800660
vn -0.609204 0.671007 0.422636
v 1.230370 -0.631788 -2.728020
vn 0.880866 -0.153669 0.447728
v 1.154140 -0.407439 -2.830590
vn 0.713948 0.650565 0.258926
v 0.937407 -0.871848 -2.709830
vn -0.134636 -0.790704 0.597210
v 1.152380 -0.852962 -2.828840
vn 0.671390 -0.678720 0.297615
v -0.000000 -0.805376 -7.271990
vn -0.000077 -0.530943 0.847408
v 0.166776 -0.857296 -7.402510
vn -0.071062 0.144605 0.986934
v -0.189816 -0.772886 -7.315610
vn -0.347665 -0.519578 0.780492
v -0.166776 -0.857296 -7.402510
vn 0.096008 0.108081 0.989495
v -0.206636 -0.596517 -7.272320
vn 0.455706 -0.001657 0.890129
v -0.265318 -0.720885 -7.403520
vn -0.279503 0.372930 0.884761
v -0.189816 -0.393272 -7.315980
vn -0.367086 0.130394 0.921002
v -0.265318 -0.463506 -7.403890
vn 0.068898 -0.113068 0.991196
v -0.000000 -0.332078 -7.272730
vn 0.000089 -0.070639 0.997502
v -0.166776 -0.242382 -7.405130
vn 0.115926 -0.154124 0.981227
v 0.189816 -0.393272 -7.315980
vn 0.352639 0.133380 0.926205
v 0.166776 -0.242382 -7.405130
vn -0.117492 -0.127803 0.984816
v 0.206636 -0.596517 -7.272320
vn -0.455701 -0.002087 0.890131
v 0.265318 -0.463506 -7.403890
vn 0.266059 -0.349862 0.898226
v 0.189816 -0.772886 -7.315610
vn 0.337868 -0.202002 0.919261
v 0.265318 -0.720885 -7.403520
vn -0.033909 0.177027 0.983622
v -0.289658 0.208539 1.354900
vn 0.519924 -0.854165 -0.009005
v 0.289658 0.208539 1.354900
vn -0.503923 -0.863734 -0.005020
v -0.098844 -0.623627 8.473710
vn 0.891415 0.184185 -0.414072
v -0.098971 -0.485526 8.267800
vn 0.744060 -0.655120 -0.131120
v -0.000000 -0.761763 8.455730
vn -0.157481 0.879355 -0.449371
v -0.098971 -0.753526 8.246360
vn 0.759287 0.640532 -0.114902
v 0.098844 -0.623627 8.473710
vn -0.894994 -0.108050 -0.432794
v 0.098971 -0.753526 8.246360
vn -0.755378 0.644988 -0.115735
v -0.000000 -0.485491 8.491690
vn 0.159385 -0.841455 -0.516285
v 0.098971 -0.485526 8.267800
vn -0.788310 -0.600443 -0.134294
v 0.501687 -1.387170 -1.430840
vn 0.381686 0.924275 0.005679
v -0.501687 -1.387170 -1.430840
vn -0.098050 0.995170 -0.004796
v 0.279369 -1.342450 -0.029658
vn 0.021057 0.996288 -0.083472
v -0.000000 -1.334920 -0.411170
vn -0.000686 1.000000 -0.000516
v -0.279369 -1.342450 -0.029658
vn 0.004110 0.983993 -0.178160
v -0.000000 -1.334920 -2.451220
vn -0.000175 0.998060 -0.062267
v 0.243325 -1.342450 -1.431550
vn 0.079307 0.996850 0.000016
v -0.243325 -1.342450 -1.431550
vn -0.079308 0.996850 0.000051
v -0.416465 -1.365060 -0.287020
vn 0.326427 0.943962 -0.048797
v -0.416465 -1.365060 -2.576090
vn -0.158921 0.987072 -0.020823
v 0.416465 -1.365060 -2.576090
vn 0.148552 0.986616 -0.067247
v 0.416465 -1.365060 -0.287020
vn 0.129069 0.990981 -0.036016
v 0.496354 -0.900343 0.249469
vn -0.547031 0.781595 -0.299778
v 0.472707 -0.018245 0.261614
vn -0.903130 -0.426918 0.045802
v -0.472707 -0.018245 0.261614
vn 0.910705 -0.407128 0.069737
v -0.496354 -0.900343 0.249469
vn 0.496105 0.744983 -0.445959
v 0.252898 -0.622349 7.473600
vn -0.949326 0.084918 -0.302605
v 0.185192 -0.527823 7.597940
vn -0.937336 -0.331187 -0.108244
v 0.252853 -0.662149 6.990780
vn -0.509557 0.860392 -0.008758
v 0.185192 -0.707165 7.563470
vn -0.849512 0.516486 -0.107571
v 0.295746 -0.606946 6.507300
vn -0.938228 -0.114811 0.326414
v 0.234639 -0.701227 6.344020
vn -0.894806 0.445857 0.023092
v 0.252853 -0.567777 7.019950
vn -0.557813 -0.829211 -0.035410
v 0.234639 -0.498133 6.484550
vn -0.873169 -0.487172 0.015480
v -0.252898 -0.622349 7.473600
vn 0.953866 -0.001365 -0.300228
v -0.185192 -0.707165 7.563470
vn 0.927150 0.362436 -0.095039
v -0.252853 -0.567777 7.019950
vn 0.560659 -0.827123 -0.039095
v -0.185192 -0.527823 7.597940
vn 0.892099 -0.434709 -0.123234
v -0.295746 -0.606946 6.507300
vn 0.950521 -0.037116 0.308435
v -0.234639 -0.498133 6.484550
vn 0.900297 -0.435275 0.000246
v -0.252853 -0.662149 6.990780
vn 0.506108 0.862445 -0.006558
v -0.234639 -0.701227 6.344020
vn 0.883367 0.466616 0.043954
v 0.438164 -0.632615 7.056930
vn -0.210860 0.976191 -0.050889
v 0.596356 -0.612250 6.779270
vn -0.997591 0.029727 0.062683
v 0.453983 -0.630722 6.710430
vn -0.195047 0.973426 0.119994
v 0.438164 -0.601982 7.056930
vn -0.266712 -0.956750 -0.116161
v 0.453983 -0.592517 6.710430
vn -0.172181 -0.982222 0.074794
v -0.438164 -0.601982 7.056930
vn 0.213229 -0.973894 -0.077874
v -0.596356 -0.612250 6.779270
vn 0.997422 -0.037645 0.061097
v -0.453983 -0.592517 6.710430
vn 0.187348 -0.979834 0.069471
v -0.438164 -0.632615 7.056930
vn 0.259641 0.962039 -0.084071
v -0.453983 -0.630722 6.710430
vn 0.173499 0.979200 0.105192
v -0.550712 -0.601110 -5.275880
vn 0.915073 -0.049608 -0.400225
v -0.392886 -0.675410 -5.246600
vn 0.858832 0.510569 -0.041554
v -0.480378 -0.555334 -6.224250
vn 0.184363 -0.982801 0.010641
v -0.392886 -0.526879 -5.246600
vn 0.808757 -0.585275 -0.058005
v -0.514029 -0.599373 -7.258690
vn 0.534033 0.045433 0.844242
v -0.359897 -0.536877 -7.029780
vn 0.602318 -0.788411 0.124986
v -0.480378 -0.645230 -6.224250
vn 0.183347 0.982963 0.012954
v -0.359897 -0.662288 -7.029780
vn 0.524414 0.841023 0.132931
v 0.550712 -0.601110 -5.275880
vn -0.915081 0.050087 -0.400147
v 0.392886 -0.526879 -5.246600
vn -0.858450 -0.511142 -0.042405
v 0.480378 -0.645230 -6.224250
vn -0.184463 0.982762 0.012364
v 0.392886 -0.675410 -5.246600
vn -0.803781 0.592208 -0.056807
v 0.514029 -0.599373 -7.258690
vn -0.533957 -0.046883 0.844211
v 0.359897 -0.662288 -7.029780
vn -0.596956 0.792356 0.125758
v 0.480378 -0.555334 -6.224250
vn -0.183246 -0.983003 0.011232
v 0.359897 -0.536877 -7.029780
vn -0.529721 -0.837759 0.132501
v -0.956022 -0.578162 -6.195010
vn 0.101249 -0.994324 -0.032701
v -1.312270 -0.599633 -6.912760
vn 0.996949 -0.056185 0.054192
v -0.940610 -0.582833 -7.028060
vn 0.047994 -0.997756 0.046679
v -0.956022 -0.622401 -6.195010
vn 0.147485 0.987953 -0.046867
v -0.940610 -0.616271 -7.028060
vn 0.040360 0.998024 0.048155
v 0.956022 -0.622401 -6.195010
vn -0.101366 0.994367 -0.030961
v 1.312270 -0.599633 -6.912760
vn -0.996954 0.055982 0.054300
v 0.940610 -0.616271 -7.028060
vn -0.048098 0.997668 0.048422
v 0.956022 -0.578162 -6.195010
vn -0.147364 -0.987888 -0.048592
v 0.940610 -0.582833 -7.028060
vn -0.040255 -0.998111 0.046412
v -0.000000 -0.623627 8.626610
vn -0.006634 0.092740 -0.995668
v 0.456996 -0.617929 7.099770
vn -0.909005 0.088001 -0.407389
v -0.000000 -0.811185 6.830550
vn -0.033044 0.999405 -0.009926
v -0.000000 -0.363868 7.063890
vn 0.034982 -0.998102 -0.050673
v -0.456996 -0.617929 7.099770
vn 0.911597 -0.066591 -0.405656
v -0.410704 -0.500181 5.108090
vn 0.946278 -0.282596 -0.157153
v -0.000000 -0.208369 5.084090
vn -0.000125 -0.995585 -0.093862
v 0.410704 -0.500181 5.108090
vn -0.946305 -0.279828 -0.161876
v -0.000000 -0.959655 5.049530
vn -0.029826 0.980161 -0.195943
v 0.453792 -0.874992 4.999480
vn -0.750039 0.532468 -0.392325
v -0.453792 -0.874992 4.999480
vn 0.708632 0.589343 -0.387962
v -0.556328 -0.454810 3.440910
vn 0.985122 -0.101063 -0.138998
v -0.000000 0.000992 3.073970
vn 0.008503 -0.959165 -0.282720
v 0.556328 -0.454810 3.440910
vn -0.995841 -0.079430 -0.044623
v 0.476603 -0.873327 3.398680
vn -0.800516 0.599026 -0.018497
v -0.000000 -1.040990 3.199550
vn 0.000000 0.999674 -0.025523
v -0.476603 -0.873327 3.398680
vn 0.799201 0.600780 -0.018456
v 0.426753 -0.043712 2.916860
vn -0.551500 -0.819608 -0.155213
v -0.426753 -0.043712 2.916860
vn 0.682748 -0.717839 -0.136245
v 0.467634 0.003828 1.443690
vn -0.856998 -0.515313 0.002698
v 0.485282 -0.873327 1.325730
vn -0.889980 0.455374 -0.023865
v -0.000000 -1.187950 1.089380
vn -0.014860 0.989893 -0.141034
v -0.485282 -0.873327 1.325730
vn 0.862323 0.506354 -0.002165
v 0.589768 -0.487393 1.562080
vn -0.999970 -0.007402 0.002381
v -0.589768 -0.487393 1.562080
vn 0.999986 0.004228 0.003248
v -0.392286 -1.138970 0.795412
vn 0.760082 0.636534 -0.130762
v -0.000000 -1.176490 -4.026010
vn 0.000838 0.986403 0.164342
v 0.392286 -1.138970 0.795412
vn -0.771525 0.631292 -0.078861
v 0.564223 -0.543089 0.304075
vn -0.997066 -0.056252 0.051917
v -0.514257 -0.925503 0.208366
vn 0.549748 0.721638 -0.420732
v 0.471605 -0.929214 0.249248
vn -0.877964 0.475803 -0.052832
v -0.564223 -0.543089 0.304075
vn 0.998690 0.042736 0.028159
v -0.425096 0.070391 0.328202
vn 0.792558 -0.607854 0.048640
v -0.000000 0.240148 0.231550
vn 0.015655 -0.998206 0.057782
v 0.491629 -0.077771 0.201676
vn -0.909543 -0.413762 0.039134
v 0.415264 -1.187950 0.113119
vn -0.902090 0.425320 -0.073048
v -0.000000 -1.334920 0.113119
vn -0.004895 0.990159 -0.139862
v -0.415264 -1.187950 0.113119
vn 0.894760 0.440397 -0.073852
v 4.837920 -3.685340 -1.006730
vn -0.868898 0.494992 -0.000004
v -4.837920 -3.685340 -1.006730
vn 0.868898 0.494992 0.000004
v -0.429408 0.007307 -1.297720
vn 0.717373 -0.696272 0.024117
v -0.000000 0.182327 -1.203040
vn 0.010321 -0.999647 0.024494
v 0.429408 0.007307 -1.297720
vn -0.743146 -0.668875 0.018435
v -0.384840 -0.109438 -3.756060
vn 0.891247 -0.450963 0.048072
v -0.000000 0.083590 -3.639820
vn -0.006633 -0.998512 0.054134
v 0.384840 -0.109438 -3.756060
vn -0.876587 -0.478173 0.054280
v 0.440267 -0.600129 -3.871390
vn -0.997900 0.032012 0.056308
v -0.440267 -0.600129 -3.871390
vn 0.997733 -0.036985 0.056227
v 0.389572 -1.182220 -3.449630
vn -0.746677 0.637060 0.191387
v -0.000000 -1.334920 -3.028300
vn 0.030899 0.997706 0.060228
v -0.389572 -1.182220 -3.449630
vn 0.912304 0.385496 0.138185
v -0.401866 -0.963661 -3.870720
vn 0.962914 0.265422 0.048451
v 0.401866 -0.963661 -3.870720
vn -0.936421 0.347026 0.051852
v 0.463762 -1.151810 -2.873250
vn -0.458059 -0.856718 0.237099
v 0.463762 -1.132350 -0.060893
vn -0.621985 -0.570674 -0.536158
v -0.488012 -1.060260 -1.427250
vn 0.408422 -0.912793 0.000065
v -0.463762 -1.151810 -2.873250
vn 0.406599 -0.881837 0.238832
v 0.745096 -1.513800 -1.428680
vn 0.464952 0.885317 0.005699
v 0.976940 -1.485760 -2.757570
vn -0.359589 -0.258150 0.896691
v 1.043870 -1.368280 -1.427250
vn -0.514601 -0.857430 -0.000816
v 0.976940 -1.485760 -0.096926
vn -0.361416 0.177957 -0.915265
v -0.745096 -1.513800 -1.428680
vn -0.465049 0.885267 -0.005720
v -0.976940 -1.485760 -0.096926
vn 0.339551 -0.217983 -0.914980
v -1.043870 -1.368280 -1.427250
vn 0.514601 -0.857430 0.000816
v -0.976940 -1.485760 -2.757570
vn 0.367279 0.179279 0.912669
v 1.415520 -1.852690 -1.427250
vn -0.314885 0.949130 -0.000245
v 1.465870 -1.764300 -2.613900
vn -0.846479 0.482361 0.225393
v 1.516220 -1.675920 -1.427250
vn -0.978856 -0.204547 0.001305
v 1.465870 -1.764300 -0.240590
vn -0.845621 0.482814 -0.227629
v -1.415520 -1.852690 -1.427250
vn 0.314904 0.949124 0.000249
v -1.465870 -1.764300 -0.240590
vn 0.846480 0.482385 -0.225337
v -1.516220 -1.675920 -1.427250
vn 0.978856 -0.204548 -0.001305
v -1.465870 -1.764300 -2.613900
vn 0.845636 0.482802 0.227599
v 1.842560 -2.070970 -1.345800
vn 0.486799 0.873514 0.000768
v 1.882160 -2.001460 -2.367750
vn -0.349577 0.206254 0.913923
v 1.921760 -1.931950 -1.345800
vn -0.502945 -0.864318 -0.000771
v 1.882160 -2.001460 -0.323855
vn -0.084689 0.040969 -0.995565
v -1.842560 -2.070970 -1.345800
vn -0.487027 0.873386 -0.000771
v -1.882160 -2.001460 -0.323855
vn 0.078440 0.051967 -0.995563
v -1.921760 -1.931950 -1.345800
vn 0.503171 -0.864187 0.000768
v -1.882160 -2.001460 -2.367750
vn 0.355673 0.195531 0.913928
v 2.269260 -2.289850 -1.250660
vn -0.320943 0.947097 -0.001447
v 2.298450 -2.238620 -2.108780
vn -0.854840 0.487114 0.178799
v 2.327630 -2.187390 -1.250660
vn -0.978483 -0.206324 0.001419
v 2.298450 -2.238620 -0.392530
vn -0.850826 0.486287 -0.199048
v -2.269260 -2.289850 -1.250660
vn 0.321515 0.946903 0.001421
v -2.298450 -2.238620 -0.392530
vn 0.852231 0.483832 -0.199022
v -2.327630 -2.187390 -1.250660
vn 0.978359 -0.206912 -0.001445
v -2.298450 -2.238620 -2.108780
vn 0.854978 0.486862 0.178823
v 3.549660 -2.994500 -1.107410
vn 0.493214 0.869905 0.002332
v 3.568180 -2.961980 -1.541760
vn -0.159327 0.112423 0.980804
v 3.586710 -2.929460 -1.107410
vn -0.496509 -0.868028 -0.002326
v 3.568180 -2.961980 -0.673064
vn -0.061226 0.013703 -0.998030
v -3.549660 -2.994500 -1.107410
vn -0.493493 0.869746 -0.002333
v -3.568180 -2.961980 -0.673064
vn 0.042982 0.045696 -0.998030
v -3.586710 -2.929460 -1.107410
vn 0.496787 -0.867869 0.002325
v -3.568180 -2.961980 -1.541760
vn 0.177954 0.079757 0.980801
v -0.463762 -1.132350 -0.060893
vn 0.734300 -0.593512 -0.329464
v 0.463405 -1.035420 -1.409820
vn -0.468304 0.883480 0.012404
v 0.488012 -1.060260 -1.427250
vn -0.408422 -0.912793 -0.000061
v -0.463405 -1.035420 -1.409820
vn 0.255230 0.966850 -0.007621
v -0.954861 -1.071780 -1.409820
vn 0.040003 0.999163 0.008494
v -0.977567 -0.609931 -0.885477
vn -0.024846 -0.008037 -0.999659
v -0.957739 -0.194861 -1.409820
vn 0.129945 -0.991462 -0.010878
v -0.938204 -0.617556 -2.442860
vn -0.043313 0.003396 0.999056
v 0.954861 -1.071780 -1.409820
vn -0.076992 0.997032 0.000644
v 0.938204 -0.617556 -2.442860
vn 0.043794 0.000485 0.999040
v 0.957739 -0.194861 -1.409820
vn -0.123332 -0.992263 0.014236
v 0.977567 -0.609931 -0.885477
vn 0.024545 0.011317 -0.999635
v -0.332725 -0.869007 -6.136850
vn 0.860479 0.508003 0.038847
v -1.010580 -0.600363 -6.099200
vn 0.921687 -0.051760 -0.384466
v -0.332725 -0.238452 -6.140790
vn 0.927474 -0.372125 0.036257
v -0.000000 -0.028475 -6.143400
vn -0.003686 -0.998664 0.051534
v 0.332725 -0.238452 -6.140790
vn -0.921980 -0.385199 0.039690
v 1.010580 -0.600363 -6.099200
vn -0.921696 0.052307 -0.384371
v 0.332725 -0.869007 -6.136850
vn -0.839087 0.542084 0.045586
v -0.000000 -0.985714 -6.135510
vn -0.001106 0.998744 0.050089
v -0.568474 -0.598918 0.063958
vn 0.798059 -0.086629 -0.596320
v -0.942712 -0.230198 0.083121
vn -0.024768 -0.202358 -0.978998
v -1.314420 -0.645234 0.099072
vn 0.251337 0.017040 -0.967750
v -0.940186 -1.013950 0.079909
vn -0.005222 0.102620 -0.994707
v 0.568474 -0.598918 0.063958
vn -0.798545 0.091887 -0.594881
v 0.940186 -1.013950 0.079909
vn 0.035378 0.236181 -0.971065
v 1.314420 -0.645234 0.099072
vn -0.249105 0.014346 -0.968370
v 0.942712 -0.230198 0.083121
vn 0.008453 -0.085631 -0.996291
v -0.634974 -0.600061 -0.178681
vn 0.975499 0.011849 -0.219686
v -0.945079 -0.307902 -0.157491
vn -0.025733 0.982259 -0.185755
v -1.253330 -0.620702 -0.138705
vn -0.999555 -0.011700 0.027426
v -0.943222 -0.912862 -0.159895
vn 0.026772 -0.977022 -0.211452
v 0.634974 -0.600061 -0.178681
vn -0.975442 0.001090 -0.220254
v 0.943222 -0.912862 -0.159895
vn -0.036490 -0.975438 -0.217229
v 1.253330 -0.620702 -0.138705
vn 0.999630 -0.002010 0.027141
v 0.945079 -0.307902 -0.157491
vn 0.036395 0.981236 -0.189343
v -0.536748 -0.598918 -2.883600
vn 0.401427 0.011510 0.915819
v -0.924350 -1.013950 -2.916980
vn -0.074009 0.474966 0.876886
v -1.314420 -0.652378 -2.953570
vn 0.404000 0.014319 0.914647
v -0.926821 -0.237342 -2.920190
vn -0.049256 -0.287057 0.956646
v 0.536748 -0.598918 -2.883600
vn -0.400464 0.005137 0.916298
v 0.926821 -0.237342 -2.920190
vn 0.060440 -0.453345 0.889284
v 1.314420 -0.652378 -2.953570
vn -0.404238 0.013099 0.914560
v 0.924350 -1.013950 -2.916980
vn 0.074331 0.464891 0.882242
v -0.619415 -0.601188 -2.794730
vn 0.929952 0.005194 0.367643
v -0.923541 -0.913989 -2.813520
vn 0.022874 -0.905642 0.423425
v -1.229520 -0.634345 -2.834710
vn -0.988657 -0.004208 0.150130
v -0.925397 -0.321544 -2.815920
vn -0.077634 0.915738 0.394204
v 0.619415 -0.601188 -2.794730
vn -0.930088 0.011562 0.367154
v 0.925397 -0.321544 -2.815920
vn 0.070366 0.918253 0.389692
v 1.229520 -0.634345 -2.834710
vn 0.988652 -0.010682 0.149841
v 0.923541 -0.913989 -2.813520
vn -0.016034 -0.906210 0.422523
v 0.000000 -0.874213 -7.402350
vn -0.014755 0.138612 0.990237
v -0.242580 -0.806543 -7.403020
vn 0.148727 0.055318 0.987330
v -0.272898 -0.599255 -7.403690
vn -0.322750 0.371305 0.870612
v -0.242580 -0.335492 -7.404510
vn 0.125903 -0.173134 0.976818
v 0.000000 -0.211346 -7.405330
vn 0.016101 -0.184450 0.982710
v 0.242580 -0.335492 -7.404510
vn -0.174132 -0.035784 0.984072
v 0.272898 -0.599255 -7.403690
vn 0.314045 -0.355138 0.880484
v 0.242580 -0.806543 -7.403020
vn -0.048371 0.252608 0.966359
v -0.000000 0.276776 1.325300
vn 0.004510 -0.999914 -0.012327
v -0.467634 0.003828 1.443690
vn 0.864136 -0.503258 0.000844
v -0.131962 -0.619526 8.257080
vn 0.990943 -0.023550 -0.132200
v -0.000000 -0.798192 8.242780
vn -0.000082 0.995953 -0.089874
v 0.131962 -0.619526 8.257080
vn -0.992376 0.014672 -0.122371
v -0.000000 -0.440859 8.271370
vn -0.034332 -0.989978 -0.136986
v -0.000000 -1.334920 -0.048593
vn -0.005585 0.996970 -0.077583
v -0.000000 -1.334920 -1.431550
vn 0.000000 1.000000 0.000067
v -0.431123 -1.365060 -1.431550
vn 0.106661 0.994293 0.002406
v 0.431123 -1.365060 -1.431550
vn 0.214069 0.976819 -0.000097
v 0.514257 -0.925503 0.208366
vn -0.475191 0.792451 -0.382381
v 0.425096 0.070391 0.328202
vn -0.795738 -0.605578 0.008801
v -0.491629 -0.077771 0.201676
vn 0.909543 -0.413762 0.039134
v -0.471605 -0.929214 0.249248
vn 0.808805 0.552923 -0.200274
v -1.400170 -0.667855 -1.427250
vn 0.999971 0.007595 0.001088
v 1.400170 -0.667855 -1.427250
vn -0.999886 0.015023 0.001165
v 0.176951 -0.620463 7.775110
vn -0.988314 0.052194 -0.143218
v 0.209916 -0.736066 6.939160
vn -0.742122 0.669638 -0.028999
v 0.242880 -0.596711 6.219890
vn -0.997937 -0.013419 0.062786
v 0.209916 -0.481108 7.055830
vn -0.815922 -0.574505 -0.064928
v -0.176951 -0.620463 7.775110
vn 0.989478 0.015652 -0.143836
v -0.209916 -0.481108 7.055830
vn 0.788391 -0.612786 -0.054155
v -0.242880 -0.596711 6.219890
vn 0.997354 -0.045911 0.056372
v -0.209916 -0.736066 6.939160
vn 0.798948 0.600532 -0.032303
v 0.381667 -0.637510 6.928430
vn -0.120691 0.992618 0.011946
v 0.478089 -0.610357 6.637770
vn -0.769200 -0.068604 0.635315
v 0.381667 -0.593301 6.928430
vn -0.127639 -0.991604 -0.020717
v -0.381667 -0.593301 6.928430
vn 0.128875 -0.991462 -0.019842
v -0.478089 -0.610357 6.637770
vn 0.793897 0.024585 0.607555
v -0.381667 -0.637510 6.928430
vn 0.118882 0.992858 0.009999
v -0.398385 -0.601405 -4.949400
vn 0.993106 -0.021518 -0.115223
v -0.376392 -0.509049 -6.138190
vn 0.781549 -0.623593 0.017663
v -0.354398 -0.599323 -7.326970
vn 0.869162 0.019167 0.494156
v -0.376392 -0.691678 -6.138190
vn 0.787515 0.615869 0.022914
v 0.398385 -0.601405 -4.949400
vn -0.993153 0.020414 -0.115024
v 0.376392 -0.691678 -6.138190
vn -0.770698 0.636927 0.018656
v 0.354398 -0.599323 -7.326970
vn -0.869152 -0.019889 0.494144
v 0.376392 -0.509049 -6.138190
vn -0.792861 -0.609008 0.021938
v -0.792336 -0.572946 -6.482440
vn 0.039413 -0.999183 0.008926
v -0.990034 -0.599390 -7.209940
vn 0.539709 0.012706 0.841756
v -0.792336 -0.627131 -6.482440
vn 0.035487 0.999301 0.011738
v 0.792336 -0.627131 -6.482440
vn -0.039522 0.999162 0.010678
v 0.990034 -0.599390 -7.209940
vn -0.539693 -0.014222 0.841742
v 0.792336 -0.572946 -6.482440
vn -0.035380 -0.999324 0.009985
v -0.000000 0.250803 2.098200
vn 0.004684 -0.997053 -0.076570
vt 0.943954 0.814779
vt 0.913121 0.828182
vt 0.914409 0.811713
f 8/1/8 217/2/217 214/3/214
vt 0.764143 0.897728
vt 0.794547 0.894189
vt 0.775879 0.904484
f 10/4/10 609/5/609 222/6/222
vt 0.815651 0.775957
vt 0.785190 0.772949
vt 0.792319 0.763719
f 11/7/11 608/8/608 232/9/232
vt 0.744725 0.756276
vt 0.718405 0.736796
vt 0.744451 0.738040
f 21/10/21 792/11/792 233/12/233
vt 0.531074 0.264150
vt 0.539013 0.255963
vt 0.533423 0.280959
f 37/13/37 645/14/645 397/15/397
vt 0.465585 0.382837
vt 0.460431 0.390832
vt 0.457546 0.390943
f 38/16/38 688/17/688 273/18/273
vt 0.974774 0.874262
vt 0.947599 0.882981
vt 0.951596 0.871209
f 39/19/39 623/20/623 265/21/265
vt 0.974774 0.874262
vt 0.955714 0.892419
vt 0.951871 0.888851
f 39/22/39 760/23/760 537/24/537
vt 0.604642 0.756170
vt 0.624016 0.773992
vt 0.596461 0.768371
f 40/25/40 625/26/625 269/27/269
vt 0.604642 0.756170
vt 0.631965 0.764414
vt 0.627796 0.770358
f 40/28/40 759/29/759 536/30/536
vt 0.455835 0.445950
vt 0.457098 0.438362
vt 0.468603 0.447916
f 41/31/41 525/32/525 534/33/534
vt 0.464490 0.397691
vt 0.462607 0.406083
vt 0.453909 0.401851
f 42/34/42 527/35/527 272/36/272
vt 0.195986 0.978199
vt 0.206924 0.955011
vt 0.205000 0.976443
f 43/37/43 725/38/725 468/39/468
vt 0.060830 0.375341
vt 0.050009 0.352098
vt 0.074017 0.348584
f 44/40/44 731/41/731 411/42/411
vt 0.476176 0.440590
vt 0.468603 0.447916
vt 0.457098 0.438362
f 167/43/167 534/44/534 525/45/525
vt 0.666023 0.935202
vt 0.667599 0.951645
vt 0.636536 0.938783
f 208/46/208 219/47/219 5/48/5
vt 0.804034 0.782917
vt 0.785190 0.772949
vt 0.815651 0.775957
f 224/49/224 608/50/608 11/51/11
vt 0.834670 0.858575
vt 0.860690 0.856876
vt 0.834714 0.876812
f 233/52/233 792/53/792 22/54/22
vt 0.787258 0.885084
vt 0.794547 0.894189
vt 0.764143 0.897728
f 235/55/235 609/56/609 10/57/10
vt 0.983167 0.886318
vt 0.955714 0.892419
vt 0.974774 0.874262
f 266/58/266 760/59/760 39/60/39
vt 0.627763 0.752714
vt 0.631965 0.764414
vt 0.604642 0.756170
f 267/61/267 759/62/759 40/63/40
vt 0.448423 0.440171
vt 0.449008 0.450463
vt 0.445822 0.448717
f 270/64/270 271/65/271 626/66/626
vt 0.448423 0.440171
vt 0.457098 0.438362
vt 0.455835 0.445950
f 270/67/270 525/68/525 41/69/41
vt 0.449008 0.450463
vt 0.448423 0.440171
vt 0.455835 0.445950
f 271/70/271 270/71/270 41/72/41
vt 0.493850 0.092529
vt 0.491609 0.094626
vt 0.481712 0.092529
f 271/73/271 645/74/645 37/75/37
vt 0.453909 0.401851
vt 0.457546 0.390943
vt 0.464490 0.397691
f 272/76/272 273/77/273 42/78/42
vt 0.457546 0.390943
vt 0.453909 0.401851
vt 0.453682 0.392158
f 273/79/273 272/80/272 628/81/628
vt 0.233495 0.834658
vt 0.218677 0.850333
vt 0.213155 0.842955
f 282/82/282 466/83/466 45/84/45
vt 0.048111 0.397077
vt 0.051824 0.373539
vt 0.060830 0.375341
f 289/85/289 474/86/474 44/87/44
vt 0.893971 0.142361
vt 0.887946 0.117466
vt 0.896027 0.125513
f 396/88/396 688/89/688 38/90/38
vt 0.182933 0.951376
vt 0.206924 0.955011
vt 0.195986 0.978199
f 401/91/401 725/92/725 43/93/43
vt 0.205000 0.976443
vt 0.208594 1.000000
vt 0.195986 0.978199
f 468/94/468 282/95/282 43/96/43
vt 0.051824 0.373539
vt 0.050009 0.352098
vt 0.060830 0.375341
f 474/97/474 731/98/731 44/99/44
vt 0.038785 0.247362
vt 0.024046 0.231612
vt 0.044344 0.240011
f 476/100/476 289/101/289 46/102/46
vt 0.627796 0.770358
vt 0.624016 0.773992
vt 0.604642 0.756170
f 536/103/536 625/104/625 40/105/40
vt 0.951871 0.888851
vt 0.947599 0.882981
vt 0.974774 0.874262
f 537/106/537 623/107/623 39/108/39
vt 0.910283 0.818639
vt 0.914409 0.811713
vt 0.913121 0.828182
f 600/109/600 214/110/214 217/111/217
vt 0.670270 0.942055
vt 0.667599 0.951645
vt 0.666023 0.935202
f 601/112/601 219/113/219 208/114/208
vt 0.212147 0.997656
vt 0.208594 1.000000
vt 0.205000 0.976443
f 724/115/724 282/116/282 468/117/468
vt 0.234890 0.838368
vt 0.218677 0.850333
vt 0.233495 0.834658
f 724/118/724 466/119/466 282/120/282
vt 0.022633 0.235315
vt 0.024046 0.231612
vt 0.038785 0.247362
f 728/121/728 289/122/289 476/123/476
vt 0.044570 0.394716
vt 0.051824 0.373539
vt 0.048111 0.397077
f 728/124/728 474/125/474 289/126/289
vt 0.077253 0.002566
vt 0.161012 0.004477
vt 0.162805 0.016990
vt 0.082423 0.015431
f 1/127/1 197/128/197 593/129/593 196/130/196
vt 0.237281 0.413658
vt 0.265253 0.411472
vt 0.266781 0.421537
vt 0.250204 0.422728
f 1/131/1 518/132/518 750/133/750 195/134/195
vt 0.237281 0.413658
vt 0.221023 0.417279
vt 0.185332 0.415973
vt 0.181129 0.411972
f 1/135/1 548/136/548 771/137/771 197/138/197
vt 0.401741 0.884920
vt 0.409302 0.876419
vt 0.422939 0.876891
vt 0.422863 0.884428
f 2/139/2 195/140/195 750/141/750 516/142/516
vt 0.401741 0.884920
vt 0.422863 0.884428
vt 0.423499 0.890073
vt 0.400777 0.893862
f 2/143/2 516/144/516 753/145/753 198/146/198
vt 0.404591 0.902007
vt 0.400777 0.893862
vt 0.423499 0.890073
vt 0.424729 0.895619
f 3/147/3 198/148/198 753/149/753 522/150/522
vt 0.404591 0.902007
vt 0.424729 0.895619
vt 0.427247 0.902723
vt 0.414501 0.907594
f 3/151/3 522/152/522 752/153/752 200/154/200
vt 0.404591 0.902007
vt 0.388153 0.910347
vt 0.355836 0.916386
vt 0.355252 0.912011
f 3/155/3 540/156/540 767/157/767 201/158/201
vt 0.076757 0.028085
vt 0.082423 0.015431
vt 0.162805 0.016990
vt 0.160528 0.029425
f 4/159/4 196/160/196 593/161/593 202/162/202
vt 0.176562 0.447657
vt 0.163639 0.456728
vt 0.147062 0.455536
vt 0.148590 0.445472
f 4/163/4 200/164/200 752/165/752 520/166/520
vt 0.116266 0.411389
vt 0.181129 0.411972
vt 0.185332 0.415973
vt 0.156364 0.416012
f 5/167/5 197/168/197 771/169/771 554/170/554
vt 0.261540 0.002091
vt 0.293451 0.003274
vt 0.290598 0.019470
vt 0.257128 0.018821
f 5/171/5 219/172/219 599/173/599 204/174/204
vt 0.253616 0.876419
vt 0.306170 0.877156
vt 0.298867 0.884003
vt 0.271267 0.887445
f 5/175/5 554/176/554 770/177/770 203/178/203
vt 0.292062 0.897882
vt 0.351826 0.891469
vt 0.353468 0.901752
vt 0.293939 0.911679
f 6/179/6 199/180/199 594/181/594 205/182/205
vt 0.292062 0.897882
vt 0.271267 0.887445
vt 0.298867 0.884003
vt 0.315624 0.888866
f 6/183/6 203/184/203 770/185/770 552/186/552
vt 0.296641 0.925339
vt 0.355252 0.912011
vt 0.355836 0.916386
vt 0.321853 0.926220
f 7/187/7 201/188/201 767/189/767 546/190/546
vt 0.296641 0.925339
vt 0.293939 0.911679
vt 0.353468 0.901752
vt 0.355252 0.912011
f 7/191/7 205/192/205 594/193/594 201/194/201
vt 0.296641 0.925339
vt 0.321853 0.926220
vt 0.307581 0.936258
vt 0.280358 0.941960
f 7/195/7 546/196/546 766/197/766 206/198/206
vt 0.260888 0.035709
vt 0.257128 0.018821
vt 0.290598 0.019470
vt 0.292820 0.035764
f 8/199/8 204/200/204 599/201/599 217/202/217
vt 0.267241 0.958116
vt 0.280358 0.941960
vt 0.307581 0.936258
vt 0.316711 0.940365
f 8/203/8 206/204/206 766/205/766 544/206/544
vt 0.705770 0.932454
vt 0.712687 0.917862
vt 0.763141 0.917554
vt 0.758907 0.931530
f 9/207/9 207/208/207 602/209/602 213/210/213
vt 0.705770 0.932454
vt 0.666023 0.935202
vt 0.662735 0.921234
vt 0.712687 0.917862
f 9/211/9 208/212/208 596/213/596 207/214/207
vt 0.764143 0.897728
vt 0.755696 0.872883
vt 0.781877 0.866017
vt 0.787258 0.885084
f 10/215/10 209/216/209 603/217/603 235/218/235
vt 0.764143 0.897728
vt 0.662628 0.906653
vt 0.660003 0.887507
vt 0.755696 0.872883
f 10/219/10 210/220/210 597/221/597 209/222/209
vt 0.764143 0.897728
vt 0.775879 0.904484
vt 0.763141 0.917554
vt 0.712687 0.917862
f 10/223/10 222/224/222 602/225/602 207/226/207
vt 0.815651 0.775957
vt 0.867450 0.795190
vt 0.816998 0.795763
vt 0.804034 0.782917
f 11/227/11 211/228/211 604/229/604 224/230/224
vt 0.815651 0.775957
vt 0.917306 0.783109
vt 0.917453 0.797690
vt 0.867450 0.795190
f 11/231/11 212/232/212 598/233/598 211/234/211
vt 0.815651 0.775957
vt 0.792319 0.763719
vt 0.797366 0.744561
vt 0.823663 0.750968
f 11/235/11 232/236/232 603/237/603 209/238/209
vt 0.874621 0.809659
vt 0.914409 0.811713
vt 0.910283 0.818639
vt 0.871353 0.820675
f 12/239/12 214/240/214 600/241/600 218/242/218
vt 0.874621 0.809659
vt 0.821476 0.809662
vt 0.816998 0.795763
vt 0.867450 0.795190
f 12/243/12 221/244/221 604/245/604 211/246/211
vt 0.331411 0.006164
vt 0.331701 0.020268
vt 0.290598 0.019470
vt 0.293451 0.003274
f 13/247/13 215/248/215 599/249/599 219/250/219
vt 0.711186 0.955825
vt 0.709229 0.943411
vt 0.765309 0.943407
vt 0.773935 0.957306
f 13/251/13 216/252/216 607/253/607 229/254/229
vt 0.330864 0.034350
vt 0.292820 0.035764
vt 0.290598 0.019470
vt 0.331701 0.020268
f 14/255/14 217/256/217 599/257/599 215/258/215
vt 0.869613 0.833121
vt 0.871353 0.820675
vt 0.910283 0.818639
vt 0.913121 0.828182
f 14/259/14 218/260/218 600/261/600 217/262/217
vt 0.817865 0.932453
vt 0.815691 0.919908
vt 0.874290 0.919917
vt 0.878001 0.932261
f 15/263/15 223/264/223 615/265/615 220/266/220
vt 0.762543 0.811614
vt 0.764498 0.799033
vt 0.816998 0.795763
vt 0.821476 0.809662
f 16/267/16 226/268/226 604/269/604 221/270/221
vt 0.762543 0.811614
vt 0.702413 0.812471
vt 0.705907 0.800065
vt 0.764498 0.799033
f 16/271/16 238/272/238 614/273/614 226/274/226
vt 0.820684 0.906336
vt 0.775879 0.904484
vt 0.794547 0.894189
vt 0.830934 0.891252
f 17/275/17 222/276/222 609/277/609 236/278/236
vt 0.820684 0.906336
vt 0.875808 0.905929
vt 0.874290 0.919917
vt 0.815691 0.919908
f 17/279/17 239/280/239 615/281/615 223/282/223
vt 0.759268 0.785551
vt 0.764498 0.799033
vt 0.705907 0.800065
vt 0.704146 0.786106
f 18/283/18 226/284/226 614/285/614 225/286/225
vt 0.444033 0.038076
vt 0.439360 0.022356
vt 0.486993 0.023281
vt 0.490200 0.037463
f 19/287/19 230/288/230 612/289/612 254/290/254
vt 0.729648 0.837919
vt 0.676781 0.834446
vt 0.691850 0.824375
vt 0.751505 0.823171
f 19/291/19 244/292/244 611/293/611 228/294/228
vt 0.444033 0.038076
vt 0.490200 0.037463
vt 0.500562 0.043400
vt 0.486185 0.046548
f 19/295/19 254/296/254 618/297/618 244/298/244
vt 0.851214 0.958180
vt 0.829102 0.943815
vt 0.888769 0.943978
vt 0.904012 0.953785
f 20/299/20 231/300/231 613/301/613 246/302/246
vt 0.444640 0.006830
vt 0.490748 0.009233
vt 0.486993 0.023281
vt 0.439360 0.022356
f 20/303/20 251/304/251 612/305/612 230/306/230
vt 0.744725 0.756276
vt 0.744451 0.738040
vt 0.797366 0.744561
vt 0.792319 0.763719
f 21/307/21 233/308/233 603/309/603 232/310/232
vt 0.744725 0.756276
vt 0.748757 0.770648
vt 0.698912 0.769666
vt 0.693746 0.753437
f 21/311/21 234/312/234 610/313/610 514/314/514
vt 0.834714 0.876812
vt 0.787258 0.885084
vt 0.781877 0.866017
vt 0.834670 0.858575
f 22/315/22 235/316/235 603/317/603 233/318/233
vt 0.834714 0.876812
vt 0.830934 0.891252
vt 0.794547 0.894189
vt 0.787258 0.885084
f 22/319/22 236/320/236 609/321/609 235/322/235
vt 0.834714 0.876812
vt 0.860690 0.856876
vt 0.886710 0.855177
vt 0.885636 0.873084
f 22/323/22 792/324/792 748/325/748 513/326/513
vt 0.932678 0.933982
vt 0.924467 0.919785
vt 0.950317 0.921676
vt 0.952345 0.937756
f 23/327/23 250/328/250 622/329/622 237/330/237
vt 0.932678 0.933982
vt 0.954103 0.944634
vt 0.953932 0.946954
vt 0.933982 0.943964
f 23/331/23 538/332/538 761/333/761 248/334/248
vt 0.647774 0.815147
vt 0.646644 0.825150
vt 0.626749 0.828488
vt 0.626538 0.826171
f 24/335/24 245/336/245 621/337/621 535/338/535
vt 0.647774 0.815147
vt 0.655735 0.800809
vt 0.705907 0.800065
vt 0.702413 0.812471
f 24/339/24 249/340/249 614/341/614 238/342/238
vt 0.647774 0.815147
vt 0.628176 0.819263
vt 0.629923 0.803151
vt 0.655735 0.800809
f 24/343/24 256/344/256 619/345/619 249/346/249
vt 0.930970 0.903063
vt 0.925907 0.887088
vt 0.947599 0.882981
vt 0.951871 0.888851
f 25/347/25 241/348/241 623/349/623 537/350/537
vt 0.930970 0.903063
vt 0.924467 0.919785
vt 0.874290 0.919917
vt 0.875808 0.905929
f 25/351/25 250/352/250 615/353/615 239/354/239
vt 0.930970 0.903063
vt 0.951440 0.904520
vt 0.950317 0.921676
vt 0.924467 0.919785
f 25/355/25 257/356/257 622/357/622 250/358/250
vt 0.648942 0.784203
vt 0.655735 0.800809
vt 0.629923 0.803151
vt 0.628500 0.786017
f 26/359/26 249/360/249 619/361/619 240/362/240
vt 0.648942 0.784203
vt 0.627796 0.770358
vt 0.631965 0.764414
vt 0.653726 0.768142
f 26/363/26 536/364/536 759/365/759 243/366/243
vt 0.928490 0.871897
vt 0.929130 0.854178
vt 0.952970 0.854156
vt 0.951596 0.871209
f 27/367/27 242/368/242 624/369/624 265/370/265
vt 0.928490 0.871897
vt 0.951596 0.871209
vt 0.947599 0.882981
vt 0.925907 0.887088
f 27/371/27 265/372/265 623/373/623 241/374/241
vt 0.928490 0.871897
vt 0.885636 0.873084
vt 0.886710 0.855177
vt 0.929130 0.854178
f 27/375/27 513/376/513 748/377/748 242/378/242
vt 0.650878 0.752999
vt 0.653726 0.768142
vt 0.631965 0.764414
vt 0.627763 0.752714
f 28/379/28 243/380/243 759/381/759 267/382/267
vt 0.650878 0.752999
vt 0.627763 0.752714
vt 0.626092 0.735687
vt 0.649928 0.735293
f 28/383/28 267/384/267 624/385/624 242/386/242
vt 0.650878 0.752999
vt 0.693746 0.753437
vt 0.698912 0.769666
vt 0.653726 0.768142
f 28/387/28 514/388/514 610/389/610 243/390/243
vt 0.425281 0.452948
vt 0.386468 0.443517
vt 0.404995 0.440843
vt 0.433179 0.446186
f 29/391/29 244/392/244 618/393/618 255/394/255
vt 0.637954 0.834946
vt 0.621488 0.836992
vt 0.626749 0.828488
vt 0.646644 0.825150
f 29/395/29 259/396/259 621/397/621 245/398/245
vt 0.942842 0.953607
vt 0.933982 0.943964
vt 0.953932 0.946954
vt 0.959341 0.955366
f 30/399/30 248/400/248 761/401/761 247/402/247
vt 0.436650 0.400051
vt 0.433269 0.418668
vt 0.390574 0.413178
vt 0.397337 0.395887
f 31/403/31 252/404/252 612/405/612 251/406/251
vt 0.436650 0.400051
vt 0.440285 0.391678
vt 0.453682 0.392158
vt 0.453909 0.401851
f 31/407/31 253/408/253 628/409/628 272/410/272
vt 0.431744 0.437362
vt 0.392843 0.431586
vt 0.390574 0.413178
vt 0.433269 0.418668
f 32/411/32 254/412/254 612/413/612 252/414/252
vt 0.431744 0.437362
vt 0.433179 0.446186
vt 0.404995 0.440843
vt 0.392843 0.431586
f 32/415/32 255/416/255 618/417/618 254/418/254
vt 0.040446 0.957650
vt 0.022522 0.961857
vt 0.024160 0.961934
vt 0.033782 0.954002
f 33/419/33 264/420/264 708/421/708 434/422/434
vt 0.434276 0.160081
vt 0.323110 0.179339
vt 0.320350 0.167077
vt 0.415153 0.154259
f 33/423/33 399/424/399 691/425/691 262/426/262
vt 0.040446 0.957650
vt 0.054513 0.938191
vt 0.117155 0.943581
vt 0.114698 0.963004
f 33/427/33 403/428/403 692/429/692 399/430/399
vt 0.040446 0.957650
vt 0.033782 0.954002
vt 0.034377 0.937517
vt 0.054513 0.938191
f 33/431/33 434/432/434 711/433/711 403/434/403
vt 0.606068 0.828354
vt 0.619665 0.805534
vt 0.629923 0.803151
vt 0.628176 0.819263
f 34/435/34 261/436/261 619/437/619 256/438/256
vt 0.501332 0.006130
vt 0.511813 0.004956
vt 0.559225 0.020791
vt 0.557252 0.026780
f 34/439/34 263/440/263 689/441/689 398/442/398
vt 0.216471 0.355578
vt 0.223154 0.351964
vt 0.232735 0.359944
vt 0.234373 0.359876
f 34/443/34 444/444/444 712/445/712 261/446/261
vt 0.972160 0.905451
vt 0.960614 0.923880
vt 0.950317 0.921676
vt 0.951440 0.904520
f 35/447/35 264/448/264 622/449/622 257/450/257
vt 0.036743 0.838911
vt 0.121468 0.839044
vt 0.122676 0.861413
vt 0.053293 0.862618
f 35/451/35 275/452/275 694/453/694 405/454/405
vt 0.036743 0.838911
vt 0.028218 0.847075
vt 0.001576 0.833485
vt 0.000000 0.834658
f 35/455/35 436/456/436 708/457/708 264/458/264
vt 0.220775 0.236860
vt 0.257539 0.232793
vt 0.255968 0.231612
vt 0.229258 0.245067
f 36/459/36 261/460/261 712/461/712 442/462/442
vt 0.220775 0.236860
vt 0.204105 0.260483
vt 0.134729 0.258927
vt 0.136050 0.236564
f 36/463/36 415/464/415 698/465/698 258/466/258
vt 0.220775 0.236860
vt 0.229258 0.245067
vt 0.226445 0.262773
vt 0.204105 0.260483
f 36/467/36 442/468/442 715/469/715 415/470/415
vt 0.505738 0.000000
vt 0.559972 0.020170
vt 0.559225 0.020791
vt 0.511813 0.004956
f 37/471/37 277/472/277 689/473/689 263/474/263
vt 0.606140 0.838886
vt 0.626538 0.826171
vt 0.626749 0.828488
vt 0.621488 0.836992
f 37/475/37 535/476/535 621/477/621 259/478/259
vt 0.428350 0.147097
vt 0.415153 0.154259
vt 0.320350 0.167077
vt 0.318976 0.165699
f 38/479/38 262/480/262 691/481/691 260/482/260
vt 0.974720 0.956991
vt 0.954103 0.944634
vt 0.956842 0.945173
vt 0.985584 0.955568
f 38/483/38 538/484/538 620/485/620 262/486/262
vt 0.443240 0.073950
vt 0.436493 0.091378
vt 0.384923 0.090990
vt 0.383732 0.075407
f 39/487/39 268/488/268 632/489/632 284/490/284
vt 0.443240 0.073950
vt 0.383732 0.075407
vt 0.379812 0.064502
vt 0.436384 0.062976
f 39/491/39 284/492/284 631/493/631 266/494/266
vt 0.442977 0.108907
vt 0.435956 0.119776
vt 0.379414 0.117399
vt 0.383497 0.106555
f 40/495/40 269/496/269 633/497/633 286/498/286
vt 0.442977 0.108907
vt 0.383497 0.106555
vt 0.384923 0.090990
vt 0.436493 0.091378
f 40/499/40 286/500/286 632/501/632 268/502/268
vt 0.020116 0.641950
vt 0.029740 0.645956
vt 0.022157 0.652237
vt 0.019933 0.651146
f 41/503/41 308/504/308 645/505/645 271/506/271
vt 0.020116 0.641950
vt 0.050627 0.617058
vt 0.054764 0.637679
vt 0.029740 0.645956
f 41/507/41 317/508/317 651/509/651 308/510/308
vt 0.020116 0.641950
vt 0.024420 0.556858
vt 0.040985 0.556758
vt 0.050627 0.617058
f 41/511/41 523/512/523 648/513/648 317/514/317
vt 0.314931 0.810167
vt 0.305307 0.814173
vt 0.280284 0.805896
vt 0.284421 0.785275
f 42/515/42 315/516/315 653/517/653 327/518/327
vt 0.199031 0.193962
vt 0.189064 0.215404
vt 0.132746 0.204135
vt 0.135360 0.191140
f 43/519/43 282/520/282 638/521/638 274/522/274
vt 0.195986 0.978199
vt 0.114698 0.963004
vt 0.117155 0.943581
vt 0.182933 0.951376
f 43/523/43 399/524/399 692/525/692 401/526/401
vt 0.618820 0.035650
vt 0.681965 0.034901
vt 0.684271 0.049480
vt 0.627017 0.057278
f 44/527/44 290/528/290 637/529/637 289/530/289
vt 0.618820 0.035650
vt 0.557252 0.026780
vt 0.559225 0.020791
vt 0.615873 0.030886
f 44/531/44 398/532/398 689/533/689 281/534/281
vt 0.191479 0.234838
vt 0.130724 0.219437
vt 0.132746 0.204135
vt 0.189064 0.215404
f 45/535/45 291/536/291 638/537/638 282/538/282
vt 0.213155 0.842955
vt 0.193125 0.867885
vt 0.122676 0.861413
vt 0.121468 0.839044
f 45/539/45 407/540/407 694/541/694 275/542/275
vt 0.213155 0.842955
vt 0.218677 0.850333
vt 0.217665 0.870573
vt 0.193125 0.867885
f 45/543/45 466/544/466 727/545/727 407/546/407
vt 0.044344 0.240011
vt 0.136050 0.236564
vt 0.134729 0.258927
vt 0.064248 0.265043
f 46/547/46 258/548/258 698/549/698 413/550/413
vt 0.622905 0.076475
vt 0.627017 0.057278
vt 0.684271 0.049480
vt 0.684978 0.066343
f 46/551/46 289/552/289 637/553/637 276/554/276
vt 0.617323 0.028749
vt 0.615873 0.030886
vt 0.559225 0.020791
vt 0.559972 0.020170
f 47/555/47 281/556/281 689/557/689 277/558/277
vt 0.617323 0.028749
vt 0.673916 0.023033
vt 0.680890 0.027541
vt 0.615873 0.030886
f 47/559/47 292/560/292 643/561/643 281/562/281
vt 0.200887 0.183494
vt 0.203310 0.186655
vt 0.136467 0.184612
vt 0.142878 0.180400
f 48/563/48 283/564/283 642/565/642 278/566/278
vt 0.647699 0.555315
vt 0.666003 0.551332
vt 0.685980 0.561608
vt 0.658519 0.561716
f 49/567/49 301/568/301 639/569/639 279/570/279
vt 0.017689 0.471159
vt 0.027420 0.467872
vt 0.052559 0.475667
vt 0.048968 0.496317
f 49/571/49 309/572/309 649/573/649 319/574/319
vt 0.647699 0.555315
vt 0.653608 0.530512
vt 0.661723 0.531317
vt 0.666003 0.551332
f 49/575/49 416/576/416 640/577/640 301/578/301
vt 0.017689 0.471159
vt 0.024420 0.556858
vt 0.020196 0.556874
vt 0.017484 0.487675
f 49/579/49 523/580/523 757/581/757 533/582/533
vt 0.652245 0.504139
vt 0.665690 0.500022
vt 0.692278 0.508186
vt 0.670267 0.512447
f 50/583/50 280/584/280 641/585/641 303/586/303
vt 0.317361 0.639376
vt 0.286082 0.664533
vt 0.282490 0.643882
vt 0.307630 0.636088
f 50/587/50 325/588/325 655/589/655 313/590/313
vt 0.317361 0.639376
vt 0.310629 0.725075
vt 0.294065 0.724976
vt 0.286082 0.664533
f 50/591/50 524/592/524 652/593/652 325/594/325
vt 0.315637 0.074883
vt 0.317966 0.090487
vt 0.246993 0.089953
vt 0.245339 0.074115
f 51/595/51 287/596/287 635/597/635 294/598/294
vt 0.315637 0.074883
vt 0.245339 0.074115
vt 0.239881 0.062831
vt 0.308255 0.064261
f 51/599/51 294/600/294 634/601/634 285/602/285
vt 0.315403 0.106054
vt 0.307861 0.116564
vt 0.239473 0.116965
vt 0.245101 0.105764
f 52/603/52 288/604/288 636/605/636 296/606/296
vt 0.315403 0.106054
vt 0.245101 0.105764
vt 0.246993 0.089953
vt 0.317966 0.090487
f 52/607/52 296/608/296 635/609/635 287/610/287
vt 0.081791 0.180499
vt 0.093365 0.192809
vt 0.077164 0.187310
vt 0.067605 0.177438
f 53/611/53 300/612/300 778/613/778 566/614/566
vt 0.081791 0.180499
vt 0.035425 0.156266
vt 0.037483 0.152227
vt 0.083671 0.173918
f 53/615/53 420/616/420 700/617/700 306/618/306
vt 0.081791 0.180499
vt 0.067605 0.177438
vt 0.033959 0.159111
vt 0.035425 0.156266
f 53/619/53 566/620/566 781/621/781 420/622/420
vt 0.748485 0.029429
vt 0.732390 0.042157
vt 0.684271 0.049480
vt 0.681965 0.034901
f 54/623/54 299/624/299 637/625/637 290/626/290
vt 0.748485 0.029429
vt 0.748067 0.019748
vt 0.831503 0.009420
vt 0.832733 0.016879
f 54/627/54 307/628/307 706/629/706 430/630/430
vt 0.748485 0.029429
vt 0.771742 0.032268
vt 0.751292 0.039813
vt 0.732390 0.042157
f 54/631/54 576/632/576 782/633/782 299/634/299
vt 0.167348 0.046548
vt 0.168316 0.061184
vt 0.088587 0.061211
vt 0.088170 0.049655
f 55/635/55 295/636/295 702/637/702 422/638/422
vt 0.076255 0.197958
vt 0.093365 0.192809
vt 0.132746 0.204135
vt 0.130724 0.219437
f 55/639/55 300/640/300 638/641/638 291/642/291
vt 0.076255 0.197958
vt 0.056788 0.189343
vt 0.077164 0.187310
vt 0.093365 0.192809
f 55/643/55 568/644/568 778/645/778 300/646/300
vt 0.751692 0.050478
vt 0.732390 0.042157
vt 0.751292 0.039813
vt 0.766820 0.038923
f 56/647/56 299/648/299 782/649/782 574/650/574
vt 0.166704 0.132155
vt 0.087582 0.127857
vt 0.088173 0.116309
vt 0.167892 0.117535
f 56/651/56 428/652/428 704/653/704 298/654/298
vt 0.751692 0.050478
vt 0.766820 0.038923
vt 0.813306 0.022790
vt 0.815249 0.027893
f 56/655/56 574/656/574 785/657/785 428/658/428
vt 0.659451 0.587206
vt 0.650230 0.605112
vt 0.580513 0.610933
vt 0.579238 0.597235
f 57/659/57 293/660/293 707/661/707 432/662/432
vt 0.659451 0.587206
vt 0.715009 0.582775
vt 0.707847 0.600301
vt 0.650230 0.605112
f 57/663/57 302/664/302 617/665/617 293/666/293
vt 0.737317 0.011639
vt 0.748067 0.019748
vt 0.680890 0.027541
vt 0.673916 0.023033
f 57/667/57 307/668/307 643/669/643 292/670/292
vt 0.737317 0.011639
vt 0.830177 0.000000
vt 0.831503 0.009420
vt 0.748067 0.019748
f 57/671/57 432/672/432 706/673/706 307/674/307
vt 0.091919 0.169861
vt 0.083671 0.173918
vt 0.037483 0.152227
vt 0.039859 0.147098
f 58/675/58 306/676/306 700/677/700 418/678/418
vt 0.662293 0.621240
vt 0.581527 0.624652
vt 0.580513 0.610933
vt 0.650230 0.605112
f 58/679/58 418/680/418 707/681/707 293/682/293
vt 0.169847 0.073508
vt 0.170211 0.089375
vt 0.088898 0.088764
vt 0.088905 0.073568
f 59/683/59 297/684/297 703/685/703 424/686/424
vt 0.169847 0.073508
vt 0.088905 0.073568
vt 0.088587 0.061211
vt 0.168316 0.061184
f 59/687/59 424/688/424 702/689/702 295/690/295
vt 0.169608 0.105235
vt 0.167892 0.117535
vt 0.088173 0.116309
vt 0.088677 0.103958
f 60/691/60 298/692/298 704/693/704 426/694/426
vt 0.169608 0.105235
vt 0.088677 0.103958
vt 0.088898 0.088764
vt 0.170211 0.089375
f 60/695/60 426/696/426 703/697/703 297/698/297
vt 0.742221 0.584319
vt 0.748769 0.596884
vt 0.707847 0.600301
vt 0.715009 0.582775
f 61/699/61 304/700/304 617/701/617 302/702/302
vt 0.744396 0.610360
vt 0.717816 0.616396
vt 0.707847 0.600301
vt 0.748769 0.596884
f 62/703/62 305/704/305 617/705/617 304/706/304
vt 0.546445 0.284159
vt 0.550703 0.259305
vt 0.579425 0.269015
vt 0.575862 0.292383
f 63/707/63 308/708/308 651/709/651 323/710/323
vt 0.546445 0.284159
vt 0.575862 0.292383
vt 0.568814 0.358732
vt 0.538077 0.356717
f 63/711/63 323/712/323 650/713/650 310/714/310
vt 0.546445 0.284159
vt 0.533423 0.280959
vt 0.539013 0.255963
vt 0.550703 0.259305
f 63/715/63 397/716/397 645/717/645 308/718/308
vt 0.535721 0.431807
vt 0.538077 0.356717
vt 0.568814 0.358732
vt 0.566975 0.427339
f 64/719/64 310/720/310 650/721/650 321/722/321
vt 0.535721 0.431807
vt 0.521962 0.433209
vt 0.524104 0.355684
vt 0.538077 0.356717
f 64/723/64 311/724/311 690/725/690 310/726/310
vt 0.535721 0.431807
vt 0.566975 0.427339
vt 0.567538 0.451971
vt 0.536270 0.458183
f 64/727/64 321/728/321 649/729/649 309/730/309
vt 0.881007 0.145788
vt 0.890640 0.218188
vt 0.859943 0.220739
vt 0.851738 0.154524
f 65/731/65 312/732/312 654/733/654 329/734/329
vt 0.881007 0.145788
vt 0.851738 0.154524
vt 0.847768 0.131222
vt 0.876316 0.121012
f 65/735/65 329/736/329 653/737/653 315/738/315
vt 0.881007 0.145788
vt 0.893971 0.142361
vt 0.904593 0.216912
vt 0.890640 0.218188
f 65/739/65 396/740/396 646/741/646 312/742/312
vt 0.894306 0.293226
vt 0.894218 0.319607
vt 0.862845 0.313943
vt 0.862979 0.289304
f 66/743/66 313/744/313 655/745/655 331/746/331
vt 0.894306 0.293226
vt 0.908088 0.294388
vt 0.907180 0.320995
vt 0.894218 0.319607
f 66/747/66 314/748/314 647/749/647 313/750/313
vt 0.894306 0.293226
vt 0.862979 0.289304
vt 0.859943 0.220739
vt 0.890640 0.218188
f 66/751/66 331/752/331 654/753/654 312/754/312
vt 0.078054 0.612069
vt 0.074867 0.556359
vt 0.086187 0.556227
vt 0.087168 0.609669
f 67/755/67 316/756/316 656/757/656 333/758/333
vt 0.078054 0.612069
vt 0.050627 0.617058
vt 0.040985 0.556758
vt 0.074867 0.556359
f 67/759/67 317/760/317 648/761/648 316/762/316
vt 0.078054 0.612069
vt 0.087168 0.609669
vt 0.088123 0.627964
vt 0.079715 0.631235
f 67/763/67 333/764/333 659/765/659 322/766/322
vt 0.076520 0.500593
vt 0.077660 0.481407
vt 0.086163 0.484443
vt 0.085694 0.502753
f 68/767/68 318/768/318 657/769/657 335/770/335
vt 0.076520 0.500593
vt 0.048968 0.496317
vt 0.052559 0.475667
vt 0.077660 0.481407
f 68/771/68 319/772/319 649/773/649 318/774/318
vt 0.076520 0.500593
vt 0.085694 0.502753
vt 0.086187 0.556227
vt 0.074867 0.556359
f 68/775/68 335/776/335 656/777/656 316/778/316
vt 0.596231 0.422084
vt 0.597343 0.360246
vt 0.606703 0.360640
vt 0.605764 0.419358
f 69/779/69 320/780/320 658/781/658 337/782/337
vt 0.596231 0.422084
vt 0.566975 0.427339
vt 0.568814 0.358732
vt 0.597343 0.360246
f 69/783/69 321/784/321 650/785/650 320/786/320
vt 0.596231 0.422084
vt 0.605764 0.419358
vt 0.607255 0.440127
vt 0.597433 0.444356
f 69/787/69 337/788/337 657/789/657 318/790/318
vt 0.603421 0.300852
vt 0.607225 0.279787
vt 0.616172 0.285179
vt 0.612241 0.304533
f 70/791/70 322/792/322 659/793/659 339/794/339
vt 0.603421 0.300852
vt 0.575862 0.292383
vt 0.579425 0.269015
vt 0.607225 0.279787
f 70/795/70 323/796/323 651/797/651 322/798/322
vt 0.603421 0.300852
vt 0.612241 0.304533
vt 0.606703 0.360640
vt 0.597343 0.360246
f 70/799/70 339/800/339 658/801/658 320/802/320
vt 0.258529 0.668811
vt 0.260183 0.724577
vt 0.248862 0.724444
vt 0.249355 0.670970
f 71/803/71 324/804/324 660/805/660 341/806/341
vt 0.258529 0.668811
vt 0.286082 0.664533
vt 0.294065 0.724976
vt 0.260183 0.724577
f 71/807/71 325/808/325 652/809/652 324/810/324
vt 0.258529 0.668811
vt 0.249355 0.670970
vt 0.248886 0.652659
vt 0.257389 0.649624
f 71/811/71 341/812/341 663/813/663 330/814/330
vt 0.256995 0.780286
vt 0.255333 0.799451
vt 0.246924 0.796180
vt 0.247880 0.777886
f 72/815/72 326/816/326 661/817/661 343/818/343
vt 0.256995 0.780286
vt 0.284421 0.785275
vt 0.280284 0.805896
vt 0.255333 0.799451
f 72/819/72 327/820/327 653/821/653 326/822/326
vt 0.256995 0.780286
vt 0.247880 0.777886
vt 0.248862 0.724444
vt 0.260183 0.724577
f 72/823/72 343/824/343 660/825/660 324/826/324
vt 0.824331 0.163473
vt 0.831444 0.222752
vt 0.822093 0.223309
vt 0.815576 0.167307
f 73/827/73 328/828/328 662/829/662 345/830/345
vt 0.824331 0.163473
vt 0.851738 0.154524
vt 0.859943 0.220739
vt 0.831444 0.222752
f 73/831/73 329/832/329 654/833/654 328/834/328
vt 0.824331 0.163473
vt 0.815576 0.167307
vt 0.811308 0.148025
vt 0.820160 0.142477
f 73/835/73 345/836/345 661/837/661 326/838/326
vt 0.833636 0.284561
vt 0.832823 0.306850
vt 0.822929 0.302793
vt 0.824056 0.282001
f 74/839/74 330/840/330 663/841/663 347/842/347
vt 0.833636 0.284561
vt 0.862979 0.289304
vt 0.862845 0.313943
vt 0.832823 0.306850
f 74/843/74 331/844/331 655/845/655 330/846/330
vt 0.833636 0.284561
vt 0.824056 0.282001
vt 0.822093 0.223309
vt 0.831444 0.222752
f 74/847/74 347/848/347 662/849/662 328/850/328
vt 0.088202 0.608461
vt 0.087489 0.556209
vt 0.116277 0.560715
vt 0.117042 0.606726
f 75/851/75 332/852/332 664/853/664 349/854/349
vt 0.088202 0.608461
vt 0.087168 0.609669
vt 0.086187 0.556227
vt 0.087489 0.556209
f 75/855/75 333/856/333 656/857/656 332/858/332
vt 0.088202 0.608461
vt 0.117042 0.606726
vt 0.117404 0.622602
vt 0.088463 0.626323
f 75/859/75 349/860/349 667/861/667 338/862/338
vt 0.086761 0.503933
vt 0.086547 0.486073
vt 0.115812 0.498709
vt 0.115804 0.514647
f 76/863/76 334/864/334 665/865/665 351/866/351
vt 0.086761 0.503933
vt 0.085694 0.502753
vt 0.086163 0.484443
vt 0.086547 0.486073
f 76/867/76 335/868/335 657/869/657 334/870/334
vt 0.086761 0.503933
vt 0.115804 0.514647
vt 0.116277 0.560715
vt 0.087489 0.556209
f 76/871/76 351/872/351 664/873/664 332/874/332
vt 0.606950 0.418000
vt 0.608096 0.360709
vt 0.637921 0.357143
vt 0.638265 0.404150
f 77/875/77 336/876/336 666/877/666 353/878/353
vt 0.606950 0.418000
vt 0.605764 0.419358
vt 0.606703 0.360640
vt 0.608096 0.360709
f 77/879/77 337/880/337 658/881/658 336/882/336
vt 0.606950 0.418000
vt 0.638265 0.404150
vt 0.639819 0.421415
vt 0.607622 0.438237
f 77/883/77 353/884/353 665/885/665 334/886/334
vt 0.613218 0.305954
vt 0.616285 0.287009
vt 0.645621 0.296660
vt 0.642273 0.312168
f 78/887/78 338/888/338 667/889/667 355/890/355
vt 0.613218 0.305954
vt 0.612241 0.304533
vt 0.616172 0.285179
vt 0.616285 0.287009
f 78/891/78 339/892/339 659/893/659 338/894/338
vt 0.613218 0.305954
vt 0.642273 0.312168
vt 0.637921 0.357143
vt 0.608096 0.360709
f 78/895/78 355/896/355 666/897/666 336/898/336
vt 0.248288 0.672149
vt 0.247560 0.724426
vt 0.218767 0.728923
vt 0.219237 0.682850
f 79/899/79 340/900/340 668/901/668 357/902/357
vt 0.248288 0.672149
vt 0.249355 0.670970
vt 0.248862 0.724444
vt 0.247560 0.724426
f 79/903/79 341/904/341 660/905/660 340/906/340
vt 0.248288 0.672149
vt 0.219237 0.682850
vt 0.219236 0.666925
vt 0.248502 0.654290
f 79/907/79 357/908/357 671/909/671 346/910/346
vt 0.246846 0.776677
vt 0.246585 0.794539
vt 0.217646 0.790822
vt 0.218007 0.774944
f 80/911/80 342/912/342 669/913/669 359/914/359
vt 0.246846 0.776677
vt 0.247880 0.777886
vt 0.246924 0.796180
vt 0.246585 0.794539
f 80/915/80 343/916/343 661/917/661 342/918/342
vt 0.246846 0.776677
vt 0.218007 0.774944
vt 0.218767 0.728923
vt 0.247560 0.724426
f 80/919/80 359/920/359 668/921/668 340/922/340
vt 0.814625 0.168745
vt 0.820702 0.223402
vt 0.790819 0.220357
vt 0.785682 0.175464
f 81/923/81 344/924/344 670/925/670 361/926/361
vt 0.814625 0.168745
vt 0.815576 0.167307
vt 0.822093 0.223309
vt 0.820702 0.223402
f 81/927/81 345/928/345 662/929/662 344/930/344
vt 0.814625 0.168745
vt 0.785682 0.175464
vt 0.782065 0.160018
vt 0.811228 0.149856
f 81/931/81 361/932/361 669/933/669 342/934/342
vt 0.822847 0.280664
vt 0.822528 0.300910
vt 0.790043 0.284652
vt 0.791295 0.267363
f 82/935/82 346/936/346 671/937/671 363/938/363
vt 0.822847 0.280664
vt 0.824056 0.282001
vt 0.822929 0.302793
vt 0.822528 0.300910
f 82/939/82 347/940/347 663/941/663 346/942/346
vt 0.822847 0.280664
vt 0.791295 0.267363
vt 0.790819 0.220357
vt 0.820702 0.223402
f 82/943/82 363/944/363 670/945/670 344/946/344
vt 0.138584 0.605193
vt 0.137787 0.564282
vt 0.145003 0.566014
vt 0.145711 0.604435
f 83/947/83 348/948/348 672/949/672 365/950/365
vt 0.138584 0.605193
vt 0.117042 0.606726
vt 0.116277 0.560715
vt 0.137787 0.564282
f 83/951/83 349/952/349 664/953/664 348/954/348
vt 0.138584 0.605193
vt 0.145711 0.604435
vt 0.146627 0.617459
vt 0.139254 0.619375
f 83/955/83 365/956/365 675/957/675 354/958/354
vt 0.137484 0.523355
vt 0.137807 0.509176
vt 0.145180 0.514508
vt 0.144680 0.527554
f 84/959/84 350/960/350 673/961/673 367/962/367
vt 0.137484 0.523355
vt 0.115804 0.514647
vt 0.115812 0.498709
vt 0.137807 0.509176
f 84/963/84 351/964/351 665/965/665 350/966/350
vt 0.137484 0.523355
vt 0.144680 0.527554
vt 0.145003 0.566014
vt 0.137787 0.564282
f 84/967/84 367/968/367 672/969/672 348/970/348
vt 0.659616 0.393000
vt 0.658947 0.354311
vt 0.665776 0.352856
vt 0.666223 0.388269
f 85/971/85 352/972/352 674/973/674 369/974/369
vt 0.659616 0.393000
vt 0.638265 0.404150
vt 0.637921 0.357143
vt 0.658947 0.354311
f 85/975/85 353/976/353 666/977/666 352/978/352
vt 0.659616 0.393000
vt 0.666223 0.388269
vt 0.667765 0.399881
vt 0.661763 0.407013
f 85/979/85 369/980/369 673/981/673 350/982/350
vt 0.662174 0.317088
vt 0.664987 0.304792
vt 0.670230 0.308133
vt 0.668416 0.318748
f 86/983/86 354/984/354 675/985/675 371/986/371
vt 0.662174 0.317088
vt 0.642273 0.312168
vt 0.645621 0.296660
vt 0.664987 0.304792
f 86/987/86 355/988/355 667/989/667 354/990/354
vt 0.662174 0.317088
vt 0.668416 0.318748
vt 0.665776 0.352856
vt 0.658947 0.354311
f 86/991/86 371/992/371 674/993/674 352/994/352
vt 0.197558 0.691559
vt 0.197258 0.732495
vt 0.190046 0.734230
vt 0.190369 0.695771
f 87/995/87 356/996/356 676/997/676 373/998/373
vt 0.197558 0.691559
vt 0.219237 0.682850
vt 0.218767 0.728923
vt 0.197258 0.732495
f 87/999/87 357/1000/357 668/1001/668 356/1002/356
vt 0.197558 0.691559
vt 0.190369 0.695771
vt 0.189870 0.682725
vt 0.197232 0.677373
f 87/1003/87 373/1004/373 679/1005/679 362/1006/362
vt 0.196465 0.773409
vt 0.195795 0.787591
vt 0.188422 0.785674
vt 0.189337 0.772651
f 88/1007/88 358/1008/358 677/1009/677 375/1010/375
vt 0.196465 0.773409
vt 0.218007 0.774944
vt 0.217646 0.790822
vt 0.195795 0.787591
f 88/1011/88 359/1012/359 669/1013/669 358/1014/358
vt 0.196465 0.773409
vt 0.189337 0.772651
vt 0.190046 0.734230
vt 0.197258 0.732495
f 88/1015/88 375/1016/375 676/1017/676 356/1018/356
vt 0.765870 0.180732
vt 0.769747 0.217892
vt 0.762893 0.216556
vt 0.759658 0.182500
f 89/1019/89 360/1020/360 678/1021/678 377/1022/377
vt 0.765870 0.180732
vt 0.785682 0.175464
vt 0.790819 0.220357
vt 0.769747 0.217892
f 89/1023/89 361/1024/361 670/1025/670 360/1026/360
vt 0.765870 0.180732
vt 0.759658 0.182500
vt 0.757659 0.171919
vt 0.762843 0.168486
f 89/1027/89 377/1028/377 677/1029/677 358/1030/358
vt 0.769753 0.256588
vt 0.767850 0.270635
vt 0.761725 0.263609
vt 0.763064 0.251972
f 90/1031/90 362/1032/362 679/1033/679 379/1034/379
vt 0.769753 0.256588
vt 0.791295 0.267363
vt 0.790043 0.284652
vt 0.767850 0.270635
f 90/1035/90 363/1036/363 671/1037/671 362/1038/362
vt 0.769753 0.256588
vt 0.763064 0.251972
vt 0.762893 0.216556
vt 0.769747 0.217892
f 90/1039/90 379/1040/379 678/1041/678 360/1042/360
vt 0.146657 0.604078
vt 0.146264 0.566818
vt 0.233677 0.573477
vt 0.233980 0.598282
f 91/1043/91 364/1044/364 680/1045/680 381/1046/381
vt 0.146657 0.604078
vt 0.145711 0.604435
vt 0.145003 0.566014
vt 0.146264 0.566818
f 91/1047/91 365/1048/365 672/1049/672 364/1050/364
vt 0.146657 0.604078
vt 0.233980 0.598282
vt 0.234100 0.606707
vt 0.146740 0.616663
f 91/1051/91 381/1052/381 683/1053/683 370/1054/370
vt 0.145730 0.529525
vt 0.145599 0.516923
vt 0.233366 0.540243
vt 0.233415 0.548669
f 92/1055/92 366/1056/366 681/1057/681 383/1058/383
vt 0.145730 0.529525
vt 0.144680 0.527554
vt 0.145180 0.514508
vt 0.145599 0.516923
f 92/1059/92 367/1060/367 673/1061/673 366/1062/366
vt 0.145730 0.529525
vt 0.233415 0.548669
vt 0.233677 0.573477
vt 0.146264 0.566818
f 92/1063/92 383/1064/383 680/1065/680 364/1066/364
vt 0.667111 0.386389
vt 0.666989 0.352187
vt 0.740503 0.346476
vt 0.740823 0.366253
f 93/1067/93 368/1068/368 682/1069/682 385/1070/385
vt 0.667111 0.386389
vt 0.666223 0.388269
vt 0.665776 0.352856
vt 0.666989 0.352187
f 93/1071/93 369/1072/369 674/1073/674 368/1074/368
vt 0.667111 0.386389
vt 0.740823 0.366253
vt 0.741118 0.373003
vt 0.667807 0.397575
f 93/1075/93 385/1076/385 681/1077/681 366/1078/366
vt 0.669239 0.319211
vt 0.670216 0.308809
vt 0.740994 0.320180
vt 0.740775 0.326768
f 94/1079/94 370/1080/370 683/1081/683 387/1082/387
vt 0.669239 0.319211
vt 0.668416 0.318748
vt 0.670230 0.308133
vt 0.670216 0.308809
f 94/1083/94 371/1084/371 675/1085/675 370/1086/370
vt 0.669239 0.319211
vt 0.740775 0.326768
vt 0.740503 0.346476
vt 0.666989 0.352187
f 94/1087/94 387/1088/387 682/1089/682 368/1090/368
vt 0.189320 0.697743
vt 0.188785 0.735034
vt 0.101373 0.741693
vt 0.101635 0.716885
f 95/1091/95 372/1092/372 684/1093/684 389/1094/389
vt 0.189320 0.697743
vt 0.190369 0.695771
vt 0.190046 0.734230
vt 0.188785 0.735034
f 95/1095/95 373/1096/373 676/1097/676 372/1098/372
vt 0.189320 0.697743
vt 0.101635 0.716885
vt 0.101684 0.708459
vt 0.189453 0.685141
f 95/1099/95 389/1100/389 687/1101/687 378/1102/378
vt 0.188392 0.772294
vt 0.188308 0.784878
vt 0.100950 0.774922
vt 0.101070 0.766497
f 96/1103/96 374/1104/374 685/1105/685 391/1106/391
vt 0.188392 0.772294
vt 0.189337 0.772651
vt 0.188422 0.785674
vt 0.188308 0.784878
f 96/1107/96 375/1108/375 677/1109/677 374/1110/374
vt 0.188392 0.772294
vt 0.101070 0.766497
vt 0.101373 0.741693
vt 0.188785 0.735034
f 96/1111/96 391/1112/391 684/1113/684 372/1114/372
vt 0.758843 0.182977
vt 0.761668 0.215909
vt 0.688066 0.211482
vt 0.687450 0.191782
f 97/1115/97 376/1116/376 686/1117/686 393/1118/393
vt 0.758843 0.182977
vt 0.759658 0.182500
vt 0.762893 0.216556
vt 0.761668 0.215909
f 97/1119/97 377/1120/377 678/1121/678 376/1122/376
vt 0.758843 0.182977
vt 0.687450 0.191782
vt 0.687116 0.185199
vt 0.757685 0.172594
f 97/1123/97 393/1124/393 685/1125/685 374/1126/374
vt 0.762144 0.250108
vt 0.761643 0.261304
vt 0.687914 0.238015
vt 0.688091 0.231262
f 98/1127/98 378/1128/378 687/1129/687 395/1130/395
vt 0.762144 0.250108
vt 0.763064 0.251972
vt 0.761725 0.263609
vt 0.761643 0.261304
f 98/1131/98 379/1132/379 679/1133/679 378/1134/378
vt 0.762144 0.250108
vt 0.688091 0.231262
vt 0.688066 0.211482
vt 0.761668 0.215909
f 98/1135/98 395/1136/395 686/1137/686 376/1138/376
vt 0.320643 0.592366
vt 0.320722 0.580097
vt 0.323219 0.580071
vt 0.321009 0.596732
f 99/1139/99 380/1140/380 629/1141/629 386/1142/386
vt 0.320643 0.592366
vt 0.233980 0.598282
vt 0.233677 0.573477
vt 0.320722 0.580097
f 99/1143/99 381/1144/381 680/1145/680 380/1146/380
vt 0.320361 0.567831
vt 0.320655 0.563455
vt 0.323219 0.580071
vt 0.320722 0.580097
f 100/1147/100 382/1148/382 629/1149/629 380/1150/380
vt 0.320361 0.567831
vt 0.233415 0.548669
vt 0.233366 0.540243
vt 0.320655 0.563455
f 100/1151/100 383/1152/383 681/1153/681 382/1154/382
vt 0.805815 0.349328
vt 0.806144 0.340142
vt 0.808016 0.340176
vt 0.806017 0.352597
f 101/1155/101 384/1156/384 629/1157/629 382/1158/382
vt 0.805815 0.349328
vt 0.740823 0.366253
vt 0.740503 0.346476
vt 0.806144 0.340142
f 101/1159/101 385/1160/385 682/1161/682 384/1162/384
vt 0.806127 0.330911
vt 0.806408 0.327611
vt 0.808016 0.340176
vt 0.806144 0.340142
f 102/1163/102 386/1164/386 629/1165/629 384/1166/384
vt 0.806127 0.330911
vt 0.740775 0.326768
vt 0.740994 0.320180
vt 0.806408 0.327611
f 102/1167/102 387/1168/387 683/1169/683 386/1170/386
vt 0.014691 0.736046
vt 0.014330 0.748312
vt 0.011833 0.748286
vt 0.014397 0.731671
f 103/1171/103 388/1172/388 630/1173/630 394/1174/394
vt 0.014691 0.736046
vt 0.101635 0.716885
vt 0.101373 0.741693
vt 0.014330 0.748312
f 103/1175/103 389/1176/389 684/1177/684 388/1178/388
vt 0.014409 0.760581
vt 0.014043 0.764947
vt 0.011833 0.748286
vt 0.014330 0.748312
f 104/1179/104 390/1180/390 630/1181/630 388/1182/388
vt 0.014409 0.760581
vt 0.101070 0.766497
vt 0.100950 0.774922
vt 0.014043 0.764947
f 104/1183/104 391/1184/391 685/1185/685 390/1186/390
vt 0.622181 0.197064
vt 0.622324 0.206294
vt 0.620453 0.206361
vt 0.621841 0.193770
f 105/1187/105 392/1188/392 630/1189/630 390/1190/390
vt 0.622181 0.197064
vt 0.687450 0.191782
vt 0.688066 0.211482
vt 0.622324 0.206294
f 105/1191/105 393/1192/393 686/1193/686 392/1194/392
vt 0.622813 0.215474
vt 0.622669 0.218746
vt 0.620453 0.206361
vt 0.622324 0.206294
f 106/1195/106 394/1196/394 630/1197/630 392/1198/392
vt 0.622813 0.215474
vt 0.688091 0.231262
vt 0.687914 0.238015
vt 0.622669 0.218746
f 106/1199/106 395/1200/395 687/1201/687 394/1202/394
vt 0.186694 0.931236
vt 0.119599 0.924164
vt 0.121356 0.904361
vt 0.189819 0.911194
f 107/1203/107 400/1204/400 762/1205/762 406/1206/406
vt 0.186694 0.931236
vt 0.182933 0.951376
vt 0.117155 0.943581
vt 0.119599 0.924164
f 107/1207/107 401/1208/401 692/1209/692 400/1210/400
vt 0.055374 0.920680
vt 0.055210 0.902324
vt 0.121356 0.904361
vt 0.119599 0.924164
f 108/1211/108 402/1212/402 762/1213/762 400/1214/400
vt 0.055374 0.920680
vt 0.054513 0.938191
vt 0.034377 0.937517
vt 0.034344 0.920623
f 108/1215/108 403/1216/403 711/1217/711 440/1218/440
vt 0.054501 0.882621
vt 0.122351 0.883194
vt 0.121356 0.904361
vt 0.055210 0.902324
f 109/1219/109 404/1220/404 762/1221/762 402/1222/402
vt 0.054501 0.882621
vt 0.053293 0.862618
vt 0.122676 0.861413
vt 0.122351 0.883194
f 109/1223/109 405/1224/405 694/1225/694 404/1226/404
vt 0.191895 0.889912
vt 0.189819 0.911194
vt 0.121356 0.904361
vt 0.122351 0.883194
f 110/1227/110 406/1228/406 762/1229/762 404/1230/404
vt 0.191895 0.889912
vt 0.193125 0.867885
vt 0.217665 0.870573
vt 0.216388 0.891970
f 110/1231/110 407/1232/407 727/1233/727 472/1234/472
vt 0.201731 0.318534
vt 0.137488 0.321692
vt 0.135831 0.301881
vt 0.201987 0.300178
f 111/1235/111 408/1236/408 763/1237/763 414/1238/414
vt 0.201731 0.318534
vt 0.202503 0.336049
vt 0.139834 0.341122
vt 0.137488 0.321692
f 111/1239/111 409/1240/409 696/1241/696 408/1242/408
vt 0.070358 0.328425
vt 0.067336 0.308368
vt 0.135831 0.301881
vt 0.137488 0.321692
f 112/1243/112 410/1244/410 763/1245/763 408/1246/408
vt 0.070358 0.328425
vt 0.074017 0.348584
vt 0.050009 0.352098
vt 0.046255 0.331618
f 112/1247/112 411/1248/411 731/1249/731 480/1250/480
vt 0.065366 0.287075
vt 0.134944 0.280709
vt 0.135831 0.301881
vt 0.067336 0.308368
f 113/1251/113 412/1252/412 763/1253/763 410/1254/410
vt 0.065366 0.287075
vt 0.064248 0.265043
vt 0.134729 0.258927
vt 0.134944 0.280709
f 113/1255/113 413/1256/413 698/1257/698 412/1258/412
vt 0.202796 0.280480
vt 0.201987 0.300178
vt 0.135831 0.301881
vt 0.134944 0.280709
f 114/1259/114 414/1260/414 763/1261/763 412/1262/412
vt 0.202796 0.280480
vt 0.204105 0.260483
vt 0.226445 0.262773
vt 0.224829 0.281039
f 114/1263/114 415/1264/415 715/1265/715 448/1266/448
vt 0.525171 0.627624
vt 0.525345 0.634699
vt 0.505698 0.633689
vt 0.505575 0.627894
f 115/1267/115 417/1268/417 741/1269/741 500/1270/500
vt 0.525171 0.627624
vt 0.581527 0.624652
vt 0.581830 0.632816
vt 0.525345 0.634699
f 115/1271/115 418/1272/418 700/1273/700 417/1274/417
vt 0.525171 0.627624
vt 0.505575 0.627894
vt 0.504660 0.617267
vt 0.524267 0.615630
f 115/1275/115 500/1276/500 740/1277/740 431/1278/431
vt 0.906878 0.451551
vt 0.914606 0.440472
vt 0.917482 0.439866
vt 0.919620 0.447044
f 116/1279/116 419/1280/419 742/1281/742 502/1282/502
vt 0.906878 0.451551
vt 0.850295 0.479014
vt 0.848486 0.474908
vt 0.896355 0.451807
f 116/1283/116 420/1284/420 781/1285/781 572/1286/572
vt 0.518960 0.641869
vt 0.504977 0.639216
vt 0.505698 0.633689
vt 0.525345 0.634699
f 116/1287/116 502/1288/502 741/1289/741 417/1290/417
vt 0.017056 0.052113
vt 0.025440 0.064034
vt 0.002307 0.065730
vt 0.000483 0.056013
f 117/1291/117 421/1292/421 743/1293/743 504/1294/504
vt 0.017056 0.052113
vt 0.088170 0.049655
vt 0.088587 0.061211
vt 0.025440 0.064034
f 117/1295/117 422/1296/422 702/1297/702 421/1298/421
vt 0.902864 0.432877
vt 0.916335 0.431576
vt 0.917482 0.439866
vt 0.914606 0.440472
f 117/1299/117 504/1300/504 742/1301/742 419/1302/419
vt 0.026388 0.074843
vt 0.026529 0.088295
vt 0.002791 0.088116
vt 0.003162 0.074918
f 118/1303/118 423/1304/423 744/1305/744 506/1306/506
vt 0.026388 0.074843
vt 0.088905 0.073568
vt 0.088898 0.088764
vt 0.026529 0.088295
f 118/1307/118 424/1308/424 703/1309/703 423/1310/423
vt 0.026388 0.074843
vt 0.003162 0.074918
vt 0.002307 0.065730
vt 0.025440 0.064034
f 118/1311/118 506/1312/506 743/1313/743 421/1314/421
vt 0.026186 0.101742
vt 0.025076 0.112536
vt 0.001971 0.110493
vt 0.002963 0.101318
f 119/1315/119 425/1316/425 745/1317/745 508/1318/508
vt 0.026186 0.101742
vt 0.088677 0.103958
vt 0.088173 0.116309
vt 0.025076 0.112536
f 119/1319/119 426/1320/426 704/1321/704 425/1322/425
vt 0.026186 0.101742
vt 0.002963 0.101318
vt 0.002791 0.088116
vt 0.026529 0.088295
f 119/1323/119 508/1324/508 744/1325/744 423/1326/423
vt 0.775238 0.432877
vt 0.763496 0.440472
vt 0.760620 0.439865
vt 0.761767 0.431576
f 120/1327/120 427/1328/427 746/1329/746 510/1330/510
vt 0.775238 0.432877
vt 0.838466 0.431576
vt 0.838383 0.437474
vt 0.784934 0.437932
f 120/1331/120 428/1332/428 785/1333/785 580/1334/580
vt 0.016513 0.124330
vt 0.000000 0.120181
vt 0.001971 0.110493
vt 0.025076 0.112536
f 120/1335/120 510/1336/510 745/1337/745 425/1338/425
vt 0.514682 0.590634
vt 0.522167 0.596646
vt 0.502960 0.600900
vt 0.501332 0.595569
f 121/1339/121 429/1340/429 747/1341/747 512/1342/512
vt 0.514682 0.590634
vt 0.577168 0.582775
vt 0.578183 0.589134
vt 0.522167 0.596646
f 121/1343/121 430/1344/430 706/1345/706 429/1346/429
vt 0.771224 0.451551
vt 0.758482 0.447044
vt 0.760620 0.439865
vt 0.763496 0.440472
f 121/1347/121 512/1348/512 746/1349/746 427/1350/427
vt 0.523169 0.603651
vt 0.524267 0.615630
vt 0.504660 0.617267
vt 0.503800 0.606635
f 122/1351/122 431/1352/431 740/1353/740 498/1354/498
vt 0.523169 0.603651
vt 0.579238 0.597235
vt 0.580513 0.610933
vt 0.524267 0.615630
f 122/1355/122 432/1356/432 707/1357/707 431/1358/431
vt 0.523169 0.603651
vt 0.503800 0.606635
vt 0.502960 0.600900
vt 0.522167 0.596646
f 122/1359/122 498/1360/498 747/1361/747 429/1362/429
vt 0.350735 0.816605
vt 0.337703 0.808416
vt 0.343171 0.800404
vt 0.354845 0.807238
f 123/1363/123 433/1364/433 716/1365/716 450/1366/450
vt 0.350735 0.816605
vt 0.349489 0.821013
vt 0.335050 0.811774
vt 0.337703 0.808416
f 123/1367/123 434/1368/434 708/1369/708 433/1370/433
vt 0.350735 0.816605
vt 0.354845 0.807238
vt 0.368518 0.812253
vt 0.365247 0.822392
f 123/1371/123 450/1372/450 719/1373/719 439/1374/439
vt 0.447246 0.817406
vt 0.432471 0.822435
vt 0.429388 0.812174
vt 0.443279 0.807640
f 124/1375/124 435/1376/435 717/1377/717 452/1378/452
vt 0.447246 0.817406
vt 0.448541 0.821892
vt 0.432685 0.827046
vt 0.432471 0.822435
f 124/1379/124 436/1380/436 709/1381/709 435/1382/435
vt 0.447246 0.817406
vt 0.443279 0.807640
vt 0.455222 0.800963
vt 0.460582 0.809449
f 124/1383/124 452/1384/452 716/1385/716 433/1386/433
vt 0.416423 0.825759
vt 0.398346 0.826698
vt 0.398633 0.815365
vt 0.414381 0.814774
f 125/1387/125 437/1388/437 718/1389/718 454/1390/454
vt 0.416423 0.825759
vt 0.415959 0.830737
vt 0.397409 0.832154
vt 0.398346 0.826698
f 125/1391/125 438/1392/438 710/1393/710 437/1394/437
vt 0.416423 0.825759
vt 0.414381 0.814774
vt 0.429388 0.812174
vt 0.432471 0.822435
f 125/1395/125 454/1396/454 717/1397/717 435/1398/435
vt 0.380655 0.826212
vt 0.365247 0.822392
vt 0.368518 0.812253
vt 0.383128 0.815101
f 126/1399/126 439/1400/439 719/1401/719 456/1402/456
vt 0.380655 0.826212
vt 0.379911 0.831701
vt 0.364874 0.827331
vt 0.365247 0.822392
f 126/1403/126 440/1404/440 711/1405/711 439/1406/439
vt 0.380655 0.826212
vt 0.383128 0.815101
vt 0.398633 0.815365
vt 0.398346 0.826698
f 126/1407/126 456/1408/456 718/1409/718 437/1410/437
vt 0.351013 0.636279
vt 0.337677 0.628322
vt 0.343037 0.619836
vt 0.354980 0.626513
f 127/1411/127 441/1412/441 720/1413/720 458/1414/458
vt 0.351013 0.636279
vt 0.349718 0.640766
vt 0.335052 0.631894
vt 0.337677 0.628322
f 127/1415/127 442/1416/442 712/1417/712 441/1418/441
vt 0.351013 0.636279
vt 0.354980 0.626513
vt 0.368871 0.631047
vt 0.365788 0.641308
f 127/1419/127 458/1420/458 723/1421/723 447/1422/447
vt 0.447524 0.635478
vt 0.433012 0.641265
vt 0.429741 0.631126
vt 0.443414 0.626111
f 128/1423/128 443/1424/443 721/1425/721 460/1426/460
vt 0.447524 0.635478
vt 0.448770 0.639886
vt 0.433385 0.646204
vt 0.433012 0.641265
f 128/1427/128 444/1428/444 713/1429/713 443/1430/443
vt 0.447524 0.635478
vt 0.443414 0.626111
vt 0.455088 0.619277
vt 0.460556 0.627289
f 128/1431/128 460/1432/460 720/1433/720 441/1434/441
vt 0.417604 0.645085
vt 0.399913 0.645572
vt 0.399625 0.634238
vt 0.415131 0.633974
f 129/1435/129 445/1436/445 722/1437/722 462/1438/462
vt 0.417604 0.645085
vt 0.418348 0.650574
vt 0.400849 0.651027
vt 0.399913 0.645572
f 129/1439/129 446/1440/446 714/1441/714 445/1442/445
vt 0.417604 0.645085
vt 0.415131 0.633974
vt 0.429741 0.631126
vt 0.433012 0.641265
f 129/1443/129 462/1444/462 721/1445/721 443/1446/443
vt 0.381836 0.644632
vt 0.365788 0.641308
vt 0.368871 0.631047
vt 0.383878 0.633647
f 130/1447/130 447/1448/447 723/1449/723 464/1450/464
vt 0.381836 0.644632
vt 0.382300 0.649610
vt 0.365574 0.645919
vt 0.365788 0.641308
f 130/1451/130 448/1452/448 715/1453/715 447/1454/447
vt 0.381836 0.644632
vt 0.383878 0.633647
vt 0.399625 0.634238
vt 0.399913 0.645572
f 130/1455/130 464/1456/464 722/1457/722 445/1458/445
vt 0.473792 0.092529
vt 0.481712 0.102154
vt 0.464405 0.107336
vt 0.459547 0.092529
f 131/1459/131 449/1460/449 693/1461/693 455/1462/455
vt 0.359977 0.795386
vt 0.354845 0.807238
vt 0.343171 0.800404
vt 0.349808 0.789791
f 131/1463/131 450/1464/450 716/1465/716 449/1466/449
vt 0.480977 0.114369
vt 0.469264 0.122142
vt 0.464405 0.107336
vt 0.481712 0.102154
f 132/1467/132 451/1468/451 693/1469/693 449/1470/449
vt 0.438304 0.795290
vt 0.443279 0.807640
vt 0.429388 0.812174
vt 0.425246 0.799133
f 132/1471/132 452/1472/452 717/1473/717 451/1474/451
vt 0.455121 0.122512
vt 0.447099 0.112518
vt 0.464405 0.107336
vt 0.469264 0.122142
f 133/1475/133 453/1476/453 693/1477/693 451/1478/451
vt 0.411490 0.800939
vt 0.414381 0.814774
vt 0.398633 0.815365
vt 0.398578 0.800940
f 133/1479/133 454/1480/454 718/1481/718 453/1482/453
vt 0.447730 0.099932
vt 0.459547 0.092529
vt 0.464405 0.107336
vt 0.447099 0.112518
f 134/1483/134 455/1484/455 693/1485/693 453/1486/453
vt 0.385967 0.801297
vt 0.383128 0.815101
vt 0.368518 0.812253
vt 0.372719 0.799497
f 134/1487/134 456/1488/456 719/1489/719 455/1490/455
vt 0.433840 0.158204
vt 0.433106 0.145988
vt 0.450412 0.151170
vt 0.445554 0.165976
f 135/1491/135 457/1492/457 699/1493/699 463/1494/463
vt 0.359955 0.614163
vt 0.354980 0.626513
vt 0.343037 0.619836
vt 0.349546 0.608664
f 135/1495/135 458/1496/458 720/1497/720 457/1498/457
vt 0.441025 0.136364
vt 0.455271 0.136364
vt 0.450412 0.151170
vt 0.433106 0.145988
f 136/1499/136 459/1500/459 699/1501/699 457/1502/457
vt 0.438282 0.614259
vt 0.443414 0.626111
vt 0.429741 0.631126
vt 0.425540 0.618370
f 136/1503/136 460/1504/460 721/1505/721 459/1506/459
vt 0.467088 0.143766
vt 0.467719 0.156352
vt 0.450412 0.151170
vt 0.455271 0.136364
f 137/1507/137 461/1508/461 699/1509/699 459/1510/459
vt 0.412292 0.620170
vt 0.415131 0.633974
vt 0.399625 0.634238
vt 0.399681 0.619813
f 137/1511/137 462/1512/462 722/1513/722 461/1514/461
vt 0.459696 0.166346
vt 0.445554 0.165976
vt 0.450412 0.151170
vt 0.467719 0.156352
f 138/1515/138 463/1516/463 699/1517/699 461/1518/461
vt 0.386769 0.619812
vt 0.383878 0.633647
vt 0.368871 0.631047
vt 0.373013 0.618006
f 138/1519/138 464/1520/464 723/1521/723 463/1522/463
vt 0.392681 0.271268
vt 0.389130 0.257514
vt 0.393199 0.256779
vt 0.396749 0.268624
f 139/1523/139 465/1524/465 732/1525/732 482/1526/482
vt 0.392681 0.271268
vt 0.390188 0.272522
vt 0.386468 0.257389
vt 0.389130 0.257514
f 139/1527/139 466/1528/466 724/1529/724 465/1530/465
vt 0.392681 0.271268
vt 0.396749 0.268624
vt 0.405944 0.278499
vt 0.402547 0.282398
f 139/1531/139 482/1532/482 735/1533/735 471/1534/471
vt 0.476994 0.271429
vt 0.467301 0.283456
vt 0.463870 0.279406
vt 0.472948 0.268833
f 140/1535/140 467/1536/467 733/1537/733 484/1538/484
vt 0.476994 0.271429
vt 0.479463 0.272885
vt 0.469005 0.286375
vt 0.467301 0.283456
f 140/1539/140 468/1540/468 725/1541/725 467/1542/467
vt 0.476994 0.271429
vt 0.472948 0.268833
vt 0.476735 0.256600
vt 0.480853 0.257207
f 140/1543/140 484/1544/484 732/1545/732 465/1546/465
vt 0.453748 0.292323
vt 0.435448 0.294264
vt 0.435273 0.288021
vt 0.451171 0.286780
f 141/1547/141 469/1548/469 734/1549/734 486/1550/486
vt 0.453748 0.292323
vt 0.455174 0.296879
vt 0.436072 0.299410
vt 0.435448 0.294264
f 141/1551/141 470/1552/470 726/1553/726 469/1554/469
vt 0.453748 0.292323
vt 0.451171 0.286780
vt 0.463870 0.279406
vt 0.467301 0.283456
f 141/1555/141 486/1556/486 733/1557/733 467/1558/467
vt 0.416723 0.291109
vt 0.402547 0.282398
vt 0.405944 0.278499
vt 0.419068 0.285782
f 142/1559/142 471/1560/471 735/1561/735 488/1562/488
vt 0.416723 0.291109
vt 0.416181 0.295172
vt 0.401064 0.284807
vt 0.402547 0.282398
f 142/1563/142 472/1564/472 727/1565/727 471/1566/471
vt 0.416723 0.291109
vt 0.419068 0.285782
vt 0.435273 0.288021
vt 0.435448 0.294264
f 142/1567/142 488/1568/488 734/1569/734 469/1570/469
vt 0.393004 0.315472
vt 0.389146 0.301251
vt 0.393263 0.300643
vt 0.397050 0.312877
f 143/1571/143 473/1572/473 736/1573/736 490/1574/490
vt 0.393004 0.315472
vt 0.390536 0.316929
vt 0.386468 0.301128
vt 0.389146 0.301251
f 143/1575/143 474/1576/474 728/1577/728 473/1578/473
vt 0.393004 0.315472
vt 0.397050 0.312877
vt 0.406128 0.323450
vt 0.402697 0.327500
f 143/1579/143 490/1580/490 739/1581/739 479/1582/479
vt 0.477317 0.315312
vt 0.467451 0.326442
vt 0.464054 0.322542
vt 0.473249 0.312667
f 144/1583/144 475/1584/475 737/1585/737 492/1586/492
vt 0.477317 0.315312
vt 0.479810 0.316566
vt 0.468935 0.328851
vt 0.467451 0.326442
f 144/1587/144 476/1588/476 729/1589/729 475/1590/475
vt 0.477317 0.315312
vt 0.473249 0.312667
vt 0.476799 0.300823
vt 0.480869 0.301558
f 144/1591/144 492/1592/492 736/1593/736 473/1594/473
vt 0.453275 0.335153
vt 0.434550 0.338308
vt 0.434725 0.332064
vt 0.450931 0.329825
f 145/1595/145 477/1596/477 738/1597/738 494/1598/494
vt 0.453275 0.335153
vt 0.453817 0.339216
vt 0.433926 0.343454
vt 0.434550 0.338308
f 145/1599/145 478/1600/478 730/1601/730 477/1602/477
vt 0.453275 0.335153
vt 0.450931 0.329825
vt 0.464054 0.322542
vt 0.467451 0.326442
f 145/1603/145 494/1604/494 737/1605/737 475/1606/475
vt 0.416250 0.336367
vt 0.402697 0.327500
vt 0.406128 0.323450
vt 0.418827 0.330824
f 146/1607/146 479/1608/479 739/1609/739 496/1610/496
vt 0.416250 0.336367
vt 0.414824 0.340922
vt 0.400993 0.330419
vt 0.402697 0.327500
f 146/1611/146 480/1612/480 731/1613/731 479/1614/479
vt 0.416250 0.336367
vt 0.418827 0.330824
vt 0.434725 0.332064
vt 0.434550 0.338308
f 146/1615/146 496/1616/496 738/1617/738 477/1618/477
vt 0.790379 0.098122
vt 0.789799 0.086083
vt 0.806709 0.090935
vt 0.801848 0.105404
f 147/1619/147 481/1620/481 695/1621/695 487/1622/487
vt 0.401593 0.265164
vt 0.396749 0.268624
vt 0.393199 0.256779
vt 0.398378 0.255366
f 147/1623/147 482/1624/482 732/1625/732 481/1626/481
vt 0.797685 0.076475
vt 0.811580 0.076475
vt 0.806709 0.090935
vt 0.789799 0.086083
f 148/1627/148 483/1628/483 695/1629/695 481/1630/481
vt 0.468078 0.265509
vt 0.472948 0.268833
vt 0.463870 0.279406
vt 0.459675 0.274592
f 148/1631/148 484/1632/484 733/1633/733 483/1634/483
vt 0.823032 0.083697
vt 0.823605 0.095779
vt 0.806709 0.090935
vt 0.811580 0.076475
f 149/1635/149 485/1636/485 695/1637/695 483/1638/483
vt 0.448248 0.280397
vt 0.451171 0.286780
vt 0.435273 0.288021
vt 0.435344 0.280463
f 149/1639/149 486/1640/486 734/1641/734 485/1642/485
vt 0.815741 0.105443
vt 0.801848 0.105404
vt 0.806709 0.090935
vt 0.823605 0.095779
f 150/1643/150 487/1644/487 695/1645/695 485/1646/485
vt 0.422072 0.279521
vt 0.419068 0.285782
vt 0.405944 0.278499
vt 0.410157 0.273693
f 150/1647/150 488/1648/488 735/1649/735 487/1650/487
vt 0.459026 0.166346
vt 0.466912 0.175955
vt 0.450002 0.180806
vt 0.445131 0.166346
f 151/1651/151 489/1652/489 697/1653/697 495/1654/495
vt 0.401921 0.309553
vt 0.397050 0.312877
vt 0.393263 0.300643
vt 0.398520 0.299410
f 151/1655/151 490/1656/490 736/1657/736 489/1658/489
vt 0.466333 0.187993
vt 0.454863 0.195275
vt 0.450002 0.180806
vt 0.466912 0.175955
f 152/1659/152 491/1660/491 697/1661/697 489/1662/489
vt 0.468406 0.309208
vt 0.473249 0.312667
vt 0.464054 0.322542
vt 0.459841 0.317737
f 152/1663/152 492/1664/492 737/1665/737 491/1666/491
vt 0.440970 0.195314
vt 0.433106 0.185650
vt 0.450002 0.180806
vt 0.454863 0.195275
f 153/1667/153 493/1668/493 697/1669/697 491/1670/491
vt 0.447926 0.323565
vt 0.450931 0.329825
vt 0.434725 0.332064
vt 0.434655 0.324506
f 153/1671/153 494/1672/494 738/1673/738 493/1674/493
vt 0.433679 0.173569
vt 0.445131 0.166346
vt 0.450002 0.180806
vt 0.433106 0.185650
f 154/1675/154 495/1676/495 697/1677/697 493/1678/493
vt 0.421751 0.324441
vt 0.418827 0.330824
vt 0.406128 0.323450
vt 0.410323 0.318636
f 154/1679/154 496/1680/496 739/1681/739 495/1682/495
vt 0.458245 0.057513
vt 0.452945 0.051040
vt 0.463551 0.046548
vt 0.465386 0.055582
f 155/1683/155 498/1684/498 740/1685/740 497/1686/497
vt 0.472714 0.054576
vt 0.475070 0.046548
vt 0.481224 0.049395
vt 0.476481 0.054703
f 156/1687/156 500/1688/500 741/1689/741 499/1690/499
vt 0.477524 0.058505
vt 0.484895 0.054757
vt 0.487672 0.062609
vt 0.479042 0.064728
f 157/1691/157 502/1692/502 742/1693/742 501/1694/501
vt 0.480313 0.071447
vt 0.488619 0.071734
vt 0.487438 0.080744
vt 0.481043 0.076442
f 158/1695/158 504/1696/504 743/1697/743 503/1698/503
vt 0.477810 0.079415
vt 0.483201 0.087766
vt 0.472887 0.092529
vt 0.470684 0.081680
f 159/1699/159 506/1700/506 744/1701/744 505/1702/505
vt 0.463239 0.082373
vt 0.461532 0.092165
vt 0.454891 0.087352
vt 0.459103 0.080897
f 160/1703/160 508/1704/508 745/1705/745 507/1706/507
vt 0.457827 0.076012
vt 0.450290 0.079515
vt 0.447604 0.070744
vt 0.456376 0.069329
f 161/1707/161 510/1708/510 746/1709/746 509/1710/509
vt 0.455348 0.063007
vt 0.447099 0.062431
vt 0.448389 0.056061
vt 0.454826 0.059100
f 162/1711/162 512/1712/512 747/1713/747 511/1714/511
vt 0.433670 0.884818
vt 0.435132 0.879683
vt 0.443502 0.886737
vt 0.433802 0.888355
f 163/1715/163 515/1716/515 591/1717/591 521/1718/521
vt 0.433670 0.884818
vt 0.422863 0.884428
vt 0.422939 0.876891
vt 0.435132 0.879683
f 163/1719/163 516/1720/516 750/1721/750 515/1722/515
vt 0.020455 0.006823
vt 0.021838 0.014255
vt 0.000000 0.013832
vt 0.012309 0.000001
f 164/1723/164 517/1724/517 591/1725/591 515/1726/515
vt 0.020455 0.006823
vt 0.040958 0.004795
vt 0.041332 0.014634
vt 0.021838 0.014255
f 164/1727/164 518/1728/518 751/1729/751 517/1730/517
vt 0.020168 0.021629
vt 0.011763 0.028129
vt 0.000000 0.013832
vt 0.021838 0.014255
f 165/1731/165 519/1732/519 591/1733/591 517/1734/517
vt 0.132113 0.445388
vt 0.148590 0.445472
vt 0.147062 0.455536
vt 0.130311 0.453389
f 165/1735/165 520/1736/520 752/1737/752 519/1738/519
vt 0.434825 0.891743
vt 0.433802 0.888355
vt 0.443502 0.886737
vt 0.437874 0.896125
f 166/1739/166 521/1740/521 591/1741/591 519/1742/519
vt 0.434825 0.891743
vt 0.424729 0.895619
vt 0.423499 0.890073
vt 0.433802 0.888355
f 166/1743/166 522/1744/522 753/1745/753 521/1746/521
vt 0.476176 0.440590
vt 0.457098 0.438362
vt 0.460500 0.422738
vt 0.481106 0.426988
f 167/1747/167 525/1748/525 754/1749/754 526/1750/526
vt 0.482699 0.412212
vt 0.481106 0.426988
vt 0.460500 0.422738
vt 0.462607 0.406083
f 168/1751/168 526/1752/526 754/1753/754 527/1754/527
vt 0.507997 0.509593
vt 0.502642 0.500022
vt 0.568397 0.500641
vt 0.568060 0.511601
f 168/1755/168 531/1756/531 756/1757/756 530/1758/530
vt 0.627447 0.543220
vt 0.567046 0.539668
vt 0.567579 0.525662
vt 0.626831 0.528393
f 169/1759/169 529/1760/529 755/1761/755 528/1762/528
vt 0.627447 0.543220
vt 0.632377 0.553128
vt 0.566607 0.550509
vt 0.567046 0.539668
f 169/1763/169 533/1764/533 757/1765/757 529/1766/529
vt 0.449691 0.353117
vt 0.458006 0.356728
vt 0.427460 0.361791
vt 0.425375 0.360101
f 171/1767/171 539/1768/539 592/1769/592 558/1770/558
vt 0.450066 0.835759
vt 0.435385 0.839807
vt 0.424775 0.834217
vt 0.443407 0.833485
f 171/1771/171 540/1772/540 764/1773/764 539/1774/539
vt 0.449691 0.353117
vt 0.425375 0.360101
vt 0.419515 0.356596
vt 0.423952 0.347668
f 171/1775/171 558/1776/558 774/1777/774 545/1778/545
vt 0.451003 0.362955
vt 0.469005 0.361344
vt 0.425940 0.382837
vt 0.427719 0.376307
f 172/1779/172 542/1780/542 765/1781/765 541/1782/541
vt 0.451003 0.362955
vt 0.426226 0.364082
vt 0.427460 0.361791
vt 0.458006 0.356728
f 172/1783/172 555/1784/555 592/1785/592 539/1786/539
vt 0.404370 0.375237
vt 0.397301 0.368775
vt 0.410008 0.365662
vt 0.411888 0.367644
f 173/1787/173 543/1788/543 773/1789/773 557/1790/557
vt 0.495729 0.833677
vt 0.512512 0.833485
vt 0.518548 0.841115
vt 0.501363 0.837627
f 173/1791/173 544/1792/544 766/1793/766 543/1794/543
vt 0.404370 0.375237
vt 0.411888 0.367644
vt 0.422285 0.369834
vt 0.427719 0.376307
f 173/1795/173 557/1796/557 772/1797/772 541/1798/541
vt 0.402327 0.358172
vt 0.423952 0.347668
vt 0.419515 0.356596
vt 0.410829 0.362931
f 174/1799/174 545/1800/545 774/1801/774 559/1802/559
vt 0.492679 0.839186
vt 0.502104 0.845200
vt 0.467782 0.844104
vt 0.470366 0.838516
f 174/1803/174 546/1804/546 767/1805/767 545/1806/545
vt 0.402327 0.358172
vt 0.410829 0.362931
vt 0.410008 0.365662
vt 0.397301 0.368775
f 174/1807/174 559/1808/559 773/1809/773 543/1810/543
vt 0.422830 0.247983
vt 0.413905 0.244919
vt 0.443187 0.237749
vt 0.445091 0.239237
f 175/1811/175 547/1812/547 595/1813/595 563/1814/563
vt 0.422830 0.247983
vt 0.406988 0.254308
vt 0.386468 0.251492
vt 0.413905 0.244919
f 175/1815/175 548/1816/548 768/1817/768 547/1818/547
vt 0.422830 0.247983
vt 0.445091 0.239237
vt 0.450564 0.242614
vt 0.448366 0.250414
f 175/1819/175 563/1820/563 777/1821/777 553/1822/553
vt 0.455832 0.459525
vt 0.469578 0.463277
vt 0.439156 0.467416
vt 0.436717 0.461858
f 176/1823/176 550/1824/550 769/1825/769 549/1826/549
vt 0.420421 0.238577
vt 0.444335 0.235472
vt 0.443187 0.237749
vt 0.413905 0.244919
f 176/1827/176 560/1828/560 595/1829/595 547/1830/547
vt 0.463446 0.225252
vt 0.471481 0.232914
vt 0.459474 0.234208
vt 0.457803 0.232279
f 177/1831/177 551/1832/551 776/1833/776 562/1834/562
vt 0.414029 0.461670
vt 0.404152 0.467514
vt 0.386468 0.462359
vt 0.405244 0.459525
f 177/1835/177 552/1836/552 770/1837/770 551/1838/551
vt 0.463446 0.225252
vt 0.457803 0.232279
vt 0.448021 0.230172
vt 0.440862 0.224105
f 177/1839/177 562/1840/562 775/1841/775 549/1842/549
vt 0.467610 0.239583
vt 0.448366 0.250414
vt 0.450564 0.242614
vt 0.458570 0.236538
f 178/1843/178 553/1844/553 777/1845/777 564/1846/564
vt 0.467610 0.239583
vt 0.486212 0.235423
vt 0.452409 0.255366
vt 0.448366 0.250414
f 178/1847/178 554/1848/554 771/1849/771 553/1850/553
vt 0.467610 0.239583
vt 0.458570 0.236538
vt 0.459474 0.234208
vt 0.471481 0.232914
f 178/1851/178 564/1852/564 776/1853/776 551/1854/551
vt 0.416931 0.365853
vt 0.414074 0.364675
vt 0.427460 0.361791
vt 0.426226 0.364082
f 179/1855/179 556/1856/556 592/1857/592 555/1858/555
vt 0.416931 0.365853
vt 0.411888 0.367644
vt 0.410008 0.365662
vt 0.414074 0.364675
f 179/1859/179 557/1860/557 773/1861/773 556/1862/556
vt 0.416196 0.362423
vt 0.425375 0.360101
vt 0.427460 0.361791
vt 0.414074 0.364675
f 180/1863/180 558/1864/558 592/1865/592 556/1866/556
vt 0.416196 0.362423
vt 0.410829 0.362931
vt 0.419515 0.356596
vt 0.425375 0.360101
f 180/1867/180 559/1868/559 774/1869/774 558/1870/558
vt 0.453014 0.233874
vt 0.455647 0.234955
vt 0.443187 0.237749
vt 0.444335 0.235472
f 181/1871/181 561/1872/561 595/1873/595 560/1874/560
vt 0.453014 0.233874
vt 0.457803 0.232279
vt 0.459474 0.234208
vt 0.455647 0.234955
f 181/1875/181 562/1876/562 776/1877/776 561/1878/561
vt 0.453644 0.237074
vt 0.445091 0.239237
vt 0.443187 0.237749
vt 0.455647 0.234955
f 182/1879/182 563/1880/563 595/1881/595 561/1882/561
vt 0.453644 0.237074
vt 0.458570 0.236538
vt 0.450564 0.242614
vt 0.445091 0.239237
f 182/1883/182 564/1884/564 777/1885/777 563/1886/563
vt 0.368308 0.480693
vt 0.356217 0.472747
vt 0.412823 0.471232
vt 0.416408 0.476929
f 183/1887/183 565/1888/565 701/1889/701 584/1890/584
vt 0.368308 0.480693
vt 0.350094 0.481185
vt 0.335052 0.471232
vt 0.356217 0.472747
f 183/1891/183 566/1892/566 778/1893/778 565/1894/565
vt 0.368308 0.480693
vt 0.416408 0.476929
vt 0.427244 0.493543
vt 0.404878 0.503115
f 183/1895/183 584/1896/584 788/1897/788 571/1898/571
vt 0.438265 0.730537
vt 0.456476 0.731030
vt 0.409413 0.756607
vt 0.401695 0.752960
f 184/1899/184 568/1900/568 779/1901/779 567/1902/567
vt 0.438265 0.730537
vt 0.390168 0.726773
vt 0.393754 0.721075
vt 0.450360 0.722590
f 184/1903/184 581/1904/581 701/1905/701 565/1906/565
vt 0.359544 0.772907
vt 0.345357 0.779470
vt 0.335050 0.752724
vt 0.346146 0.750410
f 185/1907/185 569/1908/569 787/1909/787 583/1910/583
vt 0.359544 0.772907
vt 0.362117 0.781674
vt 0.345910 0.789791
vt 0.345357 0.779470
f 185/1911/185 570/1912/570 780/1913/780 569/1914/569
vt 0.359544 0.772907
vt 0.346146 0.750410
vt 0.379331 0.743387
vt 0.401695 0.752960
f 185/1915/185 583/1916/583 786/1917/786 567/1918/567
vt 0.447032 0.523063
vt 0.404878 0.503115
vt 0.427244 0.493543
vt 0.460430 0.500566
f 186/1919/186 571/1920/571 788/1921/788 585/1922/585
vt 0.447032 0.523063
vt 0.444455 0.531829
vt 0.397156 0.506760
vt 0.404878 0.503115
f 186/1923/186 572/1924/572 781/1925/781 571/1926/571
vt 0.447032 0.523063
vt 0.460430 0.500566
vt 0.471528 0.502880
vt 0.461221 0.529627
f 186/1927/186 585/1928/585 787/1929/787 569/1930/569
vt 0.368309 0.661820
vt 0.356214 0.653873
vt 0.412820 0.652359
vt 0.416407 0.658056
f 187/1931/187 573/1932/573 705/1933/705 589/1934/589
vt 0.368309 0.661820
vt 0.350099 0.662314
vt 0.335050 0.652359
vt 0.356214 0.653873
f 187/1935/187 574/1936/574 782/1937/782 573/1938/573
vt 0.368309 0.661820
vt 0.416407 0.658056
vt 0.427244 0.674670
vt 0.404879 0.684244
f 187/1939/187 589/1940/589 791/1941/791 579/1942/579
vt 0.438272 0.549409
vt 0.456486 0.549901
vt 0.409425 0.575476
vt 0.401703 0.571831
f 188/1943/188 576/1944/576 783/1945/783 575/1946/575
vt 0.438272 0.549409
vt 0.390173 0.545645
vt 0.393757 0.539948
vt 0.450363 0.541463
f 188/1947/188 586/1948/586 705/1949/705 573/1950/573
vt 0.359549 0.591779
vt 0.345360 0.598343
vt 0.335052 0.571597
vt 0.346151 0.569283
f 189/1951/189 577/1952/577 790/1953/790 588/1954/588
vt 0.359549 0.591779
vt 0.362125 0.600545
vt 0.345912 0.608664
vt 0.345360 0.598343
f 189/1955/189 578/1956/578 784/1957/784 577/1958/577
vt 0.359549 0.591779
vt 0.346151 0.569283
vt 0.379336 0.562259
vt 0.401703 0.571831
f 189/1959/189 588/1960/588 789/1961/789 575/1962/575
vt 0.447031 0.704191
vt 0.404879 0.684244
vt 0.427244 0.674670
vt 0.460428 0.681694
f 190/1963/190 579/1964/579 791/1965/791 590/1966/590
vt 0.447031 0.704191
vt 0.444458 0.712958
vt 0.397161 0.687890
vt 0.404879 0.684244
f 190/1967/190 580/1968/580 785/1969/785 579/1970/579
vt 0.447031 0.704191
vt 0.460428 0.681694
vt 0.471525 0.684007
vt 0.461218 0.710753
f 190/1971/190 590/1972/590 790/1973/790 577/1974/577
vt 0.356166 0.733446
vt 0.342093 0.727417
vt 0.393754 0.721075
vt 0.390168 0.726773
f 191/1975/191 582/1976/582 701/1977/701 581/1978/581
vt 0.356166 0.733446
vt 0.346146 0.750410
vt 0.335050 0.752724
vt 0.342093 0.727417
f 191/1979/191 583/1980/583 787/1981/787 582/1982/582
vt 0.450410 0.483602
vt 0.416408 0.476929
vt 0.412823 0.471232
vt 0.464484 0.477574
f 192/1983/192 584/1984/584 701/1985/701 582/1986/582
vt 0.450410 0.483602
vt 0.460430 0.500566
vt 0.427244 0.493543
vt 0.416408 0.476929
f 192/1987/192 585/1988/585 788/1989/788 584/1990/584
vt 0.356171 0.552319
vt 0.342096 0.546290
vt 0.393757 0.539948
vt 0.390173 0.545645
f 193/1991/193 587/1992/587 705/1993/705 586/1994/586
vt 0.356171 0.552319
vt 0.346151 0.569283
vt 0.335052 0.571597
vt 0.342096 0.546290
f 193/1995/193 588/1996/588 790/1997/790 587/1998/587
vt 0.450408 0.664730
vt 0.416407 0.658056
vt 0.412820 0.652359
vt 0.464481 0.658701
f 194/1999/194 589/2000/589 705/2001/705 587/2002/587
vt 0.450408 0.664730
vt 0.460428 0.681694
vt 0.427244 0.674670
vt 0.416407 0.658056
f 194/2003/194 590/2004/590 791/2005/791 589/2006/589
vt 0.250204 0.422728
vt 0.233111 0.422635
vt 0.221023 0.417279
vt 0.237281 0.413658
f 195/2007/195 768/2008/768 548/2009/548 1/2010/1
vt 0.082423 0.015431
vt 0.041332 0.014634
vt 0.040958 0.004795
vt 0.077253 0.002566
f 196/2011/196 751/2012/751 518/2013/518 1/2014/1
vt 0.400777 0.893862
vt 0.353468 0.901752
vt 0.351826 0.891469
vt 0.401741 0.884920
f 198/2015/198 594/2016/594 199/2017/199 2/2018/2
vt 0.351826 0.891469
vt 0.350959 0.887141
vt 0.383487 0.882366
vt 0.401741 0.884920
f 199/2019/199 769/2020/769 550/2021/550 2/2022/2
vt 0.414501 0.907594
vt 0.400125 0.912476
vt 0.388153 0.910347
vt 0.404591 0.902007
f 200/2023/200 764/2024/764 540/2025/540 3/2026/3
vt 0.355252 0.912011
vt 0.353468 0.901752
vt 0.400777 0.893862
vt 0.404591 0.902007
f 201/2027/201 594/2028/594 198/2029/198 3/2030/3
vt 0.160528 0.029425
vt 0.162805 0.016990
vt 0.257128 0.018821
vt 0.260888 0.035709
f 202/2031/202 593/2032/593 204/2033/204 8/2034/8
vt 0.232714 0.445971
vt 0.228511 0.449972
vt 0.192820 0.451278
vt 0.176562 0.447657
f 202/2035/202 765/2036/765 542/2037/542 4/2038/4
vt 0.620413 0.925507
vt 0.662735 0.921234
vt 0.666023 0.935202
vt 0.636536 0.938783
f 203/2039/203 596/2040/596 208/2041/208 5/2042/5
vt 0.257128 0.018821
vt 0.162805 0.016990
vt 0.161012 0.004477
vt 0.261540 0.002091
f 204/2043/204 593/2044/593 197/2045/197 5/2046/5
vt 0.597912 0.900073
vt 0.660003 0.887507
vt 0.662628 0.906653
vt 0.600038 0.914025
f 205/2047/205 597/2048/597 210/2049/210 6/2050/6
vt 0.959844 0.801224
vt 0.917453 0.797690
vt 0.917306 0.783109
vt 0.980015 0.789388
f 206/2051/206 598/2052/598 212/2053/212 7/2054/7
vt 0.712687 0.917862
vt 0.662735 0.921234
vt 0.662628 0.906653
vt 0.764143 0.897728
f 207/2055/207 596/2056/596 210/2057/210 10/2058/10
vt 0.823663 0.750968
vt 0.919596 0.763920
vt 0.917306 0.783109
vt 0.815651 0.775957
f 209/2059/209 597/2060/597 212/2061/212 11/2062/11
vt 0.662628 0.906653
vt 0.662735 0.921234
vt 0.620413 0.925507
vt 0.600038 0.914025
f 210/2063/210 596/2064/596 203/2065/203 6/2066/6
vt 0.867450 0.795190
vt 0.917453 0.797690
vt 0.914409 0.811713
vt 0.874621 0.809659
f 211/2067/211 598/2068/598 214/2069/214 12/2070/12
vt 0.917306 0.783109
vt 0.919596 0.763920
vt 0.981897 0.775401
vt 0.980015 0.789388
f 212/2071/212 597/2072/597 205/2073/205 7/2074/7
vt 0.758907 0.931530
vt 0.763141 0.917554
vt 0.815691 0.919908
vt 0.817865 0.932453
f 213/2075/213 602/2076/602 223/2077/223 15/2078/15
vt 0.758907 0.931530
vt 0.765309 0.943407
vt 0.709229 0.943411
vt 0.705770 0.932454
f 213/2079/213 607/2080/607 216/2081/216 9/2082/9
vt 0.914409 0.811713
vt 0.917453 0.797690
vt 0.959844 0.801224
vt 0.943954 0.814779
f 214/2083/214 598/2084/598 206/2085/206 8/2086/8
vt 0.331701 0.020268
vt 0.384135 0.021285
vt 0.381430 0.035246
vt 0.330864 0.034350
f 215/2087/215 606/2088/606 227/2089/227 14/2090/14
vt 0.709229 0.943411
vt 0.670270 0.942055
vt 0.666023 0.935202
vt 0.705770 0.932454
f 216/2091/216 601/2092/601 208/2093/208 9/2094/9
vt 0.871353 0.820675
vt 0.815282 0.821650
vt 0.821476 0.809662
vt 0.874621 0.809659
f 218/2095/218 605/2096/605 221/2097/221 12/2098/12
vt 0.667599 0.951645
vt 0.670270 0.942055
vt 0.709229 0.943411
vt 0.711186 0.955825
f 219/2099/219 601/2100/601 216/2101/216 13/2102/13
vt 0.878001 0.932261
vt 0.888769 0.943978
vt 0.829102 0.943815
vt 0.817865 0.932453
f 220/2103/220 613/2104/613 231/2105/231 15/2106/15
vt 0.878001 0.932261
vt 0.874290 0.919917
vt 0.924467 0.919785
vt 0.932678 0.933982
f 220/2107/220 615/2108/615 250/2109/250 23/2110/23
vt 0.821476 0.809662
vt 0.815282 0.821650
vt 0.751505 0.823171
vt 0.762543 0.811614
f 221/2111/221 605/2112/605 228/2113/228 16/2114/16
vt 0.815691 0.919908
vt 0.763141 0.917554
vt 0.775879 0.904484
vt 0.820684 0.906336
f 223/2115/223 602/2116/602 222/2117/222 17/2118/17
vt 0.804034 0.782917
vt 0.816998 0.795763
vt 0.764498 0.799033
vt 0.759268 0.785551
f 224/2119/224 604/2120/604 226/2121/226 18/2122/18
vt 0.704146 0.786106
vt 0.698912 0.769666
vt 0.748757 0.770648
vt 0.759268 0.785551
f 225/2123/225 610/2124/610 234/2125/234 18/2126/18
vt 0.704146 0.786106
vt 0.705907 0.800065
vt 0.655735 0.800809
vt 0.648942 0.784203
f 225/2127/225 614/2128/614 249/2129/249 26/2130/26
vt 0.806900 0.835697
vt 0.815282 0.821650
vt 0.871353 0.820675
vt 0.869613 0.833121
f 227/2131/227 605/2132/605 218/2133/218 14/2134/14
vt 0.381430 0.035246
vt 0.384135 0.021285
vt 0.439360 0.022356
vt 0.444033 0.038076
f 227/2135/227 606/2136/606 230/2137/230 19/2138/19
vt 0.751505 0.823171
vt 0.815282 0.821650
vt 0.806900 0.835697
vt 0.729648 0.837919
f 228/2139/228 605/2140/605 227/2141/227 19/2142/19
vt 0.751505 0.823171
vt 0.691850 0.824375
vt 0.702413 0.812471
vt 0.762543 0.811614
f 228/2143/228 611/2144/611 238/2145/238 16/2146/16
vt 0.381974 0.007230
vt 0.384135 0.021285
vt 0.331701 0.020268
vt 0.331411 0.006164
f 229/2147/229 606/2148/606 215/2149/215 13/2150/13
vt 0.773935 0.957306
vt 0.765309 0.943407
vt 0.829102 0.943815
vt 0.851214 0.958180
f 229/2151/229 607/2152/607 231/2153/231 20/2154/20
vt 0.439360 0.022356
vt 0.384135 0.021285
vt 0.381974 0.007230
vt 0.444640 0.006830
f 230/2155/230 606/2156/606 229/2157/229 20/2158/20
vt 0.829102 0.943815
vt 0.765309 0.943407
vt 0.758907 0.931530
vt 0.817865 0.932453
f 231/2159/231 607/2160/607 213/2161/213 15/2162/15
vt 0.792319 0.763719
vt 0.785190 0.772949
vt 0.748757 0.770648
vt 0.744725 0.756276
f 232/2163/232 608/2164/608 234/2165/234 21/2166/21
vt 0.748757 0.770648
vt 0.785190 0.772949
vt 0.804034 0.782917
vt 0.759268 0.785551
f 234/2167/234 608/2168/608 224/2169/224 18/2170/18
vt 0.830934 0.891252
vt 0.880754 0.889400
vt 0.875808 0.905929
vt 0.820684 0.906336
f 236/2171/236 749/2172/749 239/2173/239 17/2174/17
vt 0.952345 0.937756
vt 0.956842 0.945173
vt 0.954103 0.944634
vt 0.932678 0.933982
f 237/2175/237 620/2176/620 538/2177/538 23/2178/23
vt 0.952345 0.937756
vt 0.950317 0.921676
vt 0.960614 0.923880
vt 0.974608 0.946459
f 237/2179/237 622/2180/622 264/2181/264 33/2182/33
vt 0.702413 0.812471
vt 0.691850 0.824375
vt 0.646644 0.825150
vt 0.647774 0.815147
f 238/2183/238 611/2184/611 245/2185/245 24/2186/24
vt 0.875808 0.905929
vt 0.880754 0.889400
vt 0.925907 0.887088
vt 0.930970 0.903063
f 239/2187/239 749/2188/749 241/2189/241 25/2190/25
vt 0.628500 0.786017
vt 0.629923 0.803151
vt 0.619665 0.805534
vt 0.607800 0.787309
f 240/2191/240 619/2192/619 261/2193/261 36/2194/36
vt 0.628500 0.786017
vt 0.624016 0.773992
vt 0.627796 0.770358
vt 0.648942 0.784203
f 240/2195/240 625/2196/625 536/2197/536 26/2198/26
vt 0.925907 0.887088
vt 0.880754 0.889400
vt 0.885636 0.873084
vt 0.928490 0.871897
f 241/2199/241 749/2200/749 513/2201/513 27/2202/27
vt 0.649928 0.735293
vt 0.692359 0.735551
vt 0.693746 0.753437
vt 0.650878 0.752999
f 242/2203/242 748/2204/748 514/2205/514 28/2206/28
vt 0.653726 0.768142
vt 0.698912 0.769666
vt 0.704146 0.786106
vt 0.648942 0.784203
f 243/2207/243 610/2208/610 225/2209/225 26/2210/26
vt 0.646644 0.825150
vt 0.691850 0.824375
vt 0.676781 0.834446
vt 0.637954 0.834946
f 245/2211/245 611/2212/611 244/2213/244 29/2214/29
vt 0.904012 0.953785
vt 0.888769 0.943978
vt 0.933982 0.943964
vt 0.942842 0.953607
f 246/2215/246 613/2216/613 248/2217/248 30/2218/30
vt 0.487088 0.000000
vt 0.501332 0.003703
vt 0.490748 0.009233
vt 0.444640 0.006830
f 246/2219/246 616/2220/616 251/2221/251 20/2222/20
vt 0.451305 0.383889
vt 0.453682 0.392158
vt 0.440285 0.391678
vt 0.434151 0.383101
f 247/2223/247 628/2224/628 253/2225/253 30/2226/30
vt 0.959341 0.955366
vt 0.953932 0.946954
vt 0.954103 0.944634
vt 0.974720 0.956991
f 247/2227/247 761/2228/761 538/2229/538 38/2230/38
vt 0.933982 0.943964
vt 0.888769 0.943978
vt 0.878001 0.932261
vt 0.932678 0.933982
f 248/2231/248 613/2232/613 220/2233/220 23/2234/23
vt 0.397337 0.395887
vt 0.411457 0.389943
vt 0.440285 0.391678
vt 0.436650 0.400051
f 251/2235/251 616/2236/616 253/2237/253 31/2238/31
vt 0.433269 0.418668
vt 0.451041 0.421199
vt 0.448423 0.440171
vt 0.431744 0.437362
f 252/2239/252 627/2240/627 270/2241/270 32/2242/32
vt 0.440285 0.391678
vt 0.411457 0.389943
vt 0.394084 0.382837
vt 0.434151 0.383101
f 253/2243/253 616/2244/616 246/2245/246 30/2246/30
vt 0.433179 0.446186
vt 0.445822 0.448717
vt 0.441882 0.455974
vt 0.425281 0.452948
f 255/2247/255 626/2248/626 259/2249/259 29/2250/29
vt 0.628176 0.819263
vt 0.623809 0.826758
vt 0.595252 0.837653
vt 0.606068 0.828354
f 256/2251/256 758/2252/758 263/2253/263 34/2254/34
vt 0.951440 0.904520
vt 0.955714 0.892419
vt 0.983167 0.886318
vt 0.972160 0.905451
f 257/2255/257 760/2256/760 266/2257/266 35/2258/35
vt 0.375020 0.132550
vt 0.379414 0.117399
vt 0.435956 0.119776
vt 0.446423 0.136364
f 258/2259/258 633/2260/633 269/2261/269 36/2262/36
vt 0.441882 0.455974
vt 0.445822 0.448717
vt 0.449008 0.450463
vt 0.455126 0.459525
f 259/2263/259 626/2264/626 271/2265/271 37/2266/37
vt 0.907783 0.216304
vt 0.904593 0.216912
vt 0.893971 0.142361
vt 0.896027 0.125513
f 260/2267/260 646/2268/646 396/2269/396 38/2270/38
vt 0.318976 0.165699
vt 0.320350 0.167077
vt 0.203310 0.186655
vt 0.200887 0.183494
f 260/2271/260 691/2272/691 283/2273/283 48/2274/48
vt 0.985584 0.955568
vt 0.956842 0.945173
vt 0.952345 0.937756
vt 0.974608 0.946459
f 262/2275/262 620/2276/620 237/2277/237 33/2278/33
vt 0.595252 0.837653
vt 0.623809 0.826758
vt 0.626538 0.826171
vt 0.606140 0.838886
f 263/2279/263 758/2280/758 535/2281/535 37/2282/37
vt 0.951596 0.871209
vt 0.952970 0.854156
vt 0.981968 0.854475
vt 0.974774 0.874262
f 265/2283/265 624/2284/624 268/2285/268 39/2286/39
vt 0.436384 0.062976
vt 0.379812 0.064502
vt 0.375646 0.049287
vt 0.447099 0.046548
f 266/2287/266 631/2288/631 275/2289/275 35/2290/35
vt 0.597104 0.736512
vt 0.626092 0.735687
vt 0.627763 0.752714
vt 0.604642 0.756170
f 268/2291/268 624/2292/624 267/2293/267 40/2294/40
vt 0.596461 0.768371
vt 0.624016 0.773992
vt 0.628500 0.786017
vt 0.607800 0.787309
f 269/2295/269 625/2296/625 240/2297/240 36/2298/36
vt 0.448423 0.440171
vt 0.445822 0.448717
vt 0.433179 0.446186
vt 0.431744 0.437362
f 270/2299/270 626/2300/626 255/2301/255 32/2302/32
vt 0.453909 0.401851
vt 0.462607 0.406083
vt 0.460500 0.422738
vt 0.451041 0.421199
f 272/2303/272 527/2304/527 754/2305/754 627/2306/627
vt 0.453909 0.401851
vt 0.451041 0.421199
vt 0.433269 0.418668
vt 0.436650 0.400051
f 272/2307/272 627/2308/627 252/2309/252 31/2310/31
vt 0.457546 0.390943
vt 0.453682 0.392158
vt 0.451305 0.383889
vt 0.465585 0.382837
f 273/2311/273 628/2312/628 247/2313/247 38/2314/38
vt 0.315115 0.819363
vt 0.312890 0.820455
vt 0.305307 0.814173
vt 0.314931 0.810167
f 273/2315/273 688/2316/688 315/2317/315 42/2318/42
vt 0.135360 0.191140
vt 0.132746 0.204135
vt 0.093365 0.192809
vt 0.081791 0.180499
f 274/2319/274 638/2320/638 300/2321/300 53/2322/53
vt 0.135360 0.191140
vt 0.136467 0.184612
vt 0.203310 0.186655
vt 0.199031 0.193962
f 274/2323/274 642/2324/642 283/2325/283 43/2326/43
vt 0.375646 0.049287
vt 0.379812 0.064502
vt 0.308255 0.064261
vt 0.295164 0.048089
f 275/2327/275 631/2328/631 285/2329/285 45/2330/45
vt 0.233498 0.130034
vt 0.239473 0.116965
vt 0.307861 0.116564
vt 0.294528 0.132537
f 276/2331/276 636/2332/636 288/2333/288 46/2334/46
vt 0.684978 0.066343
vt 0.684271 0.049480
vt 0.732390 0.042157
vt 0.751692 0.050478
f 276/2335/276 637/2336/637 299/2337/299 56/2338/56
vt 0.520904 0.355132
vt 0.524104 0.355684
vt 0.521962 0.433209
vt 0.516901 0.452589
f 277/2339/277 690/2340/690 311/2341/311 47/2342/47
vt 0.142878 0.180400
vt 0.161844 0.174093
vt 0.187453 0.175810
vt 0.200887 0.183494
f 278/2343/278 641/2344/641 280/2345/280 48/2346/48
vt 0.142878 0.180400
vt 0.136467 0.184612
vt 0.083671 0.173918
vt 0.091919 0.169861
f 278/2347/278 642/2348/642 306/2349/306 58/2350/58
vt 0.658519 0.561716
vt 0.685980 0.561608
vt 0.706162 0.570419
vt 0.643528 0.568951
f 279/2351/279 639/2352/639 292/2353/292 47/2354/47
vt 0.014148 0.458791
vt 0.021441 0.460428
vt 0.027420 0.467872
vt 0.017689 0.471159
f 279/2355/279 644/2356/644 309/2357/309 49/2358/49
vt 0.908543 0.331868
vt 0.907180 0.320995
vt 0.908088 0.294388
vt 0.913486 0.313677
f 280/2359/280 647/2360/647 314/2361/314 48/2362/48
vt 0.615873 0.030886
vt 0.680890 0.027541
vt 0.681965 0.034901
vt 0.618820 0.035650
f 281/2363/281 643/2364/643 290/2365/290 44/2366/44
vt 0.203310 0.186655
vt 0.320350 0.167077
vt 0.323110 0.179339
vt 0.199031 0.193962
f 283/2367/283 691/2368/691 399/2369/399 43/2370/43
vt 0.383732 0.075407
vt 0.384923 0.090990
vt 0.317966 0.090487
vt 0.315637 0.074883
f 284/2371/284 632/2372/632 287/2373/287 51/2374/51
vt 0.308255 0.064261
vt 0.379812 0.064502
vt 0.383732 0.075407
vt 0.315637 0.074883
f 285/2375/285 631/2376/631 284/2377/284 51/2378/51
vt 0.308255 0.064261
vt 0.239881 0.062831
vt 0.234103 0.049674
vt 0.295164 0.048089
f 285/2379/285 634/2380/634 291/2381/291 45/2382/45
vt 0.383497 0.106555
vt 0.379414 0.117399
vt 0.307861 0.116564
vt 0.315403 0.106054
f 286/2383/286 633/2384/633 288/2385/288 52/2386/52
vt 0.317966 0.090487
vt 0.384923 0.090990
vt 0.383497 0.106555
vt 0.315403 0.106054
f 287/2387/287 632/2388/632 286/2389/286 52/2390/52
vt 0.307861 0.116564
vt 0.379414 0.117399
vt 0.375020 0.132550
vt 0.294528 0.132537
f 288/2391/288 633/2392/633 258/2393/258 46/2394/46
vt 0.681965 0.034901
vt 0.680890 0.027541
vt 0.748067 0.019748
vt 0.748485 0.029429
f 290/2395/290 643/2396/643 307/2397/307 54/2398/54
vt 0.234103 0.049674
vt 0.239881 0.062831
vt 0.168316 0.061184
vt 0.167348 0.046548
f 291/2399/291 634/2400/634 295/2401/295 55/2402/55
vt 0.706162 0.570419
vt 0.685980 0.561608
vt 0.716206 0.560712
vt 0.778799 0.582775
f 292/2403/292 639/2404/639 302/2405/302 57/2406/57
vt 0.650230 0.605112
vt 0.707847 0.600301
vt 0.717816 0.616396
vt 0.662293 0.621240
f 293/2407/293 617/2408/617 305/2409/305 58/2410/58
vt 0.245339 0.074115
vt 0.246993 0.089953
vt 0.170211 0.089375
vt 0.169847 0.073508
f 294/2411/294 635/2412/635 297/2413/297 59/2414/59
vt 0.168316 0.061184
vt 0.239881 0.062831
vt 0.245339 0.074115
vt 0.169847 0.073508
f 295/2415/295 634/2416/634 294/2417/294 59/2418/59
vt 0.245101 0.105764
vt 0.239473 0.116965
vt 0.167892 0.117535
vt 0.169608 0.105235
f 296/2419/296 636/2420/636 298/2421/298 60/2422/60
vt 0.170211 0.089375
vt 0.246993 0.089953
vt 0.245101 0.105764
vt 0.169608 0.105235
f 297/2423/297 635/2424/635 296/2425/296 60/2426/60
vt 0.167892 0.117535
vt 0.239473 0.116965
vt 0.233498 0.130034
vt 0.166704 0.132155
f 298/2427/298 636/2428/636 276/2429/276 56/2430/56
vt 0.666003 0.551332
vt 0.661723 0.531317
vt 0.682801 0.533574
vt 0.687204 0.548737
f 301/2431/301 640/2432/640 304/2433/304 61/2434/61
vt 0.716206 0.560712
vt 0.685980 0.561608
vt 0.666003 0.551332
vt 0.687204 0.548737
f 302/2435/302 639/2436/639 301/2437/301 61/2438/61
vt 0.670267 0.512447
vt 0.661723 0.531317
vt 0.653608 0.530512
vt 0.652245 0.504139
f 303/2439/303 640/2440/640 416/2441/416 50/2442/50
vt 0.670267 0.512447
vt 0.692278 0.508186
vt 0.718533 0.519033
vt 0.689725 0.520159
f 303/2443/303 641/2444/641 305/2445/305 62/2446/62
vt 0.682801 0.533574
vt 0.661723 0.531317
vt 0.670267 0.512447
vt 0.689725 0.520159
f 304/2447/304 640/2448/640 303/2449/303 62/2450/62
vt 0.137916 0.171331
vt 0.161844 0.174093
vt 0.142878 0.180400
vt 0.091919 0.169861
f 305/2451/305 641/2452/641 278/2453/278 58/2454/58
vt 0.083671 0.173918
vt 0.136467 0.184612
vt 0.135360 0.191140
vt 0.081791 0.180499
f 306/2455/306 642/2456/642 274/2457/274 53/2458/53
vt 0.536270 0.458183
vt 0.523334 0.459796
vt 0.521962 0.433209
vt 0.535721 0.431807
f 309/2459/309 644/2460/644 311/2461/311 64/2462/64
vt 0.538077 0.356717
vt 0.524104 0.355684
vt 0.533423 0.280959
vt 0.546445 0.284159
f 310/2463/310 690/2464/690 397/2465/397 63/2466/63
vt 0.521962 0.433209
vt 0.523334 0.459796
vt 0.522160 0.470691
vt 0.516901 0.452589
f 311/2467/311 644/2468/644 279/2469/279 47/2470/47
vt 0.890640 0.218188
vt 0.904593 0.216912
vt 0.908088 0.294388
vt 0.894306 0.293226
f 312/2471/312 646/2472/646 314/2473/314 66/2474/66
vt 0.307630 0.636088
vt 0.313609 0.628644
vt 0.320902 0.627007
vt 0.317361 0.639376
f 313/2475/313 647/2476/647 280/2477/280 50/2478/50
vt 0.908088 0.294388
vt 0.904593 0.216912
vt 0.907783 0.216304
vt 0.913486 0.313677
f 314/2479/314 646/2480/646 260/2481/260 48/2482/48
vt 0.876316 0.121012
vt 0.887946 0.117466
vt 0.893971 0.142361
vt 0.881007 0.145788
f 315/2483/315 688/2484/688 396/2485/396 65/2486/65
vt 0.074867 0.556359
vt 0.040985 0.556758
vt 0.048968 0.496317
vt 0.076520 0.500593
f 316/2487/316 648/2488/648 319/2489/319 68/2490/68
vt 0.597433 0.444356
vt 0.567538 0.451971
vt 0.566975 0.427339
vt 0.596231 0.422084
f 318/2491/318 649/2492/649 321/2493/321 69/2494/69
vt 0.048968 0.496317
vt 0.040985 0.556758
vt 0.024420 0.556858
vt 0.017689 0.471159
f 319/2495/319 648/2496/648 523/2497/523 49/2498/49
vt 0.597343 0.360246
vt 0.568814 0.358732
vt 0.575862 0.292383
vt 0.603421 0.300852
f 320/2499/320 650/2500/650 323/2501/323 70/2502/70
vt 0.079715 0.631235
vt 0.054764 0.637679
vt 0.050627 0.617058
vt 0.078054 0.612069
f 322/2503/322 651/2504/651 317/2505/317 67/2506/67
vt 0.260183 0.724577
vt 0.294065 0.724976
vt 0.284421 0.785275
vt 0.256995 0.780286
f 324/2507/324 652/2508/652 327/2509/327 72/2510/72
vt 0.820160 0.142477
vt 0.847768 0.131222
vt 0.851738 0.154524
vt 0.824331 0.163473
f 326/2511/326 653/2512/653 329/2513/329 73/2514/73
vt 0.284421 0.785275
vt 0.294065 0.724976
vt 0.310629 0.725075
vt 0.314931 0.810167
f 327/2515/327 652/2516/652 524/2517/524 42/2518/42
vt 0.831444 0.222752
vt 0.859943 0.220739
vt 0.862979 0.289304
vt 0.833636 0.284561
f 328/2519/328 654/2520/654 331/2521/331 74/2522/74
vt 0.257389 0.649624
vt 0.282490 0.643882
vt 0.286082 0.664533
vt 0.258529 0.668811
f 330/2523/330 655/2524/655 325/2525/325 71/2526/71
vt 0.087489 0.556209
vt 0.086187 0.556227
vt 0.085694 0.502753
vt 0.086761 0.503933
f 332/2527/332 656/2528/656 335/2529/335 76/2530/76
vt 0.607622 0.438237
vt 0.607255 0.440127
vt 0.605764 0.419358
vt 0.606950 0.418000
f 334/2531/334 657/2532/657 337/2533/337 77/2534/77
vt 0.608096 0.360709
vt 0.606703 0.360640
vt 0.612241 0.304533
vt 0.613218 0.305954
f 336/2535/336 658/2536/658 339/2537/339 78/2538/78
vt 0.088463 0.626323
vt 0.088123 0.627964
vt 0.087168 0.609669
vt 0.088202 0.608461
f 338/2539/338 659/2540/659 333/2541/333 75/2542/75
vt 0.247560 0.724426
vt 0.248862 0.724444
vt 0.247880 0.777886
vt 0.246846 0.776677
f 340/2543/340 660/2544/660 343/2545/343 80/2546/80
vt 0.811228 0.149856
vt 0.811308 0.148025
vt 0.815576 0.167307
vt 0.814625 0.168745
f 342/2547/342 661/2548/661 345/2549/345 81/2550/81
vt 0.820702 0.223402
vt 0.822093 0.223309
vt 0.824056 0.282001
vt 0.822847 0.280664
f 344/2551/344 662/2552/662 347/2553/347 82/2554/82
vt 0.248502 0.654290
vt 0.248886 0.652659
vt 0.249355 0.670970
vt 0.248288 0.672149
f 346/2555/346 663/2556/663 341/2557/341 79/2558/79
vt 0.137787 0.564282
vt 0.116277 0.560715
vt 0.115804 0.514647
vt 0.137484 0.523355
f 348/2559/348 664/2560/664 351/2561/351 84/2562/84
vt 0.661763 0.407013
vt 0.639819 0.421415
vt 0.638265 0.404150
vt 0.659616 0.393000
f 350/2563/350 665/2564/665 353/2565/353 85/2566/85
vt 0.658947 0.354311
vt 0.637921 0.357143
vt 0.642273 0.312168
vt 0.662174 0.317088
f 352/2567/352 666/2568/666 355/2569/355 86/2570/86
vt 0.139254 0.619375
vt 0.117404 0.622602
vt 0.117042 0.606726
vt 0.138584 0.605193
f 354/2571/354 667/2572/667 349/2573/349 83/2574/83
vt 0.197258 0.732495
vt 0.218767 0.728923
vt 0.218007 0.774944
vt 0.196465 0.773409
f 356/2575/356 668/2576/668 359/2577/359 88/2578/88
vt 0.762843 0.168486
vt 0.782065 0.160018
vt 0.785682 0.175464
vt 0.765870 0.180732
f 358/2579/358 669/2580/669 361/2581/361 89/2582/89
vt 0.769747 0.217892
vt 0.790819 0.220357
vt 0.791295 0.267363
vt 0.769753 0.256588
f 360/2583/360 670/2584/670 363/2585/363 90/2586/90
vt 0.197232 0.677373
vt 0.219236 0.666925
vt 0.219237 0.682850
vt 0.197558 0.691559
f 362/2587/362 671/2588/671 357/2589/357 87/2590/87
vt 0.146264 0.566818
vt 0.145003 0.566014
vt 0.144680 0.527554
vt 0.145730 0.529525
f 364/2591/364 672/2592/672 367/2593/367 92/2594/92
vt 0.667807 0.397575
vt 0.667765 0.399881
vt 0.666223 0.388269
vt 0.667111 0.386389
f 366/2595/366 673/2596/673 369/2597/369 93/2598/93
vt 0.666989 0.352187
vt 0.665776 0.352856
vt 0.668416 0.318748
vt 0.669239 0.319211
f 368/2599/368 674/2600/674 371/2601/371 94/2602/94
vt 0.146740 0.616663
vt 0.146627 0.617459
vt 0.145711 0.604435
vt 0.146657 0.604078
f 370/2603/370 675/2604/675 365/2605/365 91/2606/91
vt 0.188785 0.735034
vt 0.190046 0.734230
vt 0.189337 0.772651
vt 0.188392 0.772294
f 372/2607/372 676/2608/676 375/2609/375 96/2610/96
vt 0.757685 0.172594
vt 0.757659 0.171919
vt 0.759658 0.182500
vt 0.758843 0.182977
f 374/2611/374 677/2612/677 377/2613/377 97/2614/97
vt 0.761668 0.215909
vt 0.762893 0.216556
vt 0.763064 0.251972
vt 0.762144 0.250108
f 376/2615/376 678/2616/678 379/2617/379 98/2618/98
vt 0.189453 0.685141
vt 0.189870 0.682725
vt 0.190369 0.695771
vt 0.189320 0.697743
f 378/2619/378 679/2620/679 373/2621/373 95/2622/95
vt 0.320722 0.580097
vt 0.233677 0.573477
vt 0.233415 0.548669
vt 0.320361 0.567831
f 380/2623/380 680/2624/680 383/2625/383 100/2626/100
vt 0.806017 0.352597
vt 0.741118 0.373003
vt 0.740823 0.366253
vt 0.805815 0.349328
f 382/2627/382 681/2628/681 385/2629/385 101/2630/101
vt 0.806144 0.340142
vt 0.740503 0.346476
vt 0.740775 0.326768
vt 0.806127 0.330911
f 384/2631/384 682/2632/682 387/2633/387 102/2634/102
vt 0.321009 0.596732
vt 0.234100 0.606707
vt 0.233980 0.598282
vt 0.320643 0.592366
f 386/2635/386 683/2636/683 381/2637/381 99/2638/99
vt 0.014330 0.748312
vt 0.101373 0.741693
vt 0.101070 0.766497
vt 0.014409 0.760581
f 388/2639/388 684/2640/684 391/2641/391 104/2642/104
vt 0.621841 0.193770
vt 0.687116 0.185199
vt 0.687450 0.191782
vt 0.622181 0.197064
f 390/2643/390 685/2644/685 393/2645/393 105/2646/105
vt 0.622324 0.206294
vt 0.688066 0.211482
vt 0.688091 0.231262
vt 0.622813 0.215474
f 392/2647/392 686/2648/686 395/2649/395 106/2650/106
vt 0.014397 0.731671
vt 0.101684 0.708459
vt 0.101635 0.716885
vt 0.014691 0.736046
f 394/2651/394 687/2652/687 389/2653/389 103/2654/103
vt 0.533423 0.280959
vt 0.524104 0.355684
vt 0.520904 0.355132
vt 0.531074 0.264150
f 397/2655/397 690/2656/690 277/2657/277 37/2658/37
vt 0.142193 0.360556
vt 0.139834 0.341122
vt 0.202503 0.336049
vt 0.216471 0.355578
f 398/2659/398 696/2660/696 409/2661/409 34/2662/34
vt 0.119599 0.924164
vt 0.117155 0.943581
vt 0.054513 0.938191
vt 0.055374 0.920680
f 400/2663/400 692/2664/692 403/2665/403 108/2666/108
vt 0.055210 0.902324
vt 0.033405 0.902203
vt 0.032465 0.883070
vt 0.054501 0.882621
f 402/2667/402 710/2668/710 438/2669/438 109/2670/109
vt 0.122351 0.883194
vt 0.122676 0.861413
vt 0.193125 0.867885
vt 0.191895 0.889912
f 404/2671/404 694/2672/694 407/2673/407 110/2674/110
vt 0.053293 0.862618
vt 0.030942 0.864795
vt 0.028218 0.847075
vt 0.036743 0.838911
f 405/2675/405 709/2676/709 436/2677/436 35/2678/35
vt 0.189819 0.911194
vt 0.214307 0.913653
vt 0.210781 0.934551
vt 0.186694 0.931236
f 406/2679/406 726/2680/726 470/2681/470 107/2682/107
vt 0.137488 0.321692
vt 0.139834 0.341122
vt 0.074017 0.348584
vt 0.070358 0.328425
f 408/2683/408 696/2684/696 411/2685/411 112/2686/112
vt 0.202503 0.336049
vt 0.222642 0.335476
vt 0.223154 0.351964
vt 0.216471 0.355578
f 409/2687/409 713/2688/713 444/2689/444 34/2690/34
vt 0.067336 0.308368
vt 0.042835 0.310703
vt 0.040864 0.289009
vt 0.065366 0.287075
f 410/2691/410 730/2692/730 478/2693/478 113/2694/113
vt 0.074017 0.348584
vt 0.139834 0.341122
vt 0.142193 0.360556
vt 0.060830 0.375341
f 411/2695/411 696/2696/696 398/2697/398 44/2698/44
vt 0.134944 0.280709
vt 0.134729 0.258927
vt 0.204105 0.260483
vt 0.202796 0.280480
f 412/2699/412 698/2700/698 415/2701/415 114/2702/114
vt 0.064248 0.265043
vt 0.039695 0.267606
vt 0.038785 0.247362
vt 0.044344 0.240011
f 413/2703/413 729/2704/729 476/2705/476 46/2706/46
vt 0.201987 0.300178
vt 0.223792 0.300168
vt 0.222760 0.318583
vt 0.201731 0.318534
f 414/2707/414 714/2708/714 446/2709/446 111/2710/111
vt 0.525345 0.634699
vt 0.581830 0.632816
vt 0.581884 0.639256
vt 0.518960 0.641869
f 417/2711/417 700/2712/700 420/2713/420 116/2714/116
vt 0.914606 0.440472
vt 0.911090 0.441242
vt 0.893168 0.437932
vt 0.902864 0.432877
f 419/2715/419 780/2716/780 570/2717/570 117/2718/117
vt 0.025440 0.064034
vt 0.088587 0.061211
vt 0.088905 0.073568
vt 0.026388 0.074843
f 421/2719/421 702/2720/702 424/2721/424 118/2722/118
vt 0.001170 0.190785
vt 0.001858 0.184747
vt 0.056788 0.189343
vt 0.076255 0.197958
f 422/2723/422 779/2724/779 568/2725/568 55/2726/55
vt 0.026529 0.088295
vt 0.088898 0.088764
vt 0.088677 0.103958
vt 0.026186 0.101742
f 423/2727/423 703/2728/703 426/2729/426 119/2730/119
vt 0.025076 0.112536
vt 0.088173 0.116309
vt 0.087582 0.127857
vt 0.016513 0.124330
f 425/2731/425 704/2732/704 428/2733/428 120/2734/120
vt 0.763496 0.440472
vt 0.767013 0.441242
vt 0.781747 0.451807
vt 0.771224 0.451551
f 427/2735/427 784/2736/784 578/2737/578 121/2738/121
vt 0.522167 0.596646
vt 0.578183 0.589134
vt 0.579238 0.597235
vt 0.523169 0.603651
f 429/2739/429 706/2740/706 432/2741/432 122/2742/122
vt 0.832733 0.016879
vt 0.833501 0.022110
vt 0.771742 0.032268
vt 0.748485 0.029429
f 430/2743/430 783/2744/783 576/2745/576 54/2746/54
vt 0.524267 0.615630
vt 0.580513 0.610933
vt 0.581527 0.624652
vt 0.525171 0.627624
f 431/2747/431 707/2748/707 418/2749/418 115/2750/115
vt 0.460582 0.809449
vt 0.463206 0.813021
vt 0.448541 0.821892
vt 0.447246 0.817406
f 433/2751/433 708/2752/708 436/2753/436 124/2754/124
vt 0.432471 0.822435
vt 0.432685 0.827046
vt 0.415959 0.830737
vt 0.416423 0.825759
f 435/2755/435 709/2756/709 438/2757/438 125/2758/125
vt 0.398346 0.826698
vt 0.397409 0.832154
vt 0.379911 0.831701
vt 0.380655 0.826212
f 437/2759/437 710/2760/710 440/2761/440 126/2762/126
vt 0.032465 0.883070
vt 0.030942 0.864795
vt 0.053293 0.862618
vt 0.054501 0.882621
f 438/2763/438 709/2764/709 405/2765/405 109/2766/109
vt 0.365247 0.822392
vt 0.364874 0.827331
vt 0.349489 0.821013
vt 0.350735 0.816605
f 439/2767/439 711/2768/711 434/2769/434 123/2770/123
vt 0.034344 0.920623
vt 0.033405 0.902203
vt 0.055210 0.902324
vt 0.055374 0.920680
f 440/2771/440 710/2772/710 402/2773/402 108/2774/108
vt 0.460556 0.627289
vt 0.463209 0.630647
vt 0.448770 0.639886
vt 0.447524 0.635478
f 441/2775/441 712/2776/712 444/2777/444 128/2778/128
vt 0.433012 0.641265
vt 0.433385 0.646204
vt 0.418348 0.650574
vt 0.417604 0.645085
f 443/2779/443 713/2780/713 446/2781/446 129/2782/129
vt 0.399913 0.645572
vt 0.400849 0.651027
vt 0.382300 0.649610
vt 0.381836 0.644632
f 445/2783/445 714/2784/714 448/2785/448 130/2786/130
vt 0.222760 0.318583
vt 0.222642 0.335476
vt 0.202503 0.336049
vt 0.201731 0.318534
f 446/2787/446 713/2788/713 409/2789/409 111/2790/111
vt 0.365788 0.641308
vt 0.365574 0.645919
vt 0.349718 0.640766
vt 0.351013 0.636279
f 447/2791/447 715/2792/715 442/2793/442 127/2794/127
vt 0.224829 0.281039
vt 0.223792 0.300168
vt 0.201987 0.300178
vt 0.202796 0.280480
f 448/2795/448 714/2796/714 414/2797/414 114/2798/114
vt 0.448713 0.789791
vt 0.455222 0.800963
vt 0.443279 0.807640
vt 0.438304 0.795290
f 449/2799/449 716/2800/716 452/2801/452 132/2802/132
vt 0.425246 0.799133
vt 0.429388 0.812174
vt 0.414381 0.814774
vt 0.411490 0.800939
f 451/2803/451 717/2804/717 454/2805/454 133/2806/133
vt 0.398578 0.800940
vt 0.398633 0.815365
vt 0.383128 0.815101
vt 0.385967 0.801297
f 453/2807/453 718/2808/718 456/2809/456 134/2810/134
vt 0.372719 0.799497
vt 0.368518 0.812253
vt 0.354845 0.807238
vt 0.359977 0.795386
f 455/2811/455 719/2812/719 450/2813/450 131/2814/131
vt 0.448451 0.608664
vt 0.455088 0.619277
vt 0.443414 0.626111
vt 0.438282 0.614259
f 457/2815/457 720/2816/720 460/2817/460 136/2818/136
vt 0.425540 0.618370
vt 0.429741 0.631126
vt 0.415131 0.633974
vt 0.412292 0.620170
f 459/2819/459 721/2820/721 462/2821/462 137/2822/137
vt 0.399681 0.619813
vt 0.399625 0.634238
vt 0.383878 0.633647
vt 0.386769 0.619812
f 461/2823/461 722/2824/722 464/2825/464 138/2826/138
vt 0.373013 0.618006
vt 0.368871 0.631047
vt 0.354980 0.626513
vt 0.359955 0.614163
f 463/2827/463 723/2828/723 458/2829/458 135/2830/135
vt 0.480853 0.257207
vt 0.483530 0.257084
vt 0.479463 0.272885
vt 0.476994 0.271429
f 465/2831/465 724/2832/724 468/2833/468 140/2834/140
vt 0.467301 0.283456
vt 0.469005 0.286375
vt 0.455174 0.296879
vt 0.453748 0.292323
f 467/2835/467 725/2836/725 470/2837/470 141/2838/141
vt 0.435448 0.294264
vt 0.436072 0.299410
vt 0.416181 0.295172
vt 0.416723 0.291109
f 469/2839/469 726/2840/726 472/2841/472 142/2842/142
vt 0.210781 0.934551
vt 0.206924 0.955011
vt 0.182933 0.951376
vt 0.186694 0.931236
f 470/2843/470 725/2844/725 401/2845/401 107/2846/107
vt 0.402547 0.282398
vt 0.401064 0.284807
vt 0.390188 0.272522
vt 0.392681 0.271268
f 471/2847/471 727/2848/727 466/2849/466 139/2850/139
vt 0.216388 0.891970
vt 0.214307 0.913653
vt 0.189819 0.911194
vt 0.191895 0.889912
f 472/2851/472 726/2852/726 406/2853/406 110/2854/110
vt 0.480869 0.301558
vt 0.483530 0.301433
vt 0.479810 0.316566
vt 0.477317 0.315312
f 473/2855/473 728/2856/728 476/2857/476 144/2858/144
vt 0.467451 0.326442
vt 0.468935 0.328851
vt 0.453817 0.339216
vt 0.453275 0.335153
f 475/2859/475 729/2860/729 478/2861/478 145/2862/145
vt 0.434550 0.338308
vt 0.433926 0.343454
vt 0.414824 0.340922
vt 0.416250 0.336367
f 477/2863/477 730/2864/730 480/2865/480 146/2866/146
vt 0.040864 0.289009
vt 0.039695 0.267606
vt 0.064248 0.265043
vt 0.065366 0.287075
f 478/2867/478 729/2868/729 413/2869/413 113/2870/113
vt 0.402697 0.327500
vt 0.400993 0.330419
vt 0.390536 0.316929
vt 0.393004 0.315472
f 479/2871/479 731/2872/731 474/2873/474 143/2874/143
vt 0.046255 0.331618
vt 0.042835 0.310703
vt 0.067336 0.308368
vt 0.070358 0.328425
f 480/2875/480 730/2876/730 410/2877/410 112/2878/112
vt 0.471479 0.255366
vt 0.476735 0.256600
vt 0.472948 0.268833
vt 0.468078 0.265509
f 481/2879/481 732/2880/732 484/2881/484 148/2882/148
vt 0.459675 0.274592
vt 0.463870 0.279406
vt 0.451171 0.286780
vt 0.448248 0.280397
f 483/2883/483 733/2884/733 486/2885/486 149/2886/149
vt 0.435344 0.280463
vt 0.435273 0.288021
vt 0.419068 0.285782
vt 0.422072 0.279521
f 485/2887/485 734/2888/734 488/2889/488 150/2890/150
vt 0.410157 0.273693
vt 0.405944 0.278499
vt 0.396749 0.268624
vt 0.401593 0.265164
f 487/2891/487 735/2892/735 482/2893/482 147/2894/147
vt 0.471621 0.299410
vt 0.476799 0.300823
vt 0.473249 0.312667
vt 0.468406 0.309208
f 489/2895/489 736/2896/736 492/2897/492 152/2898/152
vt 0.459841 0.317737
vt 0.464054 0.322542
vt 0.450931 0.329825
vt 0.447926 0.323565
f 491/2899/491 737/2900/737 494/2901/494 153/2902/153
vt 0.434655 0.324506
vt 0.434725 0.332064
vt 0.418827 0.330824
vt 0.421751 0.324441
f 493/2903/493 738/2904/738 496/2905/496 154/2906/154
vt 0.410323 0.318636
vt 0.406128 0.323450
vt 0.397050 0.312877
vt 0.401921 0.309553
f 495/2907/495 739/2908/739 490/2909/490 151/2910/151
vt 0.465386 0.055582
vt 0.463551 0.046548
vt 0.475070 0.046548
vt 0.472714 0.054576
f 497/2911/497 740/2912/740 500/2913/500 156/2914/156
vt 0.476481 0.054703
vt 0.481224 0.049395
vt 0.484895 0.054757
vt 0.477524 0.058505
f 499/2915/499 741/2916/741 502/2917/502 157/2918/157
vt 0.479042 0.064728
vt 0.487672 0.062609
vt 0.488619 0.071734
vt 0.480313 0.071447
f 501/2919/501 742/2920/742 504/2921/504 158/2922/158
vt 0.481043 0.076442
vt 0.487438 0.080744
vt 0.483201 0.087766
vt 0.477810 0.079415
f 503/2923/503 743/2924/743 506/2925/506 159/2926/159
vt 0.470684 0.081680
vt 0.472887 0.092529
vt 0.461532 0.092165
vt 0.463239 0.082373
f 505/2927/505 744/2928/744 508/2929/508 160/2930/160
vt 0.459103 0.080897
vt 0.454891 0.087352
vt 0.450290 0.079515
vt 0.457827 0.076012
f 507/2931/507 745/2932/745 510/2933/510 161/2934/161
vt 0.456376 0.069329
vt 0.447604 0.070744
vt 0.447099 0.062431
vt 0.455348 0.063007
f 509/2935/509 746/2936/746 512/2937/512 162/2938/162
vt 0.454826 0.059100
vt 0.448389 0.056061
vt 0.452945 0.051040
vt 0.458245 0.057513
f 511/2939/511 747/2940/747 498/2941/498 155/2942/155
vt 0.885636 0.873084
vt 0.880754 0.889400
vt 0.830934 0.891252
vt 0.834714 0.876812
f 513/2943/513 749/2944/749 236/2945/236 22/2946/22
vt 0.693746 0.753437
vt 0.692359 0.735551
vt 0.718405 0.736796
vt 0.744725 0.756276
f 514/2947/514 748/2948/748 792/2949/792 21/2950/21
vt 0.283532 0.419389
vt 0.266781 0.421537
vt 0.265253 0.411472
vt 0.281730 0.411389
f 515/2951/515 750/2952/750 518/2953/518 164/2954/164
vt 0.021838 0.014255
vt 0.041332 0.014634
vt 0.040577 0.024450
vt 0.020168 0.021629
f 517/2955/517 751/2956/751 520/2957/520 165/2958/165
vt 0.437874 0.896125
vt 0.427247 0.902723
vt 0.424729 0.895619
vt 0.434825 0.891743
f 519/2959/519 752/2960/752 522/2961/522 166/2962/166
vt 0.040577 0.024450
vt 0.041332 0.014634
vt 0.082423 0.015431
vt 0.076757 0.028085
f 520/2963/520 751/2964/751 196/2965/196 4/2966/4
vt 0.433802 0.888355
vt 0.423499 0.890073
vt 0.422863 0.884428
vt 0.433670 0.884818
f 521/2967/521 753/2968/753 516/2969/516 163/2970/163
vt 0.509139 0.524026
vt 0.567579 0.525662
vt 0.567046 0.539668
vt 0.507176 0.538379
f 526/2971/526 755/2972/755 529/2973/529 167/2974/167
vt 0.462607 0.406083
vt 0.464490 0.397691
vt 0.479263 0.401561
vt 0.482699 0.412212
f 527/2975/527 42/2976/42 531/2977/531 168/2978/168
vt 0.626831 0.528393
vt 0.567579 0.525662
vt 0.568060 0.511601
vt 0.629252 0.513576
f 528/2979/528 755/2980/755 530/2981/530 170/2982/170
vt 0.567046 0.539668
vt 0.566607 0.550509
vt 0.501332 0.547659
vt 0.507176 0.538379
f 529/2983/529 757/2984/757 534/2985/534 167/2986/167
vt 0.568060 0.511601
vt 0.567579 0.525662
vt 0.509139 0.524026
vt 0.507997 0.509593
f 530/2987/530 755/2988/755 526/2989/526 168/2990/168
vt 0.568060 0.511601
vt 0.568397 0.500641
vt 0.635452 0.504000
vt 0.629252 0.513576
f 530/2991/530 756/2992/756 532/2993/532 170/2994/170
vt 0.626538 0.826171
vt 0.623809 0.826758
vt 0.628176 0.819263
vt 0.647774 0.815147
f 535/2995/535 758/2996/758 256/2997/256 24/2998/24
vt 0.951871 0.888851
vt 0.955714 0.892419
vt 0.951440 0.904520
vt 0.930970 0.903063
f 537/2999/537 760/3000/760 257/3001/257 25/3002/25
vt 0.458006 0.356728
vt 0.482713 0.347668
vt 0.469005 0.361344
vt 0.451003 0.362955
f 539/3003/539 764/3004/764 542/3005/542 172/3006/172
vt 0.427719 0.376307
vt 0.425940 0.382837
vt 0.386468 0.380102
vt 0.404370 0.375237
f 541/3007/541 765/3008/765 544/3009/544 173/3010/173
vt 0.427719 0.376307
vt 0.422285 0.369834
vt 0.426226 0.364082
vt 0.451003 0.362955
f 541/3011/541 772/3012/772 555/3013/555 172/3014/172
vt 0.192820 0.451278
vt 0.180732 0.456635
vt 0.163639 0.456728
vt 0.176562 0.447657
f 542/3015/542 764/3016/764 200/3017/200 4/3018/4
vt 0.501363 0.837627
vt 0.518548 0.841115
vt 0.502104 0.845200
vt 0.492679 0.839186
f 543/3019/543 766/3020/766 546/3021/546 174/3022/174
vt 0.257479 0.450011
vt 0.228511 0.449972
vt 0.232714 0.445971
vt 0.297577 0.445388
f 544/3023/544 765/3024/765 202/3025/202 8/3026/8
vt 0.470366 0.838516
vt 0.467782 0.844104
vt 0.435385 0.839807
vt 0.450066 0.835759
f 545/3027/545 767/3028/767 540/3029/540 171/3030/171
vt 0.413905 0.244919
vt 0.386468 0.251492
vt 0.399925 0.239624
vt 0.420421 0.238577
f 547/3031/547 768/3032/768 550/3033/550 176/3034/176
vt 0.436717 0.461858
vt 0.439156 0.467416
vt 0.404152 0.467514
vt 0.414029 0.461670
f 549/3035/549 769/3036/769 552/3037/552 177/3038/177
vt 0.440862 0.224105
vt 0.448021 0.230172
vt 0.444335 0.235472
vt 0.420421 0.238577
f 549/3039/549 775/3040/775 560/3041/560 176/3042/176
vt 0.383487 0.882366
vt 0.394120 0.876466
vt 0.409302 0.876419
vt 0.401741 0.884920
f 550/3043/550 768/3044/768 195/3045/195 2/3046/2
vt 0.471481 0.232914
vt 0.493801 0.224105
vt 0.486212 0.235423
vt 0.467610 0.239583
f 551/3047/551 770/3048/770 554/3049/554 178/3050/178
vt 0.315624 0.888866
vt 0.350959 0.887141
vt 0.351826 0.891469
vt 0.292062 0.897882
f 552/3051/552 769/3052/769 199/3053/199 6/3054/6
vt 0.448366 0.250414
vt 0.452409 0.255366
vt 0.406988 0.254308
vt 0.422830 0.247983
f 553/3055/553 771/3056/771 548/3057/548 175/3058/175
vt 0.426226 0.364082
vt 0.422285 0.369834
vt 0.411888 0.367644
vt 0.416931 0.365853
f 555/3059/555 772/3060/772 557/3061/557 179/3062/179
vt 0.414074 0.364675
vt 0.410008 0.365662
vt 0.410829 0.362931
vt 0.416196 0.362423
f 556/3063/556 773/3064/773 559/3065/559 180/3066/180
vt 0.444335 0.235472
vt 0.448021 0.230172
vt 0.457803 0.232279
vt 0.453014 0.233874
f 560/3067/560 775/3068/775 562/3069/562 181/3070/181
vt 0.455647 0.234955
vt 0.459474 0.234208
vt 0.458570 0.236538
vt 0.453644 0.237074
f 561/3071/561 776/3072/776 564/3073/564 182/3074/182
vt 0.450360 0.722590
vt 0.471525 0.721075
vt 0.456476 0.731030
vt 0.438265 0.730537
f 565/3075/565 778/3076/778 568/3077/568 184/3078/184
vt 0.401695 0.752960
vt 0.409413 0.756607
vt 0.362117 0.781674
vt 0.359544 0.772907
f 567/3079/567 779/3080/779 570/3081/570 185/3082/185
vt 0.401695 0.752960
vt 0.379331 0.743387
vt 0.390168 0.726773
vt 0.438265 0.730537
f 567/3083/567 786/3084/786 581/3085/581 184/3086/184
vt 0.461221 0.529627
vt 0.460668 0.539948
vt 0.444455 0.531829
vt 0.447032 0.523063
f 569/3087/569 780/3088/780 572/3089/572 186/3090/186
vt 0.893168 0.437932
vt 0.839719 0.437474
vt 0.839636 0.431576
vt 0.902864 0.432877
f 570/3091/570 779/3092/779 422/3093/422 117/3094/117
vt 0.404878 0.503115
vt 0.397156 0.506760
vt 0.350094 0.481185
vt 0.368308 0.480693
f 571/3095/571 781/3096/781 566/3097/566 183/3098/183
vt 0.896355 0.451807
vt 0.911090 0.441242
vt 0.914606 0.440472
vt 0.906878 0.451551
f 572/3099/572 780/3100/780 419/3101/419 116/3102/116
vt 0.450363 0.541463
vt 0.471528 0.539948
vt 0.456486 0.549901
vt 0.438272 0.549409
f 573/3103/573 782/3104/782 576/3105/576 188/3106/188
vt 0.401703 0.571831
vt 0.409425 0.575476
vt 0.362125 0.600545
vt 0.359549 0.591779
f 575/3107/575 783/3108/783 578/3109/578 189/3110/189
vt 0.401703 0.571831
vt 0.379336 0.562259
vt 0.390173 0.545645
vt 0.438272 0.549409
f 575/3111/575 789/3112/789 586/3113/586 188/3114/188
vt 0.461218 0.710753
vt 0.460665 0.721075
vt 0.444458 0.712958
vt 0.447031 0.704191
f 577/3115/577 784/3116/784 580/3117/580 190/3118/190
vt 0.781747 0.451807
vt 0.829616 0.474908
vt 0.827807 0.479014
vt 0.771224 0.451551
f 578/3119/578 783/3120/783 430/3121/430 121/3122/121
vt 0.404879 0.684244
vt 0.397161 0.687890
vt 0.350099 0.662314
vt 0.368309 0.661820
f 579/3123/579 785/3124/785 574/3125/574 187/3126/187
vt 0.784934 0.437932
vt 0.767013 0.441242
vt 0.763496 0.440472
vt 0.775238 0.432877
f 580/3127/580 784/3128/784 427/3129/427 120/3130/120
vt 0.390168 0.726773
vt 0.379331 0.743387
vt 0.346146 0.750410
vt 0.356166 0.733446
f 581/3131/581 786/3132/786 583/3133/583 191/3134/191
vt 0.464484 0.477574
vt 0.471528 0.502880
vt 0.460430 0.500566
vt 0.450410 0.483602
f 582/3135/582 787/3136/787 585/3137/585 192/3138/192
vt 0.390173 0.545645
vt 0.379336 0.562259
vt 0.346151 0.569283
vt 0.356171 0.552319
f 586/3139/586 789/3140/789 588/3141/588 193/3142/193
vt 0.464481 0.658701
vt 0.471525 0.684007
vt 0.460428 0.681694
vt 0.450408 0.664730
f 587/3143/587 790/3144/790 590/3145/590 194/3146/194
vt 0.451041 0.421199
vt 0.460500 0.422738
vt 0.457098 0.438362
vt 0.448423 0.440171
f 627/3147/627 754/3148/754 525/3149/525 270/3150/270
vt 0.314853 0.725091
vt 0.310629 0.725075
vt 0.317361 0.639376
vt 0.317566 0.655892
f 756/3151/756 524/3152/524 50/3153/50 532/3154/532
vt 0.314853 0.725091
vt 0.315637 0.794298
vt 0.314931 0.810167
vt 0.310629 0.725075
f 756/3155/756 531/3156/531 42/3157/42 524/3158/524
vt 0.020196 0.556874
vt 0.024420 0.556858
vt 0.020116 0.641950
vt 0.019411 0.626080
f 757/3159/757 523/3160/523 41/3161/41 534/3162/534
vt 0.472714 0.054576
vt 0.476481 0.054703
vt 0.477524 0.058505
f 156/3163/156 499/3164/499 157/3165/157
vt 0.479042 0.064728
f 156/3163/156 157/3165/157 501/3166/501
vt 0.480313 0.071447
f 156/3163/156 501/3166/501 158/3167/158
vt 0.481043 0.076442
f 156/3163/156 158/3167/158 503/3168/503
vt 0.477810 0.079415
f 156/3163/156 503/3168/503 159/3169/159
vt 0.470684 0.081680
f 156/3163/156 159/3169/159 505/3170/505
vt 0.463239 0.082373
f 156/3163/156 505/3170/505 160/3171/160
vt 0.459103 0.080897
f 156/3163/156 160/3171/160 507/3172/507
vt 0.457827 0.076012
f 156/3163/156 507/3172/507 161/3173/161
vt 0.456376 0.069329
f 156/3163/156 161/3173/161 509/3174/509
vt 0.455348 0.063007
f 156/3163/156 509/3174/509 162/3175/162
vt 0.454826 0.059100
f 156/3163/156 162/3175/162 511/3176/511
vt 0.458245 0.057513
f 156/3163/156 511/3176/511 155/3177/155
vt 0.465386 0.055582
f 156/3163/156 155/3177/155 497/3178/497
vt 0.653608 0.530512
vt 0.626831 0.528393
vt 0.629252 0.513576
f 416/3179/416 528/3180/528 170/3181/170
vt 0.635452 0.504000
f 416/3179/416 170/3181/170 532/3182/532
vt 0.652245 0.504139
f 416/3179/416 532/3182/532 50/3183/50
vt 0.632377 0.553128
vt 0.627447 0.543220
vt 0.626831 0.528393
f 533/3184/533 169/3185/169 528/3186/528
vt 0.653608 0.530512
f 533/3184/533 528/3186/528 416/3187/416
vt 0.647699 0.555315
f 533/3184/533 416/3187/416 49/3188/49
