mtllib stoic.mtl
usemtl tex0_0
v -61.252117 -47.348042 73.474770
vn -0.188837 0.583257 0.790033
v -58.957470 -54.435459 79.255676
vn -0.188837 0.583257 0.790033
v -192.835236 -97.780182 79.255676
vn -0.188837 0.583257 0.790033
v -195.129883 -90.692757 73.474770
vn -0.188837 0.583257 0.790033
v -54.164738 -45.053406 79.255676
vn -0.658243 0.336257 0.673533
v -58.957470 -54.435459 79.255676
vn -0.658243 0.336257 0.673533
v -61.252117 -47.348042 73.474770
vn -0.658243 0.336257 0.673533
v -70.292107 4.758809 79.255676
vn -0.583259 -0.188838 0.790031
v -54.164738 -45.053406 79.255676
vn -0.583259 -0.188838 0.790031
v -61.252117 -47.348042 73.474770
vn -0.583259 -0.188838 0.790031
v -77.379486 2.464175 73.474770
vn -0.583259 -0.188838 0.790031
v -79.626617 9.332303 78.703445
vn -0.352709 -0.637130 0.685319
v -70.292107 4.758809 79.255676
vn -0.352709 -0.637130 0.685319
v -77.379486 2.464175 73.474770
vn -0.352709 -0.637130 0.685319
v -213.504364 -34.012409 78.703445
vn 0.180563 -0.557699 0.810166
v -79.626617 9.332303 78.703445
vn 0.180563 -0.557699 0.810166
v -77.379486 2.464175 73.474770
vn 0.180563 -0.557699 0.810166
v -211.257263 -40.880543 73.474770
vn 0.180563 -0.557699 0.810166
v -218.344666 -43.175190 79.255676
vn 0.659259 -0.306887 0.686438
v -213.504364 -34.012409 78.703445
vn 0.659259 -0.306887 0.686438
v -211.257263 -40.880543 73.474770
vn 0.659259 -0.306887 0.686438
v -192.835236 -97.780190 244.309387
vn -0.308022 0.951379 0.000000
v -192.835236 -97.780182 79.255676
vn -0.308022 0.951379 0.000000
v -58.957470 -54.435459 79.255676
vn -0.308022 0.951379 0.000000
v -58.957466 -54.435467 244.309387
vn -0.308022 0.951379 0.000000
v -195.129883 -90.692772 250.090302
vn -0.188838 0.583258 -0.790032
v -192.835236 -97.780190 244.309387
vn -0.188838 0.583258 -0.790032
v -58.957466 -54.435467 244.309387
vn -0.188838 0.583258 -0.790032
v -61.252113 -47.348049 250.090302
vn -0.188838 0.583258 -0.790032
v -176.125793 -57.023102 84.182526
vn 0.014968 -0.028222 0.999490
v -149.226242 -36.052151 86.362885
vn -0.100448 -0.078309 0.991856
v -143.676010 -46.517036 86.362885
vn -0.114227 -0.060582 0.991606
v -176.125793 -57.023102 84.182526
vn 0.000000 -0.000000 1.000000
v -158.020981 -28.116673 86.362885
vn -0.067607 -0.107942 0.991856
v -176.125793 -57.023102 84.182526
vn -0.000000 0.000000 1.000000
v -168.999405 -23.667730 86.362885
vn -0.026611 -0.124555 0.991856
v -176.125793 -57.023102 84.182526
vn 0.000000 -0.000000 1.000000
v -180.837402 -23.241940 86.362885
vn -0.004648 -0.129215 0.991606
v -192.107086 -26.890663 86.362885
vn 0.039827 -0.123012 0.991606
v -180.837402 -23.241940 86.362885
vn 0.039827 -0.123012 0.991606
v -201.449203 -34.173794 86.362885
vn 0.094562 -0.085323 0.991856
v -192.107086 -26.890663 86.362885
vn 0.079497 -0.101972 0.991606
v -207.736938 -44.212894 86.362885
vn 0.118042 -0.047836 0.991856
v -176.125793 -57.023102 84.182526
vn -0.000000 0.000000 1.000000
v -210.211914 -55.797089 86.362885
vn 0.127284 -0.004578 0.991856
v -208.575592 -67.529167 86.362885
vn 0.128059 0.017861 0.991606
v -203.025330 -77.994049 86.362885
vn 0.100448 0.078309 0.991856
v -208.575592 -67.529167 86.362885
vn 0.114227 0.060583 0.991606
v -194.230621 -85.929535 86.362885
vn 0.067607 0.107942 0.991856
v -183.252182 -90.378471 86.362885
vn 0.026611 0.124555 0.991856
v -171.414215 -90.804268 86.362885
vn 0.004648 0.129215 0.991606
v -176.125793 -57.023102 84.182526
vn -0.029891 0.056359 0.997963
v -160.144516 -87.155540 86.362885
vn -0.039827 0.123012 0.991606
v -171.414215 -90.804268 86.362885
vn -0.039827 0.123012 0.991606
v -150.802383 -79.872414 86.362885
vn -0.094562 0.085323 0.991856
v -160.144516 -87.155540 86.362885
vn -0.079497 0.101972 0.991606
v -144.514664 -69.833305 86.362885
vn -0.118042 0.047836 0.991856
v -142.039688 -58.249107 86.362885
vn -0.127284 0.004578 0.991856
v -122.786987 -15.440031 92.866646
vn -0.199419 -0.155468 0.967503
v -111.781448 -36.190746 92.866646
vn -0.226607 -0.120185 0.966543
v -143.676010 -46.517036 86.362885
vn -0.128059 -0.017861 0.991606
v -97.260376 4.460585 103.582535
vn -0.247870 -0.193240 0.949326
v -80.987854 -26.220905 103.582535
vn -0.281511 -0.149305 0.947871
v -111.781448 -36.190746 92.866646
vn -0.254047 -0.035433 0.966543
v -108.536827 -59.454140 92.866646
vn -0.252697 0.009089 0.967503
v -80.987854 -26.220905 103.582535
vn -0.315599 -0.044018 0.947871
v -76.190445 -60.617588 103.582535
vn -0.314091 0.011298 0.949326
v -140.225952 0.295152 92.866646
vn -0.134220 -0.214297 0.967503
v -123.045181 27.726238 103.582535
vn -0.166829 -0.266362 0.949326
v -97.260376 4.460585 103.582535
vn -0.669908 -0.742444 0.000000
v -123.045181 27.726238 103.582535
vn -0.530807 -0.847493 0.000000
v -123.045181 27.726238 219.982529
vn -0.530807 -0.847493 0.000000
v -97.260368 4.460577 219.982529
vn -0.669908 -0.742444 0.000000
v -161.994965 9.116912 92.866646
vn -0.052831 -0.247279 0.967503
v -155.232300 40.769890 103.582535
vn -0.065667 -0.307358 0.949326
v -155.232300 40.769890 103.582535
vn -0.208935 -0.977930 0.000000
v -155.232300 40.769890 219.982529
vn -0.208935 -0.977930 0.000000
v -185.468369 9.961213 92.866646
vn -0.009220 -0.256340 0.966543
v -189.939514 42.018238 103.582535
vn -0.011454 -0.318448 0.947871
v -189.939514 42.018238 103.582535
vn 0.138137 -0.990413 0.000000
v -189.939514 42.018238 219.982544
vn 0.138137 -0.990413 0.000000
v -207.814926 2.726206 92.866646
vn 0.079010 -0.244035 0.966543
v -185.468369 9.961213 92.866646
vn 0.079010 -0.244035 0.966543
v -222.980576 31.320736 103.582535
vn 0.098152 -0.303161 0.947871
v -189.939514 42.018238 103.582535
vn 0.098152 -0.303161 0.947871
v -222.980576 31.320736 103.582535
vn 0.468548 -0.883438 0.000000
v -222.980576 31.320736 219.982544
vn 0.468548 -0.883438 0.000000
v -226.339310 -11.715447 92.866646
vn 0.187735 -0.169393 0.967503
v -207.814926 2.726206 92.866646
vn 0.157709 -0.202295 0.966543
v -250.370239 9.967682 103.582535
vn 0.233346 -0.210548 0.949326
v -222.980576 31.320736 103.582535
vn 0.195920 -0.251308 0.947871
v -250.370239 9.967682 103.582535
vn 0.742444 -0.669908 0.000000
v -250.370239 9.967682 219.982529
vn 0.742444 -0.669908 0.000000
v -238.807175 -31.621870 92.866646
vn 0.234349 -0.094968 0.967503
v -268.804993 -19.465488 103.582535
vn 0.291285 -0.118041 0.949326
v -268.804993 -19.465488 103.582535
vn 0.926792 -0.375576 -0.000000
v -268.804993 -19.465488 219.982529
vn 0.926792 -0.375576 -0.000000
v -243.714767 -54.592052 92.866646
vn 0.252697 -0.009089 0.967503
v -276.061157 -53.428608 103.582535
vn 0.314091 -0.011298 0.949326
v -276.061157 -53.428608 103.582535
vn 0.999354 -0.035944 -0.000000
v -276.061157 -53.428616 219.982529
vn 0.999354 -0.035944 -0.000000
v -240.470154 -77.855461 92.866646
vn 0.254047 0.035433 0.966543
v -271.263733 -87.825310 103.582535
vn 0.315599 0.044018 0.947871
v -271.263733 -87.825310 103.582535
vn 0.990413 0.138136 0.000000
v -271.263733 -87.825317 219.982529
vn 0.990413 0.138136 0.000000
v -229.464600 -98.606178 92.866646
vn 0.199419 0.155468 0.967503
v -240.470154 -77.855461 92.866646
vn 0.226607 0.120186 0.966543
v -254.991211 -118.506805 103.582535
vn 0.247870 0.193240 0.949326
v -271.263733 -87.825310 103.582535
vn 0.281511 0.149305 0.947871
v -271.263733 -87.825310 103.582535
vn 0.883438 0.468548 0.000000
v -254.991211 -118.506805 103.582535
vn 0.788654 0.614837 0.000000
v -254.991211 -118.506813 219.982529
vn 0.788654 0.614837 0.000000
v -271.263733 -87.825317 219.982529
vn 0.883438 0.468548 0.000000
v -212.025635 -114.341362 92.866646
vn 0.134220 0.214297 0.967503
v -229.206406 -141.772461 103.582535
vn 0.166829 0.266362 0.949326
v -229.206406 -141.772461 103.582535
vn 0.530806 0.847493 0.000000
v -229.206406 -141.772461 219.982529
vn 0.530806 0.847493 0.000000
v -190.256638 -123.163116 92.866646
vn 0.052831 0.247279 0.967503
v -197.019287 -154.816086 103.582535
vn 0.065667 0.307357 0.949326
v -197.019287 -154.816086 103.582535
vn 0.208935 0.977930 0.000000
v -197.019287 -154.816086 219.982529
vn 0.208935 0.977930 0.000000
v -166.783218 -124.007408 92.866646
vn 0.009220 0.256340 0.966543
v -162.312088 -156.064453 103.582520
vn 0.011454 0.318447 0.947871
v -162.312088 -156.064453 103.582520
vn -0.138137 0.990413 0.000000
v -162.312088 -156.064453 219.982529
vn -0.138137 0.990413 0.000000
v -144.436630 -116.772392 92.866646
vn -0.079010 0.244034 0.966543
v -166.783218 -124.007408 92.866646
vn -0.079010 0.244034 0.966543
v -129.270996 -145.366928 103.582520
vn -0.098152 0.303160 0.947871
v -162.312088 -156.064453 103.582520
vn -0.098152 0.303160 0.947871
v -129.270996 -145.366928 103.582520
vn -0.468548 0.883438 0.000000
v -129.270996 -145.366928 219.982529
vn -0.468548 0.883438 0.000000
v -125.912292 -102.330765 92.866646
vn -0.187735 0.169393 0.967503
v -144.436630 -116.772392 92.866646
vn -0.157709 0.202295 0.966543
v -101.881348 -124.013893 103.582535
vn -0.233346 0.210548 0.949326
v -129.270996 -145.366928 103.582520
vn -0.195920 0.251308 0.947871
v -101.881348 -124.013893 103.582535
vn -0.742445 0.669908 0.000000
v -101.881348 -124.013893 219.982529
vn -0.742445 0.669908 0.000000
v -113.444420 -82.424324 92.866646
vn -0.234349 0.094968 0.967503
v -83.446632 -94.580727 103.582535
vn -0.291285 0.118041 0.949326
v -83.446632 -94.580727 103.582535
vn -0.926792 0.375576 0.000000
v -83.446632 -94.580727 219.982529
vn -0.926792 0.375576 0.000000
v -76.190445 -60.617588 103.582535
vn -0.977930 0.208934 0.000000
v -76.190445 -60.617596 219.982529
vn -0.977930 0.208934 0.000000
v -176.125793 -57.023109 239.383484
vn -0.000000 -0.000000 -1.000000
v -142.039688 -58.249115 237.203125
vn -0.127284 0.004578 -0.991856
v -143.676010 -46.517048 237.203125
vn -0.128059 -0.017861 -0.991606
v -143.676010 -46.517048 237.203125
vn -0.114227 -0.060582 -0.991606
v -149.226242 -36.052158 237.203125
vn -0.100448 -0.078309 -0.991856
v -176.125793 -57.023109 239.383484
vn 0.014968 -0.028222 -0.999490
v -108.536827 -59.454147 230.699371
vn -0.252697 0.009089 -0.967503
v -111.781448 -36.190754 230.699371
vn -0.254047 -0.035433 -0.966543
v -111.781448 -36.190754 230.699371
vn -0.226607 -0.120185 -0.966543
v -122.786987 -15.440039 230.699371
vn -0.199419 -0.155468 -0.967503
v -76.190445 -60.617596 219.983490
vn -0.314091 0.011297 -0.949326
v -80.987854 -26.220911 219.983490
vn -0.315599 -0.044018 -0.947871
v -80.987854 -26.220911 219.983490
vn -0.281511 -0.149305 -0.947871
v -97.260368 4.460577 219.983490
vn -0.247869 -0.193240 -0.949326
v -158.020981 -28.116680 237.203125
vn -0.067607 -0.107942 -0.991856
v -176.125793 -57.023109 239.383484
vn 0.000000 -0.000000 -1.000000
v -140.225952 0.295145 230.699371
vn -0.134220 -0.214297 -0.967503
v -123.045181 27.726238 219.983490
vn -0.166829 -0.266362 -0.949326
v -168.999405 -23.667738 237.203125
vn -0.026611 -0.124555 -0.991856
v -176.125793 -57.023109 239.383484
vn -0.000000 0.000000 -1.000000
v -161.994965 9.116904 230.699371
vn -0.052831 -0.247279 -0.967503
v -155.232300 40.769890 219.983490
vn -0.065667 -0.307357 -0.949326
v -180.837387 -23.241947 237.203125
vn -0.004648 -0.129215 -0.991606
v -185.468369 9.961199 230.699371
vn -0.009220 -0.256340 -0.966543
v -189.939514 42.018238 219.983490
vn -0.011454 -0.318448 -0.947871
v -180.837387 -23.241947 237.203125
vn 0.039827 -0.123012 -0.991606
v -192.107086 -26.890671 237.203125
vn 0.039827 -0.123012 -0.991606
v -185.468369 9.961199 230.699371
vn 0.079009 -0.244034 -0.966543
v -207.814926 2.726191 230.699371
vn 0.079009 -0.244034 -0.966543
v -189.939514 42.018238 219.983490
vn 0.098152 -0.303160 -0.947871
v -222.980576 31.320736 219.983490
vn 0.098152 -0.303160 -0.947871
v -192.107086 -26.890671 237.203125
vn 0.079497 -0.101972 -0.991606
v -201.449203 -34.173798 237.203125
vn 0.094562 -0.085323 -0.991856
v -207.814926 2.726191 230.699371
vn 0.157709 -0.202295 -0.966543
v -226.339310 -11.715454 230.699371
vn 0.187734 -0.169393 -0.967503
v -222.980576 31.320736 219.983490
vn 0.195920 -0.251308 -0.947871
v -250.370239 9.967682 219.983490
vn 0.233346 -0.210548 -0.949326
v -207.736938 -44.212902 237.203125
vn 0.118042 -0.047836 -0.991856
v -238.807175 -31.621878 230.699371
vn 0.234349 -0.094968 -0.967503
v -268.804993 -19.465488 219.983490
vn 0.291285 -0.118041 -0.949326
v -210.211914 -55.797096 237.203125
vn 0.127284 -0.004578 -0.991856
v -176.125793 -57.023109 239.383484
vn -0.000000 0.000000 -1.000000
v -243.714767 -54.592060 230.699371
vn 0.252697 -0.009089 -0.967503
v -276.061157 -53.428616 219.983490
vn 0.314091 -0.011297 -0.949326
v -208.575592 -67.529175 237.203125
vn 0.128059 0.017861 -0.991606
v -240.470154 -77.855469 230.699371
vn 0.254047 0.035433 -0.966543
v -271.263733 -87.825317 219.983490
vn 0.315599 0.044018 -0.947871
v -208.575592 -67.529175 237.203125
vn 0.114227 0.060582 -0.991606
v -203.025314 -77.994057 237.203125
vn 0.100448 0.078309 -0.991856
v -240.470154 -77.855469 230.699371
vn 0.226607 0.120185 -0.966543
v -229.464600 -98.606186 230.699371
vn 0.199419 0.155468 -0.967503
v -271.263733 -87.825317 219.983490
vn 0.281511 0.149305 -0.947871
v -254.991211 -118.506813 219.983490
vn 0.247869 0.193240 -0.949326
v -194.230621 -85.929543 237.203125
vn 0.067607 0.107942 -0.991856
v -212.025635 -114.341370 230.699371
vn 0.134220 0.214297 -0.967503
v -229.206406 -141.772461 219.983490
vn 0.166829 0.266362 -0.949326
v -183.252182 -90.378479 237.203125
vn 0.026611 0.124555 -0.991856
v -190.256638 -123.163124 230.699371
vn 0.052831 0.247279 -0.967503
v -197.019287 -154.816086 219.983490
vn 0.065667 0.307358 -0.949326
v -171.414200 -90.804268 237.203125
vn 0.004648 0.129214 -0.991606
v -166.783218 -124.007423 230.699371
vn 0.009220 0.256340 -0.966543
v -162.312088 -156.064453 219.983490
vn 0.011454 0.318448 -0.947871
v -171.414200 -90.804268 237.203125
vn -0.039827 0.123011 -0.991606
v -160.144516 -87.155548 237.203125
vn -0.039827 0.123011 -0.991606
v -176.125793 -57.023109 239.383484
vn -0.029891 0.056359 -0.997963
v -166.783218 -124.007423 230.699371
vn -0.079010 0.244034 -0.966543
v -144.436630 -116.772408 230.699371
vn -0.079010 0.244034 -0.966543
v -162.312088 -156.064453 219.983490
vn -0.098153 0.303161 -0.947871
v -129.270996 -145.366928 219.983490
vn -0.098153 0.303161 -0.947871
v -160.144516 -87.155548 237.203125
vn -0.079497 0.101972 -0.991606
v -150.802383 -79.872421 237.203125
vn -0.094562 0.085323 -0.991856
v -144.436630 -116.772408 230.699371
vn -0.157709 0.202294 -0.966543
v -125.912285 -102.330772 230.699371
vn -0.187735 0.169393 -0.967503
v -129.270996 -145.366928 219.983490
vn -0.195920 0.251308 -0.947871
v -101.881348 -124.013893 219.983490
vn -0.233346 0.210548 -0.949326
v -144.514664 -69.833313 237.203125
vn -0.118042 0.047836 -0.991856
v -113.444412 -82.424332 230.699371
vn -0.234349 0.094968 -0.967503
v -83.446632 -94.580727 219.983490
vn -0.291285 0.118041 -0.949326
v -58.957466 -54.435467 244.309387
vn -0.890532 0.454920 0.000000
v -58.957470 -54.435459 79.255676
vn -0.890532 0.454920 0.000000
v -54.164738 -45.053406 79.255676
vn -0.890532 0.454920 0.000000
v -54.164734 -45.053413 244.309387
vn -0.890532 0.454920 0.000000
v -58.957466 -54.435467 244.309387
vn -0.658244 0.336257 -0.673533
v -54.164734 -45.053413 244.309387
vn -0.658244 0.336257 -0.673533
v -61.252113 -47.348049 250.090302
vn -0.658244 0.336257 -0.673533
v -54.164734 -45.053413 244.309387
vn -0.951379 -0.308022 0.000000
v -54.164738 -45.053406 79.255676
vn -0.951379 -0.308022 0.000000
v -70.292107 4.758809 79.255676
vn -0.951379 -0.308022 0.000000
v -70.292107 4.758802 244.309387
vn -0.951379 -0.308022 0.000000
v -61.252113 -47.348049 250.090302
vn -0.583260 -0.188838 -0.790030
v -54.164734 -45.053413 244.309387
vn -0.583260 -0.188838 -0.790030
v -70.292107 4.758802 244.309387
vn -0.583260 -0.188838 -0.790030
v -77.379486 2.464164 250.090302
vn -0.583260 -0.188838 -0.790030
v -70.292107 4.758802 244.309387
vn -0.439983 -0.898006 -0.000000
v -70.292107 4.758809 79.255676
vn -0.439983 -0.898006 -0.000000
v -79.626617 9.332303 78.703445
vn -0.439983 -0.898006 -0.000000
v -79.626617 9.332295 243.757156
vn -0.439983 -0.898006 -0.000000
v -70.292107 4.758802 244.309387
vn -0.303445 -0.697691 -0.648959
v -79.626617 9.332295 243.757156
vn -0.303445 -0.697691 -0.648959
v -77.379486 2.464164 250.090302
vn -0.303445 -0.697691 -0.648959
v -79.626617 9.332295 243.757156
vn 0.308022 -0.951379 -0.000000
v -79.626617 9.332303 78.703445
vn 0.308022 -0.951379 -0.000000
v -213.504364 -34.012409 78.703445
vn 0.308022 -0.951379 -0.000000
v -213.504364 -34.012417 243.757156
vn 0.308022 -0.951379 -0.000000
v -77.379486 2.464164 250.090302
vn 0.203017 -0.627053 -0.752057
v -79.626617 9.332295 243.757156
vn 0.203017 -0.627053 -0.752057
v -213.504364 -34.012417 243.757156
vn 0.203017 -0.627053 -0.752057
v -211.257263 -40.880554 250.090302
vn 0.203017 -0.627053 -0.752057
v -213.504364 -34.012417 243.757156
vn 0.884210 -0.467090 -0.000000
v -213.504364 -34.012409 78.703445
vn 0.884210 -0.467090 -0.000000
v -218.344666 -43.175190 79.255676
vn 0.884210 -0.467090 -0.000000
v -218.344666 -43.175198 244.309387
vn 0.884210 -0.467090 -0.000000
v -213.504364 -34.012417 243.757156
vn 0.654976 -0.385177 -0.650111
v -218.344666 -43.175198 244.309387
vn 0.654976 -0.385177 -0.650111
v -211.257263 -40.880554 250.090302
vn 0.654976 -0.385177 -0.650111
v -218.344666 -43.175190 79.255676
vn 0.583258 0.188838 0.790032
v -211.257263 -40.880543 73.474770
vn 0.583258 0.188838 0.790032
v -195.129883 -90.692757 73.474770
vn 0.583258 0.188838 0.790032
v -202.217285 -92.987404 79.255676
vn 0.583258 0.188838 0.790032
v -218.344666 -43.175198 244.309387
vn 0.951379 0.308022 0.000000
v -218.344666 -43.175190 79.255676
vn 0.951379 0.308022 0.000000
v -202.217285 -92.987404 79.255676
vn 0.951379 0.308022 0.000000
v -202.217285 -92.987411 244.309387
vn 0.951379 0.308022 0.000000
v -218.344666 -43.175198 244.309387
vn 0.583259 0.188838 -0.790031
v -202.217285 -92.987411 244.309387
vn 0.583259 0.188838 -0.790031
v -195.129883 -90.692772 250.090302
vn 0.583259 0.188838 -0.790031
v -211.257263 -40.880554 250.090302
vn 0.583259 0.188838 -0.790031
v -195.129883 -90.692757 73.474770
vn 0.336260 0.658241 0.673534
v -192.835236 -97.780182 79.255676
vn 0.336260 0.658241 0.673534
v -202.217285 -92.987404 79.255676
vn 0.336260 0.658241 0.673534
v -202.217285 -92.987404 79.255676
vn 0.454924 0.890531 0.000000
v -192.835236 -97.780182 79.255676
vn 0.454924 0.890531 0.000000
v -192.835236 -97.780190 244.309387
vn 0.454924 0.890531 0.000000
v -202.217285 -92.987411 244.309387
vn 0.454924 0.890531 0.000000
v -202.217285 -92.987411 244.309387
vn 0.336260 0.658242 -0.673533
v -192.835236 -97.780190 244.309387
vn 0.336260 0.658242 -0.673533
v -195.129883 -90.692772 250.090302
vn 0.336260 0.658242 -0.673533
v -195.129883 -90.692772 250.090302
vn 0.000000 0.000000 -1.000000
v -61.252113 -47.348049 250.090302
vn 0.000000 0.000000 -1.000000
v -77.379486 2.464164 250.090302
vn 0.000000 0.000000 -1.000000
v -211.257263 -40.880554 250.090302
vn 0.000000 0.000000 -1.000000
v -195.129883 -90.692757 73.474770
vn 0.000000 0.000000 1.000000
v -211.257263 -40.880543 73.474770
vn 0.000000 0.000000 1.000000
v -77.379486 2.464175 73.474770
vn 0.000000 0.000000 1.000000
v -61.252117 -47.348042 73.474770
vn 0.000000 0.000000 1.000000
v -64.186172 43.287376 -115.441490
vn 0.494466 0.362426 0.790032
v -70.194641 38.883381 -109.660583
vn 0.494466 0.362426 0.790032
v -153.383896 152.380402 -109.660583
vn 0.494466 0.362426 0.790032
v -147.375427 156.784393 -115.441490
vn 0.494466 0.362426 0.790032
v -59.782200 37.278931 -109.660583
vn 0.112568 0.730535 0.673533
v -70.194641 38.883381 -109.660583
vn 0.112568 0.730535 0.673533
v -64.186172 43.287376 -115.441490
vn 0.112568 0.730535 0.673533
v -17.553083 68.231354 -109.660583
vn -0.362427 0.494467 0.790031
v -59.782200 37.278931 -109.660583
vn -0.362427 0.494467 0.790031
v -64.186172 43.287376 -115.441490
vn -0.362427 0.494467 0.790031
v -21.957054 74.239799 -115.441490
vn -0.362427 0.494467 0.790031
v -16.141863 78.529823 -110.212814
vn -0.715656 0.134816 0.685319
v -17.553083 68.231354 -109.660583
vn -0.715656 0.134816 0.685319
v -21.957054 74.239799 -115.441490
vn -0.715656 0.134816 0.685319
v -99.331100 192.026810 -110.212814
vn -0.472798 -0.346544 0.810166
v -16.141863 78.529823 -110.212814
vn -0.472798 -0.346544 0.810166
v -21.957054 74.239799 -115.441490
vn -0.472798 -0.346544 0.810166
v -105.146309 187.736816 -115.441490
vn -0.472798 -0.346544 0.810166
v -109.550293 193.745285 -109.660583
vn -0.084365 -0.722277 0.686439
v -99.331100 192.026810 -110.212814
vn -0.084365 -0.722277 0.686439
v -105.146309 187.736816 -115.441490
vn -0.084365 -0.722277 0.686439
v -153.383911 152.380402 55.393127
vn 0.806547 0.591170 0.000000
v -153.383896 152.380402 -109.660583
vn 0.806547 0.591170 0.000000
v -70.194641 38.883381 -109.660583
vn 0.806547 0.591170 0.000000
v -70.194649 38.883377 55.393127
vn 0.806547 0.591170 0.000000
v -147.375427 156.784393 61.174034
vn 0.494465 0.362425 -0.790033
v -153.383911 152.380402 55.393127
vn 0.494465 0.362425 -0.790033
v -70.194649 38.883377 55.393127
vn 0.494465 0.362425 -0.790033
v -64.186180 43.287369 61.174034
vn 0.494465 0.362425 -0.790033
v -109.441429 149.313477 -104.733734
vn -0.022095 -0.023073 0.999490
v -81.084816 130.359085 -102.553375
vn -0.105889 0.070779 0.991856
v -89.277702 121.803635 -102.553375
vn -0.093385 0.089427 0.991606
v -109.441429 149.313477 -104.733734
vn -0.000000 -0.000000 1.000000
v -76.312149 141.200714 -102.553375
vn -0.123711 0.030295 0.991856
v -109.441429 149.313477 -104.733734
vn -0.000000 0.000000 1.000000
v -75.535355 153.020844 -102.553375
vn -0.126611 -0.013844 0.991856
v -109.441429 149.313477 -104.733734
vn 0.000000 0.000000 1.000000
v -78.848137 164.393829 -102.553375
vn -0.124139 -0.036160 0.991606
v -85.850937 173.947891 -102.553375
vn -0.104285 -0.076437 0.991606
v -78.848137 164.393829 -102.553375
vn -0.104285 -0.076437 0.991606
v -95.699081 180.530685 -102.553375
vn -0.051316 -0.116571 0.991856
v -85.850937 173.947891 -102.553375
vn -0.071853 -0.107495 0.991606
v -107.204773 183.348206 -102.553375
vn -0.008352 -0.127092 0.991856
v -109.441429 149.313477 -104.733734
vn -0.000000 -0.000000 1.000000
v -118.980232 182.060654 -102.553375
vn 0.035619 -0.122284 0.991856
v -129.605164 176.823303 -102.553375
vn 0.057167 -0.115974 0.991606
v -137.798050 168.267838 -102.553375
vn 0.105889 -0.070779 0.991856
v -129.605164 176.823303 -102.553375
vn 0.093385 -0.089427 0.991606
v -142.570724 157.426239 -102.553375
vn 0.123711 -0.030295 0.991856
v -143.347519 145.606094 -102.553375
vn 0.126611 0.013844 0.991856
v -140.034729 134.233109 -102.553375
vn 0.124139 0.036160 0.991606
v -109.441429 149.313477 -104.733734
vn 0.044123 0.046075 0.997963
v -133.031937 124.679054 -102.553375
vn 0.104285 0.076437 0.991606
v -140.034729 134.233109 -102.553375
vn 0.104285 0.076437 0.991606
v -123.183784 118.096260 -102.553375
vn 0.051316 0.116571 0.991856
v -133.031937 124.679054 -102.553375
vn 0.071853 0.107495 0.991606
v -111.678101 115.278732 -102.553375
vn 0.008352 0.127092 0.991856
v -99.902641 116.566292 -102.553375
vn -0.035619 0.122284 0.991856
v -53.213394 111.729034 -96.049614
vn -0.210221 0.140518 0.967503
v -69.459000 94.764526 -96.049614
vn -0.185260 0.177409 0.966543
v -89.277702 121.803635 -102.553375
vn -0.057167 0.115974 0.991606
v -26.304068 93.742065 -85.333725
vn -0.261296 0.174658 0.949326
v -50.324406 68.658760 -85.333725
vn -0.230146 0.220393 0.947871
v -69.459000 94.764526 -96.049614
vn -0.113410 0.230073 0.966543
v -90.527069 84.379456 -96.049614
vn -0.070716 0.242771 0.967503
v -50.324406 68.658760 -85.333725
vn -0.140887 0.285817 0.947871
v -81.475143 53.303654 -85.333725
vn -0.087896 0.301754 0.949326
v -43.749722 133.226776 -96.049614
vn -0.245603 0.060144 0.967503
v -12.311309 125.528076 -85.333725
vn -0.305274 0.074756 0.949326
v -26.304068 93.742065 -85.333725
vn -0.915242 0.402905 0.000000
v -12.311309 125.528076 -85.333725
vn -0.971301 0.237855 0.000000
v -12.311309 125.528076 31.066269
vn -0.971301 0.237855 0.000000
v -26.304073 93.742065 31.066269
vn -0.915242 0.402905 0.000000
v -42.209427 156.664795 -96.049614
vn -0.251362 -0.027485 0.967503
v -10.033856 160.182968 -85.333725
vn -0.312432 -0.034162 0.949326
v -10.033856 160.182968 -85.333725
vn -0.994075 -0.108695 0.000000
v -10.033856 160.182968 31.066269
vn -0.994075 -0.108695 0.000000
v -48.778316 179.216156 -96.049614
vn -0.246271 -0.071735 0.966543
v -19.746456 193.526840 -85.333725
vn -0.305939 -0.089116 0.947871
v -19.746456 193.526840 -85.333725
vn -0.896949 -0.442134 0.000000
v -19.746456 193.526840 31.066284
vn -0.896949 -0.442134 0.000000
v -62.664070 198.160797 -96.049614
vn -0.206884 -0.151639 0.966543
v -48.778316 179.216156 -96.049614
vn -0.206884 -0.151639 0.966543
v -40.277599 221.537933 -85.333725
vn -0.257009 -0.188379 0.947871
v -19.746456 193.526840 -85.333725
vn -0.257009 -0.188379 0.947871
v -40.277599 221.537933 -85.333725
vn -0.691638 -0.722245 0.000000
v -40.277599 221.537933 31.066284
vn -0.691638 -0.722245 0.000000
v -82.191872 211.213745 -96.049614
vn -0.101879 -0.231428 0.967503
v -62.664070 198.160797 -96.049614
vn -0.142544 -0.213252 0.966543
v -69.150894 240.837662 -85.333725
vn -0.126631 -0.287655 0.949326
v -40.277599 221.537933 -85.333725
vn -0.177080 -0.264920 0.947871
v -69.150894 240.837662 -85.333725
vn -0.402905 -0.915242 0.000000
v -69.150894 240.837662 31.066269
vn -0.402905 -0.915242 0.000000
v -105.006363 216.800583 -96.049614
vn -0.016581 -0.252316 0.967503
v -102.883873 249.098282 -85.333725
vn -0.020610 -0.313618 0.949326
v -102.883873 249.098282 -85.333725
vn -0.065575 -0.997848 0.000000
v -102.883873 249.098282 31.066269
vn -0.065575 -0.997848 0.000000
v -128.355804 214.247498 -96.049614
vn 0.070716 -0.242771 0.967503
v -137.407715 245.323303 -85.333725
vn 0.087896 -0.301754 0.949326
v -137.407715 245.323303 -85.333725
vn 0.279663 -0.960098 -0.000000
v -137.407730 245.323303 31.066269
vn 0.279663 -0.960098 -0.000000
v -149.423874 203.862427 -96.049614
vn 0.113410 -0.230073 0.966543
v -168.558472 229.968185 -85.333725
vn 0.140887 -0.285817 0.947871
v -168.558472 229.968185 -85.333725
vn 0.442133 -0.896950 -0.000000
v -168.558487 229.968170 31.066269
vn 0.442133 -0.896950 -0.000000
v -165.669495 186.897903 -96.049614
vn 0.210221 -0.140518 0.967503
v -149.423874 203.862427 -96.049614
vn 0.185260 -0.177409 0.966543
v -192.578827 204.884872 -85.333725
vn 0.261296 -0.174658 0.949326
v -168.558472 229.968185 -85.333725
vn 0.230146 -0.220393 0.947871
v -168.558472 229.968185 -85.333725
vn 0.722245 -0.691638 -0.000000
v -192.578827 204.884872 -85.333725
vn 0.831373 -0.555714 -0.000000
v -192.578827 204.884857 31.066269
vn 0.831373 -0.555714 -0.000000
v -168.558487 229.968170 31.066269
vn 0.722245 -0.691638 -0.000000
v -175.133148 165.400177 -96.049614
vn 0.245603 -0.060144 0.967503
v -206.571594 173.098862 -85.333725
vn 0.305274 -0.074756 0.949326
v -206.571594 173.098862 -85.333725
vn 0.971301 -0.237854 0.000000
v -206.571594 173.098862 31.066269
vn 0.971301 -0.237854 0.000000
v -176.673447 141.962158 -96.049614
vn 0.251362 0.027485 0.967503
v -208.849014 138.443970 -85.333725
vn 0.312432 0.034162 0.949326
v -208.849014 138.443970 -85.333725
vn 0.994075 0.108695 0.000000
v -208.849014 138.443970 31.066269
vn 0.994075 0.108695 0.000000
v -170.104553 119.410797 -96.049614
vn 0.246271 0.071735 0.966543
v -199.136414 105.100090 -85.333740
vn 0.305938 0.089116 0.947871
v -199.136414 105.100090 -85.333740
vn 0.896949 0.442134 0.000000
v -199.136414 105.100090 31.066269
vn 0.896949 0.442134 0.000000
v -156.218781 100.466133 -96.049614
vn 0.206884 0.151639 0.966543
v -170.104553 119.410797 -96.049614
vn 0.206884 0.151639 0.966543
v -178.605255 77.088989 -85.333740
vn 0.257009 0.188378 0.947871
v -199.136414 105.100090 -85.333740
vn 0.257009 0.188378 0.947871
v -178.605255 77.088989 -85.333740
vn 0.691638 0.722245 0.000000
v -178.605255 77.088989 31.066269
vn 0.691638 0.722245 0.000000
v -136.691010 87.413200 -96.049614
vn 0.101879 0.231428 0.967503
v -156.218781 100.466133 -96.049614
vn 0.142544 0.213252 0.966543
v -149.731979 57.789268 -85.333725
vn 0.126631 0.287655 0.949326
v -178.605255 77.088989 -85.333740
vn 0.177080 0.264920 0.947871
v -149.731979 57.789268 -85.333725
vn 0.402905 0.915242 0.000000
v -149.731979 57.789268 31.066269
vn 0.402905 0.915242 0.000000
v -113.876503 81.826363 -96.049614
vn 0.016581 0.252316 0.967503
v -115.999016 49.528679 -85.333725
vn 0.020610 0.313618 0.949326
v -115.999016 49.528679 -85.333725
vn 0.065575 0.997848 0.000000
v -115.999016 49.528679 31.066269
vn 0.065575 0.997848 0.000000
v -81.475143 53.303654 -85.333725
vn -0.108696 0.994075 0.000000
v -81.475151 53.303650 31.066269
vn -0.108696 0.994075 0.000000
v -109.441437 149.313477 50.467232
vn 0.000000 0.000000 -1.000000
v -99.902649 116.566292 48.286873
vn -0.035619 0.122284 -0.991856
v -89.277710 121.803635 48.286873
vn -0.057167 0.115974 -0.991606
v -89.277710 121.803635 48.286873
vn -0.093385 0.089427 -0.991606
v -81.084824 130.359085 48.286873
vn -0.105889 0.070779 -0.991856
v -109.441437 149.313477 50.467232
vn -0.022095 -0.023073 -0.999490
v -90.527077 84.379456 41.783119
vn -0.070716 0.242771 -0.967503
v -69.459007 94.764519 41.783119
vn -0.113410 0.230073 -0.966543
v -69.459007 94.764519 41.783119
vn -0.185260 0.177409 -0.966543
v -53.213402 111.729034 41.783119
vn -0.210221 0.140518 -0.967503
v -81.475151 53.303650 31.067230
vn -0.087897 0.301754 -0.949326
v -50.324413 68.658752 31.067230
vn -0.140887 0.285817 -0.947871
v -50.324413 68.658752 31.067230
vn -0.230146 0.220393 -0.947871
v -26.304073 93.742065 31.067230
vn -0.261296 0.174658 -0.949326
v -76.312157 141.200699 48.286873
vn -0.123711 0.030295 -0.991856
v -109.441437 149.313477 50.467232
vn -0.000000 -0.000000 -1.000000
v -43.749729 133.226761 41.783119
vn -0.245603 0.060144 -0.967503
v -12.311309 125.528076 31.067230
vn -0.305274 0.074756 -0.949326
v -75.535362 153.020844 48.286873
vn -0.126611 -0.013844 -0.991856
v -109.441437 149.313477 50.467232
vn -0.000000 0.000000 -1.000000
v -42.209431 156.664795 41.783119
vn -0.251362 -0.027484 -0.967503
v -10.033856 160.182968 31.067230
vn -0.312432 -0.034162 -0.949326
v -78.848145 164.393829 48.286873
vn -0.124139 -0.036160 -0.991606
v -48.778328 179.216141 41.783119
vn -0.246271 -0.071735 -0.966543
v -19.746456 193.526840 31.067238
vn -0.305939 -0.089115 -0.947871
v -78.848145 164.393829 48.286873
vn -0.104285 -0.076437 -0.991606
v -85.850937 173.947876 48.286873
vn -0.104285 -0.076437 -0.991606
v -48.778328 179.216141 41.783119
vn -0.206884 -0.151639 -0.966543
v -62.664085 198.160797 41.783119
vn -0.206884 -0.151639 -0.966543
v -19.746456 193.526840 31.067238
vn -0.257009 -0.188378 -0.947871
v -40.277599 221.537933 31.067238
vn -0.257009 -0.188378 -0.947871
v -85.850937 173.947876 48.286873
vn -0.071853 -0.107495 -0.991606
v -95.699089 180.530685 48.286873
vn -0.051316 -0.116571 -0.991856
v -62.664085 198.160797 41.783119
vn -0.142544 -0.213252 -0.966543
v -82.191879 211.213745 41.783119
vn -0.101879 -0.231428 -0.967503
v -40.277599 221.537933 31.067238
vn -0.177080 -0.264921 -0.947871
v -69.150894 240.837662 31.067230
vn -0.126631 -0.287655 -0.949326
v -107.204773 183.348206 48.286873
vn -0.008352 -0.127092 -0.991856
v -105.006363 216.800583 41.783119
vn -0.016581 -0.252316 -0.967503
v -102.883873 249.098282 31.067230
vn -0.020610 -0.313618 -0.949326
v -118.980232 182.060654 48.286873
vn 0.035619 -0.122284 -0.991856
v -109.441437 149.313477 50.467232
vn -0.000000 -0.000000 -1.000000
v -128.355804 214.247498 41.783119
vn 0.070716 -0.242771 -0.967503
v -137.407730 245.323303 31.067230
vn 0.087897 -0.301754 -0.949326
v -129.605164 176.823303 48.286873
vn 0.057167 -0.115974 -0.991606
v -149.423889 203.862427 41.783119
vn 0.113410 -0.230073 -0.966543
v -168.558487 229.968170 31.067230
vn 0.140887 -0.285817 -0.947871
v -129.605164 176.823303 48.286873
vn 0.093385 -0.089427 -0.991606
v -137.798050 168.267822 48.286873
vn 0.105889 -0.070779 -0.991856
v -149.423889 203.862427 41.783119
vn 0.185260 -0.177409 -0.966543
v -165.669495 186.897903 41.783119
vn 0.210221 -0.140518 -0.967503
v -168.558487 229.968170 31.067230
vn 0.230146 -0.220393 -0.947871
v -192.578827 204.884857 31.067230
vn 0.261296 -0.174658 -0.949326
v -142.570740 157.426224 48.286873
vn 0.123710 -0.030295 -0.991856
v -175.133163 165.400177 41.783119
vn 0.245603 -0.060144 -0.967503
v -206.571594 173.098862 31.067230
vn 0.305274 -0.074756 -0.949326
v -143.347519 145.606094 48.286873
vn 0.126611 0.013844 -0.991856
v -176.673462 141.962158 41.783119
vn 0.251362 0.027485 -0.967503
v -208.849014 138.443970 31.067230
vn 0.312432 0.034162 -0.949326
v -140.034729 134.233109 48.286873
vn 0.124139 0.036160 -0.991606
v -170.104568 119.410789 41.783119
vn 0.246271 0.071735 -0.966543
v -199.136414 105.100090 31.067230
vn 0.305939 0.089116 -0.947871
v -140.034729 134.233109 48.286873
vn 0.104285 0.076437 -0.991606
v -133.031937 124.679054 48.286873
vn 0.104285 0.076437 -0.991606
v -109.441437 149.313477 50.467232
vn 0.044123 0.046075 -0.997963
v -170.104568 119.410789 41.783119
vn 0.206884 0.151639 -0.966543
v -156.218781 100.466118 41.783119
vn 0.206884 0.151639 -0.966543
v -199.136414 105.100090 31.067230
vn 0.257009 0.188379 -0.947871
v -178.605255 77.088989 31.067230
vn 0.257009 0.188379 -0.947871
v -133.031937 124.679054 48.286873
vn 0.071853 0.107495 -0.991606
v -123.183792 118.096252 48.286873
vn 0.051316 0.116571 -0.991856
v -156.218781 100.466118 41.783119
vn 0.142544 0.213252 -0.966543
v -136.691010 87.413193 41.783119
vn 0.101879 0.231428 -0.967503
v -178.605255 77.088989 31.067230
vn 0.177080 0.264920 -0.947871
v -149.731979 57.789268 31.067230
vn 0.126631 0.287655 -0.949326
v -111.678108 115.278732 48.286873
vn 0.008352 0.127092 -0.991856
v -113.876511 81.826363 41.783119
vn 0.016581 0.252316 -0.967503
v -115.999016 49.528679 31.067230
vn 0.020610 0.313618 -0.949326
v -70.194649 38.883377 55.393127
vn 0.152292 0.988335 0.000000
v -70.194641 38.883381 -109.660583
vn 0.152292 0.988335 0.000000
v -59.782200 37.278931 -109.660583
vn 0.152292 0.988335 0.000000
v -59.782204 37.278927 55.393127
vn 0.152292 0.988335 0.000000
v -70.194649 38.883377 55.393127
vn 0.112568 0.730535 -0.673533
v -59.782204 37.278927 55.393127
vn 0.112568 0.730535 -0.673533
v -64.186180 43.287369 61.174034
vn 0.112568 0.730535 -0.673533
v -59.782204 37.278927 55.393127
vn -0.591170 0.806547 0.000000
v -59.782200 37.278931 -109.660583
vn -0.591170 0.806547 0.000000
v -17.553083 68.231354 -109.660583
vn -0.591170 0.806547 0.000000
v -17.553091 68.231346 55.393127
vn -0.591170 0.806547 0.000000
v -64.186180 43.287369 61.174034
vn -0.362427 0.494467 -0.790031
v -59.782204 37.278927 55.393127
vn -0.362427 0.494467 -0.790031
v -17.553091 68.231346 55.393127
vn -0.362427 0.494467 -0.790031
v -21.957064 74.239792 61.174034
vn -0.362427 0.494467 -0.790031
v -17.553091 68.231346 55.393127
vn -0.990741 0.135763 -0.000000
v -17.553083 68.231354 -109.660583
vn -0.990741 0.135763 -0.000000
v -16.141863 78.529823 -110.212814
vn -0.990741 0.135763 -0.000000
v -16.141869 78.529816 54.840897
vn -0.990741 0.135763 -0.000000
v -17.553091 68.231346 55.393127
vn -0.757685 0.069028 -0.648960
v -16.141869 78.529816 54.840897
vn -0.757685 0.069028 -0.648960
v -21.957064 74.239792 61.174034
vn -0.757685 0.069028 -0.648960
v -16.141869 78.529816 54.840897
vn -0.806547 -0.591170 -0.000000
v -16.141863 78.529823 -110.212814
vn -0.806547 -0.591170 -0.000000
v -99.331100 192.026810 -110.212814
vn -0.806547 -0.591170 -0.000000
v -99.331108 192.026810 54.840897
vn -0.806547 -0.591170 -0.000000
v -21.957064 74.239792 61.174034
vn -0.531594 -0.389639 -0.752057
v -16.141869 78.529816 54.840897
vn -0.531594 -0.389639 -0.752057
v -99.331108 192.026810 54.840897
vn -0.531594 -0.389639 -0.752057
v -105.146317 187.736816 61.174034
vn -0.531594 -0.389639 -0.752057
v -99.331108 192.026810 54.840897
vn -0.165833 -0.986154 -0.000000
v -99.331100 192.026810 -110.212814
vn -0.165833 -0.986154 -0.000000
v -109.550293 193.745285 -109.660583
vn -0.165833 -0.986154 -0.000000
v -109.550301 193.745285 55.393127
vn -0.165833 -0.986154 -0.000000
v -99.331108 192.026810 54.840897
vn -0.160040 -0.742793 -0.650112
v -109.550301 193.745285 55.393127
vn -0.160040 -0.742793 -0.650112
v -105.146317 187.736816 61.174034
vn -0.160040 -0.742793 -0.650112
v -109.550293 193.745285 -109.660583
vn 0.362426 -0.494466 0.790032
v -105.146309 187.736816 -115.441490
vn 0.362426 -0.494466 0.790032
v -147.375427 156.784393 -115.441490
vn 0.362426 -0.494466 0.790032
v -151.779404 162.792862 -109.660583
vn 0.362426 -0.494466 0.790032
v -109.550301 193.745285 55.393127
vn 0.591170 -0.806547 0.000000
v -109.550293 193.745285 -109.660583
vn 0.591170 -0.806547 0.000000
v -151.779404 162.792862 -109.660583
vn 0.591170 -0.806547 0.000000
v -151.779419 162.792862 55.393127
vn 0.591170 -0.806547 0.000000
v -109.550301 193.745285 55.393127
vn 0.362426 -0.494466 -0.790032
v -151.779419 162.792862 55.393127
vn 0.362426 -0.494466 -0.790032
v -147.375427 156.784393 61.174034
vn 0.362426 -0.494466 -0.790032
v -105.146317 187.736816 61.174034
vn 0.362426 -0.494466 -0.790032
v -147.375427 156.784393 -115.441490
vn 0.730534 -0.112571 0.673533
v -153.383896 152.380402 -109.660583
vn 0.730534 -0.112571 0.673533
v -151.779404 162.792862 -109.660583
vn 0.730534 -0.112571 0.673533
v -151.779404 162.792862 -109.660583
vn 0.988335 -0.152296 0.000000
v -153.383896 152.380402 -109.660583
vn 0.988335 -0.152296 0.000000
v -153.383911 152.380402 55.393127
vn 0.988335 -0.152296 0.000000
v -151.779419 162.792862 55.393127
vn 0.988335 -0.152296 0.000000
v -151.779419 162.792862 55.393127
vn 0.730534 -0.112570 -0.673534
v -153.383911 152.380402 55.393127
vn 0.730534 -0.112570 -0.673534
v -147.375427 156.784393 61.174034
vn 0.730534 -0.112570 -0.673534
v -147.375427 156.784393 61.174034
vn 0.000000 0.000000 -1.000000
v -64.186180 43.287369 61.174034
vn 0.000000 0.000000 -1.000000
v -21.957064 74.239792 61.174034
vn 0.000000 0.000000 -1.000000
v -105.146317 187.736816 61.174034
vn 0.000000 0.000000 -1.000000
v -147.375427 156.784393 -115.441490
vn 0.000000 0.000000 1.000000
v -105.146309 187.736816 -115.441490
vn 0.000000 0.000000 1.000000
v -21.957054 74.239799 -115.441490
vn 0.000000 0.000000 1.000000
v -64.186172 43.287376 -115.441490
vn 0.000000 0.000000 1.000000
v 77.229752 5.406089 -315.311981
vn -0.166512 -0.590019 0.790032
v 79.253120 12.575673 -309.531067
vn -0.166512 -0.590019 0.790032
v 214.682922 -25.644691 -309.531067
vn -0.166512 -0.590019 0.790032
v 212.659546 -32.814278 -315.311981
vn -0.166512 -0.590019 0.790032
v 70.060204 7.429446 -309.531067
vn 0.361058 -0.644973 0.673533
v 79.253120 12.575673 -309.531067
vn 0.361058 -0.644973 0.673533
v 77.229752 5.406089 -315.311981
vn 0.361058 -0.644973 0.673533
v 55.839462 -42.960243 -309.531067
vn 0.590021 -0.166513 0.790031
v 70.060204 7.429446 -309.531067
vn 0.590021 -0.166513 0.790031
v 77.229752 5.406089 -315.311981
vn 0.590021 -0.166513 0.790031
v 63.009007 -44.983601 -315.311981
vn 0.590021 -0.166513 0.790031
v 61.067780 -51.944378 -310.083313
vn 0.646946 0.334364 0.685319
v 55.839462 -42.960243 -309.531067
vn 0.646946 0.334364 0.685319
v 63.009007 -44.983601 -315.311981
vn 0.646946 0.334364 0.685319
v 196.497543 -90.164734 -310.083313
vn 0.159216 0.564164 0.810166
v 61.067780 -51.944378 -310.083313
vn 0.159216 0.564164 0.810166
v 63.009007 -44.983601 -315.311981
vn 0.159216 0.564164 0.810166
v 198.438797 -83.203964 -315.311981
vn 0.159216 0.564164 0.810166
v 205.608368 -85.227333 -309.531067
vn -0.378199 0.621101 0.686439
v 196.497543 -90.164734 -310.083313
vn -0.378199 0.621101 0.686439
v 198.438797 -83.203964 -315.311981
vn -0.378199 0.621101 0.686439
v 214.682922 -25.644686 -144.477356
vn -0.271606 -0.962408 0.000000
v 214.682922 -25.644691 -309.531067
vn -0.271606 -0.962408 0.000000
v 79.253120 12.575673 -309.531067
vn -0.271606 -0.962408 0.000000
v 79.253120 12.575680 -144.477356
vn -0.271606 -0.962408 0.000000
v 212.659546 -32.814266 -138.696442
vn -0.166513 -0.590019 -0.790032
v 214.682922 -25.644686 -144.477356
vn -0.166513 -0.590019 -0.790032
v 79.253120 12.575680 -144.477356
vn -0.166513 -0.590019 -0.790032
v 77.229752 5.406100 -138.696442
vn -0.166513 -0.590019 -0.790032
v 178.167603 -50.281624 -304.604218
vn 0.003206 0.031785 0.999490
v 144.152802 -52.803463 -302.423859
vn 0.127017 0.009417 0.991856
v 145.341629 -41.017632 -302.423859
vn 0.128645 -0.012976 0.991606
v 178.167603 -50.281624 -304.604218
vn -0.000000 0.000000 1.000000
v 147.066666 -64.285126 -302.423859
vn 0.116136 0.052292 0.991856
v 178.167603 -50.281624 -304.604218
vn 0.000000 -0.000000 1.000000
v 153.731750 -74.077759 -302.423859
vn 0.091248 0.088859 0.991856
v 178.167603 -50.281624 -304.604218
vn 0.000000 0.000000 1.000000
v 163.344177 -81.000229 -302.423859
vn 0.075560 0.104922 0.991606
v 174.744522 -84.217575 -302.423859
vn 0.035118 0.124438 0.991606
v 163.344177 -81.000229 -302.423859
vn 0.035118 0.124438 0.991606
v 186.557739 -83.341751 -302.423859
vn -0.031330 0.123452 0.991856
v 174.744522 -84.217575 -302.423859
vn -0.009560 0.128944 0.991606
v 197.358978 -78.478378 -302.423859
vn -0.071664 0.105292 0.991856
v 178.167603 -50.281624 -304.604218
vn -0.000000 -0.000000 1.000000
v 205.845459 -70.214066 -302.423859
vn -0.103354 0.074431 0.991856
v 210.993591 -59.545612 -302.423859
vn -0.116449 0.056193 0.991606
v 212.182388 -47.759766 -302.423859
vn -0.127017 -0.009417 0.991856
v 210.993591 -59.545612 -302.423859
vn -0.128645 0.012976 0.991606
v 209.268555 -36.278114 -302.423859
vn -0.116136 -0.052291 0.991856
v 202.603455 -26.485489 -302.423859
vn -0.091248 -0.088859 0.991856
v 192.991043 -19.563019 -302.423859
vn -0.075561 -0.104922 0.991606
v 178.167603 -50.281624 -304.604218
vn -0.006402 -0.063473 0.997963
v 181.590698 -16.345673 -302.423859
vn -0.035118 -0.124438 0.991606
v 192.991043 -19.563019 -302.423859
vn -0.035118 -0.124438 0.991606
v 169.777466 -17.221495 -302.423859
vn 0.031330 -0.123452 0.991856
v 181.590698 -16.345673 -302.423859
vn 0.009560 -0.128944 0.991606
v 158.976227 -22.084871 -302.423859
vn 0.071664 -0.105292 0.991856
v 150.489746 -30.349180 -302.423859
vn 0.103354 -0.074431 0.991856
v 110.720024 -55.282166 -295.920105
vn 0.252168 0.018696 0.967503
v 113.077316 -31.912153 -295.920105
vn 0.255211 -0.025743 0.966543
v 145.341629 -41.017632 -302.423859
vn 0.116449 -0.056193 0.991606
v 78.441299 -57.675301 -285.204224
vn 0.313434 0.023238 0.949326
v 81.926743 -23.120985 -285.204224
vn 0.317045 -0.031980 0.947871
v 113.077316 -31.912153 -295.920105
vn 0.231015 -0.111478 0.966543
v 123.285484 -10.757799 -295.920105
vn 0.205189 -0.147769 0.967503
v 81.926743 -23.120985 -285.204224
vn 0.286987 -0.138487 0.947871
v 97.020279 8.157324 -285.204224
vn 0.255041 -0.183670 0.949326
v 116.497894 -78.049026 -295.920105
vn 0.230566 0.103815 0.967503
v 86.984306 -91.337814 -285.204224
vn 0.286584 0.129037 0.949326
v 78.441299 -57.675301 -285.204224
vn 0.969273 0.245986 0.000000
v 86.984306 -91.337814 -285.204224
vn 0.911833 0.410561 0.000000
v 86.984306 -91.337814 -168.804214
vn 0.911833 0.410561 0.000000
v 78.441307 -57.675293 -168.804214
vn 0.969273 0.245986 0.000000
v 129.714035 -97.466728 -295.920105
vn 0.181155 0.176412 0.967503
v 106.525352 -120.048370 -285.204224
vn 0.225167 0.219272 0.949326
v 106.525352 -120.048370 -285.204224
vn 0.716422 0.697667 0.000000
v 106.525352 -120.048370 -168.804214
vn 0.716422 0.697667 0.000000
v 148.774384 -111.193222 -295.920105
vn 0.149899 0.208148 0.966543
v 134.707535 -140.344009 -285.204224
vn 0.186218 0.258579 0.947871
v 134.707535 -140.344009 -285.204224
vn 0.434600 0.900623 0.000000
v 134.707535 -140.344009 -168.804199
vn 0.434600 0.900623 0.000000
v 171.380005 -117.572868 -295.920105
vn 0.069669 0.246863 0.966543
v 148.774384 -111.193222 -295.920105
vn 0.069669 0.246863 0.966543
v 168.131653 -149.776794 -285.204224
vn 0.086548 0.306675 0.947871
v 134.707535 -140.344009 -285.204224
vn 0.086548 0.306675 0.947871
v 168.131653 -149.776794 -285.204224
vn 0.100359 0.994951 0.000000
v 168.131653 -149.776794 -168.804199
vn 0.100359 0.994951 0.000000
v 194.804321 -115.836197 -295.920105
vn -0.062200 0.245090 0.967503
v 171.380005 -117.572868 -295.920105
vn -0.018965 0.255804 0.966543
v 202.766220 -147.209000 -285.204224
vn -0.077312 0.304637 0.949326
v 168.131653 -149.776794 -285.204224
vn -0.023560 0.317781 0.947871
v 202.766220 -147.209000 -285.204224
vn -0.245986 0.969273 0.000000
v 202.766220 -147.209000 -168.804214
vn -0.245986 0.969273 0.000000
v 216.221970 -106.192665 -295.920105
vn -0.142275 0.209036 0.967503
v 234.433914 -132.950333 -285.204224
vn -0.176842 0.259823 0.949326
v 234.433914 -132.950333 -285.204224
vn -0.562663 0.826686 -0.000000
v 234.433914 -132.950333 -168.804214
vn -0.562663 0.826686 -0.000000
v 233.049728 -89.805458 -295.920105
vn -0.205189 0.147769 0.967503
v 259.314911 -108.720573 -285.204224
vn -0.255041 0.183670 0.949326
v 259.314911 -108.720573 -285.204224
vn -0.811474 0.584389 -0.000000
v 259.314911 -108.720566 -168.804214
vn -0.811474 0.584389 -0.000000
v 243.257889 -68.651093 -295.920105
vn -0.231015 0.111478 0.966543
v 274.408478 -77.442253 -285.204224
vn -0.286987 0.138487 0.947871
v 274.408478 -77.442253 -285.204224
vn -0.900623 0.434602 -0.000000
v 274.408478 -77.442245 -168.804214
vn -0.900623 0.434602 -0.000000
v 245.615189 -45.281071 -295.920105
vn -0.252168 -0.018696 0.967503
v 243.257889 -68.651093 -295.920105
vn -0.255211 0.025743 0.966543
v 277.893890 -42.887920 -285.204224
vn -0.313434 -0.023238 0.949326
v 274.408478 -77.442253 -285.204224
vn -0.317045 0.031980 0.947871
v 274.408478 -77.442253 -285.204224
vn -0.994951 0.100358 -0.000000
v 277.893890 -42.887920 -285.204224
vn -0.997263 -0.073937 -0.000000
v 277.893890 -42.887917 -168.804214
vn -0.997263 -0.073937 -0.000000
v 274.408478 -77.442245 -168.804214
vn -0.994951 0.100358 -0.000000
v 239.837326 -22.514208 -295.920105
vn -0.230566 -0.103814 0.967503
v 269.350922 -9.225408 -285.204224
vn -0.286584 -0.129037 0.949326
v 269.350922 -9.225408 -285.204224
vn -0.911833 -0.410561 0.000000
v 269.350922 -9.225408 -168.804214
vn -0.911833 -0.410561 0.000000
v 226.621185 -3.096512 -295.920105
vn -0.181154 -0.176412 0.967503
v 249.809860 19.485123 -285.204224
vn -0.225167 -0.219273 0.949326
v 249.809860 19.485123 -285.204224
vn -0.716422 -0.697667 0.000000
v 249.809860 19.485123 -168.804214
vn -0.716422 -0.697667 0.000000
v 207.560822 10.629973 -295.920105
vn -0.149899 -0.208148 0.966543
v 221.627686 39.780769 -285.204224
vn -0.186218 -0.258579 0.947871
v 221.627686 39.780769 -285.204224
vn -0.434600 -0.900623 0.000000
v 221.627686 39.780769 -168.804214
vn -0.434600 -0.900623 0.000000
v 184.955170 17.009624 -295.920105
vn -0.069669 -0.246863 0.966543
v 207.560822 10.629973 -295.920105
vn -0.069669 -0.246863 0.966543
v 188.203537 49.213558 -285.204224
vn -0.086548 -0.306675 0.947871
v 221.627686 39.780769 -285.204224
vn -0.086548 -0.306675 0.947871
v 188.203537 49.213558 -285.204224
vn -0.100359 -0.994951 0.000000
v 188.203537 49.213558 -168.804214
vn -0.100359 -0.994951 0.000000
v 161.530899 15.272960 -295.920105
vn 0.062200 -0.245090 0.967503
v 184.955170 17.009624 -295.920105
vn 0.018965 -0.255804 0.966543
v 153.569000 46.645756 -285.204224
vn 0.077312 -0.304637 0.949326
v 188.203537 49.213558 -285.204224
vn 0.023560 -0.317781 0.947871
v 153.569000 46.645756 -285.204224
vn 0.245986 -0.969273 0.000000
v 153.569000 46.645756 -168.804214
vn 0.245986 -0.969273 0.000000
v 140.113235 5.629420 -295.920105
vn 0.142275 -0.209036 0.967503
v 121.901337 32.387077 -285.204224
vn 0.176842 -0.259823 0.949326
v 121.901337 32.387077 -285.204224
vn 0.562663 -0.826686 0.000000
v 121.901337 32.387077 -168.804214
vn 0.562663 -0.826686 0.000000
v 97.020279 8.157324 -285.204224
vn 0.697668 -0.716421 0.000000
v 97.020287 8.157331 -168.804214
vn 0.697668 -0.716421 0.000000
v 178.167603 -50.281616 -149.403259
vn -0.000000 0.000000 -1.000000
v 150.489746 -30.349173 -151.583618
vn 0.103354 -0.074431 -0.991856
v 145.341629 -41.017620 -151.583618
vn 0.116449 -0.056193 -0.991606
v 145.341629 -41.017620 -151.583618
vn 0.128645 -0.012976 -0.991606
v 144.152802 -52.803455 -151.583618
vn 0.127017 0.009417 -0.991856
v 178.167603 -50.281616 -149.403259
vn 0.003206 0.031785 -0.999490
v 123.285492 -10.757792 -158.087372
vn 0.205189 -0.147769 -0.967503
v 113.077316 -31.912146 -158.087372
vn 0.231015 -0.111478 -0.966543
v 113.077316 -31.912146 -158.087372
vn 0.255211 -0.025743 -0.966543
v 110.720032 -55.282158 -158.087372
vn 0.252168 0.018696 -0.967503
v 97.020287 8.157331 -168.803253
vn 0.255041 -0.183670 -0.949326
v 81.926743 -23.120979 -168.803253
vn 0.286987 -0.138487 -0.947871
v 81.926743 -23.120979 -168.803253
vn 0.317045 -0.031980 -0.947871
v 78.441307 -57.675293 -168.803253
vn 0.313434 0.023238 -0.949326
v 147.066666 -64.285118 -151.583618
vn 0.116136 0.052292 -0.991856
v 178.167603 -50.281616 -149.403259
vn 0.000000 0.000000 -1.000000
v 116.497894 -78.049019 -158.087372
vn 0.230566 0.103815 -0.967503
v 86.984306 -91.337814 -168.803253
vn 0.286584 0.129037 -0.949326
v 153.731750 -74.077751 -151.583618
vn 0.091248 0.088859 -0.991856
v 178.167603 -50.281616 -149.403259
vn 0.000000 -0.000000 -1.000000
v 129.714035 -97.466721 -158.087372
vn 0.181154 0.176412 -0.967503
v 106.525352 -120.048370 -168.803253
vn 0.225167 0.219272 -0.949326
v 163.344177 -81.000221 -151.583618
vn 0.075560 0.104922 -0.991606
v 148.774384 -111.193207 -158.087372
vn 0.149899 0.208148 -0.966543
v 134.707535 -140.344009 -168.803253
vn 0.186218 0.258579 -0.947871
v 163.344177 -81.000221 -151.583618
vn 0.035118 0.124438 -0.991606
v 174.744522 -84.217567 -151.583618
vn 0.035118 0.124438 -0.991606
v 148.774384 -111.193207 -158.087372
vn 0.069669 0.246863 -0.966543
v 171.380005 -117.572853 -158.087372
vn 0.069669 0.246863 -0.966543
v 134.707535 -140.344009 -168.803253
vn 0.086548 0.306675 -0.947871
v 168.131653 -149.776794 -168.803253
vn 0.086548 0.306675 -0.947871
v 174.744522 -84.217567 -151.583618
vn -0.009560 0.128944 -0.991606
v 186.557739 -83.341743 -151.583618
vn -0.031330 0.123452 -0.991856
v 171.380005 -117.572853 -158.087372
vn -0.018965 0.255804 -0.966543
v 194.804321 -115.836189 -158.087372
vn -0.062200 0.245090 -0.967503
v 168.131653 -149.776794 -168.803253
vn -0.023560 0.317781 -0.947871
v 202.766220 -147.209000 -168.803253
vn -0.077312 0.304637 -0.949326
v 197.358994 -78.478371 -151.583618
vn -0.071664 0.105292 -0.991856
v 216.221985 -106.192657 -158.087372
vn -0.142275 0.209036 -0.967503
v 234.433914 -132.950333 -168.803253
vn -0.176842 0.259822 -0.949326
v 205.845459 -70.214058 -151.583618
vn -0.103354 0.074431 -0.991856
v 178.167603 -50.281616 -149.403259
vn -0.000000 -0.000000 -1.000000
v 233.049728 -89.805450 -158.087372
vn -0.205189 0.147769 -0.967503
v 259.314911 -108.720566 -168.803253
vn -0.255042 0.183670 -0.949326
v 210.993591 -59.545605 -151.583618
vn -0.116449 0.056193 -0.991606
v 243.257889 -68.651085 -158.087372
vn -0.231015 0.111478 -0.966543
v 274.408478 -77.442245 -168.803253
vn -0.286987 0.138487 -0.947871
v 210.993591 -59.545605 -151.583618
vn -0.128645 0.012976 -0.991606
v 212.182388 -47.759758 -151.583618
vn -0.127017 -0.009417 -0.991856
v 243.257889 -68.651085 -158.087372
vn -0.255211 0.025743 -0.966543
v 245.615204 -45.281063 -158.087372
vn -0.252168 -0.018696 -0.967503
v 274.408478 -77.442245 -168.803253
vn -0.317045 0.031980 -0.947871
v 277.893890 -42.887917 -168.803253
vn -0.313434 -0.023238 -0.949326
v 209.268555 -36.278107 -151.583618
vn -0.116136 -0.052292 -0.991856
v 239.837326 -22.514200 -158.087372
vn -0.230566 -0.103815 -0.967503
v 269.350922 -9.225408 -168.803253
vn -0.286584 -0.129037 -0.949326
v 202.603455 -26.485481 -151.583618
vn -0.091248 -0.088859 -0.991856
v 226.621185 -3.096505 -158.087372
vn -0.181154 -0.176412 -0.967503
v 249.809860 19.485123 -168.803253
vn -0.225167 -0.219273 -0.949326
v 192.991043 -19.563011 -151.583618
vn -0.075560 -0.104922 -0.991606
v 207.560822 10.629989 -158.087372
vn -0.149899 -0.208148 -0.966543
v 221.627686 39.780769 -168.803253
vn -0.186218 -0.258579 -0.947871
v 192.991043 -19.563011 -151.583618
vn -0.035118 -0.124438 -0.991606
v 181.590698 -16.345665 -151.583618
vn -0.035118 -0.124438 -0.991606
v 178.167603 -50.281616 -149.403259
vn -0.006402 -0.063473 -0.997963
v 207.560822 10.629989 -158.087372
vn -0.069669 -0.246863 -0.966543
v 184.955170 17.009640 -158.087372
vn -0.069669 -0.246863 -0.966543
v 221.627686 39.780769 -168.803253
vn -0.086548 -0.306675 -0.947871
v 188.203537 49.213558 -168.803253
vn -0.086548 -0.306675 -0.947871
v 181.590698 -16.345665 -151.583618
vn 0.009560 -0.128944 -0.991606
v 169.777466 -17.221487 -151.583618
vn 0.031330 -0.123452 -0.991856
v 184.955170 17.009640 -158.087372
vn 0.018965 -0.255804 -0.966543
v 161.530899 15.272967 -158.087372
vn 0.062200 -0.245090 -0.967503
v 188.203537 49.213558 -168.803253
vn 0.023560 -0.317781 -0.947871
v 153.569000 46.645756 -168.803253
vn 0.077312 -0.304637 -0.949326
v 158.976227 -22.084864 -151.583618
vn 0.071664 -0.105292 -0.991856
v 140.113235 5.629427 -158.087372
vn 0.142275 -0.209036 -0.967503
v 121.901337 32.387077 -168.803253
vn 0.176842 -0.259823 -0.949326
v 79.253120 12.575680 -144.477356
vn 0.488473 -0.872579 0.000000
v 79.253120 12.575673 -309.531067
vn 0.488473 -0.872579 0.000000
v 70.060204 7.429446 -309.531067
vn 0.488473 -0.872579 0.000000
v 70.060211 7.429454 -144.477356
vn 0.488473 -0.872579 0.000000
v 79.253120 12.575680 -144.477356
vn 0.361059 -0.644973 -0.673532
v 70.060211 7.429454 -144.477356
vn 0.361059 -0.644973 -0.673532
v 77.229752 5.406100 -138.696442
vn 0.361059 -0.644973 -0.673532
v 70.060211 7.429454 -144.477356
vn 0.962408 -0.271606 -0.000000
v 70.060204 7.429446 -309.531067
vn 0.962408 -0.271606 -0.000000
v 55.839462 -42.960243 -309.531067
vn 0.962408 -0.271606 -0.000000
v 55.839462 -42.960236 -144.477356
vn 0.962408 -0.271606 -0.000000
v 77.229752 5.406100 -138.696442
vn 0.590021 -0.166513 -0.790030
v 70.060211 7.429454 -144.477356
vn 0.590021 -0.166513 -0.790030
v 55.839462 -42.960236 -144.477356
vn 0.590021 -0.166513 -0.790030
v 63.009010 -44.983589 -138.696442
vn 0.590021 -0.166513 -0.790030
v 55.839462 -42.960236 -144.477356
vn 0.864299 0.502979 -0.000000
v 55.839462 -42.960243 -309.531067
vn 0.864299 0.502979 -0.000000
v 61.067780 -51.944378 -310.083313
vn 0.864299 0.502979 -0.000000
v 61.067780 -51.944370 -145.029587
vn 0.864299 0.502979 -0.000000
v 55.839462 -42.960236 -144.477356
vn 0.639562 0.412083 -0.648960
v 61.067780 -51.944370 -145.029587
vn 0.639562 0.412083 -0.648960
v 63.009010 -44.983589 -138.696442
vn 0.639562 0.412083 -0.648960
v 61.067780 -51.944370 -145.029587
vn 0.271606 0.962408 -0.000000
v 61.067780 -51.944378 -310.083313
vn 0.271606 0.962408 -0.000000
v 196.497543 -90.164734 -310.083313
vn 0.271606 0.962408 -0.000000
v 196.497543 -90.164726 -145.029587
vn 0.271606 0.962408 -0.000000
v 63.009010 -44.983589 -138.696442
vn 0.179015 0.634322 -0.752057
v 61.067780 -51.944370 -145.029587
vn 0.179015 0.634322 -0.752057
v 196.497543 -90.164726 -145.029587
vn 0.179015 0.634322 -0.752057
v 198.438812 -83.203957 -138.696442
vn 0.179015 0.634322 -0.752057
v 196.497543 -90.164726 -145.029587
vn -0.476460 0.879196 -0.000000
v 196.497543 -90.164734 -310.083313
vn -0.476460 0.879196 -0.000000
v 205.608368 -85.227333 -309.531067
vn -0.476460 0.879196 -0.000000
v 205.608383 -85.227325 -144.477356
vn -0.476460 0.879196 -0.000000
v 196.497543 -90.164726 -145.029587
vn -0.331197 0.683860 -0.650111
v 205.608383 -85.227325 -144.477356
vn -0.331197 0.683860 -0.650111
v 198.438812 -83.203957 -138.696442
vn -0.331197 0.683860 -0.650111
v 205.608368 -85.227333 -309.531067
vn -0.590020 0.166513 0.790032
v 198.438797 -83.203964 -315.311981
vn -0.590020 0.166513 0.790032
v 212.659546 -32.814278 -315.311981
vn -0.590020 0.166513 0.790032
v 219.829117 -34.837643 -309.531067
vn -0.590020 0.166513 0.790032
v 205.608383 -85.227325 -144.477356
vn -0.962408 0.271607 0.000000
v 205.608368 -85.227333 -309.531067
vn -0.962408 0.271607 0.000000
v 219.829117 -34.837643 -309.531067
vn -0.962408 0.271607 0.000000
v 219.829117 -34.837635 -144.477356
vn -0.962408 0.271607 0.000000
v 205.608383 -85.227325 -144.477356
vn -0.590020 0.166513 -0.790032
v 219.829117 -34.837635 -144.477356
vn -0.590020 0.166513 -0.790032
v 212.659546 -32.814266 -138.696442
vn -0.590020 0.166513 -0.790032
v 198.438812 -83.203957 -138.696442
vn -0.590020 0.166513 -0.790032
v 212.659546 -32.814278 -315.311981
vn -0.644974 -0.361055 0.673534
v 214.682922 -25.644691 -309.531067
vn -0.644974 -0.361055 0.673534
v 219.829117 -34.837643 -309.531067
vn -0.644974 -0.361055 0.673534
v 219.829117 -34.837643 -309.531067
vn -0.872581 -0.488469 0.000000
v 214.682922 -25.644691 -309.531067
vn -0.872581 -0.488469 0.000000
v 214.682922 -25.644686 -144.477356
vn -0.872581 -0.488469 0.000000
v 219.829117 -34.837635 -144.477356
vn -0.872581 -0.488469 0.000000
v 219.829117 -34.837635 -144.477356
vn -0.644974 -0.361055 -0.673534
v 214.682922 -25.644686 -144.477356
vn -0.644974 -0.361055 -0.673534
v 212.659546 -32.814266 -138.696442
vn -0.644974 -0.361055 -0.673534
v 212.659546 -32.814266 -138.696442
vn 0.000000 0.000000 -1.000000
v 77.229752 5.406100 -138.696442
vn 0.000000 0.000000 -1.000000
v 63.009010 -44.983589 -138.696442
vn 0.000000 0.000000 -1.000000
v 198.438812 -83.203957 -138.696442
vn 0.000000 0.000000 -1.000000
v 212.659546 -32.814278 -315.311981
vn 0.000000 0.000000 1.000000
v 198.438797 -83.203964 -315.311981
vn 0.000000 0.000000 1.000000
v 63.009007 -44.983601 -315.311981
vn 0.000000 0.000000 1.000000
v 77.229752 5.406089 -315.311981
vn 0.000000 0.000000 1.000000
vt 0.722585 0.308859
vt 0.689329 0.294696
vt 0.722585 0.294696
f 5/1/5 6/2/6 7/3/7
vt 0.988577 0.294653
vt 0.956318 0.308859
vt 0.956318 0.294696
f 12/4/12 13/5/13 14/6/14
vt 0.956318 0.012992
vt 0.988577 0.027113
vt 0.956318 0.027155
f 19/7/19 20/8/20 21/9/21
vt 0.708188 0.992640
vt 0.749270 0.883839
vt 0.667105 0.883839
f 30/10/30 31/11/31 32/12/32
vt 0.790352 0.992640
vt 0.831434 0.883839
vt 0.749270 0.883839
f 33/13/33 34/14/34 31/15/31
vt 0.872517 0.992640
vt 0.913599 0.883839
vt 0.831434 0.883839
f 35/16/35 36/17/36 34/18/34
vt 0.954681 0.992640
vt 0.995763 0.883839
vt 0.913599 0.883839
f 37/19/37 38/20/38 36/21/36
vt 0.708188 0.992640
vt 0.749270 0.883839
vt 0.667105 0.883839
f 30/22/30 39/23/39 40/24/40
vt 0.708188 0.992640
vt 0.749270 0.883839
vt 0.667105 0.883839
f 30/25/30 41/26/41 42/27/42
vt 0.790352 0.992640
vt 0.831434 0.883839
vt 0.749270 0.883839
f 33/28/33 43/29/43 41/30/41
vt 0.872516 0.992640
vt 0.913599 0.883839
vt 0.831434 0.883839
f 44/31/44 45/32/45 43/33/43
vt 0.954681 0.992640
vt 0.995763 0.883839
vt 0.913599 0.883839
f 37/34/37 46/35/46 45/36/45
vt 0.708188 0.992640
vt 0.749270 0.883839
vt 0.667105 0.883839
f 30/37/30 47/38/47 48/39/48
vt 0.790352 0.992640
vt 0.831434 0.883839
vt 0.749270 0.883839
f 33/40/33 49/41/49 47/42/47
vt 0.872517 0.992640
vt 0.913599 0.883839
vt 0.831434 0.883839
f 35/43/35 50/44/50 49/45/49
vt 0.954681 0.992640
vt 0.995763 0.883839
vt 0.913599 0.883839
f 37/46/37 51/47/51 50/48/50
vt 0.708187 0.992640
vt 0.749270 0.883839
vt 0.667105 0.883839
f 52/49/52 53/50/53 54/51/54
vt 0.708187 0.992640
vt 0.749270 0.883839
vt 0.667105 0.883839
f 52/52/52 55/53/55 56/54/56
vt 0.790352 0.992640
vt 0.831434 0.883839
vt 0.749270 0.883839
f 33/55/33 57/56/57 55/57/55
vt 0.872516 0.992640
vt 0.913598 0.883839
vt 0.831434 0.883839
f 44/58/44 58/59/58 57/60/57
vt 0.995763 0.883839
vt 0.913598 0.883839
vt 0.954681 0.992640
f 61/61/61 58/62/58 37/63/37
vt 0.954681 0.331575
vt 0.913598 0.440376
vt 0.995763 0.440376
f 144/64/144 145/65/145 146/66/146
vt 0.667105 0.440376
vt 0.749270 0.440376
vt 0.708188 0.331575
f 147/67/147 148/68/148 149/69/149
vt 0.749270 0.440376
vt 0.831434 0.440376
vt 0.790352 0.331575
f 148/70/148 158/71/158 159/72/159
vt 0.831434 0.440376
vt 0.913599 0.440376
vt 0.872517 0.331575
f 158/73/158 162/74/162 163/75/163
vt 0.913599 0.440376
vt 0.995763 0.440376
vt 0.954681 0.331575
f 162/76/162 166/77/166 144/78/144
vt 0.667105 0.440376
vt 0.749270 0.440376
vt 0.708188 0.331575
f 169/79/169 170/80/170 149/81/149
vt 0.667105 0.440376
vt 0.749270 0.440376
vt 0.708188 0.331575
f 175/82/175 176/83/176 149/84/149
vt 0.749270 0.440376
vt 0.831434 0.440376
vt 0.790352 0.331575
f 176/85/176 181/86/181 159/87/159
vt 0.831434 0.440376
vt 0.913599 0.440376
vt 0.872516 0.331575
f 181/88/181 184/89/184 185/90/185
vt 0.913599 0.440376
vt 0.995763 0.440376
vt 0.954681 0.331575
f 184/91/184 188/92/188 144/93/144
vt 0.667105 0.440376
vt 0.749270 0.440376
vt 0.708188 0.331575
f 191/94/191 192/95/192 149/96/149
vt 0.749270 0.440376
vt 0.831434 0.440376
vt 0.790352 0.331575
f 192/97/192 197/98/197 159/99/159
vt 0.831434 0.440376
vt 0.913599 0.440376
vt 0.872517 0.331575
f 197/100/197 200/101/200 163/102/163
vt 0.913599 0.440376
vt 0.995763 0.440376
vt 0.954681 0.331575
f 200/103/200 203/104/203 144/105/144
vt 0.667105 0.440376
vt 0.749270 0.440376
vt 0.708187 0.331575
f 206/106/206 207/107/207 208/108/208
vt 0.667105 0.440376
vt 0.749270 0.440376
vt 0.708187 0.331575
f 213/109/213 214/110/214 208/111/208
vt 0.749270 0.440376
vt 0.831434 0.440376
vt 0.790352 0.331575
f 214/112/214 219/113/219 159/114/159
vt 0.831434 0.440376
vt 0.913598 0.440376
vt 0.872516 0.331575
f 219/115/219 145/116/145 185/117/185
vt 0.464605 0.304169
vt 0.487782 0.304169
vt 0.487782 0.314138
f 226/118/226 227/119/227 228/120/228
vt 0.960974 0.301706
vt 0.993031 0.300790
vt 0.960974 0.311290
f 241/121/241 242/122/242 243/123/243
vt 0.984889 0.030947
vt 0.953319 0.017437
vt 0.953319 0.030988
f 256/124/256 257/125/257 258/126/258
vt 0.722585 0.027155
vt 0.689329 0.027155
vt 0.722585 0.012992
f 271/127/271 272/128/272 273/129/273
vt 0.724580 0.017437
vt 0.692035 0.030988
vt 0.724580 0.030988
f 278/130/278 279/131/279 280/132/280
vt 0.722585 0.308859
vt 0.689329 0.294696
vt 0.722585 0.294696
f 293/133/293 294/134/294 295/135/295
vt 0.988577 0.294653
vt 0.956318 0.308859
vt 0.956318 0.294696
f 300/136/300 301/137/301 302/138/302
vt 0.956318 0.012992
vt 0.988577 0.027113
vt 0.956318 0.027155
f 307/139/307 308/140/308 309/141/309
vt 0.708188 0.992640
vt 0.749270 0.883839
vt 0.667105 0.883839
f 318/142/318 319/143/319 320/144/320
vt 0.790352 0.992640
vt 0.831434 0.883839
vt 0.749270 0.883839
f 321/145/321 322/146/322 319/147/319
vt 0.872517 0.992640
vt 0.913599 0.883839
vt 0.831434 0.883839
f 323/148/323 324/149/324 322/150/322
vt 0.954681 0.992640
vt 0.995763 0.883839
vt 0.913599 0.883839
f 325/151/325 326/152/326 324/153/324
vt 0.708188 0.992640
vt 0.749270 0.883839
vt 0.667105 0.883839
f 318/154/318 327/155/327 328/156/328
vt 0.708188 0.992640
vt 0.749270 0.883839
vt 0.667105 0.883839
f 318/157/318 329/158/329 330/159/330
vt 0.790352 0.992640
vt 0.831434 0.883839
vt 0.749270 0.883839
f 321/160/321 331/161/331 329/162/329
vt 0.872516 0.992640
vt 0.913599 0.883839
vt 0.831434 0.883839
f 332/163/332 333/164/333 331/165/331
vt 0.954681 0.992640
vt 0.995763 0.883839
vt 0.913599 0.883839
f 325/166/325 334/167/334 333/168/333
vt 0.708188 0.992640
vt 0.749270 0.883839
vt 0.667105 0.883839
f 318/169/318 335/170/335 336/171/336
vt 0.790352 0.992640
vt 0.831434 0.883839
vt 0.749270 0.883839
f 321/172/321 337/173/337 335/174/335
vt 0.872517 0.992640
vt 0.913599 0.883839
vt 0.831434 0.883839
f 323/175/323 338/176/338 337/177/337
vt 0.954681 0.992640
vt 0.995763 0.883839
vt 0.913599 0.883839
f 325/178/325 339/179/339 338/180/338
vt 0.708187 0.992640
vt 0.749270 0.883839
vt 0.667105 0.883839
f 340/181/340 341/182/341 342/183/342
vt 0.708187 0.992640
vt 0.749270 0.883839
vt 0.667105 0.883839
f 340/184/340 343/185/343 344/186/344
vt 0.790352 0.992640
vt 0.831434 0.883839
vt 0.749270 0.883839
f 321/187/321 345/188/345 343/189/343
vt 0.872516 0.992640
vt 0.913598 0.883839
vt 0.831434 0.883839
f 332/190/332 346/191/346 345/192/345
vt 0.995763 0.883839
vt 0.913598 0.883839
vt 0.954681 0.992640
f 349/193/349 346/194/346 325/195/325
vt 0.954681 0.331575
vt 0.913598 0.440376
vt 0.995763 0.440376
f 432/196/432 433/197/433 434/198/434
vt 0.667105 0.440376
vt 0.749270 0.440376
vt 0.708188 0.331575
f 435/199/435 436/200/436 437/201/437
vt 0.749270 0.440376
vt 0.831434 0.440376
vt 0.790352 0.331575
f 436/202/436 446/203/446 447/204/447
vt 0.831434 0.440376
vt 0.913599 0.440376
vt 0.872517 0.331575
f 446/205/446 450/206/450 451/207/451
vt 0.913599 0.440376
vt 0.995763 0.440376
vt 0.954681 0.331575
f 450/208/450 454/209/454 432/210/432
vt 0.667105 0.440376
vt 0.749270 0.440376
vt 0.708188 0.331575
f 457/211/457 458/212/458 437/213/437
vt 0.667105 0.440376
vt 0.749270 0.440376
vt 0.708188 0.331575
f 463/214/463 464/215/464 437/216/437
vt 0.749270 0.440376
vt 0.831434 0.440376
vt 0.790352 0.331575
f 464/217/464 469/218/469 447/219/447
vt 0.831434 0.440376
vt 0.913599 0.440376
vt 0.872516 0.331575
f 469/220/469 472/221/472 473/222/473
vt 0.913599 0.440376
vt 0.995763 0.440376
vt 0.954681 0.331575
f 472/223/472 476/224/476 432/225/432
vt 0.667105 0.440376
vt 0.749270 0.440376
vt 0.708188 0.331575
f 479/226/479 480/227/480 437/228/437
vt 0.749270 0.440376
vt 0.831434 0.440376
vt 0.790352 0.331575
f 480/229/480 485/230/485 447/231/447
vt 0.831434 0.440376
vt 0.913599 0.440376
vt 0.872517 0.331575
f 485/232/485 488/233/488 451/234/451
vt 0.913599 0.440376
vt 0.995763 0.440376
vt 0.954681 0.331575
f 488/235/488 491/236/491 432/237/432
vt 0.667105 0.440376
vt 0.749270 0.440376
vt 0.708187 0.331575
f 494/238/494 495/239/495 496/240/496
vt 0.667105 0.440376
vt 0.749270 0.440376
vt 0.708187 0.331575
f 501/241/501 502/242/502 496/243/496
vt 0.749270 0.440376
vt 0.831434 0.440376
vt 0.790352 0.331575
f 502/244/502 507/245/507 447/246/447
vt 0.831434 0.440376
vt 0.913598 0.440376
vt 0.872516 0.331575
f 507/247/507 433/248/433 473/249/473
vt 0.464605 0.304169
vt 0.487782 0.304169
vt 0.487782 0.314138
f 514/250/514 515/251/515 516/252/516
vt 0.960974 0.301706
vt 0.993031 0.300790
vt 0.960974 0.311290
f 529/253/529 530/254/530 531/255/531
vt 0.984889 0.030947
vt 0.953319 0.017437
vt 0.953319 0.030988
f 544/256/544 545/257/545 546/258/546
vt 0.722585 0.027155
vt 0.689329 0.027155
vt 0.722585 0.012992
f 559/259/559 560/260/560 561/261/561
vt 0.724580 0.017437
vt 0.692035 0.030988
vt 0.724580 0.030988
f 566/262/566 567/263/567 568/264/568
vt 0.722585 0.308859
vt 0.689329 0.294696
vt 0.722585 0.294696
f 581/265/581 582/266/582 583/267/583
vt 0.988577 0.294653
vt 0.956318 0.308859
vt 0.956318 0.294696
f 588/268/588 589/269/589 590/270/590
vt 0.956318 0.012992
vt 0.988577 0.027113
vt 0.956318 0.027155
f 595/271/595 596/272/596 597/273/597
vt 0.708188 0.992640
vt 0.749270 0.883839
vt 0.667105 0.883839
f 606/274/606 607/275/607 608/276/608
vt 0.790352 0.992640
vt 0.831434 0.883839
vt 0.749270 0.883839
f 609/277/609 610/278/610 607/279/607
vt 0.872517 0.992640
vt 0.913599 0.883839
vt 0.831434 0.883839
f 611/280/611 612/281/612 610/282/610
vt 0.954681 0.992640
vt 0.995763 0.883839
vt 0.913599 0.883839
f 613/283/613 614/284/614 612/285/612
vt 0.708188 0.992640
vt 0.749270 0.883839
vt 0.667105 0.883839
f 606/286/606 615/287/615 616/288/616
vt 0.708188 0.992640
vt 0.749270 0.883839
vt 0.667105 0.883839
f 606/289/606 617/290/617 618/291/618
vt 0.790352 0.992640
vt 0.831434 0.883839
vt 0.749270 0.883839
f 609/292/609 619/293/619 617/294/617
vt 0.872516 0.992640
vt 0.913599 0.883839
vt 0.831434 0.883839
f 620/295/620 621/296/621 619/297/619
vt 0.954681 0.992640
vt 0.995763 0.883839
vt 0.913599 0.883839
f 613/298/613 622/299/622 621/300/621
vt 0.708188 0.992640
vt 0.749270 0.883839
vt 0.667105 0.883839
f 606/301/606 623/302/623 624/303/624
vt 0.790352 0.992640
vt 0.831434 0.883839
vt 0.749270 0.883839
f 609/304/609 625/305/625 623/306/623
vt 0.872517 0.992640
vt 0.913599 0.883839
vt 0.831434 0.883839
f 611/307/611 626/308/626 625/309/625
vt 0.954681 0.992640
vt 0.995763 0.883839
vt 0.913599 0.883839
f 613/310/613 627/311/627 626/312/626
vt 0.708187 0.992640
vt 0.749270 0.883839
vt 0.667105 0.883839
f 628/313/628 629/314/629 630/315/630
vt 0.708187 0.992640
vt 0.749270 0.883839
vt 0.667105 0.883839
f 628/316/628 631/317/631 632/318/632
vt 0.790352 0.992640
vt 0.831434 0.883839
vt 0.749270 0.883839
f 609/319/609 633/320/633 631/321/631
vt 0.872516 0.992640
vt 0.913598 0.883839
vt 0.831434 0.883839
f 620/322/620 634/323/634 633/324/633
vt 0.995763 0.883839
vt 0.913598 0.883839
vt 0.954681 0.992640
f 637/325/637 634/326/634 613/327/613
vt 0.954681 0.331575
vt 0.913598 0.440376
vt 0.995763 0.440376
f 720/328/720 721/329/721 722/330/722
vt 0.667105 0.440376
vt 0.749270 0.440376
vt 0.708188 0.331575
f 723/331/723 724/332/724 725/333/725
vt 0.749270 0.440376
vt 0.831434 0.440376
vt 0.790352 0.331575
f 724/334/724 734/335/734 735/336/735
vt 0.831434 0.440376
vt 0.913599 0.440376
vt 0.872517 0.331575
f 734/337/734 738/338/738 739/339/739
vt 0.913599 0.440376
vt 0.995763 0.440376
vt 0.954681 0.331575
f 738/340/738 742/341/742 720/342/720
vt 0.667105 0.440376
vt 0.749270 0.440376
vt 0.708188 0.331575
f 745/343/745 746/344/746 725/345/725
vt 0.667105 0.440376
vt 0.749270 0.440376
vt 0.708188 0.331575
f 751/346/751 752/347/752 725/348/725
vt 0.749270 0.440376
vt 0.831434 0.440376
vt 0.790352 0.331575
f 752/349/752 757/350/757 735/351/735
vt 0.831434 0.440376
vt 0.913599 0.440376
vt 0.872516 0.331575
f 757/352/757 760/353/760 761/354/761
vt 0.913599 0.440376
vt 0.995763 0.440376
vt 0.954681 0.331575
f 760/355/760 764/356/764 720/357/720
vt 0.667105 0.440376
vt 0.749270 0.440376
vt 0.708188 0.331575
f 767/358/767 768/359/768 725/360/725
vt 0.749270 0.440376
vt 0.831434 0.440376
vt 0.790352 0.331575
f 768/361/768 773/362/773 735/363/735
vt 0.831434 0.440376
vt 0.913599 0.440376
vt 0.872517 0.331575
f 773/364/773 776/365/776 739/366/739
vt 0.913599 0.440376
vt 0.995763 0.440376
vt 0.954681 0.331575
f 776/367/776 779/368/779 720/369/720
vt 0.667105 0.440376
vt 0.749270 0.440376
vt 0.708187 0.331575
f 782/370/782 783/371/783 784/372/784
vt 0.667105 0.440376
vt 0.749270 0.440376
vt 0.708187 0.331575
f 789/373/789 790/374/790 784/375/784
vt 0.749270 0.440376
vt 0.831434 0.440376
vt 0.790352 0.331575
f 790/376/790 795/377/795 735/378/735
vt 0.831434 0.440376
vt 0.913598 0.440376
vt 0.872516 0.331575
f 795/379/795 721/380/721 761/381/761
vt 0.464605 0.304169
vt 0.487782 0.304169
vt 0.487782 0.314138
f 802/382/802 803/383/803 804/384/804
vt 0.960974 0.301706
vt 0.993031 0.300790
vt 0.960974 0.311290
f 817/385/817 818/386/818 819/387/819
vt 0.984889 0.030947
vt 0.953319 0.017437
vt 0.953319 0.030988
f 832/388/832 833/389/833 834/390/834
vt 0.722585 0.027155
vt 0.689329 0.027155
vt 0.722585 0.012992
f 847/391/847 848/392/848 849/393/849
vt 0.724580 0.017437
vt 0.692035 0.030988
vt 0.724580 0.030988
f 854/394/854 855/395/855 856/396/856
vt 0.722585 0.294696
vt 0.689329 0.294696
vt 0.689329 0.027155
vt 0.722585 0.027155
f 1/397/1 2/398/2 3/399/3 4/400/4
vt 0.956318 0.308859
vt 0.722585 0.308859
vt 0.722585 0.294696
vt 0.956318 0.294696
f 8/401/8 9/402/9 10/403/10 11/404/11
vt 0.988577 0.027113
vt 0.988577 0.294653
vt 0.956318 0.294696
vt 0.956318 0.027155
f 15/405/15 16/406/16 17/407/17 18/408/18
vt 0.185529 0.314427
vt 0.185529 0.024261
vt 0.496749 0.024261
vt 0.496749 0.314427
f 22/409/22 23/410/23 24/411/24 25/412/25
vt 0.724580 0.030988
vt 0.692035 0.030988
vt 0.692035 0.286956
vt 0.724580 0.286956
f 26/413/26 27/414/27 28/415/28 29/416/29
vt 0.667105 0.883839
vt 0.749270 0.883839
vt 0.749270 0.773980
vt 0.667105 0.773980
f 32/417/32 31/418/31 59/419/59 60/420/60
vt 0.667105 0.773980
vt 0.749270 0.773980
vt 0.749270 0.662107
vt 0.667105 0.662107
f 60/421/60 59/422/59 62/423/62 63/424/63
vt 0.995763 0.773980
vt 0.913598 0.773980
vt 0.913598 0.883839
vt 0.995763 0.883839
f 64/425/64 65/426/65 58/427/58 61/428/61
vt 0.995763 0.662107
vt 0.913598 0.662107
vt 0.913598 0.773980
vt 0.995763 0.773980
f 66/429/66 67/430/67 65/431/65 64/432/64
vt 0.749270 0.883839
vt 0.831434 0.883839
vt 0.831434 0.773980
vt 0.749270 0.773980
f 31/433/31 34/434/34 68/435/68 59/436/59
vt 0.749270 0.773980
vt 0.831434 0.773980
vt 0.831434 0.662107
vt 0.749270 0.662107
f 59/437/59 68/438/68 69/439/69 62/440/62
vt 0.007299 0.338753
vt 0.089775 0.338753
vt 0.089775 0.662107
vt 0.007299 0.662107
f 70/441/70 71/442/71 72/443/72 73/444/73
vt 0.831434 0.883839
vt 0.913599 0.883839
vt 0.913599 0.773980
vt 0.831434 0.773980
f 34/445/34 36/446/36 74/447/74 68/448/68
vt 0.831434 0.773980
vt 0.913599 0.773980
vt 0.913599 0.662107
vt 0.831434 0.662107
f 68/449/68 74/450/74 75/451/75 69/452/69
vt 0.089775 0.338753
vt 0.172250 0.338753
vt 0.172250 0.662107
vt 0.089775 0.662107
f 71/453/71 76/454/76 77/455/77 72/456/72
vt 0.913599 0.883839
vt 0.995763 0.883839
vt 0.995763 0.773980
vt 0.913599 0.773980
f 36/457/36 38/458/38 78/459/78 74/460/74
vt 0.913599 0.773980
vt 0.995763 0.773980
vt 0.995763 0.662107
vt 0.913599 0.662107
f 74/461/74 78/462/78 79/463/79 75/464/75
vt 0.172250 0.338753
vt 0.254726 0.338753
vt 0.254726 0.662107
vt 0.172250 0.662107
f 76/465/76 80/466/80 81/467/81 77/468/77
vt 0.667105 0.883839
vt 0.749270 0.883839
vt 0.749270 0.773980
vt 0.667105 0.773980
f 40/469/40 39/470/39 82/471/82 83/472/83
vt 0.667105 0.773980
vt 0.749270 0.773980
vt 0.749270 0.662107
vt 0.667105 0.662107
f 83/473/83 82/474/82 84/475/84 85/476/85
vt 0.254726 0.338753
vt 0.337202 0.338753
vt 0.337202 0.662107
vt 0.254726 0.662107
f 80/477/80 86/478/86 87/479/87 81/480/81
vt 0.667105 0.883839
vt 0.749270 0.883839
vt 0.749270 0.773980
vt 0.667105 0.773980
f 42/481/42 41/482/41 88/483/88 89/484/89
vt 0.667105 0.773980
vt 0.749270 0.773980
vt 0.749270 0.662107
vt 0.667105 0.662107
f 89/485/89 88/486/88 90/487/90 91/488/91
vt 0.337202 0.338753
vt 0.419678 0.338753
vt 0.419678 0.662107
vt 0.337202 0.662107
f 86/489/86 92/490/92 93/491/93 87/492/87
vt 0.749270 0.883839
vt 0.831434 0.883839
vt 0.831434 0.773980
vt 0.749270 0.773980
f 41/493/41 43/494/43 94/495/94 88/496/88
vt 0.749270 0.773980
vt 0.831434 0.773980
vt 0.831434 0.662107
vt 0.749270 0.662107
f 88/497/88 94/498/94 95/499/95 90/500/90
vt 0.419678 0.338753
vt 0.502154 0.338753
vt 0.502154 0.662107
vt 0.419678 0.662107
f 92/501/92 96/502/96 97/503/97 93/504/93
vt 0.831434 0.883839
vt 0.913599 0.883839
vt 0.913599 0.773980
vt 0.831434 0.773980
f 43/505/43 45/506/45 98/507/98 94/508/94
vt 0.831434 0.773980
vt 0.913599 0.773980
vt 0.913599 0.662107
vt 0.831434 0.662107
f 94/509/94 98/510/98 99/511/99 95/512/95
vt 0.502154 0.338753
vt 0.584629 0.338753
vt 0.584629 0.662107
vt 0.502154 0.662107
f 96/513/96 100/514/100 101/515/101 97/516/97
vt 0.913599 0.883839
vt 0.995763 0.883839
vt 0.995763 0.773980
vt 0.913599 0.773980
f 45/517/45 46/518/46 102/519/102 98/520/98
vt 0.913599 0.773980
vt 0.995763 0.773980
vt 0.995763 0.662107
vt 0.913599 0.662107
f 98/521/98 102/522/102 103/523/103 99/524/99
vt 0.584629 0.338753
vt 0.667105 0.338753
vt 0.667105 0.662107
vt 0.584629 0.662107
f 100/525/100 104/526/104 105/527/105 101/528/101
vt 0.667105 0.883839
vt 0.749270 0.883839
vt 0.749270 0.773980
vt 0.667105 0.773980
f 48/529/48 47/530/47 106/531/106 107/532/107
vt 0.667105 0.773980
vt 0.749270 0.773980
vt 0.749270 0.662107
vt 0.667105 0.662107
f 107/533/107 106/534/106 108/535/108 109/536/109
vt 0.007299 0.662107
vt 0.089775 0.662107
vt 0.089775 0.985462
vt 0.007299 0.985462
f 110/537/110 111/538/111 112/539/112 113/540/113
vt 0.749270 0.883839
vt 0.831434 0.883839
vt 0.831434 0.773980
vt 0.749270 0.773980
f 47/541/47 49/542/49 114/543/114 106/544/106
vt 0.749270 0.773980
vt 0.831434 0.773980
vt 0.831434 0.662107
vt 0.749270 0.662107
f 106/545/106 114/546/114 115/547/115 108/548/108
vt 0.089775 0.662107
vt 0.172250 0.662107
vt 0.172250 0.985462
vt 0.089775 0.985462
f 111/549/111 116/550/116 117/551/117 112/552/112
vt 0.831434 0.883839
vt 0.913599 0.883839
vt 0.913599 0.773980
vt 0.831434 0.773980
f 49/553/49 50/554/50 118/555/118 114/556/114
vt 0.831434 0.773980
vt 0.913599 0.773980
vt 0.913599 0.662107
vt 0.831434 0.662107
f 114/557/114 118/558/118 119/559/119 115/560/115
vt 0.172250 0.662107
vt 0.254726 0.662107
vt 0.254726 0.985462
vt 0.172250 0.985462
f 116/561/116 120/562/120 121/563/121 117/564/117
vt 0.913599 0.883839
vt 0.995763 0.883839
vt 0.995763 0.773980
vt 0.913599 0.773980
f 50/565/50 51/566/51 122/567/122 118/568/118
vt 0.913599 0.773980
vt 0.995763 0.773980
vt 0.995763 0.662107
vt 0.913599 0.662107
f 118/569/118 122/570/122 123/571/123 119/572/119
vt 0.254726 0.662107
vt 0.337202 0.662107
vt 0.337202 0.985462
vt 0.254726 0.985462
f 120/573/120 124/574/124 125/575/125 121/576/121
vt 0.667105 0.883839
vt 0.749270 0.883839
vt 0.749270 0.773980
vt 0.667105 0.773980
f 54/577/54 53/578/53 126/579/126 127/580/127
vt 0.667105 0.773980
vt 0.749270 0.773980
vt 0.749270 0.662107
vt 0.667105 0.662107
f 127/581/127 126/582/126 128/583/128 129/584/129
vt 0.337202 0.662107
vt 0.419678 0.662107
vt 0.419678 0.985462
vt 0.337202 0.985462
f 124/585/124 130/586/130 131/587/131 125/588/125
vt 0.667105 0.883839
vt 0.749270 0.883839
vt 0.749270 0.773980
vt 0.667105 0.773980
f 56/589/56 55/590/55 132/591/132 133/592/133
vt 0.667105 0.773980
vt 0.749270 0.773980
vt 0.749270 0.662107
vt 0.667105 0.662107
f 133/593/133 132/594/132 134/595/134 135/596/135
vt 0.419678 0.662107
vt 0.502154 0.662107
vt 0.502154 0.985462
vt 0.419678 0.985462
f 130/597/130 136/598/136 137/599/137 131/600/131
vt 0.749270 0.883839
vt 0.831434 0.883839
vt 0.831434 0.773980
vt 0.749270 0.773980
f 55/601/55 57/602/57 138/603/138 132/604/132
vt 0.749270 0.773980
vt 0.831434 0.773980
vt 0.831434 0.662107
vt 0.749270 0.662107
f 132/605/132 138/606/138 139/607/139 134/608/134
vt 0.502154 0.662107
vt 0.584630 0.662107
vt 0.584630 0.985462
vt 0.502154 0.985462
f 136/609/136 140/610/140 141/611/141 137/612/137
vt 0.831434 0.883839
vt 0.913598 0.883839
vt 0.913598 0.773980
vt 0.831434 0.773980
f 57/613/57 58/614/58 65/615/65 138/616/138
vt 0.831434 0.773980
vt 0.913598 0.773980
vt 0.913598 0.662107
vt 0.831434 0.662107
f 138/617/138 65/618/65 67/619/67 139/620/139
vt 0.584630 0.662107
vt 0.667105 0.662107
vt 0.667105 0.985462
vt 0.584630 0.985462
f 140/621/140 142/622/142 143/623/143 141/624/141
vt 0.995763 0.440376
vt 0.913598 0.440376
vt 0.913598 0.550234
vt 0.995763 0.550234
f 146/625/146 145/626/145 150/627/150 151/628/151
vt 0.667105 0.550234
vt 0.749270 0.550234
vt 0.749270 0.440376
vt 0.667105 0.440376
f 152/629/152 153/630/153 148/631/148 147/632/147
vt 0.995763 0.550234
vt 0.913598 0.550234
vt 0.913598 0.662107
vt 0.995763 0.662107
f 151/633/151 150/634/150 154/635/154 155/636/155
vt 0.667105 0.662107
vt 0.749270 0.662107
vt 0.749270 0.550234
vt 0.667105 0.550234
f 156/637/156 157/638/157 153/639/153 152/640/152
vt 0.749270 0.550234
vt 0.831434 0.550234
vt 0.831434 0.440376
vt 0.749270 0.440376
f 153/641/153 160/642/160 158/643/158 148/644/148
vt 0.749270 0.662107
vt 0.831434 0.662107
vt 0.831434 0.550234
vt 0.749270 0.550234
f 157/645/157 161/646/161 160/647/160 153/648/153
vt 0.831434 0.550234
vt 0.913599 0.550234
vt 0.913599 0.440376
vt 0.831434 0.440376
f 160/649/160 164/650/164 162/651/162 158/652/158
vt 0.831434 0.662107
vt 0.913599 0.662107
vt 0.913599 0.550234
vt 0.831434 0.550234
f 161/653/161 165/654/165 164/655/164 160/656/160
vt 0.913599 0.550234
vt 0.995763 0.550234
vt 0.995763 0.440376
vt 0.913599 0.440376
f 164/657/164 167/658/167 166/659/166 162/660/162
vt 0.913599 0.662107
vt 0.995763 0.662107
vt 0.995763 0.550234
vt 0.913599 0.550234
f 165/661/165 168/662/168 167/663/167 164/664/164
vt 0.667105 0.550234
vt 0.749270 0.550234
vt 0.749270 0.440376
vt 0.667105 0.440376
f 171/665/171 172/666/172 170/667/170 169/668/169
vt 0.667105 0.662107
vt 0.749270 0.662107
vt 0.749270 0.550234
vt 0.667105 0.550234
f 173/669/173 174/670/174 172/671/172 171/672/171
vt 0.667105 0.550234
vt 0.749270 0.550234
vt 0.749270 0.440376
vt 0.667105 0.440376
f 177/673/177 178/674/178 176/675/176 175/676/175
vt 0.667105 0.662107
vt 0.749270 0.662107
vt 0.749270 0.550234
vt 0.667105 0.550234
f 179/677/179 180/678/180 178/679/178 177/680/177
vt 0.749270 0.550234
vt 0.831434 0.550234
vt 0.831434 0.440376
vt 0.749270 0.440376
f 178/681/178 182/682/182 181/683/181 176/684/176
vt 0.749270 0.662107
vt 0.831434 0.662107
vt 0.831434 0.550234
vt 0.749270 0.550234
f 180/685/180 183/686/183 182/687/182 178/688/178
vt 0.831434 0.550234
vt 0.913599 0.550234
vt 0.913599 0.440376
vt 0.831434 0.440376
f 182/689/182 186/690/186 184/691/184 181/692/181
vt 0.831434 0.662107
vt 0.913599 0.662107
vt 0.913599 0.550234
vt 0.831434 0.550234
f 183/693/183 187/694/187 186/695/186 182/696/182
vt 0.913599 0.550234
vt 0.995763 0.550234
vt 0.995763 0.440376
vt 0.913599 0.440376
f 186/697/186 189/698/189 188/699/188 184/700/184
vt 0.913599 0.662107
vt 0.995763 0.662107
vt 0.995763 0.550234
vt 0.913599 0.550234
f 187/701/187 190/702/190 189/703/189 186/704/186
vt 0.667105 0.550234
vt 0.749270 0.550234
vt 0.749270 0.440376
vt 0.667105 0.440376
f 193/705/193 194/706/194 192/707/192 191/708/191
vt 0.667105 0.662107
vt 0.749270 0.662107
vt 0.749270 0.550234
vt 0.667105 0.550234
f 195/709/195 196/710/196 194/711/194 193/712/193
vt 0.749270 0.550234
vt 0.831434 0.550234
vt 0.831434 0.440376
vt 0.749270 0.440376
f 194/713/194 198/714/198 197/715/197 192/716/192
vt 0.749270 0.662107
vt 0.831434 0.662107
vt 0.831434 0.550234
vt 0.749270 0.550234
f 196/717/196 199/718/199 198/719/198 194/720/194
vt 0.831434 0.550234
vt 0.913599 0.550234
vt 0.913599 0.440376
vt 0.831434 0.440376
f 198/721/198 201/722/201 200/723/200 197/724/197
vt 0.831434 0.662107
vt 0.913599 0.662107
vt 0.913599 0.550234
vt 0.831434 0.550234
f 199/725/199 202/726/202 201/727/201 198/728/198
vt 0.913599 0.550234
vt 0.995763 0.550234
vt 0.995763 0.440376
vt 0.913599 0.440376
f 201/729/201 204/730/204 203/731/203 200/732/200
vt 0.913599 0.662107
vt 0.995763 0.662107
vt 0.995763 0.550234
vt 0.913599 0.550234
f 202/733/202 205/734/205 204/735/204 201/736/201
vt 0.667105 0.550234
vt 0.749270 0.550234
vt 0.749270 0.440376
vt 0.667105 0.440376
f 209/737/209 210/738/210 207/739/207 206/740/206
vt 0.667105 0.662107
vt 0.749270 0.662107
vt 0.749270 0.550234
vt 0.667105 0.550234
f 211/741/211 212/742/212 210/743/210 209/744/209
vt 0.667105 0.550234
vt 0.749270 0.550234
vt 0.749270 0.440376
vt 0.667105 0.440376
f 215/745/215 216/746/216 214/747/214 213/748/213
vt 0.667105 0.662107
vt 0.749270 0.662107
vt 0.749270 0.550234
vt 0.667105 0.550234
f 217/749/217 218/750/218 216/751/216 215/752/215
vt 0.749270 0.550234
vt 0.831434 0.550234
vt 0.831434 0.440376
vt 0.749270 0.440376
f 216/753/216 220/754/220 219/755/219 214/756/214
vt 0.749270 0.662107
vt 0.831434 0.662107
vt 0.831434 0.550234
vt 0.749270 0.550234
f 218/757/218 221/758/221 220/759/220 216/760/216
vt 0.831434 0.550234
vt 0.913598 0.550234
vt 0.913598 0.440376
vt 0.831434 0.440376
f 220/761/220 150/762/150 145/763/145 219/764/219
vt 0.831434 0.662107
vt 0.913598 0.662107
vt 0.913598 0.550234
vt 0.831434 0.550234
f 221/765/221 154/766/154 150/767/150 220/768/220
vt 0.522048 0.321874
vt 0.522048 0.016450
vt 0.538158 0.016450
vt 0.538158 0.321874
f 222/769/222 223/770/223 224/771/224 225/772/225
vt 0.538158 0.321874
vt 0.538158 0.016450
vt 0.651381 0.016450
vt 0.651381 0.321874
f 229/773/229 230/774/230 231/775/231 232/776/232
vt 0.728710 0.311290
vt 0.728710 0.301706
vt 0.960974 0.301706
vt 0.960974 0.311290
f 233/777/233 234/778/234 235/779/235 236/780/236
vt 0.651381 0.321874
vt 0.651381 0.016450
vt 0.667008 0.015428
vt 0.667008 0.320853
f 237/781/237 238/782/238 239/783/239 240/784/240
vt 0.185529 0.314427
vt 0.185529 0.024261
vt 0.496749 0.024261
vt 0.496749 0.314427
f 244/785/244 245/786/245 246/787/246 247/788/247
vt 0.953319 0.286956
vt 0.984889 0.286915
vt 0.984889 0.030947
vt 0.953319 0.030988
f 248/789/248 249/790/249 250/791/250 251/792/251
vt 0.497123 0.312804
vt 0.497123 0.016382
vt 0.464129 0.017374
vt 0.464129 0.313796
f 252/793/252 253/794/253 254/795/254 255/796/255
vt 0.956318 0.012992
vt 0.956318 0.027155
vt 0.722585 0.027155
vt 0.722585 0.012992
f 259/797/259 260/798/260 261/799/261 262/800/262
vt 0.464129 0.313796
vt 0.464129 0.017374
vt 0.225073 0.017374
vt 0.225073 0.313796
f 263/801/263 264/802/264 265/803/265 266/804/266
vt 0.953319 0.017437
vt 0.724580 0.017437
vt 0.724580 0.030988
vt 0.953319 0.030988
f 267/805/267 268/806/268 269/807/269 270/808/270
vt 0.225073 0.017374
vt 0.191059 0.017374
vt 0.191059 0.313796
vt 0.225073 0.313796
f 274/809/274 275/810/275 276/811/276 277/812/277
vt 0.724580 0.030988
vt 0.724580 0.286956
vt 0.953319 0.286956
vt 0.953319 0.030988
f 281/813/281 282/814/282 283/815/283 284/816/284
vt 0.722585 0.027155
vt 0.956318 0.027155
vt 0.956318 0.294696
vt 0.722585 0.294696
f 285/817/285 286/818/286 287/819/287 288/820/288
vt 0.722585 0.294696
vt 0.689329 0.294696
vt 0.689329 0.027155
vt 0.722585 0.027155
f 289/821/289 290/822/290 291/823/291 292/824/292
vt 0.956318 0.308859
vt 0.722585 0.308859
vt 0.722585 0.294696
vt 0.956318 0.294696
f 296/825/296 297/826/297 298/827/298 299/828/299
vt 0.988577 0.027113
vt 0.988577 0.294653
vt 0.956318 0.294696
vt 0.956318 0.027155
f 303/829/303 304/830/304 305/831/305 306/832/306
vt 0.185529 0.314427
vt 0.185529 0.024261
vt 0.496749 0.024261
vt 0.496749 0.314427
f 310/833/310 311/834/311 312/835/312 313/836/313
vt 0.724580 0.030988
vt 0.692035 0.030988
vt 0.692035 0.286956
vt 0.724580 0.286956
f 314/837/314 315/838/315 316/839/316 317/840/317
vt 0.667105 0.883839
vt 0.749270 0.883839
vt 0.749270 0.773980
vt 0.667105 0.773980
f 320/841/320 319/842/319 347/843/347 348/844/348
vt 0.667105 0.773980
vt 0.749270 0.773980
vt 0.749270 0.662107
vt 0.667105 0.662107
f 348/845/348 347/846/347 350/847/350 351/848/351
vt 0.995763 0.773980
vt 0.913598 0.773980
vt 0.913598 0.883839
vt 0.995763 0.883839
f 352/849/352 353/850/353 346/851/346 349/852/349
vt 0.995763 0.662107
vt 0.913598 0.662107
vt 0.913598 0.773980
vt 0.995763 0.773980
f 354/853/354 355/854/355 353/855/353 352/856/352
vt 0.749270 0.883839
vt 0.831434 0.883839
vt 0.831434 0.773980
vt 0.749270 0.773980
f 319/857/319 322/858/322 356/859/356 347/860/347
vt 0.749270 0.773980
vt 0.831434 0.773980
vt 0.831434 0.662107
vt 0.749270 0.662107
f 347/861/347 356/862/356 357/863/357 350/864/350
vt 0.007299 0.338753
vt 0.089775 0.338753
vt 0.089775 0.662107
vt 0.007299 0.662107
f 358/865/358 359/866/359 360/867/360 361/868/361
vt 0.831434 0.883839
vt 0.913599 0.883839
vt 0.913599 0.773980
vt 0.831434 0.773980
f 322/869/322 324/870/324 362/871/362 356/872/356
vt 0.831434 0.773980
vt 0.913599 0.773980
vt 0.913599 0.662107
vt 0.831434 0.662107
f 356/873/356 362/874/362 363/875/363 357/876/357
vt 0.089775 0.338753
vt 0.172250 0.338753
vt 0.172250 0.662107
vt 0.089775 0.662107
f 359/877/359 364/878/364 365/879/365 360/880/360
vt 0.913599 0.883839
vt 0.995763 0.883839
vt 0.995763 0.773980
vt 0.913599 0.773980
f 324/881/324 326/882/326 366/883/366 362/884/362
vt 0.913599 0.773980
vt 0.995763 0.773980
vt 0.995763 0.662107
vt 0.913599 0.662107
f 362/885/362 366/886/366 367/887/367 363/888/363
vt 0.172250 0.338753
vt 0.254726 0.338753
vt 0.254726 0.662107
vt 0.172250 0.662107
f 364/889/364 368/890/368 369/891/369 365/892/365
vt 0.667105 0.883839
vt 0.749270 0.883839
vt 0.749270 0.773980
vt 0.667105 0.773980
f 328/893/328 327/894/327 370/895/370 371/896/371
vt 0.667105 0.773980
vt 0.749270 0.773980
vt 0.749270 0.662107
vt 0.667105 0.662107
f 371/897/371 370/898/370 372/899/372 373/900/373
vt 0.254726 0.338753
vt 0.337202 0.338753
vt 0.337202 0.662107
vt 0.254726 0.662107
f 368/901/368 374/902/374 375/903/375 369/904/369
vt 0.667105 0.883839
vt 0.749270 0.883839
vt 0.749270 0.773980
vt 0.667105 0.773980
f 330/905/330 329/906/329 376/907/376 377/908/377
vt 0.667105 0.773980
vt 0.749270 0.773980
vt 0.749270 0.662107
vt 0.667105 0.662107
f 377/909/377 376/910/376 378/911/378 379/912/379
vt 0.337202 0.338753
vt 0.419678 0.338753
vt 0.419678 0.662107
vt 0.337202 0.662107
f 374/913/374 380/914/380 381/915/381 375/916/375
vt 0.749270 0.883839
vt 0.831434 0.883839
vt 0.831434 0.773980
vt 0.749270 0.773980
f 329/917/329 331/918/331 382/919/382 376/920/376
vt 0.749270 0.773980
vt 0.831434 0.773980
vt 0.831434 0.662107
vt 0.749270 0.662107
f 376/921/376 382/922/382 383/923/383 378/924/378
vt 0.419678 0.338753
vt 0.502154 0.338753
vt 0.502154 0.662107
vt 0.419678 0.662107
f 380/925/380 384/926/384 385/927/385 381/928/381
vt 0.831434 0.883839
vt 0.913599 0.883839
vt 0.913599 0.773980
vt 0.831434 0.773980
f 331/929/331 333/930/333 386/931/386 382/932/382
vt 0.831434 0.773980
vt 0.913599 0.773980
vt 0.913599 0.662107
vt 0.831434 0.662107
f 382/933/382 386/934/386 387/935/387 383/936/383
vt 0.502154 0.338753
vt 0.584629 0.338753
vt 0.584629 0.662107
vt 0.502154 0.662107
f 384/937/384 388/938/388 389/939/389 385/940/385
vt 0.913599 0.883839
vt 0.995763 0.883839
vt 0.995763 0.773980
vt 0.913599 0.773980
f 333/941/333 334/942/334 390/943/390 386/944/386
vt 0.913599 0.773980
vt 0.995763 0.773980
vt 0.995763 0.662107
vt 0.913599 0.662107
f 386/945/386 390/946/390 391/947/391 387/948/387
vt 0.584629 0.338753
vt 0.667105 0.338753
vt 0.667105 0.662107
vt 0.584629 0.662107
f 388/949/388 392/950/392 393/951/393 389/952/389
vt 0.667105 0.883839
vt 0.749270 0.883839
vt 0.749270 0.773980
vt 0.667105 0.773980
f 336/953/336 335/954/335 394/955/394 395/956/395
vt 0.667105 0.773980
vt 0.749270 0.773980
vt 0.749270 0.662107
vt 0.667105 0.662107
f 395/957/395 394/958/394 396/959/396 397/960/397
vt 0.007299 0.662107
vt 0.089775 0.662107
vt 0.089775 0.985462
vt 0.007299 0.985462
f 398/961/398 399/962/399 400/963/400 401/964/401
vt 0.749270 0.883839
vt 0.831434 0.883839
vt 0.831434 0.773980
vt 0.749270 0.773980
f 335/965/335 337/966/337 402/967/402 394/968/394
vt 0.749270 0.773980
vt 0.831434 0.773980
vt 0.831434 0.662107
vt 0.749270 0.662107
f 394/969/394 402/970/402 403/971/403 396/972/396
vt 0.089775 0.662107
vt 0.172250 0.662107
vt 0.172250 0.985462
vt 0.089775 0.985462
f 399/973/399 404/974/404 405/975/405 400/976/400
vt 0.831434 0.883839
vt 0.913599 0.883839
vt 0.913599 0.773980
vt 0.831434 0.773980
f 337/977/337 338/978/338 406/979/406 402/980/402
vt 0.831434 0.773980
vt 0.913599 0.773980
vt 0.913599 0.662107
vt 0.831434 0.662107
f 402/981/402 406/982/406 407/983/407 403/984/403
vt 0.172250 0.662107
vt 0.254726 0.662107
vt 0.254726 0.985462
vt 0.172250 0.985462
f 404/985/404 408/986/408 409/987/409 405/988/405
vt 0.913599 0.883839
vt 0.995763 0.883839
vt 0.995763 0.773980
vt 0.913599 0.773980
f 338/989/338 339/990/339 410/991/410 406/992/406
vt 0.913599 0.773980
vt 0.995763 0.773980
vt 0.995763 0.662107
vt 0.913599 0.662107
f 406/993/406 410/994/410 411/995/411 407/996/407
vt 0.254726 0.662107
vt 0.337202 0.662107
vt 0.337202 0.985462
vt 0.254726 0.985462
f 408/997/408 412/998/412 413/999/413 409/1000/409
vt 0.667105 0.883839
vt 0.749270 0.883839
vt 0.749270 0.773980
vt 0.667105 0.773980
f 342/1001/342 341/1002/341 414/1003/414 415/1004/415
vt 0.667105 0.773980
vt 0.749270 0.773980
vt 0.749270 0.662107
vt 0.667105 0.662107
f 415/1005/415 414/1006/414 416/1007/416 417/1008/417
vt 0.337202 0.662107
vt 0.419678 0.662107
vt 0.419678 0.985462
vt 0.337202 0.985462
f 412/1009/412 418/1010/418 419/1011/419 413/1012/413
vt 0.667105 0.883839
vt 0.749270 0.883839
vt 0.749270 0.773980
vt 0.667105 0.773980
f 344/1013/344 343/1014/343 420/1015/420 421/1016/421
vt 0.667105 0.773980
vt 0.749270 0.773980
vt 0.749270 0.662107
vt 0.667105 0.662107
f 421/1017/421 420/1018/420 422/1019/422 423/1020/423
vt 0.419678 0.662107
vt 0.502154 0.662107
vt 0.502154 0.985462
vt 0.419678 0.985462
f 418/1021/418 424/1022/424 425/1023/425 419/1024/419
vt 0.749270 0.883839
vt 0.831434 0.883839
vt 0.831434 0.773980
vt 0.749270 0.773980
f 343/1025/343 345/1026/345 426/1027/426 420/1028/420
vt 0.749270 0.773980
vt 0.831434 0.773980
vt 0.831434 0.662107
vt 0.749270 0.662107
f 420/1029/420 426/1030/426 427/1031/427 422/1032/422
vt 0.502154 0.662107
vt 0.584630 0.662107
vt 0.584630 0.985462
vt 0.502154 0.985462
f 424/1033/424 428/1034/428 429/1035/429 425/1036/425
vt 0.831434 0.883839
vt 0.913598 0.883839
vt 0.913598 0.773980
vt 0.831434 0.773980
f 345/1037/345 346/1038/346 353/1039/353 426/1040/426
vt 0.831434 0.773980
vt 0.913598 0.773980
vt 0.913598 0.662107
vt 0.831434 0.662107
f 426/1041/426 353/1042/353 355/1043/355 427/1044/427
vt 0.584630 0.662107
vt 0.667105 0.662107
vt 0.667105 0.985462
vt 0.584630 0.985462
f 428/1045/428 430/1046/430 431/1047/431 429/1048/429
vt 0.995763 0.440376
vt 0.913598 0.440376
vt 0.913598 0.550234
vt 0.995763 0.550234
f 434/1049/434 433/1050/433 438/1051/438 439/1052/439
vt 0.667105 0.550234
vt 0.749270 0.550234
vt 0.749270 0.440376
vt 0.667105 0.440376
f 440/1053/440 441/1054/441 436/1055/436 435/1056/435
vt 0.995763 0.550234
vt 0.913598 0.550234
vt 0.913598 0.662107
vt 0.995763 0.662107
f 439/1057/439 438/1058/438 442/1059/442 443/1060/443
vt 0.667105 0.662107
vt 0.749270 0.662107
vt 0.749270 0.550234
vt 0.667105 0.550234
f 444/1061/444 445/1062/445 441/1063/441 440/1064/440
vt 0.749270 0.550234
vt 0.831434 0.550234
vt 0.831434 0.440376
vt 0.749270 0.440376
f 441/1065/441 448/1066/448 446/1067/446 436/1068/436
vt 0.749270 0.662107
vt 0.831434 0.662107
vt 0.831434 0.550234
vt 0.749270 0.550234
f 445/1069/445 449/1070/449 448/1071/448 441/1072/441
vt 0.831434 0.550234
vt 0.913599 0.550234
vt 0.913599 0.440376
vt 0.831434 0.440376
f 448/1073/448 452/1074/452 450/1075/450 446/1076/446
vt 0.831434 0.662107
vt 0.913599 0.662107
vt 0.913599 0.550234
vt 0.831434 0.550234
f 449/1077/449 453/1078/453 452/1079/452 448/1080/448
vt 0.913599 0.550234
vt 0.995763 0.550234
vt 0.995763 0.440376
vt 0.913599 0.440376
f 452/1081/452 455/1082/455 454/1083/454 450/1084/450
vt 0.913599 0.662107
vt 0.995763 0.662107
vt 0.995763 0.550234
vt 0.913599 0.550234
f 453/1085/453 456/1086/456 455/1087/455 452/1088/452
vt 0.667105 0.550234
vt 0.749270 0.550234
vt 0.749270 0.440376
vt 0.667105 0.440376
f 459/1089/459 460/1090/460 458/1091/458 457/1092/457
vt 0.667105 0.662107
vt 0.749270 0.662107
vt 0.749270 0.550234
vt 0.667105 0.550234
f 461/1093/461 462/1094/462 460/1095/460 459/1096/459
vt 0.667105 0.550234
vt 0.749270 0.550234
vt 0.749270 0.440376
vt 0.667105 0.440376
f 465/1097/465 466/1098/466 464/1099/464 463/1100/463
vt 0.667105 0.662107
vt 0.749270 0.662107
vt 0.749270 0.550234
vt 0.667105 0.550234
f 467/1101/467 468/1102/468 466/1103/466 465/1104/465
vt 0.749270 0.550234
vt 0.831434 0.550234
vt 0.831434 0.440376
vt 0.749270 0.440376
f 466/1105/466 470/1106/470 469/1107/469 464/1108/464
vt 0.749270 0.662107
vt 0.831434 0.662107
vt 0.831434 0.550234
vt 0.749270 0.550234
f 468/1109/468 471/1110/471 470/1111/470 466/1112/466
vt 0.831434 0.550234
vt 0.913599 0.550234
vt 0.913599 0.440376
vt 0.831434 0.440376
f 470/1113/470 474/1114/474 472/1115/472 469/1116/469
vt 0.831434 0.662107
vt 0.913599 0.662107
vt 0.913599 0.550234
vt 0.831434 0.550234
f 471/1117/471 475/1118/475 474/1119/474 470/1120/470
vt 0.913599 0.550234
vt 0.995763 0.550234
vt 0.995763 0.440376
vt 0.913599 0.440376
f 474/1121/474 477/1122/477 476/1123/476 472/1124/472
vt 0.913599 0.662107
vt 0.995763 0.662107
vt 0.995763 0.550234
vt 0.913599 0.550234
f 475/1125/475 478/1126/478 477/1127/477 474/1128/474
vt 0.667105 0.550234
vt 0.749270 0.550234
vt 0.749270 0.440376
vt 0.667105 0.440376
f 481/1129/481 482/1130/482 480/1131/480 479/1132/479
vt 0.667105 0.662107
vt 0.749270 0.662107
vt 0.749270 0.550234
vt 0.667105 0.550234
f 483/1133/483 484/1134/484 482/1135/482 481/1136/481
vt 0.749270 0.550234
vt 0.831434 0.550234
vt 0.831434 0.440376
vt 0.749270 0.440376
f 482/1137/482 486/1138/486 485/1139/485 480/1140/480
vt 0.749270 0.662107
vt 0.831434 0.662107
vt 0.831434 0.550234
vt 0.749270 0.550234
f 484/1141/484 487/1142/487 486/1143/486 482/1144/482
vt 0.831434 0.550234
vt 0.913599 0.550234
vt 0.913599 0.440376
vt 0.831434 0.440376
f 486/1145/486 489/1146/489 488/1147/488 485/1148/485
vt 0.831434 0.662107
vt 0.913599 0.662107
vt 0.913599 0.550234
vt 0.831434 0.550234
f 487/1149/487 490/1150/490 489/1151/489 486/1152/486
vt 0.913599 0.550234
vt 0.995763 0.550234
vt 0.995763 0.440376
vt 0.913599 0.440376
f 489/1153/489 492/1154/492 491/1155/491 488/1156/488
vt 0.913599 0.662107
vt 0.995763 0.662107
vt 0.995763 0.550234
vt 0.913599 0.550234
f 490/1157/490 493/1158/493 492/1159/492 489/1160/489
vt 0.667105 0.550234
vt 0.749270 0.550234
vt 0.749270 0.440376
vt 0.667105 0.440376
f 497/1161/497 498/1162/498 495/1163/495 494/1164/494
vt 0.667105 0.662107
vt 0.749270 0.662107
vt 0.749270 0.550234
vt 0.667105 0.550234
f 499/1165/499 500/1166/500 498/1167/498 497/1168/497
vt 0.667105 0.550234
vt 0.749270 0.550234
vt 0.749270 0.440376
vt 0.667105 0.440376
f 503/1169/503 504/1170/504 502/1171/502 501/1172/501
vt 0.667105 0.662107
vt 0.749270 0.662107
vt 0.749270 0.550234
vt 0.667105 0.550234
f 505/1173/505 506/1174/506 504/1175/504 503/1176/503
vt 0.749270 0.550234
vt 0.831434 0.550234
vt 0.831434 0.440376
vt 0.749270 0.440376
f 504/1177/504 508/1178/508 507/1179/507 502/1180/502
vt 0.749270 0.662107
vt 0.831434 0.662107
vt 0.831434 0.550234
vt 0.749270 0.550234
f 506/1181/506 509/1182/509 508/1183/508 504/1184/504
vt 0.831434 0.550234
vt 0.913598 0.550234
vt 0.913598 0.440376
vt 0.831434 0.440376
f 508/1185/508 438/1186/438 433/1187/433 507/1188/507
vt 0.831434 0.662107
vt 0.913598 0.662107
vt 0.913598 0.550234
vt 0.831434 0.550234
f 509/1189/509 442/1190/442 438/1191/438 508/1192/508
vt 0.522048 0.321874
vt 0.522048 0.016450
vt 0.538158 0.016450
vt 0.538158 0.321874
f 510/1193/510 511/1194/511 512/1195/512 513/1196/513
vt 0.538158 0.321874
vt 0.538158 0.016450
vt 0.651381 0.016450
vt 0.651381 0.321874
f 517/1197/517 518/1198/518 519/1199/519 520/1200/520
vt 0.728710 0.311290
vt 0.728710 0.301706
vt 0.960974 0.301706
vt 0.960974 0.311290
f 521/1201/521 522/1202/522 523/1203/523 524/1204/524
vt 0.651381 0.321874
vt 0.651381 0.016450
vt 0.667008 0.015428
vt 0.667008 0.320853
f 525/1205/525 526/1206/526 527/1207/527 528/1208/528
vt 0.185529 0.314427
vt 0.185529 0.024261
vt 0.496749 0.024261
vt 0.496749 0.314427
f 532/1209/532 533/1210/533 534/1211/534 535/1212/535
vt 0.953319 0.286956
vt 0.984889 0.286915
vt 0.984889 0.030947
vt 0.953319 0.030988
f 536/1213/536 537/1214/537 538/1215/538 539/1216/539
vt 0.497123 0.312804
vt 0.497123 0.016382
vt 0.464129 0.017374
vt 0.464129 0.313796
f 540/1217/540 541/1218/541 542/1219/542 543/1220/543
vt 0.956318 0.012992
vt 0.956318 0.027155
vt 0.722585 0.027155
vt 0.722585 0.012992
f 547/1221/547 548/1222/548 549/1223/549 550/1224/550
vt 0.464129 0.313796
vt 0.464129 0.017374
vt 0.225073 0.017374
vt 0.225073 0.313796
f 551/1225/551 552/1226/552 553/1227/553 554/1228/554
vt 0.953319 0.017437
vt 0.724580 0.017437
vt 0.724580 0.030988
vt 0.953319 0.030988
f 555/1229/555 556/1230/556 557/1231/557 558/1232/558
vt 0.225073 0.017374
vt 0.191059 0.017374
vt 0.191059 0.313796
vt 0.225073 0.313796
f 562/1233/562 563/1234/563 564/1235/564 565/1236/565
vt 0.724580 0.030988
vt 0.724580 0.286956
vt 0.953319 0.286956
vt 0.953319 0.030988
f 569/1237/569 570/1238/570 571/1239/571 572/1240/572
vt 0.722585 0.027155
vt 0.956318 0.027155
vt 0.956318 0.294696
vt 0.722585 0.294696
f 573/1241/573 574/1242/574 575/1243/575 576/1244/576
vt 0.722585 0.294696
vt 0.689329 0.294696
vt 0.689329 0.027155
vt 0.722585 0.027155
f 577/1245/577 578/1246/578 579/1247/579 580/1248/580
vt 0.956318 0.308859
vt 0.722585 0.308859
vt 0.722585 0.294696
vt 0.956318 0.294696
f 584/1249/584 585/1250/585 586/1251/586 587/1252/587
vt 0.988577 0.027113
vt 0.988577 0.294653
vt 0.956318 0.294696
vt 0.956318 0.027155
f 591/1253/591 592/1254/592 593/1255/593 594/1256/594
vt 0.185529 0.314427
vt 0.185529 0.024261
vt 0.496749 0.024261
vt 0.496749 0.314427
f 598/1257/598 599/1258/599 600/1259/600 601/1260/601
vt 0.724580 0.030988
vt 0.692035 0.030988
vt 0.692035 0.286956
vt 0.724580 0.286956
f 602/1261/602 603/1262/603 604/1263/604 605/1264/605
vt 0.667105 0.883839
vt 0.749270 0.883839
vt 0.749270 0.773980
vt 0.667105 0.773980
f 608/1265/608 607/1266/607 635/1267/635 636/1268/636
vt 0.667105 0.773980
vt 0.749270 0.773980
vt 0.749270 0.662107
vt 0.667105 0.662107
f 636/1269/636 635/1270/635 638/1271/638 639/1272/639
vt 0.995763 0.773980
vt 0.913598 0.773980
vt 0.913598 0.883839
vt 0.995763 0.883839
f 640/1273/640 641/1274/641 634/1275/634 637/1276/637
vt 0.995763 0.662107
vt 0.913598 0.662107
vt 0.913598 0.773980
vt 0.995763 0.773980
f 642/1277/642 643/1278/643 641/1279/641 640/1280/640
vt 0.749270 0.883839
vt 0.831434 0.883839
vt 0.831434 0.773980
vt 0.749270 0.773980
f 607/1281/607 610/1282/610 644/1283/644 635/1284/635
vt 0.749270 0.773980
vt 0.831434 0.773980
vt 0.831434 0.662107
vt 0.749270 0.662107
f 635/1285/635 644/1286/644 645/1287/645 638/1288/638
vt 0.007299 0.338753
vt 0.089775 0.338753
vt 0.089775 0.662107
vt 0.007299 0.662107
f 646/1289/646 647/1290/647 648/1291/648 649/1292/649
vt 0.831434 0.883839
vt 0.913599 0.883839
vt 0.913599 0.773980
vt 0.831434 0.773980
f 610/1293/610 612/1294/612 650/1295/650 644/1296/644
vt 0.831434 0.773980
vt 0.913599 0.773980
vt 0.913599 0.662107
vt 0.831434 0.662107
f 644/1297/644 650/1298/650 651/1299/651 645/1300/645
vt 0.089775 0.338753
vt 0.172250 0.338753
vt 0.172250 0.662107
vt 0.089775 0.662107
f 647/1301/647 652/1302/652 653/1303/653 648/1304/648
vt 0.913599 0.883839
vt 0.995763 0.883839
vt 0.995763 0.773980
vt 0.913599 0.773980
f 612/1305/612 614/1306/614 654/1307/654 650/1308/650
vt 0.913599 0.773980
vt 0.995763 0.773980
vt 0.995763 0.662107
vt 0.913599 0.662107
f 650/1309/650 654/1310/654 655/1311/655 651/1312/651
vt 0.172250 0.338753
vt 0.254726 0.338753
vt 0.254726 0.662107
vt 0.172250 0.662107
f 652/1313/652 656/1314/656 657/1315/657 653/1316/653
vt 0.667105 0.883839
vt 0.749270 0.883839
vt 0.749270 0.773980
vt 0.667105 0.773980
f 616/1317/616 615/1318/615 658/1319/658 659/1320/659
vt 0.667105 0.773980
vt 0.749270 0.773980
vt 0.749270 0.662107
vt 0.667105 0.662107
f 659/1321/659 658/1322/658 660/1323/660 661/1324/661
vt 0.254726 0.338753
vt 0.337202 0.338753
vt 0.337202 0.662107
vt 0.254726 0.662107
f 656/1325/656 662/1326/662 663/1327/663 657/1328/657
vt 0.667105 0.883839
vt 0.749270 0.883839
vt 0.749270 0.773980
vt 0.667105 0.773980
f 618/1329/618 617/1330/617 664/1331/664 665/1332/665
vt 0.667105 0.773980
vt 0.749270 0.773980
vt 0.749270 0.662107
vt 0.667105 0.662107
f 665/1333/665 664/1334/664 666/1335/666 667/1336/667
vt 0.337202 0.338753
vt 0.419678 0.338753
vt 0.419678 0.662107
vt 0.337202 0.662107
f 662/1337/662 668/1338/668 669/1339/669 663/1340/663
vt 0.749270 0.883839
vt 0.831434 0.883839
vt 0.831434 0.773980
vt 0.749270 0.773980
f 617/1341/617 619/1342/619 670/1343/670 664/1344/664
vt 0.749270 0.773980
vt 0.831434 0.773980
vt 0.831434 0.662107
vt 0.749270 0.662107
f 664/1345/664 670/1346/670 671/1347/671 666/1348/666
vt 0.419678 0.338753
vt 0.502154 0.338753
vt 0.502154 0.662107
vt 0.419678 0.662107
f 668/1349/668 672/1350/672 673/1351/673 669/1352/669
vt 0.831434 0.883839
vt 0.913599 0.883839
vt 0.913599 0.773980
vt 0.831434 0.773980
f 619/1353/619 621/1354/621 674/1355/674 670/1356/670
vt 0.831434 0.773980
vt 0.913599 0.773980
vt 0.913599 0.662107
vt 0.831434 0.662107
f 670/1357/670 674/1358/674 675/1359/675 671/1360/671
vt 0.502154 0.338753
vt 0.584629 0.338753
vt 0.584629 0.662107
vt 0.502154 0.662107
f 672/1361/672 676/1362/676 677/1363/677 673/1364/673
vt 0.913599 0.883839
vt 0.995763 0.883839
vt 0.995763 0.773980
vt 0.913599 0.773980
f 621/1365/621 622/1366/622 678/1367/678 674/1368/674
vt 0.913599 0.773980
vt 0.995763 0.773980
vt 0.995763 0.662107
vt 0.913599 0.662107
f 674/1369/674 678/1370/678 679/1371/679 675/1372/675
vt 0.584629 0.338753
vt 0.667105 0.338753
vt 0.667105 0.662107
vt 0.584629 0.662107
f 676/1373/676 680/1374/680 681/1375/681 677/1376/677
vt 0.667105 0.883839
vt 0.749270 0.883839
vt 0.749270 0.773980
vt 0.667105 0.773980
f 624/1377/624 623/1378/623 682/1379/682 683/1380/683
vt 0.667105 0.773980
vt 0.749270 0.773980
vt 0.749270 0.662107
vt 0.667105 0.662107
f 683/1381/683 682/1382/682 684/1383/684 685/1384/685
vt 0.007299 0.662107
vt 0.089775 0.662107
vt 0.089775 0.985462
vt 0.007299 0.985462
f 686/1385/686 687/1386/687 688/1387/688 689/1388/689
vt 0.749270 0.883839
vt 0.831434 0.883839
vt 0.831434 0.773980
vt 0.749270 0.773980
f 623/1389/623 625/1390/625 690/1391/690 682/1392/682
vt 0.749270 0.773980
vt 0.831434 0.773980
vt 0.831434 0.662107
vt 0.749270 0.662107
f 682/1393/682 690/1394/690 691/1395/691 684/1396/684
vt 0.089775 0.662107
vt 0.172250 0.662107
vt 0.172250 0.985462
vt 0.089775 0.985462
f 687/1397/687 692/1398/692 693/1399/693 688/1400/688
vt 0.831434 0.883839
vt 0.913599 0.883839
vt 0.913599 0.773980
vt 0.831434 0.773980
f 625/1401/625 626/1402/626 694/1403/694 690/1404/690
vt 0.831434 0.773980
vt 0.913599 0.773980
vt 0.913599 0.662107
vt 0.831434 0.662107
f 690/1405/690 694/1406/694 695/1407/695 691/1408/691
vt 0.172250 0.662107
vt 0.254726 0.662107
vt 0.254726 0.985462
vt 0.172250 0.985462
f 692/1409/692 696/1410/696 697/1411/697 693/1412/693
vt 0.913599 0.883839
vt 0.995763 0.883839
vt 0.995763 0.773980
vt 0.913599 0.773980
f 626/1413/626 627/1414/627 698/1415/698 694/1416/694
vt 0.913599 0.773980
vt 0.995763 0.773980
vt 0.995763 0.662107
vt 0.913599 0.662107
f 694/1417/694 698/1418/698 699/1419/699 695/1420/695
vt 0.254726 0.662107
vt 0.337202 0.662107
vt 0.337202 0.985462
vt 0.254726 0.985462
f 696/1421/696 700/1422/700 701/1423/701 697/1424/697
vt 0.667105 0.883839
vt 0.749270 0.883839
vt 0.749270 0.773980
vt 0.667105 0.773980
f 630/1425/630 629/1426/629 702/1427/702 703/1428/703
vt 0.667105 0.773980
vt 0.749270 0.773980
vt 0.749270 0.662107
vt 0.667105 0.662107
f 703/1429/703 702/1430/702 704/1431/704 705/1432/705
vt 0.337202 0.662107
vt 0.419678 0.662107
vt 0.419678 0.985462
vt 0.337202 0.985462
f 700/1433/700 706/1434/706 707/1435/707 701/1436/701
vt 0.667105 0.883839
vt 0.749270 0.883839
vt 0.749270 0.773980
vt 0.667105 0.773980
f 632/1437/632 631/1438/631 708/1439/708 709/1440/709
vt 0.667105 0.773980
vt 0.749270 0.773980
vt 0.749270 0.662107
vt 0.667105 0.662107
f 709/1441/709 708/1442/708 710/1443/710 711/1444/711
vt 0.419678 0.662107
vt 0.502154 0.662107
vt 0.502154 0.985462
vt 0.419678 0.985462
f 706/1445/706 712/1446/712 713/1447/713 707/1448/707
vt 0.749270 0.883839
vt 0.831434 0.883839
vt 0.831434 0.773980
vt 0.749270 0.773980
f 631/1449/631 633/1450/633 714/1451/714 708/1452/708
vt 0.749270 0.773980
vt 0.831434 0.773980
vt 0.831434 0.662107
vt 0.749270 0.662107
f 708/1453/708 714/1454/714 715/1455/715 710/1456/710
vt 0.502154 0.662107
vt 0.584630 0.662107
vt 0.584630 0.985462
vt 0.502154 0.985462
f 712/1457/712 716/1458/716 717/1459/717 713/1460/713
vt 0.831434 0.883839
vt 0.913598 0.883839
vt 0.913598 0.773980
vt 0.831434 0.773980
f 633/1461/633 634/1462/634 641/1463/641 714/1464/714
vt 0.831434 0.773980
vt 0.913598 0.773980
vt 0.913598 0.662107
vt 0.831434 0.662107
f 714/1465/714 641/1466/641 643/1467/643 715/1468/715
vt 0.584630 0.662107
vt 0.667105 0.662107
vt 0.667105 0.985462
vt 0.584630 0.985462
f 716/1469/716 718/1470/718 719/1471/719 717/1472/717
vt 0.995763 0.440376
vt 0.913598 0.440376
vt 0.913598 0.550234
vt 0.995763 0.550234
f 722/1473/722 721/1474/721 726/1475/726 727/1476/727
vt 0.667105 0.550234
vt 0.749270 0.550234
vt 0.749270 0.440376
vt 0.667105 0.440376
f 728/1477/728 729/1478/729 724/1479/724 723/1480/723
vt 0.995763 0.550234
vt 0.913598 0.550234
vt 0.913598 0.662107
vt 0.995763 0.662107
f 727/1481/727 726/1482/726 730/1483/730 731/1484/731
vt 0.667105 0.662107
vt 0.749270 0.662107
vt 0.749270 0.550234
vt 0.667105 0.550234
f 732/1485/732 733/1486/733 729/1487/729 728/1488/728
vt 0.749270 0.550234
vt 0.831434 0.550234
vt 0.831434 0.440376
vt 0.749270 0.440376
f 729/1489/729 736/1490/736 734/1491/734 724/1492/724
vt 0.749270 0.662107
vt 0.831434 0.662107
vt 0.831434 0.550234
vt 0.749270 0.550234
f 733/1493/733 737/1494/737 736/1495/736 729/1496/729
vt 0.831434 0.550234
vt 0.913599 0.550234
vt 0.913599 0.440376
vt 0.831434 0.440376
f 736/1497/736 740/1498/740 738/1499/738 734/1500/734
vt 0.831434 0.662107
vt 0.913599 0.662107
vt 0.913599 0.550234
vt 0.831434 0.550234
f 737/1501/737 741/1502/741 740/1503/740 736/1504/736
vt 0.913599 0.550234
vt 0.995763 0.550234
vt 0.995763 0.440376
vt 0.913599 0.440376
f 740/1505/740 743/1506/743 742/1507/742 738/1508/738
vt 0.913599 0.662107
vt 0.995763 0.662107
vt 0.995763 0.550234
vt 0.913599 0.550234
f 741/1509/741 744/1510/744 743/1511/743 740/1512/740
vt 0.667105 0.550234
vt 0.749270 0.550234
vt 0.749270 0.440376
vt 0.667105 0.440376
f 747/1513/747 748/1514/748 746/1515/746 745/1516/745
vt 0.667105 0.662107
vt 0.749270 0.662107
vt 0.749270 0.550234
vt 0.667105 0.550234
f 749/1517/749 750/1518/750 748/1519/748 747/1520/747
vt 0.667105 0.550234
vt 0.749270 0.550234
vt 0.749270 0.440376
vt 0.667105 0.440376
f 753/1521/753 754/1522/754 752/1523/752 751/1524/751
vt 0.667105 0.662107
vt 0.749270 0.662107
vt 0.749270 0.550234
vt 0.667105 0.550234
f 755/1525/755 756/1526/756 754/1527/754 753/1528/753
vt 0.749270 0.550234
vt 0.831434 0.550234
vt 0.831434 0.440376
vt 0.749270 0.440376
f 754/1529/754 758/1530/758 757/1531/757 752/1532/752
vt 0.749270 0.662107
vt 0.831434 0.662107
vt 0.831434 0.550234
vt 0.749270 0.550234
f 756/1533/756 759/1534/759 758/1535/758 754/1536/754
vt 0.831434 0.550234
vt 0.913599 0.550234
vt 0.913599 0.440376
vt 0.831434 0.440376
f 758/1537/758 762/1538/762 760/1539/760 757/1540/757
vt 0.831434 0.662107
vt 0.913599 0.662107
vt 0.913599 0.550234
vt 0.831434 0.550234
f 759/1541/759 763/1542/763 762/1543/762 758/1544/758
vt 0.913599 0.550234
vt 0.995763 0.550234
vt 0.995763 0.440376
vt 0.913599 0.440376
f 762/1545/762 765/1546/765 764/1547/764 760/1548/760
vt 0.913599 0.662107
vt 0.995763 0.662107
vt 0.995763 0.550234
vt 0.913599 0.550234
f 763/1549/763 766/1550/766 765/1551/765 762/1552/762
vt 0.667105 0.550234
vt 0.749270 0.550234
vt 0.749270 0.440376
vt 0.667105 0.440376
f 769/1553/769 770/1554/770 768/1555/768 767/1556/767
vt 0.667105 0.662107
vt 0.749270 0.662107
vt 0.749270 0.550234
vt 0.667105 0.550234
f 771/1557/771 772/1558/772 770/1559/770 769/1560/769
vt 0.749270 0.550234
vt 0.831434 0.550234
vt 0.831434 0.440376
vt 0.749270 0.440376
f 770/1561/770 774/1562/774 773/1563/773 768/1564/768
vt 0.749270 0.662107
vt 0.831434 0.662107
vt 0.831434 0.550234
vt 0.749270 0.550234
f 772/1565/772 775/1566/775 774/1567/774 770/1568/770
vt 0.831434 0.550234
vt 0.913599 0.550234
vt 0.913599 0.440376
vt 0.831434 0.440376
f 774/1569/774 777/1570/777 776/1571/776 773/1572/773
vt 0.831434 0.662107
vt 0.913599 0.662107
vt 0.913599 0.550234
vt 0.831434 0.550234
f 775/1573/775 778/1574/778 777/1575/777 774/1576/774
vt 0.913599 0.550234
vt 0.995763 0.550234
vt 0.995763 0.440376
vt 0.913599 0.440376
f 777/1577/777 780/1578/780 779/1579/779 776/1580/776
vt 0.913599 0.662107
vt 0.995763 0.662107
vt 0.995763 0.550234
vt 0.913599 0.550234
f 778/1581/778 781/1582/781 780/1583/780 777/1584/777
vt 0.667105 0.550234
vt 0.749270 0.550234
vt 0.749270 0.440376
vt 0.667105 0.440376
f 785/1585/785 786/1586/786 783/1587/783 782/1588/782
vt 0.667105 0.662107
vt 0.749270 0.662107
vt 0.749270 0.550234
vt 0.667105 0.550234
f 787/1589/787 788/1590/788 786/1591/786 785/1592/785
vt 0.667105 0.550234
vt 0.749270 0.550234
vt 0.749270 0.440376
vt 0.667105 0.440376
f 791/1593/791 792/1594/792 790/1595/790 789/1596/789
vt 0.667105 0.662107
vt 0.749270 0.662107
vt 0.749270 0.550234
vt 0.667105 0.550234
f 793/1597/793 794/1598/794 792/1599/792 791/1600/791
vt 0.749270 0.550234
vt 0.831434 0.550234
vt 0.831434 0.440376
vt 0.749270 0.440376
f 792/1601/792 796/1602/796 795/1603/795 790/1604/790
vt 0.749270 0.662107
vt 0.831434 0.662107
vt 0.831434 0.550234
vt 0.749270 0.550234
f 794/1605/794 797/1606/797 796/1607/796 792/1608/792
vt 0.831434 0.550234
vt 0.913598 0.550234
vt 0.913598 0.440376
vt 0.831434 0.440376
f 796/1609/796 726/1610/726 721/1611/721 795/1612/795
vt 0.831434 0.662107
vt 0.913598 0.662107
vt 0.913598 0.550234
vt 0.831434 0.550234
f 797/1613/797 730/1614/730 726/1615/726 796/1616/796
vt 0.522048 0.321874
vt 0.522048 0.016450
vt 0.538158 0.016450
vt 0.538158 0.321874
f 798/1617/798 799/1618/799 800/1619/800 801/1620/801
vt 0.538158 0.321874
vt 0.538158 0.016450
vt 0.651381 0.016450
vt 0.651381 0.321874
f 805/1621/805 806/1622/806 807/1623/807 808/1624/808
vt 0.728710 0.311290
vt 0.728710 0.301706
vt 0.960974 0.301706
vt 0.960974 0.311290
f 809/1625/809 810/1626/810 811/1627/811 812/1628/812
vt 0.651381 0.321874
vt 0.651381 0.016450
vt 0.667008 0.015428
vt 0.667008 0.320853
f 813/1629/813 814/1630/814 815/1631/815 816/1632/816
vt 0.185529 0.314427
vt 0.185529 0.024261
vt 0.496749 0.024261
vt 0.496749 0.314427
f 820/1633/820 821/1634/821 822/1635/822 823/1636/823
vt 0.953319 0.286956
vt 0.984889 0.286915
vt 0.984889 0.030947
vt 0.953319 0.030988
f 824/1637/824 825/1638/825 826/1639/826 827/1640/827
vt 0.497123 0.312804
vt 0.497123 0.016382
vt 0.464129 0.017374
vt 0.464129 0.313796
f 828/1641/828 829/1642/829 830/1643/830 831/1644/831
vt 0.956318 0.012992
vt 0.956318 0.027155
vt 0.722585 0.027155
vt 0.722585 0.012992
f 835/1645/835 836/1646/836 837/1647/837 838/1648/838
vt 0.464129 0.313796
vt 0.464129 0.017374
vt 0.225073 0.017374
vt 0.225073 0.313796
f 839/1649/839 840/1650/840 841/1651/841 842/1652/842
vt 0.953319 0.017437
vt 0.724580 0.017437
vt 0.724580 0.030988
vt 0.953319 0.030988
f 843/1653/843 844/1654/844 845/1655/845 846/1656/846
vt 0.225073 0.017374
vt 0.191059 0.017374
vt 0.191059 0.313796
vt 0.225073 0.313796
f 850/1657/850 851/1658/851 852/1659/852 853/1660/853
vt 0.724580 0.030988
vt 0.724580 0.286956
vt 0.953319 0.286956
vt 0.953319 0.030988
f 857/1661/857 858/1662/858 859/1663/859 860/1664/860
vt 0.722585 0.027155
vt 0.956318 0.027155
vt 0.956318 0.294696
vt 0.722585 0.294696
f 861/1665/861 862/1666/862 863/1667/863 864/1668/864
usemtl tex1_0
v 25.369423 -73.144073 -315.311981
vn -0.613028 0.006798 0.790032
v 32.818592 -73.226685 -309.531067
vn -0.613028 0.006798 0.790032
v 31.258131 -213.937744 -309.531067
vn -0.613028 0.006798 0.790032
v 23.808960 -213.855133 -315.311981
vn -0.613028 0.006798 0.790032
v 25.452034 -65.694946 -309.531067
vn -0.528426 -0.516837 0.673533
v 32.818592 -73.226685 -309.531067
vn -0.528426 -0.516837 0.673533
v 25.369423 -73.144073 -315.311981
vn -0.528426 -0.516837 0.673533
v -26.902662 -65.114349 -309.531067
vn -0.006798 -0.613030 0.790031
v 25.452034 -65.694946 -309.531067
vn -0.006798 -0.613030 0.790031
v 25.369423 -73.144073 -315.311981
vn -0.006798 -0.613030 0.790031
v -26.985273 -72.563477 -315.311981
vn -0.006798 -0.613030 0.790031
v -34.211437 -72.505676 -310.083313
vn 0.491581 -0.537295 0.685319
v -26.902662 -65.114349 -309.531067
vn 0.491581 -0.537295 0.685319
v -26.985273 -72.563477 -315.311981
vn 0.491581 -0.537295 0.685319
v -35.771900 -213.216705 -310.083313
vn 0.586164 -0.006500 0.810166
v -34.211437 -72.505676 -310.083313
vn 0.586164 -0.006500 0.810166
v -26.985273 -72.563477 -315.311981
vn 0.586164 -0.006500 0.810166
v -28.545736 -213.274536 -315.311981
vn 0.586164 -0.006500 0.810166
v -28.628344 -220.723709 -309.531067
vn 0.500909 0.527155 0.686439
v -35.771900 -213.216705 -310.083313
vn 0.500909 0.527155 0.686439
v -28.545736 -213.274536 -315.311981
vn 0.500909 0.527155 0.686439
v 31.258139 -213.937744 -144.477356
vn -0.999938 0.011089 0.000000
v 31.258131 -213.937744 -309.531067
vn -0.999938 0.011089 0.000000
v 32.818592 -73.226685 -309.531067
vn -0.999938 0.011089 0.000000
v 32.818600 -73.226685 -144.477356
vn -0.999938 0.011089 0.000000
v 23.808971 -213.855133 -138.696442
vn -0.613028 0.006798 -0.790032
v 31.258139 -213.937744 -144.477356
vn -0.613028 0.006798 -0.790032
v 32.818600 -73.226685 -144.477356
vn -0.613028 0.006798 -0.790032
v 25.369434 -73.144073 -138.696442
vn -0.613028 0.006798 -0.790032
v -2.052888 -185.115494 -304.604218
vn 0.031520 0.005198 0.999490
v -13.362433 -152.936905 -302.423859
vn 0.042232 -0.120160 0.991856
v -1.674662 -151.009415 -302.423859
vn 0.021039 -0.127575 0.991606
v -2.052888 -185.115494 -304.604218
vn 0.000000 0.000000 1.000000
v -23.686106 -158.745605 -302.423859
vn 0.080782 -0.098470 0.991856
v -2.052888 -185.115494 -304.604218
vn -0.000000 -0.000000 1.000000
v -31.400496 -167.734894 -302.423859
vn 0.109589 -0.064902 0.991856
v -2.052888 -185.115494 -304.604218
vn 0.000000 0.000000 1.000000
v -35.575127 -178.820557 -302.423859
vn 0.121003 -0.045567 0.991606
v -35.706482 -190.665466 -302.423859
vn 0.129290 -0.001434 0.991606
v -35.575127 -178.820557 -302.423859
vn 0.129290 -0.001434 0.991606
v -31.778721 -201.840973 -302.423859
vn 0.111001 0.062456 0.991856
v -35.706482 -190.665466 -302.423859
vn 0.121983 0.042872 0.991606
v -24.265577 -210.999146 -302.423859
vn 0.082946 0.096654 0.991856
v -2.052888 -185.115494 -304.604218
vn 0.000000 0.000000 1.000000
v -14.073261 -217.035355 -302.423859
vn 0.044886 0.119194 0.991856
v -2.431112 -219.221573 -302.423859
vn 0.023863 0.127077 0.991606
v 9.256665 -217.294052 -302.423859
vn -0.042232 0.120160 0.991856
v -2.431112 -219.221573 -302.423859
vn -0.021039 0.127575 0.991606
v 19.580334 -211.485382 -302.423859
vn -0.080782 0.098470 0.991856
v 27.294720 -202.496094 -302.423859
vn -0.109589 0.064902 0.991856
v 31.469355 -191.410431 -302.423859
vn -0.121003 0.045567 0.991606
v -2.052888 -185.115494 -304.604218
vn -0.062944 -0.010380 0.997963
v 31.600708 -179.565521 -302.423859
vn -0.129290 0.001434 0.991606
v 31.469355 -191.410431 -302.423859
vn -0.129290 0.001434 0.991606
v 27.672947 -168.390015 -302.423859
vn -0.111001 -0.062456 0.991856
v 31.600708 -179.565521 -302.423859
vn -0.121983 -0.042872 0.991606
v 20.159800 -159.231842 -302.423859
vn -0.082946 -0.096654 0.991856
v 9.967483 -153.195633 -302.423859
vn -0.044886 -0.119194 0.991856
v -24.478470 -121.308929 -295.920105
vn 0.083843 -0.238555 0.967503
v -1.302907 -117.486923 -295.920105
vn 0.041738 -0.253087 0.966543
v -1.674662 -151.009415 -302.423859
vn -0.023863 -0.127077 0.991606
v -35.210796 -90.772705 -285.204224
vn 0.104213 -0.296514 0.949326
v -0.943984 -85.121582 -285.204224
vn 0.051851 -0.314407 0.947871
v -1.302907 -117.486923 -295.920105
vn -0.047340 -0.252100 0.966543
v 21.782179 -121.821945 -295.920105
vn -0.089113 -0.236637 0.967503
v -0.943984 -85.121582 -285.204224
vn -0.058810 -0.313180 0.947871
v 33.189053 -91.531250 -285.204224
vn -0.110764 -0.294130 0.949326
v -44.949173 -132.826935 -295.920105
vn 0.160377 -0.195492 0.967503
v -65.478264 -107.802933 -285.204224
vn 0.199342 -0.242989 0.949326
v -35.210796 -90.772705 -285.204224
vn 0.490366 -0.871517 0.000000
v -65.478264 -107.802933 -285.204224
vn 0.634253 -0.773125 0.000000
v -65.478264 -107.802933 -168.804214
vn 0.634253 -0.773125 0.000000
v -35.210789 -90.772705 -168.804214
vn 0.490366 -0.871517 0.000000
v -60.245953 -150.651703 -295.920105
vn 0.217568 -0.128850 0.967503
v -88.095718 -134.158203 -285.204224
vn 0.270427 -0.160156 0.949326
v -88.095718 -134.158203 -285.204224
vn 0.860427 -0.509573 0.000000
v -88.095718 -134.158203 -168.804214
vn 0.860427 -0.509573 0.000000
v -68.523796 -172.633331 -295.920105
vn 0.240049 -0.090398 0.966543
v -100.335121 -166.659668 -285.204224
vn 0.298209 -0.112300 0.947871
v -100.335121 -166.659668 -285.204224
vn 0.982822 -0.184558 0.000000
v -100.335121 -166.659668 -168.804199
vn 0.982822 -0.184558 0.000000
v -68.784256 -196.120483 -295.920105
vn 0.256490 -0.002844 0.966543
v -68.523796 -172.633331 -295.920105
vn 0.256490 -0.002844 0.966543
v -100.720230 -201.387207 -285.204224
vn 0.318634 -0.003533 0.947871
v -100.335121 -166.659668 -285.204224
vn 0.318634 -0.003533 0.947871
v -100.720230 -201.387207 -285.204224
vn 0.986673 0.162717 0.000000
v -100.720230 -201.387207 -168.804199
vn 0.986673 0.162717 0.000000
v -60.995930 -218.280273 -295.920105
vn 0.220371 0.123994 0.967503
v -68.784256 -196.120483 -295.920105
vn 0.241995 0.085052 0.966543
v -89.204613 -234.152100 -285.204224
vn 0.273912 0.154119 0.949326
v -100.720230 -201.387207 -285.204224
vn 0.300627 0.105659 0.947871
v -89.204613 -234.152100 -285.204224
vn 0.871517 0.490366 0.000000
v -89.204613 -234.152100 -168.804214
vn 0.871517 0.490366 0.000000
v -46.098194 -236.439880 -295.920105
vn 0.164673 0.191888 0.967503
v -67.177193 -261.002533 -285.204224
vn 0.204681 0.238508 0.949326
v -67.177193 -261.002533 -285.204224
vn 0.651242 0.758870 -0.000000
v -67.177193 -261.002533 -168.804214
vn 0.651242 0.758870 -0.000000
v -25.887960 -248.409027 -295.920105
vn 0.089113 0.236637 0.967503
v -37.294834 -278.699738 -285.204224
vn 0.110764 0.294130 0.949326
v -37.294834 -278.699738 -285.204224
vn 0.352419 0.935842 -0.000000
v -37.294827 -278.699738 -168.804214
vn 0.352419 0.935842 -0.000000
v -2.802863 -252.744064 -295.920105
vn 0.047341 0.252100 0.966543
v -3.161782 -285.109406 -285.204224
vn 0.058810 0.313180 0.947871
v -3.161782 -285.109406 -285.204224
vn 0.184559 0.982821 -0.000000
v -3.161775 -285.109406 -168.804214
vn 0.184559 0.982821 -0.000000
v 20.372709 -248.922058 -295.920105
vn -0.083843 0.238555 0.967503
v -2.802863 -252.744064 -295.920105
vn -0.041738 0.253087 0.966543
v 31.105043 -279.458282 -285.204224
vn -0.104213 0.296514 0.949326
v -3.161782 -285.109406 -285.204224
vn -0.051851 0.314407 0.947871
v -3.161782 -285.109406 -285.204224
vn -0.162717 0.986673 0.000000
v 31.105043 -279.458282 -285.204224
vn -0.331579 0.943428 0.000000
v 31.105051 -279.458282 -168.804214
vn -0.331579 0.943428 0.000000
v -3.161775 -285.109406 -168.804214
vn -0.162717 0.986673 0.000000
v 40.843407 -237.404053 -295.920105
vn -0.160377 0.195492 0.967503
v 61.372517 -262.428070 -285.204224
vn -0.199342 0.242989 0.949326
v 61.372517 -262.428070 -285.204224
vn -0.634253 0.773125 0.000000
v 61.372517 -262.428070 -168.804214
vn -0.634253 0.773125 0.000000
v 56.140179 -219.579285 -295.920105
vn -0.217568 0.128850 0.967503
v 83.989944 -236.072784 -285.204224
vn -0.270427 0.160156 0.949326
v 83.989944 -236.072784 -285.204224
vn -0.860428 0.509573 0.000000
v 83.989944 -236.072784 -168.804214
vn -0.860428 0.509573 0.000000
v 64.418015 -197.597656 -295.920105
vn -0.240049 0.090398 0.966543
v 96.229355 -203.571320 -285.204224
vn -0.298209 0.112300 0.947871
v 96.229355 -203.571320 -285.204224
vn -0.982822 0.184558 0.000000
v 96.229355 -203.571320 -168.804214
vn -0.982822 0.184558 0.000000
v 64.678474 -174.110474 -295.920105
vn -0.256490 0.002844 0.966543
v 64.418015 -197.597656 -295.920105
vn -0.256490 0.002844 0.966543
v 96.614456 -168.843750 -285.204224
vn -0.318634 0.003533 0.947871
v 96.229355 -203.571320 -285.204224
vn -0.318634 0.003533 0.947871
v 96.614456 -168.843750 -285.204224
vn -0.986673 -0.162717 0.000000
v 96.614456 -168.843750 -168.804214
vn -0.986673 -0.162717 0.000000
v 56.890160 -151.950714 -295.920105
vn -0.220371 -0.123994 0.967503
v 64.678474 -174.110474 -295.920105
vn -0.241995 -0.085052 0.966543
v 85.098846 -136.078888 -285.204224
vn -0.273912 -0.154119 0.949326
v 96.614456 -168.843750 -285.204224
vn -0.300626 -0.105659 0.947871
v 85.098846 -136.078888 -285.204224
vn -0.871517 -0.490366 0.000000
v 85.098846 -136.078888 -168.804214
vn -0.871517 -0.490366 0.000000
v 41.992416 -133.791107 -295.920105
vn -0.164673 -0.191888 0.967503
v 63.071423 -109.228500 -285.204224
vn -0.204682 -0.238508 0.949326
v 63.071423 -109.228500 -285.204224
vn -0.651242 -0.758870 0.000000
v 63.071423 -109.228500 -168.804214
vn -0.651242 -0.758870 0.000000
v 33.189053 -91.531250 -285.204224
vn -0.509572 -0.860428 0.000000
v 33.189060 -91.531250 -168.804214
vn -0.509572 -0.860428 0.000000
v -2.052880 -185.115494 -149.403259
vn 0.000000 0.000000 -1.000000
v 9.967490 -153.195633 -151.583618
vn -0.044886 -0.119194 -0.991856
v -1.674653 -151.009415 -151.583618
vn -0.023863 -0.127077 -0.991606
v -1.674653 -151.009415 -151.583618
vn 0.021039 -0.127575 -0.991606
v -13.362426 -152.936905 -151.583618
vn 0.042232 -0.120160 -0.991856
v -2.052880 -185.115494 -149.403259
vn 0.031520 0.005198 -0.999490
v 21.782187 -121.821945 -158.087372
vn -0.089113 -0.236637 -0.967503
v -1.302899 -117.486923 -158.087372
vn -0.047340 -0.252100 -0.966543
v -1.302899 -117.486923 -158.087372
vn 0.041738 -0.253087 -0.966543
v -24.478462 -121.308929 -158.087372
vn 0.083843 -0.238555 -0.967503
v 33.189060 -91.531250 -168.803253
vn -0.110763 -0.294130 -0.949326
v -0.943978 -85.121582 -168.803253
vn -0.058810 -0.313180 -0.947871
v -0.943978 -85.121582 -168.803253
vn 0.051851 -0.314407 -0.947871
v -35.210789 -90.772705 -168.803253
vn 0.104213 -0.296514 -0.949326
v -23.686098 -158.745605 -151.583618
vn 0.080782 -0.098470 -0.991856
v -2.052880 -185.115494 -149.403259
vn 0.000000 0.000000 -1.000000
v -44.949165 -132.826935 -158.087372
vn 0.160377 -0.195492 -0.967503
v -65.478264 -107.802933 -168.803253
vn 0.199342 -0.242989 -0.949326
v -31.400488 -167.734894 -151.583618
vn 0.109589 -0.064902 -0.991856
v -2.052880 -185.115494 -149.403259
vn -0.000000 -0.000000 -1.000000
v -60.245945 -150.651703 -158.087372
vn 0.217568 -0.128851 -0.967503
v -88.095718 -134.158203 -168.803253
vn 0.270427 -0.160156 -0.949326
v -35.575119 -178.820557 -151.583618
vn 0.121003 -0.045567 -0.991606
v -68.523781 -172.633331 -158.087372
vn 0.240049 -0.090398 -0.966543
v -100.335121 -166.659668 -168.803253
vn 0.298209 -0.112300 -0.947871
v -35.575119 -178.820557 -151.583618
vn 0.129290 -0.001434 -0.991606
v -35.706474 -190.665466 -151.583618
vn 0.129290 -0.001434 -0.991606
v -68.523781 -172.633331 -158.087372
vn 0.256490 -0.002844 -0.966543
v -68.784241 -196.120483 -158.087372
vn 0.256490 -0.002844 -0.966543
v -100.335121 -166.659668 -168.803253
vn 0.318634 -0.003533 -0.947871
v -100.720230 -201.387207 -168.803253
vn 0.318634 -0.003533 -0.947871
v -35.706474 -190.665466 -151.583618
vn 0.121983 0.042872 -0.991606
v -31.778713 -201.840973 -151.583618
vn 0.111001 0.062456 -0.991856
v -68.784241 -196.120483 -158.087372
vn 0.241995 0.085052 -0.966543
v -60.995922 -218.280273 -158.087372
vn 0.220372 0.123994 -0.967503
v -100.720230 -201.387207 -168.803253
vn 0.300626 0.105659 -0.947871
v -89.204613 -234.152100 -168.803253
vn 0.273912 0.154119 -0.949326
v -24.265570 -210.999146 -151.583618
vn 0.082946 0.096654 -0.991856
v -46.098186 -236.439880 -158.087372
vn 0.164673 0.191888 -0.967503
v -67.177193 -261.002533 -168.803253
vn 0.204681 0.238508 -0.949326
v -14.073254 -217.035355 -151.583618
vn 0.044886 0.119194 -0.991856
v -2.052880 -185.115494 -149.403259
vn -0.000000 -0.000000 -1.000000
v -25.887953 -248.409027 -158.087372
vn 0.089113 0.236637 -0.967503
v -37.294827 -278.699738 -168.803253
vn 0.110763 0.294130 -0.949326
v -2.431103 -219.221573 -151.583618
vn 0.023863 0.127077 -0.991606
v -2.802855 -252.744064 -158.087372
vn 0.047340 0.252100 -0.966543
v -3.161775 -285.109406 -168.803253
vn 0.058810 0.313180 -0.947871
v -2.431103 -219.221573 -151.583618
vn -0.021039 0.127575 -0.991606
v 9.256673 -217.294052 -151.583618
vn -0.042232 0.120160 -0.991856
v -2.802855 -252.744064 -158.087372
vn -0.041738 0.253087 -0.966543
v 20.372717 -248.922058 -158.087372
vn -0.083843 0.238555 -0.967503
v -3.161775 -285.109406 -168.803253
vn -0.051850 0.314407 -0.947871
v 31.105051 -279.458282 -168.803253
vn -0.104213 0.296514 -0.949326
v 19.580341 -211.485382 -151.583618
vn -0.080782 0.098470 -0.991856
v 40.843414 -237.404053 -158.087372
vn -0.160377 0.195492 -0.967503
v 61.372517 -262.428070 -168.803253
vn -0.199342 0.242989 -0.949326
v 27.294727 -202.496094 -151.583618
vn -0.109589 0.064902 -0.991856
v 56.140186 -219.579285 -158.087372
vn -0.217568 0.128850 -0.967503
v 83.989944 -236.072784 -168.803253
vn -0.270427 0.160156 -0.949326
v 31.469362 -191.410431 -151.583618
vn -0.121003 0.045567 -0.991606
v 64.418030 -197.597656 -158.087372
vn -0.240049 0.090398 -0.966543
v 96.229355 -203.571320 -168.803253
vn -0.298209 0.112300 -0.947871
v 31.469362 -191.410431 -151.583618
vn -0.129290 0.001434 -0.991606
v 31.600716 -179.565521 -151.583618
vn -0.129290 0.001434 -0.991606
v -2.052880 -185.115494 -149.403259
vn -0.062944 -0.010380 -0.997963
v 64.418030 -197.597656 -158.087372
vn -0.256490 0.002844 -0.966543
v 64.678490 -174.110474 -158.087372
vn -0.256490 0.002844 -0.966543
v 96.229355 -203.571320 -168.803253
vn -0.318634 0.003533 -0.947871
v 96.614456 -168.843750 -168.803253
vn -0.318634 0.003533 -0.947871
v 31.600716 -179.565521 -151.583618
vn -0.121983 -0.042873 -0.991606
v 27.672955 -168.390015 -151.583618
vn -0.111001 -0.062456 -0.991856
v 64.678490 -174.110474 -158.087372
vn -0.241995 -0.085052 -0.966543
v 56.890167 -151.950714 -158.087372
vn -0.220372 -0.123994 -0.967503
v 96.614456 -168.843750 -168.803253
vn -0.300627 -0.105659 -0.947871
v 85.098846 -136.078888 -168.803253
vn -0.273912 -0.154119 -0.949326
v 20.159807 -159.231842 -151.583618
vn -0.082946 -0.096654 -0.991856
v 41.992424 -133.791107 -158.087372
vn -0.164673 -0.191888 -0.967503
v 63.071423 -109.228500 -168.803253
vn -0.204682 -0.238508 -0.949326
v 32.818600 -73.226685 -144.477356
vn -0.714903 -0.699224 0.000000
v 32.818592 -73.226685 -309.531067
vn -0.714903 -0.699224 0.000000
v 25.452034 -65.694946 -309.531067
vn -0.714903 -0.699224 0.000000
v 25.452042 -65.694946 -144.477356
vn -0.714903 -0.699224 0.000000
v 32.818600 -73.226685 -144.477356
vn -0.528426 -0.516837 -0.673533
v 25.452042 -65.694946 -144.477356
vn -0.528426 -0.516837 -0.673533
v 25.369434 -73.144073 -138.696442
vn -0.528426 -0.516837 -0.673533
v 25.452042 -65.694946 -144.477356
vn -0.011089 -0.999938 0.000000
v 25.452034 -65.694946 -309.531067
vn -0.011089 -0.999938 0.000000
v -26.902662 -65.114349 -309.531067
vn -0.011089 -0.999938 0.000000
v -26.902655 -65.114349 -144.477356
vn -0.011089 -0.999938 0.000000
v 25.369434 -73.144073 -138.696442
vn -0.006798 -0.613030 -0.790031
v 25.452042 -65.694946 -144.477356
vn -0.006798 -0.613030 -0.790031
v -26.902655 -65.114349 -144.477356
vn -0.006798 -0.613030 -0.790031
v -26.985262 -72.563477 -138.696442
vn -0.006798 -0.613030 -0.790031
v -26.902655 -65.114349 -144.477356
vn 0.711066 -0.703125 -0.000000
v -26.902662 -65.114349 -309.531067
vn 0.711066 -0.703125 -0.000000
v -34.211437 -72.505676 -310.083313
vn 0.711066 -0.703125 -0.000000
v -34.211430 -72.505676 -145.029587
vn 0.711066 -0.703125 -0.000000
v -26.902655 -65.114349 -144.477356
vn 0.564681 -0.509889 -0.648959
v -34.211430 -72.505676 -145.029587
vn 0.564681 -0.509889 -0.648959
v -26.985262 -72.563477 -138.696442
vn 0.564681 -0.509889 -0.648959
v -34.211430 -72.505676 -145.029587
vn 0.999938 -0.011089 -0.000000
v -34.211437 -72.505676 -310.083313
vn 0.999938 -0.011089 -0.000000
v -35.771900 -213.216705 -310.083313
vn 0.999938 -0.011089 -0.000000
v -35.771893 -213.216705 -145.029587
vn 0.999938 -0.011089 -0.000000
v -26.985262 -72.563477 -138.696442
vn 0.659058 -0.007309 -0.752057
v -34.211430 -72.505676 -145.029587
vn 0.659058 -0.007309 -0.752057
v -35.771893 -213.216705 -145.029587
vn 0.659058 -0.007309 -0.752057
v -28.545725 -213.274536 -138.696442
vn 0.659058 -0.007309 -0.752057
v -35.771893 -213.216705 -145.029587
vn 0.724426 0.689353 -0.000000
v -35.771900 -213.216705 -310.083313
vn 0.724426 0.689353 -0.000000
v -28.628344 -220.723709 -309.531067
vn 0.724426 0.689353 -0.000000
v -28.628336 -220.723709 -144.477356
vn 0.724426 0.689353 -0.000000
v -35.771893 -213.216705 -145.029587
vn 0.573757 0.498155 -0.650112
v -28.628336 -220.723709 -144.477356
vn 0.573757 0.498155 -0.650112
v -28.545725 -213.274536 -138.696442
vn 0.573757 0.498155 -0.650112
v -28.628344 -220.723709 -309.531067
vn 0.006798 0.613027 0.790032
v -28.545736 -213.274536 -315.311981
vn 0.006798 0.613027 0.790032
v 23.808960 -213.855133 -315.311981
vn 0.006798 0.613027 0.790032
v 23.726353 -221.304306 -309.531067
vn 0.006798 0.613027 0.790032
v -28.628336 -220.723709 -144.477356
vn 0.011089 0.999938 -0.000000
v -28.628344 -220.723709 -309.531067
vn 0.011089 0.999938 -0.000000
v 23.726353 -221.304306 -309.531067
vn 0.011089 0.999938 -0.000000
v 23.726360 -221.304306 -144.477356
vn 0.011089 0.999938 -0.000000
v -28.628336 -220.723709 -144.477356
vn 0.006798 0.613027 -0.790032
v 23.726360 -221.304306 -144.477356
vn 0.006798 0.613027 -0.790032
v 23.808971 -213.855133 -138.696442
vn 0.006798 0.613027 -0.790032
v -28.545725 -213.274536 -138.696442
vn 0.006798 0.613027 -0.790032
v 23.808960 -213.855133 -315.311981
vn -0.516834 0.528426 0.673534
v 31.258131 -213.937744 -309.531067
vn -0.516834 0.528426 0.673534
v 23.726353 -221.304306 -309.531067
vn -0.516834 0.528426 0.673534
v 23.726353 -221.304306 -309.531067
vn -0.699222 0.714904 0.000000
v 31.258131 -213.937744 -309.531067
vn -0.699222 0.714904 0.000000
v 31.258139 -213.937744 -144.477356
vn -0.699222 0.714904 0.000000
v 23.726360 -221.304306 -144.477356
vn -0.699222 0.714904 0.000000
v 23.726360 -221.304306 -144.477356
vn -0.516835 0.528426 -0.673534
v 31.258139 -213.937744 -144.477356
vn -0.516835 0.528426 -0.673534
v 23.808971 -213.855133 -138.696442
vn -0.516835 0.528426 -0.673534
v 23.808971 -213.855133 -138.696442
vn 0.000000 0.000000 -1.000000
v 25.369434 -73.144073 -138.696442
vn 0.000000 0.000000 -1.000000
v -26.985262 -72.563477 -138.696442
vn 0.000000 0.000000 -1.000000
v -28.545725 -213.274536 -138.696442
vn 0.000000 0.000000 -1.000000
v 23.808960 -213.855133 -315.311981
vn 0.000000 0.000000 1.000000
v -28.545736 -213.274536 -315.311981
vn 0.000000 0.000000 1.000000
v -26.985273 -72.563477 -315.311981
vn 0.000000 0.000000 1.000000
v 25.369423 -73.144073 -315.311981
vn 0.000000 0.000000 1.000000
v -61.689770 46.776405 73.474770
vn 0.513783 0.334479 0.790032
v -67.932968 42.712002 79.255676
vn 0.513783 0.334479 0.790032
v -144.707489 160.642899 79.255676
vn 0.513783 0.334479 0.790032
v -138.464279 164.707291 73.474770
vn 0.513783 0.334479 0.790032
v -57.625389 40.533234 79.255676
vn 0.152862 0.723178 0.673533
v -67.932968 42.712002 79.255676
vn 0.152862 0.723178 0.673533
v -61.689770 46.776405 73.474770
vn 0.152862 0.723178 0.673533
v -13.746560 69.098907 79.255676
vn -0.334480 0.513784 0.790031
v -57.625389 40.533234 79.255676
vn -0.334480 0.513784 0.790031
v -61.689770 46.776405 73.474770
vn -0.334480 0.513784 0.790031
v -17.810940 75.342079 73.474770
vn -0.334480 0.513784 0.790031
v -11.767036 79.303391 78.703445
vn -0.707089 0.174252 0.685319
v -13.746560 69.098907 79.255676
vn -0.707089 0.174252 0.685319
v -17.810940 75.342079 73.474770
vn -0.707089 0.174252 0.685319
v -88.541534 197.234253 78.703445
vn -0.491269 -0.319822 0.810166
v -11.767036 79.303391 78.703445
vn -0.491269 -0.319822 0.810166
v -17.810940 75.342079 73.474770
vn -0.491269 -0.319822 0.810166
v -94.585457 193.272964 73.474770
vn -0.491269 -0.319822 0.810166
v -98.649857 199.516159 79.255676
vn -0.124244 -0.716495 0.686439
v -88.541534 197.234253 78.703445
vn -0.124244 -0.716495 0.686439
v -94.585457 193.272964 73.474770
vn -0.124244 -0.716495 0.686439
v -144.707489 160.642883 244.309387
vn 0.838056 0.545585 0.000000
v -144.707489 160.642899 79.255676
vn 0.838056 0.545585 0.000000
v -67.932968 42.712002 79.255676
vn 0.838056 0.545585 0.000000
v -67.932976 42.711998 244.309387
vn 0.838056 0.545585 0.000000
v -138.464294 164.707291 250.090302
vn 0.513783 0.334479 -0.790032
v -144.707489 160.642883 244.309387
vn 0.513783 0.334479 -0.790032
v -67.932976 42.711998 244.309387
vn 0.513783 0.334479 -0.790032
v -61.689777 46.776398 250.090302
vn 0.513783 0.334479 -0.790032
v -101.002388 155.146545 84.182526
vn -0.023339 -0.021814 0.999490
v -73.739265 134.650497 86.362885
vn -0.101805 0.076536 0.991856
v -82.393486 126.562004 86.362885
vn -0.088288 0.094463 0.991606
v -101.002388 155.146545 84.182526
vn -0.000000 -0.000000 1.000000
v -68.373367 145.211090 86.362885
vn -0.121843 0.037101 0.991856
v -101.002388 155.146545 84.182526
vn 0.000000 0.000000 1.000000
v -66.943008 156.970047 86.362885
vn -0.127184 -0.006809 0.991856
v -101.002388 155.146545 84.182526
vn 0.000000 -0.000000 1.000000
v -69.620728 168.509079 86.362885
vn -0.125951 -0.029228 0.991606
v -76.083527 178.436371 86.362885
vn -0.108359 -0.070543 0.991606
v -69.620728 168.509079 86.362885
vn -0.108359 -0.070543 0.991606
v -85.551918 185.554581 86.362885
vn -0.057695 -0.113549 0.991856
v -76.083527 178.436371 86.362885
vn -0.077697 -0.103350 0.991606
v -96.883858 189.005127 86.362885
vn -0.015379 -0.126434 0.991856
v -101.002388 155.146545 84.182526
vn 0.000000 0.000000 1.000000
v -108.712555 188.371826 86.362885
vn 0.028791 -0.124069 0.991856
v -119.611298 183.731064 86.362885
vn 0.050655 -0.118963 0.991606
v -128.265503 175.642563 86.362885
vn 0.101805 -0.076536 0.991856
v -119.611298 183.731064 86.362885
vn 0.088288 -0.094463 0.991606
v -133.631424 165.082001 86.362885
vn 0.121843 -0.037101 0.991856
v -135.061768 153.323044 86.362885
vn 0.127184 0.006809 0.991856
v -132.384064 141.784027 86.362885
vn 0.125951 0.029228 0.991606
v -101.002388 155.146545 84.182526
vn 0.046607 0.043560 0.997963
v -125.921257 131.856720 86.362885
vn 0.108359 0.070543 0.991606
v -132.384064 141.784027 86.362885
vn 0.108359 0.070543 0.991606
v -116.452866 124.738510 86.362885
vn 0.057695 0.113549 0.991856
v -125.921257 131.856720 86.362885
vn 0.077697 0.103350 0.991606
v -105.120926 121.287971 86.362885
vn 0.015379 0.126434 0.991856
v -93.292229 121.921265 86.362885
vn -0.028791 0.124069 0.991856
v -46.942627 114.505142 92.866646
vn -0.202115 0.151947 0.967503
v -64.103004 98.466591 92.866646
vn -0.175148 0.187399 0.966543
v -82.393486 126.562004 86.362885
vn -0.050655 0.118963 0.991606
v -21.070976 95.055199 103.582535
vn -0.251220 0.188864 0.949326
v -46.443886 71.340981 103.582535
vn -0.217584 0.232803 0.947871
v -64.103004 98.466591 92.866646
vn -0.100491 0.236002 0.966543
v -85.713989 89.264496 92.866646
vn -0.057159 0.246315 0.967503
v -46.443886 71.340981 103.582535
vn -0.124839 0.293182 0.947871
v -78.397362 57.735001 103.582535
vn -0.071046 0.306159 0.949326
v -36.302647 135.445648 92.866646
vn -0.241895 0.073656 0.967503
v -5.338967 126.017288 103.582535
vn -0.300665 0.091552 0.949326
v -21.070976 95.055199 103.582535
vn -0.891518 0.452985 0.000000
v -5.338967 126.017288 103.582535
vn -0.956634 0.291293 0.000000
v -5.338967 126.017288 219.982529
vn -0.956634 0.291293 0.000000
v -21.070984 95.055191 219.982529
vn -0.891518 0.452985 0.000000
v -33.466412 158.762360 92.866646
vn -0.252499 -0.013519 0.967503
v -1.145362 160.492813 103.582535
vn -0.313845 -0.016803 0.949326
v -1.145362 160.492813 103.582535
vn -0.998570 -0.053463 0.000000
v -1.145362 160.492813 219.982529
vn -0.998570 -0.053463 0.000000
v -38.776009 181.642960 92.866646
vn -0.249867 -0.057983 0.966543
v -8.996018 194.323486 103.582535
vn -0.310406 -0.072032 0.947871
v -8.996018 194.323486 103.582535
vn -0.920063 -0.391770 0.000000
v -8.996018 194.323486 219.982544
vn -0.920063 -0.391770 0.000000
v -51.591034 201.327698 92.866646
vn -0.214966 -0.139946 0.966543
v -38.776009 181.642960 92.866646
vn -0.214966 -0.139946 0.966543
v -27.944000 223.428864 103.582535
vn -0.267050 -0.173853 0.947871
v -8.996018 194.323486 103.582535
vn -0.267050 -0.173853 0.947871
v -27.944000 223.428864 103.582535
vn -0.730584 -0.682823 0.000000
v -27.944000 223.428864 219.982544
vn -0.730584 -0.682823 0.000000
v -70.365799 215.442322 92.866646
vn -0.114542 -0.225429 0.967503
v -51.591034 201.327698 92.866646
vn -0.154138 -0.205029 0.966543
v -55.703876 244.298355 103.582535
vn -0.142370 -0.280199 0.949326
v -27.944000 223.428864 103.582535
vn -0.191484 -0.254705 0.947871
v -55.703876 244.298355 103.582535
vn -0.452985 -0.891518 0.000000
v -55.703876 244.298355 219.982529
vn -0.452985 -0.891518 0.000000
v -92.835785 222.284348 92.866646
vn -0.030533 -0.251010 0.967503
v -88.927475 254.414886 103.582535
vn -0.037951 -0.311995 0.949326
v -88.927475 254.414886 103.582535
vn -0.120749 -0.992683 0.000000
v -88.927475 254.414886 219.982529
vn -0.120749 -0.992683 0.000000
v -116.290787 221.028595 92.866646
vn 0.057159 -0.246315 0.967503
v -123.607414 252.558090 103.582535
vn 0.071046 -0.306159 0.949326
v -123.607414 252.558090 103.582535
vn 0.226051 -0.974116 -0.000000
v -123.607414 252.558090 219.982529
vn 0.226051 -0.974116 -0.000000
v -137.901779 211.826492 92.866646
vn 0.100491 -0.236002 0.966543
v -155.560898 238.952103 103.582535
vn 0.124839 -0.293182 0.947871
v -155.560898 238.952103 103.582535
vn 0.391769 -0.920064 -0.000000
v -155.560913 238.952087 219.982529
vn 0.391769 -0.920064 -0.000000
v -155.062164 195.787933 92.866646
vn 0.202115 -0.151947 0.967503
v -137.901779 211.826492 92.866646
vn 0.175148 -0.187399 0.966543
v -180.933823 215.237885 103.582535
vn 0.251220 -0.188864 0.949326
v -155.560898 238.952103 103.582535
vn 0.217584 -0.232803 0.947871
v -155.560898 238.952103 103.582535
vn 0.682823 -0.730584 -0.000000
v -180.933823 215.237885 103.582535
vn 0.799314 -0.600914 -0.000000
v -180.933823 215.237869 219.982529
vn 0.799314 -0.600914 -0.000000
v -155.560913 238.952087 219.982529
vn 0.682823 -0.730584 -0.000000
v -165.702133 174.847427 92.866646
vn 0.241895 -0.073656 0.967503
v -196.665848 184.275787 103.582535
vn 0.300665 -0.091552 0.949326
v -196.665848 184.275787 103.582535
vn 0.956634 -0.291293 0.000000
v -196.665848 184.275787 219.982529
vn 0.956634 -0.291293 0.000000
v -168.538376 151.530731 92.866646
vn 0.252498 0.013519 0.967503
v -200.859421 149.800262 103.582535
vn 0.313845 0.016803 0.949326
v -200.859421 149.800262 103.582535
vn 0.998570 0.053463 0.000000
v -200.859421 149.800262 219.982529
vn 0.998570 0.053463 0.000000
v -163.228775 128.650116 92.866646
vn 0.249866 0.057983 0.966543
v -193.008774 115.969582 103.582520
vn 0.310405 0.072032 0.947871
v -193.008774 115.969582 103.582520
vn 0.920063 0.391770 0.000000
v -193.008774 115.969582 219.982529
vn 0.920063 0.391770 0.000000
v -150.413727 108.965355 92.866646
vn 0.214966 0.139946 0.966543
v -163.228775 128.650116 92.866646
vn 0.214966 0.139946 0.966543
v -174.060776 86.864182 103.582520
vn 0.267049 0.173853 0.947871
v -193.008774 115.969582 103.582520
vn 0.267049 0.173853 0.947871
v -174.060776 86.864182 103.582520
vn 0.730584 0.682823 0.000000
v -174.060776 86.864182 219.982529
vn 0.730584 0.682823 0.000000
v -131.638992 94.850761 92.866646
vn 0.114542 0.225429 0.967503
v -150.413727 108.965355 92.866646
vn 0.154138 0.205029 0.966543
v -146.300919 65.994713 103.582535
vn 0.142370 0.280199 0.949326
v -174.060776 86.864182 103.582520
vn 0.191483 0.254705 0.947871
v -146.300919 65.994713 103.582535
vn 0.452985 0.891518 0.000000
v -146.300919 65.994713 219.982529
vn 0.452985 0.891518 0.000000
v -109.168991 88.008736 92.866646
vn 0.030533 0.251010 0.967503
v -113.077324 55.878223 103.582535
vn 0.037951 0.311995 0.949326
v -113.077324 55.878223 103.582535
vn 0.120749 0.992683 0.000000
v -113.077324 55.878223 219.982529
vn 0.120749 0.992683 0.000000
v -78.397362 57.735001 103.582535
vn -0.053464 0.998570 0.000000
v -78.397369 57.734997 219.982529
vn -0.053464 0.998570 0.000000
v -101.002396 155.146545 239.383484
vn 0.000000 0.000000 -1.000000
v -93.292236 121.921265 237.203125
vn -0.028791 0.124069 -0.991856
v -82.393494 126.562004 237.203125
vn -0.050655 0.118962 -0.991606
v -82.393494 126.562004 237.203125
vn -0.088288 0.094463 -0.991606
v -73.739273 134.650482 237.203125
vn -0.101805 0.076536 -0.991856
v -101.002396 155.146545 239.383484
vn -0.023339 -0.021814 -0.999490
v -85.713997 89.264488 230.699371
vn -0.057159 0.246315 -0.967503
v -64.103012 98.466583 230.699371
vn -0.100491 0.236002 -0.966543
v -64.103012 98.466583 230.699371
vn -0.175148 0.187399 -0.966543
v -46.942635 114.505142 230.699371
vn -0.202115 0.151947 -0.967503
v -78.397369 57.734997 219.983490
vn -0.071046 0.306159 -0.949326
v -46.443893 71.340973 219.983490
vn -0.124839 0.293182 -0.947871
v -46.443893 71.340973 219.983490
vn -0.217584 0.232803 -0.947871
v -21.070984 95.055191 219.983490
vn -0.251220 0.188864 -0.949326
v -68.373375 145.211090 237.203125
vn -0.121842 0.037101 -0.991856
v -101.002396 155.146545 239.383484
vn -0.000000 -0.000000 -1.000000
v -36.302654 135.445633 230.699371
vn -0.241894 0.073656 -0.967503
v -5.338967 126.017288 219.983490
vn -0.300664 0.091552 -0.949326
v -66.943016 156.970047 237.203125
vn -0.127184 -0.006809 -0.991856
v -101.002396 155.146545 239.383484
vn -0.000000 0.000000 -1.000000
v -33.466415 158.762344 230.699371
vn -0.252498 -0.013519 -0.967503
v -1.145362 160.492813 219.983490
vn -0.313845 -0.016803 -0.949326
v -69.620735 168.509064 237.203125
vn -0.125951 -0.029228 -0.991606
v -38.776024 181.642960 230.699371
vn -0.249866 -0.057983 -0.966543
v -8.996018 194.323486 219.983490
vn -0.310405 -0.072032 -0.947871
v -69.620735 168.509064 237.203125
vn -0.108359 -0.070543 -0.991606
v -76.083534 178.436371 237.203125
vn -0.108359 -0.070543 -0.991606
v -38.776024 181.642960 230.699371
vn -0.214966 -0.139946 -0.966543
v -51.591045 201.327682 230.699371
vn -0.214966 -0.139946 -0.966543
v -8.996018 194.323486 219.983490
vn -0.267049 -0.173853 -0.947871
v -27.944000 223.428864 219.983490
vn -0.267049 -0.173853 -0.947871
v -76.083534 178.436371 237.203125
vn -0.077697 -0.103350 -0.991606
v -85.551926 185.554581 237.203125
vn -0.057695 -0.113549 -0.991856
v -51.591045 201.327682 230.699371
vn -0.154138 -0.205029 -0.966543
v -70.365807 215.442322 230.699371
vn -0.114542 -0.225429 -0.967503
v -27.944000 223.428864 219.983490
vn -0.191483 -0.254704 -0.947871
v -55.703876 244.298355 219.983490
vn -0.142371 -0.280199 -0.949326
v -96.883865 189.005127 237.203125
vn -0.015379 -0.126434 -0.991856
v -92.835793 222.284332 230.699371
vn -0.030533 -0.251010 -0.967503
v -88.927475 254.414886 219.983490
vn -0.037951 -0.311994 -0.949326
v -108.712563 188.371826 237.203125
vn 0.028791 -0.124069 -0.991856
v -101.002396 155.146545 239.383484
vn 0.000000 0.000000 -1.000000
v -116.290794 221.028580 230.699371
vn 0.057159 -0.246315 -0.967503
v -123.607414 252.558090 219.983490
vn 0.071047 -0.306159 -0.949326
v -119.611305 183.731064 237.203125
vn 0.050655 -0.118962 -0.991606
v -137.901794 211.826492 230.699371
vn 0.100491 -0.236002 -0.966543
v -155.560913 238.952087 219.983490
vn 0.124839 -0.293182 -0.947871
v -119.611305 183.731064 237.203125
vn 0.088288 -0.094463 -0.991606
v -128.265518 175.642563 237.203125
vn 0.101805 -0.076536 -0.991856
v -137.901794 211.826492 230.699371
vn 0.175148 -0.187399 -0.966543
v -155.062180 195.787918 230.699371
vn 0.202115 -0.151947 -0.967503
v -155.560913 238.952087 219.983490
vn 0.217584 -0.232803 -0.947871
v -180.933823 215.237869 219.983490
vn 0.251220 -0.188864 -0.949326
v -133.631424 165.082001 237.203125
vn 0.121843 -0.037101 -0.991856
v -165.702148 174.847427 230.699371
vn 0.241894 -0.073656 -0.967503
v -196.665848 184.275787 219.983490
vn 0.300664 -0.091552 -0.949326
v -135.061783 153.323044 237.203125
vn 0.127184 0.006809 -0.991856
v -168.538376 151.530731 230.699371
vn 0.252498 0.013519 -0.967503
v -200.859421 149.800262 219.983490
vn 0.313845 0.016803 -0.949326
v -132.384064 141.784012 237.203125
vn 0.125951 0.029228 -0.991606
v -163.228775 128.650116 230.699371
vn 0.249866 0.057983 -0.966543
v -193.008774 115.969582 219.983490
vn 0.310405 0.072032 -0.947871
v -132.384064 141.784012 237.203125
vn 0.108359 0.070543 -0.991606
v -125.921265 131.856720 237.203125
vn 0.108359 0.070543 -0.991606
v -101.002396 155.146545 239.383484
vn 0.046607 0.043560 -0.997963
v -163.228775 128.650116 230.699371
vn 0.214966 0.139946 -0.966543
v -150.413742 108.965347 230.699371
vn 0.214966 0.139946 -0.966543
v -193.008774 115.969582 219.983490
vn 0.267049 0.173853 -0.947871
v -174.060776 86.864182 219.983490
vn 0.267049 0.173853 -0.947871
v -125.921265 131.856720 237.203125
vn 0.077697 0.103350 -0.991606
v -116.452873 124.738510 237.203125
vn 0.057695 0.113549 -0.991856
v -150.413742 108.965347 230.699371
vn 0.154138 0.205029 -0.966543
v -131.638992 94.850761 230.699371
vn 0.114542 0.225429 -0.967503
v -174.060776 86.864182 219.983490
vn 0.191483 0.254704 -0.947871
v -146.300919 65.994713 219.983490
vn 0.142370 0.280199 -0.949326
v -105.120934 121.287964 237.203125
vn 0.015379 0.126434 -0.991856
v -109.168999 88.008728 230.699371
vn 0.030533 0.251010 -0.967503
v -113.077324 55.878223 219.983490
vn 0.037951 0.311995 -0.949326
v -67.932976 42.711998 244.309387
vn 0.206806 0.978382 0.000000
v -67.932968 42.712002 79.255676
vn 0.206806 0.978382 0.000000
v -57.625389 40.533234 79.255676
vn 0.206806 0.978382 0.000000
v -57.625397 40.533230 244.309387
vn 0.206806 0.978382 0.000000
v -67.932976 42.711998 244.309387
vn 0.152862 0.723178 -0.673533
v -57.625397 40.533230 244.309387
vn 0.152862 0.723178 -0.673533
v -61.689777 46.776398 250.090302
vn 0.152862 0.723178 -0.673533
v -57.625397 40.533230 244.309387
vn -0.545585 0.838056 -0.000000
v -57.625389 40.533234 79.255676
vn -0.545585 0.838056 -0.000000
v -13.746560 69.098907 79.255676
vn -0.545585 0.838056 -0.000000
v -13.746567 69.098900 244.309387
vn -0.545585 0.838056 -0.000000
v -61.689777 46.776398 250.090302
vn -0.334480 0.513785 -0.790031
v -57.625397 40.533230 244.309387
vn -0.334480 0.513785 -0.790031
v -13.746567 69.098900 244.309387
vn -0.334480 0.513785 -0.790031
v -17.810949 75.342072 250.090302
vn -0.334480 0.513785 -0.790031
v -13.746567 69.098900 244.309387
vn -0.981700 0.190436 -0.000000
v -13.746560 69.098907 79.255676
vn -0.981700 0.190436 -0.000000
v -11.767036 79.303391 78.703445
vn -0.981700 0.190436 -0.000000
v -11.767042 79.303383 243.757156
vn -0.981700 0.190436 -0.000000
v -13.746567 69.098900 244.309387
vn -0.752698 0.110893 -0.648959
v -11.767042 79.303383 243.757156
vn -0.752698 0.110893 -0.648959
v -17.810949 75.342072 250.090302
vn -0.752698 0.110893 -0.648959
v -11.767042 79.303383 243.757156
vn -0.838056 -0.545585 -0.000000
v -11.767036 79.303391 78.703445
vn -0.838056 -0.545585 -0.000000
v -88.541534 197.234253 78.703445
vn -0.838056 -0.545585 -0.000000
v -88.541542 197.234253 243.757156
vn -0.838056 -0.545585 -0.000000
v -17.810949 75.342072 250.090302
vn -0.552361 -0.359594 -0.752057
v -11.767042 79.303383 243.757156
vn -0.552361 -0.359594 -0.752057
v -88.541542 197.234253 243.757156
vn -0.552361 -0.359594 -0.752057
v -94.585464 193.272964 250.090302
vn -0.552361 -0.359594 -0.752057
v -88.541542 197.234253 243.757156
vn -0.220204 -0.975454 -0.000000
v -88.541534 197.234253 78.703445
vn -0.220204 -0.975454 -0.000000
v -98.649857 199.516159 79.255676
vn -0.220204 -0.975454 -0.000000
v -98.649864 199.516159 244.309387
vn -0.220204 -0.975454 -0.000000
v -88.541542 197.234253 243.757156
vn -0.200940 -0.732788 -0.650111
v -98.649864 199.516159 244.309387
vn -0.200940 -0.732788 -0.650111
v -94.585464 193.272964 250.090302
vn -0.200940 -0.732788 -0.650111
v -98.649857 199.516159 79.255676
vn 0.334479 -0.513783 0.790032
v -94.585457 193.272964 73.474770
vn 0.334479 -0.513783 0.790032
v -138.464279 164.707291 73.474770
vn 0.334479 -0.513783 0.790032
v -142.528687 170.950485 79.255676
vn 0.334479 -0.513783 0.790032
v -98.649864 199.516159 244.309387
vn 0.545585 -0.838056 0.000000
v -98.649857 199.516159 79.255676
vn 0.545585 -0.838056 0.000000
v -142.528687 170.950485 79.255676
vn 0.545585 -0.838056 0.000000
v -142.528702 170.950485 244.309387
vn 0.545585 -0.838056 0.000000
v -98.649864 199.516159 244.309387
vn 0.334479 -0.513783 -0.790032
v -142.528702 170.950485 244.309387
vn 0.334479 -0.513783 -0.790032
v -138.464294 164.707291 250.090302
vn 0.334479 -0.513783 -0.790032
v -94.585464 193.272964 250.090302
vn 0.334479 -0.513783 -0.790032
v -138.464279 164.707291 73.474770
vn 0.723176 -0.152864 0.673535
v -144.707489 160.642899 79.255676
vn 0.723176 -0.152864 0.673535
v -142.528687 170.950485 79.255676
vn 0.723176 -0.152864 0.673535
v -142.528687 170.950485 79.255676
vn 0.978381 -0.206809 -0.000000
v -144.707489 160.642899 79.255676
vn 0.978381 -0.206809 -0.000000
v -144.707489 160.642883 244.309387
vn 0.978381 -0.206809 -0.000000
v -142.528702 170.950485 244.309387
vn 0.978381 -0.206809 -0.000000
v -142.528702 170.950485 244.309387
vn 0.723177 -0.152863 -0.673534
v -144.707489 160.642883 244.309387
vn 0.723177 -0.152863 -0.673534
v -138.464294 164.707291 250.090302
vn 0.723177 -0.152863 -0.673534
v -138.464294 164.707291 250.090302
vn 0.000000 0.000000 -1.000000
v -61.689777 46.776398 250.090302
vn 0.000000 0.000000 -1.000000
v -17.810949 75.342072 250.090302
vn 0.000000 0.000000 -1.000000
v -94.585464 193.272964 250.090302
vn 0.000000 0.000000 -1.000000
v -138.464279 164.707291 73.474770
vn 0.000000 0.000000 1.000000
v -94.585457 193.272964 73.474770
vn 0.000000 0.000000 1.000000
v -17.810940 75.342079 73.474770
vn 0.000000 0.000000 1.000000
v -61.689770 46.776405 73.474770
vn 0.000000 0.000000 1.000000
v 26.493408 -72.744484 -115.441490
vn -0.613059 -0.002648 0.790033
v 33.942966 -72.712311 -109.660583
vn -0.613059 -0.002648 0.790033
v 34.550766 -213.430679 -109.660583
vn -0.613059 -0.002648 0.790033
v 27.101206 -213.462860 -115.441490
vn -0.613059 -0.002648 0.790033
v 26.461233 -65.294968 -109.660583
vn -0.520399 -0.524917 0.673533
v 33.942966 -72.712311 -109.660583
vn -0.520399 -0.524917 0.673533
v 26.493408 -72.744484 -115.441490
vn -0.520399 -0.524917 0.673533
v -25.896181 -65.521118 -109.660583
vn 0.002648 -0.613061 0.790031
v 26.461233 -65.294968 -109.660583
vn 0.002648 -0.613061 0.790031
v 26.493408 -72.744484 -115.441490
vn 0.002648 -0.613061 0.790031
v -25.864006 -72.970634 -115.441490
vn 0.002648 -0.613061 0.790031
v -33.090202 -73.024185 -110.212814
vn 0.499803 -0.529656 0.685319
v -25.896181 -65.521118 -109.660583
vn 0.499803 -0.529656 0.685319
v -25.864006 -72.970634 -115.441490
vn 0.499803 -0.529656 0.685319
v -32.482403 -213.742523 -110.212814
vn 0.586195 0.002532 0.810166
v -33.090202 -73.024185 -110.212814
vn 0.586195 0.002532 0.810166
v -25.864006 -72.970634 -115.441490
vn 0.586195 0.002532 0.810166
v -25.256208 -213.688995 -115.441490
vn 0.586195 0.002532 0.810166
v -25.224030 -221.138550 -109.660583
vn 0.492727 0.534810 0.686439
v -32.482403 -213.742523 -110.212814
vn 0.492727 0.534810 0.686439
v -25.256208 -213.688995 -115.441490
vn 0.492727 0.534810 0.686439
v 34.550774 -213.430679 55.393127
vn -0.999991 -0.004319 0.000000
v 34.550766 -213.430679 -109.660583
vn -0.999991 -0.004319 0.000000
v 33.942966 -72.712311 -109.660583
vn -0.999991 -0.004319 0.000000
v 33.942974 -72.712311 55.393127
vn -0.999991 -0.004319 0.000000
v 27.101217 -213.462860 61.174034
vn -0.613059 -0.002648 -0.790033
v 34.550774 -213.430679 55.393127
vn -0.613059 -0.002648 -0.790033
v 33.942974 -72.712311 55.393127
vn -0.613059 -0.002648 -0.790033
v 26.493420 -72.744484 61.174034
vn -0.613059 -0.002648 -0.790033
v 0.799614 -185.125107 -104.733734
vn 0.031436 0.005683 0.999490
v -11.004393 -153.124603 -102.553375
vn 0.044078 -0.119496 0.991856
v 0.652289 -151.017258 -102.553375
vn 0.023002 -0.127236 0.991606
v 0.799614 -185.125107 -104.733734
vn 0.000000 0.000000 1.000000
v -21.237337 -159.091675 -102.553375
vn 0.082290 -0.097213 0.991856
v 0.799614 -185.125107 -104.733734
vn 0.000000 0.000000 1.000000
v -28.812304 -168.198761 -102.553375
vn 0.110576 -0.063206 0.991856
v 0.799614 -185.125107 -104.733734
vn -0.000000 0.000000 1.000000
v -32.815632 -179.347412 -102.553375
vn 0.121690 -0.043697 0.991606
v -32.764462 -191.192947 -102.553375
vn 0.129297 0.000559 0.991606
v -32.815632 -179.347412 -102.553375
vn 0.129297 0.000559 0.991606
v -28.664976 -202.306610 -102.553375
vn 0.110026 0.064159 0.991856
v -32.764462 -191.192947 -102.553375
vn 0.121308 0.044747 0.991606
v -21.011618 -211.347916 -102.553375
vn 0.081447 0.097921 0.991856
v 0.799614 -185.125107 -104.733734
vn 0.000000 -0.000000 1.000000
v -10.727508 -217.226379 -102.553375
vn 0.043044 0.119872 0.991856
v 0.946942 -219.232956 -102.553375
vn 0.021902 0.127430 0.991606
v 12.603630 -217.125580 -102.553375
vn -0.044078 0.119496 0.991856
v 0.946942 -219.232956 -102.553375
vn -0.023003 0.127236 0.991606
v 22.836571 -211.158524 -102.553375
vn -0.082290 0.097214 0.991856
v 30.411531 -202.051453 -102.553375
vn -0.110576 0.063206 0.991856
v 34.414864 -190.902786 -102.553375
vn -0.121690 0.043697 0.991606
v 0.799614 -185.125107 -104.733734
vn -0.062777 -0.011349 0.997963
v 34.363693 -179.057251 -102.553375
vn -0.129297 -0.000559 0.991606
v 34.414864 -190.902786 -102.553375
vn -0.129297 -0.000559 0.991606
v 30.264206 -167.943604 -102.553375
vn -0.110026 -0.064159 0.991856
v 34.363693 -179.057251 -102.553375
vn -0.121308 -0.044747 0.991606
v 22.610846 -158.902283 -102.553375
vn -0.081447 -0.097921 0.991856
v 12.326734 -153.023834 -102.553375
vn -0.043044 -0.119872 0.991856
v -22.606430 -121.671669 -96.049614
vn 0.087509 -0.237235 0.967503
v 0.507486 -117.493019 -96.049614
vn 0.045633 -0.252414 0.966543
v 0.652289 -151.017258 -102.553375
vn -0.021902 -0.127430 0.991606
v -33.807980 -91.304436 -85.333725
vn 0.108770 -0.294873 0.949326
v 0.367681 -85.126007 -85.333725
vn 0.056689 -0.313571 0.947871
v 0.507486 -117.493019 -96.049614
vn -0.043451 -0.252799 0.966543
v 23.656618 -121.471840 -96.049614
vn -0.085456 -0.237982 0.967503
v 0.367681 -85.126007 -85.333725
vn -0.053978 -0.314049 0.947871
v 34.595417 -91.008980 -85.333725
vn -0.106218 -0.295802 0.949326
v -42.897228 -133.503708 -96.049614
vn 0.163370 -0.192998 0.967503
v -63.809452 -108.798996 -85.333725
vn 0.203062 -0.239889 0.949326
v -33.807980 -91.304436 -85.333725
vn 0.503736 -0.863858 0.000000
v -63.809452 -108.798996 -85.333725
vn 0.646090 -0.763261 0.000000
v -63.809452 -108.798996 31.066269
vn 0.646090 -0.763261 0.000000
v -33.807972 -91.304436 31.066269
vn 0.503736 -0.863858 0.000000
v -57.917545 -151.562057 -96.049614
vn 0.219527 -0.125483 0.967503
v -86.018127 -135.499603 -85.333725
vn 0.272863 -0.155970 0.949326
v -86.018127 -135.499603 -85.333725
vn 0.868177 -0.496255 0.000000
v -86.018127 -135.499603 31.066269
vn 0.868177 -0.496255 0.000000
v -65.855713 -173.668610 -96.049614
vn 0.241414 -0.086688 0.966543
v -97.755295 -168.185822 -85.333725
vn 0.299905 -0.107692 0.947871
v -97.755295 -168.185822 -85.333725
vn 0.985549 -0.169393 0.000000
v -97.755295 -168.185822 31.066284
vn 0.985549 -0.169393 0.000000
v -65.754250 -197.156982 -96.049614
vn 0.256504 0.001108 0.966543
v -65.855713 -173.668610 -96.049614
vn 0.256504 0.001108 0.966543
v -97.605278 -202.915161 -85.333725
vn 0.318651 0.001376 0.947871
v -97.755295 -168.185822 -85.333725
vn 0.318651 0.001376 0.947871
v -97.605278 -202.915161 -85.333725
vn 0.984048 0.177901 0.000000
v -97.605278 -202.915161 31.066284
vn 0.984048 0.177901 0.000000
v -57.625416 -219.194138 -96.049614
vn 0.218435 0.127375 0.967503
v -65.754250 -197.156982 -96.049614
vn 0.240656 0.088771 0.966543
v -85.586182 -235.498703 -85.333725
vn 0.271505 0.158321 0.949326
v -97.605278 -202.915161 -85.333725
vn 0.298963 0.110278 0.947871
v -85.586182 -235.498703 -85.333725
vn 0.863858 0.503736 0.000000
v -85.586182 -235.498703 31.066269
vn 0.863858 0.503736 0.000000
v -42.449646 -237.122040 -96.049614
vn 0.161697 0.194402 0.967503
v -63.147678 -262.006561 -85.333725
vn 0.200982 0.241634 0.949326
v -63.147678 -262.006561 -85.333725
vn 0.639473 0.768814 -0.000000
v -63.147678 -262.006561 31.066269
vn 0.639473 0.768814 -0.000000
v -22.057396 -248.778366 -96.049614
vn 0.085456 0.237982 0.967503
v -32.996193 -279.241241 -85.333725
vn 0.106219 0.295802 0.949326
v -32.996193 -279.241241 -85.333725
vn 0.337957 0.941161 -0.000000
v -32.996185 -279.241241 31.066269
vn 0.337957 0.941161 -0.000000
v 1.091749 -252.757187 -96.049614
vn 0.043451 0.252799 0.966543
v 1.231558 -285.124207 -85.333725
vn 0.053978 0.314049 0.947871
v 1.231558 -285.124207 -85.333725
vn 0.169393 0.985549 -0.000000
v 1.231565 -285.124207 31.066269
vn 0.169393 0.985549 -0.000000
v 24.205675 -248.578537 -96.049614
vn -0.087509 0.237235 0.967503
v 1.091749 -252.757187 -96.049614
vn -0.045633 0.252414 0.966543
v 35.407234 -278.945770 -85.333725
vn -0.108770 0.294873 0.949326
v 1.231558 -285.124207 -85.333725
vn -0.056689 0.313571 0.947871
v 1.231558 -285.124207 -85.333725
vn -0.177901 0.984048 0.000000
v 35.407234 -278.945770 -85.333725
vn -0.346076 0.938206 0.000000
v 35.407242 -278.945770 31.066269
vn -0.346076 0.938206 0.000000
v 1.231565 -285.124207 31.066269
vn -0.177901 0.984048 0.000000
v 44.496468 -236.746490 -96.049614
vn -0.163370 0.192998 0.967503
v 65.408707 -261.451202 -85.333725
vn -0.203062 0.239889 0.949326
v 65.408707 -261.451202 -85.333725
vn -0.646090 0.763261 0.000000
v 65.408707 -261.451202 31.066269
vn -0.646090 0.763261 0.000000
v 59.516777 -218.688156 -96.049614
vn -0.219527 0.125483 0.967503
v 87.617363 -234.750595 -85.333725
vn -0.272863 0.155970 0.949326
v 87.617363 -234.750595 -85.333725
vn -0.868177 0.496255 0.000000
v 87.617363 -234.750595 31.066269
vn -0.868177 0.496255 0.000000
v 67.454933 -196.581604 -96.049614
vn -0.241413 0.086688 0.966543
v 99.354530 -202.064392 -85.333740
vn -0.299904 0.107691 0.947871
v 99.354530 -202.064392 -85.333740
vn -0.985549 0.169393 0.000000
v 99.354530 -202.064392 31.066269
vn -0.985549 0.169393 0.000000
v 67.353470 -173.093201 -96.049614
vn -0.256503 -0.001108 0.966543
v 67.454933 -196.581604 -96.049614
vn -0.256503 -0.001108 0.966543
v 99.204506 -167.335022 -85.333740
vn -0.318650 -0.001376 0.947871
v 99.354530 -202.064392 -85.333740
vn -0.318650 -0.001376 0.947871
v 99.204506 -167.335022 -85.333740
vn -0.984048 -0.177901 0.000000
v 99.204506 -167.335022 31.066269
vn -0.984048 -0.177901 0.000000
v 59.224648 -151.056076 -96.049614
vn -0.218435 -0.127375 0.967503
v 67.353470 -173.093201 -96.049614
vn -0.240656 -0.088771 0.966543
v 87.185425 -134.751495 -85.333725
vn -0.271505 -0.158321 0.949326
v 99.204506 -167.335022 -85.333740
vn -0.298963 -0.110278 0.947871
v 87.185425 -134.751495 -85.333725
vn -0.863858 -0.503736 0.000000
v 87.185425 -134.751495 31.066269
vn -0.863858 -0.503736 0.000000
v 44.048874 -133.128159 -96.049614
vn -0.161697 -0.194402 0.967503
v 64.746910 -108.243698 -85.333725
vn -0.200983 -0.241634 0.949326
v 64.746910 -108.243698 -85.333725
vn -0.639472 -0.768814 0.000000
v 64.746910 -108.243698 31.066269
vn -0.639472 -0.768814 0.000000
v 34.595417 -91.008980 -85.333725
vn -0.496254 -0.868177 0.000000
v 34.595425 -91.008980 31.066269
vn -0.496254 -0.868177 0.000000
v 0.799623 -185.125107 50.467232
vn -0.000000 0.000000 -1.000000
v 12.326741 -153.023834 48.286873
vn -0.043044 -0.119872 -0.991856
v 0.652298 -151.017258 48.286873
vn -0.021902 -0.127430 -0.991606
v 0.652298 -151.017258 48.286873
vn 0.023002 -0.127236 -0.991606
v -11.004385 -153.124603 48.286873
vn 0.044078 -0.119495 -0.991856
v 0.799623 -185.125107 50.467232
vn 0.031436 0.005683 -0.999490
v 23.656626 -121.471840 41.783119
vn -0.085456 -0.237982 -0.967503
v 0.507494 -117.493019 41.783119
vn -0.043451 -0.252799 -0.966543
v 0.507494 -117.493019 41.783119
vn 0.045633 -0.252414 -0.966543
v -22.606422 -121.671669 41.783119
vn 0.087509 -0.237235 -0.967503
v 34.595425 -91.008980 31.067230
vn -0.106218 -0.295802 -0.949326
v 0.367687 -85.126007 31.067230
vn -0.053978 -0.314049 -0.947871
v 0.367687 -85.126007 31.067230
vn 0.056689 -0.313571 -0.947871
v -33.807972 -91.304436 31.067230
vn 0.108770 -0.294873 -0.949326
v -21.237329 -159.091675 48.286873
vn 0.082290 -0.097213 -0.991856
v 0.799623 -185.125107 50.467232
vn 0.000000 0.000000 -1.000000
v -42.897221 -133.503708 41.783119
vn 0.163370 -0.192998 -0.967503
v -63.809452 -108.798996 31.067230
vn 0.203062 -0.239889 -0.949326
v -28.812296 -168.198761 48.286873
vn 0.110576 -0.063206 -0.991856
v 0.799623 -185.125107 50.467232
vn 0.000000 0.000000 -1.000000
v -57.917538 -151.562057 41.783119
vn 0.219527 -0.125483 -0.967503
v -86.018127 -135.499603 31.067230
vn 0.272863 -0.155970 -0.949326
v -32.815624 -179.347412 48.286873
vn 0.121690 -0.043697 -0.991606
v -65.855698 -173.668610 41.783119
vn 0.241413 -0.086688 -0.966543
v -97.755295 -168.185822 31.067238
vn 0.299904 -0.107692 -0.947871
v -32.815624 -179.347412 48.286873
vn 0.129297 0.000559 -0.991606
v -32.764454 -191.192947 48.286873
vn 0.129297 0.000559 -0.991606
v -65.855698 -173.668610 41.783119
vn 0.256503 0.001108 -0.966543
v -65.754234 -197.156982 41.783119
vn 0.256503 0.001108 -0.966543
v -97.755295 -168.185822 31.067238
vn 0.318650 0.001376 -0.947871
v -97.605278 -202.915161 31.067238
vn 0.318650 0.001376 -0.947871
v -32.764454 -191.192947 48.286873
vn 0.121308 0.044747 -0.991606
v -28.664968 -202.306610 48.286873
vn 0.110026 0.064159 -0.991856
v -65.754234 -197.156982 41.783119
vn 0.240656 0.088771 -0.966543
v -57.625408 -219.194138 41.783119
vn 0.218435 0.127375 -0.967503
v -97.605278 -202.915161 31.067238
vn 0.298963 0.110279 -0.947871
v -85.586182 -235.498703 31.067230
vn 0.271505 0.158321 -0.949326
v -21.011610 -211.347916 48.286873
vn 0.081447 0.097921 -0.991856
v -42.449638 -237.122040 41.783119
vn 0.161697 0.194402 -0.967503
v -63.147678 -262.006561 31.067230
vn 0.200982 0.241634 -0.949326
v -10.727500 -217.226379 48.286873
vn 0.043044 0.119872 -0.991856
v 0.799623 -185.125107 50.467232
vn 0.000000 -0.000000 -1.000000
v -22.057388 -248.778366 41.783119
vn 0.085456 0.237982 -0.967503
v -32.996185 -279.241241 31.067230
vn 0.106218 0.295802 -0.949326
v 0.946951 -219.232956 48.286873
vn 0.021902 0.127430 -0.991606
v 1.091757 -252.757187 41.783119
vn 0.043450 0.252799 -0.966543
v 1.231565 -285.124207 31.067230
vn 0.053978 0.314049 -0.947871
v 0.946951 -219.232956 48.286873
vn -0.023002 0.127235 -0.991606
v 12.603638 -217.125580 48.286873
vn -0.044078 0.119495 -0.991856
v 1.091757 -252.757187 41.783119
vn -0.045633 0.252414 -0.966543
v 24.205683 -248.578537 41.783119
vn -0.087509 0.237235 -0.967503
v 1.231565 -285.124207 31.067230
vn -0.056689 0.313571 -0.947871
v 35.407242 -278.945770 31.067230
vn -0.108770 0.294873 -0.949326
v 22.836578 -211.158524 48.286873
vn -0.082290 0.097213 -0.991856
v 44.496475 -236.746490 41.783119
vn -0.163370 0.192998 -0.967503
v 65.408707 -261.451202 31.067230
vn -0.203063 0.239889 -0.949326
v 30.411539 -202.051453 48.286873
vn -0.110576 0.063206 -0.991856
v 59.516785 -218.688156 41.783119
vn -0.219527 0.125483 -0.967503
v 87.617363 -234.750595 31.067230
vn -0.272863 0.155970 -0.949326
v 34.414871 -190.902786 48.286873
vn -0.121690 0.043697 -0.991606
v 67.454948 -196.581604 41.783119
vn -0.241413 0.086688 -0.966543
v 99.354530 -202.064392 31.067230
vn -0.299905 0.107692 -0.947871
v 34.414871 -190.902786 48.286873
vn -0.129297 -0.000559 -0.991606
v 34.363701 -179.057251 48.286873
vn -0.129297 -0.000559 -0.991606
v 0.799623 -185.125107 50.467232
vn -0.062777 -0.011349 -0.997963
v 67.454948 -196.581604 41.783119
vn -0.256504 -0.001108 -0.966543
v 67.353485 -173.093201 41.783119
vn -0.256504 -0.001108 -0.966543
v 99.354530 -202.064392 31.067230
vn -0.318651 -0.001377 -0.947871
v 99.204506 -167.335022 31.067230
vn -0.318651 -0.001377 -0.947871
v 34.363701 -179.057251 48.286873
vn -0.121308 -0.044747 -0.991606
v 30.264214 -167.943604 48.286873
vn -0.110026 -0.064159 -0.991856
v 67.353485 -173.093201 41.783119
vn -0.240656 -0.088771 -0.966543
v 59.224655 -151.056076 41.783119
vn -0.218435 -0.127375 -0.967503
v 99.204506 -167.335022 31.067230
vn -0.298963 -0.110278 -0.947871
v 87.185425 -134.751495 31.067230
vn -0.271505 -0.158321 -0.949326
v 22.610853 -158.902283 48.286873
vn -0.081447 -0.097921 -0.991856
v 44.048882 -133.128159 41.783119
vn -0.161697 -0.194402 -0.967503
v 64.746910 -108.243698 31.067230
vn -0.200983 -0.241634 -0.949326
v 33.942974 -72.712311 55.393127
vn -0.704044 -0.710156 0.000000
v 33.942966 -72.712311 -109.660583
vn -0.704044 -0.710156 0.000000
v 26.461233 -65.294968 -109.660583
vn -0.704044 -0.710156 0.000000
v 26.461241 -65.294968 55.393127
vn -0.704044 -0.710156 0.000000
v 33.942974 -72.712311 55.393127
vn -0.520399 -0.524917 -0.673533
v 26.461241 -65.294968 55.393127
vn -0.520399 -0.524917 -0.673533
v 26.493420 -72.744484 61.174034
vn -0.520399 -0.524917 -0.673533
v 26.461241 -65.294968 55.393127
vn 0.004319 -0.999991 -0.000000
v 26.461233 -65.294968 -109.660583
vn 0.004319 -0.999991 -0.000000
v -25.896181 -65.521118 -109.660583
vn 0.004319 -0.999991 -0.000000
v -25.896173 -65.521118 55.393127
vn 0.004319 -0.999991 -0.000000
v 26.493420 -72.744484 61.174034
vn 0.002648 -0.613061 -0.790031
v 26.461241 -65.294968 55.393127
vn 0.002648 -0.613061 -0.790031
v -25.896173 -65.521118 55.393127
vn 0.002648 -0.613061 -0.790031
v -25.863995 -72.970634 61.174034
vn 0.002648 -0.613061 -0.790031
v -25.896173 -65.521118 55.393127
vn 0.721816 -0.692085 -0.000000
v -25.896181 -65.521118 -109.660583
vn 0.721816 -0.692085 -0.000000
v -33.090202 -73.024185 -110.212814
vn 0.721816 -0.692085 -0.000000
v -33.090195 -73.024185 54.840897
vn 0.721816 -0.692085 -0.000000
v -25.896173 -65.521118 55.393127
vn 0.572471 -0.501127 -0.648960
v -33.090195 -73.024185 54.840897
vn 0.572471 -0.501127 -0.648960
v -25.863995 -72.970634 61.174034
vn 0.572471 -0.501127 -0.648960
v -33.090195 -73.024185 54.840897
vn 0.999991 0.004319 -0.000000
v -33.090202 -73.024185 -110.212814
vn 0.999991 0.004319 -0.000000
v -32.482403 -213.742523 -110.212814
vn 0.999991 0.004319 -0.000000
v -32.482395 -213.742523 54.840897
vn 0.999991 0.004319 -0.000000
v -25.863995 -72.970634 61.174034
vn 0.659092 0.002847 -0.752057
v -33.090195 -73.024185 54.840897
vn 0.659092 0.002847 -0.752057
v -32.482395 -213.742523 54.840897
vn 0.659092 0.002847 -0.752057
v -25.256197 -213.688995 61.174034
vn 0.659092 0.002847 -0.752057
v -32.482395 -213.742523 54.840897
vn 0.713717 0.700434 -0.000000
v -32.482403 -213.742523 -110.212814
vn 0.713717 0.700434 -0.000000
v -25.224030 -221.138550 -109.660583
vn 0.713717 0.700434 -0.000000
v -25.224022 -221.138550 55.393127
vn 0.713717 0.700434 -0.000000
v -32.482395 -213.742523 54.840897
vn 0.566012 0.506936 -0.650112
v -25.224022 -221.138550 55.393127
vn 0.566012 0.506936 -0.650112
v -25.256197 -213.688995 61.174034
vn 0.566012 0.506936 -0.650112
v -25.224030 -221.138550 -109.660583
vn -0.002648 0.613059 0.790032
v -25.256208 -213.688995 -115.441490
vn -0.002648 0.613059 0.790032
v 27.101206 -213.462860 -115.441490
vn -0.002648 0.613059 0.790032
v 27.133385 -220.912415 -109.660583
vn -0.002648 0.613059 0.790032
v -25.224022 -221.138550 55.393127
vn -0.004319 0.999991 0.000000
v -25.224030 -221.138550 -109.660583
vn -0.004319 0.999991 0.000000
v 27.133385 -220.912415 -109.660583
vn -0.004319 0.999991 0.000000
v 27.133392 -220.912415 55.393127
vn -0.004319 0.999991 0.000000
v -25.224022 -221.138550 55.393127
vn -0.002648 0.613059 -0.790032
v 27.133392 -220.912415 55.393127
vn -0.002648 0.613059 -0.790032
v 27.101217 -213.462860 61.174034
vn -0.002648 0.613059 -0.790032
v -25.256197 -213.688995 61.174034
vn -0.002648 0.613059 -0.790032
v 27.101206 -213.462860 -115.441490
vn -0.524915 0.520400 0.673534
v 34.550766 -213.430679 -109.660583
vn -0.524915 0.520400 0.673534
v 27.133385 -220.912415 -109.660583
vn -0.524915 0.520400 0.673534
v 27.133385 -220.912415 -109.660583
vn -0.710154 0.704046 0.000000
v 34.550766 -213.430679 -109.660583
vn -0.710154 0.704046 0.000000
v 34.550774 -213.430679 55.393127
vn -0.710154 0.704046 0.000000
v 27.133392 -220.912415 55.393127
vn -0.710154 0.704046 0.000000
v 27.133392 -220.912415 55.393127
vn -0.524915 0.520400 -0.673534
v 34.550774 -213.430679 55.393127
vn -0.524915 0.520400 -0.673534
v 27.101217 -213.462860 61.174034
vn -0.524915 0.520400 -0.673534
v 27.101217 -213.462860 61.174034
vn 0.000000 0.000000 -1.000000
v 26.493420 -72.744484 61.174034
vn 0.000000 0.000000 -1.000000
v -25.863995 -72.970634 61.174034
vn 0.000000 0.000000 -1.000000
v -25.256197 -213.688995 61.174034
vn 0.000000 0.000000 -1.000000
v 27.101206 -213.462860 -115.441490
vn 0.000000 0.000000 1.000000
v -25.256208 -213.688995 -115.441490
vn 0.000000 0.000000 1.000000
v -25.864006 -72.970634 -115.441490
vn 0.000000 0.000000 1.000000
v 26.493408 -72.744484 -115.441490
vn 0.000000 0.000000 1.000000
vt 0.722585 0.308859
vt 0.689329 0.294696
vt 0.722585 0.294696
f 869/1669/869 870/1670/870 871/1671/871
vt 0.988577 0.294653
vt 0.956318 0.308859
vt 0.956318 0.294696
f 876/1672/876 877/1673/877 878/1674/878
vt 0.956318 0.012992
vt 0.988577 0.027113
vt 0.956318 0.027155
f 883/1675/883 884/1676/884 885/1677/885
vt 0.708188 0.992640
vt 0.749270 0.883839
vt 0.667105 0.883839
f 894/1678/894 895/1679/895 896/1680/896
vt 0.790352 0.992640
vt 0.831434 0.883839
vt 0.749270 0.883839
f 897/1681/897 898/1682/898 895/1683/895
vt 0.872517 0.992640
vt 0.913599 0.883839
vt 0.831434 0.883839
f 899/1684/899 900/1685/900 898/1686/898
vt 0.954681 0.992640
vt 0.995763 0.883839
vt 0.913599 0.883839
f 901/1687/901 902/1688/902 900/1689/900
vt 0.708188 0.992640
vt 0.749270 0.883839
vt 0.667105 0.883839
f 894/1690/894 903/1691/903 904/1692/904
vt 0.708188 0.992640
vt 0.749270 0.883839
vt 0.667105 0.883839
f 894/1693/894 905/1694/905 906/1695/906
vt 0.790352 0.992640
vt 0.831434 0.883839
vt 0.749270 0.883839
f 897/1696/897 907/1697/907 905/1698/905
vt 0.872516 0.992640
vt 0.913599 0.883839
vt 0.831434 0.883839
f 908/1699/908 909/1700/909 907/1701/907
vt 0.954681 0.992640
vt 0.995763 0.883839
vt 0.913599 0.883839
f 901/1702/901 910/1703/910 909/1704/909
vt 0.708188 0.992640
vt 0.749270 0.883839
vt 0.667105 0.883839
f 894/1705/894 911/1706/911 912/1707/912
vt 0.790352 0.992640
vt 0.831434 0.883839
vt 0.749270 0.883839
f 897/1708/897 913/1709/913 911/1710/911
vt 0.872517 0.992640
vt 0.913599 0.883839
vt 0.831434 0.883839
f 899/1711/899 914/1712/914 913/1713/913
vt 0.954681 0.992640
vt 0.995763 0.883839
vt 0.913599 0.883839
f 901/1714/901 915/1715/915 914/1716/914
vt 0.708187 0.992640
vt 0.749270 0.883839
vt 0.667105 0.883839
f 916/1717/916 917/1718/917 918/1719/918
vt 0.708187 0.992640
vt 0.749270 0.883839
vt 0.667105 0.883839
f 916/1720/916 919/1721/919 920/1722/920
vt 0.790352 0.992640
vt 0.831434 0.883839
vt 0.749270 0.883839
f 897/1723/897 921/1724/921 919/1725/919
vt 0.872516 0.992640
vt 0.913598 0.883839
vt 0.831434 0.883839
f 908/1726/908 922/1727/922 921/1728/921
vt 0.995763 0.883839
vt 0.913598 0.883839
vt 0.954681 0.992640
f 925/1729/925 922/1730/922 901/1731/901
vt 0.954681 0.331575
vt 0.913598 0.440376
vt 0.995763 0.440376
f 1008/1732/1008 1009/1733/1009 1010/1734/1010
vt 0.667105 0.440376
vt 0.749270 0.440376
vt 0.708188 0.331575
f 1011/1735/1011 1012/1736/1012 1013/1737/1013
vt 0.749270 0.440376
vt 0.831434 0.440376
vt 0.790352 0.331575
f 1012/1738/1012 1022/1739/1022 1023/1740/1023
vt 0.831434 0.440376
vt 0.913599 0.440376
vt 0.872517 0.331575
f 1022/1741/1022 1026/1742/1026 1027/1743/1027
vt 0.913599 0.440376
vt 0.995763 0.440376
vt 0.954681 0.331575
f 1026/1744/1026 1030/1745/1030 1008/1746/1008
vt 0.667105 0.440376
vt 0.749270 0.440376
vt 0.708188 0.331575
f 1033/1747/1033 1034/1748/1034 1013/1749/1013
vt 0.667105 0.440376
vt 0.749270 0.440376
vt 0.708188 0.331575
f 1039/1750/1039 1040/1751/1040 1013/1752/1013
vt 0.749270 0.440376
vt 0.831434 0.440376
vt 0.790352 0.331575
f 1040/1753/1040 1045/1754/1045 1023/1755/1023
vt 0.831434 0.440376
vt 0.913599 0.440376
vt 0.872516 0.331575
f 1045/1756/1045 1048/1757/1048 1049/1758/1049
vt 0.913599 0.440376
vt 0.995763 0.440376
vt 0.954681 0.331575
f 1048/1759/1048 1052/1760/1052 1008/1761/1008
vt 0.667105 0.440376
vt 0.749270 0.440376
vt 0.708188 0.331575
f 1055/1762/1055 1056/1763/1056 1013/1764/1013
vt 0.749270 0.440376
vt 0.831434 0.440376
vt 0.790352 0.331575
f 1056/1765/1056 1061/1766/1061 1023/1767/1023
vt 0.831434 0.440376
vt 0.913599 0.440376
vt 0.872517 0.331575
f 1061/1768/1061 1064/1769/1064 1027/1770/1027
vt 0.913599 0.440376
vt 0.995763 0.440376
vt 0.954681 0.331575
f 1064/1771/1064 1067/1772/1067 1008/1773/1008
vt 0.667105 0.440376
vt 0.749270 0.440376
vt 0.708187 0.331575
f 1070/1774/1070 1071/1775/1071 1072/1776/1072
vt 0.667105 0.440376
vt 0.749270 0.440376
vt 0.708187 0.331575
f 1077/1777/1077 1078/1778/1078 1072/1779/1072
vt 0.749270 0.440376
vt 0.831434 0.440376
vt 0.790352 0.331575
f 1078/1780/1078 1083/1781/1083 1023/1782/1023
vt 0.831434 0.440376
vt 0.913598 0.440376
vt 0.872516 0.331575
f 1083/1783/1083 1009/1784/1009 1049/1785/1049
vt 0.464605 0.304169
vt 0.487782 0.304169
vt 0.487782 0.314138
f 1090/1786/1090 1091/1787/1091 1092/1788/1092
vt 0.960974 0.301706
vt 0.993031 0.300790
vt 0.960974 0.311290
f 1105/1789/1105 1106/1790/1106 1107/1791/1107
vt 0.984889 0.030947
vt 0.953319 0.017437
vt 0.953319 0.030988
f 1120/1792/1120 1121/1793/1121 1122/1794/1122
vt 0.722585 0.027155
vt 0.689329 0.027155
vt 0.722585 0.012992
f 1135/1795/1135 1136/1796/1136 1137/1797/1137
vt 0.724580 0.017437
vt 0.692035 0.030988
vt 0.724580 0.030988
f 1142/1798/1142 1143/1799/1143 1144/1800/1144
vt 0.722585 0.308859
vt 0.689329 0.294696
vt 0.722585 0.294696
f 1157/1801/1157 1158/1802/1158 1159/1803/1159
vt 0.988577 0.294653
vt 0.956318 0.308859
vt 0.956318 0.294696
f 1164/1804/1164 1165/1805/1165 1166/1806/1166
vt 0.956318 0.012992
vt 0.988577 0.027113
vt 0.956318 0.027155
f 1171/1807/1171 1172/1808/1172 1173/1809/1173
vt 0.708188 0.992640
vt 0.749270 0.883839
vt 0.667105 0.883839
f 1182/1810/1182 1183/1811/1183 1184/1812/1184
vt 0.790352 0.992640
vt 0.831434 0.883839
vt 0.749270 0.883839
f 1185/1813/1185 1186/1814/1186 1183/1815/1183
vt 0.872517 0.992640
vt 0.913599 0.883839
vt 0.831434 0.883839
f 1187/1816/1187 1188/1817/1188 1186/1818/1186
vt 0.954681 0.992640
vt 0.995763 0.883839
vt 0.913599 0.883839
f 1189/1819/1189 1190/1820/1190 1188/1821/1188
vt 0.708188 0.992640
vt 0.749270 0.883839
vt 0.667105 0.883839
f 1182/1822/1182 1191/1823/1191 1192/1824/1192
vt 0.708188 0.992640
vt 0.749270 0.883839
vt 0.667105 0.883839
f 1182/1825/1182 1193/1826/1193 1194/1827/1194
vt 0.790352 0.992640
vt 0.831434 0.883839
vt 0.749270 0.883839
f 1185/1828/1185 1195/1829/1195 1193/1830/1193
vt 0.872516 0.992640
vt 0.913599 0.883839
vt 0.831434 0.883839
f 1196/1831/1196 1197/1832/1197 1195/1833/1195
vt 0.954681 0.992640
vt 0.995763 0.883839
vt 0.913599 0.883839
f 1189/1834/1189 1198/1835/1198 1197/1836/1197
vt 0.708188 0.992640
vt 0.749270 0.883839
vt 0.667105 0.883839
f 1182/1837/1182 1199/1838/1199 1200/1839/1200
vt 0.790352 0.992640
vt 0.831434 0.883839
vt 0.749270 0.883839
f 1185/1840/1185 1201/1841/1201 1199/1842/1199
vt 0.872517 0.992640
vt 0.913599 0.883839
vt 0.831434 0.883839
f 1187/1843/1187 1202/1844/1202 1201/1845/1201
vt 0.954681 0.992640
vt 0.995763 0.883839
vt 0.913599 0.883839
f 1189/1846/1189 1203/1847/1203 1202/1848/1202
vt 0.708187 0.992640
vt 0.749270 0.883839
vt 0.667105 0.883839
f 1204/1849/1204 1205/1850/1205 1206/1851/1206
vt 0.708187 0.992640
vt 0.749270 0.883839
vt 0.667105 0.883839
f 1204/1852/1204 1207/1853/1207 1208/1854/1208
vt 0.790352 0.992640
vt 0.831434 0.883839
vt 0.749270 0.883839
f 1185/1855/1185 1209/1856/1209 1207/1857/1207
vt 0.872516 0.992640
vt 0.913598 0.883839
vt 0.831434 0.883839
f 1196/1858/1196 1210/1859/1210 1209/1860/1209
vt 0.995763 0.883839
vt 0.913598 0.883839
vt 0.954681 0.992640
f 1213/1861/1213 1210/1862/1210 1189/1863/1189
vt 0.954681 0.331575
vt 0.913598 0.440376
vt 0.995763 0.440376
f 1296/1864/1296 1297/1865/1297 1298/1866/1298
vt 0.667105 0.440376
vt 0.749270 0.440376
vt 0.708188 0.331575
f 1299/1867/1299 1300/1868/1300 1301/1869/1301
vt 0.749270 0.440376
vt 0.831434 0.440376
vt 0.790352 0.331575
f 1300/1870/1300 1310/1871/1310 1311/1872/1311
vt 0.831434 0.440376
vt 0.913599 0.440376
vt 0.872517 0.331575
f 1310/1873/1310 1314/1874/1314 1315/1875/1315
vt 0.913599 0.440376
vt 0.995763 0.440376
vt 0.954681 0.331575
f 1314/1876/1314 1318/1877/1318 1296/1878/1296
vt 0.667105 0.440376
vt 0.749270 0.440376
vt 0.708188 0.331575
f 1321/1879/1321 1322/1880/1322 1301/1881/1301
vt 0.667105 0.440376
vt 0.749270 0.440376
vt 0.708188 0.331575
f 1327/1882/1327 1328/1883/1328 1301/1884/1301
vt 0.749270 0.440376
vt 0.831434 0.440376
vt 0.790352 0.331575
f 1328/1885/1328 1333/1886/1333 1311/1887/1311
vt 0.831434 0.440376
vt 0.913599 0.440376
vt 0.872516 0.331575
f 1333/1888/1333 1336/1889/1336 1337/1890/1337
vt 0.913599 0.440376
vt 0.995763 0.440376
vt 0.954681 0.331575
f 1336/1891/1336 1340/1892/1340 1296/1893/1296
vt 0.667105 0.440376
vt 0.749270 0.440376
vt 0.708188 0.331575
f 1343/1894/1343 1344/1895/1344 1301/1896/1301
vt 0.749270 0.440376
vt 0.831434 0.440376
vt 0.790352 0.331575
f 1344/1897/1344 1349/1898/1349 1311/1899/1311
vt 0.831434 0.440376
vt 0.913599 0.440376
vt 0.872517 0.331575
f 1349/1900/1349 1352/1901/1352 1315/1902/1315
vt 0.913599 0.440376
vt 0.995763 0.440376
vt 0.954681 0.331575
f 1352/1903/1352 1355/1904/1355 1296/1905/1296
vt 0.667105 0.440376
vt 0.749270 0.440376
vt 0.708187 0.331575
f 1358/1906/1358 1359/1907/1359 1360/1908/1360
vt 0.667105 0.440376
vt 0.749270 0.440376
vt 0.708187 0.331575
f 1365/1909/1365 1366/1910/1366 1360/1911/1360
vt 0.749270 0.440376
vt 0.831434 0.440376
vt 0.790352 0.331575
f 1366/1912/1366 1371/1913/1371 1311/1914/1311
vt 0.831434 0.440376
vt 0.913598 0.440376
vt 0.872516 0.331575
f 1371/1915/1371 1297/1916/1297 1337/1917/1337
vt 0.464605 0.304169
vt 0.487782 0.304169
vt 0.487782 0.314138
f 1378/1918/1378 1379/1919/1379 1380/1920/1380
vt 0.960974 0.301706
vt 0.993031 0.300790
vt 0.960974 0.311290
f 1393/1921/1393 1394/1922/1394 1395/1923/1395
vt 0.984889 0.030947
vt 0.953319 0.017437
vt 0.953319 0.030988
f 1408/1924/1408 1409/1925/1409 1410/1926/1410
vt 0.722585 0.027155
vt 0.689329 0.027155
vt 0.722585 0.012992
f 1423/1927/1423 1424/1928/1424 1425/1929/1425
vt 0.724580 0.017437
vt 0.692035 0.030988
vt 0.724580 0.030988
f 1430/1930/1430 1431/1931/1431 1432/1932/1432
vt 0.722585 0.308859
vt 0.689329 0.294696
vt 0.722585 0.294696
f 1445/1933/1445 1446/1934/1446 1447/1935/1447
vt 0.988577 0.294653
vt 0.956318 0.308859
vt 0.956318 0.294696
f 1452/1936/1452 1453/1937/1453 1454/1938/1454
vt 0.956318 0.012992
vt 0.988577 0.027113
vt 0.956318 0.027155
f 1459/1939/1459 1460/1940/1460 1461/1941/1461
vt 0.708188 0.992640
vt 0.749270 0.883839
vt 0.667105 0.883839
f 1470/1942/1470 1471/1943/1471 1472/1944/1472
vt 0.790352 0.992640
vt 0.831434 0.883839
vt 0.749270 0.883839
f 1473/1945/1473 1474/1946/1474 1471/1947/1471
vt 0.872517 0.992640
vt 0.913599 0.883839
vt 0.831434 0.883839
f 1475/1948/1475 1476/1949/1476 1474/1950/1474
vt 0.954681 0.992640
vt 0.995763 0.883839
vt 0.913599 0.883839
f 1477/1951/1477 1478/1952/1478 1476/1953/1476
vt 0.708188 0.992640
vt 0.749270 0.883839
vt 0.667105 0.883839
f 1470/1954/1470 1479/1955/1479 1480/1956/1480
vt 0.708188 0.992640
vt 0.749270 0.883839
vt 0.667105 0.883839
f 1470/1957/1470 1481/1958/1481 1482/1959/1482
vt 0.790352 0.992640
vt 0.831434 0.883839
vt 0.749270 0.883839
f 1473/1960/1473 1483/1961/1483 1481/1962/1481
vt 0.872516 0.992640
vt 0.913599 0.883839
vt 0.831434 0.883839
f 1484/1963/1484 1485/1964/1485 1483/1965/1483
vt 0.954681 0.992640
vt 0.995763 0.883839
vt 0.913599 0.883839
f 1477/1966/1477 1486/1967/1486 1485/1968/1485
vt 0.708188 0.992640
vt 0.749270 0.883839
vt 0.667105 0.883839
f 1470/1969/1470 1487/1970/1487 1488/1971/1488
vt 0.790352 0.992640
vt 0.831434 0.883839
vt 0.749270 0.883839
f 1473/1972/1473 1489/1973/1489 1487/1974/1487
vt 0.872517 0.992640
vt 0.913599 0.883839
vt 0.831434 0.883839
f 1475/1975/1475 1490/1976/1490 1489/1977/1489
vt 0.954681 0.992640
vt 0.995763 0.883839
vt 0.913599 0.883839
f 1477/1978/1477 1491/1979/1491 1490/1980/1490
vt 0.708187 0.992640
vt 0.749270 0.883839
vt 0.667105 0.883839
f 1492/1981/1492 1493/1982/1493 1494/1983/1494
vt 0.708187 0.992640
vt 0.749270 0.883839
vt 0.667105 0.883839
f 1492/1984/1492 1495/1985/1495 1496/1986/1496
vt 0.790352 0.992640
vt 0.831434 0.883839
vt 0.749270 0.883839
f 1473/1987/1473 1497/1988/1497 1495/1989/1495
vt 0.872516 0.992640
vt 0.913598 0.883839
vt 0.831434 0.883839
f 1484/1990/1484 1498/1991/1498 1497/1992/1497
vt 0.995763 0.883839
vt 0.913598 0.883839
vt 0.954681 0.992640
f 1501/1993/1501 1498/1994/1498 1477/1995/1477
vt 0.954681 0.331575
vt 0.913598 0.440376
vt 0.995763 0.440376
f 1584/1996/1584 1585/1997/1585 1586/1998/1586
vt 0.667105 0.440376
vt 0.749270 0.440376
vt 0.708188 0.331575
f 1587/1999/1587 1588/2000/1588 1589/2001/1589
vt 0.749270 0.440376
vt 0.831434 0.440376
vt 0.790352 0.331575
f 1588/2002/1588 1598/2003/1598 1599/2004/1599
vt 0.831434 0.440376
vt 0.913599 0.440376
vt 0.872517 0.331575
f 1598/2005/1598 1602/2006/1602 1603/2007/1603
vt 0.913599 0.440376
vt 0.995763 0.440376
vt 0.954681 0.331575
f 1602/2008/1602 1606/2009/1606 1584/2010/1584
vt 0.667105 0.440376
vt 0.749270 0.440376
vt 0.708188 0.331575
f 1609/2011/1609 1610/2012/1610 1589/2013/1589
vt 0.667105 0.440376
vt 0.749270 0.440376
vt 0.708188 0.331575
f 1615/2014/1615 1616/2015/1616 1589/2016/1589
vt 0.749270 0.440376
vt 0.831434 0.440376
vt 0.790352 0.331575
f 1616/2017/1616 1621/2018/1621 1599/2019/1599
vt 0.831434 0.440376
vt 0.913599 0.440376
vt 0.872516 0.331575
f 1621/2020/1621 1624/2021/1624 1625/2022/1625
vt 0.913599 0.440376
vt 0.995763 0.440376
vt 0.954681 0.331575
f 1624/2023/1624 1628/2024/1628 1584/2025/1584
vt 0.667105 0.440376
vt 0.749270 0.440376
vt 0.708188 0.331575
f 1631/2026/1631 1632/2027/1632 1589/2028/1589
vt 0.749270 0.440376
vt 0.831434 0.440376
vt 0.790352 0.331575
f 1632/2029/1632 1637/2030/1637 1599/2031/1599
vt 0.831434 0.440376
vt 0.913599 0.440376
vt 0.872517 0.331575
f 1637/2032/1637 1640/2033/1640 1603/2034/1603
vt 0.913599 0.440376
vt 0.995763 0.440376
vt 0.954681 0.331575
f 1640/2035/1640 1643/2036/1643 1584/2037/1584
vt 0.667105 0.440376
vt 0.749270 0.440376
vt 0.708187 0.331575
f 1646/2038/1646 1647/2039/1647 1648/2040/1648
vt 0.667105 0.440376
vt 0.749270 0.440376
vt 0.708187 0.331575
f 1653/2041/1653 1654/2042/1654 1648/2043/1648
vt 0.749270 0.440376
vt 0.831434 0.440376
vt 0.790352 0.331575
f 1654/2044/1654 1659/2045/1659 1599/2046/1599
vt 0.831434 0.440376
vt 0.913598 0.440376
vt 0.872516 0.331575
f 1659/2047/1659 1585/2048/1585 1625/2049/1625
vt 0.464605 0.304169
vt 0.487782 0.304169
vt 0.487782 0.314138
f 1666/2050/1666 1667/2051/1667 1668/2052/1668
vt 0.960974 0.301706
vt 0.993031 0.300790
vt 0.960974 0.311290
f 1681/2053/1681 1682/2054/1682 1683/2055/1683
vt 0.984889 0.030947
vt 0.953319 0.017437
vt 0.953319 0.030988
f 1696/2056/1696 1697/2057/1697 1698/2058/1698
vt 0.722585 0.027155
vt 0.689329 0.027155
vt 0.722585 0.012992
f 1711/2059/1711 1712/2060/1712 1713/2061/1713
vt 0.724580 0.017437
vt 0.692035 0.030988
vt 0.724580 0.030988
f 1718/2062/1718 1719/2063/1719 1720/2064/1720
vt 0.722585 0.294696
vt 0.689329 0.294696
vt 0.689329 0.027155
vt 0.722585 0.027155
f 865/2065/865 866/2066/866 867/2067/867 868/2068/868
vt 0.956318 0.308859
vt 0.722585 0.308859
vt 0.722585 0.294696
vt 0.956318 0.294696
f 872/2069/872 873/2070/873 874/2071/874 875/2072/875
vt 0.988577 0.027113
vt 0.988577 0.294653
vt 0.956318 0.294696
vt 0.956318 0.027155
f 879/2073/879 880/2074/880 881/2075/881 882/2076/882
vt 0.185529 0.314427
vt 0.185529 0.024261
vt 0.496749 0.024261
vt 0.496749 0.314427
f 886/2077/886 887/2078/887 888/2079/888 889/2080/889
vt 0.724580 0.030988
vt 0.692035 0.030988
vt 0.692035 0.286956
vt 0.724580 0.286956
f 890/2081/890 891/2082/891 892/2083/892 893/2084/893
vt 0.667105 0.883839
vt 0.749270 0.883839
vt 0.749270 0.773980
vt 0.667105 0.773980
f 896/2085/896 895/2086/895 923/2087/923 924/2088/924
vt 0.667105 0.773980
vt 0.749270 0.773980
vt 0.749270 0.662107
vt 0.667105 0.662107
f 924/2089/924 923/2090/923 926/2091/926 927/2092/927
vt 0.995763 0.773980
vt 0.913598 0.773980
vt 0.913598 0.883839
vt 0.995763 0.883839
f 928/2093/928 929/2094/929 922/2095/922 925/2096/925
vt 0.995763 0.662107
vt 0.913598 0.662107
vt 0.913598 0.773980
vt 0.995763 0.773980
f 930/2097/930 931/2098/931 929/2099/929 928/2100/928
vt 0.749270 0.883839
vt 0.831434 0.883839
vt 0.831434 0.773980
vt 0.749270 0.773980
f 895/2101/895 898/2102/898 932/2103/932 923/2104/923
vt 0.749270 0.773980
vt 0.831434 0.773980
vt 0.831434 0.662107
vt 0.749270 0.662107
f 923/2105/923 932/2106/932 933/2107/933 926/2108/926
vt 0.007299 0.338753
vt 0.089775 0.338753
vt 0.089775 0.662107
vt 0.007299 0.662107
f 934/2109/934 935/2110/935 936/2111/936 937/2112/937
vt 0.831434 0.883839
vt 0.913599 0.883839
vt 0.913599 0.773980
vt 0.831434 0.773980
f 898/2113/898 900/2114/900 938/2115/938 932/2116/932
vt 0.831434 0.773980
vt 0.913599 0.773980
vt 0.913599 0.662107
vt 0.831434 0.662107
f 932/2117/932 938/2118/938 939/2119/939 933/2120/933
vt 0.089775 0.338753
vt 0.172250 0.338753
vt 0.172250 0.662107
vt 0.089775 0.662107
f 935/2121/935 940/2122/940 941/2123/941 936/2124/936
vt 0.913599 0.883839
vt 0.995763 0.883839
vt 0.995763 0.773980
vt 0.913599 0.773980
f 900/2125/900 902/2126/902 942/2127/942 938/2128/938
vt 0.913599 0.773980
vt 0.995763 0.773980
vt 0.995763 0.662107
vt 0.913599 0.662107
f 938/2129/938 942/2130/942 943/2131/943 939/2132/939
vt 0.172250 0.338753
vt 0.254726 0.338753
vt 0.254726 0.662107
vt 0.172250 0.662107
f 940/2133/940 944/2134/944 945/2135/945 941/2136/941
vt 0.667105 0.883839
vt 0.749270 0.883839
vt 0.749270 0.773980
vt 0.667105 0.773980
f 904/2137/904 903/2138/903 946/2139/946 947/2140/947
vt 0.667105 0.773980
vt 0.749270 0.773980
vt 0.749270 0.662107
vt 0.667105 0.662107
f 947/2141/947 946/2142/946 948/2143/948 949/2144/949
vt 0.254726 0.338753
vt 0.337202 0.338753
vt 0.337202 0.662107
vt 0.254726 0.662107
f 944/2145/944 950/2146/950 951/2147/951 945/2148/945
vt 0.667105 0.883839
vt 0.749270 0.883839
vt 0.749270 0.773980
vt 0.667105 0.773980
f 906/2149/906 905/2150/905 952/2151/952 953/2152/953
vt 0.667105 0.773980
vt 0.749270 0.773980
vt 0.749270 0.662107
vt 0.667105 0.662107
f 953/2153/953 952/2154/952 954/2155/954 955/2156/955
vt 0.337202 0.338753
vt 0.419678 0.338753
vt 0.419678 0.662107
vt 0.337202 0.662107
f 950/2157/950 956/2158/956 957/2159/957 951/2160/951
vt 0.749270 0.883839
vt 0.831434 0.883839
vt 0.831434 0.773980
vt 0.749270 0.773980
f 905/2161/905 907/2162/907 958/2163/958 952/2164/952
vt 0.749270 0.773980
vt 0.831434 0.773980
vt 0.831434 0.662107
vt 0.749270 0.662107
f 952/2165/952 958/2166/958 959/2167/959 954/2168/954
vt 0.419678 0.338753
vt 0.502154 0.338753
vt 0.502154 0.662107
vt 0.419678 0.662107
f 956/2169/956 960/2170/960 961/2171/961 957/2172/957
vt 0.831434 0.883839
vt 0.913599 0.883839
vt 0.913599 0.773980
vt 0.831434 0.773980
f 907/2173/907 909/2174/909 962/2175/962 958/2176/958
vt 0.831434 0.773980
vt 0.913599 0.773980
vt 0.913599 0.662107
vt 0.831434 0.662107
f 958/2177/958 962/2178/962 963/2179/963 959/2180/959
vt 0.502154 0.338753
vt 0.584629 0.338753
vt 0.584629 0.662107
vt 0.502154 0.662107
f 960/2181/960 964/2182/964 965/2183/965 961/2184/961
vt 0.913599 0.883839
vt 0.995763 0.883839
vt 0.995763 0.773980
vt 0.913599 0.773980
f 909/2185/909 910/2186/910 966/2187/966 962/2188/962
vt 0.913599 0.773980
vt 0.995763 0.773980
vt 0.995763 0.662107
vt 0.913599 0.662107
f 962/2189/962 966/2190/966 967/2191/967 963/2192/963
vt 0.584629 0.338753
vt 0.667105 0.338753
vt 0.667105 0.662107
vt 0.584629 0.662107
f 964/2193/964 968/2194/968 969/2195/969 965/2196/965
vt 0.667105 0.883839
vt 0.749270 0.883839
vt 0.749270 0.773980
vt 0.667105 0.773980
f 912/2197/912 911/2198/911 970/2199/970 971/2200/971
vt 0.667105 0.773980
vt 0.749270 0.773980
vt 0.749270 0.662107
vt 0.667105 0.662107
f 971/2201/971 970/2202/970 972/2203/972 973/2204/973
vt 0.007299 0.662107
vt 0.089775 0.662107
vt 0.089775 0.985462
vt 0.007299 0.985462
f 974/2205/974 975/2206/975 976/2207/976 977/2208/977
vt 0.749270 0.883839
vt 0.831434 0.883839
vt 0.831434 0.773980
vt 0.749270 0.773980
f 911/2209/911 913/2210/913 978/2211/978 970/2212/970
vt 0.749270 0.773980
vt 0.831434 0.773980
vt 0.831434 0.662107
vt 0.749270 0.662107
f 970/2213/970 978/2214/978 979/2215/979 972/2216/972
vt 0.089775 0.662107
vt 0.172250 0.662107
vt 0.172250 0.985462
vt 0.089775 0.985462
f 975/2217/975 980/2218/980 981/2219/981 976/2220/976
vt 0.831434 0.883839
vt 0.913599 0.883839
vt 0.913599 0.773980
vt 0.831434 0.773980
f 913/2221/913 914/2222/914 982/2223/982 978/2224/978
vt 0.831434 0.773980
vt 0.913599 0.773980
vt 0.913599 0.662107
vt 0.831434 0.662107
f 978/2225/978 982/2226/982 983/2227/983 979/2228/979
vt 0.172250 0.662107
vt 0.254726 0.662107
vt 0.254726 0.985462
vt 0.172250 0.985462
f 980/2229/980 984/2230/984 985/2231/985 981/2232/981
vt 0.913599 0.883839
vt 0.995763 0.883839
vt 0.995763 0.773980
vt 0.913599 0.773980
f 914/2233/914 915/2234/915 986/2235/986 982/2236/982
vt 0.913599 0.773980
vt 0.995763 0.773980
vt 0.995763 0.662107
vt 0.913599 0.662107
f 982/2237/982 986/2238/986 987/2239/987 983/2240/983
vt 0.254726 0.662107
vt 0.337202 0.662107
vt 0.337202 0.985462
vt 0.254726 0.985462
f 984/2241/984 988/2242/988 989/2243/989 985/2244/985
vt 0.667105 0.883839
vt 0.749270 0.883839
vt 0.749270 0.773980
vt 0.667105 0.773980
f 918/2245/918 917/2246/917 990/2247/990 991/2248/991
vt 0.667105 0.773980
vt 0.749270 0.773980
vt 0.749270 0.662107
vt 0.667105 0.662107
f 991/2249/991 990/2250/990 992/2251/992 993/2252/993
vt 0.337202 0.662107
vt 0.419678 0.662107
vt 0.419678 0.985462
vt 0.337202 0.985462
f 988/2253/988 994/2254/994 995/2255/995 989/2256/989
vt 0.667105 0.883839
vt 0.749270 0.883839
vt 0.749270 0.773980
vt 0.667105 0.773980
f 920/2257/920 919/2258/919 996/2259/996 997/2260/997
vt 0.667105 0.773980
vt 0.749270 0.773980
vt 0.749270 0.662107
vt 0.667105 0.662107
f 997/2261/997 996/2262/996 998/2263/998 999/2264/999
vt 0.419678 0.662107
vt 0.502154 0.662107
vt 0.502154 0.985462
vt 0.419678 0.985462
f 994/2265/994 1000/2266/1000 1001/2267/1001 995/2268/995
vt 0.749270 0.883839
vt 0.831434 0.883839
vt 0.831434 0.773980
vt 0.749270 0.773980
f 919/2269/919 921/2270/921 1002/2271/1002 996/2272/996
vt 0.749270 0.773980
vt 0.831434 0.773980
vt 0.831434 0.662107
vt 0.749270 0.662107
f 996/2273/996 1002/2274/1002 1003/2275/1003 998/2276/998
vt 0.502154 0.662107
vt 0.584630 0.662107
vt 0.584630 0.985462
vt 0.502154 0.985462
f 1000/2277/1000 1004/2278/1004 1005/2279/1005 1001/2280/1001
vt 0.831434 0.883839
vt 0.913598 0.883839
vt 0.913598 0.773980
vt 0.831434 0.773980
f 921/2281/921 922/2282/922 929/2283/929 1002/2284/1002
vt 0.831434 0.773980
vt 0.913598 0.773980
vt 0.913598 0.662107
vt 0.831434 0.662107
f 1002/2285/1002 929/2286/929 931/2287/931 1003/2288/1003
vt 0.584630 0.662107
vt 0.667105 0.662107
vt 0.667105 0.985462
vt 0.584630 0.985462
f 1004/2289/1004 1006/2290/1006 1007/2291/1007 1005/2292/1005
vt 0.995763 0.440376
vt 0.913598 0.440376
vt 0.913598 0.550234
vt 0.995763 0.550234
f 1010/2293/1010 1009/2294/1009 1014/2295/1014 1015/2296/1015
vt 0.667105 0.550234
vt 0.749270 0.550234
vt 0.749270 0.440376
vt 0.667105 0.440376
f 1016/2297/1016 1017/2298/1017 1012/2299/1012 1011/2300/1011
vt 0.995763 0.550234
vt 0.913598 0.550234
vt 0.913598 0.662107
vt 0.995763 0.662107
f 1015/2301/1015 1014/2302/1014 1018/2303/1018 1019/2304/1019
vt 0.667105 0.662107
vt 0.749270 0.662107
vt 0.749270 0.550234
vt 0.667105 0.550234
f 1020/2305/1020 1021/2306/1021 1017/2307/1017 1016/2308/1016
vt 0.749270 0.550234
vt 0.831434 0.550234
vt 0.831434 0.440376
vt 0.749270 0.440376
f 1017/2309/1017 1024/2310/1024 1022/2311/1022 1012/2312/1012
vt 0.749270 0.662107
vt 0.831434 0.662107
vt 0.831434 0.550234
vt 0.749270 0.550234
f 1021/2313/1021 1025/2314/1025 1024/2315/1024 1017/2316/1017
vt 0.831434 0.550234
vt 0.913599 0.550234
vt 0.913599 0.440376
vt 0.831434 0.440376
f 1024/2317/1024 1028/2318/1028 1026/2319/1026 1022/2320/1022
vt 0.831434 0.662107
vt 0.913599 0.662107
vt 0.913599 0.550234
vt 0.831434 0.550234
f 1025/2321/1025 1029/2322/1029 1028/2323/1028 1024/2324/1024
vt 0.913599 0.550234
vt 0.995763 0.550234
vt 0.995763 0.440376
vt 0.913599 0.440376
f 1028/2325/1028 1031/2326/1031 1030/2327/1030 1026/2328/1026
vt 0.913599 0.662107
vt 0.995763 0.662107
vt 0.995763 0.550234
vt 0.913599 0.550234
f 1029/2329/1029 1032/2330/1032 1031/2331/1031 1028/2332/1028
vt 0.667105 0.550234
vt 0.749270 0.550234
vt 0.749270 0.440376
vt 0.667105 0.440376
f 1035/2333/1035 1036/2334/1036 1034/2335/1034 1033/2336/1033
vt 0.667105 0.662107
vt 0.749270 0.662107
vt 0.749270 0.550234
vt 0.667105 0.550234
f 1037/2337/1037 1038/2338/1038 1036/2339/1036 1035/2340/1035
vt 0.667105 0.550234
vt 0.749270 0.550234
vt 0.749270 0.440376
vt 0.667105 0.440376
f 1041/2341/1041 1042/2342/1042 1040/2343/1040 1039/2344/1039
vt 0.667105 0.662107
vt 0.749270 0.662107
vt 0.749270 0.550234
vt 0.667105 0.550234
f 1043/2345/1043 1044/2346/1044 1042/2347/1042 1041/2348/1041
vt 0.749270 0.550234
vt 0.831434 0.550234
vt 0.831434 0.440376
vt 0.749270 0.440376
f 1042/2349/1042 1046/2350/1046 1045/2351/1045 1040/2352/1040
vt 0.749270 0.662107
vt 0.831434 0.662107
vt 0.831434 0.550234
vt 0.749270 0.550234
f 1044/2353/1044 1047/2354/1047 1046/2355/1046 1042/2356/1042
vt 0.831434 0.550234
vt 0.913599 0.550234
vt 0.913599 0.440376
vt 0.831434 0.440376
f 1046/2357/1046 1050/2358/1050 1048/2359/1048 1045/2360/1045
vt 0.831434 0.662107
vt 0.913599 0.662107
vt 0.913599 0.550234
vt 0.831434 0.550234
f 1047/2361/1047 1051/2362/1051 1050/2363/1050 1046/2364/1046
vt 0.913599 0.550234
vt 0.995763 0.550234
vt 0.995763 0.440376
vt 0.913599 0.440376
f 1050/2365/1050 1053/2366/1053 1052/2367/1052 1048/2368/1048
vt 0.913599 0.662107
vt 0.995763 0.662107
vt 0.995763 0.550234
vt 0.913599 0.550234
f 1051/2369/1051 1054/2370/1054 1053/2371/1053 1050/2372/1050
vt 0.667105 0.550234
vt 0.749270 0.550234
vt 0.749270 0.440376
vt 0.667105 0.440376
f 1057/2373/1057 1058/2374/1058 1056/2375/1056 1055/2376/1055
vt 0.667105 0.662107
vt 0.749270 0.662107
vt 0.749270 0.550234
vt 0.667105 0.550234
f 1059/2377/1059 1060/2378/1060 1058/2379/1058 1057/2380/1057
vt 0.749270 0.550234
vt 0.831434 0.550234
vt 0.831434 0.440376
vt 0.749270 0.440376
f 1058/2381/1058 1062/2382/1062 1061/2383/1061 1056/2384/1056
vt 0.749270 0.662107
vt 0.831434 0.662107
vt 0.831434 0.550234
vt 0.749270 0.550234
f 1060/2385/1060 1063/2386/1063 1062/2387/1062 1058/2388/1058
vt 0.831434 0.550234
vt 0.913599 0.550234
vt 0.913599 0.440376
vt 0.831434 0.440376
f 1062/2389/1062 1065/2390/1065 1064/2391/1064 1061/2392/1061
vt 0.831434 0.662107
vt 0.913599 0.662107
vt 0.913599 0.550234
vt 0.831434 0.550234
f 1063/2393/1063 1066/2394/1066 1065/2395/1065 1062/2396/1062
vt 0.913599 0.550234
vt 0.995763 0.550234
vt 0.995763 0.440376
vt 0.913599 0.440376
f 1065/2397/1065 1068/2398/1068 1067/2399/1067 1064/2400/1064
vt 0.913599 0.662107
vt 0.995763 0.662107
vt 0.995763 0.550234
vt 0.913599 0.550234
f 1066/2401/1066 1069/2402/1069 1068/2403/1068 1065/2404/1065
vt 0.667105 0.550234
vt 0.749270 0.550234
vt 0.749270 0.440376
vt 0.667105 0.440376
f 1073/2405/1073 1074/2406/1074 1071/2407/1071 1070/2408/1070
vt 0.667105 0.662107
vt 0.749270 0.662107
vt 0.749270 0.550234
vt 0.667105 0.550234
f 1075/2409/1075 1076/2410/1076 1074/2411/1074 1073/2412/1073
vt 0.667105 0.550234
vt 0.749270 0.550234
vt 0.749270 0.440376
vt 0.667105 0.440376
f 1079/2413/1079 1080/2414/1080 1078/2415/1078 1077/2416/1077
vt 0.667105 0.662107
vt 0.749270 0.662107
vt 0.749270 0.550234
vt 0.667105 0.550234
f 1081/2417/1081 1082/2418/1082 1080/2419/1080 1079/2420/1079
vt 0.749270 0.550234
vt 0.831434 0.550234
vt 0.831434 0.440376
vt 0.749270 0.440376
f 1080/2421/1080 1084/2422/1084 1083/2423/1083 1078/2424/1078
vt 0.749270 0.662107
vt 0.831434 0.662107
vt 0.831434 0.550234
vt 0.749270 0.550234
f 1082/2425/1082 1085/2426/1085 1084/2427/1084 1080/2428/1080
vt 0.831434 0.550234
vt 0.913598 0.550234
vt 0.913598 0.440376
vt 0.831434 0.440376
f 1084/2429/1084 1014/2430/1014 1009/2431/1009 1083/2432/1083
vt 0.831434 0.662107
vt 0.913598 0.662107
vt 0.913598 0.550234
vt 0.831434 0.550234
f 1085/2433/1085 1018/2434/1018 1014/2435/1014 1084/2436/1084
vt 0.522048 0.321874
vt 0.522048 0.016450
vt 0.538158 0.016450
vt 0.538158 0.321874
f 1086/2437/1086 1087/2438/1087 1088/2439/1088 1089/2440/1089
vt 0.538158 0.321874
vt 0.538158 0.016450
vt 0.651381 0.016450
vt 0.651381 0.321874
f 1093/2441/1093 1094/2442/1094 1095/2443/1095 1096/2444/1096
vt 0.728710 0.311290
vt 0.728710 0.301706
vt 0.960974 0.301706
vt 0.960974 0.311290
f 1097/2445/1097 1098/2446/1098 1099/2447/1099 1100/2448/1100
vt 0.651381 0.321874
vt 0.651381 0.016450
vt 0.667008 0.015428
vt 0.667008 0.320853
f 1101/2449/1101 1102/2450/1102 1103/2451/1103 1104/2452/1104
vt 0.185529 0.314427
vt 0.185529 0.024261
vt 0.496749 0.024261
vt 0.496749 0.314427
f 1108/2453/1108 1109/2454/1109 1110/2455/1110 1111/2456/1111
vt 0.953319 0.286956
vt 0.984889 0.286915
vt 0.984889 0.030947
vt 0.953319 0.030988
f 1112/2457/1112 1113/2458/1113 1114/2459/1114 1115/2460/1115
vt 0.497123 0.312804
vt 0.497123 0.016382
vt 0.464129 0.017374
vt 0.464129 0.313796
f 1116/2461/1116 1117/2462/1117 1118/2463/1118 1119/2464/1119
vt 0.956318 0.012992
vt 0.956318 0.027155
vt 0.722585 0.027155
vt 0.722585 0.012992
f 1123/2465/1123 1124/2466/1124 1125/2467/1125 1126/2468/1126
vt 0.464129 0.313796
vt 0.464129 0.017374
vt 0.225073 0.017374
vt 0.225073 0.313796
f 1127/2469/1127 1128/2470/1128 1129/2471/1129 1130/2472/1130
vt 0.953319 0.017437
vt 0.724580 0.017437
vt 0.724580 0.030988
vt 0.953319 0.030988
f 1131/2473/1131 1132/2474/1132 1133/2475/1133 1134/2476/1134
vt 0.225073 0.017374
vt 0.191059 0.017374
vt 0.191059 0.313796
vt 0.225073 0.313796
f 1138/2477/1138 1139/2478/1139 1140/2479/1140 1141/2480/1141
vt 0.724580 0.030988
vt 0.724580 0.286956
vt 0.953319 0.286956
vt 0.953319 0.030988
f 1145/2481/1145 1146/2482/1146 1147/2483/1147 1148/2484/1148
vt 0.722585 0.027155
vt 0.956318 0.027155
vt 0.956318 0.294696
vt 0.722585 0.294696
f 1149/2485/1149 1150/2486/1150 1151/2487/1151 1152/2488/1152
vt 0.722585 0.294696
vt 0.689329 0.294696
vt 0.689329 0.027155
vt 0.722585 0.027155
f 1153/2489/1153 1154/2490/1154 1155/2491/1155 1156/2492/1156
vt 0.956318 0.308859
vt 0.722585 0.308859
vt 0.722585 0.294696
vt 0.956318 0.294696
f 1160/2493/1160 1161/2494/1161 1162/2495/1162 1163/2496/1163
vt 0.988577 0.027113
vt 0.988577 0.294653
vt 0.956318 0.294696
vt 0.956318 0.027155
f 1167/2497/1167 1168/2498/1168 1169/2499/1169 1170/2500/1170
vt 0.185529 0.314427
vt 0.185529 0.024261
vt 0.496749 0.024261
vt 0.496749 0.314427
f 1174/2501/1174 1175/2502/1175 1176/2503/1176 1177/2504/1177
vt 0.724580 0.030988
vt 0.692035 0.030988
vt 0.692035 0.286956
vt 0.724580 0.286956
f 1178/2505/1178 1179/2506/1179 1180/2507/1180 1181/2508/1181
vt 0.667105 0.883839
vt 0.749270 0.883839
vt 0.749270 0.773980
vt 0.667105 0.773980
f 1184/2509/1184 1183/2510/1183 1211/2511/1211 1212/2512/1212
vt 0.667105 0.773980
vt 0.749270 0.773980
vt 0.749270 0.662107
vt 0.667105 0.662107
f 1212/2513/1212 1211/2514/1211 1214/2515/1214 1215/2516/1215
vt 0.995763 0.773980
vt 0.913598 0.773980
vt 0.913598 0.883839
vt 0.995763 0.883839
f 1216/2517/1216 1217/2518/1217 1210/2519/1210 1213/2520/1213
vt 0.995763 0.662107
vt 0.913598 0.662107
vt 0.913598 0.773980
vt 0.995763 0.773980
f 1218/2521/1218 1219/2522/1219 1217/2523/1217 1216/2524/1216
vt 0.749270 0.883839
vt 0.831434 0.883839
vt 0.831434 0.773980
vt 0.749270 0.773980
f 1183/2525/1183 1186/2526/1186 1220/2527/1220 1211/2528/1211
vt 0.749270 0.773980
vt 0.831434 0.773980
vt 0.831434 0.662107
vt 0.749270 0.662107
f 1211/2529/1211 1220/2530/1220 1221/2531/1221 1214/2532/1214
vt 0.007299 0.338753
vt 0.089775 0.338753
vt 0.089775 0.662107
vt 0.007299 0.662107
f 1222/2533/1222 1223/2534/1223 1224/2535/1224 1225/2536/1225
vt 0.831434 0.883839
vt 0.913599 0.883839
vt 0.913599 0.773980
vt 0.831434 0.773980
f 1186/2537/1186 1188/2538/1188 1226/2539/1226 1220/2540/1220
vt 0.831434 0.773980
vt 0.913599 0.773980
vt 0.913599 0.662107
vt 0.831434 0.662107
f 1220/2541/1220 1226/2542/1226 1227/2543/1227 1221/2544/1221
vt 0.089775 0.338753
vt 0.172250 0.338753
vt 0.172250 0.662107
vt 0.089775 0.662107
f 1223/2545/1223 1228/2546/1228 1229/2547/1229 1224/2548/1224
vt 0.913599 0.883839
vt 0.995763 0.883839
vt 0.995763 0.773980
vt 0.913599 0.773980
f 1188/2549/1188 1190/2550/1190 1230/2551/1230 1226/2552/1226
vt 0.913599 0.773980
vt 0.995763 0.773980
vt 0.995763 0.662107
vt 0.913599 0.662107
f 1226/2553/1226 1230/2554/1230 1231/2555/1231 1227/2556/1227
vt 0.172250 0.338753
vt 0.254726 0.338753
vt 0.254726 0.662107
vt 0.172250 0.662107
f 1228/2557/1228 1232/2558/1232 1233/2559/1233 1229/2560/1229
vt 0.667105 0.883839
vt 0.749270 0.883839
vt 0.749270 0.773980
vt 0.667105 0.773980
f 1192/2561/1192 1191/2562/1191 1234/2563/1234 1235/2564/1235
vt 0.667105 0.773980
vt 0.749270 0.773980
vt 0.749270 0.662107
vt 0.667105 0.662107
f 1235/2565/1235 1234/2566/1234 1236/2567/1236 1237/2568/1237
vt 0.254726 0.338753
vt 0.337202 0.338753
vt 0.337202 0.662107
vt 0.254726 0.662107
f 1232/2569/1232 1238/2570/1238 1239/2571/1239 1233/2572/1233
vt 0.667105 0.883839
vt 0.749270 0.883839
vt 0.749270 0.773980
vt 0.667105 0.773980
f 1194/2573/1194 1193/2574/1193 1240/2575/1240 1241/2576/1241
vt 0.667105 0.773980
vt 0.749270 0.773980
vt 0.749270 0.662107
vt 0.667105 0.662107
f 1241/2577/1241 1240/2578/1240 1242/2579/1242 1243/2580/1243
vt 0.337202 0.338753
vt 0.419678 0.338753
vt 0.419678 0.662107
vt 0.337202 0.662107
f 1238/2581/1238 1244/2582/1244 1245/2583/1245 1239/2584/1239
vt 0.749270 0.883839
vt 0.831434 0.883839
vt 0.831434 0.773980
vt 0.749270 0.773980
f 1193/2585/1193 1195/2586/1195 1246/2587/1246 1240/2588/1240
vt 0.749270 0.773980
vt 0.831434 0.773980
vt 0.831434 0.662107
vt 0.749270 0.662107
f 1240/2589/1240 1246/2590/1246 1247/2591/1247 1242/2592/1242
vt 0.419678 0.338753
vt 0.502154 0.338753
vt 0.502154 0.662107
vt 0.419678 0.662107
f 1244/2593/1244 1248/2594/1248 1249/2595/1249 1245/2596/1245
vt 0.831434 0.883839
vt 0.913599 0.883839
vt 0.913599 0.773980
vt 0.831434 0.773980
f 1195/2597/1195 1197/2598/1197 1250/2599/1250 1246/2600/1246
vt 0.831434 0.773980
vt 0.913599 0.773980
vt 0.913599 0.662107
vt 0.831434 0.662107
f 1246/2601/1246 1250/2602/1250 1251/2603/1251 1247/2604/1247
vt 0.502154 0.338753
vt 0.584629 0.338753
vt 0.584629 0.662107
vt 0.502154 0.662107
f 1248/2605/1248 1252/2606/1252 1253/2607/1253 1249/2608/1249
vt 0.913599 0.883839
vt 0.995763 0.883839
vt 0.995763 0.773980
vt 0.913599 0.773980
f 1197/2609/1197 1198/2610/1198 1254/2611/1254 1250/2612/1250
vt 0.913599 0.773980
vt 0.995763 0.773980
vt 0.995763 0.662107
vt 0.913599 0.662107
f 1250/2613/1250 1254/2614/1254 1255/2615/1255 1251/2616/1251
vt 0.584629 0.338753
vt 0.667105 0.338753
vt 0.667105 0.662107
vt 0.584629 0.662107
f 1252/2617/1252 1256/2618/1256 1257/2619/1257 1253/2620/1253
vt 0.667105 0.883839
vt 0.749270 0.883839
vt 0.749270 0.773980
vt 0.667105 0.773980
f 1200/2621/1200 1199/2622/1199 1258/2623/1258 1259/2624/1259
vt 0.667105 0.773980
vt 0.749270 0.773980
vt 0.749270 0.662107
vt 0.667105 0.662107
f 1259/2625/1259 1258/2626/1258 1260/2627/1260 1261/2628/1261
vt 0.007299 0.662107
vt 0.089775 0.662107
vt 0.089775 0.985462
vt 0.007299 0.985462
f 1262/2629/1262 1263/2630/1263 1264/2631/1264 1265/2632/1265
vt 0.749270 0.883839
vt 0.831434 0.883839
vt 0.831434 0.773980
vt 0.749270 0.773980
f 1199/2633/1199 1201/2634/1201 1266/2635/1266 1258/2636/1258
vt 0.749270 0.773980
vt 0.831434 0.773980
vt 0.831434 0.662107
vt 0.749270 0.662107
f 1258/2637/1258 1266/2638/1266 1267/2639/1267 1260/2640/1260
vt 0.089775 0.662107
vt 0.172250 0.662107
vt 0.172250 0.985462
vt 0.089775 0.985462
f 1263/2641/1263 1268/2642/1268 1269/2643/1269 1264/2644/1264
vt 0.831434 0.883839
vt 0.913599 0.883839
vt 0.913599 0.773980
vt 0.831434 0.773980
f 1201/2645/1201 1202/2646/1202 1270/2647/1270 1266/2648/1266
vt 0.831434 0.773980
vt 0.913599 0.773980
vt 0.913599 0.662107
vt 0.831434 0.662107
f 1266/2649/1266 1270/2650/1270 1271/2651/1271 1267/2652/1267
vt 0.172250 0.662107
vt 0.254726 0.662107
vt 0.254726 0.985462
vt 0.172250 0.985462
f 1268/2653/1268 1272/2654/1272 1273/2655/1273 1269/2656/1269
vt 0.913599 0.883839
vt 0.995763 0.883839
vt 0.995763 0.773980
vt 0.913599 0.773980
f 1202/2657/1202 1203/2658/1203 1274/2659/1274 1270/2660/1270
vt 0.913599 0.773980
vt 0.995763 0.773980
vt 0.995763 0.662107
vt 0.913599 0.662107
f 1270/2661/1270 1274/2662/1274 1275/2663/1275 1271/2664/1271
vt 0.254726 0.662107
vt 0.337202 0.662107
vt 0.337202 0.985462
vt 0.254726 0.985462
f 1272/2665/1272 1276/2666/1276 1277/2667/1277 1273/2668/1273
vt 0.667105 0.883839
vt 0.749270 0.883839
vt 0.749270 0.773980
vt 0.667105 0.773980
f 1206/2669/1206 1205/2670/1205 1278/2671/1278 1279/2672/1279
vt 0.667105 0.773980
vt 0.749270 0.773980
vt 0.749270 0.662107
vt 0.667105 0.662107
f 1279/2673/1279 1278/2674/1278 1280/2675/1280 1281/2676/1281
vt 0.337202 0.662107
vt 0.419678 0.662107
vt 0.419678 0.985462
vt 0.337202 0.985462
f 1276/2677/1276 1282/2678/1282 1283/2679/1283 1277/2680/1277
vt 0.667105 0.883839
vt 0.749270 0.883839
vt 0.749270 0.773980
vt 0.667105 0.773980
f 1208/2681/1208 1207/2682/1207 1284/2683/1284 1285/2684/1285
vt 0.667105 0.773980
vt 0.749270 0.773980
vt 0.749270 0.662107
vt 0.667105 0.662107
f 1285/2685/1285 1284/2686/1284 1286/2687/1286 1287/2688/1287
vt 0.419678 0.662107
vt 0.502154 0.662107
vt 0.502154 0.985462
vt 0.419678 0.985462
f 1282/2689/1282 1288/2690/1288 1289/2691/1289 1283/2692/1283
vt 0.749270 0.883839
vt 0.831434 0.883839
vt 0.831434 0.773980
vt 0.749270 0.773980
f 1207/2693/1207 1209/2694/1209 1290/2695/1290 1284/2696/1284
vt 0.749270 0.773980
vt 0.831434 0.773980
vt 0.831434 0.662107
vt 0.749270 0.662107
f 1284/2697/1284 1290/2698/1290 1291/2699/1291 1286/2700/1286
vt 0.502154 0.662107
vt 0.584630 0.662107
vt 0.584630 0.985462
vt 0.502154 0.985462
f 1288/2701/1288 1292/2702/1292 1293/2703/1293 1289/2704/1289
vt 0.831434 0.883839
vt 0.913598 0.883839
vt 0.913598 0.773980
vt 0.831434 0.773980
f 1209/2705/1209 1210/2706/1210 1217/2707/1217 1290/2708/1290
vt 0.831434 0.773980
vt 0.913598 0.773980
vt 0.913598 0.662107
vt 0.831434 0.662107
f 1290/2709/1290 1217/2710/1217 1219/2711/1219 1291/2712/1291
vt 0.584630 0.662107
vt 0.667105 0.662107
vt 0.667105 0.985462
vt 0.584630 0.985462
f 1292/2713/1292 1294/2714/1294 1295/2715/1295 1293/2716/1293
vt 0.995763 0.440376
vt 0.913598 0.440376
vt 0.913598 0.550234
vt 0.995763 0.550234
f 1298/2717/1298 1297/2718/1297 1302/2719/1302 1303/2720/1303
vt 0.667105 0.550234
vt 0.749270 0.550234
vt 0.749270 0.440376
vt 0.667105 0.440376
f 1304/2721/1304 1305/2722/1305 1300/2723/1300 1299/2724/1299
vt 0.995763 0.550234
vt 0.913598 0.550234
vt 0.913598 0.662107
vt 0.995763 0.662107
f 1303/2725/1303 1302/2726/1302 1306/2727/1306 1307/2728/1307
vt 0.667105 0.662107
vt 0.749270 0.662107
vt 0.749270 0.550234
vt 0.667105 0.550234
f 1308/2729/1308 1309/2730/1309 1305/2731/1305 1304/2732/1304
vt 0.749270 0.550234
vt 0.831434 0.550234
vt 0.831434 0.440376
vt 0.749270 0.440376
f 1305/2733/1305 1312/2734/1312 1310/2735/1310 1300/2736/1300
vt 0.749270 0.662107
vt 0.831434 0.662107
vt 0.831434 0.550234
vt 0.749270 0.550234
f 1309/2737/1309 1313/2738/1313 1312/2739/1312 1305/2740/1305
vt 0.831434 0.550234
vt 0.913599 0.550234
vt 0.913599 0.440376
vt 0.831434 0.440376
f 1312/2741/1312 1316/2742/1316 1314/2743/1314 1310/2744/1310
vt 0.831434 0.662107
vt 0.913599 0.662107
vt 0.913599 0.550234
vt 0.831434 0.550234
f 1313/2745/1313 1317/2746/1317 1316/2747/1316 1312/2748/1312
vt 0.913599 0.550234
vt 0.995763 0.550234
vt 0.995763 0.440376
vt 0.913599 0.440376
f 1316/2749/1316 1319/2750/1319 1318/2751/1318 1314/2752/1314
vt 0.913599 0.662107
vt 0.995763 0.662107
vt 0.995763 0.550234
vt 0.913599 0.550234
f 1317/2753/1317 1320/2754/1320 1319/2755/1319 1316/2756/1316
vt 0.667105 0.550234
vt 0.749270 0.550234
vt 0.749270 0.440376
vt 0.667105 0.440376
f 1323/2757/1323 1324/2758/1324 1322/2759/1322 1321/2760/1321
vt 0.667105 0.662107
vt 0.749270 0.662107
vt 0.749270 0.550234
vt 0.667105 0.550234
f 1325/2761/1325 1326/2762/1326 1324/2763/1324 1323/2764/1323
vt 0.667105 0.550234
vt 0.749270 0.550234
vt 0.749270 0.440376
vt 0.667105 0.440376
f 1329/2765/1329 1330/2766/1330 1328/2767/1328 1327/2768/1327
vt 0.667105 0.662107
vt 0.749270 0.662107
vt 0.749270 0.550234
vt 0.667105 0.550234
f 1331/2769/1331 1332/2770/1332 1330/2771/1330 1329/2772/1329
vt 0.749270 0.550234
vt 0.831434 0.550234
vt 0.831434 0.440376
vt 0.749270 0.440376
f 1330/2773/1330 1334/2774/1334 1333/2775/1333 1328/2776/1328
vt 0.749270 0.662107
vt 0.831434 0.662107
vt 0.831434 0.550234
vt 0.749270 0.550234
f 1332/2777/1332 1335/2778/1335 1334/2779/1334 1330/2780/1330
vt 0.831434 0.550234
vt 0.913599 0.550234
vt 0.913599 0.440376
vt 0.831434 0.440376
f 1334/2781/1334 1338/2782/1338 1336/2783/1336 1333/2784/1333
vt 0.831434 0.662107
vt 0.913599 0.662107
vt 0.913599 0.550234
vt 0.831434 0.550234
f 1335/2785/1335 1339/2786/1339 1338/2787/1338 1334/2788/1334
vt 0.913599 0.550234
vt 0.995763 0.550234
vt 0.995763 0.440376
vt 0.913599 0.440376
f 1338/2789/1338 1341/2790/1341 1340/2791/1340 1336/2792/1336
vt 0.913599 0.662107
vt 0.995763 0.662107
vt 0.995763 0.550234
vt 0.913599 0.550234
f 1339/2793/1339 1342/2794/1342 1341/2795/1341 1338/2796/1338
vt 0.667105 0.550234
vt 0.749270 0.550234
vt 0.749270 0.440376
vt 0.667105 0.440376
f 1345/2797/1345 1346/2798/1346 1344/2799/1344 1343/2800/1343
vt 0.667105 0.662107
vt 0.749270 0.662107
vt 0.749270 0.550234
vt 0.667105 0.550234
f 1347/2801/1347 1348/2802/1348 1346/2803/1346 1345/2804/1345
vt 0.749270 0.550234
vt 0.831434 0.550234
vt 0.831434 0.440376
vt 0.749270 0.440376
f 1346/2805/1346 1350/2806/1350 1349/2807/1349 1344/2808/1344
vt 0.749270 0.662107
vt 0.831434 0.662107
vt 0.831434 0.550234
vt 0.749270 0.550234
f 1348/2809/1348 1351/2810/1351 1350/2811/1350 1346/2812/1346
vt 0.831434 0.550234
vt 0.913599 0.550234
vt 0.913599 0.440376
vt 0.831434 0.440376
f 1350/2813/1350 1353/2814/1353 1352/2815/1352 1349/2816/1349
vt 0.831434 0.662107
vt 0.913599 0.662107
vt 0.913599 0.550234
vt 0.831434 0.550234
f 1351/2817/1351 1354/2818/1354 1353/2819/1353 1350/2820/1350
vt 0.913599 0.550234
vt 0.995763 0.550234
vt 0.995763 0.440376
vt 0.913599 0.440376
f 1353/2821/1353 1356/2822/1356 1355/2823/1355 1352/2824/1352
vt 0.913599 0.662107
vt 0.995763 0.662107
vt 0.995763 0.550234
vt 0.913599 0.550234
f 1354/2825/1354 1357/2826/1357 1356/2827/1356 1353/2828/1353
vt 0.667105 0.550234
vt 0.749270 0.550234
vt 0.749270 0.440376
vt 0.667105 0.440376
f 1361/2829/1361 1362/2830/1362 1359/2831/1359 1358/2832/1358
vt 0.667105 0.662107
vt 0.749270 0.662107
vt 0.749270 0.550234
vt 0.667105 0.550234
f 1363/2833/1363 1364/2834/1364 1362/2835/1362 1361/2836/1361
vt 0.667105 0.550234
vt 0.749270 0.550234
vt 0.749270 0.440376
vt 0.667105 0.440376
f 1367/2837/1367 1368/2838/1368 1366/2839/1366 1365/2840/1365
vt 0.667105 0.662107
vt 0.749270 0.662107
vt 0.749270 0.550234
vt 0.667105 0.550234
f 1369/2841/1369 1370/2842/1370 1368/2843/1368 1367/2844/1367
vt 0.749270 0.550234
vt 0.831434 0.550234
vt 0.831434 0.440376
vt 0.749270 0.440376
f 1368/2845/1368 1372/2846/1372 1371/2847/1371 1366/2848/1366
vt 0.749270 0.662107
vt 0.831434 0.662107
vt 0.831434 0.550234
vt 0.749270 0.550234
f 1370/2849/1370 1373/2850/1373 1372/2851/1372 1368/2852/1368
vt 0.831434 0.550234
vt 0.913598 0.550234
vt 0.913598 0.440376
vt 0.831434 0.440376
f 1372/2853/1372 1302/2854/1302 1297/2855/1297 1371/2856/1371
vt 0.831434 0.662107
vt 0.913598 0.662107
vt 0.913598 0.550234
vt 0.831434 0.550234
f 1373/2857/1373 1306/2858/1306 1302/2859/1302 1372/2860/1372
vt 0.522048 0.321874
vt 0.522048 0.016450
vt 0.538158 0.016450
vt 0.538158 0.321874
f 1374/2861/1374 1375/2862/1375 1376/2863/1376 1377/2864/1377
vt 0.538158 0.321874
vt 0.538158 0.016450
vt 0.651381 0.016450
vt 0.651381 0.321874
f 1381/2865/1381 1382/2866/1382 1383/2867/1383 1384/2868/1384
vt 0.728710 0.311290
vt 0.728710 0.301706
vt 0.960974 0.301706
vt 0.960974 0.311290
f 1385/2869/1385 1386/2870/1386 1387/2871/1387 1388/2872/1388
vt 0.651381 0.321874
vt 0.651381 0.016450
vt 0.667008 0.015428
vt 0.667008 0.320853
f 1389/2873/1389 1390/2874/1390 1391/2875/1391 1392/2876/1392
vt 0.185529 0.314427
vt 0.185529 0.024261
vt 0.496749 0.024261
vt 0.496749 0.314427
f 1396/2877/1396 1397/2878/1397 1398/2879/1398 1399/2880/1399
vt 0.953319 0.286956
vt 0.984889 0.286915
vt 0.984889 0.030947
vt 0.953319 0.030988
f 1400/2881/1400 1401/2882/1401 1402/2883/1402 1403/2884/1403
vt 0.497123 0.312804
vt 0.497123 0.016382
vt 0.464129 0.017374
vt 0.464129 0.313796
f 1404/2885/1404 1405/2886/1405 1406/2887/1406 1407/2888/1407
vt 0.956318 0.012992
vt 0.956318 0.027155
vt 0.722585 0.027155
vt 0.722585 0.012992
f 1411/2889/1411 1412/2890/1412 1413/2891/1413 1414/2892/1414
vt 0.464129 0.313796
vt 0.464129 0.017374
vt 0.225073 0.017374
vt 0.225073 0.313796
f 1415/2893/1415 1416/2894/1416 1417/2895/1417 1418/2896/1418
vt 0.953319 0.017437
vt 0.724580 0.017437
vt 0.724580 0.030988
vt 0.953319 0.030988
f 1419/2897/1419 1420/2898/1420 1421/2899/1421 1422/2900/1422
vt 0.225073 0.017374
vt 0.191059 0.017374
vt 0.191059 0.313796
vt 0.225073 0.313796
f 1426/2901/1426 1427/2902/1427 1428/2903/1428 1429/2904/1429
vt 0.724580 0.030988
vt 0.724580 0.286956
vt 0.953319 0.286956
vt 0.953319 0.030988
f 1433/2905/1433 1434/2906/1434 1435/2907/1435 1436/2908/1436
vt 0.722585 0.027155
vt 0.956318 0.027155
vt 0.956318 0.294696
vt 0.722585 0.294696
f 1437/2909/1437 1438/2910/1438 1439/2911/1439 1440/2912/1440
vt 0.722585 0.294696
vt 0.689329 0.294696
vt 0.689329 0.027155
vt 0.722585 0.027155
f 1441/2913/1441 1442/2914/1442 1443/2915/1443 1444/2916/1444
vt 0.956318 0.308859
vt 0.722585 0.308859
vt 0.722585 0.294696
vt 0.956318 0.294696
f 1448/2917/1448 1449/2918/1449 1450/2919/1450 1451/2920/1451
vt 0.988577 0.027113
vt 0.988577 0.294653
vt 0.956318 0.294696
vt 0.956318 0.027155
f 1455/2921/1455 1456/2922/1456 1457/2923/1457 1458/2924/1458
vt 0.185529 0.314427
vt 0.185529 0.024261
vt 0.496749 0.024261
vt 0.496749 0.314427
f 1462/2925/1462 1463/2926/1463 1464/2927/1464 1465/2928/1465
vt 0.724580 0.030988
vt 0.692035 0.030988
vt 0.692035 0.286956
vt 0.724580 0.286956
f 1466/2929/1466 1467/2930/1467 1468/2931/1468 1469/2932/1469
vt 0.667105 0.883839
vt 0.749270 0.883839
vt 0.749270 0.773980
vt 0.667105 0.773980
f 1472/2933/1472 1471/2934/1471 1499/2935/1499 1500/2936/1500
vt 0.667105 0.773980
vt 0.749270 0.773980
vt 0.749270 0.662107
vt 0.667105 0.662107
f 1500/2937/1500 1499/2938/1499 1502/2939/1502 1503/2940/1503
vt 0.995763 0.773980
vt 0.913598 0.773980
vt 0.913598 0.883839
vt 0.995763 0.883839
f 1504/2941/1504 1505/2942/1505 1498/2943/1498 1501/2944/1501
vt 0.995763 0.662107
vt 0.913598 0.662107
vt 0.913598 0.773980
vt 0.995763 0.773980
f 1506/2945/1506 1507/2946/1507 1505/2947/1505 1504/2948/1504
vt 0.749270 0.883839
vt 0.831434 0.883839
vt 0.831434 0.773980
vt 0.749270 0.773980
f 1471/2949/1471 1474/2950/1474 1508/2951/1508 1499/2952/1499
vt 0.749270 0.773980
vt 0.831434 0.773980
vt 0.831434 0.662107
vt 0.749270 0.662107
f 1499/2953/1499 1508/2954/1508 1509/2955/1509 1502/2956/1502
vt 0.007299 0.338753
vt 0.089775 0.338753
vt 0.089775 0.662107
vt 0.007299 0.662107
f 1510/2957/1510 1511/2958/1511 1512/2959/1512 1513/2960/1513
vt 0.831434 0.883839
vt 0.913599 0.883839
vt 0.913599 0.773980
vt 0.831434 0.773980
f 1474/2961/1474 1476/2962/1476 1514/2963/1514 1508/2964/1508
vt 0.831434 0.773980
vt 0.913599 0.773980
vt 0.913599 0.662107
vt 0.831434 0.662107
f 1508/2965/1508 1514/2966/1514 1515/2967/1515 1509/2968/1509
vt 0.089775 0.338753
vt 0.172250 0.338753
vt 0.172250 0.662107
vt 0.089775 0.662107
f 1511/2969/1511 1516/2970/1516 1517/2971/1517 1512/2972/1512
vt 0.913599 0.883839
vt 0.995763 0.883839
vt 0.995763 0.773980
vt 0.913599 0.773980
f 1476/2973/1476 1478/2974/1478 1518/2975/1518 1514/2976/1514
vt 0.913599 0.773980
vt 0.995763 0.773980
vt 0.995763 0.662107
vt 0.913599 0.662107
f 1514/2977/1514 1518/2978/1518 1519/2979/1519 1515/2980/1515
vt 0.172250 0.338753
vt 0.254726 0.338753
vt 0.254726 0.662107
vt 0.172250 0.662107
f 1516/2981/1516 1520/2982/1520 1521/2983/1521 1517/2984/1517
vt 0.667105 0.883839
vt 0.749270 0.883839
vt 0.749270 0.773980
vt 0.667105 0.773980
f 1480/2985/1480 1479/2986/1479 1522/2987/1522 1523/2988/1523
vt 0.667105 0.773980
vt 0.749270 0.773980
vt 0.749270 0.662107
vt 0.667105 0.662107
f 1523/2989/1523 1522/2990/1522 1524/2991/1524 1525/2992/1525
vt 0.254726 0.338753
vt 0.337202 0.338753
vt 0.337202 0.662107
vt 0.254726 0.662107
f 1520/2993/1520 1526/2994/1526 1527/2995/1527 1521/2996/1521
vt 0.667105 0.883839
vt 0.749270 0.883839
vt 0.749270 0.773980
vt 0.667105 0.773980
f 1482/2997/1482 1481/2998/1481 1528/2999/1528 1529/3000/1529
vt 0.667105 0.773980
vt 0.749270 0.773980
vt 0.749270 0.662107
vt 0.667105 0.662107
f 1529/3001/1529 1528/3002/1528 1530/3003/1530 1531/3004/1531
vt 0.337202 0.338753
vt 0.419678 0.338753
vt 0.419678 0.662107
vt 0.337202 0.662107
f 1526/3005/1526 1532/3006/1532 1533/3007/1533 1527/3008/1527
vt 0.749270 0.883839
vt 0.831434 0.883839
vt 0.831434 0.773980
vt 0.749270 0.773980
f 1481/3009/1481 1483/3010/1483 1534/3011/1534 1528/3012/1528
vt 0.749270 0.773980
vt 0.831434 0.773980
vt 0.831434 0.662107
vt 0.749270 0.662107
f 1528/3013/1528 1534/3014/1534 1535/3015/1535 1530/3016/1530
vt 0.419678 0.338753
vt 0.502154 0.338753
vt 0.502154 0.662107
vt 0.419678 0.662107
f 1532/3017/1532 1536/3018/1536 1537/3019/1537 1533/3020/1533
vt 0.831434 0.883839
vt 0.913599 0.883839
vt 0.913599 0.773980
vt 0.831434 0.773980
f 1483/3021/1483 1485/3022/1485 1538/3023/1538 1534/3024/1534
vt 0.831434 0.773980
vt 0.913599 0.773980
vt 0.913599 0.662107
vt 0.831434 0.662107
f 1534/3025/1534 1538/3026/1538 1539/3027/1539 1535/3028/1535
vt 0.502154 0.338753
vt 0.584629 0.338753
vt 0.584629 0.662107
vt 0.502154 0.662107
f 1536/3029/1536 1540/3030/1540 1541/3031/1541 1537/3032/1537
vt 0.913599 0.883839
vt 0.995763 0.883839
vt 0.995763 0.773980
vt 0.913599 0.773980
f 1485/3033/1485 1486/3034/1486 1542/3035/1542 1538/3036/1538
vt 0.913599 0.773980
vt 0.995763 0.773980
vt 0.995763 0.662107
vt 0.913599 0.662107
f 1538/3037/1538 1542/3038/1542 1543/3039/1543 1539/3040/1539
vt 0.584629 0.338753
vt 0.667105 0.338753
vt 0.667105 0.662107
vt 0.584629 0.662107
f 1540/3041/1540 1544/3042/1544 1545/3043/1545 1541/3044/1541
vt 0.667105 0.883839
vt 0.749270 0.883839
vt 0.749270 0.773980
vt 0.667105 0.773980
f 1488/3045/1488 1487/3046/1487 1546/3047/1546 1547/3048/1547
vt 0.667105 0.773980
vt 0.749270 0.773980
vt 0.749270 0.662107
vt 0.667105 0.662107
f 1547/3049/1547 1546/3050/1546 1548/3051/1548 1549/3052/1549
vt 0.007299 0.662107
vt 0.089775 0.662107
vt 0.089775 0.985462
vt 0.007299 0.985462
f 1550/3053/1550 1551/3054/1551 1552/3055/1552 1553/3056/1553
vt 0.749270 0.883839
vt 0.831434 0.883839
vt 0.831434 0.773980
vt 0.749270 0.773980
f 1487/3057/1487 1489/3058/1489 1554/3059/1554 1546/3060/1546
vt 0.749270 0.773980
vt 0.831434 0.773980
vt 0.831434 0.662107
vt 0.749270 0.662107
f 1546/3061/1546 1554/3062/1554 1555/3063/1555 1548/3064/1548
vt 0.089775 0.662107
vt 0.172250 0.662107
vt 0.172250 0.985462
vt 0.089775 0.985462
f 1551/3065/1551 1556/3066/1556 1557/3067/1557 1552/3068/1552
vt 0.831434 0.883839
vt 0.913599 0.883839
vt 0.913599 0.773980
vt 0.831434 0.773980
f 1489/3069/1489 1490/3070/1490 1558/3071/1558 1554/3072/1554
vt 0.831434 0.773980
vt 0.913599 0.773980
vt 0.913599 0.662107
vt 0.831434 0.662107
f 1554/3073/1554 1558/3074/1558 1559/3075/1559 1555/3076/1555
vt 0.172250 0.662107
vt 0.254726 0.662107
vt 0.254726 0.985462
vt 0.172250 0.985462
f 1556/3077/1556 1560/3078/1560 1561/3079/1561 1557/3080/1557
vt 0.913599 0.883839
vt 0.995763 0.883839
vt 0.995763 0.773980
vt 0.913599 0.773980
f 1490/3081/1490 1491/3082/1491 1562/3083/1562 1558/3084/1558
vt 0.913599 0.773980
vt 0.995763 0.773980
vt 0.995763 0.662107
vt 0.913599 0.662107
f 1558/3085/1558 1562/3086/1562 1563/3087/1563 1559/3088/1559
vt 0.254726 0.662107
vt 0.337202 0.662107
vt 0.337202 0.985462
vt 0.254726 0.985462
f 1560/3089/1560 1564/3090/1564 1565/3091/1565 1561/3092/1561
vt 0.667105 0.883839
vt 0.749270 0.883839
vt 0.749270 0.773980
vt 0.667105 0.773980
f 1494/3093/1494 1493/3094/1493 1566/3095/1566 1567/3096/1567
vt 0.667105 0.773980
vt 0.749270 0.773980
vt 0.749270 0.662107
vt 0.667105 0.662107
f 1567/3097/1567 1566/3098/1566 1568/3099/1568 1569/3100/1569
vt 0.337202 0.662107
vt 0.419678 0.662107
vt 0.419678 0.985462
vt 0.337202 0.985462
f 1564/3101/1564 1570/3102/1570 1571/3103/1571 1565/3104/1565
vt 0.667105 0.883839
vt 0.749270 0.883839
vt 0.749270 0.773980
vt 0.667105 0.773980
f 1496/3105/1496 1495/3106/1495 1572/3107/1572 1573/3108/1573
vt 0.667105 0.773980
vt 0.749270 0.773980
vt 0.749270 0.662107
vt 0.667105 0.662107
f 1573/3109/1573 1572/3110/1572 1574/3111/1574 1575/3112/1575
vt 0.419678 0.662107
vt 0.502154 0.662107
vt 0.502154 0.985462
vt 0.419678 0.985462
f 1570/3113/1570 1576/3114/1576 1577/3115/1577 1571/3116/1571
vt 0.749270 0.883839
vt 0.831434 0.883839
vt 0.831434 0.773980
vt 0.749270 0.773980
f 1495/3117/1495 1497/3118/1497 1578/3119/1578 1572/3120/1572
vt 0.749270 0.773980
vt 0.831434 0.773980
vt 0.831434 0.662107
vt 0.749270 0.662107
f 1572/3121/1572 1578/3122/1578 1579/3123/1579 1574/3124/1574
vt 0.502154 0.662107
vt 0.584630 0.662107
vt 0.584630 0.985462
vt 0.502154 0.985462
f 1576/3125/1576 1580/3126/1580 1581/3127/1581 1577/3128/1577
vt 0.831434 0.883839
vt 0.913598 0.883839
vt 0.913598 0.773980
vt 0.831434 0.773980
f 1497/3129/1497 1498/3130/1498 1505/3131/1505 1578/3132/1578
vt 0.831434 0.773980
vt 0.913598 0.773980
vt 0.913598 0.662107
vt 0.831434 0.662107
f 1578/3133/1578 1505/3134/1505 1507/3135/1507 1579/3136/1579
vt 0.584630 0.662107
vt 0.667105 0.662107
vt 0.667105 0.985462
vt 0.584630 0.985462
f 1580/3137/1580 1582/3138/1582 1583/3139/1583 1581/3140/1581
vt 0.995763 0.440376
vt 0.913598 0.440376
vt 0.913598 0.550234
vt 0.995763 0.550234
f 1586/3141/1586 1585/3142/1585 1590/3143/1590 1591/3144/1591
vt 0.667105 0.550234
vt 0.749270 0.550234
vt 0.749270 0.440376
vt 0.667105 0.440376
f 1592/3145/1592 1593/3146/1593 1588/3147/1588 1587/3148/1587
vt 0.995763 0.550234
vt 0.913598 0.550234
vt 0.913598 0.662107
vt 0.995763 0.662107
f 1591/3149/1591 1590/3150/1590 1594/3151/1594 1595/3152/1595
vt 0.667105 0.662107
vt 0.749270 0.662107
vt 0.749270 0.550234
vt 0.667105 0.550234
f 1596/3153/1596 1597/3154/1597 1593/3155/1593 1592/3156/1592
vt 0.749270 0.550234
vt 0.831434 0.550234
vt 0.831434 0.440376
vt 0.749270 0.440376
f 1593/3157/1593 1600/3158/1600 1598/3159/1598 1588/3160/1588
vt 0.749270 0.662107
vt 0.831434 0.662107
vt 0.831434 0.550234
vt 0.749270 0.550234
f 1597/3161/1597 1601/3162/1601 1600/3163/1600 1593/3164/1593
vt 0.831434 0.550234
vt 0.913599 0.550234
vt 0.913599 0.440376
vt 0.831434 0.440376
f 1600/3165/1600 1604/3166/1604 1602/3167/1602 1598/3168/1598
vt 0.831434 0.662107
vt 0.913599 0.662107
vt 0.913599 0.550234
vt 0.831434 0.550234
f 1601/3169/1601 1605/3170/1605 1604/3171/1604 1600/3172/1600
vt 0.913599 0.550234
vt 0.995763 0.550234
vt 0.995763 0.440376
vt 0.913599 0.440376
f 1604/3173/1604 1607/3174/1607 1606/3175/1606 1602/3176/1602
vt 0.913599 0.662107
vt 0.995763 0.662107
vt 0.995763 0.550234
vt 0.913599 0.550234
f 1605/3177/1605 1608/3178/1608 1607/3179/1607 1604/3180/1604
vt 0.667105 0.550234
vt 0.749270 0.550234
vt 0.749270 0.440376
vt 0.667105 0.440376
f 1611/3181/1611 1612/3182/1612 1610/3183/1610 1609/3184/1609
vt 0.667105 0.662107
vt 0.749270 0.662107
vt 0.749270 0.550234
vt 0.667105 0.550234
f 1613/3185/1613 1614/3186/1614 1612/3187/1612 1611/3188/1611
vt 0.667105 0.550234
vt 0.749270 0.550234
vt 0.749270 0.440376
vt 0.667105 0.440376
f 1617/3189/1617 1618/3190/1618 1616/3191/1616 1615/3192/1615
vt 0.667105 0.662107
vt 0.749270 0.662107
vt 0.749270 0.550234
vt 0.667105 0.550234
f 1619/3193/1619 1620/3194/1620 1618/3195/1618 1617/3196/1617
vt 0.749270 0.550234
vt 0.831434 0.550234
vt 0.831434 0.440376
vt 0.749270 0.440376
f 1618/3197/1618 1622/3198/1622 1621/3199/1621 1616/3200/1616
vt 0.749270 0.662107
vt 0.831434 0.662107
vt 0.831434 0.550234
vt 0.749270 0.550234
f 1620/3201/1620 1623/3202/1623 1622/3203/1622 1618/3204/1618
vt 0.831434 0.550234
vt 0.913599 0.550234
vt 0.913599 0.440376
vt 0.831434 0.440376
f 1622/3205/1622 1626/3206/1626 1624/3207/1624 1621/3208/1621
vt 0.831434 0.662107
vt 0.913599 0.662107
vt 0.913599 0.550234
vt 0.831434 0.550234
f 1623/3209/1623 1627/3210/1627 1626/3211/1626 1622/3212/1622
vt 0.913599 0.550234
vt 0.995763 0.550234
vt 0.995763 0.440376
vt 0.913599 0.440376
f 1626/3213/1626 1629/3214/1629 1628/3215/1628 1624/3216/1624
vt 0.913599 0.662107
vt 0.995763 0.662107
vt 0.995763 0.550234
vt 0.913599 0.550234
f 1627/3217/1627 1630/3218/1630 1629/3219/1629 1626/3220/1626
vt 0.667105 0.550234
vt 0.749270 0.550234
vt 0.749270 0.440376
vt 0.667105 0.440376
f 1633/3221/1633 1634/3222/1634 1632/3223/1632 1631/3224/1631
vt 0.667105 0.662107
vt 0.749270 0.662107
vt 0.749270 0.550234
vt 0.667105 0.550234
f 1635/3225/1635 1636/3226/1636 1634/3227/1634 1633/3228/1633
vt 0.749270 0.550234
vt 0.831434 0.550234
vt 0.831434 0.440376
vt 0.749270 0.440376
f 1634/3229/1634 1638/3230/1638 1637/3231/1637 1632/3232/1632
vt 0.749270 0.662107
vt 0.831434 0.662107
vt 0.831434 0.550234
vt 0.749270 0.550234
f 1636/3233/1636 1639/3234/1639 1638/3235/1638 1634/3236/1634
vt 0.831434 0.550234
vt 0.913599 0.550234
vt 0.913599 0.440376
vt 0.831434 0.440376
f 1638/3237/1638 1641/3238/1641 1640/3239/1640 1637/3240/1637
vt 0.831434 0.662107
vt 0.913599 0.662107
vt 0.913599 0.550234
vt 0.831434 0.550234
f 1639/3241/1639 1642/3242/1642 1641/3243/1641 1638/3244/1638
vt 0.913599 0.550234
vt 0.995763 0.550234
vt 0.995763 0.440376
vt 0.913599 0.440376
f 1641/3245/1641 1644/3246/1644 1643/3247/1643 1640/3248/1640
vt 0.913599 0.662107
vt 0.995763 0.662107
vt 0.995763 0.550234
vt 0.913599 0.550234
f 1642/3249/1642 1645/3250/1645 1644/3251/1644 1641/3252/1641
vt 0.667105 0.550234
vt 0.749270 0.550234
vt 0.749270 0.440376
vt 0.667105 0.440376
f 1649/3253/1649 1650/3254/1650 1647/3255/1647 1646/3256/1646
vt 0.667105 0.662107
vt 0.749270 0.662107
vt 0.749270 0.550234
vt 0.667105 0.550234
f 1651/3257/1651 1652/3258/1652 1650/3259/1650 1649/3260/1649
vt 0.667105 0.550234
vt 0.749270 0.550234
vt 0.749270 0.440376
vt 0.667105 0.440376
f 1655/3261/1655 1656/3262/1656 1654/3263/1654 1653/3264/1653
vt 0.667105 0.662107
vt 0.749270 0.662107
vt 0.749270 0.550234
vt 0.667105 0.550234
f 1657/3265/1657 1658/3266/1658 1656/3267/1656 1655/3268/1655
vt 0.749270 0.550234
vt 0.831434 0.550234
vt 0.831434 0.440376
vt 0.749270 0.440376
f 1656/3269/1656 1660/3270/1660 1659/3271/1659 1654/3272/1654
vt 0.749270 0.662107
vt 0.831434 0.662107
vt 0.831434 0.550234
vt 0.749270 0.550234
f 1658/3273/1658 1661/3274/1661 1660/3275/1660 1656/3276/1656
vt 0.831434 0.550234
vt 0.913598 0.550234
vt 0.913598 0.440376
vt 0.831434 0.440376
f 1660/3277/1660 1590/3278/1590 1585/3279/1585 1659/3280/1659
vt 0.831434 0.662107
vt 0.913598 0.662107
vt 0.913598 0.550234
vt 0.831434 0.550234
f 1661/3281/1661 1594/3282/1594 1590/3283/1590 1660/3284/1660
vt 0.522048 0.321874
vt 0.522048 0.016450
vt 0.538158 0.016450
vt 0.538158 0.321874
f 1662/3285/1662 1663/3286/1663 1664/3287/1664 1665/3288/1665
vt 0.538158 0.321874
vt 0.538158 0.016450
vt 0.651381 0.016450
vt 0.651381 0.321874
f 1669/3289/1669 1670/3290/1670 1671/3291/1671 1672/3292/1672
vt 0.728710 0.311290
vt 0.728710 0.301706
vt 0.960974 0.301706
vt 0.960974 0.311290
f 1673/3293/1673 1674/3294/1674 1675/3295/1675 1676/3296/1676
vt 0.651381 0.321874
vt 0.651381 0.016450
vt 0.667008 0.015428
vt 0.667008 0.320853
f 1677/3297/1677 1678/3298/1678 1679/3299/1679 1680/3300/1680
vt 0.185529 0.314427
vt 0.185529 0.024261
vt 0.496749 0.024261
vt 0.496749 0.314427
f 1684/3301/1684 1685/3302/1685 1686/3303/1686 1687/3304/1687
vt 0.953319 0.286956
vt 0.984889 0.286915
vt 0.984889 0.030947
vt 0.953319 0.030988
f 1688/3305/1688 1689/3306/1689 1690/3307/1690 1691/3308/1691
vt 0.497123 0.312804
vt 0.497123 0.016382
vt 0.464129 0.017374
vt 0.464129 0.313796
f 1692/3309/1692 1693/3310/1693 1694/3311/1694 1695/3312/1695
vt 0.956318 0.012992
vt 0.956318 0.027155
vt 0.722585 0.027155
vt 0.722585 0.012992
f 1699/3313/1699 1700/3314/1700 1701/3315/1701 1702/3316/1702
vt 0.464129 0.313796
vt 0.464129 0.017374
vt 0.225073 0.017374
vt 0.225073 0.313796
f 1703/3317/1703 1704/3318/1704 1705/3319/1705 1706/3320/1706
vt 0.953319 0.017437
vt 0.724580 0.017437
vt 0.724580 0.030988
vt 0.953319 0.030988
f 1707/3321/1707 1708/3322/1708 1709/3323/1709 1710/3324/1710
vt 0.225073 0.017374
vt 0.191059 0.017374
vt 0.191059 0.313796
vt 0.225073 0.313796
f 1714/3325/1714 1715/3326/1715 1716/3327/1716 1717/3328/1717
vt 0.724580 0.030988
vt 0.724580 0.286956
vt 0.953319 0.286956
vt 0.953319 0.030988
f 1721/3329/1721 1722/3330/1722 1723/3331/1723 1724/3332/1724
vt 0.722585 0.027155
vt 0.956318 0.027155
vt 0.956318 0.294696
vt 0.722585 0.294696
f 1725/3333/1725 1726/3334/1726 1727/3335/1727 1728/3336/1728
usemtl tex2_0
v 22.260208 74.149460 73.474770
vn 0.492981 -0.364443 0.790033
v 16.269781 78.577972 79.255676
vn 0.492981 -0.364443 0.790033
v 99.922089 191.734131 79.255676
vn 0.492981 -0.364443 0.790033
v 105.912514 187.305618 73.474770
vn 0.492981 -0.364443 0.790033
v 17.831720 68.159065 79.255676
vn 0.730988 0.109585 0.673533
v 16.269781 78.577972 79.255676
vn 0.730988 0.109585 0.673533
v 22.260208 74.149460 73.474770
vn 0.730988 0.109585 0.673533
v 59.933994 37.034355 79.255676
vn 0.364444 0.492982 0.790031
v 17.831720 68.159065 79.255676
vn 0.364444 0.492982 0.790031
v 22.260208 74.149460 73.474770
vn 0.364444 0.492982 0.790031
v 64.362480 43.024754 73.474770
vn 0.364444 0.492982 0.790031
v 70.186653 38.746929 78.703445
vn -0.083920 0.723392 0.685319
v 59.933994 37.034355 79.255676
vn -0.083920 0.723392 0.685319
v 64.362480 43.024754 73.474770
vn -0.083920 0.723392 0.685319
v 153.838943 151.903061 78.703445
vn -0.471378 0.348473 0.810166
v 70.186653 38.746929 78.703445
vn -0.471378 0.348473 0.810166
v 64.362480 43.024754 73.474770
vn -0.471378 0.348473 0.810166
v 148.014786 156.180908 73.474770
vn -0.471378 0.348473 0.810166
v 152.443298 162.171326 79.255676
vn -0.714723 -0.134061 0.686439
v 153.838943 151.903061 78.703445
vn -0.714723 -0.134061 0.686439
v 148.014786 156.180908 73.474770
vn -0.714723 -0.134061 0.686439
v 99.922081 191.734131 244.309387
vn 0.804125 -0.594461 0.000000
v 99.922089 191.734131 79.255676
vn 0.804125 -0.594461 0.000000
v 16.269781 78.577972 79.255676
vn 0.804125 -0.594461 0.000000
v 16.269773 78.577972 244.309387
vn 0.804125 -0.594461 0.000000
v 105.912506 187.305634 250.090302
vn 0.492982 -0.364444 -0.790032
v 99.922081 191.734131 244.309387
vn 0.492982 -0.364444 -0.790032
v 16.269773 78.577972 244.309387
vn 0.492982 -0.364444 -0.790032
v 22.260199 74.149467 250.090302
vn 0.492982 -0.364444 -0.790032
v 110.050598 148.865051 84.182526
vn -0.028596 0.014241 0.999490
v 100.378090 116.157104 86.362885
vn 0.036119 0.122137 0.991856
v 89.774643 121.437828 86.362885
vn 0.057640 0.115739 0.991606
v 110.050598 148.865051 84.182526
vn -0.000000 -0.000000 1.000000
v 112.148186 114.821449 86.362885
vn -0.007833 0.127125 0.991856
v 110.050598 148.865051 84.182526
vn -0.000000 -0.000000 1.000000
v 123.665276 117.591949 86.362885
vn -0.050840 0.116779 0.991856
v 110.050598 148.865051 84.182526
vn 0.000000 0.000000 1.000000
v 133.540237 124.134438 86.362885
vn -0.071413 0.107788 0.991606
v 140.582001 133.659821 86.362885
vn -0.103972 0.076863 0.991606
v 133.540237 124.134438 86.362885
vn -0.103972 0.076863 0.991606
v 143.941238 145.019165 86.362885
vn -0.126554 0.014361 0.991856
v 140.582001 133.659821 86.362885
vn -0.123990 0.036667 0.991606
v 143.212738 156.842377 86.362885
vn -0.123834 -0.029789 0.991856
v 110.050598 148.865051 84.182526
vn -0.000000 0.000000 1.000000
v 138.484421 167.703415 86.362885
vn -0.106177 -0.070346 0.991856
v 130.326553 176.292267 86.362885
vn -0.093750 -0.089045 0.991606
v 119.723083 181.572952 86.362885
vn -0.036119 -0.122137 0.991856
v 130.326553 176.292267 86.362885
vn -0.057640 -0.115739 0.991606
v 107.953011 182.908630 86.362885
vn 0.007833 -0.127125 0.991856
v 96.435921 180.138153 86.362885
vn 0.050840 -0.116779 0.991856
v 86.560959 173.595642 86.362885
vn 0.071413 -0.107788 0.991606
v 110.050598 148.865051 84.182526
vn 0.057105 -0.028439 0.997963
v 79.519188 164.070267 86.362885
vn 0.103972 -0.076863 0.991606
v 86.560959 173.595642 86.362885
vn 0.103972 -0.076863 0.991606
v 76.159958 152.710938 86.362885
vn 0.126554 -0.014361 0.991856
v 79.519188 164.070267 86.362885
vn 0.123990 -0.036667 0.991606
v 76.888451 140.887711 86.362885
vn 0.123833 0.029789 0.991856
v 81.616783 130.026672 86.362885
vn 0.106177 0.070346 0.991856
v 90.871094 84.008835 92.866646
vn 0.071707 0.242480 0.967503
v 69.845627 94.479904 92.866646
vn 0.114349 0.229608 0.966543
v 89.774643 121.437828 86.362885
vn 0.093750 0.089045 0.991606
v 81.692268 52.970276 103.582535
vn 0.089129 0.301392 0.949326
v 50.604530 68.452545 103.582535
vn 0.142054 0.285239 0.947871
v 69.845627 94.479904 92.866646
vn 0.185984 0.176651 0.966543
v 53.669491 111.510651 92.866646
vn 0.210794 0.139658 0.967503
v 50.604530 68.452545 103.582535
vn 0.231045 0.219451 0.947871
v 26.686905 93.633781 103.582535
vn 0.262008 0.173589 0.949326
v 114.209885 81.360359 92.866646
vn -0.015550 0.252382 0.967503
v 116.200424 49.054302 103.582535
vn -0.019328 0.313699 0.949326
v 81.692268 52.970276 103.582535
vn 0.112756 0.993623 0.000000
v 116.200424 49.054302 103.582535
vn -0.061498 0.998107 0.000000
v 116.200424 49.054302 219.982529
vn -0.061498 0.998107 0.000000
v 81.692261 52.970280 219.982529
vn 0.112756 0.993623 0.000000
v 137.046997 86.853943 92.866646
vn -0.100932 0.231843 0.967503
v 149.966827 57.176971 103.582535
vn -0.125454 0.288170 0.949326
v 149.966827 57.176971 103.582535
vn -0.399162 0.916880 0.000000
v 149.966827 57.176971 219.982529
vn -0.399162 0.916880 0.000000
v 156.627975 99.826981 92.866646
vn -0.141671 0.213833 0.966543
v 178.918747 76.358597 103.582535
vn -0.175996 0.265642 0.947871
v 178.918747 76.358597 103.582535
vn -0.688681 0.725064 0.000000
v 178.918747 76.358597 219.982544
vn -0.688681 0.725064 0.000000
v 170.591003 118.714752 92.866646
vn -0.206263 0.152483 0.966543
v 156.627975 99.826981 92.866646
vn -0.206263 0.152483 0.966543
v 199.564148 104.285576 103.582535
vn -0.256238 0.189427 0.947871
v 178.918747 76.358597 103.582535
vn -0.256238 0.189427 0.947871
v 199.564148 104.285576 103.582535
vn -0.895135 0.445794 0.000000
v 199.564148 104.285576 219.982544
vn -0.895135 0.445794 0.000000
v 177.251968 141.239075 92.866646
vn -0.251248 0.028511 0.967503
v 170.591003 118.714752 92.866646
vn -0.245976 0.072741 0.966543
v 209.412888 137.589478 103.582535
vn -0.312290 0.035438 0.949326
v 199.564148 104.285576 103.582535
vn -0.305572 0.090365 0.947871
v 209.412888 137.589478 103.582535
vn -0.993623 0.112756 0.000000
v 209.412888 137.589478 219.982529
vn -0.993623 0.112756 0.000000
v 175.807449 164.683197 92.866646
vn -0.245847 -0.059140 0.967503
v 207.277100 172.253433 103.582535
vn -0.305577 -0.073508 0.949326
v 207.277100 172.253433 103.582535
vn -0.972265 -0.233884 -0.000000
v 207.277100 172.253433 219.982529
vn -0.972265 -0.233884 -0.000000
v 166.431702 186.219437 92.866646
vn -0.210794 -0.139658 0.967503
v 193.414307 204.096298 103.582535
vn -0.262008 -0.173589 0.949326
v 193.414307 204.096298 103.582535
vn -0.833637 -0.552313 -0.000000
v 193.414291 204.096313 219.982529
vn -0.833637 -0.552313 -0.000000
v 150.255569 203.250168 92.866646
vn -0.185984 -0.176651 0.966543
v 169.496674 229.277527 103.582535
vn -0.231045 -0.219451 0.947871
v 169.496674 229.277527 103.582535
vn -0.725065 -0.688681 -0.000000
v 169.496658 229.277542 219.982529
vn -0.725065 -0.688681 -0.000000
v 129.230087 213.721252 92.866646
vn -0.071707 -0.242480 0.967503
v 150.255569 203.250168 92.866646
vn -0.114349 -0.229608 0.966543
v 138.408905 244.759827 103.582535
vn -0.089129 -0.301392 0.949326
v 169.496674 229.277527 103.582535
vn -0.142054 -0.285238 0.947871
v 169.496674 229.277527 103.582535
vn -0.445794 -0.895135 0.000000
v 138.408905 244.759827 103.582535
vn -0.283583 -0.958948 0.000000
v 138.408905 244.759827 219.982529
vn -0.283583 -0.958948 0.000000
v 169.496658 229.277542 219.982529
vn -0.445794 -0.895135 0.000000
v 105.891296 216.369720 92.866646
vn 0.015550 -0.252382 0.967503
v 103.900749 248.675781 103.582535
vn 0.019329 -0.313699 0.949326
v 103.900749 248.675781 103.582535
vn 0.061498 -0.998107 0.000000
v 103.900749 248.675781 219.982529
vn 0.061498 -0.998107 0.000000
v 83.054184 210.876129 92.866646
vn 0.100932 -0.231842 0.967503
v 70.134369 240.553116 103.582535
vn 0.125454 -0.288170 0.949326
v 70.134369 240.553116 103.582535
vn 0.399162 -0.916880 0.000000
v 70.134369 240.553116 219.982529
vn 0.399162 -0.916880 0.000000
v 63.473228 197.903107 92.866646
vn 0.141671 -0.213833 0.966543
v 41.182442 221.371490 103.582520
vn 0.175996 -0.265641 0.947871
v 41.182442 221.371490 103.582520
vn 0.688681 -0.725064 0.000000
v 41.182442 221.371490 219.982529
vn 0.688681 -0.725064 0.000000
v 49.510178 179.015305 92.866646
vn 0.206263 -0.152483 0.966543
v 63.473228 197.903107 92.866646
vn 0.206263 -0.152483 0.966543
v 20.537024 193.444473 103.582520
vn 0.256237 -0.189427 0.947871
v 41.182442 221.371490 103.582520
vn 0.256237 -0.189427 0.947871
v 20.537024 193.444473 103.582520
vn 0.895136 -0.445794 0.000000
v 20.537024 193.444473 219.982529
vn 0.895136 -0.445794 0.000000
v 42.849213 156.491013 92.866646
vn 0.251248 -0.028511 0.967503
v 49.510178 179.015305 92.866646
vn 0.245976 -0.072741 0.966543
v 10.688303 160.140610 103.582535
vn 0.312290 -0.035438 0.949326
v 20.537024 193.444473 103.582520
vn 0.305572 -0.090365 0.947871
v 10.688303 160.140610 103.582535
vn 0.993623 -0.112755 0.000000
v 10.688303 160.140610 219.982529
vn 0.993623 -0.112755 0.000000
v 44.293739 133.046875 92.866646
vn 0.245847 0.059140 0.967503
v 12.824118 125.476685 103.582535
vn 0.305577 0.073508 0.949326
v 12.824118 125.476685 103.582535
vn 0.972265 0.233884 0.000000
v 12.824118 125.476685 219.982529
vn 0.972265 0.233884 0.000000
v 26.686905 93.633781 103.582535
vn 0.916880 0.399163 0.000000
v 26.686899 93.633781 219.982529
vn 0.916880 0.399163 0.000000
v 110.050591 148.865051 239.383484
vn 0.000000 0.000000 -1.000000
v 81.616776 130.026672 237.203125
vn 0.106177 0.070346 -0.991856
v 89.774635 121.437828 237.203125
vn 0.093749 0.089045 -0.991606
v 89.774635 121.437828 237.203125
vn 0.057640 0.115739 -0.991606
v 100.378082 116.157112 237.203125
vn 0.036119 0.122137 -0.991856
v 110.050591 148.865051 239.383484
vn -0.028596 0.014241 -0.999490
v 53.669487 111.510651 230.699371
vn 0.210794 0.139658 -0.967503
v 69.845619 94.479912 230.699371
vn 0.185983 0.176651 -0.966543
v 69.845619 94.479912 230.699371
vn 0.114349 0.229608 -0.966543
v 90.871086 84.008835 230.699371
vn 0.071707 0.242480 -0.967503
v 26.686899 93.633781 219.983490
vn 0.262007 0.173589 -0.949326
v 50.604523 68.452553 219.983490
vn 0.231045 0.219451 -0.947871
v 50.604523 68.452553 219.983490
vn 0.142054 0.285238 -0.947871
v 81.692261 52.970280 219.983490
vn 0.089129 0.301392 -0.949326
v 112.148178 114.821449 237.203125
vn -0.007833 0.127125 -0.991856
v 110.050591 148.865051 239.383484
vn -0.000000 0.000000 -1.000000
v 114.209877 81.360367 230.699371
vn -0.015550 0.252381 -0.967503
v 116.200424 49.054302 219.983490
vn -0.019328 0.313699 -0.949326
v 123.665268 117.591949 237.203125
vn -0.050840 0.116779 -0.991856
v 110.050591 148.865051 239.383484
vn -0.000000 -0.000000 -1.000000
v 137.046997 86.853951 230.699371
vn -0.100932 0.231842 -0.967503
v 149.966827 57.176971 219.983490
vn -0.125454 0.288170 -0.949326
v 133.540237 124.134438 237.203125
vn -0.071413 0.107788 -0.991606
v 156.627960 99.826988 230.699371
vn -0.141671 0.213833 -0.966543
v 178.918747 76.358597 219.983490
vn -0.175996 0.265641 -0.947871
v 133.540237 124.134438 237.203125
vn -0.103972 0.076863 -0.991606
v 140.582001 133.659821 237.203125
vn -0.103972 0.076863 -0.991606
v 156.627960 99.826988 230.699371
vn -0.206263 0.152483 -0.966543
v 170.590988 118.714760 230.699371
vn -0.206263 0.152483 -0.966543
v 178.918747 76.358597 219.983490
vn -0.256237 0.189427 -0.947871
v 199.564148 104.285576 219.983490
vn -0.256237 0.189427 -0.947871
v 140.582001 133.659821 237.203125
vn -0.123990 0.036667 -0.991606
v 143.941223 145.019165 237.203125
vn -0.126554 0.014361 -0.991856
v 170.590988 118.714760 230.699371
vn -0.245976 0.072741 -0.966543
v 177.251968 141.239075 230.699371
vn -0.251247 0.028511 -0.967503
v 199.564148 104.285576 219.983490
vn -0.305572 0.090365 -0.947871
v 209.412888 137.589478 219.983490
vn -0.312290 0.035439 -0.949326
v 143.212738 156.842377 237.203125
vn -0.123833 -0.029789 -0.991856
v 175.807449 164.683212 230.699371
vn -0.245847 -0.059140 -0.967503
v 207.277100 172.253433 219.983490
vn -0.305577 -0.073508 -0.949326
v 138.484406 167.703415 237.203125
vn -0.106177 -0.070346 -0.991856
v 110.050591 148.865051 239.383484
vn 0.000000 -0.000000 -1.000000
v 166.431702 186.219437 230.699371
vn -0.210793 -0.139658 -0.967503
v 193.414291 204.096313 219.983490
vn -0.262007 -0.173589 -0.949326
v 130.326553 176.292267 237.203125
vn -0.093749 -0.089045 -0.991606
v 150.255554 203.250168 230.699371
vn -0.185983 -0.176651 -0.966543
v 169.496658 229.277542 219.983490
vn -0.231044 -0.219451 -0.947871
v 130.326553 176.292267 237.203125
vn -0.057640 -0.115739 -0.991606
v 119.723076 181.572968 237.203125
vn -0.036119 -0.122137 -0.991856
v 150.255554 203.250168 230.699371
vn -0.114349 -0.229608 -0.966543
v 129.230072 213.721268 230.699371
vn -0.071707 -0.242480 -0.967503
v 169.496658 229.277542 219.983490
vn -0.142054 -0.285238 -0.947871
v 138.408905 244.759827 219.983490
vn -0.089129 -0.301392 -0.949326
v 107.953003 182.908646 237.203125
vn 0.007833 -0.127125 -0.991856
v 105.891289 216.369736 230.699371
vn 0.015550 -0.252381 -0.967503
v 103.900749 248.675781 219.983490
vn 0.019328 -0.313699 -0.949326
v 96.435913 180.138153 237.203125
vn 0.050840 -0.116779 -0.991856
v 83.054176 210.876144 230.699371
vn 0.100932 -0.231842 -0.967503
v 70.134369 240.553116 219.983490
vn 0.125454 -0.288170 -0.949326
v 86.560951 173.595657 237.203125
vn 0.071413 -0.107788 -0.991606
v 63.473217 197.903107 230.699371
vn 0.141671 -0.213833 -0.966543
v 41.182442 221.371490 219.983490
vn 0.175996 -0.265642 -0.947871
v 86.560951 173.595657 237.203125
vn 0.103972 -0.076863 -0.991606
v 79.519188 164.070267 237.203125
vn 0.103972 -0.076863 -0.991606
v 110.050591 148.865051 239.383484
vn 0.057105 -0.028439 -0.997963
v 63.473217 197.903107 230.699371
vn 0.206263 -0.152483 -0.966543
v 49.510166 179.015320 230.699371
vn 0.206263 -0.152483 -0.966543
v 41.182442 221.371490 219.983490
vn 0.256237 -0.189427 -0.947871
v 20.537024 193.444473 219.983490
vn 0.256237 -0.189427 -0.947871
v 79.519188 164.070267 237.203125
vn 0.123990 -0.036667 -0.991606
v 76.159958 152.710938 237.203125
vn 0.126554 -0.014361 -0.991856
v 49.510166 179.015320 230.699371
vn 0.245976 -0.072741 -0.966543
v 42.849205 156.491013 230.699371
vn 0.251247 -0.028511 -0.967503
v 20.537024 193.444473 219.983490
vn 0.305572 -0.090365 -0.947871
v 10.688303 160.140610 219.983490
vn 0.312290 -0.035438 -0.949326
v 76.888451 140.887711 237.203125
vn 0.123833 0.029789 -0.991856
v 44.293732 133.046875 230.699371
vn 0.245847 0.059140 -0.967503
v 12.824118 125.476685 219.983490
vn 0.305577 0.073508 -0.949326
v 16.269773 78.577972 244.309387
vn 0.988949 0.148257 0.000000
v 16.269781 78.577972 79.255676
vn 0.988949 0.148257 0.000000
v 17.831720 68.159065 79.255676
vn 0.988949 0.148257 0.000000
v 17.831715 68.159065 244.309387
vn 0.988949 0.148257 0.000000
v 16.269773 78.577972 244.309387
vn 0.730989 0.109586 -0.673533
v 17.831715 68.159065 244.309387
vn 0.730989 0.109586 -0.673533
v 22.260199 74.149467 250.090302
vn 0.730989 0.109586 -0.673533
v 17.831715 68.159065 244.309387
vn 0.594461 0.804125 0.000000
v 17.831720 68.159065 79.255676
vn 0.594461 0.804125 0.000000
v 59.933994 37.034355 79.255676
vn 0.594461 0.804125 0.000000
v 59.933987 37.034359 244.309387
vn 0.594461 0.804125 0.000000
v 22.260199 74.149467 250.090302
vn 0.364444 0.492983 -0.790031
v 17.831715 68.159065 244.309387
vn 0.364444 0.492983 -0.790031
v 59.933987 37.034359 244.309387
vn 0.364444 0.492983 -0.790031
v 64.362473 43.024757 250.090302
vn 0.364444 0.492983 -0.790031
v 59.933987 37.034359 244.309387
vn -0.164754 0.986335 -0.000000
v 59.933994 37.034355 79.255676
vn -0.164754 0.986335 -0.000000
v 70.186653 38.746929 78.703445
vn -0.164754 0.986335 -0.000000
v 70.186646 38.746933 243.757156
vn -0.164754 0.986335 -0.000000
v 59.933987 37.034359 244.309387
vn -0.159226 0.743975 -0.648959
v 70.186646 38.746933 243.757156
vn -0.159226 0.743975 -0.648959
v 64.362473 43.024757 250.090302
vn -0.159226 0.743975 -0.648959
v 70.186646 38.746933 243.757156
vn -0.804125 0.594461 -0.000000
v 70.186653 38.746929 78.703445
vn -0.804125 0.594461 -0.000000
v 153.838943 151.903061 78.703445
vn -0.804125 0.594461 -0.000000
v 153.838943 151.903061 243.757156
vn -0.804125 0.594461 -0.000000
v 64.362473 43.024757 250.090302
vn -0.529997 0.391808 -0.752057
v 70.186646 38.746933 243.757156
vn -0.529997 0.391808 -0.752057
v 153.838943 151.903061 243.757156
vn -0.529997 0.391808 -0.752057
v 148.014786 156.180923 250.090302
vn -0.529997 0.391808 -0.752057
v 153.838943 151.903061 243.757156
vn -0.990889 -0.134680 0.000000
v 153.838943 151.903061 78.703445
vn -0.990889 -0.134680 0.000000
v 152.443298 162.171326 79.255676
vn -0.990889 -0.134680 0.000000
v 152.443283 162.171341 244.309387
vn -0.990889 -0.134680 0.000000
v 153.838943 151.903061 243.757156
vn -0.756799 -0.067901 -0.650111
v 152.443283 162.171341 244.309387
vn -0.756799 -0.067901 -0.650111
v 148.014786 156.180923 250.090302
vn -0.756799 -0.067901 -0.650111
v 152.443298 162.171326 79.255676
vn -0.364443 -0.492981 0.790032
v 148.014786 156.180908 73.474770
vn -0.364443 -0.492981 0.790032
v 105.912514 187.305618 73.474770
vn -0.364443 -0.492981 0.790032
v 110.341019 193.296036 79.255676
vn -0.364443 -0.492981 0.790032
v 152.443283 162.171341 244.309387
vn -0.594461 -0.804125 0.000000
v 152.443298 162.171326 79.255676
vn -0.594461 -0.804125 0.000000
v 110.341019 193.296036 79.255676
vn -0.594461 -0.804125 0.000000
v 110.341011 193.296036 244.309387
vn -0.594461 -0.804125 0.000000
v 152.443283 162.171341 244.309387
vn -0.364444 -0.492982 -0.790031
v 110.341011 193.296036 244.309387
vn -0.364444 -0.492982 -0.790031
v 105.912506 187.305634 250.090302
vn -0.364444 -0.492982 -0.790031
v 148.014786 156.180923 250.090302
vn -0.364444 -0.492982 -0.790031
v 105.912514 187.305618 73.474770
vn 0.109583 -0.730988 0.673534
v 99.922089 191.734131 79.255676
vn 0.109583 -0.730988 0.673534
v 110.341019 193.296036 79.255676
vn 0.109583 -0.730988 0.673534
v 110.341019 193.296036 79.255676
vn 0.148254 -0.988949 0.000000
v 99.922089 191.734131 79.255676
vn 0.148254 -0.988949 0.000000
v 99.922081 191.734131 244.309387
vn 0.148254 -0.988949 0.000000
v 110.341011 193.296036 244.309387
vn 0.148254 -0.988949 0.000000
v 110.341011 193.296036 244.309387
vn 0.109583 -0.730990 -0.673532
v 99.922081 191.734131 244.309387
vn 0.109583 -0.730990 -0.673532
v 105.912506 187.305634 250.090302
vn 0.109583 -0.730990 -0.673532
v 105.912506 187.305634 250.090302
vn 0.000000 0.000000 -1.000000
v 22.260199 74.149467 250.090302
vn 0.000000 0.000000 -1.000000
v 64.362473 43.024757 250.090302
vn 0.000000 0.000000 -1.000000
v 148.014786 156.180923 250.090302
vn 0.000000 0.000000 -1.000000
v 105.912514 187.305618 73.474770
vn 0.000000 0.000000 1.000000
v 148.014786 156.180908 73.474770
vn 0.000000 0.000000 1.000000
v 64.362480 43.024754 73.474770
vn 0.000000 0.000000 1.000000
v 22.260208 74.149460 73.474770
vn 0.000000 0.000000 1.000000
v 77.388924 2.147968 -115.441490
vn -0.191219 -0.582481 0.790032
v 79.712509 9.225951 -109.660583
vn -0.191219 -0.582481 0.790032
v 213.412033 -34.665485 -109.660583
vn -0.191219 -0.582481 0.790032
v 211.088440 -41.743469 -115.441490
vn -0.191219 -0.582481 0.790032
v 70.310974 4.471548 -109.660583
vn 0.333568 -0.659610 0.673533
v 79.712509 9.225951 -109.660583
vn 0.333568 -0.659610 0.673533
v 77.388924 2.147968 -115.441490
vn 0.333568 -0.659610 0.673533
v 53.980183 -45.274349 -109.660583
vn 0.582482 -0.191220 0.790031
v 70.310974 4.471548 -109.660583
vn 0.582482 -0.191220 0.790031
v 77.388924 2.147968 -115.441490
vn 0.582482 -0.191220 0.790031
v 61.058132 -47.597927 -115.441490
vn 0.582482 -0.191220 0.790031
v 58.825405 -54.470749 -110.212814
vn 0.660456 0.306816 0.685319
v 53.980183 -45.274349 -109.660583
vn 0.660456 0.306816 0.685319
v 61.058132 -47.597927 -115.441490
vn 0.660456 0.306816 0.685319
v 192.524902 -98.362175 -110.212814
vn 0.182840 0.556957 0.810166
v 58.825405 -54.470749 -110.212814
vn 0.182840 0.556957 0.810166
v 61.058132 -47.597927 -115.441490
vn 0.182840 0.556957 0.810166
v 194.757645 -91.489365 -115.441490
vn 0.182840 0.556957 0.810166
v 201.835632 -93.812958 -109.660583
vn -0.351698 0.636482 0.686439
v 192.524902 -98.362175 -110.212814
vn -0.351698 0.636482 0.686439
v 194.757645 -91.489365 -115.441490
vn -0.351698 0.636482 0.686439
v 213.412033 -34.665478 55.393127
vn -0.311907 -0.950113 0.000000
v 213.412033 -34.665485 -109.660583
vn -0.311907 -0.950113 0.000000
v 79.712509 9.225951 -109.660583
vn -0.311907 -0.950113 0.000000
v 79.712517 9.225959 55.393127
vn -0.311907 -0.950113 0.000000
v 211.088440 -41.743458 61.174034
vn -0.191219 -0.582481 -0.790033
v 213.412033 -34.665478 55.393127
vn -0.191219 -0.582481 -0.790033
v 79.712517 9.225959 55.393127
vn -0.191219 -0.582481 -0.790033
v 77.388924 2.147979 61.174034
vn -0.191219 -0.582481 -0.790033
v 175.891312 -57.742329 -104.733734
vn 0.004542 0.031622 0.999490
v 141.800476 -58.829048 -102.553375
vn 0.127301 0.004058 0.991856
v 143.484726 -47.103760 -102.553375
vn 0.127985 -0.018384 0.991606
v 175.891312 -57.742329 -104.733734
vn 0.000000 0.000000 1.000000
v 144.228088 -70.423264 -102.553375
vn 0.118236 0.047353 0.991856
v 175.891312 -57.742329 -104.733734
vn -0.000000 0.000000 1.000000
v 150.474747 -80.487968 -102.553375
vn 0.094910 0.084936 0.991856
v 175.891312 -57.742329 -104.733734
vn 0.000000 0.000000 1.000000
v 159.787018 -87.809212 -102.553375
vn 0.079913 0.101646 0.991606
v 171.041718 -91.503944 -102.553375
vn 0.040329 0.122848 0.991606
v 159.787018 -87.809212 -102.553375
vn 0.040329 0.122848 0.991606
v 182.881348 -91.126534 -102.553375
vn -0.026102 0.124663 0.991856
v 171.041718 -91.503944 -102.553375
vn -0.004120 0.129233 0.991606
v 193.877869 -86.722488 -102.553375
vn -0.067165 0.108217 0.991856
v 175.891312 -57.742329 -104.733734
vn -0.000000 -0.000000 1.000000
v 202.704941 -78.823013 -102.553375
vn -0.100127 0.078719 0.991856
v 208.297913 -68.380890 -102.553375
vn -0.113978 0.061049 0.991606
v 209.982132 -56.655586 -102.553375
vn -0.127301 -0.004058 0.991856
v 208.297913 -68.380890 -102.553375
vn -0.127985 0.018384 0.991606
v 207.554535 -45.061386 -102.553375
vn -0.118236 -0.047353 0.991856
v 201.307892 -34.996685 -102.553375
vn -0.094910 -0.084936 0.991856
v 191.995605 -27.675440 -102.553375
vn -0.079913 -0.101646 0.991606
v 175.891312 -57.742329 -104.733734
vn -0.009071 -0.063147 0.997963
v 180.740906 -23.980707 -102.553375
vn -0.040329 -0.122848 0.991606
v 191.995605 -27.675440 -102.553375
vn -0.040329 -0.122848 0.991606
v 168.901291 -24.358118 -102.553375
vn 0.026102 -0.124663 0.991856
v 180.740906 -23.980707 -102.553375
vn 0.004120 -0.129233 0.991606
v 157.904770 -28.762171 -102.553375
vn 0.067165 -0.108217 0.991856
v 149.077682 -36.661648 -102.553375
vn 0.100127 -0.078719 0.991856
v 108.292969 -59.897186 -96.049614
vn 0.252732 0.008056 0.967503
v 111.632629 -36.647224 -96.049614
vn 0.253900 -0.036471 0.966543
v 143.484726 -47.103760 -102.553375
vn 0.113978 -0.061049 0.991606
v 75.942085 -60.928448 -85.333725
vn 0.314135 0.010014 0.949326
v 80.880035 -26.551638 -85.333725
vn 0.315417 -0.045307 0.947871
v 111.632629 -36.647224 -96.049614
vn 0.226114 -0.121111 0.966543
v 122.722862 -15.941675 -96.049614
vn 0.198782 -0.156282 0.967503
v 80.880035 -26.551638 -85.333725
vn 0.280899 -0.150454 0.947871
v 97.277779 4.063079 -85.333725
vn 0.247078 -0.194251 0.949326
v 113.106644 -82.887230 -96.049614
vn 0.234735 0.094010 0.967503
v 83.059471 -94.920952 -85.333725
vn 0.291765 0.116850 0.949326
v 75.942085 -60.928448 -85.333725
vn 0.978775 0.204937 0.000000
v 83.059471 -94.920952 -85.333725
vn 0.928319 0.371786 0.000000
v 83.059471 -94.920952 31.066269
vn 0.928319 0.371786 0.000000
v 75.942093 -60.928440 31.066269
vn 0.978775 0.204937 0.000000
v 125.493080 -102.844421 -96.049614
vn 0.188425 0.168624 0.967503
v 101.373734 -124.429176 -85.333725
vn 0.234205 0.209593 0.949326
v 101.373734 -124.429176 -85.333725
vn 0.745176 0.666868 0.000000
v 101.373734 -124.429176 31.066269
vn 0.745176 0.666868 0.000000
v 143.958282 -117.361649 -96.049614
vn 0.158535 0.201649 0.966543
v 128.675949 -145.893982 -85.333725
vn 0.196946 0.250505 0.947871
v 128.675949 -145.893982 -85.333725
vn 0.472153 0.881516 0.000000
v 128.675949 -145.893982 31.066284
vn 0.472153 0.881516 0.000000
v 166.275101 -124.687897 -96.049614
vn 0.080006 0.243710 0.966543
v 143.958282 -117.361649 -96.049614
vn 0.080006 0.243710 0.966543
v 161.673035 -156.726379 -85.333725
vn 0.099390 0.302757 0.947871
v 128.675949 -145.893982 -85.333725
vn 0.099390 0.302757 0.947871
v 161.673035 -156.726379 -85.333725
vn 0.142183 0.989840 0.000000
v 161.673035 -156.726379 31.066284
vn 0.142183 0.989840 0.000000
v 189.751755 -123.939529 -96.049614
vn -0.051820 0.247493 0.967503
v 166.275101 -124.687897 -96.049614
vn -0.008173 0.256376 0.966543
v 196.385010 -155.619858 -85.333725
vn -0.064411 0.307623 0.949326
v 161.673035 -156.726379 -85.333725
vn -0.010153 0.318492 0.947871
v 196.385010 -155.619858 -85.333725
vn -0.204937 0.978775 0.000000
v 196.385010 -155.619858 31.066269
vn -0.204937 0.978775 0.000000
v 211.556641 -115.206779 -96.049614
vn -0.133343 0.214844 0.967503
v 228.625229 -142.707855 -85.333725
vn -0.165740 0.267042 0.949326
v 228.625229 -142.707855 -85.333725
vn -0.527339 0.849655 -0.000000
v 228.625229 -142.707855 31.066269
vn -0.527339 0.849655 -0.000000
v 229.059769 -99.542984 -96.049614
vn -0.198782 0.156282 0.967503
v 254.504852 -119.547737 -85.333725
vn -0.247078 0.194251 0.949326
v 254.504852 -119.547737 -85.333725
vn -0.786136 0.618054 -0.000000
v 254.504852 -119.547729 31.066269
vn -0.786136 0.618054 -0.000000
v 240.150009 -78.837425 -96.049614
vn -0.226114 0.121111 0.966543
v 270.902588 -88.933006 -85.333725
vn -0.280899 0.150454 0.947871
v 270.902588 -88.933006 -85.333725
vn -0.881516 0.472154 -0.000000
v 270.902588 -88.932999 31.066269
vn -0.881516 0.472154 -0.000000
v 243.489670 -55.587456 -96.049614
vn -0.252732 -0.008057 0.967503
v 240.150009 -78.837425 -96.049614
vn -0.253900 0.036470 0.966543
v 275.840546 -54.556183 -85.333725
vn -0.314135 -0.010014 0.949326
v 270.902588 -88.933006 -85.333725
vn -0.315417 0.045307 0.947871
v 270.902588 -88.933006 -85.333725
vn -0.989840 0.142183 -0.000000
v 275.840546 -54.556183 -85.333725
vn -0.999492 -0.031861 -0.000000
v 275.840546 -54.556175 31.066269
vn -0.999492 -0.031861 -0.000000
v 270.902588 -88.932999 31.066269
vn -0.989840 0.142183 -0.000000
v 238.675995 -32.597420 -96.049614
vn -0.234735 -0.094010 0.967503
v 268.723175 -20.563679 -85.333725
vn -0.291765 -0.116850 0.949326
v 268.723175 -20.563679 -85.333725
vn -0.928319 -0.371786 0.000000
v 268.723175 -20.563679 31.066269
vn -0.928319 -0.371786 0.000000
v 226.289551 -12.640235 -96.049614
vn -0.188425 -0.168624 0.967503
v 250.408905 8.944526 -85.333725
vn -0.234204 -0.209593 0.949326
v 250.408905 8.944526 -85.333725
vn -0.745176 -0.666868 0.000000
v 250.408905 8.944526 31.066269
vn -0.745176 -0.666868 0.000000
v 207.824356 1.876989 -96.049614
vn -0.158535 -0.201648 0.966543
v 223.106689 30.409332 -85.333740
vn -0.196945 -0.250505 0.947871
v 223.106689 30.409332 -85.333740
vn -0.472153 -0.881516 0.000000
v 223.106689 30.409332 31.066269
vn -0.472153 -0.881516 0.000000
v 185.507507 9.203245 -96.049614
vn -0.080006 -0.243710 0.966543
v 207.824356 1.876989 -96.049614
vn -0.080006 -0.243710 0.966543
v 190.109573 41.241745 -85.333740
vn -0.099390 -0.302757 0.947871
v 223.106689 30.409332 -85.333740
vn -0.099390 -0.302757 0.947871
v 190.109573 41.241745 -85.333740
vn -0.142183 -0.989840 0.000000
v 190.109573 41.241745 31.066269
vn -0.142183 -0.989840 0.000000
v 162.030869 8.454873 -96.049614
vn 0.051821 -0.247493 0.967503
v 185.507507 9.203245 -96.049614
vn 0.008173 -0.256376 0.966543
v 155.397629 40.135212 -85.333725
vn 0.064411 -0.307623 0.949326
v 190.109573 41.241745 -85.333740
vn 0.010153 -0.318492 0.947871
v 155.397629 40.135212 -85.333725
vn 0.204937 -0.978775 0.000000
v 155.397629 40.135212 31.066269
vn 0.204937 -0.978775 0.000000
v 140.225983 -0.277880 -96.049614
vn 0.133343 -0.214844 0.967503
v 123.157425 27.223196 -85.333725
vn 0.165740 -0.267042 0.949326
v 123.157425 27.223196 -85.333725
vn 0.527339 -0.849655 0.000000
v 123.157425 27.223196 31.066269
vn 0.527339 -0.849655 0.000000
v 97.277779 4.063079 -85.333725
vn 0.666869 -0.745175 0.000000
v 97.277779 4.063087 31.066269
vn 0.666869 -0.745175 0.000000
v 175.891312 -57.742321 50.467232
vn 0.000000 -0.000000 -1.000000
v 149.077682 -36.661640 48.286873
vn 0.100127 -0.078719 -0.991856
v 143.484726 -47.103748 48.286873
vn 0.113978 -0.061049 -0.991606
v 143.484726 -47.103748 48.286873
vn 0.127985 -0.018384 -0.991606
v 141.800476 -58.829041 48.286873
vn 0.127301 0.004058 -0.991856
v 175.891312 -57.742321 50.467232
vn 0.004542 0.031622 -0.999490
v 122.722862 -15.941668 41.783119
vn 0.198782 -0.156281 -0.967503
v 111.632629 -36.647217 41.783119
vn 0.226114 -0.121110 -0.966543
v 111.632629 -36.647217 41.783119
vn 0.253900 -0.036471 -0.966543
v 108.292969 -59.897179 41.783119
vn 0.252732 0.008056 -0.967503
v 97.277779 4.063087 31.067230
vn 0.247078 -0.194251 -0.949326
v 80.880035 -26.551632 31.067230
vn 0.280899 -0.150454 -0.947871
v 80.880035 -26.551632 31.067230
vn 0.315417 -0.045307 -0.947871
v 75.942093 -60.928440 31.067230
vn 0.314135 0.010014 -0.949326
v 144.228104 -70.423256 48.286873
vn 0.118236 0.047353 -0.991856
v 175.891312 -57.742321 50.467232
vn 0.000000 0.000000 -1.000000
v 113.106651 -82.887222 41.783119
vn 0.234735 0.094010 -0.967503
v 83.059471 -94.920952 31.067230
vn 0.291765 0.116850 -0.949326
v 150.474747 -80.487961 48.286873
vn 0.094910 0.084936 -0.991856
v 175.891312 -57.742321 50.467232
vn 0.000000 -0.000000 -1.000000
v 125.493080 -102.844414 41.783119
vn 0.188425 0.168624 -0.967503
v 101.373734 -124.429176 31.067230
vn 0.234204 0.209593 -0.949326
v 159.787018 -87.809204 48.286873
vn 0.079913 0.101646 -0.991606
v 143.958282 -117.361633 41.783119
vn 0.158535 0.201648 -0.966543
v 128.675949 -145.893982 31.067238
vn 0.196945 0.250505 -0.947871
v 159.787018 -87.809204 48.286873
vn 0.040329 0.122848 -0.991606
v 171.041718 -91.503937 48.286873
vn 0.040329 0.122848 -0.991606
v 143.958282 -117.361633 41.783119
vn 0.080006 0.243710 -0.966543
v 166.275101 -124.687881 41.783119
vn 0.080006 0.243710 -0.966543
v 128.675949 -145.893982 31.067238
vn 0.099390 0.302757 -0.947871
v 161.673035 -156.726379 31.067238
vn 0.099390 0.302757 -0.947871
v 171.041718 -91.503937 48.286873
vn -0.004120 0.129232 -0.991606
v 182.881348 -91.126526 48.286873
vn -0.026102 0.124663 -0.991856
v 166.275101 -124.687881 41.783119
vn -0.008173 0.256376 -0.966543
v 189.751770 -123.939522 41.783119
vn -0.051820 0.247493 -0.967503
v 161.673035 -156.726379 31.067238
vn -0.010153 0.318492 -0.947871
v 196.385010 -155.619858 31.067230
vn -0.064411 0.307623 -0.949326
v 193.877869 -86.722481 48.286873
vn -0.067165 0.108217 -0.991856
v 211.556656 -115.206772 41.783119
vn -0.133343 0.214844 -0.967503
v 228.625229 -142.707855 31.067230
vn -0.165740 0.267042 -0.949326
v 202.704956 -78.823006 48.286873
vn -0.100127 0.078719 -0.991856
v 175.891312 -57.742321 50.467232
vn 0.000000 -0.000000 -1.000000
v 229.059769 -99.542976 41.783119
vn -0.198782 0.156281 -0.967503
v 254.504852 -119.547729 31.067230
vn -0.247078 0.194251 -0.949326
v 208.297913 -68.380882 48.286873
vn -0.113978 0.061049 -0.991606
v 240.150009 -78.837418 41.783119
vn -0.226114 0.121110 -0.966543
v 270.902588 -88.932999 31.067230
vn -0.280899 0.150454 -0.947871
v 208.297913 -68.380882 48.286873
vn -0.127984 0.018384 -0.991606
v 209.982132 -56.655579 48.286873
vn -0.127301 -0.004058 -0.991856
v 240.150009 -78.837418 41.783119
vn -0.253900 0.036471 -0.966543
v 243.489685 -55.587448 41.783119
vn -0.252732 -0.008056 -0.967503
v 270.902588 -88.932999 31.067230
vn -0.315417 0.045307 -0.947871
v 275.840546 -54.556175 31.067230
vn -0.314135 -0.010014 -0.949326
v 207.554550 -45.061378 48.286873
vn -0.118236 -0.047353 -0.991856
v 238.675995 -32.597412 41.783119
vn -0.234735 -0.094010 -0.967503
v 268.723175 -20.563679 31.067230
vn -0.291765 -0.116850 -0.949326
v 201.307892 -34.996677 48.286873
vn -0.094910 -0.084936 -0.991856
v 226.289566 -12.640227 41.783119
vn -0.188425 -0.168624 -0.967503
v 250.408905 8.944526 31.067230
vn -0.234204 -0.209593 -0.949326
v 191.995605 -27.675432 48.286873
vn -0.079913 -0.101646 -0.991606
v 207.824356 1.877004 41.783119
vn -0.158535 -0.201648 -0.966543
v 223.106689 30.409332 31.067230
vn -0.196945 -0.250505 -0.947871
v 191.995605 -27.675432 48.286873
vn -0.040329 -0.122848 -0.991606
v 180.740906 -23.980700 48.286873
vn -0.040329 -0.122848 -0.991606
v 175.891312 -57.742321 50.467232
vn -0.009071 -0.063147 -0.997963
v 207.824356 1.877004 41.783119
vn -0.080006 -0.243710 -0.966543
v 185.507507 9.203260 41.783119
vn -0.080006 -0.243710 -0.966543
v 223.106689 30.409332 31.067230
vn -0.099390 -0.302757 -0.947871
v 190.109573 41.241745 31.067230
vn -0.099390 -0.302757 -0.947871
v 180.740906 -23.980700 48.286873
vn 0.004120 -0.129232 -0.991606
v 168.901291 -24.358110 48.286873
vn 0.026102 -0.124663 -0.991856
v 185.507507 9.203260 41.783119
vn 0.008173 -0.256376 -0.966543
v 162.030884 8.454881 41.783119
vn 0.051820 -0.247493 -0.967503
v 190.109573 41.241745 31.067230
vn 0.010153 -0.318492 -0.947871
v 155.397629 40.135212 31.067230
vn 0.064411 -0.307623 -0.949326
v 157.904770 -28.762163 48.286873
vn 0.067165 -0.108217 -0.991856
v 140.225983 -0.277872 41.783119
vn 0.133343 -0.214844 -0.967503
v 123.157425 27.223196 31.067230
vn 0.165740 -0.267042 -0.949326
v 79.712517 9.225959 55.393127
vn 0.451282 -0.892381 0.000000
v 79.712509 9.225951 -109.660583
vn 0.451282 -0.892381 0.000000
v 70.310974 4.471548 -109.660583
vn 0.451282 -0.892381 0.000000
v 70.310974 4.471555 55.393127
vn 0.451282 -0.892381 0.000000
v 79.712517 9.225959 55.393127
vn 0.333568 -0.659610 -0.673533
v 70.310974 4.471555 55.393127
vn 0.333568 -0.659610 -0.673533
v 77.388924 2.147979 61.174034
vn 0.333568 -0.659610 -0.673533
v 70.310974 4.471555 55.393127
vn 0.950113 -0.311907 0.000000
v 70.310974 4.471548 -109.660583
vn 0.950113 -0.311907 0.000000
v 53.980183 -45.274349 -109.660583
vn 0.950113 -0.311907 0.000000
v 53.980186 -45.274342 55.393127
vn 0.950113 -0.311907 0.000000
v 77.388924 2.147979 61.174034
vn 0.582483 -0.191220 -0.790031
v 70.310974 4.471555 55.393127
vn 0.582483 -0.191220 -0.790031
v 53.980186 -45.274342 55.393127
vn 0.582483 -0.191220 -0.790031
v 61.058136 -47.597916 61.174034
vn 0.582483 -0.191220 -0.790031
v 53.980186 -45.274342 55.393127
vn 0.884719 0.466124 -0.000000
v 53.980183 -45.274349 -109.660583
vn 0.884719 0.466124 -0.000000
v 58.825405 -54.470749 -110.212814
vn 0.884719 0.466124 -0.000000
v 58.825409 -54.470741 54.840897
vn 0.884719 0.466124 -0.000000
v 53.980186 -45.274342 55.393127
vn 0.656353 0.384776 -0.648960
v 58.825409 -54.470741 54.840897
vn 0.656353 0.384776 -0.648960
v 61.058136 -47.597916 61.174034
vn 0.656353 0.384776 -0.648960
v 58.825409 -54.470741 54.840897
vn 0.311907 0.950113 -0.000000
v 58.825405 -54.470749 -110.212814
vn 0.311907 0.950113 -0.000000
v 192.524902 -98.362175 -110.212814
vn 0.311907 0.950113 -0.000000
v 192.524902 -98.362167 54.840897
vn 0.311907 0.950113 -0.000000
v 61.058136 -47.597916 61.174034
vn 0.205577 0.626217 -0.752057
v 58.825409 -54.470741 54.840897
vn 0.205577 0.626217 -0.752057
v 192.524902 -98.362167 54.840897
vn 0.205577 0.626217 -0.752057
v 194.757660 -91.489357 61.174034
vn 0.205577 0.626217 -0.752057
v 192.524902 -98.362167 54.840897
vn -0.439000 0.898487 -0.000000
v 192.524902 -98.362175 -110.212814
vn -0.439000 0.898487 -0.000000
v 201.835632 -93.812958 -109.660583
vn -0.439000 0.898487 -0.000000
v 201.835632 -93.812950 55.393127
vn -0.439000 0.898487 -0.000000
v 192.524902 -98.362167 54.840897
vn -0.302095 0.697204 -0.650112
v 201.835632 -93.812950 55.393127
vn -0.302095 0.697204 -0.650112
v 194.757660 -91.489357 61.174034
vn -0.302095 0.697204 -0.650112
v 201.835632 -93.812958 -109.660583
vn -0.582480 0.191219 0.790033
v 194.757645 -91.489365 -115.441490
vn -0.582480 0.191219 0.790033
v 211.088440 -41.743469 -115.441490
vn -0.582480 0.191219 0.790033
v 218.166412 -44.067062 -109.660583
vn -0.582480 0.191219 0.790033
v 201.835632 -93.812950 55.393127
vn -0.950113 0.311907 -0.000000
v 201.835632 -93.812958 -109.660583
vn -0.950113 0.311907 -0.000000
v 218.166412 -44.067062 -109.660583
vn -0.950113 0.311907 -0.000000
v 218.166412 -44.067055 55.393127
vn -0.950113 0.311907 -0.000000
v 201.835632 -93.812950 55.393127
vn -0.582481 0.191219 -0.790032
v 218.166412 -44.067055 55.393127
vn -0.582481 0.191219 -0.790032
v 211.088440 -41.743458 61.174034
vn -0.582481 0.191219 -0.790032
v 194.757660 -91.489357 61.174034
vn -0.582481 0.191219 -0.790032
v 211.088440 -41.743469 -115.441490
vn -0.659611 -0.333565 0.673534
v 213.412033 -34.665485 -109.660583
vn -0.659611 -0.333565 0.673534
v 218.166412 -44.067062 -109.660583
vn -0.659611 -0.333565 0.673534
v 218.166412 -44.067062 -109.660583
vn -0.892383 -0.451278 0.000000
v 213.412033 -34.665485 -109.660583
vn -0.892383 -0.451278 0.000000
v 213.412033 -34.665478 55.393127
vn -0.892383 -0.451278 0.000000
v 218.166412 -44.067055 55.393127
vn -0.892383 -0.451278 0.000000
v 218.166412 -44.067055 55.393127
vn -0.659611 -0.333565 -0.673534
v 213.412033 -34.665478 55.393127
vn -0.659611 -0.333565 -0.673534
v 211.088440 -41.743458 61.174034
vn -0.659611 -0.333565 -0.673534
v 211.088440 -41.743458 61.174034
vn 0.000000 0.000000 -1.000000
v 77.388924 2.147979 61.174034
vn 0.000000 0.000000 -1.000000
v 61.058136 -47.597916 61.174034
vn 0.000000 0.000000 -1.000000
v 194.757660 -91.489357 61.174034
vn 0.000000 0.000000 -1.000000
v 211.088440 -41.743469 -115.441490
vn 0.000000 0.000000 1.000000
v 194.757645 -91.489365 -115.441490
vn 0.000000 0.000000 1.000000
v 61.058132 -47.597927 -115.441490
vn 0.000000 0.000000 1.000000
v 77.388924 2.147968 -115.441490
vn 0.000000 0.000000 1.000000
v -59.660892 -49.337994 -315.311981
vn -0.207928 0.576728 0.790032
v -57.134266 -56.346066 -309.531067
vn -0.207928 0.576728 0.790032
v -189.513214 -104.072769 -309.531067
vn -0.207928 0.576728 0.790032
v -192.039841 -97.064697 -315.311981
vn -0.207928 0.576728 0.790032
v -52.652855 -46.811378 -309.531067
vn -0.668952 0.314415 0.673533
v -57.134266 -56.346066 -309.531067
vn -0.668952 0.314415 0.673533
v -59.660892 -49.337994 -315.311981
vn -0.668952 0.314415 0.673533
v -70.410637 2.443163 -309.531067
vn -0.576730 -0.207929 0.790031
v -52.652855 -46.811378 -309.531067
vn -0.576730 -0.207929 0.790031
v -59.660892 -49.337994 -315.311981
vn -0.576730 -0.207929 0.790031
v -77.418678 -0.083450 -315.311981
vn -0.576730 -0.207929 0.790031
v -79.890594 6.707012 -310.083313
vn -0.331553 -0.648391 0.685319
v -70.410637 2.443163 -309.531067
vn -0.331553 -0.648391 0.685319
v -77.418678 -0.083450 -315.311981
vn -0.331553 -0.648391 0.685319
v -212.269516 -41.019684 -310.083313
vn 0.198817 -0.551455 0.810166
v -79.890594 6.707012 -310.083313
vn 0.198817 -0.551455 0.810166
v -77.418678 -0.083450 -315.311981
vn 0.198817 -0.551455 0.810166
v -209.797623 -47.810150 -315.311981
vn 0.198817 -0.551455 0.810166
v -216.805679 -50.336781 -309.531067
vn 0.669001 -0.285026 0.686438
v -212.269516 -41.019684 -310.083313
vn 0.669001 -0.285026 0.686438
v -209.797623 -47.810150 -315.311981
vn 0.669001 -0.285026 0.686438
v -189.513214 -104.072777 -144.477356
vn -0.339162 0.940728 0.000000
v -189.513214 -104.072769 -309.531067
vn -0.339162 0.940728 0.000000
v -57.134266 -56.346066 -309.531067
vn -0.339162 0.940728 0.000000
v -57.134266 -56.346073 -144.477356
vn -0.339162 0.940728 0.000000
v -192.039841 -97.064705 -138.696442
vn -0.207928 0.576728 -0.790032
v -189.513214 -104.072777 -144.477356
vn -0.207928 0.576728 -0.790032
v -57.134266 -56.346073 -144.477356
vn -0.207928 0.576728 -0.790032
v -59.660889 -49.338005 -138.696442
vn -0.207928 0.576728 -0.790032
v -174.153992 -62.787910 -304.604218
vn 0.015889 -0.027715 0.999490
v -147.959091 -40.943150 -302.423859
vn -0.097816 -0.081572 0.991856
v -142.067490 -51.219727 -302.423859
vn -0.112171 -0.064308 0.991606
v -174.153992 -62.787910 -304.604218
vn 0.000000 -0.000000 1.000000
v -157.010193 -33.301369 -302.423859
vn -0.064018 -0.110108 0.991856
v -174.153992 -62.787910 -304.604218
vn 0.000000 -0.000000 1.000000
v -168.129074 -29.216101 -302.423859
vn -0.022498 -0.125363 0.991856
v -174.153992 -62.787910 -304.604218
vn -0.000000 0.000000 1.000000
v -179.974655 -29.180088 -302.423859
vn -0.000393 -0.129297 0.991606
v -191.118179 -33.197678 -302.423859
vn 0.043853 -0.121634 0.991606
v -179.974655 -29.180088 -302.423859
vn 0.043853 -0.121634 0.991606
v -200.215576 -40.784283 -302.423859
vn 0.097319 -0.082165 0.991856
v -191.118179 -33.197678 -302.423859
vn 0.082810 -0.099300 0.991606
v -206.169556 -51.024853 -302.423859
vn 0.119552 -0.043925 0.991856
v -174.153992 -62.787910 -304.604218
vn -0.000000 0.000000 1.000000
v -208.261993 -62.684219 -302.423859
vn 0.127365 -0.000387 0.991856
v -206.240494 -74.356094 -302.423859
vn 0.127401 0.022065 0.991606
v -200.348877 -84.632668 -302.423859
vn 0.097816 0.081572 0.991856
v -206.240494 -74.356094 -302.423859
vn 0.112171 0.064308 0.991606
v -191.297791 -92.274452 -302.423859
vn 0.064018 0.110108 0.991856
v -180.178925 -96.359726 -302.423859
vn 0.022498 0.125363 0.991856
v -168.333328 -96.395737 -302.423859
vn 0.000393 0.129297 0.991606
v -174.153992 -62.787910 -304.604218
vn -0.031729 0.055345 0.997963
v -157.189804 -92.378143 -302.423859
vn -0.043853 0.121634 0.991606
v -168.333328 -96.395737 -302.423859
vn -0.043853 0.121634 0.991606
v -148.092407 -84.791542 -302.423859
vn -0.097319 0.082165 0.991856
v -157.189804 -92.378143 -302.423859
vn -0.082810 0.099300 0.991606
v -142.138443 -74.550964 -302.423859
vn -0.119552 0.043925 0.991856
v -140.046005 -62.891594 -302.423859
vn -0.127365 0.000387 0.991856
v -122.212418 -19.472166 -295.920105
vn -0.194195 -0.161946 0.967503
v -110.530006 -39.849487 -295.920105
vn -0.222530 -0.127577 0.966543
v -142.067490 -51.219727 -302.423859
vn -0.127401 -0.022065 0.991606
v -97.354485 1.257668 -285.204224
vn -0.241376 -0.201292 0.949326
v -80.081161 -28.871735 -285.204224
vn -0.276445 -0.158487 0.947871
v -110.530006 -39.849487 -295.920105
vn -0.252743 -0.043773 0.966543
v -106.521629 -62.993515 -295.920105
vn -0.252859 0.000769 0.967503
v -80.081161 -28.871735 -285.204224
vn -0.313980 -0.054379 0.947871
v -74.154472 -63.091923 -285.204224
vn -0.314293 0.000956 0.949326
v -140.159729 -4.319361 -295.920105
vn -0.127095 -0.218598 0.967503
v -123.890923 23.662230 -285.204224
vn -0.157974 -0.271708 0.949326
v -97.354485 1.257668 -285.204224
vn -0.645114 -0.764086 0.000000
v -123.890923 23.662230 -285.204224
vn -0.502631 -0.864501 0.000000
v -123.890923 23.662230 -168.804214
vn -0.502631 -0.864501 0.000000
v -97.354485 1.257661 -168.804214
vn -0.645114 -0.764086 0.000000
v -162.207245 3.781283 -295.920105
vn -0.044666 -0.248884 0.967503
v -156.489838 35.639652 -285.204224
vn -0.055517 -0.309352 0.949326
v -156.489838 35.639652 -285.204224
vn -0.176642 -0.984275 0.000000
v -156.489838 35.639652 -168.804214
vn -0.176642 -0.984275 0.000000
v -185.695724 3.852696 -295.920105
vn -0.000780 -0.256505 0.966543
v -191.219330 35.745228 -285.204224
vn -0.000969 -0.318652 0.947871
v -191.219330 35.745228 -285.204224
vn 0.170654 -0.985331 0.000000
v -191.219330 35.745228 -168.804199
vn 0.170654 -0.985331 0.000000
v -207.792099 -4.113738 -295.920105
vn 0.086997 -0.241302 0.966543
v -185.695724 3.852696 -295.920105
vn 0.086997 -0.241302 0.966543
v -223.890488 23.966251 -285.204224
vn 0.108075 -0.299766 0.947871
v -191.219330 35.745228 -285.204224
vn 0.108075 -0.299766 0.947871
v -223.890488 23.966251 -285.204224
vn 0.497365 -0.867541 0.000000
v -223.890488 23.966251 -168.804199
vn 0.497365 -0.867541 0.000000
v -225.831238 -19.157145 -295.920105
vn 0.193207 -0.163123 0.967503
v -207.792099 -4.113738 -295.920105
vn 0.164281 -0.196995 0.966543
v -250.562668 1.723463 -285.204224
vn 0.240148 -0.202755 0.949326
v -223.890488 23.966251 -285.204224
vn 0.204084 -0.244725 0.947871
v -250.562668 1.723463 -285.204224
vn 0.764086 -0.645114 0.000000
v -250.562668 1.723463 -168.804214
vn 0.764086 -0.645114 0.000000
v -237.637299 -39.463062 -295.920105
vn 0.237347 -0.087205 0.967503
v -268.018890 -28.300385 -285.204224
vn 0.295012 -0.108392 0.949326
v -268.018890 -28.300385 -285.204224
vn 0.938649 -0.344875 -0.000000
v -268.018890 -28.300385 -168.804214
vn 0.938649 -0.344875 -0.000000
v -241.786362 -62.582298 -295.920105
vn 0.252859 -0.000769 0.967503
v -274.153534 -62.483894 -285.204224
vn 0.314293 -0.000956 0.949326
v -274.153534 -62.483894 -285.204224
vn 0.999995 -0.003040 0.000000
v -274.153534 -62.483898 -168.804214
vn 0.999995 -0.003040 0.000000
v -237.777985 -85.726334 -295.920105
vn 0.252743 0.043773 0.966543
v -268.226837 -96.704094 -285.204224
vn 0.313980 0.054379 0.947871
v -268.226837 -96.704094 -285.204224
vn 0.985331 0.170652 0.000000
v -268.226837 -96.704102 -168.804214
vn 0.985331 0.170652 0.000000
v -226.095566 -106.103668 -295.920105
vn 0.194195 0.161946 0.967503
v -237.777985 -85.726334 -295.920105
vn 0.222529 0.127577 0.966543
v -250.953506 -126.833511 -285.204224
vn 0.241376 0.201292 0.949326
v -268.226837 -96.704094 -285.204224
vn 0.276445 0.158487 0.947871
v -268.226837 -96.704094 -285.204224
vn 0.867541 0.497365 0.000000
v -250.953506 -126.833511 -285.204224
vn 0.767995 0.640456 0.000000
v -250.953506 -126.833519 -168.804214
vn 0.767995 0.640456 0.000000
v -268.226837 -96.704102 -168.804214
vn 0.867541 0.497365 0.000000
v -208.148254 -121.256470 -295.920105
vn 0.127095 0.218598 0.967503
v -224.417068 -149.238068 -285.204224
vn 0.157974 0.271708 0.949326
v -224.417068 -149.238068 -285.204224
vn 0.502631 0.864501 0.000000
v -224.417068 -149.238068 -168.804214
vn 0.502631 0.864501 0.000000
v -186.100739 -129.357101 -295.920105
vn 0.044666 0.248884 0.967503
v -191.818146 -161.215469 -285.204224
vn 0.055517 0.309352 0.949326
v -191.818146 -161.215469 -285.204224
vn 0.176642 0.984275 0.000000
v -191.818146 -161.215469 -168.804214
vn 0.176642 0.984275 0.000000
v -162.612259 -129.428513 -295.920105
vn 0.000780 0.256505 0.966543
v -157.088654 -161.321060 -285.204224
vn 0.000969 0.318652 0.947871
v -157.088654 -161.321060 -285.204224
vn -0.170654 0.985331 0.000000
v -157.088654 -161.321060 -168.804214
vn -0.170654 0.985331 0.000000
v -140.515854 -121.462059 -295.920105
vn -0.086997 0.241302 0.966543
v -162.612259 -129.428513 -295.920105
vn -0.086997 0.241302 0.966543
v -124.417480 -149.542068 -285.204224
vn -0.108075 0.299766 0.947871
v -157.088654 -161.321060 -285.204224
vn -0.108075 0.299766 0.947871
v -124.417480 -149.542068 -285.204224
vn -0.497365 0.867541 0.000000
v -124.417480 -149.542068 -168.804214
vn -0.497365 0.867541 0.000000
v -122.476753 -106.418678 -295.920105
vn -0.193207 0.163123 0.967503
v -140.515854 -121.462059 -295.920105
vn -0.164281 0.196995 0.966543
v -97.745316 -127.299294 -285.204224
vn -0.240148 0.202755 0.949326
v -124.417480 -149.542068 -285.204224
vn -0.204084 0.244724 0.947871
v -97.745316 -127.299294 -285.204224
vn -0.764087 0.645114 0.000000
v -97.745316 -127.299294 -168.804214
vn -0.764087 0.645114 0.000000
v -110.670692 -86.112755 -295.920105
vn -0.237347 0.087205 0.967503
v -80.289124 -97.275452 -285.204224
vn -0.295012 0.108392 0.949326
v -80.289124 -97.275452 -285.204224
vn -0.938649 0.344875 0.000000
v -80.289124 -97.275452 -168.804214
vn -0.938649 0.344875 0.000000
v -74.154472 -63.091923 -285.204224
vn -0.984275 0.176640 0.000000
v -74.154465 -63.091930 -168.804214
vn -0.984275 0.176640 0.000000
v -174.153992 -62.787918 -149.403259
vn -0.000000 0.000000 -1.000000
v -140.046005 -62.891602 -151.583618
vn -0.127365 0.000387 -0.991856
v -142.067490 -51.219738 -151.583618
vn -0.127401 -0.022065 -0.991606
v -142.067490 -51.219738 -151.583618
vn -0.112171 -0.064308 -0.991606
v -147.959091 -40.943153 -151.583618
vn -0.097816 -0.081572 -0.991856
v -174.153992 -62.787918 -149.403259
vn 0.015889 -0.027715 -0.999490
v -106.521629 -62.993523 -158.087372
vn -0.252859 0.000769 -0.967503
v -110.530006 -39.849495 -158.087372
vn -0.252743 -0.043773 -0.966543
v -110.530006 -39.849495 -158.087372
vn -0.222530 -0.127577 -0.966543
v -122.212418 -19.472174 -158.087372
vn -0.194195 -0.161946 -0.967503
v -74.154465 -63.091930 -168.803253
vn -0.314293 0.000956 -0.949326
v -80.081161 -28.871740 -168.803253
vn -0.313980 -0.054379 -0.947871
v -80.081161 -28.871740 -168.803253
vn -0.276445 -0.158487 -0.947871
v -97.354485 1.257661 -168.803253
vn -0.241376 -0.201292 -0.949326
v -157.010193 -33.301376 -151.583618
vn -0.064018 -0.110108 -0.991856
v -174.153992 -62.787918 -149.403259
vn 0.000000 -0.000000 -1.000000
v -140.159729 -4.319368 -158.087372
vn -0.127095 -0.218598 -0.967503
v -123.890923 23.662230 -168.803253
vn -0.157974 -0.271708 -0.949326
v -168.129059 -29.216106 -151.583618
vn -0.022498 -0.125363 -0.991856
v -174.153992 -62.787918 -149.403259
vn 0.000000 -0.000000 -1.000000
v -162.207245 3.781276 -158.087372
vn -0.044666 -0.248884 -0.967503
v -156.489838 35.639652 -168.803253
vn -0.055517 -0.309352 -0.949326
v -179.974655 -29.180096 -151.583618
vn -0.000393 -0.129297 -0.991606
v -185.695724 3.852682 -158.087372
vn -0.000780 -0.256505 -0.966543
v -191.219330 35.745228 -168.803253
vn -0.000969 -0.318652 -0.947871
v -179.974655 -29.180096 -151.583618
vn 0.043853 -0.121634 -0.991606
v -191.118179 -33.197685 -151.583618
vn 0.043853 -0.121634 -0.991606
v -185.695724 3.852682 -158.087372
vn 0.086997 -0.241302 -0.966543
v -207.792099 -4.113752 -158.087372
vn 0.086997 -0.241302 -0.966543
v -191.219330 35.745228 -168.803253
vn 0.108075 -0.299766 -0.947871
v -223.890488 23.966251 -168.803253
vn 0.108075 -0.299766 -0.947871
v -191.118179 -33.197685 -151.583618
vn 0.082810 -0.099300 -0.991606
v -200.215576 -40.784290 -151.583618
vn 0.097319 -0.082165 -0.991856
v -207.792099 -4.113752 -158.087372
vn 0.164281 -0.196995 -0.966543
v -225.831238 -19.157152 -158.087372
vn 0.193207 -0.163123 -0.967503
v -223.890488 23.966251 -168.803253
vn 0.204084 -0.244724 -0.947871
v -250.562668 1.723463 -168.803253
vn 0.240148 -0.202755 -0.949326
v -206.169540 -51.024857 -151.583618
vn 0.119552 -0.043925 -0.991856
v -237.637299 -39.463070 -158.087372
vn 0.237347 -0.087205 -0.967503
v -268.018890 -28.300385 -168.803253
vn 0.295012 -0.108392 -0.949326
v -208.261993 -62.684227 -151.583618
vn 0.127365 -0.000387 -0.991856
v -174.153992 -62.787918 -149.403259
vn -0.000000 -0.000000 -1.000000
v -241.786362 -62.582306 -158.087372
vn 0.252859 -0.000769 -0.967503
v -274.153534 -62.483898 -168.803253
vn 0.314293 -0.000955 -0.949326
v -206.240494 -74.356102 -151.583618
vn 0.127401 0.022065 -0.991606
v -237.777985 -85.726341 -158.087372
vn 0.252743 0.043773 -0.966543
v -268.226837 -96.704102 -168.803253
vn 0.313980 0.054379 -0.947871
v -206.240494 -74.356102 -151.583618
vn 0.112171 0.064308 -0.991606
v -200.348862 -84.632675 -151.583618
vn 0.097816 0.081572 -0.991856
v -237.777985 -85.726341 -158.087372
vn 0.222529 0.127577 -0.966543
v -226.095566 -106.103676 -158.087372
vn 0.194195 0.161946 -0.967503
v -268.226837 -96.704102 -168.803253
vn 0.276445 0.158487 -0.947871
v -250.953506 -126.833519 -168.803253
vn 0.241376 0.201292 -0.949326
v -191.297791 -92.274460 -151.583618
vn 0.064018 0.110108 -0.991856
v -208.148239 -121.256477 -158.087372
vn 0.127095 0.218598 -0.967503
v -224.417068 -149.238068 -168.803253
vn 0.157974 0.271708 -0.949326
v -180.178925 -96.359734 -151.583618
vn 0.022498 0.125363 -0.991856
v -186.100739 -129.357117 -158.087372
vn 0.044666 0.248884 -0.967503
v -191.818146 -161.215469 -168.803253
vn 0.055517 0.309352 -0.949326
v -168.333328 -96.395744 -151.583618
vn 0.000393 0.129297 -0.991606
v -162.612259 -129.428528 -158.087372
vn 0.000780 0.256505 -0.966543
v -157.088654 -161.321060 -168.803253
vn 0.000969 0.318652 -0.947871
v -168.333328 -96.395744 -151.583618
vn -0.043853 0.121634 -0.991606
v -157.189804 -92.378151 -151.583618
vn -0.043853 0.121634 -0.991606
v -174.153992 -62.787918 -149.403259
vn -0.031729 0.055345 -0.997963
v -162.612259 -129.428528 -158.087372
vn -0.086997 0.241302 -0.966543
v -140.515854 -121.462074 -158.087372
vn -0.086997 0.241302 -0.966543
v -157.088654 -161.321060 -168.803253
vn -0.108075 0.299766 -0.947871
v -124.417480 -149.542068 -168.803253
vn -0.108075 0.299766 -0.947871
v -157.189804 -92.378151 -151.583618
vn -0.082810 0.099300 -0.991606
v -148.092407 -84.791550 -151.583618
vn -0.097319 0.082165 -0.991856
v -140.515854 -121.462074 -158.087372
vn -0.164281 0.196995 -0.966543
v -122.476746 -106.418686 -158.087372
vn -0.193207 0.163123 -0.967503
v -124.417480 -149.542068 -168.803253
vn -0.204084 0.244724 -0.947871
v -97.745316 -127.299294 -168.803253
vn -0.240148 0.202755 -0.949326
v -142.138428 -74.550972 -151.583618
vn -0.119552 0.043925 -0.991856
v -110.670685 -86.112762 -158.087372
vn -0.237347 0.087205 -0.967503
v -80.289124 -97.275452 -168.803253
vn -0.295012 0.108392 -0.949326
v -57.134266 -56.346073 -144.477356
vn -0.905020 0.425370 0.000000
v -57.134266 -56.346066 -309.531067
vn -0.905020 0.425370 0.000000
v -52.652855 -46.811378 -309.531067
vn -0.905020 0.425370 0.000000
v -52.652855 -46.811386 -144.477356
vn -0.905020 0.425370 0.000000
v -57.134266 -56.346073 -144.477356
vn -0.668952 0.314415 -0.673532
v -52.652855 -46.811386 -144.477356
vn -0.668952 0.314415 -0.673532
v -59.660889 -49.338005 -138.696442
vn -0.668952 0.314415 -0.673532
v -52.652855 -46.811386 -144.477356
vn -0.940728 -0.339162 -0.000000
v -52.652855 -46.811378 -309.531067
vn -0.940728 -0.339162 -0.000000
v -70.410637 2.443163 -309.531067
vn -0.940728 -0.339162 -0.000000
v -70.410637 2.443156 -144.477356
vn -0.940728 -0.339162 -0.000000
v -59.660889 -49.338005 -138.696442
vn -0.576730 -0.207929 -0.790031
v -52.652855 -46.811386 -144.477356
vn -0.576730 -0.207929 -0.790031
v -70.410637 2.443156 -144.477356
vn -0.576730 -0.207929 -0.790031
v -77.418671 -0.083461 -138.696442
vn -0.576730 -0.207929 -0.790031
v -70.410637 2.443156 -144.477356
vn -0.410194 -0.911998 -0.000000
v -70.410637 2.443163 -309.531067
vn -0.410194 -0.911998 -0.000000
v -79.890594 6.707012 -310.083313
vn -0.410194 -0.911998 -0.000000
v -79.890587 6.707005 -145.029587
vn -0.410194 -0.911998 -0.000000
v -70.410637 2.443156 -144.477356
vn -0.280322 -0.707299 -0.648959
v -79.890587 6.707005 -145.029587
vn -0.280322 -0.707299 -0.648959
v -77.418671 -0.083461 -138.696442
vn -0.280322 -0.707299 -0.648959
v -79.890587 6.707005 -145.029587
vn 0.339162 -0.940728 -0.000000
v -79.890594 6.707012 -310.083313
vn 0.339162 -0.940728 -0.000000
v -212.269516 -41.019684 -310.083313
vn 0.339162 -0.940728 -0.000000
v -212.269501 -41.019691 -145.029587
vn 0.339162 -0.940728 -0.000000
v -77.418671 -0.083461 -138.696442
vn 0.223541 -0.620032 -0.752057
v -79.890587 6.707005 -145.029587
vn 0.223541 -0.620032 -0.752057
v -212.269501 -41.019691 -145.029587
vn 0.223541 -0.620032 -0.752057
v -209.797623 -47.810162 -138.696442
vn 0.223541 -0.620032 -0.752057
v -212.269501 -41.019691 -145.029587
vn 0.899101 -0.437741 -0.000000
v -212.269516 -41.019684 -310.083313
vn 0.899101 -0.437741 -0.000000
v -216.805679 -50.336781 -309.531067
vn 0.899101 -0.437741 -0.000000
v -216.805679 -50.336788 -144.477356
vn 0.899101 -0.437741 -0.000000
v -212.269501 -41.019691 -145.029587
vn 0.667296 -0.363417 -0.650111
v -216.805679 -50.336788 -144.477356
vn 0.667296 -0.363417 -0.650111
v -209.797623 -47.810162 -138.696442
vn 0.667296 -0.363417 -0.650111
v -216.805679 -50.336781 -309.531067
vn 0.576729 0.207928 0.790032
v -209.797623 -47.810150 -315.311981
vn 0.576729 0.207928 0.790032
v -192.039841 -97.064697 -315.311981
vn 0.576729 0.207928 0.790032
v -199.047897 -99.591324 -309.531067
vn 0.576729 0.207928 0.790032
v -216.805679 -50.336788 -144.477356
vn 0.940728 0.339162 0.000000
v -216.805679 -50.336781 -309.531067
vn 0.940728 0.339162 0.000000
v -199.047897 -99.591324 -309.531067
vn 0.940728 0.339162 0.000000
v -199.047897 -99.591331 -144.477356
vn 0.940728 0.339162 0.000000
v -216.805679 -50.336788 -144.477356
vn 0.576729 0.207928 -0.790032
v -199.047897 -99.591331 -144.477356
vn 0.576729 0.207928 -0.790032
v -192.039841 -97.064705 -138.696442
vn 0.576729 0.207928 -0.790032
v -209.797623 -47.810162 -138.696442
vn 0.576729 0.207928 -0.790032
v -192.039841 -97.064697 -315.311981
vn 0.314417 0.668950 0.673533
v -189.513214 -104.072769 -309.531067
vn 0.314417 0.668950 0.673533
v -199.047897 -99.591324 -309.531067
vn 0.314417 0.668950 0.673533
v -199.047897 -99.591324 -309.531067
vn 0.425372 0.905018 0.000000
v -189.513214 -104.072769 -309.531067
vn 0.425372 0.905018 0.000000
v -189.513214 -104.072777 -144.477356
vn 0.425372 0.905018 0.000000
v -199.047897 -99.591331 -144.477356
vn 0.425372 0.905018 0.000000
v -199.047897 -99.591331 -144.477356
vn 0.314417 0.668950 -0.673533
v -189.513214 -104.072777 -144.477356
vn 0.314417 0.668950 -0.673533
v -192.039841 -97.064705 -138.696442
vn 0.314417 0.668950 -0.673533
v -192.039841 -97.064705 -138.696442
vn 0.000000 0.000000 -1.000000
v -59.660889 -49.338005 -138.696442
vn 0.000000 0.000000 -1.000000
v -77.418671 -0.083461 -138.696442
vn 0.000000 0.000000 -1.000000
v -209.797623 -47.810162 -138.696442
vn 0.000000 0.000000 -1.000000
v -192.039841 -97.064697 -315.311981
vn 0.000000 0.000000 1.000000
v -209.797623 -47.810150 -315.311981
vn 0.000000 0.000000 1.000000
v -77.418678 -0.083450 -315.311981
vn 0.000000 0.000000 1.000000
v -59.660892 -49.337994 -315.311981
vn 0.000000 0.000000 1.000000
vt 0.722585 0.308859
vt 0.689329 0.294696
vt 0.722585 0.294696
f 1733/3337/1733 1734/3338/1734 1735/3339/1735
vt 0.988577 0.294653
vt 0.956318 0.308859
vt 0.956318 0.294696
f 1740/3340/1740 1741/3341/1741 1742/3342/1742
vt 0.956318 0.012992
vt 0.988577 0.027113
vt 0.956318 0.027155
f 1747/3343/1747 1748/3344/1748 1749/3345/1749
vt 0.708188 0.992640
vt 0.749270 0.883839
vt 0.667105 0.883839
f 1758/3346/1758 1759/3347/1759 1760/3348/1760
vt 0.790352 0.992640
vt 0.831434 0.883839
vt 0.749270 0.883839
f 1761/3349/1761 1762/3350/1762 1759/3351/1759
vt 0.872517 0.992640
vt 0.913599 0.883839
vt 0.831434 0.883839
f 1763/3352/1763 1764/3353/1764 1762/3354/1762
vt 0.954681 0.992640
vt 0.995763 0.883839
vt 0.913599 0.883839
f 1765/3355/1765 1766/3356/1766 1764/3357/1764
vt 0.708188 0.992640
vt 0.749270 0.883839
vt 0.667105 0.883839
f 1758/3358/1758 1767/3359/1767 1768/3360/1768
vt 0.708188 0.992640
vt 0.749270 0.883839
vt 0.667105 0.883839
f 1758/3361/1758 1769/3362/1769 1770/3363/1770
vt 0.790352 0.992640
vt 0.831434 0.883839
vt 0.749270 0.883839
f 1761/3364/1761 1771/3365/1771 1769/3366/1769
vt 0.872516 0.992640
vt 0.913599 0.883839
vt 0.831434 0.883839
f 1772/3367/1772 1773/3368/1773 1771/3369/1771
vt 0.954681 0.992640
vt 0.995763 0.883839
vt 0.913599 0.883839
f 1765/3370/1765 1774/3371/1774 1773/3372/1773
vt 0.708188 0.992640
vt 0.749270 0.883839
vt 0.667105 0.883839
f 1758/3373/1758 1775/3374/1775 1776/3375/1776
vt 0.790352 0.992640
vt 0.831434 0.883839
vt 0.749270 0.883839
f 1761/3376/1761 1777/3377/1777 1775/3378/1775
vt 0.872517 0.992640
vt 0.913599 0.883839
vt 0.831434 0.883839
f 1763/3379/1763 1778/3380/1778 1777/3381/1777
vt 0.954681 0.992640
vt 0.995763 0.883839
vt 0.913599 0.883839
f 1765/3382/1765 1779/3383/1779 1778/3384/1778
vt 0.708187 0.992640
vt 0.749270 0.883839
vt 0.667105 0.883839
f 1780/3385/1780 1781/3386/1781 1782/3387/1782
vt 0.708187 0.992640
vt 0.749270 0.883839
vt 0.667105 0.883839
f 1780/3388/1780 1783/3389/1783 1784/3390/1784
vt 0.790352 0.992640
vt 0.831434 0.883839
vt 0.749270 0.883839
f 1761/3391/1761 1785/3392/1785 1783/3393/1783
vt 0.872516 0.992640
vt 0.913598 0.883839
vt 0.831434 0.883839
f 1772/3394/1772 1786/3395/1786 1785/3396/1785
vt 0.995763 0.883839
vt 0.913598 0.883839
vt 0.954681 0.992640
f 1789/3397/1789 1786/3398/1786 1765/3399/1765
vt 0.954681 0.331575
vt 0.913598 0.440376
vt 0.995763 0.440376
f 1872/3400/1872 1873/3401/1873 1874/3402/1874
vt 0.667105 0.440376
vt 0.749270 0.440376
vt 0.708188 0.331575
f 1875/3403/1875 1876/3404/1876 1877/3405/1877
vt 0.749270 0.440376
vt 0.831434 0.440376
vt 0.790352 0.331575
f 1876/3406/1876 1886/3407/1886 1887/3408/1887
vt 0.831434 0.440376
vt 0.913599 0.440376
vt 0.872517 0.331575
f 1886/3409/1886 1890/3410/1890 1891/3411/1891
vt 0.913599 0.440376
vt 0.995763 0.440376
vt 0.954681 0.331575
f 1890/3412/1890 1894/3413/1894 1872/3414/1872
vt 0.667105 0.440376
vt 0.749270 0.440376
vt 0.708188 0.331575
f 1897/3415/1897 1898/3416/1898 1877/3417/1877
vt 0.667105 0.440376
vt 0.749270 0.440376
vt 0.708188 0.331575
f 1903/3418/1903 1904/3419/1904 1877/3420/1877
vt 0.749270 0.440376
vt 0.831434 0.440376
vt 0.790352 0.331575
f 1904/3421/1904 1909/3422/1909 1887/3423/1887
vt 0.831434 0.440376
vt 0.913599 0.440376
vt 0.872516 0.331575
f 1909/3424/1909 1912/3425/1912 1913/3426/1913
vt 0.913599 0.440376
vt 0.995763 0.440376
vt 0.954681 0.331575
f 1912/3427/1912 1916/3428/1916 1872/3429/1872
vt 0.667105 0.440376
vt 0.749270 0.440376
vt 0.708188 0.331575
f 1919/3430/1919 1920/3431/1920 1877/3432/1877
vt 0.749270 0.440376
vt 0.831434 0.440376
vt 0.790352 0.331575
f 1920/3433/1920 1925/3434/1925 1887/3435/1887
vt 0.831434 0.440376
vt 0.913599 0.440376
vt 0.872517 0.331575
f 1925/3436/1925 1928/3437/1928 1891/3438/1891
vt 0.913599 0.440376
vt 0.995763 0.440376
vt 0.954681 0.331575
f 1928/3439/1928 1931/3440/1931 1872/3441/1872
vt 0.667105 0.440376
vt 0.749270 0.440376
vt 0.708187 0.331575
f 1934/3442/1934 1935/3443/1935 1936/3444/1936
vt 0.667105 0.440376
vt 0.749270 0.440376
vt 0.708187 0.331575
f 1941/3445/1941 1942/3446/1942 1936/3447/1936
vt 0.749270 0.440376
vt 0.831434 0.440376
vt 0.790352 0.331575
f 1942/3448/1942 1947/3449/1947 1887/3450/1887
vt 0.831434 0.440376
vt 0.913598 0.440376
vt 0.872516 0.331575
f 1947/3451/1947 1873/3452/1873 1913/3453/1913
vt 0.464605 0.304169
vt 0.487782 0.304169
vt 0.487782 0.314138
f 1954/3454/1954 1955/3455/1955 1956/3456/1956
vt 0.960974 0.301706
vt 0.993031 0.300790
vt 0.960974 0.311290
f 1969/3457/1969 1970/3458/1970 1971/3459/1971
vt 0.984889 0.030947
vt 0.953319 0.017437
vt 0.953319 0.030988
f 1984/3460/1984 1985/3461/1985 1986/3462/1986
vt 0.722585 0.027155
vt 0.689329 0.027155
vt 0.722585 0.012992
f 1999/3463/1999 2000/3464/2000 2001/3465/2001
vt 0.724580 0.017437
vt 0.692035 0.030988
vt 0.724580 0.030988
f 2006/3466/2006 2007/3467/2007 2008/3468/2008
vt 0.722585 0.308859
vt 0.689329 0.294696
vt 0.722585 0.294696
f 2021/3469/2021 2022/3470/2022 2023/3471/2023
vt 0.988577 0.294653
vt 0.956318 0.308859
vt 0.956318 0.294696
f 2028/3472/2028 2029/3473/2029 2030/3474/2030
vt 0.956318 0.012992
vt 0.988577 0.027113
vt 0.956318 0.027155
f 2035/3475/2035 2036/3476/2036 2037/3477/2037
vt 0.708188 0.992640
vt 0.749270 0.883839
vt 0.667105 0.883839
f 2046/3478/2046 2047/3479/2047 2048/3480/2048
vt 0.790352 0.992640
vt 0.831434 0.883839
vt 0.749270 0.883839
f 2049/3481/2049 2050/3482/2050 2047/3483/2047
vt 0.872517 0.992640
vt 0.913599 0.883839
vt 0.831434 0.883839
f 2051/3484/2051 2052/3485/2052 2050/3486/2050
vt 0.954681 0.992640
vt 0.995763 0.883839
vt 0.913599 0.883839
f 2053/3487/2053 2054/3488/2054 2052/3489/2052
vt 0.708188 0.992640
vt 0.749270 0.883839
vt 0.667105 0.883839
f 2046/3490/2046 2055/3491/2055 2056/3492/2056
vt 0.708188 0.992640
vt 0.749270 0.883839
vt 0.667105 0.883839
f 2046/3493/2046 2057/3494/2057 2058/3495/2058
vt 0.790352 0.992640
vt 0.831434 0.883839
vt 0.749270 0.883839
f 2049/3496/2049 2059/3497/2059 2057/3498/2057
vt 0.872516 0.992640
vt 0.913599 0.883839
vt 0.831434 0.883839
f 2060/3499/2060 2061/3500/2061 2059/3501/2059
vt 0.954681 0.992640
vt 0.995763 0.883839
vt 0.913599 0.883839
f 2053/3502/2053 2062/3503/2062 2061/3504/2061
vt 0.708188 0.992640
vt 0.749270 0.883839
vt 0.667105 0.883839
f 2046/3505/2046 2063/3506/2063 2064/3507/2064
vt 0.790352 0.992640
vt 0.831434 0.883839
vt 0.749270 0.883839
f 2049/3508/2049 2065/3509/2065 2063/3510/2063
vt 0.872517 0.992640
vt 0.913599 0.883839
vt 0.831434 0.883839
f 2051/3511/2051 2066/3512/2066 2065/3513/2065
vt 0.954681 0.992640
vt 0.995763 0.883839
vt 0.913599 0.883839
f 2053/3514/2053 2067/3515/2067 2066/3516/2066
vt 0.708187 0.992640
vt 0.749270 0.883839
vt 0.667105 0.883839
f 2068/3517/2068 2069/3518/2069 2070/3519/2070
vt 0.708187 0.992640
vt 0.749270 0.883839
vt 0.667105 0.883839
f 2068/3520/2068 2071/3521/2071 2072/3522/2072
vt 0.790352 0.992640
vt 0.831434 0.883839
vt 0.749270 0.883839
f 2049/3523/2049 2073/3524/2073 2071/3525/2071
vt 0.872516 0.992640
vt 0.913598 0.883839
vt 0.831434 0.883839
f 2060/3526/2060 2074/3527/2074 2073/3528/2073
vt 0.995763 0.883839
vt 0.913598 0.883839
vt 0.954681 0.992640
f 2077/3529/2077 2074/3530/2074 2053/3531/2053
vt 0.954681 0.331575
vt 0.913598 0.440376
vt 0.995763 0.440376
f 2160/3532/2160 2161/3533/2161 2162/3534/2162
vt 0.667105 0.440376
vt 0.749270 0.440376
vt 0.708188 0.331575
f 2163/3535/2163 2164/3536/2164 2165/3537/2165
vt 0.749270 0.440376
vt 0.831434 0.440376
vt 0.790352 0.331575
f 2164/3538/2164 2174/3539/2174 2175/3540/2175
vt 0.831434 0.440376
vt 0.913599 0.440376
vt 0.872517 0.331575
f 2174/3541/2174 2178/3542/2178 2179/3543/2179
vt 0.913599 0.440376
vt 0.995763 0.440376
vt 0.954681 0.331575
f 2178/3544/2178 2182/3545/2182 2160/3546/2160
vt 0.667105 0.440376
vt 0.749270 0.440376
vt 0.708188 0.331575
f 2185/3547/2185 2186/3548/2186 2165/3549/2165
vt 0.667105 0.440376
vt 0.749270 0.440376
vt 0.708188 0.331575
f 2191/3550/2191 2192/3551/2192 2165/3552/2165
vt 0.749270 0.440376
vt 0.831434 0.440376
vt 0.790352 0.331575
f 2192/3553/2192 2197/3554/2197 2175/3555/2175
vt 0.831434 0.440376
vt 0.913599 0.440376
vt 0.872516 0.331575
f 2197/3556/2197 2200/3557/2200 2201/3558/2201
vt 0.913599 0.440376
vt 0.995763 0.440376
vt 0.954681 0.331575
f 2200/3559/2200 2204/3560/2204 2160/3561/2160
vt 0.667105 0.440376
vt 0.749270 0.440376
vt 0.708188 0.331575
f 2207/3562/2207 2208/3563/2208 2165/3564/2165
vt 0.749270 0.440376
vt 0.831434 0.440376
vt 0.790352 0.331575
f 2208/3565/2208 2213/3566/2213 2175/3567/2175
vt 0.831434 0.440376
vt 0.913599 0.440376
vt 0.872517 0.331575
f 2213/3568/2213 2216/3569/2216 2179/3570/2179
vt 0.913599 0.440376
vt 0.995763 0.440376
vt 0.954681 0.331575
f 2216/3571/2216 2219/3572/2219 2160/3573/2160
vt 0.667105 0.440376
vt 0.749270 0.440376
vt 0.708187 0.331575
f 2222/3574/2222 2223/3575/2223 2224/3576/2224
vt 0.667105 0.440376
vt 0.749270 0.440376
vt 0.708187 0.331575
f 2229/3577/2229 2230/3578/2230 2224/3579/2224
vt 0.749270 0.440376
vt 0.831434 0.440376
vt 0.790352 0.331575
f 2230/3580/2230 2235/3581/2235 2175/3582/2175
vt 0.831434 0.440376
vt 0.913598 0.440376
vt 0.872516 0.331575
f 2235/3583/2235 2161/3584/2161 2201/3585/2201
vt 0.464605 0.304169
vt 0.487782 0.304169
vt 0.487782 0.314138
f 2242/3586/2242 2243/3587/2243 2244/3588/2244
vt 0.960974 0.301706
vt 0.993031 0.300790
vt 0.960974 0.311290
f 2257/3589/2257 2258/3590/2258 2259/3591/2259
vt 0.984889 0.030947
vt 0.953319 0.017437
vt 0.953319 0.030988
f 2272/3592/2272 2273/3593/2273 2274/3594/2274
vt 0.722585 0.027155
vt 0.689329 0.027155
vt 0.722585 0.012992
f 2287/3595/2287 2288/3596/2288 2289/3597/2289
vt 0.724580 0.017437
vt 0.692035 0.030988
vt 0.724580 0.030988
f 2294/3598/2294 2295/3599/2295 2296/3600/2296
vt 0.722585 0.308859
vt 0.689329 0.294696
vt 0.722585 0.294696
f 2309/3601/2309 2310/3602/2310 2311/3603/2311
vt 0.988577 0.294653
vt 0.956318 0.308859
vt 0.956318 0.294696
f 2316/3604/2316 2317/3605/2317 2318/3606/2318
vt 0.956318 0.012992
vt 0.988577 0.027113
vt 0.956318 0.027155
f 2323/3607/2323 2324/3608/2324 2325/3609/2325
vt 0.708188 0.992640
vt 0.749270 0.883839
vt 0.667105 0.883839
f 2334/3610/2334 2335/3611/2335 2336/3612/2336
vt 0.790352 0.992640
vt 0.831434 0.883839
vt 0.749270 0.883839
f 2337/3613/2337 2338/3614/2338 2335/3615/2335
vt 0.872517 0.992640
vt 0.913599 0.883839
vt 0.831434 0.883839
f 2339/3616/2339 2340/3617/2340 2338/3618/2338
vt 0.954681 0.992640
vt 0.995763 0.883839
vt 0.913599 0.883839
f 2341/3619/2341 2342/3620/2342 2340/3621/2340
vt 0.708188 0.992640
vt 0.749270 0.883839
vt 0.667105 0.883839
f 2334/3622/2334 2343/3623/2343 2344/3624/2344
vt 0.708188 0.992640
vt 0.749270 0.883839
vt 0.667105 0.883839
f 2334/3625/2334 2345/3626/2345 2346/3627/2346
vt 0.790352 0.992640
vt 0.831434 0.883839
vt 0.749270 0.883839
f 2337/3628/2337 2347/3629/2347 2345/3630/2345
vt 0.872516 0.992640
vt 0.913599 0.883839
vt 0.831434 0.883839
f 2348/3631/2348 2349/3632/2349 2347/3633/2347
vt 0.954681 0.992640
vt 0.995763 0.883839
vt 0.913599 0.883839
f 2341/3634/2341 2350/3635/2350 2349/3636/2349
vt 0.708188 0.992640
vt 0.749270 0.883839
vt 0.667105 0.883839
f 2334/3637/2334 2351/3638/2351 2352/3639/2352
vt 0.790352 0.992640
vt 0.831434 0.883839
vt 0.749270 0.883839
f 2337/3640/2337 2353/3641/2353 2351/3642/2351
vt 0.872517 0.992640
vt 0.913599 0.883839
vt 0.831434 0.883839
f 2339/3643/2339 2354/3644/2354 2353/3645/2353
vt 0.954681 0.992640
vt 0.995763 0.883839
vt 0.913599 0.883839
f 2341/3646/2341 2355/3647/2355 2354/3648/2354
vt 0.708187 0.992640
vt 0.749270 0.883839
vt 0.667105 0.883839
f 2356/3649/2356 2357/3650/2357 2358/3651/2358
vt 0.708187 0.992640
vt 0.749270 0.883839
vt 0.667105 0.883839
f 2356/3652/2356 2359/3653/2359 2360/3654/2360
vt 0.790352 0.992640
vt 0.831434 0.883839
vt 0.749270 0.883839
f 2337/3655/2337 2361/3656/2361 2359/3657/2359
vt 0.872516 0.992640
vt 0.913598 0.883839
vt 0.831434 0.883839
f 2348/3658/2348 2362/3659/2362 2361/3660/2361
vt 0.995763 0.883839
vt 0.913598 0.883839
vt 0.954681 0.992640
f 2365/3661/2365 2362/3662/2362 2341/3663/2341
vt 0.954681 0.331575
vt 0.913598 0.440376
vt 0.995763 0.440376
f 2448/3664/2448 2449/3665/2449 2450/3666/2450
vt 0.667105 0.440376
vt 0.749270 0.440376
vt 0.708188 0.331575
f 2451/3667/2451 2452/3668/2452 2453/3669/2453
vt 0.749270 0.440376
vt 0.831434 0.440376
vt 0.790352 0.331575
f 2452/3670/2452 2462/3671/2462 2463/3672/2463
vt 0.831434 0.440376
vt 0.913599 0.440376
vt 0.872517 0.331575
f 2462/3673/2462 2466/3674/2466 2467/3675/2467
vt 0.913599 0.440376
vt 0.995763 0.440376
vt 0.954681 0.331575
f 2466/3676/2466 2470/3677/2470 2448/3678/2448
vt 0.667105 0.440376
vt 0.749270 0.440376
vt 0.708188 0.331575
f 2473/3679/2473 2474/3680/2474 2453/3681/2453
vt 0.667105 0.440376
vt 0.749270 0.440376
vt 0.708188 0.331575
f 2479/3682/2479 2480/3683/2480 2453/3684/2453
vt 0.749270 0.440376
vt 0.831434 0.440376
vt 0.790352 0.331575
f 2480/3685/2480 2485/3686/2485 2463/3687/2463
vt 0.831434 0.440376
vt 0.913599 0.440376
vt 0.872516 0.331575
f 2485/3688/2485 2488/3689/2488 2489/3690/2489
vt 0.913599 0.440376
vt 0.995763 0.440376
vt 0.954681 0.331575
f 2488/3691/2488 2492/3692/2492 2448/3693/2448
vt 0.667105 0.440376
vt 0.749270 0.440376
vt 0.708188 0.331575
f 2495/3694/2495 2496/3695/2496 2453/3696/2453
vt 0.749270 0.440376
vt 0.831434 0.440376
vt 0.790352 0.331575
f 2496/3697/2496 2501/3698/2501 2463/3699/2463
vt 0.831434 0.440376
vt 0.913599 0.440376
vt 0.872517 0.331575
f 2501/3700/2501 2504/3701/2504 2467/3702/2467
vt 0.913599 0.440376
vt 0.995763 0.440376
vt 0.954681 0.331575
f 2504/3703/2504 2507/3704/2507 2448/3705/2448
vt 0.667105 0.440376
vt 0.749270 0.440376
vt 0.708187 0.331575
f 2510/3706/2510 2511/3707/2511 2512/3708/2512
vt 0.667105 0.440376
vt 0.749270 0.440376
vt 0.708187 0.331575
f 2517/3709/2517 2518/3710/2518 2512/3711/2512
vt 0.749270 0.440376
vt 0.831434 0.440376
vt 0.790352 0.331575
f 2518/3712/2518 2523/3713/2523 2463/3714/2463
vt 0.831434 0.440376
vt 0.913598 0.440376
vt 0.872516 0.331575
f 2523/3715/2523 2449/3716/2449 2489/3717/2489
vt 0.464605 0.304169
vt 0.487782 0.304169
vt 0.487782 0.314138
f 2530/3718/2530 2531/3719/2531 2532/3720/2532
vt 0.960974 0.301706
vt 0.993031 0.300790
vt 0.960974 0.311290
f 2545/3721/2545 2546/3722/2546 2547/3723/2547
vt 0.984889 0.030947
vt 0.953319 0.017437
vt 0.953319 0.030988
f 2560/3724/2560 2561/3725/2561 2562/3726/2562
vt 0.722585 0.027155
vt 0.689329 0.027155
vt 0.722585 0.012992
f 2575/3727/2575 2576/3728/2576 2577/3729/2577
vt 0.724580 0.017437
vt 0.692035 0.030988
vt 0.724580 0.030988
f 2582/3730/2582 2583/3731/2583 2584/3732/2584
vt 0.722585 0.294696
vt 0.689329 0.294696
vt 0.689329 0.027155
vt 0.722585 0.027155
f 1729/3733/1729 1730/3734/1730 1731/3735/1731 1732/3736/1732
vt 0.956318 0.308859
vt 0.722585 0.308859
vt 0.722585 0.294696
vt 0.956318 0.294696
f 1736/3737/1736 1737/3738/1737 1738/3739/1738 1739/3740/1739
vt 0.988577 0.027113
vt 0.988577 0.294653
vt 0.956318 0.294696
vt 0.956318 0.027155
f 1743/3741/1743 1744/3742/1744 1745/3743/1745 1746/3744/1746
vt 0.185529 0.314427
vt 0.185529 0.024261
vt 0.496749 0.024261
vt 0.496749 0.314427
f 1750/3745/1750 1751/3746/1751 1752/3747/1752 1753/3748/1753
vt 0.724580 0.030988
vt 0.692035 0.030988
vt 0.692035 0.286956
vt 0.724580 0.286956
f 1754/3749/1754 1755/3750/1755 1756/3751/1756 1757/3752/1757
vt 0.667105 0.883839
vt 0.749270 0.883839
vt 0.749270 0.773980
vt 0.667105 0.773980
f 1760/3753/1760 1759/3754/1759 1787/3755/1787 1788/3756/1788
vt 0.667105 0.773980
vt 0.749270 0.773980
vt 0.749270 0.662107
vt 0.667105 0.662107
f 1788/3757/1788 1787/3758/1787 1790/3759/1790 1791/3760/1791
vt 0.995763 0.773980
vt 0.913598 0.773980
vt 0.913598 0.883839
vt 0.995763 0.883839
f 1792/3761/1792 1793/3762/1793 1786/3763/1786 1789/3764/1789
vt 0.995763 0.662107
vt 0.913598 0.662107
vt 0.913598 0.773980
vt 0.995763 0.773980
f 1794/3765/1794 1795/3766/1795 1793/3767/1793 1792/3768/1792
vt 0.749270 0.883839
vt 0.831434 0.883839
vt 0.831434 0.773980
vt 0.749270 0.773980
f 1759/3769/1759 1762/3770/1762 1796/3771/1796 1787/3772/1787
vt 0.749270 0.773980
vt 0.831434 0.773980
vt 0.831434 0.662107
vt 0.749270 0.662107
f 1787/3773/1787 1796/3774/1796 1797/3775/1797 1790/3776/1790
vt 0.007299 0.338753
vt 0.089775 0.338753
vt 0.089775 0.662107
vt 0.007299 0.662107
f 1798/3777/1798 1799/3778/1799 1800/3779/1800 1801/3780/1801
vt 0.831434 0.883839
vt 0.913599 0.883839
vt 0.913599 0.773980
vt 0.831434 0.773980
f 1762/3781/1762 1764/3782/1764 1802/3783/1802 1796/3784/1796
vt 0.831434 0.773980
vt 0.913599 0.773980
vt 0.913599 0.662107
vt 0.831434 0.662107
f 1796/3785/1796 1802/3786/1802 1803/3787/1803 1797/3788/1797
vt 0.089775 0.338753
vt 0.172250 0.338753
vt 0.172250 0.662107
vt 0.089775 0.662107
f 1799/3789/1799 1804/3790/1804 1805/3791/1805 1800/3792/1800
vt 0.913599 0.883839
vt 0.995763 0.883839
vt 0.995763 0.773980
vt 0.913599 0.773980
f 1764/3793/1764 1766/3794/1766 1806/3795/1806 1802/3796/1802
vt 0.913599 0.773980
vt 0.995763 0.773980
vt 0.995763 0.662107
vt 0.913599 0.662107
f 1802/3797/1802 1806/3798/1806 1807/3799/1807 1803/3800/1803
vt 0.172250 0.338753
vt 0.254726 0.338753
vt 0.254726 0.662107
vt 0.172250 0.662107
f 1804/3801/1804 1808/3802/1808 1809/3803/1809 1805/3804/1805
vt 0.667105 0.883839
vt 0.749270 0.883839
vt 0.749270 0.773980
vt 0.667105 0.773980
f 1768/3805/1768 1767/3806/1767 1810/3807/1810 1811/3808/1811
vt 0.667105 0.773980
vt 0.749270 0.773980
vt 0.749270 0.662107
vt 0.667105 0.662107
f 1811/3809/1811 1810/3810/1810 1812/3811/1812 1813/3812/1813
vt 0.254726 0.338753
vt 0.337202 0.338753
vt 0.337202 0.662107
vt 0.254726 0.662107
f 1808/3813/1808 1814/3814/1814 1815/3815/1815 1809/3816/1809
vt 0.667105 0.883839
vt 0.749270 0.883839
vt 0.749270 0.773980
vt 0.667105 0.773980
f 1770/3817/1770 1769/3818/1769 1816/3819/1816 1817/3820/1817
vt 0.667105 0.773980
vt 0.749270 0.773980
vt 0.749270 0.662107
vt 0.667105 0.662107
f 1817/3821/1817 1816/3822/1816 1818/3823/1818 1819/3824/1819
vt 0.337202 0.338753
vt 0.419678 0.338753
vt 0.419678 0.662107
vt 0.337202 0.662107
f 1814/3825/1814 1820/3826/1820 1821/3827/1821 1815/3828/1815
vt 0.749270 0.883839
vt 0.831434 0.883839
vt 0.831434 0.773980
vt 0.749270 0.773980
f 1769/3829/1769 1771/3830/1771 1822/3831/1822 1816/3832/1816
vt 0.749270 0.773980
vt 0.831434 0.773980
vt 0.831434 0.662107
vt 0.749270 0.662107
f 1816/3833/1816 1822/3834/1822 1823/3835/1823 1818/3836/1818
vt 0.419678 0.338753
vt 0.502154 0.338753
vt 0.502154 0.662107
vt 0.419678 0.662107
f 1820/3837/1820 1824/3838/1824 1825/3839/1825 1821/3840/1821
vt 0.831434 0.883839
vt 0.913599 0.883839
vt 0.913599 0.773980
vt 0.831434 0.773980
f 1771/3841/1771 1773/3842/1773 1826/3843/1826 1822/3844/1822
vt 0.831434 0.773980
vt 0.913599 0.773980
vt 0.913599 0.662107
vt 0.831434 0.662107
f 1822/3845/1822 1826/3846/1826 1827/3847/1827 1823/3848/1823
vt 0.502154 0.338753
vt 0.584629 0.338753
vt 0.584629 0.662107
vt 0.502154 0.662107
f 1824/3849/1824 1828/3850/1828 1829/3851/1829 1825/3852/1825
vt 0.913599 0.883839
vt 0.995763 0.883839
vt 0.995763 0.773980
vt 0.913599 0.773980
f 1773/3853/1773 1774/3854/1774 1830/3855/1830 1826/3856/1826
vt 0.913599 0.773980
vt 0.995763 0.773980
vt 0.995763 0.662107
vt 0.913599 0.662107
f 1826/3857/1826 1830/3858/1830 1831/3859/1831 1827/3860/1827
vt 0.584629 0.338753
vt 0.667105 0.338753
vt 0.667105 0.662107
vt 0.584629 0.662107
f 1828/3861/1828 1832/3862/1832 1833/3863/1833 1829/3864/1829
vt 0.667105 0.883839
vt 0.749270 0.883839
vt 0.749270 0.773980
vt 0.667105 0.773980
f 1776/3865/1776 1775/3866/1775 1834/3867/1834 1835/3868/1835
vt 0.667105 0.773980
vt 0.749270 0.773980
vt 0.749270 0.662107
vt 0.667105 0.662107
f 1835/3869/1835 1834/3870/1834 1836/3871/1836 1837/3872/1837
vt 0.007299 0.662107
vt 0.089775 0.662107
vt 0.089775 0.985462
vt 0.007299 0.985462
f 1838/3873/1838 1839/3874/1839 1840/3875/1840 1841/3876/1841
vt 0.749270 0.883839
vt 0.831434 0.883839
vt 0.831434 0.773980
vt 0.749270 0.773980
f 1775/3877/1775 1777/3878/1777 1842/3879/1842 1834/3880/1834
vt 0.749270 0.773980
vt 0.831434 0.773980
vt 0.831434 0.662107
vt 0.749270 0.662107
f 1834/3881/1834 1842/3882/1842 1843/3883/1843 1836/3884/1836
vt 0.089775 0.662107
vt 0.172250 0.662107
vt 0.172250 0.985462
vt 0.089775 0.985462
f 1839/3885/1839 1844/3886/1844 1845/3887/1845 1840/3888/1840
vt 0.831434 0.883839
vt 0.913599 0.883839
vt 0.913599 0.773980
vt 0.831434 0.773980
f 1777/3889/1777 1778/3890/1778 1846/3891/1846 1842/3892/1842
vt 0.831434 0.773980
vt 0.913599 0.773980
vt 0.913599 0.662107
vt 0.831434 0.662107
f 1842/3893/1842 1846/3894/1846 1847/3895/1847 1843/3896/1843
vt 0.172250 0.662107
vt 0.254726 0.662107
vt 0.254726 0.985462
vt 0.172250 0.985462
f 1844/3897/1844 1848/3898/1848 1849/3899/1849 1845/3900/1845
vt 0.913599 0.883839
vt 0.995763 0.883839
vt 0.995763 0.773980
vt 0.913599 0.773980
f 1778/3901/1778 1779/3902/1779 1850/3903/1850 1846/3904/1846
vt 0.913599 0.773980
vt 0.995763 0.773980
vt 0.995763 0.662107
vt 0.913599 0.662107
f 1846/3905/1846 1850/3906/1850 1851/3907/1851 1847/3908/1847
vt 0.254726 0.662107
vt 0.337202 0.662107
vt 0.337202 0.985462
vt 0.254726 0.985462
f 1848/3909/1848 1852/3910/1852 1853/3911/1853 1849/3912/1849
vt 0.667105 0.883839
vt 0.749270 0.883839
vt 0.749270 0.773980
vt 0.667105 0.773980
f 1782/3913/1782 1781/3914/1781 1854/3915/1854 1855/3916/1855
vt 0.667105 0.773980
vt 0.749270 0.773980
vt 0.749270 0.662107
vt 0.667105 0.662107
f 1855/3917/1855 1854/3918/1854 1856/3919/1856 1857/3920/1857
vt 0.337202 0.662107
vt 0.419678 0.662107
vt 0.419678 0.985462
vt 0.337202 0.985462
f 1852/3921/1852 1858/3922/1858 1859/3923/1859 1853/3924/1853
vt 0.667105 0.883839
vt 0.749270 0.883839
vt 0.749270 0.773980
vt 0.667105 0.773980
f 1784/3925/1784 1783/3926/1783 1860/3927/1860 1861/3928/1861
vt 0.667105 0.773980
vt 0.749270 0.773980
vt 0.749270 0.662107
vt 0.667105 0.662107
f 1861/3929/1861 1860/3930/1860 1862/3931/1862 1863/3932/1863
vt 0.419678 0.662107
vt 0.502154 0.662107
vt 0.502154 0.985462
vt 0.419678 0.985462
f 1858/3933/1858 1864/3934/1864 1865/3935/1865 1859/3936/1859
vt 0.749270 0.883839
vt 0.831434 0.883839
vt 0.831434 0.773980
vt 0.749270 0.773980
f 1783/3937/1783 1785/3938/1785 1866/3939/1866 1860/3940/1860
vt 0.749270 0.773980
vt 0.831434 0.773980
vt 0.831434 0.662107
vt 0.749270 0.662107
f 1860/3941/1860 1866/3942/1866 1867/3943/1867 1862/3944/1862
vt 0.502154 0.662107
vt 0.584630 0.662107
vt 0.584630 0.985462
vt 0.502154 0.985462
f 1864/3945/1864 1868/3946/1868 1869/3947/1869 1865/3948/1865
vt 0.831434 0.883839
vt 0.913598 0.883839
vt 0.913598 0.773980
vt 0.831434 0.773980
f 1785/3949/1785 1786/3950/1786 1793/3951/1793 1866/3952/1866
vt 0.831434 0.773980
vt 0.913598 0.773980
vt 0.913598 0.662107
vt 0.831434 0.662107
f 1866/3953/1866 1793/3954/1793 1795/3955/1795 1867/3956/1867
vt 0.584630 0.662107
vt 0.667105 0.662107
vt 0.667105 0.985462
vt 0.584630 0.985462
f 1868/3957/1868 1870/3958/1870 1871/3959/1871 1869/3960/1869
vt 0.995763 0.440376
vt 0.913598 0.440376
vt 0.913598 0.550234
vt 0.995763 0.550234
f 1874/3961/1874 1873/3962/1873 1878/3963/1878 1879/3964/1879
vt 0.667105 0.550234
vt 0.749270 0.550234
vt 0.749270 0.440376
vt 0.667105 0.440376
f 1880/3965/1880 1881/3966/1881 1876/3967/1876 1875/3968/1875
vt 0.995763 0.550234
vt 0.913598 0.550234
vt 0.913598 0.662107
vt 0.995763 0.662107
f 1879/3969/1879 1878/3970/1878 1882/3971/1882 1883/3972/1883
vt 0.667105 0.662107
vt 0.749270 0.662107
vt 0.749270 0.550234
vt 0.667105 0.550234
f 1884/3973/1884 1885/3974/1885 1881/3975/1881 1880/3976/1880
vt 0.749270 0.550234
vt 0.831434 0.550234
vt 0.831434 0.440376
vt 0.749270 0.440376
f 1881/3977/1881 1888/3978/1888 1886/3979/1886 1876/3980/1876
vt 0.749270 0.662107
vt 0.831434 0.662107
vt 0.831434 0.550234
vt 0.749270 0.550234
f 1885/3981/1885 1889/3982/1889 1888/3983/1888 1881/3984/1881
vt 0.831434 0.550234
vt 0.913599 0.550234
vt 0.913599 0.440376
vt 0.831434 0.440376
f 1888/3985/1888 1892/3986/1892 1890/3987/1890 1886/3988/1886
vt 0.831434 0.662107
vt 0.913599 0.662107
vt 0.913599 0.550234
vt 0.831434 0.550234
f 1889/3989/1889 1893/3990/1893 1892/3991/1892 1888/3992/1888
vt 0.913599 0.550234
vt 0.995763 0.550234
vt 0.995763 0.440376
vt 0.913599 0.440376
f 1892/3993/1892 1895/3994/1895 1894/3995/1894 1890/3996/1890
vt 0.913599 0.662107
vt 0.995763 0.662107
vt 0.995763 0.550234
vt 0.913599 0.550234
f 1893/3997/1893 1896/3998/1896 1895/3999/1895 1892/4000/1892
vt 0.667105 0.550234
vt 0.749270 0.550234
vt 0.749270 0.440376
vt 0.667105 0.440376
f 1899/4001/1899 1900/4002/1900 1898/4003/1898 1897/4004/1897
vt 0.667105 0.662107
vt 0.749270 0.662107
vt 0.749270 0.550234
vt 0.667105 0.550234
f 1901/4005/1901 1902/4006/1902 1900/4007/1900 1899/4008/1899
vt 0.667105 0.550234
vt 0.749270 0.550234
vt 0.749270 0.440376
vt 0.667105 0.440376
f 1905/4009/1905 1906/4010/1906 1904/4011/1904 1903/4012/1903
vt 0.667105 0.662107
vt 0.749270 0.662107
vt 0.749270 0.550234
vt 0.667105 0.550234
f 1907/4013/1907 1908/4014/1908 1906/4015/1906 1905/4016/1905
vt 0.749270 0.550234
vt 0.831434 0.550234
vt 0.831434 0.440376
vt 0.749270 0.440376
f 1906/4017/1906 1910/4018/1910 1909/4019/1909 1904/4020/1904
vt 0.749270 0.662107
vt 0.831434 0.662107
vt 0.831434 0.550234
vt 0.749270 0.550234
f 1908/4021/1908 1911/4022/1911 1910/4023/1910 1906/4024/1906
vt 0.831434 0.550234
vt 0.913599 0.550234
vt 0.913599 0.440376
vt 0.831434 0.440376
f 1910/4025/1910 1914/4026/1914 1912/4027/1912 1909/4028/1909
vt 0.831434 0.662107
vt 0.913599 0.662107
vt 0.913599 0.550234
vt 0.831434 0.550234
f 1911/4029/1911 1915/4030/1915 1914/4031/1914 1910/4032/1910
vt 0.913599 0.550234
vt 0.995763 0.550234
vt 0.995763 0.440376
vt 0.913599 0.440376
f 1914/4033/1914 1917/4034/1917 1916/4035/1916 1912/4036/1912
vt 0.913599 0.662107
vt 0.995763 0.662107
vt 0.995763 0.550234
vt 0.913599 0.550234
f 1915/4037/1915 1918/4038/1918 1917/4039/1917 1914/4040/1914
vt 0.667105 0.550234
vt 0.749270 0.550234
vt 0.749270 0.440376
vt 0.667105 0.440376
f 1921/4041/1921 1922/4042/1922 1920/4043/1920 1919/4044/1919
vt 0.667105 0.662107
vt 0.749270 0.662107
vt 0.749270 0.550234
vt 0.667105 0.550234
f 1923/4045/1923 1924/4046/1924 1922/4047/1922 1921/4048/1921
vt 0.749270 0.550234
vt 0.831434 0.550234
vt 0.831434 0.440376
vt 0.749270 0.440376
f 1922/4049/1922 1926/4050/1926 1925/4051/1925 1920/4052/1920
vt 0.749270 0.662107
vt 0.831434 0.662107
vt 0.831434 0.550234
vt 0.749270 0.550234
f 1924/4053/1924 1927/4054/1927 1926/4055/1926 1922/4056/1922
vt 0.831434 0.550234
vt 0.913599 0.550234
vt 0.913599 0.440376
vt 0.831434 0.440376
f 1926/4057/1926 1929/4058/1929 1928/4059/1928 1925/4060/1925
vt 0.831434 0.662107
vt 0.913599 0.662107
vt 0.913599 0.550234
vt 0.831434 0.550234
f 1927/4061/1927 1930/4062/1930 1929/4063/1929 1926/4064/1926
vt 0.913599 0.550234
vt 0.995763 0.550234
vt 0.995763 0.440376
vt 0.913599 0.440376
f 1929/4065/1929 1932/4066/1932 1931/4067/1931 1928/4068/1928
vt 0.913599 0.662107
vt 0.995763 0.662107
vt 0.995763 0.550234
vt 0.913599 0.550234
f 1930/4069/1930 1933/4070/1933 1932/4071/1932 1929/4072/1929
vt 0.667105 0.550234
vt 0.749270 0.550234
vt 0.749270 0.440376
vt 0.667105 0.440376
f 1937/4073/1937 1938/4074/1938 1935/4075/1935 1934/4076/1934
vt 0.667105 0.662107
vt 0.749270 0.662107
vt 0.749270 0.550234
vt 0.667105 0.550234
f 1939/4077/1939 1940/4078/1940 1938/4079/1938 1937/4080/1937
vt 0.667105 0.550234
vt 0.749270 0.550234
vt 0.749270 0.440376
vt 0.667105 0.440376
f 1943/4081/1943 1944/4082/1944 1942/4083/1942 1941/4084/1941
vt 0.667105 0.662107
vt 0.749270 0.662107
vt 0.749270 0.550234
vt 0.667105 0.550234
f 1945/4085/1945 1946/4086/1946 1944/4087/1944 1943/4088/1943
vt 0.749270 0.550234
vt 0.831434 0.550234
vt 0.831434 0.440376
vt 0.749270 0.440376
f 1944/4089/1944 1948/4090/1948 1947/4091/1947 1942/4092/1942
vt 0.749270 0.662107
vt 0.831434 0.662107
vt 0.831434 0.550234
vt 0.749270 0.550234
f 1946/4093/1946 1949/4094/1949 1948/4095/1948 1944/4096/1944
vt 0.831434 0.550234
vt 0.913598 0.550234
vt 0.913598 0.440376
vt 0.831434 0.440376
f 1948/4097/1948 1878/4098/1878 1873/4099/1873 1947/4100/1947
vt 0.831434 0.662107
vt 0.913598 0.662107
vt 0.913598 0.550234
vt 0.831434 0.550234
f 1949/4101/1949 1882/4102/1882 1878/4103/1878 1948/4104/1948
vt 0.522048 0.321874
vt 0.522048 0.016450
vt 0.538158 0.016450
vt 0.538158 0.321874
f 1950/4105/1950 1951/4106/1951 1952/4107/1952 1953/4108/1953
vt 0.538158 0.321874
vt 0.538158 0.016450
vt 0.651381 0.016450
vt 0.651381 0.321874
f 1957/4109/1957 1958/4110/1958 1959/4111/1959 1960/4112/1960
vt 0.728710 0.311290
vt 0.728710 0.301706
vt 0.960974 0.301706
vt 0.960974 0.311290
f 1961/4113/1961 1962/4114/1962 1963/4115/1963 1964/4116/1964
vt 0.651381 0.321874
vt 0.651381 0.016450
vt 0.667008 0.015428
vt 0.667008 0.320853
f 1965/4117/1965 1966/4118/1966 1967/4119/1967 1968/4120/1968
vt 0.185529 0.314427
vt 0.185529 0.024261
vt 0.496749 0.024261
vt 0.496749 0.314427
f 1972/4121/1972 1973/4122/1973 1974/4123/1974 1975/4124/1975
vt 0.953319 0.286956
vt 0.984889 0.286915
vt 0.984889 0.030947
vt 0.953319 0.030988
f 1976/4125/1976 1977/4126/1977 1978/4127/1978 1979/4128/1979
vt 0.497123 0.312804
vt 0.497123 0.016382
vt 0.464129 0.017374
vt 0.464129 0.313796
f 1980/4129/1980 1981/4130/1981 1982/4131/1982 1983/4132/1983
vt 0.956318 0.012992
vt 0.956318 0.027155
vt 0.722585 0.027155
vt 0.722585 0.012992
f 1987/4133/1987 1988/4134/1988 1989/4135/1989 1990/4136/1990
vt 0.464129 0.313796
vt 0.464129 0.017374
vt 0.225073 0.017374
vt 0.225073 0.313796
f 1991/4137/1991 1992/4138/1992 1993/4139/1993 1994/4140/1994
vt 0.953319 0.017437
vt 0.724580 0.017437
vt 0.724580 0.030988
vt 0.953319 0.030988
f 1995/4141/1995 1996/4142/1996 1997/4143/1997 1998/4144/1998
vt 0.225073 0.017374
vt 0.191059 0.017374
vt 0.191059 0.313796
vt 0.225073 0.313796
f 2002/4145/2002 2003/4146/2003 2004/4147/2004 2005/4148/2005
vt 0.724580 0.030988
vt 0.724580 0.286956
vt 0.953319 0.286956
vt 0.953319 0.030988
f 2009/4149/2009 2010/4150/2010 2011/4151/2011 2012/4152/2012
vt 0.722585 0.027155
vt 0.956318 0.027155
vt 0.956318 0.294696
vt 0.722585 0.294696
f 2013/4153/2013 2014/4154/2014 2015/4155/2015 2016/4156/2016
vt 0.722585 0.294696
vt 0.689329 0.294696
vt 0.689329 0.027155
vt 0.722585 0.027155
f 2017/4157/2017 2018/4158/2018 2019/4159/2019 2020/4160/2020
vt 0.956318 0.308859
vt 0.722585 0.308859
vt 0.722585 0.294696
vt 0.956318 0.294696
f 2024/4161/2024 2025/4162/2025 2026/4163/2026 2027/4164/2027
vt 0.988577 0.027113
vt 0.988577 0.294653
vt 0.956318 0.294696
vt 0.956318 0.027155
f 2031/4165/2031 2032/4166/2032 2033/4167/2033 2034/4168/2034
vt 0.185529 0.314427
vt 0.185529 0.024261
vt 0.496749 0.024261
vt 0.496749 0.314427
f 2038/4169/2038 2039/4170/2039 2040/4171/2040 2041/4172/2041
vt 0.724580 0.030988
vt 0.692035 0.030988
vt 0.692035 0.286956
vt 0.724580 0.286956
f 2042/4173/2042 2043/4174/2043 2044/4175/2044 2045/4176/2045
vt 0.667105 0.883839
vt 0.749270 0.883839
vt 0.749270 0.773980
vt 0.667105 0.773980
f 2048/4177/2048 2047/4178/2047 2075/4179/2075 2076/4180/2076
vt 0.667105 0.773980
vt 0.749270 0.773980
vt 0.749270 0.662107
vt 0.667105 0.662107
f 2076/4181/2076 2075/4182/2075 2078/4183/2078 2079/4184/2079
vt 0.995763 0.773980
vt 0.913598 0.773980
vt 0.913598 0.883839
vt 0.995763 0.883839
f 2080/4185/2080 2081/4186/2081 2074/4187/2074 2077/4188/2077
vt 0.995763 0.662107
vt 0.913598 0.662107
vt 0.913598 0.773980
vt 0.995763 0.773980
f 2082/4189/2082 2083/4190/2083 2081/4191/2081 2080/4192/2080
vt 0.749270 0.883839
vt 0.831434 0.883839
vt 0.831434 0.773980
vt 0.749270 0.773980
f 2047/4193/2047 2050/4194/2050 2084/4195/2084 2075/4196/2075
vt 0.749270 0.773980
vt 0.831434 0.773980
vt 0.831434 0.662107
vt 0.749270 0.662107
f 2075/4197/2075 2084/4198/2084 2085/4199/2085 2078/4200/2078
vt 0.007299 0.338753
vt 0.089775 0.338753
vt 0.089775 0.662107
vt 0.007299 0.662107
f 2086/4201/2086 2087/4202/2087 2088/4203/2088 2089/4204/2089
vt 0.831434 0.883839
vt 0.913599 0.883839
vt 0.913599 0.773980
vt 0.831434 0.773980
f 2050/4205/2050 2052/4206/2052 2090/4207/2090 2084/4208/2084
vt 0.831434 0.773980
vt 0.913599 0.773980
vt 0.913599 0.662107
vt 0.831434 0.662107
f 2084/4209/2084 2090/4210/2090 2091/4211/2091 2085/4212/2085
vt 0.089775 0.338753
vt 0.172250 0.338753
vt 0.172250 0.662107
vt 0.089775 0.662107
f 2087/4213/2087 2092/4214/2092 2093/4215/2093 2088/4216/2088
vt 0.913599 0.883839
vt 0.995763 0.883839
vt 0.995763 0.773980
vt 0.913599 0.773980
f 2052/4217/2052 2054/4218/2054 2094/4219/2094 2090/4220/2090
vt 0.913599 0.773980
vt 0.995763 0.773980
vt 0.995763 0.662107
vt 0.913599 0.662107
f 2090/4221/2090 2094/4222/2094 2095/4223/2095 2091/4224/2091
vt 0.172250 0.338753
vt 0.254726 0.338753
vt 0.254726 0.662107
vt 0.172250 0.662107
f 2092/4225/2092 2096/4226/2096 2097/4227/2097 2093/4228/2093
vt 0.667105 0.883839
vt 0.749270 0.883839
vt 0.749270 0.773980
vt 0.667105 0.773980
f 2056/4229/2056 2055/4230/2055 2098/4231/2098 2099/4232/2099
vt 0.667105 0.773980
vt 0.749270 0.773980
vt 0.749270 0.662107
vt 0.667105 0.662107
f 2099/4233/2099 2098/4234/2098 2100/4235/2100 2101/4236/2101
vt 0.254726 0.338753
vt 0.337202 0.338753
vt 0.337202 0.662107
vt 0.254726 0.662107
f 2096/4237/2096 2102/4238/2102 2103/4239/2103 2097/4240/2097
vt 0.667105 0.883839
vt 0.749270 0.883839
vt 0.749270 0.773980
vt 0.667105 0.773980
f 2058/4241/2058 2057/4242/2057 2104/4243/2104 2105/4244/2105
vt 0.667105 0.773980
vt 0.749270 0.773980
vt 0.749270 0.662107
vt 0.667105 0.662107
f 2105/4245/2105 2104/4246/2104 2106/4247/2106 2107/4248/2107
vt 0.337202 0.338753
vt 0.419678 0.338753
vt 0.419678 0.662107
vt 0.337202 0.662107
f 2102/4249/2102 2108/4250/2108 2109/4251/2109 2103/4252/2103
vt 0.749270 0.883839
vt 0.831434 0.883839
vt 0.831434 0.773980
vt 0.749270 0.773980
f 2057/4253/2057 2059/4254/2059 2110/4255/2110 2104/4256/2104
vt 0.749270 0.773980
vt 0.831434 0.773980
vt 0.831434 0.662107
vt 0.749270 0.662107
f 2104/4257/2104 2110/4258/2110 2111/4259/2111 2106/4260/2106
vt 0.419678 0.338753
vt 0.502154 0.338753
vt 0.502154 0.662107
vt 0.419678 0.662107
f 2108/4261/2108 2112/4262/2112 2113/4263/2113 2109/4264/2109
vt 0.831434 0.883839
vt 0.913599 0.883839
vt 0.913599 0.773980
vt 0.831434 0.773980
f 2059/4265/2059 2061/4266/2061 2114/4267/2114 2110/4268/2110
vt 0.831434 0.773980
vt 0.913599 0.773980
vt 0.913599 0.662107
vt 0.831434 0.662107
f 2110/4269/2110 2114/4270/2114 2115/4271/2115 2111/4272/2111
vt 0.502154 0.338753
vt 0.584629 0.338753
vt 0.584629 0.662107
vt 0.502154 0.662107
f 2112/4273/2112 2116/4274/2116 2117/4275/2117 2113/4276/2113
vt 0.913599 0.883839
vt 0.995763 0.883839
vt 0.995763 0.773980
vt 0.913599 0.773980
f 2061/4277/2061 2062/4278/2062 2118/4279/2118 2114/4280/2114
vt 0.913599 0.773980
vt 0.995763 0.773980
vt 0.995763 0.662107
vt 0.913599 0.662107
f 2114/4281/2114 2118/4282/2118 2119/4283/2119 2115/4284/2115
vt 0.584629 0.338753
vt 0.667105 0.338753
vt 0.667105 0.662107
vt 0.584629 0.662107
f 2116/4285/2116 2120/4286/2120 2121/4287/2121 2117/4288/2117
vt 0.667105 0.883839
vt 0.749270 0.883839
vt 0.749270 0.773980
vt 0.667105 0.773980
f 2064/4289/2064 2063/4290/2063 2122/4291/2122 2123/4292/2123
vt 0.667105 0.773980
vt 0.749270 0.773980
vt 0.749270 0.662107
vt 0.667105 0.662107
f 2123/4293/2123 2122/4294/2122 2124/4295/2124 2125/4296/2125
vt 0.007299 0.662107
vt 0.089775 0.662107
vt 0.089775 0.985462
vt 0.007299 0.985462
f 2126/4297/2126 2127/4298/2127 2128/4299/2128 2129/4300/2129
vt 0.749270 0.883839
vt 0.831434 0.883839
vt 0.831434 0.773980
vt 0.749270 0.773980
f 2063/4301/2063 2065/4302/2065 2130/4303/2130 2122/4304/2122
vt 0.749270 0.773980
vt 0.831434 0.773980
vt 0.831434 0.662107
vt 0.749270 0.662107
f 2122/4305/2122 2130/4306/2130 2131/4307/2131 2124/4308/2124
vt 0.089775 0.662107
vt 0.172250 0.662107
vt 0.172250 0.985462
vt 0.089775 0.985462
f 2127/4309/2127 2132/4310/2132 2133/4311/2133 2128/4312/2128
vt 0.831434 0.883839
vt 0.913599 0.883839
vt 0.913599 0.773980
vt 0.831434 0.773980
f 2065/4313/2065 2066/4314/2066 2134/4315/2134 2130/4316/2130
vt 0.831434 0.773980
vt 0.913599 0.773980
vt 0.913599 0.662107
vt 0.831434 0.662107
f 2130/4317/2130 2134/4318/2134 2135/4319/2135 2131/4320/2131
vt 0.172250 0.662107
vt 0.254726 0.662107
vt 0.254726 0.985462
vt 0.172250 0.985462
f 2132/4321/2132 2136/4322/2136 2137/4323/2137 2133/4324/2133
vt 0.913599 0.883839
vt 0.995763 0.883839
vt 0.995763 0.773980
vt 0.913599 0.773980
f 2066/4325/2066 2067/4326/2067 2138/4327/2138 2134/4328/2134
vt 0.913599 0.773980
vt 0.995763 0.773980
vt 0.995763 0.662107
vt 0.913599 0.662107
f 2134/4329/2134 2138/4330/2138 2139/4331/2139 2135/4332/2135
vt 0.254726 0.662107
vt 0.337202 0.662107
vt 0.337202 0.985462
vt 0.254726 0.985462
f 2136/4333/2136 2140/4334/2140 2141/4335/2141 2137/4336/2137
vt 0.667105 0.883839
vt 0.749270 0.883839
vt 0.749270 0.773980
vt 0.667105 0.773980
f 2070/4337/2070 2069/4338/2069 2142/4339/2142 2143/4340/2143
vt 0.667105 0.773980
vt 0.749270 0.773980
vt 0.749270 0.662107
vt 0.667105 0.662107
f 2143/4341/2143 2142/4342/2142 2144/4343/2144 2145/4344/2145
vt 0.337202 0.662107
vt 0.419678 0.662107
vt 0.419678 0.985462
vt 0.337202 0.985462
f 2140/4345/2140 2146/4346/2146 2147/4347/2147 2141/4348/2141
vt 0.667105 0.883839
vt 0.749270 0.883839
vt 0.749270 0.773980
vt 0.667105 0.773980
f 2072/4349/2072 2071/4350/2071 2148/4351/2148 2149/4352/2149
vt 0.667105 0.773980
vt 0.749270 0.773980
vt 0.749270 0.662107
vt 0.667105 0.662107
f 2149/4353/2149 2148/4354/2148 2150/4355/2150 2151/4356/2151
vt 0.419678 0.662107
vt 0.502154 0.662107
vt 0.502154 0.985462
vt 0.419678 0.985462
f 2146/4357/2146 2152/4358/2152 2153/4359/2153 2147/4360/2147
vt 0.749270 0.883839
vt 0.831434 0.883839
vt 0.831434 0.773980
vt 0.749270 0.773980
f 2071/4361/2071 2073/4362/2073 2154/4363/2154 2148/4364/2148
vt 0.749270 0.773980
vt 0.831434 0.773980
vt 0.831434 0.662107
vt 0.749270 0.662107
f 2148/4365/2148 2154/4366/2154 2155/4367/2155 2150/4368/2150
vt 0.502154 0.662107
vt 0.584630 0.662107
vt 0.584630 0.985462
vt 0.502154 0.985462
f 2152/4369/2152 2156/4370/2156 2157/4371/2157 2153/4372/2153
vt 0.831434 0.883839
vt 0.913598 0.883839
vt 0.913598 0.773980
vt 0.831434 0.773980
f 2073/4373/2073 2074/4374/2074 2081/4375/2081 2154/4376/2154
vt 0.831434 0.773980
vt 0.913598 0.773980
vt 0.913598 0.662107
vt 0.831434 0.662107
f 2154/4377/2154 2081/4378/2081 2083/4379/2083 2155/4380/2155
vt 0.584630 0.662107
vt 0.667105 0.662107
vt 0.667105 0.985462
vt 0.584630 0.985462
f 2156/4381/2156 2158/4382/2158 2159/4383/2159 2157/4384/2157
vt 0.995763 0.440376
vt 0.913598 0.440376
vt 0.913598 0.550234
vt 0.995763 0.550234
f 2162/4385/2162 2161/4386/2161 2166/4387/2166 2167/4388/2167
vt 0.667105 0.550234
vt 0.749270 0.550234
vt 0.749270 0.440376
vt 0.667105 0.440376
f 2168/4389/2168 2169/4390/2169 2164/4391/2164 2163/4392/2163
vt 0.995763 0.550234
vt 0.913598 0.550234
vt 0.913598 0.662107
vt 0.995763 0.662107
f 2167/4393/2167 2166/4394/2166 2170/4395/2170 2171/4396/2171
vt 0.667105 0.662107
vt 0.749270 0.662107
vt 0.749270 0.550234
vt 0.667105 0.550234
f 2172/4397/2172 2173/4398/2173 2169/4399/2169 2168/4400/2168
vt 0.749270 0.550234
vt 0.831434 0.550234
vt 0.831434 0.440376
vt 0.749270 0.440376
f 2169/4401/2169 2176/4402/2176 2174/4403/2174 2164/4404/2164
vt 0.749270 0.662107
vt 0.831434 0.662107
vt 0.831434 0.550234
vt 0.749270 0.550234
f 2173/4405/2173 2177/4406/2177 2176/4407/2176 2169/4408/2169
vt 0.831434 0.550234
vt 0.913599 0.550234
vt 0.913599 0.440376
vt 0.831434 0.440376
f 2176/4409/2176 2180/4410/2180 2178/4411/2178 2174/4412/2174
vt 0.831434 0.662107
vt 0.913599 0.662107
vt 0.913599 0.550234
vt 0.831434 0.550234
f 2177/4413/2177 2181/4414/2181 2180/4415/2180 2176/4416/2176
vt 0.913599 0.550234
vt 0.995763 0.550234
vt 0.995763 0.440376
vt 0.913599 0.440376
f 2180/4417/2180 2183/4418/2183 2182/4419/2182 2178/4420/2178
vt 0.913599 0.662107
vt 0.995763 0.662107
vt 0.995763 0.550234
vt 0.913599 0.550234
f 2181/4421/2181 2184/4422/2184 2183/4423/2183 2180/4424/2180
vt 0.667105 0.550234
vt 0.749270 0.550234
vt 0.749270 0.440376
vt 0.667105 0.440376
f 2187/4425/2187 2188/4426/2188 2186/4427/2186 2185/4428/2185
vt 0.667105 0.662107
vt 0.749270 0.662107
vt 0.749270 0.550234
vt 0.667105 0.550234
f 2189/4429/2189 2190/4430/2190 2188/4431/2188 2187/4432/2187
vt 0.667105 0.550234
vt 0.749270 0.550234
vt 0.749270 0.440376
vt 0.667105 0.440376
f 2193/4433/2193 2194/4434/2194 2192/4435/2192 2191/4436/2191
vt 0.667105 0.662107
vt 0.749270 0.662107
vt 0.749270 0.550234
vt 0.667105 0.550234
f 2195/4437/2195 2196/4438/2196 2194/4439/2194 2193/4440/2193
vt 0.749270 0.550234
vt 0.831434 0.550234
vt 0.831434 0.440376
vt 0.749270 0.440376
f 2194/4441/2194 2198/4442/2198 2197/4443/2197 2192/4444/2192
vt 0.749270 0.662107
vt 0.831434 0.662107
vt 0.831434 0.550234
vt 0.749270 0.550234
f 2196/4445/2196 2199/4446/2199 2198/4447/2198 2194/4448/2194
vt 0.831434 0.550234
vt 0.913599 0.550234
vt 0.913599 0.440376
vt 0.831434 0.440376
f 2198/4449/2198 2202/4450/2202 2200/4451/2200 2197/4452/2197
vt 0.831434 0.662107
vt 0.913599 0.662107
vt 0.913599 0.550234
vt 0.831434 0.550234
f 2199/4453/2199 2203/4454/2203 2202/4455/2202 2198/4456/2198
vt 0.913599 0.550234
vt 0.995763 0.550234
vt 0.995763 0.440376
vt 0.913599 0.440376
f 2202/4457/2202 2205/4458/2205 2204/4459/2204 2200/4460/2200
vt 0.913599 0.662107
vt 0.995763 0.662107
vt 0.995763 0.550234
vt 0.913599 0.550234
f 2203/4461/2203 2206/4462/2206 2205/4463/2205 2202/4464/2202
vt 0.667105 0.550234
vt 0.749270 0.550234
vt 0.749270 0.440376
vt 0.667105 0.440376
f 2209/4465/2209 2210/4466/2210 2208/4467/2208 2207/4468/2207
vt 0.667105 0.662107
vt 0.749270 0.662107
vt 0.749270 0.550234
vt 0.667105 0.550234
f 2211/4469/2211 2212/4470/2212 2210/4471/2210 2209/4472/2209
vt 0.749270 0.550234
vt 0.831434 0.550234
vt 0.831434 0.440376
vt 0.749270 0.440376
f 2210/4473/2210 2214/4474/2214 2213/4475/2213 2208/4476/2208
vt 0.749270 0.662107
vt 0.831434 0.662107
vt 0.831434 0.550234
vt 0.749270 0.550234
f 2212/4477/2212 2215/4478/2215 2214/4479/2214 2210/4480/2210
vt 0.831434 0.550234
vt 0.913599 0.550234
vt 0.913599 0.440376
vt 0.831434 0.440376
f 2214/4481/2214 2217/4482/2217 2216/4483/2216 2213/4484/2213
vt 0.831434 0.662107
vt 0.913599 0.662107
vt 0.913599 0.550234
vt 0.831434 0.550234
f 2215/4485/2215 2218/4486/2218 2217/4487/2217 2214/4488/2214
vt 0.913599 0.550234
vt 0.995763 0.550234
vt 0.995763 0.440376
vt 0.913599 0.440376
f 2217/4489/2217 2220/4490/2220 2219/4491/2219 2216/4492/2216
vt 0.913599 0.662107
vt 0.995763 0.662107
vt 0.995763 0.550234
vt 0.913599 0.550234
f 2218/4493/2218 2221/4494/2221 2220/4495/2220 2217/4496/2217
vt 0.667105 0.550234
vt 0.749270 0.550234
vt 0.749270 0.440376
vt 0.667105 0.440376
f 2225/4497/2225 2226/4498/2226 2223/4499/2223 2222/4500/2222
vt 0.667105 0.662107
vt 0.749270 0.662107
vt 0.749270 0.550234
vt 0.667105 0.550234
f 2227/4501/2227 2228/4502/2228 2226/4503/2226 2225/4504/2225
vt 0.667105 0.550234
vt 0.749270 0.550234
vt 0.749270 0.440376
vt 0.667105 0.440376
f 2231/4505/2231 2232/4506/2232 2230/4507/2230 2229/4508/2229
vt 0.667105 0.662107
vt 0.749270 0.662107
vt 0.749270 0.550234
vt 0.667105 0.550234
f 2233/4509/2233 2234/4510/2234 2232/4511/2232 2231/4512/2231
vt 0.749270 0.550234
vt 0.831434 0.550234
vt 0.831434 0.440376
vt 0.749270 0.440376
f 2232/4513/2232 2236/4514/2236 2235/4515/2235 2230/4516/2230
vt 0.749270 0.662107
vt 0.831434 0.662107
vt 0.831434 0.550234
vt 0.749270 0.550234
f 2234/4517/2234 2237/4518/2237 2236/4519/2236 2232/4520/2232
vt 0.831434 0.550234
vt 0.913598 0.550234
vt 0.913598 0.440376
vt 0.831434 0.440376
f 2236/4521/2236 2166/4522/2166 2161/4523/2161 2235/4524/2235
vt 0.831434 0.662107
vt 0.913598 0.662107
vt 0.913598 0.550234
vt 0.831434 0.550234
f 2237/4525/2237 2170/4526/2170 2166/4527/2166 2236/4528/2236
vt 0.522048 0.321874
vt 0.522048 0.016450
vt 0.538158 0.016450
vt 0.538158 0.321874
f 2238/4529/2238 2239/4530/2239 2240/4531/2240 2241/4532/2241
vt 0.538158 0.321874
vt 0.538158 0.016450
vt 0.651381 0.016450
vt 0.651381 0.321874
f 2245/4533/2245 2246/4534/2246 2247/4535/2247 2248/4536/2248
vt 0.728710 0.311290
vt 0.728710 0.301706
vt 0.960974 0.301706
vt 0.960974 0.311290
f 2249/4537/2249 2250/4538/2250 2251/4539/2251 2252/4540/2252
vt 0.651381 0.321874
vt 0.651381 0.016450
vt 0.667008 0.015428
vt 0.667008 0.320853
f 2253/4541/2253 2254/4542/2254 2255/4543/2255 2256/4544/2256
vt 0.185529 0.314427
vt 0.185529 0.024261
vt 0.496749 0.024261
vt 0.496749 0.314427
f 2260/4545/2260 2261/4546/2261 2262/4547/2262 2263/4548/2263
vt 0.953319 0.286956
vt 0.984889 0.286915
vt 0.984889 0.030947
vt 0.953319 0.030988
f 2264/4549/2264 2265/4550/2265 2266/4551/2266 2267/4552/2267
vt 0.497123 0.312804
vt 0.497123 0.016382
vt 0.464129 0.017374
vt 0.464129 0.313796
f 2268/4553/2268 2269/4554/2269 2270/4555/2270 2271/4556/2271
vt 0.956318 0.012992
vt 0.956318 0.027155
vt 0.722585 0.027155
vt 0.722585 0.012992
f 2275/4557/2275 2276/4558/2276 2277/4559/2277 2278/4560/2278
vt 0.464129 0.313796
vt 0.464129 0.017374
vt 0.225073 0.017374
vt 0.225073 0.313796
f 2279/4561/2279 2280/4562/2280 2281/4563/2281 2282/4564/2282
vt 0.953319 0.017437
vt 0.724580 0.017437
vt 0.724580 0.030988
vt 0.953319 0.030988
f 2283/4565/2283 2284/4566/2284 2285/4567/2285 2286/4568/2286
vt 0.225073 0.017374
vt 0.191059 0.017374
vt 0.191059 0.313796
vt 0.225073 0.313796
f 2290/4569/2290 2291/4570/2291 2292/4571/2292 2293/4572/2293
vt 0.724580 0.030988
vt 0.724580 0.286956
vt 0.953319 0.286956
vt 0.953319 0.030988
f 2297/4573/2297 2298/4574/2298 2299/4575/2299 2300/4576/2300
vt 0.722585 0.027155
vt 0.956318 0.027155
vt 0.956318 0.294696
vt 0.722585 0.294696
f 2301/4577/2301 2302/4578/2302 2303/4579/2303 2304/4580/2304
vt 0.722585 0.294696
vt 0.689329 0.294696
vt 0.689329 0.027155
vt 0.722585 0.027155
f 2305/4581/2305 2306/4582/2306 2307/4583/2307 2308/4584/2308
vt 0.956318 0.308859
vt 0.722585 0.308859
vt 0.722585 0.294696
vt 0.956318 0.294696
f 2312/4585/2312 2313/4586/2313 2314/4587/2314 2315/4588/2315
vt 0.988577 0.027113
vt 0.988577 0.294653
vt 0.956318 0.294696
vt 0.956318 0.027155
f 2319/4589/2319 2320/4590/2320 2321/4591/2321 2322/4592/2322
vt 0.185529 0.314427
vt 0.185529 0.024261
vt 0.496749 0.024261
vt 0.496749 0.314427
f 2326/4593/2326 2327/4594/2327 2328/4595/2328 2329/4596/2329
vt 0.724580 0.030988
vt 0.692035 0.030988
vt 0.692035 0.286956
vt 0.724580 0.286956
f 2330/4597/2330 2331/4598/2331 2332/4599/2332 2333/4600/2333
vt 0.667105 0.883839
vt 0.749270 0.883839
vt 0.749270 0.773980
vt 0.667105 0.773980
f 2336/4601/2336 2335/4602/2335 2363/4603/2363 2364/4604/2364
vt 0.667105 0.773980
vt 0.749270 0.773980
vt 0.749270 0.662107
vt 0.667105 0.662107
f 2364/4605/2364 2363/4606/2363 2366/4607/2366 2367/4608/2367
vt 0.995763 0.773980
vt 0.913598 0.773980
vt 0.913598 0.883839
vt 0.995763 0.883839
f 2368/4609/2368 2369/4610/2369 2362/4611/2362 2365/4612/2365
vt 0.995763 0.662107
vt 0.913598 0.662107
vt 0.913598 0.773980
vt 0.995763 0.773980
f 2370/4613/2370 2371/4614/2371 2369/4615/2369 2368/4616/2368
vt 0.749270 0.883839
vt 0.831434 0.883839
vt 0.831434 0.773980
vt 0.749270 0.773980
f 2335/4617/2335 2338/4618/2338 2372/4619/2372 2363/4620/2363
vt 0.749270 0.773980
vt 0.831434 0.773980
vt 0.831434 0.662107
vt 0.749270 0.662107
f 2363/4621/2363 2372/4622/2372 2373/4623/2373 2366/4624/2366
vt 0.007299 0.338753
vt 0.089775 0.338753
vt 0.089775 0.662107
vt 0.007299 0.662107
f 2374/4625/2374 2375/4626/2375 2376/4627/2376 2377/4628/2377
vt 0.831434 0.883839
vt 0.913599 0.883839
vt 0.913599 0.773980
vt 0.831434 0.773980
f 2338/4629/2338 2340/4630/2340 2378/4631/2378 2372/4632/2372
vt 0.831434 0.773980
vt 0.913599 0.773980
vt 0.913599 0.662107
vt 0.831434 0.662107
f 2372/4633/2372 2378/4634/2378 2379/4635/2379 2373/4636/2373
vt 0.089775 0.338753
vt 0.172250 0.338753
vt 0.172250 0.662107
vt 0.089775 0.662107
f 2375/4637/2375 2380/4638/2380 2381/4639/2381 2376/4640/2376
vt 0.913599 0.883839
vt 0.995763 0.883839
vt 0.995763 0.773980
vt 0.913599 0.773980
f 2340/4641/2340 2342/4642/2342 2382/4643/2382 2378/4644/2378
vt 0.913599 0.773980
vt 0.995763 0.773980
vt 0.995763 0.662107
vt 0.913599 0.662107
f 2378/4645/2378 2382/4646/2382 2383/4647/2383 2379/4648/2379
vt 0.172250 0.338753
vt 0.254726 0.338753
vt 0.254726 0.662107
vt 0.172250 0.662107
f 2380/4649/2380 2384/4650/2384 2385/4651/2385 2381/4652/2381
vt 0.667105 0.883839
vt 0.749270 0.883839
vt 0.749270 0.773980
vt 0.667105 0.773980
f 2344/4653/2344 2343/4654/2343 2386/4655/2386 2387/4656/2387
vt 0.667105 0.773980
vt 0.749270 0.773980
vt 0.749270 0.662107
vt 0.667105 0.662107
f 2387/4657/2387 2386/4658/2386 2388/4659/2388 2389/4660/2389
vt 0.254726 0.338753
vt 0.337202 0.338753
vt 0.337202 0.662107
vt 0.254726 0.662107
f 2384/4661/2384 2390/4662/2390 2391/4663/2391 2385/4664/2385
vt 0.667105 0.883839
vt 0.749270 0.883839
vt 0.749270 0.773980
vt 0.667105 0.773980
f 2346/4665/2346 2345/4666/2345 2392/4667/2392 2393/4668/2393
vt 0.667105 0.773980
vt 0.749270 0.773980
vt 0.749270 0.662107
vt 0.667105 0.662107
f 2393/4669/2393 2392/4670/2392 2394/4671/2394 2395/4672/2395
vt 0.337202 0.338753
vt 0.419678 0.338753
vt 0.419678 0.662107
vt 0.337202 0.662107
f 2390/4673/2390 2396/4674/2396 2397/4675/2397 2391/4676/2391
vt 0.749270 0.883839
vt 0.831434 0.883839
vt 0.831434 0.773980
vt 0.749270 0.773980
f 2345/4677/2345 2347/4678/2347 2398/4679/2398 2392/4680/2392
vt 0.749270 0.773980
vt 0.831434 0.773980
vt 0.831434 0.662107
vt 0.749270 0.662107
f 2392/4681/2392 2398/4682/2398 2399/4683/2399 2394/4684/2394
vt 0.419678 0.338753
vt 0.502154 0.338753
vt 0.502154 0.662107
vt 0.419678 0.662107
f 2396/4685/2396 2400/4686/2400 2401/4687/2401 2397/4688/2397
vt 0.831434 0.883839
vt 0.913599 0.883839
vt 0.913599 0.773980
vt 0.831434 0.773980
f 2347/4689/2347 2349/4690/2349 2402/4691/2402 2398/4692/2398
vt 0.831434 0.773980
vt 0.913599 0.773980
vt 0.913599 0.662107
vt 0.831434 0.662107
f 2398/4693/2398 2402/4694/2402 2403/4695/2403 2399/4696/2399
vt 0.502154 0.338753
vt 0.584629 0.338753
vt 0.584629 0.662107
vt 0.502154 0.662107
f 2400/4697/2400 2404/4698/2404 2405/4699/2405 2401/4700/2401
vt 0.913599 0.883839
vt 0.995763 0.883839
vt 0.995763 0.773980
vt 0.913599 0.773980
f 2349/4701/2349 2350/4702/2350 2406/4703/2406 2402/4704/2402
vt 0.913599 0.773980
vt 0.995763 0.773980
vt 0.995763 0.662107
vt 0.913599 0.662107
f 2402/4705/2402 2406/4706/2406 2407/4707/2407 2403/4708/2403
vt 0.584629 0.338753
vt 0.667105 0.338753
vt 0.667105 0.662107
vt 0.584629 0.662107
f 2404/4709/2404 2408/4710/2408 2409/4711/2409 2405/4712/2405
vt 0.667105 0.883839
vt 0.749270 0.883839
vt 0.749270 0.773980
vt 0.667105 0.773980
f 2352/4713/2352 2351/4714/2351 2410/4715/2410 2411/4716/2411
vt 0.667105 0.773980
vt 0.749270 0.773980
vt 0.749270 0.662107
vt 0.667105 0.662107
f 2411/4717/2411 2410/4718/2410 2412/4719/2412 2413/4720/2413
vt 0.007299 0.662107
vt 0.089775 0.662107
vt 0.089775 0.985462
vt 0.007299 0.985462
f 2414/4721/2414 2415/4722/2415 2416/4723/2416 2417/4724/2417
vt 0.749270 0.883839
vt 0.831434 0.883839
vt 0.831434 0.773980
vt 0.749270 0.773980
f 2351/4725/2351 2353/4726/2353 2418/4727/2418 2410/4728/2410
vt 0.749270 0.773980
vt 0.831434 0.773980
vt 0.831434 0.662107
vt 0.749270 0.662107
f 2410/4729/2410 2418/4730/2418 2419/4731/2419 2412/4732/2412
vt 0.089775 0.662107
vt 0.172250 0.662107
vt 0.172250 0.985462
vt 0.089775 0.985462
f 2415/4733/2415 2420/4734/2420 2421/4735/2421 2416/4736/2416
vt 0.831434 0.883839
vt 0.913599 0.883839
vt 0.913599 0.773980
vt 0.831434 0.773980
f 2353/4737/2353 2354/4738/2354 2422/4739/2422 2418/4740/2418
vt 0.831434 0.773980
vt 0.913599 0.773980
vt 0.913599 0.662107
vt 0.831434 0.662107
f 2418/4741/2418 2422/4742/2422 2423/4743/2423 2419/4744/2419
vt 0.172250 0.662107
vt 0.254726 0.662107
vt 0.254726 0.985462
vt 0.172250 0.985462
f 2420/4745/2420 2424/4746/2424 2425/4747/2425 2421/4748/2421
vt 0.913599 0.883839
vt 0.995763 0.883839
vt 0.995763 0.773980
vt 0.913599 0.773980
f 2354/4749/2354 2355/4750/2355 2426/4751/2426 2422/4752/2422
vt 0.913599 0.773980
vt 0.995763 0.773980
vt 0.995763 0.662107
vt 0.913599 0.662107
f 2422/4753/2422 2426/4754/2426 2427/4755/2427 2423/4756/2423
vt 0.254726 0.662107
vt 0.337202 0.662107
vt 0.337202 0.985462
vt 0.254726 0.985462
f 2424/4757/2424 2428/4758/2428 2429/4759/2429 2425/4760/2425
vt 0.667105 0.883839
vt 0.749270 0.883839
vt 0.749270 0.773980
vt 0.667105 0.773980
f 2358/4761/2358 2357/4762/2357 2430/4763/2430 2431/4764/2431
vt 0.667105 0.773980
vt 0.749270 0.773980
vt 0.749270 0.662107
vt 0.667105 0.662107
f 2431/4765/2431 2430/4766/2430 2432/4767/2432 2433/4768/2433
vt 0.337202 0.662107
vt 0.419678 0.662107
vt 0.419678 0.985462
vt 0.337202 0.985462
f 2428/4769/2428 2434/4770/2434 2435/4771/2435 2429/4772/2429
vt 0.667105 0.883839
vt 0.749270 0.883839
vt 0.749270 0.773980
vt 0.667105 0.773980
f 2360/4773/2360 2359/4774/2359 2436/4775/2436 2437/4776/2437
vt 0.667105 0.773980
vt 0.749270 0.773980
vt 0.749270 0.662107
vt 0.667105 0.662107
f 2437/4777/2437 2436/4778/2436 2438/4779/2438 2439/4780/2439
vt 0.419678 0.662107
vt 0.502154 0.662107
vt 0.502154 0.985462
vt 0.419678 0.985462
f 2434/4781/2434 2440/4782/2440 2441/4783/2441 2435/4784/2435
vt 0.749270 0.883839
vt 0.831434 0.883839
vt 0.831434 0.773980
vt 0.749270 0.773980
f 2359/4785/2359 2361/4786/2361 2442/4787/2442 2436/4788/2436
vt 0.749270 0.773980
vt 0.831434 0.773980
vt 0.831434 0.662107
vt 0.749270 0.662107
f 2436/4789/2436 2442/4790/2442 2443/4791/2443 2438/4792/2438
vt 0.502154 0.662107
vt 0.584630 0.662107
vt 0.584630 0.985462
vt 0.502154 0.985462
f 2440/4793/2440 2444/4794/2444 2445/4795/2445 2441/4796/2441
vt 0.831434 0.883839
vt 0.913598 0.883839
vt 0.913598 0.773980
vt 0.831434 0.773980
f 2361/4797/2361 2362/4798/2362 2369/4799/2369 2442/4800/2442
vt 0.831434 0.773980
vt 0.913598 0.773980
vt 0.913598 0.662107
vt 0.831434 0.662107
f 2442/4801/2442 2369/4802/2369 2371/4803/2371 2443/4804/2443
vt 0.584630 0.662107
vt 0.667105 0.662107
vt 0.667105 0.985462
vt 0.584630 0.985462
f 2444/4805/2444 2446/4806/2446 2447/4807/2447 2445/4808/2445
vt 0.995763 0.440376
vt 0.913598 0.440376
vt 0.913598 0.550234
vt 0.995763 0.550234
f 2450/4809/2450 2449/4810/2449 2454/4811/2454 2455/4812/2455
vt 0.667105 0.550234
vt 0.749270 0.550234
vt 0.749270 0.440376
vt 0.667105 0.440376
f 2456/4813/2456 2457/4814/2457 2452/4815/2452 2451/4816/2451
vt 0.995763 0.550234
vt 0.913598 0.550234
vt 0.913598 0.662107
vt 0.995763 0.662107
f 2455/4817/2455 2454/4818/2454 2458/4819/2458 2459/4820/2459
vt 0.667105 0.662107
vt 0.749270 0.662107
vt 0.749270 0.550234
vt 0.667105 0.550234
f 2460/4821/2460 2461/4822/2461 2457/4823/2457 2456/4824/2456
vt 0.749270 0.550234
vt 0.831434 0.550234
vt 0.831434 0.440376
vt 0.749270 0.440376
f 2457/4825/2457 2464/4826/2464 2462/4827/2462 2452/4828/2452
vt 0.749270 0.662107
vt 0.831434 0.662107
vt 0.831434 0.550234
vt 0.749270 0.550234
f 2461/4829/2461 2465/4830/2465 2464/4831/2464 2457/4832/2457
vt 0.831434 0.550234
vt 0.913599 0.550234
vt 0.913599 0.440376
vt 0.831434 0.440376
f 2464/4833/2464 2468/4834/2468 2466/4835/2466 2462/4836/2462
vt 0.831434 0.662107
vt 0.913599 0.662107
vt 0.913599 0.550234
vt 0.831434 0.550234
f 2465/4837/2465 2469/4838/2469 2468/4839/2468 2464/4840/2464
vt 0.913599 0.550234
vt 0.995763 0.550234
vt 0.995763 0.440376
vt 0.913599 0.440376
f 2468/4841/2468 2471/4842/2471 2470/4843/2470 2466/4844/2466
vt 0.913599 0.662107
vt 0.995763 0.662107
vt 0.995763 0.550234
vt 0.913599 0.550234
f 2469/4845/2469 2472/4846/2472 2471/4847/2471 2468/4848/2468
vt 0.667105 0.550234
vt 0.749270 0.550234
vt 0.749270 0.440376
vt 0.667105 0.440376
f 2475/4849/2475 2476/4850/2476 2474/4851/2474 2473/4852/2473
vt 0.667105 0.662107
vt 0.749270 0.662107
vt 0.749270 0.550234
vt 0.667105 0.550234
f 2477/4853/2477 2478/4854/2478 2476/4855/2476 2475/4856/2475
vt 0.667105 0.550234
vt 0.749270 0.550234
vt 0.749270 0.440376
vt 0.667105 0.440376
f 2481/4857/2481 2482/4858/2482 2480/4859/2480 2479/4860/2479
vt 0.667105 0.662107
vt 0.749270 0.662107
vt 0.749270 0.550234
vt 0.667105 0.550234
f 2483/4861/2483 2484/4862/2484 2482/4863/2482 2481/4864/2481
vt 0.749270 0.550234
vt 0.831434 0.550234
vt 0.831434 0.440376
vt 0.749270 0.440376
f 2482/4865/2482 2486/4866/2486 2485/4867/2485 2480/4868/2480
vt 0.749270 0.662107
vt 0.831434 0.662107
vt 0.831434 0.550234
vt 0.749270 0.550234
f 2484/4869/2484 2487/4870/2487 2486/4871/2486 2482/4872/2482
vt 0.831434 0.550234
vt 0.913599 0.550234
vt 0.913599 0.440376
vt 0.831434 0.440376
f 2486/4873/2486 2490/4874/2490 2488/4875/2488 2485/4876/2485
vt 0.831434 0.662107
vt 0.913599 0.662107
vt 0.913599 0.550234
vt 0.831434 0.550234
f 2487/4877/2487 2491/4878/2491 2490/4879/2490 2486/4880/2486
vt 0.913599 0.550234
vt 0.995763 0.550234
vt 0.995763 0.440376
vt 0.913599 0.440376
f 2490/4881/2490 2493/4882/2493 2492/4883/2492 2488/4884/2488
vt 0.913599 0.662107
vt 0.995763 0.662107
vt 0.995763 0.550234
vt 0.913599 0.550234
f 2491/4885/2491 2494/4886/2494 2493/4887/2493 2490/4888/2490
vt 0.667105 0.550234
vt 0.749270 0.550234
vt 0.749270 0.440376
vt 0.667105 0.440376
f 2497/4889/2497 2498/4890/2498 2496/4891/2496 2495/4892/2495
vt 0.667105 0.662107
vt 0.749270 0.662107
vt 0.749270 0.550234
vt 0.667105 0.550234
f 2499/4893/2499 2500/4894/2500 2498/4895/2498 2497/4896/2497
vt 0.749270 0.550234
vt 0.831434 0.550234
vt 0.831434 0.440376
vt 0.749270 0.440376
f 2498/4897/2498 2502/4898/2502 2501/4899/2501 2496/4900/2496
vt 0.749270 0.662107
vt 0.831434 0.662107
vt 0.831434 0.550234
vt 0.749270 0.550234
f 2500/4901/2500 2503/4902/2503 2502/4903/2502 2498/4904/2498
vt 0.831434 0.550234
vt 0.913599 0.550234
vt 0.913599 0.440376
vt 0.831434 0.440376
f 2502/4905/2502 2505/4906/2505 2504/4907/2504 2501/4908/2501
vt 0.831434 0.662107
vt 0.913599 0.662107
vt 0.913599 0.550234
vt 0.831434 0.550234
f 2503/4909/2503 2506/4910/2506 2505/4911/2505 2502/4912/2502
vt 0.913599 0.550234
vt 0.995763 0.550234
vt 0.995763 0.440376
vt 0.913599 0.440376
f 2505/4913/2505 2508/4914/2508 2507/4915/2507 2504/4916/2504
vt 0.913599 0.662107
vt 0.995763 0.662107
vt 0.995763 0.550234
vt 0.913599 0.550234
f 2506/4917/2506 2509/4918/2509 2508/4919/2508 2505/4920/2505
vt 0.667105 0.550234
vt 0.749270 0.550234
vt 0.749270 0.440376
vt 0.667105 0.440376
f 2513/4921/2513 2514/4922/2514 2511/4923/2511 2510/4924/2510
vt 0.667105 0.662107
vt 0.749270 0.662107
vt 0.749270 0.550234
vt 0.667105 0.550234
f 2515/4925/2515 2516/4926/2516 2514/4927/2514 2513/4928/2513
vt 0.667105 0.550234
vt 0.749270 0.550234
vt 0.749270 0.440376
vt 0.667105 0.440376
f 2519/4929/2519 2520/4930/2520 2518/4931/2518 2517/4932/2517
vt 0.667105 0.662107
vt 0.749270 0.662107
vt 0.749270 0.550234
vt 0.667105 0.550234
f 2521/4933/2521 2522/4934/2522 2520/4935/2520 2519/4936/2519
vt 0.749270 0.550234
vt 0.831434 0.550234
vt 0.831434 0.440376
vt 0.749270 0.440376
f 2520/4937/2520 2524/4938/2524 2523/4939/2523 2518/4940/2518
vt 0.749270 0.662107
vt 0.831434 0.662107
vt 0.831434 0.550234
vt 0.749270 0.550234
f 2522/4941/2522 2525/4942/2525 2524/4943/2524 2520/4944/2520
vt 0.831434 0.550234
vt 0.913598 0.550234
vt 0.913598 0.440376
vt 0.831434 0.440376
f 2524/4945/2524 2454/4946/2454 2449/4947/2449 2523/4948/2523
vt 0.831434 0.662107
vt 0.913598 0.662107
vt 0.913598 0.550234
vt 0.831434 0.550234
f 2525/4949/2525 2458/4950/2458 2454/4951/2454 2524/4952/2524
vt 0.522048 0.321874
vt 0.522048 0.016450
vt 0.538158 0.016450
vt 0.538158 0.321874
f 2526/4953/2526 2527/4954/2527 2528/4955/2528 2529/4956/2529
vt 0.538158 0.321874
vt 0.538158 0.016450
vt 0.651381 0.016450
vt 0.651381 0.321874
f 2533/4957/2533 2534/4958/2534 2535/4959/2535 2536/4960/2536
vt 0.728710 0.311290
vt 0.728710 0.301706
vt 0.960974 0.301706
vt 0.960974 0.311290
f 2537/4961/2537 2538/4962/2538 2539/4963/2539 2540/4964/2540
vt 0.651381 0.321874
vt 0.651381 0.016450
vt 0.667008 0.015428
vt 0.667008 0.320853
f 2541/4965/2541 2542/4966/2542 2543/4967/2543 2544/4968/2544
vt 0.185529 0.314427
vt 0.185529 0.024261
vt 0.496749 0.024261
vt 0.496749 0.314427
f 2548/4969/2548 2549/4970/2549 2550/4971/2550 2551/4972/2551
vt 0.953319 0.286956
vt 0.984889 0.286915
vt 0.984889 0.030947
vt 0.953319 0.030988
f 2552/4973/2552 2553/4974/2553 2554/4975/2554 2555/4976/2555
vt 0.497123 0.312804
vt 0.497123 0.016382
vt 0.464129 0.017374
vt 0.464129 0.313796
f 2556/4977/2556 2557/4978/2557 2558/4979/2558 2559/4980/2559
vt 0.956318 0.012992
vt 0.956318 0.027155
vt 0.722585 0.027155
vt 0.722585 0.012992
f 2563/4981/2563 2564/4982/2564 2565/4983/2565 2566/4984/2566
vt 0.464129 0.313796
vt 0.464129 0.017374
vt 0.225073 0.017374
vt 0.225073 0.313796
f 2567/4985/2567 2568/4986/2568 2569/4987/2569 2570/4988/2570
vt 0.953319 0.017437
vt 0.724580 0.017437
vt 0.724580 0.030988
vt 0.953319 0.030988
f 2571/4989/2571 2572/4990/2572 2573/4991/2573 2574/4992/2574
vt 0.225073 0.017374
vt 0.191059 0.017374
vt 0.191059 0.313796
vt 0.225073 0.313796
f 2578/4993/2578 2579/4994/2579 2580/4995/2580 2581/4996/2581
vt 0.724580 0.030988
vt 0.724580 0.286956
vt 0.953319 0.286956
vt 0.953319 0.030988
f 2585/4997/2585 2586/4998/2586 2587/4999/2587 2588/5000/2588
vt 0.722585 0.027155
vt 0.956318 0.027155
vt 0.956318 0.294696
vt 0.722585 0.294696
f 2589/5001/2589 2590/5002/2590 2591/5003/2591 2592/5004/2592
usemtl tex3_0
v 76.998856 8.052121 73.474770
vn -0.146175 -0.595383 0.790033
v 78.775093 15.286891 79.255676
vn -0.146175 -0.595383 0.790033
v 215.436264 -18.265327 79.255676
vn -0.146175 -0.595383 0.790033
v 213.660034 -25.500101 73.474770
vn -0.146175 -0.595383 0.790033
v 69.764122 9.828349 79.255676
vn 0.382970 -0.632208 0.673533
v 78.775093 15.286891 79.255676
vn 0.382970 -0.632208 0.673533
v 76.998856 8.052121 73.474770
vn 0.382970 -0.632208 0.673533
v 57.280270 -41.019493 79.255676
vn 0.595385 -0.146175 0.790031
v 69.764122 9.828349 79.255676
vn 0.595385 -0.146175 0.790031
v 76.998856 8.052121 73.474770
vn 0.595385 -0.146175 0.790031
v 64.514999 -42.795719 73.474770
vn 0.595385 -0.146175 0.790031
v 62.813698 -49.818989 78.703445
vn 0.635095 0.356361 0.685318
v 57.280270 -41.019493 79.255676
vn 0.635095 0.356361 0.685318
v 64.514999 -42.795719 73.474770
vn 0.635095 0.356361 0.685318
v 199.474823 -83.371201 78.703445
vn 0.139770 0.569294 0.810166
v 62.813698 -49.818989 78.703445
vn 0.139770 0.569294 0.810166
v 64.514999 -42.795719 73.474770
vn 0.139770 0.569294 0.810166
v 201.176178 -76.347939 73.474770
vn 0.139770 0.569294 0.810166
v 208.410934 -78.124176 79.255676
vn -0.399281 0.607764 0.686438
v 199.474823 -83.371201 78.703445
vn -0.399281 0.607764 0.686438
v 201.176178 -76.347939 73.474770
vn -0.399281 0.607764 0.686438
v 215.436264 -18.265320 244.309387
vn -0.238433 -0.971159 0.000000
v 215.436264 -18.265327 79.255676
vn -0.238433 -0.971159 0.000000
v 78.775093 15.286891 79.255676
vn -0.238433 -0.971159 0.000000
v 78.775093 15.286899 244.309387
vn -0.238433 -0.971159 0.000000
v 213.660034 -25.500090 250.090302
vn -0.146175 -0.595384 -0.790032
v 215.436264 -18.265320 244.309387
vn -0.146175 -0.595384 -0.790032
v 78.775093 15.286899 244.309387
vn -0.146175 -0.595384 -0.790032
v 76.998856 8.052132 250.090302
vn -0.146175 -0.595384 -0.790032
v 179.787567 -44.140339 84.182526
vn 0.002114 0.031876 0.999490
v 145.879288 -47.827507 86.362885
vn 0.126620 0.013769 0.991856
v 146.663116 -36.007832 86.362885
vn 0.129015 -0.008556 0.991606
v 179.787567 -44.140339 84.182526
vn -0.000000 0.000000 1.000000
v 149.185303 -59.202457 86.362885
vn 0.114274 0.056245 0.991856
v 179.787567 -44.140339 84.182526
vn 0.000000 -0.000000 1.000000
v 156.182373 -68.760689 86.362885
vn 0.088146 0.091937 0.991856
v 179.787567 -44.140339 84.182526
vn -0.000000 0.000000 1.000000
v 166.026611 -75.349342 86.362885
vn 0.071917 0.107452 0.991606
v 177.530609 -78.173737 86.362885
vn 0.030829 0.125569 0.991606
v 166.026611 -75.349342 86.362885
vn 0.030829 0.125569 0.991606
v 189.306839 -76.893196 86.362885
vn -0.035547 0.122305 0.991856
v 177.530609 -78.173737 86.362885
vn -0.013977 0.128540 0.991606
v 199.934891 -71.662170 86.362885
vn -0.075234 0.102772 0.991856
v 179.787567 -44.140339 84.182526
vn -0.000000 -0.000000 1.000000
v 208.132889 -63.111618 86.362885
vn -0.105846 0.070842 0.991856
v 212.912018 -52.272846 86.362885
vn -0.118308 0.052165 0.991606
v 213.695816 -40.453159 86.362885
vn -0.126620 -0.013769 0.991856
v 212.912018 -52.272846 86.362885
vn -0.129015 0.008555 0.991606
v 210.389847 -29.078220 86.362885
vn -0.114274 -0.056245 0.991856
v 203.392746 -19.519987 86.362885
vn -0.088146 -0.091937 0.991856
v 193.548523 -12.931333 86.362885
vn -0.071917 -0.107452 0.991606
v 179.787567 -44.140339 84.182526
vn -0.004221 -0.063655 0.997963
v 182.044525 -10.106942 86.362885
vn -0.030829 -0.125569 0.991606
v 193.548523 -12.931333 86.362885
vn -0.030829 -0.125569 0.991606
v 170.268295 -11.387478 86.362885
vn 0.035547 -0.122305 0.991856
v 182.044525 -10.106942 86.362885
vn 0.013977 -0.128540 0.991606
v 159.640259 -16.618509 86.362885
vn 0.075234 -0.102772 0.991856
v 151.442245 -25.169065 86.362885
vn 0.105846 -0.070842 0.991856
v 112.551216 -51.451591 92.866646
vn 0.251378 0.027335 0.967503
v 114.105461 -28.014475 92.866646
vn 0.255944 -0.016973 0.966543
v 146.663116 -36.007832 86.362885
vn 0.118308 -0.052166 0.991606
v 80.373589 -54.950577 103.582535
vn 0.312453 0.033976 0.949326
v 82.671646 -20.297041 103.582535
vn 0.317956 -0.021085 0.947871
v 114.105461 -28.014475 92.866646
vn 0.234704 -0.103488 0.966543
v 123.581955 -6.522402 92.866646
vn 0.210137 -0.140644 0.967503
v 82.671646 -20.297041 103.582535
vn 0.291569 -0.128561 0.947871
v 96.683365 11.480608 103.582535
vn 0.261192 -0.174814 0.949326
v 119.106659 -74.006859 92.866646
vn 0.226869 0.111663 0.967503
v 90.066284 -88.300224 103.582535
vn 0.281989 0.138792 0.949326
v 80.373589 -54.950577 103.582535
vn 0.960265 0.279090 0.000000
v 90.066284 -88.300224 103.582535
vn 0.897213 0.441598 0.000000
v 90.066284 -88.300224 219.982529
vn 0.897213 0.441598 0.000000
v 80.373589 -54.950569 219.982529
vn 0.960265 0.279090 0.000000
v 132.981110 -92.959770 92.866646
vn 0.174997 0.182522 0.967503
v 110.580696 -116.323563 103.582535
vn 0.217513 0.226868 0.949326
v 110.580696 -116.323563 103.582535
vn 0.692069 0.721832 0.000000
v 110.580696 -116.323563 219.982529
vn 0.692069 0.721832 0.000000
v 152.501099 -106.024361 92.866646
vn 0.142671 0.213167 0.966543
v 139.442505 -135.640518 103.582535
vn 0.177239 0.264815 0.947871
v 139.442505 -135.640518 103.582535
vn 0.403450 0.915002 0.000000
v 139.442505 -135.640518 219.982544
vn 0.403450 0.915002 0.000000
v 175.312271 -111.624809 92.866646
vn 0.061159 0.249108 0.966543
v 152.501099 -106.024361 92.866646
vn 0.061159 0.249108 0.966543
v 173.170517 -143.921204 103.582535
vn 0.075977 0.309464 0.947871
v 139.442505 -135.640518 103.582535
vn 0.075977 0.309464 0.947871
v 173.170517 -143.921204 103.582535
vn 0.066170 0.997808 0.000000
v 173.170517 -143.921204 219.982544
vn 0.066170 0.997808 0.000000
v 198.663223 -109.085632 92.866646
vn -0.070571 0.242813 0.967503
v 175.312271 -111.624809 92.866646
vn -0.027729 0.255003 0.966543
v 207.696625 -140.166840 103.582535
vn -0.087717 0.301806 0.949326
v 173.170517 -143.921204 103.582535
vn -0.034447 0.316786 0.947871
v 207.696625 -140.166840 103.582535
vn -0.279090 0.960265 0.000000
v 207.696625 -140.166840 219.982529
vn -0.279090 0.960265 0.000000
v 219.737457 -98.713089 92.866646
vn -0.149362 0.204033 0.967503
v 238.856537 -124.830276 103.582535
vn -0.185650 0.253604 0.949326
v 238.856537 -124.830276 103.582535
vn -0.590690 0.806899 -0.000000
v 238.856537 -124.830276 219.982529
vn -0.590690 0.806899 -0.000000
v 235.993179 -81.758286 92.866646
vn -0.210137 0.140643 0.967503
v 262.891785 -99.761292 103.582535
vn -0.261192 0.174814 0.949326
v 262.891785 -99.761292 103.582535
vn -0.831042 0.556209 -0.000000
v 262.891785 -99.761284 219.982529
vn -0.831042 0.556209 -0.000000
v 245.469681 -60.266197 92.866646
vn -0.234703 0.103488 0.966543
v 276.903503 -67.983627 103.582535
vn -0.291569 0.128561 0.947871
v 276.903503 -67.983627 103.582535
vn -0.915001 0.403451 -0.000000
v 276.903503 -67.983620 219.982529
vn -0.915001 0.403451 -0.000000
v 247.023926 -36.829075 92.866646
vn -0.251378 -0.027335 0.967503
v 245.469681 -60.266197 92.866646
vn -0.255944 0.016973 0.966543
v 279.201569 -33.330074 103.582535
vn -0.312452 -0.033976 0.949326
v 276.903503 -67.983627 103.582535
vn -0.317956 0.021085 0.947871
v 276.903503 -67.983627 103.582535
vn -0.997808 0.066170 -0.000000
v 279.201569 -33.330074 103.582535
vn -0.994140 -0.108103 -0.000000
v 279.201569 -33.330067 219.982529
vn -0.994140 -0.108103 -0.000000
v 276.903503 -67.983620 219.982529
vn -0.997808 0.066170 -0.000000
v 240.468475 -14.273814 92.866646
vn -0.226869 -0.111663 0.967503
v 269.508850 0.019571 103.582535
vn -0.281989 -0.138792 0.949326
v 269.508850 0.019571 103.582535
vn -0.897213 -0.441599 0.000000
v 269.508850 0.019571 219.982529
vn -0.897213 -0.441599 0.000000
v 226.594040 4.679100 92.866646
vn -0.174996 -0.182522 0.967503
v 248.994446 28.042881 103.582535
vn -0.217513 -0.226867 0.949326
v 248.994446 28.042881 103.582535
vn -0.692069 -0.721832 0.000000
v 248.994446 28.042881 219.982529
vn -0.692069 -0.721832 0.000000
v 207.074020 17.743673 92.866646
vn -0.142671 -0.213167 0.966543
v 220.132645 47.359848 103.582520
vn -0.177238 -0.264814 0.947871
v 220.132645 47.359848 103.582520
vn -0.403450 -0.915002 0.000000
v 220.132645 47.359848 219.982529
vn -0.403450 -0.915002 0.000000
v 184.262833 23.344131 92.866646
vn -0.061159 -0.249108 0.966543
v 207.074020 17.743673 92.866646
vn -0.061159 -0.249108 0.966543
v 186.404602 55.640533 103.582520
vn -0.075977 -0.309463 0.947871
v 220.132645 47.359848 103.582520
vn -0.075977 -0.309463 0.947871
v 186.404602 55.640533 103.582520
vn -0.066170 -0.997808 0.000000
v 186.404602 55.640533 219.982529
vn -0.066170 -0.997808 0.000000
v 160.911926 20.804966 92.866646
vn 0.070571 -0.242813 0.967503
v 184.262833 23.344131 92.866646
vn 0.027729 -0.255003 0.966543
v 151.878525 51.886173 103.582535
vn 0.087717 -0.301806 0.949326
v 186.404602 55.640533 103.582520
vn 0.034447 -0.316786 0.947871
v 151.878525 51.886173 103.582535
vn 0.279091 -0.960265 0.000000
v 151.878525 51.886173 219.982529
vn 0.279091 -0.960265 0.000000
v 139.837677 10.432409 92.866646
vn 0.149362 -0.204033 0.967503
v 120.718620 36.549595 103.582535
vn 0.185650 -0.253604 0.949326
v 120.718620 36.549595 103.582535
vn 0.590690 -0.806899 0.000000
v 120.718620 36.549595 219.982529
vn 0.590690 -0.806899 0.000000
v 96.683365 11.480608 103.582535
vn 0.721833 -0.692068 0.000000
v 96.683365 11.480616 219.982529
vn 0.721833 -0.692068 0.000000
v 179.787567 -44.140331 239.383484
vn -0.000000 -0.000000 -1.000000
v 151.442245 -25.169058 237.203125
vn 0.105846 -0.070842 -0.991856
v 146.663116 -36.007820 237.203125
vn 0.118308 -0.052165 -0.991606
v 146.663116 -36.007820 237.203125
vn 0.129015 -0.008556 -0.991606
v 145.879288 -47.827499 237.203125
vn 0.126619 0.013769 -0.991856
v 179.787567 -44.140331 239.383484
vn 0.002114 0.031876 -0.999490
v 123.581955 -6.522395 230.699371
vn 0.210137 -0.140643 -0.967503
v 114.105461 -28.014467 230.699371
vn 0.234703 -0.103488 -0.966543
v 114.105461 -28.014467 230.699371
vn 0.255944 -0.016973 -0.966543
v 112.551216 -51.451584 230.699371
vn 0.251378 0.027335 -0.967503
v 96.683365 11.480616 219.983490
vn 0.261192 -0.174813 -0.949326
v 82.671646 -20.297035 219.983490
vn 0.291569 -0.128561 -0.947871
v 82.671646 -20.297035 219.983490
vn 0.317955 -0.021085 -0.947871
v 80.373589 -54.950569 219.983490
vn 0.312452 0.033976 -0.949326
v 149.185303 -59.202450 237.203125
vn 0.114274 0.056245 -0.991856
v 179.787567 -44.140331 239.383484
vn -0.000000 0.000000 -1.000000
v 119.106659 -74.006851 230.699371
vn 0.226869 0.111663 -0.967503
v 90.066284 -88.300224 219.983490
vn 0.281989 0.138792 -0.949326
v 156.182388 -68.760681 237.203125
vn 0.088146 0.091937 -0.991856
v 179.787567 -44.140331 239.383484
vn 0.000000 -0.000000 -1.000000
v 132.981110 -92.959763 230.699371
vn 0.174996 0.182522 -0.967503
v 110.580696 -116.323563 219.983490
vn 0.217513 0.226867 -0.949326
v 166.026611 -75.349335 237.203125
vn 0.071917 0.107452 -0.991606
v 152.501114 -106.024345 230.699371
vn 0.142671 0.213167 -0.966543
v 139.442505 -135.640518 219.983490
vn 0.177238 0.264815 -0.947871
v 166.026611 -75.349335 237.203125
vn 0.030829 0.125569 -0.991606
v 177.530609 -78.173729 237.203125
vn 0.030829 0.125569 -0.991606
v 152.501114 -106.024345 230.699371
vn 0.061159 0.249108 -0.966543
v 175.312271 -111.624794 230.699371
vn 0.061159 0.249108 -0.966543
v 139.442505 -135.640518 219.983490
vn 0.075977 0.309463 -0.947871
v 173.170517 -143.921204 219.983490
vn 0.075977 0.309463 -0.947871
v 177.530609 -78.173729 237.203125
vn -0.013977 0.128540 -0.991606
v 189.306839 -76.893188 237.203125
vn -0.035547 0.122305 -0.991856
v 175.312271 -111.624794 230.699371
vn -0.027729 0.255003 -0.966543
v 198.663223 -109.085625 230.699371
vn -0.070571 0.242812 -0.967503
v 173.170517 -143.921204 219.983490
vn -0.034447 0.316786 -0.947871
v 207.696625 -140.166840 219.983490
vn -0.087716 0.301805 -0.949326
v 199.934891 -71.662163 237.203125
vn -0.075234 0.102771 -0.991856
v 219.737457 -98.713081 230.699371
vn -0.149362 0.204032 -0.967503
v 238.856537 -124.830276 219.983490
vn -0.185650 0.253603 -0.949326
v 208.132889 -63.111610 237.203125
vn -0.105846 0.070842 -0.991856
v 179.787567 -44.140331 239.383484
vn -0.000000 -0.000000 -1.000000
v 235.993179 -81.758278 230.699371
vn -0.210137 0.140643 -0.967503
v 262.891785 -99.761284 219.983490
vn -0.261192 0.174813 -0.949326
v 212.912018 -52.272839 237.203125
vn -0.118308 0.052165 -0.991606
v 245.469681 -60.266190 230.699371
vn -0.234703 0.103488 -0.966543
v 276.903503 -67.983620 219.983490
vn -0.291568 0.128561 -0.947871
v 212.912018 -52.272839 237.203125
vn -0.129015 0.008556 -0.991606
v 213.695816 -40.453152 237.203125
vn -0.126619 -0.013769 -0.991856
v 245.469681 -60.266190 230.699371
vn -0.255944 0.016973 -0.966543
v 247.023926 -36.829067 230.699371
vn -0.251378 -0.027335 -0.967503
v 276.903503 -67.983620 219.983490
vn -0.317955 0.021085 -0.947871
v 279.201569 -33.330067 219.983490
vn -0.312452 -0.033976 -0.949326
v 210.389847 -29.078213 237.203125
vn -0.114274 -0.056245 -0.991856
v 240.468475 -14.273807 230.699371
vn -0.226869 -0.111663 -0.967503
v 269.508850 0.019571 219.983490
vn -0.281989 -0.138792 -0.949326
v 203.392746 -19.519979 237.203125
vn -0.088146 -0.091937 -0.991856
v 226.594040 4.679107 230.699371
vn -0.174996 -0.182522 -0.967503
v 248.994446 28.042881 219.983490
vn -0.217513 -0.226867 -0.949326
v 193.548523 -12.931325 237.203125
vn -0.071917 -0.107452 -0.991606
v 207.074036 17.743689 230.699371
vn -0.142671 -0.213167 -0.966543
v 220.132645 47.359848 219.983490
vn -0.177238 -0.264815 -0.947871
v 193.548523 -12.931325 237.203125
vn -0.030829 -0.125569 -0.991606
v 182.044525 -10.106935 237.203125
vn -0.030829 -0.125569 -0.991606
v 179.787567 -44.140331 239.383484
vn -0.004221 -0.063655 -0.997963
v 207.074036 17.743689 230.699371
vn -0.061159 -0.249108 -0.966543
v 184.262833 23.344145 230.699371
vn -0.061159 -0.249108 -0.966543
v 220.132645 47.359848 219.983490
vn -0.075977 -0.309463 -0.947871
v 186.404602 55.640533 219.983490
vn -0.075977 -0.309463 -0.947871
v 182.044525 -10.106935 237.203125
vn 0.013977 -0.128540 -0.991606
v 170.268295 -11.387471 237.203125
vn 0.035547 -0.122305 -0.991856
v 184.262833 23.344145 230.699371
vn 0.027729 -0.255003 -0.966543
v 160.911926 20.804974 230.699371
vn 0.070571 -0.242812 -0.967503
v 186.404602 55.640533 219.983490
vn 0.034447 -0.316786 -0.947871
v 151.878525 51.886173 219.983490
vn 0.087717 -0.301806 -0.949326
v 159.640259 -16.618502 237.203125
vn 0.075234 -0.102771 -0.991856
v 139.837677 10.432417 230.699371
vn 0.149362 -0.204032 -0.967503
v 120.718620 36.549595 219.983490
vn 0.185650 -0.253604 -0.949326
v 78.775093 15.286899 244.309387
vn 0.518118 -0.855309 0.000000
v 78.775093 15.286891 79.255676
vn 0.518118 -0.855309 0.000000
v 69.764122 9.828349 79.255676
vn 0.518118 -0.855309 0.000000
v 69.764122 9.828356 244.309387
vn 0.518118 -0.855309 0.000000
v 78.775093 15.286899 244.309387
vn 0.382971 -0.632208 -0.673533
v 69.764122 9.828356 244.309387
vn 0.382971 -0.632208 -0.673533
v 76.998856 8.052132 250.090302
vn 0.382971 -0.632208 -0.673533
v 69.764122 9.828356 244.309387
vn 0.971159 -0.238433 0.000000
v 69.764122 9.828349 79.255676
vn 0.971159 -0.238433 0.000000
v 57.280270 -41.019493 79.255676
vn 0.971159 -0.238433 0.000000
v 57.280270 -41.019485 244.309387
vn 0.971159 -0.238433 0.000000
v 76.998856 8.052132 250.090302
vn 0.595386 -0.146176 -0.790031
v 69.764122 9.828356 244.309387
vn 0.595386 -0.146176 -0.790031
v 57.280270 -41.019485 244.309387
vn 0.595386 -0.146176 -0.790031
v 64.515007 -42.795708 250.090302
vn 0.595386 -0.146176 -0.790031
v 57.280270 -41.019485 244.309387
vn 0.846536 0.532331 -0.000000
v 57.280270 -41.019493 79.255676
vn 0.846536 0.532331 -0.000000
v 62.813698 -49.818989 78.703445
vn 0.846536 0.532331 -0.000000
v 62.813702 -49.818981 243.757156
vn 0.846536 0.532331 -0.000000
v 57.280270 -41.019485 244.309387
vn 0.625049 0.433780 -0.648959
v 62.813702 -49.818981 243.757156
vn 0.625049 0.433780 -0.648959
v 64.515007 -42.795708 250.090302
vn 0.625049 0.433780 -0.648959
v 62.813702 -49.818981 243.757156
vn 0.238433 0.971159 -0.000000
v 62.813698 -49.818989 78.703445
vn 0.238433 0.971159 -0.000000
v 199.474823 -83.371201 78.703445
vn 0.238433 0.971159 -0.000000
v 199.474823 -83.371193 243.757156
vn 0.238433 0.971159 -0.000000
v 64.515007 -42.795708 250.090302
vn 0.157151 0.640089 -0.752057
v 62.813702 -49.818981 243.757156
vn 0.157151 0.640089 -0.752057
v 199.474823 -83.371193 243.757156
vn 0.157151 0.640089 -0.752057
v 201.176178 -76.347931 250.090302
vn 0.157151 0.640089 -0.752057
v 199.474823 -83.371193 243.757156
vn -0.506338 0.862335 -0.000000
v 199.474823 -83.371201 78.703445
vn -0.506338 0.862335 -0.000000
v 208.410934 -78.124176 79.255676
vn -0.506338 0.862335 -0.000000
v 208.410934 -78.124168 244.309387
vn -0.506338 0.862335 -0.000000
v 199.474823 -83.371193 243.757156
vn -0.354460 0.672096 -0.650111
v 208.410934 -78.124168 244.309387
vn -0.354460 0.672096 -0.650111
v 201.176178 -76.347931 250.090302
vn -0.354460 0.672096 -0.650111
v 208.410934 -78.124176 79.255676
vn -0.595384 0.146175 0.790032
v 201.176178 -76.347939 73.474770
vn -0.595384 0.146175 0.790032
v 213.660034 -25.500101 73.474770
vn -0.595384 0.146175 0.790032
v 220.894791 -27.276333 79.255676
vn -0.595384 0.146175 0.790032
v 208.410934 -78.124168 244.309387
vn -0.971159 0.238433 -0.000000
v 208.410934 -78.124176 79.255676
vn -0.971159 0.238433 -0.000000
v 220.894791 -27.276333 79.255676
vn -0.971159 0.238433 -0.000000
v 220.894791 -27.276325 244.309387
vn -0.971159 0.238433 -0.000000
v 208.410934 -78.124168 244.309387
vn -0.595385 0.146175 -0.790032
v 220.894791 -27.276325 244.309387
vn -0.595385 0.146175 -0.790032
v 213.660034 -25.500090 250.090302
vn -0.595385 0.146175 -0.790032
v 201.176178 -76.347931 250.090302
vn -0.595385 0.146175 -0.790032
v 213.660034 -25.500101 73.474770
vn -0.632209 -0.382968 0.673534
v 215.436264 -18.265327 79.255676
vn -0.632209 -0.382968 0.673534
v 220.894791 -27.276333 79.255676
vn -0.632209 -0.382968 0.673534
v 220.894791 -27.276333 79.255676
vn -0.855311 -0.518115 0.000000
v 215.436264 -18.265327 79.255676
vn -0.855311 -0.518115 0.000000
v 215.436264 -18.265320 244.309387
vn -0.855311 -0.518115 0.000000
v 220.894791 -27.276325 244.309387
vn -0.855311 -0.518115 0.000000
v 220.894791 -27.276325 244.309387
vn -0.632209 -0.382968 -0.673533
v 215.436264 -18.265320 244.309387
vn -0.632209 -0.382968 -0.673533
v 213.660034 -25.500090 250.090302
vn -0.632209 -0.382968 -0.673533
v 213.660034 -25.500090 250.090302
vn 0.000000 0.000000 -1.000000
v 76.998856 8.052132 250.090302
vn 0.000000 0.000000 -1.000000
v 64.515007 -42.795708 250.090302
vn 0.000000 0.000000 -1.000000
v 201.176178 -76.347931 250.090302
vn 0.000000 0.000000 -1.000000
v 213.660034 -25.500101 73.474770
vn 0.000000 0.000000 1.000000
v 201.176178 -76.347939 73.474770
vn 0.000000 0.000000 1.000000
v 64.514999 -42.795719 73.474770
vn 0.000000 0.000000 1.000000
v 76.998856 8.052121 73.474770
vn 0.000000 0.000000 1.000000
v 23.843050 73.655739 -115.441490
vn 0.485063 -0.374917 0.790032
v 17.948835 78.211517 -109.660583
vn 0.485063 -0.374917 0.790032
v 104.005257 189.550247 -109.660583
vn 0.485063 -0.374917 0.790032
v 109.899475 184.994461 -115.441490
vn 0.485063 -0.374917 0.790032
v 19.287292 67.761551 -109.660583
vn 0.733168 0.093906 0.673533
v 17.948835 78.211517 -109.660583
vn 0.733168 0.093906 0.673533
v 23.843050 73.655739 -115.441490
vn 0.733168 0.093906 0.673533
v 60.713360 35.742336 -109.660583
vn 0.374918 0.485064 0.790031
v 19.287292 67.761551 -109.660583
vn 0.374918 0.485064 0.790031
v 23.843050 73.655739 -115.441490
vn 0.374918 0.485064 0.790031
v 65.269119 41.636520 -115.441490
vn 0.374918 0.485064 0.790031
v 71.000343 37.234951 -110.212814
vn -0.068409 0.725023 0.685319
v 60.713360 35.742336 -109.660583
vn -0.068409 0.725023 0.685319
v 65.269119 41.636520 -115.441490
vn -0.068409 0.725023 0.685319
v 157.056747 148.573654 -110.212814
vn -0.463807 0.358488 0.810166
v 71.000343 37.234951 -110.212814
vn -0.463807 0.358488 0.810166
v 65.269119 41.636520 -115.441490
vn -0.463807 0.358488 0.810166
v 151.325546 152.975250 -115.441490
vn -0.463807 0.358488 0.810166
v 155.881317 158.869461 -109.660583
vn -0.717431 -0.118724 0.686438
v 157.056747 148.573654 -110.212814
vn -0.717431 -0.118724 0.686438
v 151.325546 152.975250 -115.441490
vn -0.717431 -0.118724 0.686438
v 104.005257 189.550247 55.393127
vn 0.791210 -0.611545 0.000000
v 104.005257 189.550247 -109.660583
vn 0.791210 -0.611545 0.000000
v 17.948835 78.211517 -109.660583
vn 0.791210 -0.611545 0.000000
v 17.948830 78.211525 55.393127
vn 0.791210 -0.611545 0.000000
v 109.899467 184.994476 61.174034
vn 0.485063 -0.374917 -0.790032
v 104.005257 189.550247 55.393127
vn 0.485063 -0.374917 -0.790032
v 17.948830 78.211525 55.393127
vn 0.485063 -0.374917 -0.790032
v 23.843040 73.655746 61.174034
vn 0.485063 -0.374917 -0.790032
v 113.213387 146.474091 -104.733734
vn -0.028285 0.014851 0.999490
v 102.842628 113.980804 -102.553375
vn 0.038726 0.121336 0.991856
v 92.354706 119.487389 -102.553375
vn 0.060106 0.114478 0.991606
v 113.213387 146.474091 -104.733734
vn -0.000000 0.000000 1.000000
v 114.581429 112.393387 -102.553375
vn -0.005109 0.127263 0.991856
v 113.213387 146.474091 -104.733734
vn 0.000000 0.000000 1.000000
v 126.155212 114.916595 -102.553375
vn -0.048327 0.117841 0.991856
v 113.213387 146.474091 -104.733734
vn -0.000000 -0.000000 1.000000
v 136.168015 121.246117 -102.553375
vn -0.069088 0.109292 0.991606
v 143.412155 130.618515 -102.553375
vn -0.102302 0.079072 0.991606
v 136.168015 121.246117 -102.553375
vn -0.102302 0.079072 0.991606
v 147.013885 141.903305 -102.553375
vn -0.126217 0.017068 0.991856
v 143.412155 130.618515 -102.553375
vn -0.123177 0.039314 0.991606
v 146.538757 153.739410 -102.553375
vn -0.124443 -0.027130 0.991856
v 113.213387 146.474091 -104.733734
vn -0.000000 -0.000000 1.000000
v 142.044113 164.699219 -102.553375
vn -0.107659 -0.068056 0.991856
v 134.072052 173.460800 -102.553375
vn -0.095635 -0.087017 0.991606
v 123.584106 178.967361 -102.553375
vn -0.038726 -0.121336 0.991856
v 134.072052 173.460800 -102.553375
vn -0.060105 -0.114479 0.991606
v 111.845337 180.554810 -102.553375
vn 0.005108 -0.127263 0.991856
v 100.271553 178.031586 -102.553375
vn 0.048327 -0.117841 0.991856
v 90.258743 171.702072 -102.553375
vn 0.069088 -0.109292 0.991606
v 113.213387 146.474091 -104.733734
vn 0.056483 -0.029656 0.997963
v 83.014610 162.329681 -102.553375
vn 0.102302 -0.079072 0.991606
v 90.258743 171.702072 -102.553375
vn 0.102302 -0.079072 0.991606
v 79.412880 151.044876 -102.553375
vn 0.126217 -0.017068 0.991856
v 83.014610 162.329681 -102.553375
vn 0.123176 -0.039314 0.991606
v 79.888008 139.208771 -102.553375
vn 0.124443 0.027130 0.991856
v 84.382652 128.248962 -102.553375
vn 0.107659 0.068056 0.991856
v 92.649345 82.043503 -96.049614
vn 0.076883 0.240889 0.967503
v 71.852943 92.962448 -96.049614
vn 0.119240 0.227106 0.966543
v 92.354706 119.487389 -102.553375
vn 0.095635 0.087017 0.991606
v 82.807922 51.208637 -85.333725
vn 0.095563 0.299414 0.949326
v 52.058872 67.353119 -85.333725
vn 0.148130 0.282131 0.947871
v 71.852943 92.962448 -96.049614
vn 0.189724 0.172627 0.966543
v 56.045242 110.335701 -96.049614
vn 0.213736 0.135112 0.967503
v 52.058872 67.353119 -85.333725
vn 0.235692 0.214453 0.947871
v 28.685999 93.040787 -85.333725
vn 0.265665 0.167938 0.949326
v 115.926071 78.895821 -96.049614
vn -0.010142 0.252657 0.967503
v 117.224297 46.554554 -85.333725
vn -0.012606 0.314041 0.949326
v 82.807922 51.208637 -85.333725
vn 0.134009 0.990980 0.000000
v 117.224297 46.554554 -85.333725
vn -0.040109 0.999195 0.000000
v 117.224297 46.554554 31.066269
vn -0.040109 0.999195 0.000000
v 82.807915 51.208645 31.066269
vn 0.134009 0.990980 0.000000
v 138.875595 83.899078 -96.049614
vn -0.095944 0.233951 0.967503
v 151.156921 53.952225 -85.333725
vn -0.119254 0.290791 0.949326
v 151.156921 53.952225 -85.333725
vn -0.379435 0.925218 0.000000
v 151.156921 53.952225 31.066269
vn -0.379435 0.925218 0.000000
v 158.729889 96.449806 -96.049614
vn -0.137060 0.216818 0.966543
v 180.512985 72.509430 -85.333725
vn -0.170267 0.269350 0.947871
v 180.512985 72.509430 -85.333725
vn -0.672996 0.739646 0.000000
v 180.512985 72.509430 31.066284
vn -0.672996 0.739646 0.000000
v 173.094223 115.034203 -96.049614
vn -0.202950 0.156865 0.966543
v 158.729889 96.449806 -96.049614
vn -0.202950 0.156865 0.966543
v 201.751709 99.987862 -85.333725
vn -0.252122 0.194871 0.947871
v 180.512985 72.509430 -85.333725
vn -0.252122 0.194871 0.947871
v 201.751709 99.987862 -85.333725
vn -0.885383 0.464862 0.000000
v 201.751709 99.987862 31.066284
vn -0.885383 0.464862 0.000000
v 180.236038 137.410721 -96.049614
vn -0.250579 0.033885 0.967503
v 173.094223 115.034203 -96.049614
vn -0.244362 0.077992 0.966543
v 212.311417 133.073196 -85.333725
vn -0.311459 0.042118 0.949326
v 201.751709 99.987862 -85.333725
vn -0.303567 0.096888 0.947871
v 212.311417 133.073196 -85.333725
vn -0.990980 0.134009 0.000000
v 212.311417 133.073196 31.066269
vn -0.990980 0.134009 0.000000
v 179.293915 160.880417 -96.049614
vn -0.247057 -0.053861 0.967503
v 210.918457 167.774948 -85.333725
vn -0.307081 -0.066947 0.949326
v 210.918457 167.774948 -85.333725
vn -0.977050 -0.213009 0.000000
v 210.918457 167.774948 31.066269
vn -0.977050 -0.213009 0.000000
v 170.381516 182.612473 -96.049614
vn -0.213736 -0.135112 0.967503
v 197.740768 199.907394 -85.333725
vn -0.265665 -0.167938 0.949326
v 197.740768 199.907394 -85.333725
vn -0.845274 -0.534334 0.000000
v 197.740768 199.907410 31.066269
vn -0.845274 -0.534334 0.000000
v 154.573822 199.985733 -96.049614
vn -0.189724 -0.172627 0.966543
v 174.367889 225.595062 -85.333725
vn -0.235692 -0.214453 0.947871
v 174.367889 225.595062 -85.333725
vn -0.739647 -0.672995 -0.000000
v 174.367874 225.595078 31.066269
vn -0.739647 -0.672995 -0.000000
v 133.777405 210.904694 -96.049614
vn -0.076883 -0.240889 0.967503
v 154.573822 199.985733 -96.049614
vn -0.119240 -0.227106 0.966543
v 143.618820 241.739563 -85.333725
vn -0.095563 -0.299414 0.949326
v 174.367889 225.595062 -85.333725
vn -0.148130 -0.282131 0.947871
v 174.367889 225.595062 -85.333725
vn -0.464862 -0.885383 0.000000
v 143.618820 241.739563 -85.333725
vn -0.304055 -0.952655 0.000000
v 143.618820 241.739578 31.066269
vn -0.304055 -0.952655 0.000000
v 174.367874 225.595078 31.066269
vn -0.464862 -0.885383 0.000000
v 110.500687 214.052368 -96.049614
vn 0.010142 -0.252657 0.967503
v 109.202438 246.393646 -85.333725
vn 0.012606 -0.314041 0.949326
v 109.202438 246.393646 -85.333725
vn 0.040109 -0.999195 0.000000
v 109.202438 246.393646 31.066269
vn 0.040109 -0.999195 0.000000
v 87.551163 209.049118 -96.049614
vn 0.095944 -0.233951 0.967503
v 75.269852 238.995956 -85.333725
vn 0.119254 -0.290791 0.949326
v 75.269852 238.995956 -85.333725
vn 0.379435 -0.925218 0.000000
v 75.269852 238.995956 31.066269
vn 0.379435 -0.925218 0.000000
v 67.696877 196.498383 -96.049614
vn 0.137060 -0.216818 0.966543
v 45.913780 220.438766 -85.333740
vn 0.170267 -0.269349 0.947871
v 45.913780 220.438766 -85.333740
vn 0.672996 -0.739646 0.000000
v 45.913780 220.438766 31.066269
vn 0.672996 -0.739646 0.000000
v 53.332531 177.913956 -96.049614
vn 0.202950 -0.156865 0.966543
v 67.696877 196.498383 -96.049614
vn 0.202950 -0.156865 0.966543
v 24.675030 192.960297 -85.333740
vn 0.252122 -0.194871 0.947871
v 45.913780 220.438766 -85.333740
vn 0.252122 -0.194871 0.947871
v 24.675030 192.960297 -85.333740
vn 0.885383 -0.464862 0.000000
v 24.675030 192.960297 31.066269
vn 0.885383 -0.464862 0.000000
v 46.190723 155.537476 -96.049614
vn 0.250579 -0.033885 0.967503
v 53.332531 177.913956 -96.049614
vn 0.244362 -0.077992 0.966543
v 14.115345 159.874985 -85.333725
vn 0.311459 -0.042118 0.949326
v 24.675030 192.960297 -85.333740
vn 0.303567 -0.096888 0.947871
v 14.115345 159.874985 -85.333725
vn 0.990980 -0.134009 0.000000
v 14.115345 159.874985 31.066269
vn 0.990980 -0.134009 0.000000
v 47.132851 132.067780 -96.049614
vn 0.247057 0.053861 0.967503
v 15.508317 125.173264 -85.333725
vn 0.307081 0.066947 0.949326
v 15.508317 125.173264 -85.333725
vn 0.977050 0.213009 0.000000
v 15.508317 125.173264 31.066269
vn 0.977050 0.213009 0.000000
v 28.685999 93.040787 -85.333725
vn 0.925218 0.379436 0.000000
v 28.685993 93.040794 31.066269
vn 0.925218 0.379436 0.000000
v 113.213379 146.474091 50.467232
vn -0.000000 0.000000 -1.000000
v 84.382645 128.248978 48.286873
vn 0.107659 0.068056 -0.991856
v 92.354698 119.487396 48.286873
vn 0.095635 0.087017 -0.991606
v 92.354698 119.487396 48.286873
vn 0.060106 0.114478 -0.991606
v 102.842628 113.980804 48.286873
vn 0.038726 0.121336 -0.991856
v 113.213379 146.474091 50.467232
vn -0.028285 0.014851 -0.999490
v 56.045238 110.335709 41.783119
vn 0.213736 0.135112 -0.967503
v 71.852936 92.962456 41.783119
vn 0.189724 0.172627 -0.966543
v 71.852936 92.962456 41.783119
vn 0.119240 0.227106 -0.966543
v 92.649338 82.043510 41.783119
vn 0.076883 0.240888 -0.967503
v 28.685993 93.040794 31.067230
vn 0.265665 0.167938 -0.949326
v 52.058865 67.353127 31.067230
vn 0.235691 0.214453 -0.947871
v 52.058865 67.353127 31.067230
vn 0.148130 0.282131 -0.947871
v 82.807915 51.208645 31.067230
vn 0.095563 0.299414 -0.949326
v 114.581421 112.393394 48.286873
vn -0.005108 0.127263 -0.991856
v 113.213379 146.474091 50.467232
vn -0.000000 0.000000 -1.000000
v 115.926064 78.895828 41.783119
vn -0.010142 0.252657 -0.967503
v 117.224297 46.554554 31.067230
vn -0.012606 0.314041 -0.949326
v 126.155205 114.916603 48.286873
vn -0.048327 0.117841 -0.991856
v 113.213379 146.474091 50.467232
vn -0.000000 0.000000 -1.000000
v 138.875595 83.899078 41.783119
vn -0.095944 0.233951 -0.967503
v 151.156921 53.952225 31.067230
vn -0.119254 0.290791 -0.949326
v 136.168015 121.246124 48.286873
vn -0.069088 0.109292 -0.991606
v 158.729889 96.449814 41.783119
vn -0.137060 0.216818 -0.966543
v 180.512985 72.509430 31.067238
vn -0.170267 0.269350 -0.947871
v 136.168015 121.246124 48.286873
vn -0.102302 0.079072 -0.991606
v 143.412155 130.618515 48.286873
vn -0.102302 0.079072 -0.991606
v 158.729889 96.449814 41.783119
vn -0.202950 0.156865 -0.966543
v 173.094208 115.034218 41.783119
vn -0.202950 0.156865 -0.966543
v 180.512985 72.509430 31.067238
vn -0.252122 0.194871 -0.947871
v 201.751709 99.987862 31.067238
vn -0.252122 0.194871 -0.947871
v 143.412155 130.618515 48.286873
vn -0.123176 0.039314 -0.991606
v 147.013870 141.903320 48.286873
vn -0.126217 0.017068 -0.991856
v 173.094208 115.034218 41.783119
vn -0.244362 0.077992 -0.966543
v 180.236038 137.410721 41.783119
vn -0.250579 0.033885 -0.967503
v 201.751709 99.987862 31.067238
vn -0.303567 0.096888 -0.947871
v 212.311417 133.073196 31.067230
vn -0.311459 0.042118 -0.949326
v 146.538757 153.739426 48.286873
vn -0.124443 -0.027130 -0.991856
v 179.293915 160.880417 41.783119
vn -0.247057 -0.053861 -0.967503
v 210.918457 167.774948 31.067230
vn -0.307081 -0.066947 -0.949326
v 142.044098 164.699219 48.286873
vn -0.107659 -0.068056 -0.991856
v 113.213379 146.474091 50.467232
vn 0.000000 -0.000000 -1.000000
v 170.381516 182.612473 41.783119
vn -0.213736 -0.135112 -0.967503
v 197.740768 199.907410 31.067230
vn -0.265665 -0.167938 -0.949326
v 134.072052 173.460800 48.286873
vn -0.095635 -0.087017 -0.991606
v 154.573807 199.985733 41.783119
vn -0.189724 -0.172627 -0.966543
v 174.367874 225.595078 31.067230
vn -0.235691 -0.214453 -0.947871
v 134.072052 173.460800 48.286873
vn -0.060106 -0.114478 -0.991606
v 123.584099 178.967361 48.286873
vn -0.038726 -0.121336 -0.991856
v 154.573807 199.985733 41.783119
vn -0.119240 -0.227106 -0.966543
v 133.777390 210.904694 41.783119
vn -0.076883 -0.240888 -0.967503
v 174.367874 225.595078 31.067230
vn -0.148130 -0.282131 -0.947871
v 143.618820 241.739578 31.067230
vn -0.095563 -0.299414 -0.949326
v 111.845329 180.554810 48.286873
vn 0.005108 -0.127263 -0.991856
v 110.500679 214.052383 41.783119
vn 0.010142 -0.252657 -0.967503
v 109.202438 246.393646 31.067230
vn 0.012606 -0.314042 -0.949326
v 100.271545 178.031601 48.286873
vn 0.048327 -0.117841 -0.991856
v 87.551163 209.049118 41.783119
vn 0.095944 -0.233951 -0.967503
v 75.269852 238.995956 31.067230
vn 0.119254 -0.290791 -0.949326
v 90.258736 171.702087 48.286873
vn 0.069088 -0.109292 -0.991606
v 67.696861 196.498398 41.783119
vn 0.137060 -0.216818 -0.966543
v 45.913780 220.438766 31.067230
vn 0.170267 -0.269350 -0.947871
v 90.258736 171.702087 48.286873
vn 0.102302 -0.079071 -0.991606
v 83.014603 162.329681 48.286873
vn 0.102302 -0.079071 -0.991606
v 113.213379 146.474091 50.467232
vn 0.056483 -0.029656 -0.997963
v 67.696861 196.498398 41.783119
vn 0.202950 -0.156865 -0.966543
v 53.332520 177.913956 41.783119
vn 0.202950 -0.156865 -0.966543
v 45.913780 220.438766 31.067230
vn 0.252122 -0.194871 -0.947871
v 24.675030 192.960297 31.067230
vn 0.252122 -0.194871 -0.947871
v 83.014603 162.329681 48.286873
vn 0.123176 -0.039314 -0.991606
v 79.412880 151.044891 48.286873
vn 0.126217 -0.017068 -0.991856
v 53.332520 177.913956 41.783119
vn 0.244362 -0.077992 -0.966543
v 46.190716 155.537476 41.783119
vn 0.250579 -0.033885 -0.967503
v 24.675030 192.960297 31.067230
vn 0.303567 -0.096888 -0.947871
v 14.115345 159.874985 31.067230
vn 0.311459 -0.042118 -0.949326
v 79.888000 139.208786 48.286873
vn 0.124443 0.027130 -0.991856
v 47.132843 132.067780 41.783119
vn 0.247057 0.053861 -0.967503
v 15.508317 125.173264 31.067230
vn 0.307081 0.066947 -0.949326
v 17.948830 78.211525 55.393127
vn 0.991897 0.127045 0.000000
v 17.948835 78.211517 -109.660583
vn 0.991897 0.127045 0.000000
v 19.287292 67.761551 -109.660583
vn 0.991897 0.127045 0.000000
v 19.287287 67.761559 55.393127
vn 0.991897 0.127045 0.000000
v 17.948830 78.211525 55.393127
vn 0.733168 0.093906 -0.673533
v 19.287287 67.761559 55.393127
vn 0.733168 0.093906 -0.673533
v 23.843040 73.655746 61.174034
vn 0.733168 0.093906 -0.673533
v 19.287287 67.761559 55.393127
vn 0.611545 0.791210 -0.000000
v 19.287292 67.761551 -109.660583
vn 0.611545 0.791210 -0.000000
v 60.713360 35.742336 -109.660583
vn 0.611545 0.791210 -0.000000
v 60.713356 35.742340 55.393127
vn 0.611545 0.791210 -0.000000
v 23.843040 73.655746 61.174034
vn 0.374918 0.485064 -0.790031
v 19.287287 67.761559 55.393127
vn 0.374918 0.485064 -0.790031
v 60.713356 35.742340 55.393127
vn 0.374918 0.485064 -0.790031
v 65.269112 41.636528 61.174034
vn 0.374918 0.485064 -0.790031
v 60.713356 35.742340 55.393127
vn -0.143594 0.989637 -0.000000
v 60.713360 35.742336 -109.660583
vn -0.143594 0.989637 -0.000000
v 71.000343 37.234951 -110.212814
vn -0.143594 0.989637 -0.000000
v 71.000336 37.234959 54.840897
vn -0.143594 0.989637 -0.000000
v 60.713356 35.742340 55.393127
vn -0.143257 0.747214 -0.648960
v 71.000336 37.234959 54.840897
vn -0.143257 0.747214 -0.648960
v 65.269112 41.636528 61.174034
vn -0.143257 0.747214 -0.648960
v 71.000336 37.234959 54.840897
vn -0.791210 0.611545 -0.000000
v 71.000343 37.234951 -110.212814
vn -0.791210 0.611545 -0.000000
v 157.056747 148.573654 -110.212814
vn -0.791210 0.611545 -0.000000
v 157.056747 148.573669 54.840897
vn -0.791210 0.611545 -0.000000
v 65.269112 41.636528 61.174034
vn -0.521485 0.403068 -0.752057
v 71.000336 37.234959 54.840897
vn -0.521485 0.403068 -0.752057
v 157.056747 148.573669 54.840897
vn -0.521485 0.403068 -0.752057
v 151.325531 152.975250 61.174034
vn -0.521485 0.403068 -0.752057
v 157.056747 148.573669 54.840897
vn -0.993546 -0.113429 0.000000
v 157.056747 148.573654 -110.212814
vn -0.993546 -0.113429 0.000000
v 155.881317 158.869461 -109.660583
vn -0.993546 -0.113429 0.000000
v 155.881302 158.869461 55.393127
vn -0.993546 -0.113429 0.000000
v 157.056747 148.573669 54.840897
vn -0.758079 -0.051678 -0.650112
v 155.881302 158.869461 55.393127
vn -0.758079 -0.051678 -0.650112
v 151.325531 152.975250 61.174034
vn -0.758079 -0.051678 -0.650112
v 155.881317 158.869461 -109.660583
vn -0.374917 -0.485063 0.790032
v 151.325546 152.975250 -115.441490
vn -0.374917 -0.485063 0.790032
v 109.899475 184.994461 -115.441490
vn -0.374917 -0.485063 0.790032
v 114.455246 190.888672 -109.660583
vn -0.374917 -0.485063 0.790032
v 155.881302 158.869461 55.393127
vn -0.611545 -0.791210 -0.000000
v 155.881317 158.869461 -109.660583
vn -0.611545 -0.791210 -0.000000
v 114.455246 190.888672 -109.660583
vn -0.611545 -0.791210 -0.000000
v 114.455238 190.888687 55.393127
vn -0.611545 -0.791210 -0.000000
v 155.881302 158.869461 55.393127
vn -0.374917 -0.485063 -0.790032
v 114.455238 190.888687 55.393127
vn -0.374917 -0.485063 -0.790032
v 109.899467 184.994476 61.174034
vn -0.374917 -0.485063 -0.790032
v 151.325531 152.975250 61.174034
vn -0.374917 -0.485063 -0.790032
v 109.899475 184.994461 -115.441490
vn 0.093903 -0.733167 0.673534
v 104.005257 189.550247 -109.660583
vn 0.093903 -0.733167 0.673534
v 114.455246 190.888672 -109.660583
vn 0.093903 -0.733167 0.673534
v 114.455246 190.888672 -109.660583
vn 0.127041 -0.991897 0.000000
v 104.005257 189.550247 -109.660583
vn 0.127041 -0.991897 0.000000
v 104.005257 189.550247 55.393127
vn 0.127041 -0.991897 0.000000
v 114.455238 190.888687 55.393127
vn 0.127041 -0.991897 0.000000
v 114.455238 190.888687 55.393127
vn 0.093905 -0.733167 -0.673534
v 104.005257 189.550247 55.393127
vn 0.093905 -0.733167 -0.673534
v 109.899467 184.994476 61.174034
vn 0.093905 -0.733167 -0.673534
v 109.899467 184.994476 61.174034
vn 0.000000 0.000000 -1.000000
v 23.843040 73.655746 61.174034
vn 0.000000 0.000000 -1.000000
v 65.269112 41.636528 61.174034
vn 0.000000 0.000000 -1.000000
v 151.325531 152.975250 61.174034
vn 0.000000 0.000000 -1.000000
v 109.899475 184.994461 -115.441490
vn 0.000000 0.000000 1.000000
v 151.325546 152.975250 -115.441490
vn 0.000000 0.000000 1.000000
v 65.269119 41.636520 -115.441490
vn 0.000000 0.000000 1.000000
v 23.843050 73.655739 -115.441490
vn 0.000000 0.000000 1.000000
v -68.527191 36.023327 -315.311981
vn 0.451956 0.414228 0.790032
v -74.019112 30.989862 -309.531067
vn 0.451956 0.414228 0.790032
v -169.098724 134.729355 -309.531067
vn 0.451956 0.414228 0.790032
v -163.606812 139.762817 -315.311981
vn 0.451956 0.414228 0.790032
v -63.493755 30.531441 -309.531067
vn 0.032163 0.738457 0.673533
v -74.019112 30.989862 -309.531067
vn 0.032163 0.738457 0.673533
v -68.527191 36.023327 -315.311981
vn 0.032163 0.738457 0.673533
v -24.895153 65.907936 -309.531067
vn -0.414230 0.451958 0.790030
v -63.493755 30.531441 -309.531067
vn -0.414230 0.451958 0.790030
v -68.527191 36.023327 -315.311981
vn -0.414230 0.451958 0.790030
v -29.928593 71.399826 -315.311981
vn -0.414230 0.451958 0.790030
v -24.616365 76.298904 -310.083313
vn -0.726094 0.055903 0.685319
v -24.895153 65.907936 -309.531067
vn -0.726094 0.055903 0.685319
v -29.928593 71.399826 -315.311981
vn -0.726094 0.055903 0.685319
v -119.695946 180.038361 -310.083313
vn -0.432151 -0.396076 0.810166
v -24.616365 76.298904 -310.083313
vn -0.432151 -0.396076 0.810166
v -29.928593 71.399826 -315.311981
vn -0.432151 -0.396076 0.810166
v -125.008202 175.139313 -315.311981
vn -0.432151 -0.396076 0.810166
v -130.041656 180.631210 -309.531067
vn -0.005028 -0.727171 0.686438
v -119.695946 180.038361 -310.083313
vn -0.005028 -0.727171 0.686438
v -125.008202 175.139313 -315.311981
vn -0.005028 -0.727171 0.686438
v -169.098724 134.729355 -144.477356
vn 0.737207 0.675667 -0.000000
v -169.098724 134.729355 -309.531067
vn 0.737207 0.675667 -0.000000
v -74.019112 30.989862 -309.531067
vn 0.737207 0.675667 -0.000000
v -74.019112 30.989857 -144.477356
vn 0.737207 0.675667 -0.000000
v -163.606812 139.762817 -138.696442
vn 0.451956 0.414228 -0.790032
v -169.098724 134.729355 -144.477356
vn 0.451956 0.414228 -0.790032
v -74.019112 30.989857 -144.477356
vn 0.451956 0.414228 -0.790032
v -68.527199 36.023319 -138.696442
vn 0.451956 0.414228 -0.790032
v -125.084038 136.476730 -304.604218
vn -0.019445 -0.025347 0.999490
v -94.828102 120.730492 -302.423859
vn -0.112981 0.058799 0.991856
v -102.038284 111.331970 -302.423859
vn -0.102587 0.078701 0.991606
v -125.084038 136.476730 -304.604218
vn -0.000000 -0.000000 1.000000
v -91.267227 132.028244 -302.423859
vn -0.126278 0.016611 0.991856
v -125.084038 136.476730 -304.604218
vn -0.000000 -0.000000 1.000000
v -91.785164 143.862549 -302.423859
vn -0.124344 -0.027580 0.991856
v -125.084038 136.476730 -304.604218
vn -0.000000 -0.000000 1.000000
v -96.319427 154.806015 -302.423859
vn -0.119451 -0.049493 0.991606
v -104.323151 163.538712 -302.423859
vn -0.095319 -0.087362 0.991606
v -96.319427 154.806015 -302.423859
vn -0.095319 -0.087362 0.991606
v -114.830910 169.007324 -302.423859
vn -0.038287 -0.121475 0.991856
v -104.323151 163.538712 -302.423859
vn -0.059691 -0.114695 0.991606
v -126.575371 170.552261 -302.423859
vn 0.005569 -0.127244 0.991856
v -125.084038 136.476730 -304.604218
vn 0.000000 0.000000 1.000000
v -138.139954 167.987183 -302.423859
vn 0.048753 -0.117666 0.991856
v -148.129807 161.621490 -302.423859
vn 0.069483 -0.109042 0.991606
v -155.339966 152.222946 -302.423859
vn 0.112981 -0.058799 0.991856
v -148.129807 161.621490 -302.423859
vn 0.102587 -0.078701 0.991606
v -158.900848 140.925217 -302.423859
vn 0.126278 -0.016612 0.991856
v -158.382919 129.090912 -302.423859
vn 0.124344 0.027580 0.991856
v -153.848663 118.147446 -302.423859
vn 0.119451 0.049493 0.991606
v -125.084038 136.476730 -304.604218
vn 0.038830 0.050616 0.997963
v -145.844940 109.414757 -302.423859
vn 0.095319 0.087363 0.991606
v -153.848663 118.147446 -302.423859
vn 0.095319 0.087363 0.991606
v -135.337173 103.946144 -302.423859
vn 0.038287 0.121475 0.991856
v -145.844940 109.414757 -302.423859
vn 0.059691 0.114695 0.991606
v -123.592712 102.401207 -302.423859
vn -0.005569 0.127244 0.991856
v -112.028130 104.966278 -302.423859
vn -0.048753 0.117666 0.991856
v -65.089874 105.253693 -295.920105
vn -0.224302 0.116734 0.967503
v -79.386864 86.617455 -295.920105
vn -0.203516 0.156130 0.966543
v -102.038284 111.331970 -302.423859
vn -0.069483 0.109042 0.991606
v -36.378162 90.311142 -285.204224
vn -0.278798 0.145096 0.949326
v -57.517342 62.756042 -285.204224
vn -0.252825 0.193958 0.947871
v -79.386864 86.617455 -295.920105
vn -0.137843 0.216321 0.966543
v -99.195625 73.994995 -295.920105
vn -0.096790 0.233602 0.967503
v -57.517342 62.756042 -285.204224
vn -0.171240 0.268732 0.947871
v -86.806084 44.092800 -285.204224
vn -0.120305 0.290358 0.949326
v -58.029049 127.655891 -295.920105
vn -0.250700 0.032979 0.967503
v -25.938198 123.434464 -285.204224
vn -0.311610 0.040991 0.949326
v -36.378162 90.311142 -285.204224
vn -0.953748 0.300607 0.000000
v -25.938198 123.434464 -285.204224
vn -0.991458 0.130423 0.000000
v -25.938198 123.434464 -168.804214
vn -0.991458 0.130423 0.000000
v -36.378166 90.311134 -168.804214
vn -0.953748 0.300607 0.000000
v -59.056042 151.122009 -295.920105
vn -0.246861 -0.054755 0.967503
v -27.456678 158.130890 -285.204224
vn -0.306837 -0.068058 0.949326
v -27.456678 158.130890 -285.204224
vn -0.976273 -0.216541 0.000000
v -27.456678 158.130890 -168.804214
vn -0.976273 -0.216541 0.000000
v -68.046997 172.821701 -295.920105
vn -0.236970 -0.098185 0.966543
v -40.750484 190.215500 -285.204224
vn -0.294385 -0.121974 0.947871
v -40.750484 190.215500 -285.204224
vn -0.843335 -0.537388 0.000000
v -40.750484 190.215500 -168.804199
vn -0.843335 -0.537388 0.000000
v -83.917458 190.137634 -295.920105
vn -0.189098 -0.173313 0.966543
v -68.046997 172.821701 -295.920105
vn -0.189098 -0.173313 0.966543
v -64.216164 215.818420 -285.204224
vn -0.234914 -0.215304 0.947871
v -40.750484 190.215500 -285.204224
vn -0.234914 -0.215304 0.947871
v -64.216164 215.818420 -285.204224
vn -0.608678 -0.793417 0.000000
v -64.216164 215.818420 -168.804199
vn -0.608678 -0.793417 0.000000
v -104.753220 200.981293 -295.920105
vn -0.076011 -0.241165 0.967503
v -83.917458 190.137634 -295.920105
vn -0.118418 -0.227536 0.966543
v -95.023392 231.851547 -285.204224
vn -0.094479 -0.299757 0.949326
v -64.216164 215.818420 -285.204224
vn -0.147109 -0.282665 0.947871
v -95.023392 231.851547 -285.204224
vn -0.300607 -0.953748 0.000000
v -95.023392 231.851547 -168.804214
vn -0.300607 -0.953748 0.000000
v -128.041183 204.044708 -295.920105
vn 0.011056 -0.252618 0.967503
v -129.456421 236.381119 -285.204224
vn 0.013742 -0.313994 0.949326
v -129.456421 236.381119 -285.204224
vn 0.043724 -0.999044 0.000000
v -129.456421 236.381119 -168.804214
vn 0.043724 -0.999044 0.000000
v -150.972458 198.958466 -295.920105
vn 0.096790 -0.233602 0.967503
v -163.362000 228.860657 -285.204224
vn 0.120305 -0.290358 0.949326
v -163.362000 228.860657 -285.204224
vn 0.382780 -0.923839 -0.000000
v -163.362000 228.860657 -168.804214
vn 0.382780 -0.923839 -0.000000
v -170.781219 186.336014 -295.920105
vn 0.137843 -0.216321 0.966543
v -192.650742 210.197418 -285.204224
vn 0.171240 -0.268732 0.947871
v -192.650742 210.197418 -285.204224
vn 0.537387 -0.843336 -0.000000
v -192.650757 210.197403 -168.804214
vn 0.537387 -0.843336 -0.000000
v -185.078217 167.699753 -295.920105
vn 0.224302 -0.116734 0.967503
v -170.781219 186.336014 -295.920105
vn 0.203516 -0.156129 0.966543
v -213.789948 182.642303 -285.204224
vn 0.278797 -0.145096 0.949326
v -192.650742 210.197418 -285.204224
vn 0.252825 -0.193958 0.947871
v -192.650742 210.197418 -285.204224
vn 0.793417 -0.608678 0.000000
v -213.789948 182.642303 -285.204224
vn 0.887059 -0.461656 0.000000
v -213.789948 182.642303 -168.804214
vn 0.887059 -0.461656 0.000000
v -192.650757 210.197403 -168.804214
vn 0.793417 -0.608678 0.000000
v -192.139038 145.297562 -295.920105
vn 0.250700 -0.032979 0.967503
v -224.229919 149.518982 -285.204224
vn 0.311610 -0.040991 0.949326
v -224.229919 149.518982 -285.204224
vn 0.991458 -0.130423 0.000000
v -224.229919 149.518982 -168.804214
vn 0.991458 -0.130423 0.000000
v -191.112045 121.831459 -295.920105
vn 0.246860 0.054755 0.967503
v -222.711411 114.822571 -285.204224
vn 0.306837 0.068058 0.949326
v -222.711411 114.822571 -285.204224
vn 0.976273 0.216541 0.000000
v -222.711411 114.822571 -168.804214
vn 0.976273 0.216541 0.000000
v -182.121078 100.131775 -295.920105
vn 0.236970 0.098185 0.966543
v -209.417618 82.737961 -285.204224
vn 0.294385 0.121974 0.947871
v -209.417618 82.737961 -285.204224
vn 0.843335 0.537388 0.000000
v -209.417618 82.737961 -168.804214
vn 0.843335 0.537388 0.000000
v -166.250595 82.815811 -295.920105
vn 0.189098 0.173313 0.966543
v -182.121078 100.131775 -295.920105
vn 0.189098 0.173313 0.966543
v -185.951904 57.135010 -285.204224
vn 0.234914 0.215304 0.947871
v -209.417618 82.737961 -285.204224
vn 0.234914 0.215304 0.947871
v -185.951904 57.135010 -285.204224
vn 0.608678 0.793417 0.000000
v -185.951904 57.135010 -168.804214
vn 0.608678 0.793417 0.000000
v -145.414871 71.972176 -295.920105
vn 0.076011 0.241165 0.967503
v -166.250595 82.815811 -295.920105
vn 0.118418 0.227536 0.966543
v -155.144699 41.101898 -285.204224
vn 0.094479 0.299757 0.949326
v -185.951904 57.135010 -285.204224
vn 0.147108 0.282665 0.947871
v -155.144699 41.101898 -285.204224
vn 0.300606 0.953748 0.000000
v -155.144699 41.101898 -168.804214
vn 0.300606 0.953748 0.000000
v -122.126907 68.908745 -295.920105
vn -0.011056 0.252618 0.967503
v -120.711685 36.572365 -285.204224
vn -0.013742 0.313994 0.949326
v -120.711685 36.572365 -285.204224
vn -0.043724 0.999044 0.000000
v -120.711685 36.572365 -168.804214
vn -0.043724 0.999044 0.000000
v -86.806084 44.092800 -285.204224
vn -0.216542 0.976273 0.000000
v -86.806091 44.092796 -168.804214
vn -0.216542 0.976273 0.000000
v -125.084045 136.476730 -149.403259
vn 0.000000 -0.000000 -1.000000
v -112.028137 104.966278 -151.583618
vn -0.048753 0.117666 -0.991856
v -102.038292 111.331963 -151.583618
vn -0.069483 0.109042 -0.991606
v -102.038292 111.331963 -151.583618
vn -0.102587 0.078701 -0.991606
v -94.828110 120.730492 -151.583618
vn -0.112981 0.058799 -0.991856
v -125.084045 136.476730 -149.403259
vn -0.019445 -0.025347 -0.999490
v -99.195633 73.994995 -158.087372
vn -0.096790 0.233602 -0.967503
v -79.386871 86.617447 -158.087372
vn -0.137843 0.216321 -0.966543
v -79.386871 86.617447 -158.087372
vn -0.203516 0.156130 -0.966543
v -65.089882 105.253693 -158.087372
vn -0.224302 0.116734 -0.967503
v -86.806091 44.092796 -168.803253
vn -0.120306 0.290358 -0.949326
v -57.517349 62.756039 -168.803253
vn -0.171240 0.268732 -0.947871
v -57.517349 62.756039 -168.803253
vn -0.252825 0.193958 -0.947871
v -36.378166 90.311134 -168.803253
vn -0.278798 0.145096 -0.949326
v -91.267235 132.028244 -151.583618
vn -0.126278 0.016611 -0.991856
v -125.084045 136.476730 -149.403259
vn -0.000000 -0.000000 -1.000000
v -58.029053 127.655891 -158.087372
vn -0.250700 0.032979 -0.967503
v -25.938198 123.434464 -168.803253
vn -0.311610 0.040991 -0.949326
v -91.785172 143.862549 -151.583618
vn -0.124344 -0.027580 -0.991856
v -125.084045 136.476730 -149.403259
vn -0.000000 0.000000 -1.000000
v -59.056049 151.121994 -158.087372
vn -0.246860 -0.054755 -0.967503
v -27.456678 158.130890 -168.803253
vn -0.306837 -0.068058 -0.949326
v -96.319435 154.806015 -151.583618
vn -0.119451 -0.049493 -0.991606
v -68.047005 172.821686 -158.087372
vn -0.236970 -0.098185 -0.966543
v -40.750484 190.215500 -168.803253
vn -0.294385 -0.121974 -0.947871
v -96.319435 154.806015 -151.583618
vn -0.095319 -0.087362 -0.991606
v -104.323151 163.538712 -151.583618
vn -0.095319 -0.087362 -0.991606
v -68.047005 172.821686 -158.087372
vn -0.189098 -0.173313 -0.966543
v -83.917465 190.137634 -158.087372
vn -0.189098 -0.173313 -0.966543
v -40.750484 190.215500 -168.803253
vn -0.234914 -0.215304 -0.947871
v -64.216164 215.818420 -168.803253
vn -0.234914 -0.215304 -0.947871
v -104.323151 163.538712 -151.583618
vn -0.059691 -0.114695 -0.991606
v -114.830917 169.007324 -151.583618
vn -0.038287 -0.121475 -0.991856
v -83.917465 190.137634 -158.087372
vn -0.118417 -0.227536 -0.966543
v -104.753227 200.981277 -158.087372
vn -0.076011 -0.241165 -0.967503
v -64.216164 215.818420 -168.803253
vn -0.147108 -0.282665 -0.947871
v -95.023392 231.851547 -168.803253
vn -0.094479 -0.299757 -0.949326
v -126.575378 170.552261 -151.583618
vn 0.005569 -0.127244 -0.991856
v -128.041183 204.044708 -158.087372
vn 0.011056 -0.252618 -0.967503
v -129.456421 236.381119 -168.803253
vn 0.013742 -0.313993 -0.949326
v -138.139969 167.987183 -151.583618
vn 0.048753 -0.117666 -0.991856
v -125.084045 136.476730 -149.403259
vn 0.000000 0.000000 -1.000000
v -150.972458 198.958466 -158.087372
vn 0.096790 -0.233602 -0.967503
v -163.362000 228.860657 -168.803253
vn 0.120306 -0.290358 -0.949326
v -148.129807 161.621490 -151.583618
vn 0.069483 -0.109042 -0.991606
v -170.781235 186.335999 -158.087372
vn 0.137843 -0.216321 -0.966543
v -192.650757 210.197403 -168.803253
vn 0.171240 -0.268732 -0.947871
v -148.129807 161.621490 -151.583618
vn 0.102587 -0.078701 -0.991606
v -155.339966 152.222946 -151.583618
vn 0.112981 -0.058799 -0.991856
v -170.781235 186.335999 -158.087372
vn 0.203516 -0.156130 -0.966543
v -185.078232 167.699753 -158.087372
vn 0.224302 -0.116734 -0.967503
v -192.650757 210.197403 -168.803253
vn 0.252825 -0.193958 -0.947871
v -213.789948 182.642303 -168.803253
vn 0.278798 -0.145096 -0.949326
v -158.900864 140.925217 -151.583618
vn 0.126278 -0.016611 -0.991856
v -192.139053 145.297562 -158.087372
vn 0.250700 -0.032979 -0.967503
v -224.229919 149.518982 -168.803253
vn 0.311610 -0.040991 -0.949326
v -158.382919 129.090912 -151.583618
vn 0.124344 0.027580 -0.991856
v -191.112045 121.831451 -158.087372
vn 0.246860 0.054755 -0.967503
v -222.711411 114.822571 -168.803253
vn 0.306837 0.068058 -0.949326
v -153.848663 118.147446 -151.583618
vn 0.119451 0.049493 -0.991606
v -182.121094 100.131767 -158.087372
vn 0.236970 0.098185 -0.966543
v -209.417618 82.737961 -168.803253
vn 0.294385 0.121974 -0.947871
v -153.848663 118.147446 -151.583618
vn 0.095319 0.087362 -0.991606
v -145.844955 109.414749 -151.583618
vn 0.095319 0.087362 -0.991606
v -125.084045 136.476730 -149.403259
vn 0.038830 0.050616 -0.997963
v -182.121094 100.131767 -158.087372
vn 0.189098 0.173313 -0.966543
v -166.250610 82.815796 -158.087372
vn 0.189098 0.173313 -0.966543
v -209.417618 82.737961 -168.803253
vn 0.234914 0.215304 -0.947871
v -185.951904 57.135010 -168.803253
vn 0.234914 0.215304 -0.947871
v -145.844955 109.414749 -151.583618
vn 0.059691 0.114695 -0.991606
v -135.337173 103.946136 -151.583618
vn 0.038287 0.121475 -0.991856
v -166.250610 82.815796 -158.087372
vn 0.118417 0.227536 -0.966543
v -145.414871 71.972168 -158.087372
vn 0.076011 0.241165 -0.967503
v -185.951904 57.135010 -168.803253
vn 0.147108 0.282665 -0.947871
v -155.144699 41.101898 -168.803253
vn 0.094479 0.299758 -0.949326
v -123.592712 102.401207 -151.583618
vn -0.005569 0.127244 -0.991856
v -122.126907 68.908745 -158.087372
vn -0.011056 0.252618 -0.967503
v -120.711685 36.572365 -168.803253
vn -0.013742 0.313994 -0.949326
v -74.019112 30.989857 -144.477356
vn 0.043513 0.999053 0.000000
v -74.019112 30.989862 -309.531067
vn 0.043513 0.999053 0.000000
v -63.493755 30.531441 -309.531067
vn 0.043513 0.999053 0.000000
v -63.493759 30.531435 -144.477356
vn 0.043513 0.999053 0.000000
v -74.019112 30.989857 -144.477356
vn 0.032163 0.738458 -0.673532
v -63.493759 30.531435 -144.477356
vn 0.032163 0.738458 -0.673532
v -68.527199 36.023319 -138.696442
vn 0.032163 0.738458 -0.673532
v -63.493759 30.531435 -144.477356
vn -0.675667 0.737207 0.000000
v -63.493755 30.531441 -309.531067
vn -0.675667 0.737207 0.000000
v -24.895153 65.907936 -309.531067
vn -0.675667 0.737207 0.000000
v -24.895159 65.907928 -144.477356
vn -0.675667 0.737207 0.000000
v -68.527199 36.023319 -138.696442
vn -0.414229 0.451958 -0.790031
v -63.493759 30.531435 -144.477356
vn -0.414229 0.451958 -0.790031
v -24.895159 65.907928 -144.477356
vn -0.414229 0.451958 -0.790031
v -29.928600 71.399818 -138.696442
vn -0.414229 0.451958 -0.790031
v -24.895159 65.907928 -144.477356
vn -0.999640 0.026820 -0.000000
v -24.895153 65.907936 -309.531067
vn -0.999640 0.026820 -0.000000
v -24.616365 76.298904 -310.083313
vn -0.999640 0.026820 -0.000000
v -24.616371 76.298897 -145.029587
vn -0.999640 0.026820 -0.000000
v -24.895159 65.907928 -144.477356
vn -0.760693 -0.014080 -0.648959
v -24.616371 76.298897 -145.029587
vn -0.760693 -0.014080 -0.648959
v -29.928600 71.399818 -138.696442
vn -0.760693 -0.014080 -0.648959
v -24.616371 76.298897 -145.029587
vn -0.737207 -0.675667 -0.000000
v -24.616365 76.298904 -310.083313
vn -0.737207 -0.675667 -0.000000
v -119.695946 180.038361 -310.083313
vn -0.737207 -0.675667 -0.000000
v -119.695946 180.038361 -145.029587
vn -0.737207 -0.675667 -0.000000
v -29.928600 71.399818 -138.696442
vn -0.485892 -0.445331 -0.752056
v -24.616371 76.298897 -145.029587
vn -0.485892 -0.445331 -0.752056
v -119.695946 180.038361 -145.029587
vn -0.485892 -0.445331 -0.752056
v -125.008209 175.139313 -138.696442
vn -0.485892 -0.445331 -0.752056
v -119.695946 180.038361 -145.029587
vn -0.057210 -0.998362 0.000000
v -119.695946 180.038361 -310.083313
vn -0.057210 -0.998362 0.000000
v -130.041656 180.631210 -309.531067
vn -0.057210 -0.998362 0.000000
v -130.041656 180.631210 -144.477356
vn -0.057210 -0.998362 0.000000
v -119.695946 180.038361 -145.029587
vn -0.078013 -0.755824 -0.650111
v -130.041656 180.631210 -144.477356
vn -0.078013 -0.755824 -0.650111
v -125.008209 175.139313 -138.696442
vn -0.078013 -0.755824 -0.650111
v -130.041656 180.631210 -309.531067
vn 0.414229 -0.451957 0.790031
v -125.008202 175.139313 -315.311981
vn 0.414229 -0.451957 0.790031
v -163.606812 139.762817 -315.311981
vn 0.414229 -0.451957 0.790031
v -168.640259 145.254715 -309.531067
vn 0.414229 -0.451957 0.790031
v -130.041656 180.631210 -144.477356
vn 0.675667 -0.737207 0.000000
v -130.041656 180.631210 -309.531067
vn 0.675667 -0.737207 0.000000
v -168.640259 145.254715 -309.531067
vn 0.675667 -0.737207 0.000000
v -168.640259 145.254715 -144.477356
vn 0.675667 -0.737207 0.000000
v -130.041656 180.631210 -144.477356
vn 0.414229 -0.451957 -0.790031
v -168.640259 145.254715 -144.477356
vn 0.414229 -0.451957 -0.790031
v -163.606812 139.762817 -138.696442
vn 0.414229 -0.451957 -0.790031
v -125.008209 175.139313 -138.696442
vn 0.414229 -0.451957 -0.790031
v -163.606812 139.762817 -315.311981
vn 0.738457 -0.032166 0.673533
v -169.098724 134.729355 -309.531067
vn 0.738457 -0.032166 0.673533
v -168.640259 145.254715 -309.531067
vn 0.738457 -0.032166 0.673533
v -168.640259 145.254715 -309.531067
vn 0.999053 -0.043517 0.000000
v -169.098724 134.729355 -309.531067
vn 0.999053 -0.043517 0.000000
v -169.098724 134.729355 -144.477356
vn 0.999053 -0.043517 0.000000
v -168.640259 145.254715 -144.477356
vn 0.999053 -0.043517 0.000000
v -168.640259 145.254715 -144.477356
vn 0.738457 -0.032166 -0.673533
v -169.098724 134.729355 -144.477356
vn 0.738457 -0.032166 -0.673533
v -163.606812 139.762817 -138.696442
vn 0.738457 -0.032166 -0.673533
v -163.606812 139.762817 -138.696442
vn 0.000000 0.000000 -1.000000
v -68.527199 36.023319 -138.696442
vn 0.000000 0.000000 -1.000000
v -29.928600 71.399818 -138.696442
vn 0.000000 0.000000 -1.000000
v -125.008209 175.139313 -138.696442
vn 0.000000 0.000000 -1.000000
v -163.606812 139.762817 -315.311981
vn 0.000000 0.000000 1.000000
v -125.008202 175.139313 -315.311981
vn 0.000000 0.000000 1.000000
v -29.928593 71.399826 -315.311981
vn 0.000000 0.000000 1.000000
v -68.527191 36.023327 -315.311981
vn 0.000000 0.000000 1.000000
vt 0.722585 0.308859
vt 0.689329 0.294696
vt 0.722585 0.294696
f 2597/5005/2597 2598/5006/2598 2599/5007/2599
vt 0.988577 0.294653
vt 0.956318 0.308859
vt 0.956318 0.294696
f 2604/5008/2604 2605/5009/2605 2606/5010/2606
vt 0.956318 0.012992
vt 0.988577 0.027113
vt 0.956318 0.027155
f 2611/5011/2611 2612/5012/2612 2613/5013/2613
vt 0.708188 0.992640
vt 0.749270 0.883839
vt 0.667105 0.883839
f 2622/5014/2622 2623/5015/2623 2624/5016/2624
vt 0.790352 0.992640
vt 0.831434 0.883839
vt 0.749270 0.883839
f 2625/5017/2625 2626/5018/2626 2623/5019/2623
vt 0.872517 0.992640
vt 0.913599 0.883839
vt 0.831434 0.883839
f 2627/5020/2627 2628/5021/2628 2626/5022/2626
vt 0.954681 0.992640
vt 0.995763 0.883839
vt 0.913599 0.883839
f 2629/5023/2629 2630/5024/2630 2628/5025/2628
vt 0.708188 0.992640
vt 0.749270 0.883839
vt 0.667105 0.883839
f 2622/5026/2622 2631/5027/2631 2632/5028/2632
vt 0.708188 0.992640
vt 0.749270 0.883839
vt 0.667105 0.883839
f 2622/5029/2622 2633/5030/2633 2634/5031/2634
vt 0.790352 0.992640
vt 0.831434 0.883839
vt 0.749270 0.883839
f 2625/5032/2625 2635/5033/2635 2633/5034/2633
vt 0.872516 0.992640
vt 0.913599 0.883839
vt 0.831434 0.883839
f 2636/5035/2636 2637/5036/2637 2635/5037/2635
vt 0.954681 0.992640
vt 0.995763 0.883839
vt 0.913599 0.883839
f 2629/5038/2629 2638/5039/2638 2637/5040/2637
vt 0.708188 0.992640
vt 0.749270 0.883839
vt 0.667105 0.883839
f 2622/5041/2622 2639/5042/2639 2640/5043/2640
vt 0.790352 0.992640
vt 0.831434 0.883839
vt 0.749270 0.883839
f 2625/5044/2625 2641/5045/2641 2639/5046/2639
vt 0.872517 0.992640
vt 0.913599 0.883839
vt 0.831434 0.883839
f 2627/5047/2627 2642/5048/2642 2641/5049/2641
vt 0.954681 0.992640
vt 0.995763 0.883839
vt 0.913599 0.883839
f 2629/5050/2629 2643/5051/2643 2642/5052/2642
vt 0.708187 0.992640
vt 0.749270 0.883839
vt 0.667105 0.883839
f 2644/5053/2644 2645/5054/2645 2646/5055/2646
vt 0.708187 0.992640
vt 0.749270 0.883839
vt 0.667105 0.883839
f 2644/5056/2644 2647/5057/2647 2648/5058/2648
vt 0.790352 0.992640
vt 0.831434 0.883839
vt 0.749270 0.883839
f 2625/5059/2625 2649/5060/2649 2647/5061/2647
vt 0.872516 0.992640
vt 0.913598 0.883839
vt 0.831434 0.883839
f 2636/5062/2636 2650/5063/2650 2649/5064/2649
vt 0.995763 0.883839
vt 0.913598 0.883839
vt 0.954681 0.992640
f 2653/5065/2653 2650/5066/2650 2629/5067/2629
vt 0.954681 0.331575
vt 0.913598 0.440376
vt 0.995763 0.440376
f 2736/5068/2736 2737/5069/2737 2738/5070/2738
vt 0.667105 0.440376
vt 0.749270 0.440376
vt 0.708188 0.331575
f 2739/5071/2739 2740/5072/2740 2741/5073/2741
vt 0.749270 0.440376
vt 0.831434 0.440376
vt 0.790352 0.331575
f 2740/5074/2740 2750/5075/2750 2751/5076/2751
vt 0.831434 0.440376
vt 0.913599 0.440376
vt 0.872517 0.331575
f 2750/5077/2750 2754/5078/2754 2755/5079/2755
vt 0.913599 0.440376
vt 0.995763 0.440376
vt 0.954681 0.331575
f 2754/5080/2754 2758/5081/2758 2736/5082/2736
vt 0.667105 0.440376
vt 0.749270 0.440376
vt 0.708188 0.331575
f 2761/5083/2761 2762/5084/2762 2741/5085/2741
vt 0.667105 0.440376
vt 0.749270 0.440376
vt 0.708188 0.331575
f 2767/5086/2767 2768/5087/2768 2741/5088/2741
vt 0.749270 0.440376
vt 0.831434 0.440376
vt 0.790352 0.331575
f 2768/5089/2768 2773/5090/2773 2751/5091/2751
vt 0.831434 0.440376
vt 0.913599 0.440376
vt 0.872516 0.331575
f 2773/5092/2773 2776/5093/2776 2777/5094/2777
vt 0.913599 0.440376
vt 0.995763 0.440376
vt 0.954681 0.331575
f 2776/5095/2776 2780/5096/2780 2736/5097/2736
vt 0.667105 0.440376
vt 0.749270 0.440376
vt 0.708188 0.331575
f 2783/5098/2783 2784/5099/2784 2741/5100/2741
vt 0.749270 0.440376
vt 0.831434 0.440376
vt 0.790352 0.331575
f 2784/5101/2784 2789/5102/2789 2751/5103/2751
vt 0.831434 0.440376
vt 0.913599 0.440376
vt 0.872517 0.331575
f 2789/5104/2789 2792/5105/2792 2755/5106/2755
vt 0.913599 0.440376
vt 0.995763 0.440376
vt 0.954681 0.331575
f 2792/5107/2792 2795/5108/2795 2736/5109/2736
vt 0.667105 0.440376
vt 0.749270 0.440376
vt 0.708187 0.331575
f 2798/5110/2798 2799/5111/2799 2800/5112/2800
vt 0.667105 0.440376
vt 0.749270 0.440376
vt 0.708187 0.331575
f 2805/5113/2805 2806/5114/2806 2800/5115/2800
vt 0.749270 0.440376
vt 0.831434 0.440376
vt 0.790352 0.331575
f 2806/5116/2806 2811/5117/2811 2751/5118/2751
vt 0.831434 0.440376
vt 0.913598 0.440376
vt 0.872516 0.331575
f 2811/5119/2811 2737/5120/2737 2777/5121/2777
vt 0.464605 0.304169
vt 0.487782 0.304169
vt 0.487782 0.314138
f 2818/5122/2818 2819/5123/2819 2820/5124/2820
vt 0.960974 0.301706
vt 0.993031 0.300790
vt 0.960974 0.311290
f 2833/5125/2833 2834/5126/2834 2835/5127/2835
vt 0.984889 0.030947
vt 0.953319 0.017437
vt 0.953319 0.030988
f 2848/5128/2848 2849/5129/2849 2850/5130/2850
vt 0.722585 0.027155
vt 0.689329 0.027155
vt 0.722585 0.012992
f 2863/5131/2863 2864/5132/2864 2865/5133/2865
vt 0.724580 0.017437
vt 0.692035 0.030988
vt 0.724580 0.030988
f 2870/5134/2870 2871/5135/2871 2872/5136/2872
vt 0.722585 0.308859
vt 0.689329 0.294696
vt 0.722585 0.294696
f 2885/5137/2885 2886/5138/2886 2887/5139/2887
vt 0.988577 0.294653
vt 0.956318 0.308859
vt 0.956318 0.294696
f 2892/5140/2892 2893/5141/2893 2894/5142/2894
vt 0.956318 0.012992
vt 0.988577 0.027113
vt 0.956318 0.027155
f 2899/5143/2899 2900/5144/2900 2901/5145/2901
vt 0.708188 0.992640
vt 0.749270 0.883839
vt 0.667105 0.883839
f 2910/5146/2910 2911/5147/2911 2912/5148/2912
vt 0.790352 0.992640
vt 0.831434 0.883839
vt 0.749270 0.883839
f 2913/5149/2913 2914/5150/2914 2911/5151/2911
vt 0.872517 0.992640
vt 0.913599 0.883839
vt 0.831434 0.883839
f 2915/5152/2915 2916/5153/2916 2914/5154/2914
vt 0.954681 0.992640
vt 0.995763 0.883839
vt 0.913599 0.883839
f 2917/5155/2917 2918/5156/2918 2916/5157/2916
vt 0.708188 0.992640
vt 0.749270 0.883839
vt 0.667105 0.883839
f 2910/5158/2910 2919/5159/2919 2920/5160/2920
vt 0.708188 0.992640
vt 0.749270 0.883839
vt 0.667105 0.883839
f 2910/5161/2910 2921/5162/2921 2922/5163/2922
vt 0.790352 0.992640
vt 0.831434 0.883839
vt 0.749270 0.883839
f 2913/5164/2913 2923/5165/2923 2921/5166/2921
vt 0.872516 0.992640
vt 0.913599 0.883839
vt 0.831434 0.883839
f 2924/5167/2924 2925/5168/2925 2923/5169/2923
vt 0.954681 0.992640
vt 0.995763 0.883839
vt 0.913599 0.883839
f 2917/5170/2917 2926/5171/2926 2925/5172/2925
vt 0.708188 0.992640
vt 0.749270 0.883839
vt 0.667105 0.883839
f 2910/5173/2910 2927/5174/2927 2928/5175/2928
vt 0.790352 0.992640
vt 0.831434 0.883839
vt 0.749270 0.883839
f 2913/5176/2913 2929/5177/2929 2927/5178/2927
vt 0.872517 0.992640
vt 0.913599 0.883839
vt 0.831434 0.883839
f 2915/5179/2915 2930/5180/2930 2929/5181/2929
vt 0.954681 0.992640
vt 0.995763 0.883839
vt 0.913599 0.883839
f 2917/5182/2917 2931/5183/2931 2930/5184/2930
vt 0.708187 0.992640
vt 0.749270 0.883839
vt 0.667105 0.883839
f 2932/5185/2932 2933/5186/2933 2934/5187/2934
vt 0.708187 0.992640
vt 0.749270 0.883839
vt 0.667105 0.883839
f 2932/5188/2932 2935/5189/2935 2936/5190/2936
vt 0.790352 0.992640
vt 0.831434 0.883839
vt 0.749270 0.883839
f 2913/5191/2913 2937/5192/2937 2935/5193/2935
vt 0.872516 0.992640
vt 0.913598 0.883839
vt 0.831434 0.883839
f 2924/5194/2924 2938/5195/2938 2937/5196/2937
vt 0.995763 0.883839
vt 0.913598 0.883839
vt 0.954681 0.992640
f 2941/5197/2941 2938/5198/2938 2917/5199/2917
vt 0.954681 0.331575
vt 0.913598 0.440376
vt 0.995763 0.440376
f 3024/5200/3024 3025/5201/3025 3026/5202/3026
vt 0.667105 0.440376
vt 0.749270 0.440376
vt 0.708188 0.331575
f 3027/5203/3027 3028/5204/3028 3029/5205/3029
vt 0.749270 0.440376
vt 0.831434 0.440376
vt 0.790352 0.331575
f 3028/5206/3028 3038/5207/3038 3039/5208/3039
vt 0.831434 0.440376
vt 0.913599 0.440376
vt 0.872517 0.331575
f 3038/5209/3038 3042/5210/3042 3043/5211/3043
vt 0.913599 0.440376
vt 0.995763 0.440376
vt 0.954681 0.331575
f 3042/5212/3042 3046/5213/3046 3024/5214/3024
vt 0.667105 0.440376
vt 0.749270 0.440376
vt 0.708188 0.331575
f 3049/5215/3049 3050/5216/3050 3029/5217/3029
vt 0.667105 0.440376
vt 0.749270 0.440376
vt 0.708188 0.331575
f 3055/5218/3055 3056/5219/3056 3029/5220/3029
vt 0.749270 0.440376
vt 0.831434 0.440376
vt 0.790352 0.331575
f 3056/5221/3056 3061/5222/3061 3039/5223/3039
vt 0.831434 0.440376
vt 0.913599 0.440376
vt 0.872516 0.331575
f 3061/5224/3061 3064/5225/3064 3065/5226/3065
vt 0.913599 0.440376
vt 0.995763 0.440376
vt 0.954681 0.331575
f 3064/5227/3064 3068/5228/3068 3024/5229/3024
vt 0.667105 0.440376
vt 0.749270 0.440376
vt 0.708188 0.331575
f 3071/5230/3071 3072/5231/3072 3029/5232/3029
vt 0.749270 0.440376
vt 0.831434 0.440376
vt 0.790352 0.331575
f 3072/5233/3072 3077/5234/3077 3039/5235/3039
vt 0.831434 0.440376
vt 0.913599 0.440376
vt 0.872517 0.331575
f 3077/5236/3077 3080/5237/3080 3043/5238/3043
vt 0.913599 0.440376
vt 0.995763 0.440376
vt 0.954681 0.331575
f 3080/5239/3080 3083/5240/3083 3024/5241/3024
vt 0.667105 0.440376
vt 0.749270 0.440376
vt 0.708187 0.331575
f 3086/5242/3086 3087/5243/3087 3088/5244/3088
vt 0.667105 0.440376
vt 0.749270 0.440376
vt 0.708187 0.331575
f 3093/5245/3093 3094/5246/3094 3088/5247/3088
vt 0.749270 0.440376
vt 0.831434 0.440376
vt 0.790352 0.331575
f 3094/5248/3094 3099/5249/3099 3039/5250/3039
vt 0.831434 0.440376
vt 0.913598 0.440376
vt 0.872516 0.331575
f 3099/5251/3099 3025/5252/3025 3065/5253/3065
vt 0.464605 0.304169
vt 0.487782 0.304169
vt 0.487782 0.314138
f 3106/5254/3106 3107/5255/3107 3108/5256/3108
vt 0.960974 0.301706
vt 0.993031 0.300790
vt 0.960974 0.311290
f 3121/5257/3121 3122/5258/3122 3123/5259/3123
vt 0.984889 0.030947
vt 0.953319 0.017437
vt 0.953319 0.030988
f 3136/5260/3136 3137/5261/3137 3138/5262/3138
vt 0.722585 0.027155
vt 0.689329 0.027155
vt 0.722585 0.012992
f 3151/5263/3151 3152/5264/3152 3153/5265/3153
vt 0.724580 0.017437
vt 0.692035 0.030988
vt 0.724580 0.030988
f 3158/5266/3158 3159/5267/3159 3160/5268/3160
vt 0.722585 0.308859
vt 0.689329 0.294696
vt 0.722585 0.294696
f 3173/5269/3173 3174/5270/3174 3175/5271/3175
vt 0.988577 0.294653
vt 0.956318 0.308859
vt 0.956318 0.294696
f 3180/5272/3180 3181/5273/3181 3182/5274/3182
vt 0.956318 0.012992
vt 0.988577 0.027113
vt 0.956318 0.027155
f 3187/5275/3187 3188/5276/3188 3189/5277/3189
vt 0.708188 0.992640
vt 0.749270 0.883839
vt 0.667105 0.883839
f 3198/5278/3198 3199/5279/3199 3200/5280/3200
vt 0.790352 0.992640
vt 0.831434 0.883839
vt 0.749270 0.883839
f 3201/5281/3201 3202/5282/3202 3199/5283/3199
vt 0.872517 0.992640
vt 0.913599 0.883839
vt 0.831434 0.883839
f 3203/5284/3203 3204/5285/3204 3202/5286/3202
vt 0.954681 0.992640
vt 0.995763 0.883839
vt 0.913599 0.883839
f 3205/5287/3205 3206/5288/3206 3204/5289/3204
vt 0.708188 0.992640
vt 0.749270 0.883839
vt 0.667105 0.883839
f 3198/5290/3198 3207/5291/3207 3208/5292/3208
vt 0.708188 0.992640
vt 0.749270 0.883839
vt 0.667105 0.883839
f 3198/5293/3198 3209/5294/3209 3210/5295/3210
vt 0.790352 0.992640
vt 0.831434 0.883839
vt 0.749270 0.883839
f 3201/5296/3201 3211/5297/3211 3209/5298/3209
vt 0.872516 0.992640
vt 0.913599 0.883839
vt 0.831434 0.883839
f 3212/5299/3212 3213/5300/3213 3211/5301/3211
vt 0.954681 0.992640
vt 0.995763 0.883839
vt 0.913599 0.883839
f 3205/5302/3205 3214/5303/3214 3213/5304/3213
vt 0.708188 0.992640
vt 0.749270 0.883839
vt 0.667105 0.883839
f 3198/5305/3198 3215/5306/3215 3216/5307/3216
vt 0.790352 0.992640
vt 0.831434 0.883839
vt 0.749270 0.883839
f 3201/5308/3201 3217/5309/3217 3215/5310/3215
vt 0.872517 0.992640
vt 0.913599 0.883839
vt 0.831434 0.883839
f 3203/5311/3203 3218/5312/3218 3217/5313/3217
vt 0.954681 0.992640
vt 0.995763 0.883839
vt 0.913599 0.883839
f 3205/5314/3205 3219/5315/3219 3218/5316/3218
vt 0.708187 0.992640
vt 0.749270 0.883839
vt 0.667105 0.883839
f 3220/5317/3220 3221/5318/3221 3222/5319/3222
vt 0.708187 0.992640
vt 0.749270 0.883839
vt 0.667105 0.883839
f 3220/5320/3220 3223/5321/3223 3224/5322/3224
vt 0.790352 0.992640
vt 0.831434 0.883839
vt 0.749270 0.883839
f 3201/5323/3201 3225/5324/3225 3223/5325/3223
vt 0.872516 0.992640
vt 0.913598 0.883839
vt 0.831434 0.883839
f 3212/5326/3212 3226/5327/3226 3225/5328/3225
vt 0.995763 0.883839
vt 0.913598 0.883839
vt 0.954681 0.992640
f 3229/5329/3229 3226/5330/3226 3205/5331/3205
vt 0.954681 0.331575
vt 0.913598 0.440376
vt 0.995763 0.440376
f 3312/5332/3312 3313/5333/3313 3314/5334/3314
vt 0.667105 0.440376
vt 0.749270 0.440376
vt 0.708188 0.331575
f 3315/5335/3315 3316/5336/3316 3317/5337/3317
vt 0.749270 0.440376
vt 0.831434 0.440376
vt 0.790352 0.331575
f 3316/5338/3316 3326/5339/3326 3327/5340/3327
vt 0.831434 0.440376
vt 0.913599 0.440376
vt 0.872517 0.331575
f 3326/5341/3326 3330/5342/3330 3331/5343/3331
vt 0.913599 0.440376
vt 0.995763 0.440376
vt 0.954681 0.331575
f 3330/5344/3330 3334/5345/3334 3312/5346/3312
vt 0.667105 0.440376
vt 0.749270 0.440376
vt 0.708188 0.331575
f 3337/5347/3337 3338/5348/3338 3317/5349/3317
vt 0.667105 0.440376
vt 0.749270 0.440376
vt 0.708188 0.331575
f 3343/5350/3343 3344/5351/3344 3317/5352/3317
vt 0.749270 0.440376
vt 0.831434 0.440376
vt 0.790352 0.331575
f 3344/5353/3344 3349/5354/3349 3327/5355/3327
vt 0.831434 0.440376
vt 0.913599 0.440376
vt 0.872516 0.331575
f 3349/5356/3349 3352/5357/3352 3353/5358/3353
vt 0.913599 0.440376
vt 0.995763 0.440376
vt 0.954681 0.331575
f 3352/5359/3352 3356/5360/3356 3312/5361/3312
vt 0.667105 0.440376
vt 0.749270 0.440376
vt 0.708188 0.331575
f 3359/5362/3359 3360/5363/3360 3317/5364/3317
vt 0.749270 0.440376
vt 0.831434 0.440376
vt 0.790352 0.331575
f 3360/5365/3360 3365/5366/3365 3327/5367/3327
vt 0.831434 0.440376
vt 0.913599 0.440376
vt 0.872517 0.331575
f 3365/5368/3365 3368/5369/3368 3331/5370/3331
vt 0.913599 0.440376
vt 0.995763 0.440376
vt 0.954681 0.331575
f 3368/5371/3368 3371/5372/3371 3312/5373/3312
vt 0.667105 0.440376
vt 0.749270 0.440376
vt 0.708187 0.331575
f 3374/5374/3374 3375/5375/3375 3376/5376/3376
vt 0.667105 0.440376
vt 0.749270 0.440376
vt 0.708187 0.331575
f 3381/5377/3381 3382/5378/3382 3376/5379/3376
vt 0.749270 0.440376
vt 0.831434 0.440376
vt 0.790352 0.331575
f 3382/5380/3382 3387/5381/3387 3327/5382/3327
vt 0.831434 0.440376
vt 0.913598 0.440376
vt 0.872516 0.331575
f 3387/5383/3387 3313/5384/3313 3353/5385/3353
vt 0.464605 0.304169
vt 0.487782 0.304169
vt 0.487782 0.314138
f 3394/5386/3394 3395/5387/3395 3396/5388/3396
vt 0.960974 0.301706
vt 0.993031 0.300790
vt 0.960974 0.311290
f 3409/5389/3409 3410/5390/3410 3411/5391/3411
vt 0.984889 0.030947
vt 0.953319 0.017437
vt 0.953319 0.030988
f 3424/5392/3424 3425/5393/3425 3426/5394/3426
vt 0.722585 0.027155
vt 0.689329 0.027155
vt 0.722585 0.012992
f 3439/5395/3439 3440/5396/3440 3441/5397/3441
vt 0.724580 0.017437
vt 0.692035 0.030988
vt 0.724580 0.030988
f 3446/5398/3446 3447/5399/3447 3448/5400/3448
vt 0.722585 0.294696
vt 0.689329 0.294696
vt 0.689329 0.027155
vt 0.722585 0.027155
f 2593/5401/2593 2594/5402/2594 2595/5403/2595 2596/5404/2596
vt 0.956318 0.308859
vt 0.722585 0.308859
vt 0.722585 0.294696
vt 0.956318 0.294696
f 2600/5405/2600 2601/5406/2601 2602/5407/2602 2603/5408/2603
vt 0.988577 0.027113
vt 0.988577 0.294653
vt 0.956318 0.294696
vt 0.956318 0.027155
f 2607/5409/2607 2608/5410/2608 2609/5411/2609 2610/5412/2610
vt 0.185529 0.314427
vt 0.185529 0.024261
vt 0.496749 0.024261
vt 0.496749 0.314427
f 2614/5413/2614 2615/5414/2615 2616/5415/2616 2617/5416/2617
vt 0.724580 0.030988
vt 0.692035 0.030988
vt 0.692035 0.286956
vt 0.724580 0.286956
f 2618/5417/2618 2619/5418/2619 2620/5419/2620 2621/5420/2621
vt 0.667105 0.883839
vt 0.749270 0.883839
vt 0.749270 0.773980
vt 0.667105 0.773980
f 2624/5421/2624 2623/5422/2623 2651/5423/2651 2652/5424/2652
vt 0.667105 0.773980
vt 0.749270 0.773980
vt 0.749270 0.662107
vt 0.667105 0.662107
f 2652/5425/2652 2651/5426/2651 2654/5427/2654 2655/5428/2655
vt 0.995763 0.773980
vt 0.913598 0.773980
vt 0.913598 0.883839
vt 0.995763 0.883839
f 2656/5429/2656 2657/5430/2657 2650/5431/2650 2653/5432/2653
vt 0.995763 0.662107
vt 0.913598 0.662107
vt 0.913598 0.773980
vt 0.995763 0.773980
f 2658/5433/2658 2659/5434/2659 2657/5435/2657 2656/5436/2656
vt 0.749270 0.883839
vt 0.831434 0.883839
vt 0.831434 0.773980
vt 0.749270 0.773980
f 2623/5437/2623 2626/5438/2626 2660/5439/2660 2651/5440/2651
vt 0.749270 0.773980
vt 0.831434 0.773980
vt 0.831434 0.662107
vt 0.749270 0.662107
f 2651/5441/2651 2660/5442/2660 2661/5443/2661 2654/5444/2654
vt 0.007299 0.338753
vt 0.089775 0.338753
vt 0.089775 0.662107
vt 0.007299 0.662107
f 2662/5445/2662 2663/5446/2663 2664/5447/2664 2665/5448/2665
vt 0.831434 0.883839
vt 0.913599 0.883839
vt 0.913599 0.773980
vt 0.831434 0.773980
f 2626/5449/2626 2628/5450/2628 2666/5451/2666 2660/5452/2660
vt 0.831434 0.773980
vt 0.913599 0.773980
vt 0.913599 0.662107
vt 0.831434 0.662107
f 2660/5453/2660 2666/5454/2666 2667/5455/2667 2661/5456/2661
vt 0.089775 0.338753
vt 0.172250 0.338753
vt 0.172250 0.662107
vt 0.089775 0.662107
f 2663/5457/2663 2668/5458/2668 2669/5459/2669 2664/5460/2664
vt 0.913599 0.883839
vt 0.995763 0.883839
vt 0.995763 0.773980
vt 0.913599 0.773980
f 2628/5461/2628 2630/5462/2630 2670/5463/2670 2666/5464/2666
vt 0.913599 0.773980
vt 0.995763 0.773980
vt 0.995763 0.662107
vt 0.913599 0.662107
f 2666/5465/2666 2670/5466/2670 2671/5467/2671 2667/5468/2667
vt 0.172250 0.338753
vt 0.254726 0.338753
vt 0.254726 0.662107
vt 0.172250 0.662107
f 2668/5469/2668 2672/5470/2672 2673/5471/2673 2669/5472/2669
vt 0.667105 0.883839
vt 0.749270 0.883839
vt 0.749270 0.773980
vt 0.667105 0.773980
f 2632/5473/2632 2631/5474/2631 2674/5475/2674 2675/5476/2675
vt 0.667105 0.773980
vt 0.749270 0.773980
vt 0.749270 0.662107
vt 0.667105 0.662107
f 2675/5477/2675 2674/5478/2674 2676/5479/2676 2677/5480/2677
vt 0.254726 0.338753
vt 0.337202 0.338753
vt 0.337202 0.662107
vt 0.254726 0.662107
f 2672/5481/2672 2678/5482/2678 2679/5483/2679 2673/5484/2673
vt 0.667105 0.883839
vt 0.749270 0.883839
vt 0.749270 0.773980
vt 0.667105 0.773980
f 2634/5485/2634 2633/5486/2633 2680/5487/2680 2681/5488/2681
vt 0.667105 0.773980
vt 0.749270 0.773980
vt 0.749270 0.662107
vt 0.667105 0.662107
f 2681/5489/2681 2680/5490/2680 2682/5491/2682 2683/5492/2683
vt 0.337202 0.338753
vt 0.419678 0.338753
vt 0.419678 0.662107
vt 0.337202 0.662107
f 2678/5493/2678 2684/5494/2684 2685/5495/2685 2679/5496/2679
vt 0.749270 0.883839
vt 0.831434 0.883839
vt 0.831434 0.773980
vt 0.749270 0.773980
f 2633/5497/2633 2635/5498/2635 2686/5499/2686 2680/5500/2680
vt 0.749270 0.773980
vt 0.831434 0.773980
vt 0.831434 0.662107
vt 0.749270 0.662107
f 2680/5501/2680 2686/5502/2686 2687/5503/2687 2682/5504/2682
vt 0.419678 0.338753
vt 0.502154 0.338753
vt 0.502154 0.662107
vt 0.419678 0.662107
f 2684/5505/2684 2688/5506/2688 2689/5507/2689 2685/5508/2685
vt 0.831434 0.883839
vt 0.913599 0.883839
vt 0.913599 0.773980
vt 0.831434 0.773980
f 2635/5509/2635 2637/5510/2637 2690/5511/2690 2686/5512/2686
vt 0.831434 0.773980
vt 0.913599 0.773980
vt 0.913599 0.662107
vt 0.831434 0.662107
f 2686/5513/2686 2690/5514/2690 2691/5515/2691 2687/5516/2687
vt 0.502154 0.338753
vt 0.584629 0.338753
vt 0.584629 0.662107
vt 0.502154 0.662107
f 2688/5517/2688 2692/5518/2692 2693/5519/2693 2689/5520/2689
vt 0.913599 0.883839
vt 0.995763 0.883839
vt 0.995763 0.773980
vt 0.913599 0.773980
f 2637/5521/2637 2638/5522/2638 2694/5523/2694 2690/5524/2690
vt 0.913599 0.773980
vt 0.995763 0.773980
vt 0.995763 0.662107
vt 0.913599 0.662107
f 2690/5525/2690 2694/5526/2694 2695/5527/2695 2691/5528/2691
vt 0.584629 0.338753
vt 0.667105 0.338753
vt 0.667105 0.662107
vt 0.584629 0.662107
f 2692/5529/2692 2696/5530/2696 2697/5531/2697 2693/5532/2693
vt 0.667105 0.883839
vt 0.749270 0.883839
vt 0.749270 0.773980
vt 0.667105 0.773980
f 2640/5533/2640 2639/5534/2639 2698/5535/2698 2699/5536/2699
vt 0.667105 0.773980
vt 0.749270 0.773980
vt 0.749270 0.662107
vt 0.667105 0.662107
f 2699/5537/2699 2698/5538/2698 2700/5539/2700 2701/5540/2701
vt 0.007299 0.662107
vt 0.089775 0.662107
vt 0.089775 0.985462
vt 0.007299 0.985462
f 2702/5541/2702 2703/5542/2703 2704/5543/2704 2705/5544/2705
vt 0.749270 0.883839
vt 0.831434 0.883839
vt 0.831434 0.773980
vt 0.749270 0.773980
f 2639/5545/2639 2641/5546/2641 2706/5547/2706 2698/5548/2698
vt 0.749270 0.773980
vt 0.831434 0.773980
vt 0.831434 0.662107
vt 0.749270 0.662107
f 2698/5549/2698 2706/5550/2706 2707/5551/2707 2700/5552/2700
vt 0.089775 0.662107
vt 0.172250 0.662107
vt 0.172250 0.985462
vt 0.089775 0.985462
f 2703/5553/2703 2708/5554/2708 2709/5555/2709 2704/5556/2704
vt 0.831434 0.883839
vt 0.913599 0.883839
vt 0.913599 0.773980
vt 0.831434 0.773980
f 2641/5557/2641 2642/5558/2642 2710/5559/2710 2706/5560/2706
vt 0.831434 0.773980
vt 0.913599 0.773980
vt 0.913599 0.662107
vt 0.831434 0.662107
f 2706/5561/2706 2710/5562/2710 2711/5563/2711 2707/5564/2707
vt 0.172250 0.662107
vt 0.254726 0.662107
vt 0.254726 0.985462
vt 0.172250 0.985462
f 2708/5565/2708 2712/5566/2712 2713/5567/2713 2709/5568/2709
vt 0.913599 0.883839
vt 0.995763 0.883839
vt 0.995763 0.773980
vt 0.913599 0.773980
f 2642/5569/2642 2643/5570/2643 2714/5571/2714 2710/5572/2710
vt 0.913599 0.773980
vt 0.995763 0.773980
vt 0.995763 0.662107
vt 0.913599 0.662107
f 2710/5573/2710 2714/5574/2714 2715/5575/2715 2711/5576/2711
vt 0.254726 0.662107
vt 0.337202 0.662107
vt 0.337202 0.985462
vt 0.254726 0.985462
f 2712/5577/2712 2716/5578/2716 2717/5579/2717 2713/5580/2713
vt 0.667105 0.883839
vt 0.749270 0.883839
vt 0.749270 0.773980
vt 0.667105 0.773980
f 2646/5581/2646 2645/5582/2645 2718/5583/2718 2719/5584/2719
vt 0.667105 0.773980
vt 0.749270 0.773980
vt 0.749270 0.662107
vt 0.667105 0.662107
f 2719/5585/2719 2718/5586/2718 2720/5587/2720 2721/5588/2721
vt 0.337202 0.662107
vt 0.419678 0.662107
vt 0.419678 0.985462
vt 0.337202 0.985462
f 2716/5589/2716 2722/5590/2722 2723/5591/2723 2717/5592/2717
vt 0.667105 0.883839
vt 0.749270 0.883839
vt 0.749270 0.773980
vt 0.667105 0.773980
f 2648/5593/2648 2647/5594/2647 2724/5595/2724 2725/5596/2725
vt 0.667105 0.773980
vt 0.749270 0.773980
vt 0.749270 0.662107
vt 0.667105 0.662107
f 2725/5597/2725 2724/5598/2724 2726/5599/2726 2727/5600/2727
vt 0.419678 0.662107
vt 0.502154 0.662107
vt 0.502154 0.985462
vt 0.419678 0.985462
f 2722/5601/2722 2728/5602/2728 2729/5603/2729 2723/5604/2723
vt 0.749270 0.883839
vt 0.831434 0.883839
vt 0.831434 0.773980
vt 0.749270 0.773980
f 2647/5605/2647 2649/5606/2649 2730/5607/2730 2724/5608/2724
vt 0.749270 0.773980
vt 0.831434 0.773980
vt 0.831434 0.662107
vt 0.749270 0.662107
f 2724/5609/2724 2730/5610/2730 2731/5611/2731 2726/5612/2726
vt 0.502154 0.662107
vt 0.584630 0.662107
vt 0.584630 0.985462
vt 0.502154 0.985462
f 2728/5613/2728 2732/5614/2732 2733/5615/2733 2729/5616/2729
vt 0.831434 0.883839
vt 0.913598 0.883839
vt 0.913598 0.773980
vt 0.831434 0.773980
f 2649/5617/2649 2650/5618/2650 2657/5619/2657 2730/5620/2730
vt 0.831434 0.773980
vt 0.913598 0.773980
vt 0.913598 0.662107
vt 0.831434 0.662107
f 2730/5621/2730 2657/5622/2657 2659/5623/2659 2731/5624/2731
vt 0.584630 0.662107
vt 0.667105 0.662107
vt 0.667105 0.985462
vt 0.584630 0.985462
f 2732/5625/2732 2734/5626/2734 2735/5627/2735 2733/5628/2733
vt 0.995763 0.440376
vt 0.913598 0.440376
vt 0.913598 0.550234
vt 0.995763 0.550234
f 2738/5629/2738 2737/5630/2737 2742/5631/2742 2743/5632/2743
vt 0.667105 0.550234
vt 0.749270 0.550234
vt 0.749270 0.440376
vt 0.667105 0.440376
f 2744/5633/2744 2745/5634/2745 2740/5635/2740 2739/5636/2739
vt 0.995763 0.550234
vt 0.913598 0.550234
vt 0.913598 0.662107
vt 0.995763 0.662107
f 2743/5637/2743 2742/5638/2742 2746/5639/2746 2747/5640/2747
vt 0.667105 0.662107
vt 0.749270 0.662107
vt 0.749270 0.550234
vt 0.667105 0.550234
f 2748/5641/2748 2749/5642/2749 2745/5643/2745 2744/5644/2744
vt 0.749270 0.550234
vt 0.831434 0.550234
vt 0.831434 0.440376
vt 0.749270 0.440376
f 2745/5645/2745 2752/5646/2752 2750/5647/2750 2740/5648/2740
vt 0.749270 0.662107
vt 0.831434 0.662107
vt 0.831434 0.550234
vt 0.749270 0.550234
f 2749/5649/2749 2753/5650/2753 2752/5651/2752 2745/5652/2745
vt 0.831434 0.550234
vt 0.913599 0.550234
vt 0.913599 0.440376
vt 0.831434 0.440376
f 2752/5653/2752 2756/5654/2756 2754/5655/2754 2750/5656/2750
vt 0.831434 0.662107
vt 0.913599 0.662107
vt 0.913599 0.550234
vt 0.831434 0.550234
f 2753/5657/2753 2757/5658/2757 2756/5659/2756 2752/5660/2752
vt 0.913599 0.550234
vt 0.995763 0.550234
vt 0.995763 0.440376
vt 0.913599 0.440376
f 2756/5661/2756 2759/5662/2759 2758/5663/2758 2754/5664/2754
vt 0.913599 0.662107
vt 0.995763 0.662107
vt 0.995763 0.550234
vt 0.913599 0.550234
f 2757/5665/2757 2760/5666/2760 2759/5667/2759 2756/5668/2756
vt 0.667105 0.550234
vt 0.749270 0.550234
vt 0.749270 0.440376
vt 0.667105 0.440376
f 2763/5669/2763 2764/5670/2764 2762/5671/2762 2761/5672/2761
vt 0.667105 0.662107
vt 0.749270 0.662107
vt 0.749270 0.550234
vt 0.667105 0.550234
f 2765/5673/2765 2766/5674/2766 2764/5675/2764 2763/5676/2763
vt 0.667105 0.550234
vt 0.749270 0.550234
vt 0.749270 0.440376
vt 0.667105 0.440376
f 2769/5677/2769 2770/5678/2770 2768/5679/2768 2767/5680/2767
vt 0.667105 0.662107
vt 0.749270 0.662107
vt 0.749270 0.550234
vt 0.667105 0.550234
f 2771/5681/2771 2772/5682/2772 2770/5683/2770 2769/5684/2769
vt 0.749270 0.550234
vt 0.831434 0.550234
vt 0.831434 0.440376
vt 0.749270 0.440376
f 2770/5685/2770 2774/5686/2774 2773/5687/2773 2768/5688/2768
vt 0.749270 0.662107
vt 0.831434 0.662107
vt 0.831434 0.550234
vt 0.749270 0.550234
f 2772/5689/2772 2775/5690/2775 2774/5691/2774 2770/5692/2770
vt 0.831434 0.550234
vt 0.913599 0.550234
vt 0.913599 0.440376
vt 0.831434 0.440376
f 2774/5693/2774 2778/5694/2778 2776/5695/2776 2773/5696/2773
vt 0.831434 0.662107
vt 0.913599 0.662107
vt 0.913599 0.550234
vt 0.831434 0.550234
f 2775/5697/2775 2779/5698/2779 2778/5699/2778 2774/5700/2774
vt 0.913599 0.550234
vt 0.995763 0.550234
vt 0.995763 0.440376
vt 0.913599 0.440376
f 2778/5701/2778 2781/5702/2781 2780/5703/2780 2776/5704/2776
vt 0.913599 0.662107
vt 0.995763 0.662107
vt 0.995763 0.550234
vt 0.913599 0.550234
f 2779/5705/2779 2782/5706/2782 2781/5707/2781 2778/5708/2778
vt 0.667105 0.550234
vt 0.749270 0.550234
vt 0.749270 0.440376
vt 0.667105 0.440376
f 2785/5709/2785 2786/5710/2786 2784/5711/2784 2783/5712/2783
vt 0.667105 0.662107
vt 0.749270 0.662107
vt 0.749270 0.550234
vt 0.667105 0.550234
f 2787/5713/2787 2788/5714/2788 2786/5715/2786 2785/5716/2785
vt 0.749270 0.550234
vt 0.831434 0.550234
vt 0.831434 0.440376
vt 0.749270 0.440376
f 2786/5717/2786 2790/5718/2790 2789/5719/2789 2784/5720/2784
vt 0.749270 0.662107
vt 0.831434 0.662107
vt 0.831434 0.550234
vt 0.749270 0.550234
f 2788/5721/2788 2791/5722/2791 2790/5723/2790 2786/5724/2786
vt 0.831434 0.550234
vt 0.913599 0.550234
vt 0.913599 0.440376
vt 0.831434 0.440376
f 2790/5725/2790 2793/5726/2793 2792/5727/2792 2789/5728/2789
vt 0.831434 0.662107
vt 0.913599 0.662107
vt 0.913599 0.550234
vt 0.831434 0.550234
f 2791/5729/2791 2794/5730/2794 2793/5731/2793 2790/5732/2790
vt 0.913599 0.550234
vt 0.995763 0.550234
vt 0.995763 0.440376
vt 0.913599 0.440376
f 2793/5733/2793 2796/5734/2796 2795/5735/2795 2792/5736/2792
vt 0.913599 0.662107
vt 0.995763 0.662107
vt 0.995763 0.550234
vt 0.913599 0.550234
f 2794/5737/2794 2797/5738/2797 2796/5739/2796 2793/5740/2793
vt 0.667105 0.550234
vt 0.749270 0.550234
vt 0.749270 0.440376
vt 0.667105 0.440376
f 2801/5741/2801 2802/5742/2802 2799/5743/2799 2798/5744/2798
vt 0.667105 0.662107
vt 0.749270 0.662107
vt 0.749270 0.550234
vt 0.667105 0.550234
f 2803/5745/2803 2804/5746/2804 2802/5747/2802 2801/5748/2801
vt 0.667105 0.550234
vt 0.749270 0.550234
vt 0.749270 0.440376
vt 0.667105 0.440376
f 2807/5749/2807 2808/5750/2808 2806/5751/2806 2805/5752/2805
vt 0.667105 0.662107
vt 0.749270 0.662107
vt 0.749270 0.550234
vt 0.667105 0.550234
f 2809/5753/2809 2810/5754/2810 2808/5755/2808 2807/5756/2807
vt 0.749270 0.550234
vt 0.831434 0.550234
vt 0.831434 0.440376
vt 0.749270 0.440376
f 2808/5757/2808 2812/5758/2812 2811/5759/2811 2806/5760/2806
vt 0.749270 0.662107
vt 0.831434 0.662107
vt 0.831434 0.550234
vt 0.749270 0.550234
f 2810/5761/2810 2813/5762/2813 2812/5763/2812 2808/5764/2808
vt 0.831434 0.550234
vt 0.913598 0.550234
vt 0.913598 0.440376
vt 0.831434 0.440376
f 2812/5765/2812 2742/5766/2742 2737/5767/2737 2811/5768/2811
vt 0.831434 0.662107
vt 0.913598 0.662107
vt 0.913598 0.550234
vt 0.831434 0.550234
f 2813/5769/2813 2746/5770/2746 2742/5771/2742 2812/5772/2812
vt 0.522048 0.321874
vt 0.522048 0.016450
vt 0.538158 0.016450
vt 0.538158 0.321874
f 2814/5773/2814 2815/5774/2815 2816/5775/2816 2817/5776/2817
vt 0.538158 0.321874
vt 0.538158 0.016450
vt 0.651381 0.016450
vt 0.651381 0.321874
f 2821/5777/2821 2822/5778/2822 2823/5779/2823 2824/5780/2824
vt 0.728710 0.311290
vt 0.728710 0.301706
vt 0.960974 0.301706
vt 0.960974 0.311290
f 2825/5781/2825 2826/5782/2826 2827/5783/2827 2828/5784/2828
vt 0.651381 0.321874
vt 0.651381 0.016450
vt 0.667008 0.015428
vt 0.667008 0.320853
f 2829/5785/2829 2830/5786/2830 2831/5787/2831 2832/5788/2832
vt 0.185529 0.314427
vt 0.185529 0.024261
vt 0.496749 0.024261
vt 0.496749 0.314427
f 2836/5789/2836 2837/5790/2837 2838/5791/2838 2839/5792/2839
vt 0.953319 0.286956
vt 0.984889 0.286915
vt 0.984889 0.030947
vt 0.953319 0.030988
f 2840/5793/2840 2841/5794/2841 2842/5795/2842 2843/5796/2843
vt 0.497123 0.312804
vt 0.497123 0.016382
vt 0.464129 0.017374
vt 0.464129 0.313796
f 2844/5797/2844 2845/5798/2845 2846/5799/2846 2847/5800/2847
vt 0.956318 0.012992
vt 0.956318 0.027155
vt 0.722585 0.027155
vt 0.722585 0.012992
f 2851/5801/2851 2852/5802/2852 2853/5803/2853 2854/5804/2854
vt 0.464129 0.313796
vt 0.464129 0.017374
vt 0.225073 0.017374
vt 0.225073 0.313796
f 2855/5805/2855 2856/5806/2856 2857/5807/2857 2858/5808/2858
vt 0.953319 0.017437
vt 0.724580 0.017437
vt 0.724580 0.030988
vt 0.953319 0.030988
f 2859/5809/2859 2860/5810/2860 2861/5811/2861 2862/5812/2862
vt 0.225073 0.017374
vt 0.191059 0.017374
vt 0.191059 0.313796
vt 0.225073 0.313796
f 2866/5813/2866 2867/5814/2867 2868/5815/2868 2869/5816/2869
vt 0.724580 0.030988
vt 0.724580 0.286956
vt 0.953319 0.286956
vt 0.953319 0.030988
f 2873/5817/2873 2874/5818/2874 2875/5819/2875 2876/5820/2876
vt 0.722585 0.027155
vt 0.956318 0.027155
vt 0.956318 0.294696
vt 0.722585 0.294696
f 2877/5821/2877 2878/5822/2878 2879/5823/2879 2880/5824/2880
vt 0.722585 0.294696
vt 0.689329 0.294696
vt 0.689329 0.027155
vt 0.722585 0.027155
f 2881/5825/2881 2882/5826/2882 2883/5827/2883 2884/5828/2884
vt 0.956318 0.308859
vt 0.722585 0.308859
vt 0.722585 0.294696
vt 0.956318 0.294696
f 2888/5829/2888 2889/5830/2889 2890/5831/2890 2891/5832/2891
vt 0.988577 0.027113
vt 0.988577 0.294653
vt 0.956318 0.294696
vt 0.956318 0.027155
f 2895/5833/2895 2896/5834/2896 2897/5835/2897 2898/5836/2898
vt 0.185529 0.314427
vt 0.185529 0.024261
vt 0.496749 0.024261
vt 0.496749 0.314427
f 2902/5837/2902 2903/5838/2903 2904/5839/2904 2905/5840/2905
vt 0.724580 0.030988
vt 0.692035 0.030988
vt 0.692035 0.286956
vt 0.724580 0.286956
f 2906/5841/2906 2907/5842/2907 2908/5843/2908 2909/5844/2909
vt 0.667105 0.883839
vt 0.749270 0.883839
vt 0.749270 0.773980
vt 0.667105 0.773980
f 2912/5845/2912 2911/5846/2911 2939/5847/2939 2940/5848/2940
vt 0.667105 0.773980
vt 0.749270 0.773980
vt 0.749270 0.662107
vt 0.667105 0.662107
f 2940/5849/2940 2939/5850/2939 2942/5851/2942 2943/5852/2943
vt 0.995763 0.773980
vt 0.913598 0.773980
vt 0.913598 0.883839
vt 0.995763 0.883839
f 2944/5853/2944 2945/5854/2945 2938/5855/2938 2941/5856/2941
vt 0.995763 0.662107
vt 0.913598 0.662107
vt 0.913598 0.773980
vt 0.995763 0.773980
f 2946/5857/2946 2947/5858/2947 2945/5859/2945 2944/5860/2944
vt 0.749270 0.883839
vt 0.831434 0.883839
vt 0.831434 0.773980
vt 0.749270 0.773980
f 2911/5861/2911 2914/5862/2914 2948/5863/2948 2939/5864/2939
vt 0.749270 0.773980
vt 0.831434 0.773980
vt 0.831434 0.662107
vt 0.749270 0.662107
f 2939/5865/2939 2948/5866/2948 2949/5867/2949 2942/5868/2942
vt 0.007299 0.338753
vt 0.089775 0.338753
vt 0.089775 0.662107
vt 0.007299 0.662107
f 2950/5869/2950 2951/5870/2951 2952/5871/2952 2953/5872/2953
vt 0.831434 0.883839
vt 0.913599 0.883839
vt 0.913599 0.773980
vt 0.831434 0.773980
f 2914/5873/2914 2916/5874/2916 2954/5875/2954 2948/5876/2948
vt 0.831434 0.773980
vt 0.913599 0.773980
vt 0.913599 0.662107
vt 0.831434 0.662107
f 2948/5877/2948 2954/5878/2954 2955/5879/2955 2949/5880/2949
vt 0.089775 0.338753
vt 0.172250 0.338753
vt 0.172250 0.662107
vt 0.089775 0.662107
f 2951/5881/2951 2956/5882/2956 2957/5883/2957 2952/5884/2952
vt 0.913599 0.883839
vt 0.995763 0.883839
vt 0.995763 0.773980
vt 0.913599 0.773980
f 2916/5885/2916 2918/5886/2918 2958/5887/2958 2954/5888/2954
vt 0.913599 0.773980
vt 0.995763 0.773980
vt 0.995763 0.662107
vt 0.913599 0.662107
f 2954/5889/2954 2958/5890/2958 2959/5891/2959 2955/5892/2955
vt 0.172250 0.338753
vt 0.254726 0.338753
vt 0.254726 0.662107
vt 0.172250 0.662107
f 2956/5893/2956 2960/5894/2960 2961/5895/2961 2957/5896/2957
vt 0.667105 0.883839
vt 0.749270 0.883839
vt 0.749270 0.773980
vt 0.667105 0.773980
f 2920/5897/2920 2919/5898/2919 2962/5899/2962 2963/5900/2963
vt 0.667105 0.773980
vt 0.749270 0.773980
vt 0.749270 0.662107
vt 0.667105 0.662107
f 2963/5901/2963 2962/5902/2962 2964/5903/2964 2965/5904/2965
vt 0.254726 0.338753
vt 0.337202 0.338753
vt 0.337202 0.662107
vt 0.254726 0.662107
f 2960/5905/2960 2966/5906/2966 2967/5907/2967 2961/5908/2961
vt 0.667105 0.883839
vt 0.749270 0.883839
vt 0.749270 0.773980
vt 0.667105 0.773980
f 2922/5909/2922 2921/5910/2921 2968/5911/2968 2969/5912/2969
vt 0.667105 0.773980
vt 0.749270 0.773980
vt 0.749270 0.662107
vt 0.667105 0.662107
f 2969/5913/2969 2968/5914/2968 2970/5915/2970 2971/5916/2971
vt 0.337202 0.338753
vt 0.419678 0.338753
vt 0.419678 0.662107
vt 0.337202 0.662107
f 2966/5917/2966 2972/5918/2972 2973/5919/2973 2967/5920/2967
vt 0.749270 0.883839
vt 0.831434 0.883839
vt 0.831434 0.773980
vt 0.749270 0.773980
f 2921/5921/2921 2923/5922/2923 2974/5923/2974 2968/5924/2968
vt 0.749270 0.773980
vt 0.831434 0.773980
vt 0.831434 0.662107
vt 0.749270 0.662107
f 2968/5925/2968 2974/5926/2974 2975/5927/2975 2970/5928/2970
vt 0.419678 0.338753
vt 0.502154 0.338753
vt 0.502154 0.662107
vt 0.419678 0.662107
f 2972/5929/2972 2976/5930/2976 2977/5931/2977 2973/5932/2973
vt 0.831434 0.883839
vt 0.913599 0.883839
vt 0.913599 0.773980
vt 0.831434 0.773980
f 2923/5933/2923 2925/5934/2925 2978/5935/2978 2974/5936/2974
vt 0.831434 0.773980
vt 0.913599 0.773980
vt 0.913599 0.662107
vt 0.831434 0.662107
f 2974/5937/2974 2978/5938/2978 2979/5939/2979 2975/5940/2975
vt 0.502154 0.338753
vt 0.584629 0.338753
vt 0.584629 0.662107
vt 0.502154 0.662107
f 2976/5941/2976 2980/5942/2980 2981/5943/2981 2977/5944/2977
vt 0.913599 0.883839
vt 0.995763 0.883839
vt 0.995763 0.773980
vt 0.913599 0.773980
f 2925/5945/2925 2926/5946/2926 2982/5947/2982 2978/5948/2978
vt 0.913599 0.773980
vt 0.995763 0.773980
vt 0.995763 0.662107
vt 0.913599 0.662107
f 2978/5949/2978 2982/5950/2982 2983/5951/2983 2979/5952/2979
vt 0.584629 0.338753
vt 0.667105 0.338753
vt 0.667105 0.662107
vt 0.584629 0.662107
f 2980/5953/2980 2984/5954/2984 2985/5955/2985 2981/5956/2981
vt 0.667105 0.883839
vt 0.749270 0.883839
vt 0.749270 0.773980
vt 0.667105 0.773980
f 2928/5957/2928 2927/5958/2927 2986/5959/2986 2987/5960/2987
vt 0.667105 0.773980
vt 0.749270 0.773980
vt 0.749270 0.662107
vt 0.667105 0.662107
f 2987/5961/2987 2986/5962/2986 2988/5963/2988 2989/5964/2989
vt 0.007299 0.662107
vt 0.089775 0.662107
vt 0.089775 0.985462
vt 0.007299 0.985462
f 2990/5965/2990 2991/5966/2991 2992/5967/2992 2993/5968/2993
vt 0.749270 0.883839
vt 0.831434 0.883839
vt 0.831434 0.773980
vt 0.749270 0.773980
f 2927/5969/2927 2929/5970/2929 2994/5971/2994 2986/5972/2986
vt 0.749270 0.773980
vt 0.831434 0.773980
vt 0.831434 0.662107
vt 0.749270 0.662107
f 2986/5973/2986 2994/5974/2994 2995/5975/2995 2988/5976/2988
vt 0.089775 0.662107
vt 0.172250 0.662107
vt 0.172250 0.985462
vt 0.089775 0.985462
f 2991/5977/2991 2996/5978/2996 2997/5979/2997 2992/5980/2992
vt 0.831434 0.883839
vt 0.913599 0.883839
vt 0.913599 0.773980
vt 0.831434 0.773980
f 2929/5981/2929 2930/5982/2930 2998/5983/2998 2994/5984/2994
vt 0.831434 0.773980
vt 0.913599 0.773980
vt 0.913599 0.662107
vt 0.831434 0.662107
f 2994/5985/2994 2998/5986/2998 2999/5987/2999 2995/5988/2995
vt 0.172250 0.662107
vt 0.254726 0.662107
vt 0.254726 0.985462
vt 0.172250 0.985462
f 2996/5989/2996 3000/5990/3000 3001/5991/3001 2997/5992/2997
vt 0.913599 0.883839
vt 0.995763 0.883839
vt 0.995763 0.773980
vt 0.913599 0.773980
f 2930/5993/2930 2931/5994/2931 3002/5995/3002 2998/5996/2998
vt 0.913599 0.773980
vt 0.995763 0.773980
vt 0.995763 0.662107
vt 0.913599 0.662107
f 2998/5997/2998 3002/5998/3002 3003/5999/3003 2999/6000/2999
vt 0.254726 0.662107
vt 0.337202 0.662107
vt 0.337202 0.985462
vt 0.254726 0.985462
f 3000/6001/3000 3004/6002/3004 3005/6003/3005 3001/6004/3001
vt 0.667105 0.883839
vt 0.749270 0.883839
vt 0.749270 0.773980
vt 0.667105 0.773980
f 2934/6005/2934 2933/6006/2933 3006/6007/3006 3007/6008/3007
vt 0.667105 0.773980
vt 0.749270 0.773980
vt 0.749270 0.662107
vt 0.667105 0.662107
f 3007/6009/3007 3006/6010/3006 3008/6011/3008 3009/6012/3009
vt 0.337202 0.662107
vt 0.419678 0.662107
vt 0.419678 0.985462
vt 0.337202 0.985462
f 3004/6013/3004 3010/6014/3010 3011/6015/3011 3005/6016/3005
vt 0.667105 0.883839
vt 0.749270 0.883839
vt 0.749270 0.773980
vt 0.667105 0.773980
f 2936/6017/2936 2935/6018/2935 3012/6019/3012 3013/6020/3013
vt 0.667105 0.773980
vt 0.749270 0.773980
vt 0.749270 0.662107
vt 0.667105 0.662107
f 3013/6021/3013 3012/6022/3012 3014/6023/3014 3015/6024/3015
vt 0.419678 0.662107
vt 0.502154 0.662107
vt 0.502154 0.985462
vt 0.419678 0.985462
f 3010/6025/3010 3016/6026/3016 3017/6027/3017 3011/6028/3011
vt 0.749270 0.883839
vt 0.831434 0.883839
vt 0.831434 0.773980
vt 0.749270 0.773980
f 2935/6029/2935 2937/6030/2937 3018/6031/3018 3012/6032/3012
vt 0.749270 0.773980
vt 0.831434 0.773980
vt 0.831434 0.662107
vt 0.749270 0.662107
f 3012/6033/3012 3018/6034/3018 3019/6035/3019 3014/6036/3014
vt 0.502154 0.662107
vt 0.584630 0.662107
vt 0.584630 0.985462
vt 0.502154 0.985462
f 3016/6037/3016 3020/6038/3020 3021/6039/3021 3017/6040/3017
vt 0.831434 0.883839
vt 0.913598 0.883839
vt 0.913598 0.773980
vt 0.831434 0.773980
f 2937/6041/2937 2938/6042/2938 2945/6043/2945 3018/6044/3018
vt 0.831434 0.773980
vt 0.913598 0.773980
vt 0.913598 0.662107
vt 0.831434 0.662107
f 3018/6045/3018 2945/6046/2945 2947/6047/2947 3019/6048/3019
vt 0.584630 0.662107
vt 0.667105 0.662107
vt 0.667105 0.985462
vt 0.584630 0.985462
f 3020/6049/3020 3022/6050/3022 3023/6051/3023 3021/6052/3021
vt 0.995763 0.440376
vt 0.913598 0.440376
vt 0.913598 0.550234
vt 0.995763 0.550234
f 3026/6053/3026 3025/6054/3025 3030/6055/3030 3031/6056/3031
vt 0.667105 0.550234
vt 0.749270 0.550234
vt 0.749270 0.440376
vt 0.667105 0.440376
f 3032/6057/3032 3033/6058/3033 3028/6059/3028 3027/6060/3027
vt 0.995763 0.550234
vt 0.913598 0.550234
vt 0.913598 0.662107
vt 0.995763 0.662107
f 3031/6061/3031 3030/6062/3030 3034/6063/3034 3035/6064/3035
vt 0.667105 0.662107
vt 0.749270 0.662107
vt 0.749270 0.550234
vt 0.667105 0.550234
f 3036/6065/3036 3037/6066/3037 3033/6067/3033 3032/6068/3032
vt 0.749270 0.550234
vt 0.831434 0.550234
vt 0.831434 0.440376
vt 0.749270 0.440376
f 3033/6069/3033 3040/6070/3040 3038/6071/3038 3028/6072/3028
vt 0.749270 0.662107
vt 0.831434 0.662107
vt 0.831434 0.550234
vt 0.749270 0.550234
f 3037/6073/3037 3041/6074/3041 3040/6075/3040 3033/6076/3033
vt 0.831434 0.550234
vt 0.913599 0.550234
vt 0.913599 0.440376
vt 0.831434 0.440376
f 3040/6077/3040 3044/6078/3044 3042/6079/3042 3038/6080/3038
vt 0.831434 0.662107
vt 0.913599 0.662107
vt 0.913599 0.550234
vt 0.831434 0.550234
f 3041/6081/3041 3045/6082/3045 3044/6083/3044 3040/6084/3040
vt 0.913599 0.550234
vt 0.995763 0.550234
vt 0.995763 0.440376
vt 0.913599 0.440376
f 3044/6085/3044 3047/6086/3047 3046/6087/3046 3042/6088/3042
vt 0.913599 0.662107
vt 0.995763 0.662107
vt 0.995763 0.550234
vt 0.913599 0.550234
f 3045/6089/3045 3048/6090/3048 3047/6091/3047 3044/6092/3044
vt 0.667105 0.550234
vt 0.749270 0.550234
vt 0.749270 0.440376
vt 0.667105 0.440376
f 3051/6093/3051 3052/6094/3052 3050/6095/3050 3049/6096/3049
vt 0.667105 0.662107
vt 0.749270 0.662107
vt 0.749270 0.550234
vt 0.667105 0.550234
f 3053/6097/3053 3054/6098/3054 3052/6099/3052 3051/6100/3051
vt 0.667105 0.550234
vt 0.749270 0.550234
vt 0.749270 0.440376
vt 0.667105 0.440376
f 3057/6101/3057 3058/6102/3058 3056/6103/3056 3055/6104/3055
vt 0.667105 0.662107
vt 0.749270 0.662107
vt 0.749270 0.550234
vt 0.667105 0.550234
f 3059/6105/3059 3060/6106/3060 3058/6107/3058 3057/6108/3057
vt 0.749270 0.550234
vt 0.831434 0.550234
vt 0.831434 0.440376
vt 0.749270 0.440376
f 3058/6109/3058 3062/6110/3062 3061/6111/3061 3056/6112/3056
vt 0.749270 0.662107
vt 0.831434 0.662107
vt 0.831434 0.550234
vt 0.749270 0.550234
f 3060/6113/3060 3063/6114/3063 3062/6115/3062 3058/6116/3058
vt 0.831434 0.550234
vt 0.913599 0.550234
vt 0.913599 0.440376
vt 0.831434 0.440376
f 3062/6117/3062 3066/6118/3066 3064/6119/3064 3061/6120/3061
vt 0.831434 0.662107
vt 0.913599 0.662107
vt 0.913599 0.550234
vt 0.831434 0.550234
f 3063/6121/3063 3067/6122/3067 3066/6123/3066 3062/6124/3062
vt 0.913599 0.550234
vt 0.995763 0.550234
vt 0.995763 0.440376
vt 0.913599 0.440376
f 3066/6125/3066 3069/6126/3069 3068/6127/3068 3064/6128/3064
vt 0.913599 0.662107
vt 0.995763 0.662107
vt 0.995763 0.550234
vt 0.913599 0.550234
f 3067/6129/3067 3070/6130/3070 3069/6131/3069 3066/6132/3066
vt 0.667105 0.550234
vt 0.749270 0.550234
vt 0.749270 0.440376
vt 0.667105 0.440376
f 3073/6133/3073 3074/6134/3074 3072/6135/3072 3071/6136/3071
vt 0.667105 0.662107
vt 0.749270 0.662107
vt 0.749270 0.550234
vt 0.667105 0.550234
f 3075/6137/3075 3076/6138/3076 3074/6139/3074 3073/6140/3073
vt 0.749270 0.550234
vt 0.831434 0.550234
vt 0.831434 0.440376
vt 0.749270 0.440376
f 3074/6141/3074 3078/6142/3078 3077/6143/3077 3072/6144/3072
vt 0.749270 0.662107
vt 0.831434 0.662107
vt 0.831434 0.550234
vt 0.749270 0.550234
f 3076/6145/3076 3079/6146/3079 3078/6147/3078 3074/6148/3074
vt 0.831434 0.550234
vt 0.913599 0.550234
vt 0.913599 0.440376
vt 0.831434 0.440376
f 3078/6149/3078 3081/6150/3081 3080/6151/3080 3077/6152/3077
vt 0.831434 0.662107
vt 0.913599 0.662107
vt 0.913599 0.550234
vt 0.831434 0.550234
f 3079/6153/3079 3082/6154/3082 3081/6155/3081 3078/6156/3078
vt 0.913599 0.550234
vt 0.995763 0.550234
vt 0.995763 0.440376
vt 0.913599 0.440376
f 3081/6157/3081 3084/6158/3084 3083/6159/3083 3080/6160/3080
vt 0.913599 0.662107
vt 0.995763 0.662107
vt 0.995763 0.550234
vt 0.913599 0.550234
f 3082/6161/3082 3085/6162/3085 3084/6163/3084 3081/6164/3081
vt 0.667105 0.550234
vt 0.749270 0.550234
vt 0.749270 0.440376
vt 0.667105 0.440376
f 3089/6165/3089 3090/6166/3090 3087/6167/3087 3086/6168/3086
vt 0.667105 0.662107
vt 0.749270 0.662107
vt 0.749270 0.550234
vt 0.667105 0.550234
f 3091/6169/3091 3092/6170/3092 3090/6171/3090 3089/6172/3089
vt 0.667105 0.550234
vt 0.749270 0.550234
vt 0.749270 0.440376
vt 0.667105 0.440376
f 3095/6173/3095 3096/6174/3096 3094/6175/3094 3093/6176/3093
vt 0.667105 0.662107
vt 0.749270 0.662107
vt 0.749270 0.550234
vt 0.667105 0.550234
f 3097/6177/3097 3098/6178/3098 3096/6179/3096 3095/6180/3095
vt 0.749270 0.550234
vt 0.831434 0.550234
vt 0.831434 0.440376
vt 0.749270 0.440376
f 3096/6181/3096 3100/6182/3100 3099/6183/3099 3094/6184/3094
vt 0.749270 0.662107
vt 0.831434 0.662107
vt 0.831434 0.550234
vt 0.749270 0.550234
f 3098/6185/3098 3101/6186/3101 3100/6187/3100 3096/6188/3096
vt 0.831434 0.550234
vt 0.913598 0.550234
vt 0.913598 0.440376
vt 0.831434 0.440376
f 3100/6189/3100 3030/6190/3030 3025/6191/3025 3099/6192/3099
vt 0.831434 0.662107
vt 0.913598 0.662107
vt 0.913598 0.550234
vt 0.831434 0.550234
f 3101/6193/3101 3034/6194/3034 3030/6195/3030 3100/6196/3100
vt 0.522048 0.321874
vt 0.522048 0.016450
vt 0.538158 0.016450
vt 0.538158 0.321874
f 3102/6197/3102 3103/6198/3103 3104/6199/3104 3105/6200/3105
vt 0.538158 0.321874
vt 0.538158 0.016450
vt 0.651381 0.016450
vt 0.651381 0.321874
f 3109/6201/3109 3110/6202/3110 3111/6203/3111 3112/6204/3112
vt 0.728710 0.311290
vt 0.728710 0.301706
vt 0.960974 0.301706
vt 0.960974 0.311290
f 3113/6205/3113 3114/6206/3114 3115/6207/3115 3116/6208/3116
vt 0.651381 0.321874
vt 0.651381 0.016450
vt 0.667008 0.015428
vt 0.667008 0.320853
f 3117/6209/3117 3118/6210/3118 3119/6211/3119 3120/6212/3120
vt 0.185529 0.314427
vt 0.185529 0.024261
vt 0.496749 0.024261
vt 0.496749 0.314427
f 3124/6213/3124 3125/6214/3125 3126/6215/3126 3127/6216/3127
vt 0.953319 0.286956
vt 0.984889 0.286915
vt 0.984889 0.030947
vt 0.953319 0.030988
f 3128/6217/3128 3129/6218/3129 3130/6219/3130 3131/6220/3131
vt 0.497123 0.312804
vt 0.497123 0.016382
vt 0.464129 0.017374
vt 0.464129 0.313796
f 3132/6221/3132 3133/6222/3133 3134/6223/3134 3135/6224/3135
vt 0.956318 0.012992
vt 0.956318 0.027155
vt 0.722585 0.027155
vt 0.722585 0.012992
f 3139/6225/3139 3140/6226/3140 3141/6227/3141 3142/6228/3142
vt 0.464129 0.313796
vt 0.464129 0.017374
vt 0.225073 0.017374
vt 0.225073 0.313796
f 3143/6229/3143 3144/6230/3144 3145/6231/3145 3146/6232/3146
vt 0.953319 0.017437
vt 0.724580 0.017437
vt 0.724580 0.030988
vt 0.953319 0.030988
f 3147/6233/3147 3148/6234/3148 3149/6235/3149 3150/6236/3150
vt 0.225073 0.017374
vt 0.191059 0.017374
vt 0.191059 0.313796
vt 0.225073 0.313796
f 3154/6237/3154 3155/6238/3155 3156/6239/3156 3157/6240/3157
vt 0.724580 0.030988
vt 0.724580 0.286956
vt 0.953319 0.286956
vt 0.953319 0.030988
f 3161/6241/3161 3162/6242/3162 3163/6243/3163 3164/6244/3164
vt 0.722585 0.027155
vt 0.956318 0.027155
vt 0.956318 0.294696
vt 0.722585 0.294696
f 3165/6245/3165 3166/6246/3166 3167/6247/3167 3168/6248/3168
vt 0.722585 0.294696
vt 0.689329 0.294696
vt 0.689329 0.027155
vt 0.722585 0.027155
f 3169/6249/3169 3170/6250/3170 3171/6251/3171 3172/6252/3172
vt 0.956318 0.308859
vt 0.722585 0.308859
vt 0.722585 0.294696
vt 0.956318 0.294696
f 3176/6253/3176 3177/6254/3177 3178/6255/3178 3179/6256/3179
vt 0.988577 0.027113
vt 0.988577 0.294653
vt 0.956318 0.294696
vt 0.956318 0.027155
f 3183/6257/3183 3184/6258/3184 3185/6259/3185 3186/6260/3186
vt 0.185529 0.314427
vt 0.185529 0.024261
vt 0.496749 0.024261
vt 0.496749 0.314427
f 3190/6261/3190 3191/6262/3191 3192/6263/3192 3193/6264/3193
vt 0.724580 0.030988
vt 0.692035 0.030988
vt 0.692035 0.286956
vt 0.724580 0.286956
f 3194/6265/3194 3195/6266/3195 3196/6267/3196 3197/6268/3197
vt 0.667105 0.883839
vt 0.749270 0.883839
vt 0.749270 0.773980
vt 0.667105 0.773980
f 3200/6269/3200 3199/6270/3199 3227/6271/3227 3228/6272/3228
vt 0.667105 0.773980
vt 0.749270 0.773980
vt 0.749270 0.662107
vt 0.667105 0.662107
f 3228/6273/3228 3227/6274/3227 3230/6275/3230 3231/6276/3231
vt 0.995763 0.773980
vt 0.913598 0.773980
vt 0.913598 0.883839
vt 0.995763 0.883839
f 3232/6277/3232 3233/6278/3233 3226/6279/3226 3229/6280/3229
vt 0.995763 0.662107
vt 0.913598 0.662107
vt 0.913598 0.773980
vt 0.995763 0.773980
f 3234/6281/3234 3235/6282/3235 3233/6283/3233 3232/6284/3232
vt 0.749270 0.883839
vt 0.831434 0.883839
vt 0.831434 0.773980
vt 0.749270 0.773980
f 3199/6285/3199 3202/6286/3202 3236/6287/3236 3227/6288/3227
vt 0.749270 0.773980
vt 0.831434 0.773980
vt 0.831434 0.662107
vt 0.749270 0.662107
f 3227/6289/3227 3236/6290/3236 3237/6291/3237 3230/6292/3230
vt 0.007299 0.338753
vt 0.089775 0.338753
vt 0.089775 0.662107
vt 0.007299 0.662107
f 3238/6293/3238 3239/6294/3239 3240/6295/3240 3241/6296/3241
vt 0.831434 0.883839
vt 0.913599 0.883839
vt 0.913599 0.773980
vt 0.831434 0.773980
f 3202/6297/3202 3204/6298/3204 3242/6299/3242 3236/6300/3236
vt 0.831434 0.773980
vt 0.913599 0.773980
vt 0.913599 0.662107
vt 0.831434 0.662107
f 3236/6301/3236 3242/6302/3242 3243/6303/3243 3237/6304/3237
vt 0.089775 0.338753
vt 0.172250 0.338753
vt 0.172250 0.662107
vt 0.089775 0.662107
f 3239/6305/3239 3244/6306/3244 3245/6307/3245 3240/6308/3240
vt 0.913599 0.883839
vt 0.995763 0.883839
vt 0.995763 0.773980
vt 0.913599 0.773980
f 3204/6309/3204 3206/6310/3206 3246/6311/3246 3242/6312/3242
vt 0.913599 0.773980
vt 0.995763 0.773980
vt 0.995763 0.662107
vt 0.913599 0.662107
f 3242/6313/3242 3246/6314/3246 3247/6315/3247 3243/6316/3243
vt 0.172250 0.338753
vt 0.254726 0.338753
vt 0.254726 0.662107
vt 0.172250 0.662107
f 3244/6317/3244 3248/6318/3248 3249/6319/3249 3245/6320/3245
vt 0.667105 0.883839
vt 0.749270 0.883839
vt 0.749270 0.773980
vt 0.667105 0.773980
f 3208/6321/3208 3207/6322/3207 3250/6323/3250 3251/6324/3251
vt 0.667105 0.773980
vt 0.749270 0.773980
vt 0.749270 0.662107
vt 0.667105 0.662107
f 3251/6325/3251 3250/6326/3250 3252/6327/3252 3253/6328/3253
vt 0.254726 0.338753
vt 0.337202 0.338753
vt 0.337202 0.662107
vt 0.254726 0.662107
f 3248/6329/3248 3254/6330/3254 3255/6331/3255 3249/6332/3249
vt 0.667105 0.883839
vt 0.749270 0.883839
vt 0.749270 0.773980
vt 0.667105 0.773980
f 3210/6333/3210 3209/6334/3209 3256/6335/3256 3257/6336/3257
vt 0.667105 0.773980
vt 0.749270 0.773980
vt 0.749270 0.662107
vt 0.667105 0.662107
f 3257/6337/3257 3256/6338/3256 3258/6339/3258 3259/6340/3259
vt 0.337202 0.338753
vt 0.419678 0.338753
vt 0.419678 0.662107
vt 0.337202 0.662107
f 3254/6341/3254 3260/6342/3260 3261/6343/3261 3255/6344/3255
vt 0.749270 0.883839
vt 0.831434 0.883839
vt 0.831434 0.773980
vt 0.749270 0.773980
f 3209/6345/3209 3211/6346/3211 3262/6347/3262 3256/6348/3256
vt 0.749270 0.773980
vt 0.831434 0.773980
vt 0.831434 0.662107
vt 0.749270 0.662107
f 3256/6349/3256 3262/6350/3262 3263/6351/3263 3258/6352/3258
vt 0.419678 0.338753
vt 0.502154 0.338753
vt 0.502154 0.662107
vt 0.419678 0.662107
f 3260/6353/3260 3264/6354/3264 3265/6355/3265 3261/6356/3261
vt 0.831434 0.883839
vt 0.913599 0.883839
vt 0.913599 0.773980
vt 0.831434 0.773980
f 3211/6357/3211 3213/6358/3213 3266/6359/3266 3262/6360/3262
vt 0.831434 0.773980
vt 0.913599 0.773980
vt 0.913599 0.662107
vt 0.831434 0.662107
f 3262/6361/3262 3266/6362/3266 3267/6363/3267 3263/6364/3263
vt 0.502154 0.338753
vt 0.584629 0.338753
vt 0.584629 0.662107
vt 0.502154 0.662107
f 3264/6365/3264 3268/6366/3268 3269/6367/3269 3265/6368/3265
vt 0.913599 0.883839
vt 0.995763 0.883839
vt 0.995763 0.773980
vt 0.913599 0.773980
f 3213/6369/3213 3214/6370/3214 3270/6371/3270 3266/6372/3266
vt 0.913599 0.773980
vt 0.995763 0.773980
vt 0.995763 0.662107
vt 0.913599 0.662107
f 3266/6373/3266 3270/6374/3270 3271/6375/3271 3267/6376/3267
vt 0.584629 0.338753
vt 0.667105 0.338753
vt 0.667105 0.662107
vt 0.584629 0.662107
f 3268/6377/3268 3272/6378/3272 3273/6379/3273 3269/6380/3269
vt 0.667105 0.883839
vt 0.749270 0.883839
vt 0.749270 0.773980
vt 0.667105 0.773980
f 3216/6381/3216 3215/6382/3215 3274/6383/3274 3275/6384/3275
vt 0.667105 0.773980
vt 0.749270 0.773980
vt 0.749270 0.662107
vt 0.667105 0.662107
f 3275/6385/3275 3274/6386/3274 3276/6387/3276 3277/6388/3277
vt 0.007299 0.662107
vt 0.089775 0.662107
vt 0.089775 0.985462
vt 0.007299 0.985462
f 3278/6389/3278 3279/6390/3279 3280/6391/3280 3281/6392/3281
vt 0.749270 0.883839
vt 0.831434 0.883839
vt 0.831434 0.773980
vt 0.749270 0.773980
f 3215/6393/3215 3217/6394/3217 3282/6395/3282 3274/6396/3274
vt 0.749270 0.773980
vt 0.831434 0.773980
vt 0.831434 0.662107
vt 0.749270 0.662107
f 3274/6397/3274 3282/6398/3282 3283/6399/3283 3276/6400/3276
vt 0.089775 0.662107
vt 0.172250 0.662107
vt 0.172250 0.985462
vt 0.089775 0.985462
f 3279/6401/3279 3284/6402/3284 3285/6403/3285 3280/6404/3280
vt 0.831434 0.883839
vt 0.913599 0.883839
vt 0.913599 0.773980
vt 0.831434 0.773980
f 3217/6405/3217 3218/6406/3218 3286/6407/3286 3282/6408/3282
vt 0.831434 0.773980
vt 0.913599 0.773980
vt 0.913599 0.662107
vt 0.831434 0.662107
f 3282/6409/3282 3286/6410/3286 3287/6411/3287 3283/6412/3283
vt 0.172250 0.662107
vt 0.254726 0.662107
vt 0.254726 0.985462
vt 0.172250 0.985462
f 3284/6413/3284 3288/6414/3288 3289/6415/3289 3285/6416/3285
vt 0.913599 0.883839
vt 0.995763 0.883839
vt 0.995763 0.773980
vt 0.913599 0.773980
f 3218/6417/3218 3219/6418/3219 3290/6419/3290 3286/6420/3286
vt 0.913599 0.773980
vt 0.995763 0.773980
vt 0.995763 0.662107
vt 0.913599 0.662107
f 3286/6421/3286 3290/6422/3290 3291/6423/3291 3287/6424/3287
vt 0.254726 0.662107
vt 0.337202 0.662107
vt 0.337202 0.985462
vt 0.254726 0.985462
f 3288/6425/3288 3292/6426/3292 3293/6427/3293 3289/6428/3289
vt 0.667105 0.883839
vt 0.749270 0.883839
vt 0.749270 0.773980
vt 0.667105 0.773980
f 3222/6429/3222 3221/6430/3221 3294/6431/3294 3295/6432/3295
vt 0.667105 0.773980
vt 0.749270 0.773980
vt 0.749270 0.662107
vt 0.667105 0.662107
f 3295/6433/3295 3294/6434/3294 3296/6435/3296 3297/6436/3297
vt 0.337202 0.662107
vt 0.419678 0.662107
vt 0.419678 0.985462
vt 0.337202 0.985462
f 3292/6437/3292 3298/6438/3298 3299/6439/3299 3293/6440/3293
vt 0.667105 0.883839
vt 0.749270 0.883839
vt 0.749270 0.773980
vt 0.667105 0.773980
f 3224/6441/3224 3223/6442/3223 3300/6443/3300 3301/6444/3301
vt 0.667105 0.773980
vt 0.749270 0.773980
vt 0.749270 0.662107
vt 0.667105 0.662107
f 3301/6445/3301 3300/6446/3300 3302/6447/3302 3303/6448/3303
vt 0.419678 0.662107
vt 0.502154 0.662107
vt 0.502154 0.985462
vt 0.419678 0.985462
f 3298/6449/3298 3304/6450/3304 3305/6451/3305 3299/6452/3299
vt 0.749270 0.883839
vt 0.831434 0.883839
vt 0.831434 0.773980
vt 0.749270 0.773980
f 3223/6453/3223 3225/6454/3225 3306/6455/3306 3300/6456/3300
vt 0.749270 0.773980
vt 0.831434 0.773980
vt 0.831434 0.662107
vt 0.749270 0.662107
f 3300/6457/3300 3306/6458/3306 3307/6459/3307 3302/6460/3302
vt 0.502154 0.662107
vt 0.584630 0.662107
vt 0.584630 0.985462
vt 0.502154 0.985462
f 3304/6461/3304 3308/6462/3308 3309/6463/3309 3305/6464/3305
vt 0.831434 0.883839
vt 0.913598 0.883839
vt 0.913598 0.773980
vt 0.831434 0.773980
f 3225/6465/3225 3226/6466/3226 3233/6467/3233 3306/6468/3306
vt 0.831434 0.773980
vt 0.913598 0.773980
vt 0.913598 0.662107
vt 0.831434 0.662107
f 3306/6469/3306 3233/6470/3233 3235/6471/3235 3307/6472/3307
vt 0.584630 0.662107
vt 0.667105 0.662107
vt 0.667105 0.985462
vt 0.584630 0.985462
f 3308/6473/3308 3310/6474/3310 3311/6475/3311 3309/6476/3309
vt 0.995763 0.440376
vt 0.913598 0.440376
vt 0.913598 0.550234
vt 0.995763 0.550234
f 3314/6477/3314 3313/6478/3313 3318/6479/3318 3319/6480/3319
vt 0.667105 0.550234
vt 0.749270 0.550234
vt 0.749270 0.440376
vt 0.667105 0.440376
f 3320/6481/3320 3321/6482/3321 3316/6483/3316 3315/6484/3315
vt 0.995763 0.550234
vt 0.913598 0.550234
vt 0.913598 0.662107
vt 0.995763 0.662107
f 3319/6485/3319 3318/6486/3318 3322/6487/3322 3323/6488/3323
vt 0.667105 0.662107
vt 0.749270 0.662107
vt 0.749270 0.550234
vt 0.667105 0.550234
f 3324/6489/3324 3325/6490/3325 3321/6491/3321 3320/6492/3320
vt 0.749270 0.550234
vt 0.831434 0.550234
vt 0.831434 0.440376
vt 0.749270 0.440376
f 3321/6493/3321 3328/6494/3328 3326/6495/3326 3316/6496/3316
vt 0.749270 0.662107
vt 0.831434 0.662107
vt 0.831434 0.550234
vt 0.749270 0.550234
f 3325/6497/3325 3329/6498/3329 3328/6499/3328 3321/6500/3321
vt 0.831434 0.550234
vt 0.913599 0.550234
vt 0.913599 0.440376
vt 0.831434 0.440376
f 3328/6501/3328 3332/6502/3332 3330/6503/3330 3326/6504/3326
vt 0.831434 0.662107
vt 0.913599 0.662107
vt 0.913599 0.550234
vt 0.831434 0.550234
f 3329/6505/3329 3333/6506/3333 3332/6507/3332 3328/6508/3328
vt 0.913599 0.550234
vt 0.995763 0.550234
vt 0.995763 0.440376
vt 0.913599 0.440376
f 3332/6509/3332 3335/6510/3335 3334/6511/3334 3330/6512/3330
vt 0.913599 0.662107
vt 0.995763 0.662107
vt 0.995763 0.550234
vt 0.913599 0.550234
f 3333/6513/3333 3336/6514/3336 3335/6515/3335 3332/6516/3332
vt 0.667105 0.550234
vt 0.749270 0.550234
vt 0.749270 0.440376
vt 0.667105 0.440376
f 3339/6517/3339 3340/6518/3340 3338/6519/3338 3337/6520/3337
vt 0.667105 0.662107
vt 0.749270 0.662107
vt 0.749270 0.550234
vt 0.667105 0.550234
f 3341/6521/3341 3342/6522/3342 3340/6523/3340 3339/6524/3339
vt 0.667105 0.550234
vt 0.749270 0.550234
vt 0.749270 0.440376
vt 0.667105 0.440376
f 3345/6525/3345 3346/6526/3346 3344/6527/3344 3343/6528/3343
vt 0.667105 0.662107
vt 0.749270 0.662107
vt 0.749270 0.550234
vt 0.667105 0.550234
f 3347/6529/3347 3348/6530/3348 3346/6531/3346 3345/6532/3345
vt 0.749270 0.550234
vt 0.831434 0.550234
vt 0.831434 0.440376
vt 0.749270 0.440376
f 3346/6533/3346 3350/6534/3350 3349/6535/3349 3344/6536/3344
vt 0.749270 0.662107
vt 0.831434 0.662107
vt 0.831434 0.550234
vt 0.749270 0.550234
f 3348/6537/3348 3351/6538/3351 3350/6539/3350 3346/6540/3346
vt 0.831434 0.550234
vt 0.913599 0.550234
vt 0.913599 0.440376
vt 0.831434 0.440376
f 3350/6541/3350 3354/6542/3354 3352/6543/3352 3349/6544/3349
vt 0.831434 0.662107
vt 0.913599 0.662107
vt 0.913599 0.550234
vt 0.831434 0.550234
f 3351/6545/3351 3355/6546/3355 3354/6547/3354 3350/6548/3350
vt 0.913599 0.550234
vt 0.995763 0.550234
vt 0.995763 0.440376
vt 0.913599 0.440376
f 3354/6549/3354 3357/6550/3357 3356/6551/3356 3352/6552/3352
vt 0.913599 0.662107
vt 0.995763 0.662107
vt 0.995763 0.550234
vt 0.913599 0.550234
f 3355/6553/3355 3358/6554/3358 3357/6555/3357 3354/6556/3354
vt 0.667105 0.550234
vt 0.749270 0.550234
vt 0.749270 0.440376
vt 0.667105 0.440376
f 3361/6557/3361 3362/6558/3362 3360/6559/3360 3359/6560/3359
vt 0.667105 0.662107
vt 0.749270 0.662107
vt 0.749270 0.550234
vt 0.667105 0.550234
f 3363/6561/3363 3364/6562/3364 3362/6563/3362 3361/6564/3361
vt 0.749270 0.550234
vt 0.831434 0.550234
vt 0.831434 0.440376
vt 0.749270 0.440376
f 3362/6565/3362 3366/6566/3366 3365/6567/3365 3360/6568/3360
vt 0.749270 0.662107
vt 0.831434 0.662107
vt 0.831434 0.550234
vt 0.749270 0.550234
f 3364/6569/3364 3367/6570/3367 3366/6571/3366 3362/6572/3362
vt 0.831434 0.550234
vt 0.913599 0.550234
vt 0.913599 0.440376
vt 0.831434 0.440376
f 3366/6573/3366 3369/6574/3369 3368/6575/3368 3365/6576/3365
vt 0.831434 0.662107
vt 0.913599 0.662107
vt 0.913599 0.550234
vt 0.831434 0.550234
f 3367/6577/3367 3370/6578/3370 3369/6579/3369 3366/6580/3366
vt 0.913599 0.550234
vt 0.995763 0.550234
vt 0.995763 0.440376
vt 0.913599 0.440376
f 3369/6581/3369 3372/6582/3372 3371/6583/3371 3368/6584/3368
vt 0.913599 0.662107
vt 0.995763 0.662107
vt 0.995763 0.550234
vt 0.913599 0.550234
f 3370/6585/3370 3373/6586/3373 3372/6587/3372 3369/6588/3369
vt 0.667105 0.550234
vt 0.749270 0.550234
vt 0.749270 0.440376
vt 0.667105 0.440376
f 3377/6589/3377 3378/6590/3378 3375/6591/3375 3374/6592/3374
vt 0.667105 0.662107
vt 0.749270 0.662107
vt 0.749270 0.550234
vt 0.667105 0.550234
f 3379/6593/3379 3380/6594/3380 3378/6595/3378 3377/6596/3377
vt 0.667105 0.550234
vt 0.749270 0.550234
vt 0.749270 0.440376
vt 0.667105 0.440376
f 3383/6597/3383 3384/6598/3384 3382/6599/3382 3381/6600/3381
vt 0.667105 0.662107
vt 0.749270 0.662107
vt 0.749270 0.550234
vt 0.667105 0.550234
f 3385/6601/3385 3386/6602/3386 3384/6603/3384 3383/6604/3383
vt 0.749270 0.550234
vt 0.831434 0.550234
vt 0.831434 0.440376
vt 0.749270 0.440376
f 3384/6605/3384 3388/6606/3388 3387/6607/3387 3382/6608/3382
vt 0.749270 0.662107
vt 0.831434 0.662107
vt 0.831434 0.550234
vt 0.749270 0.550234
f 3386/6609/3386 3389/6610/3389 3388/6611/3388 3384/6612/3384
vt 0.831434 0.550234
vt 0.913598 0.550234
vt 0.913598 0.440376
vt 0.831434 0.440376
f 3388/6613/3388 3318/6614/3318 3313/6615/3313 3387/6616/3387
vt 0.831434 0.662107
vt 0.913598 0.662107
vt 0.913598 0.550234
vt 0.831434 0.550234
f 3389/6617/3389 3322/6618/3322 3318/6619/3318 3388/6620/3388
vt 0.522048 0.321874
vt 0.522048 0.016450
vt 0.538158 0.016450
vt 0.538158 0.321874
f 3390/6621/3390 3391/6622/3391 3392/6623/3392 3393/6624/3393
vt 0.538158 0.321874
vt 0.538158 0.016450
vt 0.651381 0.016450
vt 0.651381 0.321874
f 3397/6625/3397 3398/6626/3398 3399/6627/3399 3400/6628/3400
vt 0.728710 0.311290
vt 0.728710 0.301706
vt 0.960974 0.301706
vt 0.960974 0.311290
f 3401/6629/3401 3402/6630/3402 3403/6631/3403 3404/6632/3404
vt 0.651381 0.321874
vt 0.651381 0.016450
vt 0.667008 0.015428
vt 0.667008 0.320853
f 3405/6633/3405 3406/6634/3406 3407/6635/3407 3408/6636/3408
vt 0.185529 0.314427
vt 0.185529 0.024261
vt 0.496749 0.024261
vt 0.496749 0.314427
f 3412/6637/3412 3413/6638/3413 3414/6639/3414 3415/6640/3415
vt 0.953319 0.286956
vt 0.984889 0.286915
vt 0.984889 0.030947
vt 0.953319 0.030988
f 3416/6641/3416 3417/6642/3417 3418/6643/3418 3419/6644/3419
vt 0.497123 0.312804
vt 0.497123 0.016382
vt 0.464129 0.017374
vt 0.464129 0.313796
f 3420/6645/3420 3421/6646/3421 3422/6647/3422 3423/6648/3423
vt 0.956318 0.012992
vt 0.956318 0.027155
vt 0.722585 0.027155
vt 0.722585 0.012992
f 3427/6649/3427 3428/6650/3428 3429/6651/3429 3430/6652/3430
vt 0.464129 0.313796
vt 0.464129 0.017374
vt 0.225073 0.017374
vt 0.225073 0.313796
f 3431/6653/3431 3432/6654/3432 3433/6655/3433 3434/6656/3434
vt 0.953319 0.017437
vt 0.724580 0.017437
vt 0.724580 0.030988
vt 0.953319 0.030988
f 3435/6657/3435 3436/6658/3436 3437/6659/3437 3438/6660/3438
vt 0.225073 0.017374
vt 0.191059 0.017374
vt 0.191059 0.313796
vt 0.225073 0.313796
f 3442/6661/3442 3443/6662/3443 3444/6663/3444 3445/6664/3445
vt 0.724580 0.030988
vt 0.724580 0.286956
vt 0.953319 0.286956
vt 0.953319 0.030988
f 3449/6665/3449 3450/6666/3450 3451/6667/3451 3452/6668/3452
vt 0.722585 0.027155
vt 0.956318 0.027155
vt 0.956318 0.294696
vt 0.722585 0.294696
f 3453/6669/3453 3454/6670/3454 3455/6671/3455 3456/6672/3456
usemtl tex4_0
v 26.178946 -72.858223 73.474770
vn -0.613065 0.000000 0.790033
v 33.628571 -72.858231 79.255676
vn -0.613065 0.000000 0.790033
v 33.628548 -213.577881 79.255676
vn -0.613065 0.000000 0.790033
v 26.178923 -213.577881 73.474770
vn -0.613065 0.000000 0.790033
v 26.178947 -65.408638 79.255676
vn -0.522662 -0.522664 0.673533
v 33.628571 -72.858231 79.255676
vn -0.522662 -0.522664 0.673533
v 26.178946 -72.858223 73.474770
vn -0.522662 -0.522664 0.673533
v -26.178946 -65.408638 79.255676
vn 0.000000 -0.613067 0.790031
v 26.178947 -65.408638 79.255676
vn 0.000000 -0.613067 0.790031
v 26.178946 -72.858223 73.474770
vn 0.000000 -0.613067 0.790031
v -26.178947 -72.858223 73.474770
vn 0.000000 -0.613067 0.790031
v -33.405304 -72.880554 78.703445
vn 0.497510 -0.531810 0.685319
v -26.178946 -65.408638 79.255676
vn 0.497510 -0.531810 0.685319
v -26.178947 -72.858223 73.474770
vn 0.497510 -0.531810 0.685319
v -33.405327 -213.600189 78.703445
vn 0.586201 -0.000000 0.810166
v -33.405304 -72.880554 78.703445
vn 0.586201 -0.000000 0.810166
v -26.178947 -72.858223 73.474770
vn 0.586201 -0.000000 0.810166
v -26.178970 -213.577881 73.474770
vn 0.586201 -0.000000 0.810166
v -26.178968 -221.027496 79.255676
vn 0.495033 0.532677 0.686439
v -33.405327 -213.600189 78.703445
vn 0.495033 0.532677 0.686439
v -26.178970 -213.577881 73.474770
vn 0.495033 0.532677 0.686439
v 33.628555 -213.577881 244.309387
vn -1.000000 0.000000 0.000000
v 33.628548 -213.577881 79.255676
vn -1.000000 0.000000 0.000000
v 33.628571 -72.858231 79.255676
vn -1.000000 0.000000 0.000000
v 33.628578 -72.858231 244.309387
vn -1.000000 0.000000 0.000000
v 26.178934 -213.577881 250.090302
vn -0.613066 0.000000 -0.790032
v 33.628555 -213.577881 244.309387
vn -0.613066 0.000000 -0.790032
v 33.628578 -72.858231 244.309387
vn -0.613066 0.000000 -0.790032
v 26.178957 -72.858223 250.090302
vn -0.613066 0.000000 -0.790032
v -0.000018 -185.126785 84.182526
vn 0.031461 0.005547 0.999490
v -11.665690 -153.075607 86.362885
vn 0.043562 -0.119685 0.991856
v -0.000017 -151.018631 86.362885
vn 0.022452 -0.127334 0.991606
v -0.000018 -185.126785 84.182526
vn 0.000000 0.000000 1.000000
v -21.924311 -158.998428 86.362885
vn 0.081869 -0.097568 0.991856
v -0.000018 -185.126785 84.182526
vn 0.000000 -0.000000 1.000000
v -29.538542 -168.072708 86.362885
vn 0.110302 -0.063683 0.991856
v -0.000018 -185.126785 84.182526
vn -0.000000 -0.000000 1.000000
v -33.589985 -179.203964 86.362885
vn 0.121501 -0.044223 0.991606
v -33.589981 -191.049606 86.362885
vn 0.129298 0.000000 0.991606
v -33.589985 -179.203964 86.362885
vn 0.129298 0.000000 0.991606
v -29.538540 -202.180878 86.362885
vn 0.110302 0.063683 0.991856
v -33.589981 -191.049606 86.362885
vn 0.121501 0.044222 0.991606
v -21.924307 -211.255157 86.362885
vn 0.081869 0.097568 0.991856
v -0.000018 -185.126785 84.182526
vn -0.000000 -0.000000 1.000000
v -11.665687 -217.177979 86.362885
vn 0.043562 0.119685 0.991856
v -0.000016 -219.234955 86.362885
vn 0.022452 0.127334 0.991606
v 11.665664 -217.177948 86.362885
vn -0.043562 0.119685 0.991856
v -0.000016 -219.234955 86.362885
vn -0.022453 0.127334 0.991606
v 21.924280 -211.255157 86.362885
vn -0.081869 0.097568 0.991856
v 29.538507 -202.180878 86.362885
vn -0.110302 0.063683 0.991856
v 33.589954 -191.049606 86.362885
vn -0.121501 0.044223 0.991606
v -0.000018 -185.126785 84.182526
vn -0.062825 -0.011078 0.997963
v 33.589951 -179.203964 86.362885
vn -0.129298 -0.000000 0.991606
v 33.589954 -191.049606 86.362885
vn -0.129298 -0.000000 0.991606
v 29.538507 -168.072708 86.362885
vn -0.110302 -0.063683 0.991856
v 33.589951 -179.203964 86.362885
vn -0.121501 -0.044223 0.991606
v 21.924271 -158.998428 86.362885
vn -0.081869 -0.097568 0.991856
v 11.665649 -153.075607 86.362885
vn -0.043562 -0.119685 0.991856
v -23.131760 -121.572861 92.866646
vn 0.086483 -0.237611 0.967503
v -0.000015 -117.494095 92.866646
vn 0.044542 -0.252609 0.966543
v -0.000017 -151.018631 86.362885
vn -0.022452 -0.127334 0.991606
v -34.202038 -91.157532 103.582535
vn 0.107495 -0.295340 0.949326
v -0.000014 -85.126778 103.582535
vn 0.055334 -0.313813 0.947871
v -0.000015 -117.494095 92.866646
vn -0.044542 -0.252609 0.966543
v 23.131712 -121.572861 92.866646
vn -0.086483 -0.237611 0.967503
v -0.000014 -85.126778 103.582535
vn -0.055334 -0.313813 0.947871
v 34.201988 -91.157547 103.582535
vn -0.107495 -0.295340 0.949326
v -43.473473 -133.317154 92.866646
vn 0.162535 -0.193702 0.967503
v -64.278786 -108.522346 103.582535
vn 0.202024 -0.240764 0.949326
v -34.202038 -91.157532 103.582535
vn 0.500000 -0.866025 0.000000
v -64.278786 -108.522346 103.582535
vn 0.642787 -0.766045 0.000000
v -64.278786 -108.522346 219.982529
vn 0.642787 -0.766045 0.000000
v -34.202030 -91.157532 219.982529
vn 0.500000 -0.866025 0.000000
v -58.571644 -151.310425 92.866646
vn 0.218983 -0.126430 0.967503
v -86.602585 -135.126770 103.582535
vn 0.272187 -0.157147 0.949326
v -86.602585 -135.126770 103.582535
vn 0.866025 -0.500000 0.000000
v -86.602585 -135.126770 219.982529
vn 0.866025 -0.500000 0.000000
v -66.605225 -173.382477 92.866646
vn 0.241037 -0.087730 0.966543
v -98.480820 -167.761963 103.582535
vn 0.299437 -0.108986 0.947871
v -98.480820 -167.761963 103.582535
vn 0.984808 -0.173648 0.000000
v -98.480820 -167.761963 219.982544
vn 0.984808 -0.173648 0.000000
v -66.605217 -196.871078 92.866646
vn 0.256506 0.000000 0.966543
v -66.605225 -173.382477 92.866646
vn 0.256506 0.000000 0.966543
v -98.480812 -202.491623 103.582535
vn 0.318654 0.000000 0.947871
v -98.480820 -167.761963 103.582535
vn 0.318654 0.000000 0.947871
v -98.480812 -202.491623 103.582535
vn 0.984808 0.173648 0.000000
v -98.480812 -202.491623 219.982544
vn 0.984808 0.173648 0.000000
v -58.571648 -218.943130 92.866646
vn 0.218983 0.126430 0.967503
v -66.605217 -196.871078 92.866646
vn 0.241037 0.087730 0.966543
v -86.602577 -235.126785 103.582535
vn 0.272187 0.157147 0.949326
v -98.480812 -202.491623 103.582535
vn 0.299437 0.108986 0.947871
v -86.602577 -235.126785 103.582535
vn 0.866026 0.500000 0.000000
v -86.602577 -235.126785 219.982529
vn 0.866026 0.500000 0.000000
v -43.473461 -236.936432 92.866646
vn 0.162535 0.193702 0.967503
v -64.278778 -261.731293 103.582535
vn 0.202024 0.240763 0.949326
v -64.278778 -261.731293 103.582535
vn 0.642787 0.766045 -0.000000
v -64.278778 -261.731293 219.982529
vn 0.642787 0.766045 -0.000000
v -23.131752 -248.680725 92.866646
vn 0.086483 0.237611 0.967503
v -34.202026 -279.096039 103.582535
vn 0.107495 0.295340 0.949326
v -34.202026 -279.096039 103.582535
vn 0.342020 0.939693 -0.000000
v -34.202019 -279.096039 219.982529
vn 0.342020 0.939693 -0.000000
v -0.000013 -252.759491 92.866646
vn 0.044542 0.252609 0.966543
v -0.000011 -285.126801 103.582535
vn 0.055334 0.313813 0.947871
v -0.000011 -285.126801 103.582535
vn 0.173649 0.984808 -0.000000
v -0.000004 -285.126801 219.982529
vn 0.173649 0.984808 -0.000000
v 23.131741 -248.680725 92.866646
vn -0.086483 0.237611 0.967503
v -0.000013 -252.759491 92.866646
vn -0.044542 0.252609 0.966543
v 34.202026 -279.096039 103.582535
vn -0.107495 0.295340 0.949326
v -0.000011 -285.126801 103.582535
vn -0.055334 0.313813 0.947871
v -0.000011 -285.126801 103.582535
vn -0.173649 0.984808 0.000000
v 34.202026 -279.096039 103.582535
vn -0.342020 0.939693 0.000000
v 34.202034 -279.096039 219.982529
vn -0.342020 0.939693 0.000000
v -0.000004 -285.126801 219.982529
vn -0.173649 0.984808 0.000000
v 43.473450 -236.936432 92.866646
vn -0.162535 0.193702 0.967503
v 64.278778 -261.731232 103.582535
vn -0.202024 0.240763 0.949326
v 64.278778 -261.731232 103.582535
vn -0.642787 0.766045 0.000000
v 64.278778 -261.731232 219.982529
vn -0.642787 0.766045 0.000000
v 58.571613 -218.943161 92.866646
vn -0.218983 0.126430 0.967503
v 86.602554 -235.126816 103.582535
vn -0.272187 0.157147 0.949326
v 86.602554 -235.126816 103.582535
vn -0.866025 0.500000 0.000000
v 86.602554 -235.126816 219.982529
vn -0.866025 0.500000 0.000000
v 66.605179 -196.871109 92.866646
vn -0.241037 0.087730 0.966543
v 98.480789 -202.491623 103.582520
vn -0.299436 0.108986 0.947871
v 98.480789 -202.491623 103.582520
vn -0.984808 0.173648 0.000000
v 98.480789 -202.491623 219.982529
vn -0.984808 0.173648 0.000000
v 66.605179 -173.382477 92.866646
vn -0.256506 -0.000000 0.966543
v 66.605179 -196.871109 92.866646
vn -0.256506 -0.000000 0.966543
v 98.480782 -167.761932 103.582520
vn -0.318653 0.000000 0.947871
v 98.480789 -202.491623 103.582520
vn -0.318653 0.000000 0.947871
v 98.480782 -167.761932 103.582520
vn -0.984808 -0.173648 0.000000
v 98.480782 -167.761932 219.982529
vn -0.984808 -0.173648 0.000000
v 58.571617 -151.310455 92.866646
vn -0.218983 -0.126430 0.967503
v 66.605179 -173.382477 92.866646
vn -0.241037 -0.087730 0.966543
v 86.602554 -135.126801 103.582535
vn -0.272187 -0.157147 0.949326
v 98.480782 -167.761932 103.582520
vn -0.299437 -0.108986 0.947871
v 86.602554 -135.126801 103.582535
vn -0.866025 -0.500000 0.000000
v 86.602554 -135.126801 219.982529
vn -0.866025 -0.500000 0.000000
v 43.473423 -133.317154 92.866646
vn -0.162535 -0.193702 0.967503
v 64.278748 -108.522331 103.582535
vn -0.202024 -0.240764 0.949326
v 64.278748 -108.522331 103.582535
vn -0.642787 -0.766045 0.000000
v 64.278748 -108.522331 219.982529
vn -0.642787 -0.766045 0.000000
v 34.201988 -91.157547 103.582535
vn -0.499999 -0.866026 0.000000
v 34.201996 -91.157547 219.982529
vn -0.499999 -0.866026 0.000000
v -0.000009 -185.126785 239.383484
vn -0.000000 -0.000000 -1.000000
v 11.665657 -153.075607 237.203125
vn -0.043562 -0.119685 -0.991856
v -0.000008 -151.018631 237.203125
vn -0.022452 -0.127334 -0.991606
v -0.000008 -151.018631 237.203125
vn 0.022452 -0.127334 -0.991606
v -11.665683 -153.075607 237.203125
vn 0.043562 -0.119685 -0.991856
v -0.000009 -185.126785 239.383484
vn 0.031461 0.005547 -0.999490
v 23.131720 -121.572861 230.699371
vn -0.086483 -0.237611 -0.967503
v -0.000007 -117.494095 230.699371
vn -0.044542 -0.252609 -0.966543
v -0.000007 -117.494095 230.699371
vn 0.044542 -0.252609 -0.966543
v -23.131752 -121.572861 230.699371
vn 0.086483 -0.237611 -0.967503
v 34.201996 -91.157547 219.983490
vn -0.107495 -0.295340 -0.949326
v -0.000007 -85.126778 219.983490
vn -0.055334 -0.313813 -0.947871
v -0.000007 -85.126778 219.983490
vn 0.055334 -0.313813 -0.947871
v -34.202030 -91.157532 219.983490
vn 0.107495 -0.295340 -0.949326
v -21.924303 -158.998428 237.203125
vn 0.081869 -0.097568 -0.991856
v -0.000009 -185.126785 239.383484
vn 0.000000 0.000000 -1.000000
v -43.473465 -133.317154 230.699371
vn 0.162535 -0.193702 -0.967503
v -64.278786 -108.522346 219.983490
vn 0.202024 -0.240763 -0.949326
v -29.538534 -168.072708 237.203125
vn 0.110302 -0.063683 -0.991856
v -0.000009 -185.126785 239.383484
vn 0.000000 -0.000000 -1.000000
v -58.571636 -151.310425 230.699371
vn 0.218983 -0.126430 -0.967503
v -86.602585 -135.126770 219.983490
vn 0.272187 -0.157147 -0.949326
v -33.589977 -179.203964 237.203125
vn 0.121500 -0.044223 -0.991606
v -66.605209 -173.382477 230.699371
vn 0.241037 -0.087730 -0.966543
v -98.480820 -167.761963 219.983490
vn 0.299436 -0.108986 -0.947871
v -33.589977 -179.203964 237.203125
vn 0.129298 0.000000 -0.991606
v -33.589973 -191.049606 237.203125
vn 0.129298 0.000000 -0.991606
v -66.605209 -173.382477 230.699371
vn 0.256506 0.000000 -0.966543
v -66.605202 -196.871078 230.699371
vn 0.256506 0.000000 -0.966543
v -98.480820 -167.761963 219.983490
vn 0.318654 0.000000 -0.947871
v -98.480812 -202.491623 219.983490
vn 0.318654 0.000000 -0.947871
v -33.589973 -191.049606 237.203125
vn 0.121500 0.044223 -0.991606
v -29.538532 -202.180878 237.203125
vn 0.110302 0.063683 -0.991856
v -66.605202 -196.871078 230.699371
vn 0.241037 0.087730 -0.966543
v -58.571640 -218.943130 230.699371
vn 0.218983 0.126430 -0.967503
v -98.480812 -202.491623 219.983490
vn 0.299436 0.108986 -0.947871
v -86.602577 -235.126785 219.983490
vn 0.272187 0.157147 -0.949326
v -21.924299 -211.255157 237.203125
vn 0.081869 0.097568 -0.991856
v -43.473454 -236.936432 230.699371
vn 0.162535 0.193702 -0.967503
v -64.278778 -261.731293 219.983490
vn 0.202024 0.240763 -0.949326
v -11.665679 -217.177979 237.203125
vn 0.043562 0.119685 -0.991856
v -0.000009 -185.126785 239.383484
vn -0.000000 -0.000000 -1.000000
v -23.131744 -248.680725 230.699371
vn 0.086483 0.237611 -0.967503
v -34.202019 -279.096039 219.983490
vn 0.107495 0.295340 -0.949326
v -0.000007 -219.234955 237.203125
vn 0.022452 0.127334 -0.991606
v -0.000006 -252.759491 230.699371
vn 0.044542 0.252609 -0.966543
v -0.000004 -285.126801 219.983490
vn 0.055334 0.313813 -0.947871
v -0.000007 -219.234955 237.203125
vn -0.022453 0.127334 -0.991606
v 11.665671 -217.177948 237.203125
vn -0.043562 0.119685 -0.991856
v -0.000006 -252.759491 230.699371
vn -0.044542 0.252609 -0.966543
v 23.131748 -248.680725 230.699371
vn -0.086483 0.237611 -0.967503
v -0.000004 -285.126801 219.983490
vn -0.055334 0.313813 -0.947871
v 34.202034 -279.096039 219.983490
vn -0.107495 0.295340 -0.949326
v 21.924288 -211.255157 237.203125
vn -0.081869 0.097568 -0.991856
v 43.473457 -236.936432 230.699371
vn -0.162535 0.193702 -0.967503
v 64.278778 -261.731232 219.983490
vn -0.202024 0.240763 -0.949326
v 29.538515 -202.180878 237.203125
vn -0.110302 0.063683 -0.991856
v 58.571621 -218.943161 230.699371
vn -0.218983 0.126430 -0.967503
v 86.602554 -235.126816 219.983490
vn -0.272187 0.157147 -0.949326
v 33.589962 -191.049606 237.203125
vn -0.121500 0.044223 -0.991606
v 66.605194 -196.871109 230.699371
vn -0.241037 0.087730 -0.966543
v 98.480789 -202.491623 219.983490
vn -0.299437 0.108986 -0.947871
v 33.589962 -191.049606 237.203125
vn -0.129298 -0.000000 -0.991606
v 33.589958 -179.203964 237.203125
vn -0.129298 -0.000000 -0.991606
v -0.000009 -185.126785 239.383484
vn -0.062825 -0.011078 -0.997963
v 66.605194 -196.871109 230.699371
vn -0.256506 -0.000000 -0.966543
v 66.605194 -173.382477 230.699371
vn -0.256506 -0.000000 -0.966543
v 98.480789 -202.491623 219.983490
vn -0.318654 -0.000000 -0.947871
v 98.480782 -167.761932 219.983490
vn -0.318654 -0.000000 -0.947871
v 33.589958 -179.203964 237.203125
vn -0.121500 -0.044223 -0.991606
v 29.538515 -168.072708 237.203125
vn -0.110302 -0.063683 -0.991856
v 66.605194 -173.382477 230.699371
vn -0.241037 -0.087730 -0.966543
v 58.571625 -151.310455 230.699371
vn -0.218983 -0.126430 -0.967503
v 98.480782 -167.761932 219.983490
vn -0.299436 -0.108986 -0.947871
v 86.602554 -135.126801 219.983490
vn -0.272187 -0.157147 -0.949326
v 21.924278 -158.998428 237.203125
vn -0.081869 -0.097568 -0.991856
v 43.473431 -133.317154 230.699371
vn -0.162535 -0.193702 -0.967503
v 64.278748 -108.522331 219.983490
vn -0.202024 -0.240763 -0.949326
v 33.628578 -72.858231 244.309387
vn -0.707105 -0.707108 0.000000
v 33.628571 -72.858231 79.255676
vn -0.707105 -0.707108 0.000000
v 26.178947 -65.408638 79.255676
vn -0.707105 -0.707108 0.000000
v 26.178955 -65.408638 244.309387
vn -0.707105 -0.707108 0.000000
v 33.628578 -72.858231 244.309387
vn -0.522662 -0.522665 -0.673532
v 26.178955 -65.408638 244.309387
vn -0.522662 -0.522665 -0.673532
v 26.178957 -72.858223 250.090302
vn -0.522662 -0.522665 -0.673532
v 26.178955 -65.408638 244.309387
vn 0.000000 -1.000000 0.000000
v 26.178947 -65.408638 79.255676
vn 0.000000 -1.000000 0.000000
v -26.178946 -65.408638 79.255676
vn 0.000000 -1.000000 0.000000
v -26.178938 -65.408638 244.309387
vn 0.000000 -1.000000 0.000000
v 26.178957 -72.858223 250.090302
vn 0.000000 -0.613068 -0.790031
v 26.178955 -65.408638 244.309387
vn 0.000000 -0.613068 -0.790031
v -26.178938 -65.408638 244.309387
vn 0.000000 -0.613068 -0.790031
v -26.178936 -72.858223 250.090302
vn 0.000000 -0.613068 -0.790031
v -26.178938 -65.408638 244.309387
vn 0.718820 -0.695196 -0.000000
v -26.178946 -65.408638 79.255676
vn 0.718820 -0.695196 -0.000000
v -33.405304 -72.880554 78.703445
vn 0.718820 -0.695196 -0.000000
v -33.405296 -72.880554 243.757156
vn 0.718820 -0.695196 -0.000000
v -26.178938 -65.408638 244.309387
vn 0.570301 -0.503596 -0.648959
v -33.405296 -72.880554 243.757156
vn 0.570301 -0.503596 -0.648959
v -26.178936 -72.858223 250.090302
vn 0.570301 -0.503596 -0.648959
v -33.405296 -72.880554 243.757156
vn 1.000000 -0.000000 -0.000000
v -33.405304 -72.880554 78.703445
vn 1.000000 -0.000000 -0.000000
v -33.405327 -213.600189 78.703445
vn 1.000000 -0.000000 -0.000000
v -33.405319 -213.600189 243.757156
vn 1.000000 -0.000000 -0.000000
v -26.178936 -72.858223 250.090302
vn 0.659099 -0.000000 -0.752057
v -33.405296 -72.880554 243.757156
vn 0.659099 -0.000000 -0.752057
v -33.405319 -213.600189 243.757156
vn 0.659099 -0.000000 -0.752057
v -26.178959 -213.577881 250.090302
vn 0.659099 -0.000000 -0.752057
v -33.405319 -213.600189 243.757156
vn 0.716736 0.697344 -0.000000
v -33.405327 -213.600189 78.703445
vn 0.716736 0.697344 -0.000000
v -26.178968 -221.027496 79.255676
vn 0.716736 0.697344 -0.000000
v -26.178961 -221.027496 244.309387
vn 0.716736 0.697344 -0.000000
v -33.405319 -213.600189 243.757156
vn 0.568197 0.504487 -0.650111
v -26.178961 -221.027496 244.309387
vn 0.568197 0.504487 -0.650111
v -26.178959 -213.577881 250.090302
vn 0.568197 0.504487 -0.650111
v -26.178968 -221.027496 79.255676
vn 0.000000 0.613065 0.790032
v -26.178970 -213.577881 73.474770
vn 0.000000 0.613065 0.790032
v 26.178923 -213.577881 73.474770
vn 0.000000 0.613065 0.790032
v 26.178923 -221.027496 79.255676
vn 0.000000 0.613065 0.790032
v -26.178961 -221.027496 244.309387
vn 0.000000 1.000000 0.000000
v -26.178968 -221.027496 79.255676
vn 0.000000 1.000000 0.000000
v 26.178923 -221.027496 79.255676
vn 0.000000 1.000000 0.000000
v 26.178930 -221.027496 244.309387
vn 0.000000 1.000000 0.000000
v -26.178961 -221.027496 244.309387
vn 0.000000 0.613066 -0.790032
v 26.178930 -221.027496 244.309387
vn 0.000000 0.613066 -0.790032
v 26.178934 -213.577881 250.090302
vn 0.000000 0.613066 -0.790032
v -26.178959 -213.577881 250.090302
vn 0.000000 0.613066 -0.790032
v 26.178923 -213.577881 73.474770
vn -0.522662 0.522663 0.673534
v 33.628548 -213.577881 79.255676
vn -0.522662 0.522663 0.673534
v 26.178923 -221.027496 79.255676
vn -0.522662 0.522663 0.673534
v 26.178923 -221.027496 79.255676
vn -0.707106 0.707107 0.000000
v 33.628548 -213.577881 79.255676
vn -0.707106 0.707107 0.000000
v 33.628555 -213.577881 244.309387
vn -0.707106 0.707107 0.000000
v 26.178930 -221.027496 244.309387
vn -0.707106 0.707107 0.000000
v 26.178930 -221.027496 244.309387
vn -0.522663 0.522663 -0.673533
v 33.628555 -213.577881 244.309387
vn -0.522663 0.522663 -0.673533
v 26.178934 -213.577881 250.090302
vn -0.522663 0.522663 -0.673533
v 26.178934 -213.577881 250.090302
vn 0.000000 0.000000 -1.000000
v 26.178957 -72.858223 250.090302
vn 0.000000 0.000000 -1.000000
v -26.178936 -72.858223 250.090302
vn 0.000000 0.000000 -1.000000
v -26.178959 -213.577881 250.090302
vn 0.000000 0.000000 -1.000000
v 26.178923 -213.577881 73.474770
vn 0.000000 0.000000 1.000000
v -26.178970 -213.577881 73.474770
vn 0.000000 0.000000 1.000000
v -26.178947 -72.858223 73.474770
vn 0.000000 0.000000 1.000000
v 26.178946 -72.858223 73.474770
vn 0.000000 0.000000 1.000000
v -60.953484 -47.731884 -115.441490
vn -0.192498 0.582059 0.790033
v -58.614357 -54.804749 -109.660583
vn -0.192498 0.582059 0.790033
v -192.217194 -98.989616 -109.660583
vn -0.192498 0.582059 0.790033
v -194.556320 -91.916756 -115.441490
vn -0.192498 0.582059 0.790033
v -53.880650 -45.392773 -109.660583
vn -0.660342 0.332116 0.673533
v -58.614357 -54.804749 -109.660583
vn -0.660342 0.332116 0.673533
v -60.953484 -47.731884 -115.441490
vn -0.660342 0.332116 0.673533
v -70.320625 4.317152 -109.660583
vn -0.582061 -0.192498 0.790031
v -53.880650 -45.392773 -109.660583
vn -0.582061 -0.192498 0.790031
v -60.953484 -47.731884 -115.441490
vn -0.582061 -0.192498 0.790031
v -77.393456 1.978040 -115.441490
vn -0.582061 -0.192498 0.790031
v -79.683678 8.831917 -110.212814
vn -0.348700 -0.639333 0.685319
v -70.320625 4.317152 -109.660583
vn -0.348700 -0.639333 0.685319
v -77.393456 1.978040 -115.441490
vn -0.348700 -0.639333 0.685319
v -213.286499 -35.352943 -110.212814
vn 0.184062 -0.556554 0.810166
v -79.683678 8.831917 -110.212814
vn 0.184062 -0.556554 0.810166
v -77.393456 1.978040 -115.441490
vn 0.184062 -0.556554 0.810166
v -210.996292 -42.206825 -115.441490
vn 0.184062 -0.556554 0.810166
v -218.069153 -44.545948 -109.660583
vn 0.661173 -0.302740 0.686439
v -213.286499 -35.352943 -110.212814
vn 0.661173 -0.302740 0.686439
v -210.996292 -42.206825 -115.441490
vn 0.661173 -0.302740 0.686439
v -192.217194 -98.989624 55.393127
vn -0.313992 0.949426 0.000000
v -192.217194 -98.989616 -109.660583
vn -0.313992 0.949426 0.000000
v -58.614357 -54.804749 -109.660583
vn -0.313992 0.949426 0.000000
v -58.614357 -54.804756 55.393127
vn -0.313992 0.949426 0.000000
v -194.556320 -91.916763 61.174034
vn -0.192498 0.582060 -0.790032
v -192.217194 -98.989624 55.393127
vn -0.192498 0.582060 -0.790032
v -58.614357 -54.804756 55.393127
vn -0.192498 0.582060 -0.790032
v -60.953480 -47.731895 61.174034
vn -0.192498 0.582060 -0.790032
v -175.764130 -58.128376 -104.733734
vn 0.015145 -0.028128 0.999490
v -148.996841 -36.988861 -102.553375
vn -0.099954 -0.078939 0.991856
v -143.380966 -47.418674 -102.553375
vn -0.113844 -0.061299 0.991606
v -175.764130 -58.128376 -104.733734
vn 0.000000 -0.000000 1.000000
v -157.841248 -29.108782 -102.553375
vn -0.066927 -0.108364 0.991856
v -175.764130 -58.128376 -104.733734
vn -0.000000 0.000000 1.000000
v -168.847412 -24.728891 -102.553375
vn -0.025828 -0.124720 0.991856
v -175.764130 -58.128376 -104.733734
vn 0.000000 0.000000 1.000000
v -180.687836 -24.377476 -102.553375
vn -0.003836 -0.129241 0.991606
v -191.934402 -28.096918 -102.553375
vn 0.040599 -0.122759 0.991606
v -180.687836 -24.377476 -102.553375
vn 0.040599 -0.122759 0.991606
v -201.230576 -35.438591 -102.553375
vn 0.095096 -0.084728 0.991856
v -191.934402 -28.096918 -102.553375
vn 0.080136 -0.101470 0.991606
v -207.455124 -45.516994 -102.553375
vn 0.118340 -0.047093 0.991856
v -175.764130 -58.128376 -104.733734
vn 0.000000 0.000000 1.000000
v -209.857269 -57.116512 -102.553375
vn 0.127310 -0.003778 0.991856
v -208.147278 -68.838074 -102.553375
vn 0.127944 0.018665 0.991606
v -202.531372 -79.267883 -102.553375
vn 0.099954 0.078939 0.991856
v -208.147278 -68.838074 -102.553375
vn 0.113844 0.061299 0.991606
v -193.686996 -87.147972 -102.553375
vn 0.066927 0.108364 0.991856
v -182.680832 -91.527855 -102.553375
vn 0.025828 0.124720 0.991856
v -170.840424 -91.879272 -102.553375
vn 0.003836 0.129241 0.991606
v -175.764130 -58.128376 -104.733734
vn -0.030244 0.056170 0.997963
v -159.593857 -88.159828 -102.553375
vn -0.040599 0.122759 0.991606
v -170.840424 -91.879272 -102.553375
vn -0.040599 0.122759 0.991606
v -150.297668 -80.818153 -102.553375
vn -0.095096 0.084728 0.991856
v -159.593857 -88.159828 -102.553375
vn -0.080136 0.101470 0.991606
v -144.073135 -70.739746 -102.553375
vn -0.118340 0.047093 0.991856
v -141.670975 -59.140232 -102.553375
vn -0.127310 0.003779 0.991856
v -122.687584 -16.211058 -96.049614
vn -0.198439 -0.156717 0.967503
v -111.551903 -36.892227 -96.049614
vn -0.225848 -0.121607 0.966543
v -143.380966 -47.418674 -102.553375
vn -0.127944 -0.018665 0.991606
v -97.286484 3.849523 -85.333725
vn -0.246651 -0.194793 0.949326
v -80.821548 -26.729141 -85.333725
vn -0.280567 -0.151070 0.947871
v -111.551903 -36.892227 -96.049614
vn -0.253820 -0.037028 0.966543
v -108.161209 -60.134785 -96.049614
vn -0.252749 0.007502 0.967503
v -80.821548 -26.729141 -85.333725
vn -0.315316 -0.045999 0.947871
v -75.808151 -61.095013 -85.333725
vn -0.314156 0.009324 0.949326
v -140.225052 -0.585732 -96.049614
vn -0.132871 -0.215136 0.967503
v -123.216942 26.952744 -85.333725
vn -0.165153 -0.267405 0.949326
v -97.286484 3.849523 -85.333725
vn -0.665231 -0.746638 0.000000
v -123.216942 26.952744 -85.333725
vn -0.525472 -0.850811 0.000000
v -123.216942 26.952744 31.066269
vn -0.525472 -0.850811 0.000000
v -97.286476 3.849515 31.066269
vn -0.665231 -0.746638 0.000000
v -162.049057 8.099105 -96.049614
vn -0.051277 -0.247606 0.967503
v -155.485367 39.793941 -85.333725
vn -0.063735 -0.307764 0.949326
v -155.485367 39.793941 -85.333725
vn -0.202788 -0.979223 0.000000
v -155.485367 39.793941 31.066269
vn -0.202788 -0.979223 0.000000
v -185.527298 8.795933 -96.049614
vn -0.007610 -0.256393 0.966543
v -190.199738 40.824238 -85.333725
vn -0.009453 -0.318514 0.947871
v -190.199738 40.824238 -85.333725
vn 0.144356 -0.989526 0.000000
v -190.199738 40.824238 31.066284
vn 0.144356 -0.989526 0.000000
v -207.827972 1.420689 -96.049614
vn 0.080541 -0.243533 0.966543
v -185.527298 8.795933 -96.049614
vn 0.080541 -0.243533 0.966543
v -223.172958 29.919392 -85.333725
vn 0.100055 -0.302538 0.947871
v -190.199738 40.824238 -85.333725
vn 0.100055 -0.302538 0.947871
v -223.172958 29.919392 -85.333725
vn 0.474088 -0.880477 0.000000
v -223.172958 29.919392 31.066284
vn 0.474088 -0.880477 0.000000
v -226.261276 -13.137043 -96.049614
vn 0.188795 -0.168210 0.967503
v -207.827972 1.420689 -96.049614
vn 0.158977 -0.201300 0.966543
v -250.427948 8.394696 -85.333725
vn 0.234664 -0.209078 0.949326
v -223.172958 29.919392 -85.333725
vn 0.197495 -0.250072 0.947871
v -250.427948 8.394696 -85.333725
vn 0.746638 -0.665231 0.000000
v -250.427948 8.394696 31.066269
vn 0.746638 -0.665231 0.000000
v -238.603851 -33.121399 -96.049614
vn 0.234941 -0.093494 0.967503
v -268.677429 -21.153696 -85.333725
vn 0.292021 -0.116209 0.949326
v -268.677429 -21.153696 -85.333725
vn 0.929133 -0.369746 -0.000000
v -268.677429 -21.153696 31.066269
vn 0.929133 -0.369746 -0.000000
v -243.367035 -56.121964 -96.049614
vn 0.252749 -0.007502 0.967503
v -275.720093 -55.161732 -85.333725
vn 0.314156 -0.009324 0.949326
v -275.720093 -55.161732 -85.333725
vn 0.999560 -0.029666 -0.000000
v -275.720093 -55.161739 31.066269
vn 0.999560 -0.029666 -0.000000
v -239.976349 -79.364525 -96.049614
vn 0.253820 0.037028 0.966543
v -270.706696 -89.527618 -85.333725
vn 0.315317 0.045999 0.947871
v -270.706696 -89.527618 -85.333725
vn 0.989526 0.144355 0.000000
v -270.706696 -89.527626 31.066269
vn 0.989526 0.144355 0.000000
v -228.840652 -100.045708 -96.049614
vn 0.198439 0.156718 0.967503
v -239.976349 -79.364525 -96.049614
vn 0.225848 0.121607 0.966543
v -254.241745 -120.106293 -85.333725
vn 0.246651 0.194793 0.949326
v -270.706696 -89.527618 -85.333725
vn 0.280567 0.151070 0.947871
v -270.706696 -89.527618 -85.333725
vn 0.880477 0.474089 0.000000
v -254.241745 -120.106293 -85.333725
vn 0.784776 0.619779 0.000000
v -254.241745 -120.106300 31.066269
vn 0.784776 0.619779 0.000000
v -270.706696 -89.527626 31.066269
vn 0.880477 0.474089 0.000000
v -211.303192 -115.671021 -96.049614
vn 0.132871 0.215136 0.967503
v -228.311295 -143.209518 -85.333725
vn 0.165153 0.267405 0.949326
v -228.311295 -143.209518 -85.333725
vn 0.525472 0.850811 0.000000
v -228.311295 -143.209518 31.066269
vn 0.525472 0.850811 0.000000
v -189.479202 -124.355858 -96.049614
vn 0.051277 0.247606 0.967503
v -196.042877 -156.050690 -85.333725
vn 0.063735 0.307764 0.949326
v -196.042877 -156.050690 -85.333725
vn 0.202787 0.979223 0.000000
v -196.042877 -156.050690 31.066269
vn 0.202787 0.979223 0.000000
v -166.000946 -125.052681 -96.049614
vn 0.007610 0.256393 0.966543
v -161.328506 -157.080994 -85.333740
vn 0.009453 0.318513 0.947871
v -161.328506 -157.080994 -85.333740
vn -0.144356 0.989526 0.000000
v -161.328506 -157.080994 31.066269
vn -0.144356 0.989526 0.000000
v -143.700241 -117.677422 -96.049614
vn -0.080541 0.243533 0.966543
v -166.000946 -125.052681 -96.049614
vn -0.080541 0.243533 0.966543
v -128.355255 -146.176132 -85.333740
vn -0.100055 0.302538 0.947871
v -161.328506 -157.080994 -85.333740
vn -0.100055 0.302538 0.947871
v -128.355255 -146.176132 -85.333740
vn -0.474088 0.880477 0.000000
v -128.355255 -146.176132 31.066269
vn -0.474088 0.880477 0.000000
v -125.266983 -103.119713 -96.049614
vn -0.188795 0.168210 0.967503
v -143.700241 -117.677422 -96.049614
vn -0.158977 0.201300 0.966543
v -101.100296 -124.651459 -85.333725
vn -0.234664 0.209078 0.949326
v -128.355255 -146.176132 -85.333740
vn -0.197495 0.250072 0.947871
v -101.100296 -124.651459 -85.333725
vn -0.746638 0.665230 0.000000
v -101.100296 -124.651459 31.066269
vn -0.746638 0.665230 0.000000
v -112.924400 -83.135345 -96.049614
vn -0.234941 0.093494 0.967503
v -82.850845 -95.103065 -85.333725
vn -0.292021 0.116209 0.949326
v -82.850845 -95.103065 -85.333725
vn -0.929133 0.369746 0.000000
v -82.850845 -95.103065 31.066269
vn -0.929133 0.369746 0.000000
v -75.808151 -61.095013 -85.333725
vn -0.979223 0.202786 0.000000
v -75.808144 -61.095020 31.066269
vn -0.979223 0.202786 0.000000
v -175.764130 -58.128384 50.467232
vn 0.000000 0.000000 -1.000000
v -141.670975 -59.140240 48.286873
vn -0.127310 0.003778 -0.991856
v -143.380966 -47.418686 48.286873
vn -0.127944 -0.018665 -0.991606
v -143.380966 -47.418686 48.286873
vn -0.113844 -0.061299 -0.991606
v -148.996841 -36.988869 48.286873
vn -0.099954 -0.078939 -0.991856
v -175.764130 -58.128384 50.467232
vn 0.015145 -0.028128 -0.999490
v -108.161209 -60.134792 41.783119
vn -0.252749 0.007501 -0.967503
v -111.551903 -36.892235 41.783119
vn -0.253819 -0.037028 -0.966543
v -111.551903 -36.892235 41.783119
vn -0.225848 -0.121607 -0.966543
v -122.687584 -16.211063 41.783119
vn -0.198439 -0.156717 -0.967503
v -75.808144 -61.095020 31.067230
vn -0.314156 0.009324 -0.949326
v -80.821548 -26.729147 31.067230
vn -0.315316 -0.045999 -0.947871
v -80.821548 -26.729147 31.067230
vn -0.280568 -0.151070 -0.947871
v -97.286476 3.849515 31.067230
vn -0.246651 -0.194793 -0.949326
v -157.841248 -29.108788 48.286873
vn -0.066927 -0.108364 -0.991856
v -175.764130 -58.128384 50.467232
vn 0.000000 -0.000000 -1.000000
v -140.225052 -0.585739 41.783119
vn -0.132871 -0.215136 -0.967503
v -123.216942 26.952744 31.067230
vn -0.165153 -0.267405 -0.949326
v -168.847412 -24.728899 48.286873
vn -0.025828 -0.124720 -0.991856
v -175.764130 -58.128384 50.467232
vn -0.000000 0.000000 -1.000000
v -162.049057 8.099098 41.783119
vn -0.051277 -0.247606 -0.967503
v -155.485367 39.793941 31.067230
vn -0.063735 -0.307764 -0.949326
v -180.687820 -24.377481 48.286873
vn -0.003836 -0.129241 -0.991606
v -185.527298 8.795918 41.783119
vn -0.007610 -0.256393 -0.966543
v -190.199738 40.824238 31.067238
vn -0.009453 -0.318513 -0.947871
v -180.687820 -24.377481 48.286873
vn 0.040599 -0.122759 -0.991606
v -191.934387 -28.096926 48.286873
vn 0.040599 -0.122759 -0.991606
v -185.527298 8.795918 41.783119
vn 0.080541 -0.243533 -0.966543
v -207.827972 1.420675 41.783119
vn 0.080541 -0.243533 -0.966543
v -190.199738 40.824238 31.067238
vn 0.100055 -0.302538 -0.947871
v -223.172958 29.919392 31.067238
vn 0.100055 -0.302538 -0.947871
v -191.934387 -28.096926 48.286873
vn 0.080136 -0.101470 -0.991606
v -201.230576 -35.438599 48.286873
vn 0.095096 -0.084728 -0.991856
v -207.827972 1.420675 41.783119
vn 0.158977 -0.201300 -0.966543
v -226.261276 -13.137051 41.783119
vn 0.188795 -0.168210 -0.967503
v -223.172958 29.919392 31.067238
vn 0.197495 -0.250072 -0.947871
v -250.427948 8.394696 31.067230
vn 0.234664 -0.209078 -0.949326
v -207.455109 -45.517002 48.286873
vn 0.118340 -0.047093 -0.991856
v -238.603851 -33.121407 41.783119
vn 0.234941 -0.093494 -0.967503
v -268.677429 -21.153696 31.067230
vn 0.292021 -0.116209 -0.949326
v -209.857269 -57.116520 48.286873
vn 0.127310 -0.003779 -0.991856
v -175.764130 -58.128384 50.467232
vn 0.000000 -0.000000 -1.000000
v -243.367035 -56.121967 41.783119
vn 0.252749 -0.007501 -0.967503
v -275.720093 -55.161739 31.067230
vn 0.314156 -0.009324 -0.949326
v -208.147278 -68.838081 48.286873
vn 0.127944 0.018665 -0.991606
v -239.976349 -79.364532 41.783119
vn 0.253819 0.037028 -0.966543
v -270.706696 -89.527626 31.067230
vn 0.315316 0.045999 -0.947871
v -208.147278 -68.838081 48.286873
vn 0.113844 0.061299 -0.991606
v -202.531372 -79.267891 48.286873
vn 0.099954 0.078939 -0.991856
v -239.976349 -79.364532 41.783119
vn 0.225848 0.121607 -0.966543
v -228.840652 -100.045715 41.783119
vn 0.198439 0.156717 -0.967503
v -270.706696 -89.527626 31.067230
vn 0.280568 0.151070 -0.947871
v -254.241745 -120.106300 31.067230
vn 0.246651 0.194793 -0.949326
v -193.686996 -87.147980 48.286873
vn 0.066927 0.108364 -0.991856
v -211.303192 -115.671028 41.783119
vn 0.132871 0.215136 -0.967503
v -228.311295 -143.209518 31.067230
vn 0.165153 0.267405 -0.949326
v -182.680832 -91.527863 48.286873
vn 0.025828 0.124720 -0.991856
v -189.479202 -124.355865 41.783119
vn 0.051277 0.247606 -0.967503
v -196.042877 -156.050690 31.067230
vn 0.063735 0.307764 -0.949326
v -170.840408 -91.879280 48.286873
vn 0.003836 0.129241 -0.991606
v -166.000946 -125.052696 41.783119
vn 0.007610 0.256393 -0.966543
v -161.328506 -157.080994 31.067230
vn 0.009453 0.318514 -0.947871
v -170.840408 -91.879280 48.286873
vn -0.040599 0.122759 -0.991606
v -159.593842 -88.159836 48.286873
vn -0.040599 0.122759 -0.991606
v -175.764130 -58.128384 50.467232
vn -0.030244 0.056170 -0.997963
v -166.000946 -125.052696 41.783119
vn -0.080541 0.243533 -0.966543
v -143.700241 -117.677437 41.783119
vn -0.080541 0.243533 -0.966543
v -161.328506 -157.080994 31.067230
vn -0.100055 0.302538 -0.947871
v -128.355255 -146.176132 31.067230
vn -0.100055 0.302538 -0.947871
v -159.593842 -88.159836 48.286873
vn -0.080136 0.101470 -0.991606
v -150.297668 -80.818161 48.286873
vn -0.095096 0.084728 -0.991856
v -143.700241 -117.677437 41.783119
vn -0.158977 0.201300 -0.966543
v -125.266983 -103.119720 41.783119
vn -0.188795 0.168210 -0.967503
v -128.355255 -146.176132 31.067230
vn -0.197495 0.250072 -0.947871
v -101.100296 -124.651459 31.067230
vn -0.234664 0.209078 -0.949326
v -144.073120 -70.739754 48.286873
vn -0.118340 0.047093 -0.991856
v -112.924400 -83.135353 41.783119
vn -0.234941 0.093494 -0.967503
v -82.850845 -95.103065 31.067230
vn -0.292021 0.116209 -0.949326
v -58.614357 -54.804756 55.393127
vn -0.893372 0.449317 0.000000
v -58.614357 -54.804749 -109.660583
vn -0.893372 0.449317 0.000000
v -53.880650 -45.392773 -109.660583
vn -0.893372 0.449317 0.000000
v -53.880650 -45.392780 55.393127
vn -0.893372 0.449317 0.000000
v -58.614357 -54.804756 55.393127
vn -0.660342 0.332116 -0.673533
v -53.880650 -45.392780 55.393127
vn -0.660342 0.332116 -0.673533
v -60.953480 -47.731895 61.174034
vn -0.660342 0.332116 -0.673533
v -53.880650 -45.392780 55.393127
vn -0.949426 -0.313992 -0.000000
v -53.880650 -45.392773 -109.660583
vn -0.949426 -0.313992 -0.000000
v -70.320625 4.317152 -109.660583
vn -0.949426 -0.313992 -0.000000
v -70.320618 4.317145 55.393127
vn -0.949426 -0.313992 -0.000000
v -60.953480 -47.731895 61.174034
vn -0.582061 -0.192498 -0.790031
v -53.880650 -45.392780 55.393127
vn -0.582061 -0.192498 -0.790031
v -70.320618 4.317145 55.393127
vn -0.582061 -0.192498 -0.790031
v -77.393448 1.978030 61.174034
vn -0.582061 -0.192498 -0.790031
v -70.320618 4.317145 55.393127
vn -0.434333 -0.900752 -0.000000
v -70.320625 4.317152 -109.660583
vn -0.434333 -0.900752 -0.000000
v -79.683678 8.831917 -110.212814
vn -0.434333 -0.900752 -0.000000
v -79.683678 8.831910 54.840897
vn -0.434333 -0.900752 -0.000000
v -70.320618 4.317145 55.393127
vn -0.299056 -0.699583 -0.648960
v -79.683678 8.831910 54.840897
vn -0.299056 -0.699583 -0.648960
v -77.393448 1.978030 61.174034
vn -0.299056 -0.699583 -0.648960
v -79.683678 8.831910 54.840897
vn 0.313992 -0.949426 -0.000000
v -79.683678 8.831917 -110.212814
vn 0.313992 -0.949426 -0.000000
v -213.286499 -35.352943 -110.212814
vn 0.313992 -0.949426 -0.000000
v -213.286499 -35.352951 54.840897
vn 0.313992 -0.949426 -0.000000
v -77.393448 1.978030 61.174034
vn 0.206952 -0.625764 -0.752057
v -79.683678 8.831910 54.840897
vn 0.206952 -0.625764 -0.752057
v -213.286499 -35.352951 54.840897
vn 0.206952 -0.625764 -0.752057
v -210.996292 -42.206837 61.174034
vn 0.206952 -0.625764 -0.752057
v -213.286499 -35.352951 54.840897
vn 0.887126 -0.461527 -0.000000
v -213.286499 -35.352943 -110.212814
vn 0.887126 -0.461527 -0.000000
v -218.069153 -44.545948 -109.660583
vn 0.887126 -0.461527 -0.000000
v -218.069153 -44.545956 55.393127
vn 0.887126 -0.461527 -0.000000
v -213.286499 -35.352951 54.840897
vn 0.657382 -0.381055 -0.650112
v -218.069153 -44.545956 55.393127
vn 0.657382 -0.381055 -0.650112
v -210.996292 -42.206837 61.174034
vn 0.657382 -0.381055 -0.650112
v -218.069153 -44.545948 -109.660583
vn 0.582060 0.192498 0.790032
v -210.996292 -42.206825 -115.441490
vn 0.582060 0.192498 0.790032
v -194.556320 -91.916756 -115.441490
vn 0.582060 0.192498 0.790032
v -201.629181 -94.255875 -109.660583
vn 0.582060 0.192498 0.790032
v -218.069153 -44.545956 55.393127
vn 0.949426 0.313992 0.000000
v -218.069153 -44.545948 -109.660583
vn 0.949426 0.313992 0.000000
v -201.629181 -94.255875 -109.660583
vn 0.949426 0.313992 0.000000
v -201.629181 -94.255882 55.393127
vn 0.949426 0.313992 0.000000
v -218.069153 -44.545956 55.393127
vn 0.582060 0.192498 -0.790032
v -201.629181 -94.255882 55.393127
vn 0.582060 0.192498 -0.790032
v -194.556320 -91.916763 61.174034
vn 0.582060 0.192498 -0.790032
v -210.996292 -42.206837 61.174034
vn 0.582060 0.192498 -0.790032
v -194.556320 -91.916756 -115.441490
vn 0.332117 0.660341 0.673534
v -192.217194 -98.989616 -109.660583
vn 0.332117 0.660341 0.673534
v -201.629181 -94.255875 -109.660583
vn 0.332117 0.660341 0.673534
v -201.629181 -94.255875 -109.660583
vn 0.449319 0.893371 0.000000
v -192.217194 -98.989616 -109.660583
vn 0.449319 0.893371 0.000000
v -192.217194 -98.989624 55.393127
vn 0.449319 0.893371 0.000000
v -201.629181 -94.255882 55.393127
vn 0.449319 0.893371 0.000000
v -201.629181 -94.255882 55.393127
vn 0.332117 0.660341 -0.673534
v -192.217194 -98.989624 55.393127
vn 0.332117 0.660341 -0.673534
v -194.556320 -91.916763 61.174034
vn 0.332117 0.660341 -0.673534
v -194.556320 -91.916763 61.174034
vn 0.000000 0.000000 -1.000000
v -60.953480 -47.731895 61.174034
vn 0.000000 0.000000 -1.000000
v -77.393448 1.978030 61.174034
vn 0.000000 0.000000 -1.000000
v -210.996292 -42.206837 61.174034
vn 0.000000 0.000000 -1.000000
v -194.556320 -91.916756 -115.441490
vn 0.000000 0.000000 1.000000
v -210.996292 -42.206825 -115.441490
vn 0.000000 0.000000 1.000000
v -77.393456 1.978040 -115.441490
vn 0.000000 0.000000 1.000000
v -60.953484 -47.731884 -115.441490
vn 0.000000 0.000000 1.000000
v 18.645281 75.139961 -315.311981
vn 0.510043 -0.340156 0.790032
v 12.447534 79.273338 -309.531067
vn 0.510043 -0.340156 0.790032
v 90.525032 196.345657 -309.531067
vn 0.510043 -0.340156 0.790032
v 96.722778 192.212280 -315.311981
vn 0.510043 -0.340156 0.790032
v 14.511917 68.942245 -309.531067
vn 0.724828 0.144837 0.673533
v 12.447534 79.273338 -309.531067
vn 0.724828 0.144837 0.673533
v 18.645281 75.139961 -315.311981
vn 0.724828 0.144837 0.673533
v 58.071285 39.891769 -309.531067
vn 0.340157 0.510044 0.790031
v 14.511917 68.942245 -309.531067
vn 0.340157 0.510044 0.790031
v 18.645281 75.139961 -315.311981
vn 0.340157 0.510044 0.790031
v 62.204651 46.089485 -315.311981
vn 0.340157 0.510044 0.790031
v 68.229042 42.098564 -310.083313
vn -0.118833 0.718482 0.685319
v 58.071285 39.891769 -309.531067
vn -0.118833 0.718482 0.685319
v 62.204651 46.089485 -315.311981
vn -0.118833 0.718482 0.685319
v 146.306519 159.170868 -310.083313
vn -0.487692 0.325250 0.810166
v 68.229042 42.098564 -310.083313
vn -0.487692 0.325250 0.810166
v 62.204651 46.089485 -315.311981
vn -0.487692 0.325250 0.810166
v 140.282150 163.161804 -315.311981
vn -0.487692 0.325250 0.810166
v 144.415527 169.359558 -309.531067
vn -0.707397 -0.168497 0.686439
v 146.306519 159.170868 -310.083313
vn -0.707397 -0.168497 0.686439
v 140.282150 163.161804 -315.311981
vn -0.707397 -0.168497 0.686439
v 90.525024 196.345657 -144.477356
vn 0.831954 -0.554844 0.000000
v 90.525032 196.345657 -309.531067
vn 0.831954 -0.554844 0.000000
v 12.447534 79.273338 -309.531067
vn 0.831954 -0.554844 0.000000
v 12.447528 79.273346 -144.477356
vn 0.831954 -0.554844 0.000000
v 96.722771 192.212280 -138.696442
vn 0.510042 -0.340156 -0.790032
v 90.525024 196.345657 -144.477356
vn 0.510042 -0.340156 -0.790032
v 12.447528 79.273346 -144.477356
vn 0.510042 -0.340156 -0.790032
v 18.645271 75.139969 -138.696442
vn 0.510042 -0.340156 -0.790032
v 102.716545 154.017044 -304.604218
vn -0.029252 0.012841 0.999490
v 94.638435 120.879288 -302.423859
vn 0.030165 0.123742 0.991856
v 83.791832 125.640617 -302.423859
vn 0.051971 0.118393 0.991606
v 102.716545 154.017044 -304.604218
vn -0.000000 0.000000 1.000000
v 106.459381 120.114876 -302.423859
vn -0.013976 0.126597 0.991856
v 102.716545 154.017044 -304.604218
vn 0.000000 0.000000 1.000000
v 117.828888 123.439545 -302.423859
vn -0.056432 0.114182 0.991856
v 102.716545 154.017044 -304.604218
vn -0.000000 0.000000 1.000000
v 127.375610 130.452316 -302.423859
vn -0.076546 0.104205 0.991606
v 133.948090 140.307358 -302.423859
vn -0.107570 0.071740 0.991606
v 127.375610 130.452316 -302.423859
vn -0.107570 0.071740 0.991606
v 136.753601 151.815979 -302.423859
vn -0.127100 0.008219 0.991856
v 133.948090 140.307358 -302.423859
vn -0.125619 0.030623 0.991606
v 135.453720 163.590088 -302.423859
vn -0.122246 -0.035747 0.991856
v 102.716545 154.017044 -304.604218
vn 0.000000 -0.000000 1.000000
v 130.205261 174.209534 -302.423859
vn -0.102648 -0.075402 0.991856
v 121.641251 182.393478 -302.423859
vn -0.089330 -0.093478 0.991606
v 110.794624 187.154785 -302.423859
vn -0.030165 -0.123742 0.991856
v 121.641251 182.393478 -302.423859
vn -0.051971 -0.118393 0.991606
v 98.973694 187.919220 -302.423859
vn 0.013976 -0.126597 0.991856
v 87.604195 184.594543 -302.423859
vn 0.056432 -0.114182 0.991856
v 78.057465 177.581772 -302.423859
vn 0.076546 -0.104205 0.991606
v 102.716545 154.017044 -304.604218
vn 0.058414 -0.025642 0.997963
v 71.484978 167.726715 -302.423859
vn 0.107570 -0.071740 0.991606
v 78.057465 177.581772 -302.423859
vn 0.107570 -0.071740 0.991606
v 68.679489 156.218109 -302.423859
vn 0.127100 -0.008219 0.991856
v 71.484978 167.726715 -302.423859
vn 0.125619 -0.030623 0.991606
v 69.979370 144.444016 -302.423859
vn 0.122247 0.035747 0.991856
v 75.227829 133.824539 -302.423859
vn 0.102648 0.075402 0.991856
v 86.698563 88.308556 -295.920105
vn 0.059887 0.245666 0.967503
v 65.190933 97.749718 -295.920105
vn 0.103102 0.234873 0.966543
v 83.791832 125.640617 -302.423859
vn 0.089330 0.093478 0.991606
v 79.032761 56.862122 -285.204224
vn 0.074437 0.305352 0.949326
v 47.232113 70.821587 -285.204224
vn 0.128082 0.291779 0.947871
v 65.190933 97.749718 -295.920105
vn 0.177216 0.185445 0.966543
v 48.209473 113.977577 -295.920105
vn 0.203787 0.149696 0.967503
v 47.232113 70.821587 -285.204224
vn 0.220152 0.230376 0.947871
v 22.123747 94.815697 -285.204224
vn 0.253299 0.186066 0.949326
v 110.138191 86.792786 -295.920105
vn -0.027747 0.251333 0.967503
v 113.690002 54.620934 -285.204224
vn -0.034489 0.312396 0.949326
v 79.032761 56.862122 -285.204224
vn 0.064532 0.997916 0.000000
v 113.690002 54.620934 -285.204224
vn -0.109734 0.993961 0.000000
v 113.690002 54.620934 -168.804214
vn -0.109734 0.993961 0.000000
v 79.032761 56.862125 -168.804214
vn 0.064532 0.997916 0.000000
v 132.682648 93.385246 -295.920105
vn -0.112035 0.226686 0.967503
v 147.023697 64.368378 -285.204224
vn -0.139255 0.281760 0.949326
v 147.023697 64.368378 -285.204224
vn -0.443071 0.896486 0.000000
v 147.023697 64.368378 -168.804214
vn -0.443071 0.896486 0.000000
v 151.612762 107.290802 -295.920105
vn -0.151855 0.206725 0.966543
v 175.013290 84.928802 -285.204224
vn -0.188647 0.256812 0.947871
v 175.013290 84.928802 -285.204224
vn -0.722968 0.690882 0.000000
v 175.013290 84.928802 -168.804199
vn -0.722968 0.690882 0.000000
v 164.645264 126.832253 -295.920105
vn -0.213401 0.142321 0.966543
v 151.612762 107.290802 -295.920105
vn -0.213401 0.142321 0.966543
v 194.282837 113.822304 -285.204224
vn -0.265105 0.176803 0.947871
v 175.013290 84.928802 -285.204224
vn -0.265105 0.176803 0.947871
v 194.282837 113.822304 -285.204224
vn -0.915663 0.401947 0.000000
v 194.282837 113.822304 -168.804199
vn -0.915663 0.401947 0.000000
v 170.208267 149.652573 -295.920105
vn -0.252333 0.016318 0.967503
v 164.645264 126.832253 -295.920105
vn -0.249208 0.060751 0.966543
v 202.508118 147.563843 -285.204224
vn -0.313639 0.020282 0.949326
v 194.282837 113.822304 -285.204224
vn -0.309588 0.075469 0.947871
v 202.508118 147.563843 -285.204224
vn -0.997916 0.064532 0.000000
v 202.508118 147.563843 -168.804214
vn -0.997916 0.064532 0.000000
v 167.630737 172.999313 -295.920105
vn -0.242696 -0.070970 0.967503
v 198.697098 182.083786 -285.204224
vn -0.301661 -0.088212 0.949326
v 198.697098 182.083786 -285.204224
vn -0.959805 -0.280668 0.000000
v 198.697098 182.083786 -168.804214
vn -0.959805 -0.280668 0.000000
v 157.223602 194.056519 -295.920105
vn -0.203787 -0.149697 0.967503
v 183.309326 213.218384 -285.204224
vn -0.253299 -0.186066 0.949326
v 183.309326 213.218384 -285.204224
vn -0.805928 -0.592014 0.000000
v 183.309326 213.218399 -168.804214
vn -0.805928 -0.592014 0.000000
v 140.242157 210.284363 -295.920105
vn -0.177216 -0.185445 0.966543
v 158.200974 237.212494 -285.204224
vn -0.220152 -0.230376 0.947871
v 158.200974 237.212494 -285.204224
vn -0.690883 -0.722966 0.000000
v 158.200958 237.212509 -168.804214
vn -0.690883 -0.722966 0.000000
v 118.734505 219.725540 -295.920105
vn -0.059887 -0.245666 0.967503
v 140.242157 210.284363 -295.920105
vn -0.103102 -0.234873 0.966543
v 126.400291 251.171982 -285.204224
vn -0.074437 -0.305352 0.949326
v 158.200974 237.212494 -285.204224
vn -0.128082 -0.291779 0.947871
v 158.200974 237.212494 -285.204224
vn -0.401947 -0.915663 -0.000000
v 126.400291 251.171982 -285.204224
vn -0.236838 -0.971549 -0.000000
v 126.400284 251.171982 -168.804214
vn -0.236838 -0.971549 -0.000000
v 158.200958 237.212509 -168.804214
vn -0.401947 -0.915663 -0.000000
v 95.294884 221.241302 -295.920105
vn 0.027747 -0.251333 0.967503
v 91.743065 253.413162 -285.204224
vn 0.034489 -0.312396 0.949326
v 91.743065 253.413162 -285.204224
vn 0.109734 -0.993961 0.000000
v 91.743065 253.413162 -168.804214
vn 0.109734 -0.993961 0.000000
v 72.750435 214.648834 -295.920105
vn 0.112035 -0.226685 0.967503
v 58.409386 243.665710 -285.204224
vn 0.139255 -0.281760 0.949326
v 58.409386 243.665710 -285.204224
vn 0.443071 -0.896486 0.000000
v 58.409386 243.665710 -168.804214
vn 0.443071 -0.896486 0.000000
v 53.820316 200.743271 -295.920105
vn 0.151855 -0.206725 0.966543
v 30.419781 223.105286 -285.204224
vn 0.188647 -0.256812 0.947871
v 30.419781 223.105286 -285.204224
vn 0.722968 -0.690882 0.000000
v 30.419781 223.105286 -168.804214
vn 0.722968 -0.690882 0.000000
v 40.787796 181.201813 -295.920105
vn 0.213401 -0.142321 0.966543
v 53.820316 200.743271 -295.920105
vn 0.213401 -0.142321 0.966543
v 11.150232 194.211761 -285.204224
vn 0.265105 -0.176803 0.947871
v 30.419781 223.105286 -285.204224
vn 0.265105 -0.176803 0.947871
v 11.150232 194.211761 -285.204224
vn 0.915663 -0.401947 0.000000
v 11.150232 194.211761 -168.804214
vn 0.915663 -0.401947 0.000000
v 35.224815 158.381516 -295.920105
vn 0.252333 -0.016317 0.967503
v 40.787796 181.201813 -295.920105
vn 0.249208 -0.060750 0.966543
v 2.924954 160.470245 -285.204224
vn 0.313639 -0.020282 0.949326
v 11.150232 194.211761 -285.204224
vn 0.309588 -0.075469 0.947871
v 2.924954 160.470245 -285.204224
vn 0.997916 -0.064532 0.000000
v 2.924954 160.470245 -168.804214
vn 0.997916 -0.064532 0.000000
v 37.802353 135.034775 -295.920105
vn 0.242696 0.070970 0.967503
v 6.736004 125.950317 -285.204224
vn 0.301661 0.088212 0.949326
v 6.736004 125.950317 -285.204224
vn 0.959805 0.280668 0.000000
v 6.736004 125.950317 -168.804214
vn 0.959805 0.280668 0.000000
v 22.123747 94.815697 -285.204224
vn 0.896486 0.443072 0.000000
v 22.123741 94.815704 -168.804214
vn 0.896486 0.443072 0.000000
v 102.716537 154.017044 -149.403259
vn -0.000000 -0.000000 -1.000000
v 75.227821 133.824554 -151.583618
vn 0.102648 0.075402 -0.991856
v 83.791824 125.640617 -151.583618
vn 0.089330 0.093478 -0.991606
v 83.791824 125.640617 -151.583618
vn 0.051971 0.118393 -0.991606
v 94.638428 120.879288 -151.583618
vn 0.030165 0.123742 -0.991856
v 102.716537 154.017044 -149.403259
vn -0.029252 0.012841 -0.999490
v 48.209465 113.977577 -158.087372
vn 0.203787 0.149697 -0.967503
v 65.190926 97.749725 -158.087372
vn 0.177216 0.185445 -0.966543
v 65.190926 97.749725 -158.087372
vn 0.103102 0.234873 -0.966543
v 86.698555 88.308556 -158.087372
vn 0.059887 0.245666 -0.967503
v 22.123741 94.815704 -168.803253
vn 0.253299 0.186067 -0.949326
v 47.232105 70.821594 -168.803253
vn 0.220152 0.230376 -0.947871
v 47.232105 70.821594 -168.803253
vn 0.128082 0.291780 -0.947871
v 79.032761 56.862125 -168.803253
vn 0.074437 0.305352 -0.949326
v 106.459373 120.114883 -151.583618
vn -0.013976 0.126597 -0.991856
v 102.716537 154.017044 -149.403259
vn -0.000000 0.000000 -1.000000
v 110.138184 86.792793 -158.087372
vn -0.027747 0.251333 -0.967503
v 113.690002 54.620934 -168.803253
vn -0.034489 0.312396 -0.949326
v 117.828880 123.439545 -151.583618
vn -0.056432 0.114182 -0.991856
v 102.716537 154.017044 -149.403259
vn 0.000000 0.000000 -1.000000
v 132.682648 93.385254 -158.087372
vn -0.112035 0.226685 -0.967503
v 147.023697 64.368378 -168.803253
vn -0.139255 0.281760 -0.949326
v 127.375603 130.452316 -151.583618
vn -0.076546 0.104205 -0.991606
v 151.612747 107.290817 -158.087372
vn -0.151855 0.206725 -0.966543
v 175.013290 84.928802 -168.803253
vn -0.188647 0.256812 -0.947871
v 127.375603 130.452316 -151.583618
vn -0.107570 0.071740 -0.991606
v 133.948090 140.307373 -151.583618
vn -0.107570 0.071740 -0.991606
v 151.612747 107.290817 -158.087372
vn -0.213401 0.142321 -0.966543
v 164.645248 126.832260 -158.087372
vn -0.213401 0.142321 -0.966543
v 175.013290 84.928802 -168.803253
vn -0.265105 0.176803 -0.947871
v 194.282837 113.822304 -168.803253
vn -0.265105 0.176803 -0.947871
v 133.948090 140.307373 -151.583618
vn -0.125619 0.030623 -0.991606
v 136.753586 151.815979 -151.583618
vn -0.127100 0.008219 -0.991856
v 164.645248 126.832260 -158.087372
vn -0.249208 0.060750 -0.966543
v 170.208252 149.652588 -158.087372
vn -0.252333 0.016318 -0.967503
v 194.282837 113.822304 -168.803253
vn -0.309588 0.075469 -0.947871
v 202.508118 147.563843 -168.803253
vn -0.313639 0.020282 -0.949326
v 135.453705 163.590088 -151.583618
vn -0.122246 -0.035747 -0.991856
v 167.630722 172.999313 -158.087372
vn -0.242696 -0.070970 -0.967503
v 198.697098 182.083786 -168.803253
vn -0.301661 -0.088212 -0.949326
v 130.205246 174.209534 -151.583618
vn -0.102648 -0.075402 -0.991856
v 102.716537 154.017044 -149.403259
vn 0.000000 -0.000000 -1.000000
v 157.223602 194.056519 -158.087372
vn -0.203787 -0.149697 -0.967503
v 183.309326 213.218399 -168.803253
vn -0.253298 -0.186067 -0.949326
v 121.641243 182.393478 -151.583618
vn -0.089330 -0.093478 -0.991606
v 140.242142 210.284363 -158.087372
vn -0.177216 -0.185445 -0.966543
v 158.200958 237.212509 -168.803253
vn -0.220152 -0.230376 -0.947871
v 121.641243 182.393478 -151.583618
vn -0.051971 -0.118393 -0.991606
v 110.794617 187.154785 -151.583618
vn -0.030165 -0.123742 -0.991856
v 140.242142 210.284363 -158.087372
vn -0.103102 -0.234873 -0.966543
v 118.734497 219.725555 -158.087372
vn -0.059887 -0.245666 -0.967503
v 158.200958 237.212509 -168.803253
vn -0.128082 -0.291780 -0.947871
v 126.400284 251.171982 -168.803253
vn -0.074437 -0.305352 -0.949326
v 98.973694 187.919220 -151.583618
vn 0.013976 -0.126597 -0.991856
v 95.294876 221.241302 -158.087372
vn 0.027747 -0.251333 -0.967503
v 91.743065 253.413162 -168.803253
vn 0.034489 -0.312396 -0.949326
v 87.604195 184.594543 -151.583618
vn 0.056432 -0.114182 -0.991856
v 72.750427 214.648849 -158.087372
vn 0.112035 -0.226686 -0.967503
v 58.409386 243.665710 -168.803253
vn 0.139255 -0.281760 -0.949326
v 78.057457 177.581772 -151.583618
vn 0.076546 -0.104205 -0.991606
v 53.820301 200.743286 -158.087372
vn 0.151855 -0.206725 -0.966543
v 30.419781 223.105286 -168.803253
vn 0.188647 -0.256812 -0.947871
v 78.057457 177.581772 -151.583618
vn 0.107570 -0.071740 -0.991606
v 71.484970 167.726730 -151.583618
vn 0.107570 -0.071740 -0.991606
v 102.716537 154.017044 -149.403259
vn 0.058414 -0.025642 -0.997963
v 53.820301 200.743286 -158.087372
vn 0.213401 -0.142321 -0.966543
v 40.787785 181.201828 -158.087372
vn 0.213401 -0.142321 -0.966543
v 30.419781 223.105286 -168.803253
vn 0.265106 -0.176803 -0.947871
v 11.150232 194.211761 -168.803253
vn 0.265106 -0.176803 -0.947871
v 71.484970 167.726730 -151.583618
vn 0.125619 -0.030623 -0.991606
v 68.679482 156.218109 -151.583618
vn 0.127100 -0.008219 -0.991856
v 40.787785 181.201828 -158.087372
vn 0.249208 -0.060750 -0.966543
v 35.224808 158.381516 -158.087372
vn 0.252333 -0.016317 -0.967503
v 11.150232 194.211761 -168.803253
vn 0.309588 -0.075469 -0.947871
v 2.924954 160.470245 -168.803253
vn 0.313639 -0.020282 -0.949326
v 69.979362 144.444016 -151.583618
vn 0.122246 0.035747 -0.991856
v 37.802349 135.034775 -158.087372
vn 0.242696 0.070970 -0.967503
v 6.736004 125.950317 -168.803253
vn 0.301661 0.088212 -0.949326
v 12.447528 79.273346 -144.477356
vn 0.980614 0.195949 0.000000
v 12.447534 79.273338 -309.531067
vn 0.980614 0.195949 0.000000
v 14.511917 68.942245 -309.531067
vn 0.980614 0.195949 0.000000
v 14.511911 68.942245 -144.477356
vn 0.980614 0.195949 0.000000
v 12.447528 79.273346 -144.477356
vn 0.724828 0.144837 -0.673533
v 14.511911 68.942245 -144.477356
vn 0.724828 0.144837 -0.673533
v 18.645271 75.139969 -138.696442
vn 0.724828 0.144837 -0.673533
v 14.511911 68.942245 -144.477356
vn 0.554844 0.831954 0.000000
v 14.511917 68.942245 -309.531067
vn 0.554844 0.831954 0.000000
v 58.071285 39.891769 -309.531067
vn 0.554844 0.831954 0.000000
v 58.071281 39.891773 -144.477356
vn 0.554844 0.831954 0.000000
v 18.645271 75.139969 -138.696442
vn 0.340157 0.510044 -0.790031
v 14.511911 68.942245 -144.477356
vn 0.340157 0.510044 -0.790031
v 58.071281 39.891773 -144.477356
vn 0.340157 0.510044 -0.790031
v 62.204639 46.089489 -138.696442
vn 0.340157 0.510044 -0.790031
v 58.071281 39.891773 -144.477356
vn -0.212300 0.977205 -0.000000
v 58.071285 39.891769 -309.531067
vn -0.212300 0.977205 -0.000000
v 68.229042 42.098564 -310.083313
vn -0.212300 0.977205 -0.000000
v 68.229034 42.098572 -145.029587
vn -0.212300 0.977205 -0.000000
v 58.071281 39.891773 -144.477356
vn -0.195048 0.735397 -0.648959
v 68.229034 42.098572 -145.029587
vn -0.195048 0.735397 -0.648959
v 62.204639 46.089489 -138.696442
vn -0.195048 0.735397 -0.648959
v 68.229034 42.098572 -145.029587
vn -0.831954 0.554844 -0.000000
v 68.229042 42.098564 -310.083313
vn -0.831954 0.554844 -0.000000
v 146.306519 159.170868 -310.083313
vn -0.831954 0.554844 -0.000000
v 146.306519 159.170868 -145.029587
vn -0.831954 0.554844 -0.000000
v 62.204639 46.089489 -138.696442
vn -0.548340 0.365697 -0.752057
v 68.229034 42.098572 -145.029587
vn -0.548340 0.365697 -0.752057
v 146.306519 159.170868 -145.029587
vn -0.548340 0.365697 -0.752057
v 140.282135 163.161804 -138.696442
vn -0.548340 0.365697 -0.752057
v 146.306519 159.170868 -145.029587
vn -0.983209 -0.182481 0.000000
v 146.306519 159.170868 -310.083313
vn -0.983209 -0.182481 0.000000
v 144.415527 169.359558 -309.531067
vn -0.983209 -0.182481 0.000000
v 144.415512 169.359558 -144.477356
vn -0.983209 -0.182481 0.000000
v 146.306519 159.170868 -145.029587
vn -0.752625 -0.104450 -0.650112
v 144.415512 169.359558 -144.477356
vn -0.752625 -0.104450 -0.650112
v 140.282135 163.161804 -138.696442
vn -0.752625 -0.104450 -0.650112
v 144.415527 169.359558 -309.531067
vn -0.340156 -0.510042 0.790032
v 140.282150 163.161804 -315.311981
vn -0.340156 -0.510042 0.790032
v 96.722778 192.212280 -315.311981
vn -0.340156 -0.510042 0.790032
v 100.856155 198.410034 -309.531067
vn -0.340156 -0.510042 0.790032
v 144.415512 169.359558 -144.477356
vn -0.554844 -0.831954 -0.000000
v 144.415527 169.359558 -309.531067
vn -0.554844 -0.831954 -0.000000
v 100.856155 198.410034 -309.531067
vn -0.554844 -0.831954 -0.000000
v 100.856148 198.410034 -144.477356
vn -0.554844 -0.831954 -0.000000
v 144.415512 169.359558 -144.477356
vn -0.340156 -0.510042 -0.790032
v 100.856148 198.410034 -144.477356
vn -0.340156 -0.510042 -0.790032
v 96.722771 192.212280 -138.696442
vn -0.340156 -0.510042 -0.790032
v 140.282135 163.161804 -138.696442
vn -0.340156 -0.510042 -0.790032
v 96.722778 192.212280 -315.311981
vn 0.144836 -0.724827 0.673534
v 90.525032 196.345657 -309.531067
vn 0.144836 -0.724827 0.673534
v 100.856155 198.410034 -309.531067
vn 0.144836 -0.724827 0.673534
v 100.856155 198.410034 -309.531067
vn 0.195947 -0.980614 0.000000
v 90.525032 196.345657 -309.531067
vn 0.195947 -0.980614 0.000000
v 90.525024 196.345657 -144.477356
vn 0.195947 -0.980614 0.000000
v 100.856148 198.410034 -144.477356
vn 0.195947 -0.980614 0.000000
v 100.856148 198.410034 -144.477356
vn 0.144836 -0.724827 -0.673534
v 90.525024 196.345657 -144.477356
vn 0.144836 -0.724827 -0.673534
v 96.722771 192.212280 -138.696442
vn 0.144836 -0.724827 -0.673534
v 96.722771 192.212280 -138.696442
vn 0.000000 0.000000 -1.000000
v 18.645271 75.139969 -138.696442
vn 0.000000 0.000000 -1.000000
v 62.204639 46.089489 -138.696442
vn 0.000000 0.000000 -1.000000
v 140.282135 163.161804 -138.696442
vn 0.000000 0.000000 -1.000000
v 96.722778 192.212280 -315.311981
vn 0.000000 0.000000 1.000000
v 140.282150 163.161804 -315.311981
vn 0.000000 0.000000 1.000000
v 62.204651 46.089485 -315.311981
vn 0.000000 0.000000 1.000000
v 18.645281 75.139961 -315.311981
vn 0.000000 0.000000 1.000000
vt 0.722585 0.308859
vt 0.689329 0.294696
vt 0.722585 0.294696
f 3461/6673/3461 3462/6674/3462 3463/6675/3463
vt 0.988577 0.294653
vt 0.956318 0.308859
vt 0.956318 0.294696
f 3468/6676/3468 3469/6677/3469 3470/6678/3470
vt 0.956318 0.012992
vt 0.988577 0.027113
vt 0.956318 0.027155
f 3475/6679/3475 3476/6680/3476 3477/6681/3477
vt 0.708188 0.992640
vt 0.749270 0.883839
vt 0.667105 0.883839
f 3486/6682/3486 3487/6683/3487 3488/6684/3488
vt 0.790352 0.992640
vt 0.831434 0.883839
vt 0.749270 0.883839
f 3489/6685/3489 3490/6686/3490 3487/6687/3487
vt 0.872517 0.992640
vt 0.913599 0.883839
vt 0.831434 0.883839
f 3491/6688/3491 3492/6689/3492 3490/6690/3490
vt 0.954681 0.992640
vt 0.995763 0.883839
vt 0.913599 0.883839
f 3493/6691/3493 3494/6692/3494 3492/6693/3492
vt 0.708188 0.992640
vt 0.749270 0.883839
vt 0.667105 0.883839
f 3486/6694/3486 3495/6695/3495 3496/6696/3496
vt 0.708188 0.992640
vt 0.749270 0.883839
vt 0.667105 0.883839
f 3486/6697/3486 3497/6698/3497 3498/6699/3498
vt 0.790352 0.992640
vt 0.831434 0.883839
vt 0.749270 0.883839
f 3489/6700/3489 3499/6701/3499 3497/6702/3497
vt 0.872516 0.992640
vt 0.913599 0.883839
vt 0.831434 0.883839
f 3500/6703/3500 3501/6704/3501 3499/6705/3499
vt 0.954681 0.992640
vt 0.995763 0.883839
vt 0.913599 0.883839
f 3493/6706/3493 3502/6707/3502 3501/6708/3501
vt 0.708188 0.992640
vt 0.749270 0.883839
vt 0.667105 0.883839
f 3486/6709/3486 3503/6710/3503 3504/6711/3504
vt 0.790352 0.992640
vt 0.831434 0.883839
vt 0.749270 0.883839
f 3489/6712/3489 3505/6713/3505 3503/6714/3503
vt 0.872517 0.992640
vt 0.913599 0.883839
vt 0.831434 0.883839
f 3491/6715/3491 3506/6716/3506 3505/6717/3505
vt 0.954681 0.992640
vt 0.995763 0.883839
vt 0.913599 0.883839
f 3493/6718/3493 3507/6719/3507 3506/6720/3506
vt 0.708187 0.992640
vt 0.749270 0.883839
vt 0.667105 0.883839
f 3508/6721/3508 3509/6722/3509 3510/6723/3510
vt 0.708187 0.992640
vt 0.749270 0.883839
vt 0.667105 0.883839
f 3508/6724/3508 3511/6725/3511 3512/6726/3512
vt 0.790352 0.992640
vt 0.831434 0.883839
vt 0.749270 0.883839
f 3489/6727/3489 3513/6728/3513 3511/6729/3511
vt 0.872516 0.992640
vt 0.913598 0.883839
vt 0.831434 0.883839
f 3500/6730/3500 3514/6731/3514 3513/6732/3513
vt 0.995763 0.883839
vt 0.913598 0.883839
vt 0.954681 0.992640
f 3517/6733/3517 3514/6734/3514 3493/6735/3493
vt 0.954681 0.331575
vt 0.913598 0.440376
vt 0.995763 0.440376
f 3600/6736/3600 3601/6737/3601 3602/6738/3602
vt 0.667105 0.440376
vt 0.749270 0.440376
vt 0.708188 0.331575
f 3603/6739/3603 3604/6740/3604 3605/6741/3605
vt 0.749270 0.440376
vt 0.831434 0.440376
vt 0.790352 0.331575
f 3604/6742/3604 3614/6743/3614 3615/6744/3615
vt 0.831434 0.440376
vt 0.913599 0.440376
vt 0.872517 0.331575
f 3614/6745/3614 3618/6746/3618 3619/6747/3619
vt 0.913599 0.440376
vt 0.995763 0.440376
vt 0.954681 0.331575
f 3618/6748/3618 3622/6749/3622 3600/6750/3600
vt 0.667105 0.440376
vt 0.749270 0.440376
vt 0.708188 0.331575
f 3625/6751/3625 3626/6752/3626 3605/6753/3605
vt 0.667105 0.440376
vt 0.749270 0.440376
vt 0.708188 0.331575
f 3631/6754/3631 3632/6755/3632 3605/6756/3605
vt 0.749270 0.440376
vt 0.831434 0.440376
vt 0.790352 0.331575
f 3632/6757/3632 3637/6758/3637 3615/6759/3615
vt 0.831434 0.440376
vt 0.913599 0.440376
vt 0.872516 0.331575
f 3637/6760/3637 3640/6761/3640 3641/6762/3641
vt 0.913599 0.440376
vt 0.995763 0.440376
vt 0.954681 0.331575
f 3640/6763/3640 3644/6764/3644 3600/6765/3600
vt 0.667105 0.440376
vt 0.749270 0.440376
vt 0.708188 0.331575
f 3647/6766/3647 3648/6767/3648 3605/6768/3605
vt 0.749270 0.440376
vt 0.831434 0.440376
vt 0.790352 0.331575
f 3648/6769/3648 3653/6770/3653 3615/6771/3615
vt 0.831434 0.440376
vt 0.913599 0.440376
vt 0.872517 0.331575
f 3653/6772/3653 3656/6773/3656 3619/6774/3619
vt 0.913599 0.440376
vt 0.995763 0.440376
vt 0.954681 0.331575
f 3656/6775/3656 3659/6776/3659 3600/6777/3600
vt 0.667105 0.440376
vt 0.749270 0.440376
vt 0.708187 0.331575
f 3662/6778/3662 3663/6779/3663 3664/6780/3664
vt 0.667105 0.440376
vt 0.749270 0.440376
vt 0.708187 0.331575
f 3669/6781/3669 3670/6782/3670 3664/6783/3664
vt 0.749270 0.440376
vt 0.831434 0.440376
vt 0.790352 0.331575
f 3670/6784/3670 3675/6785/3675 3615/6786/3615
vt 0.831434 0.440376
vt 0.913598 0.440376
vt 0.872516 0.331575
f 3675/6787/3675 3601/6788/3601 3641/6789/3641
vt 0.464605 0.304169
vt 0.487782 0.304169
vt 0.487782 0.314138
f 3682/6790/3682 3683/6791/3683 3684/6792/3684
vt 0.960974 0.301706
vt 0.993031 0.300790
vt 0.960974 0.311290
f 3697/6793/3697 3698/6794/3698 3699/6795/3699
vt 0.984889 0.030947
vt 0.953319 0.017437
vt 0.953319 0.030988
f 3712/6796/3712 3713/6797/3713 3714/6798/3714
vt 0.722585 0.027155
vt 0.689329 0.027155
vt 0.722585 0.012992
f 3727/6799/3727 3728/6800/3728 3729/6801/3729
vt 0.724580 0.017437
vt 0.692035 0.030988
vt 0.724580 0.030988
f 3734/6802/3734 3735/6803/3735 3736/6804/3736
vt 0.722585 0.308859
vt 0.689329 0.294696
vt 0.722585 0.294696
f 3749/6805/3749 3750/6806/3750 3751/6807/3751
vt 0.988577 0.294653
vt 0.956318 0.308859
vt 0.956318 0.294696
f 3756/6808/3756 3757/6809/3757 3758/6810/3758
vt 0.956318 0.012992
vt 0.988577 0.027113
vt 0.956318 0.027155
f 3763/6811/3763 3764/6812/3764 3765/6813/3765
vt 0.708188 0.992640
vt 0.749270 0.883839
vt 0.667105 0.883839
f 3774/6814/3774 3775/6815/3775 3776/6816/3776
vt 0.790352 0.992640
vt 0.831434 0.883839
vt 0.749270 0.883839
f 3777/6817/3777 3778/6818/3778 3775/6819/3775
vt 0.872517 0.992640
vt 0.913599 0.883839
vt 0.831434 0.883839
f 3779/6820/3779 3780/6821/3780 3778/6822/3778
vt 0.954681 0.992640
vt 0.995763 0.883839
vt 0.913599 0.883839
f 3781/6823/3781 3782/6824/3782 3780/6825/3780
vt 0.708188 0.992640
vt 0.749270 0.883839
vt 0.667105 0.883839
f 3774/6826/3774 3783/6827/3783 3784/6828/3784
vt 0.708188 0.992640
vt 0.749270 0.883839
vt 0.667105 0.883839
f 3774/6829/3774 3785/6830/3785 3786/6831/3786
vt 0.790352 0.992640
vt 0.831434 0.883839
vt 0.749270 0.883839
f 3777/6832/3777 3787/6833/3787 3785/6834/3785
vt 0.872516 0.992640
vt 0.913599 0.883839
vt 0.831434 0.883839
f 3788/6835/3788 3789/6836/3789 3787/6837/3787
vt 0.954681 0.992640
vt 0.995763 0.883839
vt 0.913599 0.883839
f 3781/6838/3781 3790/6839/3790 3789/6840/3789
vt 0.708188 0.992640
vt 0.749270 0.883839
vt 0.667105 0.883839
f 3774/6841/3774 3791/6842/3791 3792/6843/3792
vt 0.790352 0.992640
vt 0.831434 0.883839
vt 0.749270 0.883839
f 3777/6844/3777 3793/6845/3793 3791/6846/3791
vt 0.872517 0.992640
vt 0.913599 0.883839
vt 0.831434 0.883839
f 3779/6847/3779 3794/6848/3794 3793/6849/3793
vt 0.954681 0.992640
vt 0.995763 0.883839
vt 0.913599 0.883839
f 3781/6850/3781 3795/6851/3795 3794/6852/3794
vt 0.708187 0.992640
vt 0.749270 0.883839
vt 0.667105 0.883839
f 3796/6853/3796 3797/6854/3797 3798/6855/3798
vt 0.708187 0.992640
vt 0.749270 0.883839
vt 0.667105 0.883839
f 3796/6856/3796 3799/6857/3799 3800/6858/3800
vt 0.790352 0.992640
vt 0.831434 0.883839
vt 0.749270 0.883839
f 3777/6859/3777 3801/6860/3801 3799/6861/3799
vt 0.872516 0.992640
vt 0.913598 0.883839
vt 0.831434 0.883839
f 3788/6862/3788 3802/6863/3802 3801/6864/3801
vt 0.995763 0.883839
vt 0.913598 0.883839
vt 0.954681 0.992640
f 3805/6865/3805 3802/6866/3802 3781/6867/3781
vt 0.954681 0.331575
vt 0.913598 0.440376
vt 0.995763 0.440376
f 3888/6868/3888 3889/6869/3889 3890/6870/3890
vt 0.667105 0.440376
vt 0.749270 0.440376
vt 0.708188 0.331575
f 3891/6871/3891 3892/6872/3892 3893/6873/3893
vt 0.749270 0.440376
vt 0.831434 0.440376
vt 0.790352 0.331575
f 3892/6874/3892 3902/6875/3902 3903/6876/3903
vt 0.831434 0.440376
vt 0.913599 0.440376
vt 0.872517 0.331575
f 3902/6877/3902 3906/6878/3906 3907/6879/3907
vt 0.913599 0.440376
vt 0.995763 0.440376
vt 0.954681 0.331575
f 3906/6880/3906 3910/6881/3910 3888/6882/3888
vt 0.667105 0.440376
vt 0.749270 0.440376
vt 0.708188 0.331575
f 3913/6883/3913 3914/6884/3914 3893/6885/3893
vt 0.667105 0.440376
vt 0.749270 0.440376
vt 0.708188 0.331575
f 3919/6886/3919 3920/6887/3920 3893/6888/3893
vt 0.749270 0.440376
vt 0.831434 0.440376
vt 0.790352 0.331575
f 3920/6889/3920 3925/6890/3925 3903/6891/3903
vt 0.831434 0.440376
vt 0.913599 0.440376
vt 0.872516 0.331575
f 3925/6892/3925 3928/6893/3928 3929/6894/3929
vt 0.913599 0.440376
vt 0.995763 0.440376
vt 0.954681 0.331575
f 3928/6895/3928 3932/6896/3932 3888/6897/3888
vt 0.667105 0.440376
vt 0.749270 0.440376
vt 0.708188 0.331575
f 3935/6898/3935 3936/6899/3936 3893/6900/3893
vt 0.749270 0.440376
vt 0.831434 0.440376
vt 0.790352 0.331575
f 3936/6901/3936 3941/6902/3941 3903/6903/3903
vt 0.831434 0.440376
vt 0.913599 0.440376
vt 0.872517 0.331575
f 3941/6904/3941 3944/6905/3944 3907/6906/3907
vt 0.913599 0.440376
vt 0.995763 0.440376
vt 0.954681 0.331575
f 3944/6907/3944 3947/6908/3947 3888/6909/3888
vt 0.667105 0.440376
vt 0.749270 0.440376
vt 0.708187 0.331575
f 3950/6910/3950 3951/6911/3951 3952/6912/3952
vt 0.667105 0.440376
vt 0.749270 0.440376
vt 0.708187 0.331575
f 3957/6913/3957 3958/6914/3958 3952/6915/3952
vt 0.749270 0.440376
vt 0.831434 0.440376
vt 0.790352 0.331575
f 3958/6916/3958 3963/6917/3963 3903/6918/3903
vt 0.831434 0.440376
vt 0.913598 0.440376
vt 0.872516 0.331575
f 3963/6919/3963 3889/6920/3889 3929/6921/3929
vt 0.464605 0.304169
vt 0.487782 0.304169
vt 0.487782 0.314138
f 3970/6922/3970 3971/6923/3971 3972/6924/3972
vt 0.960974 0.301706
vt 0.993031 0.300790
vt 0.960974 0.311290
f 3985/6925/3985 3986/6926/3986 3987/6927/3987
vt 0.984889 0.030947
vt 0.953319 0.017437
vt 0.953319 0.030988
f 4000/6928/4000 4001/6929/4001 4002/6930/4002
vt 0.722585 0.027155
vt 0.689329 0.027155
vt 0.722585 0.012992
f 4015/6931/4015 4016/6932/4016 4017/6933/4017
vt 0.724580 0.017437
vt 0.692035 0.030988
vt 0.724580 0.030988
f 4022/6934/4022 4023/6935/4023 4024/6936/4024
vt 0.722585 0.308859
vt 0.689329 0.294696
vt 0.722585 0.294696
f 4037/6937/4037 4038/6938/4038 4039/6939/4039
vt 0.988577 0.294653
vt 0.956318 0.308859
vt 0.956318 0.294696
f 4044/6940/4044 4045/6941/4045 4046/6942/4046
vt 0.956318 0.012992
vt 0.988577 0.027113
vt 0.956318 0.027155
f 4051/6943/4051 4052/6944/4052 4053/6945/4053
vt 0.708188 0.992640
vt 0.749270 0.883839
vt 0.667105 0.883839
f 4062/6946/4062 4063/6947/4063 4064/6948/4064
vt 0.790352 0.992640
vt 0.831434 0.883839
vt 0.749270 0.883839
f 4065/6949/4065 4066/6950/4066 4063/6951/4063
vt 0.872517 0.992640
vt 0.913599 0.883839
vt 0.831434 0.883839
f 4067/6952/4067 4068/6953/4068 4066/6954/4066
vt 0.954681 0.992640
vt 0.995763 0.883839
vt 0.913599 0.883839
f 4069/6955/4069 4070/6956/4070 4068/6957/4068
vt 0.708188 0.992640
vt 0.749270 0.883839
vt 0.667105 0.883839
f 4062/6958/4062 4071/6959/4071 4072/6960/4072
vt 0.708188 0.992640
vt 0.749270 0.883839
vt 0.667105 0.883839
f 4062/6961/4062 4073/6962/4073 4074/6963/4074
vt 0.790352 0.992640
vt 0.831434 0.883839
vt 0.749270 0.883839
f 4065/6964/4065 4075/6965/4075 4073/6966/4073
vt 0.872516 0.992640
vt 0.913599 0.883839
vt 0.831434 0.883839
f 4076/6967/4076 4077/6968/4077 4075/6969/4075
vt 0.954681 0.992640
vt 0.995763 0.883839
vt 0.913599 0.883839
f 4069/6970/4069 4078/6971/4078 4077/6972/4077
vt 0.708188 0.992640
vt 0.749270 0.883839
vt 0.667105 0.883839
f 4062/6973/4062 4079/6974/4079 4080/6975/4080
vt 0.790352 0.992640
vt 0.831434 0.883839
vt 0.749270 0.883839
f 4065/6976/4065 4081/6977/4081 4079/6978/4079
vt 0.872517 0.992640
vt 0.913599 0.883839
vt 0.831434 0.883839
f 4067/6979/4067 4082/6980/4082 4081/6981/4081
vt 0.954681 0.992640
vt 0.995763 0.883839
vt 0.913599 0.883839
f 4069/6982/4069 4083/6983/4083 4082/6984/4082
vt 0.708187 0.992640
vt 0.749270 0.883839
vt 0.667105 0.883839
f 4084/6985/4084 4085/6986/4085 4086/6987/4086
vt 0.708187 0.992640
vt 0.749270 0.883839
vt 0.667105 0.883839
f 4084/6988/4084 4087/6989/4087 4088/6990/4088
vt 0.790352 0.992640
vt 0.831434 0.883839
vt 0.749270 0.883839
f 4065/6991/4065 4089/6992/4089 4087/6993/4087
vt 0.872516 0.992640
vt 0.913598 0.883839
vt 0.831434 0.883839
f 4076/6994/4076 4090/6995/4090 4089/6996/4089
vt 0.995763 0.883839
vt 0.913598 0.883839
vt 0.954681 0.992640
f 4093/6997/4093 4090/6998/4090 4069/6999/4069
vt 0.954681 0.331575
vt 0.913598 0.440376
vt 0.995763 0.440376
f 4176/7000/4176 4177/7001/4177 4178/7002/4178
vt 0.667105 0.440376
vt 0.749270 0.440376
vt 0.708188 0.331575
f 4179/7003/4179 4180/7004/4180 4181/7005/4181
vt 0.749270 0.440376
vt 0.831434 0.440376
vt 0.790352 0.331575
f 4180/7006/4180 4190/7007/4190 4191/7008/4191
vt 0.831434 0.440376
vt 0.913599 0.440376
vt 0.872517 0.331575
f 4190/7009/4190 4194/7010/4194 4195/7011/4195
vt 0.913599 0.440376
vt 0.995763 0.440376
vt 0.954681 0.331575
f 4194/7012/4194 4198/7013/4198 4176/7014/4176
vt 0.667105 0.440376
vt 0.749270 0.440376
vt 0.708188 0.331575
f 4201/7015/4201 4202/7016/4202 4181/7017/4181
vt 0.667105 0.440376
vt 0.749270 0.440376
vt 0.708188 0.331575
f 4207/7018/4207 4208/7019/4208 4181/7020/4181
vt 0.749270 0.440376
vt 0.831434 0.440376
vt 0.790352 0.331575
f 4208/7021/4208 4213/7022/4213 4191/7023/4191
vt 0.831434 0.440376
vt 0.913599 0.440376
vt 0.872516 0.331575
f 4213/7024/4213 4216/7025/4216 4217/7026/4217
vt 0.913599 0.440376
vt 0.995763 0.440376
vt 0.954681 0.331575
f 4216/7027/4216 4220/7028/4220 4176/7029/4176
vt 0.667105 0.440376
vt 0.749270 0.440376
vt 0.708188 0.331575
f 4223/7030/4223 4224/7031/4224 4181/7032/4181
vt 0.749270 0.440376
vt 0.831434 0.440376
vt 0.790352 0.331575
f 4224/7033/4224 4229/7034/4229 4191/7035/4191
vt 0.831434 0.440376
vt 0.913599 0.440376
vt 0.872517 0.331575
f 4229/7036/4229 4232/7037/4232 4195/7038/4195
vt 0.913599 0.440376
vt 0.995763 0.440376
vt 0.954681 0.331575
f 4232/7039/4232 4235/7040/4235 4176/7041/4176
vt 0.667105 0.440376
vt 0.749270 0.440376
vt 0.708187 0.331575
f 4238/7042/4238 4239/7043/4239 4240/7044/4240
vt 0.667105 0.440376
vt 0.749270 0.440376
vt 0.708187 0.331575
f 4245/7045/4245 4246/7046/4246 4240/7047/4240
vt 0.749270 0.440376
vt 0.831434 0.440376
vt 0.790352 0.331575
f 4246/7048/4246 4251/7049/4251 4191/7050/4191
vt 0.831434 0.440376
vt 0.913598 0.440376
vt 0.872516 0.331575
f 4251/7051/4251 4177/7052/4177 4217/7053/4217
vt 0.464605 0.304169
vt 0.487782 0.304169
vt 0.487782 0.314138
f 4258/7054/4258 4259/7055/4259 4260/7056/4260
vt 0.960974 0.301706
vt 0.993031 0.300790
vt 0.960974 0.311290
f 4273/7057/4273 4274/7058/4274 4275/7059/4275
vt 0.984889 0.030947
vt 0.953319 0.017437
vt 0.953319 0.030988
f 4288/7060/4288 4289/7061/4289 4290/7062/4290
vt 0.722585 0.027155
vt 0.689329 0.027155
vt 0.722585 0.012992
f 4303/7063/4303 4304/7064/4304 4305/7065/4305
vt 0.724580 0.017437
vt 0.692035 0.030988
vt 0.724580 0.030988
f 4310/7066/4310 4311/7067/4311 4312/7068/4312
vt 0.722585 0.294696
vt 0.689329 0.294696
vt 0.689329 0.027155
vt 0.722585 0.027155
f 3457/7069/3457 3458/7070/3458 3459/7071/3459 3460/7072/3460
vt 0.956318 0.308859
vt 0.722585 0.308859
vt 0.722585 0.294696
vt 0.956318 0.294696
f 3464/7073/3464 3465/7074/3465 3466/7075/3466 3467/7076/3467
vt 0.988577 0.027113
vt 0.988577 0.294653
vt 0.956318 0.294696
vt 0.956318 0.027155
f 3471/7077/3471 3472/7078/3472 3473/7079/3473 3474/7080/3474
vt 0.185529 0.314427
vt 0.185529 0.024261
vt 0.496749 0.024261
vt 0.496749 0.314427
f 3478/7081/3478 3479/7082/3479 3480/7083/3480 3481/7084/3481
vt 0.724580 0.030988
vt 0.692035 0.030988
vt 0.692035 0.286956
vt 0.724580 0.286956
f 3482/7085/3482 3483/7086/3483 3484/7087/3484 3485/7088/3485
vt 0.667105 0.883839
vt 0.749270 0.883839
vt 0.749270 0.773980
vt 0.667105 0.773980
f 3488/7089/3488 3487/7090/3487 3515/7091/3515 3516/7092/3516
vt 0.667105 0.773980
vt 0.749270 0.773980
vt 0.749270 0.662107
vt 0.667105 0.662107
f 3516/7093/3516 3515/7094/3515 3518/7095/3518 3519/7096/3519
vt 0.995763 0.773980
vt 0.913598 0.773980
vt 0.913598 0.883839
vt 0.995763 0.883839
f 3520/7097/3520 3521/7098/3521 3514/7099/3514 3517/7100/3517
vt 0.995763 0.662107
vt 0.913598 0.662107
vt 0.913598 0.773980
vt 0.995763 0.773980
f 3522/7101/3522 3523/7102/3523 3521/7103/3521 3520/7104/3520
vt 0.749270 0.883839
vt 0.831434 0.883839
vt 0.831434 0.773980
vt 0.749270 0.773980
f 3487/7105/3487 3490/7106/3490 3524/7107/3524 3515/7108/3515
vt 0.749270 0.773980
vt 0.831434 0.773980
vt 0.831434 0.662107
vt 0.749270 0.662107
f 3515/7109/3515 3524/7110/3524 3525/7111/3525 3518/7112/3518
vt 0.007299 0.338753
vt 0.089775 0.338753
vt 0.089775 0.662107
vt 0.007299 0.662107
f 3526/7113/3526 3527/7114/3527 3528/7115/3528 3529/7116/3529
vt 0.831434 0.883839
vt 0.913599 0.883839
vt 0.913599 0.773980
vt 0.831434 0.773980
f 3490/7117/3490 3492/7118/3492 3530/7119/3530 3524/7120/3524
vt 0.831434 0.773980
vt 0.913599 0.773980
vt 0.913599 0.662107
vt 0.831434 0.662107
f 3524/7121/3524 3530/7122/3530 3531/7123/3531 3525/7124/3525
vt 0.089775 0.338753
vt 0.172250 0.338753
vt 0.172250 0.662107
vt 0.089775 0.662107
f 3527/7125/3527 3532/7126/3532 3533/7127/3533 3528/7128/3528
vt 0.913599 0.883839
vt 0.995763 0.883839
vt 0.995763 0.773980
vt 0.913599 0.773980
f 3492/7129/3492 3494/7130/3494 3534/7131/3534 3530/7132/3530
vt 0.913599 0.773980
vt 0.995763 0.773980
vt 0.995763 0.662107
vt 0.913599 0.662107
f 3530/7133/3530 3534/7134/3534 3535/7135/3535 3531/7136/3531
vt 0.172250 0.338753
vt 0.254726 0.338753
vt 0.254726 0.662107
vt 0.172250 0.662107
f 3532/7137/3532 3536/7138/3536 3537/7139/3537 3533/7140/3533
vt 0.667105 0.883839
vt 0.749270 0.883839
vt 0.749270 0.773980
vt 0.667105 0.773980
f 3496/7141/3496 3495/7142/3495 3538/7143/3538 3539/7144/3539
vt 0.667105 0.773980
vt 0.749270 0.773980
vt 0.749270 0.662107
vt 0.667105 0.662107
f 3539/7145/3539 3538/7146/3538 3540/7147/3540 3541/7148/3541
vt 0.254726 0.338753
vt 0.337202 0.338753
vt 0.337202 0.662107
vt 0.254726 0.662107
f 3536/7149/3536 3542/7150/3542 3543/7151/3543 3537/7152/3537
vt 0.667105 0.883839
vt 0.749270 0.883839
vt 0.749270 0.773980
vt 0.667105 0.773980
f 3498/7153/3498 3497/7154/3497 3544/7155/3544 3545/7156/3545
vt 0.667105 0.773980
vt 0.749270 0.773980
vt 0.749270 0.662107
vt 0.667105 0.662107
f 3545/7157/3545 3544/7158/3544 3546/7159/3546 3547/7160/3547
vt 0.337202 0.338753
vt 0.419678 0.338753
vt 0.419678 0.662107
vt 0.337202 0.662107
f 3542/7161/3542 3548/7162/3548 3549/7163/3549 3543/7164/3543
vt 0.749270 0.883839
vt 0.831434 0.883839
vt 0.831434 0.773980
vt 0.749270 0.773980
f 3497/7165/3497 3499/7166/3499 3550/7167/3550 3544/7168/3544
vt 0.749270 0.773980
vt 0.831434 0.773980
vt 0.831434 0.662107
vt 0.749270 0.662107
f 3544/7169/3544 3550/7170/3550 3551/7171/3551 3546/7172/3546
vt 0.419678 0.338753
vt 0.502154 0.338753
vt 0.502154 0.662107
vt 0.419678 0.662107
f 3548/7173/3548 3552/7174/3552 3553/7175/3553 3549/7176/3549
vt 0.831434 0.883839
vt 0.913599 0.883839
vt 0.913599 0.773980
vt 0.831434 0.773980
f 3499/7177/3499 3501/7178/3501 3554/7179/3554 3550/7180/3550
vt 0.831434 0.773980
vt 0.913599 0.773980
vt 0.913599 0.662107
vt 0.831434 0.662107
f 3550/7181/3550 3554/7182/3554 3555/7183/3555 3551/7184/3551
vt 0.502154 0.338753
vt 0.584629 0.338753
vt 0.584629 0.662107
vt 0.502154 0.662107
f 3552/7185/3552 3556/7186/3556 3557/7187/3557 3553/7188/3553
vt 0.913599 0.883839
vt 0.995763 0.883839
vt 0.995763 0.773980
vt 0.913599 0.773980
f 3501/7189/3501 3502/7190/3502 3558/7191/3558 3554/7192/3554
vt 0.913599 0.773980
vt 0.995763 0.773980
vt 0.995763 0.662107
vt 0.913599 0.662107
f 3554/7193/3554 3558/7194/3558 3559/7195/3559 3555/7196/3555
vt 0.584629 0.338753
vt 0.667105 0.338753
vt 0.667105 0.662107
vt 0.584629 0.662107
f 3556/7197/3556 3560/7198/3560 3561/7199/3561 3557/7200/3557
vt 0.667105 0.883839
vt 0.749270 0.883839
vt 0.749270 0.773980
vt 0.667105 0.773980
f 3504/7201/3504 3503/7202/3503 3562/7203/3562 3563/7204/3563
vt 0.667105 0.773980
vt 0.749270 0.773980
vt 0.749270 0.662107
vt 0.667105 0.662107
f 3563/7205/3563 3562/7206/3562 3564/7207/3564 3565/7208/3565
vt 0.007299 0.662107
vt 0.089775 0.662107
vt 0.089775 0.985462
vt 0.007299 0.985462
f 3566/7209/3566 3567/7210/3567 3568/7211/3568 3569/7212/3569
vt 0.749270 0.883839
vt 0.831434 0.883839
vt 0.831434 0.773980
vt 0.749270 0.773980
f 3503/7213/3503 3505/7214/3505 3570/7215/3570 3562/7216/3562
vt 0.749270 0.773980
vt 0.831434 0.773980
vt 0.831434 0.662107
vt 0.749270 0.662107
f 3562/7217/3562 3570/7218/3570 3571/7219/3571 3564/7220/3564
vt 0.089775 0.662107
vt 0.172250 0.662107
vt 0.172250 0.985462
vt 0.089775 0.985462
f 3567/7221/3567 3572/7222/3572 3573/7223/3573 3568/7224/3568
vt 0.831434 0.883839
vt 0.913599 0.883839
vt 0.913599 0.773980
vt 0.831434 0.773980
f 3505/7225/3505 3506/7226/3506 3574/7227/3574 3570/7228/3570
vt 0.831434 0.773980
vt 0.913599 0.773980
vt 0.913599 0.662107
vt 0.831434 0.662107
f 3570/7229/3570 3574/7230/3574 3575/7231/3575 3571/7232/3571
vt 0.172250 0.662107
vt 0.254726 0.662107
vt 0.254726 0.985462
vt 0.172250 0.985462
f 3572/7233/3572 3576/7234/3576 3577/7235/3577 3573/7236/3573
vt 0.913599 0.883839
vt 0.995763 0.883839
vt 0.995763 0.773980
vt 0.913599 0.773980
f 3506/7237/3506 3507/7238/3507 3578/7239/3578 3574/7240/3574
vt 0.913599 0.773980
vt 0.995763 0.773980
vt 0.995763 0.662107
vt 0.913599 0.662107
f 3574/7241/3574 3578/7242/3578 3579/7243/3579 3575/7244/3575
vt 0.254726 0.662107
vt 0.337202 0.662107
vt 0.337202 0.985462
vt 0.254726 0.985462
f 3576/7245/3576 3580/7246/3580 3581/7247/3581 3577/7248/3577
vt 0.667105 0.883839
vt 0.749270 0.883839
vt 0.749270 0.773980
vt 0.667105 0.773980
f 3510/7249/3510 3509/7250/3509 3582/7251/3582 3583/7252/3583
vt 0.667105 0.773980
vt 0.749270 0.773980
vt 0.749270 0.662107
vt 0.667105 0.662107
f 3583/7253/3583 3582/7254/3582 3584/7255/3584 3585/7256/3585
vt 0.337202 0.662107
vt 0.419678 0.662107
vt 0.419678 0.985462
vt 0.337202 0.985462
f 3580/7257/3580 3586/7258/3586 3587/7259/3587 3581/7260/3581
vt 0.667105 0.883839
vt 0.749270 0.883839
vt 0.749270 0.773980
vt 0.667105 0.773980
f 3512/7261/3512 3511/7262/3511 3588/7263/3588 3589/7264/3589
vt 0.667105 0.773980
vt 0.749270 0.773980
vt 0.749270 0.662107
vt 0.667105 0.662107
f 3589/7265/3589 3588/7266/3588 3590/7267/3590 3591/7268/3591
vt 0.419678 0.662107
vt 0.502154 0.662107
vt 0.502154 0.985462
vt 0.419678 0.985462
f 3586/7269/3586 3592/7270/3592 3593/7271/3593 3587/7272/3587
vt 0.749270 0.883839
vt 0.831434 0.883839
vt 0.831434 0.773980
vt 0.749270 0.773980
f 3511/7273/3511 3513/7274/3513 3594/7275/3594 3588/7276/3588
vt 0.749270 0.773980
vt 0.831434 0.773980
vt 0.831434 0.662107
vt 0.749270 0.662107
f 3588/7277/3588 3594/7278/3594 3595/7279/3595 3590/7280/3590
vt 0.502154 0.662107
vt 0.584630 0.662107
vt 0.584630 0.985462
vt 0.502154 0.985462
f 3592/7281/3592 3596/7282/3596 3597/7283/3597 3593/7284/3593
vt 0.831434 0.883839
vt 0.913598 0.883839
vt 0.913598 0.773980
vt 0.831434 0.773980
f 3513/7285/3513 3514/7286/3514 3521/7287/3521 3594/7288/3594
vt 0.831434 0.773980
vt 0.913598 0.773980
vt 0.913598 0.662107
vt 0.831434 0.662107
f 3594/7289/3594 3521/7290/3521 3523/7291/3523 3595/7292/3595
vt 0.584630 0.662107
vt 0.667105 0.662107
vt 0.667105 0.985462
vt 0.584630 0.985462
f 3596/7293/3596 3598/7294/3598 3599/7295/3599 3597/7296/3597
vt 0.995763 0.440376
vt 0.913598 0.440376
vt 0.913598 0.550234
vt 0.995763 0.550234
f 3602/7297/3602 3601/7298/3601 3606/7299/3606 3607/7300/3607
vt 0.667105 0.550234
vt 0.749270 0.550234
vt 0.749270 0.440376
vt 0.667105 0.440376
f 3608/7301/3608 3609/7302/3609 3604/7303/3604 3603/7304/3603
vt 0.995763 0.550234
vt 0.913598 0.550234
vt 0.913598 0.662107
vt 0.995763 0.662107
f 3607/7305/3607 3606/7306/3606 3610/7307/3610 3611/7308/3611
vt 0.667105 0.662107
vt 0.749270 0.662107
vt 0.749270 0.550234
vt 0.667105 0.550234
f 3612/7309/3612 3613/7310/3613 3609/7311/3609 3608/7312/3608
vt 0.749270 0.550234
vt 0.831434 0.550234
vt 0.831434 0.440376
vt 0.749270 0.440376
f 3609/7313/3609 3616/7314/3616 3614/7315/3614 3604/7316/3604
vt 0.749270 0.662107
vt 0.831434 0.662107
vt 0.831434 0.550234
vt 0.749270 0.550234
f 3613/7317/3613 3617/7318/3617 3616/7319/3616 3609/7320/3609
vt 0.831434 0.550234
vt 0.913599 0.550234
vt 0.913599 0.440376
vt 0.831434 0.440376
f 3616/7321/3616 3620/7322/3620 3618/7323/3618 3614/7324/3614
vt 0.831434 0.662107
vt 0.913599 0.662107
vt 0.913599 0.550234
vt 0.831434 0.550234
f 3617/7325/3617 3621/7326/3621 3620/7327/3620 3616/7328/3616
vt 0.913599 0.550234
vt 0.995763 0.550234
vt 0.995763 0.440376
vt 0.913599 0.440376
f 3620/7329/3620 3623/7330/3623 3622/7331/3622 3618/7332/3618
vt 0.913599 0.662107
vt 0.995763 0.662107
vt 0.995763 0.550234
vt 0.913599 0.550234
f 3621/7333/3621 3624/7334/3624 3623/7335/3623 3620/7336/3620
vt 0.667105 0.550234
vt 0.749270 0.550234
vt 0.749270 0.440376
vt 0.667105 0.440376
f 3627/7337/3627 3628/7338/3628 3626/7339/3626 3625/7340/3625
vt 0.667105 0.662107
vt 0.749270 0.662107
vt 0.749270 0.550234
vt 0.667105 0.550234
f 3629/7341/3629 3630/7342/3630 3628/7343/3628 3627/7344/3627
vt 0.667105 0.550234
vt 0.749270 0.550234
vt 0.749270 0.440376
vt 0.667105 0.440376
f 3633/7345/3633 3634/7346/3634 3632/7347/3632 3631/7348/3631
vt 0.667105 0.662107
vt 0.749270 0.662107
vt 0.749270 0.550234
vt 0.667105 0.550234
f 3635/7349/3635 3636/7350/3636 3634/7351/3634 3633/7352/3633
vt 0.749270 0.550234
vt 0.831434 0.550234
vt 0.831434 0.440376
vt 0.749270 0.440376
f 3634/7353/3634 3638/7354/3638 3637/7355/3637 3632/7356/3632
vt 0.749270 0.662107
vt 0.831434 0.662107
vt 0.831434 0.550234
vt 0.749270 0.550234
f 3636/7357/3636 3639/7358/3639 3638/7359/3638 3634/7360/3634
vt 0.831434 0.550234
vt 0.913599 0.550234
vt 0.913599 0.440376
vt 0.831434 0.440376
f 3638/7361/3638 3642/7362/3642 3640/7363/3640 3637/7364/3637
vt 0.831434 0.662107
vt 0.913599 0.662107
vt 0.913599 0.550234
vt 0.831434 0.550234
f 3639/7365/3639 3643/7366/3643 3642/7367/3642 3638/7368/3638
vt 0.913599 0.550234
vt 0.995763 0.550234
vt 0.995763 0.440376
vt 0.913599 0.440376
f 3642/7369/3642 3645/7370/3645 3644/7371/3644 3640/7372/3640
vt 0.913599 0.662107
vt 0.995763 0.662107
vt 0.995763 0.550234
vt 0.913599 0.550234
f 3643/7373/3643 3646/7374/3646 3645/7375/3645 3642/7376/3642
vt 0.667105 0.550234
vt 0.749270 0.550234
vt 0.749270 0.440376
vt 0.667105 0.440376
f 3649/7377/3649 3650/7378/3650 3648/7379/3648 3647/7380/3647
vt 0.667105 0.662107
vt 0.749270 0.662107
vt 0.749270 0.550234
vt 0.667105 0.550234
f 3651/7381/3651 3652/7382/3652 3650/7383/3650 3649/7384/3649
vt 0.749270 0.550234
vt 0.831434 0.550234
vt 0.831434 0.440376
vt 0.749270 0.440376
f 3650/7385/3650 3654/7386/3654 3653/7387/3653 3648/7388/3648
vt 0.749270 0.662107
vt 0.831434 0.662107
vt 0.831434 0.550234
vt 0.749270 0.550234
f 3652/7389/3652 3655/7390/3655 3654/7391/3654 3650/7392/3650
vt 0.831434 0.550234
vt 0.913599 0.550234
vt 0.913599 0.440376
vt 0.831434 0.440376
f 3654/7393/3654 3657/7394/3657 3656/7395/3656 3653/7396/3653
vt 0.831434 0.662107
vt 0.913599 0.662107
vt 0.913599 0.550234
vt 0.831434 0.550234
f 3655/7397/3655 3658/7398/3658 3657/7399/3657 3654/7400/3654
vt 0.913599 0.550234
vt 0.995763 0.550234
vt 0.995763 0.440376
vt 0.913599 0.440376
f 3657/7401/3657 3660/7402/3660 3659/7403/3659 3656/7404/3656
vt 0.913599 0.662107
vt 0.995763 0.662107
vt 0.995763 0.550234
vt 0.913599 0.550234
f 3658/7405/3658 3661/7406/3661 3660/7407/3660 3657/7408/3657
vt 0.667105 0.550234
vt 0.749270 0.550234
vt 0.749270 0.440376
vt 0.667105 0.440376
f 3665/7409/3665 3666/7410/3666 3663/7411/3663 3662/7412/3662
vt 0.667105 0.662107
vt 0.749270 0.662107
vt 0.749270 0.550234
vt 0.667105 0.550234
f 3667/7413/3667 3668/7414/3668 3666/7415/3666 3665/7416/3665
vt 0.667105 0.550234
vt 0.749270 0.550234
vt 0.749270 0.440376
vt 0.667105 0.440376
f 3671/7417/3671 3672/7418/3672 3670/7419/3670 3669/7420/3669
vt 0.667105 0.662107
vt 0.749270 0.662107
vt 0.749270 0.550234
vt 0.667105 0.550234
f 3673/7421/3673 3674/7422/3674 3672/7423/3672 3671/7424/3671
vt 0.749270 0.550234
vt 0.831434 0.550234
vt 0.831434 0.440376
vt 0.749270 0.440376
f 3672/7425/3672 3676/7426/3676 3675/7427/3675 3670/7428/3670
vt 0.749270 0.662107
vt 0.831434 0.662107
vt 0.831434 0.550234
vt 0.749270 0.550234
f 3674/7429/3674 3677/7430/3677 3676/7431/3676 3672/7432/3672
vt 0.831434 0.550234
vt 0.913598 0.550234
vt 0.913598 0.440376
vt 0.831434 0.440376
f 3676/7433/3676 3606/7434/3606 3601/7435/3601 3675/7436/3675
vt 0.831434 0.662107
vt 0.913598 0.662107
vt 0.913598 0.550234
vt 0.831434 0.550234
f 3677/7437/3677 3610/7438/3610 3606/7439/3606 3676/7440/3676
vt 0.522048 0.321874
vt 0.522048 0.016450
vt 0.538158 0.016450
vt 0.538158 0.321874
f 3678/7441/3678 3679/7442/3679 3680/7443/3680 3681/7444/3681
vt 0.538158 0.321874
vt 0.538158 0.016450
vt 0.651381 0.016450
vt 0.651381 0.321874
f 3685/7445/3685 3686/7446/3686 3687/7447/3687 3688/7448/3688
vt 0.728710 0.311290
vt 0.728710 0.301706
vt 0.960974 0.301706
vt 0.960974 0.311290
f 3689/7449/3689 3690/7450/3690 3691/7451/3691 3692/7452/3692
vt 0.651381 0.321874
vt 0.651381 0.016450
vt 0.667008 0.015428
vt 0.667008 0.320853
f 3693/7453/3693 3694/7454/3694 3695/7455/3695 3696/7456/3696
vt 0.185529 0.314427
vt 0.185529 0.024261
vt 0.496749 0.024261
vt 0.496749 0.314427
f 3700/7457/3700 3701/7458/3701 3702/7459/3702 3703/7460/3703
vt 0.953319 0.286956
vt 0.984889 0.286915
vt 0.984889 0.030947
vt 0.953319 0.030988
f 3704/7461/3704 3705/7462/3705 3706/7463/3706 3707/7464/3707
vt 0.497123 0.312804
vt 0.497123 0.016382
vt 0.464129 0.017374
vt 0.464129 0.313796
f 3708/7465/3708 3709/7466/3709 3710/7467/3710 3711/7468/3711
vt 0.956318 0.012992
vt 0.956318 0.027155
vt 0.722585 0.027155
vt 0.722585 0.012992
f 3715/7469/3715 3716/7470/3716 3717/7471/3717 3718/7472/3718
vt 0.464129 0.313796
vt 0.464129 0.017374
vt 0.225073 0.017374
vt 0.225073 0.313796
f 3719/7473/3719 3720/7474/3720 3721/7475/3721 3722/7476/3722
vt 0.953319 0.017437
vt 0.724580 0.017437
vt 0.724580 0.030988
vt 0.953319 0.030988
f 3723/7477/3723 3724/7478/3724 3725/7479/3725 3726/7480/3726
vt 0.225073 0.017374
vt 0.191059 0.017374
vt 0.191059 0.313796
vt 0.225073 0.313796
f 3730/7481/3730 3731/7482/3731 3732/7483/3732 3733/7484/3733
vt 0.724580 0.030988
vt 0.724580 0.286956
vt 0.953319 0.286956
vt 0.953319 0.030988
f 3737/7485/3737 3738/7486/3738 3739/7487/3739 3740/7488/3740
vt 0.722585 0.027155
vt 0.956318 0.027155
vt 0.956318 0.294696
vt 0.722585 0.294696
f 3741/7489/3741 3742/7490/3742 3743/7491/3743 3744/7492/3744
vt 0.722585 0.294696
vt 0.689329 0.294696
vt 0.689329 0.027155
vt 0.722585 0.027155
f 3745/7493/3745 3746/7494/3746 3747/7495/3747 3748/7496/3748
vt 0.956318 0.308859
vt 0.722585 0.308859
vt 0.722585 0.294696
vt 0.956318 0.294696
f 3752/7497/3752 3753/7498/3753 3754/7499/3754 3755/7500/3755
vt 0.988577 0.027113
vt 0.988577 0.294653
vt 0.956318 0.294696
vt 0.956318 0.027155
f 3759/7501/3759 3760/7502/3760 3761/7503/3761 3762/7504/3762
vt 0.185529 0.314427
vt 0.185529 0.024261
vt 0.496749 0.024261
vt 0.496749 0.314427
f 3766/7505/3766 3767/7506/3767 3768/7507/3768 3769/7508/3769
vt 0.724580 0.030988
vt 0.692035 0.030988
vt 0.692035 0.286956
vt 0.724580 0.286956
f 3770/7509/3770 3771/7510/3771 3772/7511/3772 3773/7512/3773
vt 0.667105 0.883839
vt 0.749270 0.883839
vt 0.749270 0.773980
vt 0.667105 0.773980
f 3776/7513/3776 3775/7514/3775 3803/7515/3803 3804/7516/3804
vt 0.667105 0.773980
vt 0.749270 0.773980
vt 0.749270 0.662107
vt 0.667105 0.662107
f 3804/7517/3804 3803/7518/3803 3806/7519/3806 3807/7520/3807
vt 0.995763 0.773980
vt 0.913598 0.773980
vt 0.913598 0.883839
vt 0.995763 0.883839
f 3808/7521/3808 3809/7522/3809 3802/7523/3802 3805/7524/3805
vt 0.995763 0.662107
vt 0.913598 0.662107
vt 0.913598 0.773980
vt 0.995763 0.773980
f 3810/7525/3810 3811/7526/3811 3809/7527/3809 3808/7528/3808
vt 0.749270 0.883839
vt 0.831434 0.883839
vt 0.831434 0.773980
vt 0.749270 0.773980
f 3775/7529/3775 3778/7530/3778 3812/7531/3812 3803/7532/3803
vt 0.749270 0.773980
vt 0.831434 0.773980
vt 0.831434 0.662107
vt 0.749270 0.662107
f 3803/7533/3803 3812/7534/3812 3813/7535/3813 3806/7536/3806
vt 0.007299 0.338753
vt 0.089775 0.338753
vt 0.089775 0.662107
vt 0.007299 0.662107
f 3814/7537/3814 3815/7538/3815 3816/7539/3816 3817/7540/3817
vt 0.831434 0.883839
vt 0.913599 0.883839
vt 0.913599 0.773980
vt 0.831434 0.773980
f 3778/7541/3778 3780/7542/3780 3818/7543/3818 3812/7544/3812
vt 0.831434 0.773980
vt 0.913599 0.773980
vt 0.913599 0.662107
vt 0.831434 0.662107
f 3812/7545/3812 3818/7546/3818 3819/7547/3819 3813/7548/3813
vt 0.089775 0.338753
vt 0.172250 0.338753
vt 0.172250 0.662107
vt 0.089775 0.662107
f 3815/7549/3815 3820/7550/3820 3821/7551/3821 3816/7552/3816
vt 0.913599 0.883839
vt 0.995763 0.883839
vt 0.995763 0.773980
vt 0.913599 0.773980
f 3780/7553/3780 3782/7554/3782 3822/7555/3822 3818/7556/3818
vt 0.913599 0.773980
vt 0.995763 0.773980
vt 0.995763 0.662107
vt 0.913599 0.662107
f 3818/7557/3818 3822/7558/3822 3823/7559/3823 3819/7560/3819
vt 0.172250 0.338753
vt 0.254726 0.338753
vt 0.254726 0.662107
vt 0.172250 0.662107
f 3820/7561/3820 3824/7562/3824 3825/7563/3825 3821/7564/3821
vt 0.667105 0.883839
vt 0.749270 0.883839
vt 0.749270 0.773980
vt 0.667105 0.773980
f 3784/7565/3784 3783/7566/3783 3826/7567/3826 3827/7568/3827
vt 0.667105 0.773980
vt 0.749270 0.773980
vt 0.749270 0.662107
vt 0.667105 0.662107
f 3827/7569/3827 3826/7570/3826 3828/7571/3828 3829/7572/3829
vt 0.254726 0.338753
vt 0.337202 0.338753
vt 0.337202 0.662107
vt 0.254726 0.662107
f 3824/7573/3824 3830/7574/3830 3831/7575/3831 3825/7576/3825
vt 0.667105 0.883839
vt 0.749270 0.883839
vt 0.749270 0.773980
vt 0.667105 0.773980
f 3786/7577/3786 3785/7578/3785 3832/7579/3832 3833/7580/3833
vt 0.667105 0.773980
vt 0.749270 0.773980
vt 0.749270 0.662107
vt 0.667105 0.662107
f 3833/7581/3833 3832/7582/3832 3834/7583/3834 3835/7584/3835
vt 0.337202 0.338753
vt 0.419678 0.338753
vt 0.419678 0.662107
vt 0.337202 0.662107
f 3830/7585/3830 3836/7586/3836 3837/7587/3837 3831/7588/3831
vt 0.749270 0.883839
vt 0.831434 0.883839
vt 0.831434 0.773980
vt 0.749270 0.773980
f 3785/7589/3785 3787/7590/3787 3838/7591/3838 3832/7592/3832
vt 0.749270 0.773980
vt 0.831434 0.773980
vt 0.831434 0.662107
vt 0.749270 0.662107
f 3832/7593/3832 3838/7594/3838 3839/7595/3839 3834/7596/3834
vt 0.419678 0.338753
vt 0.502154 0.338753
vt 0.502154 0.662107
vt 0.419678 0.662107
f 3836/7597/3836 3840/7598/3840 3841/7599/3841 3837/7600/3837
vt 0.831434 0.883839
vt 0.913599 0.883839
vt 0.913599 0.773980
vt 0.831434 0.773980
f 3787/7601/3787 3789/7602/3789 3842/7603/3842 3838/7604/3838
vt 0.831434 0.773980
vt 0.913599 0.773980
vt 0.913599 0.662107
vt 0.831434 0.662107
f 3838/7605/3838 3842/7606/3842 3843/7607/3843 3839/7608/3839
vt 0.502154 0.338753
vt 0.584629 0.338753
vt 0.584629 0.662107
vt 0.502154 0.662107
f 3840/7609/3840 3844/7610/3844 3845/7611/3845 3841/7612/3841
vt 0.913599 0.883839
vt 0.995763 0.883839
vt 0.995763 0.773980
vt 0.913599 0.773980
f 3789/7613/3789 3790/7614/3790 3846/7615/3846 3842/7616/3842
vt 0.913599 0.773980
vt 0.995763 0.773980
vt 0.995763 0.662107
vt 0.913599 0.662107
f 3842/7617/3842 3846/7618/3846 3847/7619/3847 3843/7620/3843
vt 0.584629 0.338753
vt 0.667105 0.338753
vt 0.667105 0.662107
vt 0.584629 0.662107
f 3844/7621/3844 3848/7622/3848 3849/7623/3849 3845/7624/3845
vt 0.667105 0.883839
vt 0.749270 0.883839
vt 0.749270 0.773980
vt 0.667105 0.773980
f 3792/7625/3792 3791/7626/3791 3850/7627/3850 3851/7628/3851
vt 0.667105 0.773980
vt 0.749270 0.773980
vt 0.749270 0.662107
vt 0.667105 0.662107
f 3851/7629/3851 3850/7630/3850 3852/7631/3852 3853/7632/3853
vt 0.007299 0.662107
vt 0.089775 0.662107
vt 0.089775 0.985462
vt 0.007299 0.985462
f 3854/7633/3854 3855/7634/3855 3856/7635/3856 3857/7636/3857
vt 0.749270 0.883839
vt 0.831434 0.883839
vt 0.831434 0.773980
vt 0.749270 0.773980
f 3791/7637/3791 3793/7638/3793 3858/7639/3858 3850/7640/3850
vt 0.749270 0.773980
vt 0.831434 0.773980
vt 0.831434 0.662107
vt 0.749270 0.662107
f 3850/7641/3850 3858/7642/3858 3859/7643/3859 3852/7644/3852
vt 0.089775 0.662107
vt 0.172250 0.662107
vt 0.172250 0.985462
vt 0.089775 0.985462
f 3855/7645/3855 3860/7646/3860 3861/7647/3861 3856/7648/3856
vt 0.831434 0.883839
vt 0.913599 0.883839
vt 0.913599 0.773980
vt 0.831434 0.773980
f 3793/7649/3793 3794/7650/3794 3862/7651/3862 3858/7652/3858
vt 0.831434 0.773980
vt 0.913599 0.773980
vt 0.913599 0.662107
vt 0.831434 0.662107
f 3858/7653/3858 3862/7654/3862 3863/7655/3863 3859/7656/3859
vt 0.172250 0.662107
vt 0.254726 0.662107
vt 0.254726 0.985462
vt 0.172250 0.985462
f 3860/7657/3860 3864/7658/3864 3865/7659/3865 3861/7660/3861
vt 0.913599 0.883839
vt 0.995763 0.883839
vt 0.995763 0.773980
vt 0.913599 0.773980
f 3794/7661/3794 3795/7662/3795 3866/7663/3866 3862/7664/3862
vt 0.913599 0.773980
vt 0.995763 0.773980
vt 0.995763 0.662107
vt 0.913599 0.662107
f 3862/7665/3862 3866/7666/3866 3867/7667/3867 3863/7668/3863
vt 0.254726 0.662107
vt 0.337202 0.662107
vt 0.337202 0.985462
vt 0.254726 0.985462
f 3864/7669/3864 3868/7670/3868 3869/7671/3869 3865/7672/3865
vt 0.667105 0.883839
vt 0.749270 0.883839
vt 0.749270 0.773980
vt 0.667105 0.773980
f 3798/7673/3798 3797/7674/3797 3870/7675/3870 3871/7676/3871
vt 0.667105 0.773980
vt 0.749270 0.773980
vt 0.749270 0.662107
vt 0.667105 0.662107
f 3871/7677/3871 3870/7678/3870 3872/7679/3872 3873/7680/3873
vt 0.337202 0.662107
vt 0.419678 0.662107
vt 0.419678 0.985462
vt 0.337202 0.985462
f 3868/7681/3868 3874/7682/3874 3875/7683/3875 3869/7684/3869
vt 0.667105 0.883839
vt 0.749270 0.883839
vt 0.749270 0.773980
vt 0.667105 0.773980
f 3800/7685/3800 3799/7686/3799 3876/7687/3876 3877/7688/3877
vt 0.667105 0.773980
vt 0.749270 0.773980
vt 0.749270 0.662107
vt 0.667105 0.662107
f 3877/7689/3877 3876/7690/3876 3878/7691/3878 3879/7692/3879
vt 0.419678 0.662107
vt 0.502154 0.662107
vt 0.502154 0.985462
vt 0.419678 0.985462
f 3874/7693/3874 3880/7694/3880 3881/7695/3881 3875/7696/3875
vt 0.749270 0.883839
vt 0.831434 0.883839
vt 0.831434 0.773980
vt 0.749270 0.773980
f 3799/7697/3799 3801/7698/3801 3882/7699/3882 3876/7700/3876
vt 0.749270 0.773980
vt 0.831434 0.773980
vt 0.831434 0.662107
vt 0.749270 0.662107
f 3876/7701/3876 3882/7702/3882 3883/7703/3883 3878/7704/3878
vt 0.502154 0.662107
vt 0.584630 0.662107
vt 0.584630 0.985462
vt 0.502154 0.985462
f 3880/7705/3880 3884/7706/3884 3885/7707/3885 3881/7708/3881
vt 0.831434 0.883839
vt 0.913598 0.883839
vt 0.913598 0.773980
vt 0.831434 0.773980
f 3801/7709/3801 3802/7710/3802 3809/7711/3809 3882/7712/3882
vt 0.831434 0.773980
vt 0.913598 0.773980
vt 0.913598 0.662107
vt 0.831434 0.662107
f 3882/7713/3882 3809/7714/3809 3811/7715/3811 3883/7716/3883
vt 0.584630 0.662107
vt 0.667105 0.662107
vt 0.667105 0.985462
vt 0.584630 0.985462
f 3884/7717/3884 3886/7718/3886 3887/7719/3887 3885/7720/3885
vt 0.995763 0.440376
vt 0.913598 0.440376
vt 0.913598 0.550234
vt 0.995763 0.550234
f 3890/7721/3890 3889/7722/3889 3894/7723/3894 3895/7724/3895
vt 0.667105 0.550234
vt 0.749270 0.550234
vt 0.749270 0.440376
vt 0.667105 0.440376
f 3896/7725/3896 3897/7726/3897 3892/7727/3892 3891/7728/3891
vt 0.995763 0.550234
vt 0.913598 0.550234
vt 0.913598 0.662107
vt 0.995763 0.662107
f 3895/7729/3895 3894/7730/3894 3898/7731/3898 3899/7732/3899
vt 0.667105 0.662107
vt 0.749270 0.662107
vt 0.749270 0.550234
vt 0.667105 0.550234
f 3900/7733/3900 3901/7734/3901 3897/7735/3897 3896/7736/3896
vt 0.749270 0.550234
vt 0.831434 0.550234
vt 0.831434 0.440376
vt 0.749270 0.440376
f 3897/7737/3897 3904/7738/3904 3902/7739/3902 3892/7740/3892
vt 0.749270 0.662107
vt 0.831434 0.662107
vt 0.831434 0.550234
vt 0.749270 0.550234
f 3901/7741/3901 3905/7742/3905 3904/7743/3904 3897/7744/3897
vt 0.831434 0.550234
vt 0.913599 0.550234
vt 0.913599 0.440376
vt 0.831434 0.440376
f 3904/7745/3904 3908/7746/3908 3906/7747/3906 3902/7748/3902
vt 0.831434 0.662107
vt 0.913599 0.662107
vt 0.913599 0.550234
vt 0.831434 0.550234
f 3905/7749/3905 3909/7750/3909 3908/7751/3908 3904/7752/3904
vt 0.913599 0.550234
vt 0.995763 0.550234
vt 0.995763 0.440376
vt 0.913599 0.440376
f 3908/7753/3908 3911/7754/3911 3910/7755/3910 3906/7756/3906
vt 0.913599 0.662107
vt 0.995763 0.662107
vt 0.995763 0.550234
vt 0.913599 0.550234
f 3909/7757/3909 3912/7758/3912 3911/7759/3911 3908/7760/3908
vt 0.667105 0.550234
vt 0.749270 0.550234
vt 0.749270 0.440376
vt 0.667105 0.440376
f 3915/7761/3915 3916/7762/3916 3914/7763/3914 3913/7764/3913
vt 0.667105 0.662107
vt 0.749270 0.662107
vt 0.749270 0.550234
vt 0.667105 0.550234
f 3917/7765/3917 3918/7766/3918 3916/7767/3916 3915/7768/3915
vt 0.667105 0.550234
vt 0.749270 0.550234
vt 0.749270 0.440376
vt 0.667105 0.440376
f 3921/7769/3921 3922/7770/3922 3920/7771/3920 3919/7772/3919
vt 0.667105 0.662107
vt 0.749270 0.662107
vt 0.749270 0.550234
vt 0.667105 0.550234
f 3923/7773/3923 3924/7774/3924 3922/7775/3922 3921/7776/3921
vt 0.749270 0.550234
vt 0.831434 0.550234
vt 0.831434 0.440376
vt 0.749270 0.440376
f 3922/7777/3922 3926/7778/3926 3925/7779/3925 3920/7780/3920
vt 0.749270 0.662107
vt 0.831434 0.662107
vt 0.831434 0.550234
vt 0.749270 0.550234
f 3924/7781/3924 3927/7782/3927 3926/7783/3926 3922/7784/3922
vt 0.831434 0.550234
vt 0.913599 0.550234
vt 0.913599 0.440376
vt 0.831434 0.440376
f 3926/7785/3926 3930/7786/3930 3928/7787/3928 3925/7788/3925
vt 0.831434 0.662107
vt 0.913599 0.662107
vt 0.913599 0.550234
vt 0.831434 0.550234
f 3927/7789/3927 3931/7790/3931 3930/7791/3930 3926/7792/3926
vt 0.913599 0.550234
vt 0.995763 0.550234
vt 0.995763 0.440376
vt 0.913599 0.440376
f 3930/7793/3930 3933/7794/3933 3932/7795/3932 3928/7796/3928
vt 0.913599 0.662107
vt 0.995763 0.662107
vt 0.995763 0.550234
vt 0.913599 0.550234
f 3931/7797/3931 3934/7798/3934 3933/7799/3933 3930/7800/3930
vt 0.667105 0.550234
vt 0.749270 0.550234
vt 0.749270 0.440376
vt 0.667105 0.440376
f 3937/7801/3937 3938/7802/3938 3936/7803/3936 3935/7804/3935
vt 0.667105 0.662107
vt 0.749270 0.662107
vt 0.749270 0.550234
vt 0.667105 0.550234
f 3939/7805/3939 3940/7806/3940 3938/7807/3938 3937/7808/3937
vt 0.749270 0.550234
vt 0.831434 0.550234
vt 0.831434 0.440376
vt 0.749270 0.440376
f 3938/7809/3938 3942/7810/3942 3941/7811/3941 3936/7812/3936
vt 0.749270 0.662107
vt 0.831434 0.662107
vt 0.831434 0.550234
vt 0.749270 0.550234
f 3940/7813/3940 3943/7814/3943 3942/7815/3942 3938/7816/3938
vt 0.831434 0.550234
vt 0.913599 0.550234
vt 0.913599 0.440376
vt 0.831434 0.440376
f 3942/7817/3942 3945/7818/3945 3944/7819/3944 3941/7820/3941
vt 0.831434 0.662107
vt 0.913599 0.662107
vt 0.913599 0.550234
vt 0.831434 0.550234
f 3943/7821/3943 3946/7822/3946 3945/7823/3945 3942/7824/3942
vt 0.913599 0.550234
vt 0.995763 0.550234
vt 0.995763 0.440376
vt 0.913599 0.440376
f 3945/7825/3945 3948/7826/3948 3947/7827/3947 3944/7828/3944
vt 0.913599 0.662107
vt 0.995763 0.662107
vt 0.995763 0.550234
vt 0.913599 0.550234
f 3946/7829/3946 3949/7830/3949 3948/7831/3948 3945/7832/3945
vt 0.667105 0.550234
vt 0.749270 0.550234
vt 0.749270 0.440376
vt 0.667105 0.440376
f 3953/7833/3953 3954/7834/3954 3951/7835/3951 3950/7836/3950
vt 0.667105 0.662107
vt 0.749270 0.662107
vt 0.749270 0.550234
vt 0.667105 0.550234
f 3955/7837/3955 3956/7838/3956 3954/7839/3954 3953/7840/3953
vt 0.667105 0.550234
vt 0.749270 0.550234
vt 0.749270 0.440376
vt 0.667105 0.440376
f 3959/7841/3959 3960/7842/3960 3958/7843/3958 3957/7844/3957
vt 0.667105 0.662107
vt 0.749270 0.662107
vt 0.749270 0.550234
vt 0.667105 0.550234
f 3961/7845/3961 3962/7846/3962 3960/7847/3960 3959/7848/3959
vt 0.749270 0.550234
vt 0.831434 0.550234
vt 0.831434 0.440376
vt 0.749270 0.440376
f 3960/7849/3960 3964/7850/3964 3963/7851/3963 3958/7852/3958
vt 0.749270 0.662107
vt 0.831434 0.662107
vt 0.831434 0.550234
vt 0.749270 0.550234
f 3962/7853/3962 3965/7854/3965 3964/7855/3964 3960/7856/3960
vt 0.831434 0.550234
vt 0.913598 0.550234
vt 0.913598 0.440376
vt 0.831434 0.440376
f 3964/7857/3964 3894/7858/3894 3889/7859/3889 3963/7860/3963
vt 0.831434 0.662107
vt 0.913598 0.662107
vt 0.913598 0.550234
vt 0.831434 0.550234
f 3965/7861/3965 3898/7862/3898 3894/7863/3894 3964/7864/3964
vt 0.522048 0.321874
vt 0.522048 0.016450
vt 0.538158 0.016450
vt 0.538158 0.321874
f 3966/7865/3966 3967/7866/3967 3968/7867/3968 3969/7868/3969
vt 0.538158 0.321874
vt 0.538158 0.016450
vt 0.651381 0.016450
vt 0.651381 0.321874
f 3973/7869/3973 3974/7870/3974 3975/7871/3975 3976/7872/3976
vt 0.728710 0.311290
vt 0.728710 0.301706
vt 0.960974 0.301706
vt 0.960974 0.311290
f 3977/7873/3977 3978/7874/3978 3979/7875/3979 3980/7876/3980
vt 0.651381 0.321874
vt 0.651381 0.016450
vt 0.667008 0.015428
vt 0.667008 0.320853
f 3981/7877/3981 3982/7878/3982 3983/7879/3983 3984/7880/3984
vt 0.185529 0.314427
vt 0.185529 0.024261
vt 0.496749 0.024261
vt 0.496749 0.314427
f 3988/7881/3988 3989/7882/3989 3990/7883/3990 3991/7884/3991
vt 0.953319 0.286956
vt 0.984889 0.286915
vt 0.984889 0.030947
vt 0.953319 0.030988
f 3992/7885/3992 3993/7886/3993 3994/7887/3994 3995/7888/3995
vt 0.497123 0.312804
vt 0.497123 0.016382
vt 0.464129 0.017374
vt 0.464129 0.313796
f 3996/7889/3996 3997/7890/3997 3998/7891/3998 3999/7892/3999
vt 0.956318 0.012992
vt 0.956318 0.027155
vt 0.722585 0.027155
vt 0.722585 0.012992
f 4003/7893/4003 4004/7894/4004 4005/7895/4005 4006/7896/4006
vt 0.464129 0.313796
vt 0.464129 0.017374
vt 0.225073 0.017374
vt 0.225073 0.313796
f 4007/7897/4007 4008/7898/4008 4009/7899/4009 4010/7900/4010
vt 0.953319 0.017437
vt 0.724580 0.017437
vt 0.724580 0.030988
vt 0.953319 0.030988
f 4011/7901/4011 4012/7902/4012 4013/7903/4013 4014/7904/4014
vt 0.225073 0.017374
vt 0.191059 0.017374
vt 0.191059 0.313796
vt 0.225073 0.313796
f 4018/7905/4018 4019/7906/4019 4020/7907/4020 4021/7908/4021
vt 0.724580 0.030988
vt 0.724580 0.286956
vt 0.953319 0.286956
vt 0.953319 0.030988
f 4025/7909/4025 4026/7910/4026 4027/7911/4027 4028/7912/4028
vt 0.722585 0.027155
vt 0.956318 0.027155
vt 0.956318 0.294696
vt 0.722585 0.294696
f 4029/7913/4029 4030/7914/4030 4031/7915/4031 4032/7916/4032
vt 0.722585 0.294696
vt 0.689329 0.294696
vt 0.689329 0.027155
vt 0.722585 0.027155
f 4033/7917/4033 4034/7918/4034 4035/7919/4035 4036/7920/4036
vt 0.956318 0.308859
vt 0.722585 0.308859
vt 0.722585 0.294696
vt 0.956318 0.294696
f 4040/7921/4040 4041/7922/4041 4042/7923/4042 4043/7924/4043
vt 0.988577 0.027113
vt 0.988577 0.294653
vt 0.956318 0.294696
vt 0.956318 0.027155
f 4047/7925/4047 4048/7926/4048 4049/7927/4049 4050/7928/4050
vt 0.185529 0.314427
vt 0.185529 0.024261
vt 0.496749 0.024261
vt 0.496749 0.314427
f 4054/7929/4054 4055/7930/4055 4056/7931/4056 4057/7932/4057
vt 0.724580 0.030988
vt 0.692035 0.030988
vt 0.692035 0.286956
vt 0.724580 0.286956
f 4058/7933/4058 4059/7934/4059 4060/7935/4060 4061/7936/4061
vt 0.667105 0.883839
vt 0.749270 0.883839
vt 0.749270 0.773980
vt 0.667105 0.773980
f 4064/7937/4064 4063/7938/4063 4091/7939/4091 4092/7940/4092
vt 0.667105 0.773980
vt 0.749270 0.773980
vt 0.749270 0.662107
vt 0.667105 0.662107
f 4092/7941/4092 4091/7942/4091 4094/7943/4094 4095/7944/4095
vt 0.995763 0.773980
vt 0.913598 0.773980
vt 0.913598 0.883839
vt 0.995763 0.883839
f 4096/7945/4096 4097/7946/4097 4090/7947/4090 4093/7948/4093
vt 0.995763 0.662107
vt 0.913598 0.662107
vt 0.913598 0.773980
vt 0.995763 0.773980
f 4098/7949/4098 4099/7950/4099 4097/7951/4097 4096/7952/4096
vt 0.749270 0.883839
vt 0.831434 0.883839
vt 0.831434 0.773980
vt 0.749270 0.773980
f 4063/7953/4063 4066/7954/4066 4100/7955/4100 4091/7956/4091
vt 0.749270 0.773980
vt 0.831434 0.773980
vt 0.831434 0.662107
vt 0.749270 0.662107
f 4091/7957/4091 4100/7958/4100 4101/7959/4101 4094/7960/4094
vt 0.007299 0.338753
vt 0.089775 0.338753
vt 0.089775 0.662107
vt 0.007299 0.662107
f 4102/7961/4102 4103/7962/4103 4104/7963/4104 4105/7964/4105
vt 0.831434 0.883839
vt 0.913599 0.883839
vt 0.913599 0.773980
vt 0.831434 0.773980
f 4066/7965/4066 4068/7966/4068 4106/7967/4106 4100/7968/4100
vt 0.831434 0.773980
vt 0.913599 0.773980
vt 0.913599 0.662107
vt 0.831434 0.662107
f 4100/7969/4100 4106/7970/4106 4107/7971/4107 4101/7972/4101
vt 0.089775 0.338753
vt 0.172250 0.338753
vt 0.172250 0.662107
vt 0.089775 0.662107
f 4103/7973/4103 4108/7974/4108 4109/7975/4109 4104/7976/4104
vt 0.913599 0.883839
vt 0.995763 0.883839
vt 0.995763 0.773980
vt 0.913599 0.773980
f 4068/7977/4068 4070/7978/4070 4110/7979/4110 4106/7980/4106
vt 0.913599 0.773980
vt 0.995763 0.773980
vt 0.995763 0.662107
vt 0.913599 0.662107
f 4106/7981/4106 4110/7982/4110 4111/7983/4111 4107/7984/4107
vt 0.172250 0.338753
vt 0.254726 0.338753
vt 0.254726 0.662107
vt 0.172250 0.662107
f 4108/7985/4108 4112/7986/4112 4113/7987/4113 4109/7988/4109
vt 0.667105 0.883839
vt 0.749270 0.883839
vt 0.749270 0.773980
vt 0.667105 0.773980
f 4072/7989/4072 4071/7990/4071 4114/7991/4114 4115/7992/4115
vt 0.667105 0.773980
vt 0.749270 0.773980
vt 0.749270 0.662107
vt 0.667105 0.662107
f 4115/7993/4115 4114/7994/4114 4116/7995/4116 4117/7996/4117
vt 0.254726 0.338753
vt 0.337202 0.338753
vt 0.337202 0.662107
vt 0.254726 0.662107
f 4112/7997/4112 4118/7998/4118 4119/7999/4119 4113/8000/4113
vt 0.667105 0.883839
vt 0.749270 0.883839
vt 0.749270 0.773980
vt 0.667105 0.773980
f 4074/8001/4074 4073/8002/4073 4120/8003/4120 4121/8004/4121
vt 0.667105 0.773980
vt 0.749270 0.773980
vt 0.749270 0.662107
vt 0.667105 0.662107
f 4121/8005/4121 4120/8006/4120 4122/8007/4122 4123/8008/4123
vt 0.337202 0.338753
vt 0.419678 0.338753
vt 0.419678 0.662107
vt 0.337202 0.662107
f 4118/8009/4118 4124/8010/4124 4125/8011/4125 4119/8012/4119
vt 0.749270 0.883839
vt 0.831434 0.883839
vt 0.831434 0.773980
vt 0.749270 0.773980
f 4073/8013/4073 4075/8014/4075 4126/8015/4126 4120/8016/4120
vt 0.749270 0.773980
vt 0.831434 0.773980
vt 0.831434 0.662107
vt 0.749270 0.662107
f 4120/8017/4120 4126/8018/4126 4127/8019/4127 4122/8020/4122
vt 0.419678 0.338753
vt 0.502154 0.338753
vt 0.502154 0.662107
vt 0.419678 0.662107
f 4124/8021/4124 4128/8022/4128 4129/8023/4129 4125/8024/4125
vt 0.831434 0.883839
vt 0.913599 0.883839
vt 0.913599 0.773980
vt 0.831434 0.773980
f 4075/8025/4075 4077/8026/4077 4130/8027/4130 4126/8028/4126
vt 0.831434 0.773980
vt 0.913599 0.773980
vt 0.913599 0.662107
vt 0.831434 0.662107
f 4126/8029/4126 4130/8030/4130 4131/8031/4131 4127/8032/4127
vt 0.502154 0.338753
vt 0.584629 0.338753
vt 0.584629 0.662107
vt 0.502154 0.662107
f 4128/8033/4128 4132/8034/4132 4133/8035/4133 4129/8036/4129
vt 0.913599 0.883839
vt 0.995763 0.883839
vt 0.995763 0.773980
vt 0.913599 0.773980
f 4077/8037/4077 4078/8038/4078 4134/8039/4134 4130/8040/4130
vt 0.913599 0.773980
vt 0.995763 0.773980
vt 0.995763 0.662107
vt 0.913599 0.662107
f 4130/8041/4130 4134/8042/4134 4135/8043/4135 4131/8044/4131
vt 0.584629 0.338753
vt 0.667105 0.338753
vt 0.667105 0.662107
vt 0.584629 0.662107
f 4132/8045/4132 4136/8046/4136 4137/8047/4137 4133/8048/4133
vt 0.667105 0.883839
vt 0.749270 0.883839
vt 0.749270 0.773980
vt 0.667105 0.773980
f 4080/8049/4080 4079/8050/4079 4138/8051/4138 4139/8052/4139
vt 0.667105 0.773980
vt 0.749270 0.773980
vt 0.749270 0.662107
vt 0.667105 0.662107
f 4139/8053/4139 4138/8054/4138 4140/8055/4140 4141/8056/4141
vt 0.007299 0.662107
vt 0.089775 0.662107
vt 0.089775 0.985462
vt 0.007299 0.985462
f 4142/8057/4142 4143/8058/4143 4144/8059/4144 4145/8060/4145
vt 0.749270 0.883839
vt 0.831434 0.883839
vt 0.831434 0.773980
vt 0.749270 0.773980
f 4079/8061/4079 4081/8062/4081 4146/8063/4146 4138/8064/4138
vt 0.749270 0.773980
vt 0.831434 0.773980
vt 0.831434 0.662107
vt 0.749270 0.662107
f 4138/8065/4138 4146/8066/4146 4147/8067/4147 4140/8068/4140
vt 0.089775 0.662107
vt 0.172250 0.662107
vt 0.172250 0.985462
vt 0.089775 0.985462
f 4143/8069/4143 4148/8070/4148 4149/8071/4149 4144/8072/4144
vt 0.831434 0.883839
vt 0.913599 0.883839
vt 0.913599 0.773980
vt 0.831434 0.773980
f 4081/8073/4081 4082/8074/4082 4150/8075/4150 4146/8076/4146
vt 0.831434 0.773980
vt 0.913599 0.773980
vt 0.913599 0.662107
vt 0.831434 0.662107
f 4146/8077/4146 4150/8078/4150 4151/8079/4151 4147/8080/4147
vt 0.172250 0.662107
vt 0.254726 0.662107
vt 0.254726 0.985462
vt 0.172250 0.985462
f 4148/8081/4148 4152/8082/4152 4153/8083/4153 4149/8084/4149
vt 0.913599 0.883839
vt 0.995763 0.883839
vt 0.995763 0.773980
vt 0.913599 0.773980
f 4082/8085/4082 4083/8086/4083 4154/8087/4154 4150/8088/4150
vt 0.913599 0.773980
vt 0.995763 0.773980
vt 0.995763 0.662107
vt 0.913599 0.662107
f 4150/8089/4150 4154/8090/4154 4155/8091/4155 4151/8092/4151
vt 0.254726 0.662107
vt 0.337202 0.662107
vt 0.337202 0.985462
vt 0.254726 0.985462
f 4152/8093/4152 4156/8094/4156 4157/8095/4157 4153/8096/4153
vt 0.667105 0.883839
vt 0.749270 0.883839
vt 0.749270 0.773980
vt 0.667105 0.773980
f 4086/8097/4086 4085/8098/4085 4158/8099/4158 4159/8100/4159
vt 0.667105 0.773980
vt 0.749270 0.773980
vt 0.749270 0.662107
vt 0.667105 0.662107
f 4159/8101/4159 4158/8102/4158 4160/8103/4160 4161/8104/4161
vt 0.337202 0.662107
vt 0.419678 0.662107
vt 0.419678 0.985462
vt 0.337202 0.985462
f 4156/8105/4156 4162/8106/4162 4163/8107/4163 4157/8108/4157
vt 0.667105 0.883839
vt 0.749270 0.883839
vt 0.749270 0.773980
vt 0.667105 0.773980
f 4088/8109/4088 4087/8110/4087 4164/8111/4164 4165/8112/4165
vt 0.667105 0.773980
vt 0.749270 0.773980
vt 0.749270 0.662107
vt 0.667105 0.662107
f 4165/8113/4165 4164/8114/4164 4166/8115/4166 4167/8116/4167
vt 0.419678 0.662107
vt 0.502154 0.662107
vt 0.502154 0.985462
vt 0.419678 0.985462
f 4162/8117/4162 4168/8118/4168 4169/8119/4169 4163/8120/4163
vt 0.749270 0.883839
vt 0.831434 0.883839
vt 0.831434 0.773980
vt 0.749270 0.773980
f 4087/8121/4087 4089/8122/4089 4170/8123/4170 4164/8124/4164
vt 0.749270 0.773980
vt 0.831434 0.773980
vt 0.831434 0.662107
vt 0.749270 0.662107
f 4164/8125/4164 4170/8126/4170 4171/8127/4171 4166/8128/4166
vt 0.502154 0.662107
vt 0.584630 0.662107
vt 0.584630 0.985462
vt 0.502154 0.985462
f 4168/8129/4168 4172/8130/4172 4173/8131/4173 4169/8132/4169
vt 0.831434 0.883839
vt 0.913598 0.883839
vt 0.913598 0.773980
vt 0.831434 0.773980
f 4089/8133/4089 4090/8134/4090 4097/8135/4097 4170/8136/4170
vt 0.831434 0.773980
vt 0.913598 0.773980
vt 0.913598 0.662107
vt 0.831434 0.662107
f 4170/8137/4170 4097/8138/4097 4099/8139/4099 4171/8140/4171
vt 0.584630 0.662107
vt 0.667105 0.662107
vt 0.667105 0.985462
vt 0.584630 0.985462
f 4172/8141/4172 4174/8142/4174 4175/8143/4175 4173/8144/4173
vt 0.995763 0.440376
vt 0.913598 0.440376
vt 0.913598 0.550234
vt 0.995763 0.550234
f 4178/8145/4178 4177/8146/4177 4182/8147/4182 4183/8148/4183
vt 0.667105 0.550234
vt 0.749270 0.550234
vt 0.749270 0.440376
vt 0.667105 0.440376
f 4184/8149/4184 4185/8150/4185 4180/8151/4180 4179/8152/4179
vt 0.995763 0.550234
vt 0.913598 0.550234
vt 0.913598 0.662107
vt 0.995763 0.662107
f 4183/8153/4183 4182/8154/4182 4186/8155/4186 4187/8156/4187
vt 0.667105 0.662107
vt 0.749270 0.662107
vt 0.749270 0.550234
vt 0.667105 0.550234
f 4188/8157/4188 4189/8158/4189 4185/8159/4185 4184/8160/4184
vt 0.749270 0.550234
vt 0.831434 0.550234
vt 0.831434 0.440376
vt 0.749270 0.440376
f 4185/8161/4185 4192/8162/4192 4190/8163/4190 4180/8164/4180
vt 0.749270 0.662107
vt 0.831434 0.662107
vt 0.831434 0.550234
vt 0.749270 0.550234
f 4189/8165/4189 4193/8166/4193 4192/8167/4192 4185/8168/4185
vt 0.831434 0.550234
vt 0.913599 0.550234
vt 0.913599 0.440376
vt 0.831434 0.440376
f 4192/8169/4192 4196/8170/4196 4194/8171/4194 4190/8172/4190
vt 0.831434 0.662107
vt 0.913599 0.662107
vt 0.913599 0.550234
vt 0.831434 0.550234
f 4193/8173/4193 4197/8174/4197 4196/8175/4196 4192/8176/4192
vt 0.913599 0.550234
vt 0.995763 0.550234
vt 0.995763 0.440376
vt 0.913599 0.440376
f 4196/8177/4196 4199/8178/4199 4198/8179/4198 4194/8180/4194
vt 0.913599 0.662107
vt 0.995763 0.662107
vt 0.995763 0.550234
vt 0.913599 0.550234
f 4197/8181/4197 4200/8182/4200 4199/8183/4199 4196/8184/4196
vt 0.667105 0.550234
vt 0.749270 0.550234
vt 0.749270 0.440376
vt 0.667105 0.440376
f 4203/8185/4203 4204/8186/4204 4202/8187/4202 4201/8188/4201
vt 0.667105 0.662107
vt 0.749270 0.662107
vt 0.749270 0.550234
vt 0.667105 0.550234
f 4205/8189/4205 4206/8190/4206 4204/8191/4204 4203/8192/4203
vt 0.667105 0.550234
vt 0.749270 0.550234
vt 0.749270 0.440376
vt 0.667105 0.440376
f 4209/8193/4209 4210/8194/4210 4208/8195/4208 4207/8196/4207
vt 0.667105 0.662107
vt 0.749270 0.662107
vt 0.749270 0.550234
vt 0.667105 0.550234
f 4211/8197/4211 4212/8198/4212 4210/8199/4210 4209/8200/4209
vt 0.749270 0.550234
vt 0.831434 0.550234
vt 0.831434 0.440376
vt 0.749270 0.440376
f 4210/8201/4210 4214/8202/4214 4213/8203/4213 4208/8204/4208
vt 0.749270 0.662107
vt 0.831434 0.662107
vt 0.831434 0.550234
vt 0.749270 0.550234
f 4212/8205/4212 4215/8206/4215 4214/8207/4214 4210/8208/4210
vt 0.831434 0.550234
vt 0.913599 0.550234
vt 0.913599 0.440376
vt 0.831434 0.440376
f 4214/8209/4214 4218/8210/4218 4216/8211/4216 4213/8212/4213
vt 0.831434 0.662107
vt 0.913599 0.662107
vt 0.913599 0.550234
vt 0.831434 0.550234
f 4215/8213/4215 4219/8214/4219 4218/8215/4218 4214/8216/4214
vt 0.913599 0.550234
vt 0.995763 0.550234
vt 0.995763 0.440376
vt 0.913599 0.440376
f 4218/8217/4218 4221/8218/4221 4220/8219/4220 4216/8220/4216
vt 0.913599 0.662107
vt 0.995763 0.662107
vt 0.995763 0.550234
vt 0.913599 0.550234
f 4219/8221/4219 4222/8222/4222 4221/8223/4221 4218/8224/4218
vt 0.667105 0.550234
vt 0.749270 0.550234
vt 0.749270 0.440376
vt 0.667105 0.440376
f 4225/8225/4225 4226/8226/4226 4224/8227/4224 4223/8228/4223
vt 0.667105 0.662107
vt 0.749270 0.662107
vt 0.749270 0.550234
vt 0.667105 0.550234
f 4227/8229/4227 4228/8230/4228 4226/8231/4226 4225/8232/4225
vt 0.749270 0.550234
vt 0.831434 0.550234
vt 0.831434 0.440376
vt 0.749270 0.440376
f 4226/8233/4226 4230/8234/4230 4229/8235/4229 4224/8236/4224
vt 0.749270 0.662107
vt 0.831434 0.662107
vt 0.831434 0.550234
vt 0.749270 0.550234
f 4228/8237/4228 4231/8238/4231 4230/8239/4230 4226/8240/4226
vt 0.831434 0.550234
vt 0.913599 0.550234
vt 0.913599 0.440376
vt 0.831434 0.440376
f 4230/8241/4230 4233/8242/4233 4232/8243/4232 4229/8244/4229
vt 0.831434 0.662107
vt 0.913599 0.662107
vt 0.913599 0.550234
vt 0.831434 0.550234
f 4231/8245/4231 4234/8246/4234 4233/8247/4233 4230/8248/4230
vt 0.913599 0.550234
vt 0.995763 0.550234
vt 0.995763 0.440376
vt 0.913599 0.440376
f 4233/8249/4233 4236/8250/4236 4235/8251/4235 4232/8252/4232
vt 0.913599 0.662107
vt 0.995763 0.662107
vt 0.995763 0.550234
vt 0.913599 0.550234
f 4234/8253/4234 4237/8254/4237 4236/8255/4236 4233/8256/4233
vt 0.667105 0.550234
vt 0.749270 0.550234
vt 0.749270 0.440376
vt 0.667105 0.440376
f 4241/8257/4241 4242/8258/4242 4239/8259/4239 4238/8260/4238
vt 0.667105 0.662107
vt 0.749270 0.662107
vt 0.749270 0.550234
vt 0.667105 0.550234
f 4243/8261/4243 4244/8262/4244 4242/8263/4242 4241/8264/4241
vt 0.667105 0.550234
vt 0.749270 0.550234
vt 0.749270 0.440376
vt 0.667105 0.440376
f 4247/8265/4247 4248/8266/4248 4246/8267/4246 4245/8268/4245
vt 0.667105 0.662107
vt 0.749270 0.662107
vt 0.749270 0.550234
vt 0.667105 0.550234
f 4249/8269/4249 4250/8270/4250 4248/8271/4248 4247/8272/4247
vt 0.749270 0.550234
vt 0.831434 0.550234
vt 0.831434 0.440376
vt 0.749270 0.440376
f 4248/8273/4248 4252/8274/4252 4251/8275/4251 4246/8276/4246
vt 0.749270 0.662107
vt 0.831434 0.662107
vt 0.831434 0.550234
vt 0.749270 0.550234
f 4250/8277/4250 4253/8278/4253 4252/8279/4252 4248/8280/4248
vt 0.831434 0.550234
vt 0.913598 0.550234
vt 0.913598 0.440376
vt 0.831434 0.440376
f 4252/8281/4252 4182/8282/4182 4177/8283/4177 4251/8284/4251
vt 0.831434 0.662107
vt 0.913598 0.662107
vt 0.913598 0.550234
vt 0.831434 0.550234
f 4253/8285/4253 4186/8286/4186 4182/8287/4182 4252/8288/4252
vt 0.522048 0.321874
vt 0.522048 0.016450
vt 0.538158 0.016450
vt 0.538158 0.321874
f 4254/8289/4254 4255/8290/4255 4256/8291/4256 4257/8292/4257
vt 0.538158 0.321874
vt 0.538158 0.016450
vt 0.651381 0.016450
vt 0.651381 0.321874
f 4261/8293/4261 4262/8294/4262 4263/8295/4263 4264/8296/4264
vt 0.728710 0.311290
vt 0.728710 0.301706
vt 0.960974 0.301706
vt 0.960974 0.311290
f 4265/8297/4265 4266/8298/4266 4267/8299/4267 4268/8300/4268
vt 0.651381 0.321874
vt 0.651381 0.016450
vt 0.667008 0.015428
vt 0.667008 0.320853
f 4269/8301/4269 4270/8302/4270 4271/8303/4271 4272/8304/4272
vt 0.185529 0.314427
vt 0.185529 0.024261
vt 0.496749 0.024261
vt 0.496749 0.314427
f 4276/8305/4276 4277/8306/4277 4278/8307/4278 4279/8308/4279
vt 0.953319 0.286956
vt 0.984889 0.286915
vt 0.984889 0.030947
vt 0.953319 0.030988
f 4280/8309/4280 4281/8310/4281 4282/8311/4282 4283/8312/4283
vt 0.497123 0.312804
vt 0.497123 0.016382
vt 0.464129 0.017374
vt 0.464129 0.313796
f 4284/8313/4284 4285/8314/4285 4286/8315/4286 4287/8316/4287
vt 0.956318 0.012992
vt 0.956318 0.027155
vt 0.722585 0.027155
vt 0.722585 0.012992
f 4291/8317/4291 4292/8318/4292 4293/8319/4293 4294/8320/4294
vt 0.464129 0.313796
vt 0.464129 0.017374
vt 0.225073 0.017374
vt 0.225073 0.313796
f 4295/8321/4295 4296/8322/4296 4297/8323/4297 4298/8324/4298
vt 0.953319 0.017437
vt 0.724580 0.017437
vt 0.724580 0.030988
vt 0.953319 0.030988
f 4299/8325/4299 4300/8326/4300 4301/8327/4301 4302/8328/4302
vt 0.225073 0.017374
vt 0.191059 0.017374
vt 0.191059 0.313796
vt 0.225073 0.313796
f 4306/8329/4306 4307/8330/4307 4308/8331/4308 4309/8332/4309
vt 0.724580 0.030988
vt 0.724580 0.286956
vt 0.953319 0.286956
vt 0.953319 0.030988
f 4313/8333/4313 4314/8334/4314 4315/8335/4315 4316/8336/4316
vt 0.722585 0.027155
vt 0.956318 0.027155
vt 0.956318 0.294696
vt 0.722585 0.294696
f 4317/8337/4317 4318/8338/4318 4319/8339/4319 4320/8340/4320
usemtl tex5_0
v -21.605837 -10.533909 -447.895996
vn 0.000000 0.000000 1.000000
v -26.435280 -14.736301 -447.895996
vn 0.000000 0.000000 1.000000
v -32.874538 -14.592339 -447.895996
vn 0.000000 0.000000 1.000000
v -26.435280 -8.893179 -447.895996
vn 0.000000 0.000000 1.000000
v -31.264723 -10.174007 -447.895996
vn 0.000000 0.000000 1.000000
v -26.435280 -20.579420 -447.895996
vn 0.000000 0.000000 1.000000
v -31.264723 -19.082651 -447.895996
vn 0.000000 0.000000 1.000000
v -19.996021 -14.880260 -447.895996
vn 0.000000 0.000000 1.000000
v -21.605837 -19.154631 -447.895996
vn 0.000000 0.000000 1.000000
v -58.594460 -69.982552 -529.751465
vn 0.518818 0.817871 -0.248826
v -22.041189 -74.532852 -504.920410
vn 0.253302 0.834908 -0.488638
v -32.343281 -58.292465 -484.872314
vn 0.272826 0.832783 -0.481703
v -41.885212 -82.494270 -567.813110
vn 0.372950 0.925781 -0.061946
v -39.961464 -85.571320 -566.186646
vn 0.600288 0.794227 0.094120
v -69.677078 -38.146404 -465.981934
vn -0.334069 0.722931 -0.604789
v -71.111595 -38.020641 -466.466919
vn 0.509256 0.749753 -0.422527
v -28.763687 -86.804260 -591.443848
vn 0.455556 0.747013 0.484191
v -14.245032 -77.381638 -612.001221
vn 0.111285 0.774941 0.622160
v -15.340672 -91.564873 -590.194702
vn 0.089235 0.829920 0.550699
v -28.763687 -86.804260 -591.443848
vn 0.478328 0.860339 0.176123
v -22.902706 -92.466354 -561.553955
vn 0.251191 0.966829 -0.046308
v -29.833141 -73.658043 -609.096313
vn -0.048002 0.759858 0.648314
v -26.847246 -75.646294 -610.942993
vn 0.405261 0.709824 0.576119
v -86.428040 -5.353353 -434.194092
vn 0.673029 0.223062 -0.705177
v -73.379333 -35.627964 -468.670288
vn -0.204749 0.795302 -0.570590
v -100.879318 4.892368 -476.659668
vn 0.508246 -0.385470 -0.770129
v -101.969200 3.926522 -479.921753
vn 0.958515 0.071180 -0.276013
v -96.780983 40.220249 -693.974854
vn 0.830817 -0.000154 0.556546
v -84.462608 45.055710 -711.898804
vn 0.503162 0.155976 0.850000
v -83.184738 41.549030 -714.110474
vn 0.513176 0.370273 0.774305
v -96.780983 40.220249 -693.974854
vn 0.971892 0.109921 0.208188
v -105.841927 21.143978 -640.058228
vn 0.868726 -0.495171 -0.011004
v -106.723892 24.914099 -639.262329
vn 0.982477 0.141611 0.121184
v -0.000028 -54.375458 -470.840698
vn 0.052414 0.796400 -0.602494
v -0.000028 -74.411301 -497.661255
vn 0.000349 0.863259 -0.504761
v -33.349419 -57.509079 -483.929810
vn 0.627377 0.267044 -0.731495
v 32.343231 -58.292469 -484.872437
vn -0.256634 0.816111 -0.517785
v -0.000028 -53.728649 -470.075073
vn 0.057875 0.195991 -0.978896
v -0.000031 -61.097374 -626.405884
vn -0.003200 0.668855 0.743386
v 15.560901 -61.098877 -626.408325
vn -0.057042 0.688426 0.723060
v 14.244969 -77.381638 -612.001343
vn -0.072368 0.758761 0.647337
v -0.000031 -77.381638 -612.001343
vn 0.005956 0.770357 0.637585
v 15.233579 -53.898811 -632.850464
vn 0.304408 -0.531536 0.790446
v 30.347897 -48.041340 -638.033936
vn 0.558629 0.122960 0.820253
v -0.000030 -92.296608 -589.915894
vn -0.000222 0.831703 0.555220
v -0.000030 -92.296608 -589.915894
vn -0.040922 0.995610 0.084182
v -0.000030 -95.393349 -560.438843
vn -0.017046 0.998182 -0.057819
v -15.340672 -91.564873 -590.194702
vn 0.165051 0.981700 0.094993
v 15.340612 -91.564873 -590.194702
vn -0.146317 0.833980 0.532042
v 22.902651 -92.466362 -561.554077
vn -0.253721 0.966251 -0.044541
v -0.000033 83.882187 -708.341675
vn 0.021142 -0.994117 0.106231
v -2.360042 89.690002 -654.281006
vn -0.687161 -0.724912 0.048084
v -0.000032 89.855125 -654.286133
vn 0.061402 -0.996101 0.063341
v -0.000033 83.882187 -708.341675
vn 0.056690 -0.719613 0.692057
v 12.906547 60.910557 -722.381592
vn 0.054159 0.225981 0.972625
v -0.000033 62.508137 -717.997192
vn -0.093062 0.035555 0.995025
v 23.064955 77.225708 -723.607056
vn 0.027967 -0.618566 0.785235
v 21.691309 76.033165 -727.042603
vn 0.237789 -0.448183 0.861735
v -0.000028 86.644318 -500.611816
vn -0.024534 -0.996134 -0.084354
v -3.103584 81.286697 -453.956665
vn -0.596784 -0.784129 -0.170269
v -0.000027 81.721573 -453.803101
vn -0.025462 -0.970998 -0.237727
v 2.296315 89.203613 -548.850708
vn 0.333732 -0.941192 -0.052723
v -0.000030 89.886841 -548.811157
vn 0.010914 -0.998894 -0.045742
v -0.000033 41.247982 -712.607788
vn -0.050350 0.421759 0.905309
v -12.906612 60.910553 -722.381470
vn -0.112997 0.325565 0.938743
v 12.907373 23.966345 -702.379272
vn -0.297505 0.505895 0.809667
v -0.000033 21.046354 -699.996948
vn -0.016884 0.582080 0.812956
v -0.000032 0.092179 -682.413208
vn -0.004618 0.660789 0.750558
v -18.612352 11.387291 -691.784546
vn 0.277512 0.446192 0.850823
v -12.907439 23.966343 -702.379272
vn 0.361125 0.528121 0.768556
v -26.173058 -6.994313 -675.411011
vn -0.070571 0.862889 0.500442
v -29.757160 -2.114391 -679.633423
vn 0.029722 0.662683 0.748310
v 29.757095 -2.114392 -679.633545
vn -0.025427 0.668814 0.742995
v -0.000032 -7.001859 -676.006714
vn -0.004103 0.836603 0.547795
v 35.725376 7.211614 -687.576050
vn -0.103578 0.234905 0.966484
v 55.918522 7.223069 -686.828247
vn -0.048698 0.444341 0.894533
v -33.100609 -55.115925 -629.714478
vn 0.276579 0.722432 0.633716
v -15.560963 -61.098873 -626.408325
vn 0.067449 0.669496 0.739747
v -15.233642 -53.898808 -632.850464
vn -0.103374 0.083392 0.991141
v -51.817856 -30.269491 -649.720703
vn -0.406858 0.590475 0.696998
v -48.225758 -30.446857 -651.529297
vn 0.245492 0.717717 0.651626
v -53.876316 -6.982879 -674.035767
vn 0.095003 0.682322 0.724852
v -35.725433 7.211614 -687.576050
vn 0.127870 0.243579 0.961415
v -44.022228 -12.849439 -669.348877
vn -0.417558 0.674746 0.608574
v -42.679005 -30.444996 -653.544922
vn -0.577841 0.371989 0.726446
v -59.444118 4.462062 -683.966064
vn -0.186030 0.155335 0.970188
v -55.918579 7.223068 -686.828125
vn 0.036901 0.413454 0.909777
v -66.429527 71.550194 -728.218384
vn 0.254901 -0.056549 0.965312
v -72.559044 58.192112 -718.609741
vn 0.002736 0.493092 0.869973
v -74.399971 76.026123 -727.055298
vn 0.371045 -0.412559 0.831938
v -48.045673 81.074028 -728.596313
vn 0.000817 -0.754681 0.656091
v -48.050949 76.003593 -731.421997
vn -0.016180 -0.321164 0.946885
v -66.429527 71.550194 -728.218384
vn -0.705222 0.697043 0.129588
v -69.039818 56.468105 -689.410645
vn -0.961219 0.262007 0.086083
v -72.559044 58.192112 -718.609741
vn -0.963796 0.234430 0.127039
v -70.834061 18.622864 -686.547241
vn -0.559471 0.338534 0.756563
v -65.610443 15.547505 -683.721802
vn -0.284008 -0.109319 0.952570
v -80.104469 11.370963 -690.356567
vn -0.040179 0.530270 0.846876
v -83.184738 23.932022 -701.469849
vn 0.157697 0.606675 0.779152
v -72.570778 27.941471 -694.812866
vn -0.546812 0.512646 0.661960
v -70.834061 18.622864 -686.547241
vn -0.777760 -0.618906 0.109750
v -63.889488 17.488077 -654.820801
vn -0.366908 -0.926967 0.078171
v -65.610443 15.547505 -683.721802
vn -0.281691 -0.956083 0.080970
v -72.564476 41.724243 -706.255005
vn -0.411582 0.504690 0.758873
v -83.184738 60.882431 -722.432739
vn 0.468745 0.147317 0.870962
v -72.564476 41.724243 -706.255005
vn -0.988822 0.095171 0.114779
v -69.086731 28.459167 -664.676880
vn -0.996680 -0.018058 0.079391
v -72.570778 27.941471 -694.812866
vn -0.993541 -0.015731 0.112377
v -29.670935 71.561539 -728.195190
vn -0.093876 0.287688 0.953112
v -23.537142 58.233257 -718.512817
vn 0.300471 0.513663 0.803659
v -29.670935 71.561539 -728.195190
vn 0.474319 0.872795 0.115113
v -48.066761 73.486176 -704.439087
vn 0.002978 0.992762 0.120060
v -48.050949 76.003593 -731.421997
vn -0.081387 0.991983 0.096669
v -23.526819 41.782207 -706.286499
vn 0.553157 0.492611 0.671827
v -12.906820 41.592762 -714.273560
vn 0.185056 0.493508 0.849826
v -23.517218 27.971838 -695.427124
vn 0.600034 0.390906 0.697963
v -23.526819 41.782207 -706.286499
vn 0.988199 0.098263 0.117504
v -27.070904 56.492077 -689.279419
vn 0.932910 0.329124 0.146136
v -23.537142 58.233257 -718.512817
vn 0.923840 0.359958 0.130193
v -27.902210 18.618315 -687.590942
vn 0.398840 -0.012911 0.916930
v -27.902210 18.618315 -687.590942
vn 0.660489 -0.743103 0.107479
v -30.921156 20.119007 -658.197021
vn 0.704931 -0.699014 0.120215
v -26.987066 28.409050 -665.123413
vn 0.989879 -0.075923 0.119893
v -23.517218 27.971838 -695.427124
vn 0.984987 -0.128280 0.115523
v -41.075665 15.537792 -684.433960
vn 0.153590 -0.260964 0.953052
v -55.993198 15.568210 -683.847046
vn -0.001199 -0.997787 0.066486
v -56.006409 17.482630 -654.892700
vn -0.001270 -0.997980 0.063510
v -42.805622 17.418238 -655.402466
vn 0.160758 -0.984364 0.072000
v -41.075665 15.537792 -684.433960
vn 0.118769 -0.990310 0.071968
v -0.000031 -52.174126 -624.233276
vn -0.000113 -0.980716 0.195436
v 14.349517 -52.184704 -624.250610
vn 0.207872 -0.954970 0.211712
v -0.000031 -53.892818 -632.840698
vn -0.000114 -0.316759 0.948506
v -0.000032 -9.280005 -663.761353
vn 0.000169 0.983256 0.182229
v -24.356697 -9.266915 -663.194458
vn -0.115145 0.973376 0.198194
v -0.000032 -9.280005 -663.761353
vn 0.000046 0.998892 0.047060
v -0.000031 -10.785591 -631.826782
vn 0.000023 0.994341 0.106238
v -23.691645 -10.770965 -631.270142
vn -0.178127 0.975130 0.131882
v -24.356697 -9.266915 -663.194458
vn -0.144312 0.988288 0.049602
v 24.356638 -9.266915 -663.194580
vn 0.144515 0.988285 0.049081
v 23.691586 -10.770966 -631.270264
vn 0.133738 0.985014 0.108910
v -28.567774 -46.829941 -628.998779
vn -0.758721 -0.610748 0.226558
v -14.349580 -52.184700 -624.250610
vn -0.278753 -0.937435 0.208595
v -30.347956 -48.041336 -638.033936
vn -0.418350 0.001062 0.908285
v -28.567774 -46.829941 -628.998779
vn -0.612397 -0.790537 0.004617
v -27.870081 -47.173130 -598.135620
vn -0.615922 -0.781091 0.102648
v -13.995292 -52.359856 -593.531860
vn -0.187229 -0.979586 0.073183
v -14.349580 -52.184700 -624.250610
vn -0.177090 -0.984186 -0.004183
v -39.978588 -30.723310 -643.173462
vn -0.966264 -0.035990 0.255025
v -41.076672 -14.617928 -657.622559
vn -0.547117 0.795317 0.261026
v -41.076672 -14.617928 -657.622559
vn -0.812255 0.580905 0.052838
v -39.990520 -15.954404 -625.862427
vn -0.799964 0.572884 0.178500
v -38.959244 -31.563219 -611.865112
vn -0.941106 -0.322286 0.102232
v -39.978588 -30.723310 -643.173462
vn -0.947967 -0.317543 0.022907
v -56.775684 39.317989 -633.431030
vn -0.001010 0.662618 0.748956
v -45.386372 55.205322 -647.426392
vn 0.196594 0.769909 0.607117
v -43.365337 39.664165 -633.722900
vn 0.258698 0.648460 0.715944
v -55.899376 27.170944 -622.680542
vn 0.006467 0.288348 0.957504
v -65.515556 49.533714 -642.493774
vn -0.453005 0.667296 0.591187
v -59.583717 53.780605 -646.224731
vn -0.106818 0.813031 0.572337
v -62.746265 64.745789 -666.121704
vn -0.418158 0.856127 0.303628
v -68.175758 54.114082 -656.737793
vn -0.925293 0.333778 0.180069
v -47.407211 68.295517 -669.242310
vn 0.112364 0.935569 0.334790
v -66.805969 21.666458 -635.951172
vn -0.948820 -0.300757 0.096364
v -67.816887 27.531546 -633.242920
vn -0.984109 -0.034098 0.174262
v -67.878593 39.670399 -643.977661
vn -0.960436 0.176102 0.215756
v -64.218445 38.275776 -632.530640
vn -0.678179 0.465089 0.569003
v -63.845512 27.205032 -622.692261
vn -0.699628 0.184856 0.690180
v -36.115513 65.232536 -674.429077
vn 0.562021 0.774593 0.290065
v -31.642458 55.533825 -657.858154
vn 0.746880 0.540523 0.387305
v -31.084072 39.990246 -644.200684
vn 0.875032 0.326090 0.357748
v -42.705173 27.120596 -622.863647
vn 0.358344 0.140937 0.922890
v -30.866529 27.413469 -633.568726
vn 0.886192 -0.209866 0.413061
v -33.957172 21.541386 -636.532593
vn 0.556981 -0.805784 0.201207
v -42.740421 19.172613 -626.279785
vn 0.393142 -0.761390 0.515485
v -55.970905 19.254238 -625.869263
vn 0.008706 -0.734369 0.678694
v -63.901093 19.287220 -625.836304
vn -0.669907 -0.657059 0.345685
v -0.000030 -47.991684 -566.966553
vn -0.004145 -0.358415 0.933553
v -15.140285 -48.001072 -566.915405
vn -0.387648 -0.539988 0.747089
v -0.000030 -32.685810 -570.890137
vn -0.000253 0.517971 0.855398
v -0.000031 -52.347420 -593.511353
vn -0.000130 -0.996929 0.078317
v 15.140224 -48.001076 -566.915405
vn 0.470589 -0.523398 0.710352
v 13.995232 -52.359856 -593.531860
vn 0.249092 -0.963681 0.096289
v 18.754011 -32.685184 -570.622803
vn 0.237350 0.541623 0.806418
v -0.000031 -16.820297 -595.703125
vn -0.001107 0.932738 0.360552
v 22.412491 -16.809404 -595.219238
vn 0.218966 0.913131 0.343868
v -26.178562 -43.744980 -578.538818
vn -0.774150 -0.458120 0.436827
v -18.754066 -32.685181 -570.622681
vn -0.378404 0.384276 0.842106
v -33.818550 -32.404060 -580.666138
vn -0.824970 0.269392 0.496842
v -33.720169 -20.628012 -599.248169
vn -0.496427 0.813287 0.303521
v -22.412550 -16.809404 -595.219238
vn -0.235918 0.887881 0.394981
v -0.000031 91.080132 -599.627319
vn 0.036661 -0.999326 -0.002054
v -2.296374 89.203613 -548.850708
vn -0.342521 -0.938742 -0.037994
v 2.359978 89.690002 -654.281128
vn 0.673709 -0.738767 0.018440
v -0.000029 -88.741615 -528.157837
vn 0.000331 0.949563 -0.313576
v 22.041132 -74.532852 -504.920410
vn -0.231410 0.859972 -0.454860
v -109.786667 11.040925 -562.657349
vn 0.983548 0.179465 -0.020608
v -106.642746 28.469408 -638.411499
vn 0.725512 0.647636 0.232807
v -100.014275 0.590378 -480.727295
vn 0.982768 -0.058064 -0.175485
v -0.000027 67.358986 -417.609741
vn 0.000057 -0.944126 -0.329583
v -3.894911 68.276894 -421.090942
vn 0.067752 -0.943434 -0.324564
v -38.706005 65.900795 -421.450928
vn 0.159464 -0.937720 -0.308631
v -39.399181 64.640450 -418.033081
vn 0.157489 -0.939710 -0.303549
v -0.000027 67.358986 -417.609741
vn -0.048289 -0.928805 -0.367408
v 3.103528 81.286705 -453.956665
vn 0.603465 -0.766473 -0.219883
v -77.686790 59.056046 -436.908936
vn 0.890577 -0.395751 -0.224173
v -99.741005 39.437542 -489.326172
vn 0.925180 -0.339379 -0.169892
v -100.177612 36.102062 -487.828491
vn 0.957184 -0.186198 -0.221650
v -77.686790 59.056046 -436.908936
vn 0.263768 -0.547590 -0.794085
v -41.080612 75.718506 -435.938965
vn 0.112443 -0.196584 -0.974018
v -57.819752 -68.313919 -525.868774
vn 0.229728 0.754867 -0.614330
v -60.614285 -67.187851 -531.702759
vn 0.238419 0.898198 -0.369320
v -85.087486 -3.955560 -433.409302
vn 0.337330 -0.117470 -0.934029
v -28.084944 -85.113281 -531.366699
vn 0.281380 0.912639 -0.296505
v -31.494696 -83.695297 -591.408325
vn 0.409400 0.902390 0.134480
v -2.333843 90.613525 -599.630981
vn -0.591892 -0.806013 -0.002575
v 2.382329 84.465088 -706.812134
vn 0.763454 -0.406910 0.501560
v -3.894911 68.276894 -421.090942
vn -0.335073 -0.872700 -0.355136
v 2.491728 85.979973 -500.696655
vn 0.545758 -0.834203 -0.079072
v -76.416016 61.421188 -439.660522
vn 0.309583 -0.861914 -0.401575
v -96.665337 43.851112 -693.388184
vn 0.404790 0.900496 0.158912
v -108.163559 7.470641 -563.214233
vn 0.940156 -0.335872 -0.057414
v 39.399132 64.640450 -418.033081
vn -0.214360 -0.868931 -0.446103
v 38.705952 65.900795 -421.450928
vn -0.231311 -0.894272 -0.383110
v 3.894858 68.276901 -421.090942
vn -0.067638 -0.940468 -0.333084
v 77.958939 57.778618 -436.140381
vn -0.182846 -0.060356 -0.981287
v 77.686737 59.056049 -436.908936
vn -0.362382 -0.769497 -0.525884
v 41.080563 75.718513 -435.938965
vn -0.022909 0.036296 -0.999078
v -36.130875 -54.329155 -627.278931
vn -0.156381 0.611652 0.775517
v -69.061516 40.958961 -675.714844
vn -0.993205 0.076099 0.088048
v -67.800911 20.218836 -657.358276
vn -0.892625 -0.441325 0.091940
v -32.341240 69.239777 -700.651001
vn 0.604591 0.780327 0.159874
v -27.028570 40.972145 -675.658569
vn 0.984695 0.119169 0.127177
v -63.786575 69.229530 -700.680054
vn -0.606640 0.787499 0.108784
v -57.759369 -7.054977 -673.322266
vn -0.598157 0.508979 0.618989
v 18.612289 11.387291 -691.784546
vn -0.261408 0.283810 0.922561
v -21.691374 76.033157 -727.042603
vn -0.232957 -0.506119 0.830406
v 12.906754 41.592766 -714.273682
vn -0.209073 0.449805 0.868311
v -55.993198 15.568210 -683.847046
vn 0.024255 -0.334365 0.942132
v -70.863678 7.205415 -686.615479
vn -0.001011 0.481946 0.876200
v -71.920502 4.679267 -683.546509
vn -0.166375 0.120955 0.978616
v -86.327049 25.176889 -699.348511
vn -0.138418 0.598535 0.789048
v -84.156342 62.179302 -719.108276
vn 0.496773 0.167680 0.851528
v -95.859573 36.305256 -694.176147
vn 0.805190 -0.262430 0.531788
v -86.296043 37.291573 -708.005249
vn 0.547464 -0.108454 0.829771
v -47.995338 81.929527 -725.056274
vn 0.057572 -0.500821 0.863634
v -2.382396 84.465088 -706.812012
vn 0.030717 -0.932673 0.359412
v -23.065018 77.225708 -723.607056
vn -0.108872 -0.813321 0.571538
v 26.172995 -6.994313 -675.411011
vn 0.028993 0.829933 0.557110
v 24.356638 -9.266915 -663.194580
vn 0.115312 0.973352 0.198216
v -0.000031 -52.174126 -624.233276
vn 0.000000 -0.999984 -0.005712
v 14.349517 -52.184704 -624.250610
vn 0.177276 -0.984155 -0.003567
v -2.491786 85.979973 -500.696655
vn -0.535122 -0.841983 -0.068623
v 2.333781 90.613533 -599.630981
vn 0.581401 -0.813505 -0.013485
v 28.084888 -85.113281 -531.366699
vn -0.288471 0.906974 -0.306892
v -98.603722 23.706673 -478.784668
vn 0.928550 -0.112733 -0.353675
v -86.866783 -7.717331 -434.511108
vn 0.141056 0.320410 -0.936718
v -97.003105 23.893015 -476.719727
vn 0.328999 -0.364865 -0.870996
v -109.952957 14.777555 -562.931274
vn 0.845565 0.530788 0.057304
v -77.958992 57.778618 -436.140381
vn 0.917813 -0.017125 -0.396642
v -99.138382 36.047653 -484.295654
vn 0.735727 0.081159 -0.672397
v -83.307037 10.755589 -687.575073
vn -0.309866 0.490008 0.814785
v -74.499115 76.942024 -723.521606
vn 0.446534 -0.250653 0.858942
v -96.665337 43.851112 -693.388184
vn 0.832853 -0.114041 0.541619
v -97.106110 44.551598 -718.407104
vn 0.661496 0.685172 0.304898
v -84.462608 45.055710 -711.898804
vn -0.054675 0.998086 0.028908
v -2.382396 84.465088 -706.812012
vn -0.945840 -0.209352 0.248109
v -3.034454 103.915764 -654.772095
vn -0.684348 -0.729145 0.003805
v -4.954991 95.204697 -450.913696
vn -0.611677 -0.765724 -0.198789
v -5.023846 103.152695 -548.102417
vn -0.716486 -0.696611 -0.037161
v -120.932373 29.237106 -639.825806
vn 0.547375 0.801699 0.240121
v -3.894911 68.276894 -421.090942
vn 0.000801 0.312950 -0.949769
v -41.256393 79.402534 -417.456543
vn 0.119279 0.321909 -0.939227
v -38.706005 65.900795 -421.450928
vn 0.235673 0.349812 -0.906692
v -76.416016 61.421188 -439.660522
vn 0.807111 -0.577338 -0.123503
v -76.416016 61.421188 -439.660522
vn 0.363616 0.639420 -0.677441
v -113.675568 42.703377 -486.781494
vn 0.290635 0.809390 -0.510312
v -99.741005 39.437542 -489.326172
vn 0.078905 0.922439 -0.377996
v -4.176599 104.735420 -599.309692
vn -0.607777 -0.793711 -0.025114
v -5.216188 81.587524 -416.237793
vn -0.843181 -0.495625 -0.208331
v -84.514824 73.658058 -436.885864
vn 0.426586 0.427485 -0.797045
v -110.872429 47.033176 -696.798218
vn 0.828827 0.462966 0.314179
v -97.436310 66.372787 -724.744141
vn -0.338493 0.300395 0.891732
v -48.832523 95.918411 -728.324097
vn 0.013289 0.235613 0.971756
v -23.065018 77.225708 -723.607056
vn -0.666158 0.258621 0.699535
v -0.000033 98.540016 -709.522583
vn 0.032003 -0.818446 0.573691
v -22.090498 90.749557 -727.922974
vn -0.525494 -0.345878 0.777318
v -5.151968 99.926865 -499.688843
vn -0.392840 -0.917146 -0.067234
v -124.241158 14.386758 -562.366333
vn 0.055468 0.938600 -0.340520
v -109.952957 14.777555 -562.931274
vn -0.038321 0.949092 -0.312659
v -22.090498 90.749557 -727.922974
vn 0.015832 0.266706 0.963648
v -82.474365 89.580994 -726.804199
vn -0.092592 0.267401 0.959126
v -48.186913 87.709488 -509.520020
vn 0.295739 -0.954834 -0.028823
v -76.215721 81.411377 -535.953979
vn 0.295268 -0.955023 -0.027350
v -81.068092 80.403786 -498.195801
vn 0.329689 -0.943699 -0.027150
v -59.914967 84.960266 -464.687134
vn 0.304147 -0.950932 -0.056775
v -22.172659 99.375618 -547.479492
vn 0.268470 -0.961841 -0.052783
v -43.848854 91.275192 -549.817017
vn 0.321958 -0.944334 -0.067648
v -67.387657 84.918365 -559.139038
vn 0.287246 -0.955554 -0.066388
v -84.422104 93.159332 -701.852417
vn 0.550389 -0.830323 0.087380
v -96.177475 78.236458 -651.132568
vn 0.612445 -0.789397 -0.042000
v -70.101639 94.319473 -651.433716
vn 0.338551 -0.938155 -0.072447
v -97.436310 66.372787 -724.744141
vn 0.873991 -0.384554 0.297081
v -104.872337 71.667221 -703.231079
vn 0.884909 -0.401931 0.235344
v -52.775852 93.433479 -596.182373
vn 0.298055 -0.950287 -0.090093
v -35.760086 102.300011 -653.513428
vn 0.136618 -0.990620 -0.002740
v -25.810493 101.768105 -597.906250
vn 0.211711 -0.976122 -0.048629
v -109.206543 69.268570 -576.593140
vn 0.641604 -0.766838 -0.017437
v -81.711075 82.976944 -596.811646
vn 0.384316 -0.920638 -0.068753
v -115.042435 58.826904 -644.897095
vn 0.890778 -0.451275 0.053530
v -117.153526 49.740337 -518.114502
vn 0.911825 -0.387327 -0.136209
v -103.673599 71.203896 -501.866821
vn 0.615772 -0.780750 -0.106081
v -45.646942 100.115623 -702.806274
vn 0.123065 -0.989207 0.079522
v -82.474365 89.580994 -726.804199
vn 0.432968 -0.888033 0.154711
v -48.832523 95.918411 -728.324097
vn 0.004344 -0.956529 0.291604
v -24.154829 95.960228 -500.104736
vn 0.265134 -0.963453 -0.038246
v -32.143810 91.658615 -451.936279
vn 0.211075 -0.965964 -0.149535
v -84.514824 73.658058 -436.885864
vn 0.571564 -0.796004 -0.199227
v -124.707687 40.642120 -572.998047
vn 0.972347 -0.230653 -0.036610
v -122.876572 38.875401 -623.537720
vn 0.991196 -0.100040 0.086732
v -113.675568 42.703377 -486.781494
vn 0.967931 -0.197867 -0.154782
v -41.256393 79.402534 -417.456543
vn 0.149455 -0.938410 -0.311529
v -124.241158 14.386758 -562.366333
vn 0.938637 0.341281 0.049880
v 3.034390 103.915771 -654.772095
vn 0.670387 -0.741789 0.018159
v 45.646885 100.115623 -702.806274
vn -0.036917 -0.989480 0.139879
v 22.090433 90.749565 -727.922974
vn 0.532321 -0.488388 0.691456
v -5.216188 81.587524 -416.237793
vn 0.010932 0.343486 -0.939094
v -97.106110 44.551598 -718.407104
vn -0.451642 0.242512 0.858608
v -50.537296 -89.109032 -570.620728
vn 0.222910 0.959736 -0.170935
v -31.494696 -83.695297 -591.408325
vn -0.323912 0.841218 0.432936
v -37.479717 -80.469139 -613.680908
vn -0.012800 0.834797 0.550410
v -82.164970 -42.400570 -466.964233
vn -0.075870 0.814021 -0.575859
v -95.859573 36.305256 -694.176147
vn 0.655873 -0.750620 -0.080000
v -116.859596 19.094601 -641.692627
vn 0.842249 -0.532614 -0.083297
v -55.370190 -39.048454 -656.032104
vn -0.400044 0.581010 0.708797
v -59.990799 -3.255695 -692.066528
vn -0.755599 -0.023182 0.654624
v -109.509483 -5.327737 -479.888672
vn 0.886330 -0.418560 -0.198056
v -69.802498 -73.595398 -532.707642
vn 0.436909 0.879957 -0.186513
v -39.575443 -90.407005 -595.316650
vn 0.404720 0.899971 0.162029
v -118.109489 1.810944 -563.572144
vn 0.984476 -0.152894 -0.086198
v -42.359985 -62.246494 -632.340942
vn -0.018483 0.718012 0.695785
v -58.916420 -15.183291 -680.990356
vn -0.743002 0.406859 0.531426
v -73.756470 -3.366471 -691.247437
vn 0.053493 0.029094 0.998144
v -93.250816 19.460497 -706.423950
vn -0.146464 0.465876 0.872644
v -106.129875 33.954727 -699.134033
vn 0.685834 -0.468789 0.556658
v -94.380112 33.514290 -714.777100
vn -0.242303 0.067097 0.967878
v -96.102821 -13.811466 -432.722534
vn 0.798679 0.459621 -0.388408
v -87.494194 3.004998 -694.594360
vn -0.168878 0.273455 0.946944
v -96.513123 -11.309529 -672.453979
vn 0.790456 0.584156 0.184230
v -76.403862 -37.124775 -632.291626
vn 0.682057 0.720562 0.124855
v -89.736176 -30.550482 -598.350464
vn 0.709429 0.699257 0.088030
v -109.541588 -7.536042 -624.401855
vn 0.844255 0.529874 0.080414
v -114.713783 11.376817 -654.752808
vn 0.943630 0.281584 0.173992
v -105.447693 13.645231 -692.239502
vn 0.919061 0.308058 0.245818
v -96.513123 -11.309529 -672.453979
vn 0.376773 0.750369 0.543128
v -62.530712 -39.307983 -650.680786
vn 0.444380 0.787365 0.427297
v -76.403862 -37.124775 -632.291626
vn 0.562787 0.778817 0.276974
v -73.878365 -16.918314 -678.455200
vn 0.221476 0.742189 0.632538
v -56.201950 -61.986240 -601.355591
vn 0.800545 0.530642 0.278472
v -53.391052 -82.824814 -578.793823
vn 0.778429 0.553044 0.296968
v -62.443790 -71.869667 -570.160400
vn 0.844253 0.485525 0.226942
v -56.201950 -61.986240 -601.355591
vn 0.734996 0.621500 0.271145
v -41.727337 -77.075821 -611.935425
vn 0.704584 0.605290 0.370386
v -44.807888 -81.716591 -597.821045
vn 0.732888 0.575487 0.362893
v -69.355202 -61.914463 -562.987427
vn 0.838183 0.490118 0.239236
v -72.440048 -50.249859 -578.198120
vn 0.776794 0.605798 0.172045
v -84.960297 -41.427368 -540.433716
vn 0.826022 0.556380 0.090161
v -95.271828 -29.462585 -483.793457
vn 0.868154 0.496103 -0.013831
v -99.973152 -23.138195 -553.667603
vn 0.774260 0.632332 0.026038
v -44.807888 -81.716591 -597.821045
vn 0.758501 0.534176 0.373272
v -39.575443 -90.407005 -595.316650
vn 0.034221 0.877326 0.478673
v -105.447693 13.645231 -692.239502
vn 0.542823 0.518994 0.660294
v -79.180847 -58.042492 -534.771973
vn 0.882499 0.449060 0.139791
v -48.922592 -61.373508 -625.009399
vn 0.624470 0.707047 0.331846
v -88.021187 -45.272053 -491.427734
vn 0.817817 0.565638 -0.105968
v -104.378479 -17.930626 -502.229370
vn 0.836675 0.544335 -0.060617
v -106.129875 33.954727 -699.134033
vn 0.931597 -0.350017 0.098062
v -54.746899 -57.786884 -531.005981
vn 0.572147 0.128816 -0.809972
v -66.507263 -28.164301 -472.177856
vn -0.236001 0.825509 -0.512678
v -89.488159 5.651163 -480.699219
vn 0.412108 -0.696868 -0.586977
v -31.265114 -47.047531 -489.792480
vn 0.566332 0.329686 -0.755364
v 33.349365 -57.509083 -483.929810
vn -0.565741 0.265815 -0.780564
v -0.000028 -43.545528 -476.544067
vn -0.133726 0.303351 -0.943449
v -77.958992 57.778618 -436.140381
vn 0.240100 -0.417507 -0.876379
v 0.240883 69.627579 -421.365601
vn 0.206865 -0.240713 -0.948295
v -76.723434 1.507923 -432.589355
vn 0.238748 0.125230 -0.962973
v -85.355957 22.016371 -480.532471
vn 0.458758 -0.172506 -0.871655
v -69.008080 51.597202 -432.589355
vn 0.785755 0.420873 -0.453272
v -88.305519 31.708017 -487.531128
vn 0.182787 -0.100331 -0.978020
v -0.000027 5.229803 -432.589478
vn 0.000002 0.086174 -0.996280
v 0.240883 69.627579 -421.365601
vn -0.002718 0.171711 -0.985144
v -44.694355 4.522955 -432.589355
vn 0.031154 0.092406 -0.995234
v 44.694305 4.522955 -432.589355
vn 0.000910 0.057420 -0.998350
v 0.240883 69.627579 -421.365601
vn -0.053686 0.055422 -0.997019
v -0.000027 -19.573528 -432.589478
vn 0.000001 0.000005 -1.000000
v 39.670044 -23.617413 -432.589355
vn 0.000004 0.000006 -1.000000
v 0.240883 69.627579 -421.365601
vn 0.095841 0.104504 -0.989896
v -69.962242 27.696259 -432.589355
vn 0.129001 0.049128 -0.990427
v -76.723434 1.507923 -432.589355
vn 0.095841 0.104504 -0.989896
v -69.008080 51.597202 -432.589355
vn 0.189451 -0.121066 -0.974398
v -69.962242 27.696259 -432.589355
vn 0.947838 -0.136169 -0.288202
v -39.670094 -23.617411 -432.589355
vn 0.180324 0.785147 -0.592476
v -44.694355 4.522955 -432.589355
vn -0.000003 -0.000004 -1.000000
v -0.000027 -19.573528 -432.589478
vn -0.033405 0.892559 -0.449691
v 31.265062 -47.047535 -489.792480
vn -0.591439 0.365903 -0.718550
v 39.670044 -23.617413 -432.589355
vn -0.161829 0.914335 -0.371218
v 0.240883 69.627579 -421.365601
vn -0.251036 -0.412265 -0.875796
v 69.008026 51.597202 -432.589355
vn -0.193433 -0.247640 -0.949346
v 54.746845 -57.786888 -531.006104
vn -0.217668 0.729200 -0.648759
v 39.670044 -23.617413 -432.589355
vn -0.811200 0.144834 -0.566549
v 66.507202 -28.164303 -472.177856
vn 0.195056 0.579426 -0.791340
v 44.694305 4.522955 -432.589355
vn -0.440453 0.557933 -0.703357
v 58.594410 -69.982552 -529.751587
vn -0.521387 0.816027 -0.249511
v 39.961407 -85.571327 -566.186646
vn -0.587287 0.802069 0.108529
v 73.379280 -35.627968 -468.670288
vn -0.185580 0.832050 -0.522736
v 71.111542 -38.020645 -466.466919
vn -0.302463 0.818082 -0.489141
v 28.763628 -86.804268 -591.443970
vn -0.483310 0.738520 0.470106
v 26.847187 -75.646301 -610.942993
vn -0.449669 0.724148 0.522884
v 28.763628 -86.804268 -591.443970
vn -0.613733 0.754011 0.234093
v 41.885155 -82.494278 -567.813110
vn -0.204725 0.969077 -0.137757
v 86.427986 -5.353353 -434.194092
vn -0.948749 -0.050528 -0.311964
v 100.014214 0.590378 -480.727295
vn -0.905874 -0.356496 -0.228699
v 101.969147 3.926522 -479.921753
vn -0.969801 0.084953 -0.228625
v 86.427986 -5.353353 -434.194092
vn 0.270701 0.604526 -0.749179
v 69.677017 -38.146404 -465.982056
vn 0.210338 0.744079 -0.634117
v 96.780914 40.220249 -693.974976
vn -0.976882 0.077722 0.199149
v 96.665268 43.851116 -693.388306
vn -0.406610 0.867284 0.287207
v 106.642677 28.469410 -638.411621
vn -0.564235 0.791546 0.234720
v 106.723824 24.914099 -639.262329
vn -0.986791 0.093904 0.132008
v 96.780914 40.220249 -693.974976
vn -0.820809 0.086253 0.564653
v 86.295967 37.291576 -708.005249
vn -0.324490 0.172852 0.929962
v 83.184669 41.549030 -714.110474
vn -0.487085 0.360170 0.795629
v 33.100548 -55.115929 -629.714478
vn -0.330875 0.710729 0.620795
v 42.678944 -30.444998 -653.545044
vn 0.525713 0.498148 0.689547
v 48.225697 -30.446859 -651.529419
vn -0.302907 0.716452 0.628446
v 29.833082 -73.658043 -609.096313
vn 0.046699 0.810689 0.583611
v 53.876255 -6.982879 -674.035767
vn -0.124034 0.690962 0.712170
v 51.817795 -30.269493 -649.720825
vn 0.384541 0.538188 0.749988
v 66.429451 71.550194 -728.218506
vn -0.094382 0.284035 0.954157
v 48.050884 76.003593 -731.421997
vn -0.015719 -0.322150 0.946558
v 74.399895 76.026123 -727.055420
vn -0.501371 -0.437255 0.746616
v 83.184669 60.882435 -722.432861
vn -0.575228 0.222799 0.787067
v 72.558975 58.192116 -718.609863
vn 0.294437 0.516770 0.803900
v 66.429451 71.550194 -728.218506
vn 0.475534 0.872193 0.114662
v 48.066704 73.486176 -704.439087
vn -0.015365 0.991713 0.127552
v 48.050884 76.003593 -731.421997
vn -0.080572 0.992043 0.096738
v 70.833984 18.622864 -686.547241
vn 0.509724 0.154026 0.846438
v 72.570709 27.941473 -694.812866
vn 0.598877 0.473748 0.645685
v 80.104393 11.370964 -690.356567
vn 0.159326 0.608940 0.777051
v 70.863602 7.205415 -686.615601
vn 0.139628 0.367260 0.919578
v 65.610374 15.547506 -683.721802
vn 0.243323 -0.177554 0.953556
v 70.833984 18.622864 -686.547241
vn 0.926471 -0.357085 0.118919
v 69.086655 28.459169 -664.676880
vn 0.996280 -0.025485 0.082325
v 72.570709 27.941473 -694.812866
vn 0.993354 0.009860 0.114673
v 72.564407 41.724243 -706.255005
vn 0.541541 0.510372 0.668022
v 83.184669 23.932024 -701.469971
vn 0.012780 0.638331 0.769656
v 72.564407 41.724243 -706.255005
vn 0.988041 0.099636 0.117679
v 69.039742 56.468109 -689.410767
vn 0.955800 0.278969 0.092856
v 72.558975 58.192116 -718.609863
vn 0.924549 0.358368 0.129543
v 29.670872 71.561546 -728.195190
vn 0.255357 -0.054158 0.965329
v 23.537079 58.233261 -718.512939
vn -0.000102 0.494326 0.869277
v 48.045609 81.074036 -728.596313
vn 0.001063 -0.754380 0.656437
v 29.670872 71.561546 -728.195190
vn -0.703643 0.698536 0.130129
v 27.070841 56.492081 -689.279419
vn -0.926566 0.350531 0.136391
v 23.537079 58.233261 -718.512939
vn -0.963562 0.235246 0.127313
v 23.526756 41.782211 -706.286499
vn -0.421330 0.492411 0.761585
v 23.517155 27.971840 -695.427124
vn -0.575791 0.436936 0.691051
v 23.526756 41.782211 -706.286499
vn -0.989186 0.091812 0.114371
v 26.987003 28.409052 -665.123535
vn -0.981227 -0.149600 0.121714
v 23.517155 27.971840 -695.427124
vn -0.984451 -0.133093 0.114643
v 27.902147 18.618315 -687.590942
vn -0.514929 0.166234 0.840960
v 41.075607 15.537792 -684.433960
vn -0.195873 -0.239479 0.950938
v 27.902147 18.618315 -687.590942
vn -0.659912 -0.744004 0.104755
v 30.921097 20.119009 -658.197144
vn -0.606991 -0.786543 0.113631
v 42.805565 17.418240 -655.402466
vn -0.117538 -0.990954 0.064770
v 41.075607 15.537792 -684.433960
vn -0.118418 -0.990516 0.069680
v 55.993141 15.568211 -683.847046
vn -0.023830 -0.335488 0.941743
v 55.993141 15.568211 -683.847046
vn 0.001233 -0.997869 0.065235
v 56.006348 17.482630 -654.892822
vn 0.001277 -0.997991 0.063339
v 63.889431 17.488079 -654.820923
vn 0.355440 -0.932101 0.069640
v 65.610374 15.547506 -683.721802
vn 0.401556 -0.911445 0.089560
v 28.567713 -46.829945 -628.998779
vn 0.595757 -0.770271 0.227501
v 39.978527 -30.723312 -643.173462
vn 0.940713 -0.236933 0.242738
v 28.567713 -46.829945 -628.998779
vn 0.612781 -0.790232 0.005695
v 27.870022 -47.173134 -598.135620
vn 0.684821 -0.721259 0.103948
v 38.959183 -31.563221 -611.865112
vn 0.981372 -0.144885 0.126162
v 39.978527 -30.723312 -643.173462
vn 0.947912 -0.317719 0.022767
v 41.076614 -14.617928 -657.622681
vn 0.824376 0.491637 0.280532
v 44.022171 -12.849440 -669.348999
vn 0.193931 0.749671 0.632759
v 41.076614 -14.617928 -657.622681
vn 0.812683 0.580422 0.051545
v 39.990459 -15.954405 -625.862427
vn 0.689534 0.701503 0.180100
v 56.775627 39.317993 -633.431030
vn -0.000834 0.661091 0.750305
v 64.218369 38.275780 -632.530762
vn 0.646690 0.486789 0.587221
v 63.845455 27.205034 -622.692383
vn 0.726404 0.045561 0.685756
v 55.899319 27.170946 -622.680664
vn -0.010539 0.044398 0.998958
v 59.583660 53.780605 -646.224731
vn 0.207316 0.782817 0.586701
v 65.515488 49.533718 -642.493774
vn 0.672621 0.555610 0.488751
v 42.705116 27.120598 -622.863647
vn -0.402846 0.137101 0.904941
v 43.365280 39.664165 -633.723022
vn -0.328766 0.631363 0.702348
v 62.746208 64.745789 -666.121704
vn 0.492972 0.806464 0.326488
v 68.175682 54.114086 -656.737915
vn 0.880577 0.420506 0.218537
v 45.386311 55.205322 -647.426392
vn -0.205384 0.767419 0.607360
v 47.407154 68.295517 -669.242310
vn -0.093675 0.945635 0.311449
v 66.805893 21.666458 -635.951172
vn 0.882576 -0.440736 0.163741
v 67.816818 27.531548 -633.243042
vn 0.980651 -0.004986 0.195700
v 63.901035 19.287222 -625.836426
vn 0.556821 -0.713006 0.426113
v 67.878517 39.670403 -643.977661
vn 0.970666 0.141466 0.194409
v 69.061440 40.958961 -675.714966
vn 0.996187 0.056186 0.066746
v 36.115456 65.232544 -674.429077
vn -0.421753 0.876973 0.230311
v 31.084013 39.990250 -644.200806
vn -0.816525 0.393607 0.422327
v 31.642399 55.533829 -657.858276
vn -0.677240 0.642926 0.357759
v 33.957111 21.541388 -636.532593
vn -0.757686 -0.560315 0.334603
v 42.740364 19.172613 -626.279785
vn -0.285533 -0.791523 0.540335
v 30.866470 27.413471 -633.568848
vn -0.895676 0.053011 0.441537
v 55.970848 19.254240 -625.869263
vn -0.006175 -0.810473 0.585744
v 26.178503 -43.744980 -578.538818
vn 0.644728 -0.713650 0.273914
v 33.818489 -32.404060 -580.666138
vn 0.873917 -0.057645 0.482646
v 33.720112 -20.628014 -599.248169
vn 0.676831 0.631586 0.378151
v 109.786606 11.040926 -562.657471
vn -0.991573 0.127756 -0.021479
v 100.177559 36.102066 -487.828491
vn -0.935452 -0.233461 -0.265378
v 99.740952 39.437542 -489.326294
vn -0.974788 -0.131251 -0.180446
v 105.841858 21.143980 -640.058350
vn -0.864972 -0.500029 -0.042365
v 77.686737 59.056049 -436.908936
vn -0.890582 -0.402847 -0.211135
v 99.138321 36.047657 -484.295654
vn -0.610316 -0.257852 -0.749018
v 86.866730 -7.717331 -434.511108
vn 0.237605 0.675854 -0.697685
v 57.819702 -68.313927 -525.868774
vn -0.441196 0.583980 -0.681405
v 15.340612 -91.564873 -590.194702
vn -0.240848 0.966549 0.088174
v 60.614235 -67.187851 -531.702759
vn -0.209860 0.930835 -0.299175
v 109.952904 14.777555 -562.931274
vn -0.943674 0.328811 0.036909
v 95.859497 36.305260 -694.176147
vn -0.965541 -0.235397 0.110989
v 27.028507 40.972145 -675.658691
vn -0.986682 0.107036 0.122480
v 31.494635 -83.695297 -591.408325
vn -0.290445 0.819118 0.494660
v 67.800835 20.218836 -657.358276
vn 0.896235 -0.435251 0.085548
v 63.786518 69.229530 -700.680176
vn 0.601756 0.787630 0.132398
v 32.341183 69.239777 -700.651123
vn -0.560392 0.814303 0.151232
v 36.130817 -54.329159 -627.278931
vn 0.176120 0.652931 0.736657
v 57.759312 -7.054978 -673.322388
vn 0.592560 0.498797 0.632514
v 59.444061 4.462063 -683.966187
vn 0.491968 0.372954 0.786685
v 71.920425 4.679267 -683.546509
vn 0.020415 0.103893 0.994379
v 96.665268 43.851116 -693.388306
vn -0.831663 -0.078319 0.549730
v 84.462532 45.055714 -711.898804
vn -0.751635 0.176530 0.635517
v 86.326973 25.176889 -699.348511
vn 0.157199 0.535199 0.829971
v 84.156273 62.179306 -719.108398
vn -0.438960 0.064290 0.896204
v 47.995274 81.929527 -725.056274
vn 0.047788 -0.508463 0.859756
v 108.163506 7.470641 -563.214355
vn -0.938444 -0.326896 -0.111629
v 85.087433 -3.955560 -433.409424
vn -0.402795 -0.226379 -0.886853
v 100.879265 4.892368 -476.659668
vn -0.668461 -0.447098 -0.594360
v 98.603668 23.706675 -478.784790
vn -0.870464 -0.193043 -0.452798
v 76.415955 61.421192 -439.660522
vn -0.881865 -0.420011 -0.214254
v 97.003052 23.893015 -476.719727
vn -0.343904 -0.195529 -0.918422
v 83.306969 10.755589 -687.575073
vn 0.146955 0.317004 0.936970
v 74.499046 76.942024 -723.521606
vn -0.224555 -0.402085 0.887639
v 120.932304 29.237108 -639.825928
vn -0.810188 0.537778 0.233215
v 2.382329 84.465088 -706.812134
vn -0.016574 -0.925452 0.378501
v 23.064955 77.225708 -723.607056
vn 0.662163 0.270711 0.698753
v 5.023787 103.152695 -548.102417
vn 0.564739 -0.824010 -0.045583
v 4.176538 104.735428 -599.309692
vn 0.750147 -0.661095 -0.015275
v 109.952904 14.777555 -562.931274
vn -0.059146 0.938147 -0.341149
v 113.675514 42.703381 -486.781616
vn -0.069932 0.905695 -0.418121
v 99.740952 39.437542 -489.326294
vn -0.310770 0.805759 -0.504158
v 3.894858 68.276901 -421.090942
vn 0.838423 -0.502288 -0.211550
v 4.954937 95.204704 -450.913696
vn 0.607271 -0.779123 -0.155528
v 76.415955 61.421192 -439.660522
vn -0.342590 -0.784838 -0.516392
v 76.415955 61.421192 -439.660522
vn -0.460070 0.438697 -0.771933
v 41.256344 79.402534 -417.456543
vn -0.244417 0.346665 -0.905585
v 38.705952 65.900795 -421.450928
vn -0.129038 0.323977 -0.937223
v 5.151912 99.926865 -499.688843
vn 0.560566 -0.825429 -0.066571
v 5.216135 81.587532 -416.237793
vn -0.000732 0.313961 -0.949436
v 3.894858 68.276901 -421.090942
vn 0.013579 0.341327 -0.939847
v 124.241104 14.386759 -562.366333
vn -0.840875 0.539224 0.046558
v 84.462532 45.055714 -711.898804
vn -0.095597 0.994735 0.036929
v 110.872360 47.033180 -696.798340
vn -0.896517 0.347528 0.274740
v 97.106041 44.551601 -718.407227
vn -0.571288 0.773255 0.275148
v 97.436241 66.372795 -724.744263
vn 0.227480 0.286126 0.930798
v 48.832458 95.918411 -728.324097
vn -0.010392 0.251932 0.967689
v 84.514771 73.658058 -436.885864
vn -0.371338 0.624600 -0.687010
v 82.474297 89.581001 -726.804321
vn 0.040758 0.218779 0.974923
v 97.106041 44.551601 -718.407227
vn 0.374129 0.309616 0.874165
v 48.186863 87.709488 -509.520020
vn -0.280253 -0.959564 -0.026367
v 43.848793 91.275200 -549.817017
vn -0.317421 -0.945856 -0.067821
v 24.154774 95.960228 -500.104736
vn -0.263049 -0.962993 -0.058739
v 32.143757 91.658615 -451.936279
vn -0.208567 -0.962909 -0.171192
v 59.914917 84.960274 -464.687256
vn -0.259232 -0.961875 -0.087147
v 84.422028 93.159340 -701.852417
vn -0.386717 -0.921431 0.037619
v 35.760025 102.300018 -653.513550
vn -0.127564 -0.991821 -0.004320
v 25.810434 101.768112 -597.906372
vn -0.231667 -0.970737 -0.063249
v 70.101570 94.319481 -651.433716
vn -0.467142 -0.878216 -0.102548
v 48.832458 95.918411 -728.324097
vn -0.060481 -0.985165 0.160601
v 52.775795 93.433487 -596.182495
vn -0.357119 -0.929057 -0.096534
v 81.711014 82.976952 -596.811768
vn -0.429164 -0.901733 -0.051923
v 96.177399 78.236465 -651.132690
vn -0.661966 -0.748657 -0.036249
v 22.172604 99.375618 -547.479492
vn -0.286302 -0.955462 -0.071583
v 109.206490 69.268570 -576.593140
vn -0.694666 -0.719296 -0.007212
v 115.042366 58.826908 -644.897095
vn -0.849321 -0.520985 0.085028
v 67.387596 84.918373 -559.139038
vn -0.324260 -0.944585 -0.051132
v 76.215668 81.411377 -535.953979
vn -0.284259 -0.958651 -0.013622
v 103.673546 71.203896 -501.866821
vn -0.703092 -0.705563 -0.088559
v 122.876503 38.875401 -623.537842
vn -0.972256 -0.223505 0.069016
v 104.872269 71.667229 -703.231079
vn -0.827371 -0.551242 0.107654
v 81.068031 80.403786 -498.195801
vn -0.327628 -0.944157 -0.035039
v 84.514771 73.658058 -436.885864
vn -0.480357 -0.862387 -0.159830
v 41.256344 79.402534 -417.456543
vn -0.205951 -0.945287 -0.253014
v 82.474297 89.581001 -726.804321
vn -0.601988 -0.758878 0.248423
v 97.436241 66.372795 -724.744263
vn -0.886297 -0.154290 0.436661
v 124.707634 40.642120 -572.998169
vn -0.973335 -0.228891 -0.015116
v 117.153473 49.740341 -518.114502
vn -0.957980 -0.259490 -0.122230
v 113.675514 42.703381 -486.781616
vn -0.934194 -0.303448 -0.187620
v 5.216135 81.587532 -416.237793
vn 0.356336 -0.876649 -0.323282
v 124.241104 14.386759 -562.366333
vn 0.039312 0.937511 -0.345728
v 22.090433 90.749565 -727.922974
vn -0.043863 0.300864 0.952658
v 82.164909 -42.400570 -466.964233
vn -0.239238 0.866085 -0.438933
v 31.494635 -83.695297 -591.408325
vn -0.132159 0.991213 0.005537
v 39.575386 -90.407013 -595.316772
vn -0.174522 0.984317 0.025731
v 50.537239 -89.109032 -570.620728
vn -0.347158 0.937801 0.003289
v 86.866730 -7.717331 -434.511108
vn -0.787578 -0.527325 -0.318826
v 96.102768 -13.811467 -432.722534
vn -0.488225 -0.824171 -0.287017
v 109.509430 -5.327737 -479.888794
vn -0.952335 -0.273221 -0.135675
v 95.859497 36.305260 -694.176147
vn -0.545866 -0.752011 0.369472
v 94.380043 33.514290 -714.777222
vn -0.430147 -0.346399 0.833655
v 37.479660 -80.469147 -613.680908
vn 0.067522 0.766308 0.638915
v 55.370132 -39.048454 -656.032104
vn 0.396563 0.628727 0.668910
v 116.859528 19.094601 -641.692749
vn -0.825631 -0.564065 -0.012835
v 96.102768 -13.811467 -432.722534
vn -0.214093 0.784785 -0.581616
v 69.802444 -73.595406 -532.707642
vn -0.403130 0.890492 -0.210974
v 106.129807 33.954727 -699.134155
vn -0.639699 -0.763694 -0.086931
v 39.575386 -90.407013 -595.316772
vn -0.001950 0.880581 0.473892
v 42.359924 -62.246502 -632.340942
vn 0.370489 0.542637 0.753846
v 58.916363 -15.183291 -680.990356
vn 0.620799 0.529819 0.577841
v 59.990742 -3.255695 -692.066528
vn 0.358712 -0.300324 0.883816
v 73.756393 -3.366471 -691.247437
vn 0.190516 -0.092279 0.977337
v 93.250748 19.460497 -706.423950
vn 0.164758 0.565920 0.807830
v 118.109436 1.810944 -563.572144
vn -0.998668 -0.029106 -0.042601
v 87.494125 3.004999 -694.594360
vn 0.256953 0.428653 0.866159
v 96.513054 -11.309529 -672.453979
vn -0.862805 0.465410 0.197386
v 105.447624 13.645232 -692.239624
vn -0.936412 0.268275 0.226190
v 109.541519 -7.536042 -624.401978
vn -0.841705 0.524608 0.127748
v 96.513054 -11.309529 -672.453979
vn -0.402300 0.720314 0.565068
v 105.447624 13.645232 -692.239624
vn -0.610624 0.454363 0.648608
v 56.201893 -61.986240 -601.355591
vn -0.752543 0.619184 0.224253
v 72.439987 -50.249859 -578.198242
vn -0.791164 0.590834 0.158036
v 62.443733 -71.869667 -570.160522
vn -0.836738 0.479590 0.264316
v 89.736115 -30.550484 -598.350464
vn -0.693038 0.713106 0.105729
v 56.201893 -61.986240 -601.355591
vn -0.684287 0.678134 0.268115
v 62.530655 -39.307983 -650.680786
vn -0.444640 0.774714 0.449571
v 76.403793 -37.124779 -632.291748
vn -0.478654 0.804353 0.352004
v 84.960236 -41.427368 -540.433716
vn -0.853719 0.510610 0.102187
v 99.973091 -23.138195 -553.667603
vn -0.745353 0.664992 0.047269
v 88.021126 -45.272053 -491.427734
vn -0.814772 0.574999 -0.074318
v 79.180786 -58.042496 -534.771973
vn -0.832095 0.547699 0.087431
v 104.378426 -17.930628 -502.229370
vn -0.802779 0.595586 -0.028696
v 95.271774 -29.462587 -483.793457
vn -0.843784 0.528043 -0.095911
v 69.355148 -61.914467 -562.987427
vn -0.872392 0.438771 0.215438
v 44.807831 -81.716591 -597.821167
vn -0.765355 0.544340 0.343403
v 53.390995 -82.824814 -578.793823
vn -0.783407 0.558021 0.273654
v 44.807831 -81.716591 -597.821167
vn -0.759058 0.565009 0.323412
v 48.922535 -61.373512 -625.009399
vn -0.635738 0.671605 0.380506
v 41.727280 -77.075821 -611.935425
vn -0.698506 0.607745 0.377803
v 109.541519 -7.536042 -624.401978
vn -0.677231 0.724971 0.125596
v 76.403793 -37.124779 -632.291748
vn -0.680772 0.721278 0.127702
v 96.513054 -11.309529 -672.453979
vn -0.677231 0.724971 0.125596
v 89.736115 -30.550484 -598.350464
vn -0.773712 0.632071 0.043075
v 114.713715 11.376817 -654.752808
vn -0.952625 0.262668 0.153331
v 106.129807 33.954727 -699.134155
vn -0.667200 -0.536951 0.516263
v 99.973091 -23.138195 -553.667603
vn -0.864872 0.500904 0.033039
v 104.378426 -17.930628 -502.229370
vn -0.953572 0.296707 0.051629
v 73.878296 -16.918316 -678.455200
vn -0.246813 0.768321 0.590565
v 109.509430 -5.327737 -479.888794
vn -0.846258 0.518822 -0.121126
v 85.087433 -3.955560 -433.409424
vn 0.209113 0.623463 -0.753370
v 69.677017 -38.146404 -465.982056
vn 0.898518 0.013000 -0.438743
v 77.958939 57.778618 -436.140381
vn -0.724553 0.484427 -0.490258
v 88.305466 31.708021 -487.531250
vn -0.688866 0.276377 -0.670134
v 66.507202 -28.164303 -472.177856
vn 0.441535 0.762825 -0.472383
v 76.723381 1.507923 -432.589355
vn -0.460073 -0.229975 -0.857580
v 89.488098 5.651163 -480.699219
vn -0.132004 -0.427783 -0.894190
v 85.355896 22.016373 -480.532471
vn -0.243440 -0.373418 -0.895151
v 76.723381 1.507923 -432.589355
vn 0.000000 0.000000 -1.000000
v 69.962181 27.696260 -432.589355
vn -0.081642 -0.003259 -0.996656
v 69.962181 27.696260 -432.589355
vn -0.950741 -0.069817 -0.302020
v 69.008026 51.597202 -432.589355
vn -0.848636 0.326435 -0.416240
v -0.000028 -54.375458 -470.840698
vn -0.241241 0.850446 -0.467488
v 2.141221 -28.923321 -433.849365
vn -0.993851 0.109327 -0.017532
v -0.000027 -30.364033 -435.069580
vn 0.458203 0.738649 -0.494417
v -0.000028 -53.728649 -470.075073
vn -0.921769 0.387598 0.010437
v -2.141276 -28.923321 -433.849365
vn 0.952704 0.258525 -0.159748
v -0.000028 -43.545528 -476.544067
vn 0.962191 -0.211972 0.171047
v -0.000027 -19.573528 -432.589478
vn -0.853027 -0.421228 0.308077
v 26.557432 -10.533909 -447.895996
vn 0.000000 0.000000 1.000000
v 21.727989 -14.736301 -447.895996
vn 0.000000 0.000000 1.000000
v 15.288731 -14.592339 -447.895996
vn 0.000000 0.000000 1.000000
v 21.727989 -8.893179 -447.895996
vn 0.000000 0.000000 1.000000
v 16.898546 -10.174007 -447.895996
vn 0.000000 0.000000 1.000000
v 21.727989 -20.579420 -447.895996
vn 0.000000 0.000000 1.000000
v 16.898546 -19.082651 -447.895996
vn 0.000000 0.000000 1.000000
v 28.167248 -14.880260 -447.895996
vn 0.000000 0.000000 1.000000
v 26.557432 -19.154631 -447.895996
vn 0.000000 0.000000 1.000000
v -11.608388 -25.331852 -445.521362
vn 0.000000 0.000000 1.000000
v -13.870828 -27.300539 -445.521362
vn 0.000000 0.000000 1.000000
v -16.887413 -27.233097 -445.521362
vn 0.000000 0.000000 1.000000
v -13.870828 -24.563223 -445.521362
vn 0.000000 0.000000 1.000000
v -16.133266 -25.163250 -445.521362
vn 0.000000 0.000000 1.000000
v -13.870828 -30.037853 -445.521362
vn 0.000000 0.000000 1.000000
v -16.133266 -29.336664 -445.521362
vn 0.000000 0.000000 1.000000
v -10.854241 -27.367977 -445.521362
vn 0.000000 0.000000 1.000000
v -11.608388 -29.370384 -445.521362
vn 0.000000 0.000000 1.000000
v 7.369049 -13.197302 -447.896118
vn 0.000000 0.000000 1.000000
v 0.787559 -18.924257 -447.896118
vn 0.000000 0.000000 1.000000
v -7.987763 -18.728067 -447.896118
vn 0.000000 0.000000 1.000000
v 0.787559 -10.961342 -447.896118
vn 0.000000 0.000000 1.000000
v -5.793931 -12.706833 -447.896118
vn 0.000000 0.000000 1.000000
v 0.787559 -26.887171 -447.896118
vn 0.000000 0.000000 1.000000
v -5.793931 -24.847395 -447.896118
vn 0.000000 0.000000 1.000000
v 9.562881 -19.120440 -447.896118
vn 0.000000 0.000000 1.000000
v 7.369049 -24.945486 -447.896118
vn 0.000000 0.000000 1.000000
v -3.932633 66.021370 -278.093994
vn 0.000000 0.000000 -1.000000
v -51.392521 50.385868 -278.093994
vn 0.000000 0.000000 -1.000000
v -53.367619 24.812977 -278.093994
vn 0.000000 0.000000 -1.000000
v -3.926403 33.960835 -278.093994
vn 0.000000 0.000000 -1.000000
v 76.614395 -71.685379 292.311920
vn -0.446502 0.483808 0.752706
v 47.382401 -85.035393 283.552460
vn -0.215326 0.342705 0.914433
v 86.845589 -48.615177 283.552460
vn -0.295218 0.226498 0.928194
v 76.614395 -71.685379 292.311920
vn -0.561745 0.807109 0.181709
v 47.382408 -90.141541 339.319489
vn -0.284018 0.952307 0.111555
v 47.382401 -85.035393 283.552460
vn -0.177448 0.978609 0.104102
v 71.456055 37.968956 293.579895
vn 0.320912 0.343551 0.882603
v 47.382401 24.784042 275.979553
vn -0.368678 -0.211596 0.905154
v 45.448025 49.829895 275.979553
vn 0.017085 0.651359 0.758577
v 95.994736 22.105713 258.229492
vn 0.866405 0.284957 0.410051
v 84.911217 18.112513 284.027954
vn 0.270007 -0.005435 0.962843
v -78.941162 -71.685379 292.311920
vn 0.815452 0.537456 0.214891
v -52.617599 -85.035393 283.552460
vn 0.308470 0.943245 0.123027
v -88.154411 -73.792091 326.497528
vn 0.654358 0.731078 0.193238
v -100.000015 -44.460686 339.319489
vn 0.958236 0.182391 0.220268
v -88.154411 -48.615177 283.552460
vn 0.979568 0.085062 0.182241
v -78.941162 -71.685379 292.311920
vn 0.350538 0.339304 0.872924
v -52.617596 -56.862411 275.979553
vn 0.231910 0.239310 0.942841
v -52.617599 -85.035393 283.552460
vn 0.122774 0.286682 0.950126
v -73.782829 37.968956 293.579895
vn 0.141507 0.540514 0.829350
v -55.561085 65.277397 258.353943
vn -0.233378 0.779954 0.580695
v -50.683224 49.829895 275.979553
vn 0.134568 0.385419 0.912876
v -88.446945 -13.518921 448.973633
vn 0.060319 -0.336023 0.939920
v -61.179092 47.500103 469.038086
vn 0.147503 -0.258183 0.954769
v -53.220173 39.704597 465.621033
vn 0.315953 -0.262055 0.911867
v -88.446945 -13.518921 448.973633
vn 0.794197 0.553418 -0.250957
v -107.718338 -9.714490 328.187988
vn 0.879948 0.473894 -0.033404
v -98.065643 -11.879869 352.616943
vn 0.806920 0.588687 0.048238
v -69.041550 -11.648008 499.075684
vn 0.924529 -0.296916 -0.238928
v -71.450081 -7.555040 499.249756
vn 0.611663 0.741366 -0.276124
v 87.199867 -13.518921 448.973633
vn -0.782035 0.581438 -0.224392
v 76.354668 -1.615035 502.013428
vn -0.452450 0.845908 -0.282363
v 67.206688 -7.555040 499.249756
vn -0.748202 0.561966 -0.352687
v 87.199867 -13.518921 448.973633
vn -0.778448 -0.431060 -0.456296
v 97.396423 -8.450608 426.790161
vn -0.864478 -0.438337 -0.246047
v 56.222858 47.562248 444.117920
vn -0.662570 -0.673674 -0.327361
v 48.064285 39.704597 465.621033
vn -0.634525 -0.615533 -0.467436
v 97.534348 -16.680677 355.731812
vn -0.939373 -0.322130 -0.117523
v 98.065613 -11.879869 352.616943
vn -0.729898 0.683517 0.007388
v 86.361992 -8.705458 286.876831
vn -0.735614 0.654199 0.175775
v 99.999985 -44.460686 339.319489
vn -0.977689 0.058580 0.201726
v 86.845589 -48.615177 283.552460
vn -0.933738 0.264899 0.240753
v 86.361992 -8.705458 286.876831
vn -0.220525 -0.042012 0.974476
v 47.382401 -56.862411 275.979553
vn -0.126641 0.157918 0.979298
v 47.382401 -11.450800 275.979553
vn -0.269240 0.000000 0.963073
v 109.483231 -9.318198 328.126434
vn -0.143677 0.989499 0.015791
v -87.670822 -8.705458 286.876831
vn 0.289912 -0.082933 0.953453
v -52.617596 -11.450800 275.979553
vn 0.249607 -0.041540 0.967456
v -88.154411 -48.615177 283.552460
vn 0.268230 0.121577 0.955653
v -87.670822 -8.705458 286.876831
vn 0.256276 0.045929 0.965512
v -52.617596 24.784042 275.979553
vn 0.249741 0.024520 0.968002
v -52.617596 -11.450800 275.979553
vn 0.296864 0.000000 0.954920
v -87.670822 -8.705458 286.876831
vn -0.931727 0.084519 0.353187
v -97.292381 -7.717508 261.258179
vn -0.931727 0.084519 0.353187
v -95.642471 21.346273 258.655640
vn -0.902058 0.233584 0.362945
v -86.220039 18.112513 284.027954
vn -0.890097 0.280214 0.359455
v -5.471326 -0.630370 580.969849
vn 0.021265 0.619023 -0.785085
v -19.248480 -7.632887 577.672607
vn 0.296278 0.410499 -0.862386
v -5.647086 -9.541107 578.771729
vn 0.045404 0.539392 -0.840830
v 8.598585 -7.632887 577.672607
vn -0.227664 0.464900 -0.855592
v 12.304021 -0.504297 578.771729
vn -0.267323 0.713895 -0.647219
v -26.257372 3.742434 588.914124
vn 0.141631 0.941361 -0.306236
v -22.504810 -0.504297 578.771729
vn 0.269501 0.726245 -0.632405
v -3.926392 -86.267700 286.757935
vn 0.000331 0.316256 0.948674
v -3.926392 -56.862411 275.979553
vn -0.017696 0.316179 0.948534
v -3.926392 -86.267700 286.757935
vn 0.022946 0.992589 0.119333
v -52.617596 -90.141541 339.319489
vn 0.160897 0.981447 0.104275
v -3.926392 65.233742 275.979553
vn 0.076913 0.658954 0.748241
v 50.789753 66.974251 258.047607
vn 0.225543 0.651447 0.724394
v -3.926392 65.233742 275.979553
vn -0.873217 -0.476488 0.102234
v -7.346773 93.447205 328.089844
vn -0.458896 -0.884717 0.081791
v -3.926391 84.268471 353.092438
vn 0.093350 -0.995197 0.029484
v -3.926392 65.233742 275.979553
vn 0.312903 -0.949785 -0.000000
v -12.237013 62.495842 267.229553
vn 0.312903 -0.949785 -0.000000
v -42.372604 52.567795 267.229553
vn 0.312903 -0.949785 -0.000000
v -50.683224 49.829895 275.979553
vn 0.312903 -0.949785 -0.000000
v -4.237085 80.493805 449.308228
vn -0.109993 -0.295733 0.948917
v 55.651505 47.683407 469.320374
vn -0.309993 -0.274517 0.910244
v 48.064285 39.704597 465.621033
vn -0.173965 -0.267467 0.947733
v -4.237085 80.493805 449.308228
vn 0.306252 -0.909866 -0.279918
v -0.124072 95.177437 327.975037
vn 0.401729 -0.915647 0.014283
v -9.158469 88.946495 426.253296
vn 0.143177 -0.971711 -0.187825
v -60.443905 46.128578 443.418701
vn 0.734540 -0.618131 -0.279938
v -53.220173 39.704597 465.621033
vn 0.683053 -0.610985 -0.400169
v -63.971001 -3.328715 529.932007
vn 0.601557 0.756789 -0.255733
v -80.938934 -1.986817 501.606201
vn 0.456292 0.855953 -0.243190
v -63.971001 -3.328715 529.932007
vn 0.621377 0.677764 -0.393099
v -61.611614 -7.448658 529.469849
vn 0.749800 -0.552177 -0.364555
v -49.252010 -5.618562 552.237305
vn 0.726623 -0.457118 -0.512896
v -51.251198 -1.454541 553.406128
vn 0.596340 0.638090 -0.487053
v 58.096134 -3.328715 529.932007
vn -0.601282 0.678367 -0.422229
v 66.618408 3.083132 533.733215
vn -0.459936 0.817216 -0.347301
v 50.952820 5.069740 559.153992
vn -0.438276 0.816747 -0.375285
v 43.733521 -1.454541 553.406128
vn -0.523168 0.717776 -0.459449
v 58.096134 -3.328715 529.932007
vn -0.790762 0.529008 -0.307971
v 55.645096 -7.370954 529.281982
vn -0.843462 -0.504777 -0.183774
v 64.678101 -11.562798 498.888000
vn -0.855635 -0.444740 -0.264755
v -36.394520 -0.867931 569.682617
vn 0.512275 0.626200 -0.587749
v -58.916363 4.783458 558.896667
vn 0.409061 0.843696 -0.347629
v -28.489120 -15.481659 565.480164
vn 0.146400 0.038439 -0.988478
v -26.881952 -13.136782 569.407837
vn 0.340608 0.672873 -0.656680
v -5.604099 -19.228117 569.682617
vn -0.027515 0.742706 -0.669052
v -5.618254 -22.083078 565.815063
vn 0.102370 0.114932 -0.988085
v 18.373730 -15.591060 565.544739
vn 0.099453 -0.042224 -0.994146
v 16.795898 -13.136782 569.407837
vn -0.437661 0.574956 -0.691288
v 27.381817 -0.867931 569.682617
vn -0.464343 0.678948 -0.568696
v 15.806499 3.861106 588.915222
vn -0.209452 0.905667 -0.368643
v 41.713566 -5.556000 552.062805
vn -0.769468 -0.057637 -0.636079
v 97.396423 -8.450608 426.790161
vn -0.419221 0.906733 -0.045703
v 98.065613 -11.879869 352.616943
vn -0.981317 0.026349 -0.190587
v 98.877655 -45.972157 343.722473
vn -0.973472 0.166976 -0.156431
v 99.999985 -44.460686 339.319489
vn -0.956568 0.243520 -0.160235
v 86.845589 -73.792091 326.497528
vn -0.749873 0.621908 0.225657
v 86.845589 -73.792091 326.497528
vn -0.599082 0.795291 -0.092810
v 48.355270 -89.040161 343.846619
vn -0.320081 0.938293 -0.130975
v 47.382408 -90.141541 339.319489
vn -0.235427 0.956573 -0.171880
v 47.382401 -11.450800 275.979553
vn -0.242159 0.043532 0.969260
v 86.361992 -8.705458 286.876831
vn 0.420492 0.114702 0.900016
v 47.382401 -11.450800 275.979553
vn -1.000000 0.000000 0.000000
v 47.382401 -11.450800 267.229553
vn -0.707107 0.000000 -0.707107
v 47.382401 16.034042 267.229553
vn -0.707107 0.000000 -0.707107
v 47.382401 24.784042 275.979553
vn -1.000000 0.000000 0.000000
v -3.926392 -56.862411 275.979553
vn 0.000000 1.000000 0.000000
v -3.926393 -56.862411 223.479553
vn 0.000000 1.000000 0.000000
v 47.382401 -56.862411 223.479553
vn -0.707107 0.707107 0.000000
v 47.382401 -56.862411 275.979553
vn -0.707107 0.707107 0.000000
v -3.926390 -95.070778 352.141479
vn -0.007715 0.992818 0.119384
v -87.670822 -8.705458 286.876831
vn 0.698082 0.701338 0.144246
v -97.292381 -7.717508 261.258179
vn 0.747940 0.652123 0.123776
v -87.138191 -18.240374 448.760132
vn 0.871042 -0.466026 -0.155257
v -97.610001 -16.681973 355.742798
vn 0.575975 -0.811876 -0.095445
v -88.154411 -73.792091 326.497528
vn 0.717824 0.693392 -0.062742
v -87.807968 -73.686012 331.633484
vn 0.630565 0.771375 -0.085838
v -98.963448 -46.025246 343.719727
vn 0.963413 0.225393 -0.145031
v -100.000015 -44.460686 339.319489
vn 0.977883 0.150182 -0.145567
v -86.220039 18.112513 284.027954
vn 0.411314 -0.203501 0.888487
v -6.893742 81.237495 260.965698
vn -0.237872 0.668495 0.704650
v -50.683224 49.829895 275.979553
vn 0.787031 -0.616913 0.000000
v -50.683224 49.829891 199.263184
vn 0.787031 -0.616913 0.000000
v -52.617596 24.784040 199.263184
vn 0.999257 -0.038531 0.000000
v -52.617596 24.784042 275.979553
vn 0.999257 -0.038531 0.000000
v -42.372604 52.567795 267.229553
vn 0.892855 -0.450344 0.000000
v -42.372604 52.567791 208.013184
vn 0.892855 -0.450344 0.000000
v -0.608537 82.932243 260.652039
vn 0.510201 -0.846172 0.153906
v -3.926390 -95.070778 352.141479
vn 0.055133 0.980304 -0.189645
v -53.642136 -88.992165 343.825165
vn 0.250839 0.952504 -0.172672
v -52.617596 -90.141541 339.319489
vn 0.346657 0.928962 -0.129841
v -4.410495 92.073463 454.390442
vn 0.143479 -0.293698 0.945069
v -97.201050 -9.400486 426.210205
vn 0.962661 -0.134596 -0.234877
v 97.683876 -7.608834 260.796021
vn 0.910400 0.086694 0.404544
v 79.924362 45.892750 268.124878
vn 0.453598 0.718412 0.527384
v 45.448025 49.829895 275.979553
vn -0.782122 -0.623126 0.000000
v 45.448025 49.829891 199.263184
vn -0.782122 -0.623126 0.000000
v -3.926394 65.233742 199.263184
vn 0.007918 -0.999969 0.000000
v -3.926392 65.233742 275.979553
vn 0.007918 -0.999969 0.000000
v -81.266411 44.341698 268.445129
vn -0.855939 0.373866 0.357201
v -73.782829 37.968956 293.579895
vn -0.860343 0.370472 0.350087
v -52.617596 -11.450800 275.979553
vn 1.000000 0.000000 0.000000
v -52.617596 -11.450801 199.263184
vn 1.000000 0.000000 0.000000
v -52.617596 -56.862411 223.479553
vn 0.707107 0.707107 0.000000
v -52.617596 -56.862411 275.979553
vn 0.707107 0.707107 0.000000
v -52.617596 -2.700800 267.229553
vn 0.707107 0.707107 -0.000000
v -52.617596 -2.700801 208.013184
vn 0.707107 0.707107 -0.000000
v 96.433388 -7.755408 451.817383
vn -0.077004 -0.350008 0.933576
v 87.199867 -13.518921 448.973633
vn -0.072294 -0.345775 0.935528
v 1.227294 90.636192 426.591003
vn -0.169932 -0.954966 -0.243236
v -98.006851 -8.106436 451.397644
vn 0.435220 0.864484 -0.251498
v -61.611614 -7.448658 529.469849
vn 0.949614 -0.242437 -0.198640
v -72.899498 2.725787 533.377991
vn 0.452804 0.833975 -0.315364
v -36.824974 -5.149406 565.914124
vn 0.318820 -0.054370 -0.946254
v 67.206688 -7.555040 499.249756
vn -0.484577 0.833513 -0.265406
v 66.618408 3.083132 533.733215
vn -0.484577 0.833513 -0.265406
v 58.096134 -3.328715 529.932007
vn -0.502544 0.823680 -0.262679
v 76.354668 -1.615035 502.013428
vn -0.466403 0.842991 -0.268020
v 85.807045 -18.227541 448.652405
vn -0.854599 -0.445360 -0.267049
v 27.787062 -5.085710 566.000671
vn -0.516636 -0.148300 -0.843264
v 33.405293 5.040006 577.219360
vn -0.365953 0.840864 -0.398781
v 55.645096 -7.370954 529.281982
vn -0.836764 -0.237155 -0.493542
v -42.833652 4.807158 577.059082
vn 0.302324 0.885170 -0.353658
v -5.498750 2.308004 591.902588
vn -0.017810 0.955828 -0.293386
v 86.418449 -73.665672 331.601807
vn -0.685915 0.724180 -0.071302
v 47.382401 -56.862411 275.979553
vn -1.000000 0.000000 0.000000
v 47.382401 -48.112411 267.229553
vn -0.707107 0.000000 -0.707107
v -97.610001 -16.681973 355.742798
vn 0.983519 0.021517 -0.179522
v -98.065643 -11.879869 352.616943
vn 0.989559 0.000074 -0.144131
v 47.382401 24.784042 275.979553
vn -0.999257 -0.038531 0.000000
v 47.382401 24.784040 199.263184
vn -0.999257 -0.038531 0.000000
v 47.382401 16.034042 267.229553
vn -0.707107 -0.707107 0.000000
v 47.382401 16.034040 208.013184
vn -0.707107 -0.707107 0.000000
v -3.953259 -94.202477 356.942871
vn -0.045817 0.981258 -0.187173
v -52.617596 24.784042 275.979553
vn 1.000000 0.000000 0.000000
v -52.617596 16.034042 267.229553
vn 0.707107 0.000000 -0.707107
v -52.617596 -2.700800 267.229553
vn 0.707107 0.000000 -0.707107
v -52.617596 -11.450800 275.979553
vn 1.000000 0.000000 0.000000
v -98.006851 -8.106436 451.397644
vn 0.050654 -0.332323 0.941804
v -98.006851 -8.106436 451.397644
vn 0.843544 -0.486515 -0.227456
v -80.938934 -1.986817 501.606201
vn 0.855851 -0.480321 -0.191862
v -61.179092 47.500103 469.038086
vn 0.770666 -0.596813 -0.223359
v 96.433388 -7.755408 451.817383
vn -0.444134 0.850524 -0.281699
v 96.433388 -7.755408 451.817383
vn -0.820643 -0.512754 -0.252248
v 50.211784 41.030476 503.021912
vn -0.613616 -0.724892 -0.313061
v 76.354668 -1.615035 502.013428
vn -0.810322 -0.533825 -0.241680
v -5.498750 2.308004 591.902588
vn 0.002200 -0.258613 -0.965978
v -22.564964 11.991638 587.300415
vn 0.240798 -0.531819 -0.811902
v -26.257372 3.742434 588.914124
vn 0.415501 -0.382032 -0.825476
v 11.703431 12.056423 587.297852
vn -0.280338 -0.476004 -0.833565
v -5.686740 13.796347 588.681946
vn -0.031890 -0.620276 -0.783735
v -4.410495 92.073463 454.390442
vn 0.182017 -0.893691 -0.410106
v -4.684737 64.926903 504.306519
vn -0.025149 -0.908240 -0.417694
v 55.651505 47.683407 469.320374
vn -0.577976 -0.754965 -0.309793
v -57.090961 40.698750 502.679138
vn 0.670125 -0.689170 -0.275638
v -72.899498 2.725787 533.377991
vn 0.477209 0.843687 -0.245893
v -72.899498 2.725787 533.377991
vn 0.806906 -0.525778 -0.269184
v -5.162721 48.209705 535.011047
vn -0.016993 -0.895286 -0.445168
v -41.751141 24.694670 559.143433
vn 0.503424 -0.699337 -0.507437
v -31.415245 17.665447 576.603943
vn 0.394619 -0.676555 -0.621731
v -5.487472 34.509304 558.992493
vn -0.056580 -0.868291 -0.492818
v 66.618408 3.083132 533.733215
vn -0.728347 -0.595774 -0.338473
v 32.310314 24.918140 559.367188
vn -0.446736 -0.744177 -0.496616
v 50.952820 5.069740 559.153992
vn -0.618028 -0.592750 -0.516419
v -42.833652 4.807158 577.059082
vn 0.578699 -0.521648 -0.626890
v -58.916363 4.783458 558.896667
vn 0.693074 -0.553210 -0.462177
v -5.656843 23.752769 576.008484
vn -0.009169 -0.826567 -0.562763
v 21.018658 17.720264 576.650024
vn -0.365970 -0.707348 -0.604752
v 33.405293 5.040006 577.219360
vn -0.524153 -0.504325 -0.686236
v 15.806499 3.861106 588.915222
vn -0.310617 -0.331338 -0.890916
v -51.342136 32.739674 534.233398
vn 0.556608 -0.734309 -0.388559
v 43.209778 33.187943 534.615967
vn -0.541987 -0.753660 -0.371816
v 73.793541 49.837090 356.836609
vn -0.710129 -0.696987 -0.099628
v 45.500191 78.862526 316.354675
vn -0.492309 -0.869403 0.042069
v 46.353748 74.106987 379.392090
vn -0.559497 -0.819524 -0.123872
v 62.898994 51.292274 411.346802
vn -0.745453 -0.637557 -0.194478
v 88.735710 28.423069 379.814453
vn -0.808586 -0.568649 -0.151086
v 79.924362 45.892750 268.124878
vn -0.762982 -0.640456 0.087607
v 50.789753 66.974251 258.047607
vn -0.509524 -0.851815 0.121641
v 83.722404 47.155563 304.928711
vn -0.722663 -0.691199 0.001392
v 102.859444 19.021954 316.845001
vn -0.901429 -0.432728 -0.013122
v 95.994736 22.105713 258.229492
vn -0.953806 -0.276618 0.117202
v 97.683876 -7.608834 260.796021
vn -0.027317 0.999172 0.030154
v 97.683876 -7.608834 260.796021
vn -0.984332 -0.041146 0.171455
v 109.483231 -9.318198 328.126434
vn -0.984337 -0.167692 0.054410
v -0.608537 82.932243 260.652039
vn 0.228513 0.612505 0.756717
v -74.976547 48.282745 356.612854
vn 0.780491 -0.615807 -0.107770
v -65.470589 49.831203 410.772217
vn 0.715828 -0.675834 -0.175612
v -50.688984 72.730019 379.154114
vn 0.651458 -0.749490 -0.117760
v -101.733589 18.291023 316.904144
vn 0.928279 -0.371722 -0.010967
v -88.111801 27.036003 379.335815
vn 0.862140 -0.484257 -0.149031
v -81.266411 44.341698 268.445129
vn -0.504943 0.788852 0.350349
v -81.266411 44.341698 268.445129
vn 0.718703 -0.690172 0.084431
v -95.642471 21.346273 258.655640
vn 0.918630 -0.385916 0.084779
v -84.098328 45.628891 305.003693
vn 0.771915 -0.635702 -0.005466
v -50.094143 76.932663 316.471436
vn 0.526811 -0.849367 0.032332
v -55.561085 65.277397 258.353943
vn 0.429794 -0.891588 0.142648
v -6.893742 81.237495 260.965698
vn -0.524307 -0.838399 0.148964
v -77.950012 -17.104286 502.525330
vn 0.922426 -0.287142 -0.258222
v 108.439674 -16.916206 357.152496
vn -0.783170 -0.607162 -0.134161
v -56.747902 -11.050673 558.266235
vn 0.441064 -0.867966 -0.228250
v 73.194527 -17.352863 502.757751
vn -0.927518 -0.221906 -0.300779
v -33.554043 -22.624367 572.628296
vn -0.399842 -0.479472 -0.781174
v 23.101780 -22.806154 572.787354
vn 0.280623 -0.576668 -0.767271
v 48.777393 -11.237277 558.370483
vn -0.411919 -0.859012 -0.304009
v 97.534348 -16.680677 355.731812
vn -0.989144 0.014588 -0.146222
v 97.534348 -16.680677 355.731812
vn -0.197980 -0.358537 0.912280
v 109.666183 -49.378059 345.514160
vn -0.209135 -0.316820 0.925142
v 98.877655 -45.972157 343.722473
vn -0.317095 -0.265542 0.910460
v 86.418449 -73.665672 331.601807
vn -0.041527 0.142730 0.988890
v 52.056774 -99.378075 345.590302
vn 0.175054 0.270514 0.946667
v 48.355270 -89.040161 343.846619
vn 0.211229 0.195668 0.957652
v -97.179482 -22.228031 451.866455
vn 0.950297 -0.120771 -0.286967
v -108.534920 -16.843912 357.015564
vn 0.703960 -0.699336 -0.123974
v -87.807968 -73.686012 331.633484
vn 0.166694 -0.030993 0.985521
v -109.803772 -49.125156 345.344818
vn 0.285358 -0.270768 0.919378
v -98.963448 -46.025246 343.719727
vn 0.191520 -0.344455 0.919060
v -3.953259 -94.202477 356.942871
vn -0.071929 0.167667 0.983216
v -57.646992 -99.248856 345.550262
vn -0.210463 0.201764 0.956555
v -53.642136 -88.992165 343.825165
vn -0.189539 0.288426 0.938555
v -70.187645 -12.965325 533.727905
vn 0.936117 -0.049597 -0.348174
v -43.670971 -10.427732 572.716431
vn 0.106804 -0.831653 -0.544928
v -5.700678 -30.855885 572.998718
vn -0.059452 -0.634919 -0.770288
v 96.326057 -22.816374 452.316772
vn -0.889099 -0.361871 -0.280271
v 34.213696 -10.586922 573.031677
vn 0.235404 -0.657543 -0.715697
v 63.803928 -13.197886 533.921265
vn -0.479443 -0.847791 -0.226681
v 93.877686 -81.931114 333.690460
vn -0.197998 -0.024674 0.979892
v -108.534920 -16.843912 357.015564
vn 0.173382 -0.360683 0.916431
v -97.610001 -16.681973 355.742798
vn 0.112555 -0.381178 0.917625
v -95.659286 -81.610565 333.635193
vn 0.016456 0.163626 0.986385
v -4.020593 -105.348137 358.354309
vn 0.070015 0.161806 0.984336
v -88.175621 -73.660896 379.000000
vn 0.611767 0.761404 -0.214488
v -75.657707 -67.336067 434.173096
vn 0.685833 0.666074 -0.293222
v -101.655167 -50.530842 401.888031
vn 0.846101 0.483271 -0.224859
v -57.646992 -99.248856 345.550262
vn 0.394625 0.898403 -0.192723
v -61.628395 -87.021118 401.698181
vn 0.417647 0.885291 -0.204527
v 85.881561 -74.269577 379.170044
vn -0.725014 0.655194 -0.212309
v 109.666183 -49.378059 345.514160
vn -0.906087 0.385482 -0.174382
v 100.460609 -50.838295 402.055847
vn -0.886902 0.408019 -0.216624
v -4.363772 -98.141304 452.009521
vn -0.109965 0.955348 -0.274258
v -4.657750 -74.723671 504.046570
vn 0.020063 0.909603 -0.414993
v -62.868542 -63.528416 468.879028
vn 0.559012 0.762017 -0.326858
v 71.733093 -67.569176 434.304688
vn -0.569615 0.767039 -0.295278
v 57.322998 -63.702751 469.076965
vn -0.634920 0.688696 -0.350106
v 49.493633 -53.794598 503.648193
vn -0.589734 0.717088 -0.371481
v 52.056774 -99.378075 345.590302
vn -0.288051 0.947366 -0.139732
v 56.491474 -87.181107 401.750214
vn -0.424999 0.876995 -0.224178
v -5.167628 -58.898502 535.668030
vn 0.017658 0.867903 -0.496419
v -5.503604 -42.204273 560.088074
vn 0.019614 0.801785 -0.597291
v -51.381229 -41.283588 535.090149
vn 0.576710 0.688769 -0.439321
v -56.551777 -53.682159 503.402588
vn 0.604636 0.707642 -0.365592
v 32.310097 -29.532059 560.036743
vn -0.450396 0.668006 -0.592378
v -4.020593 -105.348137 358.354309
vn 0.096966 0.988247 -0.118176
v -95.659286 -81.610565 333.635193
vn 0.717597 0.667381 -0.199144
v -109.803772 -49.125156 345.344818
vn 0.975529 0.178861 -0.127874
v 93.877686 -81.931114 333.690460
vn -0.619226 0.755087 -0.215413
v 42.856537 -41.208218 535.199585
vn -0.528582 0.706464 -0.470648
v -41.926640 -29.570240 560.001892
vn 0.495405 0.652961 -0.572900
v -5.700678 -30.855885 572.998718
vn 0.096216 0.764075 -0.637912
v 23.101780 -22.806154 572.787354
vn -0.344089 0.681966 -0.645388
v 48.777393 -11.237277 558.370483
vn -0.659952 0.515201 -0.546838
v -56.747902 -11.050673 558.266235
vn 0.658918 0.500620 -0.561432
v -33.554043 -22.624367 572.628296
vn 0.507440 0.593884 -0.624345
v 63.803928 -13.197886 533.921265
vn -0.892174 0.234245 -0.386205
v 34.213696 -10.586922 573.031677
vn -0.577465 0.500467 -0.645032
v -70.187645 -12.965325 533.727905
vn 0.464241 -0.865806 -0.186710
v 108.439674 -16.916206 357.152496
vn -0.128730 -0.338987 0.931942
v -43.670971 -10.427732 572.716431
vn 0.621984 0.520156 -0.585298
v -3.926393 -9.156608 199.263184
vn -0.000644 0.458627 0.888629
v -52.617596 -56.862411 223.479553
vn -0.011084 0.461584 0.887027
v -52.617596 -11.450801 199.263184
vn -0.022165 0.470425 0.882162
v -3.926393 -9.156608 199.263184
vn 0.000000 0.000000 1.000000
v -3.935398 -1.648712 199.263184
vn -0.000848 0.706734 0.707479
v 39.882401 -3.607958 199.263184
vn 0.031585 0.706401 0.707107
v 47.382401 -11.450801 199.263184
vn -0.707107 0.000000 0.707107
v -3.926394 65.233742 199.263184
vn 0.139934 -0.424757 0.894427
v -3.864029 57.357761 199.263184
vn 0.005460 -0.689577 0.724191
v -43.590290 44.270107 199.263184
vn 0.503440 -0.394621 0.768650
v -50.683224 49.829891 199.263184
vn 0.139934 -0.424757 0.894427
v -12.237015 62.495838 208.013184
vn -0.450344 -0.892855 0.000000
v -12.237013 62.495842 267.229553
vn -0.450344 -0.892855 0.000000
v 47.382401 -11.450801 199.263184
vn 0.010119 0.461591 0.887035
v -3.926393 -56.862411 223.479553
vn 0.006746 0.458618 0.888608
v 47.382401 -56.862411 223.479553
vn 0.000000 0.470540 0.882378
v 47.382401 -11.450801 199.263184
vn -0.707107 0.000000 0.707107
v 39.882401 -3.607958 199.263184
vn -0.707107 -0.000000 0.707107
v 39.882401 24.494846 199.263184
vn -0.706319 -0.027235 0.707369
v 47.382401 24.784040 199.263184
vn -0.447214 0.000000 0.894427
v 47.382401 -9.263552 208.013184
vn -0.707107 0.332722 0.623936
v 47.382401 -48.112411 228.729858
vn -0.707107 0.332722 0.623936
v 47.382401 -56.862411 223.479553
vn -1.000000 0.000000 0.000000
v -45.117596 24.494846 199.263184
vn 0.706319 -0.027235 0.707369
v -52.617596 24.784040 199.263184
vn 0.447214 0.000000 0.894427
v -42.372604 52.567791 208.013184
vn 0.221256 -0.671600 0.707107
v -12.237015 62.495838 208.013184
vn 0.221256 -0.671600 0.707107
v 45.448025 49.829891 199.263184
vn 0.000000 0.000000 1.000000
v 38.361729 44.184155 199.263184
vn -0.498726 -0.397341 0.770320
v -52.617596 -11.450801 199.263184
vn 0.447214 0.000000 0.894427
v -45.117596 -3.589101 199.263184
vn 0.392122 0.411033 0.822978
v -52.617596 -2.700801 208.013184
vn 0.707107 0.000000 0.707107
v -52.617596 16.034040 208.013184
vn 0.707107 0.000000 0.707107
v 47.382401 -48.112411 228.729858
vn -0.707107 0.707107 0.000000
v 47.382401 -48.112411 267.229553
vn -0.707107 0.707107 0.000000
v 47.382401 16.034040 208.013184
vn -0.707107 0.000000 0.707107
v 47.382401 -9.263552 208.013184
vn -0.707107 0.000000 0.707107
v -52.617596 16.034040 208.013184
vn 0.707107 -0.707107 0.000000
v -52.617596 16.034042 267.229553
vn 0.707107 -0.707107 0.000000
v -3.935404 -1.648692 140.763184
vn -0.000848 0.706734 -0.707479
v 39.882401 -3.607930 140.763184
vn 0.031586 0.706401 -0.707107
v -3.864030 57.357761 140.763184
vn 0.005460 -0.689577 -0.724191
v -43.590294 44.270107 140.763184
vn 0.503440 -0.394621 -0.768650
v 39.882401 -3.607930 140.763184
vn -0.707107 -0.000000 -0.707107
v 39.882397 24.494858 140.763184
vn -0.706319 -0.027235 -0.707369
v -45.117607 24.494852 140.763184
vn 0.706319 -0.027235 -0.707369
v 38.361725 44.184155 140.763184
vn -0.498726 -0.397341 -0.770320
v -45.117611 -3.589087 140.763184
vn 0.392122 0.411033 -0.822978
v -3.925497 -9.907378 140.763184
vn -0.000848 0.706734 -0.707479
v 48.132401 -12.235058 140.763184
vn -0.559961 0.585559 -0.586144
v -3.932631 66.021339 140.763184
vn 0.005460 -0.689577 -0.724191
v -51.392521 50.385872 140.763184
vn 0.710577 -0.339984 -0.616028
v 48.132401 -12.235058 140.763184
vn -0.707107 -0.000000 -0.707107
v 48.132397 24.812973 140.763184
vn -0.831607 -0.021367 -0.554954
v -53.367607 24.812967 140.763184
vn 0.706319 -0.027235 -0.707369
v 46.156651 50.394463 140.763184
vn -0.498726 -0.397341 -0.770320
v -53.367611 -12.236958 140.763184
vn 0.657896 0.336502 -0.673751
v -3.925505 -9.907357 59.763184
vn -0.001200 0.999999 0.000000
v 48.132404 -12.235029 59.763184
vn -0.691134 0.722727 0.000000
v -3.932633 66.021332 59.763184
vn 0.007918 -0.999969 0.000000
v -51.392521 50.385872 59.763184
vn 0.787031 -0.616913 0.000000
v 48.132401 -3.485056 132.013184
vn -0.707107 -0.000000 -0.707107
v 48.132397 16.062977 132.013184
vn -0.816496 -0.408248 -0.408248
v 48.132404 -3.485033 68.513184
vn -0.707107 0.707107 0.000000
v 48.132401 -3.485056 132.013184
vn -0.707107 0.707107 0.000000
v -52.066311 41.661854 132.013184
vn 0.782635 -0.469910 -0.408249
v -53.367607 24.812967 132.013184
vn 0.706319 -0.027235 -0.707369
v -52.066307 41.661854 68.513184
vn 0.650557 -0.759458 -0.000000
v 46.156651 50.394463 59.763184
vn -0.782122 -0.623126 -0.000000
v -53.367626 -12.236944 59.763184
vn 0.690266 0.723555 -0.000000
v 48.132397 24.812988 59.763184
vn -0.999257 -0.038531 -0.000000
v -53.367611 -3.486957 132.013184
vn 0.816497 0.408248 -0.408248
v -12.237013 62.495842 267.229553
vn 0.000000 0.000000 -1.000000
v -14.270882 68.669441 267.229553
vn 0.000000 0.000000 -1.000000
v -44.406471 58.741398 267.229553
vn 0.000000 0.000000 -1.000000
v -42.372604 52.567795 267.229553
vn 0.000000 0.000000 -1.000000
v 53.882401 -11.450800 267.229553
vn 0.000000 0.000000 -1.000000
v 53.882401 16.034042 267.229553
vn 0.000000 0.000000 -1.000000
v -44.406471 58.741398 267.229553
vn 0.892855 -0.450344 -0.000000
v -44.406471 58.741394 208.013184
vn 0.892855 -0.450344 -0.000000
v -59.117596 -2.700800 267.229553
vn 0.707107 0.707107 -0.000000
v -59.117596 -2.700801 208.013184
vn 0.707107 0.707107 -0.000000
v 53.882401 -48.112411 267.229553
vn 0.000000 0.000000 -1.000000
v 53.882401 16.034042 267.229553
vn -0.707107 -0.707107 0.000000
v 53.882401 16.034040 208.013184
vn -0.707107 -0.707107 0.000000
v -59.117596 16.034042 267.229553
vn 0.000000 0.000000 -1.000000
v -59.117596 -2.700800 267.229553
vn 0.000000 0.000000 -1.000000
v -14.270884 68.669441 208.013184
vn -0.450344 -0.892855 0.000000
v -14.270882 68.669441 267.229553
vn -0.450344 -0.892855 0.000000
v 53.882401 -9.263552 208.013184
vn 0.000000 0.470540 0.882379
v 53.882401 -48.112411 228.729858
vn 0.000000 0.470540 0.882379
v -44.406471 58.741394 208.013184
vn 0.000000 0.000000 1.000000
v -14.270884 68.669441 208.013184
vn 0.000000 0.000000 1.000000
v -59.117596 -2.700801 208.013184
vn 0.000000 0.000000 1.000000
v -59.117596 16.034040 208.013184
vn 0.000000 0.000000 1.000000
v 53.882401 -48.112411 228.729858
vn -0.707107 0.707107 0.000000
v 53.882401 -48.112411 267.229553
vn -0.707107 0.707107 0.000000
v 53.882401 16.034040 208.013184
vn 0.000000 0.000000 1.000000
v 53.882401 -9.263552 208.013184
vn 0.000000 0.000000 1.000000
v -59.117596 16.034040 208.013184
vn 0.707107 -0.707107 0.000000
v -59.117596 16.034042 267.229553
vn 0.707107 -0.707107 0.000000
v 54.632401 -3.485054 132.013184
vn -0.707107 -0.000000 -0.707107
v 54.632397 16.062979 132.013184
vn -0.577350 -0.577350 -0.577350
v 54.632404 -3.485031 68.513184
vn -0.000000 1.000000 0.000000
v 54.632401 -3.485054 132.013184
vn -0.000000 1.000000 0.000000
v -58.547012 42.162384 132.013184
vn 0.531177 -0.620095 -0.577350
v -59.867607 25.063604 132.013184
vn 0.706319 -0.027236 -0.707369
v -58.547005 42.162384 68.513184
vn 0.650557 -0.759458 0.000000
v -53.367622 -3.486947 68.513184
vn 0.707107 0.707107 -0.000000
v 48.132397 16.062988 68.513184
vn -0.707107 -0.707107 -0.000000
v -59.867611 -3.486956 132.013184
vn 0.577350 0.577350 -0.577350
v 53.882401 -11.450800 267.229553
vn -1.000000 0.000000 0.000000
v 53.882401 -9.263552 208.013184
vn -1.000000 0.000000 0.000000
v 53.882401 -9.263552 208.013184
vn -1.000000 0.000000 0.000000
v 53.882401 -11.450800 267.229553
vn -1.000000 0.000000 0.000000
v 54.632404 -3.485031 68.513184
vn -1.000000 -0.000000 -0.000000
v 54.632397 16.062990 68.513184
vn -0.707107 -0.707107 -0.000000
v -59.867615 25.063612 68.513184
vn 0.999257 -0.038531 -0.000000
v -59.867622 -3.486945 68.513184
vn 0.707107 0.707107 0.000000
v -3.935398 -1.648712 -118.939697
vn -0.001199 0.999999 -0.000000
v -3.935404 -1.648692 -60.439697
vn -0.000848 0.706734 0.707479
v -45.117611 -3.589088 -60.439697
vn 0.392122 0.411033 0.822978
v -45.117596 -3.589101 -118.939697
vn 0.690266 0.723555 -0.000000
v -3.864029 57.357761 -118.939697
vn 0.007918 -0.999969 -0.000000
v -3.864030 57.357758 -60.439697
vn 0.005460 -0.689577 0.724191
v 38.361725 44.184151 -60.439697
vn -0.498726 -0.397341 0.770320
v 38.361729 44.184155 -118.939697
vn -0.782122 -0.623126 -0.000000
v 39.882401 -3.607958 -118.939697
vn 0.044669 0.999002 -0.000000
v 39.882401 -3.607931 -60.439697
vn 0.031586 0.706401 0.707107
v -43.590290 44.270107 -118.939697
vn 0.787031 -0.616913 0.000000
v -43.590294 44.270103 -60.439697
vn 0.503440 -0.394621 0.768650
v 39.882397 24.494858 -60.439697
vn -0.706319 -0.027235 0.707369
v 39.882401 24.494848 -118.939697
vn -0.999257 -0.038531 -0.000000
v -45.117607 24.494852 -60.439697
vn 0.706319 -0.027235 0.707369
v -45.117596 24.494848 -118.939697
vn 0.999257 -0.038531 0.000000
v 39.882401 -3.607931 -60.439697
vn -0.707107 -0.000000 0.707107
v 39.882401 -3.607958 -118.939697
vn -1.000000 -0.000000 -0.000000
v -3.925497 -9.907378 -60.439697
vn -0.000848 0.706734 0.707479
v -53.367611 -12.236958 -60.439697
vn 0.657896 0.336502 0.673751
v -3.932631 66.021339 -60.439697
vn 0.005460 -0.689577 0.724191
v 46.156651 50.394459 -60.439697
vn -0.498726 -0.397341 0.770320
v 48.132401 -12.235058 -60.439697
vn -0.559961 0.585559 0.586143
v -51.392521 50.385868 -60.439697
vn 0.710577 -0.339984 0.616028
v 48.132397 24.812973 -60.439697
vn -0.831607 -0.021367 0.554954
v -53.367607 24.812967 -60.439697
vn 0.706319 -0.027235 0.707369
v 48.132401 -12.235058 -60.439697
vn -0.707107 -0.000000 0.707107
v -3.925505 -9.907357 20.560303
vn -0.001200 0.999999 -0.000000
v -53.367626 -12.236944 20.560303
vn 0.690266 0.723555 -0.000000
v -3.932633 66.021339 20.560303
vn 0.007918 -0.999969 0.000000
v 46.156651 50.394463 20.560303
vn -0.782122 -0.623126 0.000000
v 48.132404 -12.235029 20.560303
vn -0.691134 0.722727 -0.000000
v -51.392521 50.385872 20.560303
vn 0.787031 -0.616913 -0.000000
v 48.132397 24.812986 20.560303
vn -0.999257 -0.038531 0.000000
v -53.367611 -3.486957 -51.689697
vn 0.816497 0.408248 0.408248
v -53.367607 24.812967 -51.689697
vn 0.706319 -0.027235 0.707369
v -53.367622 -3.486947 11.810303
vn 0.707107 0.707107 0.000000
v 48.132397 16.062977 -51.689697
vn -0.816496 -0.408248 0.408248
v 48.132401 -3.485056 -51.689697
vn -0.707107 -0.000000 0.707107
v 48.132397 16.062986 11.810303
vn -0.707107 -0.707107 0.000000
v -52.066311 41.661850 -51.689697
vn 0.782635 -0.469910 0.408248
v 48.132401 -3.485056 -51.689697
vn -0.707107 0.707107 -0.000000
v 48.132404 -3.485033 11.810303
vn -0.707107 0.707107 -0.000000
v -52.066307 41.661854 11.810303
vn 0.650557 -0.759458 0.000000
v -59.867611 -3.486956 -51.689697
vn 0.577350 0.577350 0.577350
v -59.867607 25.063604 -51.689697
vn 0.706319 -0.027236 0.707369
v -59.867622 -3.486945 11.810303
vn 0.707107 0.707107 0.000000
v 54.632397 16.062979 -51.689697
vn -0.577350 -0.577350 0.577350
v 54.632401 -3.485054 -51.689697
vn -0.707107 -0.000000 0.707107
v 54.632397 16.062988 11.810303
vn -0.707107 -0.707107 0.000000
v -58.547012 42.162380 -51.689697
vn 0.531177 -0.620095 0.577350
v 54.632401 -3.485054 -51.689697
vn -0.000000 1.000000 -0.000000
v 54.632404 -3.485031 11.810303
vn -0.000000 1.000000 -0.000000
v -58.547005 42.162384 11.810303
vn 0.650557 -0.759458 0.000000
v -59.867615 25.063610 11.810303
vn 0.999257 -0.038531 0.000000
v 54.632404 -3.485031 11.810303
vn -1.000000 -0.000000 0.000000
v -3.935398 -1.648713 -437.195435
vn -0.001199 0.999999 -0.000000
v -3.935404 -1.648693 -378.695435
vn -0.000848 0.706734 0.707479
v -45.117607 -3.589088 -378.695435
vn 0.392122 0.411033 0.822978
v -45.117596 -3.589101 -437.195435
vn 0.690266 0.723555 -0.000000
v -3.864029 57.357754 -437.195435
vn 0.007918 -0.999969 0.000000
v -3.864031 57.357761 -378.695435
vn 0.005460 -0.689577 0.724191
v 38.361729 44.184155 -378.695435
vn -0.498726 -0.397341 0.770320
v 38.361729 44.184147 -437.195435
vn -0.782122 -0.623126 0.000000
v 39.882401 -3.607958 -437.195435
vn 0.044669 0.999002 -0.000000
v 39.882404 -3.607931 -378.695435
vn 0.031586 0.706401 0.707107
v -43.590290 44.270100 -437.195435
vn 0.787031 -0.616913 0.000000
v -43.590290 44.270107 -378.695435
vn 0.503440 -0.394621 0.768650
v 39.882401 24.494858 -378.695435
vn -0.706319 -0.027235 0.707369
v 39.882401 24.494850 -437.195435
vn -0.999257 -0.038531 0.000000
v -45.117603 24.494852 -378.695435
vn 0.706319 -0.027235 0.707369
v -45.117596 24.494850 -437.195435
vn 0.999257 -0.038531 0.000000
v 39.882404 -3.607931 -378.695435
vn -0.707107 -0.000000 0.707107
v 39.882401 -3.607958 -437.195435
vn -1.000000 -0.000000 0.000000
v -3.925498 -9.907378 -378.695435
vn -0.000848 0.706734 0.707479
v -53.367607 -12.236958 -378.695435
vn 0.657895 0.336502 0.673751
v -3.932632 66.021339 -378.695435
vn 0.005460 -0.689577 0.724191
v 46.156654 50.394463 -378.695435
vn -0.498726 -0.397341 0.770320
v 48.132404 -12.235058 -378.695435
vn -0.559961 0.585559 0.586143
v -51.392517 50.385872 -378.695435
vn 0.710577 -0.339984 0.616028
v 48.132401 24.812973 -378.695435
vn -0.831607 -0.021367 0.554954
v -53.367603 24.812967 -378.695435
vn 0.706319 -0.027235 0.707370
v 48.132404 -12.235058 -378.695435
vn -0.707107 -0.000000 0.707107
v -3.925505 -9.907356 -297.695435
vn -0.001200 0.999999 -0.000000
v -53.367626 -12.236943 -297.695435
vn 0.690266 0.723556 -0.000000
v -3.932633 66.021347 -297.695435
vn 0.007918 -0.999969 0.000000
v 46.156651 50.394459 -297.695435
vn -0.782122 -0.623125 0.000000
v 48.132404 -12.235028 -297.695435
vn -0.691134 0.722727 -0.000000
v -51.392521 50.385868 -297.695435
vn 0.787031 -0.616913 -0.000000
v 48.132397 24.812986 -297.695435
vn -0.999257 -0.038531 -0.000000
v -53.367611 -3.486957 -369.945435
vn 0.816497 0.408248 0.408249
v -53.367607 24.812967 -369.945435
vn 0.706319 -0.027235 0.707370
v -53.367622 -3.486947 -306.445435
vn 0.707107 0.707107 0.000000
v 48.132397 16.062977 -369.945435
vn -0.816497 -0.408248 0.408248
v 48.132401 -3.485057 -369.945435
vn -0.707107 -0.000000 0.707107
v 48.132397 16.062986 -306.445435
vn -0.707107 -0.707107 0.000000
v -52.066311 41.661850 -369.945435
vn 0.782635 -0.469910 0.408248
v 48.132401 -3.485057 -369.945435
vn -0.707107 0.707107 -0.000000
v 48.132404 -3.485033 -306.445435
vn -0.707107 0.707107 -0.000000
v -52.066307 41.661850 -306.445435
vn 0.650557 -0.759458 -0.000000
v -59.867611 -3.486956 -369.945435
vn 0.577350 0.577350 0.577350
v -59.867607 25.063604 -369.945435
vn 0.706319 -0.027236 0.707369
v -59.867622 -3.486946 -306.445435
vn 0.707107 0.707107 0.000000
v 54.632397 16.062979 -369.945435
vn -0.577350 -0.577350 0.577350
v 54.632401 -3.485055 -369.945435
vn -0.707107 -0.000000 0.707107
v 54.632397 16.062988 -306.445435
vn -0.707107 -0.707107 0.000000
v -58.547012 42.162380 -369.945435
vn 0.531177 -0.620095 0.577350
v 54.632401 -3.485055 -369.945435
vn -0.000000 1.000000 -0.000000
v 54.632404 -3.485031 -306.445435
vn -0.000000 1.000000 -0.000000
v -58.547005 42.162380 -306.445435
vn 0.650557 -0.759458 0.000000
v -59.867615 25.063610 -306.445435
vn 0.999257 -0.038531 0.000000
v 54.632404 -3.485031 -306.445435
vn -1.000000 -0.000000 0.000000
v -3.935398 -1.648713 -118.992554
vn -0.001199 0.999999 0.000000
v -3.935404 -1.648692 -177.492554
vn -0.000848 0.706734 -0.707479
v 39.882404 -3.607931 -177.492554
vn 0.031586 0.706401 -0.707107
v 39.882401 -3.607958 -118.992554
vn 0.044669 0.999002 0.000000
v -3.864029 57.357758 -118.992554
vn 0.007918 -0.999969 -0.000000
v -3.864030 57.357761 -177.492554
vn 0.005460 -0.689577 -0.724191
v -43.590290 44.270107 -177.492554
vn 0.503440 -0.394621 -0.768650
v -43.590290 44.270103 -118.992554
vn 0.787031 -0.616913 -0.000000
v 39.882401 -3.607958 -118.992554
vn -1.000000 -0.000000 -0.000000
v 39.882404 -3.607931 -177.492554
vn -0.707107 -0.000000 -0.707107
v 39.882401 24.494858 -177.492554
vn -0.706319 -0.027235 -0.707369
v 39.882401 24.494848 -118.992554
vn -0.999257 -0.038531 -0.000000
v -45.117603 24.494852 -177.492554
vn 0.706319 -0.027235 -0.707369
v -45.117596 24.494848 -118.992554
vn 0.999257 -0.038531 -0.000000
v 38.361729 44.184151 -118.992554
vn -0.782122 -0.623126 -0.000000
v 38.361729 44.184155 -177.492554
vn -0.498726 -0.397341 -0.770320
v -45.117596 -3.589101 -118.992554
vn 0.690266 0.723555 0.000000
v -45.117607 -3.589088 -177.492554
vn 0.392122 0.411033 -0.822978
v -3.925498 -9.907378 -177.492554
vn -0.000848 0.706734 -0.707479
v 48.132404 -12.235058 -177.492554
vn -0.559961 0.585559 -0.586143
v -3.932631 66.021339 -177.492554
vn 0.005460 -0.689577 -0.724191
v -51.392517 50.385872 -177.492554
vn 0.710577 -0.339984 -0.616028
v 48.132404 -12.235058 -177.492554
vn -0.707107 -0.000000 -0.707107
v 48.132401 24.812973 -177.492554
vn -0.831607 -0.021367 -0.554954
v -53.367603 24.812967 -177.492554
vn 0.706319 -0.027235 -0.707369
v 46.156654 50.394463 -177.492554
vn -0.498726 -0.397341 -0.770320
v -53.367607 -12.236958 -177.492554
vn 0.657896 0.336502 -0.673751
v -3.925505 -9.907356 -258.492554
vn -0.001200 0.999999 0.000000
v 48.132404 -12.235028 -258.492554
vn -0.691134 0.722727 0.000000
v -3.932633 66.021339 -258.492554
vn 0.007918 -0.999969 0.000000
v -51.392521 50.385868 -258.492554
vn 0.787031 -0.616913 -0.000000
v 48.132404 -3.485057 -186.242554
vn -0.707107 -0.000000 -0.707107
v 48.132401 16.062977 -186.242554
vn -0.816496 -0.408248 -0.408248
v 48.132404 -3.485033 -249.742554
vn -0.707107 0.707107 0.000000
v 48.132404 -3.485057 -186.242554
vn -0.707107 0.707107 0.000000
v -52.066307 41.661854 -186.242554
vn 0.782635 -0.469910 -0.408249
v -53.367603 24.812967 -186.242554
vn 0.706319 -0.027235 -0.707369
v -52.066307 41.661850 -249.742554
vn 0.650557 -0.759458 0.000000
v 46.156651 50.394459 -258.492554
vn -0.782122 -0.623126 0.000000
v -53.367626 -12.236943 -258.492554
vn 0.690266 0.723556 -0.000000
v 48.132397 24.812988 -258.492554
vn -0.999257 -0.038531 0.000000
v -53.367607 -3.486957 -186.242554
vn 0.816497 0.408248 -0.408248
v 54.632404 -3.485055 -186.242554
vn -0.707107 -0.000000 -0.707107
v 54.632401 16.062979 -186.242554
vn -0.577350 -0.577350 -0.577350
v 54.632404 -3.485031 -249.742554
vn -0.000000 1.000000 0.000000
v 54.632404 -3.485055 -186.242554
vn -0.000000 1.000000 0.000000
v -58.547009 42.162384 -186.242554
vn 0.531177 -0.620095 -0.577350
v -59.867603 25.063604 -186.242554
vn 0.706319 -0.027236 -0.707369
v -58.547005 42.162380 -249.742554
vn 0.650557 -0.759458 0.000000
v -53.367622 -3.486947 -249.742554
vn 0.707107 0.707107 -0.000000
v 48.132397 16.062988 -249.742554
vn -0.707107 -0.707107 -0.000000
v -59.867607 -3.486956 -186.242554
vn 0.577350 0.577350 -0.577350
v 54.632404 -3.485031 -249.742554
vn -1.000000 -0.000000 -0.000000
v 54.632397 16.062990 -249.742554
vn -0.707107 -0.707107 -0.000000
v -59.867615 25.063612 -249.742554
vn 0.999257 -0.038531 -0.000000
v -59.867622 -3.486946 -249.742554
vn 0.707107 0.707107 -0.000000
v -3.925505 -9.907357 59.661743
vn 0.044668 0.999002 0.000001
v -3.925506 -9.907355 55.911743
vn 0.044668 0.999002 0.000001
v 44.386147 -12.067520 55.911743
vn 0.044668 0.999002 0.000001
v 48.132404 -12.235029 59.661743
vn 0.044668 0.999002 0.000001
v -3.932633 66.021332 59.661743
vn 0.312903 -0.949785 -0.000001
v -3.932633 66.021347 40.161743
vn 0.312903 -0.949785 -0.000001
v -51.392521 50.385872 40.161743
vn 0.312903 -0.949785 -0.000001
v -51.392521 50.385872 59.661743
vn 0.312903 -0.949785 -0.000001
v 48.132404 -12.235029 59.661743
vn -0.691134 0.722727 0.000001
v 48.132404 -12.235015 40.161743
vn -1.000000 -0.000000 -0.000000
v 48.132397 24.812994 40.161743
vn -1.000000 -0.000000 -0.000000
v 48.132397 24.812988 59.661743
vn -1.000000 -0.000000 -0.000000
v 44.386147 -12.067520 55.911743
vn 0.044668 0.999002 0.000001
v 44.386147 -12.067511 43.911743
vn 0.044668 0.999002 0.000001
v 48.132404 -12.235015 40.161743
vn 0.044668 0.999002 0.000001
v -51.392521 50.385872 59.661743
vn 0.997031 -0.077005 0.000000
v -51.392521 50.385872 40.161743
vn 0.997031 -0.077005 0.000000
v -53.367619 24.812977 40.161743
vn 0.997031 -0.077005 0.000000
v -53.367615 24.812975 59.661743
vn 0.997031 -0.077005 0.000000
v 46.156651 50.394463 59.661743
vn -0.297823 -0.954621 -0.000000
v 46.156651 50.394463 40.161743
vn -0.297823 -0.954621 -0.000000
v -3.932633 66.021347 40.161743
vn -0.297823 -0.954621 -0.000000
v -3.932633 66.021332 59.661743
vn -0.297823 -0.954621 -0.000000
v -53.367626 -12.236944 59.661743
vn -0.047065 0.998892 0.000001
v -49.621784 -12.060448 55.911743
vn -0.047065 0.998892 0.000001
v -3.925506 -9.907355 55.911743
vn -0.047065 0.998892 0.000001
v -3.925505 -9.907357 59.661743
vn -0.047065 0.998892 0.000001
v 48.132397 24.812988 59.661743
vn -0.997031 -0.077004 -0.000000
v 48.132397 24.812994 40.161743
vn -0.997031 -0.077004 -0.000000
v 46.156651 50.394463 40.161743
vn -0.997031 -0.077004 -0.000000
v 46.156651 50.394463 59.661743
vn -0.997031 -0.077004 -0.000000
v -53.367615 24.812975 59.661743
vn 1.000000 -0.000000 -0.000000
v -53.367619 24.812977 40.161743
vn 1.000000 -0.000000 -0.000000
v -53.367634 -12.236937 40.161743
vn 1.000000 -0.000000 -0.000000
v -53.367626 -12.236944 59.661743
vn 0.690266 0.723555 0.000000
v -3.925508 -9.907346 40.161743
vn -0.047065 0.998892 0.000001
v -3.925506 -9.907348 43.911743
vn -0.047065 0.998892 0.000001
v -49.621788 -12.060444 43.911743
vn -0.047065 0.998892 0.000001
v -53.367634 -12.236937 40.161743
vn -0.047065 0.998892 0.000001
v 48.132404 -12.235015 40.161743
vn 0.044668 0.999002 0.000001
v 44.386147 -12.067511 43.911743
vn 0.044668 0.999002 0.000001
v -3.925506 -9.907348 43.911743
vn 0.044668 0.999002 0.000001
v -3.925508 -9.907346 40.161743
vn 0.044668 0.999002 0.000001
v -53.367634 -12.236937 40.161743
vn -0.047065 0.998892 0.000000
v -49.621788 -12.060444 43.911743
vn -0.047065 0.998892 0.000000
v -49.621784 -12.060448 55.911743
vn -0.047065 0.998892 0.000000
v -3.925506 -9.907355 55.911743
vn -0.000000 0.000002 -1.000000
v -3.907492 -35.259647 55.911682
vn -0.000000 0.000002 -1.000000
v 43.716118 -28.322058 55.911682
vn -0.000000 0.000002 -1.000000
v 44.386147 -12.067520 55.911743
vn -0.000000 0.000002 -1.000000
v 44.386147 -12.067520 55.911743
vn -0.999151 0.041186 -0.000000
v 43.716118 -28.322058 55.911682
vn -0.999151 0.041186 -0.000000
v 43.716118 -28.322092 43.911682
vn -0.742723 0.669599 -0.000001
v 44.386147 -12.067511 43.911743
vn -0.999151 0.041186 -0.000000
v -49.621784 -12.060448 55.911743
vn -0.000001 -0.000000 -1.000000
v -48.915806 -28.350475 55.911743
vn -0.000001 -0.000000 -1.000000
v -3.907492 -35.259647 55.911682
vn -0.000001 -0.000000 -1.000000
v -3.925506 -9.907355 55.911743
vn -0.000001 -0.000000 -1.000000
v -3.925506 -9.907348 43.911743
vn 0.000001 -0.000002 1.000000
v -3.907492 -35.259670 43.911682
vn -0.101932 0.699721 0.707107
v -48.915810 -28.350491 43.911743
vn 0.000001 -0.000002 1.000000
v -49.621788 -12.060444 43.911743
vn 0.000001 -0.000002 1.000000
v 44.386147 -12.067511 43.911743
vn 0.000001 -0.000004 1.000000
v 43.716118 -28.322092 43.911682
vn 0.000001 -0.000004 1.000000
v -3.907492 -35.259670 43.911682
vn 0.107291 0.698919 0.707108
v -3.925506 -9.907348 43.911743
vn 0.000001 -0.000004 1.000000
v -49.621788 -12.060444 43.911743
vn 0.999062 0.043297 -0.000000
v -48.915810 -28.350491 43.911743
vn 0.744578 0.667535 -0.000001
v -48.915806 -28.350475 55.911743
vn 0.999062 0.043297 -0.000000
v -49.621784 -12.060448 55.911743
vn 0.999062 0.043297 -0.000000
v -3.907492 -35.259647 55.911682
vn -0.144154 0.989555 -0.000002
v 43.716118 -28.322058 55.911682
vn -0.144154 0.989555 -0.000002
v -48.915806 -28.350475 55.911743
vn 0.151732 0.988422 -0.000001
v -3.907492 -35.259647 55.911682
vn 0.151732 0.988422 -0.000001
v -3.925508 -9.907346 -278.093994
vn -0.047065 0.998892 0.000001
v -3.925507 -9.907348 -274.343994
vn -0.047065 0.998892 0.000001
v -49.621788 -12.060444 -274.343994
vn -0.047065 0.998892 0.000001
v -53.367634 -12.236937 -278.093994
vn -0.047065 0.998892 0.000001
v -3.932633 66.021370 -278.093994
vn -0.297823 -0.954621 -0.000002
v -3.932633 66.021339 -258.593994
vn -0.297823 -0.954621 -0.000002
v 46.156651 50.394459 -258.593994
vn -0.297823 -0.954621 -0.000002
v 46.156651 50.394459 -278.093994
vn -0.297823 -0.954621 -0.000002
v 48.132404 -12.235015 -278.093994
vn 0.044668 0.999002 0.000001
v 44.386147 -12.067511 -274.343994
vn 0.044668 0.999002 0.000001
v -3.925507 -9.907348 -274.343994
vn 0.044668 0.999002 0.000001
v -3.925508 -9.907346 -278.093994
vn 0.044668 0.999002 0.000001
v -51.392521 50.385868 -278.093994
vn 0.312903 -0.949785 -0.000000
v -51.392521 50.385868 -258.593994
vn 0.312903 -0.949785 -0.000000
v -3.932633 66.021339 -258.593994
vn 0.312903 -0.949785 -0.000000
v -3.932633 66.021370 -278.093994
vn 0.312903 -0.949785 -0.000000
v 46.156651 50.394459 -278.093994
vn -0.997031 -0.077004 0.000000
v 46.156651 50.394459 -258.593994
vn -0.997031 -0.077004 0.000000
v 48.132397 24.812988 -258.593994
vn -0.997031 -0.077004 0.000000
v 48.132397 24.812994 -278.093994
vn -0.997031 -0.077004 0.000000
v -53.367634 -12.236937 -278.093994
vn 1.000000 -0.000000 -0.000000
v -53.367626 -12.236943 -258.593994
vn 0.690266 0.723555 -0.000000
v -53.367615 24.812975 -258.593994
vn 1.000000 -0.000000 -0.000000
v -53.367619 24.812977 -278.093994
vn 1.000000 -0.000000 -0.000000
v -53.367634 -12.236937 -278.093994
vn -0.047065 0.998892 0.000000
v -49.621788 -12.060444 -274.343994
vn -0.047065 0.998892 0.000000
v -49.621784 -12.060448 -262.343994
vn -0.047065 0.998892 0.000000
v 48.132397 24.812994 -278.093994
vn -1.000000 -0.000000 -0.000000
v 48.132397 24.812988 -258.593994
vn -1.000000 -0.000000 -0.000000
v 48.132404 -12.235028 -258.593994
vn -0.691134 0.722727 0.000001
v 48.132404 -12.235015 -278.093994
vn -1.000000 -0.000000 -0.000000
v -53.367619 24.812977 -278.093994
vn 0.997031 -0.077005 -0.000000
v -53.367615 24.812975 -258.593994
vn 0.997031 -0.077005 -0.000000
v -51.392521 50.385868 -258.593994
vn 0.997031 -0.077005 -0.000000
v -51.392521 50.385868 -278.093994
vn 0.997031 -0.077005 -0.000000
v -3.925505 -9.907356 -258.593994
vn 0.044668 0.999002 0.000000
v -3.925506 -9.907355 -262.343994
vn 0.044668 0.999002 0.000000
v 44.386147 -12.067520 -262.343994
vn 0.044668 0.999002 0.000000
v 48.132404 -12.235028 -258.593994
vn 0.044668 0.999002 0.000000
v 44.386147 -12.067520 -262.343994
vn 0.044668 0.999002 0.000001
v 44.386147 -12.067511 -274.343994
vn 0.044668 0.999002 0.000001
v 48.132404 -12.235015 -278.093994
vn 0.044668 0.999002 0.000001
v -53.367626 -12.236943 -258.593994
vn -0.047065 0.998892 0.000000
v -49.621784 -12.060448 -262.343994
vn -0.047065 0.998892 0.000000
v -3.925506 -9.907355 -262.343994
vn -0.047065 0.998892 0.000000
v -3.925505 -9.907356 -258.593994
vn -0.047065 0.998892 0.000000
v -3.925506 -9.907355 -262.343994
vn -0.000001 0.000005 -1.000000
v -3.907492 -35.259651 -262.344116
vn -0.000001 0.000005 -1.000000
v 43.716118 -28.322060 -262.344116
vn -0.000001 0.000005 -1.000000
v 44.386147 -12.067520 -262.343994
vn -0.000001 0.000005 -1.000000
v 44.386147 -12.067520 -262.343994
vn -0.999151 0.041186 -0.000000
v 43.716118 -28.322060 -262.344116
vn -0.999151 0.041186 -0.000000
v 43.716118 -28.322092 -274.344116
vn -0.742723 0.669599 -0.000001
v 44.386147 -12.067511 -274.343994
vn -0.999151 0.041186 -0.000000
v -49.621784 -12.060448 -262.343994
vn -0.000003 -0.000000 -1.000000
v -48.915806 -28.350477 -262.343994
vn -0.000003 -0.000000 -1.000000
v -3.907492 -35.259651 -262.344116
vn -0.000003 -0.000000 -1.000000
v -3.925506 -9.907355 -262.343994
vn -0.000003 -0.000000 -1.000000
v -3.925507 -9.907348 -274.343994
vn 0.000002 -0.000005 1.000000
v -3.907493 -35.259674 -274.344116
vn -0.101931 0.699720 0.707108
v -48.915810 -28.350491 -274.343994
vn 0.000002 -0.000005 1.000000
v -49.621788 -12.060444 -274.343994
vn 0.000002 -0.000005 1.000000
v 44.386147 -12.067511 -274.343994
vn 0.000001 -0.000008 1.000000
v 43.716118 -28.322092 -274.344116
vn 0.000001 -0.000008 1.000000
v -3.907493 -35.259674 -274.344116
vn 0.107292 0.698917 0.707109
v -3.925507 -9.907348 -274.343994
vn 0.000001 -0.000008 1.000000
v -49.621788 -12.060444 -274.343994
vn 0.999062 0.043297 -0.000000
v -48.915810 -28.350491 -274.343994
vn 0.744578 0.667535 -0.000001
v -48.915806 -28.350477 -262.343994
vn 0.999062 0.043297 -0.000000
v -49.621784 -12.060448 -262.343994
vn 0.999062 0.043297 -0.000000
v -3.907492 -35.259651 -262.344116
vn -0.144154 0.989555 -0.000002
v 43.716118 -28.322060 -262.344116
vn -0.144154 0.989555 -0.000002
v -48.915806 -28.350477 -262.343994
vn 0.151732 0.988422 -0.000001
v -3.907492 -35.259651 -262.344116
vn 0.151732 0.988422 -0.000001
v -3.925508 -9.907346 40.161743
vn 0.044668 0.999002 -0.000001
v -3.925506 -9.907348 36.411743
vn 0.044668 0.999002 -0.000001
v 44.386147 -12.067511 36.411743
vn 0.044668 0.999002 -0.000001
v 48.132404 -12.235015 40.161743
vn 0.044668 0.999002 -0.000001
v -3.932633 66.021347 40.161743
vn 0.312903 -0.949785 0.000000
v -3.932633 66.021339 20.661743
vn 0.312903 -0.949785 0.000000
v -51.392521 50.385872 20.661743
vn 0.312903 -0.949785 0.000000
v -51.392521 50.385872 40.161743
vn 0.312903 -0.949785 0.000000
v 48.132404 -12.235015 40.161743
vn -1.000000 -0.000000 0.000000
v 48.132404 -12.235029 20.661743
vn -0.691134 0.722727 -0.000001
v 48.132397 24.812986 20.661743
vn -1.000000 -0.000000 0.000000
v 48.132397 24.812994 40.161743
vn -1.000000 -0.000000 0.000000
v 48.132404 -12.235015 40.161743
vn 0.044669 0.999002 -0.000001
v 44.386147 -12.067511 36.411743
vn 0.044669 0.999002 -0.000001
v 44.386147 -12.067521 24.411743
vn 0.044669 0.999002 -0.000001
v -51.392521 50.385872 40.161743
vn 0.997031 -0.077005 0.000000
v -51.392521 50.385872 20.661743
vn 0.997031 -0.077005 0.000000
v -53.367615 24.812973 20.661743
vn 0.997031 -0.077005 0.000000
v -53.367619 24.812977 40.161743
vn 0.997031 -0.077005 0.000000
v 46.156651 50.394463 40.161743
vn -0.297823 -0.954621 -0.000000
v 46.156651 50.394463 20.661743
vn -0.297823 -0.954621 -0.000000
v -3.932633 66.021339 20.661743
vn -0.297823 -0.954621 -0.000000
v -3.932633 66.021347 40.161743
vn -0.297823 -0.954621 -0.000000
v -53.367634 -12.236937 40.161743
vn -0.047065 0.998892 -0.000001
v -49.621788 -12.060444 36.411743
vn -0.047065 0.998892 -0.000001
v -3.925506 -9.907348 36.411743
vn -0.047065 0.998892 -0.000001
v -3.925508 -9.907346 40.161743
vn -0.047065 0.998892 -0.000001
v 48.132397 24.812994 40.161743
vn -0.997031 -0.077004 0.000000
v 48.132397 24.812986 20.661743
vn -0.997031 -0.077004 0.000000
v 46.156651 50.394463 20.661743
vn -0.997031 -0.077004 0.000000
v 46.156651 50.394463 40.161743
vn -0.997031 -0.077004 0.000000
v -53.367619 24.812977 40.161743
vn 1.000000 -0.000000 0.000000
v -53.367615 24.812973 20.661743
vn 1.000000 -0.000000 0.000000
v -53.367626 -12.236944 20.661743
vn 0.690266 0.723555 -0.000000
v -53.367634 -12.236937 40.161743
vn 1.000000 -0.000000 0.000000
v -3.925505 -9.907357 20.661743
vn -0.047065 0.998892 -0.000000
v -3.925506 -9.907356 24.411743
vn -0.047065 0.998892 -0.000000
v -49.621784 -12.060449 24.411743
vn -0.047065 0.998892 -0.000000
v -53.367626 -12.236944 20.661743
vn -0.047065 0.998892 -0.000000
v 48.132404 -12.235029 20.661743
vn 0.044668 0.999002 -0.000000
v 44.386147 -12.067521 24.411743
vn 0.044668 0.999002 -0.000000
v -3.925506 -9.907356 24.411743
vn 0.044668 0.999002 -0.000000
v -3.925505 -9.907357 20.661743
vn 0.044668 0.999002 -0.000000
v -49.621784 -12.060449 24.411743
vn -0.047065 0.998892 -0.000000
v -49.621788 -12.060444 36.411743
vn -0.047065 0.998892 -0.000000
v -53.367634 -12.236937 40.161743
vn -0.047065 0.998892 -0.000000
v -3.925506 -9.907356 24.411743
vn -0.000001 0.000002 1.000000
v -3.907492 -35.259647 24.411804
vn -0.000001 0.000002 1.000000
v -48.915806 -28.350477 24.411743
vn -0.000001 0.000002 1.000000
v -49.621784 -12.060449 24.411743
vn -0.000001 0.000002 1.000000
v 44.386147 -12.067521 24.411743
vn -0.000001 0.000004 1.000000
v 43.716118 -28.322060 24.411804
vn -0.000001 0.000004 1.000000
v -3.907492 -35.259647 24.411804
vn -0.000001 0.000004 1.000000
v -3.925506 -9.907356 24.411743
vn -0.000001 0.000004 1.000000
v -49.621784 -12.060449 24.411743
vn 0.999062 0.043297 0.000000
v -48.915806 -28.350477 24.411743
vn 0.999062 0.043297 0.000000
v -48.915810 -28.350491 36.411743
vn 0.744578 0.667535 0.000001
v -49.621788 -12.060444 36.411743
vn 0.999062 0.043297 0.000000
v -3.925506 -9.907348 36.411743
vn 0.000000 -0.000002 -1.000000
v -3.907492 -35.259670 36.411804
vn 0.107291 0.698919 -0.707107
v 43.716118 -28.322092 36.411804
vn 0.000000 -0.000002 -1.000000
v 44.386147 -12.067511 36.411743
vn 0.000000 -0.000002 -1.000000
v 44.386147 -12.067511 36.411743
vn -0.999152 0.041186 0.000000
v 43.716118 -28.322092 36.411804
vn -0.742723 0.669599 0.000002
v 43.716118 -28.322060 24.411804
vn -0.999152 0.041186 0.000000
v 44.386147 -12.067521 24.411743
vn -0.999152 0.041186 0.000000
v -49.621788 -12.060444 36.411743
vn 0.000001 0.000000 -1.000000
v -48.915810 -28.350491 36.411743
vn 0.000001 0.000000 -1.000000
v -3.907492 -35.259670 36.411804
vn -0.101931 0.699722 -0.707106
v -3.925506 -9.907348 36.411743
vn 0.000001 0.000000 -1.000000
v -3.907492 -35.259647 24.411804
vn 0.151732 0.988422 0.000002
v -48.915806 -28.350477 24.411743
vn 0.151732 0.988422 0.000002
v 43.716118 -28.322060 24.411804
vn -0.144154 0.989555 0.000003
v -3.907492 -35.259647 24.411804
vn -0.144154 0.989555 0.000003
v -3.925508 -9.907346 -278.093994
vn 0.044668 0.999002 -0.000001
v -3.925507 -9.907348 -281.843994
vn 0.044668 0.999002 -0.000001
v 44.386147 -12.067511 -281.843994
vn 0.044668 0.999002 -0.000001
v 48.132404 -12.235015 -278.093994
vn 0.044668 0.999002 -0.000001
v -3.932633 66.021370 -278.093994
vn 0.312903 -0.949785 0.000001
v -3.932633 66.021347 -297.593994
vn 0.312903 -0.949785 0.000001
v -51.392521 50.385868 -297.593994
vn 0.312903 -0.949785 0.000001
v -51.392521 50.385868 -278.093994
vn 0.312903 -0.949785 0.000001
v 48.132404 -12.235015 -278.093994
vn -1.000000 -0.000000 0.000000
v 48.132404 -12.235028 -297.593994
vn -0.691134 0.722727 -0.000001
v 48.132397 24.812986 -297.593994
vn -1.000000 -0.000000 0.000000
v 48.132397 24.812994 -278.093994
vn -1.000000 -0.000000 0.000000
v 48.132404 -12.235015 -278.093994
vn 0.044669 0.999002 -0.000001
v 44.386147 -12.067511 -281.843994
vn 0.044669 0.999002 -0.000001
v 44.386147 -12.067520 -293.843994
vn 0.044669 0.999002 -0.000001
v -51.392521 50.385868 -278.093994
vn 0.997031 -0.077005 0.000000
v -51.392521 50.385868 -297.593994
vn 0.997031 -0.077005 0.000000
v -53.367615 24.812973 -297.593994
vn 0.997031 -0.077005 0.000000
v -53.367619 24.812977 -278.093994
vn 0.997031 -0.077005 0.000000
v 46.156651 50.394459 -278.093994
vn -0.297823 -0.954621 -0.000000
v 46.156651 50.394459 -297.593994
vn -0.297823 -0.954621 -0.000000
v -3.932633 66.021347 -297.593994
vn -0.297823 -0.954621 -0.000000
v -3.932633 66.021370 -278.093994
vn -0.297823 -0.954621 -0.000000
v -53.367634 -12.236937 -278.093994
vn -0.047065 0.998892 -0.000001
v -49.621788 -12.060444 -281.843994
vn -0.047065 0.998892 -0.000001
v -3.925507 -9.907348 -281.843994
vn -0.047065 0.998892 -0.000001
v -3.925508 -9.907346 -278.093994
vn -0.047065 0.998892 -0.000001
v 48.132397 24.812994 -278.093994
vn -0.997031 -0.077004 0.000000
v 48.132397 24.812986 -297.593994
vn -0.997031 -0.077004 0.000000
v 46.156651 50.394459 -297.593994
vn -0.997031 -0.077004 0.000000
v 46.156651 50.394459 -278.093994
vn -0.997031 -0.077004 0.000000
v -53.367619 24.812977 -278.093994
vn 1.000000 -0.000000 0.000000
v -53.367615 24.812973 -297.593994
vn 1.000000 -0.000000 0.000000
v -53.367626 -12.236943 -297.593994
vn 0.690266 0.723555 -0.000000
v -53.367634 -12.236937 -278.093994
vn 1.000000 -0.000000 0.000000
v -3.925505 -9.907356 -297.593994
vn -0.047065 0.998892 -0.000000
v -3.925506 -9.907355 -293.843994
vn -0.047065 0.998892 -0.000000
v -49.621784 -12.060448 -293.843994
vn -0.047065 0.998892 -0.000000
v -53.367626 -12.236943 -297.593994
vn -0.047065 0.998892 -0.000000
v 48.132404 -12.235028 -297.593994
vn 0.044668 0.999002 -0.000000
v 44.386147 -12.067520 -293.843994
vn 0.044668 0.999002 -0.000000
v -3.925506 -9.907355 -293.843994
vn 0.044668 0.999002 -0.000000
v -3.925505 -9.907356 -297.593994
vn 0.044668 0.999002 -0.000000
v -49.621784 -12.060448 -293.843994
vn -0.047065 0.998892 -0.000000
v -49.621788 -12.060444 -281.843994
vn -0.047065 0.998892 -0.000000
v -53.367634 -12.236937 -278.093994
vn -0.047065 0.998892 -0.000000
v -3.925506 -9.907355 -293.843994
vn -0.000002 0.000005 1.000000
v -3.907492 -35.259651 -293.843872
vn -0.000002 0.000005 1.000000
v -48.915806 -28.350477 -293.843994
vn -0.000002 0.000005 1.000000
v -49.621784 -12.060448 -293.843994
vn -0.000002 0.000005 1.000000
v 44.386147 -12.067520 -293.843994
vn -0.000001 0.000008 1.000000
v 43.716118 -28.322060 -293.843872
vn -0.000001 0.000008 1.000000
v -3.907492 -35.259651 -293.843872
vn -0.000001 0.000008 1.000000
v -3.925506 -9.907355 -293.843994
vn -0.000001 0.000008 1.000000
v -49.621784 -12.060448 -293.843994
vn 0.999062 0.043297 0.000000
v -48.915806 -28.350477 -293.843994
vn 0.999062 0.043297 0.000000
v -48.915810 -28.350491 -281.843994
vn 0.744578 0.667535 0.000001
v -49.621788 -12.060444 -281.843994
vn 0.999062 0.043297 0.000000
v -3.925507 -9.907348 -281.843994
vn 0.000001 -0.000005 -1.000000
v -3.907493 -35.259674 -281.843872
vn 0.107291 0.698919 -0.707108
v 43.716118 -28.322092 -281.843872
vn 0.000001 -0.000005 -1.000000
v 44.386147 -12.067511 -281.843994
vn 0.000001 -0.000005 -1.000000
v 44.386147 -12.067511 -281.843994
vn -0.999152 0.041186 0.000000
v 43.716118 -28.322092 -281.843872
vn -0.742723 0.669598 0.000002
v 43.716118 -28.322060 -293.843872
vn -0.999152 0.041186 0.000000
v 44.386147 -12.067520 -293.843994
vn -0.999152 0.041186 0.000000
v -49.621788 -12.060444 -281.843994
vn 0.000003 0.000000 -1.000000
v -48.915810 -28.350491 -281.843994
vn 0.000003 0.000000 -1.000000
v -3.907493 -35.259674 -281.843872
vn -0.101930 0.699722 -0.707106
v -3.925507 -9.907348 -281.843994
vn 0.000003 0.000000 -1.000000
v -3.907492 -35.259651 -293.843872
vn 0.151732 0.988422 0.000002
v -48.915806 -28.350477 -293.843994
vn 0.151732 0.988422 0.000002
v 43.716118 -28.322060 -293.843872
vn -0.144154 0.989555 0.000003
v -3.907492 -35.259651 -293.843872
vn -0.144154 0.989555 0.000003
v -3.926403 33.960838 40.161743
vn 0.000000 0.000000 1.000000
v 48.132397 24.812994 40.161743
vn 0.000000 0.000000 1.000000
v 48.132404 -12.235015 40.161743
vn 0.000000 0.000000 1.000000
v -3.925508 -9.907346 40.161743
vn 0.000000 0.000000 1.000000
v -53.367619 24.812977 40.161743
vn 0.000000 0.000000 1.000000
v -51.392521 50.385872 40.161743
vn 0.000000 0.000000 1.000000
v -3.932633 66.021347 40.161743
vn 0.000000 0.000000 1.000000
v -53.367634 -12.236937 40.161743
vn 0.000000 0.000000 1.000000
v 46.156651 50.394463 40.161743
vn 0.000000 0.000000 1.000000
v -3.926403 33.960835 -278.093994
vn 0.000000 0.000000 1.000000
v 48.132397 24.812994 -278.093994
vn 0.000000 0.000000 1.000000
v 48.132404 -12.235015 -278.093994
vn 0.000000 0.000000 1.000000
v -3.925508 -9.907346 -278.093994
vn 0.000000 0.000000 1.000000
v -53.367619 24.812977 -278.093994
vn 0.000000 0.000000 1.000000
v -51.392521 50.385868 -278.093994
vn 0.000000 0.000000 1.000000
v -3.932633 66.021370 -278.093994
vn 0.000000 0.000000 1.000000
v -53.367634 -12.236937 -278.093994
vn 0.000000 0.000000 1.000000
v 46.156651 50.394459 -278.093994
vn 0.000000 0.000000 1.000000
v -5.793916 -12.706821 -131.756470
vn 0.674524 -0.738253 0.000000
v -5.793920 -12.706823 30.296143
vn 0.674524 -0.738253 0.000000
v 0.787570 -10.961332 30.296143
vn -0.034122 -0.999418 -0.000000
v 0.787573 -10.961330 -131.756470
vn -0.034122 -0.999418 -0.000000
v 7.369063 -13.197290 -131.756470
vn -0.697419 -0.716663 -0.000000
v 7.369060 -13.197292 30.296143
vn -0.697419 -0.716663 -0.000000
v 9.562892 -19.120432 30.296143
vn -0.999996 0.002737 -0.000000
v 9.562895 -19.120426 -131.756470
vn -0.999996 0.002737 -0.000000
v -5.793916 -24.847382 -131.756470
vn 0.691490 0.722386 0.000000
v -5.793920 -24.847387 30.296143
vn 0.691490 0.722386 0.000000
v -7.987752 -18.728060 30.296143
vn 0.999997 -0.002583 0.000000
v -7.987748 -18.728054 -131.756470
vn 0.999997 -0.002583 0.000000
v 7.369063 -24.945473 -131.756470
vn -0.680720 0.732544 0.000000
v 7.369060 -24.945478 30.296143
vn -0.680720 0.732544 0.000000
v 0.787570 -26.887163 30.296143
vn 0.006827 0.999977 0.000000
v 0.787573 -26.887157 -131.756470
vn 0.006827 0.999977 0.000000
v -5.793916 -12.706821 -450.012207
vn 0.674524 -0.738253 -0.000000
v -5.793920 -12.706823 -287.959595
vn 0.674524 -0.738253 -0.000000
v 0.787570 -10.961332 -287.959595
vn -0.034122 -0.999418 -0.000000
v 0.787573 -10.961330 -450.012207
vn -0.034122 -0.999418 -0.000000
v 7.369063 -13.197290 -450.012207
vn -0.697419 -0.716664 -0.000000
v 7.369059 -13.197292 -287.959595
vn -0.697419 -0.716664 -0.000000
v 9.562893 -19.120432 -287.959595
vn -0.999996 0.002737 -0.000000
v 9.562896 -19.120426 -450.012207
vn -0.999996 0.002737 -0.000000
v -5.793916 -24.847382 -450.012207
vn 0.691490 0.722386 0.000000
v -5.793920 -24.847387 -287.959595
vn 0.691490 0.722386 0.000000
v -7.987752 -18.728060 -287.959595
vn 0.999997 -0.002583 0.000000
v -7.987749 -18.728054 -450.012207
vn 0.999997 -0.002583 0.000000
v 7.369063 -24.945473 -450.012207
vn -0.680720 0.732544 0.000000
v 7.369059 -24.945478 -287.959595
vn -0.680720 0.732544 0.000000
v 0.787570 -26.887163 -287.959595
vn 0.006827 0.999977 0.000000
v 0.787573 -26.887157 -450.012207
vn 0.006827 0.999977 0.000000
v -5.793916 -12.706820 212.079956
vn 0.674524 -0.738253 -0.000000
v -5.793920 -12.706823 50.027344
vn 0.674524 -0.738253 -0.000000
v -7.987752 -18.728060 50.027344
vn 0.999997 -0.002583 -0.000000
v -7.987748 -18.728056 212.079956
vn 0.999997 -0.002583 -0.000000
v 7.369063 -13.197289 212.079956
vn -0.697419 -0.716663 0.000000
v 7.369060 -13.197292 50.027344
vn -0.697419 -0.716663 0.000000
v 0.787570 -10.961332 50.027344
vn -0.034122 -0.999418 0.000000
v 0.787573 -10.961329 212.079956
vn -0.034122 -0.999418 0.000000
v -5.793916 -24.847383 212.079956
vn 0.691490 0.722386 -0.000000
v -5.793920 -24.847387 50.027344
vn 0.691490 0.722386 -0.000000
v 0.787570 -26.887163 50.027344
vn 0.006827 0.999977 -0.000000
v 0.787573 -26.887159 212.079956
vn 0.006827 0.999977 -0.000000
v 7.369063 -24.945475 212.079956
vn -0.680720 0.732544 -0.000000
v 7.369060 -24.945478 50.027344
vn -0.680720 0.732544 -0.000000
v 9.562892 -19.120432 50.027344
vn -0.999996 0.002737 0.000000
v 9.562895 -19.120428 212.079956
vn -0.999996 0.002737 0.000000
v -5.793916 -12.706820 -106.175781
vn 0.674524 -0.738253 -0.000000
v -5.793920 -12.706823 -268.228394
vn 0.674524 -0.738253 -0.000000
v -7.987752 -18.728060 -268.228394
vn 0.999997 -0.002583 -0.000000
v -7.987749 -18.728056 -106.175781
vn 0.999997 -0.002583 -0.000000
v 7.369063 -13.197289 -106.175781
vn -0.697419 -0.716663 0.000000
v 7.369059 -13.197292 -268.228394
vn -0.697419 -0.716663 0.000000
v 0.787570 -10.961332 -268.228394
vn -0.034122 -0.999418 0.000000
v 0.787573 -10.961329 -106.175781
vn -0.034122 -0.999418 0.000000
v -5.793916 -24.847383 -106.175781
vn 0.691490 0.722386 -0.000000
v -5.793920 -24.847387 -268.228394
vn 0.691490 0.722386 -0.000000
v 0.787570 -26.887163 -268.228394
vn 0.006827 0.999977 -0.000000
v 0.787573 -26.887159 -106.175781
vn 0.006827 0.999977 -0.000000
v 7.369063 -24.945475 -106.175781
vn -0.680720 0.732544 -0.000000
v 7.369059 -24.945478 -268.228394
vn -0.680720 0.732544 -0.000000
v 9.562892 -19.120432 -268.228394
vn -0.999996 0.002737 0.000000
v 9.562895 -19.120428 -106.175781
vn -0.999996 0.002737 0.000000
v -16.133249 -25.163237 -134.131104
vn 0.674524 -0.738253 -0.000000
v -16.133253 -25.163242 27.921509
vn 0.674524 -0.738253 -0.000000
v -13.870816 -24.563215 27.921509
vn -0.034121 -0.999418 -0.000000
v -13.870813 -24.563210 -134.131104
vn -0.034121 -0.999418 -0.000000
v -11.608374 -25.331839 -134.131104
vn -0.697419 -0.716664 -0.000000
v -11.608377 -25.331844 27.921509
vn -0.697419 -0.716664 -0.000000
v -10.854230 -27.367970 27.921509
vn -0.999996 0.002737 -0.000000
v -10.854227 -27.367964 -134.131104
vn -0.999996 0.002737 -0.000000
v -16.133249 -29.336651 -134.131104
vn 0.691490 0.722386 0.000000
v -16.133253 -29.336657 27.921509
vn 0.691490 0.722386 0.000000
v -16.887400 -27.233089 27.921509
vn 0.999997 -0.002583 0.000000
v -16.887396 -27.233084 -134.131104
vn 0.999997 -0.002583 0.000000
v -11.608374 -29.370371 -134.131104
vn -0.680720 0.732544 0.000000
v -11.608377 -29.370377 27.921509
vn -0.680720 0.732544 0.000000
v -13.870816 -30.037846 27.921509
vn 0.006827 0.999977 0.000000
v -13.870813 -30.037840 -134.131104
vn 0.006827 0.999977 0.000000
v -16.133249 -25.163237 -452.386841
vn 0.674524 -0.738253 -0.000000
v -16.133253 -25.163242 -290.334229
vn 0.674524 -0.738253 -0.000000
v -13.870815 -24.563215 -290.334229
vn -0.034121 -0.999418 -0.000000
v -13.870812 -24.563210 -452.386841
vn -0.034121 -0.999418 -0.000000
v -11.608373 -25.331839 -452.386841
vn -0.697419 -0.716663 -0.000000
v -11.608376 -25.331844 -290.334229
vn -0.697419 -0.716663 -0.000000
v -10.854229 -27.367970 -290.334229
vn -0.999996 0.002737 -0.000000
v -10.854226 -27.367964 -452.386841
vn -0.999996 0.002737 -0.000000
v -16.133249 -29.336651 -452.386841
vn 0.691490 0.722386 0.000000
v -16.133253 -29.336657 -290.334229
vn 0.691490 0.722386 0.000000
v -16.887400 -27.233089 -290.334229
vn 0.999997 -0.002583 0.000000
v -16.887396 -27.233084 -452.386841
vn 0.999997 -0.002583 0.000000
v -11.608373 -29.370371 -452.386841
vn -0.680720 0.732544 0.000000
v -11.608376 -29.370377 -290.334229
vn -0.680720 0.732544 0.000000
v -13.870815 -30.037846 -290.334229
vn 0.006827 0.999977 0.000000
v -13.870812 -30.037840 -452.386841
vn 0.006827 0.999977 0.000000
v -16.133251 -25.163239 214.454590
vn 0.674524 -0.738253 0.000000
v -16.133255 -25.163242 52.401978
vn 0.674524 -0.738253 0.000000
v -16.887402 -27.233089 52.401978
vn 0.999997 -0.002583 -0.000000
v -16.887398 -27.233086 214.454590
vn 0.999997 -0.002583 -0.000000
v -11.608374 -25.331841 214.454590
vn -0.697419 -0.716664 0.000000
v -11.608377 -25.331844 52.401978
vn -0.697419 -0.716664 0.000000
v -13.870816 -24.563215 52.401978
vn -0.034122 -0.999418 0.000000
v -13.870813 -24.563211 214.454590
vn -0.034122 -0.999418 0.000000
v -16.133251 -29.336653 214.454590
vn 0.691490 0.722386 -0.000000
v -16.133255 -29.336657 52.401978
vn 0.691490 0.722386 -0.000000
v -13.870816 -30.037846 52.401978
vn 0.006827 0.999977 -0.000000
v -13.870813 -30.037842 214.454590
vn 0.006827 0.999977 -0.000000
v -11.608374 -29.370373 214.454590
vn -0.680720 0.732544 -0.000000
v -11.608377 -29.370377 52.401978
vn -0.680720 0.732544 -0.000000
v -10.854230 -27.367970 52.401978
vn -0.999996 0.002737 0.000000
v -10.854227 -27.367966 214.454590
vn -0.999996 0.002737 0.000000
v -16.133249 -25.163239 -103.801147
vn 0.674524 -0.738253 -0.000000
v -16.133255 -25.163242 -265.853760
vn 0.674524 -0.738253 -0.000000
v -16.887402 -27.233089 -265.853760
vn 0.999997 -0.002583 -0.000000
v -16.887396 -27.233086 -103.801147
vn 0.999997 -0.002583 -0.000000
v -11.608374 -25.331841 -103.801147
vn -0.697419 -0.716664 0.000000
v -11.608377 -25.331844 -265.853760
vn -0.697419 -0.716664 0.000000
v -13.870816 -24.563215 -265.853760
vn -0.034122 -0.999418 0.000000
v -13.870813 -24.563211 -103.801147
vn -0.034122 -0.999418 0.000000
v -16.133249 -29.336653 -103.801147
vn 0.691490 0.722386 -0.000000
v -16.133255 -29.336657 -265.853760
vn 0.691490 0.722386 -0.000000
v -13.870816 -30.037846 -265.853760
vn 0.006827 0.999977 -0.000000
v -13.870813 -30.037842 -103.801147
vn 0.006827 0.999977 -0.000000
v -11.608374 -29.370373 -103.801147
vn -0.680720 0.732544 -0.000000
v -11.608377 -29.370377 -265.853760
vn -0.680720 0.732544 -0.000000
v -10.854230 -27.367970 -265.853760
vn -0.999996 0.002737 0.000000
v -10.854227 -27.367966 -103.801147
vn -0.999996 0.002737 0.000000
v 16.898563 -10.173996 -131.756470
vn 0.674524 -0.738253 0.000000
v 16.898560 -10.173998 30.296143
vn 0.674524 -0.738253 0.000000
v 21.728003 -8.893169 30.296143
vn -0.034122 -0.999418 -0.000000
v 21.728006 -8.893167 -131.756470
vn -0.034122 -0.999418 -0.000000
v 26.557449 -10.533897 -131.756470
vn -0.697419 -0.716663 -0.000000
v 26.557446 -10.533899 30.296143
vn -0.697419 -0.716663 -0.000000
v 28.167261 -14.880251 30.296143
vn -0.999996 0.002737 -0.000000
v 28.167265 -14.880249 -131.756470
vn -0.999996 0.002737 -0.000000
v 16.898563 -19.082638 -131.756470
vn 0.691490 0.722386 0.000000
v 16.898560 -19.082644 30.296143
vn 0.691490 0.722386 0.000000
v 15.288742 -14.592329 30.296143
vn 0.999997 -0.002583 0.000000
v 15.288745 -14.592327 -131.756470
vn 0.999997 -0.002583 0.000000
v 26.557449 -19.154617 -131.756470
vn -0.680720 0.732544 0.000000
v 26.557446 -19.154623 30.296143
vn -0.680720 0.732544 0.000000
v 21.728003 -20.579412 30.296143
vn 0.006827 0.999977 0.000000
v 21.728006 -20.579407 -131.756470
vn 0.006827 0.999977 0.000000
v 16.898563 -10.173996 -450.012207
vn 0.674524 -0.738253 0.000000
v 16.898558 -10.173998 -287.959595
vn 0.674524 -0.738253 0.000000
v 21.728001 -8.893169 -287.959595
vn -0.034122 -0.999418 -0.000000
v 21.728006 -8.893167 -450.012207
vn -0.034122 -0.999418 -0.000000
v 26.557449 -10.533897 -450.012207
vn -0.697419 -0.716663 -0.000000
v 26.557444 -10.533899 -287.959595
vn -0.697419 -0.716663 -0.000000
v 28.167259 -14.880251 -287.959595
vn -0.999996 0.002737 -0.000000
v 28.167265 -14.880249 -450.012207
vn -0.999996 0.002737 -0.000000
v 16.898563 -19.082638 -450.012207
vn 0.691490 0.722386 0.000000
v 16.898558 -19.082644 -287.959595
vn 0.691490 0.722386 0.000000
v 15.288743 -14.592329 -287.959595
vn 0.999997 -0.002583 0.000000
v 15.288746 -14.592327 -450.012207
vn 0.999997 -0.002583 0.000000
v 26.557449 -19.154617 -450.012207
vn -0.680720 0.732544 -0.000000
v 26.557444 -19.154623 -287.959595
vn -0.680720 0.732544 -0.000000
v 21.728001 -20.579412 -287.959595
vn 0.006827 0.999977 0.000000
v 21.728006 -20.579407 -450.012207
vn 0.006827 0.999977 0.000000
v 16.898561 -10.173995 212.079956
vn 0.674524 -0.738253 -0.000000
v 16.898558 -10.173998 50.027344
vn 0.674524 -0.738253 -0.000000
v 15.288742 -14.592329 50.027344
vn 0.999997 -0.002583 -0.000000
v 15.288745 -14.592326 212.079956
vn 0.999997 -0.002583 -0.000000
v 26.557447 -10.533896 212.079956
vn -0.697419 -0.716663 0.000000
v 26.557444 -10.533899 50.027344
vn -0.697419 -0.716663 0.000000
v 21.728001 -8.893169 50.027344
vn -0.034122 -0.999418 0.000000
v 21.728004 -8.893167 212.079956
vn -0.034122 -0.999418 0.000000
v 16.898561 -19.082640 212.079956
vn 0.691490 0.722386 -0.000000
v 16.898558 -19.082644 50.027344
vn 0.691490 0.722386 -0.000000
v 21.728001 -20.579412 50.027344
vn 0.006827 0.999977 -0.000000
v 21.728004 -20.579409 212.079956
vn 0.006827 0.999977 -0.000000
v 26.557447 -19.154619 212.079956
vn -0.680720 0.732544 -0.000000
v 26.557444 -19.154623 50.027344
vn -0.680720 0.732544 -0.000000
v 28.167259 -14.880251 50.027344
vn -0.999996 0.002737 0.000000
v 28.167263 -14.880248 212.079956
vn -0.999996 0.002737 0.000000
v 16.898563 -10.173995 -106.175781
vn 0.674524 -0.738253 -0.000000
v 16.898558 -10.173998 -268.228394
vn 0.674524 -0.738253 -0.000000
v 15.288742 -14.592329 -268.228394
vn 0.999997 -0.002583 -0.000000
v 15.288745 -14.592326 -106.175781
vn 0.999997 -0.002583 -0.000000
v 26.557449 -10.533896 -106.175781
vn -0.697419 -0.716663 0.000000
v 26.557444 -10.533899 -268.228394
vn -0.697419 -0.716663 0.000000
v 21.728001 -8.893169 -268.228394
vn -0.034122 -0.999418 0.000000
v 21.728006 -8.893167 -106.175781
vn -0.034122 -0.999418 0.000000
v 16.898563 -19.082640 -106.175781
vn 0.691490 0.722386 -0.000000
v 16.898558 -19.082644 -268.228394
vn 0.691490 0.722386 -0.000000
v 21.728001 -20.579412 -268.228394
vn 0.006827 0.999977 -0.000000
v 21.728006 -20.579409 -106.175781
vn 0.006827 0.999977 -0.000000
v 26.557449 -19.154619 -106.175781
vn -0.680720 0.732544 0.000000
v 26.557444 -19.154623 -268.228394
vn -0.680720 0.732544 0.000000
v 28.167259 -14.880251 -268.228394
vn -0.999996 0.002737 0.000000
v 28.167265 -14.880248 -106.175781
vn -0.999996 0.002737 0.000000
v -31.264706 -10.173996 -131.756470
vn 0.674524 -0.738253 0.000000
v -31.264709 -10.173998 30.296143
vn 0.674524 -0.738253 0.000000
v -26.435266 -8.893169 30.296143
vn -0.034122 -0.999418 -0.000000
v -26.435263 -8.893167 -131.756470
vn -0.034122 -0.999418 -0.000000
v -21.605820 -10.533897 -131.756470
vn -0.697419 -0.716663 -0.000000
v -21.605824 -10.533899 30.296143
vn -0.697419 -0.716663 -0.000000
v -19.996008 -14.880251 30.296143
vn -0.999996 0.002737 -0.000000
v -19.996004 -14.880249 -131.756470
vn -0.999996 0.002737 -0.000000
v -31.264706 -19.082638 -131.756470
vn 0.691490 0.722386 0.000000
v -31.264709 -19.082644 30.296143
vn 0.691490 0.722386 0.000000
v -32.874527 -14.592329 30.296143
vn 0.999997 -0.002583 0.000000
v -32.874523 -14.592327 -131.756470
vn 0.999997 -0.002583 0.000000
v -21.605820 -19.154617 -131.756470
vn -0.680720 0.732544 0.000000
v -21.605824 -19.154623 30.296143
vn -0.680720 0.732544 0.000000
v -26.435266 -20.579412 30.296143
vn 0.006827 0.999977 0.000000
v -26.435263 -20.579407 -131.756470
vn 0.006827 0.999977 0.000000
v -31.264706 -10.173996 -450.012207
vn 0.674524 -0.738253 0.000000
v -31.264711 -10.173998 -287.959595
vn 0.674524 -0.738253 0.000000
v -26.435268 -8.893169 -287.959595
vn -0.034122 -0.999418 -0.000000
v -26.435263 -8.893167 -450.012207
vn -0.034122 -0.999418 -0.000000
v -21.605820 -10.533897 -450.012207
vn -0.697419 -0.716663 -0.000000
v -21.605825 -10.533899 -287.959595
vn -0.697419 -0.716663 -0.000000
v -19.996010 -14.880251 -287.959595
vn -0.999996 0.002737 -0.000000
v -19.996004 -14.880249 -450.012207
vn -0.999996 0.002737 -0.000000
v -31.264706 -19.082638 -450.012207
vn 0.691490 0.722386 0.000000
v -31.264711 -19.082644 -287.959595
vn 0.691490 0.722386 0.000000
v -32.874527 -14.592329 -287.959595
vn 0.999997 -0.002583 0.000000
v -32.874523 -14.592327 -450.012207
vn 0.999997 -0.002583 0.000000
v -21.605820 -19.154617 -450.012207
vn -0.680720 0.732544 -0.000000
v -21.605825 -19.154623 -287.959595
vn -0.680720 0.732544 -0.000000
v -26.435268 -20.579412 -287.959595
vn 0.006827 0.999977 0.000000
v -26.435263 -20.579407 -450.012207
vn 0.006827 0.999977 0.000000
v -31.264708 -10.173995 212.079956
vn 0.674524 -0.738253 -0.000000
v -31.264711 -10.173998 50.027344
vn 0.674524 -0.738253 -0.000000
v -32.874527 -14.592329 50.027344
vn 0.999997 -0.002583 -0.000000
v -32.874523 -14.592326 212.079956
vn 0.999997 -0.002583 -0.000000
v -21.605822 -10.533896 212.079956
vn -0.697419 -0.716663 0.000000
v -21.605825 -10.533899 50.027344
vn -0.697419 -0.716663 0.000000
v -26.435268 -8.893169 50.027344
vn -0.034122 -0.999418 0.000000
v -26.435265 -8.893167 212.079956
vn -0.034122 -0.999418 0.000000
v -31.264708 -19.082640 212.079956
vn 0.691490 0.722386 -0.000000
v -31.264711 -19.082644 50.027344
vn 0.691490 0.722386 -0.000000
v -26.435268 -20.579412 50.027344
vn 0.006827 0.999977 -0.000000
v -26.435265 -20.579409 212.079956
vn 0.006827 0.999977 -0.000000
v -21.605822 -19.154619 212.079956
vn -0.680720 0.732544 -0.000000
v -21.605825 -19.154623 50.027344
vn -0.680720 0.732544 -0.000000
v -19.996010 -14.880251 50.027344
vn -0.999996 0.002737 0.000000
v -19.996006 -14.880248 212.079956
vn -0.999996 0.002737 0.000000
v -31.264706 -10.173995 -106.175781
vn 0.674524 -0.738253 -0.000000
v -31.264711 -10.173998 -268.228394
vn 0.674524 -0.738253 -0.000000
v -32.874527 -14.592329 -268.228394
vn 0.999997 -0.002583 -0.000000
v -32.874523 -14.592326 -106.175781
vn 0.999997 -0.002583 -0.000000
v -21.605820 -10.533896 -106.175781
vn -0.697419 -0.716663 0.000000
v -21.605825 -10.533899 -268.228394
vn -0.697419 -0.716663 0.000000
v -26.435268 -8.893169 -268.228394
vn -0.034122 -0.999418 0.000000
v -26.435263 -8.893167 -106.175781
vn -0.034122 -0.999418 0.000000
v -31.264706 -19.082640 -106.175781
vn 0.691490 0.722386 -0.000000
v -31.264711 -19.082644 -268.228394
vn 0.691490 0.722386 -0.000000
v -26.435268 -20.579412 -268.228394
vn 0.006827 0.999977 -0.000000
v -26.435263 -20.579409 -106.175781
vn 0.006827 0.999977 -0.000000
v -21.605820 -19.154619 -106.175781
vn -0.680720 0.732544 0.000000
v -21.605825 -19.154623 -268.228394
vn -0.680720 0.732544 0.000000
v -19.996010 -14.880251 -268.228394
vn -0.999996 0.002737 0.000000
v -19.996004 -14.880248 -106.175781
vn -0.999996 0.002737 0.000000
v -52.066307 41.661854 68.513123
vn 0.705007 -0.054450 0.707107
v -51.392521 50.385872 59.763123
vn 0.997031 -0.077005 -0.000000
v -53.367615 24.812975 59.763123
vn 0.999257 -0.038531 -0.000000
v -53.367615 24.812975 68.513123
vn 0.706319 -0.027235 0.707369
v -53.367622 -3.486947 68.513123
vn 0.707107 -0.000000 0.707107
v -59.867622 -3.486945 68.513123
vn 0.000000 0.000000 1.000000
v -59.867615 25.063612 68.513123
vn 0.000000 0.000000 1.000000
v -58.547005 42.162384 68.513123
vn 0.000000 0.000000 1.000000
v -53.367626 -12.236944 59.763123
vn 1.000000 -0.000000 0.000000
v -52.066307 41.661850 -249.742554
vn 0.705007 -0.054450 0.707107
v -51.392521 50.385868 -258.492554
vn 0.997031 -0.077005 -0.000000
v -53.367615 24.812975 -258.492554
vn 0.999257 -0.038531 -0.000000
v -53.367615 24.812975 -249.742554
vn 0.706319 -0.027235 0.707369
v -53.367622 -3.486947 -249.742554
vn 0.707107 -0.000000 0.707107
v -59.867622 -3.486946 -249.742554
vn 0.000000 0.000000 1.000000
v -59.867615 25.063612 -249.742554
vn 0.000000 0.000000 1.000000
v -58.547005 42.162380 -249.742554
vn 0.000000 0.000000 1.000000
v -53.367626 -12.236943 -258.492554
vn 1.000000 -0.000000 0.000000
v -52.066307 41.661854 11.810364
vn 0.705007 -0.054450 -0.707107
v -58.547005 42.162384 11.810364
vn 0.000000 0.000000 -1.000000
v -59.867615 25.063610 11.810364
vn 0.000000 0.000000 -1.000000
v -53.367615 24.812973 11.810364
vn 0.706319 -0.027235 -0.707369
v -53.367622 -3.486947 11.810364
vn 0.707107 -0.000000 -0.707107
v -53.367626 -12.236944 20.560364
vn 1.000000 -0.000000 0.000000
v -53.367615 24.812973 20.560364
vn 0.999257 -0.038531 0.000000
v -59.867622 -3.486945 11.810364
vn 0.000000 0.000000 -1.000000
v -51.392521 50.385872 20.560364
vn 0.997031 -0.077005 0.000000
v -52.066307 41.661850 -306.445435
vn 0.705007 -0.054450 -0.707107
v -58.547005 42.162380 -306.445435
vn 0.000000 0.000000 -1.000000
v -59.867615 25.063610 -306.445435
vn 0.000000 0.000000 -1.000000
v -53.367615 24.812973 -306.445435
vn 0.706319 -0.027235 -0.707369
v -53.367622 -3.486947 -306.445435
vn 0.707107 -0.000000 -0.707107
v -53.367626 -12.236943 -297.695435
vn 1.000000 -0.000000 0.000000
v -53.367615 24.812973 -297.695435
vn 0.999257 -0.038531 0.000000
v -59.867622 -3.486946 -306.445435
vn 0.000000 0.000000 -1.000000
v -51.392521 50.385868 -297.695435
vn 0.997031 -0.077005 0.000000
v 48.132404 -12.235029 20.560425
vn -1.000000 -0.000000 -0.000000
v 48.132404 -3.485033 11.810425
vn -1.000000 -0.000000 -0.000000
v 48.132397 16.062986 11.810364
vn -1.000000 -0.000000 -0.000000
v 48.132397 24.812986 20.560364
vn -1.000000 -0.000000 -0.000000
v 48.132404 -12.235028 -297.695312
vn -1.000000 -0.000000 -0.000000
v 48.132404 -3.485033 -306.445312
vn -1.000000 -0.000000 -0.000000
v 48.132397 16.062986 -306.445435
vn -1.000000 -0.000000 -0.000000
v 48.132397 24.812986 -297.695435
vn -1.000000 -0.000000 -0.000000
v 48.132397 24.812988 59.763123
vn -1.000000 -0.000000 -0.000000
v 48.132397 16.062988 68.513123
vn -1.000000 -0.000000 -0.000000
v 48.132404 -3.485033 68.513062
vn -1.000000 -0.000000 -0.000000
v 48.132404 -12.235029 59.763062
vn -1.000000 -0.000000 -0.000000
v 48.132397 24.812988 -258.492554
vn -1.000000 -0.000000 -0.000000
v 48.132397 16.062988 -249.742554
vn -1.000000 -0.000000 -0.000000
v 48.132404 -3.485033 -249.742676
vn -1.000000 -0.000000 -0.000000
v 48.132404 -12.235028 -258.492676
vn -1.000000 -0.000000 -0.000000
v -3.926403 33.960838 40.161743
vn 0.000000 0.000000 -1.000000
v -53.367619 24.812977 40.161743
vn 0.000000 0.000000 -1.000000
v -53.367634 -12.236937 40.161743
vn 0.000000 0.000000 -1.000000
v -3.925508 -9.907346 40.161743
vn 0.000000 0.000000 -1.000000
v -3.926403 33.960835 -278.093994
vn 0.000000 0.000000 -1.000000
v -53.367619 24.812977 -278.093994
vn 0.000000 0.000000 -1.000000
v -53.367634 -12.236937 -278.093994
vn 0.000000 0.000000 -1.000000
v -3.925508 -9.907346 -278.093994
vn 0.000000 0.000000 -1.000000
v -3.926403 33.960838 40.161743
vn 0.000000 0.000000 -1.000000
v 48.132397 24.812994 40.161743
vn 0.000000 0.000000 -1.000000
v 46.156651 50.394463 40.161743
vn 0.000000 0.000000 -1.000000
v -3.932633 66.021347 40.161743
vn 0.000000 0.000000 -1.000000
v -3.926403 33.960835 -278.093994
vn 0.000000 0.000000 -1.000000
v 48.132397 24.812994 -278.093994
vn 0.000000 0.000000 -1.000000
v 46.156651 50.394459 -278.093994
vn 0.000000 0.000000 -1.000000
v -3.932633 66.021370 -278.093994
vn 0.000000 0.000000 -1.000000
v -3.925508 -9.907346 40.161743
vn 0.000000 0.000000 -1.000000
v 48.132404 -12.235015 40.161743
vn 0.000000 0.000000 -1.000000
v 48.132397 24.812994 40.161743
vn 0.000000 0.000000 -1.000000
v -3.926403 33.960838 40.161743
vn 0.000000 0.000000 -1.000000
v -3.925508 -9.907346 -278.093994
vn 0.000000 0.000000 -1.000000
v 48.132404 -12.235015 -278.093994
vn 0.000000 0.000000 -1.000000
v 48.132397 24.812994 -278.093994
vn 0.000000 0.000000 -1.000000
v -3.926403 33.960835 -278.093994
vn 0.000000 0.000000 -1.000000
v -3.932633 66.021347 40.161743
vn 0.000000 0.000000 -1.000000
v -51.392521 50.385872 40.161743
vn 0.000000 0.000000 -1.000000
v -53.367619 24.812977 40.161743
vn 0.000000 0.000000 -1.000000
v -3.926403 33.960838 40.161743
vn 0.000000 0.000000 -1.000000
vt 0.873144 0.466295
vt 0.863439 0.457705
vt 0.865865 0.464365
f 4324/8341/4324 4323/8342/4323 4325/8343/4325
vt 0.882850 0.457271
vt 0.873144 0.457488
vt 0.880423 0.463822
f 4328/8344/4328 4322/8345/4322 4321/8346/4321
vt 0.534721 0.410479
vt 0.579287 0.432990
vt 0.555982 0.451165
f 4330/8347/4330 4331/8348/4331 4332/8349/4332
vt 0.534721 0.410479
vt 0.560032 0.375973
vt 0.563572 0.377448
f 4330/8350/4330 4333/8351/4333 4334/8352/4334
vt 0.534721 0.410479
vt 0.488882 0.468291
vt 0.487592 0.467851
f 4330/8353/4330 4335/8354/4335 4336/8355/4336
vt 0.835557 0.015723
vt 0.853339 0.039617
vt 0.851997 0.010069
f 4337/8356/4337 4338/8357/4338 4339/8358/4339
vt 0.575924 0.354550
vt 0.583938 0.381648
vt 0.563572 0.377448
f 4340/8359/4340 4341/8360/4341 4334/8361/4334
vt 0.835557 0.015723
vt 0.834247 0.041312
vt 0.837904 0.040615
f 4337/8362/4337 4342/8363/4342 4343/8364/4343
vt 0.428440 0.503751
vt 0.482460 0.465854
vt 0.487592 0.467851
f 4344/8365/4344 4345/8366/4345 4336/8367/4336
vt 0.428440 0.503751
vt 0.412794 0.458611
vt 0.414218 0.455653
f 4344/8368/4344 4346/8369/4346 4347/8370/4347
vt 0.752254 0.215185
vt 0.767341 0.232627
vt 0.768906 0.230663
f 4348/8371/4348 4349/8372/4349 4350/8373/4350
vt 0.364742 0.261598
vt 0.391783 0.310477
vt 0.387292 0.311199
f 4351/8374/4351 4352/8375/4352 4353/8376/4353
vt 0.608711 0.463886
vt 0.579287 0.432990
vt 0.608711 0.439571
f 4354/8377/4354 4331/8378/4331 4355/8379/4355
vt 0.608711 0.463886
vt 0.553909 0.452020
vt 0.555982 0.451165
f 4354/8380/4354 4356/8381/4356 4332/8382/4332
vt 0.608711 0.463886
vt 0.661440 0.451165
vt 0.608711 0.464580
f 4354/8383/4354 4357/8384/4357 4358/8385/4358
vt 0.870785 0.009139
vt 0.851997 0.010069
vt 0.870785 0.039617
f 4365/8386/4365 4339/8387/4339 4362/8388/4362
vt 0.608711 0.355935
vt 0.608711 0.382659
vt 0.591824 0.355683
f 4366/8389/4366 4367/8390/4367 4368/8391/4368
vt 0.870785 0.009139
vt 0.888231 0.039617
vt 0.889573 0.010069
f 4365/8392/4365 4361/8393/4361 4369/8394/4369
vt 0.608711 0.355935
vt 0.633483 0.381648
vt 0.608711 0.382659
f 4366/8395/4366 4370/8396/4370 4367/8397/4367
vt 0.231550 0.248574
vt 0.234201 0.297584
vt 0.231550 0.297579
f 4371/8398/4371 4372/8399/4372 4373/8400/4373
vt 0.870785 0.269081
vt 0.886592 0.255898
vt 0.870785 0.254420
f 4374/8401/4374 4375/8402/4375 4376/8403/4376
vt 0.870785 0.269081
vt 0.899033 0.273127
vt 0.897351 0.274343
f 4374/8404/4374 4377/8405/4377 4378/8406/4378
vt 0.231550 0.436896
vt 0.235395 0.479193
vt 0.231550 0.479332
f 4379/8407/4379 4380/8408/4380 4381/8409/4381
vt 0.231550 0.436896
vt 0.228956 0.393164
vt 0.231550 0.393200
f 4379/8410/4379 4382/8411/4382 4383/8412/4383
vt 0.870785 0.229305
vt 0.854978 0.255898
vt 0.870785 0.254420
f 4384/8413/4384 4385/8414/4385 4376/8415/4376
vt 0.870785 0.229305
vt 0.886593 0.204782
vt 0.870785 0.200179
f 4384/8416/4384 4386/8417/4386 4387/8418/4387
vt 0.870785 0.166805
vt 0.907229 0.162639
vt 0.870785 0.155188
f 4388/8419/4388 4393/8420/4393 4394/8421/4394
vt 0.830246 0.074398
vt 0.851727 0.066073
vt 0.837904 0.040615
f 4397/8422/4397 4398/8423/4398 4343/8424/4343
vt 0.830246 0.074398
vt 0.852128 0.077822
vt 0.851727 0.066073
f 4397/8425/4397 4399/8426/4399 4398/8427/4398
vt 0.830246 0.074398
vt 0.807322 0.113379
vt 0.811721 0.114472
f 4397/8428/4397 4400/8429/4400 4401/8430/4401
vt 0.804801 0.153822
vt 0.818515 0.115889
vt 0.811721 0.114472
f 4402/8431/4402 4405/8432/4405 4401/8433/4401
vt 0.804801 0.153822
vt 0.797982 0.172280
vt 0.802300 0.177060
f 4402/8434/4402 4406/8435/4406 4407/8436/4407
vt 0.789427 0.270672
vt 0.781920 0.250521
vt 0.779665 0.274345
f 4408/8437/4408 4409/8438/4409 4410/8439/4410
vt 0.789427 0.270672
vt 0.811942 0.280492
vt 0.811935 0.277390
f 4408/8440/4408 4411/8441/4411 4412/8442/4412
vt 0.813311 0.470810
vt 0.810086 0.452177
vt 0.805738 0.454307
f 4413/8443/4413 4414/8444/4414 4415/8445/4415
vt 0.784032 0.188300
vt 0.790430 0.183230
vt 0.772678 0.183700
f 4416/8446/4416 4417/8447/4417 4418/8448/4418
vt 0.807869 0.405423
vt 0.816449 0.404021
vt 0.814323 0.401624
f 4421/8449/4421 4422/8450/4422 4423/8451/4423
vt 0.781913 0.225320
vt 0.768906 0.255906
vt 0.781920 0.250521
f 4424/8452/4424 4425/8453/4425 4409/8454/4409
vt 0.805732 0.433963
vt 0.810028 0.417575
vt 0.805724 0.416936
f 4426/8455/4426 4427/8456/4427 4428/8457/4428
vt 0.834446 0.270667
vt 0.854978 0.255898
vt 0.841958 0.250494
f 4429/8458/4429 4385/8459/4385 4430/8460/4430
vt 0.858722 0.470824
vt 0.835996 0.473201
vt 0.836016 0.476311
f 4431/8461/4431 4432/8462/4432 4433/8463/4433
vt 0.841971 0.225401
vt 0.841958 0.250494
vt 0.854977 0.230821
f 4434/8464/4434 4430/8465/4430 4435/8466/4435
vt 0.841971 0.225401
vt 0.854977 0.204782
vt 0.841983 0.203917
f 4434/8467/4434 4390/8468/4390 4436/8469/4436
vt 0.866313 0.434034
vt 0.861934 0.452207
vt 0.866300 0.454358
f 4437/8470/4437 4438/8471/4438 4439/8472/4439
vt 0.836612 0.189029
vt 0.841983 0.203917
vt 0.847990 0.184720
f 4440/8473/4440 4436/8474/4436 4389/8475/4389
vt 0.836612 0.189029
vt 0.827031 0.177574
vt 0.820478 0.183720
f 4440/8476/4440 4403/8477/4403 4445/8478/4445
vt 0.835797 0.082208
vt 0.853211 0.073501
vt 0.833617 0.087340
f 4461/8479/4461 4462/8480/4462 4463/8481/4463
vt 0.835797 0.082208
vt 0.818515 0.115889
vt 0.821822 0.108325
f 4461/8482/4461 4405/8483/4405 4468/8484/4468
vt 0.820477 0.134632
vt 0.821822 0.108325
vt 0.816869 0.144644
f 4469/8485/4469 4468/8486/4468 4404/8487/4404
vt 0.820477 0.134632
vt 0.838730 0.154777
vt 0.840954 0.143915
f 4469/8488/4469 4391/8489/4391 4454/8490/4454
vt 0.817861 0.462403
vt 0.814440 0.443610
vt 0.811153 0.449269
f 4480/8491/4480 4478/8492/4478 4481/8493/4481
vt 0.817861 0.462403
vt 0.835996 0.473201
vt 0.836811 0.466789
f 4480/8494/4480 4432/8495/4432 4482/8496/4482
vt 0.812846 0.409183
vt 0.810028 0.417575
vt 0.811597 0.416429
f 4483/8497/4483 4427/8498/4427 4484/8499/4484
vt 0.811521 0.431425
vt 0.811153 0.449269
vt 0.816042 0.429703
f 4485/8500/4485 4481/8501/4481 4486/8502/4486
vt 0.811521 0.431425
vt 0.816503 0.416026
vt 0.811597 0.416429
f 4485/8503/4485 4487/8504/4487 4484/8505/4484
vt 0.811521 0.431425
vt 0.810086 0.452177
vt 0.811153 0.449269
f 4485/8506/4485 4414/8507/4414 4481/8508/4481
vt 0.850761 0.463005
vt 0.839307 0.450617
vt 0.836811 0.466789
f 4488/8509/4488 4475/8510/4475 4482/8511/4482
vt 0.850761 0.463005
vt 0.861934 0.452207
vt 0.856287 0.451023
f 4488/8512/4488 4438/8513/4438 4489/8514/4489
vt 0.856977 0.431821
vt 0.862038 0.417513
vt 0.857245 0.416283
f 4490/8515/4490 4443/8516/4443 4492/8517/4492
vt 0.853427 0.409029
vt 0.842496 0.403935
vt 0.842576 0.406102
f 4493/8518/4493 4448/8519/4448 4494/8520/4494
vt 0.826231 0.406203
vt 0.842620 0.415921
vt 0.842576 0.406102
f 4495/8521/4495 4491/8522/4491 4494/8523/4494
vt 0.895378 0.323128
vt 0.876673 0.323116
vt 0.895378 0.342037
f 4497/8524/4497 4498/8525/4498 4499/8526/4499
vt 0.895378 0.323128
vt 0.918546 0.342037
vt 0.914082 0.323116
f 4497/8527/4497 4503/8528/4503 4501/8529/4501
vt 0.863037 0.328374
vt 0.872209 0.342037
vt 0.876673 0.323116
f 4506/8530/4506 4507/8531/4507 4498/8532/4498
vt 0.863037 0.328374
vt 0.847247 0.343423
vt 0.853598 0.342385
f 4506/8533/4506 4472/8534/4472 4508/8535/4508
vt 0.853720 0.356933
vt 0.866109 0.369110
vt 0.867689 0.361650
f 4509/8536/4509 4457/8537/4457 4510/8538/4510
vt 0.231550 0.347131
vt 0.234143 0.393164
vt 0.231550 0.393200
f 4511/8539/4511 4512/8540/4512 4383/8541/4383
vt 0.231550 0.347131
vt 0.228898 0.297584
vt 0.231550 0.297579
f 4511/8542/4511 4513/8543/4513 4373/8544/4373
vt 0.608711 0.411924
vt 0.583938 0.381648
vt 0.608711 0.382659
f 4514/8545/4514 4341/8546/4341 4367/8547/4367
vt 0.608711 0.411924
vt 0.638135 0.432990
vt 0.608711 0.439571
f 4514/8548/4514 4515/8549/4515 4355/8550/4355
vt 0.405472 0.380647
vt 0.382911 0.311970
vt 0.387292 0.311199
f 4516/8551/4516 4517/8552/4517 4353/8553/4353
vt 0.405472 0.380647
vt 0.418852 0.454923
vt 0.414218 0.455653
f 4516/8554/4516 4518/8555/4518 4347/8556/4347
vt 0.231550 0.512144
vt 0.227705 0.479193
vt 0.231550 0.479332
f 4523/8557/4523 4524/8558/4524 4381/8559/4381
vt 0.331678 0.494648
vt 0.367081 0.447127
vt 0.371226 0.448485
f 4525/8560/4525 4526/8561/4526 4527/8562/4527
vt 0.444230 0.230377
vt 0.499403 0.236622
vt 0.501938 0.238794
f 4528/8563/4528 4529/8564/4529 4522/8565/4522
vt 0.555982 0.451165
vt 0.579287 0.432990
vt 0.608711 0.463886
f 4332/8566/4332 4331/8567/4331 4354/8568/4354
vt 0.555982 0.451165
vt 0.534101 0.413999
vt 0.534721 0.410479
f 4332/8569/4332 4530/8570/4530 4330/8571/4330
vt 0.555982 0.451165
vt 0.553909 0.452020
vt 0.534101 0.413999
f 4332/8572/4332 4356/8573/4356 4530/8574/4530
vt 0.487592 0.467851
vt 0.530435 0.408710
vt 0.534721 0.410479
f 4336/8575/4336 4531/8576/4531 4330/8577/4330
vt 0.487592 0.467851
vt 0.482460 0.465854
vt 0.530435 0.408710
f 4336/8578/4336 4345/8579/4345 4531/8580/4531
vt 0.487592 0.467851
vt 0.426238 0.504462
vt 0.428440 0.503751
f 4336/8581/4336 4532/8582/4532 4344/8583/4344
vt 0.487592 0.467851
vt 0.488882 0.468291
vt 0.426238 0.504462
f 4336/8584/4336 4335/8585/4335 4532/8586/4532
vt 0.563572 0.377448
vt 0.576053 0.409015
vt 0.534721 0.410479
f 4334/8587/4334 4533/8588/4533 4330/8589/4330
vt 0.563572 0.377448
vt 0.583938 0.381648
vt 0.576053 0.409015
f 4334/8590/4334 4341/8591/4341 4533/8592/4533
vt 0.563572 0.377448
vt 0.571734 0.354582
vt 0.575924 0.354550
f 4334/8593/4334 4534/8594/4534 4340/8595/4340
vt 0.563572 0.377448
vt 0.560032 0.375973
vt 0.571734 0.354582
f 4334/8596/4334 4333/8597/4333 4534/8598/4534
vt 0.231550 0.297579
vt 0.234145 0.347128
vt 0.231550 0.347131
f 4373/8599/4373 4535/8600/4535 4511/8601/4511
vt 0.231550 0.297579
vt 0.234201 0.297584
vt 0.234145 0.347128
f 4373/8602/4373 4372/8603/4372 4535/8604/4535
vt 0.231550 0.297579
vt 0.228708 0.249960
vt 0.231550 0.248574
f 4373/8605/4373 4536/8606/4536 4371/8607/4371
vt 0.231550 0.297579
vt 0.228898 0.297584
vt 0.228708 0.249960
f 4373/8608/4373 4513/8609/4513 4536/8610/4536
vt 0.608711 0.439571
vt 0.576053 0.409015
vt 0.608711 0.411924
f 4355/8611/4355 4533/8612/4533 4514/8613/4514
vt 0.608711 0.439571
vt 0.579287 0.432990
vt 0.576053 0.409015
f 4355/8614/4355 4331/8615/4331 4533/8616/4533
vt 0.608711 0.439571
vt 0.661440 0.451165
vt 0.608711 0.463886
f 4355/8617/4355 4357/8618/4357 4354/8619/4354
vt 0.608711 0.439571
vt 0.638135 0.432990
vt 0.661440 0.451165
f 4355/8620/4355 4515/8621/4515 4357/8622/4357
vt 0.576053 0.409015
vt 0.579287 0.432990
vt 0.534721 0.410479
f 4533/8623/4533 4331/8624/4331 4330/8625/4330
vt 0.576053 0.409015
vt 0.583938 0.381648
vt 0.608711 0.411924
f 4533/8626/4533 4341/8627/4341 4514/8628/4514
vt 0.231550 0.479332
vt 0.237288 0.508988
vt 0.231550 0.512144
f 4381/8629/4381 4537/8630/4537 4523/8631/4523
vt 0.231550 0.479332
vt 0.235395 0.479193
vt 0.237288 0.508988
f 4381/8632/4381 4380/8633/4380 4537/8634/4537
vt 0.231550 0.479332
vt 0.228630 0.436819
vt 0.231550 0.436896
f 4381/8635/4381 4538/8636/4538 4379/8637/4379
vt 0.231550 0.479332
vt 0.227705 0.479193
vt 0.228630 0.436819
f 4381/8638/4381 4524/8639/4524 4538/8640/4538
vt 0.501938 0.238794
vt 0.446145 0.233942
vt 0.444230 0.230377
f 4522/8641/4522 4539/8642/4539 4528/8643/4528
vt 0.501938 0.238794
vt 0.502983 0.240694
vt 0.446145 0.233942
f 4522/8644/4522 4521/8645/4521 4539/8646/4539
vt 0.387292 0.311199
vt 0.409907 0.380142
vt 0.405472 0.380647
f 4353/8647/4353 4541/8648/4541 4516/8649/4516
vt 0.387292 0.311199
vt 0.391783 0.310477
vt 0.409907 0.380142
f 4353/8650/4353 4352/8651/4352 4541/8652/4541
vt 0.895378 0.342037
vt 0.918546 0.342037
vt 0.895378 0.323128
f 4499/8653/4499 4503/8654/4503 4497/8655/4497
vt 0.620705 0.238794
vt 0.678823 0.228452
vt 0.678413 0.230377
f 4542/8656/4542 4545/8657/4545 4546/8658/4546
vt 0.620705 0.238794
vt 0.623239 0.236622
vt 0.678823 0.228452
f 4542/8659/4542 4547/8660/4547 4545/8661/4545
vt 0.841804 0.431418
vt 0.842620 0.415921
vt 0.826320 0.415984
f 4476/8662/4476 4491/8663/4491 4477/8664/4477
vt 0.841804 0.431418
vt 0.839307 0.450617
vt 0.856287 0.451023
f 4476/8665/4476 4475/8666/4475 4489/8667/4489
vt 0.826320 0.415984
vt 0.842620 0.415921
vt 0.826231 0.406203
f 4477/8668/4477 4491/8669/4491 4495/8670/4495
vt 0.842576 0.406102
vt 0.857245 0.416283
vt 0.853427 0.409029
f 4494/8671/4494 4492/8672/4492 4493/8673/4493
vt 0.842576 0.406102
vt 0.842620 0.415921
vt 0.857245 0.416283
f 4494/8674/4494 4491/8675/4491 4492/8676/4492
vt 0.857245 0.416283
vt 0.857178 0.407272
vt 0.853427 0.409029
f 4492/8677/4492 4442/8678/4442 4493/8679/4493
vt 0.857245 0.416283
vt 0.842620 0.415921
vt 0.856977 0.431821
f 4492/8680/4492 4491/8681/4491 4490/8682/4490
vt 0.857245 0.416283
vt 0.862038 0.417513
vt 0.857178 0.407272
f 4492/8683/4492 4443/8684/4443 4442/8685/4442
vt 0.867689 0.361650
vt 0.853598 0.342385
vt 0.853720 0.356933
f 4510/8686/4510 4508/8687/4508 4509/8688/4509
vt 0.867689 0.361650
vt 0.872209 0.342037
vt 0.853598 0.342385
f 4510/8689/4510 4507/8690/4507 4508/8691/4508
vt 0.853598 0.342385
vt 0.845973 0.362707
vt 0.853720 0.356933
f 4508/8692/4508 4471/8693/4471 4509/8694/4509
vt 0.853598 0.342385
vt 0.872209 0.342037
vt 0.863037 0.328374
f 4508/8695/4508 4507/8696/4507 4506/8697/4506
vt 0.853598 0.342385
vt 0.847247 0.343423
vt 0.845973 0.362707
f 4508/8698/4508 4472/8699/4472 4471/8700/4471
vt 0.876673 0.323116
vt 0.860947 0.324139
vt 0.863037 0.328374
f 4498/8701/4498 4465/8702/4465 4506/8703/4506
vt 0.876673 0.323116
vt 0.872209 0.342037
vt 0.895378 0.342037
f 4498/8704/4498 4507/8705/4507 4499/8706/4499
vt 0.876673 0.323116
vt 0.878088 0.317731
vt 0.860947 0.324139
f 4498/8707/4498 4466/8708/4466 4465/8709/4465
vt 0.870785 0.039617
vt 0.888231 0.039617
vt 0.870785 0.009139
f 4362/8710/4362 4361/8711/4361 4365/8712/4365
vt 0.837904 0.040615
vt 0.853339 0.039617
vt 0.835557 0.015723
f 4343/8713/4343 4338/8714/4338 4337/8715/4337
vt 0.837904 0.040615
vt 0.826534 0.073477
vt 0.830246 0.074398
f 4343/8716/4343 4548/8717/4548 4397/8718/4397
vt 0.837904 0.040615
vt 0.834247 0.041312
vt 0.826534 0.073477
f 4343/8719/4343 4342/8720/4342 4548/8721/4548
vt 0.851997 0.010069
vt 0.853339 0.039617
vt 0.870785 0.039617
f 4339/8722/4339 4338/8723/4338 4362/8724/4362
vt 0.591824 0.355683
vt 0.583938 0.381648
vt 0.575924 0.354550
f 4368/8725/4368 4341/8726/4341 4340/8727/4340
vt 0.851727 0.066073
vt 0.853339 0.039617
vt 0.837904 0.040615
f 4398/8728/4398 4338/8729/4338 4343/8730/4343
vt 0.811597 0.416429
vt 0.816434 0.406244
vt 0.812846 0.409183
f 4484/8731/4484 4496/8732/4496 4483/8733/4483
vt 0.811597 0.416429
vt 0.816503 0.416026
vt 0.816434 0.406244
f 4484/8734/4484 4487/8735/4487 4496/8736/4496
vt 0.811597 0.416429
vt 0.810028 0.417575
vt 0.810059 0.433017
f 4484/8737/4484 4427/8738/4427 4549/8739/4549
vt 0.816434 0.406244
vt 0.811617 0.407395
vt 0.812846 0.409183
f 4496/8740/4496 4550/8741/4550 4483/8742/4483
vt 0.816434 0.406244
vt 0.816449 0.404021
vt 0.811617 0.407395
f 4496/8743/4496 4422/8744/4422 4550/8745/4550
vt 0.816042 0.429703
vt 0.816503 0.416026
vt 0.811521 0.431425
f 4486/8746/4486 4487/8747/4487 4485/8748/4485
vt 0.816042 0.429703
vt 0.814440 0.443610
vt 0.825237 0.430990
f 4486/8749/4486 4478/8750/4478 4474/8751/4474
vt 0.836811 0.466789
vt 0.821768 0.448857
vt 0.817861 0.462403
f 4482/8752/4482 4479/8753/4479 4480/8754/4480
vt 0.836811 0.466789
vt 0.855423 0.467955
vt 0.850761 0.463005
f 4482/8755/4482 4551/8756/4551 4488/8757/4488
vt 0.836811 0.466789
vt 0.839307 0.450617
vt 0.821768 0.448857
f 4482/8758/4482 4475/8759/4475 4479/8760/4479
vt 0.836811 0.466789
vt 0.835996 0.473201
vt 0.855423 0.467955
f 4482/8761/4482 4432/8762/4432 4551/8763/4551
vt 0.821768 0.448857
vt 0.814440 0.443610
vt 0.817861 0.462403
f 4479/8764/4479 4478/8765/4478 4480/8766/4480
vt 0.856287 0.451023
vt 0.861987 0.433034
vt 0.856977 0.431821
f 4489/8767/4489 4552/8768/4552 4490/8769/4490
vt 0.856287 0.451023
vt 0.839307 0.450617
vt 0.850761 0.463005
f 4489/8770/4489 4475/8771/4475 4488/8772/4488
vt 0.856287 0.451023
vt 0.861934 0.452207
vt 0.861987 0.433034
f 4489/8773/4489 4438/8774/4438 4552/8775/4552
vt 0.811153 0.449269
vt 0.816576 0.467943
vt 0.817861 0.462403
f 4481/8776/4481 4553/8777/4553 4480/8778/4480
vt 0.811153 0.449269
vt 0.814440 0.443610
vt 0.816042 0.429703
f 4481/8779/4481 4478/8780/4478 4486/8781/4486
vt 0.811153 0.449269
vt 0.810086 0.452177
vt 0.816576 0.467943
f 4481/8782/4481 4414/8783/4414 4553/8784/4553
vt 0.811721 0.114472
vt 0.833617 0.087340
vt 0.830246 0.074398
f 4401/8785/4401 4463/8786/4463 4397/8787/4397
vt 0.811721 0.114472
vt 0.818515 0.115889
vt 0.833617 0.087340
f 4401/8788/4401 4405/8789/4405 4463/8790/4463
vt 0.811721 0.114472
vt 0.800045 0.153249
vt 0.804801 0.153822
f 4401/8791/4401 4554/8792/4554 4402/8793/4402
vt 0.811721 0.114472
vt 0.807322 0.113379
vt 0.800045 0.153249
f 4401/8794/4401 4400/8795/4400 4554/8796/4554
vt 0.870785 0.200179
vt 0.854977 0.230821
vt 0.870785 0.229305
f 4387/8797/4387 4435/8798/4435 4384/8799/4384
vt 0.870785 0.200179
vt 0.854977 0.204782
vt 0.854977 0.230821
f 4387/8800/4387 4390/8801/4390 4435/8802/4435
vt 0.870785 0.254420
vt 0.844219 0.274343
vt 0.870785 0.269081
f 4376/8803/4376 4556/8804/4556 4374/8805/4374
vt 0.870785 0.254420
vt 0.854978 0.255898
vt 0.844219 0.274343
f 4376/8806/4376 4385/8807/4385 4556/8808/4556
vt 0.870785 0.254420
vt 0.886592 0.230821
vt 0.870785 0.229305
f 4376/8809/4376 4557/8810/4557 4384/8811/4384
vt 0.870785 0.254420
vt 0.886592 0.255898
vt 0.886592 0.230821
f 4376/8812/4376 4375/8813/4375 4557/8814/4557
vt 0.834340 0.162639
vt 0.827031 0.177574
vt 0.847990 0.184720
f 4392/8815/4392 4403/8816/4403 4389/8817/4389
vt 0.834340 0.162639
vt 0.838730 0.154777
vt 0.816869 0.144644
f 4392/8818/4392 4391/8819/4391 4404/8820/4404
vt 0.847990 0.184720
vt 0.827031 0.177574
vt 0.836612 0.189029
f 4389/8821/4389 4403/8822/4403 4440/8823/4440
vt 0.802300 0.177060
vt 0.827031 0.177574
vt 0.804801 0.153822
f 4407/8824/4407 4403/8825/4403 4402/8826/4402
vt 0.802300 0.177060
vt 0.782702 0.172203
vt 0.783996 0.176893
f 4407/8827/4407 4560/8828/4560 4559/8829/4559
vt 0.854977 0.230821
vt 0.854977 0.204782
vt 0.841971 0.225401
f 4435/8830/4435 4390/8831/4390 4434/8832/4434
vt 0.854977 0.230821
vt 0.854978 0.255898
vt 0.870785 0.229305
f 4435/8833/4435 4385/8834/4385 4384/8835/4384
vt 0.841983 0.203917
vt 0.854977 0.204782
vt 0.847990 0.184720
f 4436/8836/4436 4390/8837/4390 4389/8838/4389
vt 0.772678 0.183700
vt 0.768906 0.204109
vt 0.784032 0.188300
f 4418/8839/4418 4419/8840/4419 4416/8841/4416
vt 0.772678 0.183700
vt 0.765057 0.203868
vt 0.768906 0.204109
f 4418/8842/4418 4561/8843/4561 4419/8844/4419
vt 0.781905 0.203455
vt 0.768906 0.230663
vt 0.781913 0.225320
f 4420/8845/4420 4350/8846/4350 4424/8847/4424
vt 0.805724 0.416936
vt 0.811617 0.407395
vt 0.807869 0.405423
f 4428/8848/4428 4550/8849/4550 4421/8850/4421
vt 0.805724 0.416936
vt 0.810028 0.417575
vt 0.811617 0.407395
f 4428/8851/4428 4427/8852/4427 4550/8853/4550
vt 0.768906 0.230663
vt 0.768906 0.255906
vt 0.781913 0.225320
f 4350/8854/4350 4425/8855/4425 4424/8856/4424
vt 0.768906 0.230663
vt 0.767716 0.254871
vt 0.768906 0.255906
f 4350/8857/4350 4562/8858/4562 4425/8859/4425
vt 0.768906 0.230663
vt 0.753383 0.211399
vt 0.752254 0.215185
f 4350/8860/4350 4563/8861/4563 4348/8862/4348
vt 0.768906 0.230663
vt 0.765095 0.222103
vt 0.753383 0.211399
f 4350/8863/4350 4564/8864/4564 4563/8865/4563
vt 0.790430 0.183230
vt 0.783996 0.176893
vt 0.772678 0.183700
f 4417/8866/4417 4559/8867/4559 4418/8868/4418
vt 0.779665 0.274345
vt 0.811942 0.280492
vt 0.789427 0.270672
f 4410/8869/4410 4411/8870/4411 4408/8871/4408
vt 0.779665 0.274345
vt 0.812003 0.278864
vt 0.811942 0.280492
f 4410/8872/4410 4565/8873/4565 4411/8874/4411
vt 0.811935 0.277390
vt 0.844219 0.274343
vt 0.834446 0.270667
f 4412/8875/4412 4556/8876/4556 4429/8877/4429
vt 0.836016 0.476311
vt 0.816576 0.467943
vt 0.813311 0.470810
f 4433/8878/4433 4553/8879/4553 4413/8880/4413
vt 0.811935 0.277390
vt 0.811942 0.280492
vt 0.844219 0.274343
f 4412/8881/4412 4411/8882/4411 4556/8883/4556
vt 0.836016 0.476311
vt 0.835996 0.473201
vt 0.816576 0.467943
f 4433/8884/4433 4432/8885/4432 4553/8886/4553
vt 0.844219 0.274343
vt 0.854978 0.255898
vt 0.834446 0.270667
f 4556/8887/4556 4385/8888/4385 4429/8889/4429
vt 0.844219 0.274343
vt 0.867867 0.268591
vt 0.870785 0.269081
f 4556/8890/4556 4566/8891/4566 4374/8892/4374
vt 0.844219 0.274343
vt 0.842537 0.273126
vt 0.867867 0.268591
f 4556/8893/4556 4567/8894/4567 4566/8895/4566
vt 0.866300 0.454358
vt 0.855423 0.467955
vt 0.858722 0.470824
f 4439/8896/4439 4551/8897/4551 4431/8898/4431
vt 0.841958 0.250494
vt 0.854978 0.255898
vt 0.854977 0.230821
f 4430/8899/4430 4385/8900/4385 4435/8901/4435
vt 0.866300 0.454358
vt 0.861934 0.452207
vt 0.855423 0.467955
f 4439/8902/4439 4438/8903/4438 4551/8904/4551
vt 0.805738 0.454307
vt 0.810059 0.433017
vt 0.805732 0.433963
f 4415/8905/4415 4549/8906/4549 4426/8907/4426
vt 0.781920 0.250521
vt 0.768906 0.255906
vt 0.779665 0.274345
f 4409/8908/4409 4425/8909/4425 4410/8910/4410
vt 0.805738 0.454307
vt 0.810086 0.452177
vt 0.810059 0.433017
f 4415/8911/4415 4414/8912/4414 4549/8913/4549
vt 0.870785 0.155188
vt 0.838730 0.154777
vt 0.870785 0.166805
f 4394/8914/4394 4391/8915/4391 4388/8916/4388
vt 0.870785 0.077821
vt 0.889442 0.077822
vt 0.870785 0.066073
f 4452/8917/4452 4363/8918/4363 4359/8919/4359
vt 0.816869 0.144644
vt 0.838730 0.154777
vt 0.820477 0.134632
f 4404/8920/4404 4391/8921/4391 4469/8922/4469
vt 0.816869 0.144644
vt 0.818515 0.115889
vt 0.804801 0.153822
f 4404/8923/4404 4405/8924/4405 4402/8925/4402
vt 0.833617 0.087340
vt 0.818515 0.115889
vt 0.835797 0.082208
f 4463/8926/4463 4405/8927/4405 4461/8928/4461
vt 0.833617 0.087340
vt 0.852128 0.077822
vt 0.830246 0.074398
f 4463/8929/4463 4399/8930/4399 4397/8931/4397
vt 0.821822 0.108325
vt 0.818515 0.115889
vt 0.816869 0.144644
f 4468/8932/4468 4405/8933/4405 4404/8934/4404
vt 0.853211 0.073501
vt 0.852128 0.077822
vt 0.833617 0.087340
f 4462/8935/4462 4399/8936/4399 4463/8937/4463
vt 0.857178 0.407272
vt 0.842496 0.403935
vt 0.853427 0.409029
f 4442/8938/4442 4448/8939/4448 4493/8940/4493
vt 0.861987 0.433034
vt 0.862038 0.417513
vt 0.856977 0.431821
f 4552/8941/4552 4443/8942/4443 4490/8943/4490
vt 0.861987 0.433034
vt 0.861934 0.452207
vt 0.866313 0.434034
f 4552/8944/4552 4438/8945/4438 4437/8946/4437
vt 0.845973 0.362707
vt 0.866109 0.369110
vt 0.853720 0.356933
f 4471/8947/4471 4457/8948/4457 4509/8949/4509
vt 0.860947 0.324139
vt 0.847247 0.343423
vt 0.863037 0.328374
f 4465/8950/4465 4472/8951/4472 4506/8952/4506
vt 0.811617 0.407395
vt 0.810028 0.417575
vt 0.812846 0.409183
f 4550/8953/4550 4427/8954/4427 4483/8955/4483
vt 0.811617 0.407395
vt 0.816449 0.404021
vt 0.807869 0.405423
f 4550/8956/4550 4422/8957/4422 4421/8958/4421
vt 0.810059 0.433017
vt 0.810028 0.417575
vt 0.805732 0.433963
f 4549/8959/4549 4427/8960/4427 4426/8961/4426
vt 0.816576 0.467943
vt 0.835996 0.473201
vt 0.817861 0.462403
f 4553/8962/4553 4432/8963/4432 4480/8964/4480
vt 0.816576 0.467943
vt 0.810086 0.452177
vt 0.813311 0.470810
f 4553/8965/4553 4414/8966/4414 4413/8967/4413
vt 0.855423 0.467955
vt 0.835996 0.473201
vt 0.858722 0.470824
f 4551/8968/4551 4432/8969/4432 4431/8970/4431
vt 0.855423 0.467955
vt 0.861934 0.452207
vt 0.850761 0.463005
f 4551/8971/4551 4438/8972/4438 4488/8973/4488
vt 0.231550 0.393200
vt 0.234469 0.436819
vt 0.231550 0.436896
f 4383/8974/4383 4572/8975/4572 4379/8976/4379
vt 0.231550 0.393200
vt 0.234143 0.393164
vt 0.234469 0.436819
f 4383/8977/4383 4512/8978/4512 4572/8979/4572
vt 0.231550 0.393200
vt 0.228954 0.347128
vt 0.231550 0.347131
f 4383/8980/4383 4573/8981/4573 4511/8982/4511
vt 0.231550 0.393200
vt 0.228956 0.393164
vt 0.228954 0.347128
f 4383/8983/4383 4382/8984/4382 4573/8985/4573
vt 0.608711 0.382659
vt 0.583938 0.381648
vt 0.591824 0.355683
f 4367/8986/4367 4341/8987/4341 4368/8988/4368
vt 0.608711 0.382659
vt 0.641368 0.409015
vt 0.608711 0.411924
f 4367/8989/4367 4574/8990/4574 4514/8991/4514
vt 0.608711 0.382659
vt 0.633483 0.381648
vt 0.641368 0.409015
f 4367/8992/4367 4370/8993/4370 4574/8994/4574
vt 0.414218 0.455653
vt 0.386341 0.456684
vt 0.405472 0.380647
f 4347/8995/4347 4575/8996/4575 4516/8997/4516
vt 0.414218 0.455653
vt 0.432249 0.496822
vt 0.428440 0.503751
f 4347/8998/4347 4576/8999/4576 4344/9000/4344
vt 0.414218 0.455653
vt 0.418852 0.454923
vt 0.432249 0.496822
f 4347/9001/4347 4518/9002/4518 4576/9003/4576
vt 0.414218 0.455653
vt 0.385561 0.458556
vt 0.386341 0.456684
f 4347/9004/4347 4577/9005/4577 4575/9006/4575
vt 0.371226 0.448485
vt 0.367081 0.447127
vt 0.400747 0.380399
f 4527/9007/4527 4526/9008/4526 4578/9009/4578
vt 0.371226 0.448485
vt 0.333184 0.495344
vt 0.331678 0.494648
f 4527/9010/4527 4579/9011/4579 4525/9012/4525
vt 0.371226 0.448485
vt 0.370835 0.451688
vt 0.333184 0.495344
f 4527/9013/4527 4580/9014/4580 4579/9015/4579
vt 0.768906 0.204109
vt 0.765095 0.222103
vt 0.768906 0.230663
f 4419/9016/4419 4564/9017/4564 4350/9018/4350
vt 0.768906 0.204109
vt 0.765057 0.203868
vt 0.765095 0.222103
f 4419/9019/4419 4561/9020/4561 4564/9021/4564
vt 0.783996 0.176893
vt 0.768756 0.181129
vt 0.772678 0.183700
f 4559/9022/4559 4581/9023/4581 4418/9024/4418
vt 0.783996 0.176893
vt 0.782702 0.172203
vt 0.768756 0.181129
f 4559/9025/4559 4560/9026/4560 4581/9027/4581
vt 0.811942 0.280492
vt 0.842537 0.273126
vt 0.844219 0.274343
f 4411/9028/4411 4567/9029/4567 4556/9030/4556
vt 0.811942 0.280492
vt 0.812003 0.278864
vt 0.842537 0.273126
f 4411/9031/4411 4565/9032/4565 4567/9033/4567
vt 0.768906 0.255906
vt 0.779543 0.272782
vt 0.779665 0.274345
f 4425/9034/4425 4582/9035/4582 4410/9036/4410
vt 0.768906 0.255906
vt 0.767716 0.254871
vt 0.779543 0.272782
f 4425/9037/4425 4562/9038/4562 4582/9039/4582
vt 0.386341 0.456684
vt 0.370835 0.451688
vt 0.371226 0.448485
f 4575/9040/4575 4580/9041/4580 4527/9042/4527
vt 0.386341 0.456684
vt 0.385561 0.458556
vt 0.370835 0.451688
f 4575/9043/4575 4577/9044/4577 4580/9045/4580
vt 0.752396 0.218416
vt 0.767341 0.232627
vt 0.752254 0.215185
f 4583/9046/4583 4349/9047/4349 4348/9048/4348
vt 0.360471 0.262130
vt 0.359906 0.239448
vt 0.351985 0.245349
f 4540/9049/4540 4584/9050/4584 4585/9051/4585
vt 0.234391 0.249960
vt 0.234201 0.297584
vt 0.231550 0.248574
f 4586/9052/4586 4372/9053/4372 4371/9054/4371
vt 0.234391 0.249960
vt 0.234493 0.297138
vt 0.234201 0.297584
f 4586/9055/4586 4587/9056/4587 4372/9057/4372
vt 0.234469 0.436819
vt 0.235395 0.479193
vt 0.231550 0.436896
f 4572/9058/4572 4380/9059/4380 4379/9060/4379
vt 0.234469 0.436819
vt 0.236792 0.481951
vt 0.235395 0.479193
f 4572/9061/4572 4588/9062/4588 4380/9063/4380
vt 0.234145 0.347128
vt 0.234143 0.393164
vt 0.231550 0.347131
f 4535/9064/4535 4512/9065/4512 4511/9066/4511
vt 0.234145 0.347128
vt 0.236457 0.393842
vt 0.234143 0.393164
f 4535/9067/4535 4589/9068/4589 4512/9069/4512
vt 0.400747 0.380399
vt 0.382911 0.311970
vt 0.405472 0.380647
f 4578/9070/4578 4517/9071/4517 4516/9072/4516
vt 0.400747 0.380399
vt 0.386240 0.310688
vt 0.382911 0.311970
f 4578/9073/4578 4590/9074/4590 4517/9075/4517
vt 0.230419 0.980639
vt 0.185581 0.993378
vt 0.188642 0.977919
f 4591/9076/4591 4592/9077/4592 4593/9078/4593
vt 0.328351 0.492153
vt 0.367081 0.447127
vt 0.331678 0.494648
f 4594/9079/4594 4526/9080/4526 4525/9081/4525
vt 0.143385 0.972790
vt 0.098668 0.951357
vt 0.115392 0.947618
f 4595/9082/4595 4596/9083/4596 4597/9084/4597
vt 0.234201 0.297584
vt 0.235569 0.347419
vt 0.234145 0.347128
f 4372/9085/4372 4598/9086/4598 4535/9087/4535
vt 0.234201 0.297584
vt 0.234493 0.297138
vt 0.235569 0.347419
f 4372/9088/4372 4587/9089/4587 4598/9090/4598
vt 0.235395 0.479193
vt 0.237984 0.513388
vt 0.237288 0.508988
f 4380/9091/4380 4599/9092/4599 4537/9093/4537
vt 0.235395 0.479193
vt 0.236792 0.481951
vt 0.237984 0.513388
f 4380/9094/4380 4588/9095/4588 4599/9096/4599
vt 0.188642 0.977919
vt 0.133665 0.986801
vt 0.143385 0.972790
f 4593/9097/4593 4600/9098/4600 4595/9099/4595
vt 0.188642 0.977919
vt 0.185581 0.993378
vt 0.133665 0.986801
f 4593/9100/4593 4592/9101/4592 4600/9102/4600
vt 0.382911 0.311970
vt 0.363805 0.259038
vt 0.360471 0.262130
f 4517/9103/4517 4601/9104/4601 4540/9105/4540
vt 0.382911 0.311970
vt 0.386240 0.310688
vt 0.363805 0.259038
f 4517/9106/4517 4590/9107/4590 4601/9108/4601
vt 0.767341 0.232627
vt 0.767716 0.254871
vt 0.768906 0.230663
f 4349/9109/4349 4562/9110/4562 4350/9111/4350
vt 0.767341 0.232627
vt 0.751451 0.263037
vt 0.767716 0.254871
f 4349/9112/4349 4602/9113/4602 4562/9114/4562
vt 0.779543 0.272782
vt 0.812003 0.278864
vt 0.779665 0.274345
f 4582/9115/4582 4565/9116/4565 4410/9117/4410
vt 0.779543 0.272782
vt 0.810978 0.295193
vt 0.812003 0.278864
f 4582/9118/4582 4603/9119/4603 4565/9120/4565
vt 0.261025 0.234734
vt 0.231550 0.247503
vt 0.234391 0.249960
f 4604/9121/4604 4605/9122/4605 4586/9123/4586
vt 0.261025 0.234734
vt 0.255749 0.230822
vt 0.231550 0.247503
f 4604/9124/4604 4606/9125/4606 4605/9126/4605
vt 0.115392 0.947618
vt 0.085988 0.918935
vt 0.103136 0.919382
f 4597/9127/4597 4608/9128/4608 4609/9129/4609
vt 0.115392 0.947618
vt 0.098668 0.951357
vt 0.085988 0.918935
f 4597/9130/4597 4596/9131/4596 4608/9132/4608
vt 0.812003 0.278864
vt 0.843730 0.289726
vt 0.842537 0.273126
f 4565/9133/4565 4610/9134/4610 4567/9135/4567
vt 0.812003 0.278864
vt 0.810978 0.295193
vt 0.843730 0.289726
f 4565/9136/4565 4603/9137/4603 4610/9138/4610
vt 0.767716 0.254871
vt 0.769776 0.287768
vt 0.779543 0.272782
f 4562/9139/4562 4611/9140/4611 4582/9141/4582
vt 0.767716 0.254871
vt 0.751451 0.263037
vt 0.769776 0.287768
f 4562/9142/4562 4602/9143/4602 4611/9144/4611
vt 0.283423 0.428820
vt 0.253785 0.394407
vt 0.277571 0.392288
f 4612/9145/4612 4616/9146/4616 4617/9147/4617
vt 0.283423 0.428820
vt 0.302087 0.383837
vt 0.311493 0.404856
f 4612/9148/4612 4618/9149/4618 4613/9150/4613
vt 0.309630 0.254457
vt 0.327697 0.300438
vt 0.298526 0.300165
f 4619/9151/4619 4620/9152/4620 4621/9153/4621
vt 0.309630 0.254457
vt 0.338218 0.233703
vt 0.338050 0.253207
f 4619/9154/4619 4622/9155/4622 4623/9156/4623
vt 0.284711 0.350254
vt 0.265829 0.298279
vt 0.298526 0.300165
f 4624/9157/4624 4625/9158/4625 4621/9159/4621
vt 0.342387 0.368014
vt 0.311493 0.404856
vt 0.314463 0.349684
f 4627/9160/4627 4613/9161/4613 4628/9162/4628
vt 0.342387 0.368014
vt 0.327697 0.300438
vt 0.354350 0.306091
f 4627/9163/4627 4620/9164/4620 4629/9165/4629
vt 0.342387 0.368014
vt 0.315850 0.439087
vt 0.311493 0.404856
f 4627/9166/4627 4614/9167/4614 4613/9168/4613
vt 0.342387 0.368014
vt 0.363781 0.421029
vt 0.337754 0.435758
f 4627/9169/4627 4630/9170/4630 4631/9171/4631
vt 0.256743 0.348691
vt 0.265829 0.298279
vt 0.284711 0.350254
f 4626/9172/4626 4625/9173/4625 4624/9174/4624
vt 0.256743 0.348691
vt 0.234493 0.297138
vt 0.265829 0.298279
f 4626/9175/4626 4587/9176/4587 4625/9177/4625
vt 0.298526 0.300165
vt 0.275448 0.253592
vt 0.309630 0.254457
f 4621/9178/4621 4632/9179/4632 4619/9180/4619
vt 0.298526 0.300165
vt 0.314463 0.349684
vt 0.284711 0.350254
f 4621/9181/4621 4628/9182/4628 4624/9183/4624
vt 0.298526 0.300165
vt 0.265829 0.298279
vt 0.275448 0.253592
f 4621/9184/4621 4625/9185/4625 4632/9186/4632
vt 0.298526 0.300165
vt 0.327697 0.300438
vt 0.314463 0.349684
f 4621/9187/4621 4620/9188/4620 4628/9189/4628
vt 0.275448 0.253592
vt 0.310540 0.231836
vt 0.309630 0.254457
f 4632/9190/4632 4633/9191/4633 4619/9192/4619
vt 0.275448 0.253592
vt 0.280045 0.230458
vt 0.310540 0.231836
f 4632/9193/4632 4634/9194/4634 4633/9195/4633
vt 0.295709 0.469465
vt 0.256555 0.437356
vt 0.283423 0.428820
f 4615/9196/4615 4635/9197/4635 4612/9198/4612
vt 0.295709 0.469465
vt 0.265923 0.481024
vt 0.256555 0.437356
f 4615/9199/4615 4636/9200/4636 4635/9201/4635
vt 0.295709 0.469465
vt 0.315850 0.439087
vt 0.337754 0.435758
f 4615/9202/4615 4614/9203/4614 4631/9204/4631
vt 0.295709 0.469465
vt 0.323543 0.494668
vt 0.265923 0.481024
f 4615/9205/4615 4637/9206/4637 4636/9207/4636
vt 0.256555 0.437356
vt 0.253785 0.394407
vt 0.283423 0.428820
f 4635/9208/4635 4616/9209/4616 4612/9210/4612
vt 0.314463 0.349684
vt 0.327697 0.300438
vt 0.342387 0.368014
f 4628/9211/4628 4620/9212/4620 4627/9213/4627
vt 0.314463 0.349684
vt 0.302087 0.383837
vt 0.284711 0.350254
f 4628/9214/4628 4618/9215/4618 4624/9216/4624
vt 0.354350 0.306091
vt 0.375505 0.371273
vt 0.342387 0.368014
f 4629/9217/4629 4638/9218/4638 4627/9219/4627
vt 0.354350 0.306091
vt 0.327697 0.300438
vt 0.338050 0.253207
f 4629/9220/4629 4620/9221/4620 4623/9222/4623
vt 0.354350 0.306091
vt 0.376683 0.325455
vt 0.375505 0.371273
f 4629/9223/4629 4639/9224/4639 4638/9225/4638
vt 0.354350 0.306091
vt 0.363805 0.259038
vt 0.376683 0.325455
f 4629/9226/4629 4601/9227/4601 4639/9228/4639
vt 0.338050 0.253207
vt 0.327697 0.300438
vt 0.309630 0.254457
f 4623/9229/4623 4620/9230/4620 4619/9231/4619
vt 0.338050 0.253207
vt 0.363805 0.259038
vt 0.354350 0.306091
f 4623/9232/4623 4601/9233/4601 4629/9234/4629
vt 0.338050 0.253207
vt 0.359906 0.239448
vt 0.363805 0.259038
f 4623/9235/4623 4584/9236/4584 4601/9237/4601
vt 0.338050 0.253207
vt 0.338218 0.233703
vt 0.359906 0.239448
f 4623/9238/4623 4622/9239/4622 4584/9240/4584
vt 0.337754 0.435758
vt 0.315850 0.439087
vt 0.342387 0.368014
f 4631/9241/4631 4614/9242/4614 4627/9243/4627
vt 0.337754 0.435758
vt 0.323543 0.494668
vt 0.295709 0.469465
f 4631/9244/4631 4637/9245/4637 4615/9246/4615
vt 0.311493 0.404856
vt 0.302087 0.383837
vt 0.314463 0.349684
f 4613/9247/4613 4618/9248/4618 4628/9249/4628
vt 0.277571 0.392288
vt 0.253785 0.394407
vt 0.256743 0.348691
f 4617/9250/4617 4616/9251/4616 4626/9252/4626
vt 0.277571 0.392288
vt 0.302087 0.383837
vt 0.283423 0.428820
f 4617/9253/4617 4618/9254/4618 4612/9255/4612
vt 0.375505 0.371273
vt 0.363781 0.421029
vt 0.342387 0.368014
f 4638/9256/4638 4630/9257/4630 4627/9258/4627
vt 0.375505 0.371273
vt 0.369446 0.449434
vt 0.363781 0.421029
f 4638/9259/4638 4640/9260/4640 4630/9261/4630
vt 0.265829 0.298279
vt 0.231550 0.247503
vt 0.275448 0.253592
f 4625/9262/4625 4605/9263/4605 4632/9264/4632
vt 0.265829 0.298279
vt 0.234493 0.297138
vt 0.231550 0.247503
f 4625/9265/4625 4587/9266/4587 4605/9267/4605
vt 0.265923 0.481024
vt 0.236744 0.437733
vt 0.256555 0.437356
f 4636/9268/4636 4607/9269/4607 4635/9270/4635
vt 0.265923 0.481024
vt 0.236792 0.481951
vt 0.236744 0.437733
f 4636/9271/4636 4588/9272/4588 4607/9273/4607
vt 0.265923 0.481024
vt 0.280906 0.512283
vt 0.236792 0.481951
f 4636/9274/4636 4641/9275/4641 4588/9276/4588
vt 0.253785 0.394407
vt 0.235569 0.347419
vt 0.256743 0.348691
f 4616/9277/4616 4598/9278/4598 4626/9279/4626
vt 0.253785 0.394407
vt 0.236457 0.393842
vt 0.235569 0.347419
f 4616/9280/4616 4589/9281/4589 4598/9282/4598
vt 0.376683 0.325455
vt 0.403383 0.380911
vt 0.375505 0.371273
f 4639/9283/4639 4642/9284/4642 4638/9285/4638
vt 0.376683 0.325455
vt 0.386240 0.310688
vt 0.403383 0.380911
f 4639/9286/4639 4590/9287/4590 4642/9288/4642
vt 0.363781 0.421029
vt 0.323543 0.494668
vt 0.337754 0.435758
f 4630/9289/4630 4637/9290/4637 4631/9291/4631
vt 0.363781 0.421029
vt 0.369446 0.449434
vt 0.323543 0.494668
f 4630/9292/4630 4640/9293/4640 4637/9294/4637
vt 0.363805 0.259038
vt 0.386240 0.310688
vt 0.376683 0.325455
f 4601/9295/4601 4590/9296/4590 4639/9297/4639
vt 0.363805 0.259038
vt 0.359906 0.239448
vt 0.360471 0.262130
f 4601/9298/4601 4584/9299/4584 4540/9300/4540
vt 0.231550 0.247503
vt 0.234493 0.297138
vt 0.234391 0.249960
f 4605/9301/4605 4587/9302/4587 4586/9303/4586
vt 0.231550 0.247503
vt 0.280045 0.230458
vt 0.275448 0.253592
f 4605/9304/4605 4634/9305/4634 4632/9306/4632
vt 0.231550 0.247503
vt 0.228606 0.297138
vt 0.187651 0.253592
f 4605/9307/4605 4643/9308/4643 4644/9309/4644
vt 0.231550 0.247503
vt 0.207350 0.230821
vt 0.228708 0.249960
f 4605/9310/4605 4645/9311/4645 4536/9312/4536
vt 0.236744 0.437733
vt 0.236792 0.481951
vt 0.234469 0.436819
f 4607/9313/4607 4588/9314/4588 4572/9315/4572
vt 0.235569 0.347419
vt 0.234493 0.297138
vt 0.256743 0.348691
f 4598/9316/4598 4587/9317/4587 4626/9318/4626
vt 0.235569 0.347419
vt 0.236457 0.393842
vt 0.234145 0.347128
f 4598/9319/4598 4589/9320/4589 4535/9321/4535
vt 0.403383 0.380911
vt 0.386240 0.310688
vt 0.400747 0.380399
f 4642/9322/4642 4590/9323/4590 4578/9324/4578
vt 0.403383 0.380911
vt 0.369446 0.449434
vt 0.375505 0.371273
f 4642/9325/4642 4640/9326/4640 4638/9327/4638
vt 0.228834 0.995880
vt 0.185581 0.993378
vt 0.230419 0.980639
f 4646/9328/4646 4592/9329/4592 4591/9330/4591
vt 0.323543 0.494668
vt 0.280906 0.512283
vt 0.265923 0.481024
f 4637/9331/4637 4641/9332/4641 4636/9333/4636
vt 0.133665 0.986801
vt 0.098668 0.951357
vt 0.143385 0.972790
f 4600/9334/4600 4596/9335/4596 4595/9336/4595
vt 0.236792 0.481951
vt 0.280906 0.512283
vt 0.237984 0.513388
f 4588/9337/4588 4641/9338/4641 4599/9339/4599
vt 0.751856 0.236694
vt 0.751451 0.263037
vt 0.767341 0.232627
f 4647/9340/4647 4602/9341/4602 4349/9342/4349
vt 0.769776 0.287768
vt 0.810978 0.295193
vt 0.779543 0.272782
f 4611/9343/4611 4603/9344/4603 4582/9345/4582
vt 0.310540 0.231836
vt 0.338218 0.233703
vt 0.309630 0.254457
f 4633/9346/4633 4622/9347/4622 4619/9348/4619
vt 0.255749 0.230822
vt 0.280045 0.230458
vt 0.231550 0.247503
f 4606/9349/4606 4634/9350/4634 4605/9351/4605
vt 0.530435 0.408710
vt 0.560032 0.375973
vt 0.534721 0.410479
f 4531/9352/4531 4333/9353/4333 4330/9354/4330
vt 0.530435 0.408710
vt 0.555047 0.373428
vt 0.560032 0.375973
f 4531/9355/4531 4648/9356/4648 4333/9357/4333
vt 0.832212 0.018817
vt 0.834247 0.041312
vt 0.835557 0.015723
f 4649/9358/4649 4342/9359/4342 4337/9360/4337
vt 0.832212 0.018817
vt 0.824882 0.037700
vt 0.834247 0.041312
f 4649/9361/4649 4650/9362/4650 4342/9363/4342
vt 0.432249 0.496822
vt 0.482460 0.465854
vt 0.428440 0.503751
f 4576/9364/4576 4345/9365/4345 4344/9366/4344
vt 0.432249 0.496822
vt 0.485733 0.467400
vt 0.482460 0.465854
f 4576/9367/4576 4651/9368/4651 4345/9369/4345
vt 0.369022 0.261416
vt 0.391783 0.310477
vt 0.364742 0.261598
f 4652/9370/4652 4352/9371/4352 4351/9372/4351
vt 0.369022 0.261416
vt 0.396767 0.308996
vt 0.391783 0.310477
f 4652/9373/4652 4653/9374/4653 4352/9375/4352
vt 0.826534 0.073477
vt 0.807322 0.113379
vt 0.830246 0.074398
f 4548/9376/4548 4400/9377/4400 4397/9378/4397
vt 0.826534 0.073477
vt 0.802971 0.109005
vt 0.807322 0.113379
f 4548/9379/4548 4654/9380/4654 4400/9381/4400
vt 0.800045 0.153249
vt 0.797982 0.172280
vt 0.804801 0.153822
f 4554/9382/4554 4406/9383/4406 4402/9384/4402
vt 0.800045 0.153249
vt 0.797312 0.170227
vt 0.797982 0.172280
f 4554/9385/4554 4655/9386/4655 4406/9387/4406
vt 0.409907 0.380142
vt 0.418852 0.454923
vt 0.405472 0.380647
f 4541/9388/4541 4518/9389/4518 4516/9390/4516
vt 0.409907 0.380142
vt 0.426659 0.455683
vt 0.418852 0.454923
f 4541/9391/4541 4656/9392/4656 4518/9393/4518
vt 0.482460 0.465854
vt 0.527542 0.407799
vt 0.530435 0.408710
f 4345/9394/4345 4657/9395/4657 4531/9396/4531
vt 0.482460 0.465854
vt 0.485733 0.467400
vt 0.527542 0.407799
f 4345/9397/4345 4651/9398/4651 4657/9399/4657
vt 0.391783 0.310477
vt 0.417575 0.379818
vt 0.409907 0.380142
f 4352/9400/4352 4659/9401/4659 4541/9402/4541
vt 0.391783 0.310477
vt 0.396767 0.308996
vt 0.417575 0.379818
f 4352/9403/4352 4653/9404/4653 4659/9405/4659
vt 0.834247 0.041312
vt 0.818905 0.069090
vt 0.826534 0.073477
f 4342/9406/4342 4660/9407/4660 4548/9408/4548
vt 0.834247 0.041312
vt 0.824882 0.037700
vt 0.818905 0.069090
f 4342/9409/4342 4650/9410/4650 4660/9411/4660
vt 0.807322 0.113379
vt 0.798628 0.150481
vt 0.800045 0.153249
f 4400/9412/4400 4661/9413/4661 4554/9414/4554
vt 0.807322 0.113379
vt 0.802971 0.109005
vt 0.798628 0.150481
f 4400/9415/4400 4654/9416/4654 4661/9417/4661
vt 0.797982 0.172280
vt 0.782702 0.172203
vt 0.802300 0.177060
f 4406/9418/4406 4560/9419/4560 4407/9420/4407
vt 0.797982 0.172280
vt 0.780453 0.169541
vt 0.782702 0.172203
f 4406/9421/4406 4662/9422/4662 4560/9423/4560
vt 0.768756 0.181129
vt 0.765057 0.203868
vt 0.772678 0.183700
f 4581/9424/4581 4561/9425/4561 4418/9426/4418
vt 0.768756 0.181129
vt 0.756578 0.203103
vt 0.765057 0.203868
f 4581/9427/4581 4663/9428/4663 4561/9429/4561
vt 0.765095 0.222103
vt 0.740804 0.212524
vt 0.753383 0.211399
f 4564/9430/4564 4664/9431/4664 4563/9432/4563
vt 0.765095 0.222103
vt 0.755195 0.223071
vt 0.740804 0.212524
f 4564/9433/4564 4665/9434/4665 4664/9435/4664
vt 0.765057 0.203868
vt 0.755195 0.223071
vt 0.765095 0.222103
f 4561/9436/4561 4665/9437/4665 4564/9438/4564
vt 0.765057 0.203868
vt 0.756578 0.203103
vt 0.755195 0.223071
f 4561/9439/4561 4663/9440/4663 4665/9441/4665
vt 0.782702 0.172203
vt 0.763628 0.178284
vt 0.768756 0.181129
f 4560/9442/4560 4667/9443/4667 4581/9444/4581
vt 0.782702 0.172203
vt 0.780453 0.169541
vt 0.763628 0.178284
f 4560/9445/4560 4662/9446/4662 4667/9447/4667
vt 0.436281 0.281108
vt 0.405684 0.297156
vt 0.401425 0.263171
f 4668/9448/4668 4672/9449/4672 4673/9450/4673
vt 0.752582 0.148370
vt 0.794202 0.104986
vt 0.777211 0.094258
f 4674/9451/4674 4675/9452/4675 4676/9453/4676
vt 0.752582 0.148370
vt 0.780453 0.169541
vt 0.780304 0.146959
f 4674/9454/4674 4662/9455/4662 4677/9456/4677
vt 0.530123 0.345564
vt 0.548805 0.366018
vt 0.532619 0.373845
f 4678/9457/4678 4679/9458/4679 4680/9459/4680
vt 0.801953 0.047584
vt 0.819680 0.039878
vt 0.815907 0.025307
f 4681/9460/4681 4682/9461/4682 4683/9462/4683
vt 0.530123 0.345564
vt 0.517610 0.380348
vt 0.502479 0.366558
f 4678/9463/4678 4684/9464/4684 4685/9465/4685
vt 0.482744 0.400795
vt 0.461969 0.452143
vt 0.451917 0.388797
f 4686/9466/4686 4687/9467/4687 4688/9468/4688
vt 0.482744 0.400795
vt 0.465825 0.348289
vt 0.502479 0.366558
f 4686/9469/4686 4670/9470/4670 4685/9471/4685
vt 0.532619 0.373845
vt 0.517610 0.380348
vt 0.530123 0.345564
f 4680/9472/4680 4684/9473/4684 4678/9474/4678
vt 0.532619 0.373845
vt 0.527542 0.407799
vt 0.517610 0.380348
f 4680/9475/4680 4657/9476/4657 4684/9477/4684
vt 0.532619 0.373845
vt 0.555047 0.373428
vt 0.527542 0.407799
f 4680/9478/4680 4648/9479/4648 4657/9480/4657
vt 0.556594 0.348769
vt 0.548805 0.366018
vt 0.530123 0.345564
f 4689/9481/4689 4679/9482/4679 4678/9483/4678
vt 0.556594 0.348769
vt 0.566169 0.351039
vt 0.548805 0.366018
f 4689/9484/4689 4658/9485/4658 4679/9486/4679
vt 0.815907 0.025307
vt 0.824882 0.037700
vt 0.822316 0.014829
f 4683/9487/4683 4650/9488/4650 4690/9489/4690
vt 0.429518 0.324671
vt 0.405684 0.297156
vt 0.436281 0.281108
f 4671/9490/4671 4672/9491/4672 4668/9492/4668
vt 0.429518 0.324671
vt 0.465825 0.348289
vt 0.451917 0.388797
f 4671/9493/4671 4670/9494/4670 4688/9495/4688
vt 0.429518 0.324671
vt 0.396767 0.308996
vt 0.405684 0.297156
f 4671/9496/4671 4653/9497/4653 4672/9498/4672
vt 0.741640 0.187305
vt 0.763628 0.178284
vt 0.752582 0.148370
f 4691/9499/4691 4667/9500/4667 4674/9501/4674
vt 0.741640 0.187305
vt 0.756578 0.203103
vt 0.763628 0.178284
f 4691/9502/4691 4663/9503/4663 4667/9504/4667
vt 0.451917 0.388797
vt 0.465825 0.348289
vt 0.482744 0.400795
f 4688/9505/4688 4670/9506/4670 4686/9507/4686
vt 0.451917 0.388797
vt 0.417575 0.379818
vt 0.429518 0.324671
f 4688/9508/4688 4659/9509/4659 4671/9510/4671
vt 0.502479 0.366558
vt 0.482518 0.317519
vt 0.530123 0.345564
f 4685/9511/4685 4669/9512/4669 4678/9513/4678
vt 0.502479 0.366558
vt 0.505792 0.405927
vt 0.482744 0.400795
f 4685/9514/4685 4692/9515/4692 4686/9516/4686
vt 0.502479 0.366558
vt 0.465825 0.348289
vt 0.482518 0.317519
f 4685/9517/4685 4670/9518/4670 4669/9519/4669
vt 0.502479 0.366558
vt 0.517610 0.380348
vt 0.505792 0.405927
f 4685/9520/4685 4684/9521/4684 4692/9522/4692
vt 0.777211 0.094258
vt 0.810868 0.064815
vt 0.801953 0.047584
f 4676/9523/4676 4693/9524/4693 4681/9525/4681
vt 0.777211 0.094258
vt 0.794202 0.104986
vt 0.810868 0.064815
f 4676/9526/4676 4675/9527/4675 4693/9528/4693
vt 0.505792 0.405927
vt 0.461969 0.452143
vt 0.482744 0.400795
f 4692/9529/4692 4687/9530/4687 4686/9531/4686
vt 0.505792 0.405927
vt 0.485581 0.445222
vt 0.461969 0.452143
f 4692/9532/4692 4694/9533/4694 4687/9534/4687
vt 0.505792 0.405927
vt 0.527542 0.407799
vt 0.485581 0.445222
f 4692/9535/4692 4657/9536/4657 4694/9537/4694
vt 0.461969 0.452143
vt 0.443882 0.435430
vt 0.451917 0.388797
f 4687/9538/4687 4695/9539/4695 4688/9540/4688
vt 0.461969 0.452143
vt 0.439977 0.498443
vt 0.443882 0.435430
f 4687/9541/4687 4666/9542/4666 4695/9543/4695
vt 0.810868 0.064815
vt 0.819680 0.039878
vt 0.801953 0.047584
f 4693/9544/4693 4682/9545/4682 4681/9546/4681
vt 0.810868 0.064815
vt 0.818905 0.069090
vt 0.819680 0.039878
f 4693/9547/4693 4660/9548/4660 4682/9549/4682
vt 0.780304 0.146959
vt 0.794202 0.104986
vt 0.752582 0.148370
f 4677/9550/4677 4675/9551/4675 4674/9552/4674
vt 0.780304 0.146959
vt 0.802971 0.109005
vt 0.794202 0.104986
f 4677/9553/4677 4654/9554/4654 4675/9555/4675
vt 0.548805 0.366018
vt 0.555047 0.373428
vt 0.532619 0.373845
f 4679/9556/4679 4648/9557/4648 4680/9558/4680
vt 0.405684 0.297156
vt 0.376191 0.256921
vt 0.401425 0.263171
f 4672/9559/4672 4696/9560/4696 4673/9561/4673
vt 0.405684 0.297156
vt 0.396767 0.308996
vt 0.376191 0.256921
f 4672/9562/4672 4653/9563/4653 4696/9564/4696
vt 0.485581 0.445222
vt 0.439977 0.498443
vt 0.461969 0.452143
f 4694/9565/4694 4666/9566/4666 4687/9567/4687
vt 0.485581 0.445222
vt 0.485733 0.467400
vt 0.439977 0.498443
f 4694/9568/4694 4651/9569/4651 4666/9570/4666
vt 0.819680 0.039878
vt 0.824882 0.037700
vt 0.815907 0.025307
f 4682/9571/4682 4650/9572/4650 4683/9573/4683
vt 0.794202 0.104986
vt 0.818905 0.069090
vt 0.810868 0.064815
f 4675/9574/4675 4660/9575/4660 4693/9576/4693
vt 0.794202 0.104986
vt 0.802971 0.109005
vt 0.818905 0.069090
f 4675/9577/4675 4654/9578/4654 4660/9579/4660
vt 0.443882 0.435430
vt 0.417575 0.379818
vt 0.451917 0.388797
f 4695/9580/4695 4659/9581/4659 4688/9582/4688
vt 0.443882 0.435430
vt 0.426659 0.455683
vt 0.417575 0.379818
f 4695/9583/4695 4656/9584/4656 4659/9585/4659
vt 0.517610 0.380348
vt 0.527542 0.407799
vt 0.505792 0.405927
f 4684/9586/4684 4657/9587/4657 4692/9588/4692
vt 0.527542 0.407799
vt 0.485733 0.467400
vt 0.485581 0.445222
f 4657/9589/4657 4651/9590/4651 4694/9591/4694
vt 0.527542 0.407799
vt 0.555047 0.373428
vt 0.530435 0.408710
f 4657/9592/4657 4648/9593/4648 4531/9594/4531
vt 0.566169 0.351039
vt 0.555047 0.373428
vt 0.548805 0.366018
f 4658/9595/4658 4648/9596/4648 4679/9597/4679
vt 0.822316 0.014829
vt 0.824882 0.037700
vt 0.832212 0.018817
f 4690/9598/4690 4650/9599/4650 4649/9600/4649
vt 0.439977 0.498443
vt 0.485733 0.467400
vt 0.432249 0.496822
f 4666/9601/4666 4651/9602/4651 4576/9603/4576
vt 0.439977 0.498443
vt 0.426659 0.455683
vt 0.443882 0.435430
f 4666/9604/4666 4656/9605/4656 4695/9606/4695
vt 0.376191 0.256921
vt 0.396767 0.308996
vt 0.369022 0.261416
f 4696/9607/4696 4653/9608/4653 4652/9609/4652
vt 0.740804 0.212524
vt 0.756578 0.203103
vt 0.741640 0.187305
f 4664/9610/4664 4663/9611/4663 4691/9612/4691
vt 0.818905 0.069090
vt 0.824882 0.037700
vt 0.819680 0.039878
f 4660/9613/4660 4650/9614/4650 4682/9615/4682
vt 0.818905 0.069090
vt 0.802971 0.109005
vt 0.826534 0.073477
f 4660/9616/4660 4654/9617/4654 4548/9618/4548
vt 0.798628 0.150481
vt 0.802971 0.109005
vt 0.780304 0.146959
f 4661/9619/4661 4654/9620/4654 4677/9621/4677
vt 0.798628 0.150481
vt 0.797312 0.170227
vt 0.800045 0.153249
f 4661/9622/4661 4655/9623/4655 4554/9624/4554
vt 0.417575 0.379818
vt 0.396767 0.308996
vt 0.429518 0.324671
f 4659/9625/4659 4653/9626/4653 4671/9627/4671
vt 0.417575 0.379818
vt 0.426659 0.455683
vt 0.409907 0.380142
f 4659/9628/4659 4656/9629/4656 4541/9630/4541
vt 0.797312 0.170227
vt 0.780453 0.169541
vt 0.797982 0.172280
f 4655/9631/4655 4662/9632/4662 4406/9633/4406
vt 0.763628 0.178284
vt 0.756578 0.203103
vt 0.768756 0.181129
f 4667/9634/4667 4663/9635/4663 4581/9636/4581
vt 0.763628 0.178284
vt 0.780453 0.169541
vt 0.752582 0.148370
f 4667/9637/4667 4662/9638/4662 4674/9639/4674
vt 0.755195 0.223071
vt 0.756578 0.203103
vt 0.740804 0.212524
f 4665/9640/4665 4663/9641/4663 4664/9642/4664
vt 0.534101 0.413999
vt 0.488882 0.468291
vt 0.534721 0.410479
f 4530/9643/4530 4335/9644/4335 4330/9645/4330
vt 0.426238 0.504462
vt 0.412794 0.458611
vt 0.428440 0.503751
f 4532/9646/4532 4346/9647/4346 4344/9648/4344
vt 0.426238 0.504462
vt 0.410661 0.454948
vt 0.412794 0.458611
f 4532/9649/4532 4699/9650/4699 4346/9651/4346
vt 0.608711 0.464580
vt 0.553909 0.452020
vt 0.608711 0.463886
f 4358/9652/4358 4356/9653/4356 4354/9654/4354
vt 0.608711 0.464580
vt 0.547113 0.446705
vt 0.553909 0.452020
f 4358/9655/4358 4700/9656/4700 4356/9657/4356
vt 0.608711 0.464580
vt 0.663512 0.452020
vt 0.608711 0.458715
f 4358/9658/4358 4701/9659/4701 4702/9660/4702
vt 0.443819 0.228452
vt 0.499403 0.236622
vt 0.444230 0.230377
f 4703/9661/4703 4529/9662/4529 4528/9663/4528
vt 0.443819 0.228452
vt 0.506593 0.226922
vt 0.499403 0.236622
f 4703/9664/4703 4704/9665/4704 4529/9666/4529
vt 0.553909 0.452020
vt 0.527541 0.409342
vt 0.534101 0.413999
f 4356/9667/4356 4697/9668/4697 4530/9669/4530
vt 0.553909 0.452020
vt 0.547113 0.446705
vt 0.527541 0.409342
f 4356/9670/4356 4700/9671/4700 4697/9672/4697
vt 0.488882 0.468291
vt 0.416760 0.498564
vt 0.426238 0.504462
f 4335/9673/4335 4705/9674/4705 4532/9675/4532
vt 0.488882 0.468291
vt 0.475532 0.462674
vt 0.416760 0.498564
f 4335/9676/4335 4698/9677/4698 4705/9678/4705
vt 0.412794 0.458611
vt 0.385561 0.458556
vt 0.414218 0.455653
f 4346/9679/4346 4577/9680/4577 4347/9681/4347
vt 0.412794 0.458611
vt 0.383988 0.455100
vt 0.385561 0.458556
f 4346/9682/4346 4706/9683/4706 4577/9684/4577
vt 0.370835 0.451688
vt 0.332622 0.498564
vt 0.333184 0.495344
f 4580/9685/4580 4707/9686/4707 4579/9687/4579
vt 0.370835 0.451688
vt 0.371334 0.448755
vt 0.332622 0.498564
f 4580/9688/4580 4708/9689/4708 4707/9690/4707
vt 0.385561 0.458556
vt 0.371334 0.448755
vt 0.370835 0.451688
f 4577/9691/4577 4708/9692/4708 4580/9693/4580
vt 0.385561 0.458556
vt 0.383988 0.455100
vt 0.371334 0.448755
f 4577/9694/4577 4706/9695/4706 4708/9696/4708
vt 0.561321 0.149249
vt 0.561321 0.196125
vt 0.493957 0.148183
f 4709/9697/4709 4710/9698/4710 4711/9699/4711
vt 0.561321 0.149249
vt 0.628686 0.148183
vt 0.626747 0.189896
f 4709/9700/4709 4712/9701/4712 4713/9702/4713
vt 0.455872 0.183111
vt 0.506593 0.226922
vt 0.457310 0.219135
f 4717/9703/4717 4704/9704/4704 4719/9705/4719
vt 0.493260 0.498564
vt 0.547113 0.446705
vt 0.608711 0.458715
f 4721/9706/4721 4700/9707/4700 4702/9708/4702
vt 0.493260 0.498564
vt 0.475532 0.462674
vt 0.547113 0.446705
f 4721/9709/4721 4698/9710/4698 4700/9711/4700
vt 0.416760 0.498564
vt 0.475532 0.462674
vt 0.493260 0.498564
f 4705/9712/4705 4698/9713/4698 4721/9714/4721
vt 0.416760 0.498564
vt 0.410661 0.454948
vt 0.426238 0.504462
f 4705/9715/4705 4699/9716/4699 4532/9717/4532
vt 0.608711 0.458715
vt 0.608711 0.498564
vt 0.493260 0.498564
f 4702/9718/4702 4723/9719/4723 4721/9720/4721
vt 0.608711 0.458715
vt 0.547113 0.446705
vt 0.608711 0.464580
f 4702/9721/4702 4700/9722/4700 4358/9723/4358
vt 0.608711 0.458715
vt 0.670308 0.446705
vt 0.608711 0.498564
f 4702/9724/4702 4724/9725/4724 4723/9726/4723
vt 0.457310 0.219135
vt 0.506593 0.226922
vt 0.443819 0.228452
f 4719/9727/4719 4704/9728/4704 4703/9729/4703
vt 0.332622 0.498564
vt 0.383988 0.455100
vt 0.366874 0.498564
f 4707/9730/4707 4706/9731/4706 4720/9732/4720
vt 0.608711 0.498564
vt 0.670308 0.446705
vt 0.724161 0.498564
f 4723/9733/4723 4724/9734/4724 4725/9735/4725
vt 0.547113 0.446705
vt 0.475532 0.462674
vt 0.527541 0.409342
f 4700/9736/4700 4698/9737/4698 4697/9738/4697
vt 0.616050 0.226922
vt 0.665332 0.219135
vt 0.623239 0.236622
f 4726/9739/4726 4727/9740/4727 4547/9741/4547
vt 0.410661 0.454948
vt 0.383988 0.455100
vt 0.412794 0.458611
f 4699/9742/4699 4706/9743/4706 4346/9744/4346
vt 0.371334 0.448755
vt 0.383988 0.455100
vt 0.332622 0.498564
f 4708/9745/4708 4706/9746/4706 4707/9747/4707
vt 0.621113 0.105769
vt 0.628686 0.148183
vt 0.561321 0.149249
f 4715/9748/4715 4712/9749/4712 4709/9750/4709
vt 0.724161 0.498564
vt 0.670308 0.446705
vt 0.689880 0.409342
f 4725/9751/4725 4724/9752/4724 4728/9753/4728
vt -0.030161 0.498564
vt -0.012433 0.462674
vt 0.058286 0.498564
f 4729/9754/4729 4730/9755/4730 4731/9756/4731
vt 0.682700 0.410479
vt 0.633483 0.381648
vt 0.653849 0.377448
f 4732/9757/4732 4370/9758/4370 4733/9759/4733
vt 0.682700 0.410479
vt 0.734961 0.465854
vt 0.729829 0.467851
f 4732/9760/4732 4734/9761/4734 4735/9762/4735
vt 0.682700 0.410479
vt 0.663512 0.452020
vt 0.661440 0.451165
f 4732/9763/4732 4701/9764/4701 4357/9765/4357
vt 0.906013 0.015723
vt 0.889573 0.010069
vt 0.903666 0.040615
f 4736/9766/4736 4369/9767/4369 4737/9768/4737
vt 0.641497 0.354550
vt 0.657389 0.375973
vt 0.653849 0.377448
f 4738/9769/4738 4739/9770/4739 4733/9771/4733
vt 0.034659 0.503751
vt 0.044247 0.454923
vt 0.048881 0.455653
f 4740/9772/4740 4741/9773/4741 4742/9774/4742
vt 0.788981 0.503751
vt 0.728539 0.468291
vt 0.729829 0.467851
f 4743/9775/4743 4744/9776/4744 4735/9777/4735
vt 0.989316 0.215185
vt 0.976475 0.222103
vt 0.972664 0.230663
f 4749/9778/4749 4750/9779/4750 4751/9780/4751
vt 0.911324 0.074398
vt 0.888231 0.039617
vt 0.889843 0.066073
f 4752/9781/4752 4361/9782/4361 4360/9783/4360
vt 0.911324 0.074398
vt 0.923055 0.115890
vt 0.929848 0.114472
f 4752/9784/4752 4753/9785/4753 4754/9786/4754
vt 0.911324 0.074398
vt 0.907322 0.041312
vt 0.903666 0.040615
f 4752/9787/4752 4755/9788/4755 4737/9789/4737
vt 0.936769 0.153822
vt 0.934248 0.113379
vt 0.929848 0.114472
f 4756/9790/4756 4757/9791/4757 4754/9792/4754
vt 0.952143 0.270672
vt 0.929634 0.277390
vt 0.961905 0.274345
f 4758/9793/4758 4759/9794/4759 4760/9795/4760
vt 0.952143 0.270672
vt 0.972664 0.255906
vt 0.959650 0.250521
f 4758/9796/4758 4761/9797/4761 4762/9798/4762
vt 0.977445 0.470810
vt 0.954759 0.473201
vt 0.954740 0.476311
f 4763/9799/4763 4764/9800/4764 4765/9801/4765
vt 0.957538 0.188300
vt 0.959665 0.203455
vt 0.968891 0.183700
f 4766/9802/4766 4767/9803/4767 4768/9804/4768
vt 0.957538 0.188300
vt 0.957574 0.176893
vt 0.951140 0.183230
f 4766/9805/4766 4769/9806/4769 4770/9807/4770
vt 0.982886 0.405423
vt 0.980727 0.417575
vt 0.985032 0.416936
f 4771/9808/4771 4772/9809/4772 4773/9810/4773
vt 0.959657 0.225321
vt 0.959650 0.250521
vt 0.972664 0.230663
f 4774/9811/4774 4762/9812/4762 4751/9813/4751
vt 0.959657 0.225321
vt 0.972664 0.204109
vt 0.959665 0.203455
f 4774/9814/4774 4775/9815/4775 4767/9816/4767
vt 0.985024 0.433963
vt 0.980669 0.452177
vt 0.985017 0.454307
f 4776/9817/4776 4777/9818/4777 4778/9819/4778
vt 0.907124 0.270667
vt 0.899611 0.250494
vt 0.897351 0.274343
f 4779/9820/4779 4780/9821/4780 4378/9822/4378
vt 0.907124 0.270667
vt 0.929628 0.280492
vt 0.929634 0.277390
f 4779/9823/4779 4781/9824/4781 4759/9825/4759
vt 0.932033 0.470824
vt 0.928821 0.452207
vt 0.924455 0.454358
f 4782/9826/4782 4783/9827/4783 4784/9828/4784
vt 0.899599 0.225401
vt 0.899587 0.203917
vt 0.886592 0.230821
f 4785/9829/4785 4786/9830/4786 4557/9831/4557
vt 0.899599 0.225401
vt 0.886592 0.255898
vt 0.899611 0.250494
f 4785/9832/4785 4375/9833/4375 4780/9834/4780
vt 0.924443 0.434034
vt 0.928717 0.417513
vt 0.924431 0.416973
f 4787/9835/4787 4788/9836/4788 4789/9837/4789
vt 0.904958 0.189029
vt 0.921092 0.183720
vt 0.893580 0.184720
f 4790/9838/4790 4791/9839/4791 4555/9840/4555
vt 0.904958 0.189029
vt 0.886593 0.204782
vt 0.899587 0.203917
f 4790/9841/4790 4386/9842/4386 4786/9843/4786
vt 0.905773 0.082208
vt 0.919748 0.108325
vt 0.907953 0.087340
f 4801/9844/4801 4802/9845/4802 4364/9846/4364
vt 0.905773 0.082208
vt 0.889442 0.077822
vt 0.888359 0.073501
f 4801/9847/4801 4363/9848/4363 4451/9849/4451
vt 0.921093 0.134632
vt 0.923055 0.115890
vt 0.919748 0.108325
f 4807/9850/4807 4753/9851/4753 4802/9852/4802
vt 0.965518 0.430990
vt 0.948136 0.415921
vt 0.948951 0.431418
f 4811/9853/4811 4817/9854/4817 4818/9855/4818
vt 0.972894 0.462403
vt 0.979602 0.449269
vt 0.968987 0.448857
f 4819/9856/4819 4820/9857/4820 4815/9858/4815
vt 0.972894 0.462403
vt 0.951448 0.450617
vt 0.953944 0.466789
f 4819/9859/4819 4821/9860/4821 4822/9861/4822
vt 0.972894 0.462403
vt 0.980669 0.452177
vt 0.979602 0.449269
f 4819/9862/4819 4777/9863/4777 4820/9864/4820
vt 0.977910 0.409183
vt 0.974252 0.416026
vt 0.979159 0.416429
f 4823/9865/4823 4813/9866/4813 4824/9867/4824
vt 0.977910 0.409183
vt 0.974307 0.404021
vt 0.974321 0.406244
f 4823/9868/4823 4799/9869/4799 4825/9870/4825
vt 0.979235 0.431425
vt 0.976315 0.443611
vt 0.979602 0.449269
f 4826/9871/4826 4816/9872/4816 4820/9873/4820
vt 0.939995 0.463005
vt 0.954759 0.473201
vt 0.953944 0.466789
f 4828/9874/4828 4764/9875/4764 4822/9876/4822
vt 0.933779 0.431821
vt 0.951448 0.450617
vt 0.948951 0.431418
f 4829/9877/4829 4821/9878/4821 4818/9879/4818
vt 0.933779 0.431821
vt 0.928821 0.452207
vt 0.934469 0.451023
f 4829/9880/4829 4783/9881/4783 4830/9882/4830
vt 0.937328 0.409029
vt 0.948136 0.415921
vt 0.948179 0.406102
f 4831/9883/4831 4817/9884/4817 4832/9885/4832
vt 0.937328 0.409029
vt 0.928717 0.417513
vt 0.933510 0.416283
f 4831/9886/4831 4788/9887/4788 4833/9888/4833
vt 0.964524 0.406203
vt 0.948179 0.406102
vt 0.964436 0.415984
f 4834/9889/4834 4832/9890/4832 4814/9891/4814
vt 0.927719 0.328374
vt 0.914082 0.323116
vt 0.937157 0.342385
f 4835/9892/4835 4501/9893/4501 4836/9894/4836
vt 0.927719 0.328374
vt 0.912667 0.317731
vt 0.914082 0.323116
f 4835/9895/4835 4502/9896/4502 4501/9897/4501
vt 0.937036 0.356933
vt 0.918546 0.342037
vt 0.923066 0.361650
f 4837/9898/4837 4503/9899/4503 4505/9900/4505
vt 0.937036 0.356933
vt 0.943508 0.343423
vt 0.937157 0.342385
f 4837/9901/4837 4805/9902/4805 4836/9903/4836
vt 0.057627 0.380647
vt 0.091873 0.448485
vt 0.048881 0.455653
f 4838/9904/4838 4839/9905/4839 4742/9906/4742
vt 0.057627 0.380647
vt 0.096018 0.447127
vt 0.091873 0.448485
f 4838/9907/4838 4840/9908/4840 4839/9909/4839
vt 0.057627 0.380647
vt 0.071316 0.310477
vt 0.075807 0.311199
f 4838/9910/4838 4841/9911/4841 4748/9912/4748
vt 0.678413 0.230377
vt 0.619660 0.240694
vt 0.620705 0.238794
f 4546/9913/4546 4543/9914/4543 4542/9915/4542
vt 0.131421 0.494648
vt 0.092264 0.451688
vt 0.091873 0.448485
f 4842/9916/4842 4843/9917/4843 4839/9918/4839
vt 0.661440 0.451165
vt 0.641368 0.409015
vt 0.682700 0.410479
f 4357/9919/4357 4574/9920/4574 4732/9921/4732
vt 0.661440 0.451165
vt 0.638135 0.432990
vt 0.641368 0.409015
f 4357/9922/4357 4515/9923/4515 4574/9924/4574
vt 0.661440 0.451165
vt 0.663512 0.452020
vt 0.608711 0.464580
f 4357/9925/4357 4701/9926/4701 4358/9927/4358
vt 0.729829 0.467851
vt 0.785172 0.496822
vt 0.788981 0.503751
f 4735/9928/4735 4844/9929/4844 4743/9930/4743
vt 0.729829 0.467851
vt 0.734961 0.465854
vt 0.785172 0.496822
f 4735/9931/4735 4734/9932/4734 4844/9933/4844
vt 0.729829 0.467851
vt 0.683320 0.413999
vt 0.682700 0.410479
f 4735/9934/4735 4845/9935/4845 4732/9936/4732
vt 0.729829 0.467851
vt 0.728539 0.468291
vt 0.683320 0.413999
f 4735/9937/4735 4744/9938/4744 4845/9939/4845
vt 0.653849 0.377448
vt 0.625597 0.355682
vt 0.641497 0.354550
f 4733/9940/4733 4846/9941/4846 4738/9942/4738
vt 0.653849 0.377448
vt 0.633483 0.381648
vt 0.625597 0.355682
f 4733/9943/4733 4370/9944/4370 4846/9945/4846
vt 0.653849 0.377448
vt 0.686987 0.408710
vt 0.682700 0.410479
f 4733/9946/4733 4847/9947/4847 4732/9948/4732
vt 0.653849 0.377448
vt 0.657389 0.375973
vt 0.686987 0.408710
f 4733/9949/4733 4739/9950/4739 4847/9951/4847
vt 0.641368 0.409015
vt 0.638135 0.432990
vt 0.608711 0.411924
f 4574/9952/4574 4515/9953/4515 4514/9954/4514
vt 0.641368 0.409015
vt 0.633483 0.381648
vt 0.682700 0.410479
f 4574/9955/4574 4370/9956/4370 4732/9957/4732
vt 0.075807 0.311199
vt 0.062352 0.380399
vt 0.057627 0.380647
f 4748/9958/4748 4848/9959/4848 4838/9960/4838
vt 0.075807 0.311199
vt 0.080188 0.311970
vt 0.062352 0.380399
f 4748/9961/4748 4747/9962/4747 4848/9963/4848
vt 0.075807 0.311199
vt 0.094077 0.261416
vt 0.098357 0.261598
f 4748/9964/4748 4849/9965/4849 4745/9966/4745
vt 0.075807 0.311199
vt 0.071316 0.310477
vt 0.094077 0.261416
f 4748/9967/4748 4841/9968/4841 4849/9969/4849
vt 0.948951 0.431418
vt 0.933510 0.416283
vt 0.933779 0.431821
f 4818/9970/4818 4833/9971/4833 4829/9972/4829
vt 0.948951 0.431418
vt 0.948136 0.415921
vt 0.933510 0.416283
f 4818/9973/4818 4817/9974/4817 4833/9975/4833
vt 0.964436 0.415984
vt 0.948136 0.415921
vt 0.965518 0.430990
f 4814/9976/4814 4817/9977/4817 4811/9978/4811
vt 0.948179 0.406102
vt 0.933578 0.407272
vt 0.937328 0.409029
f 4832/9979/4832 4793/9980/4793 4831/9981/4831
vt 0.948179 0.406102
vt 0.948136 0.415921
vt 0.964436 0.415984
f 4832/9982/4832 4817/9983/4817 4814/9984/4814
vt 0.948179 0.406102
vt 0.948260 0.403935
vt 0.933578 0.407272
f 4832/9985/4832 4794/9986/4794 4793/9987/4793
vt 0.933510 0.416283
vt 0.928769 0.433034
vt 0.933779 0.431821
f 4833/9988/4833 4850/9989/4850 4829/9990/4829
vt 0.933510 0.416283
vt 0.948136 0.415921
vt 0.937328 0.409029
f 4833/9991/4833 4817/9992/4817 4831/9993/4831
vt 0.933510 0.416283
vt 0.928717 0.417513
vt 0.928769 0.433034
f 4833/9994/4833 4788/9995/4788 4850/9996/4850
vt 0.923066 0.361650
vt 0.944782 0.362707
vt 0.937036 0.356933
f 4505/9997/4505 4810/9998/4810 4837/9999/4837
vt 0.923066 0.361650
vt 0.924646 0.369110
vt 0.944782 0.362707
f 4505/10000/4505 4460/10001/4460 4810/10002/4810
vt 0.937157 0.342385
vt 0.929808 0.324139
vt 0.927719 0.328374
f 4836/10003/4836 4804/10004/4804 4835/10005/4835
vt 0.937157 0.342385
vt 0.918546 0.342037
vt 0.937036 0.356933
f 4836/10006/4836 4503/10007/4503 4837/10008/4837
vt 0.937157 0.342385
vt 0.943508 0.343423
vt 0.929808 0.324139
f 4836/10009/4836 4805/10010/4805 4804/10011/4804
vt 0.914082 0.323116
vt 0.918546 0.342037
vt 0.937157 0.342385
f 4501/10012/4501 4503/10013/4503 4836/10014/4836
vt 0.903666 0.040615
vt 0.888231 0.039617
vt 0.911324 0.074398
f 4737/10015/4737 4361/10016/4361 4752/10017/4752
vt 0.903666 0.040615
vt 0.909357 0.018817
vt 0.906013 0.015723
f 4737/10018/4737 4851/10019/4851 4736/10020/4736
vt 0.903666 0.040615
vt 0.907322 0.041312
vt 0.909357 0.018817
f 4737/10021/4737 4755/10022/4755 4851/10023/4851
vt 0.889573 0.010069
vt 0.888231 0.039617
vt 0.903666 0.040615
f 4369/10024/4369 4361/10025/4361 4737/10026/4737
vt 0.625597 0.355682
vt 0.633483 0.381648
vt 0.608711 0.355935
f 4846/10027/4846 4370/10028/4370 4366/10029/4366
vt 0.889843 0.066073
vt 0.907953 0.087340
vt 0.911324 0.074398
f 4360/10030/4360 4364/10031/4364 4752/10032/4752
vt 0.979159 0.416429
vt 0.974713 0.429703
vt 0.979235 0.431425
f 4824/10033/4824 4812/10034/4812 4826/10035/4826
vt 0.979159 0.416429
vt 0.979139 0.407395
vt 0.977910 0.409183
f 4824/10036/4824 4852/10037/4852 4823/10038/4823
vt 0.979159 0.416429
vt 0.974252 0.416026
vt 0.974713 0.429703
f 4824/10039/4824 4813/10040/4813 4812/10041/4812
vt 0.979159 0.416429
vt 0.980727 0.417575
vt 0.979139 0.407395
f 4824/10042/4824 4772/10043/4772 4852/10044/4852
vt 0.974321 0.406244
vt 0.974252 0.416026
vt 0.977910 0.409183
f 4825/10045/4825 4813/10046/4813 4823/10047/4823
vt 0.974713 0.429703
vt 0.976315 0.443611
vt 0.979235 0.431425
f 4812/10048/4812 4816/10049/4816 4826/10050/4826
vt 0.953944 0.466789
vt 0.934469 0.451023
vt 0.939995 0.463005
f 4822/10051/4822 4830/10052/4830 4828/10053/4828
vt 0.953944 0.466789
vt 0.974180 0.467943
vt 0.972894 0.462403
f 4822/10054/4822 4853/10055/4853 4819/10056/4819
vt 0.953944 0.466789
vt 0.951448 0.450617
vt 0.934469 0.451023
f 4822/10057/4822 4821/10058/4821 4830/10059/4830
vt 0.953944 0.466789
vt 0.954759 0.473201
vt 0.974180 0.467943
f 4822/10060/4822 4764/10061/4764 4853/10062/4853
vt 0.968987 0.448857
vt 0.951448 0.450617
vt 0.972894 0.462403
f 4815/10063/4815 4821/10064/4821 4819/10065/4819
vt 0.934469 0.451023
vt 0.935332 0.467955
vt 0.939995 0.463005
f 4830/10066/4830 4854/10067/4854 4828/10068/4828
vt 0.934469 0.451023
vt 0.951448 0.450617
vt 0.933779 0.431821
f 4830/10069/4830 4821/10070/4821 4829/10071/4829
vt 0.934469 0.451023
vt 0.928821 0.452207
vt 0.935332 0.467955
f 4830/10072/4830 4783/10073/4783 4854/10074/4854
vt 0.979602 0.449269
vt 0.980696 0.433017
vt 0.979235 0.431425
f 4820/10075/4820 4827/10076/4827 4826/10077/4826
vt 0.979602 0.449269
vt 0.976315 0.443611
vt 0.968987 0.448857
f 4820/10078/4820 4816/10079/4816 4815/10080/4815
vt 0.979602 0.449269
vt 0.980669 0.452177
vt 0.980696 0.433017
f 4820/10081/4820 4777/10082/4777 4827/10083/4827
vt 0.929848 0.114472
vt 0.924700 0.144644
vt 0.936769 0.153822
f 4754/10084/4754 4808/10085/4808 4756/10086/4756
vt 0.929848 0.114472
vt 0.923055 0.115890
vt 0.924700 0.144644
f 4754/10087/4754 4753/10088/4753 4808/10089/4808
vt 0.929848 0.114472
vt 0.915035 0.073477
vt 0.911324 0.074398
f 4754/10090/4754 4855/10091/4855 4752/10092/4752
vt 0.929848 0.114472
vt 0.934248 0.113379
vt 0.915035 0.073477
f 4754/10093/4754 4757/10094/4757 4855/10095/4855
vt 0.907229 0.162639
vt 0.902840 0.154777
vt 0.870785 0.155188
f 4393/10096/4393 4568/10097/4568 4394/10098/4394
vt 0.893580 0.184720
vt 0.914539 0.177574
vt 0.870785 0.166805
f 4555/10099/4555 4395/10100/4395 4388/10101/4388
vt 0.893580 0.184720
vt 0.886593 0.204782
vt 0.904958 0.189029
f 4555/10102/4555 4386/10103/4386 4790/10104/4790
vt 0.921092 0.183720
vt 0.914539 0.177574
vt 0.893580 0.184720
f 4791/10105/4791 4395/10106/4395 4555/10107/4555
vt 0.939270 0.177060
vt 0.941525 0.153249
vt 0.936769 0.153822
f 4396/10108/4396 4856/10109/4856 4756/10110/4756
vt 0.939270 0.177060
vt 0.943588 0.172280
vt 0.941525 0.153249
f 4396/10111/4396 4857/10112/4857 4856/10113/4856
vt 0.886592 0.230821
vt 0.886593 0.204782
vt 0.870785 0.229305
f 4557/10114/4557 4386/10115/4386 4384/10116/4384
vt 0.886592 0.230821
vt 0.886592 0.255898
vt 0.899599 0.225401
f 4557/10117/4557 4375/10118/4375 4785/10119/4785
vt 0.899587 0.203917
vt 0.886593 0.204782
vt 0.886592 0.230821
f 4786/10120/4786 4386/10121/4386 4557/10122/4557
vt 0.968891 0.183700
vt 0.957574 0.176893
vt 0.957538 0.188300
f 4768/10123/4768 4769/10124/4769 4766/10125/4766
vt 0.968891 0.183700
vt 0.958868 0.172203
vt 0.957574 0.176893
f 4768/10126/4768 4858/10127/4858 4769/10128/4769
vt 0.959665 0.203455
vt 0.972664 0.204109
vt 0.968891 0.183700
f 4767/10129/4767 4775/10130/4775 4768/10131/4768
vt 0.972664 0.230663
vt 0.972664 0.204109
vt 0.959657 0.225321
f 4751/10132/4751 4775/10133/4775 4774/10134/4774
vt 0.972664 0.230663
vt 0.989174 0.218416
vt 0.989316 0.215185
f 4751/10135/4751 4859/10136/4859 4749/10137/4749
vt 0.972664 0.230663
vt 0.974229 0.232627
vt 0.989174 0.218416
f 4751/10138/4751 4860/10139/4860 4859/10140/4859
vt 0.972664 0.230663
vt 0.976512 0.203868
vt 0.972664 0.204109
f 4751/10141/4751 4861/10142/4861 4775/10143/4775
vt 0.976433 0.401624
vt 0.979139 0.407395
vt 0.982886 0.405423
f 4800/10144/4800 4852/10145/4852 4771/10146/4771
vt 0.961905 0.274345
vt 0.972664 0.255906
vt 0.952143 0.270672
f 4760/10147/4760 4761/10148/4761 4758/10149/4758
vt 0.961905 0.274345
vt 0.973854 0.254871
vt 0.972664 0.255906
f 4760/10150/4760 4862/10151/4862 4761/10152/4761
vt 0.954740 0.476311
vt 0.935332 0.467955
vt 0.932033 0.470824
f 4765/10153/4765 4854/10154/4854 4782/10155/4782
vt 0.929634 0.277390
vt 0.929628 0.280492
vt 0.961905 0.274345
f 4759/10156/4759 4781/10157/4781 4760/10158/4760
vt 0.954740 0.476311
vt 0.954759 0.473201
vt 0.935332 0.467955
f 4765/10159/4765 4764/10160/4764 4854/10161/4854
vt 0.897351 0.274343
vt 0.929628 0.280492
vt 0.907124 0.270667
f 4378/10162/4378 4781/10163/4781 4779/10164/4779
vt 0.897351 0.274343
vt 0.886592 0.255898
vt 0.870785 0.269081
f 4378/10165/4378 4375/10166/4375 4374/10167/4374
vt 0.897351 0.274343
vt 0.929566 0.278864
vt 0.929628 0.280492
f 4378/10168/4378 4863/10169/4863 4781/10170/4781
vt 0.924455 0.454358
vt 0.928769 0.433034
vt 0.924443 0.434034
f 4784/10171/4784 4850/10172/4850 4787/10173/4787
vt 0.899611 0.250494
vt 0.886592 0.255898
vt 0.897351 0.274343
f 4780/10174/4780 4375/10175/4375 4378/10176/4378
vt 0.985017 0.454307
vt 0.974180 0.467943
vt 0.977445 0.470810
f 4778/10177/4778 4853/10178/4853 4763/10179/4763
vt 0.959650 0.250521
vt 0.972664 0.255906
vt 0.972664 0.230663
f 4762/10180/4762 4761/10181/4761 4751/10182/4751
vt 0.985017 0.454307
vt 0.980669 0.452177
vt 0.974180 0.467943
f 4778/10183/4778 4777/10184/4777 4853/10185/4853
vt 0.924700 0.144644
vt 0.902840 0.154777
vt 0.936769 0.153822
f 4808/10186/4808 4568/10187/4568 4756/10188/4756
vt 0.924700 0.144644
vt 0.923055 0.115890
vt 0.921093 0.134632
f 4808/10189/4808 4753/10190/4753 4807/10191/4807
vt 0.907953 0.087340
vt 0.923055 0.115890
vt 0.911324 0.074398
f 4364/10192/4364 4753/10193/4753 4752/10194/4752
vt 0.907953 0.087340
vt 0.889442 0.077822
vt 0.905773 0.082208
f 4364/10195/4364 4363/10196/4363 4801/10197/4801
vt 0.919748 0.108325
vt 0.923055 0.115890
vt 0.907953 0.087340
f 4802/10198/4802 4753/10199/4753 4364/10200/4364
vt 0.933578 0.407272
vt 0.928717 0.417513
vt 0.937328 0.409029
f 4793/10201/4793 4788/10202/4788 4831/10203/4831
vt 0.928769 0.433034
vt 0.928717 0.417513
vt 0.924443 0.434034
f 4850/10204/4850 4788/10205/4788 4787/10206/4787
vt 0.944782 0.362707
vt 0.943508 0.343423
vt 0.937036 0.356933
f 4810/10207/4810 4805/10208/4805 4837/10209/4837
vt 0.929808 0.324139
vt 0.912667 0.317731
vt 0.927719 0.328374
f 4804/10210/4804 4502/10211/4502 4835/10212/4835
vt 0.979139 0.407395
vt 0.980727 0.417575
vt 0.982886 0.405423
f 4852/10213/4852 4772/10214/4772 4771/10215/4771
vt 0.980696 0.433017
vt 0.980669 0.452177
vt 0.985024 0.433963
f 4827/10216/4827 4777/10217/4777 4776/10218/4776
vt 0.974180 0.467943
vt 0.954759 0.473201
vt 0.977445 0.470810
f 4853/10219/4853 4764/10220/4764 4763/10221/4763
vt 0.974180 0.467943
vt 0.980669 0.452177
vt 0.972894 0.462403
f 4853/10222/4853 4777/10223/4777 4819/10224/4819
vt 0.935332 0.467955
vt 0.954759 0.473201
vt 0.939995 0.463005
f 4854/10225/4854 4764/10226/4764 4828/10227/4828
vt 0.935332 0.467955
vt 0.928821 0.452207
vt 0.932033 0.470824
f 4854/10228/4854 4783/10229/4783 4782/10230/4782
vt 0.048881 0.455653
vt 0.053192 0.380142
vt 0.057627 0.380647
f 4742/10231/4742 4864/10232/4864 4838/10233/4838
vt 0.048881 0.455653
vt 0.044247 0.454923
vt 0.053192 0.380142
f 4742/10234/4742 4741/10235/4741 4864/10236/4864
vt 0.048881 0.455653
vt 0.036862 0.504462
vt 0.034659 0.503751
f 4742/10237/4742 4865/10238/4865 4740/10239/4740
vt 0.048881 0.455653
vt 0.050305 0.458611
vt 0.036862 0.504462
f 4742/10240/4742 4866/10241/4866 4865/10242/4865
vt 0.091873 0.448485
vt 0.076758 0.456684
vt 0.048881 0.455653
f 4839/10243/4839 4867/10244/4867 4742/10245/4742
vt 0.091873 0.448485
vt 0.134748 0.492153
vt 0.131421 0.494648
f 4839/10246/4839 4868/10247/4868 4842/10248/4842
vt 0.091873 0.448485
vt 0.096018 0.447127
vt 0.134748 0.492153
f 4839/10249/4839 4840/10250/4840 4868/10251/4868
vt 0.091873 0.448485
vt 0.077538 0.458556
vt 0.076758 0.456684
f 4839/10252/4839 4869/10253/4869 4867/10254/4867
vt 0.972664 0.204109
vt 0.972814 0.181129
vt 0.968891 0.183700
f 4775/10255/4775 4870/10256/4870 4768/10257/4768
vt 0.972664 0.204109
vt 0.976512 0.203868
vt 0.972814 0.181129
f 4775/10258/4775 4861/10259/4861 4870/10260/4870
vt 0.957574 0.176893
vt 0.943588 0.172280
vt 0.939270 0.177060
f 4769/10261/4769 4857/10262/4857 4396/10263/4396
vt 0.957574 0.176893
vt 0.958868 0.172203
vt 0.943588 0.172280
f 4769/10264/4769 4858/10265/4858 4857/10266/4857
vt 0.929628 0.280492
vt 0.962026 0.272782
vt 0.961905 0.274345
f 4781/10267/4781 4871/10268/4871 4760/10269/4760
vt 0.929628 0.280492
vt 0.929566 0.278864
vt 0.962026 0.272782
f 4781/10270/4781 4863/10271/4863 4871/10272/4871
vt 0.972664 0.255906
vt 0.974229 0.232627
vt 0.972664 0.230663
f 4761/10273/4761 4860/10274/4860 4751/10275/4751
vt 0.972664 0.255906
vt 0.973854 0.254871
vt 0.974229 0.232627
f 4761/10276/4761 4862/10277/4862 4860/10278/4860
vt 0.076758 0.456684
vt 0.050305 0.458611
vt 0.048881 0.455653
f 4867/10279/4867 4866/10280/4866 4742/10281/4742
vt 0.076758 0.456684
vt 0.077538 0.458556
vt 0.050305 0.458611
f 4867/10282/4867 4869/10283/4869 4866/10284/4866
vt 0.102628 0.262130
vt 0.076859 0.310688
vt 0.080188 0.311970
f 4746/10285/4746 4872/10286/4872 4747/10287/4747
vt 0.228708 0.249960
vt 0.228898 0.297584
vt 0.231550 0.247503
f 4536/10288/4536 4513/10289/4513 4605/10290/4605
vt 0.873703 0.268591
vt 0.899033 0.273127
vt 0.870785 0.269081
f 4873/10291/4873 4377/10292/4377 4374/10293/4374
vt 0.228708 0.249960
vt 0.207350 0.230821
vt 0.202074 0.234734
f 4536/10294/4536 4645/10295/4645 4874/10296/4874
vt 0.228630 0.436819
vt 0.228956 0.393164
vt 0.231550 0.436896
f 4538/10297/4538 4382/10298/4382 4379/10299/4379
vt 0.228954 0.347128
vt 0.228898 0.297584
vt 0.231550 0.347131
f 4573/10300/4573 4513/10301/4513 4511/10302/4511
vt 0.228954 0.347128
vt 0.228606 0.297138
vt 0.228898 0.297584
f 4573/10303/4573 4643/10304/4643 4513/10305/4513
vt 0.062352 0.380399
vt 0.096018 0.447127
vt 0.057627 0.380647
f 4848/10306/4848 4840/10307/4840 4838/10308/4838
vt 0.367052 0.919382
vt 0.371519 0.951357
vt 0.354796 0.947618
f 4877/10309/4877 4878/10310/4878 4879/10311/4879
vt 0.225811 0.508988
vt 0.227705 0.479193
vt 0.231550 0.512144
f 4880/10312/4880 4524/10313/4524 4523/10314/4523
vt 0.225811 0.508988
vt 0.226307 0.481951
vt 0.227705 0.479193
f 4880/10315/4880 4881/10316/4881 4524/10317/4524
vt 0.676498 0.233942
vt 0.619660 0.240694
vt 0.678413 0.230377
f 4882/10318/4882 4543/10319/4543 4546/10320/4546
vt 0.326803 0.972790
vt 0.284607 0.993378
vt 0.281546 0.977919
f 4883/10321/4883 4884/10322/4884 4885/10323/4885
vt 0.228898 0.297584
vt 0.228606 0.297138
vt 0.231550 0.247503
f 4513/10324/4513 4643/10325/4643 4605/10326/4605
vt 0.227705 0.479193
vt 0.226355 0.437733
vt 0.228630 0.436819
f 4524/10327/4524 4886/10328/4886 4538/10329/4538
vt 0.227705 0.479193
vt 0.226307 0.481951
vt 0.226355 0.437733
f 4524/10330/4524 4881/10331/4881 4886/10332/4886
vt 0.281546 0.977919
vt 0.241354 0.995880
vt 0.239768 0.980639
f 4885/10333/4885 4887/10334/4887 4888/10335/4888
vt 0.281546 0.977919
vt 0.284607 0.993378
vt 0.241354 0.995880
f 4885/10336/4885 4884/10337/4884 4887/10338/4887
vt 0.080188 0.311970
vt 0.059716 0.380911
vt 0.062352 0.380399
f 4747/10339/4747 4889/10340/4889 4848/10341/4848
vt 0.080188 0.311970
vt 0.076859 0.310688
vt 0.059716 0.380911
f 4747/10342/4747 4872/10343/4872 4889/10344/4889
vt 0.111114 0.245349
vt 0.099294 0.259038
vt 0.102628 0.262130
f 4890/10345/4890 4891/10346/4891 4746/10347/4746
vt 0.111114 0.245349
vt 0.103193 0.239448
vt 0.099294 0.259038
f 4890/10348/4890 4892/10349/4892 4891/10350/4891
vt 0.962026 0.272782
vt 0.973854 0.254871
vt 0.961905 0.274345
f 4871/10351/4871 4862/10352/4862 4760/10353/4760
vt 0.962026 0.272782
vt 0.990118 0.263037
vt 0.973854 0.254871
f 4871/10354/4871 4893/10355/4893 4862/10356/4862
vt 0.899033 0.273127
vt 0.929566 0.278864
vt 0.897351 0.274343
f 4377/10357/4377 4863/10358/4863 4378/10359/4378
vt 0.899033 0.273127
vt 0.930592 0.295193
vt 0.929566 0.278864
f 4377/10360/4377 4894/10361/4894 4863/10362/4863
vt 0.228956 0.393164
vt 0.227530 0.347419
vt 0.228954 0.347128
f 4382/10363/4382 4876/10364/4876 4573/10365/4573
vt 0.354796 0.947618
vt 0.336523 0.986801
vt 0.326803 0.972790
f 4879/10366/4879 4895/10367/4895 4883/10368/4883
vt 0.354796 0.947618
vt 0.371519 0.951357
vt 0.336523 0.986801
f 4879/10369/4879 4878/10370/4878 4895/10371/4895
vt 0.929566 0.278864
vt 0.971794 0.287768
vt 0.962026 0.272782
f 4863/10372/4863 4896/10373/4896 4871/10374/4871
vt 0.929566 0.278864
vt 0.930592 0.295193
vt 0.971794 0.287768
f 4863/10375/4863 4894/10376/4894 4896/10377/4896
vt 0.973854 0.254871
vt 0.989714 0.236694
vt 0.974229 0.232627
f 4862/10378/4862 4897/10379/4897 4860/10380/4860
vt 0.973854 0.254871
vt 0.990118 0.263037
vt 0.989714 0.236694
f 4862/10381/4862 4893/10382/4893 4897/10383/4897
vt 0.179676 0.428820
vt 0.185528 0.392288
vt 0.206544 0.437356
f 4898/10384/4898 4899/10385/4899 4900/10386/4900
vt 0.179676 0.428820
vt 0.197176 0.481024
vt 0.167390 0.469465
f 4898/10387/4898 4901/10388/4901 4902/10389/4902
vt 0.153469 0.254457
vt 0.183054 0.230458
vt 0.187651 0.253592
f 4903/10390/4903 4907/10391/4907 4644/10392/4644
vt 0.178388 0.350254
vt 0.164573 0.300165
vt 0.206356 0.348691
f 4908/10393/4908 4906/10394/4906 4905/10395/4905
vt 0.178388 0.350254
vt 0.185528 0.392288
vt 0.148636 0.349684
f 4908/10396/4908 4899/10397/4899 4909/10398/4909
vt 0.178388 0.350254
vt 0.135403 0.300438
vt 0.164573 0.300165
f 4908/10399/4908 4910/10400/4910 4906/10401/4906
vt 0.178388 0.350254
vt 0.209314 0.394407
vt 0.185528 0.392288
f 4908/10402/4908 4911/10403/4911 4899/10404/4899
vt 0.120712 0.368013
vt 0.108749 0.306091
vt 0.148636 0.349684
f 4912/10405/4912 4913/10406/4913 4909/10407/4909
vt 0.120712 0.368013
vt 0.086416 0.325455
vt 0.108749 0.306091
f 4912/10408/4912 4917/10409/4917 4913/10410/4913
vt 0.206356 0.348691
vt 0.209314 0.394407
vt 0.178388 0.350254
f 4905/10411/4905 4911/10412/4911 4908/10413/4908
vt 0.164573 0.300165
vt 0.125049 0.253207
vt 0.153469 0.254457
f 4906/10414/4906 4918/10415/4918 4903/10416/4903
vt 0.164573 0.300165
vt 0.135403 0.300438
vt 0.125049 0.253207
f 4906/10417/4906 4910/10418/4910 4918/10419/4918
vt 0.187651 0.253592
vt 0.197270 0.298279
vt 0.153469 0.254457
f 4644/10420/4644 4904/10421/4904 4903/10422/4903
vt 0.187651 0.253592
vt 0.228606 0.297138
vt 0.197270 0.298279
f 4644/10423/4644 4643/10424/4643 4904/10425/4904
vt 0.187651 0.253592
vt 0.207350 0.230821
vt 0.231550 0.247503
f 4644/10426/4644 4645/10427/4645 4605/10428/4605
vt 0.187651 0.253592
vt 0.183054 0.230458
vt 0.207350 0.230821
f 4644/10429/4644 4907/10430/4907 4645/10431/4645
vt 0.167390 0.469465
vt 0.151606 0.404856
vt 0.179676 0.428820
f 4902/10432/4902 4915/10433/4915 4898/10434/4898
vt 0.167390 0.469465
vt 0.147249 0.439087
vt 0.151606 0.404856
f 4902/10435/4902 4919/10436/4919 4915/10437/4915
vt 0.167390 0.469465
vt 0.139556 0.494668
vt 0.147249 0.439087
f 4902/10438/4902 4920/10439/4920 4919/10440/4919
vt 0.167390 0.469465
vt 0.182193 0.512283
vt 0.139556 0.494668
f 4902/10441/4902 4921/10442/4921 4920/10443/4920
vt 0.206544 0.437356
vt 0.197176 0.481024
vt 0.179676 0.428820
f 4900/10444/4900 4901/10445/4901 4898/10446/4898
vt 0.206544 0.437356
vt 0.226307 0.481951
vt 0.197176 0.481024
f 4900/10447/4900 4881/10448/4881 4901/10449/4901
vt 0.148636 0.349684
vt 0.135403 0.300438
vt 0.178388 0.350254
f 4909/10450/4909 4910/10451/4910 4908/10452/4908
vt 0.148636 0.349684
vt 0.161012 0.383837
vt 0.120712 0.368013
f 4909/10453/4909 4914/10454/4914 4912/10455/4912
vt 0.108749 0.306091
vt 0.135403 0.300438
vt 0.148636 0.349684
f 4913/10456/4913 4910/10457/4910 4909/10458/4909
vt 0.108749 0.306091
vt 0.099294 0.259038
vt 0.135403 0.300438
f 4913/10459/4913 4891/10460/4891 4910/10461/4910
vt 0.108749 0.306091
vt 0.076859 0.310688
vt 0.099294 0.259038
f 4913/10462/4913 4872/10463/4872 4891/10464/4891
vt 0.125049 0.253207
vt 0.152559 0.231836
vt 0.153469 0.254457
f 4918/10465/4918 4922/10466/4922 4903/10467/4903
vt 0.125049 0.253207
vt 0.124881 0.233703
vt 0.152559 0.231836
f 4918/10468/4918 4923/10469/4923 4922/10470/4922
vt 0.125345 0.435758
vt 0.087594 0.371273
vt 0.120712 0.368013
f 4916/10471/4916 4924/10472/4924 4912/10473/4912
vt 0.125345 0.435758
vt 0.099318 0.421029
vt 0.087594 0.371273
f 4916/10474/4916 4925/10475/4925 4924/10476/4924
vt 0.125345 0.435758
vt 0.093654 0.449434
vt 0.099318 0.421029
f 4916/10477/4916 4926/10478/4926 4925/10479/4925
vt 0.151606 0.404856
vt 0.185528 0.392288
vt 0.179676 0.428820
f 4915/10480/4915 4899/10481/4899 4898/10482/4898
vt 0.151606 0.404856
vt 0.147249 0.439087
vt 0.125345 0.435758
f 4915/10483/4915 4919/10484/4919 4916/10485/4916
vt 0.151606 0.404856
vt 0.161012 0.383837
vt 0.185528 0.392288
f 4915/10486/4915 4914/10487/4914 4899/10488/4899
vt 0.185528 0.392288
vt 0.209314 0.394407
vt 0.206544 0.437356
f 4899/10489/4899 4911/10490/4911 4900/10491/4900
vt 0.185528 0.392288
vt 0.161012 0.383837
vt 0.148636 0.349684
f 4899/10492/4899 4914/10493/4914 4909/10494/4909
vt 0.087594 0.371273
vt 0.086416 0.325455
vt 0.120712 0.368013
f 4924/10495/4924 4917/10496/4917 4912/10497/4912
vt 0.087594 0.371273
vt 0.076859 0.310688
vt 0.086416 0.325455
f 4924/10498/4924 4872/10499/4872 4917/10500/4917
vt 0.197270 0.298279
vt 0.228606 0.297138
vt 0.227530 0.347419
f 4904/10501/4904 4643/10502/4643 4876/10503/4876
vt 0.197176 0.481024
vt 0.226307 0.481951
vt 0.225115 0.513388
f 4901/10504/4901 4881/10505/4881 4927/10506/4927
vt 0.197176 0.481024
vt 0.182193 0.512283
vt 0.167390 0.469465
f 4901/10507/4901 4921/10508/4921 4902/10509/4902
vt 0.135403 0.300438
vt 0.099294 0.259038
vt 0.125049 0.253207
f 4910/10510/4910 4891/10511/4891 4918/10512/4918
vt 0.147249 0.439087
vt 0.139556 0.494668
vt 0.125345 0.435758
f 4919/10513/4919 4920/10514/4920 4916/10515/4916
vt 0.209314 0.394407
vt 0.226355 0.437733
vt 0.206544 0.437356
f 4911/10516/4911 4886/10517/4886 4900/10518/4900
vt 0.086416 0.325455
vt 0.076859 0.310688
vt 0.108749 0.306091
f 4917/10519/4917 4872/10520/4872 4913/10521/4913
vt 0.099318 0.421029
vt 0.059716 0.380911
vt 0.087594 0.371273
f 4925/10522/4925 4889/10523/4889 4924/10524/4924
vt 0.099318 0.421029
vt 0.093654 0.449434
vt 0.059716 0.380911
f 4925/10525/4925 4926/10526/4926 4889/10527/4889
vt 0.099294 0.259038
vt 0.076859 0.310688
vt 0.102628 0.262130
f 4891/10528/4891 4872/10529/4872 4746/10530/4746
vt 0.099294 0.259038
vt 0.124881 0.233703
vt 0.125049 0.253207
f 4891/10531/4891 4923/10532/4923 4918/10533/4918
vt 0.226355 0.437733
vt 0.226307 0.481951
vt 0.206544 0.437356
f 4886/10534/4886 4881/10535/4881 4900/10536/4900
vt 0.226355 0.437733
vt 0.226642 0.393842
vt 0.228630 0.436819
f 4886/10537/4886 4875/10538/4875 4538/10539/4538
vt 0.227530 0.347419
vt 0.228606 0.297138
vt 0.228954 0.347128
f 4876/10540/4876 4643/10541/4643 4573/10542/4573
vt 0.059716 0.380911
vt 0.076859 0.310688
vt 0.087594 0.371273
f 4889/10543/4889 4872/10544/4872 4924/10545/4924
vt 0.384199 0.918935
vt 0.371519 0.951357
vt 0.367052 0.919382
f 4928/10546/4928 4878/10547/4878 4877/10548/4877
vt 0.225115 0.513388
vt 0.226307 0.481951
vt 0.225811 0.508988
f 4927/10549/4927 4881/10550/4881 4880/10551/4880
vt 0.225115 0.513388
vt 0.182193 0.512283
vt 0.197176 0.481024
f 4927/10552/4927 4921/10553/4921 4901/10554/4901
vt 0.336523 0.986801
vt 0.284607 0.993378
vt 0.326803 0.972790
f 4895/10555/4895 4884/10556/4884 4883/10557/4883
vt 0.139556 0.494668
vt 0.093654 0.449434
vt 0.125345 0.435758
f 4920/10558/4920 4926/10559/4926 4916/10560/4916
vt 0.103193 0.239448
vt 0.124881 0.233703
vt 0.099294 0.259038
f 4892/10561/4892 4923/10562/4923 4891/10563/4891
vt 0.152559 0.231836
vt 0.183054 0.230458
vt 0.153469 0.254457
f 4922/10564/4922 4907/10565/4907 4903/10566/4903
vt 0.971794 0.287768
vt 0.990118 0.263037
vt 0.962026 0.272782
f 4896/10567/4896 4893/10568/4893 4871/10569/4871
vt 0.897840 0.289726
vt 0.930592 0.295193
vt 0.899033 0.273127
f 4929/10570/4929 4894/10571/4894 4377/10572/4377
vt 0.686987 0.408710
vt 0.734961 0.465854
vt 0.682700 0.410479
f 4847/10573/4847 4734/10574/4734 4732/10575/4732
vt 0.686987 0.408710
vt 0.731688 0.467400
vt 0.734961 0.465854
f 4847/10576/4847 4930/10577/4930 4734/10578/4734
vt 0.645687 0.354582
vt 0.657389 0.375973
vt 0.641497 0.354550
f 4931/10579/4931 4739/10580/4739 4738/10581/4738
vt 0.030850 0.496822
vt 0.044247 0.454923
vt 0.034659 0.503751
f 4934/10582/4934 4741/10583/4741 4740/10584/4740
vt 0.988187 0.211399
vt 0.976475 0.222103
vt 0.989316 0.215185
f 4937/10585/4937 4750/10586/4750 4749/10587/4749
vt 0.988187 0.211399
vt 0.986375 0.223071
vt 0.976475 0.222103
f 4937/10588/4937 4938/10589/4938 4750/10590/4750
vt 0.915035 0.073477
vt 0.907322 0.041312
vt 0.911324 0.074398
f 4855/10591/4855 4755/10592/4755 4752/10593/4752
vt 0.915035 0.073477
vt 0.916687 0.037700
vt 0.907322 0.041312
f 4855/10594/4855 4939/10595/4939 4755/10596/4755
vt 0.941525 0.153249
vt 0.934248 0.113379
vt 0.936769 0.153822
f 4856/10597/4856 4757/10598/4757 4756/10599/4756
vt 0.941525 0.153249
vt 0.938599 0.109005
vt 0.934248 0.113379
f 4856/10600/4856 4940/10601/4940 4757/10602/4757
vt 0.053192 0.380142
vt 0.071316 0.310477
vt 0.057627 0.380647
f 4864/10603/4864 4841/10604/4841 4838/10605/4838
vt 0.053192 0.380142
vt 0.066332 0.308996
vt 0.071316 0.310477
f 4864/10606/4864 4941/10607/4941 4841/10608/4841
vt 0.734961 0.465854
vt 0.777444 0.498443
vt 0.785172 0.496822
f 4734/10609/4734 4942/10610/4942 4844/10611/4844
vt 0.734961 0.465854
vt 0.731688 0.467400
vt 0.777444 0.498443
f 4734/10612/4734 4930/10613/4930 4942/10614/4942
vt 0.657389 0.375973
vt 0.689879 0.407799
vt 0.686987 0.408710
f 4739/10615/4739 4943/10616/4943 4847/10617/4847
vt 0.657389 0.375973
vt 0.662374 0.373428
vt 0.689879 0.407799
f 4739/10618/4739 4933/10619/4933 4943/10620/4943
vt 0.071316 0.310477
vt 0.086908 0.256921
vt 0.094077 0.261416
f 4841/10621/4841 4944/10622/4944 4849/10623/4849
vt 0.071316 0.310477
vt 0.066332 0.308996
vt 0.086908 0.256921
f 4841/10624/4841 4941/10625/4941 4944/10626/4944
vt 0.907322 0.041312
vt 0.919254 0.014829
vt 0.909357 0.018817
f 4755/10627/4755 4945/10628/4945 4851/10629/4851
vt 0.907322 0.041312
vt 0.916687 0.037700
vt 0.919254 0.014829
f 4755/10630/4755 4939/10631/4939 4945/10632/4945
vt 0.934248 0.113379
vt 0.922665 0.069090
vt 0.915035 0.073477
f 4757/10633/4757 4946/10634/4946 4855/10635/4855
vt 0.934248 0.113379
vt 0.938599 0.109005
vt 0.922665 0.069090
f 4757/10636/4757 4940/10637/4940 4946/10638/4946
vt 0.943588 0.172280
vt 0.942942 0.150481
vt 0.941525 0.153249
f 4857/10639/4857 4947/10640/4947 4856/10641/4856
vt 0.943588 0.172280
vt 0.944257 0.170228
vt 0.942942 0.150481
f 4857/10642/4857 4948/10643/4948 4947/10644/4947
vt 0.972814 0.181129
vt 0.958868 0.172203
vt 0.968891 0.183700
f 4870/10645/4870 4858/10646/4858 4768/10647/4768
vt 0.972814 0.181129
vt 0.961117 0.169541
vt 0.958868 0.172203
f 4870/10648/4870 4949/10649/4949 4858/10650/4858
vt 0.976475 0.222103
vt 0.976512 0.203868
vt 0.972664 0.230663
f 4750/10651/4750 4861/10652/4861 4751/10653/4751
vt 0.976475 0.222103
vt 0.984992 0.203103
vt 0.976512 0.203868
f 4750/10654/4750 4950/10655/4950 4861/10656/4861
vt 0.044247 0.454923
vt 0.045524 0.379818
vt 0.053192 0.380142
f 4741/10657/4741 4951/10658/4951 4864/10659/4864
vt 0.044247 0.454923
vt 0.036440 0.455683
vt 0.045524 0.379818
f 4741/10660/4741 4936/10661/4936 4951/10662/4951
vt 0.976512 0.203868
vt 0.977942 0.178284
vt 0.972814 0.181129
f 4861/10663/4861 4952/10664/4952 4870/10665/4870
vt 0.976512 0.203868
vt 0.984992 0.203103
vt 0.977942 0.178284
f 4861/10666/4861 4950/10667/4950 4952/10668/4952
vt 0.958868 0.172203
vt 0.944257 0.170228
vt 0.943588 0.172280
f 4858/10669/4858 4948/10670/4948 4857/10671/4857
vt 0.958868 0.172203
vt 0.961117 0.169541
vt 0.944257 0.170228
f 4858/10672/4858 4949/10673/4949 4948/10674/4948
vt 0.026818 0.281108
vt 0.061674 0.263171
vt 0.033581 0.324671
f 4953/10675/4953 4954/10676/4954 4955/10677/4955
vt 0.988988 0.148370
vt 0.984992 0.203103
vt 0.999930 0.187305
f 4956/10678/4956 4950/10679/4950 4957/10680/4957
vt 0.687299 0.345564
vt 0.714942 0.366558
vt 0.684802 0.373845
f 4958/10681/4958 4959/10682/4959 4960/10683/4960
vt 0.687299 0.345564
vt 0.751596 0.348289
vt 0.714942 0.366558
f 4958/10684/4958 4961/10685/4961 4959/10686/4959
vt 0.939617 0.047584
vt 0.947368 0.104986
vt 0.964359 0.094258
f 4962/10687/4962 4963/10688/4963 4964/10689/4964
vt 0.734677 0.400795
vt 0.714942 0.366558
vt 0.765504 0.388797
f 4965/10690/4965 4959/10691/4959 4966/10692/4966
vt 0.734677 0.400795
vt 0.731840 0.445222
vt 0.711629 0.405927
f 4965/10693/4965 4967/10694/4967 4968/10695/4968
vt 0.734677 0.400795
vt 0.773540 0.435430
vt 0.755452 0.452143
f 4965/10696/4965 4969/10697/4969 4970/10698/4970
vt 0.734677 0.400795
vt 0.699811 0.380348
vt 0.714942 0.366558
f 4965/10699/4965 4971/10700/4971 4959/10701/4959
vt 0.684802 0.373845
vt 0.660827 0.348769
vt 0.687299 0.345564
f 4960/10702/4960 4972/10703/4972 4958/10704/4958
vt 0.684802 0.373845
vt 0.668616 0.366018
vt 0.660827 0.348769
f 4960/10705/4960 4973/10706/4973 4972/10707/4972
vt 0.684802 0.373845
vt 0.699811 0.380348
vt 0.711629 0.405927
f 4960/10708/4960 4971/10709/4971 4968/10710/4968
vt 0.684802 0.373845
vt 0.689879 0.407799
vt 0.668616 0.366018
f 4960/10711/4960 4943/10712/4943 4973/10713/4973
vt 0.925663 0.025307
vt 0.930702 0.064815
vt 0.939617 0.047584
f 4974/10714/4974 4975/10715/4975 4962/10716/4962
vt 0.925663 0.025307
vt 0.921890 0.039878
vt 0.930702 0.064815
f 4974/10717/4974 4976/10718/4976 4975/10719/4975
vt 0.925663 0.025307
vt 0.919254 0.014829
vt 0.921890 0.039878
f 4974/10720/4974 4945/10721/4945 4976/10722/4976
vt 0.660827 0.348769
vt 0.662374 0.373428
vt 0.651252 0.351039
f 4972/10723/4972 4933/10724/4933 4932/10725/4932
vt 0.033581 0.324671
vt 0.045524 0.379818
vt -0.002726 0.348289
f 4955/10726/4955 4951/10727/4951 4980/10728/4980
vt 0.061674 0.263171
vt 0.057415 0.297156
vt 0.033581 0.324671
f 4954/10729/4954 4981/10730/4981 4955/10731/4955
vt 0.061674 0.263171
vt 0.066332 0.308996
vt 0.057415 0.297156
f 4954/10732/4954 4941/10733/4941 4981/10734/4981
vt 0.999930 0.187305
vt 0.986375 0.223071
vt 1.000766 0.212524
f 4957/10735/4957 4938/10736/4938 4982/10737/4982
vt 0.999930 0.187305
vt 0.984992 0.203103
vt 0.986375 0.223071
f 4957/10738/4957 4950/10739/4950 4938/10740/4938
vt 0.765504 0.388797
vt 0.773540 0.435430
vt 0.734677 0.400795
f 4966/10741/4966 4969/10742/4969 4965/10743/4965
vt 0.011182 0.388797
vt 0.036440 0.455683
vt 0.019218 0.435430
f 4983/10744/4983 4936/10745/4936 4984/10746/4984
vt 0.714942 0.366558
vt 0.751596 0.348289
vt 0.765504 0.388797
f 4959/10747/4959 4961/10748/4961 4966/10749/4966
vt 0.714942 0.366558
vt 0.699811 0.380348
vt 0.684802 0.373845
f 4959/10750/4959 4971/10751/4971 4960/10752/4960
vt 0.964359 0.094258
vt 0.961266 0.146959
vt 0.988988 0.148370
f 4964/10753/4964 4985/10754/4985 4956/10755/4956
vt 0.734904 0.317518
vt 0.751596 0.348289
vt 0.687299 0.345564
f 4978/10756/4978 4961/10757/4961 4958/10758/4958
vt 0.964359 0.094258
vt 0.947368 0.104986
vt 0.961266 0.146959
f 4964/10759/4964 4963/10760/4963 4985/10761/4985
vt 0.711629 0.405927
vt 0.699811 0.380348
vt 0.734677 0.400795
f 4968/10762/4968 4971/10763/4971 4965/10764/4965
vt 0.711629 0.405927
vt 0.689879 0.407799
vt 0.684802 0.373845
f 4968/10765/4968 4943/10766/4943 4960/10767/4960
vt 0.711629 0.405927
vt 0.731688 0.467400
vt 0.689879 0.407799
f 4968/10768/4968 4930/10769/4930 4943/10770/4943
vt 0.755452 0.452143
vt 0.731840 0.445222
vt 0.734677 0.400795
f 4970/10771/4970 4967/10772/4967 4965/10773/4965
vt 0.755452 0.452143
vt 0.731688 0.467400
vt 0.731840 0.445222
f 4970/10774/4970 4930/10775/4930 4967/10776/4967
vt 0.755452 0.452143
vt 0.790762 0.455683
vt 0.777444 0.498443
f 4970/10777/4970 4986/10778/4986 4942/10779/4942
vt 0.930702 0.064815
vt 0.947368 0.104986
vt 0.939617 0.047584
f 4975/10780/4975 4963/10781/4963 4962/10782/4962
vt 0.930702 0.064815
vt 0.916687 0.037700
vt 0.922665 0.069090
f 4975/10783/4975 4939/10784/4939 4946/10785/4946
vt 0.930702 0.064815
vt 0.938599 0.109005
vt 0.947368 0.104986
f 4975/10786/4975 4940/10787/4940 4963/10788/4963
vt 0.961266 0.146959
vt 0.977942 0.178284
vt 0.988988 0.148370
f 4985/10789/4985 4952/10790/4952 4956/10791/4956
vt 0.961266 0.146959
vt 0.961117 0.169541
vt 0.977942 0.178284
f 4985/10792/4985 4949/10793/4949 4952/10794/4952
vt 0.668616 0.366018
vt 0.662374 0.373428
vt 0.660827 0.348769
f 4973/10795/4973 4933/10796/4933 4972/10797/4972
vt 0.057415 0.297156
vt 0.045524 0.379818
vt 0.033581 0.324671
f 4981/10798/4981 4951/10799/4951 4955/10800/4955
vt 0.057415 0.297156
vt 0.066332 0.308996
vt 0.045524 0.379818
f 4981/10801/4981 4941/10802/4941 4951/10803/4951
vt -0.002726 0.348289
vt 0.045524 0.379818
vt 0.011182 0.388797
f 4980/10804/4980 4951/10805/4951 4983/10806/4983
vt 0.731840 0.445222
vt 0.731688 0.467400
vt 0.711629 0.405927
f 4967/10807/4967 4930/10808/4930 4968/10809/4968
vt 0.921890 0.039878
vt 0.916687 0.037700
vt 0.930702 0.064815
f 4976/10810/4976 4939/10811/4939 4975/10812/4975
vt 0.947368 0.104986
vt 0.942942 0.150481
vt 0.961266 0.146959
f 4963/10813/4963 4947/10814/4947 4985/10815/4985
vt 0.947368 0.104986
vt 0.938599 0.109005
vt 0.942942 0.150481
f 4963/10816/4963 4940/10817/4940 4947/10818/4947
vt 0.773540 0.435430
vt 0.790762 0.455683
vt 0.755452 0.452143
f 4969/10819/4969 4986/10820/4986 4970/10821/4970
vt 0.689879 0.407799
vt 0.731688 0.467400
vt 0.686987 0.408710
f 4943/10822/4943 4930/10823/4930 4847/10824/4847
vt 0.689879 0.407799
vt 0.662374 0.373428
vt 0.668616 0.366018
f 4943/10825/4943 4933/10826/4933 4973/10827/4973
vt 0.919254 0.014829
vt 0.916687 0.037700
vt 0.921890 0.039878
f 4945/10828/4945 4939/10829/4939 4976/10830/4976
vt 0.777444 0.498443
vt 0.731688 0.467400
vt 0.755452 0.452143
f 4942/10831/4942 4930/10832/4930 4970/10833/4970
vt 0.086908 0.256921
vt 0.066332 0.308996
vt 0.061674 0.263171
f 4944/10834/4944 4941/10835/4941 4954/10836/4954
vt 1.000766 0.212524
vt 0.986375 0.223071
vt 0.988187 0.211399
f 4982/10837/4982 4938/10838/4938 4937/10839/4937
vt 0.922665 0.069090
vt 0.916687 0.037700
vt 0.915035 0.073477
f 4946/10840/4946 4939/10841/4939 4855/10842/4855
vt 0.922665 0.069090
vt 0.938599 0.109005
vt 0.930702 0.064815
f 4946/10843/4946 4940/10844/4940 4975/10845/4975
vt 0.942942 0.150481
vt 0.938599 0.109005
vt 0.941525 0.153249
f 4947/10846/4947 4940/10847/4940 4856/10848/4856
vt 0.045524 0.379818
vt 0.066332 0.308996
vt 0.053192 0.380142
f 4951/10849/4951 4941/10850/4941 4864/10851/4864
vt 0.045524 0.379818
vt 0.036440 0.455683
vt 0.011182 0.388797
f 4951/10852/4951 4936/10853/4936 4983/10854/4983
vt 0.977942 0.178284
vt 0.984992 0.203103
vt 0.988988 0.148370
f 4952/10855/4952 4950/10856/4950 4956/10857/4956
vt 0.977942 0.178284
vt 0.961117 0.169541
vt 0.972814 0.181129
f 4952/10858/4952 4949/10859/4949 4870/10860/4870
vt 0.986375 0.223071
vt 0.984992 0.203103
vt 0.976475 0.222103
f 4938/10861/4938 4950/10862/4950 4750/10863/4750
vt 0.683320 0.413999
vt 0.663512 0.452020
vt 0.682700 0.410479
f 4845/10864/4845 4701/10865/4701 4732/10866/4732
vt 0.683320 0.413999
vt 0.670308 0.446705
vt 0.663512 0.452020
f 4845/10867/4845 4724/10868/4724 4701/10869/4701
vt 0.791183 0.504462
vt 0.728539 0.468291
vt 0.788981 0.503751
f 4987/10870/4987 4744/10871/4744 4743/10872/4743
vt 0.036862 0.504462
vt -0.012433 0.462674
vt -0.025783 0.468291
f 4865/10873/4865 4730/10874/4730 4988/10875/4988
vt 0.129915 0.495344
vt 0.092264 0.451688
vt 0.131421 0.494648
f 4989/10876/4989 4843/10877/4843 4842/10878/4842
vt 0.129915 0.495344
vt 0.091765 0.448755
vt 0.092264 0.451688
f 4989/10879/4989 4990/10880/4990 4843/10881/4843
vt 0.663512 0.452020
vt 0.670308 0.446705
vt 0.608711 0.458715
f 4701/10882/4701 4724/10883/4724 4702/10884/4702
vt 0.623239 0.236622
vt 0.665332 0.219135
vt 0.678823 0.228452
f 4547/10885/4547 4727/10886/4727 4545/10887/4545
vt 0.050305 0.458611
vt 0.046339 0.498564
vt 0.036862 0.504462
f 4866/10888/4866 4992/10889/4992 4865/10890/4865
vt 0.050305 0.458611
vt 0.052438 0.454948
vt 0.046339 0.498564
f 4866/10891/4866 4993/10892/4993 4992/10893/4992
vt 0.092264 0.451688
vt 0.077538 0.458556
vt 0.091873 0.448485
f 4843/10894/4843 4869/10895/4869 4839/10896/4839
vt 0.092264 0.451688
vt 0.079111 0.455100
vt 0.077538 0.458556
f 4843/10897/4843 4994/10898/4994 4869/10899/4869
vt 0.077538 0.458556
vt 0.052438 0.454948
vt 0.050305 0.458611
f 4869/10900/4869 4993/10901/4993 4866/10902/4866
vt 0.077538 0.458556
vt 0.079111 0.455100
vt 0.052438 0.454948
f 4869/10903/4869 4994/10904/4994 4993/10905/4993
vt 0.058286 0.498564
vt -0.012433 0.462674
vt 0.046339 0.498564
f 4731/10906/4731 4730/10907/4730 4992/10908/4992
vt 0.666770 0.183111
vt 0.665332 0.219135
vt 0.626747 0.189896
f 4996/10909/4996 4727/10910/4727 4713/10911/4713
vt 0.096225 0.498564
vt 0.091765 0.448755
vt 0.130477 0.498564
f 4997/10912/4997 4990/10913/4990 4998/10914/4998
vt 0.096225 0.498564
vt 0.079111 0.455100
vt 0.091765 0.448755
f 4997/10915/4997 4994/10916/4994 4990/10917/4990
vt 0.689880 0.409342
vt 0.670308 0.446705
vt 0.683320 0.413999
f 4728/10918/4728 4724/10919/4724 4845/10920/4845
vt 0.689880 0.409342
vt 0.741889 0.462674
vt 0.724161 0.498564
f 4728/10921/4728 4991/10922/4991 4725/10923/4725
vt 0.046339 0.498564
vt -0.012433 0.462674
vt 0.036862 0.504462
f 4992/10924/4992 4730/10925/4730 4865/10926/4865
vt 0.130477 0.498564
vt 0.091765 0.448755
vt 0.129915 0.495344
f 4998/10927/4998 4990/10928/4990 4989/10929/4989
vt 0.091765 0.448755
vt 0.079111 0.455100
vt 0.092264 0.451688
f 4990/10930/4990 4994/10931/4994 4843/10932/4843
vt 0.608711 0.463886
vt 0.616267 0.497421
vt 0.608711 0.496315
f 4999/10933/4999 5000/10934/5000 5001/10935/5001
vt 0.608711 0.496315
vt 0.608711 0.464580
vt 0.608711 0.463886
f 5001/10936/5001 5002/10937/5002 4999/10938/4999
vt 0.608711 0.496315
vt 0.601154 0.497421
vt 0.608711 0.464580
f 5001/10939/5001 5003/10940/5003 5002/10941/5002
vt 0.608711 0.464580
vt 0.616267 0.497421
vt 0.608711 0.463886
f 5002/10942/5002 5000/10943/5000 4999/10944/4999
vt 0.601154 0.497421
vt 0.608711 0.458715
vt 0.608711 0.464580
f 5003/10945/5003 5004/10946/5004 5002/10947/5002
vt 0.601154 0.497421
vt 0.608711 0.498564
vt 0.608711 0.458715
f 5003/10948/5003 5005/10949/5005 5004/10950/5004
vt 0.608711 0.458715
vt 0.608711 0.498564
vt 0.608711 0.464580
f 5004/10951/5004 5005/10952/5005 5002/10953/5002
vt 0.608711 0.498564
vt 0.616267 0.497421
vt 0.608711 0.464580
f 5005/10954/5005 5000/10955/5000 5002/10956/5002
vt 0.945737 0.466295
vt 0.936032 0.457705
vt 0.938458 0.464365
f 5009/10957/5009 5008/10958/5008 5010/10959/5010
vt 0.955443 0.457271
vt 0.945737 0.457488
vt 0.953016 0.463822
f 5013/10960/5013 5007/10961/5007 5006/10962/5006
vt 0.906489 0.857504
vt 0.902031 0.857504
vt 0.900314 0.857504
f 5018/10963/5018 5017/10964/5017 5019/10965/5019
vt 0.921263 0.857504
vt 0.911339 0.857504
vt 0.915660 0.857504
f 5022/10966/5022 5016/10967/5016 5015/10968/5015
vt 0.914175 0.463178
vt 0.900949 0.451472
vt 0.904255 0.460547
f 5027/10969/5027 5026/10970/5026 5028/10971/5028
vt 0.927402 0.450881
vt 0.914175 0.451176
vt 0.924095 0.459808
f 5031/10972/5031 5025/10973/5025 5024/10974/5024
vt 0.327041 0.899400
vt 0.291959 0.884115
vt 0.339320 0.925816
f 5037/10975/5037 5038/10976/5038 5039/10977/5039
vt 0.696958 0.710090
vt 0.658902 0.752706
vt 0.661559 0.702148
f 5040/10978/5040 5041/10979/5041 5042/10980/5042
vt 0.320850 0.945937
vt 0.291959 0.930840
vt 0.289637 0.959517
f 5043/10981/5043 5044/10982/5044 5045/10983/5045
vt 0.320850 0.945937
vt 0.350300 0.927773
vt 0.336998 0.923201
f 5043/10984/5043 5046/10985/5046 5047/10986/5047
vt 0.518674 0.710090
vt 0.550852 0.702148
vt 0.513797 0.741081
f 5048/10987/5048 5049/10988/5049 5050/10989/5050
vt 0.518674 0.710090
vt 0.478095 0.752706
vt 0.489377 0.702148
f 5048/10990/5048 5051/10991/5051 5052/10992/5052
vt 0.140354 0.899400
vt 0.171946 0.916373
vt 0.171946 0.884115
f 5053/10993/5053 5054/10994/5054 5055/10995/5055
vt 0.146545 0.945937
vt 0.168413 0.977205
vt 0.174267 0.959517
f 5056/10996/5056 5057/10997/5057 5058/10998/5058
vt 0.190718 0.103711
vt 0.218035 0.164840
vt 0.226008 0.157031
f 5059/10999/5059 5060/11000/5060 5061/11001/5061
vt 0.441203 0.852115
vt 0.432534 0.742614
vt 0.436842 0.764761
f 5062/11002/5062 5063/11003/5063 5064/11004/5064
vt 0.441203 0.852115
vt 0.445374 0.895183
vt 0.440361 0.895341
f 5062/11005/5062 5065/11006/5065 5066/11007/5066
vt 0.775923 0.852115
vt 0.794849 0.900200
vt 0.782001 0.897694
f 5067/11008/5067 5068/11009/5068 5069/11010/5069
vt 0.775923 0.852115
vt 0.773672 0.767585
vt 0.780579 0.764761
f 5067/11011/5067 5074/11012/5074 5075/11013/5075
vt 0.783490 0.705162
vt 0.739326 0.752706
vt 0.727221 0.702148
f 5076/11014/5076 5077/11015/5077 5078/11016/5078
vt 0.338740 0.971513
vt 0.291959 0.916373
vt 0.291959 0.968369
f 5079/11017/5079 5080/11018/5080 5081/11019/5081
vt 0.783490 0.705162
vt 0.785596 0.742558
vt 0.780579 0.764761
f 5076/11020/5076 5082/11021/5082 5075/11022/5075
vt 0.129877 0.971513
vt 0.171946 0.968369
vt 0.129297 0.925816
f 5083/11023/5083 5084/11024/5084 5085/11025/5085
vt 0.129877 0.892494
vt 0.171946 0.930840
vt 0.171946 0.889350
f 5086/11026/5086 5087/11027/5087 5088/11028/5088
vt 0.274892 0.088228
vt 0.258692 0.079995
vt 0.274685 0.077751
f 5093/11029/5093 5094/11030/5094 5095/11031/5095
vt 0.274892 0.088228
vt 0.291435 0.079995
vt 0.295792 0.088377
f 5093/11032/5093 5096/11033/5096 5097/11034/5097
vt 0.274892 0.088228
vt 0.250451 0.093370
vt 0.254863 0.088377
f 5093/11035/5093 5098/11036/5098 5099/11037/5099
vt 0.230382 0.882704
vt 0.171946 0.884115
vt 0.230382 0.916373
f 5100/11038/5100 5055/11039/5055 5101/11040/5101
vt 0.230382 0.882704
vt 0.291959 0.916373
vt 0.291959 0.884115
f 5100/11041/5100 5080/11042/5080 5038/11043/5038
vt 0.604094 0.705055
vt 0.553688 0.752706
vt 0.550852 0.702148
f 5102/11044/5102 5103/11045/5103 5049/11046/5049
vt 0.230382 0.977155
vt 0.296048 0.979148
vt 0.289637 0.959517
f 5104/11047/5104 5105/11048/5105 5045/11049/5045
vt 0.237602 0.695283
vt 0.239462 0.742525
vt 0.236242 0.765192
f 5106/11050/5106 5107/11051/5107 5108/11052/5108
vt 0.275079 0.197893
vt 0.335075 0.165024
vt 0.327474 0.157031
f 5113/11053/5113 5114/11054/5114 5115/11055/5115
vt 0.236849 0.852419
vt 0.231681 0.742421
vt 0.236242 0.765192
f 5116/11056/5116 5117/11057/5117 5108/11058/5108
vt 0.435962 0.923157
vt 0.433798 0.897477
vt 0.440361 0.895341
f 5121/11059/5121 5122/11060/5122 5066/11061/5066
vt 0.238531 0.087949
vt 0.258692 0.079995
vt 0.254863 0.088377
f 5134/11062/5134 5094/11063/5094 5099/11064/5099
vt 0.238531 0.087949
vt 0.212049 0.094594
vt 0.221062 0.087259
f 5134/11065/5134 5135/11066/5135 5126/11067/5126
vt 0.238531 0.087949
vt 0.247827 0.070766
vt 0.249716 0.073523
f 5134/11068/5134 5136/11069/5136 5137/11070/5137
vt 0.274735 0.066361
vt 0.274685 0.077751
vt 0.249716 0.073523
f 5138/11071/5138 5095/11072/5095 5137/11073/5137
vt 0.274735 0.066361
vt 0.291435 0.079995
vt 0.274685 0.077751
f 5138/11074/5138 5096/11075/5096 5095/11076/5095
vt 0.313521 0.087949
vt 0.295792 0.088377
vt 0.301074 0.073523
f 5142/11077/5142 5097/11078/5097 5141/11079/5141
vt 0.313521 0.087949
vt 0.299911 0.093510
vt 0.295792 0.088377
f 5142/11080/5142 5143/11081/5143 5097/11082/5097
vt 0.313521 0.087949
vt 0.330373 0.082437
vt 0.332748 0.087259
f 5142/11083/5142 5144/11084/5144 5130/11085/5130
vt 0.780579 0.764761
vt 0.739326 0.752706
vt 0.783490 0.705162
f 5075/11086/5075 5077/11087/5077 5076/11088/5076
vt 0.780579 0.764761
vt 0.785412 0.832004
vt 0.775923 0.852115
f 5075/11089/5075 5145/11090/5145 5067/11091/5067
vt 0.780579 0.764761
vt 0.785596 0.742558
vt 0.785412 0.832004
f 5075/11092/5075 5082/11093/5082 5145/11094/5145
vt 0.377566 0.105353
vt 0.378379 0.071200
vt 0.379503 0.072714
f 5146/11095/5146 5147/11096/5147 5148/11097/5148
vt 0.727221 0.702148
vt 0.702726 0.741081
vt 0.696958 0.710090
f 5078/11098/5078 5149/11099/5149 5040/11100/5040
vt 0.727221 0.702148
vt 0.739326 0.752706
vt 0.702726 0.741081
f 5078/11101/5078 5077/11102/5077 5149/11103/5149
vt 0.339320 0.925816
vt 0.291959 0.916373
vt 0.338740 0.971513
f 5039/11104/5039 5080/11105/5080 5079/11106/5079
vt 0.702726 0.741081
vt 0.658902 0.752706
vt 0.696958 0.710090
f 5149/11107/5149 5041/11108/5041 5040/11109/5040
vt 0.366325 0.043330
vt 0.327766 0.028055
vt 0.326791 0.026951
f 5150/11110/5150 5151/11111/5151 5152/11112/5152
vt 0.291959 0.889350
vt 0.336998 0.923201
vt 0.338740 0.892494
f 5153/11113/5153 5047/11114/5047 5154/11115/5154
vt 0.291959 0.889350
vt 0.291959 0.930840
vt 0.336998 0.923201
f 5153/11116/5153 5044/11117/5044 5047/11118/5047
vt 0.230382 0.916373
vt 0.291959 0.916373
vt 0.230382 0.882704
f 5101/11119/5101 5080/11120/5080 5100/11121/5100
vt 0.661559 0.702148
vt 0.604522 0.764330
vt 0.604094 0.705055
f 5042/11122/5042 5163/11123/5163 5102/11124/5102
vt 0.291959 0.884115
vt 0.291959 0.916373
vt 0.339320 0.925816
f 5038/11125/5038 5080/11126/5080 5039/11127/5039
vt 0.661559 0.702148
vt 0.658902 0.752706
vt 0.604522 0.764330
f 5042/11128/5042 5041/11129/5041 5163/11130/5163
vt 0.489377 0.702148
vt 0.436842 0.764761
vt 0.433726 0.705162
f 5052/11131/5052 5064/11132/5064 5164/11133/5164
vt 0.489377 0.702148
vt 0.478095 0.752706
vt 0.436842 0.764761
f 5052/11134/5052 5051/11135/5051 5064/11136/5064
vt 0.129297 0.925816
vt 0.171946 0.916373
vt 0.140354 0.899400
f 5085/11137/5085 5054/11138/5054 5053/11139/5053
vt 0.436842 0.764761
vt 0.430958 0.681937
vt 0.433726 0.705162
f 5064/11140/5064 5165/11141/5165 5164/11142/5164
vt 0.436842 0.764761
vt 0.432534 0.742614
vt 0.430958 0.681937
f 5064/11143/5064 5063/11144/5063 5165/11145/5165
vt 0.436842 0.764761
vt 0.448901 0.851922
vt 0.441203 0.852115
f 5064/11146/5064 5166/11147/5166 5062/11148/5062
vt 0.436842 0.764761
vt 0.443733 0.767595
vt 0.448901 0.851922
f 5064/11149/5064 5167/11150/5167 5166/11151/5166
vt 0.513797 0.741081
vt 0.478095 0.752706
vt 0.518674 0.710090
f 5050/11152/5050 5051/11153/5051 5048/11154/5048
vt 0.174267 0.959517
vt 0.131618 0.923201
vt 0.146545 0.945937
f 5058/11155/5058 5172/11156/5172 5056/11157/5056
vt 0.174267 0.959517
vt 0.171946 0.930840
vt 0.131618 0.923201
f 5058/11158/5058 5087/11159/5087 5172/11160/5172
vt 0.174267 0.959517
vt 0.226820 0.995479
vt 0.230382 0.977155
f 5058/11161/5058 5173/11162/5173 5104/11163/5104
vt 0.174267 0.959517
vt 0.168413 0.977205
vt 0.226820 0.995479
f 5058/11164/5058 5057/11165/5057 5173/11166/5173
vt 0.236242 0.765192
vt 0.232289 0.681388
vt 0.237602 0.695283
f 5108/11167/5108 5180/11168/5180 5106/11169/5106
vt 0.236242 0.765192
vt 0.231681 0.742421
vt 0.232289 0.681388
f 5108/11170/5108 5117/11171/5117 5180/11172/5180
vt 0.236242 0.765192
vt 0.241900 0.831517
vt 0.236849 0.852419
f 5108/11173/5108 5118/11174/5118 5116/11175/5116
vt 0.236242 0.765192
vt 0.239462 0.742525
vt 0.241900 0.831517
f 5108/11176/5108 5107/11177/5107 5118/11178/5118
vt 0.604522 0.764330
vt 0.553688 0.752706
vt 0.604094 0.705055
f 5163/11179/5163 5103/11180/5103 5102/11181/5102
vt 0.275390 0.022013
vt 0.225585 0.028103
vt 0.226612 0.026951
f 5181/11182/5181 5182/11183/5182 5183/11184/5183
vt 0.550852 0.702148
vt 0.553688 0.752706
vt 0.513797 0.741081
f 5049/11185/5049 5103/11186/5103 5050/11187/5050
vt 0.171946 0.884115
vt 0.171946 0.916373
vt 0.230382 0.916373
f 5055/11188/5055 5054/11189/5054 5101/11190/5101
vt 0.226008 0.157031
vt 0.274905 0.209494
vt 0.275079 0.197893
f 5061/11191/5061 5184/11192/5184 5113/11193/5113
vt 0.226008 0.157031
vt 0.218035 0.164840
vt 0.274905 0.209494
f 5061/11194/5061 5060/11195/5060 5184/11196/5184
vt 0.336998 0.923201
vt 0.291959 0.930840
vt 0.320850 0.945937
f 5047/11197/5047 5044/11198/5044 5043/11199/5043
vt 0.289637 0.959517
vt 0.331014 0.955009
vt 0.320850 0.945937
f 5045/11200/5045 5187/11201/5187 5043/11202/5043
vt 0.289637 0.959517
vt 0.296048 0.979148
vt 0.331014 0.955009
f 5045/11203/5045 5105/11204/5105 5187/11205/5187
vt 0.131618 0.923201
vt 0.171946 0.930840
vt 0.129877 0.892494
f 5172/11206/5172 5087/11207/5087 5086/11208/5086
vt 0.431368 0.168666
vt 0.438834 0.208199
vt 0.450114 0.198594
f 5092/11209/5092 5192/11210/5192 5193/11211/5193
vt 0.431368 0.168666
vt 0.417166 0.173540
vt 0.438834 0.208199
f 5092/11212/5092 5091/11213/5091 5192/11214/5192
vt 0.171946 0.968369
vt 0.171946 0.916373
vt 0.129297 0.925816
f 5084/11215/5084 5054/11216/5054 5085/11217/5085
vt 0.327474 0.157031
vt 0.375930 0.109485
vt 0.366680 0.103711
f 5115/11218/5115 5200/11219/5200 5201/11220/5201
vt 0.327474 0.157031
vt 0.335075 0.165024
vt 0.375930 0.109485
f 5115/11221/5115 5114/11222/5114 5200/11223/5200
vt 0.440361 0.895341
vt 0.431440 0.854313
vt 0.441203 0.852115
f 5066/11224/5066 5203/11225/5203 5062/11226/5062
vt 0.440361 0.895341
vt 0.433798 0.897477
vt 0.431440 0.854313
f 5066/11227/5066 5122/11228/5122 5203/11229/5203
vt 0.221062 0.087259
vt 0.238025 0.082915
vt 0.238531 0.087949
f 5126/11230/5126 5206/11231/5206 5134/11232/5134
vt 0.221062 0.087259
vt 0.223413 0.082363
vt 0.238025 0.082915
f 5126/11233/5126 5125/11234/5125 5206/11235/5206
vt 0.249716 0.073523
vt 0.258692 0.079995
vt 0.238531 0.087949
f 5137/11236/5137 5094/11237/5094 5134/11238/5134
vt 0.249716 0.073523
vt 0.274719 0.063004
vt 0.274735 0.066361
f 5137/11239/5137 5139/11240/5139 5138/11241/5138
vt 0.249716 0.073523
vt 0.247827 0.070766
vt 0.274719 0.063004
f 5137/11242/5137 5136/11243/5136 5139/11244/5139
vt 0.027679 0.897694
vt 0.050212 0.928956
vt 0.035564 0.925510
f 5207/11245/5207 5208/11246/5208 5209/11247/5209
vt 0.027679 0.897694
vt 0.040527 0.900200
vt 0.050212 0.928956
f 5207/11248/5207 5210/11249/5210 5208/11250/5208
vt 0.782001 0.897694
vt 0.768111 0.851824
vt 0.775923 0.852115
f 5069/11251/5069 5211/11252/5211 5067/11253/5067
vt 0.782001 0.897694
vt 0.772830 0.897366
vt 0.768111 0.851824
f 5069/11254/5069 5133/11255/5133 5211/11256/5211
vt 0.301074 0.073523
vt 0.291435 0.079995
vt 0.274735 0.066361
f 5141/11257/5141 5096/11258/5096 5138/11259/5138
vt 0.301074 0.073523
vt 0.313998 0.082990
vt 0.313521 0.087949
f 5141/11260/5141 5212/11261/5212 5142/11262/5142
vt 0.301074 0.073523
vt 0.302929 0.070637
vt 0.313998 0.082990
f 5141/11263/5141 5140/11264/5140 5212/11265/5212
vt 0.332748 0.087259
vt 0.320604 0.094896
vt 0.313521 0.087949
f 5130/11266/5130 5213/11267/5213 5142/11268/5142
vt 0.332748 0.087259
vt 0.341237 0.094931
vt 0.320604 0.094896
f 5130/11269/5130 5129/11270/5129 5213/11271/5213
vt 0.274685 0.077751
vt 0.258692 0.079995
vt 0.249716 0.073523
f 5095/11272/5095 5094/11273/5094 5137/11274/5137
vt 0.274685 0.077751
vt 0.291435 0.079995
vt 0.274892 0.088228
f 5095/11275/5095 5096/11276/5096 5093/11277/5093
vt 0.254863 0.088377
vt 0.258692 0.079995
vt 0.274892 0.088228
f 5099/11278/5099 5094/11279/5094 5093/11280/5093
vt 0.254863 0.088377
vt 0.230960 0.094622
vt 0.238531 0.087949
f 5099/11281/5099 5215/11282/5215 5134/11283/5134
vt 0.254863 0.088377
vt 0.250451 0.093370
vt 0.230960 0.094622
f 5099/11284/5099 5098/11285/5098 5215/11286/5215
vt 0.295792 0.088377
vt 0.291435 0.079995
vt 0.301074 0.073523
f 5097/11287/5097 5096/11288/5096 5141/11289/5141
vt 0.295792 0.088377
vt 0.274859 0.091683
vt 0.274892 0.088228
f 5097/11290/5097 5216/11291/5216 5093/11292/5093
vt 0.295792 0.088377
vt 0.299911 0.093510
vt 0.274859 0.091683
f 5097/11293/5097 5143/11294/5143 5216/11295/5216
vt 0.179144 0.072714
vt 0.181538 0.100543
vt 0.181082 0.105353
f 5171/11296/5171 5220/11297/5220 5221/11298/5221
vt 0.179144 0.072714
vt 0.180183 0.071147
vt 0.181538 0.100543
f 5171/11299/5171 5170/11300/5170 5220/11301/5220
vt 0.226612 0.026951
vt 0.191358 0.043436
vt 0.191011 0.043330
f 5183/11302/5183 5169/11303/5169 5168/11304/5168
vt 0.226612 0.026951
vt 0.225585 0.028103
vt 0.191358 0.043436
f 5183/11305/5183 5182/11306/5182 5169/11307/5169
vt 0.326791 0.026951
vt 0.275363 0.022883
vt 0.275390 0.022013
f 5152/11308/5152 5226/11309/5226 5181/11310/5181
vt 0.326791 0.026951
vt 0.327766 0.028055
vt 0.275363 0.022883
f 5152/11311/5152 5151/11312/5151 5226/11313/5226
vt 0.181141 0.109134
vt 0.218035 0.164840
vt 0.190718 0.103711
f 5231/11314/5231 5060/11315/5060 5059/11316/5059
vt 0.973971 0.816089
vt 0.914762 0.775612
vt 0.973934 0.721239
f 5232/11317/5232 5233/11318/5233 5234/11319/5234
vt 0.786312 0.854693
vt 0.794849 0.900200
vt 0.775923 0.852115
f 5235/11320/5235 5068/11321/5068 5067/11322/5067
vt 0.973605 0.493908
vt 0.931578 0.600600
vt 0.914508 0.536042
f 5236/11323/5236 5237/11324/5237 5238/11325/5238
vt 0.274859 0.091683
vt 0.250451 0.093370
vt 0.274892 0.088228
f 5216/11326/5216 5098/11327/5098 5093/11328/5093
vt 0.798199 0.660492
vt 0.818525 0.678512
vt 0.806015 0.685282
f 5239/11329/5239 5240/11330/5240 5241/11331/5241
vt 0.798199 0.660492
vt 0.817280 0.640819
vt 0.818294 0.659942
f 5239/11332/5239 5242/11333/5242 5243/11334/5243
vt 0.274905 0.209494
vt 0.335075 0.165024
vt 0.275079 0.197893
f 5184/11335/5184 5114/11336/5114 5113/11337/5113
vt 0.987426 0.657565
vt 0.936371 0.658046
vt 0.974836 0.591670
f 5244/11338/5244 5245/11339/5245 5246/11340/5246
vt 0.987426 0.657565
vt 0.931400 0.713602
vt 0.936371 0.658046
f 5244/11341/5244 5247/11342/5247 5245/11343/5245
vt 0.428700 0.926281
vt 0.433798 0.897477
vt 0.435962 0.923157
f 5248/11344/5248 5122/11345/5122 5121/11346/5121
vt 0.874648 0.749552
vt 0.931400 0.713602
vt 0.914762 0.775612
f 5249/11347/5249 5247/11348/5247 5233/11349/5233
vt 0.898303 0.658669
vt 0.931578 0.600600
vt 0.936371 0.658046
f 5250/11350/5250 5237/11351/5237 5245/11352/5245
vt 0.873131 0.563880
vt 0.858265 0.620083
vt 0.841361 0.589365
f 5254/11353/5254 5255/11354/5255 5256/11355/5256
vt 0.230960 0.094622
vt 0.212049 0.094594
vt 0.238531 0.087949
f 5215/11356/5215 5135/11357/5135 5134/11358/5134
vt 0.821552 0.705244
vt 0.806015 0.685282
vt 0.835325 0.687059
f 5257/11359/5257 5241/11360/5241 5252/11361/5252
vt 0.821552 0.705244
vt 0.859528 0.696832
vt 0.843869 0.726246
f 5257/11362/5257 5251/11363/5251 5258/11364/5258
vt 0.840216 0.659591
vt 0.818294 0.659942
vt 0.833819 0.631246
f 5259/11365/5259 5243/11366/5243 5260/11367/5260
vt 0.840216 0.659591
vt 0.858265 0.620083
vt 0.865514 0.659189
f 5259/11368/5259 5255/11369/5255 5253/11370/5253
vt 0.840216 0.659591
vt 0.818525 0.678512
vt 0.818294 0.659942
f 5259/11371/5259 5240/11372/5240 5243/11373/5243
vt 0.320604 0.094896
vt 0.299911 0.093510
vt 0.313521 0.087949
f 5213/11374/5213 5143/11375/5143 5142/11376/5142
vt 0.818901 0.612644
vt 0.817280 0.640819
vt 0.804142 0.634409
f 5261/11377/5261 5242/11378/5242 5262/11379/5262
vt 0.973934 0.721239
vt 0.931400 0.713602
vt 0.987426 0.657565
f 5234/11380/5234 5247/11381/5247 5244/11382/5244
vt 0.974836 0.591670
vt 0.931578 0.600600
vt 0.973605 0.493908
f 5246/11383/5246 5237/11384/5237 5236/11385/5236
vt 0.914762 0.775612
vt 0.931400 0.713602
vt 0.973934 0.721239
f 5233/11386/5233 5247/11387/5247 5234/11388/5234
vt 0.843869 0.726246
vt 0.891713 0.706207
vt 0.874648 0.749552
f 5258/11389/5258 5263/11390/5263 5249/11391/5249
vt 0.843869 0.726246
vt 0.859528 0.696832
vt 0.891713 0.706207
f 5258/11392/5258 5251/11393/5251 5263/11394/5263
vt 0.936371 0.658046
vt 0.891713 0.706207
vt 0.898303 0.658669
f 5245/11395/5245 5263/11396/5263 5250/11397/5250
vt 0.936371 0.658046
vt 0.931400 0.713602
vt 0.891713 0.706207
f 5245/11398/5245 5247/11399/5247 5263/11400/5263
vt 0.936371 0.658046
vt 0.931578 0.600600
vt 0.974836 0.591670
f 5245/11401/5245 5237/11402/5237 5246/11403/5246
vt 0.891713 0.706207
vt 0.931400 0.713602
vt 0.874648 0.749552
f 5263/11404/5263 5247/11405/5247 5249/11406/5249
vt 0.891713 0.706207
vt 0.859528 0.696832
vt 0.898303 0.658669
f 5263/11407/5263 5251/11408/5251 5250/11409/5250
vt 0.865514 0.659189
vt 0.835325 0.687059
vt 0.840216 0.659591
f 5253/11410/5253 5252/11411/5252 5259/11412/5259
vt 0.865514 0.659189
vt 0.891096 0.609261
vt 0.898303 0.658669
f 5253/11413/5253 5264/11414/5264 5250/11415/5250
vt 0.865514 0.659189
vt 0.858265 0.620083
vt 0.891096 0.609261
f 5253/11416/5253 5255/11417/5255 5264/11418/5264
vt 0.835325 0.687059
vt 0.859528 0.696832
vt 0.821552 0.705244
f 5252/11419/5252 5251/11420/5251 5257/11421/5257
vt 0.835325 0.687059
vt 0.818525 0.678512
vt 0.840216 0.659591
f 5252/11422/5252 5240/11423/5240 5259/11424/5259
vt 0.914508 0.536042
vt 0.891096 0.609261
vt 0.873131 0.563880
f 5238/11425/5238 5264/11426/5264 5254/11427/5254
vt 0.914508 0.536042
vt 0.931578 0.600600
vt 0.891096 0.609261
f 5238/11428/5238 5237/11429/5237 5264/11430/5264
vt 0.841361 0.589365
vt 0.833819 0.631246
vt 0.818901 0.612644
f 5256/11431/5256 5260/11432/5260 5261/11433/5261
vt 0.841361 0.589365
vt 0.858265 0.620083
vt 0.833819 0.631246
f 5256/11434/5256 5255/11435/5255 5260/11436/5260
vt 0.891096 0.609261
vt 0.931578 0.600600
vt 0.898303 0.658669
f 5264/11437/5264 5237/11438/5237 5250/11439/5250
vt 0.891096 0.609261
vt 0.858265 0.620083
vt 0.873131 0.563880
f 5264/11440/5264 5255/11441/5255 5254/11442/5254
vt 0.833819 0.631246
vt 0.858265 0.620083
vt 0.840216 0.659591
f 5260/11443/5260 5255/11444/5255 5259/11445/5259
vt 0.833819 0.631246
vt 0.817280 0.640819
vt 0.818901 0.612644
f 5260/11446/5260 5242/11447/5242 5261/11448/5261
vt 0.806015 0.685282
vt 0.818525 0.678512
vt 0.835325 0.687059
f 5241/11449/5241 5240/11450/5240 5252/11451/5252
vt 0.818294 0.659942
vt 0.818525 0.678512
vt 0.798199 0.660492
f 5243/11452/5243 5240/11453/5240 5239/11454/5239
vt 0.818294 0.659942
vt 0.817280 0.640819
vt 0.833819 0.631246
f 5243/11455/5243 5242/11456/5242 5260/11457/5260
vt 0.804142 0.634409
vt 0.817280 0.640819
vt 0.798199 0.660492
f 5262/11458/5262 5242/11459/5242 5239/11460/5239
vt 0.124465 0.768586
vt 0.177424 0.731886
vt 0.173539 0.789034
f 5265/11461/5265 5266/11462/5266 5267/11463/5267
vt 0.124465 0.768586
vt 0.135674 0.818004
vt 0.087025 0.789417
f 5265/11464/5265 5268/11465/5268 5269/11466/5269
vt 0.331014 0.955009
vt 0.350300 0.927773
vt 0.320850 0.945937
f 5187/11467/5187 5046/11468/5046 5043/11469/5043
vt 0.115175 0.688162
vt 0.163555 0.679026
vt 0.114089 0.721528
f 5270/11470/5270 5271/11471/5271 5272/11472/5272
vt 0.115175 0.688162
vt 0.069320 0.732331
vt 0.075431 0.679191
f 5270/11473/5270 5273/11474/5273 5274/11475/5274
vt 0.031090 0.832004
vt 0.069320 0.732331
vt 0.087025 0.789417
f 5071/11476/5071 5273/11477/5273 5269/11478/5269
vt 0.031090 0.832004
vt 0.135674 0.818004
vt 0.137905 0.847713
f 5071/11479/5071 5268/11480/5268 5072/11481/5072
vt 0.786664 0.681518
vt 0.785596 0.742558
vt 0.783490 0.705162
f 5275/11482/5275 5082/11483/5082 5076/11484/5076
vt 0.032342 0.681518
vt 0.075431 0.679191
vt 0.031274 0.742558
f 5276/11485/5276 5274/11486/5274 5277/11487/5277
vt 0.234363 0.997420
vt 0.296048 0.979148
vt 0.230382 0.977155
f 5278/11488/5278 5105/11489/5105 5104/11490/5104
vt 0.232289 0.681388
vt 0.177424 0.731886
vt 0.163555 0.679026
f 5180/11491/5180 5266/11492/5266 5271/11493/5271
vt 0.230185 0.831824
vt 0.231681 0.742421
vt 0.236849 0.852419
f 5202/11494/5202 5117/11495/5117 5116/11496/5116
vt 0.230185 0.831824
vt 0.173539 0.789034
vt 0.231681 0.742421
f 5202/11497/5202 5267/11498/5267 5117/11499/5117
vt 0.230185 0.831824
vt 0.137905 0.847713
vt 0.173539 0.789034
f 5202/11500/5202 5072/11501/5072 5267/11502/5267
vt 0.031274 0.742558
vt 0.069320 0.732331
vt 0.031090 0.832004
f 5277/11503/5277 5273/11504/5273 5071/11505/5071
vt 0.231681 0.742421
vt 0.177424 0.731886
vt 0.232289 0.681388
f 5117/11506/5117 5266/11507/5266 5180/11508/5180
vt 0.087025 0.789417
vt 0.114089 0.721528
vt 0.124465 0.768586
f 5269/11509/5269 5272/11510/5272 5265/11511/5265
vt 0.087025 0.789417
vt 0.069320 0.732331
vt 0.114089 0.721528
f 5269/11512/5269 5273/11513/5273 5272/11514/5272
vt 0.087025 0.789417
vt 0.135674 0.818004
vt 0.031090 0.832004
f 5269/11515/5269 5268/11516/5268 5071/11517/5071
vt 0.114089 0.721528
vt 0.069320 0.732331
vt 0.115175 0.688162
f 5272/11518/5272 5273/11519/5273 5270/11520/5270
vt 0.114089 0.721528
vt 0.177424 0.731886
vt 0.124465 0.768586
f 5272/11521/5272 5266/11522/5266 5265/11523/5265
vt 0.075431 0.679191
vt 0.069320 0.732331
vt 0.031274 0.742558
f 5274/11524/5274 5273/11525/5273 5277/11526/5277
vt 0.163555 0.679026
vt 0.177424 0.731886
vt 0.114089 0.721528
f 5271/11527/5271 5266/11528/5266 5272/11529/5272
vt 0.173539 0.789034
vt 0.177424 0.731886
vt 0.231681 0.742421
f 5267/11530/5267 5266/11531/5266 5117/11532/5117
vt 0.173539 0.789034
vt 0.135674 0.818004
vt 0.124465 0.768586
f 5267/11533/5267 5268/11534/5268 5265/11535/5265
vt 0.137905 0.847713
vt 0.135674 0.818004
vt 0.173539 0.789034
f 5072/11536/5072 5268/11537/5268 5267/11538/5267
vt 0.341399 0.768383
vt 0.331547 0.817483
vt 0.295059 0.788819
f 5279/11539/5279 5280/11540/5280 5281/11541/5281
vt 0.341399 0.768383
vt 0.394473 0.732384
vt 0.377753 0.788983
f 5279/11542/5279 5282/11543/5282 5283/11544/5283
vt 0.137564 0.953233
vt 0.168413 0.977205
vt 0.146545 0.945937
f 5284/11545/5284 5057/11546/5057 5056/11547/5056
vt 0.350743 0.688453
vt 0.388607 0.679578
vt 0.351063 0.721596
f 5285/11548/5285 5286/11549/5286 5287/11550/5287
vt 0.350743 0.688453
vt 0.291575 0.731992
vt 0.305957 0.679304
f 5285/11551/5285 5288/11552/5288 5289/11553/5289
vt 0.433411 0.831478
vt 0.432534 0.742614
vt 0.441203 0.852115
f 5185/11554/5185 5063/11555/5063 5062/11556/5062
vt 0.433411 0.831478
vt 0.377753 0.788983
vt 0.432534 0.742614
f 5185/11557/5185 5283/11558/5283 5063/11559/5063
vt 0.430958 0.681937
vt 0.394473 0.732384
vt 0.388607 0.679578
f 5165/11560/5165 5282/11561/5282 5286/11562/5286
vt 0.240084 0.681672
vt 0.239462 0.742525
vt 0.237602 0.695283
f 5290/11563/5290 5107/11564/5107 5106/11565/5106
vt 0.241900 0.831517
vt 0.291575 0.731992
vt 0.295059 0.788819
f 5118/11566/5118 5288/11567/5288 5281/11568/5281
vt 0.241900 0.831517
vt 0.331547 0.817483
vt 0.331357 0.847079
f 5118/11569/5118 5280/11570/5280 5119/11571/5119
vt 0.432534 0.742614
vt 0.394473 0.732384
vt 0.430958 0.681937
f 5063/11572/5063 5282/11573/5282 5165/11574/5165
vt 0.305957 0.679304
vt 0.239462 0.742525
vt 0.240084 0.681672
f 5289/11575/5289 5107/11576/5107 5290/11577/5290
vt 0.305957 0.679304
vt 0.291575 0.731992
vt 0.239462 0.742525
f 5289/11578/5289 5288/11579/5288 5107/11580/5107
vt 0.239462 0.742525
vt 0.291575 0.731992
vt 0.241900 0.831517
f 5107/11581/5107 5288/11582/5288 5118/11583/5118
vt 0.295059 0.788819
vt 0.351063 0.721596
vt 0.341399 0.768383
f 5281/11584/5281 5287/11585/5287 5279/11586/5279
vt 0.295059 0.788819
vt 0.291575 0.731992
vt 0.351063 0.721596
f 5281/11587/5281 5288/11588/5288 5287/11589/5287
vt 0.295059 0.788819
vt 0.331547 0.817483
vt 0.241900 0.831517
f 5281/11590/5281 5280/11591/5280 5118/11592/5118
vt 0.351063 0.721596
vt 0.291575 0.731992
vt 0.350743 0.688453
f 5287/11593/5287 5288/11594/5288 5285/11595/5285
vt 0.351063 0.721596
vt 0.394473 0.732384
vt 0.341399 0.768383
f 5287/11596/5287 5282/11597/5282 5279/11598/5279
vt 0.331357 0.847079
vt 0.377753 0.788983
vt 0.433411 0.831478
f 5119/11599/5119 5283/11600/5283 5185/11601/5185
vt 0.331357 0.847079
vt 0.331547 0.817483
vt 0.377753 0.788983
f 5119/11602/5119 5280/11603/5280 5283/11604/5283
vt 0.377753 0.788983
vt 0.331547 0.817483
vt 0.341399 0.768383
f 5283/11605/5283 5280/11606/5280 5279/11607/5279
vt 0.377753 0.788983
vt 0.394473 0.732384
vt 0.432534 0.742614
f 5283/11608/5283 5282/11609/5282 5063/11610/5063
vt 0.388607 0.679578
vt 0.394473 0.732384
vt 0.351063 0.721596
f 5286/11611/5286 5282/11612/5282 5287/11613/5287
vt 0.448901 0.851922
vt 0.445374 0.895183
vt 0.441203 0.852115
f 5166/11614/5166 5065/11615/5065 5062/11616/5062
vt 0.448901 0.851922
vt 0.449361 0.898311
vt 0.445374 0.895183
f 5166/11617/5166 5291/11618/5291 5065/11619/5065
vt 0.768111 0.851824
vt 0.773672 0.767585
vt 0.775923 0.852115
f 5211/11620/5211 5074/11621/5074 5067/11622/5067
vt 0.768111 0.851824
vt 0.775695 0.768872
vt 0.773672 0.767585
f 5211/11623/5211 5292/11624/5292 5074/11625/5074
vt 0.208880 0.080211
vt 0.214599 0.075976
vt 0.223413 0.082363
f 5124/11626/5124 5293/11627/5293 5125/11628/5125
vt 0.779331 0.924921
vt 0.764906 0.900875
vt 0.772830 0.897366
f 5132/11629/5132 5294/11630/5294 5133/11631/5133
vt 0.238025 0.082915
vt 0.247827 0.070766
vt 0.238531 0.087949
f 5206/11632/5206 5136/11633/5136 5134/11634/5134
vt 0.238025 0.082915
vt 0.241871 0.062367
vt 0.247827 0.070766
f 5206/11635/5206 5295/11636/5295 5136/11637/5136
vt 0.274719 0.063004
vt 0.308489 0.062153
vt 0.302929 0.070637
f 5139/11638/5139 5296/11639/5296 5140/11640/5140
vt 0.313998 0.082990
vt 0.330373 0.082437
vt 0.313521 0.087949
f 5212/11641/5212 5144/11642/5144 5142/11643/5142
vt 0.313998 0.082990
vt 0.338679 0.075756
vt 0.330373 0.082437
f 5212/11644/5212 5297/11645/5297 5144/11646/5144
vt 0.377033 0.100544
vt 0.378379 0.071200
vt 0.377566 0.105353
f 5298/11647/5298 5147/11648/5147 5146/11649/5146
vt 0.352148 0.962381
vt 0.366708 0.924942
vt 0.353760 0.928842
f 5299/11650/5299 5300/11651/5300 5301/11652/5301
vt 0.365898 0.043457
vt 0.327766 0.028055
vt 0.366325 0.043330
f 5217/11653/5217 5151/11654/5151 5150/11655/5150
vt 0.338807 0.897133
vt 0.297569 0.867692
vt 0.293126 0.879529
f 5302/11656/5302 5303/11657/5303 5304/11658/5304
vt 0.443733 0.767595
vt 0.451545 0.854738
vt 0.448901 0.851922
f 5167/11659/5167 5305/11660/5305 5166/11661/5166
vt 0.443733 0.767595
vt 0.441615 0.768748
vt 0.451545 0.854738
f 5167/11662/5167 5306/11663/5306 5305/11664/5305
vt 0.129713 0.897110
vt 0.103315 0.925232
vt 0.116325 0.928782
f 5307/11665/5307 5308/11666/5308 5309/11667/5309
vt 0.275363 0.022883
vt 0.225585 0.028103
vt 0.275390 0.022013
f 5226/11668/5226 5182/11669/5182 5181/11670/5181
vt 0.230349 0.873618
vt 0.165910 0.867840
vt 0.170716 0.879584
f 5310/11671/5310 5311/11672/5311 5312/11673/5312
vt 0.445374 0.895183
vt 0.446637 0.926598
vt 0.441526 0.922738
f 5065/11674/5065 5313/11675/5313 5204/11676/5204
vt 0.445374 0.895183
vt 0.449361 0.898311
vt 0.446637 0.926598
f 5065/11677/5065 5291/11678/5291 5313/11679/5313
vt 0.223413 0.082363
vt 0.229975 0.076708
vt 0.238025 0.082915
f 5125/11680/5125 5314/11681/5314 5206/11682/5206
vt 0.223413 0.082363
vt 0.214599 0.075976
vt 0.229975 0.076708
f 5125/11683/5125 5293/11684/5293 5314/11685/5314
vt 0.247827 0.070766
vt 0.274622 0.052688
vt 0.274719 0.063004
f 5136/11686/5136 5315/11687/5315 5139/11688/5139
vt 0.247827 0.070766
vt 0.241871 0.062367
vt 0.274622 0.052688
f 5136/11689/5136 5295/11690/5295 5315/11691/5315
vt 0.772830 0.897366
vt 0.764801 0.855146
vt 0.768111 0.851824
f 5133/11692/5133 5316/11693/5316 5211/11694/5211
vt 0.772830 0.897366
vt 0.764906 0.900875
vt 0.764801 0.855146
f 5133/11695/5133 5294/11696/5294 5316/11697/5316
vt 0.302929 0.070637
vt 0.321554 0.076521
vt 0.313998 0.082990
f 5140/11698/5140 5317/11699/5317 5212/11700/5212
vt 0.302929 0.070637
vt 0.308489 0.062153
vt 0.321554 0.076521
f 5140/11701/5140 5296/11702/5296 5317/11703/5317
vt 0.353760 0.928842
vt 0.347759 0.887669
vt 0.338807 0.897133
f 5301/11704/5301 5319/11705/5319 5302/11706/5302
vt 0.353760 0.928842
vt 0.366708 0.924942
vt 0.347759 0.887669
f 5301/11707/5301 5300/11708/5300 5319/11709/5319
vt 0.116325 0.928782
vt 0.104838 0.962194
vt 0.117949 0.962380
f 5309/11710/5309 5320/11711/5320 5321/11712/5321
vt 0.116325 0.928782
vt 0.103315 0.925232
vt 0.104838 0.962194
f 5309/11713/5309 5308/11714/5308 5320/11715/5320
vt 0.170716 0.879584
vt 0.120290 0.888036
vt 0.129713 0.897110
f 5312/11716/5312 5322/11717/5322 5307/11718/5307
vt 0.170716 0.879584
vt 0.165910 0.867840
vt 0.120290 0.888036
f 5312/11719/5312 5311/11720/5311 5322/11721/5322
vt 0.293126 0.879529
vt 0.230269 0.860856
vt 0.230349 0.873618
f 5304/11722/5304 5323/11723/5323 5310/11724/5310
vt 0.293126 0.879529
vt 0.297569 0.867692
vt 0.230269 0.860856
f 5304/11725/5304 5303/11726/5303 5323/11727/5323
vt 0.513675 0.788679
vt 0.517452 0.838697
vt 0.483817 0.809429
f 5324/11728/5324 5325/11729/5325 5326/11730/5326
vt 0.513675 0.788679
vt 0.553939 0.758354
vt 0.543952 0.809256
f 5324/11731/5324 5327/11732/5327 5328/11733/5328
vt 0.701668 0.788833
vt 0.738666 0.758321
vt 0.732661 0.809581
f 5329/11734/5329 5330/11735/5330 5331/11736/5331
vt 0.604202 0.854867
vt 0.608226 0.900997
vt 0.525003 0.870161
f 5332/11737/5332 5333/11738/5333 5334/11739/5334
vt 0.604202 0.854867
vt 0.696574 0.838817
vt 0.686853 0.870340
f 5332/11740/5332 5335/11741/5335 5336/11742/5336
vt 0.604202 0.854867
vt 0.685845 0.899664
vt 0.608226 0.900997
f 5332/11743/5332 5337/11744/5337 5333/11745/5333
vt 0.604202 0.854867
vt 0.658734 0.758390
vt 0.668869 0.809304
f 5332/11746/5332 5338/11747/5338 5339/11748/5339
vt 0.607705 0.930541
vt 0.606830 0.955034
vt 0.526893 0.932580
f 5340/11749/5340 5341/11750/5341 5342/11751/5342
vt 0.607705 0.930541
vt 0.529077 0.904055
vt 0.608226 0.900997
f 5340/11752/5340 5343/11753/5343 5333/11754/5333
vt 0.607705 0.930541
vt 0.688074 0.955515
vt 0.606830 0.955034
f 5340/11755/5340 5344/11756/5344 5341/11757/5341
vt 0.525003 0.870161
vt 0.543952 0.809256
vt 0.604202 0.854867
f 5334/11758/5334 5328/11759/5328 5332/11760/5332
vt 0.525003 0.870161
vt 0.517452 0.838697
vt 0.543952 0.809256
f 5334/11761/5334 5325/11762/5325 5328/11763/5328
vt 0.525003 0.870161
vt 0.451545 0.854738
vt 0.517452 0.838697
f 5334/11764/5334 5305/11765/5305 5325/11766/5325
vt 0.543952 0.809256
vt 0.517452 0.838697
vt 0.513675 0.788679
f 5328/11767/5328 5325/11768/5325 5324/11769/5324
vt 0.543952 0.809256
vt 0.604841 0.769962
vt 0.604202 0.854867
f 5328/11770/5328 5345/11771/5345 5332/11772/5332
vt 0.543952 0.809256
vt 0.553939 0.758354
vt 0.604841 0.769962
f 5328/11773/5328 5327/11774/5327 5345/11775/5345
vt 0.483817 0.809429
vt 0.514962 0.747552
vt 0.513675 0.788679
f 5326/11776/5326 5346/11777/5346 5324/11778/5324
vt 0.483817 0.809429
vt 0.478437 0.758168
vt 0.514962 0.747552
f 5326/11779/5326 5347/11780/5347 5346/11781/5346
vt 0.732661 0.809581
vt 0.696574 0.838817
vt 0.701668 0.788833
f 5331/11782/5331 5335/11783/5335 5329/11784/5329
vt 0.732661 0.809581
vt 0.775695 0.768872
vt 0.764801 0.855146
f 5331/11785/5331 5292/11786/5292 5316/11787/5316
vt 0.732661 0.809581
vt 0.738666 0.758321
vt 0.775695 0.768872
f 5331/11788/5331 5330/11789/5330 5292/11790/5292
vt 0.686853 0.870340
vt 0.685845 0.899664
vt 0.604202 0.854867
f 5336/11791/5336 5337/11792/5337 5332/11793/5332
vt 0.686853 0.870340
vt 0.764906 0.900875
vt 0.685845 0.899664
f 5336/11794/5336 5294/11795/5294 5337/11796/5337
vt 0.668869 0.809304
vt 0.696574 0.838817
vt 0.604202 0.854867
f 5339/11797/5339 5335/11798/5335 5332/11799/5332
vt 0.668869 0.809304
vt 0.658734 0.758390
vt 0.701095 0.747602
f 5339/11800/5339 5338/11801/5338 5348/11802/5348
vt 0.526893 0.932580
vt 0.529077 0.904055
vt 0.607705 0.930541
f 5342/11803/5342 5343/11804/5343 5340/11805/5340
vt 0.526893 0.932580
vt 0.449361 0.898311
vt 0.529077 0.904055
f 5342/11806/5342 5291/11807/5291 5343/11808/5343
vt 0.608226 0.900997
vt 0.687396 0.929951
vt 0.607705 0.930541
f 5333/11809/5333 5349/11810/5349 5340/11811/5340
vt 0.608226 0.900997
vt 0.529077 0.904055
vt 0.525003 0.870161
f 5333/11812/5333 5343/11813/5343 5334/11814/5334
vt 0.608226 0.900997
vt 0.685845 0.899664
vt 0.687396 0.929951
f 5333/11815/5333 5337/11816/5337 5349/11817/5349
vt 0.606830 0.955034
vt 0.525176 0.956620
vt 0.526893 0.932580
f 5341/11818/5341 5350/11819/5350 5342/11820/5342
vt 0.606830 0.955034
vt 0.605720 0.980511
vt 0.525176 0.956620
f 5341/11821/5341 5351/11822/5351 5350/11823/5350
vt 0.606830 0.955034
vt 0.687141 0.981537
vt 0.605720 0.980511
f 5341/11824/5341 5352/11825/5352 5351/11826/5351
vt 0.687396 0.929951
vt 0.688074 0.955515
vt 0.607705 0.930541
f 5349/11827/5349 5344/11828/5344 5340/11829/5340
vt 0.687396 0.929951
vt 0.766073 0.952919
vt 0.688074 0.955515
f 5349/11830/5349 5353/11831/5353 5344/11832/5344
vt 0.517452 0.838697
vt 0.451545 0.854738
vt 0.483817 0.809429
f 5325/11833/5325 5305/11834/5305 5326/11835/5326
vt 0.529077 0.904055
vt 0.451545 0.854738
vt 0.525003 0.870161
f 5343/11836/5343 5305/11837/5305 5334/11838/5334
vt 0.529077 0.904055
vt 0.449361 0.898311
vt 0.451545 0.854738
f 5343/11839/5343 5291/11840/5291 5305/11841/5305
vt 0.525176 0.956620
vt 0.446637 0.926598
vt 0.526893 0.932580
f 5350/11842/5350 5313/11843/5313 5342/11844/5342
vt 0.525176 0.956620
vt 0.447338 0.950471
vt 0.446637 0.926598
f 5350/11845/5350 5354/11846/5354 5313/11847/5313
vt 0.525176 0.956620
vt 0.524564 0.980911
vt 0.447338 0.950471
f 5350/11848/5350 5355/11849/5355 5354/11850/5354
vt 0.685845 0.899664
vt 0.769027 0.929127
vt 0.687396 0.929951
f 5337/11851/5337 5356/11852/5356 5349/11853/5349
vt 0.685845 0.899664
vt 0.764906 0.900875
vt 0.769027 0.929127
f 5337/11854/5337 5294/11855/5294 5356/11856/5356
vt 0.688074 0.955515
vt 0.687141 0.981537
vt 0.606830 0.955034
f 5344/11857/5344 5352/11858/5352 5341/11859/5341
vt 0.688074 0.955515
vt 0.766073 0.952919
vt 0.756153 0.979227
f 5344/11860/5344 5353/11861/5353 5357/11862/5357
vt 0.451545 0.854738
vt 0.449361 0.898311
vt 0.448901 0.851922
f 5305/11863/5305 5291/11864/5291 5166/11865/5166
vt 0.451545 0.854738
vt 0.478437 0.758168
vt 0.483817 0.809429
f 5305/11866/5305 5347/11867/5347 5326/11868/5326
vt 0.764801 0.855146
vt 0.775695 0.768872
vt 0.768111 0.851824
f 5316/11869/5316 5292/11870/5292 5211/11871/5211
vt 0.764801 0.855146
vt 0.764906 0.900875
vt 0.686853 0.870340
f 5316/11872/5316 5294/11873/5294 5336/11874/5336
vt 0.446637 0.926598
vt 0.449361 0.898311
vt 0.526893 0.932580
f 5313/11875/5313 5291/11876/5291 5342/11877/5342
vt 0.198796 0.073725
vt 0.214599 0.075976
vt 0.208880 0.080211
f 5358/11878/5358 5293/11879/5293 5124/11880/5124
vt 0.769027 0.929127
vt 0.764906 0.900875
vt 0.779331 0.924921
f 5356/11881/5356 5294/11882/5294 5132/11883/5132
vt 0.769027 0.929127
vt 0.766073 0.952919
vt 0.687396 0.929951
f 5356/11884/5356 5353/11885/5353 5349/11886/5349
vt 0.229975 0.076708
vt 0.241871 0.062367
vt 0.238025 0.082915
f 5314/11887/5314 5295/11888/5295 5206/11889/5206
vt 0.605720 0.980511
vt 0.524564 0.980911
vt 0.525176 0.956620
f 5351/11890/5351 5355/11891/5355 5350/11892/5350
vt 0.274622 0.052688
vt 0.308489 0.062153
vt 0.274719 0.063004
f 5315/11893/5315 5296/11894/5296 5139/11895/5139
vt 0.756153 0.979227
vt 0.687141 0.981537
vt 0.688074 0.955515
f 5357/11896/5357 5352/11897/5352 5344/11898/5344
vt 0.321554 0.076521
vt 0.338679 0.075756
vt 0.313998 0.082990
f 5317/11899/5317 5297/11900/5297 5212/11901/5212
vt 0.365236 0.962112
vt 0.366708 0.924942
vt 0.352148 0.962381
f 5359/11902/5359 5300/11903/5300 5299/11904/5299
vt 0.701095 0.747602
vt 0.738666 0.758321
vt 0.701668 0.788833
f 5348/11905/5348 5330/11906/5330 5329/11907/5329
vt 0.347759 0.887669
vt 0.297569 0.867692
vt 0.338807 0.897133
f 5319/11908/5319 5303/11909/5303 5302/11910/5302
vt 0.441615 0.768748
vt 0.478437 0.758168
vt 0.451545 0.854738
f 5306/11911/5306 5347/11912/5347 5305/11913/5305
vt 0.120290 0.888036
vt 0.103315 0.925232
vt 0.129713 0.897110
f 5322/11914/5322 5308/11915/5308 5307/11916/5307
vt 0.514962 0.747552
vt 0.553939 0.758354
vt 0.513675 0.788679
f 5346/11917/5346 5327/11918/5327 5324/11919/5324
vt 0.230269 0.860856
vt 0.165910 0.867840
vt 0.230349 0.873618
f 5323/11920/5323 5311/11921/5311 5310/11922/5310
vt 0.604841 0.769962
vt 0.658734 0.758390
vt 0.604202 0.854867
f 5345/11923/5345 5338/11924/5338 5332/11925/5332
vt 0.447338 0.950471
vt 0.524564 0.980911
vt 0.450605 0.976588
f 5354/11926/5354 5355/11927/5355 5360/11928/5360
vt 0.230382 0.970996
vt 0.171946 0.916373
vt 0.171946 0.968369
f 5361/11929/5361 5362/11930/5362 5363/11931/5363
vt 0.291959 0.968369
vt 0.230382 0.916373
vt 0.230382 0.970996
f 5374/11932/5374 5375/11933/5375 5361/11934/5361
vt 0.291959 0.968369
vt 0.291959 0.916373
vt 0.230382 0.916373
f 5374/11935/5374 5376/11936/5376 5375/11937/5375
vt 0.230382 0.916373
vt 0.171946 0.916373
vt 0.230382 0.970996
f 5375/11938/5375 5362/11939/5362 5361/11940/5361
vt 0.880423 0.463822
vt 0.873144 0.457488
vt 0.863439 0.457705
vt 0.873144 0.466295
f 4321/11941/4321 4322/11942/4322 4323/11943/4323 4324/11944/4324
vt 0.863439 0.457705
vt 0.873144 0.457488
vt 0.873144 0.448681
vt 0.865865 0.450938
f 4323/11945/4323 4322/11946/4322 4326/11947/4326 4327/11948/4327
vt 0.873144 0.448681
vt 0.873144 0.457488
vt 0.882850 0.457271
vt 0.880423 0.450829
f 4326/11949/4326 4322/11950/4322 4328/11951/4328 4329/11952/4329
vt 0.870785 0.066073
vt 0.889843 0.066073
vt 0.888231 0.039617
vt 0.870785 0.039617
f 4359/11953/4359 4360/11954/4360 4361/11955/4361 4362/11956/4362
vt 0.870785 0.066073
vt 0.889442 0.077822
vt 0.907953 0.087340
vt 0.889843 0.066073
f 4359/11957/4359 4363/11958/4363 4364/11959/4364 4360/11960/4360
vt 0.870785 0.166805
vt 0.847990 0.184720
vt 0.854977 0.204782
vt 0.870785 0.200179
f 4388/11961/4388 4389/11962/4389 4390/11963/4390 4387/11964/4387
vt 0.870785 0.166805
vt 0.838730 0.154777
vt 0.834340 0.162639
vt 0.847990 0.184720
f 4388/11965/4388 4391/11966/4391 4392/11967/4392 4389/11968/4389
vt 0.870785 0.166805
vt 0.914539 0.177574
vt 0.939270 0.177060
vt 0.907229 0.162639
f 4388/11969/4388 4395/11970/4395 4396/11971/4396 4393/11972/4393
vt 0.804801 0.153822
vt 0.827031 0.177574
vt 0.834340 0.162639
vt 0.816869 0.144644
f 4402/11973/4402 4403/11974/4403 4392/11975/4392 4404/11976/4404
vt 0.784032 0.188300
vt 0.768906 0.204109
vt 0.768906 0.230663
vt 0.781905 0.203455
f 4416/11977/4416 4419/11978/4419 4350/11979/4350 4420/11980/4420
vt 0.860907 0.405418
vt 0.857178 0.407272
vt 0.862038 0.417513
vt 0.866325 0.416973
f 4441/11981/4441 4442/11982/4442 4443/11983/4443 4444/11984/4444
vt 0.826204 0.401650
vt 0.826187 0.404015
vt 0.842496 0.403935
vt 0.844633 0.401612
f 4446/11985/4446 4447/11986/4447 4448/11987/4448 4449/11988/4449
vt 0.870785 0.073499
vt 0.888359 0.073501
vt 0.889442 0.077822
vt 0.870785 0.077821
f 4450/11989/4450 4451/11990/4451 4363/11991/4363 4452/11992/4452
vt 0.870785 0.144300
vt 0.840954 0.143915
vt 0.838730 0.154777
vt 0.870785 0.155188
f 4453/11993/4453 4454/11994/4454 4391/11995/4391 4394/11996/4394
vt 0.895378 0.370952
vt 0.895378 0.369092
vt 0.866109 0.369110
vt 0.865287 0.370968
f 4455/11997/4455 4456/11998/4456 4457/11999/4457 4458/12000/4458
vt 0.895378 0.370952
vt 0.925468 0.370968
vt 0.924646 0.369110
vt 0.895378 0.369092
f 4455/12001/4455 4459/12002/4459 4460/12003/4460 4456/12004/4456
vt 0.860085 0.324563
vt 0.860947 0.324139
vt 0.878088 0.317731
vt 0.877650 0.317948
f 4464/12005/4464 4465/12006/4465 4466/12007/4466 4467/12008/4467
vt 0.844632 0.364358
vt 0.845973 0.362707
vt 0.847247 0.343423
vt 0.845988 0.344461
f 4470/12009/4470 4471/12010/4471 4472/12011/4472 4473/12012/4473
vt 0.825237 0.430990
vt 0.839307 0.450617
vt 0.841804 0.431418
vt 0.826320 0.415984
f 4474/12013/4474 4475/12014/4475 4476/12015/4476 4477/12016/4477
vt 0.825237 0.430990
vt 0.814440 0.443610
vt 0.821768 0.448857
vt 0.839307 0.450617
f 4474/12017/4474 4478/12018/4478 4479/12019/4479 4475/12020/4475
vt 0.856977 0.431821
vt 0.842620 0.415921
vt 0.841804 0.431418
vt 0.856287 0.451023
f 4490/12021/4490 4491/12022/4491 4476/12023/4476 4489/12024/4489
vt 0.826231 0.406203
vt 0.816434 0.406244
vt 0.816503 0.416026
vt 0.826320 0.415984
f 4495/12025/4495 4496/12026/4496 4487/12027/4487 4477/12028/4477
vt 0.826231 0.406203
vt 0.826187 0.404015
vt 0.816449 0.404021
vt 0.816434 0.406244
f 4495/12029/4495 4447/12030/4447 4422/12031/4422 4496/12032/4496
vt 0.895378 0.323128
vt 0.895378 0.317747
vt 0.878088 0.317731
vt 0.876673 0.323116
f 4497/12033/4497 4500/12034/4500 4466/12035/4466 4498/12036/4498
vt 0.895378 0.323128
vt 0.914082 0.323116
vt 0.912667 0.317731
vt 0.895378 0.317747
f 4497/12037/4497 4501/12038/4501 4502/12039/4502 4500/12040/4500
vt 0.895378 0.361637
vt 0.923066 0.361650
vt 0.918546 0.342037
vt 0.895378 0.342037
f 4504/12041/4504 4505/12042/4505 4503/12043/4503 4499/12044/4499
vt 0.561321 0.242891
vt 0.555451 0.244275
vt 0.502983 0.240694
vt 0.501938 0.238794
f 4519/12045/4519 4520/12046/4520 4521/12047/4521 4522/12048/4522
vt 0.387292 0.311199
vt 0.382911 0.311970
vt 0.360471 0.262130
vt 0.364742 0.261598
f 4353/12049/4353 4517/12050/4517 4540/12051/4540 4351/12052/4351
vt 0.895378 0.342037
vt 0.872209 0.342037
vt 0.867689 0.361650
vt 0.895378 0.361637
f 4499/12053/4499 4507/12054/4507 4510/12055/4510 4504/12056/4504
vt 0.620705 0.238794
vt 0.619660 0.240694
vt 0.567192 0.244275
vt 0.561321 0.242891
f 4542/12057/4542 4543/12058/4543 4544/12059/4544 4519/12060/4519
vt 0.826320 0.415984
vt 0.816503 0.416026
vt 0.816042 0.429703
vt 0.825237 0.430990
f 4477/12061/4477 4487/12062/4487 4486/12063/4486 4474/12064/4474
vt 0.842576 0.406102
vt 0.842496 0.403935
vt 0.826187 0.404015
vt 0.826231 0.406203
f 4494/12065/4494 4448/12066/4448 4447/12067/4447 4495/12068/4495
vt 0.867689 0.361650
vt 0.866109 0.369110
vt 0.895378 0.369092
vt 0.895378 0.361637
f 4510/12069/4510 4457/12070/4457 4456/12071/4456 4504/12072/4504
vt 0.870785 0.039617
vt 0.853339 0.039617
vt 0.851727 0.066073
vt 0.870785 0.066073
f 4362/12073/4362 4338/12074/4338 4398/12075/4398 4359/12076/4359
vt 0.851727 0.066073
vt 0.852128 0.077822
vt 0.870785 0.077821
vt 0.870785 0.066073
f 4398/12077/4398 4399/12078/4399 4452/12079/4452 4359/12080/4359
vt 0.811597 0.416429
vt 0.810059 0.433017
vt 0.810086 0.452177
vt 0.811521 0.431425
f 4484/12081/4484 4549/12082/4549 4414/12083/4414 4485/12084/4485
vt 0.870785 0.200179
vt 0.886593 0.204782
vt 0.893580 0.184720
vt 0.870785 0.166805
f 4387/12085/4387 4386/12086/4386 4555/12087/4555 4388/12088/4388
vt 0.820478 0.183720
vt 0.827031 0.177574
vt 0.802300 0.177060
vt 0.802208 0.183339
f 4445/12089/4445 4403/12090/4403 4407/12091/4407 4558/12092/4558
vt 0.844633 0.401612
vt 0.842496 0.403935
vt 0.857178 0.407272
vt 0.860907 0.405418
f 4449/12093/4449 4448/12094/4448 4442/12095/4442 4441/12096/4441
vt 0.802300 0.177060
vt 0.783996 0.176893
vt 0.790430 0.183230
vt 0.802208 0.183339
f 4407/12097/4407 4559/12098/4559 4417/12099/4417 4558/12100/4558
vt 0.866325 0.416973
vt 0.862038 0.417513
vt 0.861987 0.433034
vt 0.866313 0.434034
f 4444/12101/4444 4443/12102/4443 4552/12103/4552 4437/12104/4437
vt 0.814323 0.401624
vt 0.816449 0.404021
vt 0.826187 0.404015
vt 0.826204 0.401650
f 4423/12105/4423 4422/12106/4422 4447/12107/4447 4446/12108/4446
vt 0.870785 0.155188
vt 0.902840 0.154777
vt 0.900615 0.143915
vt 0.870785 0.144300
f 4394/12109/4394 4568/12110/4568 4569/12111/4569 4453/12112/4453
vt 0.870785 0.077821
vt 0.852128 0.077822
vt 0.853211 0.073501
vt 0.870785 0.073499
f 4452/12113/4452 4399/12114/4399 4462/12115/4462 4450/12116/4450
vt 0.865287 0.370968
vt 0.866109 0.369110
vt 0.845973 0.362707
vt 0.844632 0.364358
f 4458/12117/4458 4457/12118/4457 4471/12119/4471 4470/12120/4470
vt 0.845988 0.344461
vt 0.847247 0.343423
vt 0.860947 0.324139
vt 0.860085 0.324563
f 4473/12121/4473 4472/12122/4472 4465/12123/4465 4464/12124/4464
vt 0.877650 0.317948
vt 0.878088 0.317731
vt 0.895378 0.317747
vt 0.895378 0.317961
f 4467/12125/4467 4466/12126/4466 4500/12127/4500 4570/12128/4570
vt 0.895378 0.369092
vt 0.924646 0.369110
vt 0.923066 0.361650
vt 0.895378 0.361637
f 4456/12129/4456 4460/12130/4460 4505/12131/4505 4504/12132/4504
vt 0.895378 0.317747
vt 0.912667 0.317731
vt 0.913105 0.317948
vt 0.895378 0.317961
f 4500/12133/4500 4502/12134/4502 4571/12135/4571 4570/12136/4570
vt 0.386341 0.456684
vt 0.371226 0.448485
vt 0.400747 0.380399
vt 0.405472 0.380647
f 4575/12137/4575 4527/12138/4527 4578/12139/4578 4516/12140/4516
vt 0.234143 0.393164
vt 0.236457 0.393842
vt 0.236744 0.437733
vt 0.234469 0.436819
f 4512/12141/4512 4589/12142/4589 4607/12143/4607 4572/12144/4572
vt 0.283423 0.428820
vt 0.311493 0.404856
vt 0.315850 0.439087
vt 0.295709 0.469465
f 4612/12145/4612 4613/12146/4613 4614/12147/4614 4615/12148/4615
vt 0.284711 0.350254
vt 0.302087 0.383837
vt 0.277571 0.392288
vt 0.256743 0.348691
f 4624/12149/4624 4618/12150/4618 4617/12151/4617 4626/12152/4626
vt 0.256555 0.437356
vt 0.236744 0.437733
vt 0.236457 0.393842
vt 0.253785 0.394407
f 4635/12153/4635 4607/12154/4607 4589/12155/4589 4616/12156/4616
vt 0.560032 0.375973
vt 0.555047 0.373428
vt 0.566169 0.351039
vt 0.571734 0.354582
f 4333/12157/4333 4648/12158/4648 4658/12159/4658 4534/12160/4534
vt 0.418852 0.454923
vt 0.426659 0.455683
vt 0.439977 0.498443
vt 0.432249 0.496822
f 4518/12161/4518 4656/12162/4656 4666/12163/4666 4576/12164/4576
vt 0.436281 0.281108
vt 0.482518 0.317519
vt 0.465825 0.348289
vt 0.429518 0.324671
f 4668/12165/4668 4669/12166/4669 4670/12167/4670 4671/12168/4671
vt 0.780304 0.146959
vt 0.780453 0.169541
vt 0.797312 0.170227
vt 0.798628 0.150481
f 4677/12169/4677 4662/12170/4662 4655/12171/4655 4661/12172/4661
vt 0.534101 0.413999
vt 0.527541 0.409342
vt 0.475532 0.462674
vt 0.488882 0.468291
f 4530/12173/4530 4697/12174/4697 4698/12175/4698 4335/12176/4335
vt 0.493957 0.148183
vt 0.561321 0.111864
vt 0.621113 0.105769
vt 0.561321 0.149249
f 4711/12177/4711 4714/12178/4714 4715/12179/4715 4709/12180/4709
vt 0.493957 0.148183
vt 0.495895 0.189896
vt 0.455872 0.183111
vt 0.445682 0.143639
f 4711/12181/4711 4716/12182/4716 4717/12183/4717 4718/12184/4718
vt 0.366874 0.498564
vt 0.383988 0.455100
vt 0.410661 0.454948
vt 0.416760 0.498564
f 4720/12185/4720 4706/12186/4706 4699/12187/4699 4705/12188/4705
vt 0.416760 0.498564
vt 0.493260 0.498564
vt 0.561321 0.111864
vt 0.404813 0.498564
f 4705/12189/4705 4721/12190/4721 4714/12191/4714 4722/12192/4722
vt 0.098357 0.261598
vt 0.102628 0.262130
vt 0.080188 0.311970
vt 0.075807 0.311199
f 4745/12193/4745 4746/12194/4746 4747/12195/4747 4748/12196/4748
vt 0.936769 0.153822
vt 0.902840 0.154777
vt 0.907229 0.162639
vt 0.939270 0.177060
f 4756/12197/4756 4568/12198/4568 4393/12199/4393 4396/12200/4396
vt 0.929848 0.405418
vt 0.933578 0.407272
vt 0.948260 0.403935
vt 0.946122 0.401612
f 4792/12201/4792 4793/12202/4793 4794/12203/4794 4795/12204/4795
vt 0.939362 0.183339
vt 0.939270 0.177060
vt 0.914539 0.177574
vt 0.921092 0.183720
f 4796/12205/4796 4396/12206/4396 4395/12207/4395 4791/12208/4791
vt 0.939362 0.183339
vt 0.951140 0.183230
vt 0.957574 0.176893
vt 0.939270 0.177060
f 4796/12209/4796 4770/12210/4770 4769/12211/4769 4396/12212/4396
vt 0.964552 0.401650
vt 0.964568 0.404015
vt 0.974307 0.404021
vt 0.976433 0.401624
f 4797/12213/4797 4798/12214/4798 4799/12215/4799 4800/12216/4800
vt 0.930670 0.324563
vt 0.929808 0.324139
vt 0.943508 0.343423
vt 0.944767 0.344461
f 4803/12217/4803 4804/12218/4804 4805/12219/4805 4806/12220/4806
vt 0.921093 0.134632
vt 0.900615 0.143915
vt 0.902840 0.154777
vt 0.924700 0.144644
f 4807/12221/4807 4569/12222/4569 4568/12223/4568 4808/12224/4808
vt 0.946124 0.364358
vt 0.944782 0.362707
vt 0.924646 0.369110
vt 0.925468 0.370968
f 4809/12225/4809 4810/12226/4810 4460/12227/4460 4459/12228/4459
vt 0.965518 0.430990
vt 0.974713 0.429703
vt 0.974252 0.416026
vt 0.964436 0.415984
f 4811/12229/4811 4812/12230/4812 4813/12231/4813 4814/12232/4814
vt 0.965518 0.430990
vt 0.968987 0.448857
vt 0.976315 0.443611
vt 0.974713 0.429703
f 4811/12233/4811 4815/12234/4815 4816/12235/4816 4812/12236/4812
vt 0.979235 0.431425
vt 0.980696 0.433017
vt 0.980727 0.417575
vt 0.979159 0.416429
f 4826/12237/4826 4827/12238/4827 4772/12239/4772 4824/12240/4824
vt 0.964524 0.406203
vt 0.964568 0.404015
vt 0.948260 0.403935
vt 0.948179 0.406102
f 4834/12241/4834 4798/12242/4798 4794/12243/4794 4832/12244/4832
vt 0.948951 0.431418
vt 0.951448 0.450617
vt 0.968987 0.448857
vt 0.965518 0.430990
f 4818/12245/4818 4821/12246/4821 4815/12247/4815 4811/12248/4811
vt 0.964436 0.415984
vt 0.974252 0.416026
vt 0.974321 0.406244
vt 0.964524 0.406203
f 4814/12249/4814 4813/12250/4813 4825/12251/4825 4834/12252/4834
vt 0.974321 0.406244
vt 0.974307 0.404021
vt 0.964568 0.404015
vt 0.964524 0.406203
f 4825/12253/4825 4799/12254/4799 4798/12255/4798 4834/12256/4834
vt 0.946122 0.401612
vt 0.948260 0.403935
vt 0.964568 0.404015
vt 0.964552 0.401650
f 4795/12257/4795 4794/12258/4794 4798/12259/4798 4797/12260/4797
vt 0.924431 0.416973
vt 0.928717 0.417513
vt 0.933578 0.407272
vt 0.929848 0.405418
f 4789/12261/4789 4788/12262/4788 4793/12263/4793 4792/12264/4792
vt 0.985032 0.416936
vt 0.980727 0.417575
vt 0.980696 0.433017
vt 0.985024 0.433963
f 4773/12265/4773 4772/12266/4772 4827/12267/4827 4776/12268/4776
vt 0.944767 0.344461
vt 0.943508 0.343423
vt 0.944782 0.362707
vt 0.946124 0.364358
f 4806/12269/4806 4805/12270/4805 4810/12271/4810 4809/12272/4809
vt 0.913105 0.317948
vt 0.912667 0.317731
vt 0.929808 0.324139
vt 0.930670 0.324563
f 4571/12273/4571 4502/12274/4502 4804/12275/4804 4803/12276/4803
vt 0.928769 0.433034
vt 0.924455 0.454358
vt 0.928821 0.452207
vt 0.933779 0.431821
f 4850/12277/4850 4784/12278/4784 4783/12279/4783 4829/12280/4829
vt 0.979139 0.407395
vt 0.976433 0.401624
vt 0.974307 0.404021
vt 0.977910 0.409183
f 4852/12281/4852 4800/12282/4800 4799/12283/4799 4823/12284/4823
vt 0.228630 0.436819
vt 0.226642 0.393842
vt 0.227530 0.347419
vt 0.228956 0.393164
f 4538/12285/4538 4875/12286/4875 4876/12287/4876 4382/12288/4382
vt 0.153469 0.254457
vt 0.197270 0.298279
vt 0.206356 0.348691
vt 0.164573 0.300165
f 4903/12289/4903 4904/12290/4904 4905/12291/4905 4906/12292/4906
vt 0.120712 0.368013
vt 0.161012 0.383837
vt 0.151606 0.404856
vt 0.125345 0.435758
f 4912/12293/4912 4914/12294/4914 4915/12295/4915 4916/12296/4916
vt 0.206356 0.348691
vt 0.226642 0.393842
vt 0.226355 0.437733
vt 0.209314 0.394407
f 4905/12297/4905 4875/12298/4875 4886/12299/4886 4911/12300/4911
vt 0.197270 0.298279
vt 0.227530 0.347419
vt 0.226642 0.393842
vt 0.206356 0.348691
f 4904/12301/4904 4876/12302/4876 4875/12303/4875 4905/12304/4905
vt 0.645687 0.354582
vt 0.651252 0.351039
vt 0.662374 0.373428
vt 0.657389 0.375973
f 4931/12305/4931 4932/12306/4932 4933/12307/4933 4739/12308/4739
vt 0.030850 0.496822
vt 0.023122 0.498443
vt 0.036440 0.455683
vt 0.044247 0.454923
f 4934/12309/4934 4935/12310/4935 4936/12311/4936 4741/12312/4741
vt 0.787903 0.324671
vt 0.751596 0.348289
vt 0.734904 0.317518
vt 0.781140 0.281108
f 4977/12313/4977 4961/12314/4961 4978/12315/4978 4979/12316/4979
vt 0.942942 0.150481
vt 0.944257 0.170228
vt 0.961117 0.169541
vt 0.961266 0.146959
f 4947/12317/4947 4948/12318/4948 4949/12319/4949 4985/12320/4985
vt 0.728539 0.468291
vt 0.741889 0.462674
vt 0.689880 0.409342
vt 0.683320 0.413999
f 4744/12321/4744 4991/12322/4991 4728/12323/4728 4845/12324/4845
vt 0.628686 0.148183
vt 0.676961 0.143639
vt 0.666770 0.183111
vt 0.626747 0.189896
f 4712/12325/4712 4995/12326/4995 4996/12327/4996 4713/12328/4713
vt 0.046339 0.498564
vt 0.052438 0.454948
vt 0.079111 0.455100
vt 0.096225 0.498564
f 4992/12329/4992 4993/12330/4993 4994/12331/4994 4997/12332/4997
vt 0.953016 0.463822
vt 0.945737 0.457488
vt 0.936032 0.457705
vt 0.945737 0.466295
f 5006/12333/5006 5007/12334/5007 5008/12335/5008 5009/12336/5009
vt 0.936032 0.457705
vt 0.945737 0.457488
vt 0.945737 0.448681
vt 0.938458 0.450938
f 5008/12337/5008 5007/12338/5007 5011/12339/5011 5012/12340/5012
vt 0.945737 0.448681
vt 0.945737 0.457488
vt 0.955443 0.457271
vt 0.953016 0.450829
f 5011/12341/5011 5007/12342/5007 5013/12343/5013 5014/12344/5014
vt 0.915660 0.857504
vt 0.911339 0.857504
vt 0.902031 0.857504
vt 0.906489 0.857504
f 5015/12345/5015 5016/12346/5016 5017/12347/5017 5018/12348/5018
vt 0.902031 0.857504
vt 0.911339 0.857504
vt 0.915426 0.857504
vt 0.907817 0.857504
f 5017/12349/5017 5016/12350/5016 5020/12351/5020 5021/12352/5021
vt 0.915426 0.857504
vt 0.911339 0.857504
vt 0.921263 0.857504
vt 0.921416 0.857504
f 5020/12353/5020 5016/12354/5016 5022/12355/5022 5023/12356/5023
vt 0.924095 0.459808
vt 0.914175 0.451176
vt 0.900949 0.451472
vt 0.914175 0.463178
f 5024/12357/5024 5025/12358/5025 5026/12359/5026 5027/12360/5027
vt 0.900949 0.451472
vt 0.914175 0.451176
vt 0.914175 0.439174
vt 0.904255 0.442249
f 5026/12361/5026 5025/12362/5025 5029/12363/5029 5030/12364/5030
vt 0.914175 0.439174
vt 0.914175 0.451176
vt 0.927402 0.450881
vt 0.924095 0.442101
f 5029/12365/5029 5025/12366/5025 5031/12367/5031 5032/12368/5032
vt 0.555394 0.240875
vt 0.483861 0.217309
vt 0.480884 0.178765
vt 0.555403 0.192553
f 5033/12369/5033 5034/12370/5034 5035/12371/5035 5036/12372/5036
vt 0.021601 0.852115
vt 0.031090 0.832004
vt 0.137905 0.847713
vt 0.136553 0.867207
f 5070/12373/5070 5071/12374/5071 5072/12375/5072 5073/12376/5073
vt 0.429181 0.128245
vt 0.414680 0.129734
vt 0.417166 0.173540
vt 0.431368 0.168666
f 5089/12377/5089 5090/12378/5090 5091/12379/5091 5092/12380/5092
vt 0.555403 0.239688
vt 0.542877 0.235561
vt 0.497456 0.220598
vt 0.484930 0.216471
f 5109/12381/5109 5110/12382/5110 5111/12383/5111 5112/12384/5112
vt 0.236849 0.852419
vt 0.241900 0.831517
vt 0.331357 0.847079
vt 0.332648 0.867207
f 5116/12385/5116 5118/12386/5118 5119/12387/5119 5120/12388/5120
vt 0.206106 0.085056
vt 0.208880 0.080211
vt 0.223413 0.082363
vt 0.221062 0.087259
f 5123/12389/5123 5124/12390/5124 5125/12391/5125 5126/12392/5126
vt 0.349636 0.085056
vt 0.359657 0.092595
vt 0.341237 0.094931
vt 0.332748 0.087259
f 5127/12393/5127 5128/12394/5128 5129/12395/5129 5130/12396/5130
vt 0.789886 0.925510
vt 0.779331 0.924921
vt 0.772830 0.897366
vt 0.782001 0.897694
f 5131/12397/5131 5132/12398/5132 5133/12399/5133 5069/12400/5069
vt 0.274735 0.066361
vt 0.274719 0.063004
vt 0.302929 0.070637
vt 0.301074 0.073523
f 5138/12401/5138 5139/12402/5139 5140/12403/5140 5141/12404/5141
vt 0.632737 0.124107
vt 0.632737 0.124107
vt 0.632737 0.165533
vt 0.632737 0.178721
f 5155/12405/5155 5156/12406/5156 5157/12407/5157 5158/12408/5158
vt 0.602474 0.676537
vt 0.602474 0.639334
vt 0.683532 0.639334
vt 0.683532 0.676537
f 5159/12409/5159 5160/12410/5160 5161/12411/5161 5162/12412/5162
vt 0.191011 0.043330
vt 0.191358 0.043436
vt 0.180183 0.071147
vt 0.179144 0.072714
f 5168/12413/5168 5169/12414/5169 5170/12415/5170 5171/12416/5171
vt 0.316055 0.676537
vt 0.316055 0.622173
vt 0.358251 0.622173
vt 0.358251 0.676537
f 5174/12417/5174 5175/12418/5175 5176/12419/5176 5177/12420/5177
vt 0.316055 0.676537
vt 0.302612 0.670337
vt 0.302612 0.628374
vt 0.316055 0.622173
f 5174/12421/5174 5178/12422/5178 5179/12423/5179 5175/12424/5175
vt 0.332648 0.867207
vt 0.331357 0.847079
vt 0.433411 0.831478
vt 0.441203 0.852115
f 5120/12425/5120 5119/12426/5119 5185/12427/5185 5062/12428/5062
vt 0.336998 0.923201
vt 0.350300 0.927773
vt 0.352327 0.893749
vt 0.338740 0.892494
f 5047/12429/5047 5046/12430/5046 5186/12431/5186 5154/12432/5154
vt 0.152542 0.676537
vt 0.152542 0.622173
vt 0.237165 0.622173
vt 0.237165 0.676537
f 5188/12433/5188 5189/12434/5189 5190/12435/5190 5191/12436/5191
vt 0.449974 0.676537
vt 0.449974 0.622173
vt 0.529445 0.639334
vt 0.529445 0.676537
f 5194/12437/5194 5195/12438/5195 5196/12439/5196 5197/12440/5197
vt 0.449974 0.676537
vt 0.426802 0.670337
vt 0.426802 0.628374
vt 0.449974 0.622173
f 5194/12441/5194 5198/12442/5198 5199/12443/5199 5195/12444/5195
vt 0.136553 0.867207
vt 0.137905 0.847713
vt 0.230185 0.831824
vt 0.236849 0.852419
f 5073/12445/5073 5072/12446/5072 5202/12447/5202 5116/12448/5116
vt 0.440361 0.895341
vt 0.445374 0.895183
vt 0.441526 0.922738
vt 0.435962 0.923157
f 5066/12449/5066 5065/12450/5065 5204/12451/5204 5121/12452/5121
vt 0.221062 0.087259
vt 0.212049 0.094594
vt 0.195608 0.092175
vt 0.206106 0.085056
f 5126/12453/5126 5135/12454/5135 5205/12455/5205 5123/12456/5123
vt 0.332748 0.087259
vt 0.330373 0.082437
vt 0.346754 0.080303
vt 0.349636 0.085056
f 5130/12457/5130 5144/12458/5144 5214/12459/5214 5127/12460/5127
vt 0.379503 0.072714
vt 0.378379 0.071200
vt 0.365898 0.043457
vt 0.366325 0.043330
f 5148/12461/5148 5147/12462/5147 5217/12463/5217 5150/12464/5150
vt 0.632737 0.055661
vt 0.632737 0.068850
vt 0.632737 0.124107
vt 0.632737 0.124107
f 5218/12465/5218 5219/12466/5219 5156/12467/5156 5155/12468/5155
vt 0.109485 0.676537
vt 0.109485 0.622173
vt 0.152542 0.622173
vt 0.152542 0.676537
f 5222/12469/5222 5223/12470/5223 5189/12471/5189 5188/12472/5188
vt 0.109485 0.676537
vt 0.088692 0.670337
vt 0.088692 0.628374
vt 0.109485 0.622173
f 5222/12473/5222 5224/12474/5224 5225/12475/5225 5223/12476/5223
vt 0.529445 0.676537
vt 0.529445 0.639334
vt 0.602474 0.639334
vt 0.602474 0.676537
f 5197/12477/5197 5196/12478/5196 5160/12479/5160 5159/12480/5159
vt 0.482015 0.178721
vt 0.482015 0.165533
vt 0.482015 0.137295
vt 0.482015 0.124107
f 5227/12481/5227 5228/12482/5228 5229/12483/5229 5230/12484/5230
vt 0.898303 0.658669
vt 0.859528 0.696832
vt 0.835325 0.687059
vt 0.865514 0.659189
f 5250/12485/5250 5251/12486/5251 5252/12487/5252 5253/12488/5253
vt 0.330373 0.082437
vt 0.338679 0.075756
vt 0.356347 0.073451
vt 0.346754 0.080303
f 5144/12489/5144 5297/12490/5297 5318/12491/5318 5214/12492/5214
vt 0.732661 0.809581
vt 0.764801 0.855146
vt 0.686853 0.870340
vt 0.696574 0.838817
f 5331/12493/5331 5316/12494/5316 5336/12495/5336 5335/12496/5335
vt 0.696574 0.838817
vt 0.668869 0.809304
vt 0.701095 0.747602
vt 0.701668 0.788833
f 5335/12497/5335 5339/12498/5339 5348/12499/5348 5329/12500/5329
vt 0.565777 0.625734
vt 0.466324 0.625734
vt 0.785530 0.625734
vt 0.764600 0.625734
f 5364/12501/5364 5365/12502/5365 5366/12503/5366 5367/12504/5367
vt 0.237602 0.625734
vt 0.238318 0.625734
vt 0.314268 0.625734
vt 0.316231 0.625734
f 5368/12505/5368 5369/12506/5369 5370/12507/5370 5371/12508/5371
vt 0.237165 0.622173
vt 0.250686 0.628374
vt 0.250686 0.670337
vt 0.237165 0.676537
f 5190/12509/5190 5372/12510/5372 5373/12511/5373 5191/12512/5191
vt 0.010278 0.625734
vt 0.031208 0.625734
vt 0.119319 0.625734
vt 0.110347 0.625734
f 5377/12513/5377 5378/12514/5378 5379/12515/5379 5380/12516/5380
vt 0.764600 0.625734
vt 0.770786 0.633667
vt 0.692223 0.652448
vt 0.682487 0.647688
f 5367/12517/5367 5381/12518/5381 5382/12519/5382 5383/12520/5383
vt 0.316231 0.625734
vt 0.314268 0.625734
vt 0.350713 0.625734
vt 0.358286 0.625734
f 5371/12521/5371 5370/12522/5370 5384/12523/5384 5385/12524/5385
vt 0.316231 0.625734
vt 0.302832 0.633667
vt 0.251079 0.633667
vt 0.237602 0.625734
f 5371/12525/5371 5386/12526/5386 5387/12527/5387 5368/12528/5368
vt 0.153261 0.625734
vt 0.156139 0.625734
vt 0.238318 0.625734
vt 0.237602 0.625734
f 5388/12529/5388 5389/12530/5389 5369/12531/5369 5368/12532/5368
vt 0.449705 0.625734
vt 0.430475 0.625734
vt 0.466324 0.625734
vt 0.565777 0.625734
f 5390/12533/5390 5391/12534/5391 5365/12535/5365 5364/12536/5364
vt 0.449705 0.625734
vt 0.426610 0.633667
vt 0.377724 0.633667
vt 0.358286 0.625734
f 5390/12537/5390 5392/12538/5392 5393/12539/5393 5385/12540/5385
vt 0.683532 0.639334
vt 0.693301 0.643054
vt 0.693301 0.670337
vt 0.683532 0.676537
f 5161/12541/5161 5394/12542/5394 5395/12543/5395 5162/12544/5162
vt 0.110347 0.625734
vt 0.119319 0.625734
vt 0.156139 0.625734
vt 0.153261 0.625734
f 5380/12545/5380 5379/12546/5379 5389/12547/5389 5388/12548/5388
vt 0.110347 0.625734
vt 0.089623 0.633667
vt 0.016464 0.633667
vt 0.010278 0.625734
f 5380/12549/5380 5396/12550/5396 5397/12551/5397 5377/12552/5377
vt 0.358286 0.625734
vt 0.350713 0.625734
vt 0.430475 0.625734
vt 0.449705 0.625734
f 5385/12553/5385 5384/12554/5384 5391/12555/5391 5390/12556/5390
vt 0.358251 0.622173
vt 0.377753 0.628374
vt 0.377753 0.670337
vt 0.358251 0.676537
f 5176/12557/5176 5398/12558/5398 5399/12559/5399 5177/12560/5177
vt 0.466324 0.625734
vt 0.466323 0.572699
vt 0.785530 0.572699
vt 0.785530 0.625734
f 5365/12561/5365 5400/12562/5400 5401/12563/5401 5366/12564/5366
vt 0.238318 0.625734
vt 0.238318 0.572699
vt 0.314268 0.572699
vt 0.314268 0.625734
f 5369/12565/5369 5402/12566/5402 5403/12567/5403 5370/12568/5370
vt 0.031208 0.625734
vt 0.031208 0.572699
vt 0.119319 0.572699
vt 0.119319 0.625734
f 5378/12569/5378 5404/12570/5404 5405/12571/5405 5379/12572/5379
vt 0.314268 0.625734
vt 0.314268 0.572699
vt 0.350713 0.572699
vt 0.350713 0.625734
f 5370/12573/5370 5403/12574/5403 5406/12575/5406 5384/12576/5384
vt 0.156139 0.625734
vt 0.156139 0.572699
vt 0.238318 0.572699
vt 0.238318 0.625734
f 5389/12577/5389 5407/12578/5407 5402/12579/5402 5369/12580/5369
vt 0.430475 0.625734
vt 0.430475 0.572699
vt 0.466323 0.572699
vt 0.466324 0.625734
f 5391/12581/5391 5408/12582/5408 5400/12583/5400 5365/12584/5365
vt 0.119319 0.625734
vt 0.119319 0.572699
vt 0.156139 0.572699
vt 0.156139 0.625734
f 5379/12585/5379 5405/12586/5405 5407/12587/5407 5389/12588/5389
vt 0.350713 0.625734
vt 0.350713 0.572699
vt 0.430475 0.572699
vt 0.430475 0.625734
f 5384/12589/5384 5406/12590/5406 5408/12591/5408 5391/12592/5391
vt 0.466323 0.572699
vt 0.568893 0.572699
vt 0.762937 0.572699
vt 0.785530 0.572699
f 5400/12593/5400 5409/12594/5409 5410/12595/5410 5401/12596/5401
vt 0.238318 0.572699
vt 0.237540 0.572699
vt 0.316401 0.572699
vt 0.314268 0.572699
f 5402/12597/5402 5411/12598/5411 5412/12599/5412 5403/12600/5403
vt 0.031208 0.572699
vt 0.008615 0.572699
vt 0.109563 0.572699
vt 0.119319 0.572699
f 5404/12601/5404 5413/12602/5413 5414/12603/5414 5405/12604/5405
vt 0.314268 0.572699
vt 0.316401 0.572699
vt 0.358953 0.572699
vt 0.350713 0.572699
f 5403/12605/5403 5412/12606/5412 5415/12607/5415 5406/12608/5406
vt 0.156139 0.572699
vt 0.153013 0.572699
vt 0.237540 0.572699
vt 0.238318 0.572699
f 5407/12609/5407 5416/12610/5416 5411/12611/5411 5402/12612/5402
vt 0.430475 0.572699
vt 0.451275 0.572699
vt 0.568893 0.572699
vt 0.466323 0.572699
f 5408/12613/5408 5417/12614/5417 5409/12615/5409 5400/12616/5400
vt 0.119319 0.572699
vt 0.109563 0.572699
vt 0.153013 0.572699
vt 0.156139 0.572699
f 5405/12617/5405 5414/12618/5414 5416/12619/5416 5407/12620/5407
vt 0.350713 0.572699
vt 0.358953 0.572699
vt 0.451275 0.572699
vt 0.430475 0.572699
f 5406/12621/5406 5415/12622/5415 5417/12623/5417 5408/12624/5408
vt 0.568893 0.572699
vt 0.568893 0.499267
vt 0.762937 0.499267
vt 0.762937 0.572699
f 5409/12625/5409 5418/12626/5418 5419/12627/5419 5410/12628/5410
vt 0.237540 0.572699
vt 0.237540 0.499267
vt 0.316401 0.499267
vt 0.316401 0.572699
f 5411/12629/5411 5420/12630/5420 5421/12631/5421 5412/12632/5412
vt 0.008615 0.572699
vt 0.033575 0.564767
vt 0.089039 0.564767
vt 0.109563 0.572699
f 5413/12633/5413 5422/12634/5422 5423/12635/5423 5414/12636/5414
vt 0.762937 0.572699
vt 0.762937 0.499267
vt 0.787897 0.507199
vt 0.787897 0.564767
f 5410/12637/5410 5419/12638/5419 5424/12639/5424 5425/12640/5425
vt 0.316401 0.572699
vt 0.328480 0.564767
vt 0.358953 0.564767
vt 0.358953 0.572699
f 5412/12641/5412 5426/12642/5426 5427/12643/5427 5415/12644/5415
vt 0.316401 0.572699
vt 0.316401 0.499267
vt 0.328480 0.507199
vt 0.328480 0.564767
f 5412/12645/5412 5421/12646/5421 5428/12647/5428 5426/12648/5426
vt 0.153013 0.572699
vt 0.153013 0.499267
vt 0.237540 0.499267
vt 0.237540 0.572699
f 5416/12649/5416 5429/12650/5429 5420/12651/5420 5411/12652/5411
vt 0.451275 0.572699
vt 0.451275 0.499267
vt 0.568893 0.499267
vt 0.568893 0.572699
f 5417/12653/5417 5430/12654/5430 5418/12655/5418 5409/12656/5409
vt 0.109563 0.572699
vt 0.109563 0.499267
vt 0.153013 0.499267
vt 0.153013 0.572699
f 5414/12657/5414 5431/12658/5431 5429/12659/5429 5416/12660/5416
vt 0.358953 0.572699
vt 0.358953 0.564767
vt 0.428610 0.564767
vt 0.451275 0.572699
f 5415/12661/5415 5427/12662/5427 5432/12663/5432 5417/12664/5417
vt 0.251079 0.687351
vt 0.252263 0.687351
vt 0.299338 0.687351
vt 0.302832 0.687351
f 5433/12665/5433 5434/12666/5434 5435/12667/5435 5436/12668/5436
vt 0.632737 0.124107
vt 0.642534 0.124107
vt 0.642534 0.165533
vt 0.632737 0.165533
f 5156/12669/5156 5437/12670/5437 5438/12671/5438 5157/12672/5157
vt 0.302612 0.670337
vt 0.299106 0.670337
vt 0.299106 0.628374
vt 0.302612 0.628374
f 5178/12673/5178 5439/12674/5439 5440/12675/5440 5179/12676/5179
vt 0.426802 0.670337
vt 0.426089 0.670337
vt 0.426089 0.628374
vt 0.426802 0.628374
f 5198/12677/5198 5441/12678/5441 5442/12679/5442 5199/12680/5199
vt 0.632737 0.068850
vt 0.642534 0.068850
vt 0.642534 0.124107
vt 0.632737 0.124107
f 5219/12681/5219 5443/12682/5443 5437/12683/5437 5156/12684/5156
vt 0.088692 0.670337
vt 0.083510 0.670337
vt 0.083510 0.628374
vt 0.088692 0.628374
f 5224/12685/5224 5444/12686/5444 5445/12687/5445 5225/12688/5225
vt 0.482015 0.165533
vt 0.472218 0.165533
vt 0.472218 0.137295
vt 0.482015 0.137295
f 5228/12689/5228 5446/12690/5446 5447/12691/5447 5229/12692/5229
vt 0.250686 0.628374
vt 0.251875 0.628374
vt 0.251875 0.670337
vt 0.250686 0.670337
f 5372/12693/5372 5448/12694/5448 5449/12695/5449 5373/12696/5373
vt 0.770786 0.633667
vt 0.773898 0.633667
vt 0.699883 0.652448
vt 0.692223 0.652448
f 5381/12697/5381 5450/12698/5450 5451/12699/5451 5382/12700/5382
vt 0.302832 0.633667
vt 0.299338 0.633667
vt 0.252263 0.633667
vt 0.251079 0.633667
f 5386/12701/5386 5452/12702/5452 5453/12703/5453 5387/12704/5387
vt 0.426610 0.633667
vt 0.425899 0.633667
vt 0.382063 0.633667
vt 0.377724 0.633667
f 5392/12705/5392 5454/12706/5454 5455/12707/5455 5393/12708/5393
vt 0.693301 0.643054
vt 0.700986 0.643054
vt 0.700986 0.670337
vt 0.693301 0.670337
f 5394/12709/5394 5456/12710/5456 5457/12711/5457 5395/12712/5395
vt 0.089623 0.633667
vt 0.084458 0.633667
vt 0.019576 0.633667
vt 0.016464 0.633667
f 5396/12713/5396 5458/12714/5458 5459/12715/5459 5397/12716/5397
vt 0.377753 0.628374
vt 0.382107 0.628374
vt 0.382107 0.670337
vt 0.377753 0.670337
f 5398/12717/5398 5460/12718/5460 5461/12719/5461 5399/12720/5399
vt 0.033575 0.564767
vt 0.034689 0.564767
vt 0.083999 0.564767
vt 0.089039 0.564767
f 5422/12721/5422 5462/12722/5462 5463/12723/5463 5423/12724/5423
vt 0.787897 0.564767
vt 0.787897 0.507199
vt 0.789011 0.507199
vt 0.789011 0.564767
f 5425/12725/5425 5424/12726/5424 5464/12727/5464 5465/12728/5465
vt 0.328480 0.564767
vt 0.334778 0.564767
vt 0.364169 0.564767
vt 0.358953 0.564767
f 5426/12729/5426 5466/12730/5466 5467/12731/5467 5427/12732/5427
vt 0.328480 0.564767
vt 0.328480 0.507199
vt 0.334778 0.507199
vt 0.334778 0.564767
f 5426/12733/5426 5428/12734/5428 5468/12735/5468 5466/12736/5466
vt 0.428610 0.564767
vt 0.428610 0.507199
vt 0.451275 0.499267
vt 0.451275 0.572699
f 5432/12737/5432 5469/12738/5469 5430/12739/5430 5417/12740/5417
vt 0.089039 0.564767
vt 0.089039 0.507199
vt 0.109563 0.499267
vt 0.109563 0.572699
f 5423/12741/5423 5470/12742/5470 5431/12743/5431 5414/12744/5414
vt 0.358953 0.564767
vt 0.364169 0.564767
vt 0.427692 0.564767
vt 0.428610 0.564767
f 5427/12745/5427 5467/12746/5467 5471/12747/5471 5432/12748/5432
vt 0.251875 0.670337
vt 0.251875 0.628374
vt 0.299106 0.628374
vt 0.299106 0.670337
f 5449/12749/5449 5448/12750/5448 5440/12751/5440 5439/12752/5439
vt 0.012879 0.670337
vt 0.018411 0.628374
vt 0.083510 0.628374
vt 0.083510 0.670337
f 5472/12753/5472 5473/12754/5473 5445/12755/5445 5444/12756/5444
vt 0.700986 0.670337
vt 0.700986 0.643054
vt 0.775248 0.628374
vt 0.769715 0.670337
f 5457/12757/5457 5456/12758/5456 5474/12759/5474 5475/12760/5475
vt 0.382107 0.670337
vt 0.382107 0.628374
vt 0.426089 0.628374
vt 0.426089 0.670337
f 5461/12761/5461 5460/12762/5460 5442/12763/5442 5441/12764/5441
vt 0.034689 0.564767
vt 0.034689 0.507199
vt 0.083999 0.507199
vt 0.083999 0.564767
f 5462/12765/5462 5476/12766/5476 5477/12767/5477 5463/12768/5463
vt 0.334778 0.564767
vt 0.334778 0.507199
vt 0.364169 0.507199
vt 0.364169 0.564767
f 5466/12769/5466 5468/12770/5468 5478/12771/5478 5467/12772/5467
vt 0.427692 0.564767
vt 0.427692 0.507199
vt 0.428610 0.507199
vt 0.428610 0.564767
f 5471/12773/5471 5479/12774/5479 5469/12775/5469 5432/12776/5432
vt 0.083999 0.564767
vt 0.083999 0.507199
vt 0.089039 0.507199
vt 0.089039 0.564767
f 5463/12777/5463 5477/12778/5477 5470/12779/5470 5423/12780/5423
vt 0.364169 0.564767
vt 0.364169 0.507199
vt 0.427692 0.507199
vt 0.427692 0.564767
f 5467/12781/5467 5478/12782/5478 5479/12783/5479 5471/12784/5471
vt 0.466324 0.625734
vt 0.466323 0.572699
vt 0.430475 0.572699
vt 0.430475 0.625734
f 5480/12785/5480 5481/12786/5481 5482/12787/5482 5483/12788/5483
vt 0.238318 0.625734
vt 0.238318 0.572699
vt 0.156139 0.572699
vt 0.156139 0.625734
f 5484/12789/5484 5485/12790/5485 5486/12791/5486 5487/12792/5487
vt 0.785530 0.625734
vt 0.785530 0.572699
vt 0.466323 0.572699
vt 0.466324 0.625734
f 5488/12793/5488 5489/12794/5489 5481/12795/5481 5480/12796/5480
vt 0.314268 0.625734
vt 0.314268 0.572699
vt 0.238318 0.572699
vt 0.238318 0.625734
f 5490/12797/5490 5491/12798/5491 5485/12799/5485 5484/12800/5484
vt 0.156139 0.625734
vt 0.156139 0.572699
vt 0.119319 0.572699
vt 0.119319 0.625734
f 5487/12801/5487 5486/12802/5486 5492/12803/5492 5493/12804/5493
vt 0.430475 0.625734
vt 0.430475 0.572699
vt 0.350713 0.572699
vt 0.350713 0.625734
f 5483/12805/5483 5482/12806/5482 5494/12807/5494 5495/12808/5495
vt 0.119319 0.625734
vt 0.119319 0.572699
vt 0.031208 0.572699
vt 0.031208 0.625734
f 5493/12809/5493 5492/12810/5492 5496/12811/5496 5497/12812/5497
vt 0.350713 0.625734
vt 0.350713 0.572699
vt 0.314268 0.572699
vt 0.314268 0.625734
f 5495/12813/5495 5494/12814/5494 5491/12815/5491 5490/12816/5490
vt 0.466323 0.572699
vt 0.568893 0.572699
vt 0.451275 0.572699
vt 0.430475 0.572699
f 5481/12817/5481 5498/12818/5498 5499/12819/5499 5482/12820/5482
vt 0.238318 0.572699
vt 0.237540 0.572699
vt 0.153013 0.572699
vt 0.156139 0.572699
f 5485/12821/5485 5500/12822/5500 5501/12823/5501 5486/12824/5486
vt 0.785530 0.572699
vt 0.762937 0.572699
vt 0.568893 0.572699
vt 0.466323 0.572699
f 5489/12825/5489 5502/12826/5502 5498/12827/5498 5481/12828/5481
vt 0.314268 0.572699
vt 0.316401 0.572699
vt 0.237540 0.572699
vt 0.238318 0.572699
f 5491/12829/5491 5503/12830/5503 5500/12831/5500 5485/12832/5485
vt 0.156139 0.572699
vt 0.153013 0.572699
vt 0.109563 0.572699
vt 0.119319 0.572699
f 5486/12833/5486 5501/12834/5501 5504/12835/5504 5492/12836/5492
vt 0.430475 0.572699
vt 0.451275 0.572699
vt 0.358953 0.572699
vt 0.350713 0.572699
f 5482/12837/5482 5499/12838/5499 5505/12839/5505 5494/12840/5494
vt 0.119319 0.572699
vt 0.109563 0.572699
vt 0.008615 0.572699
vt 0.031208 0.572699
f 5492/12841/5492 5504/12842/5504 5506/12843/5506 5496/12844/5496
vt 0.350713 0.572699
vt 0.358953 0.572699
vt 0.316401 0.572699
vt 0.314268 0.572699
f 5494/12845/5494 5505/12846/5505 5503/12847/5503 5491/12848/5491
vt 0.568893 0.572699
vt 0.568893 0.499267
vt 0.451275 0.499267
vt 0.451275 0.572699
f 5498/12849/5498 5507/12850/5507 5508/12851/5508 5499/12852/5499
vt 0.237540 0.572699
vt 0.237540 0.499267
vt 0.153013 0.499267
vt 0.153013 0.572699
f 5500/12853/5500 5509/12854/5509 5510/12855/5510 5501/12856/5501
vt 0.762937 0.572699
vt 0.762937 0.499267
vt 0.568893 0.499267
vt 0.568893 0.572699
f 5502/12857/5502 5511/12858/5511 5507/12859/5507 5498/12860/5498
vt 0.316401 0.572699
vt 0.316401 0.499267
vt 0.237540 0.499267
vt 0.237540 0.572699
f 5503/12861/5503 5512/12862/5512 5509/12863/5509 5500/12864/5500
vt 0.153013 0.572699
vt 0.153013 0.499267
vt 0.109563 0.499267
vt 0.109563 0.572699
f 5501/12865/5501 5510/12866/5510 5513/12867/5513 5504/12868/5504
vt 0.451275 0.572699
vt 0.428610 0.564767
vt 0.358953 0.564767
vt 0.358953 0.572699
f 5499/12869/5499 5514/12870/5514 5515/12871/5515 5505/12872/5505
vt 0.451275 0.572699
vt 0.451275 0.499267
vt 0.428610 0.507199
vt 0.428610 0.564767
f 5499/12873/5499 5508/12874/5508 5516/12875/5516 5514/12876/5514
vt 0.109563 0.572699
vt 0.089039 0.564767
vt 0.033575 0.564767
vt 0.008615 0.572699
f 5504/12877/5504 5517/12878/5517 5518/12879/5518 5506/12880/5506
vt 0.109563 0.572699
vt 0.109563 0.499267
vt 0.089039 0.507199
vt 0.089039 0.564767
f 5504/12881/5504 5513/12882/5513 5519/12883/5519 5517/12884/5517
vt 0.358953 0.572699
vt 0.358953 0.564767
vt 0.328480 0.564767
vt 0.316401 0.572699
f 5505/12885/5505 5515/12886/5515 5520/12887/5520 5503/12888/5503
vt 0.787897 0.564767
vt 0.787897 0.507199
vt 0.762937 0.499267
vt 0.762937 0.572699
f 5521/12889/5521 5522/12890/5522 5511/12891/5511 5502/12892/5502
vt 0.328480 0.564767
vt 0.328480 0.507199
vt 0.316401 0.499267
vt 0.316401 0.572699
f 5520/12893/5520 5523/12894/5523 5512/12895/5512 5503/12896/5503
vt 0.428610 0.564767
vt 0.427692 0.564767
vt 0.364169 0.564767
vt 0.358953 0.564767
f 5514/12897/5514 5524/12898/5524 5525/12899/5525 5515/12900/5515
vt 0.428610 0.564767
vt 0.428610 0.507199
vt 0.427692 0.507199
vt 0.427692 0.564767
f 5514/12901/5514 5516/12902/5516 5526/12903/5526 5524/12904/5524
vt 0.089039 0.564767
vt 0.083999 0.564767
vt 0.034689 0.564767
vt 0.033575 0.564767
f 5517/12905/5517 5527/12906/5527 5528/12907/5528 5518/12908/5518
vt 0.089039 0.564767
vt 0.089039 0.507199
vt 0.083999 0.507199
vt 0.083999 0.564767
f 5517/12909/5517 5519/12910/5519 5529/12911/5529 5527/12912/5527
vt 0.358953 0.564767
vt 0.364169 0.564767
vt 0.334778 0.564767
vt 0.328480 0.564767
f 5515/12913/5515 5525/12914/5525 5530/12915/5530 5520/12916/5520
vt 0.789011 0.564767
vt 0.789011 0.507199
vt 0.787897 0.507199
vt 0.787897 0.564767
f 5531/12917/5531 5532/12918/5532 5522/12919/5522 5521/12920/5521
vt 0.334778 0.564767
vt 0.334778 0.507199
vt 0.328480 0.507199
vt 0.328480 0.564767
f 5530/12921/5530 5533/12922/5533 5523/12923/5523 5520/12924/5520
vt 0.427692 0.564767
vt 0.427692 0.507199
vt 0.364169 0.507199
vt 0.364169 0.564767
f 5524/12925/5524 5526/12926/5526 5534/12927/5534 5525/12928/5525
vt 0.083999 0.564767
vt 0.083999 0.507199
vt 0.034689 0.507199
vt 0.034689 0.564767
f 5527/12929/5527 5529/12930/5529 5535/12931/5535 5528/12932/5528
vt 0.364169 0.564767
vt 0.364169 0.507199
vt 0.334778 0.507199
vt 0.334778 0.564767
f 5525/12933/5525 5534/12934/5534 5533/12935/5533 5530/12936/5530
vt 0.466324 0.625734
vt 0.466323 0.572699
vt 0.430475 0.572699
vt 0.430475 0.625734
f 5536/12937/5536 5537/12938/5537 5538/12939/5538 5539/12940/5539
vt 0.238318 0.625734
vt 0.238318 0.572699
vt 0.156139 0.572699
vt 0.156139 0.625734
f 5540/12941/5540 5541/12942/5541 5542/12943/5542 5543/12944/5543
vt 0.785530 0.625734
vt 0.785530 0.572699
vt 0.466323 0.572699
vt 0.466324 0.625734
f 5544/12945/5544 5545/12946/5545 5537/12947/5537 5536/12948/5536
vt 0.314268 0.625734
vt 0.314268 0.572699
vt 0.238318 0.572699
vt 0.238318 0.625734
f 5546/12949/5546 5547/12950/5547 5541/12951/5541 5540/12952/5540
vt 0.156139 0.625734
vt 0.156139 0.572699
vt 0.119319 0.572699
vt 0.119319 0.625734
f 5543/12953/5543 5542/12954/5542 5548/12955/5548 5549/12956/5549
vt 0.430475 0.625734
vt 0.430475 0.572699
vt 0.350713 0.572699
vt 0.350713 0.625734
f 5539/12957/5539 5538/12958/5538 5550/12959/5550 5551/12960/5551
vt 0.119319 0.625734
vt 0.119319 0.572699
vt 0.031208 0.572699
vt 0.031208 0.625734
f 5549/12961/5549 5548/12962/5548 5552/12963/5552 5553/12964/5553
vt 0.350713 0.625734
vt 0.350713 0.572699
vt 0.314268 0.572699
vt 0.314268 0.625734
f 5551/12965/5551 5550/12966/5550 5547/12967/5547 5546/12968/5546
vt 0.466323 0.572699
vt 0.568893 0.572699
vt 0.451275 0.572699
vt 0.430475 0.572699
f 5537/12969/5537 5554/12970/5554 5555/12971/5555 5538/12972/5538
vt 0.238318 0.572699
vt 0.237540 0.572699
vt 0.153013 0.572699
vt 0.156139 0.572699
f 5541/12973/5541 5556/12974/5556 5557/12975/5557 5542/12976/5542
vt 0.785530 0.572699
vt 0.762937 0.572699
vt 0.568893 0.572699
vt 0.466323 0.572699
f 5545/12977/5545 5558/12978/5558 5554/12979/5554 5537/12980/5537
vt 0.314268 0.572699
vt 0.316401 0.572699
vt 0.237540 0.572699
vt 0.238318 0.572699
f 5547/12981/5547 5559/12982/5559 5556/12983/5556 5541/12984/5541
vt 0.156139 0.572699
vt 0.153013 0.572699
vt 0.109563 0.572699
vt 0.119319 0.572699
f 5542/12985/5542 5557/12986/5557 5560/12987/5560 5548/12988/5548
vt 0.430475 0.572699
vt 0.451275 0.572699
vt 0.358953 0.572699
vt 0.350713 0.572699
f 5538/12989/5538 5555/12990/5555 5561/12991/5561 5550/12992/5550
vt 0.119319 0.572699
vt 0.109563 0.572699
vt 0.008615 0.572699
vt 0.031208 0.572699
f 5548/12993/5548 5560/12994/5560 5562/12995/5562 5552/12996/5552
vt 0.350713 0.572699
vt 0.358953 0.572699
vt 0.316401 0.572699
vt 0.314268 0.572699
f 5550/12997/5550 5561/12998/5561 5559/12999/5559 5547/13000/5547
vt 0.568893 0.572699
vt 0.568893 0.499267
vt 0.451275 0.499267
vt 0.451275 0.572699
f 5554/13001/5554 5563/13002/5563 5564/13003/5564 5555/13004/5555
vt 0.237540 0.572699
vt 0.237540 0.499267
vt 0.153013 0.499267
vt 0.153013 0.572699
f 5556/13005/5556 5565/13006/5565 5566/13007/5566 5557/13008/5557
vt 0.762937 0.572699
vt 0.762937 0.499267
vt 0.568893 0.499267
vt 0.568893 0.572699
f 5558/13009/5558 5567/13010/5567 5563/13011/5563 5554/13012/5554
vt 0.316401 0.572699
vt 0.316401 0.499267
vt 0.237540 0.499267
vt 0.237540 0.572699
f 5559/13013/5559 5568/13014/5568 5565/13015/5565 5556/13016/5556
vt 0.153013 0.572699
vt 0.153013 0.499267
vt 0.109563 0.499267
vt 0.109563 0.572699
f 5557/13017/5557 5566/13018/5566 5569/13019/5569 5560/13020/5560
vt 0.451275 0.572699
vt 0.428610 0.564767
vt 0.358953 0.564767
vt 0.358953 0.572699
f 5555/13021/5555 5570/13022/5570 5571/13023/5571 5561/13024/5561
vt 0.451275 0.572699
vt 0.451275 0.499267
vt 0.428610 0.507199
vt 0.428610 0.564767
f 5555/13025/5555 5564/13026/5564 5572/13027/5572 5570/13028/5570
vt 0.109563 0.572699
vt 0.089039 0.564767
vt 0.033575 0.564767
vt 0.008615 0.572699
f 5560/13029/5560 5573/13030/5573 5574/13031/5574 5562/13032/5562
vt 0.109563 0.572699
vt 0.109563 0.499267
vt 0.089039 0.507199
vt 0.089039 0.564767
f 5560/13033/5560 5569/13034/5569 5575/13035/5575 5573/13036/5573
vt 0.358953 0.572699
vt 0.358953 0.564767
vt 0.328480 0.564767
vt 0.316401 0.572699
f 5561/13037/5561 5571/13038/5571 5576/13039/5576 5559/13040/5559
vt 0.787897 0.564767
vt 0.787897 0.507199
vt 0.762937 0.499267
vt 0.762937 0.572699
f 5577/13041/5577 5578/13042/5578 5567/13043/5567 5558/13044/5558
vt 0.328480 0.564767
vt 0.328480 0.507199
vt 0.316401 0.499267
vt 0.316401 0.572699
f 5576/13045/5576 5579/13046/5579 5568/13047/5568 5559/13048/5559
vt 0.428610 0.564767
vt 0.427692 0.564767
vt 0.364169 0.564767
vt 0.358953 0.564767
f 5570/13049/5570 5580/13050/5580 5581/13051/5581 5571/13052/5571
vt 0.428610 0.564767
vt 0.428610 0.507199
vt 0.427692 0.507199
vt 0.427692 0.564767
f 5570/13053/5570 5572/13054/5572 5582/13055/5582 5580/13056/5580
vt 0.089039 0.564767
vt 0.083999 0.564767
vt 0.034689 0.564767
vt 0.033575 0.564767
f 5573/13057/5573 5583/13058/5583 5584/13059/5584 5574/13060/5574
vt 0.089039 0.564767
vt 0.089039 0.507199
vt 0.083999 0.507199
vt 0.083999 0.564767
f 5573/13061/5573 5575/13062/5575 5585/13063/5585 5583/13064/5583
vt 0.358953 0.564767
vt 0.364169 0.564767
vt 0.334778 0.564767
vt 0.328480 0.564767
f 5571/13065/5571 5581/13066/5581 5586/13067/5586 5576/13068/5576
vt 0.789011 0.564767
vt 0.789011 0.507199
vt 0.787897 0.507199
vt 0.787897 0.564767
f 5587/13069/5587 5588/13070/5588 5578/13071/5578 5577/13072/5577
vt 0.334778 0.564767
vt 0.334778 0.507199
vt 0.328480 0.507199
vt 0.328480 0.564767
f 5586/13073/5586 5589/13074/5589 5579/13075/5579 5576/13076/5576
vt 0.427692 0.564767
vt 0.427692 0.507199
vt 0.364169 0.507199
vt 0.364169 0.564767
f 5580/13077/5580 5582/13078/5582 5590/13079/5590 5581/13080/5581
vt 0.083999 0.564767
vt 0.083999 0.507199
vt 0.034689 0.507199
vt 0.034689 0.564767
f 5583/13081/5583 5585/13082/5585 5591/13083/5591 5584/13084/5584
vt 0.364169 0.564767
vt 0.364169 0.507199
vt 0.334778 0.507199
vt 0.334778 0.564767
f 5581/13085/5581 5590/13086/5590 5589/13087/5589 5586/13088/5586
vt 0.466324 0.625734
vt 0.466323 0.572699
vt 0.785530 0.572699
vt 0.785530 0.625734
f 5592/13089/5592 5593/13090/5593 5594/13091/5594 5595/13092/5595
vt 0.238318 0.625734
vt 0.238318 0.572699
vt 0.314268 0.572699
vt 0.314268 0.625734
f 5596/13093/5596 5597/13094/5597 5598/13095/5598 5599/13096/5599
vt 0.031208 0.625734
vt 0.031208 0.572699
vt 0.119319 0.572699
vt 0.119319 0.625734
f 5600/13097/5600 5601/13098/5601 5602/13099/5602 5603/13100/5603
vt 0.314268 0.625734
vt 0.314268 0.572699
vt 0.350713 0.572699
vt 0.350713 0.625734
f 5599/13101/5599 5598/13102/5598 5604/13103/5604 5605/13104/5605
vt 0.156139 0.625734
vt 0.156139 0.572699
vt 0.238318 0.572699
vt 0.238318 0.625734
f 5606/13105/5606 5607/13106/5607 5597/13107/5597 5596/13108/5596
vt 0.430475 0.625734
vt 0.430475 0.572699
vt 0.466323 0.572699
vt 0.466324 0.625734
f 5608/13109/5608 5609/13110/5609 5593/13111/5593 5592/13112/5592
vt 0.119319 0.625734
vt 0.119319 0.572699
vt 0.156139 0.572699
vt 0.156139 0.625734
f 5603/13113/5603 5602/13114/5602 5607/13115/5607 5606/13116/5606
vt 0.350713 0.625734
vt 0.350713 0.572699
vt 0.430475 0.572699
vt 0.430475 0.625734
f 5605/13117/5605 5604/13118/5604 5609/13119/5609 5608/13120/5608
vt 0.466323 0.572699
vt 0.568893 0.572699
vt 0.762937 0.572699
vt 0.785530 0.572699
f 5593/13121/5593 5610/13122/5610 5611/13123/5611 5594/13124/5594
vt 0.238318 0.572699
vt 0.237540 0.572699
vt 0.316401 0.572699
vt 0.314268 0.572699
f 5597/13125/5597 5612/13126/5612 5613/13127/5613 5598/13128/5598
vt 0.031208 0.572699
vt 0.008615 0.572699
vt 0.109563 0.572699
vt 0.119319 0.572699
f 5601/13129/5601 5614/13130/5614 5615/13131/5615 5602/13132/5602
vt 0.314268 0.572699
vt 0.316401 0.572699
vt 0.358953 0.572699
vt 0.350713 0.572699
f 5598/13133/5598 5613/13134/5613 5616/13135/5616 5604/13136/5604
vt 0.156139 0.572699
vt 0.153013 0.572699
vt 0.237540 0.572699
vt 0.238318 0.572699
f 5607/13137/5607 5617/13138/5617 5612/13139/5612 5597/13140/5597
vt 0.430475 0.572699
vt 0.451275 0.572699
vt 0.568893 0.572699
vt 0.466323 0.572699
f 5609/13141/5609 5618/13142/5618 5610/13143/5610 5593/13144/5593
vt 0.119319 0.572699
vt 0.109563 0.572699
vt 0.153013 0.572699
vt 0.156139 0.572699
f 5602/13145/5602 5615/13146/5615 5617/13147/5617 5607/13148/5607
vt 0.350713 0.572699
vt 0.358953 0.572699
vt 0.451275 0.572699
vt 0.430475 0.572699
f 5604/13149/5604 5616/13150/5616 5618/13151/5618 5609/13152/5609
vt 0.568893 0.572699
vt 0.568893 0.499267
vt 0.762937 0.499267
vt 0.762937 0.572699
f 5610/13153/5610 5619/13154/5619 5620/13155/5620 5611/13156/5611
vt 0.237540 0.572699
vt 0.237540 0.499267
vt 0.316401 0.499267
vt 0.316401 0.572699
f 5612/13157/5612 5621/13158/5621 5622/13159/5622 5613/13160/5613
vt 0.008615 0.572699
vt 0.033575 0.564767
vt 0.089039 0.564767
vt 0.109563 0.572699
f 5614/13161/5614 5623/13162/5623 5624/13163/5624 5615/13164/5615
vt 0.762937 0.572699
vt 0.762937 0.499267
vt 0.787897 0.507199
vt 0.787897 0.564767
f 5611/13165/5611 5620/13166/5620 5625/13167/5625 5626/13168/5626
vt 0.316401 0.572699
vt 0.328480 0.564767
vt 0.358953 0.564767
vt 0.358953 0.572699
f 5613/13169/5613 5627/13170/5627 5628/13171/5628 5616/13172/5616
vt 0.316401 0.572699
vt 0.316401 0.499267
vt 0.328480 0.507199
vt 0.328480 0.564767
f 5613/13173/5613 5622/13174/5622 5629/13175/5629 5627/13176/5627
vt 0.153013 0.572699
vt 0.153013 0.499267
vt 0.237540 0.499267
vt 0.237540 0.572699
f 5617/13177/5617 5630/13178/5630 5621/13179/5621 5612/13180/5612
vt 0.451275 0.572699
vt 0.451275 0.499267
vt 0.568893 0.499267
vt 0.568893 0.572699
f 5618/13181/5618 5631/13182/5631 5619/13183/5619 5610/13184/5610
vt 0.109563 0.572699
vt 0.109563 0.499267
vt 0.153013 0.499267
vt 0.153013 0.572699
f 5615/13185/5615 5632/13186/5632 5630/13187/5630 5617/13188/5617
vt 0.358953 0.572699
vt 0.358953 0.564767
vt 0.428610 0.564767
vt 0.451275 0.572699
f 5616/13189/5616 5628/13190/5628 5633/13191/5633 5618/13192/5618
vt 0.033575 0.564767
vt 0.034689 0.564767
vt 0.083999 0.564767
vt 0.089039 0.564767
f 5623/13193/5623 5634/13194/5634 5635/13195/5635 5624/13196/5624
vt 0.787897 0.564767
vt 0.787897 0.507199
vt 0.789011 0.507199
vt 0.789011 0.564767
f 5626/13197/5626 5625/13198/5625 5636/13199/5636 5637/13200/5637
vt 0.328480 0.564767
vt 0.334778 0.564767
vt 0.364169 0.564767
vt 0.358953 0.564767
f 5627/13201/5627 5638/13202/5638 5639/13203/5639 5628/13204/5628
vt 0.328480 0.564767
vt 0.328480 0.507199
vt 0.334778 0.507199
vt 0.334778 0.564767
f 5627/13205/5627 5629/13206/5629 5640/13207/5640 5638/13208/5638
vt 0.428610 0.564767
vt 0.428610 0.507199
vt 0.451275 0.499267
vt 0.451275 0.572699
f 5633/13209/5633 5641/13210/5641 5631/13211/5631 5618/13212/5618
vt 0.089039 0.564767
vt 0.089039 0.507199
vt 0.109563 0.499267
vt 0.109563 0.572699
f 5624/13213/5624 5642/13214/5642 5632/13215/5632 5615/13216/5615
vt 0.358953 0.564767
vt 0.364169 0.564767
vt 0.427692 0.564767
vt 0.428610 0.564767
f 5628/13217/5628 5639/13218/5639 5643/13219/5643 5633/13220/5633
vt 0.034689 0.564767
vt 0.034689 0.507199
vt 0.083999 0.507199
vt 0.083999 0.564767
f 5634/13221/5634 5644/13222/5644 5645/13223/5645 5635/13224/5635
vt 0.334778 0.564767
vt 0.334778 0.507199
vt 0.364169 0.507199
vt 0.364169 0.564767
f 5638/13225/5638 5640/13226/5640 5646/13227/5646 5639/13228/5639
vt 0.427692 0.564767
vt 0.427692 0.507199
vt 0.428610 0.507199
vt 0.428610 0.564767
f 5643/13229/5643 5647/13230/5647 5641/13231/5641 5633/13232/5633
vt 0.083999 0.564767
vt 0.083999 0.507199
vt 0.089039 0.507199
vt 0.089039 0.564767
f 5635/13233/5635 5645/13234/5645 5642/13235/5642 5624/13236/5624
vt 0.364169 0.564767
vt 0.364169 0.507199
vt 0.427692 0.507199
vt 0.427692 0.564767
f 5639/13237/5639 5646/13238/5646 5647/13239/5647 5643/13240/5643
vt 0.000000 1.000000
vt 0.000000 0.000000
vt 1.000000 0.000000
vt 1.000000 1.000000
f 5648/13241/5648 5649/13242/5649 5650/13243/5650 5651/13244/5651
vt 0.000000 1.000000
vt 0.000000 0.000000
vt 1.000000 0.000000
vt 1.000000 1.000000
f 5652/13245/5652 5653/13246/5653 5654/13247/5654 5655/13248/5655
vt 0.000000 1.000000
vt 0.000000 0.000000
vt 1.000000 0.000000
vt 1.000000 1.000000
f 5656/13249/5656 5657/13250/5657 5658/13251/5658 5659/13252/5659
vt 0.000000 1.000000
vt 0.000000 0.000000
vt 1.000000 0.000000
vt 1.000000 1.000000
f 5656/13253/5656 5660/13254/5660 5661/13255/5661 5662/13256/5662
vt 0.000000 1.000000
vt 0.000000 0.000000
vt 1.000000 0.000000
vt 1.000000 1.000000
f 5663/13257/5663 5664/13258/5664 5665/13259/5665 5666/13260/5666
vt 0.000000 1.000000
vt 0.000000 0.000000
vt 1.000000 0.000000
vt 1.000000 1.000000
f 5667/13261/5667 5668/13262/5668 5669/13263/5669 5670/13264/5670
vt 0.000000 1.000000
vt 0.000000 0.000000
vt 1.000000 0.000000
vt 1.000000 1.000000
f 5671/13265/5671 5672/13266/5672 5673/13267/5673 5674/13268/5674
vt 0.000000 1.000000
vt 0.000000 0.000000
vt 1.000000 0.000000
vt 1.000000 1.000000
f 5675/13269/5675 5676/13270/5676 5677/13271/5677 5678/13272/5678
vt 0.000000 1.000000
vt 0.000000 0.000000
vt 1.000000 0.000000
vt 1.000000 1.000000
f 5679/13273/5679 5680/13274/5680 5681/13275/5681 5682/13276/5682
vt 0.000000 1.000000
vt 0.000000 0.000000
vt 1.000000 0.000000
vt 1.000000 1.000000
f 5683/13277/5683 5684/13278/5684 5685/13279/5685 5686/13280/5686
vt 0.000000 1.000000
vt 0.000000 0.000000
vt 1.000000 0.000000
vt 1.000000 1.000000
f 5687/13281/5687 5688/13282/5688 5689/13283/5689 5690/13284/5690
vt 0.000000 1.000000
vt 0.000000 0.000000
vt 1.000000 0.000000
vt 1.000000 1.000000
f 5691/13285/5691 5692/13286/5692 5693/13287/5693 5682/13288/5682
vt 0.000000 1.000000
vt 0.000000 0.000000
vt 1.000000 0.000000
vt 1.000000 1.000000
f 5694/13289/5694 5695/13290/5695 5696/13291/5696 5697/13292/5697
vt 0.000000 1.000000
vt 0.000000 0.000000
vt 1.000000 0.000000
vt 1.000000 1.000000
f 5698/13293/5698 5699/13294/5699 5700/13295/5700 5701/13296/5701
vt 0.000000 1.000000
vt 0.000000 0.000000
vt 1.000000 0.000000
vt 1.000000 1.000000
f 5702/13297/5702 5703/13298/5703 5704/13299/5704 5705/13300/5705
vt 0.000000 1.000000
vt 0.000000 0.000000
vt 1.000000 0.000000
vt 1.000000 1.000000
f 5706/13301/5706 5707/13302/5707 5708/13303/5708 5709/13304/5709
vt 0.000000 1.000000
vt 0.000000 0.000000
vt 1.000000 0.000000
vt 1.000000 1.000000
f 5710/13305/5710 5711/13306/5711 5712/13307/5712 5713/13308/5713
vt 0.000000 1.000000
vt 0.000000 0.000000
vt 1.000000 0.000000
vt 1.000000 1.000000
f 5714/13309/5714 5715/13310/5715 5716/13311/5716 5717/13312/5717
vt 0.000000 1.000000
vt 0.000000 0.000000
vt 1.000000 0.000000
vt 1.000000 1.000000
f 5718/13313/5718 5707/13314/5707 5700/13315/5700 5719/13316/5719
vt 0.000000 1.000000
vt 0.000000 0.000000
vt 1.000000 0.000000
vt 1.000000 1.000000
f 5720/13317/5720 5715/13318/5715 5712/13319/5712 5721/13320/5721
vt 0.000000 1.000000
vt 0.000000 0.000000
vt 1.000000 0.000000
vt 1.000000 1.000000
f 5722/13321/5722 5723/13322/5723 5724/13323/5724 5725/13324/5725
vt 1.000000 0.000000
vt 1.000000 1.000000
vt 0.000000 1.000000
vt 0.000000 0.000000
f 5726/13325/5726 5727/13326/5727 5728/13327/5728 5729/13328/5729
vt 0.000000 1.000000
vt 0.000000 0.000000
vt 1.000000 0.000000
vt 1.000000 1.000000
f 5730/13329/5730 5731/13330/5731 5732/13331/5732 5733/13332/5733
vt 1.000000 0.000000
vt 1.000000 1.000000
vt 0.000000 1.000000
vt 0.000000 0.000000
f 5734/13333/5734 5735/13334/5735 5736/13335/5736 5737/13336/5737
vt 1.000000 0.000000
vt 1.000000 1.000000
vt 0.000000 1.000000
vt 0.000000 0.000000
f 5738/13337/5738 5739/13338/5739 5740/13339/5740 5741/13340/5741
vt 1.000000 0.000000
vt 1.000000 1.000000
vt 0.000000 1.000000
vt 0.000000 0.000000
f 5742/13341/5742 5743/13342/5743 5744/13343/5744 5745/13344/5745
vt 0.000000 1.000000
vt 0.000000 0.000000
vt 1.000000 0.000000
vt 1.000000 1.000000
f 5746/13345/5746 5747/13346/5747 5748/13347/5748 5743/13348/5743
vt 1.000000 0.000000
vt 1.000000 1.000000
vt 0.000000 1.000000
vt 0.000000 0.000000
f 5749/13349/5749 5750/13350/5750 5751/13351/5751 5752/13352/5752
vt 1.000000 0.000000
vt 1.000000 1.000000
vt 0.000000 1.000000
vt 0.000000 0.000000
f 5753/13353/5753 5754/13354/5754 5755/13355/5755 5756/13356/5756
vt 0.000000 1.000000
vt 0.000000 0.000000
vt 1.000000 0.000000
vt 1.000000 1.000000
f 5757/13357/5757 5758/13358/5758 5759/13359/5759 5760/13360/5760
vt 0.000000 1.000000
vt 0.000000 0.000000
vt 1.000000 0.000000
vt 1.000000 1.000000
f 5751/13361/5751 5761/13362/5761 5762/13363/5762 5763/13364/5763
vt 0.000000 1.000000
vt 0.000000 0.000000
vt 1.000000 0.000000
vt 1.000000 1.000000
f 5764/13365/5764 5765/13366/5765 5766/13367/5766 5767/13368/5767
vt 0.000000 1.000000
vt 0.000000 0.000000
vt 1.000000 0.000000
vt 1.000000 1.000000
f 5768/13369/5768 5769/13370/5769 5770/13371/5770 5771/13372/5771
vt 0.000000 1.000000
vt 0.000000 0.000000
vt 1.000000 0.000000
vt 1.000000 1.000000
f 5772/13373/5772 5773/13374/5773 5774/13375/5774 5775/13376/5775
vt 0.000000 1.000000
vt 0.000000 0.000000
vt 1.000000 0.000000
vt 1.000000 1.000000
f 5776/13377/5776 5777/13378/5777 5778/13379/5778 5779/13380/5779
vt 0.000000 1.000000
vt 0.000000 0.000000
vt 1.000000 0.000000
vt 1.000000 1.000000
f 5780/13381/5780 5781/13382/5781 5782/13383/5782 5783/13384/5783
vt 0.000000 1.000000
vt 0.000000 0.000000
vt 1.000000 0.000000
vt 1.000000 1.000000
f 5784/13385/5784 5785/13386/5785 5786/13387/5786 5787/13388/5787
vt 0.000000 1.000000
vt 0.000000 0.000000
vt 1.000000 0.000000
vt 1.000000 1.000000
f 5788/13389/5788 5789/13390/5789 5790/13391/5790 5791/13392/5791
vt 0.000000 1.000000
vt 0.000000 0.000000
vt 1.000000 0.000000
vt 1.000000 1.000000
f 5792/13393/5792 5781/13394/5781 5774/13395/5774 5793/13396/5793
vt 0.000000 1.000000
vt 0.000000 0.000000
vt 1.000000 0.000000
vt 1.000000 1.000000
f 5794/13397/5794 5789/13398/5789 5786/13399/5786 5795/13400/5795
vt 1.000000 1.000000
vt 1.000000 0.000000
vt 0.000000 0.000000
vt 0.000000 1.000000
f 5796/13401/5796 5797/13402/5797 5798/13403/5798 5799/13404/5799
vt 0.000000 0.000000
vt 0.000000 1.000000
vt 1.000000 1.000000
vt 1.000000 0.000000
f 5800/13405/5800 5801/13406/5801 5802/13407/5802 5803/13408/5803
vt 0.000000 0.000000
vt 0.000000 1.000000
vt 1.000000 1.000000
vt 1.000000 0.000000
f 5804/13409/5804 5805/13410/5805 5806/13411/5806 5807/13412/5807
vt 1.000000 1.000000
vt 1.000000 0.000000
vt 0.000000 0.000000
vt 0.000000 1.000000
f 5808/13413/5808 5809/13414/5809 5810/13415/5810 5805/13416/5805
vt 0.000000 0.000000
vt 0.000000 1.000000
vt 1.000000 1.000000
vt 1.000000 0.000000
f 5811/13417/5811 5812/13418/5812 5813/13419/5813 5814/13420/5814
vt 0.000000 0.000000
vt 0.000000 1.000000
vt 1.000000 1.000000
vt 1.000000 0.000000
f 5815/13421/5815 5816/13422/5816 5817/13423/5817 5818/13424/5818
vt 1.000000 1.000000
vt 1.000000 0.000000
vt 0.000000 0.000000
vt 0.000000 1.000000
f 5819/13425/5819 5820/13426/5820 5821/13427/5821 5822/13428/5822
vt 0.000000 0.000000
vt 0.000000 1.000000
vt 1.000000 1.000000
vt 1.000000 0.000000
f 5823/13429/5823 5824/13430/5824 5825/13431/5825 5826/13432/5826
vt 0.000000 0.000000
vt 0.000000 1.000000
vt 1.000000 1.000000
vt 1.000000 0.000000
f 5827/13433/5827 5828/13434/5828 5829/13435/5829 5830/13436/5830
vt 1.000000 1.000000
vt 1.000000 0.000000
vt 0.000000 0.000000
vt 0.000000 1.000000
f 5831/13437/5831 5832/13438/5832 5833/13439/5833 5834/13440/5834
vt 1.000000 1.000000
vt 1.000000 0.000000
vt 0.000000 0.000000
vt 0.000000 1.000000
f 5835/13441/5835 5836/13442/5836 5837/13443/5837 5838/13444/5838
vt 1.000000 1.000000
vt 1.000000 0.000000
vt 0.000000 0.000000
vt 0.000000 1.000000
f 5829/13445/5829 5839/13446/5839 5840/13447/5840 5841/13448/5841
vt 1.000000 1.000000
vt 1.000000 0.000000
vt 0.000000 0.000000
vt 0.000000 1.000000
f 5842/13449/5842 5843/13450/5843 5844/13451/5844 5845/13452/5845
vt 1.000000 1.000000
vt 1.000000 0.000000
vt 0.000000 0.000000
vt 0.000000 1.000000
f 5846/13453/5846 5847/13454/5847 5848/13455/5848 5849/13456/5849
vt 1.000000 1.000000
vt 1.000000 0.000000
vt 0.000000 0.000000
vt 0.000000 1.000000
f 5850/13457/5850 5851/13458/5851 5852/13459/5852 5853/13460/5853
vt 1.000000 1.000000
vt 1.000000 0.000000
vt 0.000000 0.000000
vt 0.000000 1.000000
f 5854/13461/5854 5855/13462/5855 5856/13463/5856 5857/13464/5857
vt 1.000000 1.000000
vt 1.000000 0.000000
vt 0.000000 0.000000
vt 0.000000 1.000000
f 5858/13465/5858 5859/13466/5859 5860/13467/5860 5861/13468/5861
vt 1.000000 1.000000
vt 1.000000 0.000000
vt 0.000000 0.000000
vt 0.000000 1.000000
f 5862/13469/5862 5863/13470/5863 5864/13471/5864 5865/13472/5865
vt 1.000000 1.000000
vt 1.000000 0.000000
vt 0.000000 0.000000
vt 0.000000 1.000000
f 5866/13473/5866 5855/13474/5855 5852/13475/5852 5867/13476/5867
vt 1.000000 1.000000
vt 1.000000 0.000000
vt 0.000000 0.000000
vt 0.000000 1.000000
f 5868/13477/5868 5859/13478/5859 5864/13479/5864 5869/13480/5869
vt 1.000000 1.000000
vt 1.000000 0.000000
vt 0.000000 0.000000
vt 0.000000 1.000000
f 5870/13481/5870 5871/13482/5871 5872/13483/5872 5873/13484/5873
vt 0.000000 0.000000
vt 0.000000 1.000000
vt 1.000000 1.000000
vt 1.000000 0.000000
f 5874/13485/5874 5875/13486/5875 5876/13487/5876 5877/13488/5877
vt 0.000000 0.000000
vt 0.000000 1.000000
vt 1.000000 1.000000
vt 1.000000 0.000000
f 5878/13489/5878 5879/13490/5879 5880/13491/5880 5881/13492/5881
vt 1.000000 1.000000
vt 1.000000 0.000000
vt 0.000000 0.000000
vt 0.000000 1.000000
f 5882/13493/5882 5883/13494/5883 5884/13495/5884 5879/13496/5879
vt 0.000000 0.000000
vt 0.000000 1.000000
vt 1.000000 1.000000
vt 1.000000 0.000000
f 5885/13497/5885 5886/13498/5886 5887/13499/5887 5888/13500/5888
vt 0.000000 0.000000
vt 0.000000 1.000000
vt 1.000000 1.000000
vt 1.000000 0.000000
f 5889/13501/5889 5890/13502/5890 5891/13503/5891 5892/13504/5892
vt 1.000000 1.000000
vt 1.000000 0.000000
vt 0.000000 0.000000
vt 0.000000 1.000000
f 5893/13505/5893 5894/13506/5894 5895/13507/5895 5896/13508/5896
vt 0.000000 0.000000
vt 0.000000 1.000000
vt 1.000000 1.000000
vt 1.000000 0.000000
f 5897/13509/5897 5898/13510/5898 5899/13511/5899 5900/13512/5900
vt 0.000000 0.000000
vt 0.000000 1.000000
vt 1.000000 1.000000
vt 1.000000 0.000000
f 5901/13513/5901 5902/13514/5902 5903/13515/5903 5904/13516/5904
vt 1.000000 1.000000
vt 1.000000 0.000000
vt 0.000000 0.000000
vt 0.000000 1.000000
f 5905/13517/5905 5906/13518/5906 5907/13519/5907 5908/13520/5908
vt 1.000000 1.000000
vt 1.000000 0.000000
vt 0.000000 0.000000
vt 0.000000 1.000000
f 5909/13521/5909 5910/13522/5910 5911/13523/5911 5912/13524/5912
vt 1.000000 1.000000
vt 1.000000 0.000000
vt 0.000000 0.000000
vt 0.000000 1.000000
f 5903/13525/5903 5913/13526/5913 5914/13527/5914 5915/13528/5915
vt 1.000000 1.000000
vt 1.000000 0.000000
vt 0.000000 0.000000
vt 0.000000 1.000000
f 5916/13529/5916 5917/13530/5917 5918/13531/5918 5919/13532/5919
vt 1.000000 1.000000
vt 1.000000 0.000000
vt 0.000000 0.000000
vt 0.000000 1.000000
f 5920/13533/5920 5921/13534/5921 5922/13535/5922 5923/13536/5923
vt 1.000000 1.000000
vt 1.000000 0.000000
vt 0.000000 0.000000
vt 0.000000 1.000000
f 5924/13537/5924 5925/13538/5925 5926/13539/5926 5927/13540/5927
vt 1.000000 1.000000
vt 1.000000 0.000000
vt 0.000000 0.000000
vt 0.000000 1.000000
f 5928/13541/5928 5929/13542/5929 5930/13543/5930 5931/13544/5931
vt 1.000000 1.000000
vt 1.000000 0.000000
vt 0.000000 0.000000
vt 0.000000 1.000000
f 5932/13545/5932 5933/13546/5933 5934/13547/5934 5935/13548/5935
vt 1.000000 1.000000
vt 1.000000 0.000000
vt 0.000000 0.000000
vt 0.000000 1.000000
f 5936/13549/5936 5937/13550/5937 5938/13551/5938 5939/13552/5939
vt 1.000000 1.000000
vt 1.000000 0.000000
vt 0.000000 0.000000
vt 0.000000 1.000000
f 5940/13553/5940 5929/13554/5929 5926/13555/5926 5941/13556/5941
vt 1.000000 1.000000
vt 1.000000 0.000000
vt 0.000000 0.000000
vt 0.000000 1.000000
f 5942/13557/5942 5933/13558/5933 5938/13559/5938 5943/13560/5943
vt 0.555403 0.192553
vt 0.633868 0.178765
vt 0.633868 0.122925
vt 0.555405 0.126433
f 5944/13561/5944 5945/13562/5945 5946/13563/5946 5947/13564/5947
vt 0.555403 0.192553
vt 0.480884 0.178765
vt 0.483861 0.217309
vt 0.555394 0.240875
f 5944/13565/5944 5948/13566/5948 5949/13567/5949 5950/13568/5950
vt 0.555405 0.126433
vt 0.480884 0.122922
vt 0.480884 0.178765
vt 0.555403 0.192553
f 5947/13569/5947 5951/13570/5951 5948/13571/5948 5944/13572/5944
vt 0.555394 0.240875
vt 0.630890 0.217322
vt 0.633868 0.178765
vt 0.555403 0.192553
f 5950/13573/5950 5952/13574/5952 5945/13575/5945 5944/13576/5944
vt 0.555403 0.192553
vt 0.633868 0.178765
vt 0.633868 0.122925
vt 0.555405 0.126433
f 5953/13577/5953 5954/13578/5954 5955/13579/5955 5956/13580/5956
vt 0.555403 0.192553
vt 0.480884 0.178765
vt 0.483861 0.217309
vt 0.555394 0.240875
f 5953/13581/5953 5957/13582/5957 5958/13583/5958 5959/13584/5959
vt 0.555405 0.126433
vt 0.480884 0.122922
vt 0.480884 0.178765
vt 0.555403 0.192553
f 5956/13585/5956 5960/13586/5960 5957/13587/5957 5953/13588/5953
vt 0.555394 0.240875
vt 0.630890 0.217322
vt 0.633868 0.178765
vt 0.555403 0.192553
f 5959/13589/5959 5961/13590/5961 5954/13591/5954 5953/13592/5953
vt 0.889487 0.982510
vt 0.889487 0.891036
vt 0.933075 0.891036
vt 0.933075 0.982510
f 5962/13593/5962 5963/13594/5963 5964/13595/5964 5965/13596/5965
vt 0.971622 0.982510
vt 0.971622 0.891036
vt 0.967213 0.891036
vt 0.967213 0.982510
f 5966/13597/5966 5967/13598/5967 5968/13599/5968 5969/13600/5969
vt 0.907300 0.982510
vt 0.907300 0.891036
vt 0.891956 0.891036
vt 0.891956 0.982510
f 5970/13601/5970 5971/13602/5971 5972/13603/5972 5973/13604/5973
vt 0.951483 0.982510
vt 0.951483 0.891036
vt 0.929363 0.891036
vt 0.929363 0.982510
f 5974/13605/5974 5975/13606/5975 5976/13607/5976 5977/13608/5977
vt 0.933075 0.982510
vt 0.933075 0.891036
vt 0.971622 0.891036
vt 0.971622 0.982510
f 5965/13609/5965 5964/13610/5964 5967/13611/5967 5966/13612/5966
vt 0.891956 0.982510
vt 0.891956 0.891036
vt 0.889487 0.891036
vt 0.889487 0.982510
f 5973/13613/5973 5972/13614/5972 5963/13615/5963 5962/13616/5962
vt 0.929363 0.982510
vt 0.929363 0.891036
vt 0.907300 0.891036
vt 0.907300 0.982510
f 5977/13617/5977 5976/13618/5976 5971/13619/5971 5970/13620/5970
vt 0.967213 0.982510
vt 0.967213 0.891036
vt 0.951483 0.891036
vt 0.951483 0.982510
f 5969/13621/5969 5968/13622/5968 5975/13623/5975 5974/13624/5974
vt 0.889487 0.982510
vt 0.889487 0.891036
vt 0.933075 0.891036
vt 0.933075 0.982510
f 5978/13625/5978 5979/13626/5979 5980/13627/5980 5981/13628/5981
vt 0.971622 0.982510
vt 0.971622 0.891036
vt 0.967213 0.891036
vt 0.967213 0.982510
f 5982/13629/5982 5983/13630/5983 5984/13631/5984 5985/13632/5985
vt 0.907300 0.982510
vt 0.907300 0.891036
vt 0.891956 0.891036
vt 0.891956 0.982510
f 5986/13633/5986 5987/13634/5987 5988/13635/5988 5989/13636/5989
vt 0.951483 0.982510
vt 0.951483 0.891036
vt 0.929363 0.891036
vt 0.929363 0.982510
f 5990/13637/5990 5991/13638/5991 5992/13639/5992 5993/13640/5993
vt 0.933075 0.982510
vt 0.933075 0.891036
vt 0.971622 0.891036
vt 0.971622 0.982510
f 5981/13641/5981 5980/13642/5980 5983/13643/5983 5982/13644/5982
vt 0.891956 0.982510
vt 0.891956 0.891036
vt 0.889487 0.891036
vt 0.889487 0.982510
f 5989/13645/5989 5988/13646/5988 5979/13647/5979 5978/13648/5978
vt 0.929363 0.982510
vt 0.929363 0.891036
vt 0.907300 0.891036
vt 0.907300 0.982510
f 5993/13649/5993 5992/13650/5992 5987/13651/5987 5986/13652/5986
vt 0.967213 0.982510
vt 0.967213 0.891036
vt 0.951483 0.891036
vt 0.951483 0.982510
f 5985/13653/5985 5984/13654/5984 5991/13655/5991 5990/13656/5990
vt 0.889487 0.982510
vt 0.889487 0.891036
vt 0.891956 0.891036
vt 0.891956 0.982510
f 5994/13657/5994 5995/13658/5995 5996/13659/5996 5997/13660/5997
vt 0.971622 0.982510
vt 0.971622 0.891036
vt 0.933075 0.891036
vt 0.933075 0.982510
f 5998/13661/5998 5999/13662/5999 6000/13663/6000 6001/13664/6001
vt 0.907300 0.982510
vt 0.907300 0.891036
vt 0.929363 0.891036
vt 0.929363 0.982510
f 6002/13665/6002 6003/13666/6003 6004/13667/6004 6005/13668/6005
vt 0.951483 0.982510
vt 0.951483 0.891036
vt 0.967213 0.891036
vt 0.967213 0.982510
f 6006/13669/6006 6007/13670/6007 6008/13671/6008 6009/13672/6009
vt 0.933075 0.982510
vt 0.933075 0.891036
vt 0.889487 0.891036
vt 0.889487 0.982510
f 6001/13673/6001 6000/13674/6000 5995/13675/5995 5994/13676/5994
vt 0.891956 0.982510
vt 0.891956 0.891036
vt 0.907300 0.891036
vt 0.907300 0.982510
f 5997/13677/5997 5996/13678/5996 6003/13679/6003 6002/13680/6002
vt 0.929363 0.982510
vt 0.929363 0.891036
vt 0.951483 0.891036
vt 0.951483 0.982510
f 6005/13681/6005 6004/13682/6004 6007/13683/6007 6006/13684/6006
vt 0.967213 0.982510
vt 0.967213 0.891036
vt 0.971622 0.891036
vt 0.971622 0.982510
f 6009/13685/6009 6008/13686/6008 5999/13687/5999 5998/13688/5998
vt 0.889487 0.982510
vt 0.889487 0.891036
vt 0.891956 0.891036
vt 0.891956 0.982510
f 6010/13689/6010 6011/13690/6011 6012/13691/6012 6013/13692/6013
vt 0.971622 0.982510
vt 0.971622 0.891036
vt 0.933075 0.891036
vt 0.933075 0.982510
f 6014/13693/6014 6015/13694/6015 6016/13695/6016 6017/13696/6017
vt 0.907300 0.982510
vt 0.907300 0.891036
vt 0.929363 0.891036
vt 0.929363 0.982510
f 6018/13697/6018 6019/13698/6019 6020/13699/6020 6021/13700/6021
vt 0.951483 0.982510
vt 0.951483 0.891036
vt 0.967213 0.891036
vt 0.967213 0.982510
f 6022/13701/6022 6023/13702/6023 6024/13703/6024 6025/13704/6025
vt 0.933075 0.982510
vt 0.933075 0.891036
vt 0.889487 0.891036
vt 0.889487 0.982510
f 6017/13705/6017 6016/13706/6016 6011/13707/6011 6010/13708/6010
vt 0.891956 0.982510
vt 0.891956 0.891036
vt 0.907300 0.891036
vt 0.907300 0.982510
f 6013/13709/6013 6012/13710/6012 6019/13711/6019 6018/13712/6018
vt 0.929363 0.982510
vt 0.929363 0.891036
vt 0.951483 0.891036
vt 0.951483 0.982510
f 6021/13713/6021 6020/13714/6020 6023/13715/6023 6022/13716/6022
vt 0.967213 0.982510
vt 0.967213 0.891036
vt 0.971622 0.891036
vt 0.971622 0.982510
f 6025/13717/6025 6024/13718/6024 6015/13719/6015 6014/13720/6014
vt 0.876985 0.983800
vt 0.876985 0.892326
vt 0.882115 0.892326
vt 0.882115 0.983800
f 6026/13721/6026 6027/13722/6027 6028/13723/6028 6029/13724/6029
vt 0.889732 0.983800
vt 0.889732 0.892326
vt 0.894386 0.892326
vt 0.894386 0.983800
f 6030/13725/6030 6031/13726/6031 6032/13727/6032 6033/13728/6033
vt 0.883218 0.983800
vt 0.883218 0.892326
vt 0.878412 0.892326
vt 0.878412 0.983800
f 6034/13729/6034 6035/13730/6035 6036/13731/6036 6037/13732/6037
vt 0.894513 0.983800
vt 0.894513 0.892326
vt 0.889537 0.892326
vt 0.889537 0.983800
f 6038/13733/6038 6039/13734/6039 6040/13735/6040 6041/13736/6041
vt 0.882115 0.983800
vt 0.882115 0.892326
vt 0.889732 0.892326
vt 0.889732 0.983800
f 6029/13737/6029 6028/13738/6028 6031/13739/6031 6030/13740/6030
vt 0.878412 0.983800
vt 0.878412 0.892326
vt 0.876985 0.892326
vt 0.876985 0.983800
f 6037/13741/6037 6036/13742/6036 6027/13743/6027 6026/13744/6026
vt 0.889537 0.983800
vt 0.889537 0.892326
vt 0.883218 0.892326
vt 0.883218 0.983800
f 6041/13745/6041 6040/13746/6040 6035/13747/6035 6034/13748/6034
vt 0.894386 0.983800
vt 0.894386 0.892326
vt 0.894513 0.892326
vt 0.894513 0.983800
f 6033/13749/6033 6032/13750/6032 6039/13751/6039 6038/13752/6038
vt 0.876985 0.983800
vt 0.876985 0.892326
vt 0.882115 0.892326
vt 0.882115 0.983800
f 6042/13753/6042 6043/13754/6043 6044/13755/6044 6045/13756/6045
vt 0.889732 0.983800
vt 0.889732 0.892326
vt 0.894386 0.892326
vt 0.894386 0.983800
f 6046/13757/6046 6047/13758/6047 6048/13759/6048 6049/13760/6049
vt 0.883218 0.983800
vt 0.883218 0.892326
vt 0.878412 0.892326
vt 0.878412 0.983800
f 6050/13761/6050 6051/13762/6051 6052/13763/6052 6053/13764/6053
vt 0.894513 0.983800
vt 0.894513 0.892326
vt 0.889537 0.892326
vt 0.889537 0.983800
f 6054/13765/6054 6055/13766/6055 6056/13767/6056 6057/13768/6057
vt 0.882115 0.983800
vt 0.882115 0.892326
vt 0.889732 0.892326
vt 0.889732 0.983800
f 6045/13769/6045 6044/13770/6044 6047/13771/6047 6046/13772/6046
vt 0.878412 0.983800
vt 0.878412 0.892326
vt 0.876985 0.892326
vt 0.876985 0.983800
f 6053/13773/6053 6052/13774/6052 6043/13775/6043 6042/13776/6042
vt 0.889537 0.983800
vt 0.889537 0.892326
vt 0.883218 0.892326
vt 0.883218 0.983800
f 6057/13777/6057 6056/13778/6056 6051/13779/6051 6050/13780/6050
vt 0.894386 0.983800
vt 0.894386 0.892326
vt 0.894513 0.892326
vt 0.894513 0.983800
f 6049/13781/6049 6048/13782/6048 6055/13783/6055 6054/13784/6054
vt 0.876985 0.983800
vt 0.876985 0.892326
vt 0.878412 0.892326
vt 0.878412 0.983800
f 6058/13785/6058 6059/13786/6059 6060/13787/6060 6061/13788/6061
vt 0.889732 0.983800
vt 0.889732 0.892326
vt 0.882115 0.892326
vt 0.882115 0.983800
f 6062/13789/6062 6063/13790/6063 6064/13791/6064 6065/13792/6065
vt 0.883218 0.983800
vt 0.883218 0.892326
vt 0.889537 0.892326
vt 0.889537 0.983800
f 6066/13793/6066 6067/13794/6067 6068/13795/6068 6069/13796/6069
vt 0.894513 0.983800
vt 0.894513 0.892326
vt 0.894386 0.892326
vt 0.894386 0.983800
f 6070/13797/6070 6071/13798/6071 6072/13799/6072 6073/13800/6073
vt 0.882115 0.983800
vt 0.882115 0.892326
vt 0.876985 0.892326
vt 0.876985 0.983800
f 6065/13801/6065 6064/13802/6064 6059/13803/6059 6058/13804/6058
vt 0.878412 0.983800
vt 0.878412 0.892326
vt 0.883218 0.892326
vt 0.883218 0.983800
f 6061/13805/6061 6060/13806/6060 6067/13807/6067 6066/13808/6066
vt 0.889537 0.983800
vt 0.889537 0.892326
vt 0.894513 0.892326
vt 0.894513 0.983800
f 6069/13809/6069 6068/13810/6068 6071/13811/6071 6070/13812/6070
vt 0.894386 0.983800
vt 0.894386 0.892326
vt 0.889732 0.892326
vt 0.889732 0.983800
f 6073/13813/6073 6072/13814/6072 6063/13815/6063 6062/13816/6062
vt 0.876985 0.983800
vt 0.876985 0.892326
vt 0.878412 0.892326
vt 0.878412 0.983800
f 6074/13817/6074 6075/13818/6075 6076/13819/6076 6077/13820/6077
vt 0.889732 0.983800
vt 0.889732 0.892326
vt 0.882115 0.892326
vt 0.882115 0.983800
f 6078/13821/6078 6079/13822/6079 6080/13823/6080 6081/13824/6081
vt 0.883218 0.983800
vt 0.883218 0.892326
vt 0.889537 0.892326
vt 0.889537 0.983800
f 6082/13825/6082 6083/13826/6083 6084/13827/6084 6085/13828/6085
vt 0.894513 0.983800
vt 0.894513 0.892326
vt 0.894386 0.892326
vt 0.894386 0.983800
f 6086/13829/6086 6087/13830/6087 6088/13831/6088 6089/13832/6089
vt 0.882115 0.983800
vt 0.882115 0.892326
vt 0.876985 0.892326
vt 0.876985 0.983800
f 6081/13833/6081 6080/13834/6080 6075/13835/6075 6074/13836/6074
vt 0.878412 0.983800
vt 0.878412 0.892326
vt 0.883218 0.892326
vt 0.883218 0.983800
f 6077/13837/6077 6076/13838/6076 6083/13839/6083 6082/13840/6082
vt 0.889537 0.983800
vt 0.889537 0.892326
vt 0.894513 0.892326
vt 0.894513 0.983800
f 6085/13841/6085 6084/13842/6084 6087/13843/6087 6086/13844/6086
vt 0.894386 0.983800
vt 0.894386 0.892326
vt 0.889732 0.892326
vt 0.889732 0.983800
f 6089/13845/6089 6088/13846/6088 6079/13847/6079 6078/13848/6078
vt 0.835958 0.832677
vt 0.835958 0.751540
vt 0.852409 0.751540
vt 0.852409 0.832677
f 6090/13849/6090 6091/13850/6091 6092/13851/6092 6093/13852/6093
vt 0.853378 0.832677
vt 0.853377 0.751540
vt 0.841393 0.751540
vt 0.841393 0.832677
f 6094/13853/6094 6095/13854/6095 6096/13855/6096 6097/13856/6097
vt 0.804924 0.832677
vt 0.804924 0.751540
vt 0.813268 0.751540
vt 0.813268 0.832677
f 6098/13857/6098 6099/13858/6099 6100/13859/6100 6101/13860/6101
vt 0.826726 0.832677
vt 0.826726 0.751540
vt 0.813340 0.751540
vt 0.813340 0.832677
f 6102/13861/6102 6103/13862/6103 6104/13863/6104 6105/13864/6105
vt 0.852409 0.832677
vt 0.852409 0.751540
vt 0.853377 0.751540
vt 0.853378 0.832677
f 6093/13865/6093 6092/13866/6092 6095/13867/6095 6094/13868/6094
vt 0.813268 0.832677
vt 0.813268 0.751540
vt 0.835958 0.751540
vt 0.835958 0.832677
f 6101/13869/6101 6100/13870/6100 6091/13871/6091 6090/13872/6090
vt 0.813340 0.832677
vt 0.813340 0.751540
vt 0.804924 0.751540
vt 0.804924 0.832677
f 6105/13873/6105 6104/13874/6104 6099/13875/6099 6098/13876/6098
vt 0.841393 0.832677
vt 0.841393 0.751540
vt 0.826726 0.751540
vt 0.826726 0.832677
f 6097/13877/6097 6096/13878/6096 6103/13879/6103 6102/13880/6102
vt 0.835958 0.832677
vt 0.835958 0.751540
vt 0.852409 0.751540
vt 0.852409 0.832677
f 6106/13881/6106 6107/13882/6107 6108/13883/6108 6109/13884/6109
vt 0.853378 0.832677
vt 0.853377 0.751540
vt 0.841393 0.751540
vt 0.841393 0.832677
f 6110/13885/6110 6111/13886/6111 6112/13887/6112 6113/13888/6113
vt 0.804924 0.832677
vt 0.804924 0.751540
vt 0.813268 0.751540
vt 0.813268 0.832677
f 6114/13889/6114 6115/13890/6115 6116/13891/6116 6117/13892/6117
vt 0.826726 0.832677
vt 0.826726 0.751540
vt 0.813340 0.751540
vt 0.813340 0.832677
f 6118/13893/6118 6119/13894/6119 6120/13895/6120 6121/13896/6121
vt 0.852409 0.832677
vt 0.852409 0.751540
vt 0.853377 0.751540
vt 0.853378 0.832677
f 6109/13897/6109 6108/13898/6108 6111/13899/6111 6110/13900/6110
vt 0.813268 0.832677
vt 0.813268 0.751540
vt 0.835958 0.751540
vt 0.835958 0.832677
f 6117/13901/6117 6116/13902/6116 6107/13903/6107 6106/13904/6106
vt 0.813340 0.832677
vt 0.813340 0.751540
vt 0.804924 0.751540
vt 0.804924 0.832677
f 6121/13905/6121 6120/13906/6120 6115/13907/6115 6114/13908/6114
vt 0.841393 0.832677
vt 0.841393 0.751540
vt 0.826726 0.751540
vt 0.826726 0.832677
f 6113/13909/6113 6112/13910/6112 6119/13911/6119 6118/13912/6118
vt 0.835958 0.832677
vt 0.835958 0.751540
vt 0.813268 0.751540
vt 0.813268 0.832677
f 6122/13913/6122 6123/13914/6123 6124/13915/6124 6125/13916/6125
vt 0.853378 0.832677
vt 0.853377 0.751540
vt 0.852409 0.751540
vt 0.852409 0.832677
f 6126/13917/6126 6127/13918/6127 6128/13919/6128 6129/13920/6129
vt 0.804924 0.832677
vt 0.804924 0.751540
vt 0.813340 0.751540
vt 0.813340 0.832677
f 6130/13921/6130 6131/13922/6131 6132/13923/6132 6133/13924/6133
vt 0.826726 0.832677
vt 0.826726 0.751540
vt 0.841393 0.751540
vt 0.841393 0.832677
f 6134/13925/6134 6135/13926/6135 6136/13927/6136 6137/13928/6137
vt 0.852409 0.832677
vt 0.852409 0.751540
vt 0.835958 0.751540
vt 0.835958 0.832677
f 6129/13929/6129 6128/13930/6128 6123/13931/6123 6122/13932/6122
vt 0.813268 0.832677
vt 0.813268 0.751540
vt 0.804924 0.751540
vt 0.804924 0.832677
f 6125/13933/6125 6124/13934/6124 6131/13935/6131 6130/13936/6130
vt 0.813340 0.832677
vt 0.813340 0.751540
vt 0.826726 0.751540
vt 0.826726 0.832677
f 6133/13937/6133 6132/13938/6132 6135/13939/6135 6134/13940/6134
vt 0.841393 0.832677
vt 0.841393 0.751540
vt 0.853377 0.751540
vt 0.853378 0.832677
f 6137/13941/6137 6136/13942/6136 6127/13943/6127 6126/13944/6126
vt 0.835958 0.832677
vt 0.835958 0.751540
vt 0.813268 0.751540
vt 0.813268 0.832677
f 6138/13945/6138 6139/13946/6139 6140/13947/6140 6141/13948/6141
vt 0.853378 0.832677
vt 0.853377 0.751540
vt 0.852409 0.751540
vt 0.852409 0.832677
f 6142/13949/6142 6143/13950/6143 6144/13951/6144 6145/13952/6145
vt 0.804924 0.832677
vt 0.804924 0.751540
vt 0.813340 0.751540
vt 0.813340 0.832677
f 6146/13953/6146 6147/13954/6147 6148/13955/6148 6149/13956/6149
vt 0.826726 0.832677
vt 0.826726 0.751540
vt 0.841393 0.751540
vt 0.841393 0.832677
f 6150/13957/6150 6151/13958/6151 6152/13959/6152 6153/13960/6153
vt 0.852409 0.832677
vt 0.852409 0.751540
vt 0.835958 0.751540
vt 0.835958 0.832677
f 6145/13961/6145 6144/13962/6144 6139/13963/6139 6138/13964/6138
vt 0.813268 0.832677
vt 0.813268 0.751540
vt 0.804924 0.751540
vt 0.804924 0.832677
f 6141/13965/6141 6140/13966/6140 6147/13967/6147 6146/13968/6146
vt 0.813340 0.832677
vt 0.813340 0.751540
vt 0.826726 0.751540
vt 0.826726 0.832677
f 6149/13969/6149 6148/13970/6148 6151/13971/6151 6150/13972/6150
vt 0.841393 0.832677
vt 0.841393 0.751540
vt 0.853377 0.751540
vt 0.853378 0.832677
f 6153/13973/6153 6152/13974/6152 6143/13975/6143 6142/13976/6142
vt 0.805817 0.984299
vt 0.805817 0.872290
vt 0.806771 0.872290
vt 0.806771 0.984299
f 6154/13977/6154 6155/13978/6155 6156/13979/6156 6157/13980/6157
vt 0.821149 0.984299
vt 0.821149 0.872290
vt 0.841256 0.872290
vt 0.841256 0.984299
f 6158/13981/6158 6159/13982/6159 6160/13983/6160 6161/13984/6161
vt 0.831875 0.984299
vt 0.831875 0.872290
vt 0.817582 0.872290
vt 0.817582 0.984299
f 6162/13985/6162 6163/13986/6163 6164/13987/6164 6165/13988/6165
vt 0.850208 0.984299
vt 0.850208 0.872290
vt 0.843779 0.872290
vt 0.843779 0.984299
f 6166/13989/6166 6167/13990/6167 6168/13991/6168 6169/13992/6169
vt 0.806771 0.984299
vt 0.806771 0.872290
vt 0.821149 0.872290
vt 0.821149 0.984299
f 6157/13993/6157 6156/13994/6156 6159/13995/6159 6158/13996/6158
vt 0.817582 0.984299
vt 0.817582 0.872290
vt 0.805817 0.872290
vt 0.805817 0.984299
f 6165/13997/6165 6164/13998/6164 6155/13999/6155 6154/14000/6154
vt 0.843779 0.984299
vt 0.843779 0.872290
vt 0.831875 0.872290
vt 0.831875 0.984299
f 6169/14001/6169 6168/14002/6168 6163/14003/6163 6162/14004/6162
vt 0.841256 0.984299
vt 0.841256 0.872290
vt 0.850208 0.872290
vt 0.850208 0.984299
f 6161/14005/6161 6160/14006/6160 6167/14007/6167 6166/14008/6166
vt 0.805817 0.984299
vt 0.805817 0.872290
vt 0.806771 0.872290
vt 0.806771 0.984299
f 6170/14009/6170 6171/14010/6171 6172/14011/6172 6173/14012/6173
vt 0.821149 0.984299
vt 0.821149 0.872290
vt 0.841256 0.872290
vt 0.841256 0.984299
f 6174/14013/6174 6175/14014/6175 6176/14015/6176 6177/14016/6177
vt 0.831875 0.984299
vt 0.831875 0.872290
vt 0.817582 0.872290
vt 0.817582 0.984299
f 6178/14017/6178 6179/14018/6179 6180/14019/6180 6181/14020/6181
vt 0.850208 0.984299
vt 0.850208 0.872290
vt 0.843779 0.872290
vt 0.843779 0.984299
f 6182/14021/6182 6183/14022/6183 6184/14023/6184 6185/14024/6185
vt 0.806771 0.984299
vt 0.806771 0.872290
vt 0.821149 0.872290
vt 0.821149 0.984299
f 6173/14025/6173 6172/14026/6172 6175/14027/6175 6174/14028/6174
vt 0.817582 0.984299
vt 0.817582 0.872290
vt 0.805817 0.872290
vt 0.805817 0.984299
f 6181/14029/6181 6180/14030/6180 6171/14031/6171 6170/14032/6170
vt 0.843779 0.984299
vt 0.843779 0.872290
vt 0.831875 0.872290
vt 0.831875 0.984299
f 6185/14033/6185 6184/14034/6184 6179/14035/6179 6178/14036/6178
vt 0.841256 0.984299
vt 0.841256 0.872290
vt 0.850208 0.872290
vt 0.850208 0.984299
f 6177/14037/6177 6176/14038/6176 6183/14039/6183 6182/14040/6182
vt 0.805817 0.984299
vt 0.805817 0.872290
vt 0.817582 0.872290
vt 0.817582 0.984299
f 6186/14041/6186 6187/14042/6187 6188/14043/6188 6189/14044/6189
vt 0.821149 0.984299
vt 0.821149 0.872290
vt 0.806771 0.872290
vt 0.806771 0.984299
f 6190/14045/6190 6191/14046/6191 6192/14047/6192 6193/14048/6193
vt 0.831875 0.984299
vt 0.831875 0.872290
vt 0.843779 0.872290
vt 0.843779 0.984299
f 6194/14049/6194 6195/14050/6195 6196/14051/6196 6197/14052/6197
vt 0.850208 0.984299
vt 0.850208 0.872290
vt 0.841256 0.872290
vt 0.841256 0.984299
f 6198/14053/6198 6199/14054/6199 6200/14055/6200 6201/14056/6201
vt 0.806771 0.984299
vt 0.806771 0.872290
vt 0.805817 0.872290
vt 0.805817 0.984299
f 6193/14057/6193 6192/14058/6192 6187/14059/6187 6186/14060/6186
vt 0.817582 0.984299
vt 0.817582 0.872290
vt 0.831875 0.872290
vt 0.831875 0.984299
f 6189/14061/6189 6188/14062/6188 6195/14063/6195 6194/14064/6194
vt 0.843779 0.984299
vt 0.843779 0.872290
vt 0.850208 0.872290
vt 0.850208 0.984299
f 6197/14065/6197 6196/14066/6196 6199/14067/6199 6198/14068/6198
vt 0.841256 0.984299
vt 0.841256 0.872290
vt 0.821149 0.872290
vt 0.821149 0.984299
f 6201/14069/6201 6200/14070/6200 6191/14071/6191 6190/14072/6190
vt 0.805817 0.984299
vt 0.805817 0.872290
vt 0.817582 0.872290
vt 0.817582 0.984299
f 6202/14073/6202 6203/14074/6203 6204/14075/6204 6205/14076/6205
vt 0.821149 0.984299
vt 0.821149 0.872290
vt 0.806771 0.872290
vt 0.806771 0.984299
f 6206/14077/6206 6207/14078/6207 6208/14079/6208 6209/14080/6209
vt 0.831875 0.984299
vt 0.831875 0.872290
vt 0.843779 0.872290
vt 0.843779 0.984299
f 6210/14081/6210 6211/14082/6211 6212/14083/6212 6213/14084/6213
vt 0.850208 0.984299
vt 0.850208 0.872290
vt 0.841256 0.872290
vt 0.841256 0.984299
f 6214/14085/6214 6215/14086/6215 6216/14087/6216 6217/14088/6217
vt 0.806771 0.984299
vt 0.806771 0.872290
vt 0.805817 0.872290
vt 0.805817 0.984299
f 6209/14089/6209 6208/14090/6208 6203/14091/6203 6202/14092/6202
vt 0.817582 0.984299
vt 0.817582 0.872290
vt 0.831875 0.872290
vt 0.831875 0.984299
f 6205/14093/6205 6204/14094/6204 6211/14095/6211 6210/14096/6210
vt 0.843779 0.984299
vt 0.843779 0.872290
vt 0.850208 0.872290
vt 0.850208 0.984299
f 6213/14097/6213 6212/14098/6212 6215/14099/6215 6214/14100/6214
vt 0.841256 0.984299
vt 0.841256 0.872290
vt 0.821149 0.872290
vt 0.821149 0.984299
f 6217/14101/6217 6216/14102/6216 6207/14103/6207 6206/14104/6206
vt 0.482846 0.204160
vt 0.483861 0.217309
vt 0.480884 0.178765
vt 0.480884 0.178765
f 6218/14105/6218 6219/14106/6219 6220/14107/6220 6221/14108/6221
vt 0.480884 0.136110
vt 0.471087 0.136110
vt 0.471087 0.179143
vt 0.480884 0.178765
f 6222/14109/6222 6223/14110/6223 6224/14111/6224 6221/14112/6221
vt 0.480884 0.178765
vt 0.471087 0.179143
vt 0.473078 0.204914
vt 0.482846 0.204160
f 6221/14113/6221 6224/14114/6224 6225/14115/6225 6218/14116/6218
vt 0.480884 0.178765
vt 0.480884 0.178765
vt 0.480884 0.122922
vt 0.480884 0.136110
f 6221/14117/6221 6220/14118/6220 6226/14119/6226 6222/14120/6222
vt 0.482846 0.204160
vt 0.483861 0.217309
vt 0.480884 0.178765
vt 0.480884 0.178765
f 6227/14121/6227 6228/14122/6228 6229/14123/6229 6230/14124/6230
vt 0.480884 0.136110
vt 0.471087 0.136110
vt 0.471087 0.179143
vt 0.480884 0.178765
f 6231/14125/6231 6232/14126/6232 6233/14127/6233 6230/14128/6230
vt 0.480884 0.178765
vt 0.471087 0.179143
vt 0.473078 0.204914
vt 0.482846 0.204160
f 6230/14129/6230 6233/14130/6233 6234/14131/6234 6227/14132/6227
vt 0.480884 0.178765
vt 0.480884 0.178765
vt 0.480884 0.122922
vt 0.480884 0.136110
f 6230/14133/6230 6229/14134/6229 6235/14135/6235 6231/14136/6231
vt 0.482846 0.204160
vt 0.473078 0.204914
vt 0.471087 0.179143
vt 0.480884 0.178765
f 6236/14137/6236 6237/14138/6237 6238/14139/6238 6239/14140/6239
vt 0.480884 0.136110
vt 0.480884 0.122922
vt 0.480884 0.178765
vt 0.480884 0.178765
f 6240/14141/6240 6241/14142/6241 6242/14143/6242 6239/14144/6239
vt 0.480884 0.178765
vt 0.471087 0.179143
vt 0.471087 0.136110
vt 0.480884 0.136110
f 6239/14145/6239 6238/14146/6238 6243/14147/6243 6240/14148/6240
vt 0.480884 0.178765
vt 0.480884 0.178765
vt 0.483861 0.217309
vt 0.482846 0.204160
f 6239/14149/6239 6242/14150/6242 6244/14151/6244 6236/14152/6236
vt 0.482846 0.204160
vt 0.473078 0.204914
vt 0.471087 0.179143
vt 0.480884 0.178765
f 6245/14153/6245 6246/14154/6246 6247/14155/6247 6248/14156/6248
vt 0.480884 0.136110
vt 0.480884 0.122922
vt 0.480884 0.178765
vt 0.480884 0.178765
f 6249/14157/6249 6250/14158/6250 6251/14159/6251 6248/14160/6248
vt 0.480884 0.178765
vt 0.471087 0.179143
vt 0.471087 0.136110
vt 0.480884 0.136110
f 6248/14161/6248 6247/14162/6247 6252/14163/6252 6249/14164/6249
vt 0.480884 0.178765
vt 0.480884 0.178765
vt 0.483861 0.217309
vt 0.482846 0.204160
f 6248/14165/6248 6251/14166/6251 6253/14167/6253 6245/14168/6245
vt 0.633868 0.122925
vt 0.633868 0.136113
vt 0.633868 0.165577
vt 0.633868 0.178765
f 6254/14169/6254 6255/14170/6255 6256/14171/6256 6257/14172/6257
vt 0.633868 0.122925
vt 0.633868 0.136113
vt 0.633868 0.165577
vt 0.633868 0.178765
f 6258/14173/6258 6259/14174/6259 6260/14175/6260 6261/14176/6261
vt 0.633868 0.178765
vt 0.633868 0.165577
vt 0.633868 0.136113
vt 0.633868 0.122925
f 6262/14177/6262 6263/14178/6263 6264/14179/6264 6265/14180/6265
vt 0.633868 0.178765
vt 0.633868 0.165577
vt 0.633868 0.136113
vt 0.633868 0.122925
f 6266/14181/6266 6267/14182/6267 6268/14183/6268 6269/14184/6269
vt 0.555403 0.192553
vt 0.480884 0.178765
vt 0.480884 0.122922
vt 0.555405 0.126433
f 6270/14185/6270 6271/14186/6271 6272/14187/6272 6273/14188/6273
vt 0.555403 0.192553
vt 0.480884 0.178765
vt 0.480884 0.122922
vt 0.555405 0.126433
f 6274/14189/6274 6275/14190/6275 6276/14191/6276 6277/14192/6277
vt 0.555403 0.192553
vt 0.633868 0.178765
vt 0.630890 0.217322
vt 0.555394 0.240875
f 6278/14193/6278 6279/14194/6279 6280/14195/6280 6281/14196/6281
vt 0.555403 0.192553
vt 0.633868 0.178765
vt 0.630890 0.217322
vt 0.555394 0.240875
f 6282/14197/6282 6283/14198/6283 6284/14199/6284 6285/14200/6285
vt 0.555405 0.126433
vt 0.633868 0.122925
vt 0.633868 0.178765
vt 0.555403 0.192553
f 6286/14201/6286 6287/14202/6287 6288/14203/6288 6289/14204/6289
vt 0.555405 0.126433
vt 0.633868 0.122925
vt 0.633868 0.178765
vt 0.555403 0.192553
f 6290/14205/6290 6291/14206/6291 6292/14207/6292 6293/14208/6293
vt 0.555394 0.240875
vt 0.483861 0.217309
vt 0.480884 0.178765
vt 0.555403 0.192553
f 6294/14209/6294 6295/14210/6295 6296/14211/6296 6297/14212/6297
