mtllib admonisher-shield.mtl
usemtl tex0_0
v -8.900678 13.093304 -5.365078
vn 0.296935 -0.915384 0.271847
v 8.902684 13.093302 -5.365078
vn -0.337960 -0.900915 0.272276
v 0.001003 11.070817 -12.836967
vn -0.011925 -0.866091 0.499743
v -6.637780 9.777779 -12.968978
vn 0.275920 -0.777287 0.565414
v 6.639787 9.666461 -12.766505
vn -0.319896 -0.757132 0.569577
v 0.001003 15.148595 -0.093152
vn -0.006124 -0.994358 0.105897
v 7.600120 13.603028 -0.213393
vn -0.246953 -0.968564 -0.029968
v -7.598113 13.714348 -0.415864
vn 0.233843 -0.971992 -0.023438
v -14.571637 -10.215068 -12.291779
vn 0.159080 0.495461 0.853939
v 0.001003 -10.420653 -12.927875
vn -0.000986 0.519486 0.854478
v 0.001002 -15.917479 -9.454318
vn -0.000223 0.643066 0.765811
v -10.264367 -15.435249 -9.267684
vn 0.181448 0.748541 0.637779
v 14.573646 -10.242900 -12.241161
vn -0.170146 0.482258 0.859347
v 10.266372 -15.435252 -9.267685
vn -0.182133 0.747558 0.638737
v 0.001003 -6.397882 -15.279157
vn -0.028404 0.440909 0.897102
v 12.798862 -6.057313 -14.287509
vn -0.256531 0.193133 0.947044
v -12.796854 -5.945996 -14.489982
vn 0.196237 0.392631 0.898516
v -6.876748 -3.112136 -17.069304
vn 0.206026 0.167312 0.964137
v 0.001003 -2.413514 -17.026711
vn -0.098114 0.347273 0.932617
v 8.724691 -1.804528 -15.795922
vn -0.290529 0.088068 0.952805
v 0.001003 2.968098 -18.689081
vn -0.038165 -0.027096 0.998904
v 6.133804 3.589422 -17.155590
vn -0.365192 -0.175062 0.914324
v -6.131798 3.700739 -17.358063
vn 0.317781 -0.191887 0.928544
v -5.509223 -19.013405 -5.170481
vn 0.282621 0.942982 0.175812
v -3.124857 -19.320848 -0.126216
vn 0.541463 0.800052 -0.258329
v -10.348597 -14.542302 -0.468045
vn 0.557724 0.665130 -0.496534
v -14.417295 -15.203234 -5.452541
vn 0.517198 0.828667 -0.214050
v -2.125974 -18.030460 4.920357
vn 0.650629 0.649387 -0.393672
v -6.506297 -13.588138 4.580282
vn 0.668858 0.548866 -0.501374
v -10.459320 -7.964899 4.716334
vn 0.679273 0.356492 -0.641484
v -17.367916 -8.283069 -1.028753
vn 0.641930 0.406425 -0.650188
v -2.251635 -13.026566 11.742952
vn 0.735531 0.369875 -0.567615
v -5.712352 -10.036904 9.152932
vn 0.726637 0.352651 -0.589606
v -4.162588 -13.923102 8.027014
vn 0.726875 0.522635 -0.445540
v -1.527277 -16.815109 9.024488
vn 0.743654 0.543230 -0.389719
v -21.871471 -4.590341 -12.122455
vn 0.596041 0.115344 0.794626
v -17.698484 0.690330 -13.318389
vn 0.496258 -0.345888 0.796298
v -12.101606 -2.451607 4.708395
vn 0.689156 0.065901 -0.721610
v -19.880508 -2.248152 -1.799336
vn 0.734766 0.002530 -0.678316
v -10.812859 2.784078 5.367081
vn 0.787682 -0.106301 -0.606842
v -18.573643 3.628166 -2.133262
vn 0.769294 -0.400129 -0.498079
v -7.172820 -4.131272 9.898753
vn 0.755878 0.181190 -0.629141
v -3.627499 -5.944600 13.297508
vn 0.732889 0.238959 -0.637003
v -4.929302 1.418182 14.084969
vn 0.741721 0.094345 -0.664040
v -8.082420 2.294173 10.338643
vn 0.824456 0.077650 -0.560573
v -12.579099 5.898659 -13.365006
vn 0.442528 -0.516766 0.732886
v -16.270247 8.242175 -7.707720
vn 0.638078 -0.725740 0.257212
v -4.277468 7.345786 -16.506765
vn 0.266714 -0.546776 0.793662
v -10.071305 9.284843 4.927155
vn 0.785921 -0.450392 -0.423645
v -14.134585 9.411602 -1.384003
vn 0.695981 -0.646199 -0.313109
v -7.598113 13.714348 -0.415864
vn 0.553628 -0.831737 -0.041338
v -7.979588 7.739804 10.546768
vn 0.794260 -0.260023 -0.549126
v 10.461324 -7.992730 4.766952
vn -0.664449 0.372762 -0.647732
v 5.714355 -10.036906 9.152932
vn -0.724654 0.352541 -0.592107
v 4.164590 -13.923104 8.027014
vn -0.725916 0.523502 -0.446085
v 6.508298 -13.588140 4.580281
vn -0.667431 0.551414 -0.500479
v 2.253637 -13.026568 11.742951
vn -0.628854 0.435912 -0.643835
v 1.529279 -16.815113 9.024488
vn -0.743654 0.543230 -0.389719
v 2.127976 -18.030462 4.920357
vn -0.650629 0.649387 -0.393672
v 3.126859 -19.320852 -0.126217
vn -0.541463 0.800052 -0.258329
v 10.350600 -14.542308 -0.468047
vn -0.551203 0.671338 -0.495460
v 5.511226 -19.013407 -5.170483
vn -0.282620 0.942982 0.175812
v 14.419299 -15.203239 -5.452545
vn -0.507305 0.835949 -0.209360
v 17.369919 -8.394390 -0.826284
vn -0.610130 0.446233 -0.654689
v 7.174823 -4.131274 9.898754
vn -0.752092 0.181057 -0.633700
v 3.629503 -5.944602 13.297508
vn -0.732889 0.238959 -0.637003
v 12.103611 -2.562926 4.910867
vn -0.663234 0.064301 -0.745645
v 10.814864 2.784076 5.367082
vn -0.768478 -0.100492 -0.631936
v 8.084426 2.294169 10.338643
vn -0.824456 0.077650 -0.560574
v 4.931306 1.418179 14.084970
vn -0.603674 0.113741 -0.789076
v 19.882513 -2.693421 -0.989448
vn -0.705134 0.046522 -0.707546
v 18.575649 2.960266 -0.918429
vn -0.757867 -0.386366 -0.525698
v 10.073313 9.173525 5.129627
vn -0.782310 -0.447167 -0.433628
v 7.981594 7.739801 10.546767
vn -0.793480 -0.258325 -0.551052
v 14.136594 8.966334 -0.574115
vn -0.700853 -0.635552 -0.323849
v 7.600120 13.603028 -0.213393
vn -0.579732 -0.812111 -0.066228
v 16.272253 7.574275 -6.492887
vn -0.680539 -0.690190 0.245977
v 12.581106 5.453393 -12.555119
vn -0.512584 -0.493740 0.702480
v 17.700491 0.022431 -12.103556
vn -0.521967 -0.291118 0.801749
v 4.279474 7.296312 -16.416779
vn -0.308753 -0.537435 0.784751
v 3.126859 -19.320852 -0.126217
vn -0.315330 0.944562 -0.091482
v 2.160022 -19.882854 -2.596358
vn -0.200567 0.976060 0.084141
v 2.904287 -19.210529 -5.021385
vn -0.069283 0.912140 0.403980
v 3.126859 -19.320852 -0.126217
vn -0.361337 0.929795 -0.070114
v 1.650523 -19.890366 -0.070238
vn -0.294932 0.946521 -0.130816
v 0.001001 -20.274988 -0.042393
vn 0.000000 0.994785 -0.101997
v 0.001001 -20.240717 -2.570363
vn 0.000000 0.988476 0.151375
v 0.001001 -19.513510 -5.006027
vn 0.000000 0.907165 0.420776
v 2.127976 -18.030462 4.920357
vn -0.541334 0.794048 -0.276488
v 1.089500 -18.754934 4.872963
vn -0.427959 0.857964 -0.284164
v 1.314209 -19.444061 2.453896
vn -0.357428 0.900594 -0.247336
v 0.001001 -19.112482 4.908169
vn 0.000000 0.956336 -0.292270
v 0.001001 -19.828264 2.482308
vn 0.000000 0.973423 -0.229013
v 3.126859 -19.320852 -0.126217
vn -0.490667 0.815942 -0.305752
v 2.127976 -18.030462 4.920357
vn -0.490667 0.815942 -0.305752
v 3.126859 -19.320852 -0.126217
vn -0.358864 0.909764 -0.208675
v -2.125974 -18.030460 4.920357
vn 0.490668 0.815941 -0.305752
v -3.124857 -19.320848 -0.126216
vn 0.490668 0.815941 -0.305752
v -1.312207 -19.444061 2.453896
vn 0.357429 0.900594 -0.247336
v -1.087498 -18.754934 4.872963
vn 0.427959 0.857964 -0.284164
v -2.125974 -18.030460 4.920357
vn 0.541335 0.794048 -0.276488
v -3.124857 -19.320848 -0.126216
vn 0.358866 0.909764 -0.208675
v -1.648521 -19.890366 -0.070238
vn 0.294933 0.946521 -0.130816
v -2.902285 -19.210529 -5.021384
vn 0.069283 0.912141 0.403979
v -2.158020 -19.882853 -2.596358
vn 0.200568 0.976060 0.084141
v -3.124857 -19.320848 -0.126216
vn 0.315330 0.944562 -0.091483
v -3.124857 -19.320848 -0.126216
vn 0.361340 0.929794 -0.070114
v 2.403654 7.454752 -16.760281
vn -0.179398 -0.565344 0.805110
v 2.730317 9.016871 -15.014048
vn -0.170636 -0.756852 0.630919
v 0.001003 7.625636 -17.128759
vn -0.014453 -0.575995 0.817325
v 0.001003 9.294663 -15.243529
vn -0.013955 -0.777355 0.628908
v -2.728310 9.057069 -15.087163
vn 0.144796 -0.757620 0.636432
v -2.401647 7.487219 -16.819334
vn 0.157048 -0.568235 0.807741
v -6.075132 13.263627 5.113587
vn 0.348049 -0.928646 -0.128366
v -3.189857 14.397099 5.188007
vn 0.354153 -0.928961 -0.107735
v -3.472682 14.604840 2.467003
vn 0.295498 -0.952581 -0.072596
v -6.722517 13.478423 2.317983
vn 0.329726 -0.929235 -0.166746
v 0.001004 15.562974 5.225852
vn -0.003756 -0.999879 -0.015077
v 6.077138 13.220140 5.192677
vn -0.355781 -0.926569 -0.122026
v 6.724524 13.391454 2.476164
vn -0.338850 -0.926936 -0.161155
v 3.474688 14.570052 2.530275
vn -0.304313 -0.950126 -0.068228
v 3.191864 14.379704 5.219643
vn -0.358908 -0.927628 -0.103400
v 6.077138 13.220140 5.192677
vn -0.353941 -0.872880 -0.335867
v 3.191864 14.379704 5.219643
vn -0.353941 -0.872880 -0.335867
v 2.995139 13.420178 7.920651
vn -0.307567 -0.852233 -0.423204
v 5.620512 12.356567 7.902982
vn -0.496378 -0.767230 -0.406161
v 6.077138 13.220140 5.192677
vn -0.355390 -0.871623 -0.337597
v 0.001004 15.562974 5.225852
vn -0.206561 -0.864618 -0.458004
v 0.001004 12.695529 10.639009
vn 0.000033 -0.805380 -0.592759
v 3.191864 14.379704 5.219643
vn -0.327888 -0.882427 -0.337361
v 0.001004 15.562974 5.225852
vn -0.327888 -0.882427 -0.337361
v 2.778109 11.988747 10.386954
vn -0.274394 -0.775347 -0.568810
v 5.157104 11.104782 10.334965
vn -0.448164 -0.704052 -0.550872
v -6.075132 13.263627 5.113587
vn 0.354250 -0.871259 -0.339728
v -5.618505 12.373963 7.871346
vn 0.344282 -0.843915 -0.411433
v -2.993132 13.427136 7.907996
vn 0.306922 -0.852227 -0.423684
v -3.189857 14.397099 5.188007
vn 0.351785 -0.873358 -0.336887
v -6.075132 13.263627 5.113587
vn 0.351785 -0.873358 -0.336887
v -5.155097 11.109134 10.327057
vn 0.299548 -0.773078 -0.559125
v -2.776102 11.990487 10.383790
vn 0.274626 -0.775412 -0.568609
v 0.001004 15.562974 5.225852
vn 0.206491 -0.864632 -0.458011
v 0.001004 15.562974 5.225852
vn 0.326486 -0.882571 -0.338343
v -3.189857 14.397099 5.188007
vn 0.326486 -0.882571 -0.338343
v -4.051550 8.739736 13.569345
vn 0.260525 -0.526840 -0.809053
v 0.001004 8.638874 14.664525
vn -0.000000 -0.544839 -0.838541
v -2.432364 10.382685 12.372207
vn 0.232872 -0.717855 -0.656090
v -4.487365 9.768836 12.216514
vn 0.266109 -0.731695 -0.627542
v 4.053557 8.739734 13.569345
vn -0.367722 -0.508845 -0.778368
v 4.489372 9.768834 12.216513
vn -0.403445 -0.666665 -0.626730
v 2.434372 10.382683 12.372207
vn -0.232730 -0.717749 -0.656257
v 3.944900 -17.662399 -7.242237
vn -0.057464 0.794709 0.604264
v 0.001002 -17.881435 -7.253813
vn -0.000000 0.778615 0.627502
v -3.942897 -17.662399 -7.242237
vn 0.057465 0.794709 0.604264
v -2.601815 5.512129 -17.647463
vn 0.166051 -0.329730 0.929357
v 0.001003 5.496513 -17.986708
vn -0.015489 -0.321189 0.946888
v 2.603821 5.471931 -17.574348
vn -0.194591 -0.322828 0.926238
v -21.282497 -9.214837 -6.382532
vn 0.759296 0.492513 -0.425324
v -21.902164 -9.417758 -8.496854
vn 0.822663 0.566235 0.051027
v -19.286266 -12.039657 -7.777730
vn 0.635300 0.772265 -0.000582
v -18.144888 -12.115170 -5.794122
vn 0.623551 0.641331 -0.447077
v -20.873291 -9.596871 -10.142405
vn 0.561128 0.539049 0.628141
v -18.890612 -11.983960 -9.257921
vn 0.481566 0.746337 0.459430
v -16.336920 -13.606841 -8.479678
vn 0.394424 0.835006 0.383660
v -15.762881 -14.285392 -7.271919
vn 0.446256 0.873897 0.192766
v -16.222437 -12.309300 -10.162683
vn 0.297113 0.648039 0.701263
v -17.842751 -9.927529 -11.289969
vn 0.325152 0.486275 0.811057
v -13.958692 -14.410808 -8.821942
vn 0.313891 0.802086 0.508065
v -11.907769 -15.910113 -7.149622
vn 0.342046 0.885360 0.314868
v -16.201960 -11.849279 -3.379111
vn 0.590947 0.586556 -0.553836
v -19.367393 -8.812762 -3.828650
vn 0.678421 0.456412 -0.575703
v -17.963377 -7.587430 -12.321926
vn 0.327532 0.377123 0.866315
v -21.370804 -7.110159 -11.021741
vn 0.560241 0.398282 0.726293
v -22.978687 -6.221068 -7.032288
vn 0.911816 0.240401 -0.332865
v -23.034821 -6.664548 -9.259093
vn 0.927204 0.289589 0.237550
v -23.389175 -3.196587 -7.632573
vn 0.987170 -0.089664 -0.132119
v -22.910278 -3.840499 -9.965725
vn 0.927664 -0.125766 0.351600
v -20.975883 2.693613 -8.241453
vn 0.798244 -0.573879 0.182946
v -19.793823 1.778232 -10.817282
vn 0.635050 -0.492457 0.595145
v -21.754597 -1.006081 -10.518028
vn 0.791724 -0.339131 0.508098
v -22.669668 -0.204118 -8.072566
vn 0.927378 -0.367662 0.069241
v -21.225670 -5.750189 -4.339630
vn 0.789744 0.205853 -0.577866
v -21.890514 -2.696360 -4.810814
vn 0.860414 -0.034195 -0.508447
v -21.475647 0.313925 -5.140967
vn 0.869712 -0.312051 -0.382395
v -20.094791 3.245866 -5.228852
vn 0.825824 -0.508681 -0.243431
v -18.463531 5.433879 -8.028416
vn 0.727671 -0.639822 0.247229
v -17.254009 4.451968 -10.764766
vn 0.584111 -0.574568 0.573312
v -17.861670 6.064663 -4.973233
vn 0.768203 -0.623725 -0.144331
v -6.075132 13.263627 5.113587
vn 0.557971 -0.807521 -0.191255
v -6.722517 13.478423 2.317983
vn 0.557971 -0.807521 -0.191255
v -9.524655 11.601060 2.069616
vn 0.612289 -0.734590 -0.292371
v -8.349235 11.374505 4.989553
vn 0.671798 -0.653811 -0.348165
v -6.075132 13.263627 5.113587
vn 0.618317 -0.724291 -0.305101
v -7.598113 13.714348 -0.415864
vn 0.558242 -0.793587 -0.242046
v -6.722517 13.478423 2.317983
vn 0.554438 -0.794981 -0.246180
v -7.598113 13.714348 -0.415864
vn 0.554438 -0.794981 -0.246180
v -4.889040 3.840619 13.972653
vn 0.679460 -0.019530 -0.733453
v -6.605695 4.375332 12.368132
vn 0.736027 -0.003950 -0.676940
v -4.860155 5.962281 14.018130
vn 0.657821 -0.145441 -0.738998
v -6.450596 6.665158 12.431399
vn 0.692021 -0.156780 -0.704647
v -4.051550 8.739736 13.569345
vn 0.529243 -0.584444 -0.615083
v -4.487365 9.768836 12.216514
vn 0.529243 -0.584444 -0.615083
v -5.785631 8.496327 12.308553
vn 0.599759 -0.432273 -0.673371
v -4.409727 7.628396 13.754801
vn 0.596132 -0.297560 -0.745711
v -4.051550 8.739736 13.569345
vn 0.586792 -0.313692 -0.746506
v -5.155097 11.109134 10.327057
vn 0.564506 -0.580933 -0.586388
v -6.737873 9.577851 10.320383
vn 0.638533 -0.568485 -0.518749
v -4.487365 9.768836 12.216514
vn 0.534198 -0.588879 -0.606510
v -5.155097 11.109134 10.327057
vn 0.534198 -0.588879 -0.606510
v -6.075132 13.263627 5.113587
vn 0.605553 -0.704679 -0.369775
v -7.506357 10.618672 7.810262
vn 0.670531 -0.620099 -0.407265
v -5.618505 12.373963 7.871346
vn 0.648747 -0.686298 -0.328821
v -6.075132 13.263627 5.113587
vn 0.648747 -0.686298 -0.328821
v -5.155097 11.109134 10.327057
vn 0.616033 -0.646916 -0.449447
v -5.618505 12.373963 7.871346
vn 0.616033 -0.646916 -0.449447
v -5.155097 11.109134 10.327057
vn 0.620210 -0.639083 -0.454876
v -2.125974 -18.030460 4.920357
vn 0.536636 0.788826 -0.299626
v -1.087498 -18.754934 4.872963
vn 0.536636 0.788826 -0.299626
v -0.912813 -18.033979 7.083885
vn 0.372283 0.849275 -0.374349
v 0.001001 -19.112482 4.908169
vn 0.318469 0.895724 -0.310251
v 0.001001 -18.339577 7.139616
vn 0.000001 0.915588 -0.402117
v -1.087498 -18.754934 4.872963
vn 0.305221 0.897992 -0.316940
v 0.001001 -19.112482 4.908169
vn 0.305221 0.897992 -0.316940
v 0.001001 -17.267962 9.129871
vn 0.000000 0.810251 -0.586084
v -0.845829 -17.009796 9.037007
vn 0.266446 0.780865 -0.565027
v -1.527277 -16.815109 9.024488
vn 0.554435 0.772483 -0.309633
v -2.125974 -18.030460 4.920357
vn 0.554435 0.772483 -0.309633
v -1.527277 -16.815109 9.024488
vn 0.252196 0.853412 -0.456163
v 2.127976 -18.030462 4.920357
vn -0.554434 0.772483 -0.309633
v 1.529279 -16.815113 9.024488
vn -0.554434 0.772483 -0.309633
v 0.914814 -18.033981 7.083885
vn -0.372282 0.849275 -0.374349
v 1.089500 -18.754934 4.872963
vn -0.536635 0.788827 -0.299626
v 2.127976 -18.030462 4.920357
vn -0.536635 0.788827 -0.299626
v 1.529279 -16.815113 9.024488
vn -0.252192 0.853413 -0.456165
v 0.847831 -17.009796 9.037007
vn -0.266444 0.780866 -0.565027
v 0.001001 -19.112482 4.908169
vn -0.305221 0.897992 -0.316939
v 1.089500 -18.754934 4.872963
vn -0.305221 0.897992 -0.316939
v 0.001001 -19.112482 4.908169
vn -0.318468 0.895724 -0.310252
v 1.168038 -13.086625 12.012805
vn -0.241741 0.499225 -0.832067
v 0.946229 -15.410978 10.682678
vn -0.293091 0.601118 -0.743475
v 0.001001 -13.322491 12.220474
vn 0.000000 0.513158 -0.858294
v 0.001001 -15.656047 10.832157
vn 0.000001 0.624238 -0.781235
v 1.529279 -16.815113 9.024488
vn -0.500615 0.565822 -0.655157
v 1.529279 -16.815113 9.024488
vn -0.214350 0.706947 -0.674003
v -2.251635 -13.026566 11.742952
vn 0.500615 0.565822 -0.655156
v -1.527277 -16.815109 9.024488
vn 0.500615 0.565822 -0.655156
v -0.944228 -15.410976 10.682678
vn 0.293092 0.601118 -0.743475
v -1.166036 -13.086623 12.012805
vn 0.241741 0.499225 -0.832067
v -2.251635 -13.026566 11.742952
vn 0.234903 0.499573 -0.833815
v -1.527277 -16.815109 9.024488
vn 0.214354 0.706946 -0.674003
v -2.251635 -13.026566 11.742952
vn 0.245416 0.311879 -0.917880
v -1.166036 -13.086623 12.012805
vn 0.245416 0.311879 -0.917880
v -1.469283 -9.885832 13.019296
vn 0.239736 0.260246 -0.935307
v 0.001001 -13.322491 12.220474
vn 0.199320 0.301967 -0.932249
v 0.001001 -10.085958 13.268827
vn 0.000000 0.255625 -0.966776
v -1.166036 -13.086623 12.012805
vn 0.227167 0.311648 -0.922643
v 0.001001 -13.322491 12.220474
vn 0.227167 0.311648 -0.922643
v 0.001002 -6.370299 14.036899
vn 0.000000 0.178291 -0.983978
v -1.808620 -6.216699 13.758473
vn 0.216305 0.183887 -0.958852
v -3.627499 -5.944600 13.297508
vn 0.374228 0.267603 -0.887886
v -2.251635 -13.026566 11.742952
vn 0.374228 0.267603 -0.887886
v -3.627499 -5.944600 13.297508
vn 0.269944 0.214089 -0.938774
v 2.253637 -13.026568 11.742951
vn -0.374228 0.267603 -0.887886
v 3.629503 -5.944602 13.297508
vn -0.374228 0.267603 -0.887886
v 1.471286 -9.885833 13.019296
vn -0.239736 0.260246 -0.935307
v 1.168038 -13.086625 12.012805
vn -0.245416 0.311879 -0.917879
v 2.253637 -13.026568 11.742951
vn -0.245416 0.311879 -0.917879
v 3.629503 -5.944602 13.297508
vn -0.269944 0.214089 -0.938774
v 1.810624 -6.216700 13.758473
vn -0.216305 0.183887 -0.958852
v 0.001001 -13.322491 12.220474
vn -0.227166 0.311648 -0.922644
v 1.168038 -13.086625 12.012805
vn -0.227166 0.311648 -0.922644
v 0.001001 -13.322491 12.220474
vn -0.199320 0.301967 -0.932249
v 0.001003 1.126184 15.333745
vn 0.000000 0.165946 -0.986135
v 2.140703 -2.487320 14.286662
vn -0.208221 0.155029 -0.965717
v 0.001002 -2.599375 14.584374
vn 0.000000 0.170495 -0.985358
v 3.629503 -5.944602 13.297508
vn -0.279653 0.150854 -0.948176
v 3.629503 -5.944602 13.297508
vn -0.264741 0.158158 -0.951261
v -4.929302 1.418182 14.084969
vn 0.279653 0.150854 -0.948176
v -3.627499 -5.944600 13.297508
vn 0.279653 0.150854 -0.948176
v -2.138699 -2.487319 14.286662
vn 0.208221 0.155029 -0.965717
v -3.627499 -5.944600 13.297508
vn 0.264742 0.158158 -0.951261
v -4.929302 1.418182 14.084969
vn 0.250667 0.129564 -0.959364
v -4.929302 1.418182 14.084969
vn 0.250179 0.110694 -0.961851
v 0.001003 1.126184 15.333745
vn 0.250179 0.110694 -0.961851
v -2.589692 3.519790 14.935368
vn 0.329144 0.037103 -0.943550
v -4.889040 3.840619 13.972653
vn 0.379897 -0.049142 -0.923723
v -4.929302 1.418182 14.084969
vn 0.379897 -0.049142 -0.923723
v 0.001003 1.126184 15.333745
vn 0.247428 0.107539 -0.962920
v 0.001003 5.485624 15.820607
vn -0.000000 -0.115680 -0.993286
v -2.597604 5.570734 14.974320
vn 0.338257 -0.106173 -0.935045
v -4.860155 5.962281 14.018130
vn 0.387882 0.014473 -0.921595
v -4.889040 3.840619 13.972653
vn 0.387882 0.014473 -0.921595
v -4.860155 5.962281 14.018130
vn 0.391995 0.018981 -0.919772
v 4.931306 1.418179 14.084970
vn -0.379897 -0.049142 -0.923723
v 4.891046 3.840616 13.972653
vn -0.384087 -0.017344 -0.923134
v 2.591697 3.519789 14.935368
vn -0.329144 0.037103 -0.943550
v 4.862161 5.962279 14.018129
vn -0.370861 -0.109640 -0.922194
v 2.599610 5.570732 14.974319
vn -0.338257 -0.106173 -0.935045
v 0.001003 1.126184 15.333745
vn -0.247428 0.107539 -0.962920
v 0.001003 1.126184 15.333745
vn -0.250179 0.110694 -0.961851
v 4.931306 1.418179 14.084970
vn -0.250179 0.110694 -0.961851
v 2.372260 7.228349 14.639155
vn -0.295930 -0.279101 -0.913525
v 4.411733 7.628394 13.754800
vn -0.343805 -0.248888 -0.905457
v -4.409727 7.628396 13.754801
vn 0.340621 -0.260532 -0.903383
v -2.370254 7.228351 14.639156
vn 0.295930 -0.279101 -0.913525
v -4.860155 5.962281 14.018130
vn 0.344508 -0.231222 -0.909863
v -4.409727 7.628396 13.754801
vn 0.346936 -0.237207 -0.907396
v -4.860155 5.962281 14.018130
vn 0.346936 -0.237207 -0.907396
v 21.284500 -9.406169 -6.034537
vn -0.733262 0.536395 -0.417860
v 19.369396 -8.986698 -3.512290
vn -0.643935 0.498395 -0.580474
v 16.203962 -11.918857 -3.252569
vn -0.569505 0.609848 -0.551135
v 18.146891 -12.191705 -5.654926
vn -0.603949 0.668166 -0.434511
v 17.844757 -10.014499 -11.131790
vn -0.342488 0.462683 0.817696
v 16.224443 -12.344090 -10.099413
vn -0.303458 0.642032 0.704066
v 20.875294 -9.731674 -9.897226
vn -0.574792 0.517502 0.633881
v 18.892616 -12.037884 -9.159852
vn -0.481440 0.743352 0.464374
v 16.338924 -13.630811 -8.436092
vn -0.392826 0.835215 0.384842
v 13.960698 -14.419507 -8.806127
vn -0.314199 0.801135 0.509374
v 19.288271 -12.109235 -7.651188
vn -0.622529 0.782570 0.006460
v 21.904171 -9.591695 -8.180495
vn -0.812027 0.580888 0.056411
v 15.764887 -14.302791 -7.240286
vn -0.442028 0.876133 0.192361
v 11.909774 -15.910117 -7.149625
vn -0.341331 0.885850 0.314265
v 22.980690 -6.603723 -6.336293
vn -0.894839 0.291025 -0.338478
v 21.227674 -6.098057 -3.706906
vn -0.758878 0.271673 -0.591861
v 23.391180 -3.789697 -6.553777
vn -0.986197 -0.079452 -0.145269
v 21.892517 -3.235552 -3.830091
vn -0.845809 0.017799 -0.533189
v 20.977890 1.851781 -6.710258
vn -0.801256 -0.573753 0.169694
v 20.096794 2.480564 -3.836856
vn -0.827355 -0.506411 -0.242966
v 21.477650 -0.381805 -3.875517
vn -0.869254 -0.293522 -0.397796
v 22.671673 -0.969420 -6.680571
vn -0.921594 -0.384066 0.056193
v 23.036823 -7.012417 -8.626370
vn -0.924624 0.236619 0.298466
v 21.372808 -7.379757 -10.531381
vn -0.596930 0.171282 0.783797
v 20.694885 -4.968292 -11.067532
vn -0.552043 -0.048590 0.832399
v 22.912285 -4.379691 -8.985002
vn -0.849994 -0.136949 0.508680
v 17.965384 -7.761365 -12.005565
vn -0.372642 0.242946 0.895609
v 16.978025 -5.518260 -12.745132
vn -0.384566 0.051981 0.921633
v 15.274381 -3.218755 -13.374888
vn -0.384608 -0.045452 0.921960
v 19.151237 -2.483436 -11.510898
vn -0.518564 -0.135879 0.844173
v 21.756603 -1.701810 -9.252578
vn -0.748118 -0.330787 0.575238
v 19.795830 1.012931 -9.425285
vn -0.652721 -0.508897 0.561231
v 6.607701 4.375329 12.368131
vn -0.736028 -0.003950 -0.676940
v 4.891046 3.840616 13.972653
vn -0.674561 -0.045374 -0.736824
v 6.452603 6.665155 12.431399
vn -0.692021 -0.156780 -0.704647
v 4.862161 5.962279 14.018129
vn -0.683881 0.006327 -0.729566
v 4.891046 3.840616 13.972653
vn -0.683881 0.006327 -0.729566
v 4.862161 5.962279 14.018129
vn -0.699852 -0.027682 -0.713751
v 6.077138 13.220140 5.192677
vn -0.649363 -0.686101 -0.328013
v 7.508363 10.583883 7.873534
vn -0.669840 -0.619991 -0.408565
v 8.351242 11.287536 5.147734
vn -0.672243 -0.653690 -0.347533
v 6.077138 13.220140 5.192677
vn -0.606031 -0.704532 -0.369270
v 6.739879 9.569152 10.336200
vn -0.638000 -0.567538 -0.520439
v 4.411733 7.628394 13.754800
vn -0.586793 -0.313691 -0.746506
v 5.787638 8.496325 12.308552
vn -0.599544 -0.431914 -0.673793
v 4.862161 5.962279 14.018129
vn -0.616166 -0.273308 -0.738676
v 4.411733 7.628394 13.754800
vn -0.605265 -0.281324 -0.744655
v 4.862161 5.962279 14.018129
vn -0.605265 -0.281324 -0.744655
v 18.465538 4.668578 -6.636420
vn -0.746379 -0.621808 0.237219
v 17.863676 5.368934 -3.707782
vn -0.774494 -0.617448 -0.137543
v 6.077138 13.220140 5.192677
vn -0.621011 -0.723749 -0.300887
v 9.526664 11.427125 2.385979
vn -0.617079 -0.731491 -0.290059
v 6.724524 13.391454 2.476164
vn -0.568014 -0.801743 -0.185927
v 6.077138 13.220140 5.192677
vn -0.568014 -0.801743 -0.185927
v 7.600120 13.603028 -0.213393
vn -0.570937 -0.786562 -0.235268
v 7.600120 13.603028 -0.213393
vn -0.561792 -0.790152 -0.245051
v 6.724524 13.391454 2.476164
vn -0.561792 -0.790152 -0.245051
v 17.256014 3.756240 -9.499313
vn -0.627806 -0.560423 0.540172
vt 0.670188 0.170650
vt 0.329812 0.170650
vt 0.500000 0.243677
f 1/1/1 2/2/2 3/3/3
vt 0.584551 0.269281
vt 0.670188 0.170650
vt 0.500000 0.243677
f 4/4/4 1/5/1 3/6/3
vt 0.329812 0.170650
vt 0.415449 0.269281
vt 0.500000 0.243677
f 2/7/2 5/8/5 3/9/3
vt 0.329812 0.170650
vt 0.670188 0.170650
vt 0.108112 0.161365
f 2/10/2 1/11/1 6/12/6
vt -0.047331 0.161365
vt 0.329812 0.170650
vt 0.108112 0.161365
f 7/13/7 2/14/2 6/15/6
vt 0.670188 0.170650
vt 0.263555 0.161365
vt 0.108112 0.161365
f 1/16/1 8/17/8 6/18/6
vt 0.610028 0.597246
vt 0.500000 0.601278
vt 0.500000 0.741017
f 9/19/9 10/20/10 11/21/11
vt 0.500000 0.741017
vt 0.584742 0.727233
vt 0.610028 0.597246
f 11/22/11 12/23/12 9/24/9
vt 0.389972 0.597246
vt 0.415258 0.727233
vt 0.500000 0.741017
f 13/25/13 14/26/14 11/27/11
vt 0.500000 0.741017
vt 0.500000 0.601278
vt 0.389972 0.597246
f 11/28/11 10/29/10 13/30/13
vt 0.389972 0.597246
vt 0.500000 0.601278
vt 0.500000 0.526581
f 13/31/13 10/32/10 15/33/15
vt 0.500000 0.526581
vt 0.403131 0.522523
vt 0.389972 0.597246
f 15/34/15 16/35/16 13/36/13
vt 0.610028 0.597246
vt 0.596869 0.522523
vt 0.500000 0.526581
f 9/37/9 17/38/17 15/39/15
vt 0.500000 0.526581
vt 0.500000 0.601278
vt 0.610028 0.597246
f 15/40/15 10/41/10 9/42/9
vt 0.562568 0.484406
vt 0.500000 0.473987
vt 0.500000 0.526581
f 18/43/18 19/44/19 15/45/15
vt 0.596869 0.522523
vt 0.562568 0.484406
vt 0.500000 0.526581
f 17/46/17 18/47/18 15/48/15
vt 0.429127 0.465081
vt 0.403131 0.522523
vt 0.500000 0.526581
f 20/49/20 16/50/16 15/51/15
vt 0.500000 0.526581
vt 0.500000 0.473987
vt 0.429127 0.465081
f 15/52/15 19/53/19 20/54/20
vt 0.429127 0.465081
vt 0.500000 0.473987
vt 0.500000 0.400555
f 20/55/20 19/56/19 21/57/21
vt 0.500000 0.400555
vt 0.442354 0.386940
vt 0.429127 0.465081
f 21/58/21 22/59/22 20/60/20
vt 0.562568 0.484406
vt 0.557646 0.386940
vt 0.500000 0.400555
f 18/61/18 23/62/23 21/63/21
vt 0.500000 0.473987
vt 0.562568 0.484406
vt 0.500000 0.400555
f 19/64/19 18/65/18 21/66/21
vt 0.513822 0.831675
vt 0.755591 0.898837
vt 0.760943 0.732804
f 24/67/24 25/68/25 26/69/26
vt 0.760943 0.732804
vt 0.658856 0.726895
vt 0.513822 0.831675
f 26/70/26 27/71/27 24/72/24
vt 0.973854 0.884397
vt 0.874138 0.724470
vt 0.760943 0.732804
f 28/73/28 29/74/29 26/75/26
vt 0.760943 0.732804
vt 0.755591 0.898837
vt 0.973854 0.884397
f 26/76/26 25/77/25 28/78/28
vt 0.843377 0.588571
vt 0.764920 0.584450
vt 0.760943 0.732804
f 30/79/30 31/80/31 26/81/26
vt 0.760943 0.732804
vt 0.874138 0.724470
vt 0.843377 0.588571
f 26/82/26 29/83/29 30/84/30
vt 0.988780 0.725938
vt 0.911898 0.626927
vt 0.931098 0.722754
f 32/85/32 33/86/33 34/87/34
vt 0.931098 0.722754
vt 0.981317 0.805168
vt 0.988780 0.725938
f 34/88/34 35/89/35 32/90/32
vt 0.843377 0.588571
vt 0.874138 0.724470
vt 0.931098 0.722754
f 30/91/30 29/92/29 34/93/34
vt 0.931098 0.722754
vt 0.911898 0.626927
vt 0.843377 0.588571
f 34/94/34 33/95/33 30/96/30
vt 0.973854 0.884397
vt 0.981317 0.805168
vt 0.931098 0.722754
f 28/97/28 35/98/35 34/99/34
vt 0.931098 0.722754
vt 0.874138 0.724470
vt 0.973854 0.884397
f 34/100/34 29/101/29 28/102/28
vt 0.562568 0.484406
vt 0.596869 0.522523
vt 0.658495 0.510347
f 18/103/18 17/104/17 36/105/36
vt 0.636225 0.438365
vt 0.562568 0.484406
vt 0.658495 0.510347
f 37/106/37 18/107/18 36/108/36
vt 0.843377 0.588571
vt 0.830703 0.467534
vt 0.766151 0.471455
f 30/109/30 38/110/38 39/111/39
vt 0.766151 0.471455
vt 0.764920 0.584450
vt 0.843377 0.588571
f 39/112/39 31/113/31 30/114/30
vt 0.828947 0.339666
vt 0.765737 0.373121
vt 0.766151 0.471455
f 40/115/40 41/116/41 39/117/39
vt 0.830703 0.467534
vt 0.828947 0.339666
vt 0.766151 0.471455
f 38/118/38 40/119/40 39/120/39
vt 0.843377 0.588571
vt 0.911898 0.626927
vt 0.897054 0.501087
f 30/121/30 33/122/33 42/123/42
vt 0.897054 0.501087
vt 0.830703 0.467534
vt 0.843377 0.588571
f 42/124/42 38/125/38 30/126/30
vt 0.988780 0.725938
vt 0.964305 0.553378
vt 0.897054 0.501087
f 32/127/32 43/128/43 42/129/42
vt 0.897054 0.501087
vt 0.911898 0.626927
vt 0.988780 0.725938
f 42/130/42 33/131/33 32/132/32
vt 0.939829 0.380818
vt 0.888897 0.379422
vt 0.897054 0.501087
f 44/133/44 45/134/45 42/135/42
vt 0.897054 0.501087
vt 0.964305 0.553378
vt 0.939829 0.380818
f 42/136/42 43/137/43 44/138/44
vt 0.828947 0.339666
vt 0.830703 0.467534
vt 0.897054 0.501087
f 40/139/40 38/140/38 42/141/42
vt 0.888897 0.379422
vt 0.828947 0.339666
vt 0.897054 0.501087
f 45/142/45 40/143/40 42/144/42
vt 0.562568 0.484406
vt 0.636225 0.438365
vt 0.620769 0.346093
f 18/145/18 37/146/37 46/147/46
vt 0.557646 0.386940
vt 0.562568 0.484406
vt 0.620769 0.346093
f 23/148/23 18/149/18 46/150/46
vt 0.670188 0.170650
vt 0.584551 0.269281
vt 0.620769 0.346093
f 1/151/1 4/152/4 46/153/46
vt 0.689702 0.299527
vt 0.670188 0.170650
vt 0.620769 0.346093
f 47/154/47 1/155/1 46/156/46
vt 0.549780 0.323578
vt 0.557646 0.386940
vt 0.620769 0.346093
f 48/157/48 23/158/23 46/159/46
vt 0.620769 0.346093
vt 0.584551 0.269281
vt 0.549780 0.323578
f 46/160/46 4/161/4 48/162/48
vt 0.828947 0.339666
vt 0.835102 0.264153
vt 0.764782 0.268752
f 40/163/40 49/164/49 50/165/50
vt 0.765737 0.373121
vt 0.828947 0.339666
vt 0.764782 0.268752
f 41/166/41 40/167/40 50/168/50
vt 0.670188 0.170650
vt 0.689702 0.299527
vt 0.764782 0.268752
f 1/169/1 47/170/47 50/171/50
vt 0.763555 0.161365
vt 0.670188 0.170650
vt 0.764782 0.268752
f 51/172/51 1/173/1 50/174/50
vt 0.828947 0.339666
vt 0.888897 0.379422
vt 0.889758 0.296116
f 40/175/40 45/176/45 52/177/52
vt 0.835102 0.264153
vt 0.828947 0.339666
vt 0.889758 0.296116
f 49/178/49 40/179/40 52/180/52
vt 0.156623 0.588571
vt 0.088102 0.626927
vt 0.068902 0.722754
f 53/181/53 54/182/54 55/183/55
vt 0.068902 0.722754
vt 0.125861 0.724471
vt 0.156623 0.588571
f 55/184/55 56/185/56 53/186/53
vt 0.011220 0.725939
vt 0.018683 0.805168
vt 0.068902 0.722754
f 57/187/57 58/188/58 55/189/55
vt 0.068902 0.722754
vt 0.088102 0.626927
vt 0.011220 0.725939
f 55/190/55 54/191/54 57/192/57
vt 0.026146 0.884397
vt 0.125861 0.724471
vt 0.068902 0.722754
f 59/193/59 56/194/56 55/195/55
vt 0.068902 0.722754
vt 0.018683 0.805168
vt 0.026146 0.884397
f 55/196/55 58/197/58 59/198/59
vt 0.026146 0.884397
vt 0.244409 0.898837
vt 0.239057 0.732804
f 59/199/59 60/200/60 61/201/61
vt 0.239057 0.732804
vt 0.125861 0.724471
vt 0.026146 0.884397
f 61/202/61 56/203/56 59/204/59
vt 0.381739 0.831675
vt 0.341144 0.726895
vt 0.239057 0.732804
f 62/205/62 63/206/63 61/207/61
vt 0.239057 0.732804
vt 0.244409 0.898837
vt 0.381739 0.831675
f 61/208/61 60/209/60 62/210/62
vt 0.156623 0.588571
vt 0.125861 0.724471
vt 0.239057 0.732804
f 53/211/53 56/212/56 61/213/61
vt 0.239057 0.732804
vt 0.235080 0.584451
vt 0.156623 0.588571
f 61/214/61 64/215/64 53/216/53
vt 0.011220 0.725939
vt 0.088102 0.626927
vt 0.102946 0.501087
f 57/217/57 54/218/54 65/219/65
vt 0.102946 0.501087
vt 0.035695 0.553378
vt 0.011220 0.725939
f 65/220/65 66/221/66 57/222/57
vt 0.156623 0.588571
vt 0.169297 0.467534
vt 0.102946 0.501087
f 53/223/53 67/224/67 65/225/65
vt 0.102946 0.501087
vt 0.088102 0.626927
vt 0.156623 0.588571
f 65/226/65 54/227/54 53/228/53
vt 0.171053 0.339666
vt 0.111103 0.379422
vt 0.102946 0.501087
f 68/229/68 69/230/69 65/231/65
vt 0.169297 0.467534
vt 0.171053 0.339666
vt 0.102946 0.501087
f 67/232/67 68/233/68 65/234/65
vt 0.060171 0.380818
vt 0.035695 0.553378
vt 0.102946 0.501087
f 70/235/70 66/236/66 65/237/65
vt 0.102946 0.501087
vt 0.111103 0.379422
vt 0.060171 0.380818
f 65/238/65 69/239/69 70/240/70
vt 0.156623 0.588571
vt 0.235080 0.584451
vt 0.233849 0.471455
f 53/241/53 64/242/64 71/243/71
vt 0.233849 0.471455
vt 0.169297 0.467534
vt 0.156623 0.588571
f 71/244/71 67/245/67 53/246/53
vt 0.171053 0.339666
vt 0.169297 0.467534
vt 0.233849 0.471455
f 68/247/68 67/248/67 71/249/71
vt 0.234263 0.373121
vt 0.171053 0.339666
vt 0.233849 0.471455
f 72/250/72 68/251/68 71/252/71
vt 0.171053 0.339666
vt 0.164898 0.264153
vt 0.110242 0.296116
f 68/253/68 73/254/73 74/255/74
vt 0.111103 0.379422
vt 0.171053 0.339666
vt 0.110242 0.296116
f 69/256/69 68/257/68 74/258/74
vt 0.171053 0.339666
vt 0.234263 0.373121
vt 0.235218 0.268752
f 68/259/68 72/260/72 75/261/75
vt 0.164898 0.264153
vt 0.171053 0.339666
vt 0.235218 0.268752
f 73/262/73 68/263/68 75/264/75
vt 0.329812 0.170650
vt 0.236445 0.161365
vt 0.235218 0.268752
f 2/265/2 76/266/76 75/267/75
vt 0.310298 0.299527
vt 0.329812 0.170650
vt 0.235218 0.268752
f 77/268/77 2/269/2 75/270/75
vt 0.429127 0.465081
vt 0.442354 0.386940
vt 0.379231 0.346093
f 20/271/20 22/272/22 78/273/78
vt 0.379231 0.346093
vt 0.363774 0.438365
vt 0.429127 0.465081
f 78/274/78 79/275/79 20/276/20
vt 0.450220 0.323578
vt 0.415449 0.269281
vt 0.379231 0.346093
f 80/277/80 5/278/5 78/279/78
vt 0.379231 0.346093
vt 0.442354 0.386940
vt 0.450220 0.323578
f 78/280/78 22/281/22 80/282/80
vt 0.329812 0.170650
vt 0.310298 0.299527
vt 0.379231 0.346093
f 2/283/2 77/284/77 78/285/78
vt 0.415449 0.269281
vt 0.329812 0.170650
vt 0.379231 0.346093
f 5/286/5 2/287/2 78/288/78
vt 0.381739 0.831675
vt 0.187402 0.898837
vt 0.305253 0.873988
f 62/289/62 81/290/81 82/291/82
vt 0.387302 0.840974
vt 0.381739 0.831675
vt 0.305253 0.873988
f 83/292/83 62/293/62 82/294/82
vt 0.187402 0.898837
vt 0.195040 0.890820
vt 0.305253 0.873988
f 84/295/84 85/296/85 82/297/82
vt 0.213338 0.891911
vt 0.328111 0.878354
vt 0.305253 0.873988
f 86/298/86 87/299/87 82/300/82
vt 0.305253 0.873988
vt 0.195040 0.890820
vt 0.213338 0.891911
f 82/301/82 85/302/85 86/303/86
vt 0.416231 0.847954
vt 0.387302 0.840974
vt 0.305253 0.873988
f 88/304/88 83/305/83 82/306/82
vt 0.305253 0.873988
vt 0.328111 0.878354
vt 0.416231 0.847954
f 82/307/82 87/308/87 88/309/88
vt -0.087866 0.884397
vt -0.072436 0.884397
vt 0.066007 0.891617
f 89/310/89 90/311/90 91/312/91
vt -0.057006 0.884397
vt 0.082245 0.891617
vt 0.066007 0.891617
f 92/313/92 93/314/93 91/315/91
vt 0.066007 0.891617
vt -0.072436 0.884397
vt -0.057006 0.884397
f 91/316/91 90/317/90 92/318/92
vt 0.213338 0.891911
vt 0.195040 0.890820
vt 0.066007 0.891617
f 86/319/86 85/320/85 91/321/91
vt 0.066007 0.891617
vt 0.082245 0.891617
vt 0.213338 0.891911
f 91/322/91 93/323/93 86/324/86
vt 0.187402 0.898837
vt -0.087866 0.884397
vt 0.066007 0.891617
f 94/325/94 95/326/95 91/327/91
vt 0.195040 0.890820
vt 0.187402 0.898837
vt 0.066007 0.891617
f 85/328/85 96/329/96 91/330/91
vt -0.026146 0.884397
vt 0.255591 0.898837
vt 0.098484 0.891617
f 97/331/97 98/332/98 99/333/99
vt -0.041576 0.884397
vt -0.026146 0.884397
vt 0.098484 0.891617
f 100/334/100 101/335/101 99/336/99
vt 0.255591 0.898837
vt 0.232723 0.890820
vt 0.098484 0.891617
f 102/337/102 103/338/103 99/339/99
vt 0.213338 0.891911
vt 0.082245 0.891617
vt 0.098484 0.891617
f 86/340/86 93/341/93 99/342/99
vt 0.098484 0.891617
vt 0.232723 0.890820
vt 0.213338 0.891911
f 99/343/99 103/344/103 86/345/86
vt -0.057006 0.884397
vt -0.041576 0.884397
vt 0.098484 0.891617
f 92/346/92 100/347/100 99/348/99
vt 0.098484 0.891617
vt 0.082245 0.891617
vt -0.057006 0.884397
f 99/349/99 93/350/93 92/351/92
vt 0.513822 0.831675
vt 0.451688 0.840974
vt 0.355321 0.873988
f 24/352/24 104/353/104 105/354/105
vt 0.416231 0.847954
vt 0.328111 0.878354
vt 0.355321 0.873988
f 88/355/88 87/356/87 105/357/105
vt 0.355321 0.873988
vt 0.451688 0.840974
vt 0.416231 0.847954
f 105/358/105 104/359/104 88/360/88
vt 0.213338 0.891911
vt 0.232723 0.890820
vt 0.355321 0.873988
f 86/361/86 103/362/103 105/363/105
vt 0.355321 0.873988
vt 0.328111 0.878354
vt 0.213338 0.891911
f 105/364/105 87/365/87 86/366/86
vt 0.255591 0.898837
vt 0.513822 0.831675
vt 0.355321 0.873988
f 106/367/106 24/368/24 105/369/105
vt 0.232723 0.890820
vt 0.255591 0.898837
vt 0.355321 0.873988
f 103/370/103 107/371/107 105/372/105
vt 0.450220 0.323578
vt 0.472445 0.322399
vt 0.466417 0.288987
f 80/373/80 108/374/108 109/375/109
vt 0.500000 0.321243
vt 0.500000 0.285265
vt 0.466417 0.288987
f 110/376/110 111/377/111 109/378/109
vt 0.466417 0.288987
vt 0.472445 0.322399
vt 0.500000 0.321243
f 109/379/109 108/380/108 110/381/110
vt 0.500000 0.243677
vt 0.415449 0.269281
vt 0.466417 0.288987
f 3/382/3 5/383/5 109/384/109
vt 0.500000 0.285265
vt 0.500000 0.243677
vt 0.466417 0.288987
f 111/385/111 3/386/3 109/387/109
vt 0.415449 0.269281
vt 0.450220 0.323578
vt 0.466417 0.288987
f 5/388/5 80/389/80 109/390/109
vt 0.549780 0.323578
vt 0.584551 0.269281
vt 0.533583 0.288987
f 48/391/48 4/392/4 112/393/112
vt 0.527555 0.322399
vt 0.549780 0.323578
vt 0.533583 0.288987
f 113/394/113 48/395/48 112/396/112
vt 0.584551 0.269281
vt 0.500000 0.243677
vt 0.533583 0.288987
f 4/397/4 3/398/3 112/399/112
vt 0.500000 0.243677
vt 0.500000 0.285265
vt 0.533583 0.288987
f 3/400/3 111/401/111 112/402/112
vt 0.500000 0.321243
vt 0.527555 0.322399
vt 0.533583 0.288987
f 110/403/110 113/404/113 112/405/112
vt 0.533583 0.288987
vt 0.500000 0.285265
vt 0.500000 0.321243
f 112/406/112 111/407/111 110/408/110
vt -0.143078 0.152080
vt -0.213426 0.152080
vt -0.013796 0.156722
f 114/409/114 115/410/115 116/411/116
vt -0.013796 0.156722
vt 0.060239 0.156722
vt -0.143078 0.152080
f 116/412/116 117/413/117 114/414/114
vt -0.283775 0.152080
vt 0.108112 0.161365
vt -0.013796 0.156722
f 118/415/118 6/416/6 116/417/116
vt -0.213426 0.152080
vt -0.283775 0.152080
vt -0.013796 0.156722
f 115/418/115 118/419/118 116/420/116
vt 0.108112 0.161365
vt 0.263555 0.161365
vt -0.013796 0.156722
f 6/421/6 8/422/8 116/423/116
vt 0.263555 0.161365
vt 0.060239 0.156722
vt -0.013796 0.156722
f 8/424/8 117/425/117 116/426/116
vt -0.424473 0.152080
vt -0.235902 0.156722
vt -0.161867 0.156722
f 119/427/119 120/428/120 121/429/121
vt -0.161867 0.156722
vt -0.354124 0.152080
vt -0.424473 0.152080
f 121/430/121 122/431/122 119/432/119
vt -0.047331 0.161365
vt 0.108112 0.161365
vt -0.161867 0.156722
f 7/433/7 6/434/6 121/435/121
vt -0.235902 0.156722
vt -0.047331 0.161365
vt -0.161867 0.156722
f 120/436/120 7/437/7 121/438/121
vt 0.108112 0.161365
vt -0.283775 0.152080
vt -0.161867 0.156722
f 6/439/6 118/440/118 121/441/121
vt -0.283775 0.152080
vt -0.354124 0.152080
vt -0.161867 0.156722
f 118/442/118 122/443/122 121/444/121
vt 0.143077 0.152080
vt 0.109855 0.152080
vt 0.086901 0.196043
f 123/445/123 124/446/124 125/447/125
vt 0.086901 0.196043
vt 0.111626 0.209059
vt 0.143077 0.152080
f 125/448/125 126/449/126 127/450/127
vt 0.076633 0.152080
vt 0.038316 0.231990
vt 0.086901 0.196043
f 128/451/128 129/452/129 125/453/125
vt 0.109855 0.152080
vt 0.076633 0.152080
vt 0.086901 0.196043
f 130/454/130 131/455/131 125/456/125
vt 0.038316 0.231990
vt 0.065014 0.236945
vt 0.086901 0.196043
f 129/457/129 132/458/132 125/459/125
vt 0.087475 0.247724
vt 0.111626 0.209059
vt 0.086901 0.196043
f 133/460/133 126/461/126 125/462/125
vt 0.086901 0.196043
vt 0.065014 0.236945
vt 0.087475 0.247724
f 125/463/125 132/464/132 133/465/133
vt 0.010189 0.152080
vt -0.009025 0.192035
vt 0.024225 0.192035
f 134/466/134 135/467/135 136/468/136
vt 0.024225 0.192035
vt 0.043411 0.152080
vt 0.010189 0.152080
f 136/469/136 137/470/137 138/471/138
vt -0.028239 0.231990
vt 0.005038 0.231990
vt 0.024225 0.192035
f 139/472/139 140/473/140 136/474/136
vt 0.024225 0.192035
vt -0.009025 0.192035
vt -0.028239 0.231990
f 136/475/136 135/476/135 139/477/139
vt 0.038316 0.231990
vt 0.076633 0.152080
vt 0.024225 0.192035
f 129/478/129 141/479/141 136/480/136
vt 0.005038 0.231990
vt 0.038316 0.231990
vt 0.024225 0.192035
f 140/481/140 129/482/129 136/483/136
vt 0.076633 0.152080
vt 0.043411 0.152080
vt 0.024225 0.192035
f 142/484/142 143/485/143 136/486/136
vt -0.066667 0.311899
vt -0.000000 0.311899
vt -0.014148 0.271945
f 144/487/144 145/488/145 146/489/146
vt -0.047453 0.271945
vt -0.066667 0.311899
vt -0.014148 0.271945
f 147/490/147 144/491/144 146/492/146
vt -0.000000 0.311899
vt 0.038316 0.231990
vt -0.014148 0.271945
f 145/493/145 129/494/129 146/495/146
vt 0.038316 0.231990
vt 0.005038 0.231990
vt -0.014148 0.271945
f 129/496/129 140/497/140 146/498/146
vt -0.028239 0.231990
vt -0.047453 0.271945
vt -0.014148 0.271945
f 139/499/139 147/500/147 146/501/146
vt -0.014148 0.271945
vt 0.005038 0.231990
vt -0.028239 0.231990
f 146/502/146 140/503/140 139/504/139
vt 0.053155 0.294995
vt 0.066773 0.277779
vt 0.045262 0.271726
f 148/505/148 149/506/149 150/507/150
vt 0.087475 0.247724
vt 0.065014 0.236945
vt 0.045262 0.271726
f 133/508/133 132/509/132 150/510/150
vt 0.045262 0.271726
vt 0.066773 0.277779
vt 0.087475 0.247724
f 150/511/150 149/512/149 133/513/133
vt 0.038316 0.231990
vt -0.000000 0.311899
vt 0.045262 0.271726
f 129/514/129 145/515/145 150/516/150
vt 0.065014 0.236945
vt 0.038316 0.231990
vt 0.045262 0.271726
f 132/517/132 129/518/129 150/519/150
vt -0.000000 0.311899
vt 0.053155 0.294995
vt 0.045262 0.271726
f 145/520/145 148/521/148 150/522/150
vt 0.381739 0.831675
vt 0.387302 0.840974
vt 0.431843 0.791632
f 62/523/62 83/524/83 151/525/151
vt 0.416231 0.847954
vt 0.467363 0.797721
vt 0.431843 0.791632
f 88/526/88 152/527/152 151/528/151
vt 0.431843 0.791632
vt 0.387302 0.840974
vt 0.416231 0.847954
f 151/529/151 83/530/83 88/531/88
vt 0.500000 0.741017
vt 0.415258 0.727233
vt 0.431843 0.791632
f 11/532/11 14/533/14 151/534/151
vt 0.467363 0.797721
vt 0.500000 0.741017
vt 0.431843 0.791632
f 152/535/152 11/536/11 151/537/151
vt 0.415258 0.727233
vt 0.381739 0.831675
vt 0.431843 0.791632
f 14/538/14 62/539/62 151/540/151
vt 0.513822 0.831675
vt 0.584742 0.727233
vt 0.507235 0.791632
f 24/541/24 12/542/12 153/543/153
vt 0.451688 0.840974
vt 0.513822 0.831675
vt 0.507235 0.791632
f 104/544/104 24/545/24 153/546/153
vt 0.584742 0.727233
vt 0.500000 0.741017
vt 0.507235 0.791632
f 12/547/12 11/548/11 153/549/153
vt 0.500000 0.741017
vt 0.467363 0.797721
vt 0.507235 0.791632
f 11/550/11 152/551/152 153/552/153
vt 0.416231 0.847954
vt 0.451688 0.840974
vt 0.507235 0.791632
f 88/553/88 104/554/104 153/555/153
vt 0.507235 0.791632
vt 0.467363 0.797721
vt 0.416231 0.847954
f 153/556/153 152/557/152 88/558/88
vt 0.549780 0.323578
vt 0.527555 0.322399
vt 0.526857 0.357621
f 48/559/48 113/560/113 154/561/154
vt 0.500000 0.321243
vt 0.500000 0.358802
vt 0.526857 0.357621
f 110/562/110 155/563/155 154/564/154
vt 0.526857 0.357621
vt 0.527555 0.322399
vt 0.500000 0.321243
f 154/565/154 113/566/113 110/567/110
vt 0.500000 0.400555
vt 0.557646 0.386940
vt 0.526857 0.357621
f 21/568/21 23/569/23 154/570/154
vt 0.500000 0.358802
vt 0.500000 0.400555
vt 0.526857 0.357621
f 155/571/155 21/572/21 154/573/154
vt 0.557646 0.386940
vt 0.549780 0.323578
vt 0.526857 0.357621
f 23/574/23 48/575/48 154/576/154
vt 0.450220 0.323578
vt 0.442354 0.386940
vt 0.473143 0.357621
f 80/577/80 22/578/22 156/579/156
vt 0.472445 0.322399
vt 0.450220 0.323578
vt 0.473143 0.357621
f 108/580/108 80/581/80 156/582/156
vt 0.442354 0.386940
vt 0.500000 0.400555
vt 0.473143 0.357621
f 22/583/22 21/584/21 156/585/156
vt 0.500000 0.400555
vt 0.500000 0.358802
vt 0.473143 0.357621
f 21/586/21 155/587/155 156/588/156
vt 0.500000 0.321243
vt 0.472445 0.322399
vt 0.473143 0.357621
f 110/589/110 108/590/108 156/591/156
vt 0.473143 0.357621
vt 0.500000 0.358802
vt 0.500000 0.321243
f 156/592/156 155/593/155 110/594/110
vt 0.699092 0.593984
vt 0.677701 0.592080
vt 0.664488 0.647263
f 157/595/157 158/596/158 159/597/159
vt 0.664488 0.647263
vt 0.685617 0.656025
vt 0.699092 0.593984
f 159/598/159 160/599/160 157/600/157
vt 0.658110 0.591284
vt 0.647276 0.641794
vt 0.664488 0.647263
f 161/601/161 162/602/162 159/603/159
vt 0.664488 0.647263
vt 0.677701 0.592080
vt 0.658110 0.591284
f 159/604/159 158/605/158 161/606/161
vt 0.633479 0.681777
vt 0.639182 0.700741
vt 0.664488 0.647263
f 163/607/163 164/608/164 159/609/159
vt 0.664488 0.647263
vt 0.647276 0.641794
vt 0.633479 0.681777
f 159/610/159 162/611/162 163/612/163
vt 0.658856 0.726895
vt 0.685617 0.656025
vt 0.664488 0.647263
f 27/613/27 160/614/160 159/615/159
vt 0.639182 0.700741
vt 0.658856 0.726895
vt 0.664488 0.647263
f 164/616/164 27/617/27 159/618/159
vt 0.610028 0.597246
vt 0.584742 0.727233
vt 0.623877 0.648878
f 9/619/9 12/620/12 165/621/165
vt 0.633037 0.596273
vt 0.610028 0.597246
vt 0.623877 0.648878
f 166/622/166 9/623/9 165/624/165
vt 0.584742 0.727233
vt 0.610501 0.701229
vt 0.623877 0.648878
f 12/625/12 167/626/167 165/627/165
vt 0.633479 0.681777
vt 0.647276 0.641794
vt 0.623877 0.648878
f 163/628/163 162/629/162 165/630/165
vt 0.623877 0.648878
vt 0.610501 0.701229
vt 0.633479 0.681777
f 165/631/165 167/632/167 163/633/163
vt 0.658110 0.591284
vt 0.633037 0.596273
vt 0.623877 0.648878
f 161/634/161 166/635/166 165/636/165
vt 0.623877 0.648878
vt 0.647276 0.641794
vt 0.658110 0.591284
f 165/637/165 162/638/162 161/639/161
vt 0.513822 0.831675
vt 0.658856 0.726895
vt 0.598161 0.742922
f 24/640/24 27/641/27 168/642/168
vt 0.658856 0.726895
vt 0.639182 0.700741
vt 0.598161 0.742922
f 27/643/27 164/644/164 168/645/168
vt 0.633479 0.681777
vt 0.610501 0.701229
vt 0.598161 0.742922
f 163/646/163 167/647/167 168/648/168
vt 0.598161 0.742922
vt 0.639182 0.700741
vt 0.633479 0.681777
f 168/649/168 164/650/164 163/651/163
vt 0.584742 0.727233
vt 0.513822 0.831675
vt 0.598161 0.742922
f 12/652/12 24/653/24 168/654/168
vt 0.610501 0.701229
vt 0.584742 0.727233
vt 0.598161 0.742922
f 167/655/167 12/656/12 168/657/168
vt 0.699092 0.593984
vt 0.685617 0.656025
vt 0.720769 0.658818
f 157/658/157 160/659/160 169/660/169
vt 0.720769 0.658818
vt 0.729564 0.592319
vt 0.699092 0.593984
f 169/661/169 170/662/170 157/663/157
vt 0.658856 0.726895
vt 0.760943 0.732804
vt 0.720769 0.658818
f 27/664/27 26/665/26 169/666/169
vt 0.685617 0.656025
vt 0.658856 0.726895
vt 0.720769 0.658818
f 160/667/160 27/668/27 169/669/169
vt 0.760943 0.732804
vt 0.764920 0.584450
vt 0.720769 0.658818
f 26/670/26 31/671/31 169/672/169
vt 0.764920 0.584450
vt 0.729564 0.592319
vt 0.720769 0.658818
f 31/673/31 170/674/170 169/675/169
vt 0.610028 0.597246
vt 0.633037 0.596273
vt 0.632727 0.553817
f 9/676/9 166/677/166 171/678/171
vt 0.658110 0.591284
vt 0.659795 0.548524
vt 0.632727 0.553817
f 161/679/161 172/680/172 171/681/171
vt 0.632727 0.553817
vt 0.633037 0.596273
vt 0.658110 0.591284
f 171/682/171 166/683/166 161/684/161
vt 0.658495 0.510347
vt 0.596869 0.522523
vt 0.632727 0.553817
f 36/685/36 17/686/17 171/687/171
vt 0.659795 0.548524
vt 0.658495 0.510347
vt 0.632727 0.553817
f 172/688/172 36/689/36 171/690/171
vt 0.596869 0.522523
vt 0.610028 0.597246
vt 0.632727 0.553817
f 17/691/17 9/692/9 171/693/171
vt 0.699092 0.593984
vt 0.705606 0.540825
vt 0.682444 0.544782
f 157/694/157 173/695/173 174/696/174
vt 0.682444 0.544782
vt 0.677701 0.592080
vt 0.699092 0.593984
f 174/697/174 158/698/158 157/699/157
vt 0.706822 0.493350
vt 0.680965 0.502251
vt 0.682444 0.544782
f 175/700/175 176/701/176 174/702/174
vt 0.682444 0.544782
vt 0.705606 0.540825
vt 0.706822 0.493350
f 174/703/174 173/704/173 175/705/175
vt 0.658495 0.510347
vt 0.659795 0.548524
vt 0.682444 0.544782
f 36/706/36 172/707/172 174/708/174
vt 0.680965 0.502251
vt 0.658495 0.510347
vt 0.682444 0.544782
f 176/709/176 36/710/36 174/711/174
vt 0.658110 0.591284
vt 0.677701 0.592080
vt 0.682444 0.544782
f 161/712/161 158/713/158 174/714/174
vt 0.682444 0.544782
vt 0.659795 0.548524
vt 0.658110 0.591284
f 174/715/174 172/716/172 161/717/161
vt 0.700016 0.402664
vt 0.668320 0.419007
vt 0.675508 0.461366
f 177/718/177 178/719/178 179/720/179
vt 0.675508 0.461366
vt 0.704404 0.448362
vt 0.700016 0.402664
f 179/721/179 180/722/180 177/723/177
vt 0.636225 0.438365
vt 0.658495 0.510347
vt 0.675508 0.461366
f 37/724/37 36/725/36 179/726/179
vt 0.668320 0.419007
vt 0.636225 0.438365
vt 0.675508 0.461366
f 178/727/178 37/728/37 179/729/179
vt 0.658495 0.510347
vt 0.680965 0.502251
vt 0.675508 0.461366
f 36/730/36 176/731/176 179/732/179
vt 0.706822 0.493350
vt 0.704404 0.448362
vt 0.675508 0.461366
f 175/733/175 180/734/180 179/735/179
vt 0.675508 0.461366
vt 0.680965 0.502251
vt 0.706822 0.493350
f 179/736/179 176/737/176 175/738/175
vt 0.699092 0.593984
vt 0.729564 0.592319
vt 0.734210 0.534884
f 157/739/157 170/740/170 181/741/181
vt 0.734210 0.534884
vt 0.705606 0.540825
vt 0.699092 0.593984
f 181/742/181 173/743/173 157/744/157
vt 0.764920 0.584450
vt 0.766151 0.471455
vt 0.734210 0.534884
f 31/745/31 39/746/39 181/747/181
vt 0.729564 0.592319
vt 0.764920 0.584450
vt 0.734210 0.534884
f 170/748/170 31/749/31 181/750/181
vt 0.766151 0.471455
vt 0.735643 0.483545
vt 0.734210 0.534884
f 39/751/39 182/752/182 181/753/181
vt 0.706822 0.493350
vt 0.705606 0.540825
vt 0.734210 0.534884
f 175/754/175 173/755/173 181/756/181
vt 0.734210 0.534884
vt 0.735643 0.483545
vt 0.706822 0.493350
f 181/757/181 182/758/182 175/759/175
vt 0.700016 0.402664
vt 0.704404 0.448362
vt 0.734800 0.435332
f 177/760/177 180/761/180 183/762/183
vt 0.734800 0.435332
vt 0.732617 0.387277
vt 0.700016 0.402664
f 183/763/183 184/764/184 177/765/177
vt 0.706822 0.493350
vt 0.735643 0.483545
vt 0.734800 0.435332
f 175/766/175 182/767/182 183/768/183
vt 0.734800 0.435332
vt 0.704404 0.448362
vt 0.706822 0.493350
f 183/769/183 180/770/180 175/771/175
vt 0.766151 0.471455
vt 0.765737 0.373121
vt 0.734800 0.435332
f 39/772/39 41/773/41 183/774/183
vt 0.735643 0.483545
vt 0.766151 0.471455
vt 0.734800 0.435332
f 182/775/182 39/776/39 183/777/183
vt 0.765737 0.373121
vt 0.732617 0.387277
vt 0.734800 0.435332
f 41/778/41 184/779/184 183/780/183
vt 0.700016 0.402664
vt 0.695320 0.353059
vt 0.661649 0.372057
f 177/781/177 185/782/185 186/783/186
vt 0.661649 0.372057
vt 0.668320 0.419007
vt 0.700016 0.402664
f 186/784/186 178/785/178 177/786/177
vt 0.689702 0.299527
vt 0.620769 0.346093
vt 0.661649 0.372057
f 47/787/47 46/788/46 186/789/186
vt 0.695320 0.353059
vt 0.689702 0.299527
vt 0.661649 0.372057
f 185/790/185 47/791/47 186/792/186
vt 0.620769 0.346093
vt 0.636225 0.438365
vt 0.661649 0.372057
f 46/793/46 37/794/37 186/795/186
vt 0.636225 0.438365
vt 0.668320 0.419007
vt 0.661649 0.372057
f 37/796/37 178/797/178 186/798/186
vt 0.700016 0.402664
vt 0.732617 0.387277
vt 0.730030 0.336411
f 177/799/177 184/800/184 187/801/187
vt 0.730030 0.336411
vt 0.695320 0.353059
vt 0.700016 0.402664
f 187/802/187 185/803/185 177/804/177
vt 0.765737 0.373121
vt 0.764782 0.268752
vt 0.730030 0.336411
f 41/805/41 50/806/50 187/807/187
vt 0.732617 0.387277
vt 0.765737 0.373121
vt 0.730030 0.336411
f 184/808/184 41/809/41 187/810/187
vt 0.764782 0.268752
vt 0.689702 0.299527
vt 0.730030 0.336411
f 50/811/50 47/812/47 187/813/187
vt 0.689702 0.299527
vt 0.695320 0.353059
vt 0.730030 0.336411
f 47/814/47 185/815/185 187/816/187
vt 0.856922 0.152080
vt 0.810239 0.156722
vt 0.805090 0.211587
f 188/817/188 189/818/189 190/819/190
vt 0.805090 0.211587
vt 0.841586 0.215976
vt 0.856922 0.152080
f 190/820/190 191/821/191 192/822/192
vt 0.763555 0.161365
vt 0.764782 0.268752
vt 0.805090 0.211587
f 193/823/193 50/824/50 190/825/190
vt 0.810239 0.156722
vt 0.763555 0.161365
vt 0.805090 0.211587
f 194/826/194 195/827/195 190/828/190
vt 0.764782 0.268752
vt 0.835102 0.264153
vt 0.805090 0.211587
f 50/829/50 49/830/49 190/831/190
vt 0.835102 0.264153
vt 0.841586 0.215976
vt 0.805090 0.211587
f 49/832/49 191/833/191 190/834/190
vt 0.939829 0.380818
vt 0.938205 0.363588
vt 0.913766 0.350679
f 44/835/44 196/836/196 197/837/197
vt 0.936581 0.346359
vt 0.913451 0.322436
vt 0.913766 0.350679
f 198/838/198 199/839/199 197/840/197
vt 0.913766 0.350679
vt 0.938205 0.363588
vt 0.936581 0.346359
f 197/841/197 196/842/196 198/843/198
vt 0.889758 0.296116
vt 0.888897 0.379422
vt 0.913766 0.350679
f 52/844/52 45/845/45 197/846/197
vt 0.913451 0.322436
vt 0.889758 0.296116
vt 0.913766 0.350679
f 199/847/199 52/848/52 197/849/197
vt 0.888897 0.379422
vt 0.939829 0.380818
vt 0.913766 0.350679
f 45/850/45 44/851/44 197/852/197
vt 0.933333 0.311899
vt 0.914230 0.271945
vt 0.913700 0.296591
f 200/853/200 201/854/201 202/855/202
vt 0.934957 0.329129
vt 0.933333 0.311899
vt 0.913700 0.296591
f 203/856/203 204/857/204 202/858/202
vt 0.895127 0.231990
vt 0.891953 0.265195
vt 0.913700 0.296591
f 205/859/205 206/860/206 202/861/202
vt 0.913700 0.296591
vt 0.914230 0.271945
vt 0.895127 0.231990
f 202/862/202 207/863/207 208/864/208
vt 0.889758 0.296116
vt 0.913451 0.322436
vt 0.913700 0.296591
f 52/865/52 199/866/199 202/867/202
vt 0.891953 0.265195
vt 0.889758 0.296116
vt 0.913700 0.296591
f 206/868/206 52/869/52 202/870/202
vt 0.936581 0.346359
vt 0.934957 0.329129
vt 0.913700 0.296591
f 198/871/198 203/872/203 202/873/202
vt 0.913700 0.296591
vt 0.913451 0.322436
vt 0.936581 0.346359
f 202/874/202 199/875/199 198/876/198
vt 0.856922 0.152080
vt 0.841586 0.215976
vt 0.869227 0.236085
f 209/877/209 191/878/191 210/879/210
vt 0.869227 0.236085
vt 0.876025 0.192035
vt 0.856922 0.152080
f 210/880/210 211/881/211 212/882/212
vt 0.835102 0.264153
vt 0.889758 0.296116
vt 0.869227 0.236085
f 49/883/49 52/884/52 210/885/210
vt 0.841586 0.215976
vt 0.835102 0.264153
vt 0.869227 0.236085
f 191/886/191 49/887/49 210/888/210
vt 0.889758 0.296116
vt 0.891953 0.265195
vt 0.869227 0.236085
f 52/889/52 206/890/206 210/891/210
vt 0.895127 0.231990
vt 0.876025 0.192035
vt 0.869227 0.236085
f 213/892/213 214/893/214 210/894/210
vt 0.869227 0.236085
vt 0.891953 0.265195
vt 0.895127 0.231990
f 210/895/210 206/896/206 215/897/215
vt -0.026146 0.884397
vt -0.020536 0.884397
vt -0.016804 0.844782
f 216/898/216 217/899/217 218/900/218
vt -0.014926 0.884397
vt -0.011194 0.844782
vt -0.016804 0.844782
f 219/901/219 220/902/220 218/903/218
vt -0.016804 0.844782
vt -0.020536 0.884397
vt -0.014926 0.884397
f 218/904/218 221/905/221 222/906/222
vt -0.007463 0.805168
vt -0.013073 0.805168
vt -0.016804 0.844782
f 223/907/223 224/908/224 218/909/218
vt -0.016804 0.844782
vt -0.011194 0.844782
vt -0.007463 0.805168
f 218/910/218 220/911/220 223/912/223
vt -0.018683 0.805168
vt -0.026146 0.884397
vt -0.016804 0.844782
f 225/913/225 226/914/226 218/915/218
vt -0.013073 0.805168
vt -0.018683 0.805168
vt -0.016804 0.844782
f 224/916/224 227/917/227 218/918/218
vt -0.003706 0.884397
vt 0.003757 0.805168
vt -0.005584 0.844782
f 228/919/228 229/920/229 230/921/230
vt -0.009316 0.884397
vt -0.003706 0.884397
vt -0.005584 0.844782
f 231/922/231 232/923/232 230/924/230
vt 0.003757 0.805168
vt -0.001853 0.805168
vt -0.005584 0.844782
f 233/925/233 234/926/234 230/927/230
vt -0.007463 0.805168
vt -0.011194 0.844782
vt -0.005584 0.844782
f 223/928/223 220/929/220 230/930/230
vt -0.005584 0.844782
vt -0.001853 0.805168
vt -0.007463 0.805168
f 230/931/230 234/932/234 223/933/223
vt -0.014926 0.884397
vt -0.009316 0.884397
vt -0.005584 0.844782
f 235/934/235 236/935/236 230/936/230
vt -0.005584 0.844782
vt -0.011194 0.844782
vt -0.014926 0.884397
f 230/937/230 220/938/220 237/939/237
vt 0.011220 0.725939
vt 0.005610 0.725938
vt 0.001879 0.765553
f 57/940/57 238/941/238 239/942/239
vt -0.000000 0.725938
vt -0.003731 0.765553
vt 0.001879 0.765553
f 240/943/240 241/944/241 239/945/239
vt 0.001879 0.765553
vt 0.005610 0.725938
vt -0.000000 0.725938
f 239/946/239 238/947/238 240/948/240
vt -0.007463 0.805168
vt -0.001853 0.805168
vt 0.001879 0.765553
f 223/949/223 234/950/234 239/951/239
vt 0.001879 0.765553
vt -0.003731 0.765553
vt -0.007463 0.805168
f 239/952/239 241/953/241 223/954/223
vt 0.003757 0.805168
vt 0.011220 0.725939
vt 0.001879 0.765553
f 242/955/242 57/956/57 239/957/239
vt -0.001853 0.805168
vt 0.003757 0.805168
vt 0.001879 0.765553
f 234/958/234 243/959/243 239/960/239
vt -0.011220 0.725938
vt -0.018683 0.805168
vt -0.009342 0.765553
f 244/961/244 245/962/245 246/963/246
vt -0.005610 0.725938
vt -0.011220 0.725938
vt -0.009342 0.765553
f 247/964/247 248/965/248 246/966/246
vt -0.018683 0.805168
vt -0.013073 0.805168
vt -0.009342 0.765553
f 249/967/249 224/968/224 246/969/246
vt -0.007463 0.805168
vt -0.003731 0.765553
vt -0.009342 0.765553
f 223/970/223 241/971/241 246/972/246
vt -0.009342 0.765553
vt -0.013073 0.805168
vt -0.007463 0.805168
f 246/973/246 224/974/224 223/975/223
vt -0.000000 0.725938
vt -0.005610 0.725938
vt -0.009342 0.765553
f 240/976/240 247/977/247 246/978/246
vt -0.009342 0.765553
vt -0.003731 0.765553
vt -0.000000 0.725938
f 246/979/246 241/980/241 240/981/240
vt -0.011220 0.725938
vt -0.006613 0.725938
vt -0.012481 0.639658
f 250/982/250 251/983/251 252/984/252
vt -0.002006 0.725938
vt -0.001505 0.639658
vt -0.012481 0.639658
f 253/985/253 254/986/254 252/987/252
vt -0.012481 0.639658
vt -0.006613 0.725938
vt -0.002006 0.725938
f 252/988/252 255/989/255 256/990/256
vt -0.001003 0.553378
vt -0.018349 0.553378
vt -0.012481 0.639658
f 257/991/257 258/992/258 252/993/252
vt -0.012481 0.639658
vt -0.001505 0.639658
vt -0.001003 0.553378
f 252/994/252 254/995/254 257/996/257
vt -0.035695 0.553378
vt -0.011220 0.725938
vt -0.012481 0.639658
f 259/997/259 260/998/260 252/999/252
vt -0.018349 0.553378
vt -0.035695 0.553378
vt -0.012481 0.639658
f 258/1000/258 261/1001/261 252/1002/252
vt 0.007208 0.725939
vt 0.033689 0.553378
vt 0.009472 0.639658
f 262/1003/262 263/1004/263 264/1005/264
vt 0.002601 0.725938
vt 0.007208 0.725939
vt 0.009472 0.639658
f 265/1006/265 266/1007/266 264/1008/264
vt 0.033689 0.553378
vt 0.016343 0.553378
vt 0.009472 0.639658
f 267/1009/267 268/1010/268 264/1011/264
vt -0.001003 0.553378
vt -0.001505 0.639658
vt 0.009472 0.639658
f 257/1012/257 254/1013/254 264/1014/264
vt 0.009472 0.639658
vt 0.016343 0.553378
vt -0.001003 0.553378
f 264/1015/264 268/1016/268 257/1017/257
vt -0.002006 0.725938
vt 0.002601 0.725938
vt 0.009472 0.639658
f 269/1018/269 270/1019/270 264/1020/264
vt 0.009472 0.639658
vt -0.001505 0.639658
vt -0.002006 0.725938
f 264/1021/264 254/1022/254 271/1023/271
vt 0.060171 0.380818
vt -0.000000 0.380818
vt 0.023214 0.467098
f 70/1024/70 272/1025/272 273/1026/273
vt -0.000000 0.380818
vt -0.000502 0.467098
vt 0.023214 0.467098
f 272/1027/272 274/1028/274 273/1029/273
vt -0.001003 0.553378
vt 0.016343 0.553378
vt 0.023214 0.467098
f 257/1030/257 268/1031/268 273/1032/273
vt 0.023214 0.467098
vt -0.000502 0.467098
vt -0.001003 0.553378
f 273/1033/273 274/1034/274 257/1035/257
vt 0.033689 0.553378
vt 0.060171 0.380818
vt 0.023214 0.467098
f 275/1036/275 70/1037/70 273/1038/273
vt 0.016343 0.553378
vt 0.033689 0.553378
vt 0.023214 0.467098
f 268/1039/268 276/1040/276 273/1041/273
vt -0.060171 0.380818
vt -0.035695 0.553378
vt -0.024217 0.467098
f 277/1042/277 278/1043/278 279/1044/279
vt -0.035695 0.553378
vt -0.018349 0.553378
vt -0.024217 0.467098
f 280/1045/280 258/1046/258 279/1047/279
vt -0.001003 0.553378
vt -0.000502 0.467098
vt -0.024217 0.467098
f 257/1048/257 274/1049/274 279/1050/279
vt -0.024217 0.467098
vt -0.018349 0.553378
vt -0.001003 0.553378
f 279/1051/279 258/1052/258 257/1053/257
vt -0.000000 0.380818
vt -0.060171 0.380818
vt -0.024217 0.467098
f 272/1054/272 281/1055/281 279/1056/279
vt -0.000502 0.467098
vt -0.000000 0.380818
vt -0.024217 0.467098
f 274/1057/274 272/1058/272 279/1059/279
vt -0.060171 0.380818
vt -0.002699 0.380818
vt -0.031909 0.363588
f 282/1060/282 283/1061/283 284/1062/284
vt -0.061795 0.363588
vt -0.060171 0.380818
vt -0.031909 0.363588
f 285/1063/285 286/1064/286 284/1065/284
vt -0.002699 0.380818
vt -0.001349 0.346359
vt -0.031909 0.363588
f 287/1066/287 288/1067/288 284/1068/284
vt -0.001349 0.346359
vt -0.032384 0.346359
vt -0.031909 0.363588
f 288/1069/288 289/1070/289 284/1071/284
vt -0.063419 0.346359
vt -0.061795 0.363588
vt -0.031909 0.363588
f 290/1072/290 291/1073/291 284/1074/284
vt -0.031909 0.363588
vt -0.032384 0.346359
vt -0.063419 0.346359
f 284/1075/284 289/1076/289 292/1077/292
vt 0.054773 0.380818
vt 0.057747 0.363588
vt 0.027861 0.363588
f 293/1078/293 294/1079/294 295/1080/295
vt 0.060720 0.346359
vt 0.028841 0.345302
vt 0.027861 0.363588
f 296/1081/296 297/1082/297 295/1083/295
vt 0.027861 0.363588
vt 0.057747 0.363588
vt 0.060720 0.346359
f 295/1084/295 294/1085/294 296/1086/296
vt -0.001349 0.346359
vt -0.002699 0.380818
vt 0.027861 0.363588
f 288/1087/288 298/1088/298 295/1089/295
vt 0.028841 0.345302
vt -0.001349 0.346359
vt 0.027861 0.363588
f 297/1090/297 288/1091/288 295/1092/295
vt -0.002699 0.380818
vt 0.054773 0.380818
vt 0.027861 0.363588
f 299/1093/299 300/1094/300 295/1095/295
vt 0.053155 0.294995
vt -0.000000 0.311899
vt 0.028131 0.324903
f 148/1096/148 145/1097/145 301/1098/301
vt 0.056938 0.320677
vt 0.053155 0.294995
vt 0.028131 0.324903
f 302/1099/302 148/1100/148 301/1101/301
vt -0.000000 0.311899
vt -0.001349 0.346359
vt 0.028131 0.324903
f 145/1102/145 288/1103/288 301/1104/301
vt -0.001349 0.346359
vt 0.028841 0.345302
vt 0.028131 0.324903
f 288/1105/288 297/1106/297 301/1107/301
vt 0.060720 0.346359
vt 0.056938 0.320677
vt 0.028131 0.324903
f 296/1108/296 302/1109/302 301/1110/301
vt 0.028131 0.324903
vt 0.028841 0.345302
vt 0.060720 0.346359
f 301/1111/301 297/1112/297 296/1113/296
vt -0.066667 0.311899
vt -0.065043 0.329129
vt -0.032859 0.329129
f 144/1114/144 303/1115/303 304/1116/304
vt -0.063419 0.346359
vt -0.032384 0.346359
vt -0.032859 0.329129
f 305/1117/305 289/1118/289 304/1119/304
vt -0.032859 0.329129
vt -0.065043 0.329129
vt -0.063419 0.346359
f 304/1120/304 306/1121/306 307/1122/307
vt -0.001349 0.346359
vt -0.000000 0.311899
vt -0.032859 0.329129
f 288/1123/288 145/1124/145 304/1125/304
vt -0.032384 0.346359
vt -0.001349 0.346359
vt -0.032859 0.329129
f 289/1126/289 288/1127/288 304/1128/304
vt -0.000000 0.311899
vt -0.066667 0.311899
vt -0.032859 0.329129
f 145/1129/145 144/1130/144 304/1131/304
vt 0.300908 0.593984
vt 0.270436 0.592319
vt 0.279231 0.658818
f 308/1132/308 309/1133/309 310/1134/310
vt 0.279231 0.658818
vt 0.314383 0.656025
vt 0.300908 0.593984
f 310/1135/310 311/1136/311 308/1137/308
vt 0.235080 0.584451
vt 0.239057 0.732804
vt 0.279231 0.658818
f 64/1138/64 61/1139/61 310/1140/310
vt 0.270436 0.592319
vt 0.235080 0.584451
vt 0.279231 0.658818
f 309/1141/309 64/1142/64 310/1143/310
vt 0.239057 0.732804
vt 0.341144 0.726895
vt 0.279231 0.658818
f 61/1144/61 63/1145/63 310/1146/310
vt 0.341144 0.726895
vt 0.314383 0.656025
vt 0.279231 0.658818
f 63/1147/63 311/1148/311 310/1149/310
vt 0.389972 0.597246
vt 0.366963 0.596273
vt 0.376123 0.648878
f 13/1150/13 312/1151/312 313/1152/313
vt 0.341890 0.591284
vt 0.352724 0.641794
vt 0.376123 0.648878
f 314/1153/314 315/1154/315 313/1155/313
vt 0.376123 0.648878
vt 0.366963 0.596273
vt 0.341890 0.591284
f 313/1156/313 312/1157/312 314/1158/314
vt 0.363620 0.681777
vt 0.382972 0.701229
vt 0.376123 0.648878
f 316/1159/316 317/1160/317 313/1161/313
vt 0.376123 0.648878
vt 0.352724 0.641794
vt 0.363620 0.681777
f 313/1162/313 315/1163/315 316/1164/316
vt 0.415258 0.727233
vt 0.389972 0.597246
vt 0.376123 0.648878
f 14/1165/14 13/1166/13 313/1167/313
vt 0.382972 0.701229
vt 0.415258 0.727233
vt 0.376123 0.648878
f 317/1168/317 14/1169/14 313/1170/313
vt 0.300908 0.593984
vt 0.314383 0.656025
vt 0.335512 0.647263
f 308/1171/308 311/1172/311 318/1173/318
vt 0.335512 0.647263
vt 0.322299 0.592080
vt 0.300908 0.593984
f 318/1174/318 319/1175/319 308/1176/308
vt 0.341144 0.726895
vt 0.354291 0.700741
vt 0.335512 0.647263
f 63/1177/63 320/1178/320 318/1179/318
vt 0.314383 0.656025
vt 0.341144 0.726895
vt 0.335512 0.647263
f 311/1180/311 63/1181/63 318/1182/318
vt 0.363620 0.681777
vt 0.352724 0.641794
vt 0.335512 0.647263
f 316/1183/316 315/1184/315 318/1185/318
vt 0.335512 0.647263
vt 0.354291 0.700741
vt 0.363620 0.681777
f 318/1186/318 320/1187/320 316/1188/316
vt 0.341890 0.591284
vt 0.322299 0.592080
vt 0.335512 0.647263
f 314/1189/314 319/1190/319 318/1191/318
vt 0.335512 0.647263
vt 0.352724 0.641794
vt 0.341890 0.591284
f 318/1192/318 315/1193/315 314/1194/314
vt 0.381739 0.831675
vt 0.415258 0.727233
vt 0.375730 0.742922
f 62/1195/62 14/1196/14 321/1197/321
vt 0.415258 0.727233
vt 0.382972 0.701229
vt 0.375730 0.742922
f 14/1198/14 317/1199/317 321/1200/321
vt 0.363620 0.681777
vt 0.354291 0.700741
vt 0.375730 0.742922
f 316/1201/316 320/1202/320 321/1203/321
vt 0.375730 0.742922
vt 0.382972 0.701229
vt 0.363620 0.681777
f 321/1204/321 317/1205/317 316/1206/316
vt 0.341144 0.726895
vt 0.381739 0.831675
vt 0.375730 0.742922
f 63/1207/63 62/1208/62 321/1209/321
vt 0.354291 0.700741
vt 0.341144 0.726895
vt 0.375730 0.742922
f 320/1210/320 63/1211/63 321/1212/321
vt 0.300908 0.593984
vt 0.294394 0.540825
vt 0.265790 0.534884
f 308/1213/308 322/1214/322 323/1215/323
vt 0.265790 0.534884
vt 0.270436 0.592319
vt 0.300908 0.593984
f 323/1216/323 309/1217/309 308/1218/308
vt 0.293178 0.493350
vt 0.264357 0.483545
vt 0.265790 0.534884
f 324/1219/324 325/1220/325 323/1221/323
vt 0.265790 0.534884
vt 0.294394 0.540825
vt 0.293178 0.493350
f 323/1222/323 322/1223/322 324/1224/324
vt 0.233849 0.471455
vt 0.235080 0.584451
vt 0.265790 0.534884
f 71/1225/71 64/1226/64 323/1227/323
vt 0.264357 0.483545
vt 0.233849 0.471455
vt 0.265790 0.534884
f 325/1228/325 71/1229/71 323/1230/323
vt 0.235080 0.584451
vt 0.270436 0.592319
vt 0.265790 0.534884
f 64/1231/64 309/1232/309 323/1233/323
vt 0.299984 0.402664
vt 0.267383 0.387277
vt 0.265200 0.435332
f 326/1234/326 327/1235/327 328/1236/328
vt 0.265200 0.435332
vt 0.295596 0.448362
vt 0.299984 0.402664
f 328/1237/328 329/1238/329 326/1239/326
vt 0.234263 0.373121
vt 0.233849 0.471455
vt 0.265200 0.435332
f 72/1240/72 71/1241/71 328/1242/328
vt 0.267383 0.387277
vt 0.234263 0.373121
vt 0.265200 0.435332
f 327/1243/327 72/1244/72 328/1245/328
vt 0.233849 0.471455
vt 0.264357 0.483545
vt 0.265200 0.435332
f 71/1246/71 325/1247/325 328/1248/328
vt 0.293178 0.493350
vt 0.295596 0.448362
vt 0.265200 0.435332
f 324/1249/324 329/1250/329 328/1251/328
vt 0.265200 0.435332
vt 0.264357 0.483545
vt 0.293178 0.493350
f 328/1252/328 325/1253/325 324/1254/324
vt 0.300908 0.593984
vt 0.322299 0.592080
vt 0.317555 0.544782
f 308/1255/308 319/1256/319 330/1257/330
vt 0.317555 0.544782
vt 0.294394 0.540825
vt 0.300908 0.593984
f 330/1258/330 322/1259/322 308/1260/308
vt 0.341890 0.591284
vt 0.340205 0.548524
vt 0.317555 0.544782
f 314/1261/314 331/1262/331 330/1263/330
vt 0.317555 0.544782
vt 0.322299 0.592080
vt 0.341890 0.591284
f 330/1264/330 319/1265/319 314/1266/314
vt 0.344983 0.510336
vt 0.319035 0.502251
vt 0.317555 0.544782
f 332/1267/332 333/1268/333 330/1269/330
vt 0.317555 0.544782
vt 0.340205 0.548524
vt 0.344983 0.510336
f 330/1270/330 331/1271/331 332/1272/332
vt 0.293178 0.493350
vt 0.294394 0.540825
vt 0.317555 0.544782
f 324/1273/324 322/1274/322 330/1275/330
vt 0.317555 0.544782
vt 0.319035 0.502251
vt 0.293178 0.493350
f 330/1276/330 333/1277/333 324/1278/324
vt 0.389972 0.597246
vt 0.403131 0.522523
vt 0.367273 0.553817
f 13/1279/13 16/1280/16 334/1281/334
vt 0.366963 0.596273
vt 0.389972 0.597246
vt 0.367273 0.553817
f 312/1282/312 13/1283/13 334/1284/334
vt 0.403131 0.522523
vt 0.374073 0.517691
vt 0.367273 0.553817
f 16/1285/16 335/1286/335 334/1287/334
vt 0.344983 0.510336
vt 0.340205 0.548524
vt 0.367273 0.553817
f 332/1288/332 331/1289/331 334/1290/334
vt 0.367273 0.553817
vt 0.374073 0.517691
vt 0.344983 0.510336
f 334/1291/334 335/1292/335 332/1293/332
vt 0.341890 0.591284
vt 0.366963 0.596273
vt 0.367273 0.553817
f 314/1294/314 312/1295/312 334/1296/334
vt 0.367273 0.553817
vt 0.340205 0.548524
vt 0.341890 0.591284
f 334/1297/334 331/1298/331 314/1299/314
vt 0.429127 0.465081
vt 0.363774 0.438365
vt 0.384384 0.484079
f 20/1300/20 79/1301/79 336/1302/336
vt 0.363774 0.438365
vt 0.353539 0.473539
vt 0.384384 0.484079
f 79/1303/79 337/1304/337 336/1305/336
vt 0.344983 0.510336
vt 0.374073 0.517691
vt 0.384384 0.484079
f 332/1306/332 335/1307/335 336/1308/336
vt 0.384384 0.484079
vt 0.353539 0.473539
vt 0.344983 0.510336
f 336/1309/336 337/1310/337 332/1311/332
vt 0.403131 0.522523
vt 0.429127 0.465081
vt 0.384384 0.484079
f 16/1312/16 20/1313/20 336/1314/336
vt 0.374073 0.517691
vt 0.403131 0.522523
vt 0.384384 0.484079
f 335/1315/335 16/1316/16 336/1317/336
vt 0.299984 0.402664
vt 0.295596 0.448362
vt 0.324492 0.461366
f 326/1318/326 329/1319/329 338/1320/338
vt 0.324492 0.461366
vt 0.331680 0.419007
vt 0.299984 0.402664
f 338/1321/338 339/1322/339 326/1323/326
vt 0.293178 0.493350
vt 0.319035 0.502251
vt 0.324492 0.461366
f 324/1324/324 333/1325/333 338/1326/338
vt 0.324492 0.461366
vt 0.295596 0.448362
vt 0.293178 0.493350
f 338/1327/338 329/1328/329 324/1329/324
vt 0.344983 0.510336
vt 0.353539 0.473539
vt 0.324492 0.461366
f 332/1330/332 337/1331/337 338/1332/338
vt 0.324492 0.461366
vt 0.319035 0.502251
vt 0.344983 0.510336
f 338/1333/338 333/1334/333 332/1335/332
vt 0.363774 0.438365
vt 0.331680 0.419007
vt 0.324492 0.461366
f 79/1336/79 339/1337/339 338/1338/338
vt 0.353539 0.473539
vt 0.363774 0.438365
vt 0.324492 0.461366
f 337/1339/337 79/1340/79 338/1341/338
vt 0.060171 0.380818
vt 0.111103 0.379422
vt 0.086234 0.350679
f 70/1342/70 69/1343/69 340/1344/340
vt 0.061795 0.363588
vt 0.060171 0.380818
vt 0.086234 0.350679
f 341/1345/341 70/1346/70 340/1347/340
vt 0.111103 0.379422
vt 0.110242 0.296116
vt 0.086234 0.350679
f 69/1348/69 74/1349/74 340/1350/340
vt 0.110242 0.296116
vt 0.084748 0.322381
vt 0.086234 0.350679
f 74/1351/74 342/1352/342 340/1353/340
vt 0.063419 0.346359
vt 0.061795 0.363588
vt 0.086234 0.350679
f 343/1354/343 344/1355/344 340/1356/340
vt 0.086234 0.350679
vt 0.084748 0.322381
vt 0.063419 0.346359
f 340/1357/340 342/1358/342 345/1359/345
vt 0.143077 0.152080
vt 0.111626 0.209059
vt 0.126948 0.240093
f 346/1360/346 126/1361/126 347/1362/347
vt 0.126948 0.240093
vt 0.157458 0.216978
vt 0.143077 0.152080
f 347/1363/347 348/1364/348 349/1365/349
vt 0.087475 0.247724
vt 0.101466 0.270151
vt 0.126948 0.240093
f 133/1366/133 350/1367/350 347/1368/347
vt 0.126948 0.240093
vt 0.111626 0.209059
vt 0.087475 0.247724
f 347/1369/347 126/1370/126 133/1371/133
vt 0.110242 0.296116
vt 0.164898 0.264153
vt 0.126948 0.240093
f 74/1372/74 73/1373/73 347/1374/347
vt 0.101466 0.270151
vt 0.110242 0.296116
vt 0.126948 0.240093
f 350/1375/350 74/1376/74 347/1377/347
vt 0.164898 0.264153
vt 0.157458 0.216978
vt 0.126948 0.240093
f 73/1378/73 348/1379/348 347/1380/347
vt 0.053155 0.294995
vt 0.058287 0.320677
vt 0.079098 0.296373
f 148/1381/148 351/1382/351 352/1383/352
vt 0.066773 0.277779
vt 0.053155 0.294995
vt 0.079098 0.296373
f 149/1384/149 148/1385/148 352/1386/352
vt 0.063419 0.346359
vt 0.084748 0.322381
vt 0.079098 0.296373
f 353/1387/353 342/1388/342 352/1389/352
vt 0.079098 0.296373
vt 0.058287 0.320677
vt 0.063419 0.346359
f 352/1390/352 354/1391/354 355/1392/355
vt 0.110242 0.296116
vt 0.101466 0.270151
vt 0.079098 0.296373
f 74/1393/74 350/1394/350 352/1395/352
vt 0.084748 0.322381
vt 0.110242 0.296116
vt 0.079098 0.296373
f 342/1396/342 74/1397/74 352/1398/352
vt 0.087475 0.247724
vt 0.066773 0.277779
vt 0.079098 0.296373
f 133/1399/133 149/1400/149 352/1401/352
vt 0.079098 0.296373
vt 0.101466 0.270151
vt 0.087475 0.247724
f 352/1402/352 350/1403/350 133/1404/133
vt 0.299984 0.402664
vt 0.304680 0.353059
vt 0.269970 0.336411
f 326/1405/326 356/1406/356 357/1407/357
vt 0.269970 0.336411
vt 0.267383 0.387277
vt 0.299984 0.402664
f 357/1408/357 327/1409/327 326/1410/326
vt 0.310298 0.299527
vt 0.235218 0.268752
vt 0.269970 0.336411
f 77/1411/77 75/1412/75 357/1413/357
vt 0.304680 0.353059
vt 0.310298 0.299527
vt 0.269970 0.336411
f 356/1414/356 77/1415/77 357/1416/357
vt 0.235218 0.268752
vt 0.234263 0.373121
vt 0.269970 0.336411
f 75/1417/75 72/1418/72 357/1419/357
vt 0.234263 0.373121
vt 0.267383 0.387277
vt 0.269970 0.336411
f 72/1420/72 327/1421/327 357/1422/357
vt 0.143077 0.152080
vt 0.157458 0.216978
vt 0.194909 0.211587
f 358/1423/358 348/1424/348 359/1425/359
vt 0.194909 0.211587
vt 0.189761 0.156722
vt 0.143077 0.152080
f 359/1426/359 360/1427/360 361/1428/361
vt 0.164898 0.264153
vt 0.235218 0.268752
vt 0.194909 0.211587
f 73/1429/73 75/1430/75 359/1431/359
vt 0.157458 0.216978
vt 0.164898 0.264153
vt 0.194909 0.211587
f 348/1432/348 73/1433/73 359/1434/359
vt 0.235218 0.268752
vt 0.236445 0.161365
vt 0.194909 0.211587
f 75/1435/75 362/1436/362 359/1437/359
vt 0.236445 0.161365
vt 0.189761 0.156722
vt 0.194909 0.211587
f 363/1438/363 364/1439/364 359/1440/359
vt 0.299984 0.402664
vt 0.331680 0.419007
vt 0.338351 0.372057
f 326/1441/326 339/1442/339 365/1443/365
vt 0.338351 0.372057
vt 0.304680 0.353059
vt 0.299984 0.402664
f 365/1444/365 356/1445/356 326/1446/326
vt 0.363774 0.438365
vt 0.379231 0.346093
vt 0.338351 0.372057
f 79/1447/79 78/1448/78 365/1449/365
vt 0.331680 0.419007
vt 0.363774 0.438365
vt 0.338351 0.372057
f 339/1450/339 79/1451/79 365/1452/365
vt 0.379231 0.346093
vt 0.310298 0.299527
vt 0.338351 0.372057
f 78/1453/78 77/1454/77 365/1455/365
vt 0.310298 0.299527
vt 0.304680 0.353059
vt 0.338351 0.372057
f 77/1456/77 356/1457/356 365/1458/365
usemtl tex0_1
v 5.511226 -19.013407 -5.170483
vn -0.330397 0.930725 0.156808
v 3.126859 -19.320852 -0.126217
vn -0.448291 0.863106 -0.232561
v 0.001001 -20.913698 -0.012273
vn 0.000000 0.987135 -0.159888
v 0.001001 -20.283461 -5.076460
vn 0.000000 0.897697 0.440613
v 2.127976 -18.030462 4.920357
vn -0.504820 0.822210 -0.262920
v 0.001001 -19.511234 5.033716
vn 0.000000 0.963479 -0.267786
v -2.125974 -18.030460 4.920357
vn 0.530152 0.798019 -0.286541
v -3.124857 -19.320848 -0.126216
vn 0.448291 0.863105 -0.232561
v -5.509223 -19.013405 -5.170481
vn 0.330398 0.930725 0.156808
v 4.279474 7.296312 -16.416779
vn -0.346448 -0.524477 0.777752
v 0.001003 8.033895 -18.035942
vn -0.010588 -0.555994 0.831119
v 0.001003 11.070817 -12.836967
vn -0.010974 -0.869815 0.493255
v 6.639787 9.666461 -12.766505
vn -0.337003 -0.750266 0.568797
v -4.277468 7.345786 -16.506765
vn 0.301347 -0.535099 0.789215
v -6.637780 9.777779 -12.968978
vn 0.288227 -0.775625 0.561543
v -8.900678 13.093304 -5.365078
vn 0.296935 -0.915384 0.271847
v 8.902684 13.093302 -5.365078
vn -0.337960 -0.900915 0.272276
v 0.001003 15.148595 -0.093152
vn -0.005118 -0.995302 0.096686
v 7.600120 13.603028 -0.213393
vn -0.198714 -0.979528 0.032209
v -7.598113 13.714348 -0.415864
vn 0.183648 -0.982155 0.040557
v -6.294620 13.993443 5.151178
vn 0.213010 -0.976202 0.040686
v 0.001004 15.562974 5.225852
vn -0.002368 -0.996976 0.077670
v 6.296626 13.965611 5.201795
vn -0.222141 -0.973903 0.046536
v 6.296626 13.965611 5.201795
vn -0.220441 -0.861938 -0.456584
v 0.001004 15.562974 5.225852
vn -0.220441 -0.861938 -0.456584
v 0.001004 12.695529 10.639009
vn -0.000022 -0.805075 -0.593173
v 5.681922 11.456596 10.615948
vn -0.480180 -0.657076 -0.581101
v 6.296626 13.965611 5.201795
vn -0.193988 -0.881487 -0.430522
v -6.294620 13.993443 5.151178
vn 0.193948 -0.881297 -0.430930
v -5.679914 11.456599 10.615949
vn 0.175690 -0.794789 -0.580899
v 0.001004 15.562974 5.225852
vn 0.220308 -0.861965 -0.456598
v -6.294620 13.993443 5.151178
vn 0.220308 -0.861965 -0.456598
v -4.051550 8.739736 13.569345
vn 0.188116 -0.538744 -0.821198
v 0.001004 8.638874 14.664525
vn -0.000000 -0.537975 -0.842961
v 4.053557 8.739734 13.569345
vn -0.340016 -0.520933 -0.782955
v 0.001002 -15.917479 -9.454318
vn -0.000223 0.643294 0.765619
v 10.266372 -15.435252 -9.267685
vn -0.122122 0.700428 0.703197
v -10.264367 -15.435249 -9.267684
vn 0.122224 0.702022 0.701589
v -14.571637 -10.215068 -12.291779
vn 0.144039 0.480249 0.865225
v 0.001003 -10.420653 -12.927875
vn -0.000986 0.519486 0.854478
v 14.573646 -10.242900 -12.241161
vn -0.154824 0.459529 0.874564
v 0.001003 -6.397882 -15.279157
vn -0.028404 0.440909 0.897102
v 12.798862 -6.057313 -14.287509
vn -0.204772 0.256035 0.944730
v -12.796854 -5.945996 -14.489982
vn 0.178952 0.410861 0.893963
v -6.876748 -3.112136 -17.069304
vn 0.206026 0.167312 0.964137
v 0.001003 -2.413514 -17.026711
vn -0.098114 0.347273 0.932617
v 8.724691 -1.804528 -15.795922
vn -0.285154 0.085734 0.954640
v 0.001003 2.968098 -18.689081
vn -0.037429 -0.014017 0.999201
v 6.133804 3.589422 -17.155590
vn -0.383369 -0.160852 0.909480
v -6.131798 3.700739 -17.358063
vn 0.330909 -0.179415 0.926450
v -22.674028 -9.368510 -6.567105
vn 0.807525 0.485220 -0.335359
v -22.613546 -9.598317 -10.383491
vn 0.684457 0.477532 0.550892
v -17.440197 -13.988564 -8.707783
vn 0.424496 0.842941 0.330534
v -14.417295 -15.203234 -5.452541
vn 0.483227 0.818351 -0.311117
v -3.124857 -19.320848 -0.126216
vn 0.546406 0.811063 -0.208846
v -10.348597 -14.542302 -0.468045
vn 0.553274 0.666537 -0.499616
v -2.125974 -18.030460 4.920357
vn 0.607606 0.555683 -0.567478
v -6.506297 -13.588138 4.580282
vn 0.668858 0.548866 -0.501374
v -3.124857 -19.320848 -0.126216
vn 0.535116 0.786966 -0.307141
v -2.125974 -18.030460 4.920357
vn 0.535116 0.786966 -0.307141
v -10.459320 -7.964899 4.716334
vn 0.679273 0.356492 -0.641484
v -17.367916 -8.283069 -1.028753
vn 0.608645 0.368974 -0.702431
v -2.251635 -13.026566 11.742952
vn 0.735531 0.369875 -0.567615
v -5.712352 -10.036904 9.152932
vn 0.726637 0.352651 -0.589606
v -4.162588 -13.923102 8.027014
vn 0.726875 0.522635 -0.445540
v -1.527277 -16.815109 9.024488
vn 0.743654 0.543230 -0.389719
v -2.125974 -18.030460 4.920357
vn 0.755398 0.590073 -0.284933
v -2.125974 -18.030460 4.920357
vn 0.669375 0.629875 -0.393948
v -21.871471 -4.590341 -12.122455
vn 0.604217 0.082665 0.792520
v -24.980228 -3.101024 -7.963324
vn 0.999000 -0.024030 -0.037692
v -22.468201 2.976710 -8.667946
vn 0.817468 -0.546308 0.182466
v -17.698484 0.690330 -13.318389
vn 0.421235 -0.266436 0.866933
v -19.880508 -2.248152 -1.799336
vn 0.720972 -0.019990 -0.692675
v -12.101606 -2.451607 4.708395
vn 0.689156 0.065901 -0.721610
v -10.812859 2.784078 5.367081
vn 0.787682 -0.106301 -0.606842
v -18.573643 3.628166 -2.133262
vn 0.739201 -0.337221 -0.582979
v -7.172820 -4.131272 9.898753
vn 0.755878 0.181190 -0.629141
v -3.627499 -5.944600 13.297508
vn 0.732889 0.238959 -0.637003
v -4.929302 1.418182 14.084969
vn 0.786238 0.125270 -0.605093
v -8.082420 2.294173 10.338643
vn 0.828117 0.080277 -0.554777
v -12.579099 5.898659 -13.365006
vn 0.430373 -0.517258 0.739745
v -16.270247 8.242175 -7.707720
vn 0.535903 -0.800939 0.267029
v -14.134585 9.411602 -1.384003
vn 0.698251 -0.644784 -0.310966
v -10.071305 9.284843 4.927155
vn 0.814941 -0.349282 -0.462464
v -6.294620 13.993443 5.151178
vn 0.556814 -0.825859 -0.088972
v -7.598113 13.714348 -0.415864
vn 0.556814 -0.825859 -0.088972
v -6.294620 13.993443 5.151178
vn 0.702090 -0.541111 -0.462891
v -7.598113 13.714348 -0.415864
vn 0.553628 -0.831737 -0.041338
v -7.979588 7.739804 10.546768
vn 0.809994 -0.252436 -0.529326
v -5.431471 6.049170 14.502148
vn 0.780927 -0.204117 -0.590330
v -4.051550 8.739736 13.569345
vn 0.623598 -0.373048 -0.686994
v -5.679914 11.456599 10.615949
vn 0.623598 -0.373048 -0.686994
v -4.051550 8.739736 13.569345
vn 0.600358 -0.518887 -0.608545
v -6.294620 13.993443 5.151178
vn 0.717629 -0.555621 -0.419875
v -5.679914 11.456599 10.615949
vn 0.808244 -0.494119 -0.320294
v -6.294620 13.993443 5.151178
vn 0.808244 -0.494119 -0.320294
v 0.001001 -19.511234 5.033716
vn 0.554357 0.772578 -0.309534
v 0.001001 -17.779114 9.356980
vn 0.000001 0.811286 -0.584649
v -1.527277 -16.815109 9.024488
vn 0.554569 0.772390 -0.309625
v 2.127976 -18.030462 4.920357
vn -0.554567 0.772391 -0.309625
v 1.529279 -16.815113 9.024488
vn -0.538372 0.683485 -0.492953
v 0.001001 -19.511234 5.033716
vn -0.554356 0.772579 -0.309534
v 2.127976 -18.030462 4.920357
vn -0.554356 0.772579 -0.309534
v 2.253637 -13.026568 11.742951
vn -0.664312 0.440624 -0.603771
v 0.001001 -14.023120 12.606292
vn 0.000000 0.654254 -0.756275
v -2.251635 -13.026566 11.742952
vn 0.499688 0.566026 -0.655687
v -1.527277 -16.815109 9.024488
vn 0.499688 0.566026 -0.655687
v -2.251635 -13.026566 11.742952
vn 0.501256 0.566125 -0.654404
v -2.251635 -13.026566 11.742952
vn 0.430692 0.213984 -0.876764
v 0.001001 -14.023120 12.606292
vn 0.430692 0.213984 -0.876764
v 0.001002 -6.549043 14.430427
vn 0.000000 0.198669 -0.980067
v -3.627499 -5.944600 13.297508
vn 0.327182 0.262808 -0.907680
v -2.251635 -13.026566 11.742952
vn 0.327182 0.262808 -0.907680
v 2.253637 -13.026568 11.742951
vn -0.327182 0.262808 -0.907680
v 3.629503 -5.944602 13.297508
vn -0.323084 0.209844 -0.922812
v 0.001001 -14.023120 12.606292
vn -0.430692 0.213984 -0.876764
v 2.253637 -13.026568 11.742951
vn -0.430692 0.213984 -0.876764
v 4.931306 1.418179 14.084970
vn -0.645605 0.134111 -0.751804
v 0.001003 1.126184 15.333745
vn 0.000000 0.116886 -0.993145
v -4.929302 1.418182 14.084969
vn 0.318000 0.156238 -0.935129
v -3.627499 -5.944600 13.297508
vn 0.318000 0.156238 -0.935129
v -4.929302 1.418182 14.084969
vn 0.250248 0.113167 -0.961545
v -4.929302 1.418182 14.084969
vn 0.250087 0.107463 -0.962241
v 0.001003 1.126184 15.333745
vn 0.250087 0.107463 -0.962241
v 0.001003 5.485624 15.820607
vn -0.000000 -0.136704 -0.990612
v -5.431471 6.049170 14.502148
vn 0.245421 0.113343 -0.962768
v -4.929302 1.418182 14.084969
vn 0.245421 0.113343 -0.962768
v 4.931306 1.418179 14.084970
vn -0.245421 0.113343 -0.962768
v 5.433478 6.049167 14.502147
vn -0.218525 -0.149531 -0.964307
v 0.001003 1.126184 15.333745
vn -0.250086 0.107463 -0.962241
v 4.931306 1.418179 14.084970
vn -0.250086 0.107463 -0.962241
v -5.431471 6.049170 14.502148
vn 0.176370 -0.401963 -0.898510
v 10.461324 -7.992730 4.766952
vn -0.664449 0.372762 -0.647732
v 5.714355 -10.036906 9.152932
vn -0.724654 0.352541 -0.592107
v 4.164590 -13.923104 8.027014
vn -0.725916 0.523502 -0.446085
v 6.508298 -13.588140 4.580281
vn -0.667431 0.551414 -0.500479
v 1.529279 -16.815113 9.024488
vn -0.722009 0.489154 -0.489317
v 2.127976 -18.030462 4.920357
vn -0.669375 0.629875 -0.393948
v 1.529279 -16.815113 9.024488
vn -0.755399 0.590073 -0.284932
v 2.127976 -18.030462 4.920357
vn -0.755399 0.590073 -0.284932
v 2.127976 -18.030462 4.920357
vn -0.535116 0.786966 -0.307141
v 3.126859 -19.320852 -0.126217
vn -0.535116 0.786966 -0.307141
v 10.350600 -14.542308 -0.468047
vn -0.546077 0.672939 -0.498952
v 2.127976 -18.030462 4.920357
vn -0.607606 0.555683 -0.567479
v 14.419299 -15.203239 -5.452545
vn -0.473827 0.827103 -0.302307
v 3.126859 -19.320852 -0.126217
vn -0.546406 0.811064 -0.208846
v 22.676031 -9.535491 -6.263401
vn -0.790646 0.512605 -0.334835
v 17.369919 -8.394390 -0.826284
vn -0.582888 0.411396 -0.700710
v 22.615553 -9.709639 -10.181022
vn -0.693009 0.445813 0.566559
v 17.442202 -13.988570 -8.707786
vn -0.419670 0.842955 0.336607
v 7.174823 -4.131274 9.898754
vn -0.752092 0.181057 -0.633700
v 3.629503 -5.944602 13.297508
vn -0.735056 0.278498 -0.618168
v 12.103611 -2.562926 4.910867
vn -0.663234 0.064301 -0.745645
v 10.814864 2.784076 5.367082
vn -0.768478 -0.100492 -0.631936
v 8.084426 2.294169 10.338643
vn -0.828117 0.080277 -0.554777
v 3.629503 -5.944602 13.297508
vn -0.729313 0.198961 -0.654612
v 19.882513 -2.693421 -0.989448
vn -0.691837 0.027127 -0.721544
v 24.982235 -3.768926 -6.748493
vn -0.997313 -0.018598 -0.070853
v 22.470207 1.974862 -6.845696
vn -0.825524 -0.545961 0.142955
v 18.575649 2.960266 -0.918429
vn -0.715914 -0.317757 -0.621689
v 21.873478 -5.035609 -11.312567
vn -0.625809 -0.016343 0.779805
v 17.700491 0.022431 -12.103556
vn -0.471760 -0.317202 0.822694
v 7.981594 7.739801 10.546767
vn -0.809315 -0.251322 -0.530892
v 5.433478 6.049167 14.502147
vn -0.858401 0.137600 -0.494181
v 10.073313 9.173525 5.129627
vn -0.808002 -0.343549 -0.478651
v 6.296626 13.965611 5.201795
vn -0.808131 -0.494041 -0.320700
v 6.296626 13.965611 5.201795
vn -0.714647 -0.556845 -0.423324
v 5.433478 6.049167 14.502147
vn -0.600358 -0.518886 -0.608545
v 14.136594 8.966334 -0.574115
vn -0.703644 -0.632352 -0.324062
v 16.272253 7.574275 -6.492887
vn -0.597190 -0.759387 0.258253
v 7.600120 13.603028 -0.213393
vn -0.579732 -0.812111 -0.066228
v 6.296626 13.965611 5.201795
vn -0.694541 -0.540218 -0.475160
v 7.600120 13.603028 -0.213393
vn -0.579592 -0.810435 -0.085250
v 6.296626 13.965611 5.201795
vn -0.579592 -0.810435 -0.085250
v 12.581106 5.453393 -12.555119
vn -0.503112 -0.494635 0.708671
vt 0.381739 0.831675
vt 0.187402 0.898837
vt 0.221497 0.898837
f 366/1459/366 367/1460/367 368/1461/368
vt 0.221497 0.898837
vt 0.430374 0.866602
vt 0.381739 0.831675
f 368/1462/368 369/1463/369 366/1464/366
vt -0.087866 0.884397
vt -0.057006 0.884397
vt 0.221497 0.898837
f 370/1465/370 371/1466/371 368/1467/368
vt 0.221497 0.898837
vt 0.187402 0.898837
vt -0.087866 0.884397
f 368/1468/368 367/1469/367 370/1470/370
vt -0.026146 0.884397
vt 0.255591 0.898837
vt 0.221497 0.898837
f 372/1471/372 373/1472/373 368/1473/368
vt 0.221497 0.898837
vt -0.057006 0.884397
vt -0.026146 0.884397
f 368/1474/368 371/1475/371 372/1476/372
vt 0.513822 0.831675
vt 0.430374 0.866602
vt 0.221497 0.898837
f 374/1477/374 369/1478/369 368/1479/368
vt 0.221497 0.898837
vt 0.255591 0.898837
vt 0.513822 0.831675
f 368/1480/368 373/1481/373 374/1482/374
vt 0.450220 0.323578
vt 0.500000 0.319410
vt 0.500000 0.243677
f 375/1483/375 376/1484/376 377/1485/377
vt 0.500000 0.243677
vt 0.415449 0.269281
vt 0.450220 0.323578
f 377/1486/377 378/1487/378 375/1488/375
vt 0.549780 0.323578
vt 0.584551 0.269281
vt 0.500000 0.243677
f 379/1489/379 380/1490/380 377/1491/377
vt 0.500000 0.243677
vt 0.500000 0.319410
vt 0.549780 0.323578
f 377/1492/377 376/1493/376 379/1494/379
vt 0.670188 0.170650
vt 0.329812 0.170650
vt 0.500000 0.243677
f 381/1495/381 382/1496/382 377/1497/377
vt 0.584551 0.269281
vt 0.670188 0.170650
vt 0.500000 0.243677
f 380/1498/380 381/1499/381 377/1500/377
vt 0.329812 0.170650
vt 0.415449 0.269281
vt 0.500000 0.243677
f 382/1501/382 378/1502/378 377/1503/377
vt 0.329812 0.170650
vt 0.670188 0.170650
vt 0.108112 0.161365
f 382/1504/382 381/1505/381 383/1506/383
vt -0.047331 0.161365
vt 0.329812 0.170650
vt 0.108112 0.161365
f 384/1507/384 382/1508/382 383/1509/383
vt 0.670188 0.170650
vt 0.263555 0.161365
vt 0.108112 0.161365
f 381/1510/381 385/1511/385 383/1512/383
vt -0.143078 0.152080
vt -0.283775 0.152080
vt 0.108112 0.161365
f 386/1513/386 387/1514/387 383/1515/383
vt 0.108112 0.161365
vt 0.263555 0.161365
vt -0.143078 0.152080
f 383/1516/383 385/1517/385 386/1518/386
vt -0.424473 0.152080
vt -0.047331 0.161365
vt 0.108112 0.161365
f 388/1519/388 384/1520/384 383/1521/383
vt 0.108112 0.161365
vt -0.283775 0.152080
vt -0.424473 0.152080
f 383/1522/383 387/1523/387 388/1524/388
vt 0.143077 0.152080
vt 0.076633 0.152080
vt 0.038316 0.231990
f 389/1525/389 390/1526/390 391/1527/391
vt 0.038316 0.231990
vt 0.089576 0.248021
vt 0.143077 0.152080
f 391/1528/391 392/1529/392 393/1530/393
vt 0.010189 0.152080
vt -0.028239 0.231990
vt 0.038316 0.231990
f 394/1531/394 395/1532/395 391/1533/391
vt 0.038316 0.231990
vt 0.076633 0.152080
vt 0.010189 0.152080
f 391/1534/391 396/1535/396 397/1536/397
vt -0.066667 0.311899
vt -0.000000 0.311899
vt 0.038316 0.231990
f 398/1537/398 399/1538/399 391/1539/391
vt 0.038316 0.231990
vt -0.028239 0.231990
vt -0.066667 0.311899
f 391/1540/391 395/1541/395 398/1542/398
vt 0.053155 0.294995
vt 0.089576 0.248021
vt 0.038316 0.231990
f 400/1543/400 392/1544/392 391/1545/391
vt 0.038316 0.231990
vt -0.000000 0.311899
vt 0.053155 0.294995
f 391/1546/391 399/1547/399 400/1548/400
vt 0.381739 0.831675
vt 0.430374 0.866602
vt 0.500000 0.741017
f 366/1549/366 369/1550/369 401/1551/401
vt 0.500000 0.741017
vt 0.415258 0.727233
vt 0.381739 0.831675
f 401/1552/401 402/1553/402 366/1554/366
vt 0.513822 0.831675
vt 0.584742 0.727233
vt 0.500000 0.741017
f 374/1555/374 403/1556/403 401/1557/401
vt 0.500000 0.741017
vt 0.430374 0.866602
vt 0.513822 0.831675
f 401/1558/401 369/1559/369 374/1560/374
vt 0.610028 0.597246
vt 0.500000 0.601278
vt 0.500000 0.741017
f 404/1561/404 405/1562/405 401/1563/401
vt 0.500000 0.741017
vt 0.584742 0.727233
vt 0.610028 0.597246
f 401/1564/401 403/1565/403 404/1566/404
vt 0.389972 0.597246
vt 0.415258 0.727233
vt 0.500000 0.741017
f 406/1567/406 402/1568/402 401/1569/401
vt 0.500000 0.741017
vt 0.500000 0.601278
vt 0.389972 0.597246
f 401/1570/401 405/1571/405 406/1572/406
vt 0.389972 0.597246
vt 0.500000 0.601278
vt 0.500000 0.526581
f 406/1573/406 405/1574/405 407/1575/407
vt 0.500000 0.526581
vt 0.403131 0.522523
vt 0.389972 0.597246
f 407/1576/407 408/1577/408 406/1578/406
vt 0.610028 0.597246
vt 0.596869 0.522523
vt 0.500000 0.526581
f 404/1579/404 409/1580/409 407/1581/407
vt 0.500000 0.526581
vt 0.500000 0.601278
vt 0.610028 0.597246
f 407/1582/407 405/1583/405 404/1584/404
vt 0.562568 0.484406
vt 0.500000 0.473987
vt 0.500000 0.526581
f 410/1585/410 411/1586/411 407/1587/407
vt 0.596869 0.522523
vt 0.562568 0.484406
vt 0.500000 0.526581
f 409/1588/409 410/1589/410 407/1590/407
vt 0.429127 0.465081
vt 0.403131 0.522523
vt 0.500000 0.526581
f 412/1591/412 408/1592/408 407/1593/407
vt 0.500000 0.526581
vt 0.500000 0.473987
vt 0.429127 0.465081
f 407/1594/407 411/1595/411 412/1596/412
vt 0.429127 0.465081
vt 0.500000 0.473987
vt 0.500000 0.400555
f 412/1597/412 411/1598/411 413/1599/413
vt 0.500000 0.400555
vt 0.442354 0.386940
vt 0.429127 0.465081
f 413/1600/413 414/1601/414 412/1602/412
vt 0.562568 0.484406
vt 0.557646 0.386940
vt 0.500000 0.400555
f 410/1603/410 415/1604/415 413/1605/413
vt 0.500000 0.473987
vt 0.562568 0.484406
vt 0.500000 0.400555
f 411/1606/411 410/1607/410 413/1608/413
vt 0.549780 0.323578
vt 0.500000 0.319410
vt 0.500000 0.400555
f 379/1609/379 376/1610/376 413/1611/413
vt 0.500000 0.400555
vt 0.557646 0.386940
vt 0.549780 0.323578
f 413/1612/413 415/1613/415 379/1614/379
vt 0.450220 0.323578
vt 0.442354 0.386940
vt 0.500000 0.400555
f 375/1615/375 414/1616/414 413/1617/413
vt 0.500000 0.400555
vt 0.500000 0.319410
vt 0.450220 0.323578
f 413/1618/413 376/1619/376 375/1620/375
vt 0.698357 0.591124
vt 0.665515 0.585151
vt 0.635224 0.685883
f 416/1621/416 417/1622/417 418/1623/418
vt 0.635224 0.685883
vt 0.658856 0.726895
vt 0.698357 0.591124
f 418/1624/418 419/1625/419 416/1626/416
vt 0.610028 0.597246
vt 0.584742 0.727233
vt 0.635224 0.685883
f 404/1627/404 403/1628/403 418/1629/418
vt 0.635224 0.685883
vt 0.665515 0.585151
vt 0.610028 0.597246
f 418/1630/418 417/1631/417 404/1632/404
vt 0.513822 0.831675
vt 0.658856 0.726895
vt 0.635224 0.685883
f 374/1633/374 419/1634/419 418/1635/418
vt 0.635224 0.685883
vt 0.584742 0.727233
vt 0.513822 0.831675
f 418/1636/418 403/1637/403 374/1638/374
vt 0.513822 0.831675
vt 0.755591 0.898837
vt 0.760943 0.732804
f 374/1639/374 420/1640/420 421/1641/421
vt 0.760943 0.732804
vt 0.658856 0.726895
vt 0.513822 0.831675
f 421/1642/421 419/1643/419 374/1644/374
vt 0.973854 0.884397
vt 0.874138 0.724470
vt 0.760943 0.732804
f 422/1645/422 423/1646/423 421/1647/421
vt 0.760943 0.732804
vt 0.755591 0.898837
vt 0.973854 0.884397
f 421/1648/421 424/1649/424 425/1650/425
vt 0.843377 0.588571
vt 0.764920 0.584450
vt 0.760943 0.732804
f 426/1651/426 427/1652/427 421/1653/421
vt 0.760943 0.732804
vt 0.874138 0.724470
vt 0.843377 0.588571
f 421/1654/421 423/1655/423 426/1656/426
vt 0.698357 0.591124
vt 0.658856 0.726895
vt 0.760943 0.732804
f 416/1657/416 419/1658/419 421/1659/421
vt 0.760943 0.732804
vt 0.764920 0.584450
vt 0.698357 0.591124
f 421/1660/421 427/1661/427 416/1662/416
vt 0.988780 0.725938
vt 0.911898 0.626927
vt 0.931098 0.722754
f 428/1663/428 429/1664/429 430/1665/430
vt 0.931098 0.722754
vt 0.981317 0.805168
vt 0.988780 0.725938
f 430/1666/430 431/1667/431 428/1668/428
vt 0.843377 0.588571
vt 0.874138 0.724470
vt 0.931098 0.722754
f 426/1669/426 423/1670/423 430/1671/430
vt 0.931098 0.722754
vt 0.911898 0.626927
vt 0.843377 0.588571
f 430/1672/430 429/1673/429 426/1674/426
vt 0.973854 0.884397
vt 0.981317 0.805168
vt 0.931098 0.722754
f 432/1675/432 431/1676/431 430/1677/430
vt 0.931098 0.722754
vt 0.874138 0.724470
vt 0.973854 0.884397
f 430/1678/430 423/1679/423 433/1680/433
vt 0.610028 0.597246
vt 0.665515 0.585151
vt 0.658495 0.510347
f 404/1681/404 417/1682/417 434/1683/434
vt 0.658495 0.510347
vt 0.596869 0.522523
vt 0.610028 0.597246
f 434/1684/434 409/1685/409 404/1686/404
vt 0.698357 0.591124
vt 0.707411 0.492508
vt 0.658495 0.510347
f 416/1687/416 435/1688/435 434/1689/434
vt 0.658495 0.510347
vt 0.665515 0.585151
vt 0.698357 0.591124
f 434/1690/434 417/1691/417 416/1692/416
vt 0.699899 0.404243
vt 0.636225 0.438365
vt 0.658495 0.510347
f 436/1693/436 437/1694/437 434/1695/434
vt 0.658495 0.510347
vt 0.707411 0.492508
vt 0.699899 0.404243
f 434/1696/434 435/1697/435 436/1698/436
vt 0.562568 0.484406
vt 0.596869 0.522523
vt 0.658495 0.510347
f 410/1699/410 409/1700/409 434/1701/434
vt 0.636225 0.438365
vt 0.562568 0.484406
vt 0.658495 0.510347
f 437/1702/437 410/1703/410 434/1704/434
vt 0.698357 0.591124
vt 0.764920 0.584450
vt 0.766151 0.471455
f 416/1705/416 427/1706/427 438/1707/438
vt 0.766151 0.471455
vt 0.707411 0.492508
vt 0.698357 0.591124
f 438/1708/438 435/1709/435 416/1710/416
vt 0.843377 0.588571
vt 0.830703 0.467534
vt 0.766151 0.471455
f 426/1711/426 439/1712/439 438/1713/438
vt 0.766151 0.471455
vt 0.764920 0.584450
vt 0.843377 0.588571
f 438/1714/438 427/1715/427 426/1716/426
vt 0.828947 0.339666
vt 0.765737 0.373121
vt 0.766151 0.471455
f 440/1717/440 441/1718/441 438/1719/438
vt 0.830703 0.467534
vt 0.828947 0.339666
vt 0.766151 0.471455
f 439/1720/439 440/1721/440 438/1722/438
vt 0.699899 0.404243
vt 0.707411 0.492508
vt 0.766151 0.471455
f 436/1723/436 435/1724/435 438/1725/438
vt 0.766151 0.471455
vt 0.765737 0.373121
vt 0.699899 0.404243
f 438/1726/438 441/1727/441 436/1728/436
vt 0.843377 0.588571
vt 0.911898 0.626927
vt 0.897054 0.501087
f 426/1729/426 429/1730/429 442/1731/442
vt 0.897054 0.501087
vt 0.830703 0.467534
vt 0.843377 0.588571
f 442/1732/442 439/1733/439 426/1734/426
vt 0.988780 0.725938
vt 0.964305 0.553378
vt 0.897054 0.501087
f 428/1735/428 443/1736/443 442/1737/442
vt 0.897054 0.501087
vt 0.911898 0.626927
vt 0.988780 0.725938
f 442/1738/442 429/1739/429 428/1740/428
vt 0.939829 0.380818
vt 0.888897 0.379422
vt 0.897054 0.501087
f 444/1741/444 445/1742/445 442/1743/442
vt 0.897054 0.501087
vt 0.964305 0.553378
vt 0.939829 0.380818
f 442/1744/442 443/1745/443 444/1746/444
vt 0.828947 0.339666
vt 0.830703 0.467534
vt 0.897054 0.501087
f 440/1747/440 439/1748/439 442/1749/442
vt 0.888897 0.379422
vt 0.828947 0.339666
vt 0.897054 0.501087
f 445/1750/445 440/1751/440 442/1752/442
vt 0.562568 0.484406
vt 0.636225 0.438365
vt 0.620769 0.346093
f 410/1753/410 437/1754/437 446/1755/446
vt 0.557646 0.386940
vt 0.562568 0.484406
vt 0.620769 0.346093
f 415/1756/415 410/1757/410 446/1758/446
vt 0.699899 0.404243
vt 0.689702 0.299527
vt 0.620769 0.346093
f 436/1759/436 447/1760/447 446/1761/446
vt 0.620769 0.346093
vt 0.636225 0.438365
vt 0.699899 0.404243
f 446/1762/446 437/1763/437 436/1764/436
vt 0.670188 0.170650
vt 0.584551 0.269281
vt 0.620769 0.346093
f 381/1765/381 380/1766/380 446/1767/446
vt 0.689702 0.299527
vt 0.670188 0.170650
vt 0.620769 0.346093
f 447/1768/447 381/1769/381 446/1770/446
vt 0.549780 0.323578
vt 0.557646 0.386940
vt 0.620769 0.346093
f 379/1771/379 415/1772/415 446/1773/446
vt 0.620769 0.346093
vt 0.584551 0.269281
vt 0.549780 0.323578
f 446/1774/446 380/1775/380 379/1776/379
vt 0.699899 0.404243
vt 0.765737 0.373121
vt 0.764782 0.268752
f 436/1777/436 441/1778/441 448/1779/448
vt 0.764782 0.268752
vt 0.689702 0.299527
vt 0.699899 0.404243
f 448/1780/448 447/1781/447 436/1782/436
vt 0.828947 0.339666
vt 0.835102 0.264153
vt 0.764782 0.268752
f 440/1783/440 449/1784/449 448/1785/448
vt 0.765737 0.373121
vt 0.828947 0.339666
vt 0.764782 0.268752
f 441/1786/441 440/1787/440 448/1788/448
vt 0.856922 0.152080
vt 0.763555 0.161365
vt 0.764782 0.268752
f 450/1789/450 451/1790/451 448/1791/448
vt 0.764782 0.268752
vt 0.835102 0.264153
vt 0.856922 0.152080
f 448/1792/448 449/1793/449 452/1794/452
vt 0.670188 0.170650
vt 0.689702 0.299527
vt 0.764782 0.268752
f 381/1795/381 447/1796/447 448/1797/448
vt 0.763555 0.161365
vt 0.670188 0.170650
vt 0.764782 0.268752
f 453/1798/453 381/1799/381 448/1800/448
vt 0.828947 0.339666
vt 0.888897 0.379422
vt 0.889758 0.296116
f 440/1801/440 445/1802/445 454/1803/454
vt 0.835102 0.264153
vt 0.828947 0.339666
vt 0.889758 0.296116
f 449/1804/449 440/1805/440 454/1806/454
vt 0.939829 0.380818
vt 0.936581 0.346359
vt 0.889758 0.296116
f 444/1807/444 455/1808/455 454/1809/454
vt 0.889758 0.296116
vt 0.888897 0.379422
vt 0.939829 0.380818
f 454/1810/454 445/1811/445 444/1812/444
vt 0.933333 0.311899
vt 0.895127 0.231990
vt 0.889758 0.296116
f 456/1813/456 457/1814/457 454/1815/454
vt 0.889758 0.296116
vt 0.936581 0.346359
vt 0.933333 0.311899
f 454/1816/454 455/1817/455 458/1818/458
vt 0.856922 0.152080
vt 0.835102 0.264153
vt 0.889758 0.296116
f 459/1819/459 449/1820/449 454/1821/454
vt 0.889758 0.296116
vt 0.895127 0.231990
vt 0.856922 0.152080
f 454/1822/454 460/1823/460 461/1824/461
vt -0.026146 0.884397
vt -0.014926 0.884397
vt -0.007463 0.805168
f 372/1825/372 462/1826/462 463/1827/463
vt -0.007463 0.805168
vt -0.018683 0.805168
vt -0.026146 0.884397
f 463/1828/463 464/1829/464 372/1830/372
vt -0.003706 0.884397
vt 0.003757 0.805168
vt -0.007463 0.805168
f 465/1831/465 466/1832/466 463/1833/463
vt -0.007463 0.805168
vt -0.014926 0.884397
vt -0.003706 0.884397
f 463/1834/463 467/1835/467 468/1836/468
vt 0.011220 0.725939
vt -0.000000 0.725938
vt -0.007463 0.805168
f 469/1837/469 470/1838/470 463/1839/463
vt -0.007463 0.805168
vt 0.003757 0.805168
vt 0.011220 0.725939
f 463/1840/463 466/1841/466 469/1842/469
vt -0.011220 0.725938
vt -0.018683 0.805168
vt -0.007463 0.805168
f 471/1843/471 472/1844/472 463/1845/463
vt -0.007463 0.805168
vt -0.000000 0.725938
vt -0.011220 0.725938
f 463/1846/463 470/1847/470 473/1848/473
vt -0.011220 0.725938
vt -0.002006 0.725938
vt -0.001003 0.553378
f 474/1849/474 475/1850/475 476/1851/476
vt -0.001003 0.553378
vt -0.035695 0.553378
vt -0.011220 0.725938
f 476/1852/476 477/1853/477 478/1854/478
vt 0.007208 0.725939
vt 0.033689 0.553378
vt -0.001003 0.553378
f 479/1855/479 480/1856/480 476/1857/476
vt -0.001003 0.553378
vt -0.002006 0.725938
vt 0.007208 0.725939
f 476/1858/476 481/1859/481 482/1860/482
vt 0.060171 0.380818
vt -0.000000 0.380818
vt -0.001003 0.553378
f 483/1861/483 484/1862/484 476/1863/476
vt -0.001003 0.553378
vt 0.033689 0.553378
vt 0.060171 0.380818
f 476/1864/476 480/1865/480 483/1866/483
vt -0.060171 0.380818
vt -0.035695 0.553378
vt -0.001003 0.553378
f 485/1867/485 486/1868/486 476/1869/476
vt -0.001003 0.553378
vt -0.000000 0.380818
vt -0.060171 0.380818
f 476/1870/476 484/1871/484 487/1872/487
vt -0.060171 0.380818
vt -0.002699 0.380818
vt -0.001349 0.346359
f 488/1873/488 489/1874/489 490/1875/490
vt -0.001349 0.346359
vt -0.063419 0.346359
vt -0.060171 0.380818
f 490/1876/490 491/1877/491 492/1878/492
vt 0.054773 0.380818
vt 0.060720 0.346359
vt -0.001349 0.346359
f 493/1879/493 494/1880/494 490/1881/490
vt -0.001349 0.346359
vt -0.002699 0.380818
vt 0.054773 0.380818
f 490/1882/490 495/1883/495 496/1884/496
vt 0.053155 0.294995
vt -0.000000 0.311899
vt -0.001349 0.346359
f 400/1885/400 399/1886/399 490/1887/490
vt -0.001349 0.346359
vt 0.060720 0.346359
vt 0.053155 0.294995
f 490/1888/490 494/1889/494 400/1890/400
vt -0.066667 0.311899
vt -0.063419 0.346359
vt -0.001349 0.346359
f 398/1891/398 497/1892/497 490/1893/490
vt -0.001349 0.346359
vt -0.000000 0.311899
vt -0.066667 0.311899
f 490/1894/490 399/1895/399 398/1896/398
vt 0.156623 0.588571
vt 0.088102 0.626927
vt 0.068902 0.722754
f 498/1897/498 499/1898/499 500/1899/500
vt 0.068902 0.722754
vt 0.125861 0.724471
vt 0.156623 0.588571
f 500/1900/500 501/1901/501 498/1902/498
vt 0.011220 0.725939
vt 0.018683 0.805168
vt 0.068902 0.722754
f 469/1903/469 502/1904/502 500/1905/500
vt 0.068902 0.722754
vt 0.088102 0.626927
vt 0.011220 0.725939
f 500/1906/500 499/1907/499 469/1908/469
vt 0.026146 0.884397
vt 0.125861 0.724471
vt 0.068902 0.722754
f 503/1909/503 501/1910/501 500/1911/500
vt 0.068902 0.722754
vt 0.018683 0.805168
vt 0.026146 0.884397
f 500/1912/500 504/1913/504 505/1914/505
vt 0.026146 0.884397
vt 0.244409 0.898837
vt 0.239057 0.732804
f 506/1915/506 507/1916/507 508/1917/508
vt 0.239057 0.732804
vt 0.125861 0.724471
vt 0.026146 0.884397
f 508/1918/508 501/1919/501 509/1920/509
vt 0.381739 0.831675
vt 0.341144 0.726895
vt 0.239057 0.732804
f 366/1921/366 510/1922/510 508/1923/508
vt 0.239057 0.732804
vt 0.244409 0.898837
vt 0.381739 0.831675
f 508/1924/508 511/1925/511 366/1926/366
vt 0.301643 0.591124
vt 0.235080 0.584451
vt 0.239057 0.732804
f 512/1927/512 513/1928/513 508/1929/508
vt 0.239057 0.732804
vt 0.341144 0.726895
vt 0.301643 0.591124
f 508/1930/508 510/1931/510 512/1932/512
vt 0.156623 0.588571
vt 0.125861 0.724471
vt 0.239057 0.732804
f 498/1933/498 501/1934/501 508/1935/508
vt 0.239057 0.732804
vt 0.235080 0.584451
vt 0.156623 0.588571
f 508/1936/508 513/1937/513 498/1938/498
vt 0.389972 0.597246
vt 0.334485 0.585151
vt 0.364776 0.685883
f 406/1939/406 514/1940/514 515/1941/515
vt 0.364776 0.685883
vt 0.415258 0.727233
vt 0.389972 0.597246
f 515/1942/515 402/1943/402 406/1944/406
vt 0.301643 0.591124
vt 0.341144 0.726895
vt 0.364776 0.685883
f 512/1945/512 510/1946/510 515/1947/515
vt 0.364776 0.685883
vt 0.334485 0.585151
vt 0.301643 0.591124
f 515/1948/515 514/1949/514 512/1950/512
vt 0.381739 0.831675
vt 0.415258 0.727233
vt 0.364776 0.685883
f 366/1951/366 402/1952/402 515/1953/515
vt 0.364776 0.685883
vt 0.341144 0.726895
vt 0.381739 0.831675
f 515/1954/515 510/1955/510 366/1956/366
vt 0.011220 0.725939
vt 0.088102 0.626927
vt 0.102946 0.501087
f 469/1957/469 499/1958/499 516/1959/516
vt 0.102946 0.501087
vt 0.035695 0.553378
vt 0.011220 0.725939
f 516/1960/516 517/1961/517 469/1962/469
vt 0.156623 0.588571
vt 0.169297 0.467534
vt 0.102946 0.501087
f 498/1963/498 518/1964/518 516/1965/516
vt 0.102946 0.501087
vt 0.088102 0.626927
vt 0.156623 0.588571
f 516/1966/516 499/1967/499 498/1968/498
vt 0.171053 0.339666
vt 0.111103 0.379422
vt 0.102946 0.501087
f 519/1969/519 520/1970/520 516/1971/516
vt 0.169297 0.467534
vt 0.171053 0.339666
vt 0.102946 0.501087
f 518/1972/518 519/1973/519 516/1974/516
vt 0.060171 0.380818
vt 0.035695 0.553378
vt 0.102946 0.501087
f 483/1975/483 521/1976/521 516/1977/516
vt 0.102946 0.501087
vt 0.111103 0.379422
vt 0.060171 0.380818
f 516/1978/516 520/1979/520 483/1980/483
vt 0.156623 0.588571
vt 0.235080 0.584451
vt 0.233849 0.471455
f 498/1981/498 513/1982/513 522/1983/522
vt 0.233849 0.471455
vt 0.169297 0.467534
vt 0.156623 0.588571
f 522/1984/522 518/1985/518 498/1986/498
vt 0.301643 0.591124
vt 0.292589 0.492508
vt 0.233849 0.471455
f 512/1987/512 523/1988/523 522/1989/522
vt 0.233849 0.471455
vt 0.235080 0.584451
vt 0.301643 0.591124
f 522/1990/522 513/1991/513 512/1992/512
vt 0.300101 0.404243
vt 0.234263 0.373121
vt 0.233849 0.471455
f 524/1993/524 525/1994/525 522/1995/522
vt 0.233849 0.471455
vt 0.292589 0.492508
vt 0.300101 0.404243
f 522/1996/522 523/1997/523 524/1998/524
vt 0.171053 0.339666
vt 0.169297 0.467534
vt 0.233849 0.471455
f 519/1999/519 518/2000/518 522/2001/522
vt 0.234263 0.373121
vt 0.171053 0.339666
vt 0.233849 0.471455
f 525/2002/525 519/2003/519 522/2004/522
vt 0.301643 0.591124
vt 0.334485 0.585151
vt 0.341505 0.510347
f 512/2005/512 514/2006/514 526/2007/526
vt 0.341505 0.510347
vt 0.292589 0.492508
vt 0.301643 0.591124
f 526/2008/526 523/2009/523 512/2010/512
vt 0.389972 0.597246
vt 0.403131 0.522523
vt 0.341505 0.510347
f 406/2011/406 408/2012/408 526/2013/526
vt 0.341505 0.510347
vt 0.334485 0.585151
vt 0.389972 0.597246
f 526/2014/526 514/2015/514 406/2016/406
vt 0.429127 0.465081
vt 0.363774 0.438365
vt 0.341505 0.510347
f 412/2017/412 527/2018/527 526/2019/526
vt 0.341505 0.510347
vt 0.403131 0.522523
vt 0.429127 0.465081
f 526/2020/526 408/2021/408 412/2022/412
vt 0.300101 0.404243
vt 0.292589 0.492508
vt 0.341505 0.510347
f 524/2023/524 523/2024/523 526/2025/526
vt 0.341505 0.510347
vt 0.363774 0.438365
vt 0.300101 0.404243
f 526/2026/526 527/2027/527 524/2028/524
vt 0.060171 0.380818
vt 0.111103 0.379422
vt 0.110242 0.296116
f 483/2029/483 520/2030/520 528/2031/528
vt 0.110242 0.296116
vt 0.063419 0.346359
vt 0.060171 0.380818
f 528/2032/528 529/2033/529 483/2034/483
vt 0.171053 0.339666
vt 0.164898 0.264153
vt 0.110242 0.296116
f 519/2035/519 530/2036/530 528/2037/528
vt 0.111103 0.379422
vt 0.171053 0.339666
vt 0.110242 0.296116
f 520/2038/520 519/2039/519 528/2040/528
vt 0.143077 0.152080
vt 0.089576 0.248021
vt 0.110242 0.296116
f 531/2041/531 392/2042/392 528/2043/528
vt 0.110242 0.296116
vt 0.164898 0.264153
vt 0.143077 0.152080
f 528/2044/528 530/2045/530 532/2046/532
vt 0.053155 0.294995
vt 0.063419 0.346359
vt 0.110242 0.296116
f 400/2047/400 533/2048/533 528/2049/528
vt 0.110242 0.296116
vt 0.089576 0.248021
vt 0.053155 0.294995
f 528/2050/528 392/2051/392 400/2052/400
vt 0.171053 0.339666
vt 0.234263 0.373121
vt 0.235218 0.268752
f 519/2053/519 525/2054/525 534/2055/534
vt 0.164898 0.264153
vt 0.171053 0.339666
vt 0.235218 0.268752
f 530/2056/530 519/2057/519 534/2058/534
vt 0.300101 0.404243
vt 0.310298 0.299527
vt 0.235218 0.268752
f 524/2059/524 535/2060/535 534/2061/534
vt 0.235218 0.268752
vt 0.234263 0.373121
vt 0.300101 0.404243
f 534/2062/534 525/2063/525 524/2064/524
vt 0.329812 0.170650
vt 0.236445 0.161365
vt 0.235218 0.268752
f 382/2065/382 536/2066/536 534/2067/534
vt 0.310298 0.299527
vt 0.329812 0.170650
vt 0.235218 0.268752
f 535/2068/535 382/2069/382 534/2070/534
vt 0.143077 0.152080
vt 0.164898 0.264153
vt 0.235218 0.268752
f 537/2071/537 530/2072/530 534/2073/534
vt 0.235218 0.268752
vt 0.236445 0.161365
vt 0.143077 0.152080
f 534/2074/534 538/2075/538 539/2076/539
vt 0.300101 0.404243
vt 0.363774 0.438365
vt 0.379231 0.346093
f 524/2077/524 527/2078/527 540/2079/540
vt 0.379231 0.346093
vt 0.310298 0.299527
vt 0.300101 0.404243
f 540/2080/540 535/2081/535 524/2082/524
vt 0.429127 0.465081
vt 0.442354 0.386940
vt 0.379231 0.346093
f 412/2083/412 414/2084/414 540/2085/540
vt 0.379231 0.346093
vt 0.363774 0.438365
vt 0.429127 0.465081
f 540/2086/540 527/2087/527 412/2088/412
vt 0.450220 0.323578
vt 0.415449 0.269281
vt 0.379231 0.346093
f 375/2089/375 378/2090/378 540/2091/540
vt 0.379231 0.346093
vt 0.442354 0.386940
vt 0.450220 0.323578
f 540/2092/540 414/2093/414 375/2094/375
vt 0.329812 0.170650
vt 0.310298 0.299527
vt 0.379231 0.346093
f 382/2095/382 535/2096/535 540/2097/540
vt 0.415449 0.269281
vt 0.329812 0.170650
vt 0.379231 0.346093
f 378/2098/378 382/2099/382 540/2100/540
usemtl tex0_2
v -0.973762 -19.676062 5.395078
vn 0.000001 0.944156 -0.329500
v -1.178072 -22.151331 -5.419625
vn 0.380535 0.923430 0.049698
v 1.180074 -22.151333 -5.419626
vn -0.148192 0.947652 0.282834
v 0.975763 -19.676065 5.395078
vn 0.000002 0.974793 -0.223110
v -8.900678 13.093304 -5.365078
vn 0.250469 -0.860991 0.442674
v 8.902684 13.093302 -5.365078
vn -0.355824 -0.924666 0.135582
v 5.074355 9.048331 -20.308859
vn -0.222100 -0.639447 0.736057
v -5.072347 9.048333 -20.308859
vn 0.357124 -0.194013 0.913686
v -7.358190 17.203888 5.178776
vn -0.000000 -0.931700 0.363229
v 7.360198 17.203884 5.178773
vn -0.000000 -0.931700 0.363229
v -7.382885 8.187172 16.099241
vn -0.000000 -0.535896 -0.844284
v 7.384892 8.187170 16.099241
vn -0.361474 -0.147036 -0.920715
v 7.360198 17.203884 5.178773
vn -0.000000 -0.771119 -0.636691
v 7.360198 17.203884 5.178773
vn -0.000000 -0.771119 -0.636691
v -7.358190 17.203888 5.178776
vn -0.000000 -0.771119 -0.636691
v -22.440203 -9.683625 -13.489012
vn 0.235412 0.469223 0.851123
v 22.442209 -9.683628 -13.489012
vn -0.205238 0.403715 0.891567
v -6.876748 -3.112136 -17.069304
vn 0.250759 0.099954 0.962876
v 6.878752 -3.112135 -17.069304
vn -0.243325 0.075366 0.967012
v -28.702316 -10.130738 -7.214713
vn 0.795418 0.488333 -0.358945
v -10.540239 -6.211083 5.367080
vn 0.758696 0.385339 -0.525256
v -0.973762 -19.676062 5.395078
vn 0.806571 0.572741 -0.146327
v -0.973761 -15.882161 13.318881
vn 0.793363 0.432788 -0.428100
v -0.973762 -19.676062 5.395078
vn 0.785856 0.557772 -0.267060
v -29.466621 4.565135 -10.716790
vn 0.771032 -0.504761 0.388235
v -10.812859 2.784078 5.367081
vn 0.810610 -0.050326 -0.583420
v -6.364418 2.784080 15.541972
vn 0.870041 0.177683 -0.459845
v -7.358190 17.203888 5.178776
vn 0.294424 -0.904193 0.309433
v -7.358190 17.203888 5.178776
vn 0.635451 -0.162099 -0.754934
v -7.382885 8.187172 16.099241
vn 0.954452 -0.231130 -0.188679
v -7.358190 17.203888 5.178776
vn 0.954452 -0.231130 -0.188679
v -7.382885 8.187172 16.099241
vn 0.895967 0.209288 -0.391715
v 0.975763 -15.882164 13.318881
vn -0.549613 0.637180 -0.540303
v -0.973761 -15.882161 13.318881
vn 0.000001 0.901946 -0.431850
v 0.975763 -19.676065 5.395078
vn 0.000002 0.901946 -0.431850
v 6.366423 2.784075 15.541972
vn -0.717767 0.126758 -0.684648
v -6.364418 2.784080 15.541972
vn 0.000000 0.118261 -0.992983
v -0.973761 -15.882161 13.318881
vn 0.000000 0.118261 -0.992983
v -0.973761 -15.882161 13.318881
vn 0.000000 0.118261 -0.992983
v 0.975763 -15.882164 13.318881
vn 0.000000 0.118261 -0.992983
v -6.364418 2.784080 15.541972
vn 0.000000 0.102595 -0.994723
v -6.364418 2.784080 15.541972
vn 0.000000 0.102595 -0.994723
v 6.366423 2.784075 15.541972
vn 0.000000 0.102595 -0.994723
v 10.542243 -6.211085 5.367081
vn -0.646277 0.201778 -0.735943
v 0.975763 -19.676065 5.395078
vn -0.785855 0.557772 -0.267060
v 28.704319 -10.130748 -7.214721
vn -0.892771 0.447701 -0.050242
v 0.975763 -19.676065 5.395078
vn -0.484046 0.342226 -0.805345
v 0.975763 -19.676065 5.395078
vn -0.402724 0.890565 -0.211441
v 10.814864 2.784076 5.367082
vn -0.814679 -0.151341 -0.559816
v 29.468630 2.784074 -7.477235
vn -0.904265 -0.425644 -0.033641
v 7.360198 17.203884 5.178773
vn -0.975310 0.169206 0.141914
v 7.360198 17.203884 5.178773
vn -0.893960 -0.219277 -0.390837
v 7.360198 17.203884 5.178773
vn -0.971058 -0.233311 -0.051101
vt -0.026146 0.884397
vt 0.537329 0.913277
vt 0.462671 0.913277
f 541/2101/541 542/2102/542 543/2103/543
vt 0.462671 0.913277
vt -0.087866 0.884397
vt -0.026146 0.884397
f 543/2104/543 544/2105/544 541/2106/541
vt 0.670188 0.170650
vt 0.329812 0.170650
vt 0.452751 0.316705
f 545/2107/545 546/2108/546 547/2109/547
vt 0.452751 0.316705
vt 0.547249 0.316705
vt 0.670188 0.170650
f 547/2110/547 548/2111/548 545/2112/545
vt -0.143078 0.152080
vt -0.424473 0.152080
vt 0.329812 0.170650
f 549/2113/549 550/2114/550 546/2115/546
vt 0.329812 0.170650
vt 0.670188 0.170650
vt -0.143078 0.152080
f 546/2116/546 545/2117/545 549/2118/549
vt -0.066667 0.311899
vt 0.066667 0.311899
vt 0.143077 0.152080
f 551/2119/551 552/2120/552 553/2121/553
vt 0.143077 0.152080
vt 0.010189 0.152080
vt -0.066667 0.311899
f 554/2122/554 555/2123/555 551/2124/551
vt 0.666414 0.568756
vt 0.333586 0.568756
vt 0.462671 0.913277
f 556/2125/556 557/2126/557 543/2127/543
vt 0.462671 0.913277
vt 0.537329 0.913277
vt 0.666414 0.568756
f 543/2128/543 542/2129/542 556/2130/556
vt 0.562568 0.484406
vt 0.437432 0.484406
vt 0.333586 0.568756
f 558/2131/558 559/2132/559 557/2133/557
vt 0.333586 0.568756
vt 0.666414 0.568756
vt 0.562568 0.484406
f 557/2134/557 556/2135/556 558/2136/558
vt 0.547249 0.316705
vt 0.452751 0.316705
vt 0.437432 0.484406
f 548/2137/548 547/2138/547 559/2139/559
vt 0.437432 0.484406
vt 0.562568 0.484406
vt 0.547249 0.316705
f 559/2140/559 558/2141/558 548/2142/548
vt 0.701928 0.575616
vt 0.666414 0.568756
vt 0.537329 0.913277
f 560/2143/560 556/2144/556 542/2145/542
vt 0.830659 0.557927
vt 0.701928 0.575616
vt 0.537329 0.913277
f 561/2146/561 560/2147/560 542/2148/542
vt 0.537329 0.913277
vt 0.973854 0.884397
vt 0.830659 0.557927
f 542/2149/542 562/2150/562 561/2151/561
vt 0.988780 0.725938
vt 0.830659 0.557927
vt 0.973854 0.884397
f 563/2152/563 561/2153/561 564/2154/564
vt 0.703070 0.412612
vt 0.562568 0.484406
vt 0.666414 0.568756
f 565/2155/565 558/2156/558 556/2157/556
vt 0.666414 0.568756
vt 0.701928 0.575616
vt 0.703070 0.412612
f 556/2158/556 560/2159/560 565/2160/565
vt 0.828947 0.339666
vt 0.703070 0.412612
vt 0.701928 0.575616
f 566/2161/566 565/2162/565 560/2163/560
vt 0.701928 0.575616
vt 0.830659 0.557927
vt 0.828947 0.339666
f 560/2164/560 561/2165/561 566/2166/566
vt 0.939829 0.380818
vt 0.828947 0.339666
vt 0.830659 0.557927
f 567/2167/567 566/2168/566 561/2169/561
vt 0.830659 0.557927
vt 0.988780 0.725938
vt 0.939829 0.380818
f 561/2170/561 563/2171/563 567/2172/567
vt 0.670188 0.170650
vt 0.547249 0.316705
vt 0.562568 0.484406
f 545/2173/545 548/2174/548 558/2175/558
vt 0.562568 0.484406
vt 0.703070 0.412612
vt 0.670188 0.170650
f 558/2176/558 565/2177/565 545/2178/545
vt 0.856922 0.152080
vt 0.670188 0.170650
vt 0.703070 0.412612
f 568/2179/568 545/2180/545 565/2181/565
vt 0.703070 0.412612
vt 0.828947 0.339666
vt 0.856922 0.152080
f 565/2182/565 566/2183/566 569/2184/569
vt 0.933333 0.311899
vt 0.856922 0.152080
vt 0.828947 0.339666
f 570/2185/570 571/2186/571 566/2187/566
vt 0.828947 0.339666
vt 0.939829 0.380818
vt 0.933333 0.311899
f 566/2188/566 567/2189/567 572/2190/572
vt 0.011220 0.725939
vt -0.011220 0.725938
vt -0.026146 0.884397
f 573/2191/573 574/2192/574 541/2193/541
vt -0.026146 0.884397
vt -0.003706 0.884397
vt 0.011220 0.725939
f 541/2194/541 575/2195/575 573/2196/573
vt 0.060171 0.380818
vt -0.060171 0.380818
vt -0.011220 0.725938
f 576/2197/576 577/2198/577 578/2199/578
vt -0.011220 0.725938
vt 0.007208 0.725939
vt 0.060171 0.380818
f 579/2200/579 580/2201/580 576/2202/576
vt 0.066667 0.311899
vt -0.066667 0.311899
vt -0.060171 0.380818
f 552/2203/552 551/2204/551 581/2205/581
vt -0.060171 0.380818
vt 0.054773 0.380818
vt 0.066667 0.311899
f 582/2206/582 583/2207/583 552/2208/552
vt 0.169340 0.557927
vt 0.011220 0.725939
vt 0.026146 0.884397
f 584/2209/584 573/2210/573 585/2211/585
vt 0.298072 0.575616
vt 0.169340 0.557927
vt 0.026146 0.884397
f 586/2212/586 584/2213/584 587/2214/587
vt 0.026146 0.884397
vt 0.462671 0.913277
vt 0.298072 0.575616
f 588/2215/588 543/2216/543 586/2217/586
vt 0.333586 0.568756
vt 0.298072 0.575616
vt 0.462671 0.913277
f 557/2218/557 586/2219/586 543/2220/543
vt 0.171053 0.339666
vt 0.060171 0.380818
vt 0.011220 0.725939
f 589/2221/589 576/2222/576 573/2223/573
vt 0.011220 0.725939
vt 0.169340 0.557927
vt 0.171053 0.339666
f 573/2224/573 584/2225/584 589/2226/589
vt 0.296930 0.412612
vt 0.171053 0.339666
vt 0.169340 0.557927
f 590/2227/590 589/2228/589 584/2229/584
vt 0.169340 0.557927
vt 0.298072 0.575616
vt 0.296930 0.412612
f 584/2230/584 586/2231/586 590/2232/590
vt 0.437432 0.484406
vt 0.296930 0.412612
vt 0.298072 0.575616
f 559/2233/559 590/2234/590 586/2235/586
vt 0.298072 0.575616
vt 0.333586 0.568756
vt 0.437432 0.484406
f 586/2236/586 557/2237/557 559/2238/559
vt 0.143077 0.152080
vt 0.066667 0.311899
vt 0.060171 0.380818
f 591/2239/591 552/2240/552 576/2241/576
vt 0.060171 0.380818
vt 0.171053 0.339666
vt 0.143077 0.152080
f 576/2242/576 589/2243/589 592/2244/592
vt 0.329812 0.170650
vt 0.143077 0.152080
vt 0.171053 0.339666
f 546/2245/546 593/2246/593 589/2247/589
vt 0.171053 0.339666
vt 0.296930 0.412612
vt 0.329812 0.170650
f 589/2248/589 590/2249/590 546/2250/546
vt 0.452751 0.316705
vt 0.329812 0.170650
vt 0.296930 0.412612
f 547/2251/547 546/2252/546 590/2253/590
vt 0.296930 0.412612
vt 0.437432 0.484406
vt 0.452751 0.316705
f 590/2254/590 559/2255/559 547/2256/547
