mtllib progeny_shield.mtl
usemtl tex0_0
v -4.764322 7.443210 -6.041575
vn 0.707377 -0.545120 0.449958
v -4.894929 7.818614 -5.311049
vn 0.732815 -0.601437 0.318207
v -4.398542 8.113097 -5.501806
vn 0.355684 -0.863361 0.357907
v -4.389992 7.563252 -6.415839
vn 0.511981 -0.657438 0.552857
v -4.989894 8.079472 -4.208146
vn 0.741151 -0.660301 0.121229
v -4.442661 8.390815 -4.354185
vn 0.237683 -0.962494 0.130815
v -3.755390 8.311211 -4.638093
vn -0.180830 -0.976870 0.114130
v -3.751698 8.051876 -5.847812
vn -0.041037 -0.935314 0.351431
v -3.764236 7.498885 -6.842171
vn 0.181215 -0.758620 0.625825
v -5.021549 7.980153 -1.474586
vn 0.705931 -0.703228 -0.084457
v -4.457367 8.272875 -1.582752
vn 0.146541 -0.980216 -0.133052
v -4.457367 8.418614 -3.015335
vn 0.180488 -0.982899 -0.036510
v -5.021549 8.109111 -2.892022
vn 0.729293 -0.684046 -0.014618
v -3.756620 8.190242 -1.815715
vn -0.261104 -0.957455 -0.122901
v -3.756620 8.333836 -3.270355
vn -0.248271 -0.967886 -0.039474
v -2.023772 7.573856 -2.353346
vn -0.305576 -0.946311 -0.105446
v -2.023772 7.689640 -3.852582
vn -0.357380 -0.933554 -0.027497
v -2.938894 8.031827 -3.576348
vn -0.354546 -0.934455 -0.033040
v -2.938894 7.900990 -2.097804
vn -0.362662 -0.925728 -0.107251
v -2.023948 7.665098 -5.238941
vn -0.319364 -0.942459 0.098886
v -2.940678 8.009308 -4.957713
vn -0.316317 -0.943201 0.101561
v -2.025534 6.942492 -7.476569
vn -0.057570 -0.797158 0.601019
v -2.956735 7.239679 -7.203076
vn -0.020342 -0.782825 0.621909
v -2.946030 7.767302 -6.185441
vn -0.205186 -0.922448 0.327091
v -2.024477 7.437094 -6.463308
vn -0.237877 -0.921703 0.306396
v -2.024477 7.437094 -6.463308
vn -0.104887 -0.893654 0.436328
v -1.029975 7.238969 -6.630028
vn -0.089131 -0.948375 0.304369
v -1.028681 6.764180 -7.640665
vn -0.032276 -0.810847 0.584367
v -2.023948 7.665098 -5.238941
vn -0.172016 -0.969587 0.174101
v -1.030623 7.458572 -5.407678
vn -0.124170 -0.987478 0.097312
v -2.024477 7.437094 -6.463308
vn -0.162941 -0.969948 0.180696
v -2.023948 7.665098 -5.238941
vn -0.162941 -0.969948 0.180696
v 0.001000 7.389730 -5.463923
vn -0.000000 -0.995231 0.097546
v 0.001000 7.172927 -6.685602
vn -0.000000 -0.953863 0.300243
v 0.001000 6.704741 -7.695363
vn -0.000000 -0.813144 0.582063
v -2.023772 7.573856 -2.353346
vn -0.203702 -0.976601 -0.068967
v -1.030839 7.377575 -2.506672
vn -0.135471 -0.988320 -0.069795
v -1.030839 7.484328 -4.018322
vn -0.136076 -0.990349 -0.026319
v -2.023772 7.689640 -3.852582
vn -0.213941 -0.973946 -0.075216
v -2.023772 7.573856 -2.353346
vn -0.213941 -0.973946 -0.075216
v 0.001000 7.312149 -2.557781
vn -0.000000 -0.997591 -0.069363
v 0.001000 7.415890 -4.073569
vn -0.000000 -0.999694 -0.024751
v -2.023948 7.665098 -5.238941
vn -0.199678 -0.979708 0.017369
v -2.023772 7.689640 -3.852582
vn -0.199678 -0.979708 0.017369
v -2.023948 7.665098 -5.238941
vn -0.200574 -0.979511 0.018127
v 2.025770 7.573855 -2.353346
vn 0.208825 -0.975292 -0.072093
v 2.025770 7.689640 -3.852582
vn 0.207038 -0.977904 -0.028956
v 1.032838 7.484327 -4.018322
vn 0.136076 -0.990349 -0.026319
v 1.032838 7.377575 -2.506672
vn 0.135471 -0.988320 -0.069795
v 2.025947 7.665097 -5.238941
vn 0.184419 -0.977960 0.097901
v 1.032622 7.458572 -5.407678
vn 0.124170 -0.987478 0.097312
v 2.027534 6.942492 -7.476569
vn 0.045023 -0.805000 0.591565
v 1.030680 6.764179 -7.640665
vn 0.032276 -0.810847 0.584367
v 1.031975 7.238968 -6.630029
vn 0.089131 -0.948375 0.304369
v 2.026476 7.437094 -6.463308
vn 0.135180 -0.940606 0.311427
v 2.027534 6.942492 -7.476569
vn 0.186340 -0.882837 0.431133
v 2.026476 7.437094 -6.463308
vn 0.186340 -0.882837 0.431133
v 2.948030 7.767302 -6.185441
vn 0.205153 -0.922467 0.327058
v 2.958735 7.239680 -7.203076
vn 0.020343 -0.782825 0.621909
v 2.027534 6.942492 -7.476569
vn 0.145997 -0.877628 0.456567
v 2.025947 7.665097 -5.238941
vn 0.294848 -0.937259 0.186035
v 2.942677 8.009308 -4.957713
vn 0.316124 -0.943265 0.101567
v 2.026476 7.437094 -6.463308
vn 0.284721 -0.942387 0.175616
v 2.025947 7.665097 -5.238941
vn 0.284721 -0.942387 0.175616
v 3.757389 8.310840 -4.638094
vn 0.179703 -0.977174 0.113308
v 3.753697 8.051876 -5.847812
vn 0.041112 -0.935362 0.351294
v 3.766236 7.498885 -6.842172
vn -0.181215 -0.758620 0.625825
v 2.025770 7.573855 -2.353346
vn 0.355789 -0.930929 -0.082378
v 2.940893 7.900990 -2.097804
vn 0.360838 -0.926432 -0.107333
v 2.940893 8.031827 -3.576348
vn 0.353753 -0.934745 -0.033331
v 2.025770 7.689640 -3.852582
vn 0.368229 -0.926975 -0.071589
v 2.025770 7.573855 -2.353346
vn 0.368229 -0.926975 -0.071589
v 3.758619 8.186531 -1.815715
vn 0.251699 -0.959542 -0.126199
v 3.758620 8.332353 -3.270355
vn 0.244857 -0.968707 -0.040637
v 2.025947 7.665097 -5.238941
vn 0.345778 -0.938168 0.016652
v 2.025770 7.689640 -3.852582
vn 0.345778 -0.938168 0.016652
v 2.025947 7.665097 -5.238941
vn 0.347237 -0.937645 0.015734
v 5.023548 7.943044 -1.474586
vn -0.723571 -0.683577 -0.095744
v 5.023549 8.094268 -2.892022
vn -0.734982 -0.677713 -0.022506
v 4.459366 8.412678 -3.015335
vn -0.190041 -0.980889 -0.041727
v 4.459366 8.258032 -1.582752
vn -0.167414 -0.975818 -0.140538
v 4.991894 8.075762 -4.208147
vn -0.743631 -0.658189 0.117476
v 4.444660 8.389331 -4.354185
vn -0.239297 -0.962391 0.128609
v 4.766322 7.443210 -6.041575
vn -0.707376 -0.545120 0.449959
v 4.391992 7.563252 -6.415839
vn -0.511981 -0.657438 0.552857
v 4.400541 8.113097 -5.501806
vn -0.356092 -0.863459 0.357263
v 4.896929 7.818614 -5.311049
vn -0.732943 -0.601781 0.317260
v -5.021549 7.765221 -0.067749
vn 0.676194 -0.720756 -0.152553
v -4.457367 8.029975 -0.153933
vn 0.120974 -0.971099 -0.205747
v -4.986548 7.427128 1.298891
vn 0.627837 -0.734574 -0.257337
v -4.430299 7.661471 1.234887
vn 0.093744 -0.944244 -0.315620
v -3.739223 7.591438 1.093176
vn -0.242606 -0.928627 -0.280705
v -3.756620 7.950918 -0.345296
vn -0.259623 -0.946191 -0.193181
v -4.671539 6.232697 3.793190
vn 0.474813 -0.664211 -0.577388
v -4.186687 6.433891 3.747595
vn 0.087345 -0.800746 -0.592602
v -4.349095 7.138925 2.547475
vn 0.089209 -0.893750 -0.439605
v -4.881545 6.928683 2.595737
vn 0.558791 -0.718261 -0.414552
v -3.582652 6.414301 3.683362
vn -0.178181 -0.822687 -0.539849
v -3.687033 7.087375 2.451971
vn -0.216589 -0.893224 -0.394004
v -1.975996 5.881172 3.703249
vn -0.232409 -0.843302 -0.484590
v -2.004661 6.580306 2.295744
vn -0.233040 -0.902405 -0.362433
v -2.898940 6.852465 2.364851
vn -0.302512 -0.879766 -0.366740
v -2.839008 6.173728 3.680305
vn -0.265225 -0.818005 -0.510415
v -2.018994 7.064954 0.778613
vn -0.253808 -0.936140 -0.243360
v -2.928905 7.344476 0.927127
vn -0.325346 -0.911134 -0.252953
v -2.938894 7.682929 -0.578535
vn -0.346154 -0.922895 -0.168647
v -2.023772 7.380882 -0.790349
vn -0.269613 -0.950624 -0.153700
v -1.030839 7.199654 -0.917438
vn -0.130018 -0.980273 -0.148862
v -1.030839 7.377575 -2.506672
vn -0.208916 -0.971862 -0.108804
v -1.029140 6.897240 0.689504
vn -0.121726 -0.963730 -0.237502
v 0.001381 6.840775 0.659433
vn -0.001906 -0.971074 -0.238772
v 0.001000 7.139245 -0.959801
vn 0.000000 -0.989502 -0.144521
v 0.001000 7.312149 -2.557781
vn -0.068365 -0.991466 -0.110999
v -1.030839 7.377575 -2.506672
vn -0.068365 -0.991466 -0.110999
v 0.001000 7.312149 -2.557781
vn -0.062500 -0.992253 -0.107363
v -1.013854 5.705639 3.717015
vn -0.106188 -0.894497 -0.434280
v -1.024045 6.417010 2.254281
vn -0.113761 -0.923907 -0.365313
v 0.004817 5.641521 3.717915
vn -0.009352 -0.898260 -0.439366
v 0.002527 6.360336 2.238984
vn -0.005230 -0.930919 -0.365188
v 2.041350 5.825104 3.666354
vn 0.095096 -0.832311 -0.546091
v 2.032002 6.557878 2.280987
vn 0.149286 -0.908931 -0.389304
v 1.034670 6.408039 2.248377
vn 0.096490 -0.922092 -0.374748
v 1.037419 5.683212 3.702258
vn 0.069657 -0.892720 -0.445195
v 2.027328 7.059347 0.774924
vn 0.177407 -0.952599 -0.247147
v 1.033296 6.894998 0.688029
vn 0.118365 -0.963300 -0.240920
v 2.025770 7.573855 -2.353346
vn 0.208916 -0.971862 -0.108804
v 1.032838 7.377575 -2.506672
vn 0.208916 -0.971862 -0.108804
v 1.032838 7.199654 -0.917438
vn 0.129241 -0.980223 -0.149866
v 2.025770 7.380882 -0.790349
vn 0.196916 -0.967458 -0.158899
v 2.025770 7.573855 -2.353346
vn 0.193120 -0.973781 -0.120227
v 0.001000 7.312149 -2.557781
vn 0.062500 -0.992253 -0.107363
v 1.032838 7.377575 -2.506672
vn 0.068365 -0.991466 -0.110999
v 0.001000 7.312149 -2.557781
vn 0.068365 -0.991466 -0.110999
v 2.025770 7.573855 -2.353346
vn 0.335328 -0.935002 -0.115439
v 2.025770 7.380882 -0.790349
vn 0.335328 -0.935002 -0.115439
v 2.940893 7.682929 -0.578535
vn 0.341669 -0.923467 -0.174559
v 2.025770 7.573855 -2.353346
vn 0.366190 -0.921101 -0.132206
v 2.027328 7.059347 0.774924
vn 0.310710 -0.925479 -0.216673
v 2.944205 7.333262 0.919748
vn 0.314351 -0.908638 -0.274884
v 2.025770 7.380882 -0.790349
vn 0.346961 -0.918629 -0.189048
v 2.027328 7.059347 0.774924
vn 0.346961 -0.918629 -0.189048
v 3.758719 7.569016 1.070369
vn 0.212340 -0.925569 -0.313423
v 3.758620 7.943497 -0.345296
vn 0.243140 -0.948459 -0.203245
v 2.041350 5.825104 3.666354
vn 0.182626 -0.846695 -0.499755
v 2.974011 6.061592 3.606515
vn 0.143207 -0.789137 -0.597289
v 2.954140 6.807611 2.335335
vn 0.250898 -0.872367 -0.419555
v 2.032002 6.557878 2.280987
vn 0.257811 -0.853359 -0.453114
v 2.041350 5.825104 3.666354
vn 0.257811 -0.853359 -0.453114
v 3.779399 6.289614 3.473398
vn -0.015030 -0.759779 -0.650008
v 3.759017 7.028858 2.360744
vn 0.149353 -0.871196 -0.467665
v 2.027328 7.059347 0.774924
vn 0.265645 -0.914451 -0.305306
v 2.032002 6.557878 2.280987
vn 0.265645 -0.914451 -0.305306
v 2.027328 7.059347 0.774924
vn 0.317773 -0.888134 -0.332022
v 4.773338 6.381175 2.918279
vn -0.602589 -0.576248 -0.552109
v 4.900179 6.854737 2.258142
vn -0.637631 -0.624813 -0.450595
v 4.404565 7.093242 2.306533
vn -0.204522 -0.840667 -0.501447
v 4.401510 6.406111 3.217658
vn -0.338161 -0.681968 -0.648511
v 4.992706 7.330714 1.214493
vn -0.685562 -0.672851 -0.277986
v 4.445666 7.618880 1.174652
vn -0.157058 -0.924051 -0.348515
v 4.459366 8.000288 -0.153933
vn -0.163403 -0.961593 -0.220541
v 5.023549 7.691004 -0.067749
vn -0.709509 -0.684923 -0.165765
v -5.295627 -6.386158 -5.508163
vn 0.656555 0.654019 0.375758
v -4.824140 -6.690506 -5.752712
vn 0.547397 0.704813 0.451214
v -4.764956 -7.075494 -4.968678
vn 0.538611 0.806312 0.244457
v -5.406464 -6.555019 -4.932501
vn 0.689016 0.684231 0.238923
v -4.083146 -6.997126 -5.971985
vn 0.362903 0.760244 0.538824
v -4.001584 -7.449896 -5.066123
vn 0.370346 0.889048 0.269142
v -3.995436 -7.628202 -3.945492
vn 0.369953 0.927089 0.060338
v -4.807643 -7.218602 -3.950773
vn 0.539109 0.839288 0.070405
v -5.513614 -6.648632 -4.001013
vn 0.702616 0.705422 0.093336
v -2.152356 -7.383152 -6.144427
vn 0.125610 0.795670 0.592563
v -2.110507 -7.890054 -5.138346
vn 0.135845 0.942208 0.306252
v -3.102655 -7.714856 -5.116268
vn 0.228945 0.928048 0.293789
v -3.171790 -7.225474 -6.089231
vn 0.211587 0.785428 0.581664
v -2.100510 -8.090621 -3.953667
vn 0.140230 0.988532 0.056038
v -3.085540 -7.909574 -3.948148
vn 0.238377 0.969504 0.056902
v -2.191888 -7.699159 -1.235666
vn 0.112107 0.955307 -0.273532
v -3.231087 -7.541382 -1.235666
vn 0.196357 0.949136 -0.246138
v -3.126374 -7.841219 -2.637177
vn 0.223315 0.967900 -0.115328
v -2.126319 -8.016456 -2.637177
vn 0.134960 0.981826 -0.133428
v -4.196319 -7.294364 -1.262350
vn 0.316945 0.928342 -0.194236
v -4.055828 -7.566630 -2.655489
vn 0.361055 0.928587 -0.085824
v -5.792202 -6.428079 -1.502506
vn 0.664068 0.747328 -0.022710
v -5.624060 -6.602372 -2.820295
vn 0.697905 0.716013 0.015921
v -4.894962 -7.163434 -2.710424
vn 0.520698 0.852743 -0.041256
v -5.059414 -6.931973 -1.342402
vn 0.488698 0.864870 -0.114776
v -1.087127 -7.477759 -6.177544
vn 0.059412 0.800992 0.595719
v -1.067474 -7.995173 -5.151594
vn 0.065850 0.948067 0.311180
v 0.001000 -7.509294 -6.188584
vn -0.000000 0.802331 0.596880
v 0.001000 -8.030211 -5.156009
vn -0.000000 0.949718 0.313107
v 0.001000 -8.235458 -3.958083
vn -0.000000 0.998478 0.055150
v -1.062900 -8.199250 -3.956979
vn 0.069123 0.996077 0.055252
v 2.154356 -7.383152 -6.144427
vn -0.125609 0.795670 0.592563
v 2.112506 -7.890054 -5.138346
vn -0.135845 0.942208 0.306252
v 1.069474 -7.995172 -5.151594
vn -0.065850 0.948067 0.311180
v 1.089127 -7.477759 -6.177544
vn -0.059412 0.800992 0.595719
v 2.102509 -8.090621 -3.953667
vn -0.140230 0.988532 0.056038
v 1.064900 -8.199249 -3.956979
vn -0.069123 0.996077 0.055252
v 2.193887 -7.699159 -1.235666
vn -0.112107 0.955307 -0.273532
v 1.108892 -7.793825 -1.235666
vn -0.055251 0.955438 -0.289974
v 1.077380 -8.121598 -2.637177
vn -0.064121 0.987868 -0.141440
v 2.128319 -8.016456 -2.637177
vn -0.134960 0.981826 -0.133428
v 0.001000 -7.825380 -1.235666
vn 0.000000 0.956132 -0.292936
v 0.001000 -8.156646 -2.637177
vn 0.000000 0.989383 -0.145334
v -1.075381 -8.121598 -2.637177
vn 0.064121 0.987868 -0.141440
v -1.106893 -7.793825 -1.235666
vn 0.055251 0.955438 -0.289974
v 3.173789 -7.225474 -6.089231
vn -0.211587 0.785428 0.581664
v 3.104654 -7.714856 -5.116269
vn -0.228944 0.928048 0.293789
v 4.085144 -6.997125 -5.971985
vn -0.362903 0.760244 0.538824
v 4.003583 -7.449897 -5.066124
vn -0.370346 0.889048 0.269143
v 3.997435 -7.628203 -3.945492
vn -0.369953 0.927089 0.060337
v 3.087539 -7.909574 -3.948147
vn -0.238377 0.969504 0.056902
v 5.297626 -6.386158 -5.508163
vn -0.656555 0.654019 0.375758
v 5.408463 -6.555020 -4.932501
vn -0.689016 0.684231 0.238924
v 4.766955 -7.075495 -4.968678
vn -0.538611 0.806312 0.244457
v 4.826138 -6.690506 -5.752712
vn -0.547397 0.704813 0.451215
v 5.515613 -6.648632 -4.001014
vn -0.702616 0.705422 0.093336
v 4.809642 -7.218603 -3.950773
vn -0.539109 0.839288 0.070404
v 5.794200 -6.428079 -1.502506
vn -0.664068 0.747328 -0.022710
v 5.061413 -6.931973 -1.342402
vn -0.488698 0.864870 -0.114775
v 4.896961 -7.163434 -2.710424
vn -0.520699 0.852743 -0.041256
v 5.626059 -6.602372 -2.820295
vn -0.697905 0.716013 0.015921
v 4.198318 -7.294364 -1.262350
vn -0.316945 0.928342 -0.194236
v 4.057827 -7.566630 -2.655489
vn -0.361055 0.928587 -0.085824
v 3.128373 -7.841219 -2.637177
vn -0.223315 0.967900 -0.115327
v 3.233086 -7.541382 -1.235666
vn -0.196357 0.949136 -0.246138
v -5.333502 -6.546206 0.058524
vn 0.428983 0.881255 -0.198401
v -6.072437 -6.137590 -0.159805
vn 0.622924 0.778202 -0.079795
v -4.430473 -6.840587 0.167689
vn 0.261451 0.921753 -0.286382
v -4.684615 -6.273010 1.577445
vn 0.227903 0.906204 -0.356165
v -5.638448 -6.021259 1.446011
vn 0.386825 0.872823 -0.297566
v -6.390829 -5.675509 1.151118
vn 0.644249 0.741149 -0.188789
v -2.301168 -7.170331 0.204077
vn 0.085074 0.924387 -0.371848
v -3.405608 -7.041655 0.204077
vn 0.152046 0.928595 -0.338516
v -2.421199 -6.523009 1.632460
vn 0.059589 0.905354 -0.420457
v -3.594503 -6.430742 1.626235
vn 0.111507 0.911412 -0.396099
v -2.561670 -5.245040 4.256774
vn 0.026976 0.914405 -0.403900
v -3.793683 -5.230180 4.194525
vn 0.080505 0.914416 -0.396689
v -3.742340 -5.797348 2.974991
vn 0.093173 0.903783 -0.417726
v -2.519020 -5.850233 2.999890
vn 0.037862 0.899284 -0.435723
v -4.928174 -5.104946 4.110416
vn 0.237199 0.882727 -0.405623
v -4.885071 -5.659345 2.909732
vn 0.216865 0.894002 -0.392085
v -6.775988 -3.992645 3.689426
vn 0.861688 0.305796 -0.404947
v -6.673438 -4.986438 2.373574
vn 0.721253 0.625881 -0.296759
v -5.895474 -5.372258 2.773715
vn 0.447901 0.812605 -0.372906
v -5.905818 -4.764910 4.007482
vn 0.522989 0.742556 -0.418442
v -1.159413 -7.247536 0.204077
vn 0.041412 0.921760 -0.385543
v 0.001000 -7.273271 0.204077
vn 0.000000 0.919668 -0.392696
v 0.000691 -6.596824 1.637440
vn 0.000000 0.898695 -0.438575
v -1.217784 -6.578370 1.636195
vn 0.028396 0.899450 -0.436100
v 2.303167 -7.170331 0.204077
vn -0.085074 0.924382 -0.371862
v 1.161412 -7.247536 0.204077
vn -0.041411 0.921758 -0.385549
v 2.422634 -6.523009 1.632460
vn -0.059586 0.905338 -0.420492
v 1.219180 -6.578370 1.636195
vn -0.028395 0.899440 -0.436120
v 2.558030 -5.245040 4.256774
vn -0.026968 0.914369 -0.403982
v 1.287425 -5.253956 4.294123
vn -0.012253 0.912061 -0.409870
v 1.266438 -5.881964 3.014830
vn -0.019555 0.895908 -0.443810
v 2.518763 -5.850233 2.999890
vn -0.037856 0.899255 -0.435783
v -0.002082 -5.256929 4.306572
vn 0.000000 0.911776 -0.410687
v -0.000233 -5.892540 3.019809
vn 0.000000 0.893821 -0.448425
v -1.266852 -5.881964 3.014830
vn 0.019557 0.895922 -0.443780
v -1.291458 -5.253956 4.294123
vn 0.012256 0.912080 -0.409829
v 3.407607 -7.041655 0.204077
vn -0.151901 0.928640 -0.338459
v 4.432472 -6.840587 0.167689
vn -0.261451 0.921869 -0.286008
v 4.686181 -6.274435 1.577445
vn -0.224320 0.907671 -0.354703
v 3.596004 -6.430741 1.626236
vn -0.110914 0.911417 -0.396254
v 6.074436 -6.137590 -0.159805
vn -0.622350 0.778911 -0.077327
v 5.335501 -6.546206 0.058524
vn -0.427860 0.882077 -0.197168
v 6.392498 -5.685543 1.151118
vn -0.638533 0.747609 -0.182635
v 5.640052 -6.026958 1.446011
vn -0.382473 0.876310 -0.292908
v 6.774119 -4.105121 3.689426
vn -0.855268 0.322692 -0.405447
v 5.903457 -4.805046 4.007482
vn -0.496517 0.761891 -0.415924
v 5.895895 -5.395056 2.773715
vn -0.432330 0.823477 -0.367391
v 6.674119 -5.026574 2.373573
vn -0.710279 0.642974 -0.286511
v 4.925739 -5.114980 4.110416
vn -0.221628 0.887948 -0.403024
v 4.885337 -5.665044 2.909732
vn -0.207683 0.896491 -0.391371
v 3.742345 -5.797348 2.974991
vn -0.090907 0.904147 -0.417437
v 3.790699 -5.230180 4.194525
vn -0.076494 0.914647 -0.396950
v -5.470722 -4.364923 5.113159
vn 0.530758 0.645248 -0.549501
v -5.893872 -3.624677 5.146693
vn 0.748873 0.221647 -0.624549
v -4.710254 -4.715171 5.125359
vn 0.256419 0.855062 -0.450686
v -4.351121 -4.442917 5.748167
vn 0.252041 0.813965 -0.523390
v -4.689172 -4.131036 6.000807
vn 0.436108 0.591850 -0.677881
v -4.895298 -3.455500 6.180471
vn 0.603463 0.236693 -0.761451
v -2.516187 -4.800469 5.353518
vn 0.021239 0.922563 -0.385260
v -3.693099 -4.817943 5.229022
vn 0.088149 0.911717 -0.401250
v -2.463311 -4.414005 6.257286
vn 0.057491 0.879812 -0.471832
v -3.596591 -4.451568 6.037878
vn 0.138616 0.846589 -0.513880
v -2.510318 -3.393599 7.404328
vn 0.268034 0.445924 -0.853997
v -3.743783 -3.396659 6.915847
vn 0.425285 0.320094 -0.846565
v -3.660158 -4.021989 6.580488
vn 0.274605 0.652894 -0.705919
v -2.483778 -3.983133 6.935236
vn 0.137057 0.739884 -0.658625
v -1.276448 -4.789986 5.428216
vn 0.012097 0.924196 -0.381726
v -0.005164 -4.786491 5.453116
vn 0.000000 0.925121 -0.379674
v -0.008842 -4.384326 6.432812
vn 0.000815 0.900638 -0.434570
v -1.254959 -4.391468 6.388930
vn 0.020734 0.897982 -0.439544
v 2.506908 -4.800469 5.353518
vn -0.021089 0.923191 -0.383763
v 1.266383 -4.789985 5.428216
vn -0.011694 0.924469 -0.381077
v 2.447462 -4.417716 6.257286
vn -0.052714 0.883885 -0.464725
v 1.237734 -4.392951 6.388930
vn -0.019163 0.899214 -0.437090
v 2.483310 -3.430707 7.404328
vn -0.256131 0.459513 -0.850438
v 1.235899 -3.406606 7.697417
vn -0.121228 0.547960 -0.827673
v 1.235903 -3.965757 7.148084
vn -0.061210 0.786086 -0.615079
v 2.461754 -3.997976 6.935236
vn -0.126760 0.750143 -0.649013
v -0.015497 -3.394861 7.795113
vn 0.003400 0.561202 -0.827672
v -0.012481 -3.953533 7.219034
vn 0.001916 0.804701 -0.593678
v -1.260130 -3.959820 7.148084
vn 0.067320 0.781881 -0.619782
v -1.265896 -3.391763 7.697417
vn 0.129964 0.541866 -0.830356
v 3.685132 -4.817942 5.229022
vn -0.081739 0.914067 -0.397241
v 4.703177 -4.726808 5.125359
vn -0.235928 0.865085 -0.442681
v 4.339738 -4.461942 5.748168
vn -0.231409 0.828450 -0.510019
v 3.583037 -4.458990 6.037878
vn -0.126705 0.855998 -0.501211
v 5.885216 -3.753873 5.146693
vn -0.740213 0.242824 -0.626993
v 5.463170 -4.411471 5.113159
vn -0.505174 0.670657 -0.543156
v 4.879605 -3.565727 6.180471
vn -0.593086 0.256643 -0.763140
v 4.675722 -4.173844 6.000807
vn -0.414646 0.618312 -0.667652
v 3.641805 -4.051676 6.580488
vn -0.257651 0.672493 -0.693807
v 3.721758 -3.470876 6.915847
vn -0.411737 0.340841 -0.845163
v -4.481994 6.719075 -7.053922
vn 0.601631 -0.445115 0.663259
v -4.967245 6.832416 -6.365379
vn 0.792811 -0.399362 0.460391
v -3.811697 6.595292 -7.563837
vn 0.364052 -0.491319 0.791247
v -3.887851 5.419495 -8.048140
vn 0.451100 -0.294247 0.842572
v -4.626752 5.589128 -7.473571
vn 0.660706 -0.271022 0.700011
v -5.182637 5.733037 -6.705936
vn 0.845070 -0.250045 0.472582
v -2.027297 6.118156 -8.229607
vn 0.096489 -0.559168 0.823420
v -2.974577 6.360308 -7.954163
vn 0.168098 -0.533263 0.829080
v -2.037131 5.045951 -8.747629
vn 0.205230 -0.327647 0.922241
v -3.007564 5.222062 -8.465425
vn 0.281012 -0.315022 0.906528
v -2.110470 2.485396 -9.179441
vn 0.241557 -0.024072 0.970088
v -3.151007 2.540431 -8.875368
vn 0.346471 -0.048594 0.936801
v -3.063704 3.917812 -8.763585
vn 0.328045 -0.162649 0.930555
v -2.062400 3.807743 -9.055839
vn 0.258916 -0.169476 0.950915
v -4.118532 2.606472 -8.431969
vn 0.496305 -0.068518 0.865440
v -3.986470 4.049895 -8.330413
vn 0.492753 -0.158399 0.855631
v -5.591128 2.727549 -7.056411
vn 0.848461 -0.141627 0.509956
v -5.379493 4.292048 -6.945230
vn 0.856763 -0.174010 0.485466
v -4.776474 4.181979 -7.732301
vn 0.678765 -0.166627 0.715201
v -4.952190 2.672514 -7.831549
vn 0.675790 -0.100790 0.730171
v -1.026523 5.972865 -8.394874
vn 0.034238 -0.574033 0.818116
v -2.027297 6.118156 -8.229607
vn 0.023993 -0.674290 0.738076
v 0.001000 5.924434 -8.449963
vn -0.000000 -0.582285 0.812984
v 0.001000 4.905062 -8.973392
vn -0.000000 -0.356976 0.934113
v -1.027792 4.940285 -8.916951
vn 0.079026 -0.353727 0.932004
v -2.037131 5.045951 -8.747629
vn 0.085085 -0.434081 0.896847
v -2.027297 6.118156 -8.229607
vn 0.085085 -0.434081 0.896847
v -2.037131 5.045951 -8.747629
vn 0.101919 -0.448961 0.887720
v 2.029296 6.118156 -8.229608
vn -0.055138 -0.560287 0.826461
v 1.028522 5.972864 -8.394874
vn -0.034238 -0.574033 0.818116
v 2.039129 5.045950 -8.747629
vn -0.118101 -0.346205 0.930696
v 1.029791 4.940284 -8.916951
vn -0.079027 -0.353728 0.932004
v 2.112469 2.485396 -9.179441
vn -0.164186 -0.099896 0.981358
v 1.059774 2.452376 -9.361886
vn -0.111553 -0.102019 0.988508
v 1.038778 3.741701 -9.231191
vn -0.102195 -0.176990 0.978893
v 2.064399 3.807743 -9.055839
vn -0.155414 -0.170151 0.973085
v 0.001000 2.441368 -9.422702
vn 0.000000 -0.102643 0.994718
v 0.001000 3.719687 -9.289641
vn 0.000000 -0.181222 0.983442
v -2.110470 2.485396 -9.179441
vn 0.161607 -0.097666 0.982010
v -2.062400 3.807743 -9.055839
vn 0.161607 -0.097666 0.982010
v -1.036779 3.741701 -9.231191
vn 0.102195 -0.176990 0.978893
v -1.057775 2.452375 -9.361886
vn 0.111553 -0.102019 0.988508
v -2.110470 2.485396 -9.179441
vn 0.166762 -0.102126 0.980694
v -2.037131 5.045951 -8.747629
vn 0.134351 -0.252248 0.958291
v -2.062400 3.807743 -9.055839
vn 0.148385 -0.241722 0.958933
v -2.037131 5.045951 -8.747629
vn 0.148385 -0.241722 0.958933
v 2.027534 6.942492 -7.476569
vn -0.015944 -0.649569 0.760135
v 2.976576 6.360309 -7.954164
vn -0.168098 -0.533263 0.829080
v 2.029296 6.118156 -8.229608
vn -0.042208 -0.673905 0.737611
v 2.027534 6.942492 -7.476569
vn -0.042208 -0.673905 0.737611
v 3.813696 6.595292 -7.563837
vn -0.364052 -0.491319 0.791247
v 3.889850 5.419495 -8.048140
vn -0.451099 -0.294247 0.842572
v 3.009563 5.222062 -8.465425
vn -0.281012 -0.315022 0.906528
v 2.039129 5.045950 -8.747629
vn -0.148505 -0.431305 0.889900
v 2.029296 6.118156 -8.229608
vn -0.148505 -0.431305 0.889900
v 2.039129 5.045950 -8.747629
vn -0.186174 -0.407052 0.894230
v 4.969244 6.832416 -6.365379
vn -0.792811 -0.399362 0.460392
v 4.483993 6.719075 -7.053922
vn -0.601631 -0.445114 0.663259
v 5.184637 5.733037 -6.705935
vn -0.845070 -0.250045 0.472582
v 4.628751 5.589129 -7.473571
vn -0.660706 -0.271022 0.700011
v 5.593127 2.727550 -7.056410
vn -0.848461 -0.141627 0.509956
v 4.954190 2.672515 -7.831549
vn -0.675791 -0.100790 0.730170
v 4.778473 4.181979 -7.732300
vn -0.678765 -0.166627 0.715201
v 5.381492 4.292049 -6.945229
vn -0.856763 -0.174010 0.485466
v 4.120531 2.606473 -8.431970
vn -0.496305 -0.068518 0.865440
v 3.988469 4.049896 -8.330413
vn -0.492753 -0.158399 0.855631
v 2.112469 2.485396 -9.179441
vn -0.268720 -0.099323 0.958084
v 2.064399 3.807743 -9.055839
vn -0.268720 -0.099323 0.958084
v 3.065703 3.917812 -8.763585
vn -0.328044 -0.162649 0.930555
v 3.153006 2.540431 -8.875368
vn -0.346471 -0.048594 0.936801
v 2.112469 2.485396 -9.179441
vn -0.274590 -0.095059 0.956851
v 2.039129 5.045950 -8.747629
vn -0.233918 -0.226233 0.945569
v 2.064399 3.807743 -9.055839
vn -0.247800 -0.238771 0.938927
v 2.039129 5.045950 -8.747629
vn -0.247800 -0.238771 0.938927
v -5.174932 1.235624 -7.772756
vn 0.658893 -0.043024 0.751005
v -5.850857 1.257638 -7.012626
vn 0.835869 -0.112221 0.537335
v -4.295015 1.209208 -8.374124
vn 0.487821 0.011374 0.872870
v -4.473277 -0.148497 -8.199366
vn 0.469448 0.082428 0.879104
v -5.393755 -0.138389 -7.603432
vn 0.637688 0.024770 0.769896
v -6.101420 -0.129965 -6.862523
vn 0.822361 -0.055367 0.566266
v -2.188707 1.160777 -9.143643
vn 0.225727 0.059727 0.972358
v -3.277481 1.182791 -8.827497
vn 0.343123 0.042108 0.938346
v -2.274876 -0.167029 -8.977811
vn 0.218108 0.142857 0.965412
v -3.410233 -0.158605 -8.655700
vn 0.332885 0.121458 0.935113
v -2.382072 -2.835855 -8.373522
vn 0.188643 0.251020 0.949422
v -3.563007 -2.806655 -8.083249
vn 0.293999 0.226195 0.928655
v -3.516373 -1.487255 -8.395707
vn 0.314736 0.181980 0.931571
v -2.346742 -1.498935 -8.711314
vn 0.207246 0.207911 0.955940
v -4.664568 -2.771616 -7.669083
vn 0.422703 0.192859 0.885510
v -4.610675 -1.473239 -7.950189
vn 0.447748 0.145860 0.882183
v -6.345996 -2.707376 -6.437932
vn 0.794860 0.117316 0.595344
v -6.285553 -1.447543 -6.654742
vn 0.806713 0.021639 0.590547
v -5.557714 -1.459223 -7.371090
vn 0.615040 0.092357 0.783069
v -5.615862 -2.736576 -7.123239
vn 0.591769 0.155300 0.791007
v -1.057775 2.452375 -9.361886
vn 0.171250 0.016663 0.985087
v -1.095069 1.147569 -9.333331
vn 0.114008 0.067808 0.991163
v 0.001000 2.441368 -9.422702
vn 0.057661 0.020099 0.998134
v 0.001000 1.143166 -9.396561
vn -0.000000 0.070855 0.997487
v -1.057775 2.452375 -9.361886
vn 0.057543 0.020199 0.998139
v 0.001000 2.441368 -9.422702
vn 0.057543 0.020199 0.998139
v 0.001000 -0.173768 -9.235500
vn -0.000000 0.159718 0.987163
v -1.137454 -0.172083 -9.171079
vn 0.111277 0.156269 0.981426
v 2.112469 2.485396 -9.179441
vn -0.171065 0.016519 0.985121
v 2.190706 1.160777 -9.143643
vn -0.171295 0.063910 0.983145
v 1.097069 1.147569 -9.333331
vn -0.114008 0.067808 0.991163
v 1.059774 2.452376 -9.361886
vn -0.171250 0.016663 0.985087
v 2.112469 2.485396 -9.179441
vn -0.171250 0.016663 0.985087
v 2.276875 -0.167029 -8.977811
vn -0.165363 0.150957 0.974611
v 1.139453 -0.172083 -9.171079
vn -0.111277 0.156269 0.981426
v 0.001000 2.441368 -9.422702
vn -0.057543 0.020199 0.998139
v 1.059774 2.452376 -9.361886
vn -0.057543 0.020199 0.998139
v 0.001000 2.441368 -9.422702
vn -0.057661 0.020099 0.998134
v 2.384071 -2.835854 -8.373521
vn -0.150048 0.243494 0.958226
v 1.194656 -2.853374 -8.547685
vn -0.096186 0.250983 0.963201
v 1.175719 -1.505943 -8.900679
vn -0.104221 0.221475 0.969581
v 2.348742 -1.498935 -8.711314
vn -0.156984 0.211894 0.964602
v 0.001000 -2.859214 -8.605741
vn -0.000001 0.254494 0.967074
v 0.001000 -1.508279 -8.963801
vn -0.000000 0.227948 0.973673
v -1.173719 -1.505943 -8.900680
vn 0.104221 0.221475 0.969581
v -1.192656 -2.853374 -8.547687
vn 0.096186 0.250982 0.963201
v 2.112469 2.485396 -9.179441
vn -0.280862 0.007676 0.959718
v 3.279480 1.182791 -8.827497
vn -0.343123 0.042108 0.938346
v 2.190706 1.160777 -9.143643
vn -0.279016 0.009471 0.960240
v 2.112469 2.485396 -9.179441
vn -0.279016 0.009471 0.960240
v 4.297014 1.209208 -8.374124
vn -0.487821 0.011374 0.872870
v 4.475276 -0.148497 -8.199366
vn -0.469448 0.082428 0.879104
v 3.412232 -0.158605 -8.655700
vn -0.332885 0.121458 0.935113
v 2.276875 -0.167029 -8.977811
vn -0.279307 0.101129 0.954861
v 2.190706 1.160777 -9.143643
vn -0.279307 0.101129 0.954861
v 2.276875 -0.167029 -8.977811
vn -0.272342 0.095669 0.957433
v 5.852857 1.257639 -7.012626
vn -0.835869 -0.112221 0.537335
v 5.176932 1.235625 -7.772756
vn -0.658894 -0.043024 0.751005
v 6.103419 -0.129965 -6.862522
vn -0.822361 -0.055366 0.566266
v 5.395754 -0.138388 -7.603432
vn -0.637688 0.024770 0.769896
v 6.347996 -2.707376 -6.437932
vn -0.794860 0.117316 0.595344
v 5.617861 -2.736575 -7.123239
vn -0.591768 0.155300 0.791007
v 5.559713 -1.459223 -7.371089
vn -0.615040 0.092357 0.783069
v 6.287551 -1.447543 -6.654742
vn -0.806713 0.021638 0.590548
v 4.666568 -2.771615 -7.669083
vn -0.422703 0.192859 0.885510
v 4.612674 -1.473239 -7.950189
vn -0.447748 0.145860 0.882183
v 2.384071 -2.835854 -8.373521
vn -0.255649 0.230471 0.938897
v 2.348742 -1.498935 -8.711314
vn -0.255649 0.230471 0.938897
v 3.518372 -1.487255 -8.395707
vn -0.314736 0.181980 0.931571
v 3.565006 -2.806654 -8.083249
vn -0.293999 0.226195 0.928655
v 2.384071 -2.835854 -8.373521
vn -0.238097 0.215841 0.946955
v 2.276875 -0.167029 -8.977811
vn -0.270366 0.164041 0.948680
v 2.348742 -1.498935 -8.711314
vn -0.258083 0.176143 0.949930
v 2.276875 -0.167029 -8.977811
vn -0.258083 0.176143 0.949930
v -5.517256 -3.980144 -6.907390
vn 0.573873 0.236315 0.784107
v -6.225488 -3.921744 -6.260735
vn 0.779896 0.226102 0.583644
v -4.592313 -4.050223 -7.398541
vn 0.395008 0.252504 0.883295
v -4.438819 -5.230854 -7.070694
vn 0.369281 0.371589 0.851794
v -5.310057 -5.103455 -6.653482
vn 0.553354 0.361654 0.750337
v -5.968962 -5.002170 -6.064288
vn 0.757864 0.375002 0.533868
v -2.358631 -4.178702 -7.993803
vn 0.166240 0.310443 0.935943
v -3.517244 -4.120303 -7.754056
vn 0.262509 0.281812 0.922860
v -2.298086 -5.441511 -7.526289
vn 0.140675 0.415134 0.898818
v -3.413706 -5.348072 -7.350442
vn 0.229778 0.391880 0.890860
v -3.287014 -6.409838 -6.814729
vn 0.212225 0.568545 0.794806
v -2.222105 -6.538316 -6.925120
vn 0.121314 0.585581 0.801485
v -4.248993 -6.235300 -6.617675
vn 0.353477 0.548670 0.757638
v -5.621353 -5.860172 -5.789726
vn 0.708753 0.545773 0.446991
v -5.042429 -6.020034 -6.291452
vn 0.544098 0.542946 0.639661
v -1.192656 -2.853374 -8.547687
vn 0.142939 0.286552 0.947342
v -1.183056 -4.213742 -8.137650
vn 0.082664 0.325161 0.942039
v 0.001000 -2.859214 -8.605741
vn 0.041570 0.293685 0.954998
v 0.001000 -4.225421 -8.185599
vn -0.000000 0.333668 0.942691
v -1.192656 -2.853374 -8.547687
vn 0.047920 0.288570 0.956259
v 0.001000 -2.859214 -8.605741
vn 0.047920 0.288570 0.956259
v 0.001000 -5.516263 -7.666967
vn -0.000000 0.436239 0.899831
v -1.155327 -5.497574 -7.631798
vn 0.069195 0.433434 0.898525
v 2.384071 -2.835854 -8.373521
vn -0.124862 0.271990 0.954165
v 2.360630 -4.178701 -7.993803
vn -0.166240 0.310443 0.935943
v 1.185055 -4.213741 -8.137650
vn -0.082664 0.325161 0.942039
v 1.194656 -2.853374 -8.547685
vn -0.142938 0.286551 0.947342
v 2.384071 -2.835854 -8.373521
vn -0.142938 0.286551 0.947342
v 2.300085 -5.441511 -7.526289
vn -0.140675 0.415134 0.898818
v 1.157327 -5.497574 -7.631798
vn -0.069195 0.433434 0.898525
v 0.001000 -2.859214 -8.605741
vn -0.047921 0.288569 0.956259
v 1.194656 -2.853374 -8.547685
vn -0.047921 0.288569 0.956259
v 0.001000 -2.859214 -8.605741
vn -0.041570 0.293685 0.954998
v 1.121881 -6.615404 -6.991354
vn -0.061084 0.594566 0.801723
v 2.224105 -6.538316 -6.925120
vn -0.121314 0.585581 0.801485
v 0.001000 -6.641099 -7.013433
vn 0.000000 0.599651 0.800261
v -1.119881 -6.615404 -6.991354
vn 0.061084 0.594566 0.801723
v 2.384071 -2.835854 -8.373521
vn -0.237167 0.243909 0.940351
v 3.519244 -4.120302 -7.754056
vn -0.262509 0.281811 0.922860
v 2.384071 -2.835854 -8.373521
vn -0.208143 0.269505 0.940236
v 4.594313 -4.050223 -7.398541
vn -0.395008 0.252504 0.883295
v 4.440819 -5.230854 -7.070693
vn -0.369281 0.371589 0.851794
v 3.415705 -5.348072 -7.350442
vn -0.229778 0.391880 0.890860
v 6.227487 -3.921744 -6.260735
vn -0.779896 0.226102 0.583644
v 5.519255 -3.980144 -6.907390
vn -0.573873 0.236316 0.784107
v 5.970962 -5.002170 -6.064288
vn -0.757864 0.375002 0.533868
v 5.312056 -5.103455 -6.653482
vn -0.553354 0.361654 0.750337
v 5.044428 -6.020034 -6.291452
vn -0.544098 0.542946 0.639662
v 5.623352 -5.860172 -5.789727
vn -0.708753 0.545774 0.446991
v 4.250993 -6.235300 -6.617675
vn -0.353477 0.548670 0.757638
v 3.289013 -6.409838 -6.814729
vn -0.212225 0.568545 0.794806
v 5.251230 7.036075 -5.439167
vn -0.900277 -0.352218 0.255819
v 5.386494 7.201111 -4.302139
vn -0.939422 -0.329172 0.095564
v 5.680249 5.917957 -4.525847
vn -0.974341 -0.204815 0.093327
v 5.515876 5.853296 -5.709447
vn -0.944676 -0.223557 0.240021
v 5.431582 7.069121 -1.566887
vn -0.944923 -0.324891 -0.039572
v 5.431582 7.198584 -2.981149
vn -0.946158 -0.323703 0.001116
v 5.736646 5.795086 -1.780233
vn -0.980070 -0.197876 -0.017532
v 5.735535 5.895072 -3.196876
vn -0.980483 -0.196223 0.012247
v 6.250596 2.681972 -2.252361
vn -0.983265 -0.182184 -0.000130
v 6.239477 2.742340 -3.664768
vn -0.983674 -0.178227 0.024914
v 5.987477 4.353176 -3.453363
vn -0.986808 -0.160716 0.019486
v 5.991924 4.279762 -2.035199
vn -0.986776 -0.161947 -0.006853
v 6.170024 2.767020 -4.950955
vn -0.978308 -0.176435 0.108554
v 5.924951 4.378876 -4.768958
vn -0.981183 -0.165953 0.098691
v 5.743304 4.358091 -5.945180
vn -0.952390 -0.171441 0.252112
v 5.976490 2.760571 -6.088857
vn -0.948058 -0.170428 0.268589
v 5.431581 6.853349 -0.150044
vn -0.939275 -0.333800 -0.079630
v 5.387499 6.552378 1.171786
vn -0.926260 -0.338707 -0.165288
v 5.687187 5.398973 1.069429
vn -0.971239 -0.206553 -0.118449
v 5.738499 5.628442 -0.333617
vn -0.978279 -0.202270 -0.045363
v 4.978763 5.796992 3.213206
vn -0.746316 -0.411625 -0.523047
v 5.255253 6.167318 2.301006
vn -0.878427 -0.358123 -0.316409
v 5.206433 4.791309 3.468937
vn -0.848889 -0.259754 -0.460343
v 5.528800 5.110507 2.355362
vn -0.944534 -0.215211 -0.248071
v 5.693264 2.012823 3.704877
vn -0.896717 -0.203300 -0.393151
v 6.058053 2.249308 2.316214
vn -0.958238 -0.196610 -0.207663
v 5.779829 3.763832 2.341443
vn -0.959045 -0.176361 -0.221651
v 5.431298 3.491599 3.614003
vn -0.891412 -0.191640 -0.410681
v 6.227476 2.437979 0.811524
vn -0.977071 -0.193031 -0.089836
v 5.948906 3.985598 0.930315
vn -0.980447 -0.170391 -0.098439
v 5.999336 4.157405 -0.551269
vn -0.985322 -0.167896 -0.030846
v 6.269125 2.581360 -0.735799
vn -0.981825 -0.188491 -0.022174
v 2.188937 0.915811 7.266928
vn -0.347885 -0.300410 -0.888105
v 3.254912 1.142266 6.694984
vn -0.480265 -0.286564 -0.828991
v 3.140686 2.519943 6.209322
vn -0.375270 -0.388011 -0.841796
v 2.125935 2.270149 6.681737
vn -0.283929 -0.448929 -0.847258
v 4.233252 1.424072 5.904101
vn -0.630883 -0.248029 -0.735165
v 4.062589 2.831931 5.543515
vn -0.569380 -0.306085 -0.762966
v 3.935631 4.152404 5.036518
vn -0.424366 -0.429684 -0.797048
v 3.060390 3.846537 5.537018
vn -0.223723 -0.515515 -0.827159
v 2.083528 3.596382 5.878638
vn -0.145225 -0.549596 -0.822711
v 4.842505 3.168391 4.679884
vn -0.745291 -0.241676 -0.621397
v 5.065516 1.726001 4.904119
vn -0.785094 -0.215387 -0.580720
v 4.663177 4.469635 4.354907
vn -0.664373 -0.327267 -0.671941
v 4.501946 5.540225 3.883974
vn -0.509040 -0.502181 -0.699066
v 3.839752 5.317881 4.355901
vn -0.226430 -0.588315 -0.776283
v 2.041350 5.825104 3.666354
vn 0.059302 -0.762486 -0.644281
v 2.056929 4.809653 4.869541
vn 0.030839 -0.703946 -0.709584
v 3.007130 5.050827 4.671579
vn -0.039320 -0.655621 -0.754066
v 2.041350 5.825104 3.666354
vn 0.137738 -0.716299 -0.684064
v 6.258411 1.270847 -6.082966
vn -0.942120 -0.165108 0.291805
v 6.464895 1.265540 -4.991325
vn -0.974069 -0.192208 0.119353
v 6.746415 -0.137626 -4.926532
vn -0.977551 -0.162788 0.133769
v 6.528017 -0.124911 -5.971256
vn -0.939949 -0.127183 0.316733
v 6.565841 1.160539 -2.352297
vn -0.978519 -0.206060 0.006348
v 6.543605 1.232008 -3.745252
vn -0.979298 -0.200006 0.031189
v 6.872073 -0.273966 -2.364297
vn -0.981498 -0.190630 0.017920
v 6.835479 -0.182511 -3.725247
vn -0.982923 -0.179565 0.040226
v 7.195144 -2.839916 -2.241668
vn -0.997413 0.015048 0.070293
v 7.124935 -2.742872 -3.505501
vn -0.996358 0.035161 0.077682
v 7.050716 -1.505908 -3.635186
vn -0.992745 -0.106203 0.056370
v 7.103704 -1.610975 -2.317657
vn -0.991983 -0.120663 0.037548
v 7.016817 -2.697270 -4.627319
vn -0.985536 0.051495 0.161455
v 6.951438 -1.454542 -4.793042
vn -0.985002 -0.084689 0.150326
v 6.724255 -1.440535 -5.797476
vn -0.940510 -0.044055 0.336898
v 6.786075 -2.689856 -5.605377
vn -0.933876 0.079724 0.348598
v 6.602902 1.041426 -0.820007
vn -0.976552 -0.214756 -0.015008
v 6.577707 0.881840 0.770133
vn -0.971579 -0.221572 -0.083303
v 6.930368 -0.626646 0.762019
vn -0.974718 -0.209963 -0.076421
v 6.933066 -0.426392 -0.840579
vn -0.979116 -0.203260 -0.004091
v 6.032235 0.469940 3.798033
vn -0.896825 -0.218244 -0.384805
v 6.413178 0.688953 2.336641
vn -0.953240 -0.221963 -0.205101
v 6.380277 -1.083569 3.859787
vn -0.900556 -0.192882 -0.389609
v 6.775892 -0.861589 2.359609
vn -0.956803 -0.209130 -0.201973
v 7.222750 -3.635882 2.116546
vn -0.984172 0.055578 -0.168273
v 7.076879 -2.346675 2.342006
vn -0.971039 -0.132316 -0.198939
v 6.669458 -2.594221 3.856458
vn -0.913811 -0.096538 -0.394499
v 7.360016 -3.257258 0.638084
vn -0.999405 -0.003483 -0.034329
v 7.216222 -2.031302 0.743059
vn -0.985935 -0.154995 -0.062513
v 7.192018 -1.786087 -0.834202
vn -0.989819 -0.141034 0.019157
v 7.312159 -3.001657 -0.837563
vn -0.998363 -0.009456 0.056409
v 5.357797 0.231972 5.072826
vn -0.789482 -0.208339 -0.577333
v 4.460247 -0.003562 6.145491
vn -0.664398 -0.201126 -0.719808
v 4.686440 -1.369994 6.268795
vn -0.666330 -0.132503 -0.733789
v 5.654162 -1.244934 5.170149
vn -0.796085 -0.168350 -0.581298
v 2.277325 -0.381774 7.622303
vn -0.369518 -0.201863 -0.907033
v 3.409962 -0.215274 7.000493
vn -0.516407 -0.199266 -0.832837
v 2.369948 -1.572275 7.757341
vn -0.372316 -0.048870 -0.926818
v 3.566006 -1.483056 7.133824
vn -0.530668 -0.093071 -0.842454
v 3.683215 -2.591463 7.102951
vn -0.496837 0.070737 -0.864956
v 2.445659 -2.605363 7.681523
vn -0.345018 0.165866 -0.923824
v 4.854702 -2.594246 6.275127
vn -0.655335 -0.018497 -0.755112
v 5.889424 -2.635955 5.180231
vn -0.797382 -0.057404 -0.600738
v 6.652426 -3.886704 -5.438706
vn -0.917556 0.222968 0.329206
v 6.879405 -3.877872 -4.465828
vn -0.962423 0.217532 0.162550
v 6.566850 -4.954711 -4.302993
vn -0.914672 0.377881 0.143460
v 6.359077 -4.963296 -5.268592
vn -0.877999 0.378760 0.292677
v 7.080804 -3.950220 -2.165624
vn -0.974093 0.201942 0.101792
v 6.993753 -3.898095 -3.366626
vn -0.974087 0.207591 0.089782
v 6.794116 -4.927295 -2.028519
vn -0.916310 0.387826 0.099835
v 6.684725 -4.944295 -3.204087
vn -0.920429 0.380962 0.087625
v 6.225403 -5.854190 -3.003413
vn -0.832072 0.551451 0.059653
v 6.368508 -5.756551 -1.769345
vn -0.818036 0.571412 0.065610
v 6.106801 -5.886150 -4.133237
vn -0.831956 0.541857 0.119331
v 5.941796 -5.851844 -5.066165
vn -0.801916 0.540369 0.254817
v 7.120113 -4.598786 1.515942
vn -0.924459 0.359656 -0.126585
v 6.878393 -5.247421 0.611946
vn -0.835642 0.546398 -0.056134
v 7.068031 -4.808268 0.055430
vn -0.923844 0.380790 0.038866
v 7.286497 -4.229644 0.371930
vn -0.977496 0.210886 0.005311
v 6.607014 -5.593819 -0.523687
vn -0.805021 0.592199 0.035237
v 6.976434 -4.898963 -0.832932
vn -0.915491 0.391574 0.092446
v 7.225890 -4.037096 -0.887349
vn -0.977677 0.188203 0.093420
v 1.037419 5.683212 3.702258
vn 0.088235 -0.780796 -0.618525
v 1.041999 4.664948 4.988318
vn 0.006218 -0.725481 -0.688214
v 2.056929 4.809653 4.869541
vn 0.033399 -0.763570 -0.644861
v 0.004817 5.641521 3.717915
vn 0.000676 -0.792557 -0.609798
v 0.008635 4.627927 5.035289
vn -0.026294 -0.739147 -0.673031
v 1.037419 5.683212 3.702258
vn 0.022234 -0.783774 -0.620648
v 0.004817 5.641521 3.717915
vn 0.022234 -0.783774 -0.620648
v 0.005227 3.416336 6.162616
vn -0.040267 -0.623063 -0.781135
v 1.051116 3.446289 6.083610
vn -0.054816 -0.612148 -0.788841
v 2.083528 3.596382 5.878638
vn 0.001190 -0.639435 -0.768845
v 2.056929 4.809653 4.869541
vn 0.001190 -0.639435 -0.768845
v 2.083528 3.596382 5.878638
vn -0.050349 -0.667819 -0.742619
v -1.975996 5.881172 3.703249
vn -0.130757 -0.786574 -0.603492
v -1.928220 4.921788 4.943331
vn -0.114032 -0.735656 -0.667688
v -0.996869 4.709803 5.017834
vn -0.081876 -0.738188 -0.669608
v -1.013854 5.705639 3.717015
vn -0.135090 -0.787608 -0.601186
v -1.975996 5.881172 3.703249
vn -0.135090 -0.787608 -0.601186
v -1.939620 3.816345 5.977896
vn -0.070273 -0.625549 -0.777013
v -1.012064 3.526600 6.126337
vn -0.055781 -0.626860 -0.777132
v 0.004817 5.641521 3.717915
vn -0.049402 -0.793378 -0.606722
v -1.013854 5.705639 3.717015
vn -0.049402 -0.793378 -0.606722
v 0.004817 5.641521 3.717915
vn -0.053879 -0.791482 -0.608813
v -2.464782 1.423164 7.315054
vn 0.248958 -0.317067 -0.915144
v -1.189027 0.940307 7.650985
vn 0.035749 -0.439286 -0.897636
v -1.098409 2.253129 7.012123
vn -0.005965 -0.502916 -0.864315
v -2.088483 2.679034 6.768851
vn 0.002839 -0.490996 -0.871157
v -0.031812 0.774740 7.734705
vn -0.047095 -0.440794 -0.896372
v -0.014158 2.103528 7.071402
vn -0.049828 -0.508049 -0.859885
v 2.188937 0.915811 7.266928
vn -0.184537 -0.397053 -0.899052
v 2.125935 2.270149 6.681737
vn -0.184537 -0.397053 -0.899052
v 1.067471 2.120273 6.965185
vn -0.118030 -0.488166 -0.864733
v 1.093770 0.779939 7.610095
vn -0.159871 -0.430546 -0.888297
v 2.188937 0.915811 7.266928
vn -0.221897 -0.426300 -0.876943
v 2.083528 3.596382 5.878638
vn -0.084341 -0.552389 -0.829309
v 2.125935 2.270149 6.681737
vn -0.152806 -0.515469 -0.843174
v 2.083528 3.596382 5.878638
vn -0.152806 -0.515469 -0.843174
v -2.739123 5.275098 4.819160
vn -0.220024 -0.725399 -0.652216
v -1.928220 4.921788 4.943331
vn -0.246094 -0.771175 -0.587135
v -3.408684 5.547791 4.739621
vn -0.128403 -0.727117 -0.674398
v -3.215914 4.800935 5.397018
vn -0.102539 -0.644763 -0.757474
v -2.716307 4.324836 5.720419
vn -0.131884 -0.629548 -0.765686
v -1.939620 3.816345 5.977896
vn -0.182223 -0.670869 -0.718839
v -1.928220 4.921788 4.943331
vn -0.182223 -0.670869 -0.718839
v -1.939620 3.816345 5.977896
vn -0.207953 -0.675732 -0.707207
v -4.321529 5.301981 4.861653
vn 0.374256 -0.566661 -0.734049
v -3.916008 5.517929 4.799014
vn 0.091966 -0.684476 -0.723212
v -3.845854 4.186590 5.785688
vn 0.309623 -0.463358 -0.830321
v -3.496494 4.500534 5.668566
vn 0.057652 -0.582214 -0.810989
v -2.088483 2.679034 6.768851
vn 0.080336 -0.417688 -0.905032
v -2.887581 3.491203 6.323089
vn 0.009809 -0.514630 -0.857356
v -3.258853 2.936577 6.549858
vn 0.259712 -0.369011 -0.892401
v -1.939620 3.816345 5.977896
vn -0.101990 -0.568972 -0.816008
v -2.088483 2.679034 6.768851
vn -0.108198 -0.558022 -0.822742
v -1.939620 3.816345 5.977896
vn -0.108198 -0.558022 -0.822742
v 1.093770 0.779939 7.610095
vn -0.253276 -0.289700 -0.922998
v 1.132714 -0.481673 7.995389
vn -0.194221 -0.206501 -0.958976
v -0.031812 0.774740 7.734705
vn -0.105548 -0.294872 -0.949690
v -0.030023 -0.484793 8.125583
vn -0.021043 -0.206515 -0.978217
v 1.093770 0.779939 7.610095
vn -0.103853 -0.293432 -0.950322
v -0.031812 0.774740 7.734705
vn -0.103853 -0.293432 -0.950322
v -0.021089 -1.628312 8.257613
vn -0.005052 -0.002221 -0.999985
v 1.175352 -1.625806 8.131453
vn -0.202462 -0.014793 -0.979178
v -2.464782 1.423164 7.315054
vn 0.251191 -0.198011 -0.947468
v -2.392836 -0.150414 7.662989
vn 0.263403 -0.141318 -0.954279
v -1.217039 -0.360951 8.018715
vn 0.153081 -0.180222 -0.971641
v -1.189027 0.940307 7.650985
vn 0.147490 -0.271910 -0.950953
v -2.464782 1.423164 7.315054
vn 0.147490 -0.271910 -0.950953
v -2.422320 -1.436508 7.767513
vn 0.284725 -0.005855 -0.958591
v -1.222681 -1.564455 8.137284
vn 0.198142 0.000926 -0.980173
v -0.031812 0.774740 7.734705
vn 0.030597 -0.272428 -0.961690
v -1.189027 0.940307 7.650985
vn 0.030597 -0.272428 -0.961690
v -0.031812 0.774740 7.734705
vn 0.054989 -0.295871 -0.953644
v -1.246190 -2.584017 8.028667
vn 0.180991 0.228945 -0.956466
v -2.475656 -2.531147 7.681523
vn 0.274504 0.174425 -0.945634
v -0.017306 -2.609061 8.144382
vn 0.003195 0.263490 -0.964657
v 1.212731 -2.613703 8.028667
vn -0.176111 0.229282 -0.957296
v -5.754500 2.674381 3.740493
vn 0.920260 -0.170700 -0.352113
v -5.189989 2.265391 4.975351
vn 0.826230 -0.153248 -0.542087
v -5.080860 3.534693 4.822348
vn 0.840295 -0.147045 -0.521806
v -5.549476 4.030989 3.685235
vn 0.926528 -0.165250 -0.337993
v -4.439781 1.819036 6.000438
vn 0.702983 -0.139691 -0.697353
v -4.487297 3.054904 5.721624
vn 0.716405 -0.162218 -0.678564
v -4.574647 3.871644 5.392119
vn 0.709092 -0.215495 -0.671379
v -4.956206 4.485808 4.731462
vn 0.799300 -0.238672 -0.551502
v -5.348948 5.099909 3.675511
vn 0.895786 -0.245457 -0.370565
v -3.836026 2.823338 6.323415
vn 0.527577 -0.228453 -0.818213
v -3.555844 1.501651 6.781156
vn 0.529157 -0.161046 -0.833101
v -4.250094 4.014100 5.663582
vn 0.558253 -0.320405 -0.765307
v -5.057631 5.810924 3.740329
vn 0.770016 -0.434747 -0.466981
v -4.685679 5.016423 4.791850
vn 0.646217 -0.399581 -0.650183
v -5.280801 6.378221 2.541130
vn 0.861834 -0.422570 -0.280494
v -5.392387 6.760959 1.231817
vn 0.910238 -0.389240 -0.141275
v -5.699338 5.738271 1.091916
vn 0.968894 -0.231158 -0.088371
v -5.583406 5.501400 2.445311
vn 0.951000 -0.243078 -0.191081
v -5.429582 7.143338 -1.566887
vn 0.940815 -0.337842 -0.027004
v -5.429582 7.001782 -0.150043
vn 0.929327 -0.363554 -0.064658
v -5.734647 5.910122 -1.780233
vn 0.978534 -0.206009 -0.005653
v -5.736500 5.858514 -0.333617
vn 0.975785 -0.217290 -0.025066
v -6.248597 2.845249 -2.252361
vn 0.982937 -0.183296 0.015393
v -6.267127 2.907913 -0.735799
vn 0.981784 -0.190000 0.000624
v -5.997337 4.454272 -0.551269
vn 0.984403 -0.175604 -0.010696
v -5.989925 4.428195 -2.035199
vn 0.986025 -0.166476 0.006390
v -6.231801 2.938451 0.815086
vn 0.979692 -0.190588 -0.062295
v -5.958925 4.434370 0.937439
vn 0.981302 -0.180467 -0.066915
v -5.825901 4.312078 2.369936
vn 0.969058 -0.174639 -0.174435
v -6.081348 2.879671 2.330461
vn 0.966407 -0.187079 -0.176233
v -5.429582 7.228270 -2.981149
vn 0.944000 -0.329845 0.008169
v -5.384494 7.208533 -4.302139
vn 0.938518 -0.330606 0.099417
v -5.678250 5.929460 -4.525847
vn 0.973729 -0.206119 0.096784
v -5.733535 5.941086 -3.196876
vn 0.979716 -0.199440 0.019486
v -5.249230 7.036075 -5.439167
vn 0.899853 -0.352559 0.256840
v -5.513877 5.853296 -5.709447
vn 0.944392 -0.223698 0.241005
v -5.974491 2.760570 -6.088858
vn 0.947731 -0.170418 0.269746
v -5.741305 4.358090 -5.945181
vn 0.952101 -0.171592 0.253100
v -6.168025 2.783347 -4.950955
vn 0.977778 -0.176618 0.112945
v -5.922952 4.393719 -4.768958
vn 0.980681 -0.166646 0.102441
v -5.985478 4.412549 -3.453362
vn 0.986264 -0.162956 0.027011
v -6.237479 2.807650 -3.664768
vn 0.983264 -0.178899 0.034457
v -3.521918 0.106553 7.046612
vn 0.531822 -0.127500 -0.837203
v -2.392836 -0.150414 7.662989
vn 0.440914 -0.174512 -0.880421
v -4.547785 0.415060 6.186938
vn 0.684568 -0.138212 -0.715727
v -4.721676 -1.024565 6.279157
vn 0.673041 -0.097678 -0.733127
v -3.612900 -1.246745 7.145354
vn 0.533852 -0.054984 -0.843788
v -2.422320 -1.436508 7.767513
vn 0.463031 -0.082339 -0.882509
v -2.392836 -0.150414 7.662989
vn 0.463031 -0.082339 -0.882509
v -2.422320 -1.436508 7.767513
vn 0.449111 -0.095015 -0.888410
v -6.059307 1.100303 3.812280
vn 0.909455 -0.191147 -0.369261
v -5.413940 0.780218 5.101320
vn 0.809559 -0.163860 -0.563705
v -6.390046 -0.587906 3.863349
vn 0.909003 -0.167966 -0.381447
v -5.675905 -0.799369 5.177273
vn 0.802293 -0.138674 -0.580599
v -5.899074 -2.351913 5.180231
vn 0.799923 -0.046925 -0.598266
v -6.672868 -2.286905 3.856458
vn 0.916542 -0.083848 -0.391050
v -4.871823 -2.367381 6.275127
vn 0.657469 -0.009891 -0.753416
v -2.475656 -2.531147 7.681523
vn 0.425618 0.261340 -0.866343
v -3.707442 -2.443030 7.102951
vn 0.501797 0.074764 -0.861748
v -2.422320 -1.436508 7.767513
vn 0.462496 -0.005125 -0.886607
v -2.475656 -2.531147 7.681523
vn 0.427539 0.050073 -0.902609
v -2.422320 -1.436508 7.767513
vn 0.427539 0.050073 -0.902609
v -6.422808 1.273589 2.342340
vn 0.961800 -0.204058 -0.182488
v -6.578616 1.339708 0.771558
vn 0.975656 -0.211101 -0.059433
v -6.929535 -0.271405 0.762376
vn 0.979059 -0.194786 -0.059169
v -6.778558 -0.406926 2.361034
vn 0.963814 -0.188767 -0.188227
v -6.563842 1.308973 -2.352296
vn 0.978835 -0.203368 0.022880
v -6.600903 1.338292 -0.820007
vn 0.977983 -0.208577 0.006711
v -6.870075 -0.158930 -2.364297
vn 0.982231 -0.185235 0.030176
v -6.931067 -0.196320 -0.840579
vn 0.980996 -0.193642 0.012249
v -7.193144 -2.802808 -2.241668
vn 0.997377 0.015340 0.070738
v -7.310161 -2.927440 -0.837563
vn 0.998345 -0.008212 0.056916
v -7.190020 -1.637654 -0.834202
vn 0.990751 -0.132827 0.027731
v -7.101706 -1.536758 -2.317657
vn 0.992217 -0.116921 0.042827
v -7.358374 -3.147031 0.638085
vn 0.999462 -0.001957 -0.032738
v -7.214723 -1.804436 0.743059
vn 0.988368 -0.142300 -0.053666
v -7.076878 -2.062633 2.342006
vn 0.974291 -0.118664 -0.191512
v -7.222174 -3.506685 2.116546
vn 0.984401 0.053234 -0.167694
v -6.541606 1.291381 -3.745252
vn 0.979224 -0.198621 0.040867
v -6.462896 1.280383 -4.991325
vn 0.973574 -0.191745 0.124048
v -6.744416 -0.126123 -4.926532
vn 0.977250 -0.161854 0.137064
v -6.833480 -0.136497 -3.725247
vn 0.982996 -0.177406 0.047401
v -6.256412 1.270847 -6.082966
vn 0.941796 -0.164942 0.292942
v -6.526017 -0.124911 -5.971256
vn 0.939715 -0.127067 0.317474
v -6.784076 -2.689856 -5.605377
vn 0.933917 0.079713 0.348488
v -6.722256 -1.440535 -5.797476
vn 0.940413 -0.043951 0.337182
v -7.014817 -2.693559 -4.627318
vn 0.985561 0.051400 0.161331
v -6.949439 -1.447120 -4.793042
vn 0.984858 -0.084286 0.151492
v -7.048717 -1.476221 -3.635186
vn 0.992746 -0.104389 0.059656
v -7.122936 -2.728029 -3.505501
vn 0.996403 0.034951 0.077200
v -7.118853 -4.552238 1.515942
vn 0.928268 0.347726 -0.131930
v -7.284683 -4.186836 0.371931
vn 0.979054 0.203587 0.002384
v -7.066115 -4.789243 0.055431
vn 0.927363 0.372513 0.035092
v -6.876579 -5.235784 0.611947
vn 0.840641 0.538028 -0.062046
v -7.078806 -3.935377 -2.165624
vn 0.974868 0.199173 0.099813
v -7.223892 -4.007409 -0.887348
vn 0.978781 0.183489 0.091214
v -6.792117 -4.923584 -2.028519
vn 0.917610 0.384993 0.098859
v -6.974435 -4.891541 -0.832932
vn 0.918185 0.385765 0.090123
v -6.605016 -5.593819 -0.523687
vn 0.807316 0.589184 0.033208
v -6.366508 -5.756550 -1.769345
vn 0.818544 0.570667 0.065766
v -6.991755 -3.892158 -3.366626
vn 0.974474 0.206248 0.088667
v -6.877406 -3.876388 -4.465827
vn 0.962593 0.217205 0.161978
v -6.564850 -4.954340 -4.302992
vn 0.914867 0.377526 0.143149
v -6.682726 -4.942811 -3.204087
vn 0.920861 0.380030 0.087127
v -6.650427 -3.886704 -5.438706
vn 0.917628 0.222888 0.329059
v -6.357078 -4.963295 -5.268592
vn 0.878022 0.378755 0.292611
v -5.939797 -5.851844 -5.066164
vn 0.801935 0.540350 0.254799
v -6.104801 -5.886150 -4.133237
vn 0.832000 0.541789 0.119337
v -6.223404 -5.854190 -3.003413
vn 0.832325 0.551082 0.059529
vt 0.098201 0.673316
vt 0.095821 0.647407
vt 0.081905 0.653017
f 1/1/1 2/2/2 3/3/3
vt 0.081905 0.653017
vt 0.089093 0.685534
vt 0.098201 0.673316
f 3/4/3 4/5/4 1/6/1
vt 0.094107 0.612011
vt 0.078936 0.616338
vt 0.081905 0.653017
f 5/7/5 6/8/6 3/9/3
vt 0.081905 0.653017
vt 0.095821 0.647407
vt 0.094107 0.612011
f 3/10/3 2/11/2 5/12/5
vt 0.066736 0.629577
vt 0.069773 0.667583
vt 0.081905 0.653017
f 7/13/7 8/14/8 3/15/3
vt 0.081905 0.653017
vt 0.078936 0.616338
vt 0.066736 0.629577
f 3/16/3 6/17/6 7/18/7
vt 0.077084 0.702994
vt 0.089093 0.685534
vt 0.081905 0.653017
f 9/19/9 4/20/4 3/21/3
vt 0.081905 0.653017
vt 0.069773 0.667583
vt 0.077084 0.702994
f 3/22/3 8/23/8 9/24/9
vt 0.094698 0.529096
vt 0.079511 0.531792
vt 0.078428 0.575780
f 10/25/10 11/26/11 12/27/12
vt 0.078428 0.575780
vt 0.093894 0.572264
vt 0.094698 0.529096
f 12/28/12 13/29/13 10/30/10
vt 0.067113 0.542640
vt 0.066175 0.588249
vt 0.078428 0.575780
f 14/31/14 15/32/15 12/33/12
vt 0.078428 0.575780
vt 0.079511 0.531792
vt 0.067113 0.542640
f 12/34/12 11/35/11 14/36/14
vt 0.066736 0.629577
vt 0.078936 0.616338
vt 0.078428 0.575780
f 7/37/7 6/38/6 12/39/12
vt 0.078428 0.575780
vt 0.066175 0.588249
vt 0.066736 0.629577
f 12/40/12 15/41/15 7/42/7
vt 0.094107 0.612011
vt 0.093894 0.572264
vt 0.078428 0.575780
f 5/43/5 13/44/13 12/45/12
vt 0.078428 0.575780
vt 0.078936 0.616338
vt 0.094107 0.612011
f 12/46/12 6/47/6 5/48/5
vt 0.046829 0.590777
vt 0.046829 0.631357
vt 0.055986 0.607986
f 16/49/16 17/50/17 18/51/18
vt 0.055986 0.607986
vt 0.056280 0.560826
vt 0.046829 0.590777
f 18/52/18 19/53/19 16/54/16
vt 0.046829 0.671937
vt 0.056199 0.648457
vt 0.055986 0.607986
f 20/55/20 21/56/21 18/57/18
vt 0.055986 0.607986
vt 0.046829 0.631357
vt 0.046829 0.671937
f 18/58/18 17/59/17 20/60/20
vt 0.066736 0.629577
vt 0.066175 0.588249
vt 0.055986 0.607986
f 7/61/7 15/62/15 18/63/18
vt 0.055986 0.607986
vt 0.056199 0.648457
vt 0.066736 0.629577
f 18/64/18 21/65/21 7/66/7
vt 0.067113 0.542640
vt 0.056280 0.560826
vt 0.055986 0.607986
f 14/67/14 19/68/19 18/69/18
vt 0.055986 0.607986
vt 0.066175 0.588249
vt 0.067113 0.542640
f 18/70/18 15/71/15 14/72/14
vt 0.044780 0.737692
vt 0.063399 0.721776
vt 0.057629 0.685624
f 22/73/22 23/74/23 24/75/24
vt 0.057629 0.685624
vt 0.045480 0.705402
vt 0.044780 0.737692
f 24/76/24 25/77/25 22/78/22
vt 0.077084 0.702994
vt 0.069773 0.667583
vt 0.057629 0.685624
f 9/79/9 8/80/8 24/81/24
vt 0.057629 0.685624
vt 0.063399 0.721776
vt 0.077084 0.702994
f 24/82/24 23/83/23 9/84/9
vt 0.066736 0.629577
vt 0.056199 0.648457
vt 0.057629 0.685624
f 7/85/7 21/86/21 24/87/24
vt 0.057629 0.685624
vt 0.069773 0.667583
vt 0.066736 0.629577
f 24/88/24 8/89/8 7/90/7
vt 0.046829 0.671937
vt 0.045480 0.705402
vt 0.057629 0.685624
f 20/91/20 25/92/25 24/93/24
vt 0.057629 0.685624
vt 0.056199 0.648457
vt 0.046829 0.671937
f 24/94/24 21/95/21 20/96/20
vt 0.044780 0.737692
vt 0.045480 0.705402
vt 0.022738 0.708959
f 22/97/22 26/98/26 27/99/27
vt 0.022738 0.708959
vt 0.022063 0.745981
vt 0.044780 0.737692
f 27/100/27 28/101/28 22/102/22
vt 0.046829 0.671938
vt 0.023244 0.671048
vt 0.022738 0.708959
f 29/103/29 30/104/30 27/105/27
vt 0.022738 0.708959
vt 0.045480 0.705402
vt 0.046829 0.671938
f 27/106/27 31/107/31 32/108/32
vt -0.000046 0.671714
vt -0.000172 0.711627
vt 0.022738 0.708959
f 33/109/33 34/110/34 27/111/27
vt 0.022738 0.708959
vt 0.023244 0.671048
vt -0.000046 0.671714
f 27/112/27 30/113/30 33/114/33
vt -0.000004 0.753096
vt 0.022063 0.745981
vt 0.022738 0.708959
f 35/115/35 28/116/28 27/117/27
vt 0.022738 0.708959
vt -0.000172 0.711627
vt -0.000004 0.753096
f 27/118/27 34/119/34 35/120/35
vt 0.046829 0.590778
vt 0.023413 0.590777
vt 0.023413 0.631357
f 36/121/36 37/122/37 38/123/38
vt 0.023413 0.631357
vt 0.046829 0.631358
vt 0.046829 0.590778
f 38/124/38 39/125/39 40/126/40
vt -0.000004 0.590777
vt -0.000004 0.631357
vt 0.023413 0.631357
f 41/127/41 42/128/42 38/129/38
vt 0.023413 0.631357
vt 0.023413 0.590777
vt -0.000004 0.590777
f 38/130/38 37/131/37 41/132/41
vt -0.000046 0.671714
vt 0.023244 0.671048
vt 0.023413 0.631357
f 33/133/33 30/134/30 38/135/38
vt 0.023413 0.631357
vt -0.000004 0.631357
vt -0.000046 0.671714
f 38/136/38 42/137/42 33/138/33
vt 0.046829 0.671938
vt 0.046829 0.631358
vt 0.023413 0.631357
f 43/139/43 44/140/44 38/141/38
vt 0.023413 0.631357
vt 0.023244 0.671048
vt 0.046829 0.671938
f 38/142/38 30/143/30 45/144/45
vt -0.046836 0.590776
vt -0.046836 0.631356
vt -0.023420 0.631356
f 46/145/46 47/146/47 48/147/48
vt -0.023420 0.631356
vt -0.023420 0.590776
vt -0.046836 0.590776
f 48/148/48 49/149/49 46/150/46
vt -0.046836 0.671935
vt -0.023420 0.671936
vt -0.023420 0.631356
f 50/151/50 51/152/51 48/153/48
vt -0.023420 0.631356
vt -0.046836 0.631356
vt -0.046836 0.671935
f 48/154/48 47/155/47 50/156/50
vt -0.000046 0.671714
vt -0.000004 0.631357
vt -0.023420 0.631356
f 33/157/33 42/158/42 48/159/48
vt -0.023420 0.631356
vt -0.023420 0.671936
vt -0.000046 0.671714
f 48/160/48 51/161/51 33/162/33
vt -0.000004 0.590777
vt -0.023420 0.590776
vt -0.023420 0.631356
f 41/163/41 49/164/49 48/165/48
vt -0.023420 0.631356
vt -0.000004 0.631357
vt -0.000004 0.590777
f 48/166/48 42/167/42 41/168/41
vt -0.046836 0.753095
vt -0.023420 0.753096
vt -0.023420 0.712516
f 52/169/52 53/170/53 54/171/54
vt -0.023420 0.712516
vt -0.046836 0.712515
vt -0.046836 0.753095
f 54/172/54 55/173/55 52/174/52
vt -0.000004 0.753096
vt -0.000172 0.711627
vt -0.023420 0.712516
f 35/175/35 34/176/34 54/177/54
vt -0.023420 0.712516
vt -0.023420 0.753096
vt -0.000004 0.753096
f 54/178/54 53/179/53 35/180/35
vt -0.000046 0.671714
vt -0.023420 0.671936
vt -0.023420 0.712516
f 33/181/33 51/182/51 54/183/54
vt -0.023420 0.712516
vt -0.000172 0.711627
vt -0.000046 0.671714
f 54/184/54 34/185/34 33/186/33
vt -0.046836 0.671935
vt -0.046836 0.712515
vt -0.023420 0.712516
f 50/187/50 55/188/55 54/189/54
vt -0.023420 0.712516
vt -0.023420 0.671936
vt -0.046836 0.671935
f 54/190/54 51/191/51 50/192/50
vt 0.953164 0.753095
vt 0.953164 0.712515
vt 0.941689 0.689179
f 56/193/56 57/194/57 58/195/58
vt 0.941689 0.689179
vt 0.935582 0.727110
vt 0.953164 0.753095
f 58/196/58 59/197/59 60/198/60
vt 0.953164 0.671935
vt 0.943626 0.649345
vt 0.941689 0.689179
f 61/199/61 62/200/62 58/201/58
vt 0.941689 0.689179
vt 0.953164 0.712515
vt 0.953164 0.671935
f 58/202/58 63/203/63 64/204/64
vt 0.933208 0.629794
vt 0.930052 0.668470
vt 0.941689 0.689179
f 65/205/65 66/206/66 58/207/58
vt 0.941689 0.689179
vt 0.943626 0.649345
vt 0.933208 0.629794
f 58/208/58 62/209/62 65/210/65
vt 0.922657 0.704325
vt 0.935582 0.727110
vt 0.941689 0.689179
f 67/211/67 59/212/59 58/213/58
vt 0.941689 0.689179
vt 0.930052 0.668470
vt 0.922657 0.704325
f 58/214/58 66/215/66 67/216/67
vt 0.953164 0.590776
vt 0.943179 0.560971
vt 0.944007 0.607985
f 68/217/68 69/218/69 70/219/70
vt 0.944007 0.607985
vt 0.953164 0.631356
vt 0.953164 0.590776
f 70/220/70 71/221/71 72/222/72
vt 0.932671 0.542640
vt 0.933789 0.588233
vt 0.944007 0.607985
f 73/223/73 74/224/74 70/225/70
vt 0.944007 0.607985
vt 0.943179 0.560971
vt 0.932671 0.542640
f 70/226/70 69/227/69 73/228/73
vt 0.933208 0.629794
vt 0.943626 0.649345
vt 0.944007 0.607985
f 65/229/65 62/230/62 70/231/70
vt 0.944007 0.607985
vt 0.933789 0.588233
vt 0.933208 0.629794
f 70/232/70 74/233/74 65/234/65
vt 0.953164 0.671935
vt 0.953164 0.631356
vt 0.944007 0.607985
f 75/235/75 76/236/76 70/237/70
vt 0.944007 0.607985
vt 0.943626 0.649345
vt 0.953164 0.671935
f 70/238/70 62/239/62 77/240/77
vt 0.904535 0.528733
vt 0.905797 0.572117
vt 0.921445 0.575721
f 78/241/78 79/242/79 80/243/80
vt 0.921445 0.575721
vt 0.920179 0.531647
vt 0.904535 0.528733
f 80/244/80 81/245/81 78/246/78
vt 0.905812 0.611972
vt 0.921028 0.616322
vt 0.921445 0.575721
f 82/247/82 83/248/83 80/249/80
vt 0.921445 0.575721
vt 0.905797 0.572117
vt 0.905812 0.611972
f 80/250/80 79/251/79 82/252/82
vt 0.933208 0.629794
vt 0.933789 0.588233
vt 0.921445 0.575721
f 65/253/65 74/254/74 80/255/80
vt 0.921445 0.575721
vt 0.921028 0.616322
vt 0.933208 0.629794
f 80/256/80 83/257/83 65/258/65
vt 0.932671 0.542640
vt 0.920179 0.531647
vt 0.921445 0.575721
f 73/259/73 81/260/81 80/261/80
vt 0.921445 0.575721
vt 0.933789 0.588233
vt 0.932671 0.542640
f 80/262/80 74/263/74 73/264/73
vt 0.901794 0.673313
vt 0.910901 0.685531
vt 0.918090 0.653015
f 84/265/84 85/266/85 86/267/86
vt 0.918090 0.653015
vt 0.904174 0.647404
vt 0.901794 0.673313
f 86/268/86 87/269/87 84/270/84
vt 0.922657 0.704325
vt 0.930052 0.668470
vt 0.918090 0.653015
f 67/271/67 66/272/66 86/273/86
vt 0.918090 0.653015
vt 0.910901 0.685531
vt 0.922657 0.704325
f 86/274/86 85/275/85 67/276/67
vt 0.933208 0.629794
vt 0.921028 0.616322
vt 0.918090 0.653015
f 65/277/65 83/278/83 86/279/86
vt 0.918090 0.653015
vt 0.930052 0.668470
vt 0.933208 0.629794
f 86/280/86 66/281/66 65/282/65
vt 0.905812 0.611972
vt 0.904174 0.647404
vt 0.918090 0.653015
f 82/283/82 87/284/87 86/285/86
vt 0.918090 0.653015
vt 0.921028 0.616322
vt 0.905812 0.611972
f 86/286/86 83/287/83 82/288/82
vt 0.094698 0.529096
vt 0.096038 0.483436
vt 0.081317 0.484822
f 10/289/10 88/290/88 89/291/89
vt 0.081317 0.484822
vt 0.079511 0.531792
vt 0.094698 0.529096
f 89/292/89 11/293/11 10/294/10
vt 0.099167 0.435760
vt 0.085055 0.435816
vt 0.081317 0.484822
f 90/295/90 91/296/91 89/297/89
vt 0.081317 0.484822
vt 0.096038 0.483436
vt 0.099167 0.435760
f 89/298/89 88/299/88 90/300/90
vt 0.071924 0.438195
vt 0.068577 0.491793
vt 0.081317 0.484822
f 92/301/92 93/302/93 89/303/89
vt 0.081317 0.484822
vt 0.085055 0.435816
vt 0.071924 0.438195
f 89/304/89 91/305/91 92/306/92
vt 0.067113 0.542640
vt 0.079511 0.531792
vt 0.081317 0.484822
f 14/307/14 11/308/11 89/309/89
vt 0.081317 0.484822
vt 0.068577 0.491793
vt 0.067113 0.542640
f 89/310/89 93/311/93 14/312/14
vt 0.115799 0.336254
vt 0.103168 0.335485
vt 0.091936 0.385721
f 94/313/94 95/314/95 96/315/96
vt 0.091936 0.385721
vt 0.105336 0.386541
vt 0.115799 0.336254
f 96/316/96 97/317/97 94/318/94
vt 0.090224 0.331993
vt 0.078511 0.384337
vt 0.091936 0.385721
f 98/319/98 99/320/99 96/321/96
vt 0.091936 0.385721
vt 0.103168 0.335485
vt 0.090224 0.331993
f 96/322/96 95/323/95 98/324/98
vt 0.071924 0.438195
vt 0.085055 0.435816
vt 0.091936 0.385721
f 92/325/92 91/326/91 96/327/96
vt 0.091936 0.385721
vt 0.078511 0.384337
vt 0.071924 0.438195
f 96/328/96 99/329/99 92/330/92
vt 0.099167 0.435760
vt 0.105336 0.386541
vt 0.091936 0.385721
f 90/331/90 97/332/97 96/333/96
vt 0.091936 0.385721
vt 0.085055 0.435816
vt 0.099167 0.435760
f 96/334/96 91/335/91 90/336/90
vt 0.054311 0.303588
vt 0.045792 0.375810
vt 0.063688 0.380011
f 100/337/100 101/338/101 102/339/102
vt 0.063688 0.380011
vt 0.076910 0.321359
vt 0.054311 0.303588
f 102/340/102 103/341/103 100/342/100
vt 0.041679 0.444680
vt 0.058192 0.441563
vt 0.063688 0.380011
f 104/343/104 105/344/105 102/345/102
vt 0.063688 0.380011
vt 0.045792 0.375810
vt 0.041679 0.444680
f 102/346/102 101/347/101 104/348/104
vt 0.071924 0.438195
vt 0.078511 0.384337
vt 0.063688 0.380011
f 92/349/92 99/350/99 102/351/102
vt 0.063688 0.380011
vt 0.058192 0.441563
vt 0.071924 0.438195
f 102/352/102 105/353/105 92/354/92
vt 0.090224 0.331993
vt 0.076910 0.321359
vt 0.063688 0.380011
f 98/355/98 103/356/103 102/357/102
vt 0.063688 0.380011
vt 0.078511 0.384337
vt 0.090224 0.331993
f 102/358/102 99/359/99 98/360/98
vt 0.046829 0.590777
vt 0.056280 0.560826
vt 0.056369 0.503593
f 16/361/16 19/362/19 106/363/106
vt 0.056369 0.503593
vt 0.041156 0.514401
vt 0.046829 0.590777
f 106/364/106 107/365/107 16/366/16
vt 0.067113 0.542640
vt 0.068577 0.491793
vt 0.056369 0.503593
f 14/367/14 93/368/93 106/369/106
vt 0.056369 0.503593
vt 0.056280 0.560826
vt 0.067113 0.542640
f 106/370/106 19/371/19 14/372/14
vt 0.071924 0.438195
vt 0.058192 0.441563
vt 0.056369 0.503593
f 92/373/92 105/374/105 106/375/106
vt 0.056369 0.503593
vt 0.068577 0.491793
vt 0.071924 0.438195
f 106/376/106 93/377/93 92/378/92
vt 0.041679 0.444680
vt 0.041156 0.514401
vt 0.056369 0.503593
f 104/379/104 107/380/107 106/381/106
vt 0.056369 0.503593
vt 0.058192 0.441563
vt 0.041679 0.444680
f 106/382/106 105/383/105 104/384/104
vt 0.046829 0.590777
vt 0.041156 0.514401
vt 0.019405 0.518395
f 16/385/16 107/386/107 108/387/108
vt 0.019405 0.518395
vt 0.019672 0.590778
vt 0.046829 0.590777
f 108/388/108 109/389/109 16/390/16
vt 0.041679 0.444680
vt 0.020207 0.446305
vt 0.019405 0.518395
f 104/391/104 110/392/110 108/393/108
vt 0.019405 0.518395
vt 0.041156 0.514401
vt 0.041679 0.444680
f 108/394/108 107/395/107 104/396/104
vt -0.004547 0.446964
vt -0.006150 0.518835
vt 0.019405 0.518395
f 111/397/111 112/398/112 108/399/108
vt 0.019405 0.518395
vt 0.020207 0.446305
vt -0.004547 0.446964
f 108/400/108 110/401/110 111/402/111
vt -0.007486 0.590778
vt 0.019672 0.590778
vt 0.019405 0.518395
f 113/403/113 114/404/114 108/405/108
vt 0.019405 0.518395
vt -0.006150 0.518835
vt -0.007486 0.590778
f 108/406/108 112/407/112 115/408/115
vt 0.054311 0.303588
vt 0.027154 0.303589
vt 0.023146 0.374800
f 100/409/100 116/410/116 117/411/117
vt 0.023146 0.374800
vt 0.045792 0.375810
vt 0.054311 0.303588
f 117/412/117 101/413/101 100/414/100
vt -0.000004 0.303590
vt -0.002409 0.375240
vt 0.023146 0.374800
f 118/415/118 119/416/119 117/417/117
vt 0.023146 0.374800
vt 0.027154 0.303589
vt -0.000004 0.303590
f 117/418/117 116/419/116 118/420/118
vt -0.004547 0.446964
vt 0.020207 0.446305
vt 0.023146 0.374800
f 111/421/111 110/422/110 117/423/117
vt 0.023146 0.374800
vt -0.002409 0.375240
vt -0.004547 0.446964
f 117/424/117 119/425/119 111/426/111
vt 0.041679 0.444680
vt 0.045792 0.375810
vt 0.023146 0.374800
f 104/427/104 101/428/101 117/429/117
vt 0.023146 0.374800
vt 0.020207 0.446305
vt 0.041679 0.444680
f 117/430/117 110/431/110 104/432/104
vt -0.054319 0.303591
vt -0.056190 0.375388
vt -0.029032 0.375388
f 120/433/120 121/434/121 122/435/122
vt -0.029032 0.375388
vt -0.027162 0.303590
vt -0.054319 0.303591
f 122/436/122 123/437/123 120/438/120
vt -0.058060 0.447185
vt -0.030903 0.447185
vt -0.029032 0.375388
f 124/439/124 125/440/125 122/441/122
vt -0.029032 0.375388
vt -0.056190 0.375388
vt -0.058060 0.447185
f 122/442/122 121/443/121 124/444/124
vt -0.004547 0.446964
vt -0.002409 0.375240
vt -0.029032 0.375388
f 111/445/111 119/446/119 122/447/122
vt -0.029032 0.375388
vt -0.030903 0.447185
vt -0.004547 0.446964
f 122/448/122 125/449/125 111/450/111
vt -0.000004 0.303590
vt -0.027162 0.303590
vt -0.029032 0.375388
f 118/451/118 123/452/123 122/453/122
vt -0.029032 0.375388
vt -0.002409 0.375240
vt -0.000004 0.303590
f 122/454/122 119/455/119 118/456/118
vt -0.061801 0.590780
vt -0.034644 0.590779
vt -0.032773 0.518982
f 126/457/126 127/458/127 128/459/128
vt -0.032773 0.518982
vt -0.059931 0.518982
vt -0.061801 0.590780
f 128/460/128 129/461/129 130/462/130
vt -0.007486 0.590778
vt -0.006150 0.518835
vt -0.032773 0.518982
f 131/463/131 112/464/112 128/465/128
vt -0.032773 0.518982
vt -0.034644 0.590779
vt -0.007486 0.590778
f 128/466/128 132/467/132 133/468/133
vt -0.004547 0.446964
vt -0.030903 0.447185
vt -0.032773 0.518982
f 111/469/111 125/470/125 128/471/128
vt -0.032773 0.518982
vt -0.006150 0.518835
vt -0.004547 0.446964
f 128/472/128 112/473/112 111/474/111
vt -0.058060 0.447185
vt -0.059931 0.518982
vt -0.032773 0.518982
f 124/475/124 129/476/129 128/477/128
vt -0.032773 0.518982
vt -0.030903 0.447185
vt -0.058060 0.447185
f 128/478/128 125/479/125 124/480/124
vt 0.953164 0.590776
vt 0.951293 0.518979
vt 0.941487 0.504179
f 134/481/134 135/482/135 136/483/136
vt 0.941487 0.504179
vt 0.943179 0.560971
vt 0.953164 0.590776
f 136/484/136 69/485/69 137/486/137
vt 0.949422 0.447183
vt 0.938346 0.442670
vt 0.941487 0.504179
f 138/487/138 139/488/139 136/489/136
vt 0.941487 0.504179
vt 0.951293 0.518979
vt 0.949422 0.447183
f 136/490/136 140/491/140 141/492/141
vt 0.926770 0.439141
vt 0.930730 0.491867
vt 0.941487 0.504179
f 142/493/142 143/494/143 136/495/136
vt 0.941487 0.504179
vt 0.938346 0.442670
vt 0.926770 0.439141
f 136/496/136 139/497/139 142/498/142
vt 0.932671 0.542640
vt 0.943179 0.560971
vt 0.941487 0.504179
f 73/499/73 69/500/69 136/501/136
vt 0.941487 0.504179
vt 0.930730 0.491867
vt 0.932671 0.542640
f 136/502/136 143/503/143 73/504/73
vt 0.945681 0.303591
vt 0.920071 0.323737
vt 0.933171 0.381506
f 144/505/144 145/506/145 146/507/146
vt 0.933171 0.381506
vt 0.947551 0.375387
vt 0.945681 0.303591
f 146/508/146 147/509/147 148/510/148
vt 0.906420 0.339954
vt 0.919596 0.387691
vt 0.933171 0.381506
f 149/511/149 150/512/150 146/513/146
vt 0.933171 0.381506
vt 0.920071 0.323737
vt 0.906420 0.339954
f 146/514/146 145/515/145 149/516/149
vt 0.926770 0.439141
vt 0.938346 0.442670
vt 0.933171 0.381506
f 142/517/142 139/518/139 146/519/146
vt 0.933171 0.381506
vt 0.919596 0.387691
vt 0.926770 0.439141
f 146/520/146 150/521/150 142/522/142
vt 0.949422 0.447183
vt 0.947551 0.375387
vt 0.933171 0.381506
f 151/523/151 152/524/152 146/525/146
vt 0.933171 0.381506
vt 0.938346 0.442670
vt 0.949422 0.447183
f 146/526/146 139/527/139 153/528/153
vt 0.889311 0.369369
vt 0.894464 0.397462
vt 0.907633 0.394007
f 154/529/154 155/530/155 156/531/156
vt 0.907633 0.394007
vt 0.896404 0.355865
vt 0.889311 0.369369
f 156/532/156 157/533/157 154/534/154
vt 0.899179 0.437729
vt 0.914192 0.437583
vt 0.907633 0.394007
f 158/535/158 159/536/159 156/537/156
vt 0.907633 0.394007
vt 0.894464 0.397462
vt 0.899179 0.437729
f 156/538/156 155/539/155 158/540/158
vt 0.926770 0.439141
vt 0.919596 0.387691
vt 0.907633 0.394007
f 142/541/142 150/542/150 156/543/156
vt 0.907633 0.394007
vt 0.914192 0.437583
vt 0.926770 0.439141
f 156/544/156 159/545/159 142/546/142
vt 0.906420 0.339954
vt 0.896404 0.355865
vt 0.907633 0.394007
f 149/547/149 157/548/157 156/549/156
vt 0.907633 0.394007
vt 0.919596 0.387691
vt 0.906420 0.339954
f 156/550/156 150/551/150 149/552/149
vt 0.904535 0.528733
vt 0.920179 0.531647
vt 0.918068 0.484532
f 78/553/78 81/554/81 160/555/160
vt 0.918068 0.484532
vt 0.902432 0.482711
vt 0.904535 0.528733
f 160/556/160 161/557/161 78/558/78
vt 0.932671 0.542640
vt 0.930730 0.491867
vt 0.918068 0.484532
f 73/559/73 143/560/143 160/561/160
vt 0.918068 0.484532
vt 0.920179 0.531647
vt 0.932671 0.542640
f 160/562/160 81/563/81 73/564/73
vt 0.926770 0.439141
vt 0.914192 0.437583
vt 0.918068 0.484532
f 142/565/142 159/566/159 160/567/160
vt 0.918068 0.484532
vt 0.930730 0.491867
vt 0.926770 0.439141
f 160/568/160 143/569/143 142/570/142
vt 0.899179 0.437729
vt 0.902432 0.482711
vt 0.918068 0.484532
f 158/571/158 161/572/161 160/573/160
vt 0.918068 0.484532
vt 0.914192 0.437583
vt 0.899179 0.437729
f 160/574/160 159/575/159 158/576/158
vt 0.389181 0.659508
vt 0.399999 0.667890
vt 0.405847 0.639865
f 162/577/162 163/578/163 164/579/164
vt 0.405847 0.639865
vt 0.389786 0.639166
vt 0.389181 0.659508
f 164/580/164 165/581/165 162/582/162
vt 0.415326 0.677119
vt 0.422086 0.643817
vt 0.405847 0.639865
f 166/583/166 167/584/167 164/585/164
vt 0.405847 0.639865
vt 0.399999 0.667890
vt 0.415326 0.677119
f 164/586/164 163/587/163 166/588/166
vt 0.424536 0.606176
vt 0.407253 0.606282
vt 0.405847 0.639865
f 168/589/168 169/590/169 164/591/164
vt 0.405847 0.639865
vt 0.422086 0.643817
vt 0.424536 0.606176
f 164/592/164 167/593/167 168/594/168
vt 0.389620 0.608784
vt 0.389786 0.639166
vt 0.405847 0.639865
f 170/595/170 165/596/165 164/597/164
vt 0.405847 0.639865
vt 0.407253 0.606282
vt 0.389620 0.608784
f 164/598/164 169/599/169 170/600/170
vt 0.453614 0.688920
vt 0.458506 0.649590
vt 0.439606 0.647115
f 171/601/171 172/602/172 173/603/173
vt 0.439606 0.647115
vt 0.433253 0.684073
vt 0.453614 0.688920
f 173/604/173 174/605/174 171/606/171
vt 0.460469 0.607883
vt 0.442136 0.606915
vt 0.439606 0.647115
f 175/607/175 176/608/176 173/609/173
vt 0.439606 0.647115
vt 0.458506 0.649590
vt 0.460469 0.607883
f 173/610/173 172/611/172 175/612/175
vt 0.424536 0.606176
vt 0.422086 0.643817
vt 0.439606 0.647115
f 168/613/168 167/614/167 173/615/173
vt 0.439606 0.647115
vt 0.442136 0.606915
vt 0.424536 0.606176
f 173/616/173 176/617/176 168/618/168
vt 0.415326 0.677119
vt 0.433253 0.684073
vt 0.439606 0.647115
f 166/619/166 174/620/174 173/621/173
vt 0.439606 0.647115
vt 0.422086 0.643817
vt 0.415326 0.677119
f 173/622/173 167/623/167 166/624/166
vt 0.456929 0.513313
vt 0.437375 0.514884
vt 0.441255 0.562997
f 177/625/177 178/626/178 179/627/179
vt 0.441255 0.562997
vt 0.459833 0.562793
vt 0.456929 0.513313
f 179/628/179 180/629/180 177/630/177
vt 0.418987 0.517805
vt 0.423394 0.564052
vt 0.441255 0.562997
f 181/631/181 182/632/182 179/633/179
vt 0.441255 0.562997
vt 0.437375 0.514884
vt 0.418987 0.517805
f 179/634/179 178/635/178 181/636/181
vt 0.424536 0.606176
vt 0.442136 0.606915
vt 0.441255 0.562997
f 168/637/168 176/638/176 179/639/179
vt 0.441255 0.562997
vt 0.423394 0.564052
vt 0.424536 0.606176
f 179/640/179 182/641/182 168/642/168
vt 0.460469 0.607883
vt 0.459833 0.562793
vt 0.441255 0.562997
f 175/643/175 180/644/180 179/645/179
vt 0.441255 0.562997
vt 0.442136 0.606915
vt 0.460469 0.607883
f 179/646/179 176/647/176 175/648/175
vt 0.384039 0.530583
vt 0.387865 0.571793
vt 0.405760 0.566727
f 183/649/183 184/650/184 185/651/185
vt 0.405760 0.566727
vt 0.401348 0.522798
vt 0.384039 0.530583
f 185/652/185 186/653/186 183/654/183
vt 0.389620 0.608784
vt 0.407253 0.606282
vt 0.405760 0.566727
f 170/655/170 169/656/169 185/657/185
vt 0.405760 0.566727
vt 0.387865 0.571793
vt 0.389620 0.608784
f 185/658/185 184/659/184 170/660/170
vt 0.424536 0.606176
vt 0.423394 0.564052
vt 0.405760 0.566727
f 168/661/168 182/662/182 185/663/185
vt 0.405760 0.566727
vt 0.407253 0.606282
vt 0.424536 0.606176
f 185/664/185 169/665/169 168/666/168
vt 0.418987 0.517805
vt 0.401348 0.522798
vt 0.405760 0.566727
f 181/667/181 186/668/186 185/669/185
vt 0.405760 0.566727
vt 0.423394 0.564052
vt 0.418987 0.517805
f 185/670/185 182/671/182 181/672/181
vt 0.453614 0.688920
vt 0.476242 0.691828
vt 0.478885 0.651075
f 171/673/171 187/674/187 188/675/188
vt 0.478885 0.651075
vt 0.458506 0.649590
vt 0.453614 0.688920
f 188/676/188 172/677/172 171/678/171
vt 0.500003 0.692797
vt 0.500003 0.651570
vt 0.478885 0.651075
f 189/679/189 190/680/190 188/681/188
vt 0.478885 0.651075
vt 0.476242 0.691828
vt 0.500003 0.692797
f 188/682/188 187/683/187 189/684/189
vt 0.500003 0.608657
vt 0.479949 0.608464
vt 0.478885 0.651075
f 191/685/191 192/686/192 188/687/188
vt 0.478885 0.651075
vt 0.500003 0.651570
vt 0.500003 0.608657
f 188/688/188 190/689/190 191/690/191
vt 0.460469 0.607883
vt 0.458506 0.649590
vt 0.478885 0.651075
f 175/691/175 172/692/172 188/693/188
vt 0.478885 0.651075
vt 0.479949 0.608464
vt 0.460469 0.607883
f 188/694/188 192/695/192 175/696/175
vt 0.546393 0.688918
vt 0.541500 0.649589
vt 0.521121 0.651074
f 193/697/193 194/698/194 195/699/195
vt 0.521121 0.651074
vt 0.523765 0.691827
vt 0.546393 0.688918
f 195/700/195 196/701/196 193/702/193
vt 0.539537 0.607882
vt 0.520057 0.608463
vt 0.521121 0.651074
f 197/703/197 198/704/198 195/705/195
vt 0.521121 0.651074
vt 0.541500 0.649589
vt 0.539537 0.607882
f 195/706/195 194/707/194 197/708/197
vt 0.500003 0.608657
vt 0.500003 0.651570
vt 0.521121 0.651074
f 191/709/191 190/710/190 195/711/195
vt 0.521121 0.651074
vt 0.520057 0.608463
vt 0.500003 0.608657
f 195/712/195 198/713/198 191/714/191
vt 0.500003 0.692797
vt 0.523765 0.691827
vt 0.521121 0.651074
f 189/715/189 196/716/196 195/717/195
vt 0.521121 0.651074
vt 0.500003 0.651570
vt 0.500003 0.692797
f 195/718/195 190/719/190 189/720/189
vt 0.543077 0.513313
vt 0.521937 0.512370
vt 0.520390 0.562670
f 199/721/199 200/722/200 201/723/201
vt 0.520390 0.562670
vt 0.540174 0.562792
vt 0.543077 0.513313
f 201/724/201 202/725/202 199/726/199
vt 0.500003 0.512055
vt 0.500003 0.562629
vt 0.520390 0.562670
f 203/727/203 204/728/204 201/729/201
vt 0.520390 0.562670
vt 0.521937 0.512370
vt 0.500003 0.512055
f 201/730/201 200/731/200 203/732/203
vt 0.500003 0.608657
vt 0.520057 0.608463
vt 0.520390 0.562670
f 191/733/191 198/734/198 201/735/201
vt 0.520390 0.562670
vt 0.500003 0.562629
vt 0.500003 0.608657
f 201/736/201 204/737/204 191/738/191
vt 0.539537 0.607882
vt 0.540174 0.562792
vt 0.520390 0.562670
f 197/739/197 202/740/202 201/741/201
vt 0.520390 0.562670
vt 0.520057 0.608463
vt 0.539537 0.607882
f 201/742/201 198/743/198 197/744/197
vt 0.456929 0.513313
vt 0.459833 0.562793
vt 0.479616 0.562670
f 177/745/177 180/746/180 205/747/205
vt 0.479616 0.562670
vt 0.478070 0.512370
vt 0.456929 0.513313
f 205/748/205 206/749/206 177/750/177
vt 0.460469 0.607883
vt 0.479949 0.608464
vt 0.479616 0.562670
f 175/751/175 192/752/192 205/753/205
vt 0.479616 0.562670
vt 0.459833 0.562793
vt 0.460469 0.607883
f 205/754/205 180/755/180 175/756/175
vt 0.500003 0.608657
vt 0.500003 0.562629
vt 0.479616 0.562670
f 191/757/191 204/758/204 205/759/205
vt 0.479616 0.562670
vt 0.479949 0.608464
vt 0.500003 0.608657
f 205/760/205 192/761/192 191/762/191
vt 0.500003 0.512055
vt 0.478070 0.512370
vt 0.479616 0.562670
f 203/763/203 206/764/206 205/765/205
vt 0.479616 0.562670
vt 0.500003 0.562629
vt 0.500003 0.512055
f 205/766/205 204/767/204 203/768/203
vt 0.546393 0.688918
vt 0.566753 0.684071
vt 0.560400 0.647113
f 193/769/193 207/770/207 208/771/208
vt 0.560400 0.647113
vt 0.541500 0.649589
vt 0.546393 0.688918
f 208/772/208 194/773/194 193/774/193
vt 0.584680 0.677117
vt 0.577919 0.643815
vt 0.560400 0.647113
f 209/775/209 210/776/210 208/777/208
vt 0.560400 0.647113
vt 0.566753 0.684071
vt 0.584680 0.677117
f 208/778/208 207/779/207 209/780/209
vt 0.575469 0.606174
vt 0.557870 0.606914
vt 0.560400 0.647113
f 211/781/211 212/782/212 208/783/208
vt 0.560400 0.647113
vt 0.577919 0.643815
vt 0.575469 0.606174
f 208/784/208 210/785/210 211/786/211
vt 0.539537 0.607882
vt 0.541500 0.649589
vt 0.560400 0.647113
f 197/787/197 194/788/194 208/789/208
vt 0.560400 0.647113
vt 0.557870 0.606914
vt 0.539537 0.607882
f 208/790/208 212/791/212 197/792/197
vt 0.610824 0.659505
vt 0.610218 0.639163
vt 0.594158 0.639863
f 213/793/213 214/794/214 215/795/215
vt 0.594158 0.639863
vt 0.600007 0.667887
vt 0.610824 0.659505
f 215/796/215 216/797/216 213/798/213
vt 0.610384 0.608782
vt 0.592752 0.606280
vt 0.594158 0.639863
f 217/799/217 218/800/218 215/801/215
vt 0.594158 0.639863
vt 0.610218 0.639163
vt 0.610384 0.608782
f 215/802/215 214/803/214 217/804/217
vt 0.575469 0.606174
vt 0.577919 0.643815
vt 0.594158 0.639863
f 211/805/211 210/806/210 215/807/215
vt 0.594158 0.639863
vt 0.592752 0.606280
vt 0.575469 0.606174
f 215/808/215 218/809/218 211/810/211
vt 0.584680 0.677117
vt 0.600007 0.667887
vt 0.594158 0.639863
f 209/811/209 216/812/216 215/813/215
vt 0.594158 0.639863
vt 0.577919 0.643815
vt 0.584680 0.677117
f 215/814/215 210/815/210 209/816/209
vt 0.615966 0.530582
vt 0.598657 0.522798
vt 0.594245 0.566726
f 219/817/219 220/818/220 221/819/221
vt 0.594245 0.566726
vt 0.612140 0.571791
vt 0.615966 0.530582
f 221/820/221 222/821/222 219/822/219
vt 0.581018 0.517805
vt 0.576611 0.564051
vt 0.594245 0.566726
f 223/823/223 224/824/224 221/825/221
vt 0.594245 0.566726
vt 0.598657 0.522798
vt 0.581018 0.517805
f 221/826/221 220/827/220 223/828/223
vt 0.575469 0.606174
vt 0.592752 0.606280
vt 0.594245 0.566726
f 211/829/211 218/830/218 221/831/221
vt 0.594245 0.566726
vt 0.576611 0.564051
vt 0.575469 0.606174
f 221/832/221 224/833/224 211/834/211
vt 0.610384 0.608782
vt 0.612140 0.571791
vt 0.594245 0.566726
f 217/835/217 222/836/222 221/837/221
vt 0.594245 0.566726
vt 0.592752 0.606280
vt 0.610384 0.608782
f 221/838/221 218/839/218 217/840/217
vt 0.543077 0.513313
vt 0.540174 0.562792
vt 0.558751 0.562996
f 199/841/199 202/842/202 225/843/225
vt 0.558751 0.562996
vt 0.562631 0.514884
vt 0.543077 0.513313
f 225/844/225 226/845/226 199/846/199
vt 0.539537 0.607882
vt 0.557870 0.606914
vt 0.558751 0.562996
f 197/847/197 212/848/212 225/849/225
vt 0.558751 0.562996
vt 0.540174 0.562792
vt 0.539537 0.607882
f 225/850/225 202/851/202 197/852/197
vt 0.575469 0.606174
vt 0.576611 0.564051
vt 0.558751 0.562996
f 211/853/211 224/854/224 225/855/225
vt 0.558751 0.562996
vt 0.557870 0.606914
vt 0.575469 0.606174
f 225/856/225 212/857/212 211/858/211
vt 0.581018 0.517805
vt 0.562631 0.514884
vt 0.558751 0.562996
f 223/859/223 226/860/226 225/861/225
vt 0.558751 0.562996
vt 0.576611 0.564051
vt 0.581018 0.517805
f 225/862/225 224/863/224 223/864/223
vt 0.384039 0.530583
vt 0.401348 0.522798
vt 0.393994 0.476089
f 183/865/183 186/866/186 227/867/227
vt 0.393994 0.476089
vt 0.377662 0.487547
vt 0.384039 0.530583
f 227/868/227 228/869/228 183/870/183
vt 0.418987 0.517805
vt 0.411642 0.467796
vt 0.393994 0.476089
f 181/871/181 229/872/229 227/873/227
vt 0.393994 0.476089
vt 0.401348 0.522798
vt 0.418987 0.517805
f 227/874/227 186/875/186 181/876/181
vt 0.402827 0.416759
vt 0.384277 0.428437
vt 0.393994 0.476089
f 230/877/230 231/878/231 227/879/227
vt 0.393994 0.476089
vt 0.411642 0.467796
vt 0.402827 0.416759
f 227/880/227 229/881/229 230/882/230
vt 0.367949 0.444497
vt 0.377662 0.487547
vt 0.393994 0.476089
f 232/883/232 228/884/228 227/885/227
vt 0.393994 0.476089
vt 0.384277 0.428437
vt 0.367949 0.444497
f 227/886/227 231/887/231 232/888/232
vt 0.456929 0.513313
vt 0.452091 0.458436
vt 0.430907 0.462100
f 177/889/177 233/890/233 234/891/234
vt 0.430907 0.462100
vt 0.437375 0.514884
vt 0.456929 0.513313
f 234/892/234 178/893/178 177/894/177
vt 0.446343 0.401800
vt 0.423333 0.407948
vt 0.430907 0.462100
f 235/895/235 236/896/236 234/897/234
vt 0.430907 0.462100
vt 0.452091 0.458436
vt 0.446343 0.401800
f 234/898/234 233/899/233 235/900/235
vt 0.402827 0.416759
vt 0.411642 0.467796
vt 0.430907 0.462100
f 230/901/230 229/902/229 234/903/234
vt 0.430907 0.462100
vt 0.423333 0.407948
vt 0.402827 0.416759
f 234/904/234 236/905/236 230/906/230
vt 0.418987 0.517805
vt 0.437375 0.514884
vt 0.430907 0.462100
f 181/907/181 178/908/178 234/909/234
vt 0.430907 0.462100
vt 0.411642 0.467796
vt 0.418987 0.517805
f 234/910/234 229/911/229 181/912/181
vt 0.436231 0.297790
vt 0.410779 0.308754
vt 0.416130 0.355732
f 237/913/237 238/914/238 239/915/239
vt 0.416130 0.355732
vt 0.440714 0.347039
vt 0.436231 0.297790
f 239/916/239 240/917/240 237/918/237
vt 0.387833 0.322147
vt 0.394008 0.367433
vt 0.416130 0.355732
f 241/919/241 242/920/242 239/921/239
vt 0.416130 0.355732
vt 0.410779 0.308754
vt 0.387833 0.322147
f 239/922/239 238/923/238 241/924/241
vt 0.402827 0.416759
vt 0.423333 0.407948
vt 0.416130 0.355732
f 230/925/230 236/926/236 239/927/239
vt 0.416130 0.355732
vt 0.394008 0.367433
vt 0.402827 0.416759
f 239/928/239 242/929/242 230/930/230
vt 0.446343 0.401800
vt 0.440714 0.347039
vt 0.416130 0.355732
f 235/931/235 240/932/240 239/933/239
vt 0.416130 0.355732
vt 0.423333 0.407948
vt 0.446343 0.401800
f 239/934/239 236/935/236 235/936/235
vt 0.334911 0.356137
vt 0.354112 0.403246
vt 0.372776 0.381676
f 243/937/243 244/938/244 245/939/245
vt 0.372776 0.381676
vt 0.364783 0.336022
vt 0.334911 0.356137
f 245/940/245 246/941/246 243/942/243
vt 0.367949 0.444497
vt 0.384277 0.428437
vt 0.372776 0.381676
f 232/943/232 231/944/231 245/945/245
vt 0.372776 0.381676
vt 0.354112 0.403246
vt 0.367949 0.444497
f 245/946/245 244/947/244 232/948/232
vt 0.402827 0.416759
vt 0.394008 0.367433
vt 0.372776 0.381676
f 230/949/230 242/950/242 245/951/245
vt 0.372776 0.381676
vt 0.384277 0.428437
vt 0.402827 0.416759
f 245/952/245 231/953/231 230/954/230
vt 0.387833 0.322147
vt 0.364783 0.336022
vt 0.372776 0.381676
f 241/955/241 246/956/246 245/957/245
vt 0.372776 0.381676
vt 0.394008 0.367433
vt 0.387833 0.322147
f 245/958/245 242/959/242 241/960/241
vt 0.456929 0.513313
vt 0.478070 0.512370
vt 0.475492 0.456238
f 177/961/177 206/962/206 247/963/247
vt 0.475492 0.456238
vt 0.452091 0.458436
vt 0.456929 0.513313
f 247/964/247 233/965/233 177/966/177
vt 0.500003 0.512055
vt 0.500003 0.455505
vt 0.475492 0.456238
f 203/967/203 248/968/248 247/969/247
vt 0.475492 0.456238
vt 0.478070 0.512370
vt 0.500003 0.512055
f 247/970/247 206/971/206 203/972/203
vt 0.499995 0.396879
vt 0.472406 0.398110
vt 0.475492 0.456238
f 249/973/249 250/974/250 247/975/247
vt 0.475492 0.456238
vt 0.500003 0.455505
vt 0.499995 0.396879
f 247/976/247 248/977/248 249/978/249
vt 0.446343 0.401800
vt 0.452091 0.458436
vt 0.475492 0.456238
f 235/979/235 233/980/233 247/981/247
vt 0.475492 0.456238
vt 0.472406 0.398110
vt 0.446343 0.401800
f 247/982/247 250/983/250 235/984/235
vt 0.543077 0.513313
vt 0.547916 0.458437
vt 0.524514 0.456239
f 199/985/199 251/986/251 252/987/252
vt 0.524514 0.456239
vt 0.521937 0.512370
vt 0.543077 0.513313
f 252/988/252 200/989/200 199/990/199
vt 0.553648 0.401796
vt 0.527584 0.398108
vt 0.524514 0.456239
f 253/991/253 254/992/254 252/993/252
vt 0.524514 0.456239
vt 0.547916 0.458437
vt 0.553648 0.401796
f 252/994/252 251/995/251 253/996/253
vt 0.499995 0.396879
vt 0.500003 0.455505
vt 0.524514 0.456239
f 249/997/249 248/998/248 252/999/252
vt 0.524514 0.456239
vt 0.527584 0.398108
vt 0.499995 0.396879
f 252/1000/252 254/1001/254 249/1002/249
vt 0.500003 0.512055
vt 0.521937 0.512370
vt 0.524514 0.456239
f 203/1003/203 200/1004/200 252/1005/252
vt 0.524514 0.456239
vt 0.500003 0.455505
vt 0.500003 0.512055
f 252/1006/252 248/1007/248 203/1008/203
vt 0.563617 0.297739
vt 0.533042 0.291173
vt 0.530607 0.341809
f 255/1009/255 256/1010/256 257/1011/257
vt 0.530607 0.341809
vt 0.559229 0.347020
vt 0.563617 0.297739
f 257/1012/257 258/1013/258 255/1014/255
vt 0.499917 0.288996
vt 0.499969 0.340076
vt 0.530607 0.341809
f 259/1015/259 260/1016/260 257/1017/257
vt 0.530607 0.341809
vt 0.533042 0.291173
vt 0.499917 0.288996
f 257/1018/257 256/1019/256 259/1020/259
vt 0.499995 0.396879
vt 0.527584 0.398108
vt 0.530607 0.341809
f 249/1021/249 254/1022/254 257/1023/257
vt 0.530607 0.341809
vt 0.499969 0.340076
vt 0.499995 0.396879
f 257/1024/257 260/1025/260 249/1026/249
vt 0.553648 0.401796
vt 0.559229 0.347020
vt 0.530607 0.341809
f 253/1027/253 258/1028/258 257/1029/257
vt 0.530607 0.341809
vt 0.527584 0.398108
vt 0.553648 0.401796
f 257/1030/257 254/1031/254 253/1032/253
vt 0.436231 0.297790
vt 0.440714 0.347039
vt 0.469333 0.341820
f 237/1033/237 240/1034/240 261/1035/261
vt 0.469333 0.341820
vt 0.466795 0.291202
vt 0.436231 0.297790
f 261/1036/261 262/1037/262 237/1038/237
vt 0.446343 0.401800
vt 0.472406 0.398110
vt 0.469333 0.341820
f 235/1039/235 250/1040/250 261/1041/261
vt 0.469333 0.341820
vt 0.440714 0.347039
vt 0.446343 0.401800
f 261/1042/261 240/1043/240 235/1044/235
vt 0.499995 0.396879
vt 0.499969 0.340076
vt 0.469333 0.341820
f 249/1045/249 260/1046/260 261/1047/261
vt 0.469333 0.341820
vt 0.472406 0.398110
vt 0.499995 0.396879
f 261/1048/261 250/1049/250 249/1050/249
vt 0.499917 0.288996
vt 0.466795 0.291202
vt 0.469333 0.341820
f 259/1051/259 262/1052/262 261/1053/261
vt 0.469333 0.341820
vt 0.499969 0.340076
vt 0.499917 0.288996
f 261/1054/261 260/1055/260 259/1056/259
vt 0.543077 0.513313
vt 0.562631 0.514884
vt 0.569099 0.462101
f 199/1057/199 226/1058/226 263/1059/263
vt 0.569099 0.462101
vt 0.547916 0.458437
vt 0.543077 0.513313
f 263/1060/263 251/1061/251 199/1062/199
vt 0.581018 0.517805
vt 0.588364 0.467797
vt 0.569099 0.462101
f 223/1063/223 264/1064/264 263/1065/263
vt 0.569099 0.462101
vt 0.562631 0.514884
vt 0.581018 0.517805
f 263/1066/263 226/1067/226 223/1068/223
vt 0.597138 0.416741
vt 0.576660 0.407944
vt 0.569099 0.462101
f 265/1069/265 266/1070/266 263/1071/263
vt 0.569099 0.462101
vt 0.588364 0.467797
vt 0.597138 0.416741
f 263/1072/263 264/1073/264 265/1074/265
vt 0.553648 0.401796
vt 0.547916 0.458437
vt 0.569099 0.462101
f 253/1075/253 251/1076/251 263/1077/263
vt 0.569099 0.462101
vt 0.576660 0.407944
vt 0.553648 0.401796
f 263/1078/263 266/1079/266 253/1080/253
vt 0.615966 0.530582
vt 0.622342 0.487547
vt 0.606011 0.476090
f 219/1081/219 267/1082/267 268/1083/268
vt 0.606011 0.476090
vt 0.598657 0.522798
vt 0.615966 0.530582
f 268/1084/268 220/1085/220 219/1086/219
vt 0.631842 0.444394
vt 0.615601 0.428377
vt 0.606011 0.476090
f 269/1087/269 270/1088/270 268/1089/268
vt 0.606011 0.476090
vt 0.622342 0.487547
vt 0.631842 0.444394
f 268/1090/268 267/1091/267 269/1092/269
vt 0.597138 0.416741
vt 0.588364 0.467797
vt 0.606011 0.476090
f 265/1093/265 264/1094/264 268/1095/268
vt 0.606011 0.476090
vt 0.615601 0.428377
vt 0.597138 0.416741
f 268/1096/268 270/1097/270 265/1098/265
vt 0.581018 0.517805
vt 0.598657 0.522798
vt 0.606011 0.476090
f 223/1099/223 220/1100/220 268/1101/268
vt 0.606011 0.476090
vt 0.588364 0.467797
vt 0.581018 0.517805
f 268/1102/268 264/1103/264 223/1104/223
vt 0.662699 0.354972
vt 0.634286 0.335564
vt 0.626720 0.381431
f 271/1105/271 272/1106/272 273/1107/273
vt 0.626720 0.381431
vt 0.645036 0.402834
vt 0.662699 0.354972
f 273/1108/273 274/1109/274 271/1110/271
vt 0.611845 0.321989
vt 0.605832 0.367355
vt 0.626720 0.381431
f 275/1111/275 276/1112/276 273/1113/273
vt 0.626720 0.381431
vt 0.634286 0.335564
vt 0.611845 0.321989
f 273/1114/273 272/1115/272 275/1116/275
vt 0.597138 0.416741
vt 0.615601 0.428377
vt 0.626720 0.381431
f 265/1117/265 270/1118/270 273/1119/273
vt 0.626720 0.381431
vt 0.605832 0.367355
vt 0.597138 0.416741
f 273/1120/273 276/1121/276 265/1122/265
vt 0.631842 0.444394
vt 0.645036 0.402834
vt 0.626720 0.381431
f 269/1123/269 274/1124/274 273/1125/273
vt 0.626720 0.381431
vt 0.615601 0.428377
vt 0.631842 0.444394
f 273/1126/273 270/1127/270 269/1128/269
vt 0.563617 0.297739
vt 0.559229 0.347020
vt 0.583820 0.355710
f 255/1129/255 258/1130/258 277/1131/277
vt 0.583820 0.355710
vt 0.589086 0.308696
vt 0.563617 0.297739
f 277/1132/277 278/1133/278 255/1134/255
vt 0.553648 0.401796
vt 0.576660 0.407944
vt 0.583820 0.355710
f 253/1135/253 266/1136/266 277/1137/277
vt 0.583820 0.355710
vt 0.559229 0.347020
vt 0.553648 0.401796
f 277/1138/277 258/1139/258 253/1140/253
vt 0.597138 0.416741
vt 0.605832 0.367355
vt 0.583820 0.355710
f 265/1141/265 276/1142/276 277/1143/277
vt 0.583820 0.355710
vt 0.576660 0.407944
vt 0.597138 0.416741
f 277/1144/277 266/1145/266 265/1146/265
vt 0.611845 0.321989
vt 0.589086 0.308696
vt 0.583820 0.355710
f 275/1147/275 278/1148/278 277/1149/277
vt 0.583820 0.355710
vt 0.605832 0.367355
vt 0.611845 0.321989
f 277/1150/277 276/1151/276 275/1152/275
vt 0.334911 0.356137
vt 0.364783 0.336022
vt 0.365589 0.291689
f 243/1153/243 246/1154/246 279/1155/279
vt 0.365589 0.291689
vt 0.340332 0.294102
vt 0.334911 0.356137
f 279/1156/279 280/1157/280 243/1158/243
vt 0.387833 0.322147
vt 0.386946 0.283234
vt 0.365589 0.291689
f 241/1159/241 281/1160/281 279/1161/279
vt 0.365589 0.291689
vt 0.364783 0.336022
vt 0.387833 0.322147
f 279/1162/279 246/1163/246 241/1164/241
vt 0.389818 0.258326
vt 0.377339 0.252845
vt 0.365589 0.291689
f 282/1165/282 283/1166/283 279/1167/279
vt 0.365589 0.291689
vt 0.386946 0.283234
vt 0.389818 0.258326
f 279/1168/279 281/1169/281 282/1170/282
vt 0.355998 0.246717
vt 0.340332 0.294102
vt 0.365589 0.291689
f 284/1171/284 280/1172/280 279/1173/279
vt 0.365589 0.291689
vt 0.377339 0.252845
vt 0.355998 0.246717
f 279/1174/279 283/1175/283 284/1176/284
vt 0.436231 0.297790
vt 0.433920 0.257688
vt 0.408760 0.270318
f 237/1177/237 285/1178/285 286/1179/286
vt 0.408760 0.270318
vt 0.410779 0.308754
vt 0.436231 0.297790
f 286/1180/286 238/1181/238 237/1182/237
vt 0.433706 0.226337
vt 0.406937 0.241570
vt 0.408760 0.270318
f 287/1183/287 288/1184/288 286/1185/286
vt 0.408760 0.270318
vt 0.433920 0.257688
vt 0.433706 0.226337
f 286/1186/286 285/1187/285 287/1188/287
vt 0.389818 0.258326
vt 0.386946 0.283234
vt 0.408760 0.270318
f 282/1189/282 281/1190/281 286/1191/286
vt 0.408760 0.270318
vt 0.406937 0.241570
vt 0.389818 0.258326
f 286/1192/286 288/1193/288 282/1194/282
vt 0.387833 0.322147
vt 0.410779 0.308754
vt 0.408760 0.270318
f 241/1195/241 238/1196/238 286/1197/286
vt 0.408760 0.270318
vt 0.386946 0.283234
vt 0.387833 0.322147
f 286/1198/286 281/1199/281 241/1200/241
vt 0.441722 0.182299
vt 0.385482 0.209090
vt 0.402176 0.223656
f 289/1201/289 290/1202/290 291/1203/291
vt 0.402176 0.223656
vt 0.435512 0.203339
vt 0.441722 0.182299
f 291/1204/291 292/1205/292 289/1206/289
vt 0.355998 0.246717
vt 0.377339 0.252845
vt 0.402176 0.223656
f 284/1207/284 283/1208/283 291/1209/291
vt 0.402176 0.223656
vt 0.385482 0.209090
vt 0.355998 0.246717
f 291/1210/291 290/1211/290 284/1212/284
vt 0.389818 0.258326
vt 0.406937 0.241570
vt 0.402176 0.223656
f 282/1213/282 288/1214/288 291/1215/291
vt 0.402176 0.223656
vt 0.377339 0.252845
vt 0.389818 0.258326
f 291/1216/291 283/1217/283 282/1218/282
vt 0.433706 0.226337
vt 0.435512 0.203339
vt 0.402176 0.223656
f 287/1219/287 292/1220/292 291/1221/291
vt 0.402176 0.223656
vt 0.406937 0.241570
vt 0.433706 0.226337
f 291/1222/291 288/1223/288 287/1224/287
vt 0.436231 0.297790
vt 0.466795 0.291202
vt 0.465314 0.250092
f 237/1225/237 262/1226/262 293/1227/293
vt 0.465314 0.250092
vt 0.433920 0.257688
vt 0.436231 0.297790
f 293/1228/293 285/1229/285 237/1230/237
vt 0.499917 0.288996
vt 0.499830 0.247538
vt 0.465314 0.250092
f 259/1231/259 294/1232/294 293/1233/293
vt 0.465314 0.250092
vt 0.466795 0.291202
vt 0.499917 0.288996
f 293/1234/293 262/1235/262 259/1236/259
vt 0.502613 0.214072
vt 0.466700 0.217168
vt 0.465314 0.250092
f 295/1237/295 296/1238/296 293/1239/293
vt 0.465314 0.250092
vt 0.499830 0.247538
vt 0.502613 0.214072
f 293/1240/293 294/1241/294 295/1242/295
vt 0.433706 0.226337
vt 0.433920 0.257688
vt 0.465314 0.250092
f 287/1243/287 285/1244/285 293/1245/293
vt 0.465314 0.250092
vt 0.466700 0.217168
vt 0.433706 0.226337
f 293/1246/293 296/1247/296 287/1248/287
vt 0.563617 0.297739
vt 0.565769 0.257584
vt 0.534352 0.250033
f 255/1249/255 297/1250/297 298/1251/298
vt 0.534352 0.250033
vt 0.533042 0.291173
vt 0.563617 0.297739
f 298/1252/298 256/1253/256 255/1254/255
vt 0.569971 0.226133
vt 0.538139 0.217058
vt 0.534352 0.250033
f 299/1255/299 300/1256/300 298/1257/298
vt 0.534352 0.250033
vt 0.565769 0.257584
vt 0.569971 0.226133
f 298/1258/298 297/1259/297 299/1260/299
vt 0.502613 0.214072
vt 0.499830 0.247538
vt 0.534352 0.250033
f 295/1261/295 294/1262/294 298/1263/298
vt 0.534352 0.250033
vt 0.538139 0.217058
vt 0.502613 0.214072
f 298/1264/298 300/1265/300 295/1266/295
vt 0.499917 0.288996
vt 0.533042 0.291173
vt 0.534352 0.250033
f 259/1267/259 256/1268/256 298/1269/298
vt 0.534352 0.250033
vt 0.499830 0.247538
vt 0.499917 0.288996
f 298/1270/298 294/1271/294 259/1272/259
vt 0.599594 0.184163
vt 0.566724 0.168891
vt 0.548006 0.190920
f 301/1273/301 302/1274/302 303/1275/303
vt 0.548006 0.190920
vt 0.580510 0.202967
vt 0.599594 0.184163
f 303/1276/303 304/1277/304 301/1278/301
vt 0.528994 0.163477
vt 0.511174 0.186968
vt 0.548006 0.190920
f 305/1279/305 306/1280/306 303/1281/303
vt 0.548006 0.190920
vt 0.566724 0.168891
vt 0.528994 0.163477
f 303/1282/303 302/1283/302 305/1284/305
vt 0.502613 0.214072
vt 0.538139 0.217058
vt 0.548006 0.190920
f 295/1285/295 300/1286/300 303/1287/303
vt 0.548006 0.190920
vt 0.511174 0.186968
vt 0.502613 0.214072
f 303/1288/303 306/1289/306 295/1290/295
vt 0.569971 0.226133
vt 0.580510 0.202967
vt 0.548006 0.190920
f 299/1291/299 304/1292/304 303/1293/303
vt 0.548006 0.190920
vt 0.538139 0.217058
vt 0.569971 0.226133
f 303/1294/303 300/1295/300 299/1296/299
vt 0.441722 0.182299
vt 0.435512 0.203339
vt 0.472761 0.191109
f 289/1297/289 292/1298/292 307/1299/307
vt 0.472761 0.191109
vt 0.488443 0.167521
vt 0.441722 0.182299
f 307/1300/307 308/1301/308 289/1302/289
vt 0.433706 0.226337
vt 0.466700 0.217168
vt 0.472761 0.191109
f 287/1303/287 296/1304/296 307/1305/307
vt 0.472761 0.191109
vt 0.435512 0.203339
vt 0.433706 0.226337
f 307/1306/307 292/1307/292 287/1308/287
vt 0.502613 0.214072
vt 0.511174 0.186968
vt 0.472761 0.191109
f 295/1309/295 306/1310/306 307/1311/307
vt 0.472761 0.191109
vt 0.466700 0.217168
vt 0.502613 0.214072
f 307/1312/307 296/1313/296 295/1314/295
vt 0.528994 0.163477
vt 0.488443 0.167521
vt 0.472761 0.191109
f 305/1315/305 308/1316/308 307/1317/307
vt 0.472761 0.191109
vt 0.511174 0.186968
vt 0.528994 0.163477
f 307/1318/307 306/1319/306 305/1320/305
vt 0.563617 0.297739
vt 0.589086 0.308696
vt 0.590965 0.270199
f 255/1321/255 278/1322/278 309/1323/309
vt 0.590965 0.270199
vt 0.565769 0.257584
vt 0.563617 0.297739
f 309/1324/309 297/1325/297 255/1326/255
vt 0.611845 0.321989
vt 0.612572 0.282994
vt 0.590965 0.270199
f 275/1327/275 310/1328/310 309/1329/309
vt 0.590965 0.270199
vt 0.589086 0.308696
vt 0.611845 0.321989
f 309/1330/309 278/1331/278 275/1332/275
vt 0.610466 0.257957
vt 0.594801 0.241307
vt 0.590965 0.270199
f 311/1333/311 312/1334/312 309/1335/309
vt 0.590965 0.270199
vt 0.612572 0.282994
vt 0.610466 0.257957
f 309/1336/309 310/1337/310 311/1338/311
vt 0.569971 0.226133
vt 0.565769 0.257584
vt 0.590965 0.270199
f 299/1339/299 297/1340/297 309/1341/309
vt 0.590965 0.270199
vt 0.594801 0.241307
vt 0.569971 0.226133
f 309/1342/309 312/1343/312 299/1344/299
vt 0.662699 0.354972
vt 0.656791 0.292654
vt 0.633218 0.291086
f 271/1345/271 313/1346/313 314/1347/314
vt 0.633218 0.291086
vt 0.634286 0.335564
vt 0.662699 0.354972
f 314/1348/314 272/1349/272 271/1350/271
vt 0.644634 0.245769
vt 0.623706 0.252200
vt 0.633218 0.291086
f 315/1351/315 316/1352/316 314/1353/314
vt 0.633218 0.291086
vt 0.656791 0.292654
vt 0.644634 0.245769
f 314/1354/314 313/1355/313 315/1356/315
vt 0.610466 0.257957
vt 0.612572 0.282994
vt 0.633218 0.291086
f 311/1357/311 310/1358/310 314/1359/314
vt 0.633218 0.291086
vt 0.623706 0.252200
vt 0.610466 0.257957
f 314/1360/314 316/1361/316 311/1362/311
vt 0.611845 0.321989
vt 0.634286 0.335564
vt 0.633218 0.291086
f 275/1363/275 272/1364/272 314/1365/314
vt 0.633218 0.291086
vt 0.612572 0.282994
vt 0.611845 0.321989
f 314/1366/314 310/1367/310 275/1368/275
vt 0.599594 0.184163
vt 0.580510 0.202967
vt 0.605940 0.223110
f 301/1369/301 304/1370/304 317/1371/317
vt 0.605940 0.223110
vt 0.625566 0.209698
vt 0.599594 0.184163
f 317/1372/317 318/1373/318 301/1374/301
vt 0.569971 0.226133
vt 0.594801 0.241307
vt 0.605940 0.223110
f 299/1375/299 312/1376/312 317/1377/317
vt 0.605940 0.223110
vt 0.580510 0.202967
vt 0.569971 0.226133
f 317/1378/317 304/1379/304 299/1380/299
vt 0.610466 0.257957
vt 0.623706 0.252200
vt 0.605940 0.223110
f 311/1381/311 316/1382/316 317/1383/317
vt 0.605940 0.223110
vt 0.594801 0.241307
vt 0.610466 0.257957
f 317/1384/317 312/1385/312 311/1386/311
vt 0.644634 0.245769
vt 0.625566 0.209698
vt 0.605940 0.223110
f 315/1387/315 318/1388/318 317/1389/317
vt 0.605940 0.223110
vt 0.623706 0.252200
vt 0.644634 0.245769
f 317/1390/317 316/1391/316 315/1392/315
vt 0.098201 0.673316
vt 0.089093 0.685534
vt 0.102260 0.713608
f 1/1393/1 4/1394/4 319/1395/319
vt 0.102260 0.713608
vt 0.110408 0.687734
vt 0.098201 0.673316
f 319/1396/319 320/1397/320 1/1398/1
vt 0.077084 0.702994
vt 0.090468 0.736537
vt 0.102260 0.713608
f 9/1399/9 321/1400/321 319/1401/319
vt 0.102260 0.713608
vt 0.089093 0.685534
vt 0.077084 0.702994
f 319/1402/319 4/1403/4 9/1404/9
vt 0.109517 0.766422
vt 0.121435 0.737642
vt 0.102260 0.713608
f 322/1405/322 323/1406/323 319/1407/319
vt 0.102260 0.713608
vt 0.090468 0.736537
vt 0.109517 0.766422
f 319/1408/319 321/1409/321 322/1410/322
vt 0.130058 0.706838
vt 0.110408 0.687734
vt 0.102260 0.713608
f 324/1411/324 320/1412/320 319/1413/319
vt 0.102260 0.713608
vt 0.121435 0.737642
vt 0.130058 0.706838
f 319/1414/319 323/1415/323 324/1416/324
vt 0.044780 0.737692
vt 0.061768 0.781741
vt 0.076630 0.759204
f 22/1417/22 325/1418/325 326/1419/326
vt 0.076630 0.759204
vt 0.063399 0.721776
vt 0.044780 0.737692
f 326/1420/326 23/1421/23 22/1422/22
vt 0.079405 0.824615
vt 0.094954 0.794744
vt 0.076630 0.759204
f 327/1423/327 328/1424/328 326/1425/326
vt 0.076630 0.759204
vt 0.061768 0.781741
vt 0.079405 0.824615
f 326/1426/326 325/1427/325 327/1428/327
vt 0.109517 0.766422
vt 0.090468 0.736537
vt 0.076630 0.759204
f 322/1429/322 321/1430/321 326/1431/326
vt 0.076630 0.759204
vt 0.094954 0.794744
vt 0.109517 0.766422
f 326/1432/326 328/1433/328 322/1434/322
vt 0.077084 0.702994
vt 0.063399 0.721776
vt 0.076630 0.759204
f 9/1435/9 23/1436/23 326/1437/326
vt 0.076630 0.759204
vt 0.090468 0.736537
vt 0.077084 0.702994
f 326/1438/326 321/1439/321 9/1440/9
vt 0.111981 0.896132
vt 0.141212 0.843757
vt 0.116004 0.825230
f 329/1441/329 330/1442/330 331/1443/331
vt 0.116004 0.825230
vt 0.095693 0.860373
vt 0.111981 0.896132
f 331/1444/331 332/1445/332 329/1446/329
vt 0.163715 0.806150
vt 0.133820 0.790861
vt 0.116004 0.825230
f 333/1447/333 334/1448/334 331/1449/331
vt 0.116004 0.825230
vt 0.141212 0.843757
vt 0.163715 0.806150
f 331/1450/331 330/1451/330 333/1452/333
vt 0.109517 0.766422
vt 0.094954 0.794744
vt 0.116004 0.825230
f 322/1453/322 328/1454/328 331/1455/331
vt 0.116004 0.825230
vt 0.133820 0.790861
vt 0.109517 0.766422
f 331/1456/331 334/1457/334 322/1458/322
vt 0.079405 0.824615
vt 0.095693 0.860373
vt 0.116004 0.825230
f 327/1459/327 332/1460/332 331/1461/331
vt 0.116004 0.825230
vt 0.094954 0.794744
vt 0.079405 0.824615
f 331/1462/331 328/1463/328 327/1464/327
vt 0.184503 0.736952
vt 0.155259 0.724759
vt 0.146648 0.758042
f 335/1465/335 336/1466/336 337/1467/337
vt 0.146648 0.758042
vt 0.177121 0.771297
vt 0.184503 0.736952
f 337/1468/337 338/1469/338 335/1470/335
vt 0.130058 0.706838
vt 0.121435 0.737642
vt 0.146648 0.758042
f 324/1471/324 323/1472/323 337/1473/337
vt 0.146648 0.758042
vt 0.155259 0.724759
vt 0.130058 0.706838
f 337/1474/337 336/1475/336 324/1476/324
vt 0.109517 0.766422
vt 0.133820 0.790861
vt 0.146648 0.758042
f 322/1477/322 334/1478/334 337/1479/337
vt 0.146648 0.758042
vt 0.121435 0.737642
vt 0.109517 0.766422
f 337/1480/337 323/1481/323 322/1482/322
vt 0.163715 0.806150
vt 0.177121 0.771297
vt 0.146648 0.758042
f 333/1483/333 338/1484/338 337/1485/337
vt 0.146648 0.758042
vt 0.133820 0.790861
vt 0.163715 0.806150
f 337/1486/337 334/1487/334 333/1488/333
vt 0.044780 0.737692
vt 0.022063 0.745981
vt 0.004998 0.785296
f 22/1489/22 28/1490/28 339/1491/339
vt 0.004998 0.785296
vt 0.027257 0.781739
vt 0.044780 0.737692
f 339/1492/339 340/1493/340 22/1494/22
vt -0.000004 0.753096
vt -0.017429 0.787964
vt 0.004998 0.785296
f 35/1495/35 341/1496/341 339/1497/339
vt 0.004998 0.785296
vt 0.022063 0.745981
vt -0.000004 0.753096
f 339/1498/339 28/1499/28 35/1500/35
vt -0.034558 0.824389
vt -0.012235 0.823722
vt 0.004998 0.785296
f 342/1501/342 343/1502/343 339/1503/339
vt 0.004998 0.785296
vt -0.017429 0.787964
vt -0.034558 0.824389
f 339/1504/339 341/1505/341 342/1506/342
vt 0.010383 0.824612
vt 0.027257 0.781739
vt 0.004998 0.785296
f 344/1507/344 345/1508/345 339/1509/339
vt 0.004998 0.785296
vt -0.012235 0.823722
vt 0.010383 0.824612
f 339/1510/339 343/1511/343 346/1512/346
vt -0.046836 0.753095
vt -0.063126 0.788853
vt -0.040193 0.788853
f 52/1513/52 347/1514/347 348/1515/348
vt -0.040193 0.788853
vt -0.023420 0.753096
vt -0.046836 0.753095
f 348/1516/348 53/1517/53 52/1518/52
vt -0.079416 0.824610
vt -0.056966 0.824610
vt -0.040193 0.788853
f 349/1519/349 350/1520/350 348/1521/348
vt -0.040193 0.788853
vt -0.063126 0.788853
vt -0.079416 0.824610
f 348/1522/348 347/1523/347 349/1524/349
vt -0.034558 0.824389
vt -0.017429 0.787964
vt -0.040193 0.788853
f 342/1525/342 341/1526/341 348/1527/348
vt -0.040193 0.788853
vt -0.056966 0.824610
vt -0.034558 0.824389
f 348/1528/348 350/1529/350 342/1530/342
vt -0.000004 0.753096
vt -0.023420 0.753096
vt -0.040193 0.788853
f 35/1531/35 53/1532/53 348/1533/348
vt -0.040193 0.788853
vt -0.017429 0.787964
vt -0.000004 0.753096
f 348/1534/348 341/1535/341 35/1536/35
vt -0.111995 0.896125
vt -0.090512 0.896125
vt -0.073739 0.860368
f 351/1537/351 352/1538/352 353/1539/353
vt -0.073739 0.860368
vt -0.095705 0.860367
vt -0.111995 0.896125
f 353/1540/353 354/1541/354 351/1542/351
vt -0.069029 0.896126
vt -0.051773 0.860368
vt -0.073739 0.860368
f 355/1543/355 356/1544/356 353/1545/353
vt -0.073739 0.860368
vt -0.090512 0.896125
vt -0.069029 0.896126
f 353/1546/353 352/1547/352 355/1548/355
vt -0.034558 0.824389
vt -0.056966 0.824610
vt -0.073739 0.860368
f 342/1549/342 350/1550/350 353/1551/353
vt -0.073739 0.860368
vt -0.051773 0.860368
vt -0.034558 0.824389
f 353/1552/353 356/1553/356 342/1554/342
vt -0.079416 0.824610
vt -0.095705 0.860367
vt -0.073739 0.860368
f 349/1555/349 354/1556/354 353/1557/353
vt -0.073739 0.860368
vt -0.056966 0.824610
vt -0.079416 0.824610
f 353/1558/353 350/1559/350 349/1560/349
vt -0.026063 0.896127
vt -0.007840 0.860369
vt -0.029806 0.860369
f 357/1561/357 358/1562/358 359/1563/359
vt -0.029806 0.860369
vt -0.047546 0.896126
vt -0.026063 0.896127
f 359/1564/359 360/1565/360 361/1566/361
vt 0.010383 0.824612
vt -0.012235 0.823722
vt -0.029806 0.860369
f 362/1567/362 343/1568/343 359/1569/359
vt -0.029806 0.860369
vt -0.007840 0.860369
vt 0.010383 0.824612
f 359/1570/359 363/1571/363 364/1572/364
vt -0.034558 0.824389
vt -0.051773 0.860368
vt -0.029806 0.860369
f 342/1573/342 356/1574/356 359/1575/359
vt -0.029806 0.860369
vt -0.012235 0.823722
vt -0.034558 0.824389
f 359/1576/359 343/1577/343 342/1578/342
vt -0.069029 0.896126
vt -0.047546 0.896126
vt -0.029806 0.860369
f 355/1579/355 360/1580/360 359/1581/359
vt -0.029806 0.860369
vt -0.051773 0.860368
vt -0.069029 0.896126
f 359/1582/359 356/1583/356 355/1584/355
vt 0.953164 0.753095
vt 0.935582 0.727110
vt 0.922688 0.762758
f 365/1585/365 59/1586/59 366/1587/366
vt 0.922688 0.762758
vt 0.936874 0.788853
vt 0.953164 0.753095
f 366/1588/366 367/1589/367 368/1590/368
vt 0.922657 0.704325
vt 0.909356 0.737422
vt 0.922688 0.762758
f 67/1591/67 369/1592/369 366/1593/366
vt 0.922688 0.762758
vt 0.935582 0.727110
vt 0.922657 0.704325
f 366/1594/366 59/1595/59 67/1596/67
vt 0.890434 0.766640
vt 0.904869 0.795629
vt 0.922688 0.762758
f 370/1597/370 371/1598/371 366/1599/366
vt 0.922688 0.762758
vt 0.909356 0.737422
vt 0.890434 0.766640
f 366/1600/366 369/1601/369 370/1602/370
vt 0.920584 0.824610
vt 0.936874 0.788853
vt 0.922688 0.762758
f 372/1603/372 373/1604/373 366/1605/366
vt 0.922688 0.762758
vt 0.904869 0.795629
vt 0.920584 0.824610
f 366/1606/366 371/1607/371 374/1608/374
vt 0.901794 0.673313
vt 0.889587 0.687730
vt 0.897734 0.713604
f 84/1609/84 375/1610/375 376/1611/376
vt 0.897734 0.713604
vt 0.910901 0.685531
vt 0.901794 0.673313
f 376/1612/376 85/1613/85 84/1614/84
vt 0.869938 0.706833
vt 0.878559 0.737637
vt 0.897734 0.713604
f 377/1615/377 378/1616/378 376/1617/376
vt 0.897734 0.713604
vt 0.889587 0.687730
vt 0.869938 0.706833
f 376/1618/376 375/1619/375 377/1620/377
vt 0.890434 0.766640
vt 0.909356 0.737422
vt 0.897734 0.713604
f 370/1621/370 369/1622/369 376/1623/376
vt 0.897734 0.713604
vt 0.878559 0.737637
vt 0.890434 0.766640
f 376/1624/376 378/1625/378 370/1626/370
vt 0.922657 0.704325
vt 0.910901 0.685531
vt 0.897734 0.713604
f 67/1627/67 85/1628/85 376/1629/376
vt 0.897734 0.713604
vt 0.909356 0.737422
vt 0.922657 0.704325
f 376/1630/376 369/1631/369 67/1632/67
vt 0.815494 0.736946
vt 0.822874 0.771290
vt 0.853347 0.758036
f 379/1633/379 380/1634/380 381/1635/381
vt 0.853347 0.758036
vt 0.844737 0.724753
vt 0.815494 0.736946
f 381/1636/381 382/1637/382 379/1638/379
vt 0.834918 0.806423
vt 0.866173 0.790855
vt 0.853347 0.758036
f 383/1639/383 384/1640/384 381/1641/381
vt 0.853347 0.758036
vt 0.822874 0.771290
vt 0.834918 0.806423
f 381/1642/381 380/1643/380 383/1644/383
vt 0.890434 0.766640
vt 0.878559 0.737637
vt 0.853347 0.758036
f 370/1645/370 378/1646/378 381/1647/381
vt 0.853347 0.758036
vt 0.866173 0.790855
vt 0.890434 0.766640
f 381/1648/381 384/1649/384 370/1650/370
vt 0.869938 0.706833
vt 0.844737 0.724753
vt 0.853347 0.758036
f 377/1651/377 382/1652/382 381/1653/381
vt 0.853347 0.758036
vt 0.878559 0.737637
vt 0.869938 0.706833
f 381/1654/381 378/1655/378 377/1656/377
vt 0.888005 0.896125
vt 0.904295 0.860367
vt 0.883987 0.825224
f 385/1657/385 386/1658/386 387/1659/387
vt 0.883987 0.825224
vt 0.853336 0.844870
vt 0.888005 0.896125
f 387/1660/387 388/1661/388 389/1662/389
vt 0.920584 0.824610
vt 0.904869 0.795629
vt 0.883987 0.825224
f 390/1663/390 371/1664/371 387/1665/387
vt 0.883987 0.825224
vt 0.904295 0.860367
vt 0.920584 0.824610
f 387/1666/387 391/1667/391 392/1668/392
vt 0.890434 0.766640
vt 0.866173 0.790855
vt 0.883987 0.825224
f 370/1669/370 384/1670/384 387/1671/387
vt 0.883987 0.825224
vt 0.904869 0.795629
vt 0.890434 0.766640
f 387/1672/387 371/1673/371 370/1674/370
vt 0.834918 0.806423
vt 0.853336 0.844870
vt 0.883987 0.825224
f 383/1675/383 388/1676/388 387/1677/387
vt 0.883987 0.825224
vt 0.866173 0.790855
vt 0.834918 0.806423
f 387/1678/387 384/1679/384 383/1680/383
vt 0.184503 0.736952
vt 0.177121 0.771297
vt 0.212079 0.773896
f 335/1681/335 338/1682/338 393/1683/393
vt 0.212079 0.773896
vt 0.216280 0.738875
vt 0.184503 0.736952
f 393/1684/393 394/1685/394 335/1686/335
vt 0.163715 0.806150
vt 0.199542 0.808586
vt 0.212079 0.773896
f 333/1687/333 395/1688/395 393/1689/393
vt 0.212079 0.773896
vt 0.177121 0.771297
vt 0.163715 0.806150
f 393/1690/393 338/1691/338 333/1692/333
vt 0.239405 0.801800
vt 0.249067 0.768298
vt 0.212079 0.773896
f 396/1693/396 397/1694/397 393/1695/393
vt 0.212079 0.773896
vt 0.199542 0.808586
vt 0.239405 0.801800
f 393/1696/393 395/1697/395 396/1698/396
vt 0.249036 0.733198
vt 0.216280 0.738875
vt 0.212079 0.773896
f 398/1699/398 394/1700/394 393/1701/393
vt 0.212079 0.773896
vt 0.249067 0.768298
vt 0.249036 0.733198
f 393/1702/393 397/1703/397 398/1704/398
vt 0.111981 0.896132
vt 0.109985 0.870721
vt 0.172014 0.843421
f 329/1705/329 399/1706/399 400/1707/400
vt 0.172014 0.843421
vt 0.141212 0.843757
vt 0.111981 0.896132
f 400/1708/400 330/1709/330 329/1710/329
vt 0.147403 0.855846
vt 0.210345 0.832109
vt 0.172014 0.843421
f 401/1711/401 402/1712/402 400/1713/400
vt 0.172014 0.843421
vt 0.109985 0.870721
vt 0.147403 0.855846
f 400/1714/400 399/1715/399 401/1716/401
vt 0.239405 0.801800
vt 0.199542 0.808586
vt 0.172014 0.843421
f 396/1717/396 395/1718/395 400/1719/400
vt 0.172014 0.843421
vt 0.210345 0.832109
vt 0.239405 0.801800
f 400/1720/400 402/1721/402 396/1722/396
vt 0.163715 0.806150
vt 0.141212 0.843757
vt 0.172014 0.843421
f 333/1723/333 330/1724/330 400/1725/400
vt 0.172014 0.843421
vt 0.199542 0.808586
vt 0.163715 0.806150
f 400/1726/400 395/1727/395 333/1728/333
vt 0.273392 0.821341
vt 0.309955 0.799417
vt 0.258145 0.817710
f 403/1729/403 404/1730/404 405/1731/405
vt 0.258145 0.817710
vt 0.199175 0.840567
vt 0.273392 0.821341
f 405/1732/405 406/1733/406 403/1734/403
vt 0.321807 0.772921
vt 0.281408 0.789426
vt 0.258145 0.817710
f 407/1735/407 408/1736/408 405/1737/405
vt 0.258145 0.817710
vt 0.309955 0.799417
vt 0.321807 0.772921
f 405/1738/405 404/1739/404 407/1740/407
vt 0.239405 0.801800
vt 0.210345 0.832109
vt 0.258145 0.817710
f 396/1741/396 402/1742/402 405/1743/405
vt 0.258145 0.817710
vt 0.281408 0.789426
vt 0.239405 0.801800
f 405/1744/405 408/1745/408 396/1746/396
vt 0.147403 0.855846
vt 0.199175 0.840567
vt 0.258145 0.817710
f 401/1747/401 406/1748/406 405/1749/405
vt 0.258145 0.817710
vt 0.210345 0.832109
vt 0.147403 0.855846
f 405/1750/405 402/1751/402 401/1752/401
vt 0.311250 0.709737
vt 0.281211 0.722595
vt 0.285629 0.756962
f 409/1753/409 410/1754/410 411/1755/411
vt 0.285629 0.756962
vt 0.319310 0.742348
vt 0.311250 0.709737
f 411/1756/411 412/1757/412 409/1758/409
vt 0.249036 0.733198
vt 0.249067 0.768298
vt 0.285629 0.756962
f 398/1759/398 397/1760/397 411/1761/411
vt 0.285629 0.756962
vt 0.281211 0.722595
vt 0.249036 0.733198
f 411/1762/411 410/1763/410 398/1764/398
vt 0.239405 0.801800
vt 0.281408 0.789426
vt 0.285629 0.756962
f 396/1765/396 408/1766/408 411/1767/411
vt 0.285629 0.756962
vt 0.249067 0.768298
vt 0.239405 0.801800
f 411/1768/411 397/1769/397 396/1770/396
vt 0.321807 0.772921
vt 0.319310 0.742348
vt 0.285629 0.756962
f 407/1771/407 412/1772/412 411/1773/411
vt 0.285629 0.756962
vt 0.281408 0.789426
vt 0.321807 0.772921
f 411/1774/411 408/1775/408 407/1776/407
vt 0.111981 0.896132
vt -0.043407 0.896130
vt -0.006053 0.882807
f 329/1777/329 413/1778/413 414/1779/414
vt -0.006053 0.882807
vt 0.109985 0.870721
vt 0.111981 0.896132
f 414/1780/414 399/1781/399 329/1782/329
vt -0.198795 0.896129
vt -0.154537 0.886164
vt -0.006053 0.882807
f 415/1783/415 416/1784/416 414/1785/414
vt -0.006053 0.882807
vt -0.043407 0.896130
vt -0.198795 0.896129
f 414/1786/414 417/1787/417 418/1788/418
vt -0.109081 0.876237
vt 0.036095 0.869630
vt -0.006053 0.882807
f 419/1789/419 420/1790/420 414/1791/414
vt -0.006053 0.882807
vt -0.154537 0.886164
vt -0.109081 0.876237
f 414/1792/414 416/1793/416 419/1794/419
vt 0.147403 0.855846
vt 0.109985 0.870721
vt -0.006053 0.882807
f 401/1795/401 399/1796/399 414/1797/414
vt -0.006053 0.882807
vt 0.036095 0.869630
vt 0.147403 0.855846
f 414/1798/414 420/1799/420 401/1800/401
vt -0.509571 0.896126
vt -0.478719 0.887281
vt -0.313907 0.887283
f 421/1801/421 422/1802/422 423/1803/423
vt -0.313907 0.887283
vt -0.354183 0.896127
vt -0.509571 0.896126
f 423/1804/423 424/1805/424 425/1806/425
vt -0.447868 0.878436
vt -0.273631 0.878438
vt -0.313907 0.887283
f 426/1807/426 427/1808/427 423/1809/423
vt -0.313907 0.887283
vt -0.478719 0.887281
vt -0.447868 0.878436
f 423/1810/423 422/1811/422 426/1812/426
vt -0.109081 0.876237
vt -0.154537 0.886164
vt -0.313907 0.887283
f 419/1813/419 416/1814/416 423/1815/423
vt -0.313907 0.887283
vt -0.273631 0.878438
vt -0.109081 0.876237
f 423/1816/423 427/1817/427 419/1818/419
vt -0.198795 0.896129
vt -0.354183 0.896127
vt -0.313907 0.887283
f 428/1819/428 429/1820/429 423/1821/423
vt -0.313907 0.887283
vt -0.154537 0.886164
vt -0.198795 0.896129
f 423/1822/423 416/1823/416 430/1824/430
vt -0.386165 0.860746
vt -0.193080 0.860748
vt -0.233355 0.869593
f 431/1825/431 432/1826/432 433/1827/433
vt -0.233355 0.869593
vt -0.417016 0.869591
vt -0.386165 0.860746
f 433/1828/433 434/1829/434 431/1830/431
vt 0.000006 0.860750
vt -0.061228 0.866383
vt -0.233355 0.869593
f 435/1831/435 436/1832/436 433/1833/433
vt -0.233355 0.869593
vt -0.193080 0.860748
vt 0.000006 0.860750
f 433/1834/433 432/1835/432 435/1836/435
vt -0.109081 0.876237
vt -0.273631 0.878438
vt -0.233355 0.869593
f 419/1837/419 427/1838/427 433/1839/433
vt -0.233355 0.869593
vt -0.061228 0.866383
vt -0.109081 0.876237
f 433/1840/433 436/1841/436 419/1842/419
vt -0.447868 0.878436
vt -0.417016 0.869591
vt -0.233355 0.869593
f 426/1843/426 434/1844/434 433/1845/433
vt -0.233355 0.869593
vt -0.273631 0.878438
vt -0.447868 0.878436
f 433/1846/433 427/1847/427 426/1848/426
vt 0.273392 0.821341
vt 0.199175 0.840567
vt 0.087833 0.856750
f 403/1849/403 406/1850/406 437/1851/437
vt 0.087833 0.856750
vt 0.144365 0.844016
vt 0.273392 0.821341
f 437/1852/437 438/1853/438 403/1854/403
vt 0.147403 0.855846
vt 0.036095 0.869630
vt 0.087833 0.856750
f 401/1855/401 420/1856/420 437/1857/437
vt 0.087833 0.856750
vt 0.199175 0.840567
vt 0.147403 0.855846
f 437/1858/437 406/1859/406 401/1860/401
vt -0.109081 0.876237
vt -0.061228 0.866383
vt 0.087833 0.856750
f 419/1861/419 436/1862/436 437/1863/437
vt 0.087833 0.856750
vt 0.036095 0.869630
vt -0.109081 0.876237
f 437/1864/437 420/1865/420 419/1866/419
vt 0.000006 0.860750
vt 0.144365 0.844016
vt 0.087833 0.856750
f 435/1867/435 438/1868/438 437/1869/437
vt 0.087833 0.856750
vt -0.061228 0.866383
vt 0.000006 0.860750
f 437/1870/437 436/1871/436 435/1872/435
vt 0.888005 0.896125
vt 0.853336 0.844870
vt 0.806210 0.847893
f 439/1873/439 388/1874/388 440/1875/440
vt 0.806210 0.847893
vt 0.819463 0.887280
vt 0.888005 0.896125
f 440/1876/440 441/1877/441 442/1878/442
vt 0.834918 0.806423
vt 0.795011 0.809699
vt 0.806210 0.847893
f 383/1879/383 443/1880/443 440/1881/440
vt 0.806210 0.847893
vt 0.853336 0.844870
vt 0.834918 0.806423
f 440/1882/440 388/1883/388 383/1884/383
vt 0.750907 0.803996
vt 0.750908 0.840913
vt 0.806210 0.847893
f 444/1885/444 445/1886/445 440/1887/440
vt 0.806210 0.847893
vt 0.795011 0.809699
vt 0.750907 0.803996
f 440/1888/440 443/1889/443 444/1890/444
vt 0.750920 0.878435
vt 0.819463 0.887280
vt 0.806210 0.847893
f 446/1891/446 447/1892/447 440/1893/440
vt 0.806210 0.847893
vt 0.750908 0.840913
vt 0.750920 0.878435
f 440/1894/440 445/1895/445 448/1896/448
vt 0.815494 0.736946
vt 0.783717 0.738868
vt 0.787918 0.773889
f 379/1897/379 449/1898/449 450/1899/450
vt 0.787918 0.773889
vt 0.822874 0.771290
vt 0.815494 0.736946
f 450/1900/450 380/1901/380 379/1902/379
vt 0.750964 0.733192
vt 0.750932 0.768291
vt 0.787918 0.773889
f 451/1903/451 452/1904/452 450/1905/450
vt 0.787918 0.773889
vt 0.783717 0.738868
vt 0.750964 0.733192
f 450/1906/450 449/1907/449 451/1908/451
vt 0.750907 0.803996
vt 0.795011 0.809699
vt 0.787918 0.773889
f 444/1909/444 443/1910/443 450/1911/450
vt 0.787918 0.773889
vt 0.750932 0.768291
vt 0.750907 0.803996
f 450/1912/450 452/1913/452 444/1914/444
vt 0.834918 0.806423
vt 0.822874 0.771290
vt 0.787918 0.773889
f 383/1915/383 380/1916/380 450/1917/450
vt 0.787918 0.773889
vt 0.795011 0.809699
vt 0.834918 0.806423
f 450/1918/450 443/1919/443 383/1920/383
vt 0.688752 0.709732
vt 0.680693 0.742342
vt 0.714373 0.756956
f 453/1921/453 454/1922/454 455/1923/455
vt 0.714373 0.756956
vt 0.718790 0.722589
vt 0.688752 0.709732
f 455/1924/455 456/1925/456 453/1926/453
vt 0.667701 0.776332
vt 0.707061 0.792631
vt 0.714373 0.756956
f 457/1927/457 458/1928/458 455/1929/455
vt 0.714373 0.756956
vt 0.680693 0.742342
vt 0.667701 0.776332
f 455/1930/455 454/1931/454 457/1932/457
vt 0.750907 0.803996
vt 0.750932 0.768291
vt 0.714373 0.756956
f 444/1933/444 452/1934/452 455/1935/455
vt 0.714373 0.756956
vt 0.707061 0.792631
vt 0.750907 0.803996
f 455/1936/455 458/1937/458 444/1938/444
vt 0.750964 0.733192
vt 0.718790 0.722589
vt 0.714373 0.756956
f 451/1939/451 456/1940/456 455/1941/455
vt 0.714373 0.756956
vt 0.750932 0.768291
vt 0.750964 0.733192
f 455/1942/455 452/1943/452 451/1944/451
vt 0.613835 0.860746
vt 0.682378 0.869591
vt 0.695725 0.830550
f 459/1945/459 460/1946/460 461/1947/461
vt 0.695725 0.830550
vt 0.648064 0.813081
vt 0.613835 0.860746
f 461/1948/461 462/1949/462 463/1950/463
vt 0.750920 0.878435
vt 0.750908 0.840913
vt 0.695725 0.830550
f 464/1951/464 445/1952/445 461/1953/461
vt 0.695725 0.830550
vt 0.682378 0.869591
vt 0.750920 0.878435
f 461/1954/461 465/1955/465 466/1956/466
vt 0.750907 0.803996
vt 0.707061 0.792631
vt 0.695725 0.830550
f 444/1957/444 458/1958/458 461/1959/461
vt 0.695725 0.830550
vt 0.750908 0.840913
vt 0.750907 0.803996
f 461/1960/461 445/1961/445 444/1962/444
vt 0.667701 0.776332
vt 0.648064 0.813081
vt 0.695725 0.830550
f 457/1963/457 462/1964/462 461/1965/461
vt 0.695725 0.830550
vt 0.707061 0.792631
vt 0.667701 0.776332
f 461/1966/461 458/1967/458 457/1968/457
vt 0.311250 0.709737
vt 0.319310 0.742348
vt 0.347656 0.726916
f 409/1969/409 412/1970/412 467/1971/467
vt 0.347656 0.726916
vt 0.337597 0.697297
vt 0.311250 0.709737
f 467/1972/467 468/1973/468 409/1974/409
vt 0.321807 0.772921
vt 0.356857 0.753744
vt 0.347656 0.726916
f 407/1975/407 469/1976/469 467/1977/467
vt 0.347656 0.726916
vt 0.319310 0.742348
vt 0.321807 0.772921
f 467/1978/467 412/1979/412 407/1980/407
vt 0.384715 0.731608
vt 0.370622 0.709958
vt 0.347656 0.726916
f 470/1981/470 471/1982/471 467/1983/467
vt 0.347656 0.726916
vt 0.356857 0.753744
vt 0.384715 0.731608
f 467/1984/467 469/1985/469 470/1986/470
vt 0.359841 0.684582
vt 0.337597 0.697297
vt 0.347656 0.726916
f 472/1987/472 468/1988/468 467/1989/467
vt 0.347656 0.726916
vt 0.370622 0.709958
vt 0.359841 0.684582
f 467/1990/467 471/1991/471 472/1992/472
vt 0.273392 0.821341
vt 0.378149 0.794621
vt 0.360318 0.776423
f 403/1993/403 473/1994/473 474/1995/474
vt 0.360318 0.776423
vt 0.309955 0.799417
vt 0.273392 0.821341
f 474/1996/474 404/1997/404 403/1998/403
vt 0.423740 0.762452
vt 0.400725 0.749211
vt 0.360318 0.776423
f 475/1999/475 476/2000/476 474/2001/474
vt 0.360318 0.776423
vt 0.378149 0.794621
vt 0.423740 0.762452
f 474/2002/474 473/2003/473 475/2004/475
vt 0.384715 0.731608
vt 0.356857 0.753744
vt 0.360318 0.776423
f 470/2005/470 469/2006/469 474/2007/474
vt 0.360318 0.776423
vt 0.400725 0.749211
vt 0.384715 0.731608
f 474/2008/474 476/2009/476 470/2010/470
vt 0.321807 0.772921
vt 0.309955 0.799417
vt 0.360318 0.776423
f 407/2011/407 404/2012/404 474/2013/474
vt 0.360318 0.776423
vt 0.356857 0.753744
vt 0.321807 0.772921
f 474/2014/474 469/2015/469 407/2016/407
vt 0.453614 0.688920
vt 0.433253 0.684073
vt 0.422664 0.718267
f 171/2017/171 174/2018/174 477/2019/477
vt 0.422664 0.718267
vt 0.445460 0.726879
vt 0.453614 0.688920
f 477/2020/477 478/2021/478 171/2022/171
vt 0.415326 0.677119
vt 0.403536 0.706224
vt 0.422664 0.718267
f 166/2023/166 479/2024/479 477/2025/477
vt 0.422664 0.718267
vt 0.433253 0.684073
vt 0.415326 0.677119
f 477/2026/477 174/2027/174 166/2028/166
vt 0.384715 0.731608
vt 0.400725 0.749211
vt 0.422664 0.718267
f 470/2029/470 476/2030/476 477/2031/477
vt 0.422664 0.718267
vt 0.403536 0.706224
vt 0.384715 0.731608
f 477/2032/477 479/2033/479 470/2034/470
vt 0.423740 0.762452
vt 0.445460 0.726879
vt 0.422664 0.718267
f 475/2035/475 478/2036/478 477/2037/477
vt 0.422664 0.718267
vt 0.400725 0.749211
vt 0.423740 0.762452
f 477/2038/477 476/2039/476 475/2040/475
vt 0.389181 0.659508
vt 0.377574 0.670902
vt 0.388163 0.690768
f 162/2041/162 480/2042/480 481/2043/481
vt 0.388163 0.690768
vt 0.399999 0.667890
vt 0.389181 0.659508
f 481/2044/481 163/2045/163 162/2046/162
vt 0.359841 0.684582
vt 0.370622 0.709958
vt 0.388163 0.690768
f 472/2047/472 471/2048/471 481/2049/481
vt 0.388163 0.690768
vt 0.377574 0.670902
vt 0.359841 0.684582
f 481/2050/481 480/2051/480 472/2052/472
vt 0.384715 0.731608
vt 0.403536 0.706224
vt 0.388163 0.690768
f 470/2053/470 479/2054/479 481/2055/481
vt 0.388163 0.690768
vt 0.370622 0.709958
vt 0.384715 0.731608
f 481/2056/481 471/2057/471 470/2058/470
vt 0.415326 0.677119
vt 0.399999 0.667890
vt 0.388163 0.690768
f 166/2059/166 163/2060/163 481/2061/481
vt 0.388163 0.690768
vt 0.403536 0.706224
vt 0.415326 0.677119
f 481/2062/481 479/2063/479 166/2064/166
vt 0.273392 0.821341
vt 0.394365 0.844016
vt 0.430458 0.808007
f 403/2065/403 482/2066/482 483/2067/483
vt 0.430458 0.808007
vt 0.378149 0.794621
vt 0.273392 0.821341
f 483/2068/483 473/2069/473 403/2070/403
vt 0.500006 0.860750
vt 0.493914 0.815589
vt 0.430458 0.808007
f 484/2071/484 485/2072/485 483/2073/483
vt 0.430458 0.808007
vt 0.394365 0.844016
vt 0.500006 0.860750
f 483/2074/483 486/2075/486 487/2076/487
vt 0.498482 0.774646
vt 0.458849 0.771013
vt 0.430458 0.808007
f 488/2077/488 489/2078/489 483/2079/483
vt 0.430458 0.808007
vt 0.493914 0.815589
vt 0.498482 0.774646
f 483/2080/483 485/2081/485 488/2082/488
vt 0.423740 0.762452
vt 0.378149 0.794621
vt 0.430458 0.808007
f 475/2083/475 473/2084/473 483/2085/483
vt 0.430458 0.808007
vt 0.458849 0.771013
vt 0.423740 0.762452
f 483/2086/483 489/2087/489 475/2088/475
vt 0.613835 0.860746
vt 0.585316 0.807167
vt 0.545189 0.816372
f 490/2089/490 491/2090/491 492/2091/492
vt 0.545189 0.816372
vt 0.556921 0.860748
vt 0.613835 0.860746
f 492/2092/492 493/2093/493 494/2094/494
vt 0.567132 0.765586
vt 0.535069 0.773103
vt 0.545189 0.816372
f 495/2095/495 496/2096/496 492/2097/492
vt 0.545189 0.816372
vt 0.585316 0.807167
vt 0.567132 0.765586
f 492/2098/492 491/2099/491 495/2100/495
vt 0.498482 0.774646
vt 0.493914 0.815589
vt 0.545189 0.816372
f 488/2101/488 485/2102/485 492/2103/492
vt 0.545189 0.816372
vt 0.535069 0.773103
vt 0.498482 0.774646
f 492/2104/492 496/2105/496 488/2106/488
vt 0.500006 0.860750
vt 0.556921 0.860748
vt 0.545189 0.816372
f 497/2107/497 498/2108/498 492/2109/492
vt 0.545189 0.816372
vt 0.493914 0.815589
vt 0.500006 0.860750
f 492/2110/492 485/2111/485 499/2112/499
vt 0.546393 0.688918
vt 0.523765 0.691827
vt 0.528171 0.732045
f 193/2113/193 196/2114/196 500/2115/500
vt 0.528171 0.732045
vt 0.554547 0.726877
vt 0.546393 0.688918
f 500/2116/500 501/2117/501 193/2118/193
vt 0.500003 0.692797
vt 0.500004 0.733769
vt 0.528171 0.732045
f 189/2119/189 502/2120/502 500/2121/500
vt 0.528171 0.732045
vt 0.523765 0.691827
vt 0.500003 0.692797
f 500/2122/500 196/2123/196 189/2124/189
vt 0.498482 0.774646
vt 0.535069 0.773103
vt 0.528171 0.732045
f 488/2125/488 496/2126/496 500/2127/500
vt 0.528171 0.732045
vt 0.500004 0.733769
vt 0.498482 0.774646
f 500/2128/500 502/2129/502 488/2130/488
vt 0.567132 0.765586
vt 0.554547 0.726877
vt 0.528171 0.732045
f 495/2131/495 501/2132/501 500/2133/500
vt 0.528171 0.732045
vt 0.535069 0.773103
vt 0.567132 0.765586
f 500/2134/500 496/2135/496 495/2136/495
vt 0.453614 0.688920
vt 0.445460 0.726879
vt 0.471837 0.732047
f 171/2137/171 478/2138/478 503/2139/503
vt 0.471837 0.732047
vt 0.476242 0.691828
vt 0.453614 0.688920
f 503/2140/503 187/2141/187 171/2142/171
vt 0.423740 0.762452
vt 0.458849 0.771013
vt 0.471837 0.732047
f 475/2143/475 489/2144/489 503/2145/503
vt 0.471837 0.732047
vt 0.445460 0.726879
vt 0.423740 0.762452
f 503/2146/503 478/2147/478 475/2148/475
vt 0.498482 0.774646
vt 0.500004 0.733769
vt 0.471837 0.732047
f 488/2149/488 502/2150/502 503/2151/503
vt 0.471837 0.732047
vt 0.458849 0.771013
vt 0.498482 0.774646
f 503/2152/503 489/2153/489 488/2154/488
vt 0.500003 0.692797
vt 0.476242 0.691828
vt 0.471837 0.732047
f 189/2155/189 187/2156/187 503/2157/503
vt 0.471837 0.732047
vt 0.500004 0.733769
vt 0.500003 0.692797
f 503/2158/503 502/2159/502 189/2160/189
vt 0.613835 0.860746
vt 0.648064 0.813081
vt 0.615326 0.784784
f 504/2161/504 462/2162/462 505/2163/505
vt 0.615326 0.784784
vt 0.585316 0.807167
vt 0.613835 0.860746
f 505/2164/505 491/2165/491 506/2166/506
vt 0.667701 0.776332
vt 0.637058 0.755830
vt 0.615326 0.784784
f 457/2167/457 507/2168/507 505/2169/505
vt 0.615326 0.784784
vt 0.648064 0.813081
vt 0.667701 0.776332
f 505/2170/505 462/2171/462 457/2172/457
vt 0.613769 0.732126
vt 0.593192 0.751299
vt 0.615326 0.784784
f 508/2173/508 509/2174/509 505/2175/505
vt 0.615326 0.784784
vt 0.637058 0.755830
vt 0.613769 0.732126
f 505/2176/505 507/2177/507 508/2178/508
vt 0.567132 0.765586
vt 0.585316 0.807167
vt 0.615326 0.784784
f 495/2179/495 491/2180/491 505/2181/505
vt 0.615326 0.784784
vt 0.593192 0.751299
vt 0.567132 0.765586
f 505/2182/505 509/2183/509 495/2184/495
vt 0.688752 0.709732
vt 0.662407 0.697292
vt 0.652349 0.726910
f 453/2185/453 510/2186/510 511/2187/511
vt 0.652349 0.726910
vt 0.680693 0.742342
vt 0.688752 0.709732
f 511/2188/511 454/2189/454 453/2190/453
vt 0.640163 0.684578
vt 0.629383 0.709953
vt 0.652349 0.726910
f 512/2191/512 513/2192/513 511/2193/511
vt 0.652349 0.726910
vt 0.662407 0.697292
vt 0.640163 0.684578
f 511/2194/511 510/2195/510 512/2196/512
vt 0.613769 0.732126
vt 0.637058 0.755830
vt 0.652349 0.726910
f 508/2197/508 507/2198/507 511/2199/511
vt 0.652349 0.726910
vt 0.629383 0.709953
vt 0.613769 0.732126
f 511/2200/511 513/2201/513 508/2202/508
vt 0.667701 0.776332
vt 0.680693 0.742342
vt 0.652349 0.726910
f 457/2203/457 454/2204/454 511/2205/511
vt 0.652349 0.726910
vt 0.637058 0.755830
vt 0.667701 0.776332
f 511/2206/511 507/2207/507 457/2208/457
vt 0.610824 0.659505
vt 0.600007 0.667887
vt 0.611842 0.690765
f 213/2209/213 216/2210/216 514/2211/514
vt 0.611842 0.690765
vt 0.622430 0.670898
vt 0.610824 0.659505
f 514/2212/514 515/2213/515 213/2214/213
vt 0.584680 0.677117
vt 0.596469 0.706221
vt 0.611842 0.690765
f 209/2215/209 516/2216/516 514/2217/514
vt 0.611842 0.690765
vt 0.600007 0.667887
vt 0.584680 0.677117
f 514/2218/514 216/2219/216 209/2220/209
vt 0.613769 0.732126
vt 0.629383 0.709953
vt 0.611842 0.690765
f 508/2221/508 513/2222/513 514/2223/514
vt 0.611842 0.690765
vt 0.596469 0.706221
vt 0.613769 0.732126
f 514/2224/514 516/2225/516 508/2226/508
vt 0.640163 0.684578
vt 0.622430 0.670898
vt 0.611842 0.690765
f 512/2227/512 515/2228/515 514/2229/514
vt 0.611842 0.690765
vt 0.629383 0.709953
vt 0.640163 0.684578
f 514/2230/514 513/2231/513 512/2232/512
vt 0.546393 0.688918
vt 0.554547 0.726877
vt 0.577342 0.718264
f 193/2233/193 501/2234/501 517/2235/517
vt 0.577342 0.718264
vt 0.566753 0.684071
vt 0.546393 0.688918
f 517/2236/517 207/2237/207 193/2238/193
vt 0.567132 0.765586
vt 0.593192 0.751299
vt 0.577342 0.718264
f 495/2239/495 509/2240/509 517/2241/517
vt 0.577342 0.718264
vt 0.554547 0.726877
vt 0.567132 0.765586
f 517/2242/517 501/2243/501 495/2244/495
vt 0.613769 0.732126
vt 0.596469 0.706221
vt 0.577342 0.718264
f 508/2245/508 516/2246/516 517/2247/517
vt 0.577342 0.718264
vt 0.593192 0.751299
vt 0.613769 0.732126
f 517/2248/517 509/2249/509 508/2250/508
vt 0.584680 0.677117
vt 0.566753 0.684071
vt 0.577342 0.718264
f 209/2251/209 207/2252/207 517/2253/517
vt 0.577342 0.718264
vt 0.596469 0.706221
vt 0.584680 0.677117
f 517/2254/517 516/2255/516 209/2256/209
vt 0.901794 0.673313
vt 0.904174 0.647404
vt 0.886679 0.656229
f 84/2257/84 87/2258/87 518/2259/518
vt 0.886679 0.656229
vt 0.889587 0.687730
vt 0.901794 0.673313
f 518/2260/518 375/2261/375 84/2262/84
vt 0.905812 0.611972
vt 0.886282 0.619788
vt 0.886679 0.656229
f 82/2263/82 519/2264/519 518/2265/518
vt 0.886679 0.656229
vt 0.904174 0.647404
vt 0.905812 0.611972
f 518/2266/518 87/2267/87 82/2268/82
vt 0.863087 0.634263
vt 0.865260 0.672442
vt 0.886679 0.656229
f 520/2269/520 521/2270/521 518/2271/518
vt 0.886679 0.656229
vt 0.886282 0.619788
vt 0.863087 0.634263
f 518/2272/518 519/2273/519 520/2274/520
vt 0.869938 0.706833
vt 0.889587 0.687730
vt 0.886679 0.656229
f 377/2275/377 375/2276/375 518/2277/518
vt 0.886679 0.656229
vt 0.865260 0.672442
vt 0.869938 0.706833
f 518/2278/518 521/2279/521 377/2280/377
vt 0.904535 0.528733
vt 0.884573 0.534641
vt 0.885664 0.579090
f 78/2281/78 522/2282/522 523/2283/523
vt 0.885664 0.579090
vt 0.905797 0.572117
vt 0.904535 0.528733
f 523/2284/523 79/2285/79 78/2286/78
vt 0.861118 0.545697
vt 0.861979 0.592097
vt 0.885664 0.579090
f 524/2287/524 525/2288/525 523/2289/523
vt 0.885664 0.579090
vt 0.884573 0.534641
vt 0.861118 0.545697
f 523/2290/523 522/2291/522 524/2292/524
vt 0.863087 0.634263
vt 0.886282 0.619788
vt 0.885664 0.579090
f 520/2293/520 519/2294/519 523/2295/523
vt 0.885664 0.579090
vt 0.861979 0.592097
vt 0.863087 0.634263
f 523/2296/523 525/2297/525 520/2298/520
vt 0.905812 0.611972
vt 0.905797 0.572117
vt 0.885664 0.579090
f 82/2299/82 79/2300/79 523/2301/523
vt 0.885664 0.579090
vt 0.886282 0.619788
vt 0.905812 0.611972
f 523/2302/523 519/2303/519 82/2304/82
vt 0.807028 0.568562
vt 0.807679 0.618040
vt 0.835674 0.606594
f 526/2305/526 527/2306/527 528/2307/528
vt 0.835674 0.606594
vt 0.834994 0.558229
vt 0.807028 0.568562
f 528/2308/528 529/2309/529 526/2310/526
vt 0.808743 0.661686
vt 0.836875 0.649895
vt 0.835674 0.606594
f 530/2311/530 531/2312/531 528/2313/528
vt 0.835674 0.606594
vt 0.807679 0.618040
vt 0.808743 0.661686
f 528/2314/528 527/2315/527 530/2316/530
vt 0.863087 0.634263
vt 0.861979 0.592097
vt 0.835674 0.606594
f 520/2317/520 525/2318/525 528/2319/528
vt 0.835674 0.606594
vt 0.836875 0.649895
vt 0.863087 0.634263
f 528/2320/528 531/2321/531 520/2322/520
vt 0.861118 0.545697
vt 0.834994 0.558229
vt 0.835674 0.606594
f 524/2323/524 529/2324/529 528/2325/528
vt 0.835674 0.606594
vt 0.861979 0.592097
vt 0.861118 0.545697
f 528/2326/528 525/2327/525 524/2328/524
vt 0.815494 0.736946
vt 0.844737 0.724753
vt 0.839571 0.688994
f 379/2329/379 382/2330/382 532/2331/532
vt 0.839571 0.688994
vt 0.811066 0.700866
vt 0.815494 0.736946
f 532/2332/532 533/2333/533 379/2334/379
vt 0.869938 0.706833
vt 0.865260 0.672442
vt 0.839571 0.688994
f 377/2335/377 521/2336/521 532/2337/532
vt 0.839571 0.688994
vt 0.844737 0.724753
vt 0.869938 0.706833
f 532/2338/532 382/2339/382 377/2340/377
vt 0.863087 0.634263
vt 0.836875 0.649895
vt 0.839571 0.688994
f 520/2341/520 531/2342/531 532/2343/532
vt 0.839571 0.688994
vt 0.865260 0.672442
vt 0.863087 0.634263
f 532/2344/532 521/2345/521 520/2346/520
vt 0.808743 0.661686
vt 0.811066 0.700866
vt 0.839571 0.688994
f 530/2347/530 533/2348/533 532/2349/532
vt 0.839571 0.688994
vt 0.836875 0.649895
vt 0.808743 0.661686
f 532/2350/532 531/2351/531 530/2352/530
vt 0.904535 0.528733
vt 0.902432 0.482711
vt 0.882755 0.486942
f 78/2353/78 161/2354/161 534/2355/534
vt 0.882755 0.486942
vt 0.884573 0.534641
vt 0.904535 0.528733
f 534/2356/534 522/2357/522 78/2358/78
vt 0.899179 0.437729
vt 0.880293 0.439311
vt 0.882755 0.486942
f 158/2359/158 535/2360/535 534/2361/534
vt 0.882755 0.486942
vt 0.902432 0.482711
vt 0.899179 0.437729
f 534/2362/534 161/2363/161 158/2364/158
vt 0.857890 0.442265
vt 0.859682 0.494819
vt 0.882755 0.486942
f 536/2365/536 537/2366/537 534/2367/534
vt 0.882755 0.486942
vt 0.880293 0.439311
vt 0.857890 0.442265
f 534/2368/534 535/2369/535 536/2370/536
vt 0.861118 0.545697
vt 0.884573 0.534641
vt 0.882755 0.486942
f 524/2371/524 522/2372/522 534/2373/534
vt 0.882755 0.486942
vt 0.859682 0.494819
vt 0.861118 0.545697
f 534/2374/534 537/2375/537 524/2376/524
vt 0.889311 0.369369
vt 0.875938 0.356326
vt 0.877274 0.395065
f 154/2377/154 538/2378/538 539/2379/539
vt 0.877274 0.395065
vt 0.894464 0.397462
vt 0.889311 0.369369
f 539/2380/539 155/2381/155 154/2382/154
vt 0.854650 0.343040
vt 0.855960 0.390837
vt 0.877274 0.395065
f 540/2383/540 541/2384/541 539/2385/539
vt 0.877274 0.395065
vt 0.875938 0.356326
vt 0.854650 0.343040
f 539/2386/539 538/2387/538 540/2388/540
vt 0.857890 0.442265
vt 0.880293 0.439311
vt 0.877274 0.395065
f 536/2389/536 535/2390/535 539/2391/539
vt 0.877274 0.395065
vt 0.855960 0.390837
vt 0.857890 0.442265
f 539/2392/539 541/2393/541 536/2394/536
vt 0.899179 0.437729
vt 0.894464 0.397462
vt 0.877274 0.395065
f 158/2395/158 155/2396/155 539/2397/539
vt 0.877274 0.395065
vt 0.880293 0.439311
vt 0.899179 0.437729
f 539/2398/539 535/2399/535 158/2400/158
vt 0.797882 0.328776
vt 0.801589 0.388987
vt 0.830419 0.388803
f 542/2401/542 543/2402/543 544/2403/544
vt 0.830419 0.388803
vt 0.828200 0.333577
vt 0.797882 0.328776
f 544/2404/544 545/2405/545 542/2406/542
vt 0.804202 0.451028
vt 0.832322 0.446525
vt 0.830419 0.388803
f 546/2407/546 547/2408/547 544/2409/544
vt 0.830419 0.388803
vt 0.801589 0.388987
vt 0.804202 0.451028
f 544/2410/544 543/2411/543 546/2412/546
vt 0.857890 0.442265
vt 0.855960 0.390837
vt 0.830419 0.388803
f 536/2413/536 541/2414/541 544/2415/544
vt 0.830419 0.388803
vt 0.832322 0.446525
vt 0.857890 0.442265
f 544/2416/544 547/2417/547 536/2418/536
vt 0.854650 0.343040
vt 0.828200 0.333577
vt 0.830419 0.388803
f 540/2419/540 545/2420/545 544/2421/544
vt 0.830419 0.388803
vt 0.855960 0.390837
vt 0.854650 0.343040
f 544/2422/544 541/2423/541 540/2424/540
vt 0.807028 0.568562
vt 0.834994 0.558229
vt 0.833862 0.503937
f 526/2425/526 529/2426/529 548/2427/548
vt 0.833862 0.503937
vt 0.805942 0.511889
vt 0.807028 0.568562
f 548/2428/548 549/2429/549 526/2430/526
vt 0.861118 0.545697
vt 0.859682 0.494819
vt 0.833862 0.503937
f 524/2431/524 537/2432/537 548/2433/548
vt 0.833862 0.503937
vt 0.834994 0.558229
vt 0.861118 0.545697
f 548/2434/548 529/2435/529 524/2436/524
vt 0.857890 0.442265
vt 0.832322 0.446525
vt 0.833862 0.503937
f 536/2437/536 547/2438/547 548/2439/548
vt 0.833862 0.503937
vt 0.859682 0.494819
vt 0.857890 0.442265
f 548/2440/548 537/2441/537 536/2442/536
vt 0.804202 0.451028
vt 0.805942 0.511889
vt 0.833862 0.503937
f 546/2443/546 549/2444/549 548/2445/548
vt 0.833862 0.503937
vt 0.832322 0.446525
vt 0.804202 0.451028
f 548/2446/548 547/2447/547 546/2448/546
vt 0.775953 0.076804
vt 0.780138 0.159736
vt 0.820734 0.184946
f 550/2449/550 551/2450/551 552/2451/552
vt 0.820734 0.184946
vt 0.818385 0.133501
vt 0.775953 0.076804
f 552/2452/552 553/2453/553 550/2454/550
vt 0.786844 0.218509
vt 0.823152 0.235346
vt 0.820734 0.184946
f 554/2455/554 555/2456/555 552/2457/552
vt 0.820734 0.184946
vt 0.780138 0.159736
vt 0.786844 0.218509
f 552/2458/552 551/2459/551 554/2460/554
vt 0.855950 0.263360
vt 0.858144 0.226491
vt 0.820734 0.184946
f 556/2461/556 557/2462/557 552/2463/552
vt 0.820734 0.184946
vt 0.823152 0.235346
vt 0.855950 0.263360
f 552/2464/552 555/2465/555 556/2466/556
vt 0.860817 0.190198
vt 0.818385 0.133501
vt 0.820734 0.184946
f 558/2467/558 553/2468/553 552/2469/552
vt 0.820734 0.184946
vt 0.858144 0.226491
vt 0.860817 0.190198
f 552/2470/552 557/2471/557 558/2472/558
vt 0.797882 0.328776
vt 0.828200 0.333577
vt 0.825709 0.283657
f 542/2473/542 545/2474/545 559/2475/559
vt 0.825709 0.283657
vt 0.792863 0.273403
vt 0.797882 0.328776
f 559/2476/559 560/2477/560 542/2478/542
vt 0.854650 0.343040
vt 0.854716 0.301378
vt 0.825709 0.283657
f 540/2479/540 561/2480/561 559/2481/559
vt 0.825709 0.283657
vt 0.828200 0.333577
vt 0.854650 0.343040
f 559/2482/559 545/2483/545 540/2484/540
vt 0.855950 0.263360
vt 0.823152 0.235346
vt 0.825709 0.283657
f 556/2485/556 555/2486/555 559/2487/559
vt 0.825709 0.283657
vt 0.854716 0.301378
vt 0.855950 0.263360
f 559/2488/559 561/2489/561 556/2490/556
vt 0.786844 0.218509
vt 0.792863 0.273403
vt 0.825709 0.283657
f 554/2491/554 560/2492/560 559/2493/559
vt 0.825709 0.283657
vt 0.823152 0.235346
vt 0.786844 0.218509
f 559/2494/559 555/2495/555 554/2496/554
vt 0.889311 0.369369
vt 0.896404 0.355865
vt 0.878523 0.325218
f 154/2497/154 157/2498/157 562/2499/562
vt 0.878523 0.325218
vt 0.875938 0.356326
vt 0.889311 0.369369
f 562/2500/562 538/2501/538 154/2502/154
vt 0.906420 0.339954
vt 0.884455 0.298370
vt 0.878523 0.325218
f 149/2503/149 563/2504/563 562/2505/562
vt 0.878523 0.325218
vt 0.896404 0.355865
vt 0.906420 0.339954
f 562/2506/562 157/2507/157 149/2508/149
vt 0.855950 0.263360
vt 0.854716 0.301378
vt 0.878523 0.325218
f 556/2509/556 561/2510/561 562/2511/562
vt 0.878523 0.325218
vt 0.884455 0.298370
vt 0.855950 0.263360
f 562/2512/562 563/2513/563 556/2514/556
vt 0.854650 0.343040
vt 0.875938 0.356326
vt 0.878523 0.325218
f 540/2515/540 538/2516/538 562/2517/562
vt 0.878523 0.325218
vt 0.854716 0.301378
vt 0.854650 0.343040
f 562/2518/562 561/2519/561 540/2520/540
vt 0.945681 0.303591
vt 0.903249 0.246894
vt 0.893159 0.272410
f 564/2521/564 565/2522/565 566/2523/566
vt 0.893159 0.272410
vt 0.920071 0.323737
vt 0.945681 0.303591
f 566/2524/566 145/2525/145 567/2526/567
vt 0.860817 0.190198
vt 0.858144 0.226491
vt 0.893159 0.272410
f 558/2527/558 557/2528/557 566/2529/566
vt 0.893159 0.272410
vt 0.903249 0.246894
vt 0.860817 0.190198
f 566/2530/566 565/2531/565 558/2532/558
vt 0.855950 0.263360
vt 0.884455 0.298370
vt 0.893159 0.272410
f 556/2533/556 563/2534/563 566/2535/566
vt 0.893159 0.272410
vt 0.858144 0.226491
vt 0.855950 0.263360
f 566/2536/566 557/2537/557 556/2538/556
vt 0.906420 0.339954
vt 0.920071 0.323737
vt 0.893159 0.272410
f 149/2539/149 145/2540/145 566/2541/566
vt 0.893159 0.272410
vt 0.884455 0.298370
vt 0.906420 0.339954
f 566/2542/566 563/2543/563 149/2544/149
vt 0.815494 0.736946
vt 0.811066 0.700866
vt 0.781197 0.703042
f 379/2545/379 533/2546/533 568/2547/568
vt 0.781197 0.703042
vt 0.783717 0.738868
vt 0.815494 0.736946
f 568/2548/568 449/2549/449 379/2550/379
vt 0.808743 0.661686
vt 0.779790 0.664639
vt 0.781197 0.703042
f 530/2551/530 569/2552/569 568/2553/568
vt 0.781197 0.703042
vt 0.811066 0.700866
vt 0.808743 0.661686
f 568/2554/568 533/2555/533 530/2556/530
vt 0.750798 0.661017
vt 0.750983 0.698094
vt 0.781197 0.703042
f 570/2557/570 571/2558/571 568/2559/568
vt 0.781197 0.703042
vt 0.779790 0.664639
vt 0.750798 0.661017
f 568/2560/568 569/2561/569 570/2562/570
vt 0.750964 0.733192
vt 0.783717 0.738868
vt 0.781197 0.703042
f 451/2563/451 449/2564/449 568/2565/568
vt 0.781197 0.703042
vt 0.750983 0.698094
vt 0.750964 0.733192
f 568/2566/568 571/2567/571 451/2568/451
vt 0.807028 0.568562
vt 0.778044 0.573024
vt 0.778928 0.621890
f 526/2569/526 572/2570/572 573/2571/573
vt 0.778928 0.621890
vt 0.807679 0.618040
vt 0.807028 0.568562
f 573/2572/573 527/2573/527 526/2574/526
vt 0.749055 0.573012
vt 0.750219 0.619983
vt 0.778928 0.621890
f 574/2575/574 575/2576/575 573/2577/573
vt 0.778928 0.621890
vt 0.778044 0.573024
vt 0.749055 0.573012
f 573/2578/573 572/2579/572 574/2580/574
vt 0.750798 0.661017
vt 0.779790 0.664639
vt 0.778928 0.621890
f 570/2581/570 569/2582/569 573/2583/573
vt 0.778928 0.621890
vt 0.750219 0.619983
vt 0.750798 0.661017
f 573/2584/573 575/2585/575 570/2586/570
vt 0.808743 0.661686
vt 0.807679 0.618040
vt 0.778928 0.621890
f 530/2587/530 527/2588/527 573/2589/573
vt 0.778928 0.621890
vt 0.779790 0.664639
vt 0.808743 0.661686
f 573/2590/573 569/2591/569 530/2592/530
vt 0.695122 0.565160
vt 0.696135 0.606247
vt 0.722355 0.614156
f 576/2593/576 577/2594/577 578/2595/578
vt 0.722355 0.614156
vt 0.721077 0.569924
vt 0.695122 0.565160
f 578/2596/578 579/2597/579 576/2598/576
vt 0.695836 0.643097
vt 0.722552 0.653082
vt 0.722355 0.614156
f 580/2599/580 581/2600/581 578/2601/578
vt 0.722355 0.614156
vt 0.696135 0.606247
vt 0.695836 0.643097
f 578/2602/578 577/2603/577 580/2604/580
vt 0.750798 0.661017
vt 0.750219 0.619983
vt 0.722355 0.614156
f 570/2605/570 575/2606/575 578/2607/578
vt 0.722355 0.614156
vt 0.722552 0.653082
vt 0.750798 0.661017
f 578/2608/578 581/2609/581 570/2610/570
vt 0.749055 0.573012
vt 0.721077 0.569924
vt 0.722355 0.614156
f 574/2611/574 579/2612/579 578/2613/578
vt 0.722355 0.614156
vt 0.750219 0.619983
vt 0.749055 0.573012
f 578/2614/578 575/2615/575 574/2616/574
vt 0.688752 0.709732
vt 0.718790 0.722589
vt 0.721440 0.688595
f 453/2617/453 456/2618/456 582/2619/582
vt 0.721440 0.688595
vt 0.693588 0.677121
vt 0.688752 0.709732
f 582/2620/582 583/2621/583 453/2622/453
vt 0.750964 0.733192
vt 0.750983 0.698094
vt 0.721440 0.688595
f 451/2623/451 571/2624/571 582/2625/582
vt 0.721440 0.688595
vt 0.718790 0.722589
vt 0.750964 0.733192
f 582/2626/582 456/2627/456 451/2628/451
vt 0.750798 0.661017
vt 0.722552 0.653082
vt 0.721440 0.688595
f 570/2629/570 581/2630/581 582/2631/582
vt 0.721440 0.688595
vt 0.750983 0.698094
vt 0.750798 0.661017
f 582/2632/582 571/2633/571 570/2634/570
vt 0.695836 0.643097
vt 0.693588 0.677121
vt 0.721440 0.688595
f 580/2635/580 583/2636/583 582/2637/582
vt 0.721440 0.688595
vt 0.722552 0.653082
vt 0.695836 0.643097
f 582/2638/582 581/2639/581 580/2640/580
vt 0.807028 0.568562
vt 0.805942 0.511889
vt 0.776570 0.516270
f 526/2641/526 549/2642/549 584/2643/584
vt 0.776570 0.516270
vt 0.778044 0.573024
vt 0.807028 0.568562
f 584/2644/584 572/2645/572 526/2646/526
vt 0.804202 0.451028
vt 0.774145 0.454708
vt 0.776570 0.516270
f 546/2647/546 585/2648/585 584/2649/584
vt 0.776570 0.516270
vt 0.805942 0.511889
vt 0.804202 0.451028
f 584/2650/584 549/2651/549 546/2652/546
vt 0.743763 0.458155
vt 0.747115 0.518124
vt 0.776570 0.516270
f 586/2653/586 587/2654/587 584/2655/584
vt 0.776570 0.516270
vt 0.774145 0.454708
vt 0.743763 0.458155
f 584/2656/584 585/2657/585 586/2658/586
vt 0.749055 0.573012
vt 0.778044 0.573024
vt 0.776570 0.516270
f 574/2659/574 572/2660/572 584/2661/584
vt 0.776570 0.516270
vt 0.747115 0.518124
vt 0.749055 0.573012
f 584/2662/584 587/2663/587 574/2664/574
vt 0.797882 0.328776
vt 0.764990 0.329477
vt 0.770406 0.391417
f 542/2665/542 588/2666/588 589/2667/589
vt 0.770406 0.391417
vt 0.801589 0.388987
vt 0.797882 0.328776
f 589/2668/589 543/2669/543 542/2670/542
vt 0.730975 0.334518
vt 0.738363 0.395940
vt 0.770406 0.391417
f 590/2671/590 591/2672/591 589/2673/589
vt 0.770406 0.391417
vt 0.764990 0.329477
vt 0.730975 0.334518
f 589/2674/589 588/2675/588 590/2676/590
vt 0.743763 0.458155
vt 0.774145 0.454708
vt 0.770406 0.391417
f 586/2677/586 585/2678/585 589/2679/589
vt 0.770406 0.391417
vt 0.738363 0.395940
vt 0.743763 0.458155
f 589/2680/589 591/2681/591 586/2682/586
vt 0.804202 0.451028
vt 0.801589 0.388987
vt 0.770406 0.391417
f 546/2683/546 543/2684/543 589/2685/589
vt 0.770406 0.391417
vt 0.774145 0.454708
vt 0.804202 0.451028
f 589/2686/589 585/2687/585 546/2688/546
vt 0.662699 0.354972
vt 0.679504 0.414634
vt 0.706955 0.402403
f 271/2689/271 592/2690/592 593/2691/593
vt 0.706955 0.402403
vt 0.697292 0.342742
vt 0.662699 0.354972
f 593/2692/593 594/2693/594 271/2694/271
vt 0.688937 0.467693
vt 0.714670 0.461956
vt 0.706955 0.402403
f 595/2695/595 596/2696/596 593/2697/593
vt 0.706955 0.402403
vt 0.679504 0.414634
vt 0.688937 0.467693
f 593/2698/593 592/2699/592 595/2700/595
vt 0.743763 0.458155
vt 0.738363 0.395940
vt 0.706955 0.402403
f 586/2701/586 591/2702/591 593/2703/593
vt 0.706955 0.402403
vt 0.714670 0.461956
vt 0.743763 0.458155
f 593/2704/593 596/2705/596 586/2706/586
vt 0.730975 0.334518
vt 0.697292 0.342742
vt 0.706955 0.402403
f 590/2707/590 594/2708/594 593/2709/593
vt 0.706955 0.402403
vt 0.738363 0.395940
vt 0.730975 0.334518
f 593/2710/593 591/2711/591 590/2712/590
vt 0.695122 0.565160
vt 0.721077 0.569924
vt 0.718947 0.518493
f 576/2713/576 579/2714/579 597/2715/597
vt 0.718947 0.518493
vt 0.693433 0.518422
vt 0.695122 0.565160
f 597/2716/597 598/2717/598 576/2718/576
vt 0.749055 0.573012
vt 0.747115 0.518124
vt 0.718947 0.518493
f 574/2719/574 587/2720/587 597/2721/597
vt 0.718947 0.518493
vt 0.721077 0.569924
vt 0.749055 0.573012
f 597/2722/597 579/2723/579 574/2724/574
vt 0.743763 0.458155
vt 0.714670 0.461956
vt 0.718947 0.518493
f 586/2725/586 596/2726/596 597/2727/597
vt 0.718947 0.518493
vt 0.747115 0.518124
vt 0.743763 0.458155
f 597/2728/597 587/2729/587 586/2730/586
vt 0.688937 0.467693
vt 0.693433 0.518422
vt 0.718947 0.518493
f 595/2731/595 598/2732/598 597/2733/597
vt 0.718947 0.518493
vt 0.714670 0.461956
vt 0.688937 0.467693
f 597/2734/597 596/2735/596 595/2736/595
vt 0.797882 0.328776
vt 0.792863 0.273403
vt 0.757535 0.271965
f 542/2737/542 560/2738/560 599/2739/599
vt 0.757535 0.271965
vt 0.764990 0.329477
vt 0.797882 0.328776
f 599/2740/599 588/2741/588 542/2742/542
vt 0.786844 0.218509
vt 0.747804 0.217031
vt 0.757535 0.271965
f 554/2743/554 600/2744/600 599/2745/599
vt 0.757535 0.271965
vt 0.792863 0.273403
vt 0.786844 0.218509
f 599/2746/599 560/2747/560 554/2748/554
vt 0.709132 0.224741
vt 0.721660 0.276928
vt 0.757535 0.271965
f 601/2749/601 602/2750/602 599/2751/599
vt 0.757535 0.271965
vt 0.747804 0.217031
vt 0.709132 0.224741
f 599/2752/599 600/2753/600 601/2754/601
vt 0.730975 0.334518
vt 0.764990 0.329477
vt 0.757535 0.271965
f 590/2755/590 588/2756/588 599/2757/599
vt 0.757535 0.271965
vt 0.721660 0.276928
vt 0.730975 0.334518
f 599/2758/599 602/2759/602 590/2760/590
vt 0.775953 0.076804
vt 0.716137 0.120849
vt 0.735561 0.162824
f 550/2761/550 603/2762/603 604/2763/604
vt 0.735561 0.162824
vt 0.780138 0.159736
vt 0.775953 0.076804
f 604/2764/604 551/2765/551 550/2766/550
vt 0.668710 0.145495
vt 0.692103 0.179527
vt 0.735561 0.162824
f 605/2767/605 606/2768/606 604/2769/604
vt 0.735561 0.162824
vt 0.716137 0.120849
vt 0.668710 0.145495
f 604/2770/604 603/2771/603 605/2772/605
vt 0.709132 0.224741
vt 0.747804 0.217031
vt 0.735561 0.162824
f 601/2773/601 600/2774/600 604/2775/604
vt 0.735561 0.162824
vt 0.692103 0.179527
vt 0.709132 0.224741
f 604/2776/604 606/2777/606 601/2778/601
vt 0.786844 0.218509
vt 0.780138 0.159736
vt 0.735561 0.162824
f 554/2779/554 551/2780/551 604/2781/604
vt 0.735561 0.162824
vt 0.747804 0.217031
vt 0.786844 0.218509
f 604/2782/604 600/2783/600 554/2784/554
vt 0.599594 0.184163
vt 0.625566 0.209698
vt 0.654863 0.195161
f 301/2785/301 318/2786/318 607/2787/607
vt 0.654863 0.195161
vt 0.629428 0.165803
vt 0.599594 0.184163
f 607/2788/607 608/2789/608 301/2790/301
vt 0.644634 0.245769
vt 0.673925 0.235468
vt 0.654863 0.195161
f 315/2791/315 609/2792/609 607/2793/607
vt 0.654863 0.195161
vt 0.625566 0.209698
vt 0.644634 0.245769
f 607/2794/607 318/2795/318 315/2796/315
vt 0.709132 0.224741
vt 0.692103 0.179527
vt 0.654863 0.195161
f 601/2797/601 606/2798/606 607/2799/607
vt 0.654863 0.195161
vt 0.673925 0.235468
vt 0.709132 0.224741
f 607/2800/607 609/2801/609 601/2802/601
vt 0.668710 0.145495
vt 0.629428 0.165803
vt 0.654863 0.195161
f 605/2803/605 608/2804/608 607/2805/607
vt 0.654863 0.195161
vt 0.692103 0.179527
vt 0.668710 0.145495
f 607/2806/607 606/2807/606 605/2808/605
vt 0.662699 0.354972
vt 0.697292 0.342742
vt 0.687175 0.285880
f 271/2809/271 594/2810/594 610/2811/610
vt 0.687175 0.285880
vt 0.656791 0.292654
vt 0.662699 0.354972
f 610/2812/610 313/2813/313 271/2814/271
vt 0.730975 0.334518
vt 0.721660 0.276928
vt 0.687175 0.285880
f 590/2815/590 602/2816/602 610/2817/610
vt 0.687175 0.285880
vt 0.697292 0.342742
vt 0.730975 0.334518
f 610/2818/610 594/2819/594 590/2820/590
vt 0.709132 0.224741
vt 0.673925 0.235468
vt 0.687175 0.285880
f 601/2821/601 609/2822/609 610/2823/610
vt 0.687175 0.285880
vt 0.721660 0.276928
vt 0.709132 0.224741
f 610/2824/610 602/2825/602 601/2826/601
vt 0.644634 0.245769
vt 0.656791 0.292654
vt 0.687175 0.285880
f 315/2827/315 313/2828/313 610/2829/610
vt 0.687175 0.285880
vt 0.673925 0.235468
vt 0.644634 0.245769
f 610/2830/610 609/2831/609 315/2832/315
vt 0.688752 0.709732
vt 0.693588 0.677121
vt 0.668442 0.666242
f 453/2833/453 583/2834/583 611/2835/611
vt 0.668442 0.666242
vt 0.662407 0.697292
vt 0.688752 0.709732
f 611/2836/611 510/2837/510 453/2838/453
vt 0.695836 0.643097
vt 0.671434 0.633323
vt 0.668442 0.666242
f 580/2839/580 612/2840/612 611/2841/611
vt 0.668442 0.666242
vt 0.693588 0.677121
vt 0.695836 0.643097
f 611/2842/611 583/2843/583 580/2844/580
vt 0.649210 0.623966
vt 0.646237 0.655798
vt 0.668442 0.666242
f 613/2845/613 614/2846/614 611/2847/611
vt 0.668442 0.666242
vt 0.671434 0.633323
vt 0.649210 0.623966
f 611/2848/611 612/2849/612 613/2850/613
vt 0.640163 0.684578
vt 0.662407 0.697292
vt 0.668442 0.666242
f 512/2851/512 510/2852/510 611/2853/611
vt 0.668442 0.666242
vt 0.646237 0.655798
vt 0.640163 0.684578
f 611/2854/611 614/2855/614 512/2856/512
vt 0.695122 0.565160
vt 0.672204 0.560118
vt 0.672361 0.598094
f 576/2857/576 615/2858/615 616/2859/616
vt 0.672361 0.598094
vt 0.696135 0.606247
vt 0.695122 0.565160
f 616/2860/616 577/2861/577 576/2862/576
vt 0.651795 0.552968
vt 0.650692 0.589437
vt 0.672361 0.598094
f 617/2863/617 618/2864/618 616/2865/616
vt 0.672361 0.598094
vt 0.672204 0.560118
vt 0.651795 0.552968
f 616/2866/616 615/2867/615 617/2868/617
vt 0.649210 0.623966
vt 0.671434 0.633323
vt 0.672361 0.598094
f 613/2869/613 612/2870/612 616/2871/616
vt 0.672361 0.598094
vt 0.650692 0.589437
vt 0.649210 0.623966
f 616/2872/616 618/2873/618 613/2874/613
vt 0.695836 0.643097
vt 0.696135 0.606247
vt 0.672361 0.598094
f 580/2875/580 577/2876/577 616/2877/616
vt 0.672361 0.598094
vt 0.671434 0.633323
vt 0.695836 0.643097
f 616/2878/616 612/2879/612 580/2880/580
vt 0.615966 0.530582
vt 0.612140 0.571791
vt 0.630787 0.580015
f 219/2881/219 222/2882/222 619/2883/619
vt 0.630787 0.580015
vt 0.633364 0.541881
vt 0.615966 0.530582
f 619/2884/619 620/2885/620 219/2886/219
vt 0.610384 0.608782
vt 0.629032 0.615232
vt 0.630787 0.580015
f 217/2887/217 621/2888/621 619/2889/619
vt 0.630787 0.580015
vt 0.612140 0.571791
vt 0.610384 0.608782
f 619/2890/619 222/2891/222 217/2892/217
vt 0.649210 0.623966
vt 0.650692 0.589437
vt 0.630787 0.580015
f 613/2893/613 618/2894/618 619/2895/619
vt 0.630787 0.580015
vt 0.629032 0.615232
vt 0.649210 0.623966
f 619/2896/619 621/2897/621 613/2898/613
vt 0.651795 0.552968
vt 0.633364 0.541881
vt 0.630787 0.580015
f 617/2899/617 620/2900/620 619/2901/619
vt 0.630787 0.580015
vt 0.650692 0.589437
vt 0.651795 0.552968
f 619/2902/619 618/2903/618 617/2904/617
vt 0.610824 0.659505
vt 0.622430 0.670898
vt 0.627203 0.645623
f 213/2905/213 515/2906/515 622/2907/622
vt 0.627203 0.645623
vt 0.610218 0.639163
vt 0.610824 0.659505
f 622/2908/622 214/2909/214 213/2910/213
vt 0.640163 0.684578
vt 0.646237 0.655798
vt 0.627203 0.645623
f 512/2911/512 614/2912/614 622/2913/622
vt 0.627203 0.645623
vt 0.622430 0.670898
vt 0.640163 0.684578
f 622/2914/622 515/2915/515 512/2916/512
vt 0.649210 0.623966
vt 0.629032 0.615232
vt 0.627203 0.645623
f 613/2917/613 621/2918/621 622/2919/622
vt 0.627203 0.645623
vt 0.646237 0.655798
vt 0.649210 0.623966
f 622/2920/622 614/2921/614 613/2922/613
vt 0.610384 0.608782
vt 0.610218 0.639163
vt 0.627203 0.645623
f 217/2923/217 214/2924/214 622/2925/622
vt 0.627203 0.645623
vt 0.629032 0.615232
vt 0.610384 0.608782
f 622/2926/622 621/2927/621 217/2928/217
vt 0.662699 0.354972
vt 0.645036 0.402834
vt 0.659337 0.436459
f 271/2929/271 274/2930/274 623/2931/623
vt 0.659337 0.436459
vt 0.679504 0.414634
vt 0.662699 0.354972
f 623/2932/623 592/2933/592 271/2934/271
vt 0.631842 0.444394
vt 0.645655 0.466339
vt 0.659337 0.436459
f 269/2935/269 624/2936/624 623/2937/623
vt 0.659337 0.436459
vt 0.645036 0.402834
vt 0.631842 0.444394
f 623/2938/623 274/2939/274 269/2940/269
vt 0.655862 0.486253
vt 0.668635 0.476951
vt 0.659337 0.436459
f 625/2941/625 626/2942/626 623/2943/623
vt 0.659337 0.436459
vt 0.645655 0.466339
vt 0.655862 0.486253
f 623/2944/623 624/2945/624 625/2946/625
vt 0.688937 0.467693
vt 0.679504 0.414634
vt 0.659337 0.436459
f 595/2947/595 592/2948/592 623/2949/623
vt 0.659337 0.436459
vt 0.668635 0.476951
vt 0.688937 0.467693
f 623/2950/623 626/2951/626 595/2952/595
vt 0.615966 0.530582
vt 0.633364 0.541881
vt 0.637658 0.502734
f 219/2953/219 620/2954/620 627/2955/627
vt 0.637658 0.502734
vt 0.622342 0.487547
vt 0.615966 0.530582
f 627/2956/627 267/2957/267 219/2958/219
vt 0.651795 0.552968
vt 0.653633 0.515315
vt 0.637658 0.502734
f 617/2959/617 628/2960/628 627/2961/627
vt 0.637658 0.502734
vt 0.633364 0.541881
vt 0.651795 0.552968
f 627/2962/627 620/2963/620 617/2964/617
vt 0.655862 0.486253
vt 0.645655 0.466339
vt 0.637658 0.502734
f 625/2965/625 624/2966/624 627/2967/627
vt 0.637658 0.502734
vt 0.653633 0.515315
vt 0.655862 0.486253
f 627/2968/627 628/2969/628 625/2970/625
vt 0.631842 0.444394
vt 0.622342 0.487547
vt 0.637658 0.502734
f 269/2971/269 267/2972/267 627/2973/627
vt 0.637658 0.502734
vt 0.645655 0.466339
vt 0.631842 0.444394
f 627/2974/627 624/2975/624 269/2976/269
vt 0.695122 0.565160
vt 0.693433 0.518422
vt 0.671944 0.518954
f 576/2977/576 598/2978/598 629/2979/629
vt 0.671944 0.518954
vt 0.672204 0.560118
vt 0.695122 0.565160
f 629/2980/629 615/2981/615 576/2982/576
vt 0.688937 0.467693
vt 0.668635 0.476951
vt 0.671944 0.518954
f 595/2983/595 626/2984/626 629/2985/629
vt 0.671944 0.518954
vt 0.693433 0.518422
vt 0.688937 0.467693
f 629/2986/629 598/2987/598 595/2988/595
vt 0.655862 0.486253
vt 0.653633 0.515315
vt 0.671944 0.518954
f 625/2989/625 628/2990/628 629/2991/629
vt 0.671944 0.518954
vt 0.668635 0.476951
vt 0.655862 0.486253
f 629/2992/629 626/2993/626 625/2994/625
vt 0.651795 0.552968
vt 0.672204 0.560118
vt 0.671944 0.518954
f 617/2995/617 615/2996/615 629/2997/629
vt 0.671944 0.518954
vt 0.653633 0.515315
vt 0.651795 0.552968
f 629/2998/629 628/2999/628 617/3000/617
vt -0.054319 0.303591
vt 0.057054 0.303913
vt 0.014813 0.247217
f 120/3001/120 630/3002/630 631/3003/631
vt 0.014813 0.247217
vt -0.096751 0.246894
vt -0.054319 0.303591
f 631/3004/631 632/3005/632 120/3006/120
vt 0.168428 0.304234
vt 0.126378 0.247539
vt 0.014813 0.247217
f 633/3007/633 634/3008/634 631/3009/631
vt 0.014813 0.247217
vt 0.057054 0.303913
vt 0.168428 0.304234
f 631/3010/631 635/3011/635 636/3012/636
vt 0.084327 0.190843
vt -0.027428 0.190521
vt 0.014813 0.247217
f 637/3013/637 638/3014/638 631/3015/631
vt 0.014813 0.247217
vt 0.126378 0.247539
vt 0.084327 0.190843
f 631/3016/631 634/3017/634 637/3018/637
vt -0.139183 0.190198
vt -0.096751 0.246894
vt 0.014813 0.247217
f 639/3019/639 640/3020/640 631/3021/631
vt 0.014813 0.247217
vt -0.027428 0.190521
vt -0.139183 0.190198
f 631/3022/631 638/3023/638 641/3024/641
vt 0.391176 0.304878
vt 0.349506 0.248183
vt 0.237942 0.247861
f 642/3025/642 643/3026/643 644/3027/644
vt 0.237942 0.247861
vt 0.279802 0.304556
vt 0.391176 0.304878
f 644/3028/644 645/3029/645 646/3030/646
vt 0.307837 0.191489
vt 0.196082 0.191166
vt 0.237942 0.247861
f 647/3031/647 648/3032/648 644/3033/644
vt 0.237942 0.247861
vt 0.349506 0.248183
vt 0.307837 0.191489
f 644/3034/644 643/3035/643 647/3036/647
vt 0.084327 0.190843
vt 0.126378 0.247539
vt 0.237942 0.247861
f 637/3037/637 634/3038/634 644/3039/644
vt 0.237942 0.247861
vt 0.196082 0.191166
vt 0.084327 0.190843
f 644/3040/644 648/3041/648 637/3042/637
vt 0.168428 0.304234
vt 0.279802 0.304556
vt 0.237942 0.247861
f 649/3043/649 650/3044/650 644/3045/644
vt 0.237942 0.247861
vt 0.126378 0.247539
vt 0.168428 0.304234
f 644/3046/644 634/3047/634 651/3048/651
vt 0.224498 0.078100
vt 0.112362 0.077776
vt 0.154222 0.134471
f 652/3049/652 653/3050/653 654/3051/654
vt 0.154222 0.134471
vt 0.266168 0.134794
vt 0.224498 0.078100
f 654/3052/654 655/3053/655 652/3054/652
vt 0.000226 0.077452
vt 0.042276 0.134148
vt 0.154222 0.134471
f 656/3055/656 657/3056/657 654/3057/654
vt 0.154222 0.134471
vt 0.112362 0.077776
vt 0.000226 0.077452
f 654/3058/654 653/3059/653 656/3060/656
vt 0.084327 0.190843
vt 0.196082 0.191166
vt 0.154222 0.134471
f 637/3061/637 648/3062/648 654/3063/654
vt 0.154222 0.134471
vt 0.042276 0.134148
vt 0.084327 0.190843
f 654/3064/654 657/3065/657 637/3066/637
vt 0.307837 0.191489
vt 0.266168 0.134794
vt 0.154222 0.134471
f 647/3067/647 655/3068/655 654/3069/654
vt 0.154222 0.134471
vt 0.196082 0.191166
vt 0.307837 0.191489
f 654/3070/654 648/3071/648 647/3072/647
vt -0.224047 0.076804
vt -0.181615 0.133501
vt -0.069669 0.133824
f 658/3073/658 659/3074/659 660/3075/660
vt -0.069669 0.133824
vt -0.111910 0.077128
vt -0.224047 0.076804
f 660/3076/660 661/3077/661 662/3078/662
vt -0.139183 0.190198
vt -0.027428 0.190521
vt -0.069669 0.133824
f 663/3079/663 638/3080/638 660/3081/660
vt -0.069669 0.133824
vt -0.181615 0.133501
vt -0.139183 0.190198
f 660/3082/660 664/3083/664 665/3084/665
vt 0.084327 0.190843
vt 0.042276 0.134148
vt -0.069669 0.133824
f 637/3085/637 657/3086/657 660/3087/660
vt -0.069669 0.133824
vt -0.027428 0.190521
vt 0.084327 0.190843
f 660/3088/660 638/3089/638 637/3090/637
vt 0.000226 0.077452
vt -0.111910 0.077128
vt -0.069669 0.133824
f 656/3091/656 661/3092/661 660/3093/660
vt -0.069669 0.133824
vt 0.042276 0.134148
vt 0.000226 0.077452
f 660/3094/660 657/3095/657 656/3096/656
vt 0.054311 0.303588
vt 0.076910 0.321359
vt 0.101908 0.268029
f 100/3097/100 103/3098/103 666/3099/666
vt 0.101908 0.268029
vt 0.096858 0.247216
vt 0.054311 0.303588
f 666/3100/666 667/3101/667 100/3102/100
vt 0.090224 0.331993
vt 0.108947 0.282942
vt 0.101908 0.268029
f 98/3103/98 668/3104/668 666/3105/666
vt 0.101908 0.268029
vt 0.076910 0.321359
vt 0.090224 0.331993
f 666/3106/666 103/3107/103 98/3108/98
vt 0.126800 0.247364
vt 0.132061 0.222125
vt 0.101908 0.268029
f 669/3109/669 670/3110/670 666/3111/666
vt 0.101908 0.268029
vt 0.108947 0.282942
vt 0.126800 0.247364
f 666/3112/666 668/3113/668 669/3114/669
vt 0.139405 0.190844
vt 0.096858 0.247216
vt 0.101908 0.268029
f 671/3115/671 672/3116/672 666/3117/666
vt 0.101908 0.268029
vt 0.132061 0.222125
vt 0.139405 0.190844
f 666/3118/666 670/3119/670 673/3120/673
vt 0.115799 0.336254
vt 0.131806 0.285375
vt 0.119963 0.286052
f 94/3121/94 674/3122/674 675/3123/675
vt 0.119963 0.286052
vt 0.103168 0.335485
vt 0.115799 0.336254
f 675/3124/675 95/3125/95 94/3126/94
vt 0.153524 0.231414
vt 0.139947 0.236461
vt 0.119963 0.286052
f 676/3127/676 677/3128/677 675/3129/675
vt 0.119963 0.286052
vt 0.131806 0.285375
vt 0.153524 0.231414
f 675/3130/675 674/3131/674 676/3132/676
vt 0.126800 0.247364
vt 0.108947 0.282942
vt 0.119963 0.286052
f 669/3133/669 668/3134/668 675/3135/675
vt 0.119963 0.286052
vt 0.139947 0.236461
vt 0.126800 0.247364
f 675/3136/675 677/3137/677 669/3138/669
vt 0.090224 0.331993
vt 0.103168 0.335485
vt 0.119963 0.286052
f 98/3139/98 95/3140/95 675/3141/675
vt 0.119963 0.286052
vt 0.108947 0.282942
vt 0.090224 0.331993
f 675/3142/675 668/3143/668 98/3144/98
vt 0.224498 0.078100
vt 0.181951 0.134472
vt 0.160745 0.185747
f 652/3145/652 678/3146/678 679/3147/679
vt 0.160745 0.185747
vt 0.181116 0.171880
vt 0.224498 0.078100
f 679/3148/679 680/3149/680 652/3150/652
vt 0.139405 0.190844
vt 0.132061 0.222125
vt 0.160745 0.185747
f 681/3151/681 670/3152/670 679/3153/679
vt 0.160745 0.185747
vt 0.181951 0.134472
vt 0.139405 0.190844
f 679/3154/679 682/3155/682 683/3156/683
vt 0.126800 0.247364
vt 0.139947 0.236461
vt 0.160745 0.185747
f 669/3157/669 677/3158/677 679/3159/679
vt 0.160745 0.185747
vt 0.132061 0.222125
vt 0.126800 0.247364
f 679/3160/679 670/3161/670 669/3162/669
vt 0.153524 0.231414
vt 0.181116 0.171880
vt 0.160745 0.185747
f 676/3163/676 680/3164/680 679/3165/679
vt 0.160745 0.185747
vt 0.139947 0.236461
vt 0.153524 0.231414
f 679/3166/679 677/3167/677 676/3168/676
vt 0.775953 0.076804
vt 0.736514 0.076934
vt 0.684864 0.102608
f 550/3169/550 684/3170/684 685/3171/685
vt 0.684864 0.102608
vt 0.716137 0.120849
vt 0.775953 0.076804
f 685/3172/685 603/3173/603 550/3174/550
vt 0.697075 0.077063
vt 0.646781 0.097861
vt 0.684864 0.102608
f 686/3175/686 687/3176/687 685/3177/685
vt 0.684864 0.102608
vt 0.736514 0.076934
vt 0.697075 0.077063
f 685/3178/685 688/3179/688 689/3180/689
vt 0.599828 0.119007
vt 0.637088 0.126853
vt 0.684864 0.102608
f 690/3181/690 691/3182/691 685/3183/685
vt 0.684864 0.102608
vt 0.646781 0.097861
vt 0.599828 0.119007
f 685/3184/685 687/3185/687 690/3186/690
vt 0.668710 0.145495
vt 0.716137 0.120849
vt 0.684864 0.102608
f 605/3187/605 603/3188/603 685/3189/685
vt 0.684864 0.102608
vt 0.637088 0.126853
vt 0.668710 0.145495
f 685/3190/685 691/3191/691 605/3192/605
vt 0.618196 0.077321
vt 0.566199 0.096501
vt 0.606932 0.096367
f 692/3193/692 693/3194/693 694/3195/694
vt 0.606932 0.096367
vt 0.657636 0.077192
vt 0.618196 0.077321
f 694/3196/694 695/3197/695 696/3198/696
vt 0.514202 0.115681
vt 0.559520 0.117366
vt 0.606932 0.096367
f 697/3199/697 698/3200/698 694/3201/694
vt 0.606932 0.096367
vt 0.566199 0.096501
vt 0.514202 0.115681
f 694/3202/694 693/3203/693 697/3204/697
vt 0.599828 0.119007
vt 0.646781 0.097861
vt 0.606932 0.096367
f 690/3205/690 687/3206/687 694/3207/694
vt 0.606932 0.096367
vt 0.559520 0.117366
vt 0.599828 0.119007
f 694/3208/694 698/3209/698 690/3210/690
vt 0.697075 0.077063
vt 0.657636 0.077192
vt 0.606932 0.096367
f 699/3211/699 700/3212/700 694/3213/694
vt 0.606932 0.096367
vt 0.646781 0.097861
vt 0.697075 0.077063
f 694/3214/694 687/3215/687 701/3216/701
vt 0.441722 0.182299
vt 0.488443 0.167521
vt 0.518694 0.142012
f 289/3217/289 308/3218/308 702/3219/702
vt 0.518694 0.142012
vt 0.476155 0.147447
vt 0.441722 0.182299
f 702/3220/702 703/3221/703 289/3222/289
vt 0.528994 0.163477
vt 0.559555 0.140852
vt 0.518694 0.142012
f 305/3223/305 704/3224/704 702/3225/702
vt 0.518694 0.142012
vt 0.488443 0.167521
vt 0.528994 0.163477
f 702/3226/702 308/3227/308 305/3228/305
vt 0.599828 0.119007
vt 0.559520 0.117366
vt 0.518694 0.142012
f 690/3229/690 698/3230/698 702/3231/702
vt 0.518694 0.142012
vt 0.559555 0.140852
vt 0.599828 0.119007
f 702/3232/702 704/3233/704 690/3234/690
vt 0.514202 0.115681
vt 0.476155 0.147447
vt 0.518694 0.142012
f 697/3235/697 703/3236/703 702/3237/702
vt 0.518694 0.142012
vt 0.559520 0.117366
vt 0.514202 0.115681
f 702/3238/702 698/3239/698 697/3240/697
vt 0.599594 0.184163
vt 0.629428 0.165803
vt 0.597063 0.148241
f 301/3241/301 608/3242/608 705/3243/705
vt 0.597063 0.148241
vt 0.566724 0.168891
vt 0.599594 0.184163
f 705/3244/705 302/3245/302 301/3246/301
vt 0.668710 0.145495
vt 0.637088 0.126853
vt 0.597063 0.148241
f 605/3247/605 691/3248/691 705/3249/705
vt 0.597063 0.148241
vt 0.629428 0.165803
vt 0.668710 0.145495
f 705/3250/705 608/3251/608 605/3252/605
vt 0.599828 0.119007
vt 0.559555 0.140852
vt 0.597063 0.148241
f 690/3253/690 704/3254/704 705/3255/705
vt 0.597063 0.148241
vt 0.637088 0.126853
vt 0.599828 0.119007
f 705/3256/705 691/3257/691 690/3258/690
vt 0.528994 0.163477
vt 0.566724 0.168891
vt 0.597063 0.148241
f 305/3259/305 302/3260/302 705/3261/705
vt 0.597063 0.148241
vt 0.559555 0.140852
vt 0.528994 0.163477
f 705/3262/705 704/3263/704 305/3264/305
vt 0.189986 0.334611
vt 0.198977 0.277414
vt 0.172590 0.284366
f 706/3265/706 707/3266/707 708/3267/708
vt 0.172590 0.284366
vt 0.163629 0.337413
vt 0.189986 0.334611
f 708/3268/708 709/3269/709 706/3270/706
vt 0.209696 0.220685
vt 0.181706 0.235910
vt 0.172590 0.284366
f 710/3271/710 711/3272/711 708/3273/708
vt 0.172590 0.284366
vt 0.198977 0.277414
vt 0.209696 0.220685
f 708/3274/708 707/3275/707 710/3276/710
vt 0.164619 0.255627
vt 0.153322 0.290619
vt 0.172590 0.284366
f 712/3277/712 713/3278/713 708/3279/708
vt 0.172590 0.284366
vt 0.181706 0.235910
vt 0.164619 0.255627
f 708/3280/708 711/3281/711 712/3282/712
vt 0.143157 0.340060
vt 0.163629 0.337413
vt 0.172590 0.284366
f 714/3283/714 709/3284/709 708/3285/708
vt 0.172590 0.284366
vt 0.153322 0.290619
vt 0.143157 0.340060
f 708/3286/708 713/3287/713 714/3288/714
vt 0.224498 0.078100
vt 0.181116 0.171880
vt 0.186326 0.193508
f 652/3289/652 680/3290/680 715/3291/715
vt 0.186326 0.193508
vt 0.218823 0.161807
vt 0.224498 0.078100
f 715/3292/715 716/3293/716 652/3294/652
vt 0.153524 0.231414
vt 0.160424 0.240333
vt 0.186326 0.193508
f 676/3295/676 717/3296/717 715/3297/715
vt 0.186326 0.193508
vt 0.181116 0.171880
vt 0.153524 0.231414
f 715/3298/715 680/3299/680 676/3300/676
vt 0.164619 0.255627
vt 0.181706 0.235910
vt 0.186326 0.193508
f 712/3301/712 711/3302/711 715/3303/715
vt 0.186326 0.193508
vt 0.160424 0.240333
vt 0.164619 0.255627
f 715/3304/715 717/3305/717 712/3306/712
vt 0.209696 0.220685
vt 0.218823 0.161807
vt 0.186326 0.193508
f 710/3307/710 716/3308/716 715/3309/715
vt 0.186326 0.193508
vt 0.181706 0.235910
vt 0.209696 0.220685
f 715/3310/715 711/3311/711 710/3312/710
vt 0.115799 0.336254
vt 0.128171 0.338727
vt 0.141327 0.288926
f 94/3313/94 718/3314/718 719/3315/719
vt 0.141327 0.288926
vt 0.131806 0.285375
vt 0.115799 0.336254
f 719/3316/719 674/3317/674 94/3318/94
vt 0.143157 0.340060
vt 0.153322 0.290619
vt 0.141327 0.288926
f 714/3319/714 713/3320/713 719/3321/719
vt 0.141327 0.288926
vt 0.128171 0.338727
vt 0.143157 0.340060
f 719/3322/719 718/3323/718 714/3324/714
vt 0.164619 0.255627
vt 0.160424 0.240333
vt 0.141327 0.288926
f 712/3325/712 717/3326/717 719/3327/719
vt 0.141327 0.288926
vt 0.153322 0.290619
vt 0.164619 0.255627
f 719/3328/719 713/3329/713 712/3330/712
vt 0.153524 0.231414
vt 0.131806 0.285375
vt 0.141327 0.288926
f 676/3331/676 674/3332/674 719/3333/719
vt 0.141327 0.288926
vt 0.160424 0.240333
vt 0.153524 0.231414
f 719/3334/719 717/3335/717 676/3336/676
vt 0.115799 0.336254
vt 0.105336 0.386541
vt 0.120089 0.389172
f 94/3337/94 97/3338/97 720/3339/720
vt 0.120089 0.389172
vt 0.128171 0.338727
vt 0.115799 0.336254
f 720/3340/720 718/3341/718 94/3342/94
vt 0.099167 0.435760
vt 0.115842 0.439361
vt 0.120089 0.389172
f 90/3343/90 721/3344/721 720/3345/720
vt 0.120089 0.389172
vt 0.105336 0.386541
vt 0.099167 0.435760
f 720/3346/720 97/3347/97 90/3348/90
vt 0.135547 0.444928
vt 0.137651 0.392044
vt 0.120089 0.389172
f 722/3349/722 723/3350/723 720/3351/720
vt 0.120089 0.389172
vt 0.115842 0.439361
vt 0.135547 0.444928
f 720/3352/720 721/3353/721 722/3354/722
vt 0.143157 0.340060
vt 0.128171 0.338727
vt 0.120089 0.389172
f 714/3355/714 718/3356/718 720/3357/720
vt 0.120089 0.389172
vt 0.137651 0.392044
vt 0.143157 0.340060
f 720/3358/720 723/3359/723 714/3360/714
vt 0.094698 0.529096
vt 0.113898 0.535368
vt 0.114192 0.488393
f 10/3361/10 724/3362/724 725/3363/725
vt 0.114192 0.488393
vt 0.096038 0.483436
vt 0.094698 0.529096
f 725/3364/725 88/3365/88 10/3366/10
vt 0.136515 0.546824
vt 0.135588 0.497069
vt 0.114192 0.488393
f 726/3367/726 727/3368/727 725/3369/725
vt 0.114192 0.488393
vt 0.113898 0.535368
vt 0.136515 0.546824
f 725/3370/725 724/3371/724 726/3372/726
vt 0.135547 0.444928
vt 0.115842 0.439361
vt 0.114192 0.488393
f 722/3373/722 721/3374/721 725/3375/725
vt 0.114192 0.488393
vt 0.135588 0.497069
vt 0.135547 0.444928
f 725/3376/725 727/3377/727 722/3378/722
vt 0.099167 0.435760
vt 0.096038 0.483436
vt 0.114192 0.488393
f 90/3379/90 88/3380/88 725/3381/725
vt 0.114192 0.488393
vt 0.115842 0.439361
vt 0.099167 0.435760
f 725/3382/725 721/3383/721 90/3384/90
vt 0.189615 0.570162
vt 0.187347 0.515083
vt 0.160036 0.506840
f 728/3385/728 729/3386/729 730/3387/730
vt 0.160036 0.506840
vt 0.161953 0.559683
vt 0.189615 0.570162
f 730/3388/730 731/3389/731 728/3390/728
vt 0.185660 0.455857
vt 0.158747 0.450769
vt 0.160036 0.506840
f 732/3391/732 733/3392/733 730/3393/730
vt 0.160036 0.506840
vt 0.187347 0.515083
vt 0.185660 0.455857
f 730/3394/730 729/3395/729 732/3396/732
vt 0.135547 0.444928
vt 0.135588 0.497069
vt 0.160036 0.506840
f 722/3397/722 727/3398/727 730/3399/730
vt 0.160036 0.506840
vt 0.158747 0.450769
vt 0.135547 0.444928
f 730/3400/730 733/3401/733 722/3402/722
vt 0.136515 0.546824
vt 0.161953 0.559683
vt 0.160036 0.506840
f 726/3403/726 731/3404/731 730/3405/730
vt 0.160036 0.506840
vt 0.135588 0.497069
vt 0.136515 0.546824
f 730/3406/730 727/3407/727 726/3408/726
vt 0.189986 0.334611
vt 0.163629 0.337413
vt 0.159480 0.393587
f 706/3409/706 709/3410/709 734/3411/734
vt 0.159480 0.393587
vt 0.186043 0.394896
vt 0.189986 0.334611
f 734/3412/734 735/3413/735 706/3414/706
vt 0.143157 0.340060
vt 0.137651 0.392044
vt 0.159480 0.393587
f 714/3415/714 723/3416/723 734/3417/734
vt 0.159480 0.393587
vt 0.163629 0.337413
vt 0.143157 0.340060
f 734/3418/734 709/3419/709 714/3420/714
vt 0.135547 0.444928
vt 0.158747 0.450769
vt 0.159480 0.393587
f 722/3421/722 733/3422/733 734/3423/734
vt 0.159480 0.393587
vt 0.137651 0.392044
vt 0.135547 0.444928
f 734/3424/734 723/3425/723 722/3426/722
vt 0.185660 0.455857
vt 0.186043 0.394896
vt 0.159480 0.393587
f 732/3427/732 735/3428/735 734/3429/734
vt 0.159480 0.393587
vt 0.158747 0.450769
vt 0.185660 0.455857
f 734/3430/734 733/3431/733 732/3432/732
vt 0.094698 0.529096
vt 0.093894 0.572264
vt 0.113722 0.579383
f 10/3433/10 13/3434/13 736/3435/736
vt 0.113722 0.579383
vt 0.113898 0.535368
vt 0.094698 0.529096
f 736/3436/736 724/3437/724 10/3438/10
vt 0.094107 0.612011
vt 0.113561 0.619863
vt 0.113722 0.579383
f 5/3439/5 737/3440/737 736/3441/736
vt 0.113722 0.579383
vt 0.093894 0.572264
vt 0.094107 0.612011
f 736/3442/736 13/3443/13 5/3444/5
vt 0.136673 0.634379
vt 0.137071 0.592550
vt 0.113722 0.579383
f 738/3445/738 739/3446/739 736/3447/736
vt 0.113722 0.579383
vt 0.113561 0.619863
vt 0.136673 0.634379
f 736/3448/736 737/3449/737 738/3450/738
vt 0.136515 0.546824
vt 0.113898 0.535368
vt 0.113722 0.579383
f 726/3451/726 724/3452/724 736/3453/736
vt 0.113722 0.579383
vt 0.137071 0.592550
vt 0.136515 0.546824
f 736/3454/736 739/3455/739 726/3456/726
vt 0.098201 0.673316
vt 0.110408 0.687734
vt 0.113316 0.656233
f 1/3457/1 320/3458/320 740/3459/740
vt 0.113316 0.656233
vt 0.095821 0.647407
vt 0.098201 0.673316
f 740/3460/740 2/3461/2 1/3462/1
vt 0.130058 0.706838
vt 0.134736 0.672446
vt 0.113316 0.656233
f 324/3463/324 741/3464/741 740/3465/740
vt 0.113316 0.656233
vt 0.110408 0.687734
vt 0.130058 0.706838
f 740/3466/740 320/3467/320 324/3468/324
vt 0.136673 0.634379
vt 0.113561 0.619863
vt 0.113316 0.656233
f 738/3469/738 737/3470/737 740/3471/740
vt 0.113316 0.656233
vt 0.134736 0.672446
vt 0.136673 0.634379
f 740/3472/740 741/3473/741 738/3474/738
vt 0.094107 0.612011
vt 0.095821 0.647407
vt 0.113316 0.656233
f 5/3475/5 2/3476/2 740/3477/740
vt 0.113316 0.656233
vt 0.113561 0.619863
vt 0.094107 0.612011
f 740/3478/740 737/3479/737 5/3480/5
vt 0.184503 0.736952
vt 0.188931 0.700872
vt 0.160425 0.688999
f 335/3481/335 742/3482/742 743/3483/743
vt 0.160425 0.688999
vt 0.155259 0.724759
vt 0.184503 0.736952
f 743/3484/743 336/3485/336 335/3486/335
vt 0.190919 0.661851
vt 0.162817 0.650045
vt 0.160425 0.688999
f 744/3487/744 745/3488/745 743/3489/743
vt 0.160425 0.688999
vt 0.188931 0.700872
vt 0.190919 0.661851
f 743/3490/743 742/3491/742 744/3492/744
vt 0.136673 0.634379
vt 0.134736 0.672446
vt 0.160425 0.688999
f 738/3493/738 741/3494/741 743/3495/743
vt 0.160425 0.688999
vt 0.162817 0.650045
vt 0.136673 0.634379
f 743/3496/743 745/3497/745 738/3498/738
vt 0.130058 0.706838
vt 0.155259 0.724759
vt 0.160425 0.688999
f 324/3499/324 336/3500/336 743/3501/743
vt 0.160425 0.688999
vt 0.134736 0.672446
vt 0.130058 0.706838
f 743/3502/743 741/3503/741 324/3504/324
vt 0.189615 0.570162
vt 0.161953 0.559683
vt 0.163103 0.607178
f 728/3505/728 731/3506/731 746/3507/746
vt 0.163103 0.607178
vt 0.190976 0.618682
vt 0.189615 0.570162
f 746/3508/746 747/3509/747 728/3510/728
vt 0.136515 0.546824
vt 0.137071 0.592550
vt 0.163103 0.607178
f 726/3511/726 739/3512/739 746/3513/746
vt 0.163103 0.607178
vt 0.161953 0.559683
vt 0.136515 0.546824
f 746/3514/746 731/3515/731 726/3516/726
vt 0.136673 0.634379
vt 0.162817 0.650045
vt 0.163103 0.607178
f 738/3517/738 745/3518/745 746/3519/746
vt 0.163103 0.607178
vt 0.137071 0.592550
vt 0.136673 0.634379
f 746/3520/746 739/3521/739 738/3522/738
vt 0.190919 0.661851
vt 0.190976 0.618682
vt 0.163103 0.607178
f 744/3523/744 747/3524/747 746/3525/746
vt 0.163103 0.607178
vt 0.162817 0.650045
vt 0.190919 0.661851
f 746/3526/746 745/3527/745 744/3528/744
vt 0.224498 0.078100
vt 0.218823 0.161807
vt 0.257705 0.158588
f 652/3529/652 716/3530/716 748/3531/748
vt 0.257705 0.158588
vt 0.270926 0.097085
vt 0.224498 0.078100
f 748/3532/748 749/3533/749 652/3534/652
vt 0.209696 0.220685
vt 0.244751 0.218944
vt 0.257705 0.158588
f 710/3535/710 750/3536/750 748/3537/748
vt 0.257705 0.158588
vt 0.218823 0.161807
vt 0.209696 0.220685
f 748/3538/748 716/3539/716 710/3540/710
vt 0.283525 0.225804
vt 0.301282 0.172048
vt 0.257705 0.158588
f 751/3541/751 752/3542/752 748/3543/748
vt 0.257705 0.158588
vt 0.244751 0.218944
vt 0.283525 0.225804
f 748/3544/748 750/3545/750 751/3546/751
vt 0.317353 0.116070
vt 0.270926 0.097085
vt 0.257705 0.158588
f 753/3547/753 754/3548/754 748/3549/748
vt 0.257705 0.158588
vt 0.301282 0.172048
vt 0.317353 0.116070
f 748/3550/748 752/3551/752 755/3552/755
vt 0.189986 0.334611
vt 0.222624 0.335478
vt 0.232331 0.277005
f 706/3553/706 756/3554/756 757/3555/757
vt 0.232331 0.277005
vt 0.198977 0.277414
vt 0.189986 0.334611
f 757/3556/757 707/3557/707 706/3558/706
vt 0.258937 0.339423
vt 0.269372 0.281409
vt 0.232331 0.277005
f 758/3559/758 759/3560/759 757/3561/757
vt 0.232331 0.277005
vt 0.222624 0.335478
vt 0.258937 0.339423
f 757/3562/757 756/3563/756 758/3564/758
vt 0.283525 0.225804
vt 0.244751 0.218944
vt 0.232331 0.277005
f 751/3565/751 750/3566/750 757/3567/757
vt 0.232331 0.277005
vt 0.269372 0.281409
vt 0.283525 0.225804
f 757/3568/757 759/3569/759 751/3570/751
vt 0.209696 0.220685
vt 0.198977 0.277414
vt 0.232331 0.277005
f 710/3571/710 707/3572/707 757/3573/757
vt 0.232331 0.277005
vt 0.244751 0.218944
vt 0.209696 0.220685
f 757/3574/757 750/3575/750 710/3576/710
vt 0.334911 0.356137
vt 0.340332 0.294102
vt 0.306816 0.288892
f 243/3577/243 280/3578/280 760/3579/760
vt 0.306816 0.288892
vt 0.296318 0.345856
vt 0.334911 0.356137
f 760/3580/760 761/3581/761 243/3582/243
vt 0.355998 0.246717
vt 0.322667 0.236383
vt 0.306816 0.288892
f 284/3583/284 762/3584/762 760/3585/760
vt 0.306816 0.288892
vt 0.340332 0.294102
vt 0.355998 0.246717
f 760/3586/760 280/3587/280 284/3588/284
vt 0.283525 0.225804
vt 0.269372 0.281409
vt 0.306816 0.288892
f 751/3589/751 759/3590/759 760/3591/760
vt 0.306816 0.288892
vt 0.322667 0.236383
vt 0.283525 0.225804
f 760/3592/760 762/3593/762 751/3594/751
vt 0.258937 0.339423
vt 0.296318 0.345856
vt 0.306816 0.288892
f 758/3595/758 761/3596/761 760/3597/760
vt 0.306816 0.288892
vt 0.269372 0.281409
vt 0.258937 0.339423
f 760/3598/760 759/3599/759 758/3600/758
vt 0.441722 0.182299
vt 0.377730 0.147642
vt 0.347863 0.190384
f 289/3601/289 763/3602/763 764/3603/764
vt 0.347863 0.190384
vt 0.385482 0.209090
vt 0.441722 0.182299
f 764/3604/764 290/3605/290 289/3606/289
vt 0.317353 0.116070
vt 0.301282 0.172048
vt 0.347863 0.190384
f 765/3607/765 752/3608/752 764/3609/764
vt 0.347863 0.190384
vt 0.377730 0.147642
vt 0.317353 0.116070
f 764/3610/764 766/3611/766 767/3612/767
vt 0.283525 0.225804
vt 0.322667 0.236383
vt 0.347863 0.190384
f 751/3613/751 762/3614/762 764/3615/764
vt 0.347863 0.190384
vt 0.301282 0.172048
vt 0.283525 0.225804
f 764/3616/764 752/3617/752 751/3618/751
vt 0.355998 0.246717
vt 0.385482 0.209090
vt 0.347863 0.190384
f 284/3619/284 290/3620/290 764/3621/764
vt 0.347863 0.190384
vt 0.322667 0.236383
vt 0.355998 0.246717
f 764/3622/764 762/3623/762 284/3624/284
vt 0.189986 0.334611
vt 0.186043 0.394896
vt 0.217809 0.397068
f 706/3625/706 735/3626/735 768/3627/768
vt 0.217809 0.397068
vt 0.222624 0.335478
vt 0.189986 0.334611
f 768/3628/768 756/3629/756 706/3630/706
vt 0.185660 0.455857
vt 0.216504 0.459169
vt 0.217809 0.397068
f 732/3631/732 769/3632/769 768/3633/768
vt 0.217809 0.397068
vt 0.186043 0.394896
vt 0.185660 0.455857
f 768/3634/768 735/3635/735 732/3636/732
vt 0.248948 0.461634
vt 0.252336 0.400407
vt 0.217809 0.397068
f 770/3637/770 771/3638/771 768/3639/768
vt 0.217809 0.397068
vt 0.216504 0.459169
vt 0.248948 0.461634
f 768/3640/768 769/3641/769 770/3642/770
vt 0.258937 0.339423
vt 0.222624 0.335478
vt 0.217809 0.397068
f 758/3643/758 756/3644/756 768/3645/768
vt 0.217809 0.397068
vt 0.252336 0.400407
vt 0.258937 0.339423
f 768/3646/768 771/3647/771 758/3648/758
vt 0.189615 0.570162
vt 0.218906 0.574478
vt 0.217330 0.519174
f 728/3649/728 772/3650/772 773/3651/773
vt 0.217330 0.519174
vt 0.187347 0.515083
vt 0.189615 0.570162
f 773/3652/773 729/3653/729 728/3654/728
vt 0.248581 0.574139
vt 0.248158 0.520374
vt 0.217330 0.519174
f 774/3655/774 775/3656/775 773/3657/773
vt 0.217330 0.519174
vt 0.218906 0.574478
vt 0.248581 0.574139
f 773/3658/773 772/3659/772 774/3660/774
vt 0.248948 0.461634
vt 0.216504 0.459169
vt 0.217330 0.519174
f 770/3661/770 769/3662/769 773/3663/773
vt 0.217330 0.519174
vt 0.248158 0.520374
vt 0.248948 0.461634
f 773/3664/773 775/3665/775 770/3666/770
vt 0.185660 0.455857
vt 0.187347 0.515083
vt 0.217330 0.519174
f 732/3667/732 729/3668/729 773/3669/773
vt 0.217330 0.519174
vt 0.216504 0.459169
vt 0.185660 0.455857
f 773/3670/773 769/3671/769 732/3672/732
vt 0.304118 0.565525
vt 0.305044 0.519149
vt 0.278005 0.519946
f 776/3673/776 777/3674/777 778/3675/778
vt 0.278005 0.519946
vt 0.277399 0.570653
vt 0.304118 0.565525
f 778/3676/778 779/3677/779 776/3678/776
vt 0.308793 0.468777
vt 0.280663 0.464184
vt 0.278005 0.519946
f 780/3679/780 781/3680/781 778/3681/778
vt 0.278005 0.519946
vt 0.305044 0.519149
vt 0.308793 0.468777
f 778/3682/778 777/3683/777 780/3684/780
vt 0.248948 0.461634
vt 0.248158 0.520374
vt 0.278005 0.519946
f 770/3685/770 775/3686/775 778/3687/778
vt 0.278005 0.519946
vt 0.280663 0.464184
vt 0.248948 0.461634
f 778/3688/778 781/3689/781 770/3690/770
vt 0.248581 0.574139
vt 0.277399 0.570653
vt 0.278005 0.519946
f 774/3691/774 779/3692/779 778/3693/778
vt 0.278005 0.519946
vt 0.248158 0.520374
vt 0.248581 0.574139
f 778/3694/778 775/3695/775 774/3696/774
vt 0.334911 0.356137
vt 0.296318 0.345856
vt 0.287184 0.405220
f 243/3697/243 761/3698/761 782/3699/782
vt 0.287184 0.405220
vt 0.317816 0.415921
vt 0.334911 0.356137
f 782/3700/782 783/3701/783 243/3702/243
vt 0.258937 0.339423
vt 0.252336 0.400407
vt 0.287184 0.405220
f 758/3703/758 771/3704/771 782/3705/782
vt 0.287184 0.405220
vt 0.296318 0.345856
vt 0.258937 0.339423
f 782/3706/782 761/3707/761 758/3708/758
vt 0.248948 0.461634
vt 0.280663 0.464184
vt 0.287184 0.405220
f 770/3709/770 781/3710/781 782/3711/782
vt 0.287184 0.405220
vt 0.252336 0.400407
vt 0.248948 0.461634
f 782/3712/782 771/3713/771 770/3714/770
vt 0.308793 0.468777
vt 0.317816 0.415921
vt 0.287184 0.405220
f 780/3715/780 783/3716/783 782/3717/782
vt 0.287184 0.405220
vt 0.280663 0.464184
vt 0.308793 0.468777
f 782/3718/782 781/3719/781 780/3720/780
vt 0.189615 0.570162
vt 0.190976 0.618682
vt 0.219851 0.622475
f 728/3721/728 747/3722/747 784/3723/784
vt 0.219851 0.622475
vt 0.218906 0.574478
vt 0.189615 0.570162
f 784/3724/784 772/3725/772 728/3726/728
vt 0.190919 0.661851
vt 0.219904 0.664790
vt 0.219851 0.622475
f 744/3727/744 785/3728/785 784/3729/784
vt 0.219851 0.622475
vt 0.190976 0.618682
vt 0.190919 0.661851
f 784/3730/784 747/3731/747 744/3732/744
vt 0.248965 0.661135
vt 0.248835 0.620437
vt 0.219851 0.622475
f 786/3733/786 787/3734/787 784/3735/784
vt 0.219851 0.622475
vt 0.219904 0.664790
vt 0.248965 0.661135
f 784/3736/784 785/3737/785 786/3738/786
vt 0.248581 0.574139
vt 0.218906 0.574478
vt 0.219851 0.622475
f 774/3739/774 772/3740/772 784/3741/784
vt 0.219851 0.622475
vt 0.248835 0.620437
vt 0.248581 0.574139
f 784/3742/784 787/3743/787 774/3744/774
vt 0.184503 0.736952
vt 0.216280 0.738875
vt 0.218801 0.703048
f 335/3745/335 394/3746/394 788/3747/788
vt 0.218801 0.703048
vt 0.188931 0.700872
vt 0.184503 0.736952
f 788/3748/788 742/3749/742 335/3750/335
vt 0.249036 0.733198
vt 0.249017 0.698100
vt 0.218801 0.703048
f 398/3751/398 789/3752/789 788/3753/788
vt 0.218801 0.703048
vt 0.216280 0.738875
vt 0.249036 0.733198
f 788/3754/788 394/3755/394 398/3756/398
vt 0.248965 0.661135
vt 0.219904 0.664790
vt 0.218801 0.703048
f 786/3757/786 785/3758/785 788/3759/788
vt 0.218801 0.703048
vt 0.249017 0.698100
vt 0.248965 0.661135
f 788/3760/788 789/3761/789 786/3762/786
vt 0.190919 0.661851
vt 0.188931 0.700872
vt 0.218801 0.703048
f 744/3763/744 742/3764/742 788/3765/788
vt 0.218801 0.703048
vt 0.219904 0.664790
vt 0.190919 0.661851
f 788/3766/788 785/3767/785 744/3768/744
vt 0.311250 0.709737
vt 0.306415 0.677126
vt 0.278561 0.688601
f 409/3769/409 790/3770/790 791/3771/791
vt 0.278561 0.688601
vt 0.281211 0.722595
vt 0.311250 0.709737
f 791/3772/791 410/3773/410 409/3774/409
vt 0.304089 0.643137
vt 0.277296 0.653160
vt 0.278561 0.688601
f 792/3775/792 793/3776/793 791/3777/791
vt 0.278561 0.688601
vt 0.306415 0.677126
vt 0.304089 0.643137
f 791/3778/791 790/3779/790 792/3780/792
vt 0.248965 0.661135
vt 0.249017 0.698100
vt 0.278561 0.688601
f 786/3781/786 789/3782/789 791/3783/791
vt 0.278561 0.688601
vt 0.277296 0.653160
vt 0.248965 0.661135
f 791/3784/791 793/3785/793 786/3786/786
vt 0.249036 0.733198
vt 0.281211 0.722595
vt 0.278561 0.688601
f 398/3787/398 410/3788/410 791/3789/791
vt 0.278561 0.688601
vt 0.249017 0.698100
vt 0.249036 0.733198
f 791/3790/791 789/3791/789 398/3792/398
vt 0.304118 0.565525
vt 0.277399 0.570653
vt 0.277036 0.614450
f 776/3793/776 779/3794/779 794/3795/794
vt 0.277036 0.614450
vt 0.303562 0.606396
vt 0.304118 0.565525
f 794/3796/794 795/3797/795 776/3798/776
vt 0.248581 0.574139
vt 0.248835 0.620437
vt 0.277036 0.614450
f 774/3799/774 787/3800/787 794/3801/794
vt 0.277036 0.614450
vt 0.277399 0.570653
vt 0.248581 0.574139
f 794/3802/794 779/3803/779 774/3804/774
vt 0.248965 0.661135
vt 0.277296 0.653160
vt 0.277036 0.614450
f 786/3805/786 793/3806/793 794/3807/794
vt 0.277036 0.614450
vt 0.248835 0.620437
vt 0.248965 0.661135
f 794/3808/794 787/3809/787 786/3810/786
vt 0.304089 0.643137
vt 0.303562 0.606396
vt 0.277036 0.614450
f 792/3811/792 795/3812/795 794/3813/794
vt 0.277036 0.614450
vt 0.277296 0.653160
vt 0.304089 0.643137
f 794/3814/794 793/3815/793 792/3816/792
vt 0.334911 0.356137
vt 0.317816 0.415921
vt 0.339693 0.436925
f 243/3817/243 783/3818/783 796/3819/796
vt 0.339693 0.436925
vt 0.354112 0.403246
vt 0.334911 0.356137
f 796/3820/796 244/3821/244 243/3822/243
vt 0.308793 0.468777
vt 0.330484 0.477373
vt 0.339693 0.436925
f 780/3823/780 797/3824/797 796/3825/796
vt 0.339693 0.436925
vt 0.317816 0.415921
vt 0.308793 0.468777
f 796/3826/796 783/3827/783 780/3828/780
vt 0.343749 0.486440
vt 0.354106 0.466456
vt 0.339693 0.436925
f 798/3829/798 799/3830/799 796/3831/796
vt 0.339693 0.436925
vt 0.330484 0.477373
vt 0.343749 0.486440
f 796/3832/796 797/3833/797 798/3834/798
vt 0.367949 0.444497
vt 0.354112 0.403246
vt 0.339693 0.436925
f 232/3835/232 244/3836/244 796/3837/796
vt 0.339693 0.436925
vt 0.354106 0.466456
vt 0.367949 0.444497
f 796/3838/796 799/3839/799 232/3840/232
vt 0.304118 0.565525
vt 0.327493 0.560265
vt 0.327449 0.519245
f 776/3841/776 800/3842/800 801/3843/801
vt 0.327449 0.519245
vt 0.305044 0.519149
vt 0.304118 0.565525
f 801/3844/801 777/3845/777 776/3846/776
vt 0.348132 0.553006
vt 0.346217 0.515389
vt 0.327449 0.519245
f 802/3847/802 803/3848/803 801/3849/801
vt 0.327449 0.519245
vt 0.327493 0.560265
vt 0.348132 0.553006
f 801/3850/801 800/3851/800 802/3852/802
vt 0.343749 0.486440
vt 0.330484 0.477373
vt 0.327449 0.519245
f 798/3853/798 797/3854/797 801/3855/801
vt 0.327449 0.519245
vt 0.346217 0.515389
vt 0.343749 0.486440
f 801/3856/801 803/3857/803 798/3858/798
vt 0.308793 0.468777
vt 0.305044 0.519149
vt 0.327449 0.519245
f 780/3859/780 777/3860/777 801/3861/801
vt 0.327449 0.519245
vt 0.330484 0.477373
vt 0.308793 0.468777
f 801/3862/801 797/3863/797 780/3864/780
vt 0.384039 0.530583
vt 0.377662 0.487547
vt 0.362346 0.502735
f 183/3865/183 228/3866/228 804/3867/804
vt 0.362346 0.502735
vt 0.366640 0.541882
vt 0.384039 0.530583
f 804/3868/804 805/3869/805 183/3870/183
vt 0.367949 0.444497
vt 0.354106 0.466456
vt 0.362346 0.502735
f 232/3871/232 799/3872/799 804/3873/804
vt 0.362346 0.502735
vt 0.377662 0.487547
vt 0.367949 0.444497
f 804/3874/804 228/3875/228 232/3876/232
vt 0.343749 0.486440
vt 0.346217 0.515389
vt 0.362346 0.502735
f 798/3877/798 803/3878/803 804/3879/804
vt 0.362346 0.502735
vt 0.354106 0.466456
vt 0.343749 0.486440
f 804/3880/804 799/3881/799 798/3882/798
vt 0.348132 0.553006
vt 0.366640 0.541882
vt 0.362346 0.502735
f 802/3883/802 805/3884/805 804/3885/804
vt 0.362346 0.502735
vt 0.346217 0.515389
vt 0.348132 0.553006
f 804/3886/804 803/3887/803 802/3888/802
vt 0.304118 0.565525
vt 0.303562 0.606396
vt 0.327520 0.598155
f 776/3889/776 795/3890/795 806/3891/806
vt 0.327520 0.598155
vt 0.327493 0.560265
vt 0.304118 0.565525
f 806/3892/806 800/3893/800 776/3894/776
vt 0.304089 0.643137
vt 0.328539 0.633341
vt 0.327520 0.598155
f 792/3895/792 807/3896/807 806/3897/806
vt 0.327520 0.598155
vt 0.303562 0.606396
vt 0.304089 0.643137
f 806/3898/806 795/3899/795 792/3900/792
vt 0.350786 0.623973
vt 0.349281 0.589454
vt 0.327520 0.598155
f 808/3901/808 809/3902/809 806/3903/806
vt 0.327520 0.598155
vt 0.328539 0.633341
vt 0.350786 0.623973
f 806/3904/806 807/3905/807 808/3906/808
vt 0.348132 0.553006
vt 0.327493 0.560265
vt 0.327520 0.598155
f 802/3907/802 800/3908/800 806/3909/806
vt 0.327520 0.598155
vt 0.349281 0.589454
vt 0.348132 0.553006
f 806/3910/806 809/3911/809 802/3912/802
vt 0.311250 0.709737
vt 0.337597 0.697297
vt 0.331561 0.666247
f 409/3913/409 468/3914/468 810/3915/810
vt 0.331561 0.666247
vt 0.306415 0.677126
vt 0.311250 0.709737
f 810/3916/810 790/3917/790 409/3918/409
vt 0.359841 0.684582
vt 0.353767 0.655802
vt 0.331561 0.666247
f 472/3919/472 811/3920/811 810/3921/810
vt 0.331561 0.666247
vt 0.337597 0.697297
vt 0.359841 0.684582
f 810/3922/810 468/3923/468 472/3924/472
vt 0.350786 0.623973
vt 0.328539 0.633341
vt 0.331561 0.666247
f 808/3925/808 807/3926/807 810/3927/810
vt 0.331561 0.666247
vt 0.353767 0.655802
vt 0.350786 0.623973
f 810/3928/810 811/3929/811 808/3930/808
vt 0.304089 0.643137
vt 0.306415 0.677126
vt 0.331561 0.666247
f 792/3931/792 790/3932/790 810/3933/810
vt 0.331561 0.666247
vt 0.328539 0.633341
vt 0.304089 0.643137
f 810/3934/810 807/3935/807 792/3936/792
vt 0.389181 0.659508
vt 0.389786 0.639166
vt 0.372801 0.645626
f 162/3937/162 165/3938/165 812/3939/812
vt 0.372801 0.645626
vt 0.377574 0.670902
vt 0.389181 0.659508
f 812/3940/812 480/3941/480 162/3942/162
vt 0.389620 0.608784
vt 0.370972 0.615234
vt 0.372801 0.645626
f 170/3943/170 813/3944/813 812/3945/812
vt 0.372801 0.645626
vt 0.389786 0.639166
vt 0.389620 0.608784
f 812/3946/812 165/3947/165 170/3948/170
vt 0.350786 0.623973
vt 0.353767 0.655802
vt 0.372801 0.645626
f 808/3949/808 811/3950/811 812/3951/812
vt 0.372801 0.645626
vt 0.370972 0.615234
vt 0.350786 0.623973
f 812/3952/812 813/3953/813 808/3954/808
vt 0.359841 0.684582
vt 0.377574 0.670902
vt 0.372801 0.645626
f 472/3955/472 480/3956/480 812/3957/812
vt 0.372801 0.645626
vt 0.353767 0.655802
vt 0.359841 0.684582
f 812/3958/812 811/3959/811 472/3960/472
vt 0.384039 0.530583
vt 0.366640 0.541882
vt 0.369217 0.580017
f 183/3961/183 805/3962/805 814/3963/814
vt 0.369217 0.580017
vt 0.387865 0.571793
vt 0.384039 0.530583
f 814/3964/814 184/3965/184 183/3966/183
vt 0.348132 0.553006
vt 0.349281 0.589454
vt 0.369217 0.580017
f 802/3967/802 809/3968/809 814/3969/814
vt 0.369217 0.580017
vt 0.366640 0.541882
vt 0.348132 0.553006
f 814/3970/814 805/3971/805 802/3972/802
vt 0.350786 0.623973
vt 0.370972 0.615234
vt 0.369217 0.580017
f 808/3973/808 813/3974/813 814/3975/814
vt 0.369217 0.580017
vt 0.349281 0.589454
vt 0.350786 0.623973
f 814/3976/814 809/3977/809 808/3978/808
vt 0.389620 0.608784
vt 0.387865 0.571793
vt 0.369217 0.580017
f 170/3979/170 184/3980/184 814/3981/814
vt 0.369217 0.580017
vt 0.370972 0.615234
vt 0.389620 0.608784
f 814/3982/814 813/3983/813 170/3984/170
usemtl tex0_1
v -4.832323 7.635451 -6.095670
vn 0.662680 -0.592118 0.458532
v -5.099624 8.489832 -4.207555
vn 0.641303 -0.744595 0.185224
v -3.815110 8.541718 -4.692044
vn -0.116086 -0.983776 0.136778
v -3.847110 7.785387 -7.011956
vn 0.258946 -0.755914 0.601283
v -5.099624 8.299726 -1.364048
vn 0.592925 -0.799088 -0.099491
v -3.815110 8.343184 -1.797692
vn -0.235242 -0.963262 -0.129571
v -2.062677 7.546020 -2.438639
vn -0.331170 -0.936755 -0.113213
v -2.062677 7.696384 -5.377017
vn -0.397602 -0.911255 0.107366
v -2.059224 7.045721 -7.660746
vn -0.057321 -0.793483 0.605887
v -2.062677 7.696384 -5.377017
vn -0.100509 -0.956897 0.272480
v 0.001000 7.414607 -5.605342
vn -0.000000 -0.993763 0.111513
v 0.001000 6.799164 -7.877009
vn -0.000000 -0.814072 0.580763
v -2.062677 7.546020 -2.438639
vn -0.132162 -0.990205 -0.045035
v 0.001000 7.280299 -2.652288
vn -0.000000 -0.998967 -0.045434
v -2.062677 7.696384 -5.377017
vn -0.140606 -0.988772 -0.050598
v -2.062677 7.546020 -2.438639
vn -0.140606 -0.988772 -0.050598
v 2.064676 7.546020 -2.438639
vn 0.136386 -0.989501 -0.047817
v 2.064676 7.696384 -5.377017
vn 0.122203 -0.986114 0.112456
v 2.061223 7.045720 -7.660746
vn 0.030391 -0.807620 0.588919
v 2.061223 7.045720 -7.660746
vn 0.336281 -0.905852 0.257580
v 2.064676 7.696384 -5.377017
vn 0.336281 -0.905852 0.257580
v 3.817110 8.541718 -4.692044
vn 0.114102 -0.984152 0.135743
v 3.849109 7.785387 -7.011956
vn -0.258946 -0.755914 0.601283
v 2.061223 7.045720 -7.660746
vn 0.268845 -0.914647 0.301899
v 2.064676 7.546020 -2.438639
vn 0.431890 -0.899812 -0.061721
v 3.817110 8.343185 -1.797692
vn 0.226335 -0.965354 -0.129866
v 2.064676 7.696384 -5.377017
vn 0.448445 -0.892643 -0.045679
v 2.064676 7.546020 -2.438639
vn 0.448445 -0.892643 -0.045679
v 5.101623 8.275976 -1.364048
vn -0.609402 -0.785231 -0.109733
v 5.101623 8.489832 -4.207555
vn -0.641248 -0.745369 0.182281
v 4.834323 7.635451 -6.095670
vn -0.662680 -0.592118 0.458532
v -5.099624 7.729403 1.397030
vn 0.547089 -0.780097 -0.303551
v -3.815110 7.747585 1.148978
vn -0.208406 -0.935037 -0.286833
v -4.796660 6.468184 3.897313
vn 0.447309 -0.677136 -0.584296
v -3.684987 6.610526 3.746580
vn -0.139406 -0.826532 -0.545354
v -2.032984 5.956821 3.790632
vn -0.252727 -0.853923 -0.454911
v -2.062677 7.094925 0.773215
vn -0.251730 -0.938040 -0.238145
v 0.001000 6.877372 0.647960
vn -0.002749 -0.970467 -0.241217
v 0.001000 7.280299 -2.652288
vn -0.138996 -0.982994 -0.120013
v -0.001518 5.738921 3.805316
vn -0.011028 -0.940656 -0.339182
v 2.074523 5.920938 3.767019
vn 0.056519 -0.842966 -0.534990
v 2.064676 7.094925 0.773215
vn 0.116577 -0.960624 -0.252213
v 2.064676 7.546020 -2.438639
vn 0.138996 -0.982994 -0.120013
v 0.001000 7.280299 -2.652288
vn 0.138996 -0.982994 -0.120013
v 2.064676 7.546020 -2.438639
vn 0.112126 -0.984036 -0.138205
v 2.064676 7.546020 -2.438639
vn 0.370296 -0.919886 -0.129195
v 2.064676 7.094925 0.773215
vn 0.370296 -0.919886 -0.129195
v 3.817110 7.747585 1.148978
vn 0.160707 -0.931388 -0.326633
v 2.064676 7.546020 -2.438639
vn 0.460189 -0.870222 -0.175895
v 2.074523 5.920938 3.767019
vn 0.235391 -0.863594 -0.445865
v 3.860252 6.466992 3.652128
vn -0.082667 -0.754903 -0.650606
v 2.064676 7.094925 0.773215
vn 0.391209 -0.856344 -0.337092
v 2.074523 5.920938 3.767019
vn 0.391209 -0.856344 -0.337092
v 4.839275 6.523984 3.027997
vn -0.560844 -0.613554 -0.555884
v 5.101623 7.634406 1.397030
vn -0.581606 -0.727896 -0.363182
v -5.353835 -6.474116 -5.590744
vn 0.651018 0.654394 0.384635
v -4.135338 -7.192380 -6.159977
vn 0.407489 0.742331 0.531881
v -4.003386 -7.816857 -4.019572
vn 0.378714 0.921928 0.081392
v -5.567267 -6.818624 -4.104417
vn 0.697366 0.704826 0.130005
v -2.162152 -7.584823 -6.265952
vn 0.136736 0.796294 0.589253
v -2.109746 -8.265364 -4.019572
vn 0.150769 0.986074 0.070198
v -2.193777 -7.837644 -1.254783
vn 0.113712 0.957435 -0.265305
v -4.198588 -7.445012 -1.254782
vn 0.341018 0.920760 -0.189493
v -5.810606 -6.573241 -1.462926
vn 0.655772 0.754160 -0.034719
v 0.001000 -7.715638 -6.301278
vn -0.000000 0.808710 0.588208
v 0.001000 -8.414865 -4.019572
vn -0.000000 0.997576 0.069582
v 2.164152 -7.584823 -6.265952
vn -0.136736 0.796294 0.589253
v 2.111745 -8.265363 -4.019572
vn -0.150769 0.986074 0.070198
v 2.195777 -7.837644 -1.254783
vn -0.113712 0.957435 -0.265306
v 0.001000 -7.968522 -1.254783
vn -0.000000 0.956751 -0.290907
v 4.137337 -7.192380 -6.159977
vn -0.407489 0.742331 0.531881
v 4.005385 -7.816857 -4.019572
vn -0.378714 0.921928 0.081392
v 5.355833 -6.474116 -5.590744
vn -0.651018 0.654394 0.384635
v 5.569266 -6.818624 -4.104417
vn -0.697366 0.704826 0.130005
v 5.812605 -6.573241 -1.462926
vn -0.655772 0.754160 -0.034719
v 4.200587 -7.445012 -1.254782
vn -0.341018 0.920760 -0.189494
v -4.784193 -6.329476 1.662937
vn 0.247662 0.902852 -0.351456
v -6.540623 -5.837095 1.288869
vn 0.596002 0.779768 -0.191687
v -2.445873 -6.554488 1.662937
vn 0.057234 0.902512 -0.426844
v -2.621015 -5.167132 4.346803
vn 0.028026 0.918134 -0.395278
v -5.118278 -5.138297 4.227286
vn 0.241168 0.890164 -0.386582
v -7.138802 -4.184161 3.915769
vn 0.827276 0.379795 -0.413970
v 0.001000 -6.629491 1.662937
vn 0.000000 0.899584 -0.436747
v 2.447872 -6.554487 1.662937
vn -0.057232 0.902494 -0.426883
v 2.618398 -5.167132 4.346803
vn -0.028018 0.918102 -0.395352
v -0.001518 -5.176744 4.386642
vn 0.000001 0.913855 -0.406040
v 4.786191 -6.329475 1.662937
vn -0.243250 0.904758 -0.349633
v 6.542621 -5.837095 1.288869
vn -0.593349 0.783879 -0.182952
v 7.137846 -4.275359 3.915769
vn -0.822785 0.387575 -0.415704
v 5.116919 -5.138297 4.227286
vn -0.224905 0.894050 -0.387418
v -4.558918 -4.539523 5.931966
vn 0.260276 0.803994 -0.534649
v -5.066890 -3.597711 6.377614
vn 0.565428 0.280434 -0.775659
v -2.474186 -4.426817 6.410033
vn 0.039288 0.879104 -0.475009
v -2.540639 -3.523908 7.602337
vn 0.261339 0.483939 -0.835168
v -0.009071 -4.389248 6.569388
vn 0.001103 0.891043 -0.453917
v 2.457722 -4.426816 6.410033
vn -0.038348 0.881990 -0.469705
v 2.511586 -3.547656 7.602337
vn -0.253119 0.492661 -0.832596
v -0.016625 -3.499306 8.010579
vn 0.002880 0.604105 -0.796900
v 4.547489 -4.539523 5.931966
vn -0.243494 0.815790 -0.524592
v 5.050425 -3.692708 6.377614
vn -0.554958 0.300049 -0.775881
v -3.943109 5.516397 -8.235306
vn 0.450747 -0.318844 0.833766
v -5.305433 5.939064 -6.872756
vn 0.824143 -0.296341 0.482670
v -2.048865 5.093730 -8.908647
vn 0.243730 -0.349136 0.904820
v -2.100250 2.477727 -9.319932
vn 0.255115 -0.004953 0.966898
v -4.162593 2.583394 -8.590459
vn 0.504362 -0.063314 0.861168
v -5.694762 2.689060 -7.230680
vn 0.844133 -0.137376 0.518235
v 0.001000 4.952842 -9.133094
vn 0.000000 -0.365192 0.930932
v -2.048865 5.093730 -8.908647
vn 0.055177 -0.537605 0.841390
v 2.050864 5.093730 -8.908647
vn -0.077664 -0.354503 0.931824
v 2.102249 2.477728 -9.319932
vn -0.103714 -0.162124 0.981305
v 0.001000 2.442505 -9.563090
vn 0.000000 -0.168831 0.985645
v -2.100250 2.477727 -9.319932
vn 0.096872 -0.156437 0.982926
v -2.048865 5.093730 -8.908647
vn 0.096872 -0.156437 0.982926
v -2.100250 2.477727 -9.319932
vn 0.110548 -0.167797 0.979604
v 2.061223 7.045720 -7.660746
vn -0.119796 -0.475081 0.871749
v 3.945107 5.516397 -8.235305
vn -0.450747 -0.318844 0.833766
v 2.050864 5.093730 -8.908647
vn -0.176785 -0.529483 0.829695
v 2.061223 7.045720 -7.660746
vn -0.176785 -0.529483 0.829695
v 5.307432 5.939064 -6.872756
vn -0.824143 -0.296340 0.482670
v 5.696761 2.689061 -7.230680
vn -0.844133 -0.137376 0.518235
v 4.164592 2.583394 -8.590459
vn -0.504362 -0.063314 0.861168
v 2.102249 2.477728 -9.319932
vn -0.300281 -0.153897 0.941354
v 2.050864 5.093730 -8.908647
vn -0.300281 -0.153897 0.941354
v 2.102249 2.477728 -9.319932
vn -0.324021 -0.137586 0.935992
v -4.565053 -0.164979 -8.305781
vn 0.475518 0.079065 0.876146
v -6.277323 -0.164978 -6.964102
vn 0.825077 -0.054885 0.562349
v -2.282027 -0.164979 -9.093813
vn 0.219488 0.142799 0.965108
v -2.414850 -2.837563 -8.455059
vn 0.186253 0.248312 0.950606
v -4.803561 -2.781499 -7.728176
vn 0.433148 0.191404 0.880765
v -6.584918 -2.725435 -6.486300
vn 0.803430 0.122212 0.582722
v 0.001000 2.442505 -9.563090
vn 0.115897 0.078454 0.990158
v 0.001000 -0.164979 -9.356490
vn -0.000000 0.155889 0.987775
v 2.102249 2.477728 -9.319932
vn -0.113964 0.076912 0.990503
v 2.284026 -0.164979 -9.093813
vn -0.112978 0.151773 0.981937
v 0.001000 2.442505 -9.563090
vn -0.115897 0.078454 0.990158
v 2.102249 2.477728 -9.319932
vn -0.115897 0.078454 0.990158
v 2.416849 -2.837563 -8.455058
vn -0.105064 0.231255 0.967203
v 0.001000 -2.856251 -8.697354
vn -0.000000 0.237885 0.971293
v 2.102249 2.477728 -9.319932
vn -0.335276 0.048360 0.940878
v 4.567052 -0.164978 -8.305781
vn -0.475518 0.079065 0.876146
v 2.284026 -0.164979 -9.093813
vn -0.325724 0.058338 0.943663
v 2.102249 2.477728 -9.319932
vn -0.325724 0.058338 0.943663
v 6.279322 -0.164978 -6.964102
vn -0.825077 -0.054884 0.562349
v 6.586917 -2.725435 -6.486299
vn -0.803430 0.122211 0.582722
v 4.805561 -2.781499 -7.728176
vn -0.433148 0.191404 0.880765
v 2.416849 -2.837563 -8.455058
vn -0.319334 0.205243 0.925149
v 2.284026 -0.164979 -9.093813
vn -0.319334 0.205243 0.925149
v 2.416849 -2.837563 -8.455058
vn -0.290197 0.180988 0.939696
v -4.531193 -5.318947 -7.204543
vn 0.390036 0.394187 0.832159
v -6.149351 -5.094693 -6.210545
vn 0.743095 0.411973 0.527340
v -2.319373 -5.543201 -7.628444
vn 0.140599 0.430070 0.891780
v 0.001000 -2.856251 -8.697354
vn 0.097077 0.316899 0.943478
v 0.001000 -5.617952 -7.769744
vn -0.000000 0.441026 0.897494
v 2.416849 -2.837563 -8.455058
vn -0.067526 0.293695 0.953511
v 2.321372 -5.543200 -7.628444
vn -0.140599 0.430070 0.891780
v 0.001000 -2.856251 -8.697354
vn -0.097077 0.316899 0.943478
v 2.416849 -2.837563 -8.455058
vn -0.097077 0.316899 0.943478
v 2.416849 -2.837563 -8.455058
vn -0.288569 0.223118 0.931099
v 4.533192 -5.318947 -7.204543
vn -0.390036 0.394187 0.832159
v 2.416849 -2.837563 -8.455058
vn -0.208516 0.292484 0.933260
v 6.151350 -5.094694 -6.210545
vn -0.743095 0.411973 0.527341
v 5.761540 6.079954 -4.580684
vn -0.969388 -0.220152 0.108720
v 5.761540 5.948575 -1.772308
vn -0.979070 -0.202690 -0.018393
v 6.219343 2.659892 -2.363856
vn -0.982939 -0.183933 -0.000409
v 6.207484 2.724284 -5.096602
vn -0.976509 -0.181126 0.116723
v 5.761540 5.554440 1.139153
vn -0.965104 -0.224526 -0.134771
v 5.318575 4.956442 3.639847
vn -0.825795 -0.297535 -0.479098
v 5.784280 2.077730 3.794838
vn -0.888010 -0.211399 -0.408350
v 6.254921 2.466716 0.791934
vn -0.976823 -0.194754 -0.088815
v 2.191518 0.838483 7.501191
vn -0.361976 -0.267331 -0.893033
v 4.277483 1.425910 6.068929
vn -0.649447 -0.248408 -0.718688
v 3.989681 4.213480 5.215923
vn -0.422644 -0.453607 -0.784609
v 2.104064 3.601898 6.051248
vn -0.161585 -0.586166 -0.793914
v 2.074523 5.920938 3.767019
vn -0.087240 -0.699628 -0.709162
v 2.074523 5.920938 3.767019
vn 0.118994 -0.561442 -0.818916
v 6.850079 -0.164978 -5.040479
vn -0.976988 -0.155078 0.146445
v 6.897516 -0.291168 -2.480072
vn -0.982739 -0.184358 0.015337
v 7.274567 -2.860738 -2.321167
vn -0.997456 0.023780 0.067208
v 7.180703 -2.706748 -4.699026
vn -0.981645 0.063676 0.179774
v 7.039828 -0.669737 0.771964
vn -0.975647 -0.206155 -0.074920
v 6.573682 -1.118896 3.987826
vn -0.898463 -0.198310 -0.391711
v 7.556161 -3.322707 0.692466
vn -0.999838 -0.004494 -0.017434
v 4.795743 -1.456858 6.439714
vn -0.658061 -0.119728 -0.743384
v 2.375105 -1.668629 7.992138
vn -0.380578 -0.022493 -0.924475
v 6.690736 -5.019942 -4.358954
vn -0.907778 0.390010 0.154375
v 6.829008 -5.004953 -2.087356
vn -0.911245 0.398090 0.105625
v 7.243823 -4.959985 0.166663
vn -0.915841 0.398882 0.046126
v -0.001518 5.738921 3.805316
vn 0.051684 -0.732351 -0.678963
v -0.009071 3.398037 6.329690
vn -0.040305 -0.617334 -0.785668
v 2.104064 3.601898 6.051248
vn -0.026129 -0.701669 -0.712024
v -2.032984 5.956821 3.790632
vn -0.066002 -0.728649 -0.681700
v -1.943905 3.745431 6.145699
vn -0.036850 -0.620233 -0.783552
v -0.001518 5.738921 3.805316
vn -0.073524 -0.731159 -0.678233
v -2.032984 5.956821 3.790632
vn -0.073524 -0.731159 -0.678233
v -2.424035 1.226375 7.594492
vn 0.268708 -0.351462 -0.896811
v -0.016624 0.642673 7.978612
vn -0.063332 -0.512353 -0.856437
v 2.191518 0.838483 7.501191
vn -0.071381 -0.465206 -0.882320
v 2.104064 3.601898 6.051248
vn -0.071381 -0.465206 -0.882320
v 2.191518 0.838483 7.501191
vn -0.138697 -0.508269 -0.849957
v -3.294617 4.787613 5.593729
vn -0.079228 -0.638862 -0.765231
v -1.943905 3.745431 6.145699
vn -0.277929 -0.705496 -0.651943
v -3.887769 4.205391 5.958434
vn 0.295307 -0.468306 -0.832757
v -1.943905 3.745431 6.145699
vn -0.026591 -0.494568 -0.868732
v -0.016624 0.642673 7.978612
vn -0.188329 -0.213508 -0.958617
v -0.019142 -1.739220 8.509614
vn -0.009967 0.017020 -0.999805
v -2.424035 1.226375 7.594492
vn 0.200640 -0.136645 -0.970089
v -2.408354 -1.573632 7.992138
vn 0.212983 0.020339 -0.976844
v -0.016624 0.642673 7.978612
vn 0.102407 -0.216550 -0.970886
v -2.424035 1.226375 7.594492
vn 0.102407 -0.216550 -0.970886
v -5.823760 2.896317 3.817633
vn 0.918750 -0.169145 -0.356775
v -4.441395 1.850338 6.160105
vn 0.698277 -0.146972 -0.700577
v -4.590904 4.011247 5.580629
vn 0.679882 -0.244500 -0.691361
v -5.467382 5.380870 3.731024
vn 0.879584 -0.292273 -0.375379
v -5.759541 5.934428 1.139153
vn 0.961630 -0.254416 -0.102669
v -5.759541 6.043573 -1.772308
vn 0.977702 -0.209932 -0.005289
v -6.217344 2.802388 -2.363855
vn 0.982801 -0.184109 0.014382
v -6.252922 3.036699 0.791935
vn 0.978981 -0.194771 -0.060495
v -5.759541 6.079953 -4.580684
vn 0.968690 -0.221800 0.111553
v -6.205485 2.724283 -5.096602
vn 0.975937 -0.181234 0.121248
v -4.813886 -1.076869 6.439714
vn 0.667597 -0.088216 -0.739278
v -2.408354 -1.573632 7.992138
vn 0.521322 -0.117124 -0.845284
v -6.576719 -0.548913 3.987827
vn 0.905162 -0.174410 -0.387639
v -2.408354 -1.573632 7.992138
vn 0.556193 0.126443 -0.821378
v -7.037829 -0.289747 0.771965
vn 0.979807 -0.191536 -0.057382
v -6.895517 -0.196170 -2.480071
vn 0.983167 -0.180713 0.026917
v -7.272569 -2.836988 -2.321167
vn 0.997235 0.025721 0.069718
v -7.554163 -3.227710 0.692466
vn 0.999874 0.000073 -0.015895
v -6.848079 -0.164978 -5.040479
vn 0.976658 -0.154039 0.149705
v -7.178703 -2.706748 -4.699026
vn 0.981688 0.063649 0.179545
v -7.241825 -4.959985 0.166663
vn 0.917989 0.394233 0.043322
v -6.827009 -5.004952 -2.087356
vn 0.911695 0.397040 0.105695
v -6.688736 -5.019942 -4.358953
vn 0.907942 0.389729 0.154120
vt 0.097002 0.672103
vt 0.091060 0.608274
vt 0.064350 0.628282
f 815/3985/815 816/3986/816 817/3987/817
vt 0.064350 0.628282
vt 0.075207 0.703409
vt 0.097002 0.672103
f 817/3988/817 818/3989/818 815/3990/815
vt 0.092365 0.525619
vt 0.065935 0.540947
vt 0.064350 0.628282
f 819/3991/819 820/3992/820 817/3993/817
vt 0.064350 0.628282
vt 0.091060 0.608274
vt 0.092365 0.525619
f 817/3994/817 816/3995/816 819/3996/819
vt 0.046829 0.590777
vt 0.046829 0.671937
vt 0.064350 0.628282
f 821/3997/821 822/3998/822 817/3999/817
vt 0.064350 0.628282
vt 0.065935 0.540947
vt 0.046829 0.590777
f 817/4000/817 820/4001/820 821/4002/821
vt 0.044130 0.738867
vt 0.075207 0.703409
vt 0.064350 0.628282
f 823/4003/823 818/4004/818 817/4005/817
vt 0.064350 0.628282
vt 0.046829 0.671937
vt 0.044130 0.738867
f 817/4006/817 822/4007/822 823/4008/823
vt 0.044130 0.738867
vt 0.046829 0.671938
vt -0.000004 0.671936
f 823/4009/823 824/4010/824 825/4011/825
vt -0.000004 0.671936
vt -0.000004 0.753096
vt 0.044130 0.738867
f 825/4012/825 826/4013/826 823/4014/823
vt 0.046829 0.590778
vt -0.000004 0.590777
vt -0.000004 0.671936
f 827/4015/827 828/4016/828 825/4017/825
vt -0.000004 0.671936
vt 0.046829 0.671938
vt 0.046829 0.590778
f 825/4018/825 829/4019/829 830/4020/830
vt -0.046836 0.590776
vt -0.046836 0.671935
vt -0.000004 0.671936
f 831/4021/831 832/4022/832 825/4023/825
vt -0.000004 0.671936
vt -0.000004 0.590777
vt -0.046836 0.590776
f 825/4024/825 828/4025/828 831/4026/831
vt -0.046836 0.753095
vt -0.000004 0.753096
vt -0.000004 0.671936
f 833/4027/833 826/4028/826 825/4029/825
vt -0.000004 0.671936
vt -0.046836 0.671935
vt -0.046836 0.753095
f 825/4030/825 832/4031/832 833/4032/833
vt 0.953164 0.753095
vt 0.953164 0.671935
vt 0.935644 0.628280
f 834/4033/834 835/4034/835 836/4035/836
vt 0.935644 0.628280
vt 0.924787 0.703406
vt 0.953164 0.753095
f 836/4036/836 837/4037/837 838/4038/838
vt 0.953164 0.590776
vt 0.934059 0.540947
vt 0.935644 0.628280
f 839/4039/839 840/4040/840 836/4041/836
vt 0.935644 0.628280
vt 0.953164 0.671935
vt 0.953164 0.590776
f 836/4042/836 841/4043/841 842/4044/842
vt 0.907143 0.525386
vt 0.908935 0.608272
vt 0.935644 0.628280
f 843/4045/843 844/4046/844 836/4047/836
vt 0.935644 0.628280
vt 0.934059 0.540947
vt 0.907143 0.525386
f 836/4048/836 840/4049/840 843/4050/843
vt 0.902993 0.672100
vt 0.924787 0.703406
vt 0.935644 0.628280
f 845/4051/845 837/4052/837 836/4053/836
vt 0.935644 0.628280
vt 0.908935 0.608272
vt 0.902993 0.672100
f 836/4054/836 844/4055/844 845/4056/845
vt 0.092365 0.525619
vt 0.096279 0.434912
vt 0.070689 0.437809
f 819/4057/819 846/4058/846 847/4059/847
vt 0.070689 0.437809
vt 0.065935 0.540947
vt 0.092365 0.525619
f 847/4060/847 820/4061/820 819/4062/819
vt 0.113042 0.336358
vt 0.087732 0.333806
vt 0.070689 0.437809
f 848/4063/848 849/4064/849 847/4065/847
vt 0.070689 0.437809
vt 0.096279 0.434912
vt 0.113042 0.336358
f 847/4066/847 846/4067/846 848/4068/848
vt 0.054311 0.303588
vt 0.042021 0.444839
vt 0.070689 0.437809
f 850/4069/850 851/4070/851 847/4071/847
vt 0.070689 0.437809
vt 0.087732 0.333806
vt 0.054311 0.303588
f 847/4072/847 849/4073/849 850/4074/850
vt 0.046829 0.590777
vt 0.065935 0.540947
vt 0.070689 0.437809
f 821/4075/821 820/4076/820 847/4077/847
vt 0.070689 0.437809
vt 0.042021 0.444839
vt 0.046829 0.590777
f 847/4078/847 851/4079/851 821/4080/821
vt 0.046829 0.590777
vt 0.042021 0.444839
vt -0.003745 0.447184
f 821/4081/821 851/4082/851 852/4083/852
vt -0.003745 0.447184
vt -0.007486 0.590778
vt 0.046829 0.590777
f 852/4084/852 853/4085/853 821/4086/821
vt 0.054311 0.303588
vt -0.000004 0.303590
vt -0.003745 0.447184
f 850/4087/850 854/4088/854 852/4089/852
vt -0.003745 0.447184
vt 0.042021 0.444839
vt 0.054311 0.303588
f 852/4090/852 851/4091/851 850/4092/850
vt -0.054319 0.303591
vt -0.058060 0.447185
vt -0.003745 0.447184
f 855/4093/855 856/4094/856 852/4095/852
vt -0.003745 0.447184
vt -0.000004 0.303590
vt -0.054319 0.303591
f 852/4096/852 854/4097/854 855/4098/855
vt -0.061801 0.590780
vt -0.007486 0.590778
vt -0.003745 0.447184
f 857/4099/857 858/4100/858 852/4101/852
vt -0.003745 0.447184
vt -0.058060 0.447185
vt -0.061801 0.590780
f 852/4102/852 856/4103/856 859/4104/859
vt 0.953164 0.590776
vt 0.949422 0.447183
vt 0.929305 0.437810
f 860/4105/860 861/4106/861 862/4107/862
vt 0.929305 0.437810
vt 0.934059 0.540947
vt 0.953164 0.590776
f 862/4108/862 840/4109/840 863/4110/863
vt 0.945681 0.303591
vt 0.908275 0.337441
vt 0.929305 0.437810
f 864/4111/864 865/4112/865 862/4113/862
vt 0.929305 0.437810
vt 0.949422 0.447183
vt 0.945681 0.303591
f 862/4114/862 866/4115/866 867/4116/867
vt 0.891186 0.366793
vt 0.901765 0.433984
vt 0.929305 0.437810
f 868/4117/868 869/4118/869 862/4119/862
vt 0.929305 0.437810
vt 0.908275 0.337441
vt 0.891186 0.366793
f 862/4120/862 865/4121/865 868/4122/868
vt 0.907143 0.525386
vt 0.934059 0.540947
vt 0.929305 0.437810
f 843/4123/843 840/4124/840 862/4125/862
vt 0.929305 0.437810
vt 0.901765 0.433984
vt 0.907143 0.525386
f 862/4126/862 869/4127/869 843/4128/843
vt 0.389485 0.660451
vt 0.416499 0.680476
vt 0.426392 0.607813
f 870/4129/870 871/4130/871 872/4131/872
vt 0.426392 0.607813
vt 0.391012 0.610721
vt 0.389485 0.660451
f 872/4132/872 873/4133/873 870/4134/870
vt 0.454243 0.690435
vt 0.461292 0.609735
vt 0.426392 0.607813
f 874/4135/874 875/4136/875 872/4137/872
vt 0.426392 0.607813
vt 0.416499 0.680476
vt 0.454243 0.690435
f 872/4138/872 871/4139/871 874/4140/874
vt 0.457167 0.515769
vt 0.420169 0.518670
vt 0.426392 0.607813
f 876/4141/876 877/4142/877 872/4143/872
vt 0.426392 0.607813
vt 0.461292 0.609735
vt 0.457167 0.515769
f 872/4144/872 875/4145/875 876/4146/876
vt 0.385469 0.529705
vt 0.391012 0.610721
vt 0.426392 0.607813
f 878/4147/878 873/4148/873 872/4149/872
vt 0.426392 0.607813
vt 0.420169 0.518670
vt 0.385469 0.529705
f 872/4150/872 877/4151/877 878/4152/878
vt 0.454243 0.690435
vt 0.500003 0.693754
vt 0.500003 0.610375
f 874/4153/874 879/4154/879 880/4155/880
vt 0.500003 0.610375
vt 0.461292 0.609735
vt 0.454243 0.690435
f 880/4156/880 875/4157/875 874/4158/874
vt 0.545764 0.690434
vt 0.538714 0.609734
vt 0.500003 0.610375
f 881/4159/881 882/4160/882 880/4161/880
vt 0.500003 0.610375
vt 0.500003 0.693754
vt 0.545764 0.690434
f 880/4162/880 879/4163/879 881/4164/881
vt 0.542839 0.515769
vt 0.500003 0.514802
vt 0.500003 0.610375
f 883/4165/883 884/4166/884 880/4167/880
vt 0.500003 0.610375
vt 0.538714 0.609734
vt 0.542839 0.515769
f 880/4168/880 882/4169/882 883/4170/883
vt 0.457167 0.515769
vt 0.461292 0.609735
vt 0.500003 0.610375
f 876/4171/876 875/4172/875 880/4173/880
vt 0.500003 0.610375
vt 0.500003 0.514802
vt 0.457167 0.515769
f 880/4174/880 884/4175/884 876/4176/876
vt 0.545764 0.690434
vt 0.583507 0.680473
vt 0.573613 0.607811
f 881/4177/881 885/4178/885 886/4179/886
vt 0.573613 0.607811
vt 0.538714 0.609734
vt 0.545764 0.690434
f 886/4180/886 882/4181/882 881/4182/881
vt 0.610520 0.660448
vt 0.608993 0.610719
vt 0.573613 0.607811
f 887/4183/887 888/4184/888 886/4185/886
vt 0.573613 0.607811
vt 0.583507 0.680473
vt 0.610520 0.660448
f 886/4186/886 885/4187/885 887/4188/887
vt 0.614536 0.529704
vt 0.579837 0.518670
vt 0.573613 0.607811
f 889/4189/889 890/4190/890 886/4191/886
vt 0.573613 0.607811
vt 0.608993 0.610719
vt 0.614536 0.529704
f 886/4192/886 888/4193/888 889/4194/889
vt 0.542839 0.515769
vt 0.538714 0.609734
vt 0.573613 0.607811
f 883/4195/883 882/4196/882 886/4197/886
vt 0.573613 0.607811
vt 0.579837 0.518670
vt 0.542839 0.515769
f 886/4198/886 890/4199/890 883/4200/883
vt 0.385469 0.529705
vt 0.420169 0.518670
vt 0.401498 0.414323
f 878/4201/878 877/4202/877 891/4203/891
vt 0.401498 0.414323
vt 0.368840 0.441659
vt 0.385469 0.529705
f 891/4204/891 892/4205/892 878/4206/878
vt 0.457167 0.515769
vt 0.444795 0.399638
vt 0.401498 0.414323
f 876/4207/876 893/4208/893 891/4209/891
vt 0.401498 0.414323
vt 0.420169 0.518670
vt 0.457167 0.515769
f 891/4210/891 877/4211/877 876/4212/876
vt 0.432599 0.290966
vt 0.385628 0.318000
vt 0.401498 0.414323
f 894/4213/894 895/4214/895 891/4215/891
vt 0.401498 0.414323
vt 0.444795 0.399638
vt 0.432599 0.290966
f 891/4216/891 893/4217/893 894/4218/894
vt 0.335138 0.352723
vt 0.368840 0.441659
vt 0.401498 0.414323
f 896/4219/896 892/4220/892 891/4221/891
vt 0.401498 0.414323
vt 0.385628 0.318000
vt 0.335138 0.352723
f 891/4222/891 895/4223/895 896/4224/896
vt 0.457167 0.515769
vt 0.500003 0.514802
vt 0.500004 0.394744
f 876/4225/876 884/4226/884 897/4227/897
vt 0.500004 0.394744
vt 0.444795 0.399638
vt 0.457167 0.515769
f 897/4228/897 893/4229/893 876/4230/876
vt 0.542839 0.515769
vt 0.555212 0.399640
vt 0.500004 0.394744
f 883/4231/883 898/4232/898 897/4233/897
vt 0.500004 0.394744
vt 0.500003 0.514802
vt 0.542839 0.515769
f 897/4234/897 884/4235/884 883/4236/883
vt 0.567278 0.290920
vt 0.499933 0.281932
vt 0.500004 0.394744
f 899/4237/899 900/4238/900 897/4239/897
vt 0.500004 0.394744
vt 0.555212 0.399640
vt 0.567278 0.290920
f 897/4240/897 898/4241/898 899/4242/899
vt 0.432599 0.290966
vt 0.444795 0.399638
vt 0.500004 0.394744
f 894/4243/894 893/4244/893 897/4245/897
vt 0.500004 0.394744
vt 0.499933 0.281932
vt 0.432599 0.290966
f 897/4246/897 900/4247/900 894/4248/894
vt 0.542839 0.515769
vt 0.579837 0.518670
vt 0.598507 0.414325
f 883/4249/883 890/4250/890 901/4251/901
vt 0.598507 0.414325
vt 0.555212 0.399640
vt 0.542839 0.515769
f 901/4252/901 898/4253/898 883/4254/883
vt 0.614536 0.529704
vt 0.631164 0.441660
vt 0.598507 0.414325
f 889/4255/889 902/4256/902 901/4257/901
vt 0.598507 0.414325
vt 0.579837 0.518670
vt 0.614536 0.529704
f 901/4258/901 890/4259/890 889/4260/889
vt 0.662924 0.351784
vt 0.614283 0.317954
vt 0.598507 0.414325
f 903/4261/903 904/4262/904 901/4263/901
vt 0.598507 0.414325
vt 0.631164 0.441660
vt 0.662924 0.351784
f 901/4264/901 902/4265/902 903/4266/903
vt 0.567278 0.290920
vt 0.555212 0.399640
vt 0.598507 0.414325
f 899/4267/899 898/4268/898 901/4269/901
vt 0.598507 0.414325
vt 0.614283 0.317954
vt 0.567278 0.290920
f 901/4270/901 904/4271/904 899/4272/899
vt 0.335138 0.352723
vt 0.385628 0.318000
vt 0.387806 0.252929
f 896/4273/896 895/4274/895 905/4275/905
vt 0.387806 0.252929
vt 0.353784 0.243106
vt 0.335138 0.352723
f 905/4276/905 906/4277/906 896/4278/896
vt 0.432599 0.290966
vt 0.429006 0.219376
vt 0.387806 0.252929
f 894/4279/894 907/4280/907 905/4281/905
vt 0.387806 0.252929
vt 0.385628 0.318000
vt 0.432599 0.290966
f 905/4282/905 895/4283/895 894/4284/894
vt 0.438107 0.179214
vt 0.353784 0.243106
vt 0.387806 0.252929
f 908/4285/908 906/4286/906 905/4287/905
vt 0.387806 0.252929
vt 0.429006 0.219376
vt 0.438107 0.179214
f 905/4288/905 907/4289/907 908/4290/908
vt 0.432599 0.290966
vt 0.499933 0.281932
vt 0.499719 0.208096
f 894/4291/894 900/4292/900 909/4293/909
vt 0.499719 0.208096
vt 0.429006 0.219376
vt 0.432599 0.290966
f 909/4294/909 907/4295/907 894/4296/894
vt 0.567278 0.290920
vt 0.570479 0.219183
vt 0.499719 0.208096
f 899/4297/899 910/4298/910 909/4299/909
vt 0.499719 0.208096
vt 0.499933 0.281932
vt 0.567278 0.290920
f 909/4300/909 900/4301/900 899/4302/899
vt 0.597616 0.178653
vt 0.524210 0.157749
vt 0.499719 0.208096
f 911/4303/911 912/4304/912 909/4305/909
vt 0.499719 0.208096
vt 0.570479 0.219183
vt 0.597616 0.178653
f 909/4306/909 910/4307/910 911/4308/911
vt 0.438107 0.179214
vt 0.429006 0.219376
vt 0.499719 0.208096
f 908/4309/908 907/4310/907 909/4311/909
vt 0.499719 0.208096
vt 0.524210 0.157749
vt 0.438107 0.179214
f 909/4312/909 912/4313/912 908/4314/908
vt 0.567278 0.290920
vt 0.614283 0.317954
vt 0.611821 0.252737
f 899/4315/899 904/4316/904 913/4317/913
vt 0.611821 0.252737
vt 0.570479 0.219183
vt 0.567278 0.290920
f 913/4318/913 910/4319/910 899/4320/899
vt 0.662924 0.351784
vt 0.643846 0.241867
vt 0.611821 0.252737
f 903/4321/903 914/4322/914 913/4323/913
vt 0.611821 0.252737
vt 0.614283 0.317954
vt 0.662924 0.351784
f 913/4324/913 904/4325/904 903/4326/903
vt 0.597616 0.178653
vt 0.570479 0.219183
vt 0.611821 0.252737
f 911/4327/911 910/4328/910 913/4329/913
vt 0.611821 0.252737
vt 0.643846 0.241867
vt 0.597616 0.178653
f 913/4330/913 914/4331/914 911/4332/911
vt 0.097002 0.672103
vt 0.075207 0.703409
vt 0.107777 0.769927
f 815/4333/815 818/4334/818 915/4335/915
vt 0.107777 0.769927
vt 0.129055 0.708992
vt 0.097002 0.672103
f 915/4336/915 916/4337/916 815/4338/815
vt 0.044130 0.738867
vt 0.079405 0.824615
vt 0.107777 0.769927
f 823/4339/823 917/4340/917 915/4341/915
vt 0.107777 0.769927
vt 0.075207 0.703409
vt 0.044130 0.738867
f 915/4342/915 818/4343/818 823/4344/823
vt 0.111981 0.896132
vt 0.164852 0.810246
vt 0.107777 0.769927
f 918/4345/918 919/4346/919 915/4347/915
vt 0.107777 0.769927
vt 0.079405 0.824615
vt 0.111981 0.896132
f 915/4348/915 917/4349/917 918/4350/918
vt 0.184907 0.743003
vt 0.129055 0.708992
vt 0.107777 0.769927
f 920/4351/920 916/4352/916 915/4353/915
vt 0.107777 0.769927
vt 0.164852 0.810246
vt 0.184907 0.743003
f 915/4354/915 919/4355/919 920/4356/920
vt 0.044130 0.738867
vt -0.000004 0.753096
vt -0.034516 0.824611
f 823/4357/823 826/4358/826 921/4359/921
vt -0.034516 0.824611
vt 0.010383 0.824612
vt 0.044130 0.738867
f 921/4360/921 922/4361/922 823/4362/823
vt -0.046836 0.753095
vt -0.079416 0.824610
vt -0.034516 0.824611
f 833/4363/833 923/4364/923 921/4365/921
vt -0.034516 0.824611
vt -0.000004 0.753096
vt -0.046836 0.753095
f 921/4366/921 826/4367/826 833/4368/833
vt -0.111995 0.896125
vt -0.069029 0.896126
vt -0.034516 0.824611
f 924/4369/924 925/4370/925 921/4371/921
vt -0.034516 0.824611
vt -0.079416 0.824610
vt -0.111995 0.896125
f 921/4372/921 923/4373/923 924/4374/924
vt -0.026063 0.896127
vt 0.010383 0.824612
vt -0.034516 0.824611
f 926/4375/926 927/4376/927 921/4377/921
vt -0.034516 0.824611
vt -0.069029 0.896126
vt -0.026063 0.896127
f 921/4378/921 925/4379/925 928/4380/928
vt 0.953164 0.753095
vt 0.924787 0.703406
vt 0.892216 0.769922
f 929/4381/929 837/4382/837 930/4383/930
vt 0.892216 0.769922
vt 0.920584 0.824610
vt 0.953164 0.753095
f 930/4384/930 931/4385/931 932/4386/932
vt 0.902993 0.672100
vt 0.870940 0.708987
vt 0.892216 0.769922
f 845/4387/845 933/4388/933 930/4389/930
vt 0.892216 0.769922
vt 0.924787 0.703406
vt 0.902993 0.672100
f 930/4390/930 837/4391/837 845/4392/845
vt 0.815090 0.742996
vt 0.835142 0.810240
vt 0.892216 0.769922
f 934/4393/934 935/4394/935 930/4395/930
vt 0.892216 0.769922
vt 0.870940 0.708987
vt 0.815090 0.742996
f 930/4396/930 933/4397/933 934/4398/934
vt 0.888005 0.896125
vt 0.920584 0.824610
vt 0.892216 0.769922
f 936/4399/936 937/4400/937 930/4401/930
vt 0.892216 0.769922
vt 0.835142 0.810240
vt 0.888005 0.896125
f 930/4402/930 935/4403/935 938/4404/938
vt 0.184907 0.743003
vt 0.164852 0.810246
vt 0.249225 0.806780
f 920/4405/920 919/4406/919 939/4407/939
vt 0.249225 0.806780
vt 0.249335 0.735553
vt 0.184907 0.743003
f 939/4408/939 940/4409/940 920/4410/920
vt 0.111981 0.896132
vt 0.161997 0.860526
vt 0.249225 0.806780
f 918/4411/918 941/4412/941 939/4413/939
vt 0.249225 0.806780
vt 0.164852 0.810246
vt 0.111981 0.896132
f 939/4414/939 919/4415/919 918/4416/918
vt 0.288724 0.827283
vt 0.332634 0.776252
vt 0.249225 0.806780
f 942/4417/942 943/4418/943 939/4419/939
vt 0.249225 0.806780
vt 0.161997 0.860526
vt 0.288724 0.827283
f 939/4420/939 941/4421/941 942/4422/942
vt 0.311321 0.709265
vt 0.249335 0.735553
vt 0.249225 0.806780
f 944/4423/944 940/4424/940 939/4425/939
vt 0.249225 0.806780
vt 0.332634 0.776252
vt 0.311321 0.709265
f 939/4426/939 943/4427/943 944/4428/944
vt 0.111981 0.896132
vt -0.198795 0.896129
vt -0.099395 0.878439
f 918/4429/918 945/4430/945 946/4431/946
vt -0.099395 0.878439
vt 0.161997 0.860526
vt 0.111981 0.896132
f 946/4432/946 941/4433/941 918/4434/918
vt -0.509571 0.896126
vt -0.447868 0.878436
vt -0.099395 0.878439
f 947/4435/947 948/4436/948 946/4437/946
vt -0.099395 0.878439
vt -0.198795 0.896129
vt -0.509571 0.896126
f 946/4438/946 949/4439/949 950/4440/950
vt -0.386165 0.860746
vt 0.000006 0.860750
vt -0.099395 0.878439
f 951/4441/951 952/4442/952 946/4443/946
vt -0.099395 0.878439
vt -0.447868 0.878436
vt -0.386165 0.860746
f 946/4444/946 948/4445/948 951/4446/951
vt 0.288724 0.827283
vt 0.161997 0.860526
vt -0.099395 0.878439
f 942/4447/942 941/4448/941 946/4449/946
vt -0.099395 0.878439
vt 0.000006 0.860750
vt 0.288724 0.827283
f 946/4450/946 952/4451/952 942/4452/942
vt 0.888005 0.896125
vt 0.835142 0.810240
vt 0.750774 0.806773
f 953/4453/953 935/4454/935 954/4455/954
vt 0.750774 0.806773
vt 0.750920 0.878435
vt 0.888005 0.896125
f 954/4456/954 955/4457/955 956/4458/956
vt 0.815090 0.742996
vt 0.750665 0.735546
vt 0.750774 0.806773
f 934/4459/934 957/4460/957 954/4461/954
vt 0.750774 0.806773
vt 0.835142 0.810240
vt 0.815090 0.742996
f 954/4462/954 935/4463/935 934/4464/934
vt 0.688682 0.709259
vt 0.667370 0.776245
vt 0.750774 0.806773
f 958/4465/958 959/4466/959 954/4467/954
vt 0.750774 0.806773
vt 0.750665 0.735546
vt 0.688682 0.709259
f 954/4468/954 957/4469/957 958/4470/958
vt 0.613835 0.860746
vt 0.750920 0.878435
vt 0.750774 0.806773
f 960/4471/960 961/4472/961 954/4473/954
vt 0.750774 0.806773
vt 0.667370 0.776245
vt 0.613835 0.860746
f 954/4474/954 959/4475/959 962/4476/962
vt 0.311321 0.709265
vt 0.332634 0.776252
vt 0.386819 0.735386
f 944/4477/944 943/4478/943 963/4479/963
vt 0.386819 0.735386
vt 0.359848 0.686761
vt 0.311321 0.709265
f 963/4480/963 964/4481/964 944/4482/944
vt 0.288724 0.827283
vt 0.433096 0.766769
vt 0.386819 0.735386
f 942/4483/942 965/4484/965 963/4485/963
vt 0.386819 0.735386
vt 0.332634 0.776252
vt 0.288724 0.827283
f 963/4486/963 943/4487/943 942/4488/942
vt 0.454243 0.690435
vt 0.416499 0.680476
vt 0.386819 0.735386
f 874/4489/874 871/4490/871 963/4491/963
vt 0.386819 0.735386
vt 0.433096 0.766769
vt 0.454243 0.690435
f 963/4492/963 965/4493/965 874/4494/874
vt 0.389485 0.660451
vt 0.359848 0.686761
vt 0.386819 0.735386
f 870/4495/870 964/4496/964 963/4497/963
vt 0.386819 0.735386
vt 0.416499 0.680476
vt 0.389485 0.660451
f 963/4498/963 871/4499/871 870/4500/870
vt 0.288724 0.827283
vt 0.500006 0.860750
vt 0.500004 0.777228
f 942/4501/942 966/4502/966 967/4503/967
vt 0.500004 0.777228
vt 0.433096 0.766769
vt 0.288724 0.827283
f 967/4504/967 965/4505/965 942/4506/942
vt 0.613835 0.860746
vt 0.566912 0.766765
vt 0.500004 0.777228
f 968/4507/968 969/4508/969 967/4509/967
vt 0.500004 0.777228
vt 0.500006 0.860750
vt 0.613835 0.860746
f 967/4510/967 970/4511/970 971/4512/971
vt 0.545764 0.690434
vt 0.500003 0.693754
vt 0.500004 0.777228
f 881/4513/881 879/4514/879 967/4515/967
vt 0.500004 0.777228
vt 0.566912 0.766765
vt 0.545764 0.690434
f 967/4516/967 969/4517/969 881/4518/881
vt 0.454243 0.690435
vt 0.433096 0.766769
vt 0.500004 0.777228
f 874/4519/874 965/4520/965 967/4521/967
vt 0.500004 0.777228
vt 0.500003 0.693754
vt 0.454243 0.690435
f 967/4522/967 879/4523/879 874/4524/874
vt 0.613835 0.860746
vt 0.667370 0.776245
vt 0.613187 0.735382
f 972/4525/972 959/4526/959 973/4527/973
vt 0.613187 0.735382
vt 0.566912 0.766765
vt 0.613835 0.860746
f 973/4528/973 969/4529/969 974/4530/974
vt 0.688682 0.709259
vt 0.640156 0.686756
vt 0.613187 0.735382
f 958/4531/958 975/4532/975 973/4533/973
vt 0.613187 0.735382
vt 0.667370 0.776245
vt 0.688682 0.709259
f 973/4534/973 959/4535/959 958/4536/958
vt 0.610520 0.660448
vt 0.583507 0.680473
vt 0.613187 0.735382
f 887/4537/887 885/4538/885 973/4539/973
vt 0.613187 0.735382
vt 0.640156 0.686756
vt 0.610520 0.660448
f 973/4540/973 975/4541/975 887/4542/887
vt 0.545764 0.690434
vt 0.566912 0.766765
vt 0.613187 0.735382
f 881/4543/881 969/4544/969 973/4545/973
vt 0.613187 0.735382
vt 0.583507 0.680473
vt 0.545764 0.690434
f 973/4546/973 885/4547/885 881/4548/881
vt 0.902993 0.672100
vt 0.908935 0.608272
vt 0.863848 0.635558
f 845/4549/845 844/4550/844 976/4551/976
vt 0.863848 0.635558
vt 0.870940 0.708987
vt 0.902993 0.672100
f 976/4552/976 933/4553/933 845/4554/845
vt 0.907143 0.525386
vt 0.862731 0.547145
vt 0.863848 0.635558
f 843/4555/843 977/4556/977 976/4557/976
vt 0.863848 0.635558
vt 0.908935 0.608272
vt 0.907143 0.525386
f 976/4558/976 844/4559/844 843/4560/843
vt 0.807710 0.575241
vt 0.808405 0.668433
vt 0.863848 0.635558
f 978/4561/978 979/4562/979 976/4563/976
vt 0.863848 0.635558
vt 0.862731 0.547145
vt 0.807710 0.575241
f 976/4564/976 977/4565/977 978/4566/978
vt 0.815090 0.742996
vt 0.870940 0.708987
vt 0.863848 0.635558
f 934/4567/934 933/4568/933 976/4569/976
vt 0.863848 0.635558
vt 0.808405 0.668433
vt 0.815090 0.742996
f 976/4570/976 979/4571/979 934/4572/934
vt 0.907143 0.525386
vt 0.901765 0.433984
vt 0.859380 0.441253
f 843/4573/843 869/4574/869 980/4575/980
vt 0.859380 0.441253
vt 0.862731 0.547145
vt 0.907143 0.525386
f 980/4576/980 977/4577/977 843/4578/843
vt 0.891186 0.366793
vt 0.856767 0.338228
vt 0.859380 0.441253
f 868/4579/868 981/4580/981 980/4581/980
vt 0.859380 0.441253
vt 0.901765 0.433984
vt 0.891186 0.366793
f 980/4582/980 869/4583/869 868/4584/868
vt 0.799905 0.323622
vt 0.805626 0.452108
vt 0.859380 0.441253
f 982/4585/982 983/4586/983 980/4587/980
vt 0.859380 0.441253
vt 0.856767 0.338228
vt 0.799905 0.323622
f 980/4588/980 981/4589/981 982/4590/982
vt 0.807710 0.575241
vt 0.862731 0.547145
vt 0.859380 0.441253
f 978/4591/978 977/4592/977 980/4593/980
vt 0.859380 0.441253
vt 0.805626 0.452108
vt 0.807710 0.575241
f 980/4594/980 983/4595/983 978/4596/978
vt 0.775953 0.076804
vt 0.788302 0.214369
vt 0.857864 0.258411
f 984/4597/984 985/4598/985 986/4599/986
vt 0.857864 0.258411
vt 0.860817 0.190198
vt 0.775953 0.076804
f 986/4600/986 987/4601/987 984/4602/984
vt 0.799905 0.323622
vt 0.856767 0.338228
vt 0.857864 0.258411
f 982/4603/982 981/4604/981 986/4605/986
vt 0.857864 0.258411
vt 0.788302 0.214369
vt 0.799905 0.323622
f 986/4606/986 985/4607/985 982/4608/982
vt 0.891186 0.366793
vt 0.908275 0.337441
vt 0.857864 0.258411
f 868/4609/868 865/4610/865 986/4611/986
vt 0.857864 0.258411
vt 0.856767 0.338228
vt 0.891186 0.366793
f 986/4612/986 981/4613/981 868/4614/868
vt 0.945681 0.303591
vt 0.860817 0.190198
vt 0.857864 0.258411
f 988/4615/988 987/4616/987 986/4617/986
vt 0.857864 0.258411
vt 0.908275 0.337441
vt 0.945681 0.303591
f 986/4618/986 865/4619/865 989/4620/989
vt 0.815090 0.742996
vt 0.808405 0.668433
vt 0.750628 0.665191
f 934/4621/934 979/4622/979 990/4623/990
vt 0.750628 0.665191
vt 0.750665 0.735546
vt 0.815090 0.742996
f 990/4624/990 957/4625/957 934/4626/934
vt 0.807710 0.575241
vt 0.748966 0.578694
vt 0.750628 0.665191
f 978/4627/978 991/4628/991 990/4629/990
vt 0.750628 0.665191
vt 0.808405 0.668433
vt 0.807710 0.575241
f 990/4630/990 979/4631/979 978/4632/978
vt 0.694040 0.568353
vt 0.695786 0.644386
vt 0.750628 0.665191
f 992/4633/992 993/4634/993 990/4635/990
vt 0.750628 0.665191
vt 0.748966 0.578694
vt 0.694040 0.568353
f 990/4636/990 991/4637/991 992/4638/992
vt 0.688682 0.709259
vt 0.750665 0.735546
vt 0.750628 0.665191
f 958/4639/958 957/4640/957 990/4641/990
vt 0.750628 0.665191
vt 0.695786 0.644386
vt 0.688682 0.709259
f 990/4642/990 993/4643/993 958/4644/958
vt 0.807710 0.575241
vt 0.805626 0.452108
vt 0.743979 0.459038
f 978/4645/978 983/4646/983 994/4647/994
vt 0.743979 0.459038
vt 0.748966 0.578694
vt 0.807710 0.575241
f 994/4648/994 991/4649/991 978/4650/978
vt 0.799905 0.323622
vt 0.732114 0.330902
vt 0.743979 0.459038
f 982/4651/982 995/4652/995 994/4653/994
vt 0.743979 0.459038
vt 0.805626 0.452108
vt 0.799905 0.323622
f 994/4654/994 983/4655/983 982/4656/982
vt 0.662924 0.351784
vt 0.688802 0.467888
vt 0.743979 0.459038
f 903/4657/903 996/4658/996 994/4659/994
vt 0.743979 0.459038
vt 0.732114 0.330902
vt 0.662924 0.351784
f 994/4660/994 995/4661/995 903/4662/903
vt 0.694040 0.568353
vt 0.748966 0.578694
vt 0.743979 0.459038
f 992/4663/992 991/4664/991 994/4665/994
vt 0.743979 0.459038
vt 0.688802 0.467888
vt 0.694040 0.568353
f 994/4666/994 996/4667/996 992/4668/992
vt 0.799905 0.323622
vt 0.788302 0.214369
vt 0.709818 0.218966
f 982/4669/982 985/4670/985 997/4671/997
vt 0.709818 0.218966
vt 0.732114 0.330902
vt 0.799905 0.323622
f 997/4672/997 995/4673/995 982/4674/982
vt 0.775953 0.076804
vt 0.668171 0.141158
vt 0.709818 0.218966
f 984/4675/984 998/4676/998 997/4677/997
vt 0.709818 0.218966
vt 0.788302 0.214369
vt 0.775953 0.076804
f 997/4678/997 985/4679/985 984/4680/984
vt 0.597616 0.178653
vt 0.643846 0.241867
vt 0.709818 0.218966
f 911/4681/911 914/4682/914 997/4683/997
vt 0.709818 0.218966
vt 0.668171 0.141158
vt 0.597616 0.178653
f 997/4684/997 998/4685/998 911/4686/911
vt 0.662924 0.351784
vt 0.732114 0.330902
vt 0.709818 0.218966
f 903/4687/903 995/4688/995 997/4689/997
vt 0.709818 0.218966
vt 0.643846 0.241867
vt 0.662924 0.351784
f 997/4690/997 914/4691/914 903/4692/903
vt 0.688682 0.709259
vt 0.695786 0.644386
vt 0.649145 0.624569
f 958/4693/958 993/4694/993 999/4695/999
vt 0.649145 0.624569
vt 0.640156 0.686756
vt 0.688682 0.709259
f 999/4696/999 975/4697/975 958/4698/958
vt 0.694040 0.568353
vt 0.650474 0.555069
vt 0.649145 0.624569
f 992/4699/992 1000/4700/1000 999/4701/999
vt 0.649145 0.624569
vt 0.695786 0.644386
vt 0.694040 0.568353
f 999/4702/999 993/4703/993 992/4704/992
vt 0.614536 0.529704
vt 0.608993 0.610719
vt 0.649145 0.624569
f 889/4705/889 888/4706/888 999/4707/999
vt 0.649145 0.624569
vt 0.650474 0.555069
vt 0.614536 0.529704
f 999/4708/999 1000/4709/1000 889/4710/889
vt 0.610520 0.660448
vt 0.640156 0.686756
vt 0.649145 0.624569
f 887/4711/887 975/4712/975 999/4713/999
vt 0.649145 0.624569
vt 0.608993 0.610719
vt 0.610520 0.660448
f 999/4714/999 888/4715/888 887/4716/887
vt 0.662924 0.351784
vt 0.631164 0.441660
vt 0.654459 0.484504
f 903/4717/903 902/4718/902 1001/4719/1001
vt 0.654459 0.484504
vt 0.688802 0.467888
vt 0.662924 0.351784
f 1001/4720/1001 996/4721/996 903/4722/903
vt 0.614536 0.529704
vt 0.650474 0.555069
vt 0.654459 0.484504
f 889/4723/889 1000/4724/1000 1001/4725/1001
vt 0.654459 0.484504
vt 0.631164 0.441660
vt 0.614536 0.529704
f 1001/4726/1001 902/4727/902 889/4728/889
vt 0.694040 0.568353
vt 0.688802 0.467888
vt 0.654459 0.484504
f 992/4729/992 996/4730/996 1001/4731/1001
vt 0.654459 0.484504
vt 0.650474 0.555069
vt 0.694040 0.568353
f 1001/4732/1001 1000/4733/1000 992/4734/992
vt -0.054319 0.303591
vt 0.168428 0.304234
vt 0.084327 0.190843
f 855/4735/855 1002/4736/1002 1003/4737/1003
vt 0.084327 0.190843
vt -0.139183 0.190198
vt -0.054319 0.303591
f 1003/4738/1003 1004/4739/1004 855/4740/855
vt 0.391176 0.304878
vt 0.307837 0.191489
vt 0.084327 0.190843
f 1005/4741/1005 1006/4742/1006 1003/4743/1003
vt 0.084327 0.190843
vt 0.168428 0.304234
vt 0.391176 0.304878
f 1003/4744/1003 1007/4745/1007 1008/4746/1008
vt 0.224498 0.078100
vt 0.000226 0.077452
vt 0.084327 0.190843
f 1009/4747/1009 1010/4748/1010 1003/4749/1003
vt 0.084327 0.190843
vt 0.307837 0.191489
vt 0.224498 0.078100
f 1003/4750/1003 1006/4751/1006 1009/4752/1009
vt -0.224047 0.076804
vt -0.139183 0.190198
vt 0.084327 0.190843
f 1011/4753/1011 1012/4754/1012 1003/4755/1003
vt 0.084327 0.190843
vt 0.000226 0.077452
vt -0.224047 0.076804
f 1003/4756/1003 1010/4757/1010 1013/4758/1013
vt 0.054311 0.303588
vt 0.087732 0.333806
vt 0.126185 0.243879
f 850/4759/850 849/4760/849 1014/4761/1014
vt 0.126185 0.243879
vt 0.139405 0.190844
vt 0.054311 0.303588
f 1014/4762/1014 1015/4763/1015 850/4764/850
vt 0.113042 0.336358
vt 0.152894 0.230165
vt 0.126185 0.243879
f 848/4765/848 1016/4766/1016 1014/4767/1014
vt 0.126185 0.243879
vt 0.087732 0.333806
vt 0.113042 0.336358
f 1014/4768/1014 849/4769/849 848/4770/848
vt 0.224498 0.078100
vt 0.139405 0.190844
vt 0.126185 0.243879
f 1009/4771/1009 1017/4772/1017 1014/4773/1014
vt 0.126185 0.243879
vt 0.152894 0.230165
vt 0.224498 0.078100
f 1014/4774/1014 1016/4775/1016 1009/4776/1009
vt 0.775953 0.076804
vt 0.697075 0.077063
vt 0.598254 0.115405
f 984/4777/984 1018/4778/1018 1019/4779/1019
vt 0.598254 0.115405
vt 0.668171 0.141158
vt 0.775953 0.076804
f 1019/4780/1019 998/4781/998 984/4782/984
vt 0.618196 0.077321
vt 0.514202 0.115681
vt 0.598254 0.115405
f 1020/4783/1020 1021/4784/1021 1019/4785/1019
vt 0.598254 0.115405
vt 0.697075 0.077063
vt 0.618196 0.077321
f 1019/4786/1019 1022/4787/1022 1023/4788/1023
vt 0.438107 0.179214
vt 0.524210 0.157749
vt 0.598254 0.115405
f 908/4789/908 912/4790/912 1019/4791/1019
vt 0.598254 0.115405
vt 0.514202 0.115681
vt 0.438107 0.179214
f 1019/4792/1019 1021/4793/1021 908/4794/908
vt 0.597616 0.178653
vt 0.668171 0.141158
vt 0.598254 0.115405
f 911/4795/911 998/4796/998 1019/4797/1019
vt 0.598254 0.115405
vt 0.524210 0.157749
vt 0.597616 0.178653
f 1019/4798/1019 912/4799/912 911/4800/911
vt 0.184223 0.331250
vt 0.206763 0.217033
vt 0.161148 0.248733
f 1024/4801/1024 1025/4802/1025 1026/4803/1026
vt 0.161148 0.248733
vt 0.138225 0.340450
vt 0.184223 0.331250
f 1026/4804/1026 1027/4805/1027 1024/4806/1024
vt 0.224498 0.078100
vt 0.152894 0.230165
vt 0.161148 0.248733
f 1009/4807/1009 1016/4808/1016 1026/4809/1026
vt 0.161148 0.248733
vt 0.206763 0.217033
vt 0.224498 0.078100
f 1026/4810/1026 1025/4811/1025 1009/4812/1009
vt 0.113042 0.336358
vt 0.138225 0.340450
vt 0.161148 0.248733
f 848/4813/848 1027/4814/1027 1026/4815/1026
vt 0.161148 0.248733
vt 0.152894 0.230165
vt 0.113042 0.336358
f 1026/4816/1026 1016/4817/1016 848/4818/848
vt 0.113042 0.336358
vt 0.096279 0.434912
vt 0.132810 0.444968
f 848/4819/848 846/4820/846 1028/4821/1028
vt 0.132810 0.444968
vt 0.138225 0.340450
vt 0.113042 0.336358
f 1028/4822/1028 1027/4823/1027 848/4824/848
vt 0.092365 0.525619
vt 0.135313 0.548075
vt 0.132810 0.444968
f 819/4825/819 1029/4826/1029 1028/4827/1028
vt 0.132810 0.444968
vt 0.096279 0.434912
vt 0.092365 0.525619
f 1028/4828/1028 846/4829/846 819/4830/819
vt 0.189359 0.576637
vt 0.182662 0.457680
vt 0.132810 0.444968
f 1030/4831/1030 1031/4832/1031 1028/4833/1028
vt 0.132810 0.444968
vt 0.135313 0.548075
vt 0.189359 0.576637
f 1028/4834/1028 1029/4835/1029 1030/4836/1030
vt 0.184223 0.331250
vt 0.138225 0.340450
vt 0.132810 0.444968
f 1024/4837/1024 1027/4838/1027 1028/4839/1028
vt 0.132810 0.444968
vt 0.182662 0.457680
vt 0.184223 0.331250
f 1028/4840/1028 1031/4841/1031 1024/4842/1024
vt 0.092365 0.525619
vt 0.091060 0.608274
vt 0.136148 0.635562
f 819/4843/819 816/4844/816 1032/4845/1032
vt 0.136148 0.635562
vt 0.135313 0.548075
vt 0.092365 0.525619
f 1032/4846/1032 1029/4847/1029 819/4848/819
vt 0.097002 0.672103
vt 0.129055 0.708992
vt 0.136148 0.635562
f 815/4849/815 916/4850/916 1032/4851/1032
vt 0.136148 0.635562
vt 0.091060 0.608274
vt 0.097002 0.672103
f 1032/4852/1032 816/4853/816 815/4854/815
vt 0.184907 0.743003
vt 0.191592 0.668439
vt 0.136148 0.635562
f 920/4855/920 1033/4856/1033 1032/4857/1032
vt 0.136148 0.635562
vt 0.129055 0.708992
vt 0.184907 0.743003
f 1032/4858/1032 916/4859/916 920/4860/920
vt 0.189359 0.576637
vt 0.135313 0.548075
vt 0.136148 0.635562
f 1030/4861/1030 1029/4862/1029 1032/4863/1032
vt 0.136148 0.635562
vt 0.191592 0.668439
vt 0.189359 0.576637
f 1032/4864/1032 1033/4865/1033 1030/4866/1030
vt 0.224498 0.078100
vt 0.206763 0.217033
vt 0.282206 0.223149
f 1009/4867/1009 1025/4868/1025 1034/4869/1034
vt 0.282206 0.223149
vt 0.317353 0.116070
vt 0.224498 0.078100
f 1034/4870/1034 1035/4871/1035 1009/4872/1009
vt 0.184223 0.331250
vt 0.256135 0.336589
vt 0.282206 0.223149
f 1024/4873/1024 1036/4874/1036 1034/4875/1034
vt 0.282206 0.223149
vt 0.206763 0.217033
vt 0.184223 0.331250
f 1034/4876/1034 1025/4877/1025 1024/4878/1024
vt 0.335138 0.352723
vt 0.353784 0.243106
vt 0.282206 0.223149
f 896/4879/896 906/4880/906 1034/4881/1034
vt 0.282206 0.223149
vt 0.256135 0.336589
vt 0.335138 0.352723
f 1034/4882/1034 1036/4883/1036 896/4884/896
vt 0.438107 0.179214
vt 0.317353 0.116070
vt 0.282206 0.223149
f 908/4885/908 1037/4886/1037 1034/4887/1034
vt 0.282206 0.223149
vt 0.353784 0.243106
vt 0.438107 0.179214
f 1034/4888/1034 906/4889/906 908/4890/908
vt 0.184223 0.331250
vt 0.182662 0.457680
vt 0.248215 0.462752
f 1024/4891/1024 1031/4892/1031 1038/4893/1038
vt 0.248215 0.462752
vt 0.256135 0.336589
vt 0.184223 0.331250
f 1038/4894/1038 1036/4895/1036 1024/4896/1024
vt 0.189359 0.576637
vt 0.249082 0.579626
vt 0.248215 0.462752
f 1030/4897/1030 1039/4898/1039 1038/4899/1038
vt 0.248215 0.462752
vt 0.182662 0.457680
vt 0.189359 0.576637
f 1038/4900/1038 1031/4901/1031 1030/4902/1030
vt 0.305474 0.568588
vt 0.309249 0.468817
vt 0.248215 0.462752
f 1040/4903/1040 1041/4904/1041 1038/4905/1038
vt 0.248215 0.462752
vt 0.249082 0.579626
vt 0.305474 0.568588
f 1038/4906/1038 1039/4907/1039 1040/4908/1040
vt 0.335138 0.352723
vt 0.256135 0.336589
vt 0.248215 0.462752
f 896/4909/896 1036/4910/1036 1038/4911/1038
vt 0.248215 0.462752
vt 0.309249 0.468817
vt 0.335138 0.352723
f 1038/4912/1038 1041/4913/1041 896/4914/896
vt 0.189359 0.576637
vt 0.191592 0.668439
vt 0.249371 0.665197
f 1030/4915/1030 1033/4916/1033 1042/4917/1042
vt 0.249371 0.665197
vt 0.249082 0.579626
vt 0.189359 0.576637
f 1042/4918/1042 1039/4919/1039 1030/4920/1030
vt 0.184907 0.743003
vt 0.249335 0.735553
vt 0.249371 0.665197
f 920/4921/920 940/4922/940 1042/4923/1042
vt 0.249371 0.665197
vt 0.191592 0.668439
vt 0.184907 0.743003
f 1042/4924/1042 1033/4925/1033 920/4926/920
vt 0.311321 0.709265
vt 0.304216 0.644390
vt 0.249371 0.665197
f 944/4927/944 1043/4928/1043 1042/4929/1042
vt 0.249371 0.665197
vt 0.249335 0.735553
vt 0.311321 0.709265
f 1042/4930/1042 940/4931/940 944/4932/944
vt 0.305474 0.568588
vt 0.249082 0.579626
vt 0.249371 0.665197
f 1040/4933/1040 1039/4934/1039 1042/4935/1042
vt 0.249371 0.665197
vt 0.304216 0.644390
vt 0.305474 0.568588
f 1042/4936/1042 1043/4937/1043 1040/4938/1040
vt 0.335138 0.352723
vt 0.309249 0.468817
vt 0.345545 0.484504
f 896/4939/896 1041/4940/1041 1044/4941/1044
vt 0.345545 0.484504
vt 0.368840 0.441659
vt 0.335138 0.352723
f 1044/4942/1044 892/4943/892 896/4944/896
vt 0.305474 0.568588
vt 0.349530 0.555071
vt 0.345545 0.484504
f 1040/4945/1040 1045/4946/1045 1044/4947/1044
vt 0.345545 0.484504
vt 0.309249 0.468817
vt 0.305474 0.568588
f 1044/4948/1044 1041/4949/1041 1040/4950/1040
vt 0.385469 0.529705
vt 0.368840 0.441659
vt 0.345545 0.484504
f 878/4951/878 892/4952/892 1044/4953/1044
vt 0.345545 0.484504
vt 0.349530 0.555071
vt 0.385469 0.529705
f 1044/4954/1044 1045/4955/1045 878/4956/878
vt 0.305474 0.568588
vt 0.304216 0.644390
vt 0.350858 0.624573
f 1040/4957/1040 1043/4958/1043 1046/4959/1046
vt 0.350858 0.624573
vt 0.349530 0.555071
vt 0.305474 0.568588
f 1046/4960/1046 1045/4961/1045 1040/4962/1040
vt 0.311321 0.709265
vt 0.359848 0.686761
vt 0.350858 0.624573
f 944/4963/944 964/4964/964 1046/4965/1046
vt 0.350858 0.624573
vt 0.304216 0.644390
vt 0.311321 0.709265
f 1046/4966/1046 1043/4967/1043 944/4968/944
vt 0.389485 0.660451
vt 0.391012 0.610721
vt 0.350858 0.624573
f 870/4969/870 873/4970/873 1046/4971/1046
vt 0.350858 0.624573
vt 0.359848 0.686761
vt 0.389485 0.660451
f 1046/4972/1046 964/4973/964 870/4974/870
vt 0.385469 0.529705
vt 0.349530 0.555071
vt 0.350858 0.624573
f 878/4975/878 1045/4976/1045 1046/4977/1046
vt 0.350858 0.624573
vt 0.391012 0.610721
vt 0.385469 0.529705
f 1046/4978/1046 873/4979/873 878/4980/878
usemtl tex0_2
v -2.218298 7.414608 -2.825886
vn -0.373716 -0.923208 -0.089569
v -2.218298 7.414605 -8.384799
vn -0.062773 -0.789786 0.610161
v -5.411922 9.668827 -6.735673
vn 0.190204 -0.757238 0.624830
v -5.411922 9.668830 -0.821817
vn 0.462645 -0.870662 -0.167056
v 2.220297 7.414608 -2.825886
vn 0.000000 -1.000000 0.000001
v 2.220297 7.414605 -8.384799
vn -0.000000 -0.803376 0.595471
v -2.218298 7.414608 -2.825886
vn 0.000000 -1.000000 0.000000
v 5.413922 9.668830 -0.821817
vn -0.398300 -0.909389 -0.119871
v 5.413922 9.668827 -6.735673
vn -0.758331 -0.516813 0.397289
v 2.220297 7.414605 -8.384799
vn 0.576666 -0.816980 0.000000
v 2.220297 7.414605 -8.384799
vn 0.576666 -0.816980 0.000000
v 2.220297 7.414608 -2.825886
vn 0.576666 -0.816980 0.000000
v -2.218298 6.340136 4.121807
vn -0.318088 -0.867041 -0.383485
v -5.411922 7.566767 4.121807
vn 0.627992 -0.551729 -0.548836
v 2.220298 6.340137 4.121807
vn 0.000000 -0.857594 -0.514328
v 2.220297 7.414608 -2.825886
vn 0.000000 -0.988252 -0.152835
v 5.413922 7.566766 4.121807
vn -0.149511 -0.770363 -0.619828
v 2.220297 7.414608 -2.825886
vn 0.666953 -0.685688 -0.291559
v 2.220297 7.414608 -2.825886
vn 0.354870 -0.923932 -0.142888
v 2.220298 6.340137 4.121807
vn 0.354870 -0.923932 -0.142888
v -2.218298 -8.414865 -1.331248
vn 0.159871 0.951912 -0.261353
v -5.788474 -7.218848 -1.331247
vn 0.557436 0.817013 -0.147494
v -5.788474 -7.218848 -6.707897
vn 0.661843 0.700362 0.267315
v -2.218298 -8.414867 -6.707897
vn 0.149059 0.782609 0.604404
v 2.220298 -8.414865 -1.331248
vn -0.108832 0.969771 -0.218401
v 2.220298 -8.414866 -6.707897
vn -0.153843 0.807506 0.569444
v 5.790473 -7.218848 -1.331247
vn -0.675955 0.736924 -0.005344
v 5.790473 -7.218849 -6.707897
vn -0.564661 0.582350 0.584830
v -2.782000 -4.844118 4.657121
vn 0.047571 0.936988 -0.346107
v -8.348000 -4.840072 4.657121
vn 0.752574 0.456275 -0.474810
v 2.783999 -4.844118 4.657121
vn -0.000269 0.914613 -0.404330
v 8.349998 -4.840072 4.657121
vn -0.790050 0.514893 -0.332725
v -2.546755 -3.934378 8.481656
vn 0.143232 0.503016 -0.852326
v 2.508471 -3.934378 8.481656
vn -0.300663 0.613936 -0.729852
v -2.035054 2.491079 -9.881389
vn 0.236355 0.013797 0.971569
v -6.107160 2.491078 -7.939362
vn 0.840246 -0.078572 0.536483
v 2.037053 2.491079 -9.881389
vn -0.000000 -0.290828 0.956775
v -2.035054 2.491079 -9.881389
vn -0.000000 -0.290828 0.956775
v 6.109159 2.491079 -7.939361
vn -0.821025 -0.191757 0.537725
v 2.037053 2.491079 -9.881389
vn -0.416779 -0.250130 0.873916
v 2.220297 7.414605 -8.384799
vn -0.416779 -0.250130 0.873916
v 2.220297 7.414605 -8.384799
vn -0.342906 -0.187571 0.920452
v -2.529000 -2.821037 -8.831591
vn 0.207954 0.258263 0.943428
v -7.588999 -2.821035 -6.570786
vn 0.794190 0.059628 0.604737
v 2.530999 -2.821036 -8.831591
vn -0.000000 0.193874 0.981026
v 2.037053 2.491079 -9.881389
vn 0.000000 0.193874 0.981026
v 7.590999 -2.821035 -6.570786
vn -0.818318 0.177645 0.546624
v 2.530999 -2.821036 -8.831591
vn -0.403853 0.141076 0.903881
v 2.037053 2.491079 -9.881389
vn -0.403853 0.141076 0.903881
v 2.037053 2.491079 -9.881389
vn -0.427766 0.111757 0.896954
v 2.530999 -2.821036 -8.831591
vn -0.000000 0.354931 0.934892
v 2.530999 -2.821036 -8.831591
vn -0.119993 0.358185 0.925908
v 2.530999 -2.821036 -8.831591
vn -0.404073 0.137238 0.904373
v 6.109159 2.491079 -2.825886
vn -0.982298 -0.187278 0.004217
v 6.109159 2.491081 4.082506
vn -0.902221 -0.161988 -0.399697
v 2.220298 6.340137 4.121807
vn 0.224691 -0.585001 -0.779287
v 2.215347 0.455938 8.537573
vn -0.285385 -0.159190 -0.945100
v 7.590999 -2.821035 -2.825885
vn -0.998798 0.000557 0.049009
v -2.253631 0.455938 8.537573
vn 0.310815 -0.399171 -0.862587
v 2.215347 0.455938 8.537573
vn 0.000000 -0.600228 -0.799829
v -2.218298 6.340136 4.121807
vn 0.000000 -0.600228 -0.799829
v -2.253631 0.455938 8.537573
vn -0.000000 0.012735 -0.999919
v -6.107159 4.011037 4.082507
vn 0.931032 -0.228290 -0.284716
v -6.107160 2.491080 -2.825885
vn 0.980248 -0.197475 0.010814
v -7.588999 -2.821035 -2.825885
vn 0.996009 0.072125 0.052566
vt 0.046829 0.590777
vt 0.046829 0.753097
vt 0.081871 0.662330
f 1047/4981/1047 1048/4982/1048 1049/4983/1049
vt 0.081871 0.662330
vt 0.081871 0.506922
vt 0.046829 0.590777
f 1049/4984/1049 1050/4985/1050 1047/4986/1047
vt -0.046836 0.590776
vt -0.046836 0.753095
vt 0.046829 0.753097
f 1051/4987/1051 1052/4988/1052 1048/4989/1048
vt 0.046829 0.753097
vt 0.046829 0.590778
vt -0.046836 0.590776
f 1048/4990/1048 1053/4991/1053 1051/4992/1051
vt 0.918124 0.506922
vt 0.918124 0.662328
vt 0.953164 0.753095
f 1054/4993/1054 1055/4994/1055 1056/4995/1056
vt 0.953164 0.753095
vt 0.953164 0.590776
vt 0.918124 0.506922
f 1057/4996/1057 1058/4997/1058 1054/4998/1054
vt 0.054311 0.303588
vt 0.046829 0.590777
vt 0.081871 0.506922
f 1059/4999/1059 1047/5000/1047 1050/5001/1050
vt 0.081871 0.506922
vt 0.099745 0.349948
vt 0.054311 0.303588
f 1050/5002/1050 1060/5003/1060 1059/5004/1059
vt -0.054319 0.303591
vt -0.061801 0.590780
vt 0.046829 0.590777
f 1061/5005/1061 1062/5006/1062 1047/5007/1047
vt 0.046829 0.590777
vt 0.054311 0.303588
vt -0.054319 0.303591
f 1047/5008/1047 1059/5009/1059 1061/5010/1061
vt 0.900250 0.349951
vt 0.918124 0.506922
vt 0.953164 0.590776
f 1063/5011/1063 1054/5012/1054 1064/5013/1064
vt 0.953164 0.590776
vt 0.945681 0.303591
vt 0.900250 0.349951
f 1065/5014/1065 1066/5015/1066 1063/5016/1063
vt 0.459386 0.527044
vt 0.393399 0.525502
vt 0.393399 0.684997
f 1067/5017/1067 1068/5018/1068 1069/5019/1069
vt 0.393399 0.684997
vt 0.459386 0.693708
vt 0.459386 0.527044
f 1069/5020/1069 1070/5021/1070 1067/5022/1067
vt 0.540621 0.527044
vt 0.459386 0.527044
vt 0.459386 0.693708
f 1071/5023/1071 1067/5024/1067 1070/5025/1070
vt 0.459386 0.693708
vt 0.540621 0.693706
vt 0.540621 0.527044
f 1070/5026/1070 1072/5027/1072 1071/5028/1071
vt 0.606606 0.525501
vt 0.540621 0.527044
vt 0.540621 0.693706
f 1073/5029/1073 1071/5030/1071 1072/5031/1072
vt 0.540621 0.693706
vt 0.606606 0.684994
vt 0.606606 0.525501
f 1072/5032/1072 1074/5033/1074 1073/5034/1073
vt 0.418292 0.262441
vt 0.334918 0.342305
vt 0.393399 0.525502
f 1075/5035/1075 1076/5036/1076 1068/5037/1068
vt 0.393399 0.525502
vt 0.459386 0.527044
vt 0.418292 0.262441
f 1068/5038/1068 1067/5039/1067 1075/5040/1075
vt 0.581717 0.262446
vt 0.418292 0.262441
vt 0.459386 0.527044
f 1077/5041/1077 1075/5042/1075 1067/5043/1067
vt 0.459386 0.527044
vt 0.540621 0.527044
vt 0.581717 0.262446
f 1067/5044/1067 1071/5045/1071 1077/5046/1077
vt 0.665085 0.342309
vt 0.581717 0.262446
vt 0.540621 0.527044
f 1078/5047/1078 1077/5048/1077 1071/5049/1071
vt 0.540621 0.527044
vt 0.606606 0.525501
vt 0.665085 0.342309
f 1071/5050/1071 1073/5051/1073 1078/5052/1078
vt 0.334918 0.342305
vt 0.418292 0.262441
vt 0.410208 0.154040
f 1076/5053/1076 1075/5054/1075 1079/5055/1079
vt 0.588660 0.153455
vt 0.410208 0.154040
vt 0.418292 0.262441
f 1080/5056/1080 1079/5057/1079 1075/5058/1075
vt 0.418292 0.262441
vt 0.581717 0.262446
vt 0.588660 0.153455
f 1075/5059/1075 1077/5060/1077 1080/5061/1080
vt 0.581717 0.262446
vt 0.665085 0.342309
vt 0.588660 0.153455
f 1077/5062/1077 1078/5063/1078 1080/5064/1080
vt 0.111981 0.896132
vt 0.190424 0.768147
vt 0.081871 0.662330
f 1081/5065/1081 1082/5066/1082 1049/5067/1049
vt 0.081871 0.662330
vt 0.046829 0.753097
vt 0.111981 0.896132
f 1049/5068/1049 1048/5069/1048 1081/5070/1081
vt -0.111995 0.896125
vt -0.026063 0.896127
vt 0.046829 0.753097
f 1083/5071/1083 1084/5072/1084 1048/5073/1048
vt 0.046829 0.753097
vt -0.046836 0.753095
vt -0.111995 0.896125
f 1048/5074/1048 1052/5075/1052 1083/5076/1083
vt 0.809572 0.768139
vt 0.888005 0.896125
vt 0.953164 0.753095
f 1085/5077/1085 1086/5078/1086 1087/5079/1087
vt 0.953164 0.753095
vt 0.918124 0.662328
vt 0.809572 0.768139
f 1088/5080/1088 1055/5081/1055 1085/5082/1085
vt 0.386176 0.860753
vt 0.308318 0.702087
vt 0.190424 0.768147
f 1089/5083/1089 1090/5084/1090 1082/5085/1082
vt 0.190424 0.768147
vt 0.111981 0.896132
vt 0.386176 0.860753
f 1082/5086/1082 1081/5087/1081 1089/5088/1089
vt -0.386165 0.860746
vt 0.386176 0.860753
vt 0.111981 0.896132
f 1091/5089/1091 1089/5090/1089 1081/5091/1081
vt 0.111981 0.896132
vt -0.509571 0.896126
vt -0.386165 0.860746
f 1081/5092/1081 1092/5093/1092 1091/5094/1091
vt 0.691685 0.702080
vt 0.613835 0.860746
vt 0.888005 0.896125
f 1093/5095/1093 1094/5096/1094 1095/5097/1095
vt 0.888005 0.896125
vt 0.809572 0.768139
vt 0.691685 0.702080
f 1096/5098/1096 1085/5099/1085 1093/5100/1093
vt 0.459386 0.693708
vt 0.393399 0.684997
vt 0.308318 0.702087
f 1070/5101/1070 1069/5102/1069 1090/5103/1090
vt 0.308318 0.702087
vt 0.386176 0.860753
vt 0.459386 0.693708
f 1090/5104/1090 1089/5105/1089 1070/5106/1070
vt 0.540621 0.693706
vt 0.459386 0.693708
vt 0.386176 0.860753
f 1072/5107/1072 1070/5108/1070 1089/5109/1089
vt 0.386176 0.860753
vt 0.613835 0.860746
vt 0.540621 0.693706
f 1089/5110/1089 1097/5111/1097 1072/5112/1072
vt 0.606606 0.684994
vt 0.540621 0.693706
vt 0.613835 0.860746
f 1074/5113/1074 1072/5114/1072 1098/5115/1098
vt 0.613835 0.860746
vt 0.691685 0.702080
vt 0.606606 0.684994
f 1099/5116/1099 1093/5117/1093 1074/5118/1074
vt 0.809572 0.604844
vt 0.809572 0.768139
vt 0.918124 0.662328
f 1100/5119/1100 1085/5120/1085 1055/5121/1055
vt 0.918124 0.662328
vt 0.918124 0.506922
vt 0.809572 0.604844
f 1055/5122/1055 1054/5123/1054 1100/5124/1100
vt 0.809572 0.303296
vt 0.809572 0.604844
vt 0.918124 0.506922
f 1101/5125/1101 1100/5126/1100 1054/5127/1054
vt 0.918124 0.506922
vt 0.900250 0.349951
vt 0.809572 0.303296
f 1054/5128/1054 1063/5129/1063 1101/5130/1101
vt 0.900250 0.349951
vt 0.945681 0.303591
vt 0.775953 0.076804
f 1063/5131/1063 1102/5132/1102 1103/5133/1103
vt 0.775953 0.076804
vt 0.809572 0.303296
vt 0.900250 0.349951
f 1103/5134/1103 1101/5135/1101 1063/5136/1063
vt 0.691685 0.585702
vt 0.691685 0.702080
vt 0.809572 0.768139
f 1104/5137/1104 1093/5138/1093 1085/5139/1085
vt 0.809572 0.768139
vt 0.809572 0.604844
vt 0.691685 0.585702
f 1085/5140/1085 1100/5141/1100 1104/5142/1104
vt 0.665085 0.342309
vt 0.691685 0.585702
vt 0.809572 0.604844
f 1078/5143/1078 1104/5144/1104 1100/5145/1100
vt 0.809572 0.604844
vt 0.809572 0.303296
vt 0.665085 0.342309
f 1100/5146/1100 1101/5147/1101 1078/5148/1078
vt 0.588660 0.153455
vt 0.665085 0.342309
vt 0.809572 0.303296
f 1080/5149/1080 1078/5150/1078 1101/5151/1101
vt 0.809572 0.303296
vt 0.775953 0.076804
vt 0.588660 0.153455
f 1101/5152/1101 1103/5153/1103 1080/5154/1080
vt 0.606606 0.525501
vt 0.606606 0.684994
vt 0.691685 0.702080
f 1073/5155/1073 1074/5156/1074 1093/5157/1093
vt 0.691685 0.702080
vt 0.691685 0.585702
vt 0.606606 0.525501
f 1093/5158/1093 1104/5159/1104 1073/5160/1073
vt 0.665085 0.342309
vt 0.606606 0.525501
vt 0.691685 0.585702
f 1078/5161/1078 1073/5162/1073 1104/5163/1104
vt 0.224498 0.078100
vt -0.224047 0.076804
vt -0.054319 0.303591
f 1105/5164/1105 1106/5165/1106 1061/5166/1061
vt -0.054319 0.303591
vt 0.391176 0.304878
vt 0.224498 0.078100
f 1061/5167/1061 1107/5168/1107 1105/5169/1105
vt 0.054311 0.303588
vt 0.099745 0.349948
vt 0.224498 0.078100
f 1059/5170/1059 1060/5171/1060 1105/5172/1105
vt 0.410208 0.154040
vt 0.588660 0.153455
vt 0.775953 0.076804
f 1079/5173/1079 1080/5174/1080 1103/5175/1103
vt 0.775953 0.076804
vt 0.618196 0.077321
vt 0.410208 0.154040
f 1103/5176/1103 1108/5177/1108 1079/5178/1079
vt 0.159200 0.318150
vt 0.224498 0.078100
vt 0.099745 0.349948
f 1109/5179/1109 1105/5180/1105 1060/5181/1060
vt 0.190424 0.604849
vt 0.159200 0.318150
vt 0.099745 0.349948
f 1110/5182/1110 1109/5183/1109 1060/5184/1060
vt 0.099745 0.349948
vt 0.081871 0.506922
vt 0.190424 0.604849
f 1060/5185/1060 1050/5186/1050 1110/5187/1110
vt 0.190424 0.768147
vt 0.190424 0.604849
vt 0.081871 0.506922
f 1082/5188/1082 1110/5189/1110 1050/5190/1050
vt 0.081871 0.506922
vt 0.081871 0.662330
vt 0.190424 0.768147
f 1050/5191/1050 1049/5192/1049 1082/5193/1082
vt 0.334918 0.342305
vt 0.410208 0.154040
vt 0.224498 0.078100
f 1076/5194/1076 1079/5195/1079 1105/5196/1105
vt 0.224498 0.078100
vt 0.159200 0.318150
vt 0.334918 0.342305
f 1105/5197/1105 1109/5198/1109 1076/5199/1076
vt 0.308318 0.585705
vt 0.334918 0.342305
vt 0.159200 0.318150
f 1111/5200/1111 1076/5201/1076 1109/5202/1109
vt 0.159200 0.318150
vt 0.190424 0.604849
vt 0.308318 0.585705
f 1109/5203/1109 1110/5204/1110 1111/5205/1111
vt 0.308318 0.702087
vt 0.308318 0.585705
vt 0.190424 0.604849
f 1090/5206/1090 1111/5207/1111 1110/5208/1110
vt 0.190424 0.604849
vt 0.190424 0.768147
vt 0.308318 0.702087
f 1110/5209/1110 1082/5210/1082 1090/5211/1090
vt 0.334918 0.342305
vt 0.308318 0.585705
vt 0.393399 0.525502
f 1076/5212/1076 1111/5213/1111 1068/5214/1068
vt 0.393399 0.684997
vt 0.393399 0.525502
vt 0.308318 0.585705
f 1069/5215/1069 1068/5216/1068 1111/5217/1111
vt 0.308318 0.585705
vt 0.308318 0.702087
vt 0.393399 0.684997
f 1111/5218/1111 1090/5219/1090 1069/5220/1069
