mtllib goddard.mtl
usemtl tex0_0
v -0.778419 1.519070 10.163100
vn 0.605627 -0.749216 -0.268126
v 0.791137 1.519070 10.163100
vn -0.621090 -0.760779 -0.188318
v -0.794802 2.010070 4.757760
vn 0.747535 -0.658073 -0.090178
v 0.807520 2.010070 4.757760
vn -0.684959 -0.726218 0.058638
v -0.804243 2.007190 0.102239
vn 0.589970 -0.805549 0.055007
v 0.816962 2.007190 0.102239
vn -0.590389 -0.804994 0.058526
v -0.791758 1.978620 -4.358570
vn 0.569787 -0.818799 0.070072
v 0.804476 1.978620 -4.358570
vn -0.547516 -0.822028 0.156511
v -0.775036 0.193005 13.942400
vn 0.522469 -0.769283 -0.367735
v 0.787755 0.193005 13.942400
vn -0.522472 -0.769282 -0.367733
v 2.044780 0.192986 9.322380
vn -0.775403 -0.610776 -0.160319
v 2.260380 0.192976 6.612730
vn -0.760975 -0.647312 -0.043631
v 2.350550 0.192950 0.082378
vn -0.772882 -0.634522 -0.005943
v 2.350550 0.192931 -4.537620
vn -0.773750 0.091221 0.626889
v -2.337830 0.192931 -4.537620
vn 0.921932 0.011874 0.387169
v -2.337830 0.192950 0.082378
vn 0.772731 -0.634704 -0.006067
v -2.247670 0.192976 6.612730
vn 0.760973 -0.647315 -0.043631
v -2.032060 0.192986 9.322380
vn 0.775406 -0.610773 -0.160319
v -0.681131 1.814630 -5.507210
vn 0.389196 -0.549308 0.739450
v 0.693849 1.814630 -5.507210
vn -0.469700 -0.615160 0.633214
v 0.724887 0.455216 -5.507210
vn -0.384619 0.310021 0.869457
v -0.712169 0.455216 -5.507210
vn 0.332883 0.301545 0.893454
v -0.534621 1.600610 10.507700
vn 0.264353 -0.957031 -0.119197
v 0.547339 1.600610 10.507700
vn -0.264357 -0.957031 -0.119197
v -0.534621 0.384686 13.757400
vn 0.150004 -0.862708 -0.482942
v 0.547339 0.384686 13.757400
vn -0.150004 -0.862708 -0.482942
v -0.677911 1.721170 9.840300
vn 0.279193 -0.948751 -0.148067
v 0.690629 1.721170 9.840300
vn -0.351964 -0.924120 -0.148737
v -0.677911 2.146470 5.123630
vn 0.325546 -0.945369 -0.017252
v 0.690629 2.146470 5.123630
vn -0.325481 -0.944953 0.033556
v -0.689169 2.207800 4.362510
vn 0.333195 -0.938256 -0.093045
v 0.701887 2.207800 4.362510
vn -0.406851 -0.908227 -0.097960
v -0.689169 2.207790 0.422233
vn 0.374573 -0.921566 0.102038
v 0.701887 2.207790 0.422233
vn -0.389581 -0.904631 0.172828
v 0.006360 2.156620 5.032310
vn 0.000000 -0.999997 -0.002424
v 0.006360 1.714830 9.931960
vn 0.000000 -0.984301 -0.176496
v 0.006360 2.210120 0.345870
vn 0.000000 -0.991817 0.127669
v 0.006360 2.210140 4.438870
vn 0.000000 -0.991815 -0.127684
v 0.006360 2.076920 -4.537630
vn 0.002742 -0.997913 0.064516
v 0.006360 2.083950 -0.146718
vn 0.000000 -0.992055 0.125809
v 0.006360 1.600610 10.507700
vn 0.000000 -0.990839 -0.135046
v 0.006360 0.384686 13.757400
vn 0.000000 -0.836142 -0.548513
v 0.006360 1.843290 -5.524530
vn 0.000000 -0.617202 0.786805
v 0.006360 0.426550 -5.524520
vn -0.000000 0.617210 0.786799
v 0.006360 0.192931 -4.537620
vn 0.000001 0.987764 0.155958
v 0.006360 1.584530 10.253600
vn 0.000000 -0.879539 -0.475828
v 0.006360 0.193005 13.942400
vn 0.000000 -0.694457 -0.719534
v 0.006360 2.089450 4.703510
vn 0.000000 -0.990987 -0.133961
v 0.006360 1.941440 7.482650
vn 0.000000 -0.995960 -0.089803
v 0.372842 1.714830 9.931960
vn -0.037993 -0.983912 -0.174569
v 0.702803 1.935720 7.482140
vn -0.408386 -0.909097 -0.082238
v 0.372842 2.156620 5.032310
vn -0.068313 -0.996952 0.037692
v 0.006360 2.217140 2.392370
vn 0.000000 -1.000000 0.000005
v 0.378895 2.210140 4.438870
vn -0.045965 -0.991059 -0.125260
v 0.714273 2.210130 2.392370
vn -0.476775 -0.879025 -0.000119
v 0.378895 2.210120 0.345870
vn -0.080820 -0.979586 0.184063
v 0.006360 2.076930 -2.227630
vn 0.002736 -0.999993 0.002613
v 0.396101 2.083950 -0.146718
vn -0.094370 -0.987564 0.125746
v 0.826824 1.982730 -2.227630
vn -0.512926 -0.858406 0.006837
v 0.396094 2.072820 -4.448100
vn -0.112935 -0.991693 0.061570
v 1.408490 0.879916 9.748570
vn -0.867875 -0.484756 -0.108648
v 0.802695 0.876367 12.047200
vn -0.700022 -0.672117 -0.241305
v 1.522500 1.128720 5.621290
vn -0.929406 -0.368428 -0.021594
v 0.853447 1.751190 7.497630
vn -0.787059 -0.614466 -0.054491
v 1.568020 1.134940 0.106254
vn -0.881081 -0.472965 -0.000916
v 0.861728 1.989760 2.440130
vn -0.816212 -0.577752 0.000440
v 2.350550 0.192940 -2.227620
vn -0.760480 -0.649317 0.007540
v 1.526380 1.134930 -4.358570
vn -0.771733 -0.522884 0.361967
v 0.006360 1.134920 -5.576460
vn -0.000000 0.000007 1.000000
v -0.389559 0.426550 -5.524520
vn 0.078944 0.587774 0.805165
v -0.708440 1.134920 -5.524520
vn 0.385165 -0.158667 0.909105
v -0.347891 1.843290 -5.524530
vn 0.084714 -0.626906 0.774476
v -2.337830 0.192940 -2.227620
vn 0.769416 -0.638703 0.007538
v -1.555300 1.134940 0.106254
vn 0.879493 -0.475897 -0.003713
v -0.814106 1.982730 -2.227630
vn 0.503963 -0.863702 0.006371
v -1.513660 1.134930 -4.358570
vn 0.837503 -0.523869 0.155399
v -1.509780 1.128720 5.621290
vn 0.929174 -0.368893 -0.023533
v -0.849010 1.989760 2.440130
vn 0.820892 -0.571065 -0.004657
v -1.395770 0.879916 9.748570
vn 0.868121 -0.483766 -0.111073
v -0.840729 1.751190 7.497630
vn 0.803709 -0.592307 -0.056787
v -0.789976 0.876367 12.047200
vn 0.657920 -0.708025 -0.256597
v 0.006360 1.994900 -5.057050
vn 0.000000 -0.975802 0.218658
v -0.738589 1.908910 -5.057050
vn 0.574967 -0.758450 0.306864
v -0.383375 2.072820 -4.448100
vn 0.119770 -0.990618 0.065811
v 0.721158 1.134920 -5.524520
vn -0.523804 -0.204423 0.826946
v 0.751308 1.908910 -5.057050
vn -0.559257 -0.772948 0.299638
v 1.418090 0.360941 -5.057040
vn -0.471870 0.514163 0.716223
v 0.006360 0.274943 -5.057040
vn 0.000000 0.972491 0.232942
v 0.402278 0.426550 -5.524520
vn -0.053727 0.596582 0.800752
v 1.178450 0.192931 -4.537620
vn 0.000001 0.987764 0.155957
v -1.405370 0.360941 -5.057040
vn 0.570545 0.479447 0.666791
v 0.006360 1.589020 10.375000
vn -0.000000 -0.996515 0.083409
v 0.651017 1.556520 10.461900
vn -0.325239 -0.941617 -0.087049
v 0.389772 1.584530 10.253600
vn -0.131884 -0.922288 -0.363305
v -0.638299 1.556520 10.461900
vn 0.265485 -0.959850 -0.090589
v 0.006360 2.131790 4.732910
vn 0.000000 -0.866177 0.499738
v 0.724469 2.107040 5.007370
vn -0.541970 -0.800368 0.256281
v 0.394827 2.089450 4.703510
vn -0.182639 -0.975393 0.123499
v -0.690084 1.935720 7.482140
vn 0.408415 -0.909167 -0.081318
v -0.711751 2.107040 5.007370
vn 0.625970 -0.760033 0.174675
v -0.711751 1.661590 9.947630
vn 0.543447 -0.767965 -0.338962
v 0.006360 1.636840 10.222100
vn 0.000000 -0.798687 -0.601746
v -0.360123 1.714830 9.931960
vn 0.035323 -0.983946 -0.174937
v -0.377053 1.584530 10.253600
vn 0.106460 -0.874320 -0.473531
v 0.724469 1.661590 9.947630
vn -0.561179 -0.796051 -0.226674
v 0.006360 2.147040 0.101488
vn 0.000000 -0.968724 0.248140
v 0.730523 2.147040 0.330577
vn -0.556627 -0.807339 0.195882
v -0.701555 2.210130 2.392370
vn 0.476781 -0.879022 0.000721
v -0.717805 2.147040 0.330577
vn 0.561069 -0.814684 0.146602
v -0.717805 2.147050 4.454160
vn 0.530846 -0.759224 -0.376539
v 0.006360 2.147050 4.683250
vn 0.000000 -0.736704 -0.676215
v -0.366177 2.210140 4.438870
vn 0.042738 -0.991135 -0.125795
v -0.382108 2.089450 4.703510
vn 0.251831 -0.939265 -0.233156
v 0.730523 2.147050 4.454160
vn -0.596287 -0.783871 -0.173172
v -0.360123 2.156620 5.032310
vn 0.018128 -0.999831 -0.002979
v -0.366177 2.210120 0.345870
vn 0.021741 -0.991661 0.127024
v -0.383382 2.083950 -0.146718
vn 0.086006 -0.988534 0.124110
v 0.360610 1.843290 -5.524530
vn -0.072181 -0.615610 0.784738
v -1.165730 0.192931 -4.537620
vn 0.063866 0.976792 0.204446
v 0.371567 1.941440 7.482650
vn -0.006003 -0.995974 -0.089445
v 0.377940 2.217140 2.392370
vn -0.007216 -0.999974 0.000531
v 0.397057 2.076930 -2.227630
vn -0.110492 -0.993868 0.004144
v 1.206760 0.654475 11.169000
vn -0.781183 -0.588229 -0.209139
v 1.470170 1.010090 7.719950
vn -0.955207 -0.293059 -0.041192
v 1.546610 1.134950 2.869960
vn -0.946788 -0.321853 -0.001898
v 1.569150 1.134930 -2.227630
vn -0.757776 -0.652473 0.007454
v -0.347340 1.134920 -5.576460
vn 0.050275 -0.012173 0.998661
v -1.556430 1.134930 -2.227630
vn 0.762782 -0.646600 0.008515
v -1.533890 1.134950 2.869960
vn 0.945794 -0.324618 -0.009872
v -1.457450 1.010090 7.719950
vn 0.954532 -0.294200 -0.048106
v -1.194050 0.654475 11.169000
vn 0.782135 -0.586665 -0.209974
v -0.365075 1.994900 -5.057050
vn 0.118274 -0.972614 0.200084
v 1.141450 1.134920 -5.057040
vn -0.758214 -0.335297 0.559184
v 0.770020 0.274942 -5.057040
vn -0.030480 0.966549 0.254666
v -1.128740 1.134920 -5.057040
vn 0.779352 -0.339453 0.526670
v 0.336953 1.589020 10.375000
vn -0.057353 -0.991245 -0.118927
v -0.654829 0.938933 12.112500
vn 0.486060 -0.819877 -0.302569
v 0.667547 0.938933 12.112500
vn -0.536068 -0.792173 -0.291707
v 0.384312 2.131790 4.732910
vn -0.130181 -0.842370 0.522940
v -0.749546 1.884310 7.477500
vn 0.795833 -0.603108 -0.053950
v -0.371593 1.636840 10.222100
vn 0.108615 -0.799996 -0.590093
v 0.762265 1.884310 7.477500
vn -0.778031 -0.625629 -0.057059
v 0.387498 2.147040 0.101488
vn -0.117836 -0.945908 0.302280
v -0.755919 2.147040 2.392370
vn 0.846344 -0.532636 0.000667
v -0.374779 2.147050 4.683250
vn 0.028326 -0.735070 -0.677399
v 0.768637 2.147040 2.392370
vn -0.840846 -0.541273 -0.000725
v -0.358848 1.941440 7.482650
vn 0.006010 -0.995941 -0.089803
v -0.365221 2.217140 2.392370
vn 0.007223 -0.999974 0.000003
v -0.384338 2.076930 -2.227630
vn 0.102068 -0.994774 0.002603
v 0.360059 1.134920 -5.576460
vn -0.050619 -0.000699 0.998718
v 0.377794 1.994900 -5.057050
vn -0.080805 -0.972879 0.216744
v -0.757301 0.274943 -5.057040
vn 0.062469 0.958416 0.278454
v -0.324234 1.589020 10.375000
vn 0.034229 -0.993492 -0.108635
v -0.371593 2.131790 4.732910
vn 0.167443 -0.877100 0.450177
v 0.384312 1.636840 10.222100
vn -0.117014 -0.867457 -0.483555
v -0.374779 2.147040 0.101488
vn 0.056220 -0.967660 0.245914
v 0.387498 2.147050 4.683250
vn -0.108082 -0.865900 -0.488400
v 10.024900 -0.124283 0.972827
vn -0.090655 0.952027 -0.292279
v 14.140100 -0.106794 -0.465791
vn -0.259278 0.910515 -0.322084
v 14.161800 -0.106799 -1.773600
vn -0.380961 0.880859 0.280991
v 11.671600 -0.106804 -2.958080
vn -0.091579 0.864805 0.493686
v 10.530800 -0.124298 -2.769320
vn 0.214848 0.700982 0.680048
v 10.024900 0.138133 0.972826
vn -0.214830 -0.703320 -0.677635
v 14.140100 0.120633 -0.465792
vn -0.346478 -0.893456 -0.285813
v 14.161800 0.120628 -1.773600
vn -0.328546 -0.886292 0.326410
v 11.671600 0.120623 -2.958080
vn -0.055685 -0.852788 0.519280
v 10.530800 0.138118 -2.769320
vn 0.092793 -0.958634 0.269090
v 11.164800 0.124997 -2.796150
vn 0.080524 -0.931131 0.355685
v 10.277900 0.138126 -0.898249
vn -0.004591 -0.999981 -0.004149
v 12.227700 0.125009 0.117129
vn -0.155318 -0.868279 -0.471135
v 14.197500 0.125004 -1.131260
vn -0.333625 -0.942249 -0.029362
v 12.907000 0.124999 -2.360570
vn -0.189088 -0.901030 0.390372
v 12.907000 -0.111175 -2.360570
vn -0.181969 0.905749 0.382760
v 14.197500 -0.111170 -1.131260
vn -0.315782 0.948797 0.008172
v 12.227700 -0.111165 0.117130
vn -0.117698 0.927688 -0.354319
v 10.277900 -0.124290 -0.898248
vn -0.009830 0.999878 0.012147
v 11.164800 -0.111177 -2.796140
vn 0.120981 0.869868 0.478220
v 11.660000 0.006909 -3.043570
vn -0.142932 0.009193 0.989690
v 10.530800 0.006910 -2.769320
vn 0.286599 -0.476588 0.831099
v 10.024900 0.006925 0.972827
vn -0.263533 0.456798 -0.849639
v 14.215600 0.006920 -0.397845
vn -0.706453 0.026842 -0.707251
v 14.262400 0.006914 -1.797420
vn -0.760567 0.010640 0.649173
v 12.193300 0.138124 -1.424340
vn -0.005009 -0.999987 0.000962
v 12.193300 -0.124292 -1.424340
vn -0.007011 0.999951 0.006976
v 11.050600 0.006910 -2.948570
vn 0.240639 -0.209927 0.947641
v 12.231500 0.006923 0.288403
vn -0.303941 0.204788 -0.930420
v 12.986300 0.006912 -2.464590
vn -0.432084 0.012182 0.901751
v 14.420200 0.006917 -1.098700
vn -0.999175 0.024034 -0.032740
v 3.205050 -0.106771 5.383180
vn -0.225871 0.952062 -0.206302
v 8.600260 -0.124276 2.778020
vn -0.321020 0.705110 -0.632271
v 8.766510 -0.124291 -1.162380
vn 0.012426 0.982943 0.183488
v 3.713170 -0.106795 -0.732431
vn -0.105794 0.968759 0.224305
v 1.779820 -0.124252 8.569790
vn -0.327859 0.934042 -0.141685
v 1.816630 -0.124302 -3.793350
vn -0.611699 0.699015 0.370409
v 3.294030 0.125029 5.240180
vn -0.148961 -0.978560 -0.142233
v 8.600260 0.138140 2.778020
vn -0.109582 -0.970405 -0.215188
v 8.766510 0.138125 -1.162380
vn 0.049587 -0.704814 0.707657
v 3.790810 0.125006 -0.632417
vn -0.087127 -0.979889 0.179516
v 1.779820 0.138163 8.569790
vn -0.648698 -0.706665 -0.282516
v 1.816630 0.138114 -3.793350
vn -0.180221 -0.977324 0.111164
v 5.850980 0.125024 3.928270
vn -0.098973 -0.977187 -0.187910
v 8.683390 0.138133 0.807820
vn 0.003040 -0.999991 0.003034
v 6.186110 0.125006 -0.738145
vn 0.022141 -0.898109 0.439216
v 3.542420 0.138139 2.303880
vn -0.000990 -0.999999 -0.000316
v 2.437530 0.125035 6.613590
vn -0.409444 -0.890774 -0.197170
v 2.714410 0.125001 -1.843060
vn -0.177340 -0.975910 0.127082
v 1.798230 0.138139 2.388220
vn -0.000006 -0.999999 -0.001548
v 2.484700 -0.111140 6.606320
vn -0.288326 0.946716 -0.143517
v 1.798230 -0.124277 2.388220
vn -0.011856 0.999927 0.002386
v 2.761570 -0.111173 -1.850330
vn -0.365059 0.898495 0.243798
v 5.553890 -0.111150 4.000030
vn -0.196546 0.905019 -0.377240
v 8.683390 -0.124283 0.807821
vn 0.000046 1.000000 0.000167
v 5.889020 -0.111168 -0.666391
vn 0.006709 0.980968 0.194052
v 8.766510 0.006917 -1.162380
vn 0.052921 0.567474 0.821689
v 3.807810 0.006917 -0.996946
vn -0.435189 0.016001 0.900197
v 3.277030 0.006944 5.604710
vn -0.733199 -0.030578 -0.679326
v 8.600260 0.006932 2.778020
vn -0.388863 -0.515424 -0.763625
v 1.816630 0.006906 -3.793350
vn -0.715621 -0.541346 0.441397
v 1.779820 0.006956 8.569790
vn -0.838110 0.407915 -0.362183
v 6.018550 0.138136 1.595060
vn 0.001437 -0.999998 0.001228
v 2.575970 0.138139 2.385260
vn -0.000910 -0.999999 -0.000802
v 3.047630 -0.124277 2.312600
vn -0.004120 0.999991 0.001301
v 6.204730 0.006917 -0.997390
vn 0.036976 0.399483 0.915995
v 5.832360 0.006938 4.187520
vn -0.430162 -0.375591 -0.820909
v 2.729790 0.006912 -2.312870
vn -0.765479 -0.370074 0.526391
v 2.422150 0.006950 7.083400
vn -0.870566 0.251916 -0.422674
v 8.673380 -0.200599 3.090220
vn 0.556560 0.614534 -0.559096
v 9.916820 -0.200599 3.090220
vn -0.535329 0.604337 -0.590084
v 8.382370 -0.640413 1.112670
vn 0.300864 0.946727 -0.114842
v 10.207800 -0.640413 1.112670
vn -0.330109 0.936165 -0.120928
v 8.180450 -0.640426 -2.177700
vn 0.307236 0.935706 0.173376
v 10.409700 -0.640426 -2.177700
vn -0.241068 0.955483 0.170112
v 8.156810 -0.176844 -2.857420
vn 0.109566 0.089611 0.989932
v 10.433400 -0.176844 -2.857420
vn -0.158835 0.105502 0.981652
v 8.673380 0.275967 3.090210
vn 0.574606 -0.461457 -0.675933
v 9.916820 0.275967 3.090210
vn -0.592586 -0.476156 -0.649705
v 8.382370 1.270770 1.112660
vn 0.507680 -0.828894 -0.234935
v 10.207800 1.270770 1.112660
vn -0.493622 -0.837721 -0.233585
v 8.180380 1.298930 -2.177700
vn 0.461930 -0.880242 0.108603
v 10.409800 1.298930 -2.177700
vn -0.507911 -0.853362 0.117468
v 8.153460 0.877829 -2.857420
vn 0.272381 -0.074615 0.959292
v 10.436700 0.877829 -2.857420
vn -0.149604 -0.040699 0.987908
v 10.618300 -0.203011 1.112670
vn -0.922467 0.338886 -0.184964
v 10.908000 -0.194573 -2.177700
vn -0.948007 0.292273 0.125933
v 7.682220 -0.194573 -2.177700
vn 0.933473 0.319249 0.163428
v 7.971860 -0.203011 1.112670
vn 0.934167 0.306727 -0.182349
v 10.647800 0.266230 1.203600
vn -0.962118 -0.184646 -0.200586
v 10.908000 0.307598 -2.177700
vn -0.980540 -0.174886 0.089203
v 7.682150 0.307598 -2.177700
vn 0.978156 -0.191027 0.081975
v 7.942350 0.266230 1.203600
vn 0.968692 -0.162142 -0.188003
v 8.402900 0.042640 -2.530010
vn -0.318316 -0.409973 0.854750
v 10.187300 0.042640 -2.530010
vn 0.285750 -0.429945 0.856443
v 8.400800 0.681916 -2.530010
vn -0.281279 0.429100 0.858345
v 10.189400 0.681916 -2.530010
vn 0.318757 0.408325 0.855374
v 8.535660 -0.433965 2.198360
vn 0.337731 0.907617 -0.249337
v 9.295100 -0.656156 1.129820
vn 0.000462 0.994814 -0.101709
v 10.054500 -0.433965 2.198360
vn -0.351147 0.898273 -0.264201
v 9.295100 -0.204651 3.158820
vn -0.005545 0.746746 -0.665086
v 8.275230 -0.656325 -0.563254
vn 0.329706 0.943785 -0.023766
v 9.295100 -0.656169 -2.182550
vn -0.002318 0.973573 0.228363
v 10.315000 -0.656325 -0.563254
vn -0.310640 0.950210 -0.024565
v 8.177340 -0.433984 -2.611670
vn 0.260705 0.784622 0.562495
v 9.295100 -0.217211 -2.863030
vn 0.007558 -0.051704 0.998634
v 10.412900 -0.433984 -2.611670
vn -0.238083 0.801481 0.548584
v 9.295100 0.284851 3.158820
vn 0.001393 -0.634985 -0.772523
v 10.054500 0.789381 2.198360
vn -0.484900 -0.749777 -0.450229
v 9.295100 1.307200 1.129810
vn -0.001002 -0.974423 -0.224718
v 8.535660 0.789381 2.198360
vn 0.482257 -0.745709 -0.459723
v 10.315000 1.307900 -0.563262
vn -0.519144 -0.853663 -0.041817
v 9.295100 1.341000 -2.182560
vn 0.004050 -0.978354 0.206897
v 8.275230 1.307900 -0.563262
vn 0.509980 -0.858957 -0.045968
v 10.414600 1.116150 -2.611680
vn -0.438159 -0.740279 0.509905
v 9.295100 0.939673 -2.863030
vn -0.007529 0.058363 0.998267
v 8.175560 1.116150 -2.611680
vn 0.443875 -0.762105 0.471350
v 9.916920 0.024515 3.158820
vn -0.632270 -0.012379 -0.774649
v 8.673280 0.024515 3.158820
vn 0.631239 0.051485 -0.773878
v 10.465800 -0.435430 1.095520
vn -0.724822 0.673169 -0.146547
v 10.297300 -0.197849 2.198360
vn -0.872370 0.353251 -0.337911
v 10.719100 -0.435443 -2.172840
vn -0.676248 0.730472 0.095388
v 10.783500 -0.206878 -0.563256
vn -0.933700 0.349788 -0.076501
v 10.732700 -0.180965 -2.611670
vn -0.803627 0.292449 0.518322
v 10.638100 0.029543 1.166710
vn -0.977534 0.043048 -0.206333
v 10.297400 0.265950 2.215510
vn -0.920116 -0.182644 -0.346451
v 10.921600 0.046297 -2.182550
vn -0.987232 0.005393 0.159199
v 10.793500 0.281808 -0.563258
vn -0.978360 -0.191397 -0.078601
v 10.534400 0.345646 -2.863030
vn 0.040082 0.052549 0.997814
v 10.734500 0.582600 -2.611680
vn -0.839214 -0.186033 0.510991
v 10.467800 0.805110 1.149550
vn -0.881628 -0.431956 -0.190124
v 10.719200 0.818261 -2.172850
vn -0.907501 -0.419844 0.013161
v 9.295100 0.027192 -2.523170
vn 0.000563 -0.499620 0.866244
v 8.364340 0.362278 -2.523170
vn -0.402232 0.003017 0.915533
v 9.295100 0.697364 -2.523180
vn 0.003190 0.499568 0.866269
v 10.225900 0.362278 -2.523170
vn 0.405384 -0.005473 0.914130
v 7.871110 -0.435443 -2.172840
vn 0.710301 0.691983 0.128963
v 7.857500 -0.180965 -2.611670
vn 0.767492 0.282573 0.575420
v 8.124380 -0.435430 1.095520
vn 0.713663 0.686411 -0.139730
v 7.806650 -0.206878 -0.563256
vn 0.929012 0.361768 -0.077847
v 8.292930 -0.197849 2.198360
vn 0.902411 0.292364 -0.316509
v 7.668580 0.046297 -2.182550
vn 0.987393 0.020445 0.156965
v 7.855720 0.582600 -2.611680
vn 0.887063 -0.226978 0.401996
v 8.055760 0.345646 -2.863030
vn 0.032486 -0.058093 0.997782
v 7.952090 0.029543 1.166710
vn 0.979955 0.023150 -0.197868
v 7.796720 0.281808 -0.563258
vn 0.979678 -0.185645 -0.075937
v 8.292830 0.265950 2.215510
vn 0.916792 -0.177154 -0.357922
v 7.870970 0.818261 -2.172850
vn 0.874696 -0.484662 0.003058
v 8.122420 0.805110 1.149550
vn 0.899132 -0.396388 -0.185579
v 8.283690 -0.054805 -2.707660
vn -0.454209 -0.565512 0.688396
v 10.306500 -0.054805 -2.707660
vn 0.401740 -0.573635 0.713826
v 10.309200 0.779359 -2.707670
vn 0.465060 0.586135 0.663449
v 8.281000 0.779359 -2.707670
vn -0.406927 0.575047 0.709741
v 9.295100 -0.441796 2.232660
vn -0.002662 0.975686 -0.219156
v 9.295100 -0.679980 -0.563254
vn -0.002251 0.999997 -0.000464
v 9.295100 -0.441815 -2.621380
vn 0.004601 0.817571 0.575809
v 9.295100 0.807421 2.232660
vn -0.001080 -0.890450 -0.455079
v 9.295100 1.362730 -0.563262
vn 0.003982 -0.999936 -0.010635
v 9.295100 1.145460 -2.621390
vn -0.004969 -0.840374 0.541984
v 9.295100 0.024243 3.261720
vn -0.000400 0.018930 -0.999821
v 10.295500 -0.363488 1.889640
vn -0.713697 0.644964 -0.273236
v 10.604800 -0.443429 -0.563255
vn -0.692530 0.719334 -0.054408
v 10.666900 -0.363505 -2.524290
vn -0.630582 0.663685 0.402354
v 10.297500 0.026961 2.232660
vn -0.935522 0.039904 -0.351009
v 10.803400 0.029672 -0.563257
vn -0.996399 0.015034 -0.083451
v 10.740900 0.195971 -2.621380
vn -0.822884 0.030666 0.567382
v 10.295500 0.627024 1.889640
vn -0.851409 -0.410244 -0.326806
v 10.604800 0.814476 -0.563260
vn -0.904716 -0.420227 -0.069978
v 10.668200 0.852378 -2.524300
vn -0.855041 -0.418889 0.305673
v 9.295100 0.362278 -2.502680
vn 0.003326 -0.000025 0.999994
v 7.923320 -0.363505 -2.524290
vn 0.619215 0.625038 0.475290
v 7.985380 -0.443429 -0.563255
vn 0.708311 0.703565 -0.057372
v 8.294680 -0.363488 1.889640
vn 0.721034 0.646936 -0.248160
v 7.849270 0.195971 -2.621380
vn 0.861145 -0.021208 0.507917
v 7.786790 0.029672 -0.563257
vn 0.996354 0.027841 -0.080650
v 8.292740 0.026961 2.232660
vn 0.937705 0.013694 -0.347163
v 7.921950 0.852378 -2.524300
vn 0.846135 -0.482117 0.227198
v 7.985380 0.814476 -0.563260
vn 0.901066 -0.428036 -0.069753
v 8.294680 0.627024 1.889640
vn 0.860405 -0.379207 -0.340448
v 9.295100 -0.101147 -2.707660
vn 0.000975 -0.813715 0.581263
v 9.295100 0.825702 -2.707670
vn -0.000344 0.828965 0.559301
v 10.420400 0.362277 -2.707670
vn 0.742902 0.011965 0.669294
v 8.169820 0.362277 -2.707670
vn -0.739971 -0.014123 0.672490
v -8.673380 -0.200599 3.090220
vn -0.535363 0.604296 -0.590096
v -9.916820 -0.200599 3.090220
vn 0.556508 0.614589 -0.559088
v -8.382370 -0.640413 1.112670
vn -0.330116 0.936113 -0.121311
v -10.207800 -0.640413 1.112670
vn 0.300422 0.946865 -0.114857
v -8.180450 -0.640426 -2.177700
vn -0.241020 0.955211 0.171701
v -10.409700 -0.640426 -2.177700
vn 0.309416 0.935012 0.173247
v -8.156810 -0.176844 -2.857420
vn -0.160469 0.118657 0.979883
v -10.433400 -0.176844 -2.857420
vn 0.104187 0.089689 0.990505
v -8.673380 0.275967 3.090210
vn -0.592618 -0.476116 -0.649706
v -9.916820 0.275967 3.090210
vn 0.574587 -0.461490 -0.675927
v -8.382370 1.270770 1.112660
vn -0.492801 -0.838167 -0.233717
v -10.207800 1.270770 1.112660
vn 0.507751 -0.828624 -0.235736
v -8.180380 1.298930 -2.177700
vn -0.511370 -0.851332 0.117196
v -10.409800 1.298930 -2.177700
vn 0.461792 -0.879931 0.111669
v -8.153460 0.877829 -2.857420
vn -0.184714 -0.041813 0.981902
v -10.436700 0.877829 -2.857420
vn 0.264577 -0.049534 0.963091
v -10.618300 -0.203011 1.112670
vn 0.934140 0.306816 -0.182336
v -10.908000 -0.194573 -2.177700
vn 0.933483 0.319217 0.163429
v -7.682220 -0.194573 -2.177700
vn -0.947973 0.292376 0.125951
v -7.971860 -0.203011 1.112670
vn -0.922490 0.338805 -0.184996
v -10.647800 0.266230 1.203600
vn 0.968689 -0.162144 -0.188019
v -10.908000 0.307598 -2.177700
vn 0.978166 -0.190974 0.081978
v -7.682150 0.307598 -2.177700
vn -0.980542 -0.174890 0.089169
v -7.942350 0.266230 1.203600
vn -0.962109 -0.184679 -0.200601
v -8.402900 0.042640 -2.530010
vn 0.285739 -0.429923 0.856458
v -10.187300 0.042640 -2.530010
vn -0.318312 -0.409992 0.854742
v -8.400800 0.681916 -2.530010
vn 0.317015 0.420512 0.850101
v -10.189400 0.681916 -2.530010
vn -0.286049 0.428515 0.857060
v -8.535660 -0.433965 2.198360
vn -0.351181 0.898144 -0.264593
v -9.295100 -0.656156 1.129820
vn 0.000000 0.994777 -0.102077
v -10.054500 -0.433965 2.198360
vn 0.337254 0.907788 -0.249359
v -9.295100 -0.204651 3.158820
vn -0.005545 0.746746 -0.665086
v -8.275230 -0.656325 -0.563254
vn -0.310659 0.950244 -0.022940
v -9.295100 -0.656169 -2.182550
vn -0.000013 0.973218 0.229884
v -10.315000 -0.656325 -0.563254
vn 0.331843 0.943035 -0.023754
v -8.177340 -0.433984 -2.611670
vn -0.237387 0.810151 0.536007
v -9.295100 -0.217211 -2.863030
vn 0.000711 -0.036716 0.999326
v -10.412900 -0.433984 -2.611670
vn 0.256132 0.785612 0.563213
v -9.295100 0.284851 3.158820
vn 0.001394 -0.634985 -0.772524
v -10.054500 0.789381 2.198360
vn 0.482197 -0.745315 -0.460426
v -9.295100 1.307200 1.129810
vn -0.000003 -0.974256 -0.225446
v -8.535660 0.789381 2.198360
vn -0.484087 -0.750161 -0.450463
v -10.315000 1.307900 -0.563262
vn 0.510079 -0.859059 -0.042862
v -9.295100 1.341000 -2.182560
vn -0.000013 -0.977782 0.209626
v -8.275230 1.307900 -0.563262
vn -0.522539 -0.851593 -0.041736
v -10.414600 1.116150 -2.611680
vn 0.442656 -0.771737 0.456595
v -9.295100 0.939673 -2.863030
vn 0.000265 0.042105 0.999113
v -8.175560 1.116150 -2.611680
vn -0.433708 -0.742017 0.511183
v -9.916920 0.024515 3.158820
vn 0.631225 0.051487 -0.773889
v -8.673280 0.024515 3.158820
vn -0.632284 -0.012382 -0.774638
v -10.465800 -0.435430 1.095520
vn 0.713618 0.686460 -0.139725
v -10.297300 -0.197849 2.198360
vn 0.902367 0.292503 -0.316507
v -10.719100 -0.435443 -2.172840
vn 0.710325 0.691959 0.128963
v -10.783500 -0.206878 -0.563256
vn 0.929001 0.361798 -0.077847
v -10.732700 -0.180965 -2.611670
vn 0.767514 0.282495 0.575430
v -10.638100 0.029543 1.166710
vn 0.979956 0.023211 -0.197856
v -10.297400 0.265950 2.215510
vn 0.916769 -0.177249 -0.357936
v -10.921600 0.046297 -2.182550
vn 0.987394 0.020511 0.156946
v -10.793500 0.281808 -0.563258
vn 0.979692 -0.185574 -0.075938
v -10.534400 0.345646 -2.863030
vn 0.021286 -0.009502 0.999728
v -10.734500 0.582600 -2.611680
vn 0.886554 -0.196589 0.418778
v -10.467800 0.805110 1.149550
vn 0.899116 -0.396411 -0.185602
v -10.719200 0.818261 -2.172850
vn 0.874698 -0.484659 0.003088
v -9.295100 0.027192 -2.523170
vn 0.000563 -0.499620 0.866244
v -8.364340 0.362278 -2.523170
vn 0.405533 0.004729 0.914068
v -9.295100 0.697364 -2.523180
vn -0.000568 0.507594 0.861596
v -10.225900 0.362278 -2.523170
vn -0.405318 0.003006 0.914171
v -7.871110 -0.435443 -2.172840
vn -0.676225 0.730491 0.095409
v -7.857500 -0.180965 -2.611670
vn -0.803598 0.292519 0.518326
v -8.124380 -0.435430 1.095520
vn -0.724818 0.673169 -0.146564
v -7.806650 -0.206878 -0.563256
vn -0.933687 0.349826 -0.076491
v -8.292930 -0.197849 2.198360
vn -0.872400 0.353147 -0.337943
v -7.668580 0.046297 -2.182550
vn -0.987236 0.005393 0.159174
v -7.855720 0.582600 -2.611680
vn -0.860652 -0.183774 0.474875
v -8.055760 0.345646 -2.863030
vn -0.002089 0.055307 0.998467
v -7.952090 0.029543 1.166710
vn -0.977532 0.042957 -0.206361
v -7.796720 0.281808 -0.563258
vn -0.978349 -0.191447 -0.078619
v -8.292830 0.265950 2.215510
vn -0.920120 -0.182621 -0.346450
v -7.870970 0.818261 -2.172850
vn -0.907514 -0.419816 0.013141
v -8.122420 0.805110 1.149550
vn -0.881634 -0.431946 -0.190117
v -8.283690 -0.054805 -2.707660
vn 0.401754 -0.573618 0.713832
v -10.306500 -0.054805 -2.707660
vn -0.454245 -0.565552 0.688340
v -10.309200 0.779359 -2.707670
vn -0.406957 0.575072 0.709703
v -8.281000 0.779359 -2.707670
vn 0.465024 0.586101 0.663505
v -9.295100 -0.441796 2.232660
vn -0.003121 0.975604 -0.219515
v -9.295100 -0.679980 -0.563254
vn -0.000000 0.999999 0.001090
v -9.295100 -0.441815 -2.621380
vn -0.000013 0.825893 0.563827
v -9.295100 0.807421 2.232660
vn -0.000097 -0.890115 -0.455736
v -9.295100 1.362730 -0.563262
vn -0.000004 -0.999969 -0.007884
v -9.295100 1.145460 -2.621390
vn -0.000012 -0.848788 0.528734
v -9.295100 0.024243 3.261720
vn -0.000400 0.018930 -0.999821
v -10.295500 -0.363488 1.889640
vn 0.720914 0.647077 -0.248141
v -10.604800 -0.443429 -0.563255
vn 0.708350 0.703525 -0.057381
v -10.666900 -0.363505 -2.524290
vn 0.619211 0.625030 0.475306
v -10.297500 0.026961 2.232660
vn 0.937707 0.013698 -0.347158
v -10.803400 0.029672 -0.563257
vn 0.996349 0.027973 -0.080656
v -10.740900 0.195971 -2.621380
vn 0.853521 0.010103 0.520960
v -10.295500 0.627024 1.889640
vn 0.860340 -0.379325 -0.340481
v -10.604800 0.814476 -0.563260
vn 0.901082 -0.428005 -0.069741
v -10.668200 0.852378 -2.524300
vn 0.846115 -0.482147 0.227208
v -9.295100 0.362278 -2.502680
vn -0.000008 0.009274 0.999957
v -7.923320 -0.363505 -2.524290
vn -0.630537 0.663724 0.402359
v -7.985380 -0.443429 -0.563255
vn -0.692502 0.719362 -0.054394
v -8.294680 -0.363488 1.889640
vn -0.713753 0.644884 -0.273278
v -7.849270 0.195971 -2.621380
vn -0.845575 0.030664 0.532976
v -7.786790 0.029672 -0.563257
vn -0.996398 0.014974 -0.083463
v -8.292740 0.026961 2.232660
vn -0.935518 0.039882 -0.351020
v -7.921950 0.852378 -2.524300
vn -0.855074 -0.418785 0.305725
v -7.985380 0.814476 -0.563260
vn -0.904720 -0.420218 -0.069992
v -8.294680 0.627024 1.889640
vn -0.851423 -0.410236 -0.326780
v -9.295100 -0.101147 -2.707660
vn 0.000974 -0.813715 0.581263
v -9.295100 0.825702 -2.707670
vn -0.000344 0.828964 0.559303
v -10.420400 0.362277 -2.707670
vn -0.740040 -0.014135 0.672414
v -8.169820 0.362277 -2.707670
vn 0.742868 0.011960 0.669331
v -3.205050 -0.106771 5.383180
vn 0.235893 0.944342 -0.229288
v -8.600260 -0.124276 2.778020
vn 0.086279 0.981758 -0.169433
v -8.766510 -0.124291 -1.162380
vn -0.049679 0.703246 0.709209
v -3.713170 -0.106795 -0.732431
vn 0.113139 0.971525 0.208179
v -1.779820 -0.124252 8.569790
vn 0.648772 0.706611 -0.282483
v -1.816630 -0.124302 -3.793350
vn 0.210743 0.968634 0.131662
v -3.294030 0.125029 5.240180
vn 0.191914 -0.963653 -0.185855
v -8.600260 0.138140 2.778020
vn 0.321129 -0.705022 -0.632313
v -8.766510 0.138125 -1.162380
vn -0.014570 -0.976352 0.215693
v -3.790810 0.125006 -0.632417
vn 0.069592 -0.987980 0.138033
v -1.779820 0.138163 8.569790
vn 0.271700 -0.955193 -0.117409
v -1.816630 0.138114 -3.793350
vn 0.601337 -0.706531 0.373105
v -5.850980 0.125024 3.928270
vn 0.212337 -0.888465 -0.406870
v -8.683390 0.138133 0.807820
vn -0.000000 -1.000000 0.000004
v -6.186110 0.125006 -0.738145
vn -0.007682 -0.982293 0.187196
v -3.542420 0.138139 2.303880
vn 0.001164 -0.999999 0.000254
v -2.437530 0.125035 6.613590
vn 0.267836 -0.953951 -0.135058
v -2.714410 0.125001 -1.843060
vn 0.348437 -0.907614 0.234153
v -1.798230 0.138139 2.388220
vn -0.000006 -0.999999 0.001556
v -2.484700 -0.111140 6.606320
vn 0.428641 0.879023 -0.208770
v -1.798230 -0.124277 2.388220
vn -0.000002 1.000000 0.000025
v -2.761570 -0.111173 -1.850330
vn 0.190245 0.972270 0.136003
v -5.553890 -0.111150 4.000030
vn 0.098913 0.977543 -0.186082
v -8.683390 -0.124283 0.807821
vn -0.003183 0.999981 0.005234
v -5.889020 -0.111168 -0.666391
vn -0.021466 0.908926 0.416404
v -8.766510 0.006917 -1.162380
vn -0.054095 -0.539983 0.839935
v -3.807810 0.006917 -0.996946
vn 0.468849 -0.030621 0.882747
v -3.277030 0.006944 5.604710
vn 0.719030 0.020936 -0.694663
v -8.600260 0.006932 2.778020
vn 0.376027 0.559762 -0.738424
v -1.816630 0.006906 -3.793350
vn 0.732183 0.509861 0.451608
v -1.779820 0.006956 8.569790
vn 0.812129 -0.466132 -0.350952
v -6.018550 0.138136 1.595060
vn -0.000083 -1.000000 0.000294
v -2.575970 0.138139 2.385260
vn 0.001244 -0.999999 0.000739
v -3.047630 -0.124277 2.312600
vn -0.000616 0.999999 0.001354
v -6.204730 0.006917 -0.997390
vn -0.040424 -0.407189 0.912449
v -5.832360 0.006938 4.187520
vn 0.431330 0.380413 -0.818072
v -2.729790 0.006912 -2.312870
vn 0.773352 0.351155 0.527842
v -2.422150 0.006950 7.083400
vn 0.860082 -0.286491 -0.422116
v -10.024900 -0.124283 0.972827
vn 0.210202 0.703999 -0.678381
v -14.140100 -0.106794 -0.465791
vn 0.346367 0.893349 -0.286281
v -14.161800 -0.106799 -1.773600
vn 0.328667 0.886286 0.326306
v -11.671600 -0.106804 -2.958080
vn 0.056238 0.852574 0.519573
v -10.530800 -0.124298 -2.769320
vn -0.093812 0.957463 0.272880
v -10.024900 0.138133 0.972826
vn 0.091747 -0.950678 -0.296300
v -14.140100 0.120633 -0.465792
vn 0.259439 -0.910478 -0.322059
v -14.161800 0.120628 -1.773600
vn 0.380967 -0.880760 0.281292
v -11.671600 0.120623 -2.958080
vn 0.091361 -0.864745 0.493831
v -10.530800 0.138118 -2.769320
vn -0.231113 -0.704197 0.671337
v -11.164800 0.124997 -2.796150
vn -0.128074 -0.871183 0.473959
v -10.277900 0.138126 -0.898249
vn 0.000073 -1.000000 -0.000260
v -12.227700 0.125009 0.117129
vn 0.118348 -0.926854 -0.356280
v -14.197500 0.125004 -1.131260
vn 0.315927 -0.948746 0.008419
v -12.907000 0.124999 -2.360570
vn 0.181823 -0.905640 0.383088
v -12.907000 -0.111175 -2.360570
vn 0.189576 0.900853 0.390543
v -14.197500 -0.111170 -1.131260
vn 0.333654 0.942225 -0.029800
v -12.227700 -0.111165 0.117130
vn 0.153155 0.868380 -0.471656
v -10.277900 -0.124290 -0.898248
vn 0.000073 1.000000 -0.000268
v -11.164800 -0.111177 -2.796140
vn -0.080621 0.930304 0.357820
v -11.660000 0.006909 -3.043570
vn 0.142930 -0.009185 0.989690
v -10.530800 0.006910 -2.769320
vn -0.286598 0.476600 0.831092
v -10.024900 0.006925 0.972827
vn 0.263533 -0.456804 -0.849636
v -14.215600 0.006920 -0.397845
vn 0.706454 -0.026848 -0.707250
v -14.262400 0.006914 -1.797420
vn 0.760567 -0.010637 0.649173
v -12.193300 0.138124 -1.424340
vn 0.003113 -0.999993 0.002286
v -12.193300 -0.124292 -1.424340
vn 0.003539 0.999991 0.002422
v -11.050600 0.006910 -2.948570
vn -0.240637 0.209938 0.947639
v -12.231500 0.006923 0.288403
vn 0.303941 -0.204795 -0.930419
v -12.986300 0.006912 -2.464590
vn 0.432084 -0.012179 0.901751
v -14.420200 0.006917 -1.098700
vn 0.999175 -0.024034 -0.032740
v -3.995380 -0.200599 3.816220
vn -0.535363 0.604296 -0.590096
v -5.238820 -0.200599 3.816220
vn 0.556554 0.614543 -0.559093
v -3.704370 -0.640413 1.838670
vn -0.330116 0.936113 -0.121311
v -5.529820 -0.640413 1.838670
vn 0.300442 0.946859 -0.114861
v -3.502450 -0.640426 -1.451700
vn -0.241020 0.955211 0.171701
v -5.731750 -0.640426 -1.451700
vn 0.309421 0.935008 0.173258
v -3.478810 -0.176844 -2.131420
vn -0.160468 0.118658 0.979883
v -5.755390 -0.176844 -2.131420
vn 0.104200 0.089735 0.990500
v -3.995380 0.275967 3.816210
vn -0.592617 -0.476116 -0.649706
v -5.238820 0.275967 3.816210
vn 0.574610 -0.461464 -0.675925
v -3.704370 1.270770 1.838660
vn -0.492801 -0.838166 -0.233717
v -5.529820 1.270770 1.838660
vn 0.507758 -0.828622 -0.235728
v -3.502380 1.298930 -1.451700
vn -0.511370 -0.851332 0.117196
v -5.731820 1.298930 -1.451700
vn 0.461785 -0.879936 0.111654
v -3.475460 0.877829 -2.131420
vn -0.184715 -0.041813 0.981902
v -5.758740 0.877829 -2.131420
vn 0.264612 -0.049532 0.963082
v -5.940330 -0.203011 1.838670
vn 0.934158 0.306753 -0.182352
v -6.229980 -0.194573 -1.451700
vn 0.933472 0.319255 0.163420
v -3.004220 -0.194573 -1.451700
vn -0.947973 0.292376 0.125952
v -3.293860 -0.203011 1.838670
vn -0.922490 0.338805 -0.184997
v -5.969840 0.266230 1.929600
vn 0.968691 -0.162152 -0.188003
v -6.230050 0.307598 -1.451700
vn 0.978154 -0.191036 0.081976
v -3.004150 0.307598 -1.451700
vn -0.980542 -0.174891 0.089169
v -3.264350 0.266230 1.929600
vn -0.962109 -0.184678 -0.200601
v -3.724900 0.042640 -1.804010
vn 0.285739 -0.429922 0.856458
v -5.509300 0.042640 -1.804010
vn -0.318321 -0.409982 0.854743
v -3.722800 0.681916 -1.804010
vn 0.317015 0.420511 0.850101
v -5.511390 0.681916 -1.804010
vn -0.286028 0.428494 0.857077
v -3.857660 -0.433965 2.924360
vn -0.351181 0.898144 -0.264593
v -4.617100 -0.656156 1.855820
vn 0.000000 0.994777 -0.102077
v -5.376540 -0.433965 2.924360
vn 0.337309 0.907763 -0.249376
v -4.617100 -0.204651 3.884820
vn -0.005545 0.746746 -0.665086
v -3.597230 -0.656325 0.162746
vn -0.310660 0.950244 -0.022940
v -4.617100 -0.656169 -1.456550
vn -0.000013 0.973218 0.229884
v -5.636970 -0.656325 0.162746
vn 0.331829 0.943041 -0.023749
v -3.499340 -0.433984 -1.885670
vn -0.237387 0.810151 0.536007
v -4.617100 -0.217211 -2.137030
vn 0.000711 -0.036716 0.999325
v -5.734850 -0.433984 -1.885670
vn 0.256143 0.785608 0.563215
v -4.617100 0.284851 3.884820
vn 0.001394 -0.634985 -0.772523
v -5.376540 0.789381 2.924360
vn 0.482237 -0.745288 -0.460428
v -4.617100 1.307200 1.855810
vn -0.000003 -0.974256 -0.225446
v -3.857660 0.789381 2.924360
vn -0.484087 -0.750162 -0.450463
v -5.636970 1.307900 0.162738
vn 0.510067 -0.859066 -0.042868
v -4.617100 1.341000 -1.456560
vn -0.000013 -0.977782 0.209626
v -3.597230 1.307900 0.162738
vn -0.522539 -0.851593 -0.041736
v -5.736630 1.116150 -1.885680
vn 0.442673 -0.771721 0.456605
v -4.617100 0.939673 -2.137030
vn 0.000265 0.042105 0.999113
v -3.497560 1.116150 -1.885680
vn -0.433708 -0.742017 0.511183
v -5.238920 0.024515 3.884820
vn 0.631241 0.051475 -0.773877
v -3.995280 0.024515 3.884820
vn -0.632284 -0.012381 -0.774638
v -5.787820 -0.435430 1.821520
vn 0.713647 0.686427 -0.139734
v -5.619270 -0.197849 2.924360
vn 0.902402 0.292392 -0.316509
v -6.041090 -0.435443 -1.446840
vn 0.710293 0.691992 0.128963
v -6.105550 -0.206878 0.162744
vn 0.929007 0.361781 -0.077849
v -6.054700 -0.180965 -1.885670
vn 0.767492 0.282579 0.575417
v -5.960100 0.029543 1.892710
vn 0.979956 0.023141 -0.197866
v -5.619360 0.265950 2.941510
vn 0.916792 -0.177171 -0.357914
v -6.243610 0.046297 -1.456550
vn 0.987393 0.020436 0.156960
v -6.115480 0.281808 0.162742
vn 0.979677 -0.185649 -0.075936
v -5.856430 0.345646 -2.137030
vn 0.021358 -0.009511 0.999727
v -6.056480 0.582600 -1.885680
vn 0.886550 -0.196617 0.418774
v -5.789770 0.805110 1.875550
vn 0.899133 -0.396385 -0.185579
v -6.041220 0.818261 -1.446850
vn 0.874694 -0.484666 0.003057
v -4.617100 0.027192 -1.797170
vn 0.000563 -0.499620 0.866245
v -3.686340 0.362278 -1.797170
vn 0.405532 0.004729 0.914068
v -4.617100 0.697364 -1.797180
vn -0.000569 0.507594 0.861596
v -5.547850 0.362278 -1.797170
vn -0.405306 0.003003 0.914176
v -3.193110 -0.435443 -1.446840
vn -0.676225 0.730491 0.095409
v -3.179500 -0.180965 -1.885670
vn -0.803598 0.292520 0.518326
v -3.446380 -0.435430 1.821520
vn -0.724818 0.673170 -0.146564
v -3.128650 -0.206878 0.162744
vn -0.933687 0.349825 -0.076491
v -3.614930 -0.197849 2.924360
vn -0.872400 0.353147 -0.337943
v -2.990580 0.046297 -1.456550
vn -0.987236 0.005393 0.159174
v -3.177720 0.582600 -1.885680
vn -0.860652 -0.183774 0.474874
v -3.377760 0.345646 -2.137030
vn -0.002089 0.055307 0.998467
v -3.274090 0.029543 1.892710
vn -0.977532 0.042957 -0.206361
v -3.118720 0.281808 0.162742
vn -0.978349 -0.191447 -0.078619
v -3.614830 0.265950 2.941510
vn -0.920120 -0.182621 -0.346450
v -3.192970 0.818261 -1.446850
vn -0.907514 -0.419816 0.013141
v -3.444420 0.805110 1.875550
vn -0.881634 -0.431946 -0.190117
v -3.605690 -0.054805 -1.981660
vn 0.401755 -0.573618 0.713832
v -5.628500 -0.054805 -1.981660
vn -0.454218 -0.565524 0.688381
v -5.631200 0.779359 -1.981670
vn -0.406921 0.575045 0.709745
v -3.603000 0.779359 -1.981670
vn 0.465023 0.586100 0.663506
v -4.617100 -0.441796 2.958660
vn -0.003121 0.975604 -0.219515
v -4.617100 -0.679980 0.162746
vn 0.000000 0.999999 0.001090
v -4.617100 -0.441815 -1.895380
vn -0.000013 0.825893 0.563827
v -4.617100 0.807421 2.958660
vn -0.000099 -0.890115 -0.455736
v -4.617100 1.362730 0.162738
vn -0.000003 -0.999969 -0.007884
v -4.617100 1.145460 -1.895390
vn -0.000013 -0.848788 0.528734
v -4.617100 0.024243 3.987720
vn -0.000400 0.018930 -0.999821
v -5.617510 -0.363488 2.615640
vn 0.721016 0.646956 -0.248161
v -5.926810 -0.443429 0.162745
vn 0.708301 0.703575 -0.057374
v -5.988870 -0.363505 -1.798290
vn 0.619205 0.625051 0.475286
v -5.619460 0.026961 2.958660
vn 0.937708 0.013677 -0.347156
v -6.125410 0.029672 0.162743
vn 0.996354 0.027841 -0.080650
v -6.062930 0.195971 -1.895380
vn 0.853515 0.010090 0.520970
v -5.617510 0.627024 2.615640
vn 0.860408 -0.379205 -0.340444
v -5.926810 0.814476 0.162740
vn 0.901067 -0.428033 -0.069753
v -5.990240 0.852378 -1.798300
vn 0.846131 -0.482128 0.227188
v -4.617100 0.362278 -1.776680
vn -0.000009 0.009275 0.999957
v -3.245320 -0.363505 -1.798290
vn -0.630536 0.663725 0.402360
v -3.307380 -0.443429 0.162745
vn -0.692503 0.719362 -0.054394
v -3.616680 -0.363488 2.615640
vn -0.713753 0.644884 -0.273278
v -3.171270 0.195971 -1.895380
vn -0.845575 0.030664 0.532976
v -3.108790 0.029672 0.162743
vn -0.996398 0.014973 -0.083463
v -3.614740 0.026961 2.958660
vn -0.935518 0.039883 -0.351020
v -3.243950 0.852378 -1.798300
vn -0.855074 -0.418785 0.305725
v -3.307380 0.814476 0.162740
vn -0.904720 -0.420219 -0.069992
v -3.616680 0.627024 2.615640
vn -0.851423 -0.410237 -0.326780
v -4.617100 -0.101147 -1.981660
vn 0.000974 -0.813715 0.581263
v -4.617100 0.825702 -1.981670
vn -0.000344 0.828963 0.559303
v -5.742380 0.362277 -1.981670
vn -0.739977 -0.014135 0.672484
v -3.491820 0.362277 -1.981670
vn 0.742867 0.011960 0.669332
v 3.995380 -0.200599 3.816220
vn 0.556560 0.614534 -0.559096
v 5.238820 -0.200599 3.816220
vn -0.535366 0.604298 -0.590091
v 3.704370 -0.640413 1.838670
vn 0.300864 0.946727 -0.114842
v 5.529820 -0.640413 1.838670
vn -0.330093 0.936170 -0.120927
v 3.502450 -0.640426 -1.451700
vn 0.307237 0.935706 0.173376
v 5.731750 -0.640426 -1.451700
vn -0.241084 0.955478 0.170118
v 3.478810 -0.176844 -2.131420
vn 0.109567 0.089611 0.989932
v 5.755390 -0.176844 -2.131420
vn -0.158810 0.105542 0.981652
v 3.995380 0.275967 3.816210
vn 0.574606 -0.461457 -0.675933
v 5.238820 0.275967 3.816210
vn -0.592616 -0.476124 -0.649701
v 3.704370 1.270770 1.838660
vn 0.507680 -0.828894 -0.234935
v 5.529820 1.270770 1.838660
vn -0.493648 -0.837705 -0.233583
v 3.502380 1.298930 -1.451700
vn 0.461930 -0.880242 0.108603
v 5.731820 1.298930 -1.451700
vn -0.507900 -0.853372 0.117452
v 3.475460 0.877829 -2.131420
vn 0.272381 -0.074616 0.959292
v 5.758740 0.877829 -2.131420
vn -0.149635 -0.040709 0.987903
v 5.940330 -0.203011 1.838670
vn -0.922486 0.338819 -0.184992
v 6.229980 -0.194573 -1.451700
vn -0.947969 0.292386 0.125957
v 3.004220 -0.194573 -1.451700
vn 0.933473 0.319249 0.163428
v 3.293860 -0.203011 1.838670
vn 0.934167 0.306727 -0.182349
v 5.969840 0.266230 1.929600
vn -0.962106 -0.184692 -0.200602
v 6.230050 0.307598 -1.451700
vn -0.980540 -0.174903 0.089163
v 3.004150 0.307598 -1.451700
vn 0.978156 -0.191027 0.081975
v 3.264350 0.266230 1.929600
vn 0.968692 -0.162142 -0.188004
v 3.724900 0.042640 -1.804010
vn -0.318315 -0.409973 0.854750
v 5.509300 0.042640 -1.804010
vn 0.285730 -0.429925 0.856460
v 3.722800 0.681916 -1.804010
vn -0.281279 0.429100 0.858345
v 5.511390 0.681916 -1.804010
vn 0.318756 0.408310 0.855381
v 3.857660 -0.433965 2.924360
vn 0.337731 0.907617 -0.249337
v 4.617100 -0.656156 1.855820
vn 0.000462 0.994814 -0.101709
v 5.376540 -0.433965 2.924360
vn -0.351176 0.898257 -0.264214
v 4.617100 -0.204651 3.884820
vn -0.005545 0.746746 -0.665086
v 3.597230 -0.656325 0.162746
vn 0.329706 0.943785 -0.023766
v 4.617100 -0.656169 -1.456550
vn -0.002319 0.973573 0.228362
v 5.636970 -0.656325 0.162746
vn -0.310646 0.950208 -0.024563
v 3.499340 -0.433984 -1.885670
vn 0.260706 0.784622 0.562495
v 4.617100 -0.217211 -2.137030
vn 0.007558 -0.051704 0.998634
v 5.734850 -0.433984 -1.885670
vn -0.238066 0.801491 0.548577
v 4.617100 0.284851 3.884820
vn 0.001394 -0.634985 -0.772524
v 5.376540 0.789381 2.924360
vn -0.484937 -0.749754 -0.450227
v 4.617100 1.307200 1.855810
vn -0.001002 -0.974423 -0.224718
v 3.857660 0.789381 2.924360
vn 0.482257 -0.745710 -0.459723
v 5.636970 1.307900 0.162738
vn -0.519148 -0.853661 -0.041824
v 4.617100 1.341000 -1.456560
vn 0.004050 -0.978354 0.206897
v 3.597230 1.307900 0.162738
vn 0.509981 -0.858957 -0.045968
v 5.736630 1.116150 -1.885680
vn -0.438141 -0.740263 0.509945
v 4.617100 0.939673 -2.137030
vn -0.007528 0.058361 0.998267
v 3.497560 1.116150 -1.885680
vn 0.443874 -0.762105 0.471350
v 5.238920 0.024515 3.884820
vn -0.632284 -0.012392 -0.774638
v 3.995280 0.024515 3.884820
vn 0.631239 0.051486 -0.773878
v 5.787820 -0.435430 1.821520
vn -0.724809 0.673181 -0.146560
v 5.619270 -0.197849 2.924360
vn -0.872400 0.353156 -0.337933
v 6.041090 -0.435443 -1.446840
vn -0.676208 0.730505 0.095418
v 6.105550 -0.206878 0.162744
vn -0.933686 0.349829 -0.076490
v 6.054700 -0.180965 -1.885670
vn -0.803589 0.292535 0.518331
v 5.960100 0.029543 1.892710
vn -0.977533 0.042947 -0.206362
v 5.619360 0.265950 2.941510
vn -0.920118 -0.182638 -0.346447
v 6.243610 0.046297 -1.456550
vn -0.987237 0.005383 0.159166
v 6.115480 0.281808 0.162742
vn -0.978347 -0.191455 -0.078620
v 5.856430 0.345646 -2.137030
vn 0.040017 0.052520 0.997818
v 6.056480 0.582600 -1.885680
vn -0.839235 -0.185999 0.510969
v 5.789770 0.805110 1.875550
vn -0.881635 -0.431943 -0.190116
v 6.041220 0.818261 -1.446850
vn -0.907512 -0.419820 0.013140
v 4.617100 0.027192 -1.797170
vn 0.000563 -0.499620 0.866244
v 3.686340 0.362278 -1.797170
vn -0.402232 0.003017 0.915533
v 4.617100 0.697364 -1.797180
vn 0.003190 0.499568 0.866269
v 5.547850 0.362278 -1.797170
vn 0.405365 -0.005471 0.914138
v 3.193110 -0.435443 -1.446840
vn 0.710301 0.691983 0.128964
v 3.179500 -0.180965 -1.885670
vn 0.767492 0.282573 0.575420
v 3.446380 -0.435430 1.821520
vn 0.713663 0.686411 -0.139730
v 3.128650 -0.206878 0.162744
vn 0.929012 0.361768 -0.077847
v 3.614930 -0.197849 2.924360
vn 0.902411 0.292364 -0.316509
v 2.990580 0.046297 -1.456550
vn 0.987393 0.020445 0.156965
v 3.177720 0.582600 -1.885680
vn 0.887063 -0.226979 0.401996
v 3.377760 0.345646 -2.137030
vn 0.032487 -0.058093 0.997782
v 3.274090 0.029543 1.892710
vn 0.979955 0.023150 -0.197868
v 3.118720 0.281808 0.162742
vn 0.979678 -0.185645 -0.075937
v 3.614830 0.265950 2.941510
vn 0.916792 -0.177154 -0.357923
v 3.192970 0.818261 -1.446850
vn 0.874696 -0.484662 0.003058
v 3.444420 0.805110 1.875550
vn 0.899131 -0.396388 -0.185579
v 3.605690 -0.054805 -1.981660
vn -0.454209 -0.565511 0.688398
v 5.628500 -0.054805 -1.981660
vn 0.401739 -0.573620 0.713839
v 5.631200 0.779359 -1.981670
vn 0.465025 0.586102 0.663503
v 3.603000 0.779359 -1.981670
vn -0.406927 0.575047 0.709740
v 4.617100 -0.441796 2.958660
vn -0.002661 0.975686 -0.219156
v 4.617100 -0.679980 0.162746
vn -0.002251 0.999997 -0.000464
v 4.617100 -0.441815 -1.895380
vn 0.004601 0.817571 0.575809
v 4.617100 0.807421 2.958660
vn -0.001079 -0.890450 -0.455080
v 4.617100 1.362730 0.162738
vn 0.003982 -0.999936 -0.010635
v 4.617100 1.145460 -1.895390
vn -0.004969 -0.840374 0.541984
v 4.617100 0.024243 3.987720
vn -0.000400 0.018930 -0.999821
v 5.617510 -0.363488 2.615640
vn -0.713744 0.644898 -0.273269
v 5.926810 -0.443429 0.162745
vn -0.692496 0.719368 -0.054392
v 5.988870 -0.363505 -1.798290
vn -0.630515 0.663742 0.402365
v 5.619460 0.026961 2.958660
vn -0.935520 0.039864 -0.351018
v 6.125410 0.029672 0.162743
vn -0.996398 0.014963 -0.083464
v 6.062930 0.195971 -1.895380
vn -0.822918 0.030646 0.567334
v 5.617510 0.627024 2.615640
vn -0.851429 -0.410226 -0.326777
v 5.926810 0.814476 0.162740
vn -0.904718 -0.420223 -0.069992
v 5.990240 0.852378 -1.798300
vn -0.855072 -0.418796 0.305715
v 4.617100 0.362278 -1.776680
vn 0.003327 -0.000026 0.999994
v 3.245320 -0.363505 -1.798290
vn 0.619215 0.625038 0.475290
v 3.307380 -0.443429 0.162745
vn 0.708311 0.703565 -0.057372
v 3.616680 -0.363488 2.615640
vn 0.721034 0.646937 -0.248160
v 3.171270 0.195971 -1.895380
vn 0.861145 -0.021208 0.507916
v 3.108790 0.029672 0.162743
vn 0.996354 0.027841 -0.080650
v 3.614740 0.026961 2.958660
vn 0.937705 0.013696 -0.347163
v 3.243950 0.852378 -1.798300
vn 0.846135 -0.482117 0.227198
v 3.307380 0.814476 0.162740
vn 0.901066 -0.428036 -0.069753
v 3.616680 0.627024 2.615640
vn 0.860405 -0.379208 -0.340448
v 4.617100 -0.101147 -1.981660
vn 0.000975 -0.813715 0.581263
v 4.617100 0.825702 -1.981670
vn -0.000344 0.828963 0.559303
v 5.742380 0.362277 -1.981670
vn 0.742858 0.011955 0.669342
v 3.491820 0.362277 -1.981670
vn -0.739971 -0.014122 0.672491
vt 0.042234 0.071510
vt 0.031375 0.080104
vt 0.031375 0.233625
f 9/1/9 25/2/25 23/3/23
vt 0.042234 0.071510
vt 0.061161 0.201208
vt 0.099014 0.286159
f 9/4/9 131/5/131 18/6/18
vt 0.042234 0.071510
vt 0.036805 0.157721
vt 0.042909 0.160805
f 9/7/9 137/8/137 81/9/81
vt 0.042363 0.071510
vt 0.061289 0.201208
vt 0.043038 0.160813
f 10/10/10 123/11/123 62/12/62
vt 0.042363 0.071510
vt 0.036933 0.157876
vt 0.031504 0.233625
f 10/13/10 138/14/138 24/15/24
vt 0.099142 0.286159
vt 0.061289 0.201208
vt 0.042363 0.071510
f 11/16/11 123/17/123 10/18/10
vt 0.108881 0.412052
vt 0.070399 0.267647
vt 0.099142 0.286159
f 12/19/12 61/20/61 11/21/11
vt 0.108881 0.412052
vt 0.075528 0.460915
vt 0.070399 0.267647
f 12/22/12 63/23/63 61/24/61
vt 0.112954 0.729836
vt 0.075528 0.460915
vt 0.108881 0.412052
f 13/25/13 63/26/63 12/27/12
vt 0.112954 0.729836
vt 0.077586 0.728462
vt 0.075528 0.460915
f 13/28/13 65/29/65 63/30/63
vt 0.112825 0.729836
vt 0.075446 0.460919
vt 0.077500 0.728483
f 16/31/16 77/32/77 74/33/74
vt 0.108752 0.412052
vt 0.075446 0.460919
vt 0.112825 0.729836
f 17/34/17 77/35/77 16/36/16
vt 0.108752 0.412052
vt 0.070274 0.267629
vt 0.075446 0.460919
f 17/37/17 79/38/79 77/39/77
vt 0.099014 0.286159
vt 0.070274 0.267629
vt 0.108752 0.412052
f 18/40/18 79/41/79 17/42/17
vt 0.099014 0.286159
vt 0.061161 0.201208
vt 0.070274 0.267629
f 18/43/18 131/44/131 79/45/79
vt 0.031375 0.233625
vt 0.036805 0.157721
vt 0.042234 0.071510
f 23/46/23 137/47/137 9/48/9
vt 0.031504 0.233625
vt 0.031504 0.080104
vt 0.042363 0.071510
f 24/49/24 26/50/26 10/51/10
vt 0.031504 0.233625
vt 0.008557 0.239790
vt 0.007068 0.233625
f 24/52/24 92/53/92 41/54/41
vt 0.031504 0.233625
vt 0.036187 0.235694
vt 0.008557 0.239790
f 24/55/24 93/56/93 92/57/92
vt 0.031504 0.233625
vt 0.036933 0.157876
vt 0.036187 0.235694
f 24/58/24 138/59/138 93/60/93
vt 0.007068 0.233625
vt 0.008557 0.239790
vt 0.031375 0.233625
f 41/61/41 92/62/92 23/63/23
vt 0.070399 0.267647
vt 0.061289 0.201208
vt 0.099142 0.286159
f 61/64/61 123/65/123 11/66/11
vt 0.043038 0.160813
vt 0.036933 0.157876
vt 0.042363 0.071510
f 62/67/62 138/68/138 10/69/10
vt 0.075528 0.460915
vt 0.073146 0.362701
vt 0.070399 0.267647
f 63/70/63 124/71/124 61/72/61
vt 0.077586 0.728462
vt 0.076209 0.594188
vt 0.075528 0.460915
f 65/73/65 125/74/125 63/75/63
vt 0.075446 0.460919
vt 0.076949 0.594619
vt 0.077500 0.728483
f 77/76/77 129/77/129 74/78/74
vt 0.070274 0.267629
vt 0.073094 0.362351
vt 0.075446 0.460919
f 79/79/79 130/80/130 77/81/77
vt 0.042909 0.160805
vt 0.061161 0.201208
vt 0.042234 0.071510
f 81/82/81 131/83/131 9/84/9
vt 0.008557 0.239790
vt 0.036061 0.235686
vt 0.031375 0.233625
f 92/85/92 95/86/95 23/87/23
vt 0.008557 0.239790
vt 0.021926 0.239790
vt 0.036061 0.235686
f 92/88/92 153/89/153 95/90/95
vt 0.036187 0.235694
vt 0.022001 0.239790
vt 0.008557 0.239790
f 93/91/93 136/92/136 92/93/92
vt 0.036061 0.235686
vt 0.036805 0.157721
vt 0.031375 0.233625
f 95/94/95 137/95/137 23/96/23
vt 0.042392 0.249551
vt 0.045205 0.374537
vt 0.073094 0.362351
vt 0.070274 0.267629
f 1/97/1 80/98/80 130/99/130 79/100/79
vt 0.042392 0.249551
vt 0.039382 0.259772
vt 0.041083 0.375668
vt 0.045205 0.374537
f 1/101/1 101/102/101 140/103/140 80/104/80
vt 0.042392 0.249551
vt 0.024321 0.245432
vt 0.024073 0.246895
vt 0.039382 0.259772
f 1/105/1 104/106/104 141/107/141 101/108/101
vt 0.042514 0.249569
vt 0.043038 0.160813
vt 0.061289 0.201208
vt 0.070399 0.267647
f 2/109/2 62/110/62 123/111/123 61/112/61
vt 0.042514 0.249569
vt 0.036187 0.235694
vt 0.036933 0.157876
vt 0.043038 0.160813
f 2/113/2 93/114/93 138/115/138 62/116/62
vt 0.042514 0.249569
vt 0.024386 0.245432
vt 0.022001 0.239790
vt 0.036187 0.235694
f 2/117/2 94/118/94 136/119/136 93/120/93
vt 0.042514 0.249569
vt 0.039504 0.259774
vt 0.024140 0.246895
vt 0.024386 0.245432
f 2/121/2 105/122/105 155/123/155 94/124/94
vt 0.043147 0.503430
vt 0.045619 0.615532
vt 0.076949 0.594619
vt 0.075446 0.460919
f 3/125/3 78/126/78 129/127/129 77/128/77
vt 0.043147 0.503430
vt 0.039655 0.517876
vt 0.041371 0.617821
vt 0.045619 0.615532
f 3/129/3 110/130/110 144/131/144 78/132/78
vt 0.043147 0.503430
vt 0.024550 0.505830
vt 0.024218 0.506771
vt 0.039655 0.517876
f 3/133/3 113/134/113 145/135/145 110/136/110
vt 0.043240 0.503430
vt 0.045326 0.374574
vt 0.073146 0.362701
vt 0.075528 0.460915
f 4/137/4 64/138/64 124/139/124 63/140/63
vt 0.043240 0.503430
vt 0.039504 0.491587
vt 0.041212 0.375691
vt 0.045326 0.374574
f 4/141/4 97/142/97 142/143/142 64/144/64
vt 0.043240 0.503430
vt 0.024615 0.505830
vt 0.024140 0.504464
vt 0.039504 0.491587
f 4/145/4 98/146/98 139/147/139 97/148/97
vt 0.043240 0.503430
vt 0.039778 0.517884
vt 0.024284 0.506771
vt 0.024615 0.505830
f 4/149/4 114/150/114 157/151/157 98/152/98
vt 0.043576 0.728565
vt 0.044005 0.838006
vt 0.077529 0.838006
vt 0.077500 0.728483
f 5/153/5 75/154/75 128/155/128 74/156/74
vt 0.043576 0.728565
vt 0.024608 0.740564
vt 0.024651 0.838006
vt 0.044005 0.838006
f 5/157/5 117/158/117 149/159/149 75/160/75
vt 0.043665 0.728550
vt 0.044128 0.838006
vt 0.024716 0.838006
vt 0.024672 0.740564
f 6/161/6 59/162/59 122/163/122 58/164/58
vt 0.043665 0.728550
vt 0.077586 0.728462
vt 0.077658 0.838006
vt 0.044128 0.838006
f 6/165/6 65/166/65 126/167/126 59/168/59
vt 0.043665 0.728550
vt 0.045661 0.615496
vt 0.076209 0.594188
vt 0.077586 0.728462
f 6/169/6 66/170/66 125/171/125 65/172/65
vt 0.043665 0.728550
vt 0.039778 0.717842
vt 0.041500 0.617898
vt 0.045661 0.615496
f 6/173/6 107/174/107 146/175/146 66/176/66
vt 0.043378 0.938097
vt 0.076362 0.938421
vt 0.077529 0.838006
vt 0.044005 0.838006
f 7/177/7 76/178/76 128/179/128 75/180/75
vt 0.043378 0.938097
vt 0.041359 0.970957
vt 0.065860 0.976788
vt 0.076362 0.938421
f 7/181/7 83/182/83 135/183/135 76/184/76
vt 0.043378 0.938097
vt 0.024607 0.941975
vt 0.023778 0.970309
vt 0.041359 0.970957
f 7/185/7 84/186/84 132/187/132 83/188/83
vt 0.042836 0.937533
vt 0.024672 0.941975
vt 0.024716 0.838006
vt 0.044128 0.838006
f 8/189/8 60/190/60 122/191/122 59/192/59
vt 0.042836 0.937533
vt 0.040151 0.969831
vt 0.023845 0.970309
vt 0.024672 0.941975
f 8/193/8 86/194/86 151/195/151 60/196/60
vt 0.042234 0.071510
vt 0.007068 0.071510
vt 0.007068 0.080104
vt 0.031375 0.080104
f 9/197/9 47/198/47 42/199/42 25/200/25
vt 0.112954 0.729836
vt 0.112954 0.838006
vt 0.077658 0.838006
vt 0.077586 0.728462
f 13/201/13 67/202/67 126/203/126 65/204/65
vt 0.112954 0.946177
vt 0.075161 0.937294
vt 0.077658 0.838006
vt 0.112954 0.838006
f 14/205/14 68/206/68 126/207/126 67/208/67
vt 0.112954 0.946177
vt 0.070270 0.969831
vt 0.052685 0.965520
vt 0.075161 0.937294
f 14/209/14 87/210/87 133/211/133 68/212/68
vt 0.112954 0.946177
vt 0.060011 0.946177
vt 0.041562 0.970309
vt 0.070270 0.969831
f 14/213/14 90/214/90 134/215/134 87/216/87
vt 0.112825 0.729836
vt 0.077500 0.728483
vt 0.077529 0.838006
vt 0.112825 0.838006
f 16/217/16 74/218/74 128/219/128 73/220/73
vt 0.038511 0.991656
vt 0.023005 0.992029
vt 0.022980 0.994442
vt 0.039997 0.992677
f 19/221/19 72/222/72 127/223/127 71/224/71
vt 0.038511 0.991656
vt 0.041359 0.970957
vt 0.023778 0.970309
vt 0.023005 0.992029
f 19/225/19 83/226/83 132/227/132 72/228/72
vt 0.037745 0.990905
vt 0.040151 0.969831
vt 0.052685 0.965520
vt 0.038790 0.991550
f 20/229/20 86/230/86 133/231/133 85/232/85
vt 0.037745 0.990905
vt 0.023069 0.992029
vt 0.023845 0.970309
vt 0.040151 0.969831
f 20/233/20 118/234/118 151/235/151 86/236/86
vt 0.039147 0.990905
vt 0.024951 0.992029
vt 0.023044 0.994442
vt 0.038790 0.991550
f 21/237/21 89/238/89 150/239/150 85/240/85
vt 0.039912 0.991656
vt 0.039997 0.992677
vt 0.022980 0.994442
vt 0.024885 0.992029
f 22/241/22 71/242/71 127/243/127 70/244/70
vt 0.039912 0.991656
vt 0.071475 0.970957
vt 0.065860 0.976788
vt 0.039997 0.992677
f 22/245/22 91/246/91 135/247/135 71/248/71
vt 0.031504 0.233625
vt 0.007068 0.233625
vt 0.007068 0.080104
vt 0.031504 0.080104
f 24/249/24 41/250/41 42/251/42 26/252/26
vt 0.031375 0.080104
vt 0.007068 0.080104
vt 0.007068 0.233625
vt 0.031375 0.233625
f 25/253/25 42/254/42 41/255/41 23/256/23
vt 0.031504 0.080104
vt 0.007068 0.080104
vt 0.007068 0.071510
vt 0.042363 0.071510
f 26/257/26 42/258/42 47/259/47 10/260/10
vt 0.037856 0.264801
vt 0.023557 0.260501
vt 0.023500 0.375440
vt 0.038403 0.375463
f 27/261/27 103/262/103 147/263/147 99/264/99
vt 0.037976 0.264803
vt 0.038526 0.375465
vt 0.023564 0.375440
vt 0.023622 0.260501
f 28/265/28 51/266/51 120/267/120 50/268/50
vt 0.037976 0.264803
vt 0.039504 0.259774
vt 0.041212 0.375691
vt 0.038526 0.375465
f 28/269/28 105/270/105 142/271/142 51/272/51
vt 0.037856 0.486141
vt 0.039382 0.491585
vt 0.041083 0.375668
vt 0.038403 0.375463
f 29/273/29 100/274/100 140/275/140 99/276/99
vt 0.037856 0.486141
vt 0.023557 0.490427
vt 0.024073 0.504464
vt 0.039382 0.491585
f 29/277/29 115/278/115 154/279/154 100/280/100
vt 0.037976 0.486143
vt 0.023622 0.490427
vt 0.023564 0.375440
vt 0.038526 0.375465
f 30/281/30 52/282/52 120/283/120 51/284/51
vt 0.037976 0.486143
vt 0.039504 0.491587
vt 0.024140 0.504464
vt 0.023622 0.490427
f 30/285/30 97/286/97 139/287/139 52/288/52
vt 0.038364 0.522291
vt 0.023831 0.518591
vt 0.023788 0.617859
vt 0.038922 0.617856
f 31/289/31 112/290/112 148/291/148 108/292/108
vt 0.038484 0.522296
vt 0.039044 0.617863
vt 0.023852 0.617859
vt 0.023895 0.518591
f 32/293/32 55/294/55 121/295/121 54/296/54
vt 0.038484 0.522296
vt 0.039778 0.517884
vt 0.041500 0.617898
vt 0.039044 0.617863
f 32/297/32 114/298/114 146/299/146 55/300/55
vt 0.038364 0.713423
vt 0.039655 0.717835
vt 0.041371 0.617821
vt 0.038922 0.617856
f 33/301/33 109/302/109 144/303/144 108/304/108
vt 0.038364 0.713423
vt 0.023831 0.717128
vt 0.024218 0.728947
vt 0.039655 0.717835
f 33/305/33 116/306/116 156/307/156 109/308/109
vt 0.038484 0.713428
vt 0.023895 0.717128
vt 0.023852 0.617859
vt 0.039044 0.617863
f 34/309/34 56/310/56 121/311/121 55/312/55
vt 0.038484 0.713428
vt 0.039778 0.717842
vt 0.024284 0.728947
vt 0.023895 0.717128
f 34/313/34 107/314/107 143/315/143 56/316/56
vt 0.010418 0.490427
vt 0.023557 0.490427
vt 0.023500 0.375440
vt 0.010361 0.375440
f 35/317/35 115/318/115 147/319/147 49/320/49
vt 0.010418 0.260501
vt 0.023622 0.260501
vt 0.023564 0.375440
vt 0.010361 0.375440
f 36/321/36 50/322/50 120/323/120 49/324/49
vt 0.010418 0.260501
vt 0.010476 0.246895
vt 0.024140 0.246895
vt 0.023622 0.260501
f 36/325/36 102/326/102 155/327/155 50/328/50
vt 0.010418 0.260501
vt 0.023557 0.260501
vt 0.024073 0.246895
vt 0.010476 0.246895
f 36/329/36 103/330/103 141/331/141 102/332/102
vt 0.010461 0.717128
vt 0.023831 0.717128
vt 0.023788 0.617859
vt 0.010418 0.617859
f 37/333/37 116/334/116 148/335/148 53/336/53
vt 0.010461 0.518591
vt 0.023895 0.518591
vt 0.023852 0.617859
vt 0.010418 0.617859
f 38/337/38 54/338/54 121/339/121 53/340/53
vt 0.010461 0.518591
vt 0.010505 0.506771
vt 0.024284 0.506771
vt 0.023895 0.518591
f 38/341/38 111/342/111 157/343/157 54/344/54
vt 0.010461 0.518591
vt 0.023831 0.518591
vt 0.024218 0.506771
vt 0.010505 0.506771
f 38/345/38 112/346/112 145/347/145 111/348/111
vt 0.007068 0.946177
vt 0.024607 0.941975
vt 0.024651 0.838006
vt 0.008829 0.838006
f 39/349/39 84/350/84 149/351/149 57/352/57
vt 0.010548 0.740564
vt 0.024672 0.740564
vt 0.024716 0.838006
vt 0.008829 0.838006
f 40/353/40 58/354/58 122/355/122 57/356/57
vt 0.010548 0.740564
vt 0.010505 0.728947
vt 0.024284 0.728947
vt 0.024672 0.740564
f 40/357/40 106/358/106 143/359/143 58/360/58
vt 0.010548 0.740564
vt 0.024608 0.740564
vt 0.024218 0.728947
vt 0.010505 0.728947
f 40/361/40 117/362/117 156/363/156 106/364/106
vt 0.010337 0.992029
vt 0.023069 0.992029
vt 0.023044 0.994442
vt 0.010257 0.994442
f 43/365/43 118/366/118 150/367/150 69/368/69
vt 0.012107 0.992029
vt 0.024885 0.992029
vt 0.022980 0.994442
vt 0.010257 0.994442
f 44/369/44 70/370/70 127/371/127 69/372/69
vt 0.012107 0.992029
vt 0.010513 0.970309
vt 0.041475 0.970309
vt 0.024885 0.992029
f 44/373/44 88/374/88 152/375/152 70/376/70
vt 0.012107 0.992029
vt 0.024951 0.992029
vt 0.041562 0.970309
vt 0.010513 0.970309
f 44/377/44 89/378/89 134/379/134 88/380/88
vt 0.007068 0.946177
vt 0.059946 0.946177
vt 0.041475 0.970309
vt 0.010513 0.970309
f 45/381/45 119/382/119 152/383/152 88/384/88
vt 0.010261 0.245432
vt 0.024321 0.245432
vt 0.021926 0.239790
vt 0.008557 0.239790
f 46/385/46 104/386/104 153/387/153 92/388/92
vt 0.010490 0.505830
vt 0.024550 0.505830
vt 0.024073 0.504464
vt 0.010476 0.504464
f 48/389/48 113/390/113 154/391/154 96/392/96
vt 0.010361 0.375440
vt 0.023564 0.375440
vt 0.023622 0.490427
vt 0.010418 0.490427
f 49/393/49 120/394/120 52/395/52 35/396/35
vt 0.010361 0.375440
vt 0.023500 0.375440
vt 0.023557 0.260501
vt 0.010418 0.260501
f 49/397/49 147/398/147 103/399/103 36/400/36
vt 0.023622 0.260501
vt 0.024140 0.246895
vt 0.039504 0.259774
vt 0.037976 0.264803
f 50/401/50 155/402/155 105/403/105 28/404/28
vt 0.038526 0.375465
vt 0.041212 0.375691
vt 0.039504 0.491587
vt 0.037976 0.486143
f 51/405/51 142/406/142 97/407/97 30/408/30
vt 0.023622 0.490427
vt 0.024140 0.504464
vt 0.010476 0.504464
vt 0.010418 0.490427
f 52/409/52 139/410/139 96/411/96 35/412/35
vt 0.010418 0.617859
vt 0.023852 0.617859
vt 0.023895 0.717128
vt 0.010461 0.717128
f 53/413/53 121/414/121 56/415/56 37/416/37
vt 0.010418 0.617859
vt 0.023788 0.617859
vt 0.023831 0.518591
vt 0.010461 0.518591
f 53/417/53 148/418/148 112/419/112 38/420/38
vt 0.023895 0.518591
vt 0.024284 0.506771
vt 0.039778 0.517884
vt 0.038484 0.522296
f 54/421/54 157/422/157 114/423/114 32/424/32
vt 0.039044 0.617863
vt 0.041500 0.617898
vt 0.039778 0.717842
vt 0.038484 0.713428
f 55/425/55 146/426/146 107/427/107 34/428/34
vt 0.023895 0.717128
vt 0.024284 0.728947
vt 0.010505 0.728947
vt 0.010461 0.717128
f 56/429/56 143/430/143 106/431/106 37/432/37
vt 0.008829 0.838006
vt 0.024716 0.838006
vt 0.024672 0.941975
vt 0.007068 0.946177
f 57/433/57 122/434/122 60/435/60 39/436/39
vt 0.008829 0.838006
vt 0.024651 0.838006
vt 0.024608 0.740564
vt 0.010548 0.740564
f 57/437/57 149/438/149 117/439/117 40/440/40
vt 0.024672 0.740564
vt 0.024284 0.728947
vt 0.039778 0.717842
vt 0.043665 0.728550
f 58/441/58 143/442/143 107/443/107 6/444/6
vt 0.044128 0.838006
vt 0.077658 0.838006
vt 0.075161 0.937294
vt 0.042836 0.937533
f 59/445/59 126/446/126 68/447/68 8/448/8
vt 0.024672 0.941975
vt 0.023845 0.970309
vt 0.008742 0.970309
vt 0.007068 0.946177
f 60/449/60 151/450/151 82/451/82 39/452/39
vt 0.070399 0.267647
vt 0.073146 0.362701
vt 0.045326 0.374574
vt 0.042514 0.249569
f 61/453/61 124/454/124 64/455/64 2/456/2
vt 0.075528 0.460915
vt 0.076209 0.594188
vt 0.045661 0.615496
vt 0.043240 0.503430
f 63/457/63 125/458/125 66/459/66 4/460/4
vt 0.045326 0.374574
vt 0.041212 0.375691
vt 0.039504 0.259774
vt 0.042514 0.249569
f 64/461/64 142/462/142 105/463/105 2/464/2
vt 0.045661 0.615496
vt 0.041500 0.617898
vt 0.039778 0.517884
vt 0.043240 0.503430
f 66/465/66 146/466/146 114/467/114 4/468/4
vt 0.075161 0.937294
vt 0.052685 0.965520
vt 0.040151 0.969831
vt 0.042836 0.937533
f 68/469/68 133/470/133 86/471/86 8/472/8
vt 0.010257 0.994442
vt 0.022980 0.994442
vt 0.023005 0.992029
vt 0.010337 0.992029
f 69/473/69 127/474/127 72/475/72 43/476/43
vt 0.010257 0.994442
vt 0.023044 0.994442
vt 0.024951 0.992029
vt 0.012107 0.992029
f 69/477/69 150/478/150 89/479/89 44/480/44
vt 0.024885 0.992029
vt 0.041475 0.970309
vt 0.071475 0.970957
vt 0.039912 0.991656
f 70/481/70 152/482/152 91/483/91 22/484/22
vt 0.039997 0.992677
vt 0.065860 0.976788
vt 0.041359 0.970957
vt 0.038511 0.991656
f 71/485/71 135/486/135 83/487/83 19/488/19
vt 0.023005 0.992029
vt 0.023778 0.970309
vt 0.008742 0.970309
vt 0.010337 0.992029
f 72/489/72 132/490/132 82/491/82 43/492/43
vt 0.112825 0.838006
vt 0.077529 0.838006
vt 0.076362 0.938421
vt 0.112825 0.946177
f 73/493/73 128/494/128 76/495/76 15/496/15
vt 0.077500 0.728483
vt 0.076949 0.594619
vt 0.045619 0.615532
vt 0.043576 0.728565
f 74/497/74 129/498/129 78/499/78 5/500/5
vt 0.044005 0.838006
vt 0.024651 0.838006
vt 0.024607 0.941975
vt 0.043378 0.938097
f 75/501/75 149/502/149 84/503/84 7/504/7
vt 0.076362 0.938421
vt 0.065860 0.976788
vt 0.071475 0.970957
vt 0.112825 0.946177
f 76/505/76 135/506/135 91/507/91 15/508/15
vt 0.075446 0.460919
vt 0.073094 0.362351
vt 0.045205 0.374537
vt 0.043147 0.503430
f 77/509/77 130/510/130 80/511/80 3/512/3
vt 0.045619 0.615532
vt 0.041371 0.617821
vt 0.039655 0.717835
vt 0.043576 0.728565
f 78/513/78 144/514/144 109/515/109 5/516/5
vt 0.070274 0.267629
vt 0.061161 0.201208
vt 0.042909 0.160805
vt 0.042392 0.249551
f 79/517/79 131/518/131 81/519/81 1/520/1
vt 0.045205 0.374537
vt 0.041083 0.375668
vt 0.039382 0.491585
vt 0.043147 0.503430
f 80/521/80 140/522/140 100/523/100 3/524/3
vt 0.042909 0.160805
vt 0.036805 0.157721
vt 0.036061 0.235686
vt 0.042392 0.249551
f 81/525/81 137/526/137 95/527/95 1/528/1
vt 0.008742 0.970309
vt 0.023778 0.970309
vt 0.024607 0.941975
vt 0.007068 0.946177
f 82/529/82 132/530/132 84/531/84 39/532/39
vt 0.008742 0.970309
vt 0.023845 0.970309
vt 0.023069 0.992029
vt 0.010337 0.992029
f 82/533/82 151/534/151 118/535/118 43/536/43
vt 0.038790 0.991550
vt 0.052685 0.965520
vt 0.070270 0.969831
vt 0.039147 0.990905
f 85/537/85 133/538/133 87/539/87 21/540/21
vt 0.038790 0.991550
vt 0.023044 0.994442
vt 0.023069 0.992029
vt 0.037745 0.990905
f 85/541/85 150/542/150 118/543/118 20/544/20
vt 0.070270 0.969831
vt 0.041562 0.970309
vt 0.024951 0.992029
vt 0.039147 0.990905
f 87/545/87 134/546/134 89/547/89 21/548/21
vt 0.010513 0.970309
vt 0.041562 0.970309
vt 0.060011 0.946177
vt 0.007068 0.946177
f 88/549/88 134/550/134 90/551/90 45/552/45
vt 0.071475 0.970957
vt 0.041475 0.970309
vt 0.059946 0.946177
vt 0.112825 0.946177
f 91/553/91 152/554/152 119/555/119 15/556/15
vt 0.008557 0.239790
vt 0.022001 0.239790
vt 0.024386 0.245432
vt 0.010261 0.245432
f 92/557/92 136/558/136 94/559/94 46/560/46
vt 0.024386 0.245432
vt 0.024140 0.246895
vt 0.010476 0.246895
vt 0.010261 0.245432
f 94/561/94 155/562/155 102/563/102 46/564/46
vt 0.036061 0.235686
vt 0.021926 0.239790
vt 0.024321 0.245432
vt 0.042392 0.249551
f 95/565/95 153/566/153 104/567/104 1/568/1
vt 0.010476 0.504464
vt 0.024140 0.504464
vt 0.024615 0.505830
vt 0.010490 0.505830
f 96/569/96 139/570/139 98/571/98 48/572/48
vt 0.010476 0.504464
vt 0.024073 0.504464
vt 0.023557 0.490427
vt 0.010418 0.490427
f 96/573/96 154/574/154 115/575/115 35/576/35
vt 0.024615 0.505830
vt 0.024284 0.506771
vt 0.010505 0.506771
vt 0.010490 0.505830
f 98/577/98 157/578/157 111/579/111 48/580/48
vt 0.038403 0.375463
vt 0.041083 0.375668
vt 0.039382 0.259772
vt 0.037856 0.264801
f 99/581/99 140/582/140 101/583/101 27/584/27
vt 0.038403 0.375463
vt 0.023500 0.375440
vt 0.023557 0.490427
vt 0.037856 0.486141
f 99/585/99 147/586/147 115/587/115 29/588/29
vt 0.039382 0.491585
vt 0.024073 0.504464
vt 0.024550 0.505830
vt 0.043147 0.503430
f 100/589/100 154/590/154 113/591/113 3/592/3
vt 0.039382 0.259772
vt 0.024073 0.246895
vt 0.023557 0.260501
vt 0.037856 0.264801
f 101/593/101 141/594/141 103/595/103 27/596/27
vt 0.010476 0.246895
vt 0.024073 0.246895
vt 0.024321 0.245432
vt 0.010261 0.245432
f 102/597/102 141/598/141 104/599/104 46/600/46
vt 0.010505 0.728947
vt 0.024218 0.728947
vt 0.023831 0.717128
vt 0.010461 0.717128
f 106/601/106 156/602/156 116/603/116 37/604/37
vt 0.038922 0.617856
vt 0.041371 0.617821
vt 0.039655 0.517876
vt 0.038364 0.522291
f 108/605/108 144/606/144 110/607/110 31/608/31
vt 0.038922 0.617856
vt 0.023788 0.617859
vt 0.023831 0.717128
vt 0.038364 0.713423
f 108/609/108 148/610/148 116/611/116 33/612/33
vt 0.039655 0.717835
vt 0.024218 0.728947
vt 0.024608 0.740564
vt 0.043576 0.728565
f 109/613/109 156/614/156 117/615/117 5/616/5
vt 0.039655 0.517876
vt 0.024218 0.506771
vt 0.023831 0.518591
vt 0.038364 0.522291
f 110/617/110 145/618/145 112/619/112 31/620/31
vt 0.010505 0.506771
vt 0.024218 0.506771
vt 0.024550 0.505830
vt 0.010490 0.505830
f 111/621/111 145/622/145 113/623/113 48/624/48
vt 0.212493 0.803165
vt 0.220707 0.886515
vt 0.312411 0.917308
vt 0.314677 0.838747
f 158/625/158 176/626/176 184/627/184 175/628/175
vt 0.416861 0.874330
vt 0.314677 0.838747
vt 0.312411 0.917308
vt 0.417028 0.903788
f 159/629/159 175/630/175 184/631/184 174/632/174
vt 0.838969 0.981377
vt 0.827893 0.987077
vt 0.729105 0.987077
vt 0.729105 0.981377
f 159/633/159 181/634/181 186/635/186 175/636/175
vt 0.417195 0.933246
vt 0.417028 0.903788
vt 0.312411 0.917308
vt 0.350107 0.963793
f 160/637/160 174/638/174 184/639/184 173/640/173
vt 0.837184 0.981377
vt 0.830224 0.987077
vt 0.838077 0.987077
vt 0.838077 0.981377
f 160/641/160 182/642/182 188/643/188 174/644/174
vt 0.696186 0.981377
vt 0.700648 0.987077
vt 0.766685 0.987077
vt 0.766685 0.981377
f 161/645/161 178/646/178 187/647/187 173/648/173
vt 0.228922 0.969865
vt 0.255971 0.982103
vt 0.312411 0.917308
vt 0.220707 0.886515
f 162/649/162 177/650/177 184/651/184 176/652/176
vt 0.644427 0.981377
vt 0.644427 0.987077
vt 0.670307 0.987077
vt 0.670307 0.981377
f 162/653/162 179/654/179 185/655/185 177/656/177
vt 0.212493 0.803165
vt 0.314677 0.838747
vt 0.312411 0.917308
vt 0.220707 0.886515
f 163/657/163 170/658/170 183/659/183 169/660/169
vt 0.619241 0.992777
vt 0.619241 0.987077
vt 0.729105 0.987077
vt 0.729105 0.992777
f 163/661/163 180/662/180 186/663/186 170/664/170
vt 0.416861 0.874330
vt 0.417028 0.903788
vt 0.312411 0.917308
vt 0.314677 0.838747
f 164/665/164 171/666/171 183/667/183 170/668/170
vt 0.838969 0.992777
vt 0.827893 0.987077
vt 0.838077 0.987077
vt 0.838077 0.992777
f 164/669/164 181/670/181 188/671/188 171/672/171
vt 0.417195 0.933246
vt 0.350107 0.963793
vt 0.312411 0.917308
vt 0.417028 0.903788
f 165/673/165 172/674/172 183/675/183 171/676/171
vt 0.837184 0.992777
vt 0.830224 0.987077
vt 0.766685 0.987077
vt 0.766685 0.992777
f 165/677/165 182/678/182 187/679/187 172/680/172
vt 0.696186 0.992777
vt 0.700648 0.987077
vt 0.670307 0.987077
vt 0.670307 0.992777
f 166/681/166 178/682/178 185/683/185 168/684/168
vt 0.228922 0.969865
vt 0.220707 0.886515
vt 0.312411 0.917308
vt 0.255971 0.982103
f 167/685/167 169/686/169 183/687/183 168/688/168
vt 0.255971 0.982103
vt 0.312411 0.917308
vt 0.350107 0.963793
vt 0.283019 0.994340
f 168/689/168 183/690/183 172/691/172 166/692/166
vt 0.670307 0.992777
vt 0.670307 0.987077
vt 0.644427 0.987077
vt 0.644427 0.992777
f 168/693/168 185/694/185 179/695/179 167/696/167
vt 0.729105 0.992777
vt 0.729105 0.987077
vt 0.827893 0.987077
vt 0.838969 0.992777
f 170/697/170 186/698/186 181/699/181 164/700/164
vt 0.838077 0.992777
vt 0.838077 0.987077
vt 0.830224 0.987077
vt 0.837184 0.992777
f 171/701/171 188/702/188 182/703/182 165/704/165
vt 0.766685 0.992777
vt 0.766685 0.987077
vt 0.700648 0.987077
vt 0.696186 0.992777
f 172/705/172 187/706/187 178/707/178 166/708/166
vt 0.350107 0.963793
vt 0.312411 0.917308
vt 0.255971 0.982103
vt 0.283019 0.994340
f 173/709/173 184/710/184 177/711/177 161/712/161
vt 0.766685 0.981377
vt 0.766685 0.987077
vt 0.830224 0.987077
vt 0.837184 0.981377
f 173/713/173 187/714/187 182/715/182 160/716/160
vt 0.838077 0.981377
vt 0.838077 0.987077
vt 0.827893 0.987077
vt 0.838969 0.981377
f 174/717/174 188/718/188 181/719/181 159/720/159
vt 0.729105 0.981377
vt 0.729105 0.987077
vt 0.619241 0.987077
vt 0.619241 0.981377
f 175/721/175 186/722/186 180/723/180 158/724/158
vt 0.670307 0.981377
vt 0.670307 0.987077
vt 0.700648 0.987077
vt 0.696186 0.981377
f 177/725/177 185/726/185 178/727/178 161/728/161
vt 0.592695 0.981377
vt 0.603278 0.987077
vt 0.560714 0.987077
vt 0.560714 0.981377
f 189/729/189 216/730/216 226/731/226 208/732/208
vt 0.868317 0.981377
vt 0.868317 0.987077
vt 0.730506 0.987077
vt 0.730506 0.981377
f 190/733/190 217/734/217 224/735/224 211/736/211
vt 0.209963 0.778783
vt 0.328662 0.786312
vt 0.181189 0.633347
vt 0.164786 0.852157
f 192/737/192 213/738/213 222/739/222 210/740/210
vt 0.621497 0.981377
vt 0.629705 0.987077
vt 0.749046 0.987077
vt 0.749046 0.981377
f 192/741/192 215/742/215 223/743/223 213/744/213
vt 0.118048 0.343239
vt 0.118829 0.634385
vt 0.181189 0.633347
vt 0.150304 0.411037
f 193/745/193 209/746/209 222/747/222 208/748/208
vt 0.119610 0.925531
vt 0.164786 0.852157
vt 0.181189 0.633347
vt 0.118829 0.634385
f 194/749/194 210/750/210 222/751/222 209/752/209
vt 0.530566 0.981377
vt 0.530566 0.987077
vt 0.576032 0.987077
vt 0.576032 0.981377
f 194/753/194 218/754/218 225/755/225 210/756/210
vt 0.592695 0.992777
vt 0.603278 0.987077
vt 0.730506 0.987077
vt 0.730506 0.992777
f 195/757/195 216/758/216 224/759/224 201/760/201
vt 0.437448 0.613604
vt 0.442404 0.703723
vt 0.319793 0.665365
vt 0.310004 0.546220
f 196/761/196 202/762/202 220/763/220 201/764/201
vt 0.447361 0.793842
vt 0.328662 0.786312
vt 0.319793 0.665365
vt 0.442404 0.703723
f 197/765/197 203/766/203 220/767/220 202/768/202
vt 0.876595 0.992777
vt 0.876595 0.987077
vt 0.749046 0.987077
vt 0.749046 0.992777
f 197/769/197 214/770/214 223/771/223 203/772/203
vt 0.209963 0.778783
vt 0.204716 0.632728
vt 0.319793 0.665365
vt 0.328662 0.786312
f 198/773/198 204/774/204 220/775/220 203/776/203
vt 0.209963 0.778783
vt 0.164786 0.852157
vt 0.157280 0.631435
vt 0.204716 0.632728
f 198/777/198 206/778/206 221/779/221 204/780/204
vt 0.621497 0.992777
vt 0.629705 0.987077
vt 0.576032 0.987077
vt 0.576032 0.992777
f 198/781/198 215/782/215 225/783/225 206/784/206
vt 0.528733 0.992777
vt 0.528733 0.987077
vt 0.560714 0.987077
vt 0.560714 0.992777
f 199/785/199 219/786/219 226/787/226 205/788/205
vt 0.119610 0.925531
vt 0.118829 0.634385
vt 0.157280 0.631435
vt 0.164786 0.852157
f 200/789/200 207/790/207 221/791/221 206/792/206
vt 0.310004 0.546220
vt 0.319793 0.665365
vt 0.204716 0.632728
vt 0.182559 0.478836
f 201/793/201 220/794/220 204/795/204 195/796/195
vt 0.730506 0.992777
vt 0.730506 0.987077
vt 0.868317 0.987077
vt 0.868317 0.992777
f 201/797/201 224/798/224 217/799/217 196/800/196
vt 0.749046 0.992777
vt 0.749046 0.987077
vt 0.629705 0.987077
vt 0.621497 0.992777
f 203/801/203 223/802/223 215/803/215 198/804/198
vt 0.204716 0.632728
vt 0.157280 0.631435
vt 0.150304 0.411037
vt 0.182559 0.478836
f 204/805/204 221/806/221 205/807/205 195/808/195
vt 0.150304 0.411037
vt 0.157280 0.631435
vt 0.118829 0.634385
vt 0.118048 0.343239
f 205/809/205 221/810/221 207/811/207 199/812/199
vt 0.560714 0.992777
vt 0.560714 0.987077
vt 0.603278 0.987077
vt 0.592695 0.992777
f 205/813/205 226/814/226 216/815/216 195/816/195
vt 0.576032 0.992777
vt 0.576032 0.987077
vt 0.530566 0.987077
vt 0.530566 0.992777
f 206/817/206 225/818/225 218/819/218 200/820/200
vt 0.150304 0.411037
vt 0.181189 0.633347
vt 0.310004 0.546220
vt 0.182559 0.478836
f 208/821/208 222/822/222 211/823/211 189/824/189
vt 0.560714 0.981377
vt 0.560714 0.987077
vt 0.528733 0.987077
vt 0.528733 0.981377
f 208/825/208 226/826/226 219/827/219 193/828/193
vt 0.576032 0.981377
vt 0.576032 0.987077
vt 0.629705 0.987077
vt 0.621497 0.981377
f 210/829/210 225/830/225 215/831/215 192/832/192
vt 0.310004 0.546220
vt 0.181189 0.633347
vt 0.442404 0.703723
vt 0.437448 0.613604
f 211/833/211 222/834/222 212/835/212 190/836/190
vt 0.730506 0.981377
vt 0.730506 0.987077
vt 0.603278 0.987077
vt 0.592695 0.981377
f 211/837/211 224/838/224 216/839/216 189/840/189
vt 0.442404 0.703723
vt 0.181189 0.633347
vt 0.328662 0.786312
vt 0.447361 0.793842
f 212/841/212 222/842/222 213/843/213 191/844/191
vt 0.749046 0.981377
vt 0.749046 0.987077
vt 0.876595 0.987077
vt 0.876595 0.981377
f 213/845/213 223/846/223 214/847/214 191/848/191
vt 0.505251 0.590086
vt 0.487608 0.632102
vt 0.487689 0.646646
vt 0.498864 0.632102
f 227/849/227 298/850/298 330/851/330 255/852/255
vt 0.562914 0.590086
vt 0.534082 0.586854
vt 0.534082 0.630486
vt 0.569301 0.632102
f 228/853/228 258/854/258 311/855/311 257/856/257
vt 0.562914 0.590086
vt 0.562919 0.586854
vt 0.534082 0.582006
vt 0.534082 0.586854
f 228/857/228 275/858/275 317/859/317 258/860/258
vt 0.562914 0.590086
vt 0.580557 0.632102
vt 0.580566 0.630486
vt 0.562919 0.586854
f 228/861/228 278/862/278 321/863/321 275/864/275
vt 0.491783 0.683251
vt 0.534082 0.682441
vt 0.534082 0.630486
vt 0.498864 0.632102
f 229/865/229 256/866/256 311/867/311 255/868/255
vt 0.491783 0.683251
vt 0.486840 0.762207
vt 0.534082 0.762203
vt 0.534082 0.682441
f 229/869/229 259/870/259 312/871/312 256/872/256
vt 0.491783 0.683251
vt 0.479845 0.684061
vt 0.473878 0.762244
vt 0.486840 0.762207
f 229/873/229 296/874/296 329/875/329 259/876/259
vt 0.576436 0.683247
vt 0.569301 0.632102
vt 0.534082 0.630486
vt 0.534082 0.682441
f 230/877/230 257/878/257 311/879/311 256/880/256
vt 0.576436 0.683247
vt 0.588426 0.684053
vt 0.580475 0.646646
vt 0.569301 0.632102
f 230/881/230 277/882/277 318/883/318 257/884/257
vt 0.482418 0.838262
vt 0.534082 0.838489
vt 0.534082 0.762203
vt 0.486840 0.762207
f 231/885/231 260/886/260 312/887/312 259/888/259
vt 0.482418 0.838262
vt 0.482248 0.858705
vt 0.534082 0.859162
vt 0.534082 0.838489
f 231/889/231 262/890/262 313/891/313 260/892/260
vt 0.482418 0.838262
vt 0.468100 0.838036
vt 0.470468 0.854588
vt 0.482248 0.858705
f 231/893/231 294/894/294 328/895/328 262/896/262
vt 0.585800 0.838258
vt 0.581431 0.762199
vt 0.534082 0.762203
vt 0.534082 0.838489
f 232/897/232 261/898/261 312/899/312 260/900/260
vt 0.585800 0.838258
vt 0.600171 0.838027
vt 0.595352 0.762161
vt 0.581431 0.762199
f 232/901/232 279/902/279 319/903/319 261/904/261
vt 0.481296 0.870282
vt 0.534082 0.870546
vt 0.534082 0.859162
vt 0.482248 0.858705
f 233/905/233 263/906/263 313/907/313 262/908/262
vt 0.481296 0.870282
vt 0.487180 0.863227
vt 0.534082 0.863227
vt 0.534082 0.870546
f 233/909/233 307/910/307 337/911/337 263/912/263
vt 0.586870 0.870283
vt 0.585917 0.858705
vt 0.534082 0.859162
vt 0.534082 0.870546
f 234/913/234 264/914/264 313/915/313 263/916/263
vt 0.586870 0.870283
vt 0.600751 0.858706
vt 0.597697 0.854588
vt 0.585917 0.858705
f 234/917/234 281/918/281 320/919/320 264/920/264
vt 0.586870 0.870283
vt 0.591556 0.870547
vt 0.601144 0.859172
vt 0.600751 0.858706
f 234/921/234 286/922/286 323/923/323 281/924/281
vt 0.586870 0.870283
vt 0.580985 0.863227
vt 0.586266 0.863227
vt 0.591556 0.870547
f 234/925/234 308/926/308 339/927/339 286/928/286
vt 0.505251 0.590086
vt 0.505246 0.586854
vt 0.534082 0.582006
vt 0.534082 0.586854
f 235/929/235 276/930/276 317/931/317 265/932/265
vt 0.505251 0.590086
vt 0.487604 0.631294
vt 0.487599 0.630486
vt 0.505246 0.586854
f 235/933/235 304/934/304 333/935/333 276/936/276
vt 0.562914 0.590086
vt 0.569301 0.632102
vt 0.534082 0.630486
vt 0.534082 0.586854
f 236/937/236 266/938/266 314/939/314 265/940/265
vt 0.562914 0.590086
vt 0.580561 0.631294
vt 0.580475 0.646646
vt 0.569301 0.632102
f 236/941/236 283/942/283 324/943/324 266/944/266
vt 0.491715 0.683246
vt 0.498864 0.632102
vt 0.534082 0.630486
vt 0.534082 0.682441
f 237/945/237 268/946/268 314/947/314 267/948/267
vt 0.491715 0.683246
vt 0.479660 0.681508
vt 0.487689 0.646646
vt 0.498864 0.632102
f 237/949/237 306/950/306 336/951/336 268/952/268
vt 0.576368 0.683252
vt 0.534082 0.682441
vt 0.534082 0.630486
vt 0.569301 0.632102
f 238/953/238 267/954/267 314/955/314 266/956/266
vt 0.576368 0.683252
vt 0.581295 0.762209
vt 0.534082 0.762203
vt 0.534082 0.682441
f 238/957/238 269/958/269 315/959/315 267/960/267
vt 0.576368 0.683252
vt 0.588423 0.681515
vt 0.593994 0.762267
vt 0.581295 0.762209
f 238/961/238 288/962/288 325/963/325 269/964/269
vt 0.482347 0.838257
vt 0.486705 0.762197
vt 0.534082 0.762203
vt 0.534082 0.838489
f 239/965/239 271/966/271 315/967/315 270/968/270
vt 0.482347 0.838257
vt 0.467958 0.838025
vt 0.472520 0.762139
vt 0.486705 0.762197
f 239/969/239 305/970/305 335/971/335 271/972/271
vt 0.585735 0.838263
vt 0.534082 0.838489
vt 0.534082 0.762203
vt 0.581295 0.762209
f 240/973/240 270/974/270 315/975/315 269/976/269
vt 0.585735 0.838263
vt 0.586000 0.858705
vt 0.534082 0.859162
vt 0.534082 0.838489
f 240/977/240 272/978/272 316/979/316 270/980/270
vt 0.585735 0.838263
vt 0.600042 0.838038
vt 0.597760 0.854588
vt 0.586000 0.858705
f 240/981/240 289/982/289 326/983/326 272/984/272
vt 0.481141 0.870282
vt 0.482165 0.858705
vt 0.534082 0.859162
vt 0.534082 0.870546
f 241/985/241 274/986/274 316/987/316 273/988/273
vt 0.481141 0.870282
vt 0.467334 0.858704
vt 0.470404 0.854588
vt 0.482165 0.858705
f 241/989/241 300/990/300 334/991/334 274/992/274
vt 0.481141 0.870282
vt 0.476611 0.870546
vt 0.467047 0.859153
vt 0.467334 0.858704
f 241/993/241 301/994/301 331/995/331 300/996/300
vt 0.481141 0.870282
vt 0.487055 0.863227
vt 0.481899 0.863227
vt 0.476611 0.870546
f 241/997/241 310/998/310 340/999/340 301/1000/301
vt 0.587025 0.870283
vt 0.534082 0.870546
vt 0.534082 0.859162
vt 0.586000 0.858705
f 242/1001/242 273/1002/273 316/1003/316 272/1004/272
vt 0.587025 0.870283
vt 0.600833 0.858706
vt 0.601144 0.859172
vt 0.591556 0.870547
f 242/1005/242 287/1006/287 323/1007/323 286/1008/286
vt 0.587025 0.870283
vt 0.581110 0.863227
vt 0.534082 0.863227
vt 0.534082 0.870546
f 242/1009/242 309/1010/309 338/1011/338 273/1012/273
vt 0.595472 0.683247
vt 0.580557 0.632102
vt 0.580475 0.646646
vt 0.588426 0.684053
f 243/1013/243 278/1014/278 318/1015/318 277/1016/277
vt 0.595472 0.683247
vt 0.596363 0.680703
vt 0.580566 0.630486
vt 0.580557 0.632102
f 243/1017/243 282/1018/282 321/1019/321 278/1020/278
vt 0.608905 0.838259
vt 0.603161 0.762199
vt 0.595352 0.762161
vt 0.600171 0.838027
f 244/1021/244 280/1022/280 319/1023/319 279/1024/279
vt 0.608905 0.838259
vt 0.609511 0.838490
vt 0.604028 0.762203
vt 0.603161 0.762199
f 244/1025/244 284/1026/284 322/1027/322 280/1028/280
vt 0.459314 0.838262
vt 0.467417 0.858704
vt 0.470468 0.854588
vt 0.468100 0.838036
f 245/1029/245 295/1030/295 328/1031/328 294/1032/294
vt 0.459314 0.838262
vt 0.458656 0.838488
vt 0.467047 0.859153
vt 0.467417 0.858704
f 245/1033/245 299/1034/299 331/1035/331 295/1036/295
vt 0.472746 0.683251
vt 0.465111 0.762207
vt 0.473878 0.762244
vt 0.479845 0.684061
f 246/1037/246 297/1038/297 329/1039/329 296/1040/296
vt 0.472746 0.683251
vt 0.471802 0.680703
vt 0.464136 0.762203
vt 0.465111 0.762207
f 246/1041/246 302/1042/302 332/1043/332 297/1044/297
vt 0.596814 0.678965
vt 0.580561 0.631294
vt 0.580566 0.630486
vt 0.596363 0.680703
f 247/1045/247 283/1046/283 321/1047/321 282/1048/282
vt 0.596814 0.678965
vt 0.588423 0.681515
vt 0.580475 0.646646
vt 0.580561 0.631294
f 247/1049/247 288/1050/288 324/1051/324 283/1052/283
vt 0.608840 0.838264
vt 0.603527 0.762206
vt 0.604028 0.762203
vt 0.609511 0.838490
f 248/1053/248 285/1054/285 322/1055/322 284/1056/284
vt 0.608840 0.838264
vt 0.600042 0.838038
vt 0.593994 0.762267
vt 0.603527 0.762206
f 248/1057/248 289/1058/289 325/1059/325 285/1060/285
vt 0.459243 0.838257
vt 0.467334 0.858704
vt 0.467047 0.859153
vt 0.458656 0.838488
f 249/1061/249 300/1062/300 331/1063/331 299/1064/299
vt 0.459243 0.838257
vt 0.467958 0.838025
vt 0.470404 0.854588
vt 0.467334 0.858704
f 249/1065/249 305/1066/305 334/1067/334 300/1068/300
vt 0.471350 0.678965
vt 0.464556 0.762200
vt 0.464136 0.762203
vt 0.471802 0.680703
f 250/1069/250 303/1070/303 332/1071/332 302/1072/302
vt 0.471350 0.678965
vt 0.479660 0.681508
vt 0.472520 0.762139
vt 0.464556 0.762200
f 250/1073/250 306/1074/306 335/1075/335 303/1076/303
vt 0.492708 0.854858
vt 0.490920 0.854536
vt 0.534082 0.853570
vt 0.534082 0.854536
f 251/1077/251 291/1078/291 327/1079/327 290/1080/290
vt 0.492708 0.854858
vt 0.487180 0.863227
vt 0.481899 0.863227
vt 0.490920 0.854536
f 251/1081/251 307/1082/307 340/1083/340 291/1084/291
vt 0.575457 0.854858
vt 0.580985 0.863227
vt 0.534082 0.863227
vt 0.534082 0.854536
f 252/1085/252 308/1086/308 337/1087/337 290/1088/290
vt 0.492610 0.854858
vt 0.534082 0.854536
vt 0.534082 0.853570
vt 0.490920 0.854536
f 253/1089/253 292/1090/292 327/1091/327 291/1092/291
vt 0.492610 0.854858
vt 0.487055 0.863227
vt 0.534082 0.863227
vt 0.534082 0.854536
f 253/1093/253 310/1094/310 338/1095/338 292/1096/292
vt 0.575554 0.854858
vt 0.577245 0.854536
vt 0.534082 0.853570
vt 0.534082 0.854536
f 254/1097/254 293/1098/293 327/1099/327 292/1100/292
vt 0.575554 0.854858
vt 0.581110 0.863227
vt 0.586266 0.863227
vt 0.577245 0.854536
f 254/1101/254 309/1102/309 339/1103/339 293/1104/293
vt 0.498864 0.632102
vt 0.534082 0.630486
vt 0.534082 0.586854
vt 0.505251 0.590086
f 255/1105/255 311/1106/311 258/1107/258 227/1108/227
vt 0.498864 0.632102
vt 0.487689 0.646646
vt 0.479845 0.684061
vt 0.491783 0.683251
f 255/1109/255 330/1110/330 296/1111/296 229/1112/229
vt 0.534082 0.682441
vt 0.534082 0.762203
vt 0.581431 0.762199
vt 0.576436 0.683247
f 256/1113/256 312/1114/312 261/1115/261 230/1116/230
vt 0.569301 0.632102
vt 0.580475 0.646646
vt 0.580557 0.632102
vt 0.562914 0.590086
f 257/1117/257 318/1118/318 278/1119/278 228/1120/228
vt 0.534082 0.586854
vt 0.534082 0.582006
vt 0.505246 0.586854
vt 0.505251 0.590086
f 258/1121/258 317/1122/317 276/1123/276 227/1124/227
vt 0.486840 0.762207
vt 0.473878 0.762244
vt 0.468100 0.838036
vt 0.482418 0.838262
f 259/1125/259 329/1126/329 294/1127/294 231/1128/231
vt 0.534082 0.838489
vt 0.534082 0.859162
vt 0.585917 0.858705
vt 0.585800 0.838258
f 260/1129/260 313/1130/313 264/1131/264 232/1132/232
vt 0.581431 0.762199
vt 0.595352 0.762161
vt 0.588426 0.684053
vt 0.576436 0.683247
f 261/1133/261 319/1134/319 277/1135/277 230/1136/230
vt 0.482248 0.858705
vt 0.470468 0.854588
vt 0.467417 0.858704
vt 0.481296 0.870282
f 262/1137/262 328/1138/328 295/1139/295 233/1140/233
vt 0.534082 0.870546
vt 0.534082 0.863227
vt 0.580985 0.863227
vt 0.586870 0.870283
f 263/1141/263 337/1142/337 308/1143/308 234/1144/234
vt 0.585917 0.858705
vt 0.597697 0.854588
vt 0.600171 0.838027
vt 0.585800 0.838258
f 264/1145/264 320/1146/320 279/1147/279 232/1148/232
vt 0.534082 0.586854
vt 0.534082 0.630486
vt 0.498864 0.632102
vt 0.505251 0.590086
f 265/1149/265 314/1150/314 268/1151/268 235/1152/235
vt 0.534082 0.586854
vt 0.534082 0.582006
vt 0.562919 0.586854
vt 0.562914 0.590086
f 265/1153/265 317/1154/317 275/1155/275 236/1156/236
vt 0.569301 0.632102
vt 0.580475 0.646646
vt 0.588423 0.681515
vt 0.576368 0.683252
f 266/1157/266 324/1158/324 288/1159/288 238/1160/238
vt 0.534082 0.682441
vt 0.534082 0.762203
vt 0.486705 0.762197
vt 0.491715 0.683246
f 267/1161/267 315/1162/315 271/1163/271 237/1164/237
vt 0.498864 0.632102
vt 0.487689 0.646646
vt 0.487604 0.631294
vt 0.505251 0.590086
f 268/1165/268 336/1166/336 304/1167/304 235/1168/235
vt 0.581295 0.762209
vt 0.593994 0.762267
vt 0.600042 0.838038
vt 0.585735 0.838263
f 269/1169/269 325/1170/325 289/1171/289 240/1172/240
vt 0.534082 0.838489
vt 0.534082 0.859162
vt 0.482165 0.858705
vt 0.482347 0.838257
f 270/1173/270 316/1174/316 274/1175/274 239/1176/239
vt 0.486705 0.762197
vt 0.472520 0.762139
vt 0.479660 0.681508
vt 0.491715 0.683246
f 271/1177/271 335/1178/335 306/1179/306 237/1180/237
vt 0.586000 0.858705
vt 0.597760 0.854588
vt 0.600833 0.858706
vt 0.587025 0.870283
f 272/1181/272 326/1182/326 287/1183/287 242/1184/242
vt 0.534082 0.870546
vt 0.534082 0.863227
vt 0.487055 0.863227
vt 0.481141 0.870282
f 273/1185/273 338/1186/338 310/1187/310 241/1188/241
vt 0.482165 0.858705
vt 0.470404 0.854588
vt 0.467958 0.838025
vt 0.482347 0.838257
f 274/1189/274 334/1190/334 305/1191/305 239/1192/239
vt 0.562919 0.586854
vt 0.580566 0.630486
vt 0.580561 0.631294
vt 0.562914 0.590086
f 275/1193/275 321/1194/321 283/1195/283 236/1196/236
vt 0.505246 0.586854
vt 0.487599 0.630486
vt 0.487608 0.632102
vt 0.505251 0.590086
f 276/1197/276 333/1198/333 298/1199/298 227/1200/227
vt 0.588426 0.684053
vt 0.595352 0.762161
vt 0.603161 0.762199
vt 0.595472 0.683247
f 277/1201/277 319/1202/319 280/1203/280 243/1204/243
vt 0.600171 0.838027
vt 0.597697 0.854588
vt 0.600751 0.858706
vt 0.608905 0.838259
f 279/1205/279 320/1206/320 281/1207/281 244/1208/244
vt 0.603161 0.762199
vt 0.604028 0.762203
vt 0.596363 0.680703
vt 0.595472 0.683247
f 280/1209/280 322/1210/322 282/1211/282 243/1212/243
vt 0.600751 0.858706
vt 0.601144 0.859172
vt 0.609511 0.838490
vt 0.608905 0.838259
f 281/1213/281 323/1214/323 284/1215/284 244/1216/244
vt 0.596363 0.680703
vt 0.604028 0.762203
vt 0.603527 0.762206
vt 0.596814 0.678965
f 282/1217/282 322/1218/322 285/1219/285 247/1220/247
vt 0.609511 0.838490
vt 0.601144 0.859172
vt 0.600833 0.858706
vt 0.608840 0.838264
f 284/1221/284 323/1222/323 287/1223/287 248/1224/248
vt 0.603527 0.762206
vt 0.593994 0.762267
vt 0.588423 0.681515
vt 0.596814 0.678965
f 285/1225/285 325/1226/325 288/1227/288 247/1228/247
vt 0.591556 0.870547
vt 0.586266 0.863227
vt 0.581110 0.863227
vt 0.587025 0.870283
f 286/1229/286 339/1230/339 309/1231/309 242/1232/242
vt 0.600833 0.858706
vt 0.597760 0.854588
vt 0.600042 0.838038
vt 0.608840 0.838264
f 287/1233/287 326/1234/326 289/1235/289 248/1236/248
vt 0.534082 0.854536
vt 0.534082 0.853570
vt 0.577245 0.854536
vt 0.575457 0.854858
f 290/1237/290 327/1238/327 293/1239/293 252/1240/252
vt 0.534082 0.854536
vt 0.534082 0.863227
vt 0.487180 0.863227
vt 0.492708 0.854858
f 290/1241/290 337/1242/337 307/1243/307 251/1244/251
vt 0.490920 0.854536
vt 0.481899 0.863227
vt 0.487055 0.863227
vt 0.492610 0.854858
f 291/1245/291 340/1246/340 310/1247/310 253/1248/253
vt 0.534082 0.854536
vt 0.534082 0.863227
vt 0.581110 0.863227
vt 0.575554 0.854858
f 292/1249/292 338/1250/338 309/1251/309 254/1252/254
vt 0.577245 0.854536
vt 0.586266 0.863227
vt 0.580985 0.863227
vt 0.575457 0.854858
f 293/1253/293 339/1254/339 308/1255/308 252/1256/252
vt 0.468100 0.838036
vt 0.473878 0.762244
vt 0.465111 0.762207
vt 0.459314 0.838262
f 294/1257/294 329/1258/329 297/1259/297 245/1260/245
vt 0.467417 0.858704
vt 0.467047 0.859153
vt 0.476611 0.870546
vt 0.481296 0.870282
f 295/1261/295 331/1262/331 301/1263/301 233/1264/233
vt 0.479845 0.684061
vt 0.487689 0.646646
vt 0.487608 0.632102
vt 0.472746 0.683251
f 296/1265/296 330/1266/330 298/1267/298 246/1268/246
vt 0.465111 0.762207
vt 0.464136 0.762203
vt 0.458656 0.838488
vt 0.459314 0.838262
f 297/1269/297 332/1270/332 299/1271/299 245/1272/245
vt 0.487608 0.632102
vt 0.487599 0.630486
vt 0.471802 0.680703
vt 0.472746 0.683251
f 298/1273/298 333/1274/333 302/1275/302 246/1276/246
vt 0.458656 0.838488
vt 0.464136 0.762203
vt 0.464556 0.762200
vt 0.459243 0.838257
f 299/1277/299 332/1278/332 303/1279/303 249/1280/249
vt 0.476611 0.870546
vt 0.481899 0.863227
vt 0.487180 0.863227
vt 0.481296 0.870282
f 301/1281/301 340/1282/340 307/1283/307 233/1284/233
vt 0.471802 0.680703
vt 0.487599 0.630486
vt 0.487604 0.631294
vt 0.471350 0.678965
f 302/1285/302 333/1286/333 304/1287/304 250/1288/250
vt 0.464556 0.762200
vt 0.472520 0.762139
vt 0.467958 0.838025
vt 0.459243 0.838257
f 303/1289/303 335/1290/335 305/1291/305 249/1292/249
vt 0.487604 0.631294
vt 0.487689 0.646646
vt 0.479660 0.681508
vt 0.471350 0.678965
f 304/1293/304 336/1294/336 306/1295/306 250/1296/250
vt 0.505251 0.590086
vt 0.534082 0.586854
vt 0.534082 0.630486
vt 0.498864 0.632102
f 341/1297/341 372/1298/372 425/1299/425 369/1300/369
vt 0.505251 0.590086
vt 0.505246 0.586854
vt 0.534082 0.582006
vt 0.534082 0.586854
f 341/1301/341 390/1302/390 431/1303/431 372/1304/372
vt 0.505251 0.590086
vt 0.487608 0.632102
vt 0.487599 0.630486
vt 0.505246 0.586854
f 341/1305/341 412/1306/412 447/1307/447 390/1308/390
vt 0.562914 0.590086
vt 0.580557 0.632102
vt 0.580475 0.646646
vt 0.569301 0.632102
f 342/1309/342 392/1310/392 432/1311/432 371/1312/371
vt 0.491783 0.683251
vt 0.479845 0.684061
vt 0.487689 0.646646
vt 0.498864 0.632102
f 343/1313/343 410/1314/410 444/1315/444 369/1316/369
vt 0.576436 0.683247
vt 0.581431 0.762199
vt 0.534082 0.762203
vt 0.534082 0.682441
f 344/1317/344 375/1318/375 426/1319/426 370/1320/370
vt 0.576436 0.683247
vt 0.588426 0.684053
vt 0.595352 0.762161
vt 0.581431 0.762199
f 344/1321/344 391/1322/391 433/1323/433 375/1324/375
vt 0.482418 0.838262
vt 0.468100 0.838036
vt 0.473878 0.762244
vt 0.486840 0.762207
f 345/1325/345 408/1326/408 443/1327/443 373/1328/373
vt 0.585800 0.838258
vt 0.585917 0.858705
vt 0.534082 0.859162
vt 0.534082 0.838489
f 346/1329/346 378/1330/378 427/1331/427 374/1332/374
vt 0.585800 0.838258
vt 0.600171 0.838027
vt 0.597697 0.854588
vt 0.585917 0.858705
f 346/1333/346 393/1334/393 434/1335/434 378/1336/378
vt 0.481296 0.870282
vt 0.467417 0.858704
vt 0.470468 0.854588
vt 0.482248 0.858705
f 347/1337/347 409/1338/409 442/1339/442 376/1340/376
vt 0.481296 0.870282
vt 0.476611 0.870546
vt 0.467047 0.859153
vt 0.467417 0.858704
f 347/1341/347 415/1342/415 445/1343/445 409/1344/409
vt 0.481296 0.870282
vt 0.487180 0.863227
vt 0.481899 0.863227
vt 0.476611 0.870546
f 347/1345/347 421/1346/421 454/1347/454 415/1348/415
vt 0.586870 0.870283
vt 0.580985 0.863227
vt 0.534082 0.863227
vt 0.534082 0.870546
f 348/1349/348 422/1350/422 451/1351/451 377/1352/377
vt 0.505251 0.590086
vt 0.498864 0.632102
vt 0.534082 0.630486
vt 0.534082 0.586854
f 349/1353/349 382/1354/382 428/1355/428 379/1356/379
vt 0.505251 0.590086
vt 0.487604 0.631294
vt 0.487689 0.646646
vt 0.498864 0.632102
f 349/1357/349 418/1358/418 450/1359/450 382/1360/382
vt 0.562914 0.590086
vt 0.562919 0.586854
vt 0.534082 0.582006
vt 0.534082 0.586854
f 350/1361/350 389/1362/389 431/1363/431 379/1364/379
vt 0.562914 0.590086
vt 0.580561 0.631294
vt 0.580566 0.630486
vt 0.562919 0.586854
f 350/1365/350 397/1366/397 435/1367/435 389/1368/389
vt 0.491715 0.683246
vt 0.486705 0.762197
vt 0.534082 0.762203
vt 0.534082 0.682441
f 351/1369/351 385/1370/385 429/1371/429 381/1372/381
vt 0.491715 0.683246
vt 0.479660 0.681508
vt 0.472520 0.762139
vt 0.486705 0.762197
f 351/1373/351 420/1374/420 449/1375/449 385/1376/385
vt 0.576368 0.683252
vt 0.588423 0.681515
vt 0.580475 0.646646
vt 0.569301 0.632102
f 352/1377/352 402/1378/402 438/1379/438 380/1380/380
vt 0.482347 0.838257
vt 0.482165 0.858705
vt 0.534082 0.859162
vt 0.534082 0.838489
f 353/1381/353 388/1382/388 430/1383/430 384/1384/384
vt 0.482347 0.838257
vt 0.467958 0.838025
vt 0.470404 0.854588
vt 0.482165 0.858705
f 353/1385/353 419/1386/419 448/1387/448 388/1388/388
vt 0.585735 0.838263
vt 0.600042 0.838038
vt 0.593994 0.762267
vt 0.581295 0.762209
f 354/1389/354 403/1390/403 439/1391/439 383/1392/383
vt 0.481141 0.870282
vt 0.487055 0.863227
vt 0.534082 0.863227
vt 0.534082 0.870546
f 355/1393/355 424/1394/424 452/1395/452 387/1396/387
vt 0.587025 0.870283
vt 0.600833 0.858706
vt 0.597760 0.854588
vt 0.586000 0.858705
f 356/1397/356 401/1398/401 440/1399/440 386/1400/386
vt 0.587025 0.870283
vt 0.581110 0.863227
vt 0.586266 0.863227
vt 0.591556 0.870547
f 356/1401/356 423/1402/423 453/1403/453 400/1404/400
vt 0.595472 0.683247
vt 0.603161 0.762199
vt 0.595352 0.762161
vt 0.588426 0.684053
f 357/1405/357 394/1406/394 433/1407/433 391/1408/391
vt 0.595472 0.683247
vt 0.596363 0.680703
vt 0.604028 0.762203
vt 0.603161 0.762199
f 357/1409/357 396/1410/396 436/1411/436 394/1412/394
vt 0.608905 0.838259
vt 0.600751 0.858706
vt 0.597697 0.854588
vt 0.600171 0.838027
f 358/1413/358 395/1414/395 434/1415/434 393/1416/393
vt 0.608905 0.838259
vt 0.609511 0.838490
vt 0.601144 0.859172
vt 0.600751 0.858706
f 358/1417/358 398/1418/398 437/1419/437 395/1420/395
vt 0.459314 0.838262
vt 0.465111 0.762207
vt 0.473878 0.762244
vt 0.468100 0.838036
f 359/1421/359 411/1422/411 443/1423/443 408/1424/408
vt 0.459314 0.838262
vt 0.458656 0.838488
vt 0.464136 0.762203
vt 0.465111 0.762207
f 359/1425/359 413/1426/413 446/1427/446 411/1428/411
vt 0.472746 0.683251
vt 0.487608 0.632102
vt 0.487689 0.646646
vt 0.479845 0.684061
f 360/1429/360 412/1430/412 444/1431/444 410/1432/410
vt 0.472746 0.683251
vt 0.471802 0.680703
vt 0.487599 0.630486
vt 0.487608 0.632102
f 360/1433/360 416/1434/416 447/1435/447 412/1436/412
vt 0.596814 0.678965
vt 0.603527 0.762206
vt 0.604028 0.762203
vt 0.596363 0.680703
f 361/1437/361 399/1438/399 436/1439/436 396/1440/396
vt 0.596814 0.678965
vt 0.588423 0.681515
vt 0.593994 0.762267
vt 0.603527 0.762206
f 361/1441/361 402/1442/402 439/1443/439 399/1444/399
vt 0.608840 0.838264
vt 0.600833 0.858706
vt 0.601144 0.859172
vt 0.609511 0.838490
f 362/1445/362 401/1446/401 437/1447/437 398/1448/398
vt 0.608840 0.838264
vt 0.600042 0.838038
vt 0.597760 0.854588
vt 0.600833 0.858706
f 362/1449/362 403/1450/403 440/1451/440 401/1452/401
vt 0.459243 0.838257
vt 0.464556 0.762200
vt 0.464136 0.762203
vt 0.458656 0.838488
f 363/1453/363 417/1454/417 446/1455/446 413/1456/413
vt 0.459243 0.838257
vt 0.467958 0.838025
vt 0.472520 0.762139
vt 0.464556 0.762200
f 363/1457/363 419/1458/419 449/1459/449 417/1460/417
vt 0.471350 0.678965
vt 0.487604 0.631294
vt 0.487599 0.630486
vt 0.471802 0.680703
f 364/1461/364 418/1462/418 447/1463/447 416/1464/416
vt 0.471350 0.678965
vt 0.479660 0.681508
vt 0.487689 0.646646
vt 0.487604 0.631294
f 364/1465/364 420/1466/420 450/1467/450 418/1468/418
vt 0.492708 0.854858
vt 0.487180 0.863227
vt 0.534082 0.863227
vt 0.534082 0.854536
f 365/1469/365 421/1470/421 451/1471/451 404/1472/404
vt 0.575457 0.854858
vt 0.577245 0.854536
vt 0.534082 0.853570
vt 0.534082 0.854536
f 366/1473/366 407/1474/407 441/1475/441 404/1476/404
vt 0.575457 0.854858
vt 0.580985 0.863227
vt 0.586266 0.863227
vt 0.577245 0.854536
f 366/1477/366 422/1478/422 453/1479/453 407/1480/407
vt 0.492610 0.854858
vt 0.487055 0.863227
vt 0.481899 0.863227
vt 0.490920 0.854536
f 367/1481/367 424/1482/424 454/1483/454 405/1484/405
vt 0.575554 0.854858
vt 0.581110 0.863227
vt 0.534082 0.863227
vt 0.534082 0.854536
f 368/1485/368 423/1486/423 452/1487/452 406/1488/406
vt 0.498864 0.632102
vt 0.534082 0.630486
vt 0.534082 0.682441
vt 0.491783 0.683251
f 369/1489/369 425/1490/425 370/1491/370 343/1492/343
vt 0.498864 0.632102
vt 0.487689 0.646646
vt 0.487608 0.632102
vt 0.505251 0.590086
f 369/1493/369 444/1494/444 412/1495/412 341/1496/341
vt 0.534082 0.682441
vt 0.534082 0.630486
vt 0.569301 0.632102
vt 0.576436 0.683247
f 370/1497/370 425/1498/425 371/1499/371 344/1500/344
vt 0.534082 0.682441
vt 0.534082 0.762203
vt 0.486840 0.762207
vt 0.491783 0.683251
f 370/1501/370 426/1502/426 373/1503/373 343/1504/343
vt 0.569301 0.632102
vt 0.534082 0.630486
vt 0.534082 0.586854
vt 0.562914 0.590086
f 371/1505/371 425/1506/425 372/1507/372 342/1508/342
vt 0.569301 0.632102
vt 0.580475 0.646646
vt 0.588426 0.684053
vt 0.576436 0.683247
f 371/1509/371 432/1510/432 391/1511/391 344/1512/344
vt 0.534082 0.586854
vt 0.534082 0.582006
vt 0.562919 0.586854
vt 0.562914 0.590086
f 372/1513/372 431/1514/431 389/1515/389 342/1516/342
vt 0.486840 0.762207
vt 0.534082 0.762203
vt 0.534082 0.838489
vt 0.482418 0.838262
f 373/1517/373 426/1518/426 374/1519/374 345/1520/345
vt 0.486840 0.762207
vt 0.473878 0.762244
vt 0.479845 0.684061
vt 0.491783 0.683251
f 373/1521/373 443/1522/443 410/1523/410 343/1524/343
vt 0.534082 0.838489
vt 0.534082 0.762203
vt 0.581431 0.762199
vt 0.585800 0.838258
f 374/1525/374 426/1526/426 375/1527/375 346/1528/346
vt 0.534082 0.838489
vt 0.534082 0.859162
vt 0.482248 0.858705
vt 0.482418 0.838262
f 374/1529/374 427/1530/427 376/1531/376 345/1532/345
vt 0.581431 0.762199
vt 0.595352 0.762161
vt 0.600171 0.838027
vt 0.585800 0.838258
f 375/1533/375 433/1534/433 393/1535/393 346/1536/346
vt 0.482248 0.858705
vt 0.534082 0.859162
vt 0.534082 0.870546
vt 0.481296 0.870282
f 376/1537/376 427/1538/427 377/1539/377 347/1540/347
vt 0.482248 0.858705
vt 0.470468 0.854588
vt 0.468100 0.838036
vt 0.482418 0.838262
f 376/1541/376 442/1542/442 408/1543/408 345/1544/345
vt 0.534082 0.870546
vt 0.534082 0.859162
vt 0.585917 0.858705
vt 0.586870 0.870283
f 377/1545/377 427/1546/427 378/1547/378 348/1548/348
vt 0.534082 0.870546
vt 0.534082 0.863227
vt 0.487180 0.863227
vt 0.481296 0.870282
f 377/1549/377 451/1550/451 421/1551/421 347/1552/347
vt 0.585917 0.858705
vt 0.597697 0.854588
vt 0.600751 0.858706
vt 0.586870 0.870283
f 378/1553/378 434/1554/434 395/1555/395 348/1556/348
vt 0.534082 0.586854
vt 0.534082 0.630486
vt 0.569301 0.632102
vt 0.562914 0.590086
f 379/1557/379 428/1558/428 380/1559/380 350/1560/350
vt 0.534082 0.586854
vt 0.534082 0.582006
vt 0.505246 0.586854
vt 0.505251 0.590086
f 379/1561/379 431/1562/431 390/1563/390 349/1564/349
vt 0.569301 0.632102
vt 0.534082 0.630486
vt 0.534082 0.682441
vt 0.576368 0.683252
f 380/1565/380 428/1566/428 381/1567/381 352/1568/352
vt 0.569301 0.632102
vt 0.580475 0.646646
vt 0.580561 0.631294
vt 0.562914 0.590086
f 380/1569/380 438/1570/438 397/1571/397 350/1572/350
vt 0.534082 0.682441
vt 0.534082 0.630486
vt 0.498864 0.632102
vt 0.491715 0.683246
f 381/1573/381 428/1574/428 382/1575/382 351/1576/351
vt 0.534082 0.682441
vt 0.534082 0.762203
vt 0.581295 0.762209
vt 0.576368 0.683252
f 381/1577/381 429/1578/429 383/1579/383 352/1580/352
vt 0.498864 0.632102
vt 0.487689 0.646646
vt 0.479660 0.681508
vt 0.491715 0.683246
f 382/1581/382 450/1582/450 420/1583/420 351/1584/351
vt 0.581295 0.762209
vt 0.534082 0.762203
vt 0.534082 0.838489
vt 0.585735 0.838263
f 383/1585/383 429/1586/429 384/1587/384 354/1588/354
vt 0.581295 0.762209
vt 0.593994 0.762267
vt 0.588423 0.681515
vt 0.576368 0.683252
f 383/1589/383 439/1590/439 402/1591/402 352/1592/352
vt 0.534082 0.838489
vt 0.534082 0.762203
vt 0.486705 0.762197
vt 0.482347 0.838257
f 384/1593/384 429/1594/429 385/1595/385 353/1596/353
vt 0.534082 0.838489
vt 0.534082 0.859162
vt 0.586000 0.858705
vt 0.585735 0.838263
f 384/1597/384 430/1598/430 386/1599/386 354/1600/354
vt 0.486705 0.762197
vt 0.472520 0.762139
vt 0.467958 0.838025
vt 0.482347 0.838257
f 385/1601/385 449/1602/449 419/1603/419 353/1604/353
vt 0.586000 0.858705
vt 0.534082 0.859162
vt 0.534082 0.870546
vt 0.587025 0.870283
f 386/1605/386 430/1606/430 387/1607/387 356/1608/356
vt 0.586000 0.858705
vt 0.597760 0.854588
vt 0.600042 0.838038
vt 0.585735 0.838263
f 386/1609/386 440/1610/440 403/1611/403 354/1612/354
vt 0.534082 0.870546
vt 0.534082 0.859162
vt 0.482165 0.858705
vt 0.481141 0.870282
f 387/1613/387 430/1614/430 388/1615/388 355/1616/355
vt 0.534082 0.870546
vt 0.534082 0.863227
vt 0.581110 0.863227
vt 0.587025 0.870283
f 387/1617/387 452/1618/452 423/1619/423 356/1620/356
vt 0.482165 0.858705
vt 0.470404 0.854588
vt 0.467334 0.858704
vt 0.481141 0.870282
f 388/1621/388 448/1622/448 414/1623/414 355/1624/355
vt 0.562919 0.586854
vt 0.580566 0.630486
vt 0.580557 0.632102
vt 0.562914 0.590086
f 389/1625/389 435/1626/435 392/1627/392 342/1628/342
vt 0.505246 0.586854
vt 0.487599 0.630486
vt 0.487604 0.631294
vt 0.505251 0.590086
f 390/1629/390 447/1630/447 418/1631/418 349/1632/349
vt 0.588426 0.684053
vt 0.580475 0.646646
vt 0.580557 0.632102
vt 0.595472 0.683247
f 391/1633/391 432/1634/432 392/1635/392 357/1636/357
vt 0.580557 0.632102
vt 0.580566 0.630486
vt 0.596363 0.680703
vt 0.595472 0.683247
f 392/1637/392 435/1638/435 396/1639/396 357/1640/357
vt 0.600171 0.838027
vt 0.595352 0.762161
vt 0.603161 0.762199
vt 0.608905 0.838259
f 393/1641/393 433/1642/433 394/1643/394 358/1644/358
vt 0.603161 0.762199
vt 0.604028 0.762203
vt 0.609511 0.838490
vt 0.608905 0.838259
f 394/1645/394 436/1646/436 398/1647/398 358/1648/358
vt 0.600751 0.858706
vt 0.601144 0.859172
vt 0.591556 0.870547
vt 0.586870 0.870283
f 395/1649/395 437/1650/437 400/1651/400 348/1652/348
vt 0.596363 0.680703
vt 0.580566 0.630486
vt 0.580561 0.631294
vt 0.596814 0.678965
f 396/1653/396 435/1654/435 397/1655/397 361/1656/361
vt 0.580561 0.631294
vt 0.580475 0.646646
vt 0.588423 0.681515
vt 0.596814 0.678965
f 397/1657/397 438/1658/438 402/1659/402 361/1660/361
vt 0.609511 0.838490
vt 0.604028 0.762203
vt 0.603527 0.762206
vt 0.608840 0.838264
f 398/1661/398 436/1662/436 399/1663/399 362/1664/362
vt 0.603527 0.762206
vt 0.593994 0.762267
vt 0.600042 0.838038
vt 0.608840 0.838264
f 399/1665/399 439/1666/439 403/1667/403 362/1668/362
vt 0.591556 0.870547
vt 0.601144 0.859172
vt 0.600833 0.858706
vt 0.587025 0.870283
f 400/1669/400 437/1670/437 401/1671/401 356/1672/356
vt 0.591556 0.870547
vt 0.586266 0.863227
vt 0.580985 0.863227
vt 0.586870 0.870283
f 400/1673/400 453/1674/453 422/1675/422 348/1676/348
vt 0.534082 0.854536
vt 0.534082 0.853570
vt 0.490920 0.854536
vt 0.492708 0.854858
f 404/1677/404 441/1678/441 405/1679/405 365/1680/365
vt 0.534082 0.854536
vt 0.534082 0.863227
vt 0.580985 0.863227
vt 0.575457 0.854858
f 404/1681/404 451/1682/451 422/1683/422 366/1684/366
vt 0.490920 0.854536
vt 0.534082 0.853570
vt 0.534082 0.854536
vt 0.492610 0.854858
f 405/1685/405 441/1686/441 406/1687/406 367/1688/367
vt 0.490920 0.854536
vt 0.481899 0.863227
vt 0.487180 0.863227
vt 0.492708 0.854858
f 405/1689/405 454/1690/454 421/1691/421 365/1692/365
vt 0.534082 0.854536
vt 0.534082 0.853570
vt 0.577245 0.854536
vt 0.575554 0.854858
f 406/1693/406 441/1694/441 407/1695/407 368/1696/368
vt 0.534082 0.854536
vt 0.534082 0.863227
vt 0.487055 0.863227
vt 0.492610 0.854858
f 406/1697/406 452/1698/452 424/1699/424 367/1700/367
vt 0.577245 0.854536
vt 0.586266 0.863227
vt 0.581110 0.863227
vt 0.575554 0.854858
f 407/1701/407 453/1702/453 423/1703/423 368/1704/368
vt 0.468100 0.838036
vt 0.470468 0.854588
vt 0.467417 0.858704
vt 0.459314 0.838262
f 408/1705/408 442/1706/442 409/1707/409 359/1708/359
vt 0.467417 0.858704
vt 0.467047 0.859153
vt 0.458656 0.838488
vt 0.459314 0.838262
f 409/1709/409 445/1710/445 413/1711/413 359/1712/359
vt 0.479845 0.684061
vt 0.473878 0.762244
vt 0.465111 0.762207
vt 0.472746 0.683251
f 410/1713/410 443/1714/443 411/1715/411 360/1716/360
vt 0.465111 0.762207
vt 0.464136 0.762203
vt 0.471802 0.680703
vt 0.472746 0.683251
f 411/1717/411 446/1718/446 416/1719/416 360/1720/360
vt 0.458656 0.838488
vt 0.467047 0.859153
vt 0.467334 0.858704
vt 0.459243 0.838257
f 413/1721/413 445/1722/445 414/1723/414 363/1724/363
vt 0.467334 0.858704
vt 0.467047 0.859153
vt 0.476611 0.870546
vt 0.481141 0.870282
f 414/1725/414 445/1726/445 415/1727/415 355/1728/355
vt 0.467334 0.858704
vt 0.470404 0.854588
vt 0.467958 0.838025
vt 0.459243 0.838257
f 414/1729/414 448/1730/448 419/1731/419 363/1732/363
vt 0.476611 0.870546
vt 0.481899 0.863227
vt 0.487055 0.863227
vt 0.481141 0.870282
f 415/1733/415 454/1734/454 424/1735/424 355/1736/355
vt 0.471802 0.680703
vt 0.464136 0.762203
vt 0.464556 0.762200
vt 0.471350 0.678965
f 416/1737/416 446/1738/446 417/1739/417 364/1740/364
vt 0.464556 0.762200
vt 0.472520 0.762139
vt 0.479660 0.681508
vt 0.471350 0.678965
f 417/1741/417 449/1742/449 420/1743/420 364/1744/364
vt 0.182559 0.478836
vt 0.310004 0.546220
vt 0.181189 0.633347
vt 0.150304 0.411037
f 455/1745/455 477/1746/477 488/1747/488 474/1748/474
vt 0.592695 0.981377
vt 0.603278 0.987077
vt 0.730506 0.987077
vt 0.730506 0.981377
f 455/1749/455 482/1750/482 490/1751/490 477/1752/477
vt 0.437448 0.613604
vt 0.442404 0.703723
vt 0.181189 0.633347
vt 0.310004 0.546220
f 456/1753/456 478/1754/478 488/1755/488 477/1756/477
vt 0.447361 0.793842
vt 0.328662 0.786312
vt 0.181189 0.633347
vt 0.442404 0.703723
f 457/1757/457 479/1758/479 488/1759/488 478/1760/478
vt 0.876595 0.981377
vt 0.876595 0.987077
vt 0.749046 0.987077
vt 0.749046 0.981377
f 457/1761/457 480/1762/480 489/1763/489 479/1764/479
vt 0.621497 0.981377
vt 0.629705 0.987077
vt 0.576032 0.987077
vt 0.576032 0.981377
f 458/1765/458 481/1766/481 491/1767/491 476/1768/476
vt 0.528733 0.981377
vt 0.528733 0.987077
vt 0.560714 0.987077
vt 0.560714 0.981377
f 459/1769/459 485/1770/485 492/1771/492 474/1772/474
vt 0.182559 0.478836
vt 0.204716 0.632728
vt 0.319793 0.665365
vt 0.310004 0.546220
f 461/1773/461 470/1774/470 486/1775/486 467/1776/467
vt 0.182559 0.478836
vt 0.150304 0.411037
vt 0.157280 0.631435
vt 0.204716 0.632728
f 461/1777/461 471/1778/471 487/1779/487 470/1780/470
vt 0.592695 0.992777
vt 0.603278 0.987077
vt 0.560714 0.987077
vt 0.560714 0.992777
f 461/1781/461 482/1782/482 492/1783/492 471/1784/471
vt 0.868317 0.992777
vt 0.868317 0.987077
vt 0.730506 0.987077
vt 0.730506 0.992777
f 462/1785/462 483/1786/483 490/1787/490 467/1788/467
vt 0.621497 0.992777
vt 0.629705 0.987077
vt 0.749046 0.987077
vt 0.749046 0.992777
f 464/1789/464 481/1790/481 489/1791/489 469/1792/469
vt 0.118048 0.343239
vt 0.118829 0.634385
vt 0.157280 0.631435
vt 0.150304 0.411037
f 465/1793/465 473/1794/473 487/1795/487 471/1796/471
vt 0.530566 0.992777
vt 0.530566 0.987077
vt 0.576032 0.987077
vt 0.576032 0.992777
f 466/1797/466 484/1798/484 491/1799/491 472/1800/472
vt 0.310004 0.546220
vt 0.319793 0.665365
vt 0.442404 0.703723
vt 0.437448 0.613604
f 467/1801/467 486/1802/486 468/1803/468 462/1804/462
vt 0.730506 0.992777
vt 0.730506 0.987077
vt 0.603278 0.987077
vt 0.592695 0.992777
f 467/1805/467 490/1806/490 482/1807/482 461/1808/461
vt 0.442404 0.703723
vt 0.319793 0.665365
vt 0.328662 0.786312
vt 0.447361 0.793842
f 468/1809/468 486/1810/486 469/1811/469 463/1812/463
vt 0.328662 0.786312
vt 0.319793 0.665365
vt 0.204716 0.632728
vt 0.209963 0.778783
f 469/1813/469 486/1814/486 470/1815/470 464/1816/464
vt 0.749046 0.992777
vt 0.749046 0.987077
vt 0.876595 0.987077
vt 0.876595 0.992777
f 469/1817/469 489/1818/489 480/1819/480 463/1820/463
vt 0.204716 0.632728
vt 0.157280 0.631435
vt 0.164786 0.852157
vt 0.209963 0.778783
f 470/1821/470 487/1822/487 472/1823/472 464/1824/464
vt 0.560714 0.992777
vt 0.560714 0.987077
vt 0.528733 0.987077
vt 0.528733 0.992777
f 471/1825/471 492/1826/492 485/1827/485 465/1828/465
vt 0.164786 0.852157
vt 0.157280 0.631435
vt 0.118829 0.634385
vt 0.119610 0.925531
f 472/1829/472 487/1830/487 473/1831/473 466/1832/466
vt 0.576032 0.992777
vt 0.576032 0.987077
vt 0.629705 0.987077
vt 0.621497 0.992777
f 472/1833/472 491/1834/491 481/1835/481 464/1836/464
vt 0.150304 0.411037
vt 0.181189 0.633347
vt 0.118829 0.634385
vt 0.118048 0.343239
f 474/1837/474 488/1838/488 475/1839/475 459/1840/459
vt 0.560714 0.981377
vt 0.560714 0.987077
vt 0.603278 0.987077
vt 0.592695 0.981377
f 474/1841/474 492/1842/492 482/1843/482 455/1844/455
vt 0.118829 0.634385
vt 0.181189 0.633347
vt 0.164786 0.852157
vt 0.119610 0.925531
f 475/1845/475 488/1846/488 476/1847/476 460/1848/460
vt 0.164786 0.852157
vt 0.181189 0.633347
vt 0.328662 0.786312
vt 0.209963 0.778783
f 476/1849/476 488/1850/488 479/1851/479 458/1852/458
vt 0.576032 0.981377
vt 0.576032 0.987077
vt 0.530566 0.987077
vt 0.530566 0.981377
f 476/1853/476 491/1854/491 484/1855/484 460/1856/460
vt 0.730506 0.981377
vt 0.730506 0.987077
vt 0.868317 0.987077
vt 0.868317 0.981377
f 477/1857/477 490/1858/490 483/1859/483 456/1860/456
vt 0.749046 0.981377
vt 0.749046 0.987077
vt 0.629705 0.987077
vt 0.621497 0.981377
f 479/1861/479 489/1862/489 481/1863/481 458/1864/458
vt 0.619241 0.981377
vt 0.619241 0.987077
vt 0.729105 0.987077
vt 0.729105 0.981377
f 493/1865/493 515/1866/515 521/1867/521 510/1868/510
vt 0.838969 0.981377
vt 0.827893 0.987077
vt 0.838077 0.987077
vt 0.838077 0.981377
f 494/1869/494 516/1870/516 523/1871/523 509/1872/509
vt 0.837184 0.981377
vt 0.830224 0.987077
vt 0.766685 0.987077
vt 0.766685 0.981377
f 495/1873/495 517/1874/517 522/1875/522 508/1876/508
vt 0.283019 0.994340
vt 0.255971 0.982103
vt 0.312411 0.917308
vt 0.350107 0.963793
f 496/1877/496 512/1878/512 519/1879/519 508/1880/508
vt 0.696186 0.981377
vt 0.700648 0.987077
vt 0.670307 0.987077
vt 0.670307 0.981377
f 496/1881/496 513/1882/513 520/1883/520 512/1884/512
vt 0.838969 0.992777
vt 0.827893 0.987077
vt 0.729105 0.987077
vt 0.729105 0.992777
f 499/1885/499 516/1886/516 521/1887/521 505/1888/505
vt 0.837184 0.992777
vt 0.830224 0.987077
vt 0.838077 0.987077
vt 0.838077 0.992777
f 500/1889/500 517/1890/517 523/1891/523 506/1892/506
vt 0.283019 0.994340
vt 0.350107 0.963793
vt 0.312411 0.917308
vt 0.255971 0.982103
f 501/1893/501 507/1894/507 518/1895/518 503/1896/503
vt 0.696186 0.992777
vt 0.700648 0.987077
vt 0.766685 0.987077
vt 0.766685 0.992777
f 501/1897/501 513/1898/513 522/1899/522 507/1900/507
vt 0.644427 0.992777
vt 0.644427 0.987077
vt 0.670307 0.987077
vt 0.670307 0.992777
f 502/1901/502 514/1902/514 520/1903/520 503/1904/503
vt 0.255971 0.982103
vt 0.312411 0.917308
vt 0.220707 0.886515
vt 0.228922 0.969865
f 503/1905/503 518/1906/518 504/1907/504 502/1908/502
vt 0.670307 0.992777
vt 0.670307 0.987077
vt 0.700648 0.987077
vt 0.696186 0.992777
f 503/1909/503 520/1910/520 513/1911/513 501/1912/501
vt 0.220707 0.886515
vt 0.312411 0.917308
vt 0.314677 0.838747
vt 0.212493 0.803165
f 504/1913/504 518/1914/518 505/1915/505 498/1916/498
vt 0.314677 0.838747
vt 0.312411 0.917308
vt 0.417028 0.903788
vt 0.416861 0.874330
f 505/1917/505 518/1918/518 506/1919/506 499/1920/499
vt 0.729105 0.992777
vt 0.729105 0.987077
vt 0.619241 0.987077
vt 0.619241 0.992777
f 505/1921/505 521/1922/521 515/1923/515 498/1924/498
vt 0.417028 0.903788
vt 0.312411 0.917308
vt 0.350107 0.963793
vt 0.417195 0.933246
f 506/1925/506 518/1926/518 507/1927/507 500/1928/500
vt 0.838077 0.992777
vt 0.838077 0.987077
vt 0.827893 0.987077
vt 0.838969 0.992777
f 506/1929/506 523/1930/523 516/1931/516 499/1932/499
vt 0.766685 0.992777
vt 0.766685 0.987077
vt 0.830224 0.987077
vt 0.837184 0.992777
f 507/1933/507 522/1934/522 517/1935/517 500/1936/500
vt 0.350107 0.963793
vt 0.312411 0.917308
vt 0.417028 0.903788
vt 0.417195 0.933246
f 508/1937/508 519/1938/519 509/1939/509 495/1940/495
vt 0.766685 0.981377
vt 0.766685 0.987077
vt 0.700648 0.987077
vt 0.696186 0.981377
f 508/1941/508 522/1942/522 513/1943/513 496/1944/496
vt 0.417028 0.903788
vt 0.312411 0.917308
vt 0.314677 0.838747
vt 0.416861 0.874330
f 509/1945/509 519/1946/519 510/1947/510 494/1948/494
vt 0.838077 0.981377
vt 0.838077 0.987077
vt 0.830224 0.987077
vt 0.837184 0.981377
f 509/1949/509 523/1950/523 517/1951/517 495/1952/495
vt 0.314677 0.838747
vt 0.312411 0.917308
vt 0.220707 0.886515
vt 0.212493 0.803165
f 510/1953/510 519/1954/519 511/1955/511 493/1956/493
vt 0.729105 0.981377
vt 0.729105 0.987077
vt 0.827893 0.987077
vt 0.838969 0.981377
f 510/1957/510 521/1958/521 516/1959/516 494/1960/494
vt 0.220707 0.886515
vt 0.312411 0.917308
vt 0.255971 0.982103
vt 0.228922 0.969865
f 511/1961/511 519/1962/519 512/1963/512 497/1964/497
vt 0.670307 0.981377
vt 0.670307 0.987077
vt 0.644427 0.987077
vt 0.644427 0.981377
f 512/1965/512 520/1966/520 514/1967/514 497/1968/497
vt 0.505251 0.590086
vt 0.534082 0.586854
vt 0.534082 0.630486
vt 0.498864 0.632102
f 524/1969/524 555/1970/555 608/1971/608 552/1972/552
vt 0.505251 0.590086
vt 0.505246 0.586854
vt 0.534082 0.582006
vt 0.534082 0.586854
f 524/1973/524 573/1974/573 614/1975/614 555/1976/555
vt 0.505251 0.590086
vt 0.487608 0.632102
vt 0.487599 0.630486
vt 0.505246 0.586854
f 524/1977/524 595/1978/595 630/1979/630 573/1980/573
vt 0.562914 0.590086
vt 0.580557 0.632102
vt 0.580475 0.646646
vt 0.569301 0.632102
f 525/1981/525 575/1982/575 615/1983/615 554/1984/554
vt 0.491783 0.683251
vt 0.479845 0.684061
vt 0.487689 0.646646
vt 0.498864 0.632102
f 526/1985/526 593/1986/593 627/1987/627 552/1988/552
vt 0.576436 0.683247
vt 0.581431 0.762199
vt 0.534082 0.762203
vt 0.534082 0.682441
f 527/1989/527 558/1990/558 609/1991/609 553/1992/553
vt 0.576436 0.683247
vt 0.588426 0.684053
vt 0.595352 0.762161
vt 0.581431 0.762199
f 527/1993/527 574/1994/574 616/1995/616 558/1996/558
vt 0.482418 0.838262
vt 0.468100 0.838036
vt 0.473878 0.762244
vt 0.486840 0.762207
f 528/1997/528 591/1998/591 626/1999/626 556/2000/556
vt 0.585800 0.838258
vt 0.585917 0.858705
vt 0.534082 0.859162
vt 0.534082 0.838489
f 529/2001/529 561/2002/561 610/2003/610 557/2004/557
vt 0.585800 0.838258
vt 0.600171 0.838027
vt 0.597697 0.854588
vt 0.585917 0.858705
f 529/2005/529 576/2006/576 617/2007/617 561/2008/561
vt 0.481296 0.870282
vt 0.467417 0.858704
vt 0.470468 0.854588
vt 0.482248 0.858705
f 530/2009/530 592/2010/592 625/2011/625 559/2012/559
vt 0.481296 0.870282
vt 0.476611 0.870546
vt 0.467047 0.859153
vt 0.467417 0.858704
f 530/2013/530 598/2014/598 628/2015/628 592/2016/592
vt 0.481296 0.870282
vt 0.487180 0.863227
vt 0.481899 0.863227
vt 0.476611 0.870546
f 530/2017/530 604/2018/604 637/2019/637 598/2020/598
vt 0.586870 0.870283
vt 0.580985 0.863227
vt 0.534082 0.863227
vt 0.534082 0.870546
f 531/2021/531 605/2022/605 634/2023/634 560/2024/560
vt 0.505251 0.590086
vt 0.498864 0.632102
vt 0.534082 0.630486
vt 0.534082 0.586854
f 532/2025/532 565/2026/565 611/2027/611 562/2028/562
vt 0.505251 0.590086
vt 0.487604 0.631294
vt 0.487689 0.646646
vt 0.498864 0.632102
f 532/2029/532 601/2030/601 633/2031/633 565/2032/565
vt 0.562914 0.590086
vt 0.562919 0.586854
vt 0.534082 0.582006
vt 0.534082 0.586854
f 533/2033/533 572/2034/572 614/2035/614 562/2036/562
vt 0.562914 0.590086
vt 0.580561 0.631294
vt 0.580566 0.630486
vt 0.562919 0.586854
f 533/2037/533 580/2038/580 618/2039/618 572/2040/572
vt 0.491715 0.683246
vt 0.486705 0.762197
vt 0.534082 0.762203
vt 0.534082 0.682441
f 534/2041/534 568/2042/568 612/2043/612 564/2044/564
vt 0.491715 0.683246
vt 0.479660 0.681508
vt 0.472520 0.762139
vt 0.486705 0.762197
f 534/2045/534 603/2046/603 632/2047/632 568/2048/568
vt 0.576368 0.683252
vt 0.588423 0.681515
vt 0.580475 0.646646
vt 0.569301 0.632102
f 535/2049/535 585/2050/585 621/2051/621 563/2052/563
vt 0.482347 0.838257
vt 0.482165 0.858705
vt 0.534082 0.859162
vt 0.534082 0.838489
f 536/2053/536 571/2054/571 613/2055/613 567/2056/567
vt 0.482347 0.838257
vt 0.467958 0.838025
vt 0.470404 0.854588
vt 0.482165 0.858705
f 536/2057/536 602/2058/602 631/2059/631 571/2060/571
vt 0.585735 0.838263
vt 0.600042 0.838038
vt 0.593994 0.762267
vt 0.581295 0.762209
f 537/2061/537 586/2062/586 622/2063/622 566/2064/566
vt 0.481141 0.870282
vt 0.487055 0.863227
vt 0.534082 0.863227
vt 0.534082 0.870546
f 538/2065/538 607/2066/607 635/2067/635 570/2068/570
vt 0.587025 0.870283
vt 0.600833 0.858706
vt 0.597760 0.854588
vt 0.586000 0.858705
f 539/2069/539 584/2070/584 623/2071/623 569/2072/569
vt 0.587025 0.870283
vt 0.581110 0.863227
vt 0.586266 0.863227
vt 0.591556 0.870547
f 539/2073/539 606/2074/606 636/2075/636 583/2076/583
vt 0.595472 0.683247
vt 0.603161 0.762199
vt 0.595352 0.762161
vt 0.588426 0.684053
f 540/2077/540 577/2078/577 616/2079/616 574/2080/574
vt 0.595472 0.683247
vt 0.596363 0.680703
vt 0.604028 0.762203
vt 0.603161 0.762199
f 540/2081/540 579/2082/579 619/2083/619 577/2084/577
vt 0.608905 0.838259
vt 0.600751 0.858706
vt 0.597697 0.854588
vt 0.600171 0.838027
f 541/2085/541 578/2086/578 617/2087/617 576/2088/576
vt 0.608905 0.838259
vt 0.609511 0.838490
vt 0.601144 0.859172
vt 0.600751 0.858706
f 541/2089/541 581/2090/581 620/2091/620 578/2092/578
vt 0.459314 0.838262
vt 0.465111 0.762207
vt 0.473878 0.762244
vt 0.468100 0.838036
f 542/2093/542 594/2094/594 626/2095/626 591/2096/591
vt 0.459314 0.838262
vt 0.458656 0.838488
vt 0.464136 0.762203
vt 0.465111 0.762207
f 542/2097/542 596/2098/596 629/2099/629 594/2100/594
vt 0.472746 0.683251
vt 0.487608 0.632102
vt 0.487689 0.646646
vt 0.479845 0.684061
f 543/2101/543 595/2102/595 627/2103/627 593/2104/593
vt 0.472746 0.683251
vt 0.471802 0.680703
vt 0.487599 0.630486
vt 0.487608 0.632102
f 543/2105/543 599/2106/599 630/2107/630 595/2108/595
vt 0.596814 0.678965
vt 0.603527 0.762206
vt 0.604028 0.762203
vt 0.596363 0.680703
f 544/2109/544 582/2110/582 619/2111/619 579/2112/579
vt 0.596814 0.678965
vt 0.588423 0.681515
vt 0.593994 0.762267
vt 0.603527 0.762206
f 544/2113/544 585/2114/585 622/2115/622 582/2116/582
vt 0.608840 0.838264
vt 0.600833 0.858706
vt 0.601144 0.859172
vt 0.609511 0.838490
f 545/2117/545 584/2118/584 620/2119/620 581/2120/581
vt 0.608840 0.838264
vt 0.600042 0.838038
vt 0.597760 0.854588
vt 0.600833 0.858706
f 545/2121/545 586/2122/586 623/2123/623 584/2124/584
vt 0.459243 0.838257
vt 0.464556 0.762200
vt 0.464136 0.762203
vt 0.458656 0.838488
f 546/2125/546 600/2126/600 629/2127/629 596/2128/596
vt 0.459243 0.838257
vt 0.467958 0.838025
vt 0.472520 0.762139
vt 0.464556 0.762200
f 546/2129/546 602/2130/602 632/2131/632 600/2132/600
vt 0.471350 0.678965
vt 0.487604 0.631294
vt 0.487599 0.630486
vt 0.471802 0.680703
f 547/2133/547 601/2134/601 630/2135/630 599/2136/599
vt 0.471350 0.678965
vt 0.479660 0.681508
vt 0.487689 0.646646
vt 0.487604 0.631294
f 547/2137/547 603/2138/603 633/2139/633 601/2140/601
vt 0.492708 0.854858
vt 0.487180 0.863227
vt 0.534082 0.863227
vt 0.534082 0.854536
f 548/2141/548 604/2142/604 634/2143/634 587/2144/587
vt 0.575457 0.854858
vt 0.577245 0.854536
vt 0.534082 0.853570
vt 0.534082 0.854536
f 549/2145/549 590/2146/590 624/2147/624 587/2148/587
vt 0.575457 0.854858
vt 0.580985 0.863227
vt 0.586266 0.863227
vt 0.577245 0.854536
f 549/2149/549 605/2150/605 636/2151/636 590/2152/590
vt 0.492610 0.854858
vt 0.487055 0.863227
vt 0.481899 0.863227
vt 0.490920 0.854536
f 550/2153/550 607/2154/607 637/2155/637 588/2156/588
vt 0.575554 0.854858
vt 0.581110 0.863227
vt 0.534082 0.863227
vt 0.534082 0.854536
f 551/2157/551 606/2158/606 635/2159/635 589/2160/589
vt 0.498864 0.632102
vt 0.534082 0.630486
vt 0.534082 0.682441
vt 0.491783 0.683251
f 552/2161/552 608/2162/608 553/2163/553 526/2164/526
vt 0.498864 0.632102
vt 0.487689 0.646646
vt 0.487608 0.632102
vt 0.505251 0.590086
f 552/2165/552 627/2166/627 595/2167/595 524/2168/524
vt 0.534082 0.682441
vt 0.534082 0.630486
vt 0.569301 0.632102
vt 0.576436 0.683247
f 553/2169/553 608/2170/608 554/2171/554 527/2172/527
vt 0.534082 0.682441
vt 0.534082 0.762203
vt 0.486840 0.762207
vt 0.491783 0.683251
f 553/2173/553 609/2174/609 556/2175/556 526/2176/526
vt 0.569301 0.632102
vt 0.534082 0.630486
vt 0.534082 0.586854
vt 0.562914 0.590086
f 554/2177/554 608/2178/608 555/2179/555 525/2180/525
vt 0.569301 0.632102
vt 0.580475 0.646646
vt 0.588426 0.684053
vt 0.576436 0.683247
f 554/2181/554 615/2182/615 574/2183/574 527/2184/527
vt 0.534082 0.586854
vt 0.534082 0.582006
vt 0.562919 0.586854
vt 0.562914 0.590086
f 555/2185/555 614/2186/614 572/2187/572 525/2188/525
vt 0.486840 0.762207
vt 0.534082 0.762203
vt 0.534082 0.838489
vt 0.482418 0.838262
f 556/2189/556 609/2190/609 557/2191/557 528/2192/528
vt 0.486840 0.762207
vt 0.473878 0.762244
vt 0.479845 0.684061
vt 0.491783 0.683251
f 556/2193/556 626/2194/626 593/2195/593 526/2196/526
vt 0.534082 0.838489
vt 0.534082 0.762203
vt 0.581431 0.762199
vt 0.585800 0.838258
f 557/2197/557 609/2198/609 558/2199/558 529/2200/529
vt 0.534082 0.838489
vt 0.534082 0.859162
vt 0.482248 0.858705
vt 0.482418 0.838262
f 557/2201/557 610/2202/610 559/2203/559 528/2204/528
vt 0.581431 0.762199
vt 0.595352 0.762161
vt 0.600171 0.838027
vt 0.585800 0.838258
f 558/2205/558 616/2206/616 576/2207/576 529/2208/529
vt 0.482248 0.858705
vt 0.534082 0.859162
vt 0.534082 0.870546
vt 0.481296 0.870282
f 559/2209/559 610/2210/610 560/2211/560 530/2212/530
vt 0.482248 0.858705
vt 0.470468 0.854588
vt 0.468100 0.838036
vt 0.482418 0.838262
f 559/2213/559 625/2214/625 591/2215/591 528/2216/528
vt 0.534082 0.870546
vt 0.534082 0.859162
vt 0.585917 0.858705
vt 0.586870 0.870283
f 560/2217/560 610/2218/610 561/2219/561 531/2220/531
vt 0.534082 0.870546
vt 0.534082 0.863227
vt 0.487180 0.863227
vt 0.481296 0.870282
f 560/2221/560 634/2222/634 604/2223/604 530/2224/530
vt 0.585917 0.858705
vt 0.597697 0.854588
vt 0.600751 0.858706
vt 0.586870 0.870283
f 561/2225/561 617/2226/617 578/2227/578 531/2228/531
vt 0.534082 0.586854
vt 0.534082 0.630486
vt 0.569301 0.632102
vt 0.562914 0.590086
f 562/2229/562 611/2230/611 563/2231/563 533/2232/533
vt 0.534082 0.586854
vt 0.534082 0.582006
vt 0.505246 0.586854
vt 0.505251 0.590086
f 562/2233/562 614/2234/614 573/2235/573 532/2236/532
vt 0.569301 0.632102
vt 0.534082 0.630486
vt 0.534082 0.682441
vt 0.576368 0.683252
f 563/2237/563 611/2238/611 564/2239/564 535/2240/535
vt 0.569301 0.632102
vt 0.580475 0.646646
vt 0.580561 0.631294
vt 0.562914 0.590086
f 563/2241/563 621/2242/621 580/2243/580 533/2244/533
vt 0.534082 0.682441
vt 0.534082 0.630486
vt 0.498864 0.632102
vt 0.491715 0.683246
f 564/2245/564 611/2246/611 565/2247/565 534/2248/534
vt 0.534082 0.682441
vt 0.534082 0.762203
vt 0.581295 0.762209
vt 0.576368 0.683252
f 564/2249/564 612/2250/612 566/2251/566 535/2252/535
vt 0.498864 0.632102
vt 0.487689 0.646646
vt 0.479660 0.681508
vt 0.491715 0.683246
f 565/2253/565 633/2254/633 603/2255/603 534/2256/534
vt 0.581295 0.762209
vt 0.534082 0.762203
vt 0.534082 0.838489
vt 0.585735 0.838263
f 566/2257/566 612/2258/612 567/2259/567 537/2260/537
vt 0.581295 0.762209
vt 0.593994 0.762267
vt 0.588423 0.681515
vt 0.576368 0.683252
f 566/2261/566 622/2262/622 585/2263/585 535/2264/535
vt 0.534082 0.838489
vt 0.534082 0.762203
vt 0.486705 0.762197
vt 0.482347 0.838257
f 567/2265/567 612/2266/612 568/2267/568 536/2268/536
vt 0.534082 0.838489
vt 0.534082 0.859162
vt 0.586000 0.858705
vt 0.585735 0.838263
f 567/2269/567 613/2270/613 569/2271/569 537/2272/537
vt 0.486705 0.762197
vt 0.472520 0.762139
vt 0.467958 0.838025
vt 0.482347 0.838257
f 568/2273/568 632/2274/632 602/2275/602 536/2276/536
vt 0.586000 0.858705
vt 0.534082 0.859162
vt 0.534082 0.870546
vt 0.587025 0.870283
f 569/2277/569 613/2278/613 570/2279/570 539/2280/539
vt 0.586000 0.858705
vt 0.597760 0.854588
vt 0.600042 0.838038
vt 0.585735 0.838263
f 569/2281/569 623/2282/623 586/2283/586 537/2284/537
vt 0.534082 0.870546
vt 0.534082 0.859162
vt 0.482165 0.858705
vt 0.481141 0.870282
f 570/2285/570 613/2286/613 571/2287/571 538/2288/538
vt 0.534082 0.870546
vt 0.534082 0.863227
vt 0.581110 0.863227
vt 0.587025 0.870283
f 570/2289/570 635/2290/635 606/2291/606 539/2292/539
vt 0.482165 0.858705
vt 0.470404 0.854588
vt 0.467334 0.858704
vt 0.481141 0.870282
f 571/2293/571 631/2294/631 597/2295/597 538/2296/538
vt 0.562919 0.586854
vt 0.580566 0.630486
vt 0.580557 0.632102
vt 0.562914 0.590086
f 572/2297/572 618/2298/618 575/2299/575 525/2300/525
vt 0.505246 0.586854
vt 0.487599 0.630486
vt 0.487604 0.631294
vt 0.505251 0.590086
f 573/2301/573 630/2302/630 601/2303/601 532/2304/532
vt 0.588426 0.684053
vt 0.580475 0.646646
vt 0.580557 0.632102
vt 0.595472 0.683247
f 574/2305/574 615/2306/615 575/2307/575 540/2308/540
vt 0.580557 0.632102
vt 0.580566 0.630486
vt 0.596363 0.680703
vt 0.595472 0.683247
f 575/2309/575 618/2310/618 579/2311/579 540/2312/540
vt 0.600171 0.838027
vt 0.595352 0.762161
vt 0.603161 0.762199
vt 0.608905 0.838259
f 576/2313/576 616/2314/616 577/2315/577 541/2316/541
vt 0.603161 0.762199
vt 0.604028 0.762203
vt 0.609511 0.838490
vt 0.608905 0.838259
f 577/2317/577 619/2318/619 581/2319/581 541/2320/541
vt 0.600751 0.858706
vt 0.601144 0.859172
vt 0.591556 0.870547
vt 0.586870 0.870283
f 578/2321/578 620/2322/620 583/2323/583 531/2324/531
vt 0.596363 0.680703
vt 0.580566 0.630486
vt 0.580561 0.631294
vt 0.596814 0.678965
f 579/2325/579 618/2326/618 580/2327/580 544/2328/544
vt 0.580561 0.631294
vt 0.580475 0.646646
vt 0.588423 0.681515
vt 0.596814 0.678965
f 580/2329/580 621/2330/621 585/2331/585 544/2332/544
vt 0.609511 0.838490
vt 0.604028 0.762203
vt 0.603527 0.762206
vt 0.608840 0.838264
f 581/2333/581 619/2334/619 582/2335/582 545/2336/545
vt 0.603527 0.762206
vt 0.593994 0.762267
vt 0.600042 0.838038
vt 0.608840 0.838264
f 582/2337/582 622/2338/622 586/2339/586 545/2340/545
vt 0.591556 0.870547
vt 0.601144 0.859172
vt 0.600833 0.858706
vt 0.587025 0.870283
f 583/2341/583 620/2342/620 584/2343/584 539/2344/539
vt 0.591556 0.870547
vt 0.586266 0.863227
vt 0.580985 0.863227
vt 0.586870 0.870283
f 583/2345/583 636/2346/636 605/2347/605 531/2348/531
vt 0.534082 0.854536
vt 0.534082 0.853570
vt 0.490920 0.854536
vt 0.492708 0.854858
f 587/2349/587 624/2350/624 588/2351/588 548/2352/548
vt 0.534082 0.854536
vt 0.534082 0.863227
vt 0.580985 0.863227
vt 0.575457 0.854858
f 587/2353/587 634/2354/634 605/2355/605 549/2356/549
vt 0.490920 0.854536
vt 0.534082 0.853570
vt 0.534082 0.854536
vt 0.492610 0.854858
f 588/2357/588 624/2358/624 589/2359/589 550/2360/550
vt 0.490920 0.854536
vt 0.481899 0.863227
vt 0.487180 0.863227
vt 0.492708 0.854858
f 588/2361/588 637/2362/637 604/2363/604 548/2364/548
vt 0.534082 0.854536
vt 0.534082 0.853570
vt 0.577245 0.854536
vt 0.575554 0.854858
f 589/2365/589 624/2366/624 590/2367/590 551/2368/551
vt 0.534082 0.854536
vt 0.534082 0.863227
vt 0.487055 0.863227
vt 0.492610 0.854858
f 589/2369/589 635/2370/635 607/2371/607 550/2372/550
vt 0.577245 0.854536
vt 0.586266 0.863227
vt 0.581110 0.863227
vt 0.575554 0.854858
f 590/2373/590 636/2374/636 606/2375/606 551/2376/551
vt 0.468100 0.838036
vt 0.470468 0.854588
vt 0.467417 0.858704
vt 0.459314 0.838262
f 591/2377/591 625/2378/625 592/2379/592 542/2380/542
vt 0.467417 0.858704
vt 0.467047 0.859153
vt 0.458656 0.838488
vt 0.459314 0.838262
f 592/2381/592 628/2382/628 596/2383/596 542/2384/542
vt 0.479845 0.684061
vt 0.473878 0.762244
vt 0.465111 0.762207
vt 0.472746 0.683251
f 593/2385/593 626/2386/626 594/2387/594 543/2388/543
vt 0.465111 0.762207
vt 0.464136 0.762203
vt 0.471802 0.680703
vt 0.472746 0.683251
f 594/2389/594 629/2390/629 599/2391/599 543/2392/543
vt 0.458656 0.838488
vt 0.467047 0.859153
vt 0.467334 0.858704
vt 0.459243 0.838257
f 596/2393/596 628/2394/628 597/2395/597 546/2396/546
vt 0.467334 0.858704
vt 0.467047 0.859153
vt 0.476611 0.870546
vt 0.481141 0.870282
f 597/2397/597 628/2398/628 598/2399/598 538/2400/538
vt 0.467334 0.858704
vt 0.470404 0.854588
vt 0.467958 0.838025
vt 0.459243 0.838257
f 597/2401/597 631/2402/631 602/2403/602 546/2404/546
vt 0.476611 0.870546
vt 0.481899 0.863227
vt 0.487055 0.863227
vt 0.481141 0.870282
f 598/2405/598 637/2406/637 607/2407/607 538/2408/538
vt 0.471802 0.680703
vt 0.464136 0.762203
vt 0.464556 0.762200
vt 0.471350 0.678965
f 599/2409/599 629/2410/629 600/2411/600 547/2412/547
vt 0.464556 0.762200
vt 0.472520 0.762139
vt 0.479660 0.681508
vt 0.471350 0.678965
f 600/2413/600 632/2414/632 603/2415/603 547/2416/547
vt 0.505251 0.590086
vt 0.487608 0.632102
vt 0.487689 0.646646
vt 0.498864 0.632102
f 638/2417/638 709/2418/709 741/2419/741 666/2420/666
vt 0.562914 0.590086
vt 0.534082 0.586854
vt 0.534082 0.630486
vt 0.569301 0.632102
f 639/2421/639 669/2422/669 722/2423/722 668/2424/668
vt 0.562914 0.590086
vt 0.562919 0.586854
vt 0.534082 0.582006
vt 0.534082 0.586854
f 639/2425/639 686/2426/686 728/2427/728 669/2428/669
vt 0.562914 0.590086
vt 0.580557 0.632102
vt 0.580566 0.630486
vt 0.562919 0.586854
f 639/2429/639 689/2430/689 732/2431/732 686/2432/686
vt 0.491783 0.683251
vt 0.534082 0.682441
vt 0.534082 0.630486
vt 0.498864 0.632102
f 640/2433/640 667/2434/667 722/2435/722 666/2436/666
vt 0.491783 0.683251
vt 0.486840 0.762207
vt 0.534082 0.762203
vt 0.534082 0.682441
f 640/2437/640 670/2438/670 723/2439/723 667/2440/667
vt 0.491783 0.683251
vt 0.479845 0.684061
vt 0.473878 0.762244
vt 0.486840 0.762207
f 640/2441/640 707/2442/707 740/2443/740 670/2444/670
vt 0.576436 0.683247
vt 0.569301 0.632102
vt 0.534082 0.630486
vt 0.534082 0.682441
f 641/2445/641 668/2446/668 722/2447/722 667/2448/667
vt 0.576436 0.683247
vt 0.588426 0.684053
vt 0.580475 0.646646
vt 0.569301 0.632102
f 641/2449/641 688/2450/688 729/2451/729 668/2452/668
vt 0.482418 0.838262
vt 0.534082 0.838489
vt 0.534082 0.762203
vt 0.486840 0.762207
f 642/2453/642 671/2454/671 723/2455/723 670/2456/670
vt 0.482418 0.838262
vt 0.482248 0.858705
vt 0.534082 0.859162
vt 0.534082 0.838489
f 642/2457/642 673/2458/673 724/2459/724 671/2460/671
vt 0.482418 0.838262
vt 0.468100 0.838036
vt 0.470468 0.854588
vt 0.482248 0.858705
f 642/2461/642 705/2462/705 739/2463/739 673/2464/673
vt 0.585800 0.838258
vt 0.581431 0.762199
vt 0.534082 0.762203
vt 0.534082 0.838489
f 643/2465/643 672/2466/672 723/2467/723 671/2468/671
vt 0.585800 0.838258
vt 0.600171 0.838027
vt 0.595352 0.762161
vt 0.581431 0.762199
f 643/2469/643 690/2470/690 730/2471/730 672/2472/672
vt 0.481296 0.870282
vt 0.534082 0.870546
vt 0.534082 0.859162
vt 0.482248 0.858705
f 644/2473/644 674/2474/674 724/2475/724 673/2476/673
vt 0.481296 0.870282
vt 0.487180 0.863227
vt 0.534082 0.863227
vt 0.534082 0.870546
f 644/2477/644 718/2478/718 748/2479/748 674/2480/674
vt 0.586870 0.870283
vt 0.585917 0.858705
vt 0.534082 0.859162
vt 0.534082 0.870546
f 645/2481/645 675/2482/675 724/2483/724 674/2484/674
vt 0.586870 0.870283
vt 0.600751 0.858706
vt 0.597697 0.854588
vt 0.585917 0.858705
f 645/2485/645 692/2486/692 731/2487/731 675/2488/675
vt 0.586870 0.870283
vt 0.591556 0.870547
vt 0.601144 0.859172
vt 0.600751 0.858706
f 645/2489/645 697/2490/697 734/2491/734 692/2492/692
vt 0.586870 0.870283
vt 0.580985 0.863227
vt 0.586266 0.863227
vt 0.591556 0.870547
f 645/2493/645 719/2494/719 750/2495/750 697/2496/697
vt 0.505251 0.590086
vt 0.505246 0.586854
vt 0.534082 0.582006
vt 0.534082 0.586854
f 646/2497/646 687/2498/687 728/2499/728 676/2500/676
vt 0.505251 0.590086
vt 0.487604 0.631294
vt 0.487599 0.630486
vt 0.505246 0.586854
f 646/2501/646 715/2502/715 744/2503/744 687/2504/687
vt 0.562914 0.590086
vt 0.569301 0.632102
vt 0.534082 0.630486
vt 0.534082 0.586854
f 647/2505/647 677/2506/677 725/2507/725 676/2508/676
vt 0.562914 0.590086
vt 0.580561 0.631294
vt 0.580475 0.646646
vt 0.569301 0.632102
f 647/2509/647 694/2510/694 735/2511/735 677/2512/677
vt 0.491715 0.683246
vt 0.498864 0.632102
vt 0.534082 0.630486
vt 0.534082 0.682441
f 648/2513/648 679/2514/679 725/2515/725 678/2516/678
vt 0.491715 0.683246
vt 0.479660 0.681508
vt 0.487689 0.646646
vt 0.498864 0.632102
f 648/2517/648 717/2518/717 747/2519/747 679/2520/679
vt 0.576368 0.683252
vt 0.534082 0.682441
vt 0.534082 0.630486
vt 0.569301 0.632102
f 649/2521/649 678/2522/678 725/2523/725 677/2524/677
vt 0.576368 0.683252
vt 0.581295 0.762209
vt 0.534082 0.762203
vt 0.534082 0.682441
f 649/2525/649 680/2526/680 726/2527/726 678/2528/678
vt 0.576368 0.683252
vt 0.588423 0.681515
vt 0.593994 0.762267
vt 0.581295 0.762209
f 649/2529/649 699/2530/699 736/2531/736 680/2532/680
vt 0.482347 0.838257
vt 0.486705 0.762197
vt 0.534082 0.762203
vt 0.534082 0.838489
f 650/2533/650 682/2534/682 726/2535/726 681/2536/681
vt 0.482347 0.838257
vt 0.467958 0.838025
vt 0.472520 0.762139
vt 0.486705 0.762197
f 650/2537/650 716/2538/716 746/2539/746 682/2540/682
vt 0.585735 0.838263
vt 0.534082 0.838489
vt 0.534082 0.762203
vt 0.581295 0.762209
f 651/2541/651 681/2542/681 726/2543/726 680/2544/680
vt 0.585735 0.838263
vt 0.586000 0.858705
vt 0.534082 0.859162
vt 0.534082 0.838489
f 651/2545/651 683/2546/683 727/2547/727 681/2548/681
vt 0.585735 0.838263
vt 0.600042 0.838038
vt 0.597760 0.854588
vt 0.586000 0.858705
f 651/2549/651 700/2550/700 737/2551/737 683/2552/683
vt 0.481141 0.870282
vt 0.482165 0.858705
vt 0.534082 0.859162
vt 0.534082 0.870546
f 652/2553/652 685/2554/685 727/2555/727 684/2556/684
vt 0.481141 0.870282
vt 0.467334 0.858704
vt 0.470404 0.854588
vt 0.482165 0.858705
f 652/2557/652 711/2558/711 745/2559/745 685/2560/685
vt 0.481141 0.870282
vt 0.476611 0.870546
vt 0.467047 0.859153
vt 0.467334 0.858704
f 652/2561/652 712/2562/712 742/2563/742 711/2564/711
vt 0.481141 0.870282
vt 0.487055 0.863227
vt 0.481899 0.863227
vt 0.476611 0.870546
f 652/2565/652 721/2566/721 751/2567/751 712/2568/712
vt 0.587025 0.870283
vt 0.534082 0.870546
vt 0.534082 0.859162
vt 0.586000 0.858705
f 653/2569/653 684/2570/684 727/2571/727 683/2572/683
vt 0.587025 0.870283
vt 0.600833 0.858706
vt 0.601144 0.859172
vt 0.591556 0.870547
f 653/2573/653 698/2574/698 734/2575/734 697/2576/697
vt 0.587025 0.870283
vt 0.581110 0.863227
vt 0.534082 0.863227
vt 0.534082 0.870546
f 653/2577/653 720/2578/720 749/2579/749 684/2580/684
vt 0.595472 0.683247
vt 0.580557 0.632102
vt 0.580475 0.646646
vt 0.588426 0.684053
f 654/2581/654 689/2582/689 729/2583/729 688/2584/688
vt 0.595472 0.683247
vt 0.596363 0.680703
vt 0.580566 0.630486
vt 0.580557 0.632102
f 654/2585/654 693/2586/693 732/2587/732 689/2588/689
vt 0.608905 0.838259
vt 0.603161 0.762199
vt 0.595352 0.762161
vt 0.600171 0.838027
f 655/2589/655 691/2590/691 730/2591/730 690/2592/690
vt 0.608905 0.838259
vt 0.609511 0.838490
vt 0.604028 0.762203
vt 0.603161 0.762199
f 655/2593/655 695/2594/695 733/2595/733 691/2596/691
vt 0.459314 0.838262
vt 0.467417 0.858704
vt 0.470468 0.854588
vt 0.468100 0.838036
f 656/2597/656 706/2598/706 739/2599/739 705/2600/705
vt 0.459314 0.838262
vt 0.458656 0.838488
vt 0.467047 0.859153
vt 0.467417 0.858704
f 656/2601/656 710/2602/710 742/2603/742 706/2604/706
vt 0.472746 0.683251
vt 0.465111 0.762207
vt 0.473878 0.762244
vt 0.479845 0.684061
f 657/2605/657 708/2606/708 740/2607/740 707/2608/707
vt 0.472746 0.683251
vt 0.471802 0.680703
vt 0.464136 0.762203
vt 0.465111 0.762207
f 657/2609/657 713/2610/713 743/2611/743 708/2612/708
vt 0.596814 0.678965
vt 0.580561 0.631294
vt 0.580566 0.630486
vt 0.596363 0.680703
f 658/2613/658 694/2614/694 732/2615/732 693/2616/693
vt 0.596814 0.678965
vt 0.588423 0.681515
vt 0.580475 0.646646
vt 0.580561 0.631294
f 658/2617/658 699/2618/699 735/2619/735 694/2620/694
vt 0.608840 0.838264
vt 0.603527 0.762206
vt 0.604028 0.762203
vt 0.609511 0.838490
f 659/2621/659 696/2622/696 733/2623/733 695/2624/695
vt 0.608840 0.838264
vt 0.600042 0.838038
vt 0.593994 0.762267
vt 0.603527 0.762206
f 659/2625/659 700/2626/700 736/2627/736 696/2628/696
vt 0.459243 0.838257
vt 0.467334 0.858704
vt 0.467047 0.859153
vt 0.458656 0.838488
f 660/2629/660 711/2630/711 742/2631/742 710/2632/710
vt 0.459243 0.838257
vt 0.467958 0.838025
vt 0.470404 0.854588
vt 0.467334 0.858704
f 660/2633/660 716/2634/716 745/2635/745 711/2636/711
vt 0.471350 0.678965
vt 0.464556 0.762200
vt 0.464136 0.762203
vt 0.471802 0.680703
f 661/2637/661 714/2638/714 743/2639/743 713/2640/713
vt 0.471350 0.678965
vt 0.479660 0.681508
vt 0.472520 0.762139
vt 0.464556 0.762200
f 661/2641/661 717/2642/717 746/2643/746 714/2644/714
vt 0.492708 0.854858
vt 0.490920 0.854536
vt 0.534082 0.853570
vt 0.534082 0.854536
f 662/2645/662 702/2646/702 738/2647/738 701/2648/701
vt 0.492708 0.854858
vt 0.487180 0.863227
vt 0.481899 0.863227
vt 0.490920 0.854536
f 662/2649/662 718/2650/718 751/2651/751 702/2652/702
vt 0.575457 0.854858
vt 0.580985 0.863227
vt 0.534082 0.863227
vt 0.534082 0.854536
f 663/2653/663 719/2654/719 748/2655/748 701/2656/701
vt 0.492610 0.854858
vt 0.534082 0.854536
vt 0.534082 0.853570
vt 0.490920 0.854536
f 664/2657/664 703/2658/703 738/2659/738 702/2660/702
vt 0.492610 0.854858
vt 0.487055 0.863227
vt 0.534082 0.863227
vt 0.534082 0.854536
f 664/2661/664 721/2662/721 749/2663/749 703/2664/703
vt 0.575554 0.854858
vt 0.577245 0.854536
vt 0.534082 0.853570
vt 0.534082 0.854536
f 665/2665/665 704/2666/704 738/2667/738 703/2668/703
vt 0.575554 0.854858
vt 0.581110 0.863227
vt 0.586266 0.863227
vt 0.577245 0.854536
f 665/2669/665 720/2670/720 750/2671/750 704/2672/704
vt 0.498864 0.632102
vt 0.534082 0.630486
vt 0.534082 0.586854
vt 0.505251 0.590086
f 666/2673/666 722/2674/722 669/2675/669 638/2676/638
vt 0.498864 0.632102
vt 0.487689 0.646646
vt 0.479845 0.684061
vt 0.491783 0.683251
f 666/2677/666 741/2678/741 707/2679/707 640/2680/640
vt 0.534082 0.682441
vt 0.534082 0.762203
vt 0.581431 0.762199
vt 0.576436 0.683247
f 667/2681/667 723/2682/723 672/2683/672 641/2684/641
vt 0.569301 0.632102
vt 0.580475 0.646646
vt 0.580557 0.632102
vt 0.562914 0.590086
f 668/2685/668 729/2686/729 689/2687/689 639/2688/639
vt 0.534082 0.586854
vt 0.534082 0.582006
vt 0.505246 0.586854
vt 0.505251 0.590086
f 669/2689/669 728/2690/728 687/2691/687 638/2692/638
vt 0.486840 0.762207
vt 0.473878 0.762244
vt 0.468100 0.838036
vt 0.482418 0.838262
f 670/2693/670 740/2694/740 705/2695/705 642/2696/642
vt 0.534082 0.838489
vt 0.534082 0.859162
vt 0.585917 0.858705
vt 0.585800 0.838258
f 671/2697/671 724/2698/724 675/2699/675 643/2700/643
vt 0.581431 0.762199
vt 0.595352 0.762161
vt 0.588426 0.684053
vt 0.576436 0.683247
f 672/2701/672 730/2702/730 688/2703/688 641/2704/641
vt 0.482248 0.858705
vt 0.470468 0.854588
vt 0.467417 0.858704
vt 0.481296 0.870282
f 673/2705/673 739/2706/739 706/2707/706 644/2708/644
vt 0.534082 0.870546
vt 0.534082 0.863227
vt 0.580985 0.863227
vt 0.586870 0.870283
f 674/2709/674 748/2710/748 719/2711/719 645/2712/645
vt 0.585917 0.858705
vt 0.597697 0.854588
vt 0.600171 0.838027
vt 0.585800 0.838258
f 675/2713/675 731/2714/731 690/2715/690 643/2716/643
vt 0.534082 0.586854
vt 0.534082 0.630486
vt 0.498864 0.632102
vt 0.505251 0.590086
f 676/2717/676 725/2718/725 679/2719/679 646/2720/646
vt 0.534082 0.586854
vt 0.534082 0.582006
vt 0.562919 0.586854
vt 0.562914 0.590086
f 676/2721/676 728/2722/728 686/2723/686 647/2724/647
vt 0.569301 0.632102
vt 0.580475 0.646646
vt 0.588423 0.681515
vt 0.576368 0.683252
f 677/2725/677 735/2726/735 699/2727/699 649/2728/649
vt 0.534082 0.682441
vt 0.534082 0.762203
vt 0.486705 0.762197
vt 0.491715 0.683246
f 678/2729/678 726/2730/726 682/2731/682 648/2732/648
vt 0.498864 0.632102
vt 0.487689 0.646646
vt 0.487604 0.631294
vt 0.505251 0.590086
f 679/2733/679 747/2734/747 715/2735/715 646/2736/646
vt 0.581295 0.762209
vt 0.593994 0.762267
vt 0.600042 0.838038
vt 0.585735 0.838263
f 680/2737/680 736/2738/736 700/2739/700 651/2740/651
vt 0.534082 0.838489
vt 0.534082 0.859162
vt 0.482165 0.858705
vt 0.482347 0.838257
f 681/2741/681 727/2742/727 685/2743/685 650/2744/650
vt 0.486705 0.762197
vt 0.472520 0.762139
vt 0.479660 0.681508
vt 0.491715 0.683246
f 682/2745/682 746/2746/746 717/2747/717 648/2748/648
vt 0.586000 0.858705
vt 0.597760 0.854588
vt 0.600833 0.858706
vt 0.587025 0.870283
f 683/2749/683 737/2750/737 698/2751/698 653/2752/653
vt 0.534082 0.870546
vt 0.534082 0.863227
vt 0.487055 0.863227
vt 0.481141 0.870282
f 684/2753/684 749/2754/749 721/2755/721 652/2756/652
vt 0.482165 0.858705
vt 0.470404 0.854588
vt 0.467958 0.838025
vt 0.482347 0.838257
f 685/2757/685 745/2758/745 716/2759/716 650/2760/650
vt 0.562919 0.586854
vt 0.580566 0.630486
vt 0.580561 0.631294
vt 0.562914 0.590086
f 686/2761/686 732/2762/732 694/2763/694 647/2764/647
vt 0.505246 0.586854
vt 0.487599 0.630486
vt 0.487608 0.632102
vt 0.505251 0.590086
f 687/2765/687 744/2766/744 709/2767/709 638/2768/638
vt 0.588426 0.684053
vt 0.595352 0.762161
vt 0.603161 0.762199
vt 0.595472 0.683247
f 688/2769/688 730/2770/730 691/2771/691 654/2772/654
vt 0.600171 0.838027
vt 0.597697 0.854588
vt 0.600751 0.858706
vt 0.608905 0.838259
f 690/2773/690 731/2774/731 692/2775/692 655/2776/655
vt 0.603161 0.762199
vt 0.604028 0.762203
vt 0.596363 0.680703
vt 0.595472 0.683247
f 691/2777/691 733/2778/733 693/2779/693 654/2780/654
vt 0.600751 0.858706
vt 0.601144 0.859172
vt 0.609511 0.838490
vt 0.608905 0.838259
f 692/2781/692 734/2782/734 695/2783/695 655/2784/655
vt 0.596363 0.680703
vt 0.604028 0.762203
vt 0.603527 0.762206
vt 0.596814 0.678965
f 693/2785/693 733/2786/733 696/2787/696 658/2788/658
vt 0.609511 0.838490
vt 0.601144 0.859172
vt 0.600833 0.858706
vt 0.608840 0.838264
f 695/2789/695 734/2790/734 698/2791/698 659/2792/659
vt 0.603527 0.762206
vt 0.593994 0.762267
vt 0.588423 0.681515
vt 0.596814 0.678965
f 696/2793/696 736/2794/736 699/2795/699 658/2796/658
vt 0.591556 0.870547
vt 0.586266 0.863227
vt 0.581110 0.863227
vt 0.587025 0.870283
f 697/2797/697 750/2798/750 720/2799/720 653/2800/653
vt 0.600833 0.858706
vt 0.597760 0.854588
vt 0.600042 0.838038
vt 0.608840 0.838264
f 698/2801/698 737/2802/737 700/2803/700 659/2804/659
vt 0.534082 0.854536
vt 0.534082 0.853570
vt 0.577245 0.854536
vt 0.575457 0.854858
f 701/2805/701 738/2806/738 704/2807/704 663/2808/663
vt 0.534082 0.854536
vt 0.534082 0.863227
vt 0.487180 0.863227
vt 0.492708 0.854858
f 701/2809/701 748/2810/748 718/2811/718 662/2812/662
vt 0.490920 0.854536
vt 0.481899 0.863227
vt 0.487055 0.863227
vt 0.492610 0.854858
f 702/2813/702 751/2814/751 721/2815/721 664/2816/664
vt 0.534082 0.854536
vt 0.534082 0.863227
vt 0.581110 0.863227
vt 0.575554 0.854858
f 703/2817/703 749/2818/749 720/2819/720 665/2820/665
vt 0.577245 0.854536
vt 0.586266 0.863227
vt 0.580985 0.863227
vt 0.575457 0.854858
f 704/2821/704 750/2822/750 719/2823/719 663/2824/663
vt 0.468100 0.838036
vt 0.473878 0.762244
vt 0.465111 0.762207
vt 0.459314 0.838262
f 705/2825/705 740/2826/740 708/2827/708 656/2828/656
vt 0.467417 0.858704
vt 0.467047 0.859153
vt 0.476611 0.870546
vt 0.481296 0.870282
f 706/2829/706 742/2830/742 712/2831/712 644/2832/644
vt 0.479845 0.684061
vt 0.487689 0.646646
vt 0.487608 0.632102
vt 0.472746 0.683251
f 707/2833/707 741/2834/741 709/2835/709 657/2836/657
vt 0.465111 0.762207
vt 0.464136 0.762203
vt 0.458656 0.838488
vt 0.459314 0.838262
f 708/2837/708 743/2838/743 710/2839/710 656/2840/656
vt 0.487608 0.632102
vt 0.487599 0.630486
vt 0.471802 0.680703
vt 0.472746 0.683251
f 709/2841/709 744/2842/744 713/2843/713 657/2844/657
vt 0.458656 0.838488
vt 0.464136 0.762203
vt 0.464556 0.762200
vt 0.459243 0.838257
f 710/2845/710 743/2846/743 714/2847/714 660/2848/660
vt 0.476611 0.870546
vt 0.481899 0.863227
vt 0.487180 0.863227
vt 0.481296 0.870282
f 712/2849/712 751/2850/751 718/2851/718 644/2852/644
vt 0.471802 0.680703
vt 0.487599 0.630486
vt 0.487604 0.631294
vt 0.471350 0.678965
f 713/2853/713 744/2854/744 715/2855/715 661/2856/661
vt 0.464556 0.762200
vt 0.472520 0.762139
vt 0.467958 0.838025
vt 0.459243 0.838257
f 714/2857/714 746/2858/746 716/2859/716 660/2860/660
vt 0.487604 0.631294
vt 0.487689 0.646646
vt 0.479660 0.681508
vt 0.471350 0.678965
f 715/2861/715 747/2862/747 717/2863/717 661/2864/661
usemtl tex1_0
v -0.743981 -3.801270 11.670200
vn 0.631063 0.620988 -0.464902
v 0.756699 -3.801270 11.670200
vn -0.663532 0.610342 -0.432675
v -0.826965 -3.764250 9.286870
vn 0.781083 0.608994 0.137968
v 0.839684 -3.764250 9.286870
vn -0.746992 0.654564 0.116396
v -0.817649 -2.898030 7.365640
vn 0.574203 0.802121 0.163991
v 0.830368 -2.898030 7.365640
vn -0.603489 0.790594 0.103736
v -0.805735 -2.823100 -4.056830
vn 0.614523 0.748943 0.247883
v 0.818453 -2.823100 -4.056830
vn -0.638928 0.745162 0.191062
v -0.776505 -0.403274 13.620300
vn 0.762490 0.147369 -0.629993
v 0.789191 -0.403280 13.620300
vn -0.796324 0.097368 -0.596982
v 1.943450 -0.371387 9.417090
vn -0.982093 -0.041860 -0.183688
v 2.183400 -0.351495 6.791860
vn -0.989731 0.142210 0.014481
v 2.260090 -0.357117 0.465635
vn -0.986885 0.161230 -0.007921
v 2.155560 -0.317138 -4.308810
vn -0.878310 -0.312489 0.361832
v -2.142840 -0.317138 -4.308810
vn 0.823915 -0.220505 0.522056
v -2.247390 -0.357106 0.465647
vn 0.988647 0.150256 0.000245
v -2.170760 -0.351467 6.791880
vn 0.998983 0.024825 -0.037637
v -1.930820 -0.371364 9.417100
vn 0.986308 -0.006070 -0.164805
v -0.775036 0.193005 13.942400
vn 0.374845 0.880792 -0.289303
v 0.787755 0.193005 13.942400
vn -0.470335 -0.348699 -0.810675
v 2.044780 0.192986 9.322380
vn -0.959451 -0.245738 -0.138084
v 2.260380 0.192976 6.612730
vn -0.950148 0.308844 -0.042836
v 2.350550 0.192950 0.082378
vn -0.908255 0.418286 -0.010449
v 2.350550 0.192931 -4.537620
vn -0.578944 0.648903 0.493709
v -2.337830 0.192931 -4.537620
vn 0.480102 0.658652 0.579379
v -2.337830 0.192950 0.082378
vn 0.908021 0.418853 -0.007741
v -2.247670 0.192976 6.612730
vn 0.951605 0.304321 -0.042854
v -2.032060 0.192986 9.322380
vn 0.883279 0.449861 -0.132072
v -0.679329 -1.781860 -5.507200
vn 0.409782 0.355387 0.840107
v 0.692048 -1.781860 -5.507200
vn -0.378162 0.275008 0.883948
v 0.735614 -0.488935 -5.507200
vn -0.337887 -0.327284 0.882450
v -0.722896 -0.488934 -5.507200
vn 0.368359 -0.325722 0.870756
v -0.661725 -0.094245 13.534900
vn 0.665940 -0.561509 -0.491153
v 0.674350 -0.094251 13.534900
vn -0.676855 -0.539064 -0.501275
v 1.768070 -0.094872 9.381020
vn -0.815370 -0.559271 -0.149627
v 2.023350 -0.100138 6.577160
vn -0.814147 -0.579655 -0.034125
v 2.119420 -0.094513 0.189671
vn -0.831043 -0.556096 -0.011221
v 2.074990 -0.094310 -4.150980
vn -0.613524 -0.591943 0.522677
v -2.062260 -0.094311 -4.150990
vn 0.629170 -0.577021 0.520761
v -2.106440 -0.094519 0.189663
vn 0.839601 -0.543089 -0.011155
v -2.012430 -0.099377 6.578090
vn 0.819279 -0.572353 -0.034552
v -1.757640 -0.094467 9.380660
vn 0.817981 -0.555749 -0.148493
v -0.661753 0.069922 13.534900
vn 0.679355 0.539544 -0.497362
v 0.674380 0.069927 13.534900
vn -0.661637 0.568978 -0.488366
v 1.770090 0.069719 9.376460
vn -0.817324 0.557577 -0.145224
v 2.025460 0.066288 6.416520
vn -0.827523 0.560368 -0.034535
v 2.119780 0.069669 0.184888
vn -0.840769 0.541281 -0.011035
v 2.075000 0.069862 -4.150980
vn -0.627730 0.581116 0.517938
v -2.062270 0.069863 -4.150990
vn 0.607635 0.607207 0.511937
v -2.106790 0.069701 0.184874
vn 0.831700 0.555120 -0.010852
v -2.014440 0.066172 6.417110
vn 0.831873 0.553839 -0.035339
v -1.759520 0.069342 9.376080
vn 0.820108 0.552642 -0.148361
v 0.006359 -3.865270 11.710100
vn 0.000000 0.837710 -0.546116
v 0.006359 -4.004650 9.380930
vn 0.000000 0.944215 0.329331
v 0.006359 -3.057380 7.554660
vn 0.000000 0.980674 0.195649
v 0.006359 -2.945630 -3.956250
vn 0.000000 0.973569 0.228393
v 0.006360 -0.403274 13.821600
vn 0.000000 0.305041 -0.952339
v 0.006360 0.069934 13.760200
vn 0.000001 0.504396 -0.863473
v 0.006360 -0.094239 13.760200
vn 0.000000 -0.504396 -0.863472
v 0.006360 -0.445212 -5.524520
vn -0.000000 -0.623893 0.781510
v 0.006360 -1.808600 -5.524510
vn 0.000000 0.357687 0.933841
v 0.006360 0.069862 -4.375530
vn -0.000003 0.474712 0.880141
v 0.006360 -0.094310 -4.375520
vn 0.000000 -0.474710 0.880142
v 0.006360 -0.217381 -4.537620
vn 0.000526 -0.942528 0.334128
v 0.006360 0.192931 -4.537620
vn -0.000000 0.816486 0.577365
v 0.006360 0.193005 13.942400
vn 0.000001 0.846450 -0.532468
v 0.397122 -3.865270 11.710100
vn -0.221139 0.810633 -0.542191
v 0.006359 -4.057270 10.519800
vn 0.000000 0.998383 -0.056847
v 0.398302 -4.004650 9.380930
vn -0.145769 0.930813 0.335169
v 0.781290 -3.865280 10.575400
vn -0.756458 0.642261 -0.123580
v 0.006359 -3.531020 8.724490
vn 0.000000 0.875241 0.483687
v 0.398710 -3.057380 7.554660
vn -0.137627 0.972036 0.190276
v 0.830868 -3.351680 8.547600
vn -0.560452 0.772867 0.297607
v 0.006359 -3.004780 1.795370
vn 0.000000 0.999953 0.009708
v 0.402441 -2.945630 -3.956250
vn -0.141552 0.963407 0.227620
v 0.835330 -2.865410 1.594220
vn -0.624393 0.781069 0.007990
v 0.006359 -2.137290 12.830600
vn 0.000000 0.520335 -0.853962
v 0.780176 -2.137290 12.655200
vn -0.743507 0.380282 -0.550076
v 0.393394 -0.403274 13.821600
vn -0.244133 0.251725 -0.936501
v 0.006360 -0.012152 13.750700
vn 0.000000 0.000000 -1.000000
v 0.327457 -0.094239 13.760200
vn -0.234589 -0.526472 -0.817187
v 0.667715 -0.012165 13.527200
vn -0.806490 0.002893 -0.591240
v 0.327457 0.069934 13.760200
vn -0.227909 0.540874 -0.809637
v 1.414180 -2.073300 9.413140
vn -0.944625 0.292481 -0.148790
v 1.375240 -0.403294 11.570900
vn -0.969685 -0.024182 -0.243161
v 2.095090 -0.339478 8.105010
vn -0.995930 -0.020765 -0.087708
v 1.548890 -2.033350 7.994820
vn -0.875169 0.481776 0.044395
v 1.572490 -1.623720 3.958240
vn -0.873634 0.486563 0.004434
v 2.221540 -0.363519 3.795250
vn -0.978188 0.203964 0.039340
v 1.534000 -1.585610 -4.157410
vn -0.886941 0.421569 0.188721
v 2.262580 -0.350709 -2.022250
vn -0.973389 0.228012 0.022894
v 1.232660 -0.094458 11.521500
vn -0.824517 -0.521637 -0.219240
v 1.758250 -0.012650 9.375150
vn -0.983844 -0.021200 -0.177767
v 1.233690 0.069914 11.521600
vn -0.803137 0.556007 -0.214071
v 1.923120 -0.097620 8.033090
vn -0.808286 -0.584199 -0.073379
v 2.012360 -0.017063 6.496000
vn -0.998980 -0.018288 -0.041296
v 1.925210 0.067908 7.948100
vn -0.831301 0.551071 -0.072517
v 2.075400 -0.097430 3.432120
vn -0.824040 -0.566389 -0.012706
v 2.108420 -0.012490 0.189222
vn -0.999888 0.003485 -0.014571
v 2.076630 0.067888 3.347010
vn -0.829060 0.559028 -0.012146
v 2.154890 -0.094303 -2.147340
vn -0.846863 -0.531663 0.012552
v 2.067720 -0.012224 -4.144610
vn -0.769665 0.011476 0.638345
v 2.155060 0.069857 -2.147340
vn -0.861942 0.506830 0.013389
v 0.006360 -1.101420 -5.576460
vn 0.000000 -0.002829 0.999996
v -0.347149 -1.808600 -5.524510
vn 0.080712 0.345913 0.934789
v -0.712979 -1.126900 -5.524510
vn 0.461511 0.133029 0.877104
v -0.395070 -0.445212 -5.524520
vn 0.062388 -0.599216 0.798153
v 0.006360 -0.012224 -4.366990
vn -0.000002 0.000001 1.000000
v -1.084690 -0.094311 -4.375520
vn 0.096305 -0.483836 0.869844
v -2.054980 -0.012224 -4.144610
vn 0.769063 0.006013 0.639145
v -1.084690 0.069862 -4.375520
vn 0.095164 0.494751 0.863809
v -0.822611 -2.865410 1.594220
vn 0.616197 0.787547 0.008476
v -1.559770 -1.623720 3.958240
vn 0.856972 0.511537 0.062688
v -2.249850 -0.350710 -2.022250
vn 0.982600 0.185248 0.013399
v -1.521280 -1.585610 -4.157410
vn 0.867310 0.397326 0.299843
v -0.818149 -3.351680 8.547600
vn 0.541436 0.763072 0.352942
v -1.536170 -2.033350 7.994820
vn 0.929958 0.367386 -0.014344
v -2.208860 -0.363497 3.795270
vn 0.994673 0.102945 -0.005295
v -2.082490 -0.339443 8.105020
vn 0.996050 -0.012701 -0.087883
v -1.401460 -2.073300 9.413140
vn 0.962351 0.252656 -0.100227
v -0.768572 -3.865280 10.575400
vn 0.802018 0.589962 -0.093338
v -0.767458 -2.137290 12.655200
vn 0.702805 0.384961 -0.598222
v -1.362590 -0.403282 11.570900
vn 0.969925 0.006330 -0.243320
v -2.141990 -0.094316 -2.147370
vn 0.861050 -0.508348 0.013231
v -2.095450 -0.012472 0.189220
vn 0.999894 -0.002066 -0.014398
v -2.142150 0.069870 -2.147360
vn 0.841390 0.540284 0.012521
v -2.063430 -0.097044 3.432610
vn 0.826188 -0.563258 -0.012396
v -2.001460 -0.016731 6.496780
vn 0.999043 -0.012442 -0.041938
v -2.064610 0.067853 3.347330
vn 0.828736 0.559511 -0.011997
v -1.912540 -0.097023 8.033390
vn 0.819654 -0.568085 -0.073800
v -1.747840 -0.012632 9.374780
vn 0.984320 -0.003508 -0.176356
v -1.914500 0.067663 7.948210
vn 0.827257 0.557250 -0.071543
v -1.221150 -0.094259 11.521300
vn 0.814792 -0.537717 -0.216738
v -0.655120 -0.012165 13.527100
vn 0.806383 0.009080 -0.591323
v -1.222100 0.069716 11.521400
vn 0.822942 0.523746 -0.220127
v 0.006359 -2.413120 -5.057030
vn 0.000000 0.776593 0.630003
v 0.359867 -1.808600 -5.524510
vn -0.081993 0.363744 0.927883
v 0.757484 -2.307430 -5.057030
vn -0.582158 0.547143 0.601437
v 0.725698 -1.126900 -5.524510
vn -0.409468 0.057969 0.910481
v 1.424010 -0.405083 -5.057040
vn -0.580841 -0.489759 0.650200
v 0.006360 -0.299396 -5.057040
vn 0.000519 -0.973350 0.229324
v -1.411290 -0.405083 -5.057040
vn 0.560194 -0.477710 0.676740
v -1.143330 -0.218465 -4.559330
vn 0.095515 -0.870620 0.482594
v -0.744765 -2.307430 -5.057030
vn 0.558559 0.584826 0.588209
v 0.006360 -0.156983 13.846500
vn 0.000000 -0.408396 -0.912805
v -0.314738 -0.094239 13.760200
vn 0.227894 -0.540860 -0.809651
v -0.726941 -0.156984 13.619300
vn 0.649536 -0.555062 -0.519623
v -0.380675 -0.403274 13.821600
vn 0.215732 0.284987 -0.933939
v 0.006360 0.132679 13.846500
vn 0.000001 0.828104 -0.560575
v 0.739656 0.132678 13.619300
vn -0.324642 0.888390 -0.324608
v 0.397057 0.193005 13.942400
vn 0.000002 0.545368 -0.838196
v 0.739596 -0.156995 13.619300
vn -0.660320 -0.555880 -0.504951
v 1.874910 -0.157378 9.403670
vn -0.762515 -0.631244 -0.141782
v 2.132630 -0.160070 6.588630
vn -0.785296 -0.618229 -0.033203
v 2.227110 -0.157206 0.190770
vn -0.829597 -0.558287 -0.009167
v 2.150520 -0.157053 -4.225610
vn -0.559488 -0.759062 0.332862
v 1.900990 0.132610 9.347950
vn -0.455884 0.886145 -0.083168
v 1.416270 0.192996 11.632400
vn -0.552208 -0.819386 -0.153861
v 2.136940 0.130726 6.512180
vn -0.465236 0.884958 -0.020131
v 2.228720 0.132559 0.131386
vn -0.505002 0.863102 -0.005274
v 2.150530 0.132606 -4.225610
vn -0.368995 0.877311 0.306868
v 2.350550 0.192940 -2.227620
vn -0.964940 -0.262441 -0.003928
v 0.006360 0.132606 -4.452310
vn -0.000000 0.795913 0.605411
v -2.137800 0.132607 -4.225610
vn 0.315360 0.893889 0.318609
v -1.165730 0.192931 -4.537620
vn -0.000001 0.480672 0.876901
v 0.006360 -0.157054 -4.452310
vn 0.000000 -0.823632 0.567125
v 1.097400 -0.094310 -4.375520
vn -0.096399 -0.487630 0.867712
v 1.156050 -0.218465 -4.559330
vn -0.089494 -0.931542 0.352450
v -2.137790 -0.157054 -4.225610
vn 0.601762 -0.642731 0.474110
v -2.214270 -0.157197 0.190774
vn 0.826189 -0.563321 -0.009026
v -2.120860 -0.159657 6.589110
vn 0.773305 -0.633200 -0.032524
v -1.863380 -0.157146 9.403500
vn 0.778547 -0.610736 -0.144452
v -2.215840 0.132572 0.131370
vn 0.490166 0.871619 -0.004090
v -2.337830 0.192940 -2.227620
vn 0.965326 -0.260050 0.022792
v -2.125120 0.130647 6.512500
vn 0.473137 0.880746 -0.020672
v -1.889420 0.132387 9.347730
vn 0.462125 0.882640 -0.085948
v -0.726997 0.132666 13.619300
vn 0.412139 0.857350 -0.308371
v -1.403550 0.192996 11.632400
vn 0.770618 0.603258 -0.205492
v -0.385584 -4.004650 9.380930
vn 0.151032 0.930536 0.333605
v -0.384404 -3.865270 11.710100
vn 0.169940 0.820683 -0.545527
v -0.385991 -3.057380 7.554660
vn 0.122517 0.973001 0.195597
v -0.389722 -2.945630 -3.956250
vn 0.135644 0.964200 0.227858
v -0.314738 0.069934 13.760200
vn 0.240187 0.526176 -0.815751
v 0.407789 -0.445212 -5.524520
vn -0.085692 -0.598320 0.796662
v 1.097400 0.069862 -4.375520
vn -0.096957 0.487804 0.867552
v -0.384338 0.193005 13.942400
vn 0.132957 0.861038 -0.490853
v 1.178450 0.192931 -4.537620
vn -0.091991 0.505540 0.857885
v 0.397712 -4.057270 10.519800
vn -0.226729 0.972477 -0.053680
v 0.398368 -3.531020 8.724490
vn -0.083624 0.873973 0.478726
v 0.401782 -3.004780 1.795370
vn -0.153074 0.988173 0.009107
v 0.397057 -2.137290 12.830600
vn -0.196326 0.502822 -0.841799
v 0.323793 -0.012152 13.750700
vn -0.283989 -0.000342 -0.958827
v 1.102670 -2.137300 11.076100
vn -0.948150 0.247156 -0.199815
v 1.698510 -1.497310 8.483240
vn -0.947600 0.309752 -0.078156
v 1.587300 -1.737680 6.955610
vn -0.828129 0.554967 0.078831
v 1.573880 -1.611070 -0.216126
vn -0.862686 0.505503 0.015460
v 1.223540 -0.012278 11.515700
vn -0.967027 0.004029 -0.254640
v 1.912150 -0.014997 7.989250
vn -0.995226 -0.039817 -0.089106
v 2.063940 -0.014906 3.389230
vn -0.999882 0.002329 -0.015184
v 2.144680 -0.012223 -2.143120
vn -0.999882 0.009637 0.011932
v -0.349636 -1.101420 -5.576460
vn 0.050616 -0.011741 0.998649
v -1.080420 -0.012224 -4.366990
vn 0.112285 0.004336 0.993667
v -1.561160 -1.611070 -0.216126
vn 0.873365 0.487025 0.006389
v -1.574580 -1.737680 6.955610
vn 0.877368 0.472781 0.081876
v -1.685800 -1.497310 8.483240
vn 0.947690 0.308470 -0.082031
v -1.089950 -2.137300 11.076100
vn 0.967789 0.187567 -0.167936
v -2.131770 -0.012223 -2.143140
vn 0.999929 -0.001597 0.011850
v -2.051980 -0.014722 3.389650
vn 0.999889 -0.001036 -0.014867
v -1.901610 -0.014812 7.989470
vn 0.995931 -0.017719 -0.088361
v -1.212050 -0.012278 11.515500
vn 0.966816 0.011327 -0.255222
v 0.381052 -2.413120 -5.057030
vn -0.108447 0.775943 0.621412
v 1.147820 -1.356260 -5.057030
vn -0.793317 0.217815 0.568511
v -0.760408 -0.299396 -5.057040
vn 0.078236 -0.955330 0.284998
v -1.135100 -1.356260 -5.057030
vn 0.762958 0.270978 0.586913
v -0.347707 -0.156983 13.846500
vn 0.212190 -0.456772 -0.863907
v 0.360425 0.132678 13.846500
vn -0.066010 0.847415 -0.526812
v 1.319600 -0.157108 11.574000
vn -0.787935 -0.577855 -0.212702
v 2.031750 -0.158815 8.050470
vn -0.761311 -0.644628 -0.069712
v 2.184340 -0.158717 3.440490
vn -0.808369 -0.588550 -0.012215
v 2.247560 -0.157046 -2.185370
vn -0.856418 -0.516001 0.017066
v 1.320210 0.132669 11.574100
vn -0.477691 0.868611 -0.131630
v 2.032980 0.131643 7.954830
vn -0.452186 0.891122 -0.037822
v 2.185070 0.131617 3.344790
vn -0.471239 0.881981 -0.006527
v 2.247660 0.132607 -2.185370
vn -0.550079 0.835096 0.005226
v -1.123080 0.132605 -4.452310
vn 0.031402 0.808015 0.588325
v 1.135800 -0.157054 -4.452310
vn -0.083488 -0.832358 0.547914
v -2.234750 -0.157053 -2.185380
vn 0.866437 -0.498984 0.017401
v -2.172020 -0.158501 3.440750
vn 0.800316 -0.599460 -0.011923
v -2.020160 -0.158475 8.050630
vn 0.764526 -0.640764 -0.070152
v -1.307520 -0.156991 11.573900
vn 0.790341 -0.574274 -0.213472
v -2.234850 0.132614 -2.185380
vn 0.514580 0.857366 0.011477
v -2.172710 0.131585 3.344950
vn 0.471475 0.881856 -0.006455
v -2.021320 0.131487 7.954890
vn 0.448512 0.893001 -0.037237
v -1.308080 0.132552 11.574000
vn 0.511678 0.847986 -0.138220
v -0.384994 -4.057270 10.519800
vn 0.231755 0.971160 -0.056017
v -0.385649 -3.531020 8.724490
vn 0.068585 0.873029 0.482822
v -0.389064 -3.004780 1.795370
vn 0.147303 0.989045 0.009554
v -0.384338 -2.137290 12.830600
vn 0.140807 0.515325 -0.845348
v -0.311075 -0.012152 13.750700
vn 0.283990 -0.000003 -0.958827
v 0.362355 -1.101420 -5.576460
vn -0.070875 -0.000152 0.997485
v 1.093140 -0.012224 -4.366990
vn -0.112239 -0.000010 0.993681
v -0.368334 -2.413120 -5.057030
vn 0.106608 0.770147 0.628894
v 0.773127 -0.299397 -5.057040
vn -0.074008 -0.956298 0.282873
v 0.360425 -0.156983 13.846500
vn -0.233044 -0.475367 -0.848361
v -0.347707 0.132679 13.846500
vn 0.145264 0.844192 -0.515983
v 1.135800 0.132606 -4.452310
vn -0.063584 0.809336 0.583894
v -1.123080 -0.157055 -4.452310
vn 0.083417 -0.743564 0.663442
v 9.236800 -0.508585 1.766150
vn 0.920628 0.367209 -0.132671
v 9.246260 -1.395320 -0.093092
vn 0.968887 0.107377 -0.222997
v 9.246260 -4.378120 0.428973
vn 0.971819 0.024389 -0.234462
v 9.246260 -4.397900 -1.144600
vn 0.980543 0.167953 0.101621
v 9.246260 -1.933450 -3.082700
vn 0.966529 0.098342 0.236961
v 9.246260 -1.234700 -3.135210
vn 0.931146 -0.225792 0.286331
v 9.246260 -0.918374 -2.621190
vn 0.938303 -0.217848 0.268571
v 9.236800 -0.304723 -2.682110
vn 0.584360 -0.587288 0.560015
v 9.378710 -0.508585 1.766150
vn -0.909332 -0.046203 -0.413498
v 9.369250 -1.395320 -0.093092
vn -0.961834 0.117423 -0.247157
v 9.369250 -4.378120 0.428973
vn -0.984064 0.075119 -0.161165
v 9.369250 -4.397900 -1.144600
vn -0.976286 0.168582 0.135817
v 9.369250 -1.933450 -3.082700
vn -0.960041 0.108088 0.258145
v 9.369250 -1.234700 -3.135210
vn -0.926453 -0.248218 0.282972
v 9.369250 -0.918374 -2.621190
vn -0.928062 -0.197881 0.315506
v 9.378710 -0.304723 -2.682110
vn -0.866818 -0.459506 0.193600
v 9.371610 -2.835830 0.107891
vn -0.975706 -0.033075 -0.216571
v 9.371610 -4.370480 -0.350830
vn -0.992952 0.118153 -0.009250
v 9.371610 -3.102740 -2.119020
vn -0.978549 0.129784 0.159995
v 9.371610 -1.526390 -3.094870
vn -0.975663 0.025589 0.217778
v 9.371610 -1.076000 -2.827970
vn -0.925622 -0.313997 0.211257
v 9.371610 -0.658971 -2.561080
vn -0.963600 -0.012836 0.267038
v 9.378710 -0.406654 -0.457981
vn -0.712784 -0.700522 -0.034762
v 9.371610 -0.934195 0.608314
vn -0.884342 0.416551 -0.210770
v 9.307750 -0.508585 1.766150
vn 0.606350 0.516831 -0.604339
v 9.243890 -0.934195 0.608314
vn 0.951885 0.276868 -0.131372
v 9.307750 -1.453850 0.042453
vn 0.028086 0.432017 -0.901428
v 9.307750 -0.901533 -2.711770
vn 0.031953 -0.578461 0.815084
v 9.243890 -0.658971 -2.561080
vn 0.894204 -0.037136 0.446116
v 9.307750 -0.304723 -2.682110
vn -0.342590 -0.773896 0.532650
v 9.243890 -2.835830 0.107891
vn 0.959950 -0.041810 -0.277034
v 9.307750 -4.563930 0.528995
vn -0.116934 0.244705 -0.962520
v 9.243890 -4.370480 -0.350830
vn 0.992599 0.120915 0.011297
v 9.307750 -4.593590 -1.127060
vn 0.033713 0.816629 0.576178
v 9.243890 -3.102740 -2.119020
vn 0.980260 0.119111 0.157804
v 9.307750 -2.023800 -3.166780
vn 0.018571 0.381780 0.924067
v 9.243890 -1.526390 -3.094870
vn 0.977095 -0.007755 0.212664
v 9.307750 -1.249980 -3.245560
vn 0.030840 -0.642302 0.765831
v 9.243890 -1.076000 -2.827970
vn 0.939143 -0.297394 0.171952
v 9.236800 -0.406654 -0.457981
vn 0.893378 -0.448921 -0.018621
v 9.378710 -1.094840 -1.471750
vn -0.999976 0.006920 0.000819
v 9.307750 -0.916346 0.839432
vn 0.262916 0.865016 -0.427343
v 9.307750 -0.610542 -2.682110
vn -0.316146 -0.057511 0.946966
v 9.307750 -3.029270 0.283407
vn -0.075754 -0.152630 -0.985376
v 9.307750 -4.734450 -0.226283
vn -0.003466 0.999928 0.011527
v 9.307750 -3.325840 -2.190940
vn 0.009861 0.614124 0.789148
v 9.307750 -1.574340 -3.275210
vn 0.009530 0.035865 0.999311
v 9.307750 -1.073900 -2.978660
vn 0.049850 -0.849258 0.525619
v 9.236800 -1.094840 -1.471750
vn 0.999994 -0.002936 0.001645
v 4.558800 -0.508585 2.492150
vn 0.920628 0.367208 -0.132670
v 4.568260 -1.395320 0.632908
vn 0.968888 0.107376 -0.222995
v 4.568260 -4.378120 1.154970
vn 0.971819 0.024390 -0.234464
v 4.568260 -4.397900 -0.418601
vn 0.980543 0.167953 0.101621
v 4.568260 -1.933450 -2.356700
vn 0.966529 0.098342 0.236960
v 4.568260 -1.234700 -2.409210
vn 0.931146 -0.225792 0.286329
v 4.568260 -0.918374 -1.895190
vn 0.938302 -0.217849 0.268571
v 4.558800 -0.304723 -1.956110
vn 0.584360 -0.587288 0.560015
v 4.700710 -0.508585 2.492150
vn -0.909332 -0.046205 -0.413497
v 4.691250 -1.395320 0.632908
vn -0.961835 0.117422 -0.247156
v 4.691250 -4.378120 1.154970
vn -0.984065 0.075120 -0.161163
v 4.691250 -4.397900 -0.418601
vn -0.976285 0.168584 0.135818
v 4.691250 -1.933450 -2.356700
vn -0.960041 0.108089 0.258144
v 4.691250 -1.234700 -2.409210
vn -0.926454 -0.248215 0.282972
v 4.691250 -0.918374 -1.895190
vn -0.928062 -0.197881 0.315506
v 4.700710 -0.304723 -1.956110
vn -0.866818 -0.459506 0.193601
v 4.693610 -2.835830 0.833891
vn -0.975707 -0.033074 -0.216569
v 4.693610 -4.370480 0.375170
vn -0.992952 0.118153 -0.009250
v 4.693610 -3.102740 -1.393020
vn -0.978548 0.129786 0.159996
v 4.693610 -1.526390 -2.368870
vn -0.975663 0.025591 0.217777
v 4.693610 -1.076000 -2.101970
vn -0.925623 -0.313994 0.211258
v 4.693610 -0.658971 -1.835080
vn -0.963600 -0.012835 0.267038
v 4.700710 -0.406654 0.268019
vn -0.712783 -0.700522 -0.034762
v 4.693610 -0.934195 1.334310
vn -0.884343 0.416550 -0.210770
v 4.629750 -0.508585 2.492150
vn 0.606352 0.516830 -0.604337
v 4.565890 -0.934195 1.334310
vn 0.951886 0.276866 -0.131371
v 4.629750 -1.453850 0.768453
vn 0.028087 0.432018 -0.901428
v 4.629750 -0.901533 -1.985770
vn 0.031953 -0.578462 0.815083
v 4.565890 -0.658971 -1.835080
vn 0.894204 -0.037136 0.446117
v 4.629750 -0.304723 -1.956110
vn -0.342589 -0.773896 0.532651
v 4.565890 -2.835830 0.833891
vn 0.959951 -0.041809 -0.277033
v 4.629750 -4.563930 1.254990
vn -0.116940 0.244709 -0.962519
v 4.565890 -4.370480 0.375170
vn 0.992599 0.120914 0.011297
v 4.629750 -4.593590 -0.401058
vn 0.033716 0.816628 0.576178
v 4.565890 -3.102740 -1.393020
vn 0.980260 0.119111 0.157804
v 4.629750 -2.023800 -2.440780
vn 0.018571 0.381781 0.924066
v 4.565890 -1.526390 -2.368870
vn 0.977095 -0.007755 0.212662
v 4.629750 -1.249980 -2.519560
vn 0.030840 -0.642301 0.765831
v 4.565890 -1.076000 -2.101970
vn 0.939143 -0.297394 0.171952
v 4.558800 -0.406654 0.268019
vn 0.893378 -0.448921 -0.018621
v 4.700710 -1.094840 -0.745752
vn -0.999976 0.006922 0.000819
v 4.629750 -0.916346 1.565430
vn 0.262918 0.865016 -0.427343
v 4.629750 -0.610542 -1.956110
vn -0.316146 -0.057510 0.946966
v 4.629750 -3.029270 1.009410
vn -0.075757 -0.152628 -0.985376
v 4.629750 -4.734450 0.499717
vn -0.003465 0.999928 0.011527
v 4.629750 -3.325840 -1.464940
vn 0.009864 0.614125 0.789147
v 4.629750 -1.574340 -2.549210
vn 0.009530 0.035866 0.999311
v 4.629750 -1.073900 -2.252660
vn 0.049850 -0.849258 0.525619
v 4.558800 -1.094840 -0.745752
vn 0.999994 -0.002936 0.001645
v -4.558800 -0.508585 2.492150
vn -0.939243 0.313917 -0.138844
v -4.568260 -1.395320 0.632908
vn -0.964753 0.117715 -0.235363
v -4.568260 -4.378120 1.154970
vn -0.988007 0.033142 -0.150810
v -4.568260 -4.397900 -0.418601
vn -0.987690 0.128586 0.089070
v -4.568260 -1.933450 -2.356700
vn -0.976963 0.091705 0.192698
v -4.568260 -1.234700 -2.409210
vn -0.954084 -0.184279 0.236146
v -4.568260 -0.918374 -1.895190
vn -0.944107 -0.177305 0.277894
v -4.558800 -0.304723 -1.956110
vn -0.866818 -0.459506 0.193600
v -4.700710 -0.508585 2.492150
vn 0.960765 -0.221531 -0.166898
v -4.691250 -1.395320 0.632908
vn 0.968236 0.109583 -0.224743
v -4.691250 -4.378120 1.154970
vn 0.969036 0.020149 -0.246098
v -4.691250 -4.397900 -0.418601
vn 0.980774 0.169928 0.095956
v -4.691250 -1.933450 -2.356700
vn 0.965589 0.118794 0.231356
v -4.691250 -1.234700 -2.409210
vn 0.937106 -0.193265 0.290657
v -4.691250 -0.918374 -1.895190
vn 0.927786 -0.225810 0.297022
v -4.700710 -0.304723 -1.956110
vn 0.584357 -0.587290 0.560015
v -4.693610 -2.835830 0.833891
vn 0.959618 -0.040165 -0.278425
v -4.693610 -4.370480 0.375170
vn 0.993013 0.117980 0.002482
v -4.693610 -3.102740 -1.393020
vn 0.980745 0.120668 0.153554
v -4.693610 -1.526390 -2.368870
vn 0.977924 0.007768 0.208817
v -4.693610 -1.076000 -2.101970
vn 0.937082 -0.291648 0.191882
v -4.693610 -0.658971 -1.835080
vn 0.892372 -0.017101 0.450976
v -4.700710 -0.406654 0.268019
vn 0.707035 -0.706441 -0.032282
v -4.693610 -0.934195 1.334310
vn 0.957930 0.253655 -0.134273
v -4.629750 -0.508585 2.492150
vn -0.000004 0.293092 -0.956084
v -4.565890 -0.934195 1.334310
vn -0.955043 0.260263 -0.141971
v -4.629750 -1.453850 0.768453
vn 0.015686 0.441107 -0.897317
v -4.629750 -0.901533 -1.985770
vn -0.051796 -0.573192 0.817782
v -4.565890 -0.658971 -1.835080
vn -0.971281 -0.012698 0.237594
v -4.629750 -0.304723 -1.956110
vn -0.342590 -0.773896 0.532650
v -4.565890 -2.835830 0.833891
vn -0.977612 -0.032513 -0.207888
v -4.629750 -4.563930 1.254990
vn -0.142623 0.131854 -0.980955
v -4.565890 -4.370480 0.375170
vn -0.996198 0.087089 -0.002315
v -4.629750 -4.593590 -0.401058
vn -0.030098 0.849536 0.526671
v -4.565890 -3.102740 -1.393020
vn -0.987143 0.100131 0.124589
v -4.629750 -2.023800 -2.440780
vn -0.040632 0.441328 0.896425
v -4.565890 -1.526390 -2.368870
vn -0.985618 0.014047 0.168406
v -4.629750 -1.249980 -2.519560
vn -0.037695 -0.585487 0.809805
v -4.565890 -1.076000 -2.101970
vn -0.950820 -0.252457 0.179463
v -4.558800 -0.406654 0.268019
vn -0.895403 -0.444701 -0.022219
v -4.700710 -1.094840 -0.745752
vn 0.999998 0.001391 0.001094
v -4.629750 -0.916346 1.565430
vn 0.010486 0.882381 -0.470419
v -4.629750 -0.610542 -1.956110
vn -0.349390 -0.036376 0.936271
v -4.629750 -3.029270 1.009410
vn -0.087055 -0.154488 -0.984152
v -4.629750 -4.734450 0.499717
vn -0.038580 0.999247 0.004195
v -4.629750 -3.325840 -1.464940
vn -0.040833 0.618562 0.784675
v -4.629750 -1.574340 -2.549210
vn -0.047487 0.051759 0.997530
v -4.629750 -1.073900 -2.252660
vn -0.041532 -0.828450 0.558520
v -4.558800 -1.094840 -0.745752
vn -0.999998 0.001801 0.000067
v -9.236800 -0.508585 1.766150
vn -0.939243 0.313919 -0.138845
v -9.246260 -1.395320 -0.093092
vn -0.964752 0.117716 -0.235366
v -9.246260 -4.378120 0.428973
vn -0.988007 0.033141 -0.150813
v -9.246260 -4.397900 -1.144600
vn -0.987690 0.128586 0.089070
v -9.246260 -1.933450 -3.082700
vn -0.976963 0.091705 0.192698
v -9.246260 -1.234700 -3.135210
vn -0.954084 -0.184280 0.236146
v -9.246260 -0.918374 -2.621190
vn -0.944107 -0.177304 0.277894
v -9.236800 -0.304723 -2.682110
vn -0.866818 -0.459506 0.193600
v -9.378710 -0.508585 1.766150
vn 0.960765 -0.221531 -0.166898
v -9.369250 -1.395320 -0.093092
vn 0.968236 0.109584 -0.224745
v -9.369250 -4.378120 0.428973
vn 0.969036 0.020148 -0.246096
v -9.369250 -4.397900 -1.144600
vn 0.980774 0.169928 0.095956
v -9.369250 -1.933450 -3.082700
vn 0.965589 0.118794 0.231357
v -9.369250 -1.234700 -3.135210
vn 0.937106 -0.193264 0.290658
v -9.369250 -0.918374 -2.621190
vn 0.927786 -0.225811 0.297022
v -9.378710 -0.304723 -2.682110
vn 0.584357 -0.587290 0.560015
v -9.371610 -2.835830 0.107891
vn 0.959618 -0.040166 -0.278425
v -9.371610 -4.370480 -0.350830
vn 0.993013 0.117980 0.002483
v -9.371610 -3.102740 -2.119020
vn 0.980745 0.120668 0.153555
v -9.371610 -1.526390 -3.094870
vn 0.977924 0.007768 0.208818
v -9.371610 -1.076000 -2.827970
vn 0.937082 -0.291648 0.191882
v -9.371610 -0.658971 -2.561080
vn 0.892373 -0.017101 0.450975
v -9.378710 -0.406654 -0.457981
vn 0.707035 -0.706441 -0.032282
v -9.371610 -0.934195 0.608314
vn 0.957930 0.253655 -0.134274
v -9.307750 -0.508585 1.766150
vn 0.000000 0.293095 -0.956083
v -9.243890 -0.934195 0.608314
vn -0.955042 0.260265 -0.141972
v -9.307750 -1.453850 0.042453
vn 0.015687 0.441107 -0.897317
v -9.307750 -0.901533 -2.711770
vn -0.051797 -0.573192 0.817782
v -9.243890 -0.658971 -2.561080
vn -0.971282 -0.012698 0.237594
v -9.307750 -0.304723 -2.682110
vn -0.342590 -0.773896 0.532650
v -9.243890 -2.835830 0.107891
vn -0.977611 -0.032514 -0.207892
v -9.307750 -4.563930 0.528995
vn -0.142616 0.131847 -0.980957
v -9.243890 -4.370480 -0.350830
vn -0.996198 0.087089 -0.002315
v -9.307750 -4.593590 -1.127060
vn -0.030098 0.849537 0.526670
v -9.243890 -3.102740 -2.119020
vn -0.987143 0.100130 0.124589
v -9.307750 -2.023800 -3.166780
vn -0.040633 0.441328 0.896425
v -9.243890 -1.526390 -3.094870
vn -0.985618 0.014046 0.168407
v -9.307750 -1.249980 -3.245560
vn -0.037695 -0.585486 0.809806
v -9.243890 -1.076000 -2.827970
vn -0.950820 -0.252457 0.179463
v -9.236800 -0.406654 -0.457981
vn -0.895403 -0.444701 -0.022219
v -9.378710 -1.094840 -1.471750
vn 0.999998 0.001390 0.001094
v -9.307750 -0.916346 0.839432
vn 0.010488 0.882381 -0.470419
v -9.307750 -0.610542 -2.682110
vn -0.349390 -0.036376 0.936271
v -9.307750 -3.029270 0.283407
vn -0.087050 -0.154490 -0.984152
v -9.307750 -4.734450 -0.226283
vn -0.038580 0.999247 0.004196
v -9.307750 -3.325840 -2.190940
vn -0.040833 0.618561 0.784675
v -9.307750 -1.574340 -3.275210
vn -0.047488 0.051758 0.997530
v -9.307750 -1.073900 -2.978660
vn -0.041533 -0.828450 0.558521
v -9.236800 -1.094840 -1.471750
vn -0.999998 0.001801 0.000067
v -0.498527 -0.097089 13.611300
vn 0.126597 0.965557 -0.227317
v -2.624060 -0.085894 12.346500
vn 0.358716 0.889866 -0.281890
v -2.643210 -0.085898 11.527100
vn 0.319408 0.920239 0.226138
v -1.073070 -0.097101 10.769600
vn -0.244371 0.932902 0.264529
v -0.498527 0.070911 13.611300
vn -0.227444 -0.961399 -0.154858
v -2.624060 0.059706 12.346500
vn 0.407927 -0.842744 -0.351251
v -2.643210 0.059702 11.527100
vn 0.424190 -0.859670 0.284660
v -1.073070 0.070899 10.769600
vn -0.252302 -0.842283 0.476343
v -2.666630 0.062504 11.932300
vn 0.407805 -0.913064 0.002981
v -1.904980 0.062501 11.219600
vn 0.208792 -0.856910 0.471287
v -0.785796 0.070905 12.190500
vn -0.544933 -0.831209 0.110179
v -1.646440 0.062508 12.889600
vn 0.229236 -0.888576 -0.397347
v -0.498527 -0.013089 13.611300
vn -0.264150 -0.000002 -0.964482
v -1.646440 -0.088692 12.889600
vn 0.197441 0.918704 -0.342053
v -2.652270 -0.013094 12.372900
vn 0.768897 0.088663 -0.633195
v -2.681000 -0.013098 11.491700
vn 0.819845 0.114813 0.560956
v -1.904980 -0.088699 11.219600
vn 0.142052 0.939111 0.312877
v -1.073070 -0.013101 10.769600
vn -0.541253 0.314772 0.779720
v -2.666630 -0.088696 11.932300
vn 0.326567 0.944712 -0.029542
v -0.785796 -0.097095 12.190500
vn -0.307810 0.949613 0.059065
v -1.775710 0.070905 12.054600
vn 0.004367 -0.999990 -0.000672
v -1.632080 -0.013092 12.982400
vn 0.498412 0.077641 -0.863457
v -1.919340 -0.013099 11.126800
vn 0.394560 0.254401 0.882951
v -2.765620 -0.013096 11.918700
vn 0.993865 0.104248 -0.036939
v -1.775710 -0.097095 12.054600
vn 0.005034 0.999985 -0.002337
v 0.512377 -0.097089 13.611300
vn -0.142583 0.964558 -0.222030
v 2.637910 -0.085894 12.346500
vn -0.410677 0.853261 -0.321387
v 2.657060 -0.085898 11.527100
vn -0.303671 0.917978 0.255148
v 1.086910 -0.097101 10.769600
vn 0.248388 0.843541 0.476174
v 0.512377 0.070911 13.611300
vn 0.222977 -0.921815 -0.317077
v 2.637910 0.059706 12.346500
vn -0.484720 -0.811158 -0.327213
v 2.657060 0.059702 11.527100
vn -0.357527 -0.874798 0.326961
v 1.086910 0.070899 10.769600
vn 0.247545 -0.931945 0.264954
v 2.680480 0.062504 11.932300
vn -0.420326 -0.906890 -0.029619
v 1.918830 0.062501 11.219600
vn -0.169333 -0.913129 0.370839
v 0.799646 0.070905 12.190500
vn 0.541702 -0.833742 0.106928
v 1.660290 0.062508 12.889600
vn -0.274467 -0.837380 -0.472719
v 0.512377 -0.013089 13.611300
vn 0.069832 0.465585 -0.882244
v 1.660290 -0.088692 12.889600
vn -0.243227 0.886458 -0.393741
v 2.666120 -0.013094 12.372900
vn -0.810157 0.045706 -0.584429
v 2.694840 -0.013098 11.491700
vn -0.748236 0.090575 0.657221
v 1.918830 -0.088699 11.219600
vn -0.199504 0.858039 0.473251
v 1.086910 -0.013101 10.769600
vn 0.541257 -0.314771 0.779718
v 2.680480 -0.088696 11.932300
vn -0.322937 0.946346 0.011846
v 0.799646 -0.097095 12.190500
vn 0.309214 0.948722 0.065670
v 1.789560 0.070905 12.054600
vn -0.008413 -0.999957 -0.003813
v 1.645920 -0.013092 12.982400
vn -0.505540 0.132072 -0.852635
v 1.933190 -0.013099 11.126800
vn -0.394263 -0.174871 0.902207
v 2.779470 -0.013096 11.918700
vn -0.990510 0.136039 -0.019600
v 1.789560 -0.097095 12.054600
vn -0.004511 0.999989 0.001473
v 0.483164 0.679621 -4.929320
vn 0.854369 0.519423 -0.015909
v 0.483164 1.223170 -6.278570
vn 0.968867 0.109758 0.221922
v 0.483164 3.021300 -5.761320
vn 0.972385 -0.196471 0.125961
v 0.483164 3.061640 -3.531850
vn 0.967282 -0.231076 -0.104738
v 0.483164 2.328720 -2.758590
vn 0.943528 -0.314053 -0.105475
v 0.483164 2.201600 -0.222278
vn 0.966306 -0.249069 -0.064947
v 0.483164 1.943850 -0.148633
vn 0.924751 0.342580 -0.165754
v 0.628764 0.679621 -4.929320
vn -0.796992 0.603823 0.014203
v 0.628764 1.223170 -6.278570
vn -0.947123 0.108684 0.301905
v 0.628764 3.021300 -5.761320
vn -0.944435 -0.293413 0.148160
v 0.628764 3.061640 -3.531850
vn -0.940809 -0.307536 -0.142476
v 0.628764 2.328720 -2.758590
vn -0.928854 -0.355700 -0.103482
v 0.628764 2.201600 -0.222278
vn -0.927433 -0.366134 -0.076246
v 0.628764 1.943850 -0.148633
vn -0.924581 0.353268 -0.142660
v 0.631564 2.077230 -0.204074
vn -0.994248 -0.050539 -0.094431
v 0.631564 1.307910 -2.583020
vn -0.909521 0.402086 -0.105346
v 0.631564 0.917327 -5.660260
vn -0.915595 0.379028 0.134251
v 0.631564 2.112720 -6.027170
vn -0.967169 -0.066917 0.245164
v 0.631564 3.035900 -4.642410
vn -0.956076 -0.292864 0.012199
v 0.631564 2.657160 -3.198470
vn -0.965770 -0.199102 -0.166275
v 0.631564 2.231090 -1.588830
vn -0.928413 -0.370982 -0.020522
v 0.555964 2.243880 0.042464
vn 0.046100 -0.973688 -0.223175
v 0.480364 2.077230 -0.204074
vn 0.990692 0.070770 -0.116282
v 0.555964 1.951940 0.079287
vn 0.040746 0.912985 -0.405953
v 0.480364 1.307910 -2.583020
vn 0.898226 0.425957 -0.108403
v 0.555964 0.644749 -4.903480
vn 0.072660 0.997356 -0.001277
v 0.555964 2.392470 -2.604760
vn 0.039074 -0.953862 -0.297691
v 0.480364 2.231090 -1.588830
vn 0.940819 -0.338114 -0.023222
v 0.555964 3.155210 -3.491110
vn 0.073180 -0.905685 -0.417588
v 0.480364 2.657160 -3.198470
vn 0.980609 -0.138206 -0.138940
v 0.555964 3.094700 -5.825340
vn 0.107291 -0.867513 0.485705
v 0.480364 3.035900 -4.642410
vn 0.975498 -0.220004 -0.001519
v 0.555964 1.218110 -6.380290
vn 0.073357 0.384890 0.920042
v 0.480364 2.112720 -6.027170
vn 0.980344 -0.063021 0.186959
v 0.480364 0.917327 -5.660260
vn 0.960795 0.252549 0.114421
v 0.639964 1.583390 -4.470470
vn -0.999997 -0.002397 0.000703
v 0.555964 2.132100 0.269970
vn 0.019771 0.092308 -0.995534
v 0.555964 1.277300 -2.373300
vn -0.030871 0.967497 -0.250990
v 0.555964 2.303060 -1.268650
vn 0.029482 -0.997822 -0.059008
v 0.555964 2.776470 -3.057140
vn 0.071683 -0.733741 -0.675637
v 0.555964 3.197280 -4.661510
vn 0.087619 -0.995977 0.018785
v 0.555964 2.171530 -6.200130
vn 0.067936 -0.287341 0.955416
v 0.555964 0.843319 -5.792460
vn 0.185418 0.913270 0.362710
v 0.471964 1.583390 -4.470470
vn 0.999997 0.002032 -0.000921
v -0.628836 0.679621 -4.929320
vn 0.854369 0.519423 -0.015909
v -0.628836 1.223170 -6.278570
vn 0.968867 0.109758 0.221923
v -0.628836 3.021300 -5.761320
vn 0.972385 -0.196471 0.125962
v -0.628836 3.061640 -3.531850
vn 0.967282 -0.231076 -0.104738
v -0.628836 2.328720 -2.758590
vn 0.943528 -0.314053 -0.105475
v -0.628836 2.201600 -0.222278
vn 0.966306 -0.249069 -0.064947
v -0.628836 1.943850 -0.148633
vn 0.924751 0.342581 -0.165754
v -0.483236 0.679621 -4.929320
vn -0.796992 0.603823 0.014204
v -0.483236 1.223170 -6.278570
vn -0.947123 0.108684 0.301905
v -0.483236 3.021300 -5.761320
vn -0.944435 -0.293413 0.148160
v -0.483236 3.061640 -3.531850
vn -0.940809 -0.307536 -0.142476
v -0.483236 2.328720 -2.758590
vn -0.928854 -0.355699 -0.103482
v -0.483236 2.201600 -0.222278
vn -0.927433 -0.366134 -0.076246
v -0.483236 1.943850 -0.148633
vn -0.924581 0.353268 -0.142660
v -0.480436 2.077230 -0.204074
vn -0.994248 -0.050539 -0.094431
v -0.480436 1.307910 -2.583020
vn -0.909521 0.402086 -0.105346
v -0.480436 0.917327 -5.660260
vn -0.915595 0.379028 0.134251
v -0.480436 2.112720 -6.027170
vn -0.967169 -0.066917 0.245164
v -0.480436 3.035900 -4.642410
vn -0.956076 -0.292864 0.012199
v -0.480436 2.657160 -3.198470
vn -0.965770 -0.199102 -0.166275
v -0.480436 2.231090 -1.588830
vn -0.928413 -0.370982 -0.020522
v -0.556036 2.243880 0.042464
vn 0.046100 -0.973688 -0.223175
v -0.631636 2.077230 -0.204074
vn 0.990692 0.070770 -0.116282
v -0.556036 1.951940 0.079287
vn 0.040746 0.912985 -0.405953
v -0.631636 1.307910 -2.583020
vn 0.898226 0.425957 -0.108403
v -0.556036 0.644749 -4.903480
vn 0.072660 0.997356 -0.001277
v -0.556036 2.392470 -2.604760
vn 0.039074 -0.953862 -0.297691
v -0.631636 2.231090 -1.588830
vn 0.940819 -0.338114 -0.023222
v -0.556036 3.155210 -3.491110
vn 0.073180 -0.905685 -0.417588
v -0.631636 2.657160 -3.198470
vn 0.980609 -0.138206 -0.138940
v -0.556036 3.094700 -5.825340
vn 0.107291 -0.867513 0.485705
v -0.631636 3.035900 -4.642410
vn 0.975498 -0.220004 -0.001519
v -0.556036 1.218110 -6.380290
vn 0.073357 0.384890 0.920043
v -0.631636 2.112720 -6.027170
vn 0.980344 -0.063021 0.186959
v -0.631636 0.917327 -5.660260
vn 0.960795 0.252549 0.114421
v -0.472036 1.583390 -4.470470
vn -0.999997 -0.002397 0.000703
v -0.556036 2.132100 0.269970
vn 0.019771 0.092307 -0.995534
v -0.556036 1.277300 -2.373300
vn -0.030872 0.967497 -0.250990
v -0.556036 2.303060 -1.268650
vn 0.029481 -0.997822 -0.059008
v -0.556036 2.776470 -3.057140
vn 0.071683 -0.733741 -0.675637
v -0.556036 3.197280 -4.661510
vn 0.087619 -0.995977 0.018785
v -0.556036 2.171530 -6.200130
vn 0.067936 -0.287341 0.955416
v -0.556036 0.843319 -5.792460
vn 0.185418 0.913270 0.362710
v -0.640036 1.583390 -4.470470
vn 0.999997 0.002032 -0.000921
vt 0.249546 0.527549
vt 0.319706 0.521388
vt 0.390003 0.525603
f 772/2865/772 973/2866/973 773/2867/773
vt 0.390003 0.525603
vt 0.319706 0.521388
vt 0.394422 0.520109
f 773/2868/773 973/2869/973 910/2870/910
vt 0.390003 0.525603
vt 0.557378 0.514130
vt 0.725923 0.513019
f 773/2871/773 974/2872/974 774/2873/774
vt 0.725923 0.513019
vt 0.557378 0.514130
vt 0.722671 0.507971
f 774/2874/774 974/2875/974 911/2876/911
vt 0.237267 0.468556
vt 0.405818 0.469662
vt 0.573187 0.481109
f 777/2877/777 983/2878/983 778/2879/778
vt 0.573187 0.481109
vt 0.405818 0.469662
vt 0.568780 0.475634
f 778/2880/778 983/2881/983 926/2882/926
vt 0.573187 0.481109
vt 0.643481 0.476908
vt 0.713644 0.483050
f 778/2883/778 984/2884/984 779/2885/779
vt 0.713644 0.483050
vt 0.643481 0.476908
vt 0.715807 0.477563
f 779/2886/779 984/2887/984 927/2888/927
vt 0.247365 0.522047
vt 0.319706 0.521388
vt 0.249546 0.527549
f 908/2889/908 973/2890/973 772/2891/772
vt 0.394422 0.520109
vt 0.557378 0.514130
vt 0.390003 0.525603
f 910/2892/910 974/2893/974 773/2894/773
vt 0.240520 0.463510
vt 0.405818 0.469662
vt 0.237267 0.468556
f 924/2895/924 983/2896/983 777/2897/777
vt 0.568780 0.475634
vt 0.643481 0.476908
vt 0.573187 0.481109
f 926/2898/926 984/2899/984 778/2900/778
vt 0.896945 0.037560
vt 0.942870 0.114019
vt 0.860800 0.117503
vt 0.840601 0.031673
f 752/2901/752 873/2902/873 957/2903/957 872/2904/872
vt 0.896945 0.037560
vt 0.899859 0.024945
vt 0.952633 0.104005
vt 0.942870 0.114019
f 752/2905/752 931/2906/931 989/2907/989 873/2908/873
vt 0.103054 0.256885
vt 0.057129 0.333348
vt 0.047366 0.323336
vt 0.100139 0.244271
f 753/2909/753 829/2910/829 942/2911/942 818/2912/818
vt 0.773719 0.033236
vt 0.700698 0.123749
vt 0.646149 0.134089
vt 0.734392 0.048390
f 754/2913/754 868/2914/868 955/2915/955 867/2916/867
vt 0.773719 0.033236
vt 0.774240 0.123177
vt 0.724057 0.152909
vt 0.700698 0.123749
f 754/2917/754 871/2918/871 956/2919/956 868/2920/868
vt 0.773719 0.033236
vt 0.840601 0.031673
vt 0.860800 0.117503
vt 0.774240 0.123177
f 754/2921/754 872/2922/872 957/2923/957 871/2924/871
vt 0.773719 0.033236
vt 0.780092 0.010865
vt 0.839002 0.012494
vt 0.840601 0.031673
f 754/2925/754 930/2926/930 986/2927/986 872/2928/872
vt 0.226279 0.252561
vt 0.159397 0.250998
vt 0.160996 0.231819
vt 0.219906 0.230191
f 755/2929/755 821/2930/821 939/2931/939 820/2932/820
vt 0.226279 0.252561
vt 0.225759 0.342503
vt 0.139199 0.336830
vt 0.159397 0.250998
f 755/2933/755 835/2934/835 944/2935/944 821/2936/821
vt 0.226279 0.252561
vt 0.299301 0.343075
vt 0.275942 0.372235
vt 0.225759 0.342503
f 755/2937/755 838/2938/838 945/2939/945 835/2940/835
vt 0.672090 0.064032
vt 0.491200 0.128280
vt 0.275793 0.114446
vt 0.374220 0.045648
f 756/2941/756 864/2942/864 954/2943/954 863/2944/863
vt 0.672090 0.064032
vt 0.734392 0.048390
vt 0.646149 0.134089
vt 0.491200 0.128280
f 756/2945/756 867/2946/867 955/2947/955 864/2948/864
vt 0.672090 0.064032
vt 0.683108 0.045785
vt 0.744844 0.029208
vt 0.734392 0.048390
f 756/2949/756 932/2950/932 987/2951/987 867/2952/867
vt 0.327909 0.283358
vt 0.265606 0.267715
vt 0.255155 0.248535
vt 0.316891 0.265113
f 757/2953/757 824/2954/824 940/2955/940 823/2956/823
vt 0.327909 0.283358
vt 0.508798 0.347606
vt 0.353850 0.353415
vt 0.265606 0.267715
f 757/2957/757 839/2958/839 946/2959/946 824/2960/824
vt 0.082573 0.027496
vt 0.088891 0.010980
vt 0.385809 0.028260
vt 0.374220 0.045648
f 758/2961/758 933/2962/933 988/2963/988 863/2964/863
vt 0.917425 0.246820
vt 0.625778 0.264973
vt 0.614190 0.247587
vt 0.911107 0.230305
f 759/2965/759 827/2966/827 941/2967/941 826/2968/826
vt 0.917425 0.246820
vt 0.927549 0.320156
vt 0.724206 0.333771
vt 0.625778 0.264973
f 759/2969/759 841/2970/841 947/2971/947 827/2972/827
vt 0.917425 0.246820
vt 0.970419 0.264114
vt 0.973916 0.316324
vt 0.927549 0.320156
f 759/2973/759 889/2974/889 963/2975/963 841/2976/841
vt 0.987591 0.193058
vt 0.880771 0.202223
vt 0.860800 0.117503
vt 0.942870 0.114019
f 760/2977/760 874/2978/874 957/2979/957 873/2980/873
vt 0.987591 0.193058
vt 0.986914 0.202398
vt 0.880310 0.211424
vt 0.880771 0.202223
f 760/2981/760 898/2982/898 981/2983/981 874/2984/874
vt 0.987591 0.193058
vt 0.998715 0.182781
vt 0.999343 0.192670
vt 0.986914 0.202398
f 760/2985/760 899/2986/899 966/2987/966 898/2988/898
vt 0.012408 0.412390
vt 0.001285 0.402115
vt 0.047366 0.323336
vt 0.057129 0.333348
f 761/2989/761 830/2990/830 942/2991/942 829/2992/829
vt 0.012408 0.412390
vt 0.013085 0.421729
vt 0.000657 0.412005
vt 0.001285 0.402115
f 761/2993/761 903/2994/903 995/2995/995 830/2996/830
vt 0.231498 0.431247
vt 0.119228 0.421551
vt 0.139199 0.336830
vt 0.225759 0.342503
f 762/2997/762 836/2998/836 944/2999/944 835/3000/835
vt 0.231498 0.431247
vt 0.232687 0.438613
vt 0.119682 0.430733
vt 0.119228 0.421551
f 762/3001/762 904/3002/904 968/3003/968 836/3004/836
vt 0.367445 0.429692
vt 0.378394 0.435912
vt 0.302790 0.438222
vt 0.299567 0.432304
f 763/3005/763 905/3006/905 969/3007/969 837/3008/837
vt 0.693960 0.409714
vt 0.522085 0.419871
vt 0.353850 0.353415
vt 0.508798 0.347606
f 764/3009/764 840/3010/840 946/3011/946 839/3012/839
vt 0.693960 0.409714
vt 0.708663 0.416549
vt 0.540916 0.426527
vt 0.522085 0.419871
f 764/3013/764 906/3014/906 970/3015/970 840/3016/840
vt 0.940211 0.392059
vt 0.822341 0.401465
vt 0.724206 0.333771
vt 0.927549 0.320156
f 765/3017/765 842/3018/842 947/3019/947 841/3020/841
vt 0.940211 0.392059
vt 0.936376 0.399173
vt 0.831294 0.408912
vt 0.822341 0.401465
f 765/3021/765 907/3022/907 971/3023/971 842/3024/842
vt 0.940211 0.392059
vt 0.951569 0.367784
vt 0.946189 0.370264
vt 0.936376 0.399173
f 765/3025/765 919/3026/919 977/3027/977 907/3028/907
vt 0.059788 0.172734
vt 0.072449 0.100831
vt 0.275793 0.114446
vt 0.177658 0.182140
f 766/3029/766 866/3030/866 954/3031/954 865/3032/865
vt 0.059788 0.172734
vt 0.022798 0.146043
vt 0.026083 0.096998
vt 0.072449 0.100831
f 766/3033/766 893/3034/893 965/3035/965 866/3036/866
vt 0.059788 0.172734
vt 0.048430 0.148455
vt 0.023698 0.132599
vt 0.022798 0.146043
f 766/3037/766 894/3038/894 964/3039/964 893/3040/893
vt 0.059788 0.172734
vt 0.063623 0.179847
vt 0.053811 0.150935
vt 0.048430 0.148455
f 766/3041/766 920/3042/920 998/3043/998 894/3044/894
vt 0.306039 0.190389
vt 0.177658 0.182140
vt 0.275793 0.114446
vt 0.491200 0.128280
f 767/3045/767 865/3046/865 954/3047/954 864/3048/864
vt 0.306039 0.190389
vt 0.291336 0.197220
vt 0.168705 0.189584
vt 0.177658 0.182140
f 767/3049/767 921/3050/921 978/3051/978 865/3052/865
vt 0.632555 0.210368
vt 0.477915 0.200547
vt 0.646149 0.134089
vt 0.700698 0.123749
f 768/3053/768 869/3054/869 955/3055/955 868/3056/868
vt 0.632555 0.210368
vt 0.621627 0.216631
vt 0.459095 0.207221
vt 0.477915 0.200547
f 768/3057/768 922/3058/922 979/3059/979 869/3060/869
vt 0.768501 0.211922
vt 0.767301 0.219327
vt 0.697215 0.218941
vt 0.700433 0.212982
f 769/3061/769 923/3062/923 980/3063/980 870/3064/870
vt 0.958484 0.470053
vt 0.836064 0.476552
vt 0.833641 0.471755
vt 0.942181 0.465555
f 770/3065/770 929/3066/929 985/3067/985 928/3068/928
vt 0.004707 0.514520
vt 0.002353 0.507339
vt 0.007054 0.503544
vt 0.021009 0.510018
f 771/3069/771 902/3070/902 967/3071/967 901/3072/901
vt 0.249546 0.527549
vt 0.127126 0.521034
vt 0.129539 0.516229
vt 0.247365 0.522047
f 772/3073/772 909/3074/909 972/3075/972 908/3076/908
vt 0.963191 0.502945
vt 0.844557 0.507982
vt 0.841765 0.503270
vt 0.945961 0.497036
f 775/3077/775 913/3078/913 975/3079/975 912/3080/912
vt 0.213747 0.545972
vt 0.274354 0.545972
vt 0.276560 0.550617
vt 0.224090 0.555388
f 776/3081/776 916/3082/916 976/3083/976 915/3084/915
vt 0.237267 0.468556
vt 0.118634 0.463531
vt 0.121425 0.458821
vt 0.240520 0.463510
f 777/3085/777 925/3086/925 982/3087/982 924/3088/924
vt 0.004944 0.064288
vt 0.002080 0.093661
vt 0.000000 0.084518
vt 0.004745 0.053857
f 780/3089/780 857/3090/857 952/3091/952 856/3092/856
vt 0.004944 0.064288
vt 0.029580 0.044788
vt 0.026083 0.096998
vt 0.002080 0.093661
f 780/3093/780 895/3094/895 965/3095/965 857/3096/857
vt 0.995055 0.283615
vt 0.970419 0.264114
vt 0.969412 0.249081
vt 0.995254 0.273185
f 781/3097/781 889/3098/889 962/3099/962 888/3100/888
vt 0.995055 0.283615
vt 0.997919 0.312989
vt 0.973916 0.316324
vt 0.970419 0.264114
f 781/3101/781 890/3102/890 963/3103/963 889/3104/889
vt 0.998904 0.341085
vt 0.977201 0.365370
vt 0.973916 0.316324
vt 0.997919 0.312989
f 782/3105/782 891/3106/891 963/3107/963 890/3108/890
vt 0.998904 0.341085
vt 0.999317 0.333842
vt 0.976301 0.351929
vt 0.977201 0.365370
f 782/3109/782 935/3110/935 994/3111/994 891/3112/891
vt 0.001095 0.121756
vt 0.000683 0.114511
vt 0.000000 0.084518
vt 0.002080 0.093661
f 783/3113/783 858/3114/858 952/3115/952 857/3116/857
vt 0.001095 0.121756
vt 0.022798 0.146043
vt 0.023698 0.132599
vt 0.000683 0.114511
f 783/3117/783 893/3118/893 964/3119/964 858/3120/858
vt 0.938245 0.453215
vt 0.937886 0.457041
vt 0.831221 0.462872
vt 0.831466 0.459091
f 784/3121/784 885/3122/885 961/3123/961 884/3124/884
vt 0.938245 0.453215
vt 0.951910 0.447343
vt 0.951438 0.451220
vt 0.937886 0.457041
f 784/3125/784 897/3126/897 990/3127/990 885/3128/885
vt 0.938245 0.453215
vt 0.942188 0.451564
vt 0.956144 0.445105
vt 0.951910 0.447343
f 784/3129/784 898/3130/898 966/3131/966 897/3132/897
vt 0.024944 0.497677
vt 0.025302 0.501502
vt 0.011753 0.495669
vt 0.011280 0.491794
f 785/3133/785 833/3134/833 943/3135/943 832/3136/832
vt 0.024944 0.497677
vt 0.131706 0.503539
vt 0.131950 0.507326
vt 0.025302 0.501502
f 785/3137/785 843/3138/843 948/3139/948 833/3140/833
vt 0.024944 0.497677
vt 0.021001 0.496031
vt 0.129532 0.502226
vt 0.131706 0.503539
f 785/3141/785 903/3142/903 968/3143/968 843/3144/843
vt 0.244860 0.508692
vt 0.245104 0.512469
vt 0.131950 0.507326
vt 0.131706 0.503539
f 786/3145/786 844/3146/844 948/3147/948 843/3148/843
vt 0.244860 0.508692
vt 0.315019 0.508470
vt 0.317206 0.512162
vt 0.245104 0.512469
f 786/3149/786 846/3150/846 949/3151/949 844/3152/844
vt 0.244860 0.508692
vt 0.244338 0.507687
vt 0.314779 0.507550
vt 0.315019 0.508470
f 786/3153/786 904/3154/904 969/3155/969 846/3156/846
vt 0.390394 0.507016
vt 0.394498 0.510648
vt 0.317206 0.512162
vt 0.315019 0.508470
f 787/3157/787 847/3158/847 949/3159/949 846/3160/846
vt 0.390394 0.507016
vt 0.552226 0.501246
vt 0.554362 0.504926
vt 0.394498 0.510648
f 787/3161/787 849/3162/849 950/3163/950 847/3164/847
vt 0.390394 0.507016
vt 0.390462 0.506156
vt 0.552451 0.500307
vt 0.552226 0.501246
f 787/3165/787 905/3166/905 970/3167/970 849/3168/849
vt 0.719013 0.495126
vt 0.718972 0.498883
vt 0.554362 0.504926
vt 0.552226 0.501246
f 788/3169/788 850/3170/850 950/3171/950 849/3172/849
vt 0.719013 0.495126
vt 0.839248 0.490692
vt 0.838971 0.494477
vt 0.718972 0.498883
f 788/3173/788 852/3174/852 951/3175/951 850/3176/850
vt 0.719013 0.495126
vt 0.719604 0.494080
vt 0.841757 0.489283
vt 0.839248 0.490692
f 788/3177/788 906/3178/906 971/3179/971 852/3180/852
vt 0.941667 0.484854
vt 0.941298 0.488698
vt 0.838971 0.494477
vt 0.839248 0.490692
f 789/3181/789 853/3182/853 951/3183/951 852/3184/852
vt 0.441928 0.567676
vt 0.391378 0.562951
vt 0.391158 0.559253
vt 0.441552 0.563933
f 789/3185/789 918/3186/918 992/3187/992 853/3188/853
vt 0.227996 0.567676
vt 0.228373 0.563933
vt 0.278766 0.559253
vt 0.278545 0.562951
f 790/3189/790 861/3190/861 953/3191/953 860/3192/860
vt 0.021524 0.440421
vt 0.123943 0.446241
vt 0.124219 0.450028
vt 0.021893 0.444266
f 790/3193/790 875/3194/875 958/3195/958 861/3196/861
vt 0.021524 0.440421
vt 0.017238 0.438613
vt 0.121433 0.444829
vt 0.123943 0.446241
f 790/3197/790 920/3198/920 978/3199/978 875/3200/875
vt 0.244179 0.450663
vt 0.244220 0.454423
vt 0.124219 0.450028
vt 0.123943 0.446241
f 791/3201/791 876/3202/876 958/3203/958 875/3204/875
vt 0.244179 0.450663
vt 0.410984 0.456806
vt 0.408845 0.460479
vt 0.244220 0.454423
f 791/3205/791 878/3206/878 959/3207/959 876/3208/876
vt 0.244179 0.450663
vt 0.243588 0.449615
vt 0.410750 0.455846
vt 0.410984 0.456806
f 791/3209/791 921/3210/921 979/3211/979 878/3212/878
vt 0.572833 0.462600
vt 0.568721 0.466214
vt 0.408845 0.460479
vt 0.410984 0.456806
f 792/3213/792 879/3214/879 959/3215/959 878/3216/878
vt 0.572833 0.462600
vt 0.648174 0.464048
vt 0.645982 0.467722
vt 0.568721 0.466214
f 792/3217/792 881/3218/881 960/3219/960 879/3220/879
vt 0.572833 0.462600
vt 0.572747 0.461700
vt 0.648413 0.463090
vt 0.648174 0.464048
f 792/3221/792 922/3222/922 980/3223/980 881/3224/881
vt 0.718298 0.464262
vt 0.718053 0.468022
vt 0.645982 0.467722
vt 0.648174 0.464048
f 793/3225/793 882/3226/882 960/3227/960 881/3228/881
vt 0.718298 0.464262
vt 0.831466 0.459091
vt 0.831221 0.462872
vt 0.718053 0.468022
f 793/3229/793 884/3230/884 961/3231/961 882/3232/882
vt 0.718298 0.464262
vt 0.718836 0.463223
vt 0.833649 0.457759
vt 0.831466 0.459091
f 793/3233/793 923/3234/923 981/3235/981 884/3236/884
vt 0.938241 0.461145
vt 0.831461 0.467029
vt 0.831221 0.462872
vt 0.937886 0.457041
f 794/3237/794 886/3238/886 961/3239/961 885/3240/885
vt 0.938241 0.461145
vt 0.942181 0.465555
vt 0.833641 0.471755
vt 0.831461 0.467029
f 794/3241/794 928/3242/928 985/3243/985 886/3244/886
vt 0.938241 0.461145
vt 0.951906 0.455273
vt 0.956136 0.459096
vt 0.942181 0.465555
f 794/3245/794 934/3246/934 996/3247/996 928/3248/928
vt 0.024948 0.505605
vt 0.011285 0.499720
vt 0.011753 0.495669
vt 0.025302 0.501502
f 795/3249/795 834/3250/834 943/3251/943 833/3252/833
vt 0.024948 0.505605
vt 0.021009 0.510018
vt 0.007054 0.503544
vt 0.011285 0.499720
f 795/3253/795 901/3254/901 967/3255/967 834/3256/834
vt 0.245111 0.516666
vt 0.131711 0.511494
vt 0.131950 0.507326
vt 0.245104 0.512469
f 796/3257/796 845/3258/845 948/3259/948 844/3260/844
vt 0.245111 0.516666
vt 0.247365 0.522047
vt 0.129539 0.516229
vt 0.131711 0.511494
f 796/3261/796 908/3262/908 972/3263/972 845/3264/845
vt 0.398661 0.514740
vt 0.319401 0.516315
vt 0.317206 0.512162
vt 0.394498 0.510648
f 797/3265/797 848/3266/848 949/3267/949 847/3268/847
vt 0.398661 0.514740
vt 0.394422 0.520109
vt 0.319706 0.521388
vt 0.319401 0.516315
f 797/3269/797 910/3270/910 973/3271/973 848/3272/848
vt 0.719265 0.503049
vt 0.556609 0.509065
vt 0.554362 0.504926
vt 0.718972 0.498883
f 798/3273/798 851/3274/851 950/3275/950 850/3276/850
vt 0.719265 0.503049
vt 0.722671 0.507971
vt 0.557378 0.514130
vt 0.556609 0.509065
f 798/3277/798 911/3278/911 974/3279/974 851/3280/851
vt 0.941671 0.492781
vt 0.839253 0.498621
vt 0.838971 0.494477
vt 0.941298 0.488698
f 799/3281/799 854/3282/854 951/3283/951 853/3284/853
vt 0.941671 0.492781
vt 0.945961 0.497036
vt 0.841765 0.503270
vt 0.839253 0.498621
f 799/3285/799 912/3286/912 975/3287/975 854/3288/854
vt 0.441928 0.559922
vt 0.391378 0.555197
vt 0.393363 0.550617
vt 0.445834 0.555388
f 799/3289/799 936/3290/936 997/3291/997 912/3292/912
vt 0.227996 0.559922
vt 0.278545 0.555197
vt 0.278766 0.559253
vt 0.228373 0.563933
f 800/3293/800 862/3294/862 953/3295/953 861/3296/861
vt 0.227996 0.559922
vt 0.224090 0.555388
vt 0.276560 0.550617
vt 0.278545 0.555197
f 800/3297/800 915/3298/915 976/3299/976 862/3300/862
vt 0.243926 0.458590
vt 0.123937 0.454174
vt 0.124219 0.450028
vt 0.244220 0.454423
f 801/3301/801 877/3302/877 958/3303/958 876/3304/876
vt 0.243926 0.458590
vt 0.240520 0.463510
vt 0.121425 0.458821
vt 0.123937 0.454174
f 801/3305/801 924/3306/924 982/3307/982 877/3308/877
vt 0.564549 0.470283
vt 0.406593 0.464607
vt 0.408845 0.460479
vt 0.568721 0.466214
f 802/3309/802 880/3310/880 959/3311/959 879/3312/879
vt 0.564549 0.470283
vt 0.568780 0.475634
vt 0.405818 0.469662
vt 0.406593 0.464607
f 802/3313/802 926/3314/926 983/3315/983 880/3316/880
vt 0.718047 0.472198
vt 0.643783 0.471853
vt 0.645982 0.467722
vt 0.718053 0.468022
f 803/3317/803 883/3318/883 960/3319/960 882/3320/882
vt 0.718047 0.472198
vt 0.715807 0.477563
vt 0.643481 0.476908
vt 0.643783 0.471853
f 803/3321/803 927/3322/927 984/3323/984 883/3324/883
vt 0.099414 0.233441
vt 0.160270 0.220972
vt 0.160996 0.231819
vt 0.100139 0.244271
f 804/3325/804 819/3326/819 939/3327/939 818/3328/818
vt 0.900585 0.014113
vt 0.899859 0.024945
vt 0.839002 0.012494
vt 0.839729 0.001645
f 804/3329/804 931/3330/931 986/3331/986 819/3332/819
vt 0.219179 0.219327
vt 0.219906 0.230191
vt 0.160996 0.231819
vt 0.160270 0.220972
f 805/3333/805 820/3334/820 939/3335/939 819/3336/819
vt 0.219179 0.219327
vt 0.254427 0.237670
vt 0.255155 0.248535
vt 0.219906 0.230191
f 805/3337/805 822/3338/822 940/3339/940 820/3340/820
vt 0.780820 0.000000
vt 0.780092 0.010865
vt 0.744844 0.029208
vt 0.745571 0.018342
f 805/3341/805 930/3342/930 987/3343/987 822/3344/822
vt 0.316163 0.254238
vt 0.316891 0.265113
vt 0.255155 0.248535
vt 0.254427 0.237670
f 806/3345/806 823/3346/823 940/3347/940 822/3348/822
vt 0.316163 0.254238
vt 0.613456 0.236627
vt 0.614190 0.247587
vt 0.316891 0.265113
f 806/3349/806 825/3350/825 941/3351/941 823/3352/823
vt 0.683836 0.034909
vt 0.683108 0.045785
vt 0.385809 0.028260
vt 0.386543 0.017299
f 806/3353/806 932/3354/932 988/3355/988 825/3356/825
vt 0.910372 0.219327
vt 0.911107 0.230305
vt 0.614190 0.247587
vt 0.613456 0.236627
f 807/3357/807 826/3358/826 941/3359/941 825/3360/825
vt 0.910372 0.219327
vt 0.968717 0.238696
vt 0.969412 0.249081
vt 0.911107 0.230305
f 807/3361/807 887/3362/887 962/3363/962 826/3364/826
vt 0.089626 0.000000
vt 0.088891 0.010980
vt 0.030587 0.029755
vt 0.031282 0.019368
f 807/3365/807 933/3366/933 993/3367/993 887/3368/887
vt 0.999433 0.172052
vt 0.998715 0.182781
vt 0.952633 0.104005
vt 0.953358 0.093175
f 808/3369/808 899/3370/899 989/3371/989 828/3372/828
vt 0.953840 0.449386
vt 0.951906 0.455273
vt 0.951438 0.451220
vt 0.953350 0.445400
f 809/3373/809 934/3374/934 990/3375/990 831/3376/831
vt 0.009346 0.485892
vt 0.011280 0.491794
vt 0.011753 0.495669
vt 0.009841 0.489834
f 810/3377/810 832/3378/832 943/3379/943 831/3380/831
vt 0.009346 0.485892
vt 0.004914 0.483051
vt 0.007046 0.489558
vt 0.011280 0.491794
f 810/3381/810 896/3382/896 995/3383/995 832/3384/832
vt 0.953844 0.441456
vt 0.951910 0.447343
vt 0.956144 0.445105
vt 0.958277 0.438613
f 810/3385/810 897/3386/897 966/3387/966 896/3388/896
vt 0.998572 0.322716
vt 0.999317 0.333842
vt 0.999999 0.303848
vt 0.999339 0.293981
f 811/3389/811 935/3390/935 991/3391/991 855/3392/855
vt 0.005402 0.044058
vt 0.004745 0.053857
vt 0.000000 0.084518
vt 0.000661 0.074650
f 812/3393/812 856/3394/856 952/3395/952 855/3396/855
vt 0.005402 0.044058
vt 0.031282 0.019368
vt 0.030587 0.029755
vt 0.004745 0.053857
f 812/3397/812 887/3398/887 993/3399/993 856/3400/856
vt 0.994597 0.263387
vt 0.995254 0.273185
vt 0.969412 0.249081
vt 0.968717 0.238696
f 812/3401/812 888/3402/888 962/3403/962 887/3404/887
vt 0.334962 0.555197
vt 0.391378 0.555197
vt 0.391158 0.559253
vt 0.334962 0.559253
f 813/3405/813 936/3406/936 992/3407/992 859/3408/859
vt 0.334962 0.562951
vt 0.278545 0.562951
vt 0.278766 0.559253
vt 0.334962 0.559253
f 814/3409/814 860/3410/860 953/3411/953 859/3412/859
vt 0.334962 0.562951
vt 0.334962 0.564299
vt 0.276560 0.564299
vt 0.278545 0.562951
f 814/3413/814 917/3414/917 998/3415/998 860/3416/860
vt 0.334962 0.562951
vt 0.391378 0.562951
vt 0.393363 0.564299
vt 0.334962 0.564299
f 814/3417/814 918/3418/918 977/3419/977 917/3420/917
vt 0.948319 0.336040
vt 0.951569 0.367784
vt 0.976301 0.351929
vt 0.974878 0.330676
f 815/3421/815 919/3422/919 994/3423/994 892/3424/892
vt 0.334962 0.545972
vt 0.395569 0.545972
vt 0.393363 0.550617
vt 0.334962 0.550617
f 816/3425/816 938/3426/938 997/3427/997 914/3428/914
vt 0.963191 0.455726
vt 0.960837 0.462890
vt 0.956136 0.459096
vt 0.958269 0.452604
f 817/3429/817 937/3430/937 996/3431/996 900/3432/900
vt 0.100139 0.244271
vt 0.160996 0.231819
vt 0.159397 0.250998
vt 0.103054 0.256885
f 818/3433/818 939/3434/939 821/3435/821 753/3436/753
vt 0.100139 0.244271
vt 0.047366 0.323336
vt 0.046641 0.312507
vt 0.099414 0.233441
f 818/3437/818 942/3438/942 828/3439/828 804/3440/804
vt 0.839729 0.001645
vt 0.839002 0.012494
vt 0.780092 0.010865
vt 0.780820 0.000000
f 819/3441/819 986/3442/986 930/3443/930 805/3444/805
vt 0.219906 0.230191
vt 0.255155 0.248535
vt 0.265606 0.267715
vt 0.226279 0.252561
f 820/3445/820 940/3446/940 824/3447/824 755/3448/755
vt 0.159397 0.250998
vt 0.139199 0.336830
vt 0.057129 0.333348
vt 0.103054 0.256885
f 821/3449/821 944/3450/944 829/3451/829 753/3452/753
vt 0.745571 0.018342
vt 0.744844 0.029208
vt 0.683108 0.045785
vt 0.683836 0.034909
f 822/3453/822 987/3454/987 932/3455/932 806/3456/806
vt 0.316891 0.265113
vt 0.614190 0.247587
vt 0.625778 0.264973
vt 0.327909 0.283358
f 823/3457/823 941/3458/941 827/3459/827 757/3460/757
vt 0.265606 0.267715
vt 0.353850 0.353415
vt 0.299301 0.343075
vt 0.226279 0.252561
f 824/3461/824 946/3462/946 838/3463/838 755/3464/755
vt 0.386543 0.017299
vt 0.385809 0.028260
vt 0.088891 0.010980
vt 0.089626 0.000000
f 825/3465/825 988/3466/988 933/3467/933 807/3468/807
vt 0.911107 0.230305
vt 0.969412 0.249081
vt 0.970419 0.264114
vt 0.917425 0.246820
f 826/3469/826 962/3470/962 889/3471/889 759/3472/759
vt 0.625778 0.264973
vt 0.724206 0.333771
vt 0.508798 0.347606
vt 0.327909 0.283358
f 827/3473/827 947/3474/947 839/3475/839 757/3476/757
vt 0.046641 0.312507
vt 0.047366 0.323336
vt 0.001285 0.402115
vt 0.000567 0.391388
f 828/3477/828 942/3478/942 830/3479/830 808/3480/808
vt 0.953358 0.093175
vt 0.952633 0.104005
vt 0.899859 0.024945
vt 0.900585 0.014113
f 828/3481/828 989/3482/989 931/3483/931 804/3484/804
vt 0.057129 0.333348
vt 0.139199 0.336830
vt 0.119228 0.421551
vt 0.012408 0.412390
f 829/3485/829 944/3486/944 836/3487/836 761/3488/761
vt 0.001285 0.402115
vt 0.000657 0.412005
vt -0.000000 0.402191
vt 0.000567 0.391388
f 830/3489/830 995/3490/995 896/3491/896 808/3492/808
vt 0.009841 0.489834
vt 0.011753 0.495669
vt 0.011285 0.499720
vt 0.009351 0.493819
f 831/3493/831 943/3494/943 834/3495/834 809/3496/809
vt 0.953350 0.445400
vt 0.951438 0.451220
vt 0.951910 0.447343
vt 0.953844 0.441456
f 831/3497/831 990/3498/990 897/3499/897 810/3500/810
vt 0.011280 0.491794
vt 0.007046 0.489558
vt 0.021001 0.496031
vt 0.024944 0.497677
f 832/3501/832 995/3502/995 903/3503/903 785/3504/785
vt 0.025302 0.501502
vt 0.131950 0.507326
vt 0.131711 0.511494
vt 0.024948 0.505605
f 833/3505/833 948/3506/948 845/3507/845 795/3508/795
vt 0.011285 0.499720
vt 0.007054 0.503544
vt 0.004922 0.497036
vt 0.009351 0.493819
f 834/3509/834 967/3510/967 900/3511/900 809/3512/809
vt 0.225759 0.342503
vt 0.275942 0.372235
vt 0.299567 0.432304
vt 0.231498 0.431247
f 835/3513/835 945/3514/945 837/3515/837 762/3516/762
vt 0.119228 0.421551
vt 0.119682 0.430733
vt 0.013085 0.421729
vt 0.012408 0.412390
f 836/3517/836 968/3518/968 903/3519/903 761/3520/761
vt 0.299567 0.432304
vt 0.275942 0.372235
vt 0.299301 0.343075
vt 0.367445 0.429692
f 837/3521/837 945/3522/945 838/3523/838 763/3524/763
vt 0.299567 0.432304
vt 0.302790 0.438222
vt 0.232687 0.438613
vt 0.231498 0.431247
f 837/3525/837 969/3526/969 904/3527/904 762/3528/762
vt 0.299301 0.343075
vt 0.353850 0.353415
vt 0.522085 0.419871
vt 0.367445 0.429692
f 838/3529/838 946/3530/946 840/3531/840 763/3532/763
vt 0.508798 0.347606
vt 0.724206 0.333771
vt 0.822341 0.401465
vt 0.693960 0.409714
f 839/3533/839 947/3534/947 842/3535/842 764/3536/764
vt 0.522085 0.419871
vt 0.540916 0.426527
vt 0.378394 0.435912
vt 0.367445 0.429692
f 840/3537/840 970/3538/970 905/3539/905 763/3540/763
vt 0.927549 0.320156
vt 0.973916 0.316324
vt 0.977201 0.365370
vt 0.940211 0.392059
f 841/3541/841 963/3542/963 891/3543/891 765/3544/765
vt 0.822341 0.401465
vt 0.831294 0.408912
vt 0.708663 0.416549
vt 0.693960 0.409714
f 842/3545/842 971/3546/971 906/3547/906 764/3548/764
vt 0.131706 0.503539
vt 0.129532 0.502226
vt 0.244338 0.507687
vt 0.244860 0.508692
f 843/3549/843 968/3550/968 904/3551/904 786/3552/786
vt 0.245104 0.512469
vt 0.317206 0.512162
vt 0.319401 0.516315
vt 0.245111 0.516666
f 844/3553/844 949/3554/949 848/3555/848 796/3556/796
vt 0.131711 0.511494
vt 0.129539 0.516229
vt 0.021009 0.510018
vt 0.024948 0.505605
f 845/3557/845 972/3558/972 901/3559/901 795/3560/795
vt 0.315019 0.508470
vt 0.314779 0.507550
vt 0.390462 0.506156
vt 0.390394 0.507016
f 846/3561/846 969/3562/969 905/3563/905 787/3564/787
vt 0.394498 0.510648
vt 0.554362 0.504926
vt 0.556609 0.509065
vt 0.398661 0.514740
f 847/3565/847 950/3566/950 851/3567/851 797/3568/797
vt 0.319401 0.516315
vt 0.319706 0.521388
vt 0.247365 0.522047
vt 0.245111 0.516666
f 848/3569/848 973/3570/973 908/3571/908 796/3572/796
vt 0.552226 0.501246
vt 0.552451 0.500307
vt 0.719604 0.494080
vt 0.719013 0.495126
f 849/3573/849 970/3574/970 906/3575/906 788/3576/788
vt 0.718972 0.498883
vt 0.838971 0.494477
vt 0.839253 0.498621
vt 0.719265 0.503049
f 850/3577/850 951/3578/951 854/3579/854 798/3580/798
vt 0.556609 0.509065
vt 0.557378 0.514130
vt 0.394422 0.520109
vt 0.398661 0.514740
f 851/3581/851 974/3582/974 910/3583/910 797/3584/797
vt 0.839248 0.490692
vt 0.841757 0.489283
vt 0.945953 0.483050
vt 0.941667 0.484854
f 852/3585/852 971/3586/971 907/3587/907 789/3588/789
vt 0.441552 0.563933
vt 0.391158 0.559253
vt 0.391378 0.555197
vt 0.441928 0.559922
f 853/3589/853 992/3590/992 936/3591/936 799/3592/799
vt 0.839253 0.498621
vt 0.841765 0.503270
vt 0.722671 0.507971
vt 0.719265 0.503049
f 854/3593/854 975/3594/975 911/3595/911 798/3596/798
vt 0.000661 0.074650
vt 0.000000 0.084518
vt 0.000683 0.114511
vt 0.001428 0.103384
f 855/3597/855 952/3598/952 858/3599/858 811/3600/811
vt 0.999339 0.293981
vt 0.999999 0.303848
vt 0.995254 0.273185
vt 0.994597 0.263387
f 855/3601/855 991/3602/991 888/3603/888 812/3604/812
vt 0.004745 0.053857
vt 0.030587 0.029755
vt 0.029580 0.044788
vt 0.004944 0.064288
f 856/3605/856 993/3606/993 895/3607/895 780/3608/780
vt 0.002080 0.093661
vt 0.026083 0.096998
vt 0.022798 0.146043
vt 0.001095 0.121756
f 857/3609/857 965/3610/965 893/3611/893 783/3612/783
vt 0.000683 0.114511
vt 0.023698 0.132599
vt 0.025122 0.111344
vt 0.001428 0.103384
f 858/3613/858 964/3614/964 892/3615/892 811/3616/811
vt 0.334962 0.559253
vt 0.278766 0.559253
vt 0.278545 0.555197
vt 0.334962 0.555197
f 859/3617/859 953/3618/953 862/3619/862 813/3620/813
vt 0.334962 0.559253
vt 0.391158 0.559253
vt 0.391378 0.562951
vt 0.334962 0.562951
f 859/3621/859 992/3622/992 918/3623/918 814/3624/814
vt 0.278545 0.562951
vt 0.276560 0.564299
vt 0.224091 0.569069
vt 0.227996 0.567676
f 860/3625/860 998/3626/998 920/3627/920 790/3628/790
vt 0.021893 0.444266
vt 0.124219 0.450028
vt 0.123937 0.454174
vt 0.021519 0.448351
f 861/3629/861 958/3630/958 877/3631/877 800/3632/800
vt 0.278545 0.555197
vt 0.276560 0.550617
vt 0.334962 0.550617
vt 0.334962 0.555197
f 862/3633/862 976/3634/976 914/3635/914 813/3636/813
vt 0.374220 0.045648
vt 0.275793 0.114446
vt 0.072449 0.100831
vt 0.082573 0.027496
f 863/3637/863 954/3638/954 866/3639/866 758/3640/758
vt 0.374220 0.045648
vt 0.385809 0.028260
vt 0.683108 0.045785
vt 0.672090 0.064032
f 863/3641/863 988/3642/988 932/3643/932 756/3644/756
vt 0.491200 0.128280
vt 0.646149 0.134089
vt 0.477915 0.200547
vt 0.306039 0.190389
f 864/3645/864 955/3646/955 869/3647/869 767/3648/767
vt 0.177658 0.182140
vt 0.168705 0.189584
vt 0.063623 0.179847
vt 0.059788 0.172734
f 865/3649/865 978/3650/978 920/3651/920 766/3652/766
vt 0.072449 0.100831
vt 0.026083 0.096998
vt 0.029580 0.044788
vt 0.082573 0.027496
f 866/3653/866 965/3654/965 895/3655/895 758/3656/758
vt 0.734392 0.048390
vt 0.744844 0.029208
vt 0.780092 0.010865
vt 0.773719 0.033236
f 867/3657/867 987/3658/987 930/3659/930 754/3660/754
vt 0.700698 0.123749
vt 0.724057 0.152909
vt 0.700433 0.212982
vt 0.632555 0.210368
f 868/3661/868 956/3662/956 870/3663/870 768/3664/768
vt 0.477915 0.200547
vt 0.459095 0.207221
vt 0.291336 0.197220
vt 0.306039 0.190389
f 869/3665/869 979/3666/979 921/3667/921 767/3668/767
vt 0.700433 0.212982
vt 0.724057 0.152909
vt 0.774240 0.123177
vt 0.768501 0.211922
f 870/3669/870 956/3670/956 871/3671/871 769/3672/769
vt 0.700433 0.212982
vt 0.697215 0.218941
vt 0.621627 0.216631
vt 0.632555 0.210368
f 870/3673/870 980/3674/980 922/3675/922 768/3676/768
vt 0.774240 0.123177
vt 0.860800 0.117503
vt 0.880771 0.202223
vt 0.768501 0.211922
f 871/3677/871 957/3678/957 874/3679/874 769/3680/769
vt 0.840601 0.031673
vt 0.839002 0.012494
vt 0.899859 0.024945
vt 0.896945 0.037560
f 872/3681/872 986/3682/986 931/3683/931 752/3684/752
vt 0.942870 0.114019
vt 0.952633 0.104005
vt 0.998715 0.182781
vt 0.987591 0.193058
f 873/3685/873 989/3686/989 899/3687/899 760/3688/760
vt 0.880771 0.202223
vt 0.880310 0.211424
vt 0.767301 0.219327
vt 0.768501 0.211922
f 874/3689/874 981/3690/981 923/3691/923 769/3692/769
vt 0.123943 0.446241
vt 0.121433 0.444829
vt 0.243588 0.449615
vt 0.244179 0.450663
f 875/3693/875 978/3694/978 921/3695/921 791/3696/791
vt 0.244220 0.454423
vt 0.408845 0.460479
vt 0.406593 0.464607
vt 0.243926 0.458590
f 876/3697/876 959/3698/959 880/3699/880 801/3700/801
vt 0.123937 0.454174
vt 0.121425 0.458821
vt 0.017230 0.452604
vt 0.021519 0.448351
f 877/3701/877 982/3702/982 915/3703/915 800/3704/800
vt 0.410984 0.456806
vt 0.410750 0.455846
vt 0.572747 0.461700
vt 0.572833 0.462600
f 878/3705/878 979/3706/979 922/3707/922 792/3708/792
vt 0.568721 0.466214
vt 0.645982 0.467722
vt 0.643783 0.471853
vt 0.564549 0.470283
f 879/3709/879 960/3710/960 883/3711/883 802/3712/802
vt 0.406593 0.464607
vt 0.405818 0.469662
vt 0.240520 0.463510
vt 0.243926 0.458590
f 880/3713/880 983/3714/983 924/3715/924 801/3716/801
vt 0.648174 0.464048
vt 0.648413 0.463090
vt 0.718836 0.463223
vt 0.718298 0.464262
f 881/3717/881 980/3718/980 923/3719/923 793/3720/793
vt 0.718053 0.468022
vt 0.831221 0.462872
vt 0.831461 0.467029
vt 0.718047 0.472198
f 882/3721/882 961/3722/961 886/3723/886 803/3724/803
vt 0.643783 0.471853
vt 0.643481 0.476908
vt 0.568780 0.475634
vt 0.564549 0.470283
f 883/3725/883 984/3726/984 926/3727/926 802/3728/802
vt 0.831466 0.459091
vt 0.833649 0.457759
vt 0.942188 0.451564
vt 0.938245 0.453215
f 884/3729/884 981/3730/981 898/3731/898 784/3732/784
vt 0.937886 0.457041
vt 0.951438 0.451220
vt 0.951906 0.455273
vt 0.938241 0.461145
f 885/3733/885 990/3734/990 934/3735/934 794/3736/794
vt 0.831461 0.467029
vt 0.833641 0.471755
vt 0.715807 0.477563
vt 0.718047 0.472198
f 886/3737/886 985/3738/985 927/3739/927 803/3740/803
vt 0.995254 0.273185
vt 0.999999 0.303848
vt 0.997919 0.312989
vt 0.995055 0.283615
f 888/3741/888 991/3742/991 890/3743/890 781/3744/781
vt 0.997919 0.312989
vt 0.999999 0.303848
vt 0.999317 0.333842
vt 0.998904 0.341085
f 890/3745/890 991/3746/991 935/3747/935 782/3748/782
vt 0.977201 0.365370
vt 0.976301 0.351929
vt 0.951569 0.367784
vt 0.940211 0.392059
f 891/3749/891 994/3750/994 919/3751/919 765/3752/765
vt 0.025122 0.111344
vt 0.023698 0.132599
vt 0.048430 0.148455
vt 0.051681 0.116707
f 892/3753/892 964/3754/964 894/3755/894 815/3756/815
vt 0.974878 0.330676
vt 0.976301 0.351929
vt 0.999317 0.333842
vt 0.998572 0.322716
f 892/3757/892 994/3758/994 935/3759/935 811/3760/811
vt 0.048430 0.148455
vt 0.053811 0.150935
vt 0.055907 0.119627
vt 0.051681 0.116707
f 894/3761/894 998/3762/998 917/3763/917 815/3764/815
vt 0.029580 0.044788
vt 0.030587 0.029755
vt 0.088891 0.010980
vt 0.082573 0.027496
f 895/3765/895 993/3766/993 933/3767/933 758/3768/758
vt 1.000000 0.182855
vt 0.999343 0.192670
vt 0.998715 0.182781
vt 0.999433 0.172052
f 896/3769/896 966/3770/966 899/3771/899 808/3772/808
vt 0.004922 0.497036
vt 0.007054 0.503544
vt 0.002353 0.507339
vt 0.000000 0.500158
f 900/3773/900 967/3774/967 902/3775/902 817/3776/817
vt 0.958269 0.452604
vt 0.956136 0.459096
vt 0.951906 0.455273
vt 0.953840 0.449386
f 900/3777/900 996/3778/996 934/3779/934 809/3780/809
vt 0.021009 0.510018
vt 0.129539 0.516229
vt 0.127126 0.521034
vt 0.004707 0.514520
f 901/3781/901 972/3782/972 909/3783/909 771/3784/771
vt 0.445834 0.569069
vt 0.393363 0.564299
vt 0.391378 0.562951
vt 0.441928 0.567676
f 907/3785/907 977/3786/977 918/3787/918 789/3788/789
vt 0.722671 0.507971
vt 0.841765 0.503270
vt 0.844557 0.507982
vt 0.725923 0.513019
f 911/3789/911 975/3790/975 913/3791/913 774/3792/774
vt 0.445834 0.555388
vt 0.393363 0.550617
vt 0.395569 0.545972
vt 0.456177 0.545972
f 912/3793/912 997/3794/997 938/3795/938 775/3796/775
vt 0.334962 0.550617
vt 0.276560 0.550617
vt 0.274354 0.545972
vt 0.334962 0.545972
f 914/3797/914 976/3798/976 916/3799/916 816/3800/816
vt 0.334962 0.550617
vt 0.393363 0.550617
vt 0.391378 0.555197
vt 0.334962 0.555197
f 914/3801/914 997/3802/997 936/3803/936 813/3804/813
vt 0.017230 0.452604
vt 0.121425 0.458821
vt 0.118634 0.463531
vt 0.000000 0.458506
f 915/3805/915 982/3806/982 925/3807/925 776/3808/776
vt 0.944093 0.338960
vt 0.946189 0.370264
vt 0.951569 0.367784
vt 0.948319 0.336040
f 917/3809/917 977/3810/977 919/3811/919 815/3812/815
vt 0.715807 0.477563
vt 0.833641 0.471755
vt 0.836064 0.476552
vt 0.713644 0.483050
f 927/3813/927 985/3814/985 929/3815/929 779/3816/779
vt 0.942181 0.465555
vt 0.956136 0.459096
vt 0.960837 0.462890
vt 0.958484 0.470053
f 928/3817/928 996/3818/996 937/3819/937 770/3820/770
vt 0.600887 0.587356
vt 0.659687 0.612084
vt 0.647791 0.610699
vt 0.600887 0.587450
f 999/3821/999 1024/3822/1024 1040/3823/1040 1023/3824/1023
vt 0.600887 0.587356
vt 0.716014 0.587357
vt 0.766751 0.625292
vt 0.659687 0.612084
f 999/3825/999 1038/3826/1038 1047/3827/1047 1024/3828/1024
vt 0.694826 0.637558
vt 0.687686 0.640340
vt 0.647791 0.610699
vt 0.659687 0.612084
f 1000/3829/1000 1025/3830/1025 1040/3831/1040 1024/3832/1024
vt 0.694826 0.637558
vt 0.681034 0.711464
vt 0.671510 0.721122
vt 0.687686 0.640340
f 1000/3833/1000 1029/3834/1029 1042/3835/1042 1025/3836/1025
vt 0.660797 0.790348
vt 0.655191 0.799786
vt 0.671510 0.721122
vt 0.681034 0.711464
f 1001/3837/1001 1030/3838/1030 1042/3839/1042 1029/3840/1029
vt 0.660797 0.790348
vt 0.701096 0.791796
vt 0.693801 0.810379
vt 0.655191 0.799786
f 1001/3841/1001 1031/3842/1031 1043/3843/1043 1030/3844/1030
vt 0.742032 0.795093
vt 0.740663 0.805237
vt 0.693801 0.810379
vt 0.701096 0.791796
f 1002/3845/1002 1032/3846/1032 1043/3847/1043 1031/3848/1031
vt 0.742032 0.795093
vt 0.795432 0.730517
vt 0.798619 0.742291
vt 0.740663 0.805237
f 1002/3849/1002 1033/3850/1033 1044/3851/1044 1032/3852/1032
vt 0.847978 0.672421
vt 0.852108 0.677366
vt 0.798619 0.742291
vt 0.795432 0.730517
f 1003/3853/1003 1034/3854/1034 1044/3855/1044 1033/3856/1033
vt 0.847978 0.672421
vt 0.849570 0.651427
vt 0.858773 0.654414
vt 0.852108 0.677366
f 1003/3857/1003 1035/3858/1035 1045/3859/1045 1034/3860/1034
vt 0.852345 0.636464
vt 0.858009 0.637595
vt 0.858773 0.654414
vt 0.849570 0.651427
f 1004/3861/1004 1036/3862/1036 1045/3863/1045 1035/3864/1035
vt 0.852345 0.636464
vt 0.836850 0.627538
vt 0.844639 0.627871
vt 0.858009 0.637595
f 1004/3865/1004 1037/3866/1037 1046/3867/1046 1036/3868/1036
vt 0.826542 0.618913
vt 0.824051 0.605373
vt 0.830418 0.603242
vt 0.831261 0.618338
f 1005/3869/1005 1027/3870/1027 1041/3871/1041 1026/3872/1026
vt 0.826542 0.618913
vt 0.836850 0.627538
vt 0.766751 0.625292
vt 0.824051 0.605373
f 1005/3873/1005 1037/3874/1037 1047/3875/1047 1027/3876/1027
vt 0.831142 0.587357
vt 0.831142 0.587450
vt 0.830418 0.603242
vt 0.824051 0.605373
f 1006/3877/1006 1028/3878/1028 1041/3879/1041 1027/3880/1027
vt 0.603855 0.710784
vt 0.545055 0.735511
vt 0.437991 0.748720
vt 0.488727 0.710784
f 1007/3881/1007 1022/3882/1022 1039/3883/1039 1021/3884/1021
vt 0.603855 0.710784
vt 0.603855 0.710877
vt 0.556951 0.734126
vt 0.545055 0.735511
f 1007/3885/1007 1023/3886/1023 1040/3887/1040 1022/3888/1022
vt 0.509916 0.760985
vt 0.517056 0.763768
vt 0.533232 0.844549
vt 0.523708 0.834891
f 1008/3889/1008 1025/3890/1025 1042/3891/1042 1015/3892/1015
vt 0.543945 0.913775
vt 0.503646 0.915223
vt 0.437991 0.748720
vt 0.523708 0.834891
f 1009/3893/1009 1016/3894/1016 1039/3895/1039 1015/3896/1015
vt 0.543945 0.913775
vt 0.549551 0.923214
vt 0.510941 0.933806
vt 0.503646 0.915223
f 1009/3897/1009 1030/3898/1030 1043/3899/1043 1016/3900/1016
vt 0.462709 0.918521
vt 0.409310 0.853944
vt 0.437991 0.748720
vt 0.503646 0.915223
f 1010/3901/1010 1017/3902/1017 1039/3903/1039 1016/3904/1016
vt 0.462709 0.918521
vt 0.464079 0.928665
vt 0.406123 0.865719
vt 0.409310 0.853944
f 1010/3905/1010 1032/3906/1032 1044/3907/1044 1017/3908/1017
vt 0.356764 0.795848
vt 0.355171 0.774855
vt 0.437991 0.748720
vt 0.409310 0.853944
f 1011/3909/1011 1018/3910/1018 1039/3911/1039 1017/3912/1017
vt 0.356764 0.795848
vt 0.352634 0.800794
vt 0.345969 0.777841
vt 0.355171 0.774855
f 1011/3913/1011 1034/3914/1034 1045/3915/1045 1018/3916/1018
vt 0.352397 0.759891
vt 0.367891 0.750966
vt 0.437991 0.748720
vt 0.355171 0.774855
f 1012/3917/1012 1019/3918/1019 1039/3919/1039 1018/3920/1018
vt 0.352397 0.759891
vt 0.346733 0.761022
vt 0.360103 0.751298
vt 0.367891 0.750966
f 1012/3921/1012 1036/3922/1036 1046/3923/1046 1019/3924/1019
vt 0.378199 0.742340
vt 0.380690 0.728800
vt 0.437991 0.748720
vt 0.367891 0.750966
f 1013/3925/1013 1020/3926/1020 1039/3927/1039 1019/3928/1019
vt 0.378199 0.742340
vt 0.373481 0.741766
vt 0.374324 0.726670
vt 0.380690 0.728800
f 1013/3929/1013 1026/3930/1026 1041/3931/1041 1020/3932/1020
vt 0.373600 0.710784
vt 0.488727 0.710784
vt 0.437991 0.748720
vt 0.380690 0.728800
f 1014/3933/1014 1021/3934/1021 1039/3935/1039 1020/3936/1020
vt 0.523708 0.834891
vt 0.437991 0.748720
vt 0.545055 0.735511
vt 0.509916 0.760985
f 1015/3937/1015 1039/3938/1039 1022/3939/1022 1008/3940/1008
vt 0.523708 0.834891
vt 0.533232 0.844549
vt 0.549551 0.923214
vt 0.543945 0.913775
f 1015/3941/1015 1042/3942/1042 1030/3943/1030 1009/3944/1009
vt 0.503646 0.915223
vt 0.510941 0.933806
vt 0.464079 0.928665
vt 0.462709 0.918521
f 1016/3945/1016 1043/3946/1043 1032/3947/1032 1010/3948/1010
vt 0.409310 0.853944
vt 0.406123 0.865719
vt 0.352634 0.800794
vt 0.356764 0.795848
f 1017/3949/1017 1044/3950/1044 1034/3951/1034 1011/3952/1011
vt 0.355171 0.774855
vt 0.345969 0.777841
vt 0.346733 0.761022
vt 0.352397 0.759891
f 1018/3953/1018 1045/3954/1045 1036/3955/1036 1012/3956/1012
vt 0.367891 0.750966
vt 0.360103 0.751298
vt 0.373481 0.741766
vt 0.378199 0.742340
f 1019/3957/1019 1046/3958/1046 1026/3959/1026 1013/3960/1013
vt 0.380690 0.728800
vt 0.374324 0.726670
vt 0.373600 0.710878
vt 0.373600 0.710784
f 1020/3961/1020 1041/3962/1041 1028/3963/1028 1014/3964/1014
vt 0.545055 0.735511
vt 0.556951 0.734126
vt 0.517056 0.763768
vt 0.509916 0.760985
f 1022/3965/1022 1040/3966/1040 1025/3967/1025 1008/3968/1008
vt 0.659687 0.612084
vt 0.766751 0.625292
vt 0.681034 0.711464
vt 0.694826 0.637558
f 1024/3969/1024 1047/3970/1047 1029/3971/1029 1000/3972/1000
vt 0.831261 0.618338
vt 0.844639 0.627871
vt 0.836850 0.627538
vt 0.826542 0.618913
f 1026/3973/1026 1046/3974/1046 1037/3975/1037 1005/3976/1005
vt 0.824051 0.605373
vt 0.766751 0.625292
vt 0.716014 0.587357
vt 0.831142 0.587357
f 1027/3977/1027 1047/3978/1047 1038/3979/1038 1006/3980/1006
vt 0.681034 0.711464
vt 0.766751 0.625292
vt 0.701096 0.791796
vt 0.660797 0.790348
f 1029/3981/1029 1047/3982/1047 1031/3983/1031 1001/3984/1001
vt 0.701096 0.791796
vt 0.766751 0.625292
vt 0.795432 0.730517
vt 0.742032 0.795093
f 1031/3985/1031 1047/3986/1047 1033/3987/1033 1002/3988/1002
vt 0.795432 0.730517
vt 0.766751 0.625292
vt 0.849570 0.651427
vt 0.847978 0.672421
f 1033/3989/1033 1047/3990/1047 1035/3991/1035 1003/3992/1003
vt 0.849570 0.651427
vt 0.766751 0.625292
vt 0.836850 0.627538
vt 0.852345 0.636464
f 1035/3993/1035 1047/3994/1047 1037/3995/1037 1004/3996/1004
vt 0.600887 0.587356
vt 0.659687 0.612084
vt 0.647791 0.610699
vt 0.600887 0.587450
f 1048/3997/1048 1073/3998/1073 1089/3999/1089 1072/4000/1072
vt 0.600887 0.587356
vt 0.716014 0.587357
vt 0.766751 0.625292
vt 0.659687 0.612084
f 1048/4001/1048 1087/4002/1087 1096/4003/1096 1073/4004/1073
vt 0.694826 0.637558
vt 0.687686 0.640340
vt 0.647791 0.610699
vt 0.659687 0.612084
f 1049/4005/1049 1074/4006/1074 1089/4007/1089 1073/4008/1073
vt 0.694826 0.637558
vt 0.681034 0.711464
vt 0.671510 0.721122
vt 0.687686 0.640340
f 1049/4009/1049 1078/4010/1078 1091/4011/1091 1074/4012/1074
vt 0.660797 0.790348
vt 0.655191 0.799786
vt 0.671510 0.721122
vt 0.681034 0.711464
f 1050/4013/1050 1079/4014/1079 1091/4015/1091 1078/4016/1078
vt 0.660797 0.790348
vt 0.701096 0.791796
vt 0.693801 0.810379
vt 0.655191 0.799786
f 1050/4017/1050 1080/4018/1080 1092/4019/1092 1079/4020/1079
vt 0.742032 0.795093
vt 0.740663 0.805237
vt 0.693801 0.810379
vt 0.701096 0.791796
f 1051/4021/1051 1081/4022/1081 1092/4023/1092 1080/4024/1080
vt 0.742032 0.795093
vt 0.795432 0.730517
vt 0.798619 0.742291
vt 0.740663 0.805237
f 1051/4025/1051 1082/4026/1082 1093/4027/1093 1081/4028/1081
vt 0.847978 0.672421
vt 0.852108 0.677366
vt 0.798619 0.742291
vt 0.795432 0.730517
f 1052/4029/1052 1083/4030/1083 1093/4031/1093 1082/4032/1082
vt 0.847978 0.672421
vt 0.849570 0.651427
vt 0.858773 0.654414
vt 0.852108 0.677366
f 1052/4033/1052 1084/4034/1084 1094/4035/1094 1083/4036/1083
vt 0.852345 0.636464
vt 0.858009 0.637595
vt 0.858773 0.654414
vt 0.849570 0.651427
f 1053/4037/1053 1085/4038/1085 1094/4039/1094 1084/4040/1084
vt 0.852345 0.636464
vt 0.836850 0.627538
vt 0.844639 0.627871
vt 0.858009 0.637595
f 1053/4041/1053 1086/4042/1086 1095/4043/1095 1085/4044/1085
vt 0.826542 0.618913
vt 0.824051 0.605373
vt 0.830418 0.603242
vt 0.831261 0.618338
f 1054/4045/1054 1076/4046/1076 1090/4047/1090 1075/4048/1075
vt 0.826542 0.618913
vt 0.836850 0.627538
vt 0.766751 0.625292
vt 0.824051 0.605373
f 1054/4049/1054 1086/4050/1086 1096/4051/1096 1076/4052/1076
vt 0.831142 0.587357
vt 0.831142 0.587450
vt 0.830418 0.603242
vt 0.824051 0.605373
f 1055/4053/1055 1077/4054/1077 1090/4055/1090 1076/4056/1076
vt 0.603855 0.710784
vt 0.545055 0.735511
vt 0.437991 0.748720
vt 0.488727 0.710784
f 1056/4057/1056 1071/4058/1071 1088/4059/1088 1070/4060/1070
vt 0.603855 0.710784
vt 0.603855 0.710877
vt 0.556951 0.734126
vt 0.545055 0.735511
f 1056/4061/1056 1072/4062/1072 1089/4063/1089 1071/4064/1071
vt 0.509916 0.760985
vt 0.517056 0.763768
vt 0.533232 0.844549
vt 0.523708 0.834891
f 1057/4065/1057 1074/4066/1074 1091/4067/1091 1064/4068/1064
vt 0.543945 0.913775
vt 0.503646 0.915223
vt 0.437991 0.748720
vt 0.523708 0.834891
f 1058/4069/1058 1065/4070/1065 1088/4071/1088 1064/4072/1064
vt 0.543945 0.913775
vt 0.549551 0.923214
vt 0.510941 0.933806
vt 0.503646 0.915223
f 1058/4073/1058 1079/4074/1079 1092/4075/1092 1065/4076/1065
vt 0.462709 0.918521
vt 0.409310 0.853944
vt 0.437991 0.748720
vt 0.503646 0.915223
f 1059/4077/1059 1066/4078/1066 1088/4079/1088 1065/4080/1065
vt 0.462709 0.918521
vt 0.464079 0.928665
vt 0.406123 0.865719
vt 0.409310 0.853944
f 1059/4081/1059 1081/4082/1081 1093/4083/1093 1066/4084/1066
vt 0.356764 0.795848
vt 0.355171 0.774855
vt 0.437991 0.748720
vt 0.409310 0.853944
f 1060/4085/1060 1067/4086/1067 1088/4087/1088 1066/4088/1066
vt 0.356764 0.795848
vt 0.352634 0.800794
vt 0.345969 0.777841
vt 0.355171 0.774855
f 1060/4089/1060 1083/4090/1083 1094/4091/1094 1067/4092/1067
vt 0.352397 0.759891
vt 0.367891 0.750966
vt 0.437991 0.748720
vt 0.355171 0.774855
f 1061/4093/1061 1068/4094/1068 1088/4095/1088 1067/4096/1067
vt 0.352397 0.759891
vt 0.346733 0.761022
vt 0.360103 0.751298
vt 0.367891 0.750966
f 1061/4097/1061 1085/4098/1085 1095/4099/1095 1068/4100/1068
vt 0.378199 0.742340
vt 0.380690 0.728800
vt 0.437991 0.748720
vt 0.367891 0.750966
f 1062/4101/1062 1069/4102/1069 1088/4103/1088 1068/4104/1068
vt 0.378199 0.742340
vt 0.373481 0.741766
vt 0.374324 0.726670
vt 0.380690 0.728800
f 1062/4105/1062 1075/4106/1075 1090/4107/1090 1069/4108/1069
vt 0.373600 0.710784
vt 0.488727 0.710784
vt 0.437991 0.748720
vt 0.380690 0.728800
f 1063/4109/1063 1070/4110/1070 1088/4111/1088 1069/4112/1069
vt 0.523708 0.834891
vt 0.437991 0.748720
vt 0.545055 0.735511
vt 0.509916 0.760985
f 1064/4113/1064 1088/4114/1088 1071/4115/1071 1057/4116/1057
vt 0.523708 0.834891
vt 0.533232 0.844549
vt 0.549551 0.923214
vt 0.543945 0.913775
f 1064/4117/1064 1091/4118/1091 1079/4119/1079 1058/4120/1058
vt 0.503646 0.915223
vt 0.510941 0.933806
vt 0.464079 0.928665
vt 0.462709 0.918521
f 1065/4121/1065 1092/4122/1092 1081/4123/1081 1059/4124/1059
vt 0.409310 0.853944
vt 0.406123 0.865719
vt 0.352634 0.800794
vt 0.356764 0.795848
f 1066/4125/1066 1093/4126/1093 1083/4127/1083 1060/4128/1060
vt 0.355171 0.774855
vt 0.345969 0.777841
vt 0.346733 0.761022
vt 0.352397 0.759891
f 1067/4129/1067 1094/4130/1094 1085/4131/1085 1061/4132/1061
vt 0.367891 0.750966
vt 0.360103 0.751298
vt 0.373481 0.741766
vt 0.378199 0.742340
f 1068/4133/1068 1095/4134/1095 1075/4135/1075 1062/4136/1062
vt 0.380690 0.728800
vt 0.374324 0.726670
vt 0.373600 0.710878
vt 0.373600 0.710784
f 1069/4137/1069 1090/4138/1090 1077/4139/1077 1063/4140/1063
vt 0.545055 0.735511
vt 0.556951 0.734126
vt 0.517056 0.763768
vt 0.509916 0.760985
f 1071/4141/1071 1089/4142/1089 1074/4143/1074 1057/4144/1057
vt 0.659687 0.612084
vt 0.766751 0.625292
vt 0.681034 0.711464
vt 0.694826 0.637558
f 1073/4145/1073 1096/4146/1096 1078/4147/1078 1049/4148/1049
vt 0.831261 0.618338
vt 0.844639 0.627871
vt 0.836850 0.627538
vt 0.826542 0.618913
f 1075/4149/1075 1095/4150/1095 1086/4151/1086 1054/4152/1054
vt 0.824051 0.605373
vt 0.766751 0.625292
vt 0.716014 0.587357
vt 0.831142 0.587357
f 1076/4153/1076 1096/4154/1096 1087/4155/1087 1055/4156/1055
vt 0.681034 0.711464
vt 0.766751 0.625292
vt 0.701096 0.791796
vt 0.660797 0.790348
f 1078/4157/1078 1096/4158/1096 1080/4159/1080 1050/4160/1050
vt 0.701096 0.791796
vt 0.766751 0.625292
vt 0.795432 0.730517
vt 0.742032 0.795093
f 1080/4161/1080 1096/4162/1096 1082/4163/1082 1051/4164/1051
vt 0.795432 0.730517
vt 0.766751 0.625292
vt 0.849570 0.651427
vt 0.847978 0.672421
f 1082/4165/1082 1096/4166/1096 1084/4167/1084 1052/4168/1052
vt 0.849570 0.651427
vt 0.766751 0.625292
vt 0.836850 0.627538
vt 0.852345 0.636464
f 1084/4169/1084 1096/4170/1096 1086/4171/1086 1053/4172/1053
vt 0.694826 0.637558
vt 0.681034 0.711464
vt 0.766751 0.625292
vt 0.659687 0.612084
f 1098/4173/1098 1127/4174/1127 1145/4175/1145 1122/4176/1122
vt 0.660797 0.790348
vt 0.701096 0.791796
vt 0.766751 0.625292
vt 0.681034 0.711464
f 1099/4177/1099 1129/4178/1129 1145/4179/1145 1127/4180/1127
vt 0.742032 0.795093
vt 0.795432 0.730517
vt 0.766751 0.625292
vt 0.701096 0.791796
f 1100/4181/1100 1131/4182/1131 1145/4183/1145 1129/4184/1129
vt 0.847978 0.672421
vt 0.849570 0.651427
vt 0.766751 0.625292
vt 0.795432 0.730517
f 1101/4185/1101 1133/4186/1133 1145/4187/1145 1131/4188/1131
vt 0.852345 0.636464
vt 0.836850 0.627538
vt 0.766751 0.625292
vt 0.849570 0.651427
f 1102/4189/1102 1135/4190/1135 1145/4191/1145 1133/4192/1133
vt 0.826542 0.618913
vt 0.836850 0.627538
vt 0.844639 0.627871
vt 0.831261 0.618338
f 1103/4193/1103 1135/4194/1135 1144/4195/1144 1124/4196/1124
vt 0.831142 0.587357
vt 0.716014 0.587357
vt 0.766751 0.625292
vt 0.824051 0.605373
f 1104/4197/1104 1136/4198/1136 1145/4199/1145 1125/4200/1125
vt 0.509916 0.760985
vt 0.545055 0.735511
vt 0.437991 0.748720
vt 0.523708 0.834891
f 1106/4201/1106 1120/4202/1120 1137/4203/1137 1113/4204/1113
vt 0.509916 0.760985
vt 0.517056 0.763768
vt 0.556951 0.734126
vt 0.545055 0.735511
f 1106/4205/1106 1123/4206/1123 1138/4207/1138 1120/4208/1120
vt 0.543945 0.913775
vt 0.549551 0.923214
vt 0.533232 0.844549
vt 0.523708 0.834891
f 1107/4209/1107 1128/4210/1128 1140/4211/1140 1113/4212/1113
vt 0.462709 0.918521
vt 0.464079 0.928665
vt 0.510941 0.933806
vt 0.503646 0.915223
f 1108/4213/1108 1130/4214/1130 1141/4215/1141 1114/4216/1114
vt 0.356764 0.795848
vt 0.352634 0.800794
vt 0.406123 0.865719
vt 0.409310 0.853944
f 1109/4217/1109 1132/4218/1132 1142/4219/1142 1115/4220/1115
vt 0.352397 0.759891
vt 0.346733 0.761022
vt 0.345969 0.777841
vt 0.355171 0.774855
f 1110/4221/1110 1134/4222/1134 1143/4223/1143 1116/4224/1116
vt 0.378199 0.742340
vt 0.373481 0.741766
vt 0.360103 0.751298
vt 0.367891 0.750966
f 1111/4225/1111 1124/4226/1124 1144/4227/1144 1117/4228/1117
vt 0.373600 0.710784
vt 0.373600 0.710878
vt 0.374324 0.726670
vt 0.380690 0.728800
f 1112/4229/1112 1126/4230/1126 1139/4231/1139 1118/4232/1118
vt 0.523708 0.834891
vt 0.437991 0.748720
vt 0.503646 0.915223
vt 0.543945 0.913775
f 1113/4233/1113 1137/4234/1137 1114/4235/1114 1107/4236/1107
vt 0.523708 0.834891
vt 0.533232 0.844549
vt 0.517056 0.763768
vt 0.509916 0.760985
f 1113/4237/1113 1140/4238/1140 1123/4239/1123 1106/4240/1106
vt 0.503646 0.915223
vt 0.437991 0.748720
vt 0.409310 0.853944
vt 0.462709 0.918521
f 1114/4241/1114 1137/4242/1137 1115/4243/1115 1108/4244/1108
vt 0.503646 0.915223
vt 0.510941 0.933806
vt 0.549551 0.923214
vt 0.543945 0.913775
f 1114/4245/1114 1141/4246/1141 1128/4247/1128 1107/4248/1107
vt 0.409310 0.853944
vt 0.437991 0.748720
vt 0.355171 0.774855
vt 0.356764 0.795848
f 1115/4249/1115 1137/4250/1137 1116/4251/1116 1109/4252/1109
vt 0.409310 0.853944
vt 0.406123 0.865719
vt 0.464079 0.928665
vt 0.462709 0.918521
f 1115/4253/1115 1142/4254/1142 1130/4255/1130 1108/4256/1108
vt 0.355171 0.774855
vt 0.437991 0.748720
vt 0.367891 0.750966
vt 0.352397 0.759891
f 1116/4257/1116 1137/4258/1137 1117/4259/1117 1110/4260/1110
vt 0.355171 0.774855
vt 0.345969 0.777841
vt 0.352634 0.800794
vt 0.356764 0.795848
f 1116/4261/1116 1143/4262/1143 1132/4263/1132 1109/4264/1109
vt 0.367891 0.750966
vt 0.437991 0.748720
vt 0.380690 0.728800
vt 0.378199 0.742340
f 1117/4265/1117 1137/4266/1137 1118/4267/1118 1111/4268/1111
vt 0.367891 0.750966
vt 0.360103 0.751298
vt 0.346733 0.761022
vt 0.352397 0.759891
f 1117/4269/1117 1144/4270/1144 1134/4271/1134 1110/4272/1110
vt 0.380690 0.728800
vt 0.437991 0.748720
vt 0.488727 0.710784
vt 0.373600 0.710784
f 1118/4273/1118 1137/4274/1137 1119/4275/1119 1112/4276/1112
vt 0.380690 0.728800
vt 0.374324 0.726670
vt 0.373481 0.741766
vt 0.378199 0.742340
f 1118/4277/1118 1139/4278/1139 1124/4279/1124 1111/4280/1111
vt 0.488727 0.710784
vt 0.437991 0.748720
vt 0.545055 0.735511
vt 0.603855 0.710784
f 1119/4281/1119 1137/4282/1137 1120/4283/1120 1105/4284/1105
vt 0.545055 0.735511
vt 0.556951 0.734126
vt 0.603855 0.710877
vt 0.603855 0.710784
f 1120/4285/1120 1138/4286/1138 1121/4287/1121 1105/4288/1105
vt 0.600887 0.587450
vt 0.647791 0.610699
vt 0.659687 0.612084
vt 0.600887 0.587356
f 1121/4289/1121 1138/4290/1138 1122/4291/1122 1097/4292/1097
vt 0.659687 0.612084
vt 0.647791 0.610699
vt 0.687686 0.640340
vt 0.694826 0.637558
f 1122/4293/1122 1138/4294/1138 1123/4295/1123 1098/4296/1098
vt 0.659687 0.612084
vt 0.766751 0.625292
vt 0.716014 0.587357
vt 0.600887 0.587356
f 1122/4297/1122 1145/4298/1145 1136/4299/1136 1097/4300/1097
vt 0.687686 0.640340
vt 0.671510 0.721122
vt 0.681034 0.711464
vt 0.694826 0.637558
f 1123/4301/1123 1140/4302/1140 1127/4303/1127 1098/4304/1098
vt 0.831261 0.618338
vt 0.830418 0.603242
vt 0.824051 0.605373
vt 0.826542 0.618913
f 1124/4305/1124 1139/4306/1139 1125/4307/1125 1103/4308/1103
vt 0.824051 0.605373
vt 0.830418 0.603242
vt 0.831142 0.587450
vt 0.831142 0.587357
f 1125/4309/1125 1139/4310/1139 1126/4311/1126 1104/4312/1104
vt 0.824051 0.605373
vt 0.766751 0.625292
vt 0.836850 0.627538
vt 0.826542 0.618913
f 1125/4313/1125 1145/4314/1145 1135/4315/1135 1103/4316/1103
vt 0.681034 0.711464
vt 0.671510 0.721122
vt 0.655191 0.799786
vt 0.660797 0.790348
f 1127/4317/1127 1140/4318/1140 1128/4319/1128 1099/4320/1099
vt 0.655191 0.799786
vt 0.693801 0.810379
vt 0.701096 0.791796
vt 0.660797 0.790348
f 1128/4321/1128 1141/4322/1141 1129/4323/1129 1099/4324/1099
vt 0.701096 0.791796
vt 0.693801 0.810379
vt 0.740663 0.805237
vt 0.742032 0.795093
f 1129/4325/1129 1141/4326/1141 1130/4327/1130 1100/4328/1100
vt 0.740663 0.805237
vt 0.798619 0.742291
vt 0.795432 0.730517
vt 0.742032 0.795093
f 1130/4329/1130 1142/4330/1142 1131/4331/1131 1100/4332/1100
vt 0.795432 0.730517
vt 0.798619 0.742291
vt 0.852108 0.677366
vt 0.847978 0.672421
f 1131/4333/1131 1142/4334/1142 1132/4335/1132 1101/4336/1101
vt 0.852108 0.677366
vt 0.858773 0.654414
vt 0.849570 0.651427
vt 0.847978 0.672421
f 1132/4337/1132 1143/4338/1143 1133/4339/1133 1101/4340/1101
vt 0.849570 0.651427
vt 0.858773 0.654414
vt 0.858009 0.637595
vt 0.852345 0.636464
f 1133/4341/1133 1143/4342/1143 1134/4343/1134 1102/4344/1102
vt 0.858009 0.637595
vt 0.844639 0.627871
vt 0.836850 0.627538
vt 0.852345 0.636464
f 1134/4345/1134 1144/4346/1144 1135/4347/1135 1102/4348/1102
vt 0.694826 0.637558
vt 0.681034 0.711464
vt 0.766751 0.625292
vt 0.659687 0.612084
f 1147/4349/1147 1176/4350/1176 1194/4351/1194 1171/4352/1171
vt 0.660797 0.790348
vt 0.701096 0.791796
vt 0.766751 0.625292
vt 0.681034 0.711464
f 1148/4353/1148 1178/4354/1178 1194/4355/1194 1176/4356/1176
vt 0.742032 0.795093
vt 0.795432 0.730517
vt 0.766751 0.625292
vt 0.701096 0.791796
f 1149/4357/1149 1180/4358/1180 1194/4359/1194 1178/4360/1178
vt 0.847978 0.672421
vt 0.849570 0.651427
vt 0.766751 0.625292
vt 0.795432 0.730517
f 1150/4361/1150 1182/4362/1182 1194/4363/1194 1180/4364/1180
vt 0.852345 0.636464
vt 0.836850 0.627538
vt 0.766751 0.625292
vt 0.849570 0.651427
f 1151/4365/1151 1184/4366/1184 1194/4367/1194 1182/4368/1182
vt 0.826542 0.618913
vt 0.836850 0.627538
vt 0.844639 0.627871
vt 0.831261 0.618338
f 1152/4369/1152 1184/4370/1184 1193/4371/1193 1173/4372/1173
vt 0.831142 0.587357
vt 0.716014 0.587357
vt 0.766751 0.625292
vt 0.824051 0.605373
f 1153/4373/1153 1185/4374/1185 1194/4375/1194 1174/4376/1174
vt 0.509916 0.760985
vt 0.545055 0.735511
vt 0.437991 0.748720
vt 0.523708 0.834891
f 1155/4377/1155 1169/4378/1169 1186/4379/1186 1162/4380/1162
vt 0.509916 0.760985
vt 0.517056 0.763768
vt 0.556951 0.734126
vt 0.545055 0.735511
f 1155/4381/1155 1172/4382/1172 1187/4383/1187 1169/4384/1169
vt 0.543945 0.913775
vt 0.549551 0.923214
vt 0.533232 0.844549
vt 0.523708 0.834891
f 1156/4385/1156 1177/4386/1177 1189/4387/1189 1162/4388/1162
vt 0.462709 0.918521
vt 0.464079 0.928665
vt 0.510941 0.933806
vt 0.503646 0.915223
f 1157/4389/1157 1179/4390/1179 1190/4391/1190 1163/4392/1163
vt 0.356764 0.795848
vt 0.352634 0.800794
vt 0.406123 0.865719
vt 0.409310 0.853944
f 1158/4393/1158 1181/4394/1181 1191/4395/1191 1164/4396/1164
vt 0.352397 0.759891
vt 0.346733 0.761022
vt 0.345969 0.777841
vt 0.355171 0.774855
f 1159/4397/1159 1183/4398/1183 1192/4399/1192 1165/4400/1165
vt 0.378199 0.742340
vt 0.373481 0.741766
vt 0.360103 0.751298
vt 0.367891 0.750966
f 1160/4401/1160 1173/4402/1173 1193/4403/1193 1166/4404/1166
vt 0.373600 0.710784
vt 0.373600 0.710878
vt 0.374324 0.726670
vt 0.380690 0.728800
f 1161/4405/1161 1175/4406/1175 1188/4407/1188 1167/4408/1167
vt 0.523708 0.834891
vt 0.437991 0.748720
vt 0.503646 0.915223
vt 0.543945 0.913775
f 1162/4409/1162 1186/4410/1186 1163/4411/1163 1156/4412/1156
vt 0.523708 0.834891
vt 0.533232 0.844549
vt 0.517056 0.763768
vt 0.509916 0.760985
f 1162/4413/1162 1189/4414/1189 1172/4415/1172 1155/4416/1155
vt 0.503646 0.915223
vt 0.437991 0.748720
vt 0.409310 0.853944
vt 0.462709 0.918521
f 1163/4417/1163 1186/4418/1186 1164/4419/1164 1157/4420/1157
vt 0.503646 0.915223
vt 0.510941 0.933806
vt 0.549551 0.923214
vt 0.543945 0.913775
f 1163/4421/1163 1190/4422/1190 1177/4423/1177 1156/4424/1156
vt 0.409310 0.853944
vt 0.437991 0.748720
vt 0.355171 0.774855
vt 0.356764 0.795848
f 1164/4425/1164 1186/4426/1186 1165/4427/1165 1158/4428/1158
vt 0.409310 0.853944
vt 0.406123 0.865719
vt 0.464079 0.928665
vt 0.462709 0.918521
f 1164/4429/1164 1191/4430/1191 1179/4431/1179 1157/4432/1157
vt 0.355171 0.774855
vt 0.437991 0.748720
vt 0.367891 0.750966
vt 0.352397 0.759891
f 1165/4433/1165 1186/4434/1186 1166/4435/1166 1159/4436/1159
vt 0.355171 0.774855
vt 0.345969 0.777841
vt 0.352634 0.800794
vt 0.356764 0.795848
f 1165/4437/1165 1192/4438/1192 1181/4439/1181 1158/4440/1158
vt 0.367891 0.750966
vt 0.437991 0.748720
vt 0.380690 0.728800
vt 0.378199 0.742340
f 1166/4441/1166 1186/4442/1186 1167/4443/1167 1160/4444/1160
vt 0.367891 0.750966
vt 0.360103 0.751298
vt 0.346733 0.761022
vt 0.352397 0.759891
f 1166/4445/1166 1193/4446/1193 1183/4447/1183 1159/4448/1159
vt 0.380690 0.728800
vt 0.437991 0.748720
vt 0.488727 0.710784
vt 0.373600 0.710784
f 1167/4449/1167 1186/4450/1186 1168/4451/1168 1161/4452/1161
vt 0.380690 0.728800
vt 0.374324 0.726670
vt 0.373481 0.741766
vt 0.378199 0.742340
f 1167/4453/1167 1188/4454/1188 1173/4455/1173 1160/4456/1160
vt 0.488727 0.710784
vt 0.437991 0.748720
vt 0.545055 0.735511
vt 0.603855 0.710784
f 1168/4457/1168 1186/4458/1186 1169/4459/1169 1154/4460/1154
vt 0.545055 0.735511
vt 0.556951 0.734126
vt 0.603855 0.710877
vt 0.603855 0.710784
f 1169/4461/1169 1187/4462/1187 1170/4463/1170 1154/4464/1154
vt 0.600887 0.587450
vt 0.647791 0.610699
vt 0.659687 0.612084
vt 0.600887 0.587356
f 1170/4465/1170 1187/4466/1187 1171/4467/1171 1146/4468/1146
vt 0.659687 0.612084
vt 0.647791 0.610699
vt 0.687686 0.640340
vt 0.694826 0.637558
f 1171/4469/1171 1187/4470/1187 1172/4471/1172 1147/4472/1147
vt 0.659687 0.612084
vt 0.766751 0.625292
vt 0.716014 0.587357
vt 0.600887 0.587356
f 1171/4473/1171 1194/4474/1194 1185/4475/1185 1146/4476/1146
vt 0.687686 0.640340
vt 0.671510 0.721122
vt 0.681034 0.711464
vt 0.694826 0.637558
f 1172/4477/1172 1189/4478/1189 1176/4479/1176 1147/4480/1147
vt 0.831261 0.618338
vt 0.830418 0.603242
vt 0.824051 0.605373
vt 0.826542 0.618913
f 1173/4481/1173 1188/4482/1188 1174/4483/1174 1152/4484/1152
vt 0.824051 0.605373
vt 0.830418 0.603242
vt 0.831142 0.587450
vt 0.831142 0.587357
f 1174/4485/1174 1188/4486/1188 1175/4487/1175 1153/4488/1153
vt 0.824051 0.605373
vt 0.766751 0.625292
vt 0.836850 0.627538
vt 0.826542 0.618913
f 1174/4489/1174 1194/4490/1194 1184/4491/1184 1152/4492/1152
vt 0.681034 0.711464
vt 0.671510 0.721122
vt 0.655191 0.799786
vt 0.660797 0.790348
f 1176/4493/1176 1189/4494/1189 1177/4495/1177 1148/4496/1148
vt 0.655191 0.799786
vt 0.693801 0.810379
vt 0.701096 0.791796
vt 0.660797 0.790348
f 1177/4497/1177 1190/4498/1190 1178/4499/1178 1148/4500/1148
vt 0.701096 0.791796
vt 0.693801 0.810379
vt 0.740663 0.805237
vt 0.742032 0.795093
f 1178/4501/1178 1190/4502/1190 1179/4503/1179 1149/4504/1149
vt 0.740663 0.805237
vt 0.798619 0.742291
vt 0.795432 0.730517
vt 0.742032 0.795093
f 1179/4505/1179 1191/4506/1191 1180/4507/1180 1149/4508/1149
vt 0.795432 0.730517
vt 0.798619 0.742291
vt 0.852108 0.677366
vt 0.847978 0.672421
f 1180/4509/1180 1191/4510/1191 1181/4511/1181 1150/4512/1150
vt 0.852108 0.677366
vt 0.858773 0.654414
vt 0.849570 0.651427
vt 0.847978 0.672421
f 1181/4513/1181 1192/4514/1192 1182/4515/1182 1150/4516/1150
vt 0.849570 0.651427
vt 0.858773 0.654414
vt 0.858009 0.637595
vt 0.852345 0.636464
f 1182/4517/1182 1192/4518/1192 1183/4519/1183 1151/4520/1151
vt 0.858009 0.637595
vt 0.844639 0.627871
vt 0.836850 0.627538
vt 0.852345 0.636464
f 1183/4521/1183 1193/4522/1193 1184/4523/1184 1151/4524/1151
vt 0.361815 0.686197
vt 0.383245 0.684106
vt 0.367917 0.640279
vt 0.324271 0.642309
f 1196/4525/1196 1213/4526/1213 1219/4527/1219 1208/4528/1208
vt 0.403539 0.678789
vt 0.383245 0.684106
vt 0.384948 0.689242
vt 0.405723 0.680598
f 1197/4529/1197 1213/4530/1213 1218/4531/1218 1210/4532/1210
vt 0.425842 0.591617
vt 0.350887 0.591617
vt 0.367917 0.640279
vt 0.411564 0.638309
f 1198/4533/1198 1214/4534/1214 1219/4535/1219 1211/4536/1211
vt 0.495542 0.684993
vt 0.533086 0.641105
vt 0.489439 0.639075
vt 0.474112 0.682901
f 1200/4537/1200 1206/4538/1206 1215/4539/1215 1203/4540/1203
vt 0.495542 0.684993
vt 0.496591 0.686950
vt 0.537935 0.641598
vt 0.533086 0.641105
f 1200/4541/1200 1209/4542/1209 1216/4543/1216 1206/4544/1206
vt 0.453818 0.677585
vt 0.451634 0.679394
vt 0.472409 0.688038
vt 0.474112 0.682901
f 1201/4545/1201 1210/4546/1210 1218/4547/1218 1203/4548/1203
vt 0.431515 0.590412
vt 0.431515 0.590713
vt 0.440944 0.637153
vt 0.445793 0.637105
f 1202/4549/1202 1212/4550/1212 1217/4551/1217 1204/4552/1204
vt 0.474112 0.682901
vt 0.489439 0.639075
vt 0.445793 0.637105
vt 0.453818 0.677585
f 1203/4553/1203 1215/4554/1215 1204/4555/1204 1201/4556/1201
vt 0.474112 0.682901
vt 0.472409 0.688038
vt 0.496591 0.686950
vt 0.495542 0.684993
f 1203/4557/1203 1218/4558/1218 1209/4559/1209 1200/4560/1200
vt 0.445793 0.637105
vt 0.489439 0.639075
vt 0.506470 0.590412
vt 0.431515 0.590412
f 1204/4561/1204 1215/4562/1215 1205/4563/1205 1202/4564/1202
vt 0.445793 0.637105
vt 0.440944 0.637153
vt 0.451634 0.679394
vt 0.453818 0.677585
f 1204/4565/1204 1217/4566/1217 1210/4567/1210 1201/4568/1201
vt 0.506470 0.590412
vt 0.489439 0.639075
vt 0.533086 0.641105
vt 0.581425 0.590412
f 1205/4569/1205 1215/4570/1215 1206/4571/1206 1199/4572/1199
vt 0.533086 0.641105
vt 0.537935 0.641598
vt 0.581425 0.590713
vt 0.581425 0.590412
f 1206/4573/1206 1216/4574/1216 1207/4575/1207 1199/4576/1199
vt 0.275932 0.591917
vt 0.319422 0.642802
vt 0.324271 0.642309
vt 0.275932 0.591617
f 1207/4577/1207 1216/4578/1216 1208/4579/1208 1195/4580/1195
vt 0.324271 0.642309
vt 0.319422 0.642802
vt 0.360766 0.688154
vt 0.361815 0.686197
f 1208/4581/1208 1216/4582/1216 1209/4583/1209 1196/4584/1196
vt 0.324271 0.642309
vt 0.367917 0.640279
vt 0.350887 0.591617
vt 0.275932 0.591617
f 1208/4585/1208 1219/4586/1219 1214/4587/1214 1195/4588/1195
vt 0.360766 0.688154
vt 0.384948 0.689242
vt 0.383245 0.684106
vt 0.361815 0.686197
f 1209/4589/1209 1218/4590/1218 1213/4591/1213 1196/4592/1196
vt 0.405723 0.680598
vt 0.416413 0.638357
vt 0.411564 0.638309
vt 0.403539 0.678789
f 1210/4593/1210 1217/4594/1217 1211/4595/1211 1197/4596/1197
vt 0.411564 0.638309
vt 0.416413 0.638357
vt 0.425842 0.591917
vt 0.425842 0.591617
f 1211/4597/1211 1217/4598/1217 1212/4599/1212 1198/4600/1198
vt 0.411564 0.638309
vt 0.367917 0.640279
vt 0.383245 0.684106
vt 0.403539 0.678789
f 1211/4601/1211 1219/4602/1219 1213/4603/1213 1197/4604/1197
vt 0.275932 0.591617
vt 0.324271 0.642309
vt 0.319422 0.642802
vt 0.275932 0.591917
f 1220/4605/1220 1233/4606/1233 1241/4607/1241 1232/4608/1232
vt 0.275932 0.591617
vt 0.350887 0.591617
vt 0.367917 0.640279
vt 0.324271 0.642309
f 1220/4609/1220 1239/4610/1239 1244/4611/1244 1233/4612/1233
vt 0.361815 0.686197
vt 0.360766 0.688154
vt 0.319422 0.642802
vt 0.324271 0.642309
f 1221/4613/1221 1234/4614/1234 1241/4615/1241 1233/4616/1233
vt 0.361815 0.686197
vt 0.383245 0.684106
vt 0.384948 0.689242
vt 0.360766 0.688154
f 1221/4617/1221 1238/4618/1238 1243/4619/1243 1234/4620/1234
vt 0.403539 0.678789
vt 0.411564 0.638309
vt 0.416413 0.638357
vt 0.405723 0.680598
f 1222/4621/1222 1236/4622/1236 1242/4623/1242 1235/4624/1235
vt 0.403539 0.678789
vt 0.383245 0.684106
vt 0.367917 0.640279
vt 0.411564 0.638309
f 1222/4625/1222 1238/4626/1238 1244/4627/1244 1236/4628/1236
vt 0.425842 0.591617
vt 0.425842 0.591917
vt 0.416413 0.638357
vt 0.411564 0.638309
f 1223/4629/1223 1237/4630/1237 1242/4631/1242 1236/4632/1236
vt 0.581425 0.590412
vt 0.533086 0.641105
vt 0.489439 0.639075
vt 0.506470 0.590412
f 1224/4633/1224 1231/4634/1231 1240/4635/1240 1230/4636/1230
vt 0.581425 0.590412
vt 0.581425 0.590713
vt 0.537935 0.641598
vt 0.533086 0.641105
f 1224/4637/1224 1232/4638/1232 1241/4639/1241 1231/4640/1231
vt 0.495542 0.684993
vt 0.496591 0.686950
vt 0.472409 0.688038
vt 0.474112 0.682901
f 1225/4641/1225 1234/4642/1234 1243/4643/1243 1228/4644/1228
vt 0.453818 0.677585
vt 0.445793 0.637105
vt 0.489439 0.639075
vt 0.474112 0.682901
f 1226/4645/1226 1229/4646/1229 1240/4647/1240 1228/4648/1228
vt 0.453818 0.677585
vt 0.451634 0.679394
vt 0.440944 0.637153
vt 0.445793 0.637105
f 1226/4649/1226 1235/4650/1235 1242/4651/1242 1229/4652/1229
vt 0.431515 0.590412
vt 0.506470 0.590412
vt 0.489439 0.639075
vt 0.445793 0.637105
f 1227/4653/1227 1230/4654/1230 1240/4655/1240 1229/4656/1229
vt 0.474112 0.682901
vt 0.489439 0.639075
vt 0.533086 0.641105
vt 0.495542 0.684993
f 1228/4657/1228 1240/4658/1240 1231/4659/1231 1225/4660/1225
vt 0.474112 0.682901
vt 0.472409 0.688038
vt 0.451634 0.679394
vt 0.453818 0.677585
f 1228/4661/1228 1243/4662/1243 1235/4663/1235 1226/4664/1226
vt 0.445793 0.637105
vt 0.440944 0.637153
vt 0.431515 0.590713
vt 0.431515 0.590412
f 1229/4665/1229 1242/4666/1242 1237/4667/1237 1227/4668/1227
vt 0.533086 0.641105
vt 0.537935 0.641598
vt 0.496591 0.686950
vt 0.495542 0.684993
f 1231/4669/1231 1241/4670/1241 1234/4671/1234 1225/4672/1225
vt 0.324271 0.642309
vt 0.367917 0.640279
vt 0.383245 0.684106
vt 0.361815 0.686197
f 1233/4673/1233 1244/4674/1244 1238/4675/1238 1221/4676/1221
vt 0.405723 0.680598
vt 0.384948 0.689242
vt 0.383245 0.684106
vt 0.403539 0.678789
f 1235/4677/1235 1243/4678/1243 1238/4679/1238 1222/4680/1222
vt 0.411564 0.638309
vt 0.367917 0.640279
vt 0.350887 0.591617
vt 0.425842 0.591617
f 1236/4681/1236 1244/4682/1244 1239/4683/1239 1223/4684/1223
vt 0.008869 0.773313
vt 0.007427 0.771594
vt 0.069694 0.651971
vt 0.068709 0.662885
f 1245/4685/1245 1270/4686/1270 1282/4687/1282 1269/4688/1269
vt 0.008869 0.773313
vt 0.012024 0.812932
vt 0.006711 0.818689
vt 0.007427 0.771594
f 1245/4689/1245 1279/4690/1279 1287/4691/1287 1270/4692/1270
vt 0.019962 0.847707
vt 0.067721 0.845773
vt 0.068597 0.855179
vt 0.018483 0.852762
f 1246/4693/1246 1278/4694/1278 1286/4695/1286 1277/4696/1277
vt 0.019962 0.847707
vt 0.012024 0.812932
vt 0.059841 0.761118
vt 0.067721 0.845773
f 1246/4697/1246 1279/4698/1279 1288/4699/1288 1278/4700/1278
vt 0.116612 0.843341
vt 0.130815 0.787249
vt 0.138701 0.790152
vt 0.119533 0.847444
f 1247/4701/1247 1276/4702/1276 1285/4703/1285 1275/4704/1275
vt 0.116612 0.843341
vt 0.067721 0.845773
vt 0.059841 0.761118
vt 0.130815 0.787249
f 1247/4705/1247 1278/4706/1278 1288/4707/1288 1276/4708/1276
vt 0.145478 0.731711
vt 0.129151 0.710077
vt 0.136852 0.704406
vt 0.150674 0.730788
f 1248/4709/1248 1274/4710/1274 1284/4711/1284 1273/4712/1273
vt 0.145478 0.731711
vt 0.130815 0.787249
vt 0.059841 0.761118
vt 0.129151 0.710077
f 1248/4713/1248 1276/4714/1276 1288/4715/1288 1274/4716/1274
vt 0.117929 0.684003
vt 0.127101 0.624003
vt 0.134574 0.608768
vt 0.122987 0.677034
f 1249/4717/1249 1272/4718/1272 1283/4719/1283 1271/4720/1271
vt 0.117929 0.684003
vt 0.129151 0.710077
vt 0.059841 0.761118
vt 0.127101 0.624003
f 1249/4721/1249 1274/4722/1274 1288/4723/1288 1272/4724/1272
vt 0.142068 0.554926
vt 0.136033 0.552514
vt 0.144498 0.529335
vt 0.147381 0.542122
f 1250/4725/1250 1267/4726/1267 1281/4727/1281 1266/4728/1266
vt 0.142068 0.554926
vt 0.127101 0.624003
vt 0.059841 0.761118
vt 0.136033 0.552514
f 1250/4729/1250 1272/4730/1272 1288/4731/1288 1267/4732/1267
vt 0.129993 0.548120
vt 0.133143 0.536756
vt 0.144498 0.529335
vt 0.136033 0.552514
f 1251/4733/1251 1268/4734/1268 1281/4735/1281 1267/4736/1267
vt 0.129993 0.548120
vt 0.068709 0.662885
vt 0.069694 0.651971
vt 0.133143 0.536756
f 1251/4737/1251 1269/4738/1269 1282/4739/1282 1268/4740/1268
vt 0.315794 0.768236
vt 0.314024 0.807942
vt 0.264427 0.757828
vt 0.252137 0.659965
f 1252/4741/1252 1261/4742/1261 1280/4743/1280 1260/4744/1260
vt 0.315794 0.768236
vt 0.317176 0.766468
vt 0.319534 0.813510
vt 0.314024 0.807942
f 1252/4745/1252 1270/4746/1270 1287/4747/1287 1261/4748/1261
vt 0.307305 0.842973
vt 0.259507 0.842706
vt 0.264427 0.757828
vt 0.314024 0.807942
f 1253/4749/1253 1262/4750/1262 1280/4751/1280 1261/4752/1261
vt 0.307305 0.842973
vt 0.308959 0.847972
vt 0.258960 0.852137
vt 0.259507 0.842706
f 1253/4753/1253 1277/4754/1277 1286/4755/1286 1262/4756/1262
vt 0.210560 0.841982
vt 0.194409 0.786420
vt 0.264427 0.757828
vt 0.259507 0.842706
f 1254/4757/1254 1263/4758/1263 1280/4759/1280 1262/4760/1262
vt 0.210560 0.841982
vt 0.207785 0.846185
vt 0.186629 0.789597
vt 0.194409 0.786420
f 1254/4761/1254 1275/4762/1275 1285/4763/1285 1263/4764/1263
vt 0.177816 0.731428
vt 0.193378 0.709237
vt 0.264427 0.757828
vt 0.194409 0.786420
f 1255/4765/1255 1264/4766/1264 1280/4767/1280 1263/4768/1263
vt 0.177816 0.731428
vt 0.172591 0.730687
vt 0.185484 0.703838
vt 0.193378 0.709237
f 1255/4769/1255 1273/4770/1273 1284/4771/1284 1264/4772/1264
vt 0.203684 0.682787
vt 0.192424 0.623143
vt 0.264427 0.757828
vt 0.193378 0.709237
f 1256/4773/1256 1265/4774/1265 1280/4775/1280 1264/4776/1264
vt 0.203684 0.682787
vt 0.198385 0.675999
vt 0.184423 0.608178
vt 0.192424 0.623143
f 1256/4777/1256 1271/4778/1271 1283/4779/1283 1265/4780/1265
vt 0.175055 0.554632
vt 0.169298 0.542020
vt 0.171733 0.529141
vt 0.181002 0.552010
f 1257/4781/1257 1266/4782/1266 1281/4783/1281 1259/4784/1259
vt 0.186885 0.547408
vt 0.252137 0.659965
vt 0.264427 0.757828
vt 0.181002 0.552010
f 1258/4785/1258 1260/4786/1260 1280/4787/1280 1259/4788/1259
vt 0.186885 0.547408
vt 0.183340 0.536161
vt 0.250772 0.649091
vt 0.252137 0.659965
f 1258/4789/1258 1268/4790/1268 1282/4791/1282 1260/4792/1260
vt 0.181002 0.552010
vt 0.264427 0.757828
vt 0.192424 0.623143
vt 0.175055 0.554632
f 1259/4793/1259 1280/4794/1280 1265/4795/1265 1257/4796/1257
vt 0.181002 0.552010
vt 0.171733 0.529141
vt 0.183340 0.536161
vt 0.186885 0.547408
f 1259/4797/1259 1281/4798/1281 1268/4799/1268 1258/4800/1258
vt 0.252137 0.659965
vt 0.250772 0.649091
vt 0.317176 0.766468
vt 0.315794 0.768236
f 1260/4801/1260 1282/4802/1282 1270/4803/1270 1252/4804/1252
vt 0.314024 0.807942
vt 0.319534 0.813510
vt 0.308959 0.847972
vt 0.307305 0.842973
f 1261/4805/1261 1287/4806/1287 1277/4807/1277 1253/4808/1253
vt 0.259507 0.842706
vt 0.258960 0.852137
vt 0.207785 0.846185
vt 0.210560 0.841982
f 1262/4809/1262 1286/4810/1286 1275/4811/1275 1254/4812/1254
vt 0.194409 0.786420
vt 0.186629 0.789597
vt 0.172591 0.730687
vt 0.177816 0.731428
f 1263/4813/1263 1285/4814/1285 1273/4815/1273 1255/4816/1255
vt 0.193378 0.709237
vt 0.185484 0.703838
vt 0.198385 0.675999
vt 0.203684 0.682787
f 1264/4817/1264 1284/4818/1284 1271/4819/1271 1256/4820/1256
vt 0.192424 0.623143
vt 0.184423 0.608178
vt 0.169298 0.542020
vt 0.175055 0.554632
f 1265/4821/1265 1283/4822/1283 1266/4823/1266 1257/4824/1257
vt 0.147381 0.542122
vt 0.134574 0.608768
vt 0.127101 0.624003
vt 0.142068 0.554926
f 1266/4825/1266 1283/4826/1283 1272/4827/1272 1250/4828/1250
vt 0.136033 0.552514
vt 0.059841 0.761118
vt 0.068709 0.662885
vt 0.129993 0.548120
f 1267/4829/1267 1288/4830/1288 1269/4831/1269 1251/4832/1251
vt 0.068709 0.662885
vt 0.059841 0.761118
vt 0.012024 0.812932
vt 0.008869 0.773313
f 1269/4833/1269 1288/4834/1288 1279/4835/1279 1245/4836/1245
vt 0.122987 0.677034
vt 0.136852 0.704406
vt 0.129151 0.710077
vt 0.117929 0.684003
f 1271/4837/1271 1284/4838/1284 1274/4839/1274 1249/4840/1249
vt 0.150674 0.730788
vt 0.138701 0.790152
vt 0.130815 0.787249
vt 0.145478 0.731711
f 1273/4841/1273 1285/4842/1285 1276/4843/1276 1248/4844/1248
vt 0.119533 0.847444
vt 0.068597 0.855179
vt 0.067721 0.845773
vt 0.116612 0.843341
f 1275/4845/1275 1286/4846/1286 1278/4847/1278 1247/4848/1247
vt 0.018483 0.852762
vt 0.006711 0.818689
vt 0.012024 0.812932
vt 0.019962 0.847707
f 1277/4849/1277 1287/4850/1287 1279/4851/1279 1246/4852/1246
vt 0.008869 0.773313
vt 0.007427 0.771594
vt 0.069694 0.651971
vt 0.068709 0.662885
f 1289/4853/1289 1314/4854/1314 1326/4855/1326 1313/4856/1313
vt 0.008869 0.773313
vt 0.012024 0.812932
vt 0.006711 0.818689
vt 0.007427 0.771594
f 1289/4857/1289 1323/4858/1323 1331/4859/1331 1314/4860/1314
vt 0.019962 0.847707
vt 0.067721 0.845773
vt 0.068597 0.855179
vt 0.018483 0.852762
f 1290/4861/1290 1322/4862/1322 1330/4863/1330 1321/4864/1321
vt 0.019962 0.847707
vt 0.012024 0.812932
vt 0.059841 0.761118
vt 0.067721 0.845773
f 1290/4865/1290 1323/4866/1323 1332/4867/1332 1322/4868/1322
vt 0.116612 0.843341
vt 0.130815 0.787249
vt 0.138701 0.790152
vt 0.119533 0.847444
f 1291/4869/1291 1320/4870/1320 1329/4871/1329 1319/4872/1319
vt 0.116612 0.843341
vt 0.067721 0.845773
vt 0.059841 0.761118
vt 0.130815 0.787249
f 1291/4873/1291 1322/4874/1322 1332/4875/1332 1320/4876/1320
vt 0.145478 0.731711
vt 0.129151 0.710077
vt 0.136852 0.704406
vt 0.150674 0.730788
f 1292/4877/1292 1318/4878/1318 1328/4879/1328 1317/4880/1317
vt 0.145478 0.731711
vt 0.130815 0.787249
vt 0.059841 0.761118
vt 0.129151 0.710077
f 1292/4881/1292 1320/4882/1320 1332/4883/1332 1318/4884/1318
vt 0.117929 0.684003
vt 0.127101 0.624003
vt 0.134574 0.608768
vt 0.122987 0.677034
f 1293/4885/1293 1316/4886/1316 1327/4887/1327 1315/4888/1315
vt 0.117929 0.684003
vt 0.129151 0.710077
vt 0.059841 0.761118
vt 0.127101 0.624003
f 1293/4889/1293 1318/4890/1318 1332/4891/1332 1316/4892/1316
vt 0.142068 0.554926
vt 0.136033 0.552514
vt 0.144498 0.529335
vt 0.147381 0.542122
f 1294/4893/1294 1311/4894/1311 1325/4895/1325 1310/4896/1310
vt 0.142068 0.554926
vt 0.127101 0.624003
vt 0.059841 0.761118
vt 0.136033 0.552514
f 1294/4897/1294 1316/4898/1316 1332/4899/1332 1311/4900/1311
vt 0.129993 0.548120
vt 0.133143 0.536756
vt 0.144498 0.529335
vt 0.136033 0.552514
f 1295/4901/1295 1312/4902/1312 1325/4903/1325 1311/4904/1311
vt 0.129993 0.548120
vt 0.068709 0.662885
vt 0.069694 0.651971
vt 0.133143 0.536756
f 1295/4905/1295 1313/4906/1313 1326/4907/1326 1312/4908/1312
vt 0.315794 0.768236
vt 0.314024 0.807942
vt 0.264427 0.757828
vt 0.252137 0.659965
f 1296/4909/1296 1305/4910/1305 1324/4911/1324 1304/4912/1304
vt 0.315794 0.768236
vt 0.317176 0.766468
vt 0.319534 0.813510
vt 0.314024 0.807942
f 1296/4913/1296 1314/4914/1314 1331/4915/1331 1305/4916/1305
vt 0.307305 0.842973
vt 0.259507 0.842706
vt 0.264427 0.757828
vt 0.314024 0.807942
f 1297/4917/1297 1306/4918/1306 1324/4919/1324 1305/4920/1305
vt 0.307305 0.842973
vt 0.308959 0.847972
vt 0.258960 0.852137
vt 0.259507 0.842706
f 1297/4921/1297 1321/4922/1321 1330/4923/1330 1306/4924/1306
vt 0.210560 0.841982
vt 0.194409 0.786420
vt 0.264427 0.757828
vt 0.259507 0.842706
f 1298/4925/1298 1307/4926/1307 1324/4927/1324 1306/4928/1306
vt 0.210560 0.841982
vt 0.207785 0.846185
vt 0.186629 0.789597
vt 0.194409 0.786420
f 1298/4929/1298 1319/4930/1319 1329/4931/1329 1307/4932/1307
vt 0.177816 0.731428
vt 0.193378 0.709237
vt 0.264427 0.757828
vt 0.194409 0.786420
f 1299/4933/1299 1308/4934/1308 1324/4935/1324 1307/4936/1307
vt 0.177816 0.731428
vt 0.172591 0.730687
vt 0.185484 0.703838
vt 0.193378 0.709237
f 1299/4937/1299 1317/4938/1317 1328/4939/1328 1308/4940/1308
vt 0.203684 0.682787
vt 0.192424 0.623143
vt 0.264427 0.757828
vt 0.193378 0.709237
f 1300/4941/1300 1309/4942/1309 1324/4943/1324 1308/4944/1308
vt 0.203684 0.682787
vt 0.198385 0.675999
vt 0.184423 0.608178
vt 0.192424 0.623143
f 1300/4945/1300 1315/4946/1315 1327/4947/1327 1309/4948/1309
vt 0.175055 0.554632
vt 0.169298 0.542020
vt 0.171733 0.529141
vt 0.181002 0.552010
f 1301/4949/1301 1310/4950/1310 1325/4951/1325 1303/4952/1303
vt 0.186885 0.547408
vt 0.252137 0.659965
vt 0.264427 0.757828
vt 0.181002 0.552010
f 1302/4953/1302 1304/4954/1304 1324/4955/1324 1303/4956/1303
vt 0.186885 0.547408
vt 0.183340 0.536161
vt 0.250772 0.649091
vt 0.252137 0.659965
f 1302/4957/1302 1312/4958/1312 1326/4959/1326 1304/4960/1304
vt 0.181002 0.552010
vt 0.264427 0.757828
vt 0.192424 0.623143
vt 0.175055 0.554632
f 1303/4961/1303 1324/4962/1324 1309/4963/1309 1301/4964/1301
vt 0.181002 0.552010
vt 0.171733 0.529141
vt 0.183340 0.536161
vt 0.186885 0.547408
f 1303/4965/1303 1325/4966/1325 1312/4967/1312 1302/4968/1302
vt 0.252137 0.659965
vt 0.250772 0.649091
vt 0.317176 0.766468
vt 0.315794 0.768236
f 1304/4969/1304 1326/4970/1326 1314/4971/1314 1296/4972/1296
vt 0.314024 0.807942
vt 0.319534 0.813510
vt 0.308959 0.847972
vt 0.307305 0.842973
f 1305/4973/1305 1331/4974/1331 1321/4975/1321 1297/4976/1297
vt 0.259507 0.842706
vt 0.258960 0.852137
vt 0.207785 0.846185
vt 0.210560 0.841982
f 1306/4977/1306 1330/4978/1330 1319/4979/1319 1298/4980/1298
vt 0.194409 0.786420
vt 0.186629 0.789597
vt 0.172591 0.730687
vt 0.177816 0.731428
f 1307/4981/1307 1329/4982/1329 1317/4983/1317 1299/4984/1299
vt 0.193378 0.709237
vt 0.185484 0.703838
vt 0.198385 0.675999
vt 0.203684 0.682787
f 1308/4985/1308 1328/4986/1328 1315/4987/1315 1300/4988/1300
vt 0.192424 0.623143
vt 0.184423 0.608178
vt 0.169298 0.542020
vt 0.175055 0.554632
f 1309/4989/1309 1327/4990/1327 1310/4991/1310 1301/4992/1301
vt 0.147381 0.542122
vt 0.134574 0.608768
vt 0.127101 0.624003
vt 0.142068 0.554926
f 1310/4993/1310 1327/4994/1327 1316/4995/1316 1294/4996/1294
vt 0.136033 0.552514
vt 0.059841 0.761118
vt 0.068709 0.662885
vt 0.129993 0.548120
f 1311/4997/1311 1332/4998/1332 1313/4999/1313 1295/5000/1295
vt 0.068709 0.662885
vt 0.059841 0.761118
vt 0.012024 0.812932
vt 0.008869 0.773313
f 1313/5001/1313 1332/5002/1332 1323/5003/1323 1289/5004/1289
vt 0.122987 0.677034
vt 0.136852 0.704406
vt 0.129151 0.710077
vt 0.117929 0.684003
f 1315/5005/1315 1328/5006/1328 1318/5007/1318 1293/5008/1293
vt 0.150674 0.730788
vt 0.138701 0.790152
vt 0.130815 0.787249
vt 0.145478 0.731711
f 1317/5009/1317 1329/5010/1329 1320/5011/1320 1292/5012/1292
vt 0.119533 0.847444
vt 0.068597 0.855179
vt 0.067721 0.845773
vt 0.116612 0.843341
f 1319/5013/1319 1330/5014/1330 1322/5015/1322 1291/5016/1291
vt 0.018483 0.852762
vt 0.006711 0.818689
vt 0.012024 0.812932
vt 0.019962 0.847707
f 1321/5017/1321 1331/5018/1331 1323/5019/1323 1290/5020/1290
vt 0.030582 0.577909
vt 0.030597 0.576813
vt 0.030613 0.575717
f 770/5021/770 937/5022/937 817/5023/817
vt 0.030628 0.574621
f 770/5021/770 817/5023/817 902/5024/902
vt 0.030643 0.573524
f 770/5021/770 902/5024/902 771/5025/771
vt 0.037149 0.571850
f 770/5021/770 771/5025/771 909/5026/909
vt 0.043655 0.570176
f 770/5021/770 909/5026/909 772/5027/772
vt 0.051267 0.569676
f 770/5021/770 772/5027/772 773/5028/773
vt 0.069595 0.569676
f 770/5021/770 773/5028/773 774/5029/774
vt 0.076077 0.569765
f 770/5021/770 774/5029/774 913/5030/913
vt 0.082559 0.569855
f 770/5021/770 913/5030/913 775/5031/775
vt 0.082514 0.573144
f 770/5021/770 775/5031/775 938/5032/938
vt 0.082468 0.576433
f 770/5021/770 938/5032/938 816/5033/816
vt 0.082423 0.579722
f 770/5021/770 816/5033/816 916/5034/916
vt 0.082378 0.583011
f 770/5021/770 916/5034/916 776/5035/776
vt 0.075896 0.582921
f 770/5021/770 776/5035/776 925/5036/925
vt 0.069414 0.582832
f 770/5021/770 925/5036/925 777/5037/777
vt 0.051093 0.582326
f 770/5021/770 777/5037/777 778/5038/778
vt 0.043497 0.581616
f 770/5021/770 778/5038/778 779/5039/779
vt 0.037040 0.579763
f 770/5021/770 779/5039/779 929/5040/929
vt 0.502525 0.554749
vt 0.502525 0.551080
vt 0.617653 0.551080
f 1023/5041/1023 1007/5042/1007 1021/5043/1021
vt 0.732781 0.551080
f 1023/5041/1023 1021/5043/1021 1014/5044/1014
vt 0.732781 0.554749
f 1023/5041/1023 1014/5044/1014 1028/5045/1028
vt 0.732781 0.558418
f 1023/5041/1023 1028/5045/1028 1006/5046/1006
vt 0.617653 0.558418
f 1023/5041/1023 1006/5046/1006 1038/5047/1038
vt 0.502525 0.558418
f 1023/5041/1023 1038/5047/1038 999/5048/999
vt 0.502525 0.554749
vt 0.502525 0.551080
vt 0.617653 0.551080
f 1072/5049/1072 1056/5050/1056 1070/5051/1070
vt 0.732781 0.551080
f 1072/5049/1072 1070/5051/1070 1063/5052/1063
vt 0.732781 0.554749
f 1072/5049/1072 1063/5052/1063 1077/5053/1077
vt 0.732781 0.558418
f 1072/5049/1072 1077/5053/1077 1055/5054/1055
vt 0.617653 0.558418
f 1072/5049/1072 1055/5054/1055 1087/5055/1087
vt 0.502525 0.558418
f 1072/5049/1072 1087/5055/1087 1048/5056/1048
vt 0.502525 0.558418
vt 0.617653 0.558418
vt 0.732781 0.558418
f 1097/5057/1097 1136/5058/1136 1104/5059/1104
vt 0.732781 0.554749
f 1097/5057/1097 1104/5059/1104 1126/5060/1126
vt 0.732781 0.551080
f 1097/5057/1097 1126/5060/1126 1112/5061/1112
vt 0.617653 0.551080
f 1097/5057/1097 1112/5061/1112 1119/5062/1119
vt 0.502525 0.551080
f 1097/5057/1097 1119/5062/1119 1105/5063/1105
vt 0.502525 0.554749
f 1097/5057/1097 1105/5063/1105 1121/5064/1121
vt 0.502525 0.558418
vt 0.617653 0.558418
vt 0.732781 0.558418
f 1146/5065/1146 1185/5066/1185 1153/5067/1153
vt 0.732781 0.554749
f 1146/5065/1146 1153/5067/1153 1175/5068/1175
vt 0.732781 0.551080
f 1146/5065/1146 1175/5068/1175 1161/5069/1161
vt 0.617653 0.551080
f 1146/5065/1146 1161/5069/1161 1168/5070/1168
vt 0.502525 0.551080
f 1146/5065/1146 1168/5070/1168 1154/5071/1154
vt 0.502525 0.554749
f 1146/5065/1146 1154/5071/1154 1170/5072/1170
vt 0.735356 0.559767
vt 0.810311 0.559767
vt 0.885266 0.559767
f 1195/5073/1195 1214/5074/1214 1198/5075/1198
vt 0.885266 0.555423
f 1195/5073/1195 1198/5075/1198 1212/5076/1212
vt 0.885266 0.551080
f 1195/5073/1195 1212/5076/1212 1202/5077/1202
vt 0.810311 0.551080
f 1195/5073/1195 1202/5077/1202 1205/5078/1205
vt 0.735356 0.551080
f 1195/5073/1195 1205/5078/1205 1199/5079/1199
vt 0.735356 0.555424
f 1195/5073/1195 1199/5079/1199 1207/5080/1207
vt 0.735356 0.555424
vt 0.735356 0.551080
vt 0.810311 0.551080
f 1232/5081/1232 1224/5082/1224 1230/5083/1230
vt 0.885266 0.551080
f 1232/5081/1232 1230/5083/1230 1227/5084/1227
vt 0.885266 0.555423
f 1232/5081/1232 1227/5084/1227 1237/5085/1237
vt 0.885266 0.559767
f 1232/5081/1232 1237/5085/1237 1223/5086/1223
vt 0.810311 0.559767
f 1232/5081/1232 1223/5086/1223 1239/5087/1239
vt 0.735356 0.559767
f 1232/5081/1232 1239/5087/1239 1220/5088/1220
