mtllib hidalgo.mtl
usemtl tex0_0
v -39.652100 24.170401 -155.949005
vn 0.000000 1.000000 0.000010
v -39.653000 24.169201 -36.367699
vn 0.000000 1.000000 0.000010
v 39.661999 24.169201 -36.367699
vn 0.000000 1.000000 0.000010
v -42.613098 28.365299 -24.281000
vn 0.666667 0.333333 -0.666667
v 42.982300 28.365299 -24.281000
vn -0.408248 0.816497 -0.408248
v -42.613098 28.365400 -189.322998
vn 0.333333 0.666667 0.666667
v 42.982300 28.365400 -189.322998
vn -0.816496 0.408248 0.408248
v 42.982300 44.873199 -24.281000
vn -0.666667 -0.333333 -0.666667
v 42.982300 44.873199 -189.322998
vn -0.333333 -0.666667 0.666667
v -42.613098 44.873199 -24.281000
vn 0.408248 -0.816497 -0.408248
v -42.613098 44.873199 -189.322998
vn 0.816497 -0.408248 0.408248
v 18.989901 18.983700 -181.873001
vn -0.000043 0.989197 0.146591
v -18.970600 18.983700 -181.884995
vn -0.000043 0.989197 0.146591
v 18.357201 18.424101 -178.097000
vn -0.000043 0.989197 0.146591
v -18.328600 18.424000 -178.106995
vn -0.000043 0.989197 0.146591
v 41.242699 18.983700 -157.076996
vn -0.521664 0.651685 0.550612
v 18.989901 18.983700 -181.873001
vn -0.521664 0.651685 0.550612
v 39.862701 18.424000 -157.722000
vn -0.521664 0.651685 0.550612
v 18.357201 18.424101 -178.097000
vn -0.521664 0.651685 0.550612
v 18.989901 18.983700 -181.873001
vn -0.000303 -0.288595 0.957451
v 18.259899 24.171700 -180.309998
vn -0.000303 -0.288595 0.957451
v -18.970600 18.983700 -181.884995
vn -0.000303 -0.288595 0.957451
v -18.241899 24.171700 -180.320999
vn -0.000303 -0.288595 0.957451
v 16.827900 -20.054899 -171.345993
vn -0.000216 0.696304 0.717747
v -16.812300 -20.054899 -171.356995
vn -0.000216 0.696304 0.717747
v 18.259899 -12.867600 -178.319000
vn -0.000216 0.696304 0.717747
v -18.241899 -12.867600 -178.330002
vn -0.000216 0.696304 0.717747
v 36.548000 -20.054899 -149.371994
vn -0.582210 0.622919 0.522497
v 16.827900 -20.054899 -171.345993
vn -0.582210 0.622919 0.522497
v 39.657501 -12.867600 -154.475998
vn -0.582210 0.622919 0.522497
v 18.259899 -12.867600 -178.319000
vn -0.582210 0.622919 0.522497
v 14.748900 -30.773300 -161.223007
vn -0.000238 0.686637 0.727000
v -14.737000 -30.773300 -161.233002
vn -0.000238 0.686637 0.727000
v 16.827900 -20.054899 -171.345993
vn -0.000238 0.686637 0.727000
v -16.812300 -20.054899 -171.356995
vn -0.000238 0.686637 0.727000
v 32.033798 -30.773300 -141.962997
vn -0.588216 0.612652 0.527882
v 14.748900 -30.773300 -161.223007
vn -0.588216 0.612652 0.527882
v 36.548000 -20.054899 -149.371994
vn -0.588216 0.612652 0.527882
v 16.827900 -20.054899 -171.345993
vn -0.588216 0.612652 0.527882
v 48.725899 18.983700 -114.140999
vn -0.933801 -0.320431 0.159185
v 41.242699 18.983700 -157.076996
vn -0.933801 -0.320431 0.159185
v 46.853199 24.171600 -113.722000
vn -0.933801 -0.320431 0.159185
v 39.657501 24.171600 -155.932999
vn -0.933801 -0.320431 0.159185
v 48.725899 2.903550 -114.140999
vn -0.985149 0.000000 0.171699
v 41.242699 2.903560 -157.076996
vn -0.985149 0.000000 0.171699
v 48.725899 18.983700 -114.140999
vn -0.985149 0.000000 0.171699
v 41.242699 18.983700 -157.076996
vn -0.985149 0.000000 0.171699
v 41.242699 18.983700 -157.076996
vn -0.711680 -0.292559 0.638687
v 39.657501 24.171600 -155.932999
vn -0.711680 -0.292559 0.638687
v 18.989901 18.983700 -181.873001
vn -0.711680 -0.292559 0.638687
v 18.259899 24.171700 -180.309998
vn -0.711680 -0.292559 0.638687
v -18.241899 -12.867600 -178.330002
vn 0.664682 -0.254390 0.702484
v -39.651199 -12.867600 -154.505997
vn 0.664682 -0.254390 0.702484
v -17.624300 -12.421400 -175.186005
vn 0.664682 -0.254390 0.702484
v -38.314701 -12.421400 -155.608994
vn 0.664682 -0.254390 0.702484
v 46.853199 -12.867600 -113.189003
vn -0.977258 0.126317 0.170324
v 39.657501 -12.867600 -154.475998
vn -0.977258 0.126317 0.170324
v 48.725899 2.903550 -114.140999
vn -0.977258 0.126317 0.170324
v 41.242699 2.903560 -157.076996
vn -0.977258 0.126317 0.170324
v -16.812300 -20.054899 -171.356995
vn 0.581831 0.622969 0.522859
v -36.543301 -20.054899 -149.401001
vn 0.581831 0.622969 0.522859
v -18.241899 -12.867600 -178.330002
vn 0.581831 0.622969 0.522859
v -39.651199 -12.867600 -154.505997
vn 0.581831 0.622969 0.522859
v 43.179699 -20.054899 -111.321999
vn -0.863881 0.480668 0.150561
v 36.548000 -20.054899 -149.371994
vn -0.863881 0.480668 0.150561
v 46.853199 -12.867600 -113.189003
vn -0.863881 0.480668 0.150561
v 39.657501 -12.867600 -154.475998
vn -0.863881 0.480668 0.150561
v 12.102800 -39.888599 -148.339996
vn -0.000196 0.816370 0.577530
v -12.095600 -39.888699 -148.347000
vn -0.000196 0.816370 0.577530
v 14.748900 -30.773300 -161.223007
vn -0.000196 0.816370 0.577530
v -14.737000 -30.773300 -161.233002
vn -0.000196 0.816370 0.577530
v 26.288401 -39.888699 -132.533005
vn -0.485933 0.757420 0.436100
v 12.102800 -39.888599 -148.339996
vn -0.485933 0.757420 0.436100
v 32.033798 -30.773300 -141.962997
vn -0.485933 0.757420 0.436100
v 14.748900 -30.773300 -161.223007
vn -0.485933 0.757420 0.436100
v -14.737000 -30.773300 -161.233002
vn 0.587789 0.612767 0.528224
v -32.031200 -30.773300 -141.988007
vn 0.587789 0.612767 0.528224
v -16.812300 -20.054899 -171.356995
vn 0.587789 0.612767 0.528224
v -36.543301 -20.054899 -149.401001
vn 0.587789 0.612767 0.528224
v 37.846600 -30.773300 -108.612000
vn -0.869155 0.470768 0.151484
v 32.033798 -30.773300 -141.962997
vn -0.869155 0.470768 0.151484
v 43.179699 -20.054899 -111.321999
vn -0.869155 0.470768 0.151484
v 36.548000 -20.054899 -149.371994
vn -0.869155 0.470768 0.151484
v 8.991370 -47.050499 -133.190002
vn -0.000127 0.904073 0.427377
v -8.989680 -47.050499 -133.195999
vn -0.000127 0.904073 0.427377
v 12.102800 -39.888599 -148.339996
vn -0.000127 0.904073 0.427377
v -12.095600 -39.888699 -148.347000
vn -0.000127 0.904073 0.427377
v 19.532400 -47.050499 -121.445000
vn -0.371452 0.866543 0.333356
v 8.991370 -47.050499 -133.190002
vn -0.371452 0.866543 0.333356
v 26.288401 -39.888699 -132.533005
vn -0.371452 0.866543 0.333356
v 12.102800 -39.888599 -148.339996
vn -0.371452 0.866543 0.333356
v -12.095600 -39.888699 -148.347000
vn 0.485568 0.757512 0.436348
v -26.288401 -39.888699 -132.554001
vn 0.485568 0.757512 0.436348
v -14.737000 -30.773300 -161.233002
vn 0.485568 0.757512 0.436348
v -32.031200 -30.773300 -141.988007
vn 0.485568 0.757512 0.436348
v 31.058800 -39.888599 -105.163002
vn -0.769811 0.624011 0.134172
v 26.288401 -39.888699 -132.533005
vn -0.769811 0.624011 0.134172
v 37.846600 -30.773300 -108.612000
vn -0.769811 0.624011 0.134172
v 32.033798 -30.773300 -141.962997
vn -0.769811 0.624011 0.134172
v -8.989680 -47.050499 -133.195999
vn 0.371142 0.866607 0.333537
v -19.535700 -47.050499 -121.459999
vn 0.371142 0.866607 0.333537
v -12.095600 -39.888699 -148.347000
vn 0.371142 0.866607 0.333537
v -26.288401 -39.888699 -132.554001
vn 0.371142 0.866607 0.333537
v 23.077299 -47.050499 -101.107002
vn -0.632181 0.766946 0.110182
v 19.532400 -47.050499 -121.445000
vn -0.632181 0.766946 0.110182
v 31.058800 -39.888599 -105.163002
vn -0.632181 0.766946 0.110182
v 26.288401 -39.888699 -132.533005
vn -0.632181 0.766946 0.110182
v 5.534150 -51.983601 -116.357002
vn -0.000094 0.959648 0.281205
v -5.538540 -51.983601 -116.360001
vn -0.000094 0.959648 0.281205
v 8.991370 -47.050499 -133.190002
vn -0.000094 0.959648 0.281205
v -8.989680 -47.050499 -133.195999
vn -0.000094 0.959648 0.281205
v -1.874820 -54.498600 -98.487900
vn 0.125713 0.985622 0.112895
v -5.538540 -51.983601 -116.360001
vn 0.125713 0.985622 0.112895
v -4.066990 -54.498501 -96.047699
vn 0.125713 0.985622 0.112895
v -12.032400 -51.983601 -109.134003
vn 0.125713 0.985622 0.112895
v 12.025600 -51.983601 -109.124001
vn -0.250252 0.941769 0.224599
v 5.534150 -51.983601 -116.357002
vn -0.250252 0.941769 0.224599
v 19.532400 -47.050499 -121.445000
vn -0.250252 0.941769 0.224599
v 8.991370 -47.050499 -133.190002
vn -0.250252 0.941769 0.224599
v 1.863970 -54.498600 -98.486801
vn -0.000041 0.990242 0.139357
v 5.534150 -51.983601 -116.357002
vn -0.000041 0.990242 0.139357
v -1.874820 -54.498600 -98.487900
vn -0.000041 0.990242 0.139357
v -5.538540 -51.983601 -116.360001
vn -0.000041 0.990242 0.139357
v -41.235699 18.983700 -157.108994
vn 0.924652 -0.346520 0.157934
v -48.731400 18.983700 -114.184998
vn 0.924652 -0.346520 0.157934
v -39.651199 24.171600 -155.964005
vn 0.924652 -0.346520 0.157934
v -46.858898 24.171700 -113.764999
vn 0.924652 -0.346520 0.157934
v -41.235699 2.903540 -157.108994
vn 0.985093 0.000000 0.172024
v -48.731400 2.903540 -114.184998
vn 0.985093 0.000000 0.172024
v -41.235699 18.983700 -157.108994
vn 0.985093 0.000000 0.172024
v -48.731400 18.983700 -114.184998
vn 0.985093 0.000000 0.172024
v -39.651199 -12.867600 -154.505997
vn 0.977199 0.126344 0.170646
v -46.858898 -12.867700 -113.231003
vn 0.977199 0.126344 0.170646
v -41.235699 2.903540 -157.108994
vn 0.977199 0.126344 0.170646
v -48.731400 2.903540 -114.184998
vn 0.977199 0.126344 0.170646
v -36.543301 -20.054899 -149.401001
vn 0.863809 0.480707 0.150845
v -43.185799 -20.054899 -111.361000
vn 0.863809 0.480707 0.150845
v -39.651199 -12.867600 -154.505997
vn 0.863809 0.480707 0.150845
v -46.858898 -12.867700 -113.231003
vn 0.863809 0.480707 0.150845
v -5.538540 -51.983601 -116.360001
vn 0.250059 0.941795 0.224704
v -12.032400 -51.983601 -109.134003
vn 0.250059 0.941795 0.224704
v -8.989680 -47.050499 -133.195999
vn 0.250059 0.941795 0.224704
v -19.535700 -47.050499 -121.459999
vn 0.250059 0.941795 0.224704
v -4.066990 -54.498501 -96.047699
vn 0.238079 0.970356 0.041575
v -12.032400 -51.983601 -109.134003
vn 0.238079 0.970356 0.041575
v -4.804860 -54.498600 -91.820000
vn 0.238079 0.970356 0.041575
v -14.218500 -51.983601 -96.612701
vn 0.238079 0.970356 0.041575
v 14.208700 -51.983601 -96.600098
vn -0.453589 0.887697 0.079060
v 12.025600 -51.983601 -109.124001
vn -0.453589 0.887697 0.079060
v 23.077299 -47.050499 -101.107002
vn -0.453589 0.887697 0.079060
v 19.532400 -47.050499 -121.445000
vn -0.453589 0.887697 0.079060
v 4.056410 -54.498501 -96.044502
vn -0.125787 0.985615 0.112878
v 12.025600 -51.983601 -109.124001
vn -0.125787 0.985615 0.112878
v 1.863970 -54.498600 -98.486801
vn -0.125787 0.985615 0.112878
v 5.534150 -51.983601 -116.357002
vn -0.125787 0.985615 0.112878
v -32.031200 -30.773300 -141.988007
vn 0.869084 0.470810 0.151758
v -37.853401 -30.773300 -108.646004
vn 0.869084 0.470810 0.151758
v -36.543301 -20.054899 -149.401001
vn 0.869084 0.470810 0.151758
v -43.185799 -20.054899 -111.361000
vn 0.869084 0.470810 0.151758
v 38.330799 -12.421400 -155.584000
vn -0.677992 0.168172 0.715573
v 39.862701 2.851730 -157.722000
vn -0.677986 0.168149 0.715585
v 17.651800 -12.421300 -175.177002
vn -0.677986 0.168149 0.715585
v 18.357201 2.851700 -178.097000
vn -0.677979 0.168126 0.715596
v -26.288401 -39.888699 -132.554001
vn 0.769734 0.624054 0.134411
v -31.066500 -39.888699 -105.191002
vn 0.769734 0.624054 0.134411
v -32.031200 -30.773300 -141.988007
vn 0.769734 0.624054 0.134411
v -37.853401 -30.773300 -108.646004
vn 0.769734 0.624054 0.134411
v -19.535700 -47.050499 -121.459999
vn 0.632097 0.766988 0.110376
v -23.086000 -47.050499 -101.126999
vn 0.632097 0.766988 0.110376
v -26.288401 -39.888699 -132.554001
vn 0.632097 0.766988 0.110376
v -31.066500 -39.888699 -105.191002
vn 0.632097 0.766988 0.110376
v -12.032400 -51.983601 -109.134003
vn 0.453532 0.887715 0.079190
v -14.218500 -51.983601 -96.612701
vn 0.453532 0.887715 0.079190
v -19.535700 -47.050499 -121.459999
vn 0.453532 0.887715 0.079190
v -23.086000 -47.050499 -101.126999
vn 0.453532 0.887715 0.079190
v -4.804860 -54.498600 -91.820000
vn 0.258104 0.966117 0.000019
v -14.218500 -51.983601 -96.612701
vn 0.258104 0.966117 0.000019
v -4.805470 -54.498600 -83.467598
vn 0.258104 0.966117 0.000019
v -14.220300 -51.983601 -71.876503
vn 0.258104 0.966117 0.000019
v 4.793840 -54.498501 -91.815697
vn -0.238082 0.970357 0.041517
v 14.208700 -51.983601 -96.600098
vn -0.238082 0.970357 0.041517
v 4.056410 -54.498501 -96.044502
vn -0.238082 0.970357 0.041517
v 12.025600 -51.983601 -109.124001
vn -0.238082 0.970357 0.041517
v 4.793840 -54.498501 -91.815697
vn -0.258081 0.966123 -0.000019
v 14.208700 -51.983601 -96.600098
vn -0.258081 0.966123 -0.000019
v 4.793230 -54.498501 -83.457001
vn -0.258081 0.966123 -0.000019
v 14.206900 -51.983601 -71.845596
vn -0.258081 0.966123 -0.000019
v 39.862701 2.851730 -157.722000
vn -0.687769 0.000000 0.725930
v 18.357201 2.851700 -178.097000
vn -0.687769 0.000000 0.725930
v 39.862701 18.424000 -157.722000
vn -0.687769 0.000000 0.725930
v 18.357201 18.424101 -178.097000
vn -0.687769 0.000000 0.725930
v 17.651800 -12.421300 -175.177002
vn -0.000251 0.187797 0.982208
v 18.357201 2.851700 -178.097000
vn -0.000259 0.187815 0.982204
v -17.624300 -12.421400 -175.186005
vn -0.000259 0.187815 0.982204
v -18.328600 2.851730 -178.106995
vn -0.000267 0.187834 0.982201
v -14.218500 -51.983601 -96.612701
vn 0.486135 0.873884 0.000035
v -14.220300 -51.983601 -71.876503
vn 0.486135 0.873884 0.000035
v -23.086000 -47.050499 -101.126999
vn 0.486135 0.873884 0.000035
v -23.088900 -47.050499 -60.957901
vn 0.486135 0.873884 0.000035
v -4.805470 -54.498600 -83.467598
vn 0.225332 0.973872 -0.028272
v -14.220300 -51.983601 -71.876503
vn 0.225332 0.973872 -0.028272
v -3.520010 -54.498600 -73.222397
vn 0.225332 0.973872 -0.028272
v -10.413400 -51.983700 -41.534599
vn 0.225332 0.973872 -0.028272
v 14.208700 -51.983601 -96.600098
vn -0.486116 0.873894 -0.000035
v 14.206900 -51.983601 -71.845596
vn -0.486116 0.873894 -0.000035
v 23.077299 -47.050499 -101.107002
vn -0.486116 0.873894 -0.000035
v 23.074400 -47.050499 -60.907902
vn -0.486116 0.873894 -0.000035
v 10.396800 -51.983601 -41.512100
vn -0.433321 0.899594 -0.054428
v 14.206900 -51.983601 -71.845596
vn -0.433321 0.899594 -0.054428
v 16.887199 -47.050499 -11.649000
vn -0.433321 0.899594 -0.054428
v 23.074400 -47.050499 -60.907902
vn -0.433321 0.899594 -0.054428
v 18.357201 2.851700 -178.097000
vn -0.000272 -0.000000 1.000000
v -18.328600 2.851730 -178.106995
vn -0.000272 -0.000000 1.000000
v 18.357201 18.424101 -178.097000
vn -0.000272 0.000000 1.000000
v -18.328600 18.424000 -178.106995
vn -0.000272 -0.000000 1.000000
v -17.624300 -12.421400 -175.186005
vn 0.677497 0.168196 0.716037
v -18.328600 2.851730 -178.106995
vn 0.677494 0.168185 0.716042
v -38.314701 -12.421400 -155.608994
vn 0.677500 0.168207 0.716031
v -39.846001 2.851740 -157.748001
vn 0.677497 0.168196 0.716037
v -23.086000 -47.050499 -101.126999
vn 0.667891 0.744259 0.000047
v -23.088900 -47.050499 -60.957901
vn 0.667891 0.744259 0.000047
v -31.066500 -39.888699 -105.191002
vn 0.667891 0.744259 0.000047
v -31.070400 -39.888599 -51.131599
vn 0.667891 0.744259 0.000047
v 23.077299 -47.050499 -101.107002
vn -0.667872 0.744276 -0.000047
v 23.074400 -47.050499 -60.907902
vn -0.667872 0.744276 -0.000047
v 31.058800 -39.888599 -105.163002
vn -0.667872 0.744276 -0.000047
v 31.054899 -39.888699 -51.064201
vn -0.667872 0.744276 -0.000047
v 16.887199 -47.050499 -11.649000
vn -0.611756 0.787305 -0.076841
v 23.074400 -47.050499 -60.907902
vn -0.611756 0.787305 -0.076841
v 22.728300 -39.888599 15.227500
vn -0.611756 0.787305 -0.076841
v 31.054899 -39.888699 -51.064201
vn -0.611756 0.787305 -0.076841
v -31.066500 -39.888699 -105.191002
vn 0.802077 0.597221 0.000058
v -31.070400 -39.888599 -51.131599
vn 0.802077 0.597221 0.000058
v -37.853401 -30.773300 -108.646004
vn 0.802077 0.597221 0.000058
v -37.858200 -30.773300 -42.775101
vn 0.802077 0.597221 0.000058
v 31.058800 -39.888599 -105.163002
vn -0.802062 0.597241 -0.000058
v 31.054899 -39.888699 -51.064201
vn -0.802062 0.597241 -0.000058
v 37.846600 -30.773300 -108.612000
vn -0.802062 0.597241 -0.000058
v 37.841801 -30.773300 -42.692699
vn -0.802062 0.597241 -0.000058
v 22.728300 -39.888599 15.227500
vn -0.754804 0.649063 -0.094808
v 31.054899 -39.888699 -51.064201
vn -0.754804 0.649063 -0.094808
v 27.695801 -30.773300 38.083698
vn -0.754804 0.649063 -0.094808
v 37.841801 -30.773300 -42.692699
vn -0.754804 0.649063 -0.094808
v -18.328600 2.851730 -178.106995
vn 0.687284 0.000000 0.726389
v -39.846001 2.851740 -157.748001
vn 0.687284 0.000000 0.726389
v -18.328600 18.424000 -178.106995
vn 0.687284 0.000000 0.726389
v -39.846001 18.424000 -157.748001
vn 0.687284 0.000000 0.726389
v -37.853401 -30.773300 -108.646004
vn 0.895314 0.445436 0.000066
v -37.858200 -30.773300 -42.775101
vn 0.895314 0.445436 0.000066
v -43.185799 -20.054899 -111.361000
vn 0.895314 0.445436 0.000066
v -43.191299 -20.054899 -36.209099
vn 0.895314 0.445436 0.000066
v 37.846600 -30.773300 -108.612000
vn -0.895304 0.445455 -0.000065
v 37.841801 -30.773300 -42.692699
vn -0.895304 0.445455 -0.000065
v 43.179699 -20.054899 -111.321999
vn -0.895304 0.445455 -0.000065
v 43.174198 -20.054899 -36.115501
vn -0.895304 0.445455 -0.000065
v 27.695801 -30.773300 38.083698
vn -0.861969 0.495266 -0.108268
v 37.841801 -30.773300 -42.692699
vn -0.861969 0.495266 -0.108268
v 31.598700 -20.054899 56.042000
vn -0.861969 0.495266 -0.108268
v 43.174198 -20.054899 -36.115501
vn -0.861969 0.495266 -0.108268
v -3.520010 -54.498600 -73.222397
vn 0.136379 0.989325 -0.051350
v -10.413400 -51.983700 -41.534599
vn 0.136379 0.989325 -0.051350
v -1.292930 -54.498501 -67.305702
vn 0.136379 0.989325 -0.051350
v -3.235340 -51.983601 -24.011999
vn 0.136379 0.989325 -0.051350
v -14.220300 -51.983601 -71.876503
vn 0.433428 0.899546 -0.054382
v -10.413400 -51.983700 -41.534599
vn 0.433428 0.899546 -0.054382
v -23.088900 -47.050499 -60.957901
vn 0.433428 0.899546 -0.054382
v -16.906700 -47.050499 -11.685300
vn 0.433428 0.899546 -0.054382
v 3.506730 -54.498600 -73.214600
vn -0.225285 0.973882 -0.028288
v 10.396800 -51.983601 -41.512100
vn -0.225285 0.973882 -0.028288
v 4.793230 -54.498501 -83.457001
vn -0.225285 0.973882 -0.028288
v 14.206900 -51.983601 -71.845596
vn -0.225285 0.973882 -0.028288
v 3.218870 -51.983601 -24.003599
vn -0.253270 0.961807 -0.103836
v 10.396800 -51.983601 -41.512100
vn -0.253270 0.961807 -0.103836
v 5.230540 -47.050499 16.783199
vn -0.253270 0.961807 -0.103836
v 16.887199 -47.050499 -11.649000
vn -0.253270 0.961807 -0.103836
v -43.185799 -20.054899 -111.361000
vn 0.890451 0.455078 0.000064
v -43.191299 -20.054899 -36.209099
vn 0.890451 0.455078 0.000064
v -46.858898 -12.867700 -113.231003
vn 0.890451 0.455078 0.000064
v -46.864799 -12.867600 -31.686701
vn 0.890451 0.455078 0.000064
v 43.179699 -20.054899 -111.321999
vn -0.890442 0.455097 -0.000065
v 43.174198 -20.054899 -36.115501
vn -0.890442 0.455097 -0.000065
v 46.853199 -12.867600 -113.189003
vn -0.890442 0.455097 -0.000065
v 46.847198 -12.867600 -31.584801
vn -0.890442 0.455097 -0.000065
v 31.598700 -20.054899 56.042000
vn -0.856192 0.505341 -0.107542
v 43.174198 -20.054899 -36.115501
vn -0.856192 0.505341 -0.107542
v 34.287102 -12.867600 68.411598
vn -0.856192 0.505341 -0.107542
v 46.847198 -12.867600 -31.584801
vn -0.856192 0.505341 -0.107542
v -46.858898 -12.867700 -113.231003
vn 0.993025 0.117903 0.000071
v -46.864799 -12.867600 -31.686701
vn 0.993025 0.117903 0.000071
v -48.731400 2.903540 -114.184998
vn 0.993025 0.117903 0.000071
v -48.737499 2.903550 -29.380899
vn 0.993025 0.117903 0.000071
v 46.853199 -12.867600 -113.189003
vn -0.993024 0.117909 -0.000071
v 46.847198 -12.867600 -31.584801
vn -0.993024 0.117909 -0.000071
v 48.725899 2.903550 -114.140999
vn -0.993024 0.117909 -0.000071
v 48.719799 2.903550 -29.275200
vn -0.993024 0.117909 -0.000071
v 34.287102 -12.867600 68.411598
vn -0.983145 0.134819 -0.123489
v 46.847198 -12.867600 -31.584801
vn -0.983145 0.134819 -0.123489
v 35.657600 2.903560 74.717796
vn -0.983145 0.134819 -0.123489
v 48.719799 2.903550 -29.275200
vn -0.983145 0.134819 -0.123489
v -46.864799 24.171700 -30.395300
vn -0.000000 -0.999999 0.001738
v 46.847198 24.171600 -30.291201
vn -0.000000 -0.999999 0.001738
v -39.651001 24.161100 -36.335999
vn -0.000000 -0.999999 0.001738
v 39.660900 24.161100 -36.332699
vn -0.000000 -0.999999 0.001738
v -48.731400 18.983700 -114.184998
vn 0.940601 -0.339514 0.000067
v -48.737499 18.983700 -29.380899
vn 0.940601 -0.339514 0.000067
v -46.858898 24.171700 -113.764999
vn 0.940601 -0.339514 0.000067
v -46.864799 24.171700 -30.395300
vn 0.940601 -0.339514 0.000067
v -48.731400 2.903540 -114.184998
vn 1.000000 0.000000 0.000072
v -48.737499 2.903550 -29.380899
vn 1.000000 0.000000 0.000072
v -48.731400 18.983700 -114.184998
vn 1.000000 0.000000 0.000072
v -48.737499 18.983700 -29.380899
vn 1.000000 0.000000 0.000072
v 48.725899 18.983700 -114.140999
vn -0.940597 -0.339526 -0.000068
v 48.719799 18.983700 -29.275299
vn -0.940597 -0.339526 -0.000068
v 46.853199 24.171600 -113.722000
vn -0.940597 -0.339526 -0.000068
v 46.847198 24.171600 -30.291201
vn -0.940597 -0.339526 -0.000068
v 35.657600 18.983700 74.717903
vn -0.927806 -0.356452 -0.110078
v 48.719799 18.983700 -29.275299
vn -0.927806 -0.356452 -0.110078
v 34.287102 24.171700 75.572899
vn -0.927806 -0.356452 -0.110078
v 46.847198 24.171600 -30.291201
vn -0.927806 -0.356452 -0.110078
v 48.725899 2.903550 -114.140999
vn -1.000000 0.000000 -0.000072
v 48.719799 2.903550 -29.275200
vn -1.000000 0.000000 -0.000072
v 48.725899 18.983700 -114.140999
vn -1.000000 0.000000 -0.000072
v 48.719799 18.983700 -29.275299
vn -1.000000 0.000000 -0.000072
v 35.657600 2.903560 74.717796
vn -0.992204 -0.000001 -0.124627
v 48.719799 2.903550 -29.275200
vn -0.992204 -0.000001 -0.124627
v 35.657600 18.983700 74.717903
vn -0.992204 -0.000001 -0.124627
v 48.719799 18.983700 -29.275299
vn -0.992204 -0.000001 -0.124627
v -1.292930 -54.498501 -67.305702
vn 0.000099 0.998317 -0.057991
v -3.235340 -51.983601 -24.011999
vn 0.000099 0.998317 -0.057991
v 1.279040 -54.498600 -67.303001
vn 0.000099 0.998317 -0.057991
v 3.218870 -51.983601 -24.003599
vn 0.000099 0.998317 -0.057991
v -10.413400 -51.983700 -41.534599
vn 0.253435 0.961766 -0.103815
v -3.235340 -51.983601 -24.011999
vn 0.253435 0.961766 -0.103815
v -16.906700 -47.050499 -11.685300
vn 0.253435 0.961766 -0.103815
v -5.250550 -47.050499 16.769899
vn 0.253435 0.961766 -0.103815
v 1.279040 -54.498600 -67.303001
vn -0.132178 0.989974 -0.049809
v 3.218870 -51.983601 -24.003599
vn -0.132178 0.989974 -0.049809
v 3.506730 -54.498600 -73.214600
vn -0.132178 0.989974 -0.049809
v 10.396800 -51.983601 -41.512100
vn -0.132178 0.989974 -0.049809
v -3.235340 -51.983601 -24.011999
vn 0.000152 0.992764 -0.120081
v 3.218870 -51.983601 -24.003599
vn 0.000152 0.992764 -0.120081
v -5.250550 -47.050499 16.769899
vn 0.000152 0.992764 -0.120081
v 5.230540 -47.050499 16.783199
vn 0.000152 0.992764 -0.120081
v -23.088900 -47.050499 -60.957901
vn 0.611867 0.787227 -0.076769
v -16.906700 -47.050499 -11.685300
vn 0.611867 0.787227 -0.076769
v -31.070400 -39.888599 -51.131599
vn 0.611867 0.787227 -0.076769
v -22.750700 -39.888599 15.178200
vn 0.611867 0.787227 -0.076769
v 5.230540 -47.050499 16.783199
vn -0.386045 0.908801 -0.158273
v 16.887199 -47.050499 -11.649000
vn -0.386045 0.908801 -0.158273
v 7.040990 -39.888599 53.490601
vn -0.386045 0.908801 -0.158273
v 22.728300 -39.888599 15.227500
vn -0.386045 0.908801 -0.158273
v -31.070400 -39.888599 -51.131599
vn 0.754902 0.648962 -0.094718
v -22.750700 -39.888599 15.178200
vn 0.754902 0.648962 -0.094718
v -37.858200 -30.773300 -42.775101
vn 0.754902 0.648962 -0.094718
v -27.720400 -30.773300 38.023499
vn 0.754902 0.648962 -0.094718
v 7.040990 -39.888599 53.490601
vn -0.523972 0.824199 -0.214821
v 22.728300 -39.888599 15.227500
vn -0.523972 0.824199 -0.214821
v 8.580640 -30.773300 84.707703
vn -0.523972 0.824199 -0.214821
v 27.695801 -30.773300 38.083698
vn -0.523972 0.824199 -0.214821
v -16.906700 -47.050499 -11.685300
vn 0.386279 0.908709 -0.158232
v -5.250550 -47.050499 16.769899
vn 0.386279 0.908709 -0.158232
v -22.750700 -39.888599 15.178200
vn 0.386279 0.908709 -0.158232
v -7.064180 -39.888599 53.472401
vn 0.386279 0.908709 -0.158232
v -5.250550 -47.050499 16.769899
vn 0.000247 0.981491 -0.191509
v 5.230540 -47.050499 16.783199
vn 0.000247 0.981491 -0.191509
v -7.064180 -39.888599 53.472401
vn 0.000247 0.981491 -0.191509
v 7.040990 -39.888599 53.490601
vn 0.000247 0.981491 -0.191509
v -37.858200 -30.773300 -42.775101
vn 0.862031 0.495180 -0.108158
v -27.720400 -30.773300 38.023499
vn 0.862031 0.495180 -0.108158
v -43.191299 -20.054899 -36.209099
vn 0.862031 0.495180 -0.108158
v -31.625299 -20.054899 55.973099
vn 0.862031 0.495180 -0.108158
v 8.580640 -30.773300 84.707703
vn -0.663316 0.697176 -0.271950
v 27.695801 -30.773300 38.083698
vn -0.663316 0.697176 -0.271950
v 9.790350 -20.054899 109.235001
vn -0.663316 0.697176 -0.271950
v 31.598700 -20.054899 56.042000
vn -0.663316 0.697176 -0.271950
v -22.750700 -39.888599 15.178200
vn 0.524247 0.824046 -0.214742
v -7.064180 -39.888599 53.472401
vn 0.524247 0.824046 -0.214742
v -27.720400 -30.773300 38.023499
vn 0.524247 0.824046 -0.214742
v -8.606550 -30.773300 84.685799
vn 0.524247 0.824046 -0.214742
v -7.064180 -39.888599 53.472401
vn 0.000357 0.959910 -0.280308
v 7.040990 -39.888599 53.490601
vn 0.000357 0.959910 -0.280308
v -8.606550 -30.773300 84.685799
vn 0.000357 0.959910 -0.280308
v 8.580640 -30.773300 84.707703
vn 0.000357 0.959910 -0.280308
v -43.191299 -20.054899 -36.209099
vn 0.856266 0.505239 -0.107435
v -31.625299 -20.054899 55.973099
vn 0.856266 0.505239 -0.107435
v -46.864799 -12.867600 -31.686701
vn 0.856266 0.505239 -0.107435
v -34.314800 -12.867600 68.337502
vn 0.856266 0.505239 -0.107435
v -46.864799 -12.867600 -31.686701
vn 0.983166 0.134784 -0.123357
v -34.314800 -12.867600 68.337502
vn 0.983166 0.134784 -0.123357
v -48.737499 2.903550 -29.380899
vn 0.983166 0.134784 -0.123357
v -35.686100 2.903560 74.640297
vn 0.983166 0.134784 -0.123357
v 10.623600 -12.867600 126.128998
vn -0.901300 0.226078 -0.369522
v 34.287102 -12.867600 68.411598
vn -0.901300 0.226078 -0.369522
v 11.048400 2.903560 134.742004
vn -0.901300 0.226078 -0.369522
v 35.657600 2.903560 74.717796
vn -0.901300 0.226078 -0.369522
v -9.818370 -20.054899 109.209000
vn 0.000497 0.920178 -0.391500
v 9.790350 -20.054899 109.235001
vn 0.000497 0.920178 -0.391500
v -10.653100 -12.867600 126.101997
vn 0.000497 0.920178 -0.391500
v 10.623600 -12.867600 126.128998
vn 0.000497 0.920178 -0.391500
v -48.737499 18.983700 -29.380899
vn 0.943270 -0.311192 -0.115761
v -35.686100 18.983700 74.640297
vn 0.943270 -0.311192 -0.115761
v -46.864799 24.171700 -30.395300
vn 0.943270 -0.311192 -0.115761
v -34.314800 24.171700 71.867699
vn 0.943270 -0.311192 -0.115761
v -48.737499 2.903550 -29.380899
vn 0.992221 0.000000 -0.124493
v -35.686100 2.903560 74.640297
vn 0.992221 0.000000 -0.124493
v -48.737499 18.983700 -29.380899
vn 0.992221 0.000000 -0.124493
v -35.686100 18.983700 74.640297
vn 0.992221 0.000000 -0.124493
v 13.039500 18.983700 134.742004
vn -0.915159 -0.182524 -0.359402
v 35.657600 18.983700 74.717903
vn -0.915159 -0.182524 -0.359402
v 12.538200 24.171700 130.953003
vn -0.915159 -0.182524 -0.359402
v 34.287102 24.171700 75.572899
vn -0.915159 -0.182524 -0.359402
v 11.048400 2.903560 134.742004
vn -0.935769 0.000002 -0.352614
v 35.657600 2.903560 74.717796
vn -0.935769 0.000002 -0.352614
v 13.039500 18.983700 134.742004
vn -0.935769 0.000002 -0.352614
v 35.657600 18.983700 74.717903
vn -0.935769 0.000002 -0.352614
v -27.720400 -30.773300 38.023499
vn 0.663597 0.696956 -0.271828
v -8.606550 -30.773300 84.685799
vn 0.663597 0.696956 -0.271828
v -31.625299 -20.054899 55.973099
vn 0.663597 0.696956 -0.271828
v -9.818370 -20.054899 109.209000
vn 0.663597 0.696956 -0.271828
v -8.606550 -30.773300 84.685799
vn 0.000531 0.916316 -0.400455
v 8.580640 -30.773300 84.707703
vn 0.000531 0.916316 -0.400455
v -9.818370 -20.054899 109.209000
vn 0.000531 0.916316 -0.400455
v 9.790350 -20.054899 109.235001
vn 0.000531 0.916316 -0.400455
v -34.314800 -12.867600 68.337502
vn 0.901443 0.225954 -0.369251
v -10.653100 -12.867600 126.101997
vn 0.901443 0.225954 -0.369251
v -35.686100 2.903560 74.640297
vn 0.901443 0.225954 -0.369251
v -11.078600 2.903560 134.714005
vn 0.901443 0.225954 -0.369251
v -10.653100 -12.867600 126.101997
vn 0.001111 0.479281 -0.877661
v 10.623600 -12.867600 126.128998
vn 0.001111 0.479281 -0.877661
v -11.078600 2.903560 134.714005
vn 0.001111 0.479281 -0.877661
v 11.048400 2.903560 134.742004
vn 0.001111 0.479281 -0.877661
v -35.686100 18.983700 74.640297
vn 0.887609 -0.324593 -0.326788
v -13.074100 18.983801 134.714005
vn 0.887609 -0.324593 -0.326788
v -34.314800 24.171700 71.867699
vn 0.887609 -0.324593 -0.326788
v -12.571900 24.171700 130.925003
vn 0.887609 -0.324593 -0.326788
v -35.686100 2.903560 74.640297
vn 0.929647 0.115366 -0.349923
v -11.078600 2.903560 134.714005
vn 0.929647 0.115366 -0.349923
v -35.686100 18.983700 74.640297
vn 0.929647 0.115366 -0.349923
v -13.074100 18.983801 134.714005
vn 0.929647 0.115366 -0.349923
v -13.074100 18.983801 134.714005
vn 0.000901 -0.589733 -0.807598
v 13.039500 18.983700 134.742004
vn 0.000901 -0.589733 -0.807598
v -12.571900 24.171700 130.925003
vn 0.000901 -0.589733 -0.807598
v 12.538200 24.171700 130.953003
vn 0.000901 -0.589733 -0.807598
v -11.078600 2.903560 134.714005
vn 0.001072 -0.000133 -0.999999
v 11.048400 2.903560 134.742004
vn 0.001072 -0.000133 -0.999999
v -13.074100 18.983801 134.714005
vn 0.001072 -0.000133 -0.999999
v 13.039500 18.983700 134.742004
vn 0.001072 -0.000133 -0.999999
v -18.254299 28.352501 -180.315994
vn 0.000187 -1.000000 0.000394
v -39.647900 28.358801 -155.942993
vn 0.000187 -1.000000 0.000394
v 18.273701 28.360001 -180.322006
vn 0.000187 -1.000000 0.000394
v 39.661201 28.373600 -155.949997
vn 0.000187 -1.000000 0.000394
v -41.235699 18.983700 -157.108994
vn 0.703246 -0.351212 0.618138
v -18.970600 18.983700 -181.884995
vn 0.703246 -0.351212 0.618138
v -18.241899 24.171700 -180.320999
vn 0.703246 -0.351212 0.618138
v -39.651199 24.171600 -155.964005
vn 0.703246 -0.351212 0.618138
v -39.651199 24.171600 -155.964005
vn -0.001469 -0.999999 -0.000000
v -46.858898 24.171700 -113.764999
vn -0.001469 -0.999999 -0.000000
v -46.864799 24.171700 -30.395300
vn -0.001469 -0.999999 -0.000000
v -39.651001 24.161100 -36.335999
vn -0.001469 -0.999999 -0.000000
v 39.657501 24.171600 -155.932999
vn 0.000000 -1.000000 -0.000004
v 18.259899 24.171700 -180.309998
vn 0.000000 -1.000000 -0.000004
v -18.241899 24.171700 -180.320999
vn 0.000000 -1.000000 -0.000004
v -39.651199 24.171600 -155.964005
vn 0.000000 -1.000000 -0.000004
v -18.970600 18.983700 -181.884995
vn 0.118934 0.984913 0.125701
v -18.328600 18.424000 -178.106995
vn 0.118934 0.984913 0.125701
v -39.846001 18.424000 -157.748001
vn 0.118934 0.984913 0.125701
v -18.241899 -12.867600 -178.330002
vn -0.000033 -0.990078 0.140520
v 17.651800 -12.421300 -175.177002
vn -0.000033 -0.990078 0.140520
v -17.624300 -12.421400 -175.186005
vn -0.000033 -0.990078 0.140520
v 18.259899 -12.867600 -178.319000
vn -0.000042 -0.990063 0.140624
v -18.241899 -12.867600 -178.330002
vn -0.000042 -0.990063 0.140624
v 17.651800 -12.421300 -175.177002
vn -0.000042 -0.990063 0.140624
v 18.259899 -12.867600 -178.319000
vn -0.112209 -0.986603 0.118424
v 38.330799 -12.421400 -155.584000
vn -0.112209 -0.986603 0.118424
v 17.651800 -12.421300 -175.177002
vn -0.112209 -0.986603 0.118424
v -41.235699 18.983700 -157.108994
vn 0.504417 0.734905 0.453297
v -18.970600 18.983700 -181.884995
vn 0.504417 0.734905 0.453297
v -39.846001 18.424000 -157.748001
vn 0.504417 0.734905 0.453297
v -41.235699 2.903540 -157.108994
vn 0.417769 0.000000 0.908553
v -41.235699 18.983700 -157.108994
vn 0.417769 0.000000 0.908553
v -39.846001 18.424000 -157.748001
vn 0.417769 0.000000 0.908553
v -41.235699 2.903540 -157.108994
vn 0.417769 0.000000 0.908553
v -39.846001 2.851740 -157.748001
vn 0.417769 0.000000 0.908553
v -39.846001 18.424000 -157.748001
vn 0.417769 0.000000 0.908553
v 41.242699 18.983700 -157.076996
vn -0.423427 0.000000 0.905930
v 39.862701 2.851730 -157.722000
vn -0.423427 0.000000 0.905930
v 39.862701 18.424000 -157.722000
vn -0.423427 0.000000 0.905930
v 41.242699 2.903560 -157.076996
vn -0.422619 0.167083 0.890773
v 38.330799 -12.421400 -155.584000
vn -0.422619 0.167083 0.890773
v 39.862701 2.851730 -157.722000
vn -0.422619 0.167083 0.890773
v 41.242699 2.903560 -157.076996
vn -0.423427 0.000000 0.905930
v 41.242699 18.983700 -157.076996
vn -0.423427 0.000000 0.905930
v 39.862701 2.851730 -157.722000
vn -0.423427 0.000000 0.905930
v -39.651199 -12.867600 -154.505997
vn 0.416065 0.188621 0.889557
v -41.235699 2.903540 -157.108994
vn 0.416065 0.188621 0.889557
v -39.846001 2.851740 -157.748001
vn 0.416065 0.188621 0.889557
v -39.651199 -12.867600 -154.505997
vn 0.592968 0.169691 0.787143
v -38.314701 -12.421400 -155.608994
vn 0.592968 0.169691 0.787143
v -39.846001 2.851740 -157.748001
vn 0.592968 0.169691 0.787143
v 39.657501 -12.867600 -154.475998
vn -0.650923 -0.484822 0.584163
v 18.259899 -12.867600 -178.319000
vn -0.650923 -0.484822 0.584163
v 38.330799 -12.421400 -155.584000
vn -0.650923 -0.484822 0.584163
v 39.657501 -12.867600 -154.475998
vn -0.591318 0.188740 0.784041
v 41.242699 2.903560 -157.076996
vn -0.591318 0.188740 0.784041
v 38.330799 -12.421400 -155.584000
vn -0.591318 0.188740 0.784041
v 46.853199 24.171600 -113.722000
vn 0.000515 -1.000000 -0.000088
v 39.657501 24.171600 -155.932999
vn 0.000515 -1.000000 -0.000088
v 39.660900 24.161100 -36.332699
vn 0.000515 -1.000000 -0.000088
v 46.853199 24.171600 -113.722000
vn 0.001461 -0.999999 0.000000
v 46.847198 24.171600 -30.291201
vn 0.001461 -0.999999 0.000000
v 39.660900 24.161100 -36.332699
vn 0.001461 -0.999999 0.000000
v -1.874820 -54.498600 -98.487900
vn 0.031508 0.999104 0.028264
v -4.066990 -54.498501 -96.047699
vn 0.031508 0.999104 0.028264
v -0.005812 -54.815300 -89.376503
vn 0.031508 0.999104 0.028264
v 1.863970 -54.498600 -98.486801
vn -0.000010 0.999396 0.034740
v -1.874820 -54.498600 -98.487900
vn -0.000010 0.999396 0.034740
v -0.005812 -54.815300 -89.376503
vn -0.000010 0.999396 0.034740
v -4.066990 -54.498501 -96.047699
vn 0.060481 0.998113 0.010579
v -4.804860 -54.498600 -91.820000
vn 0.060481 0.998113 0.010579
v -0.005812 -54.815300 -89.376503
vn 0.060481 0.998113 0.010579
v 4.056410 -54.498501 -96.044502
vn -0.031527 0.999103 0.028261
v 1.863970 -54.498600 -98.486801
vn -0.031527 0.999103 0.028261
v -0.005812 -54.815300 -89.376503
vn -0.031527 0.999103 0.028261
v -4.804860 -54.498600 -91.820000
vn 0.065847 0.997830 0.000005
v -4.805470 -54.498600 -83.467598
vn 0.065847 0.997830 0.000005
v -0.005812 -54.815300 -89.376503
vn 0.065847 0.997830 0.000005
v 4.793840 -54.498501 -91.815697
vn -0.065864 0.997829 -0.000005
v 4.793230 -54.498501 -83.457001
vn -0.065864 0.997829 -0.000005
v -0.005812 -54.815300 -89.376503
vn -0.065864 0.997829 -0.000005
v 4.793840 -54.498501 -91.815697
vn -0.060517 0.998111 0.010553
v 4.056410 -54.498501 -96.044502
vn -0.060517 0.998111 0.010553
v -0.005812 -54.815300 -89.376503
vn -0.060517 0.998111 0.010553
v -4.805470 -54.498600 -83.467598
vn 0.057061 0.998345 -0.007159
v -3.520010 -54.498600 -73.222397
vn 0.057061 0.998345 -0.007159
v -0.005812 -54.815300 -89.376503
vn 0.057061 0.998345 -0.007159
v -3.520010 -54.498600 -73.222397
vn 0.032959 0.999380 -0.012423
v -1.292930 -54.498501 -67.305702
vn 0.032959 0.999380 -0.012423
v -0.005812 -54.815300 -89.376503
vn 0.032959 0.999380 -0.012423
v 3.506730 -54.498600 -73.214600
vn -0.057073 0.998344 -0.007159
v 4.793230 -54.498501 -83.457001
vn -0.057073 0.998344 -0.007159
v -0.005812 -54.815300 -89.376503
vn -0.057073 0.998344 -0.007159
v -1.292930 -54.498501 -67.305702
vn 0.000054 0.999897 -0.014349
v 1.279040 -54.498600 -67.303001
vn 0.000054 0.999897 -0.014349
v -0.005812 -54.815300 -89.376503
vn 0.000054 0.999897 -0.014349
v 1.279040 -54.498600 -67.303001
vn -0.032959 0.999380 -0.012420
v 3.506730 -54.498600 -73.214600
vn -0.032959 0.999380 -0.012420
v -0.005812 -54.815300 -89.376503
vn -0.032959 0.999380 -0.012420
v 39.661201 28.373600 -155.949997
vn -1.000000 0.000358 0.000007
v 39.659698 24.170401 -155.934006
vn -1.000000 0.000358 0.000007
v 39.661999 28.374300 -36.367699
vn -1.000000 0.000358 0.000007
v -39.652100 24.170401 -155.949005
vn 1.000000 -0.001003 0.000008
v -39.647900 28.358801 -155.942993
vn 1.000000 -0.001003 0.000008
v -39.653000 24.169201 -36.367699
vn 1.000000 -0.001003 0.000008
v -39.647900 28.358801 -155.942993
vn 1.000000 0.000000 0.000043
v -39.653000 24.169201 -36.367699
vn 1.000000 0.000000 0.000043
v -39.653000 28.374300 -36.367699
vn 1.000000 0.000000 0.000043
v 39.659698 24.170401 -155.934006
vn -1.000000 0.000000 0.000019
v 39.661999 24.169201 -36.367699
vn -1.000000 0.000000 0.000019
v 39.661999 28.374300 -36.367699
vn -1.000000 0.000000 0.000019
v -46.864799 24.171700 -30.395300
vn -0.000001 -1.000000 0.000000
v -34.314800 24.171700 71.867699
vn -0.000001 -1.000000 0.000000
v 46.847198 24.171600 -30.291201
vn -0.000001 -1.000000 0.000000
v 18.259899 24.171700 -180.309998
vn -0.751622 0.004368 0.659579
v 18.273701 28.360001 -180.322006
vn -0.751622 0.004368 0.659579
v 39.661201 28.373600 -155.949997
vn -0.751622 0.004368 0.659579
v 18.259899 24.171700 -180.309998
vn -0.751491 0.002779 0.659738
v 39.661201 28.373600 -155.949997
vn -0.751491 0.002779 0.659738
v 39.659698 24.170401 -155.934006
vn -0.751491 0.002779 0.659738
v 18.259899 24.171700 -180.309998
vn -0.000301 0.002868 0.999996
v -18.241899 24.171700 -180.320999
vn -0.000301 0.002868 0.999996
v 18.273701 28.360001 -180.322006
vn -0.000301 0.002868 0.999996
v -18.241899 24.171700 -180.320999
vn 0.000165 -0.001197 0.999999
v -18.254299 28.352501 -180.315994
vn 0.000165 -0.001197 0.999999
v 18.273701 28.360001 -180.322006
vn 0.000165 -0.001197 0.999999
v -18.241899 24.171700 -180.320999
vn 0.751280 0.001438 0.659982
v -39.652100 24.170401 -155.949005
vn 0.751280 0.001438 0.659982
v -18.254299 28.352501 -180.315994
vn 0.751280 0.001438 0.659982
v -31.625299 -20.054899 55.973099
vn 0.654869 0.706532 -0.268253
v -9.818370 -20.054899 109.209000
vn 0.654869 0.706532 -0.268253
v -34.314800 -12.867600 68.337502
vn 0.654869 0.706532 -0.268253
v 31.598700 -20.054899 56.042000
vn -0.654596 0.706738 -0.268377
v 10.623600 -12.867600 126.128998
vn -0.654596 0.706738 -0.268377
v 34.287102 -12.867600 68.411598
vn -0.654596 0.706738 -0.268377
v -39.652100 24.170401 -155.949005
vn 0.751547 -0.001701 0.659677
v -18.254299 28.352501 -180.315994
vn 0.751547 -0.001701 0.659677
v -39.647900 28.358801 -155.942993
vn 0.751547 -0.001701 0.659677
v -39.653000 24.169201 -36.367699
vn 0.000000 0.000000 -1.000000
v 39.661999 24.169201 -36.367699
vn 0.000000 0.000000 -1.000000
v 39.661999 28.374300 -36.367699
vn 0.000000 0.000000 -1.000000
v -39.653000 24.169201 -36.367699
vn 0.000000 0.000000 -1.000000
v 39.661999 28.374300 -36.367699
vn 0.000000 0.000000 -1.000000
v -39.653000 28.374300 -36.367699
vn 0.000000 0.000000 -1.000000
v -34.314800 24.171700 71.867699
vn -0.000000 -1.000000 0.000001
v 34.287102 24.171700 75.572899
vn -0.000000 -1.000000 0.000001
v 46.847198 24.171600 -30.291201
vn -0.000000 -1.000000 0.000001
v -34.314800 24.171700 71.867699
vn 0.000000 -1.000000 0.000000
v -12.571900 24.171700 130.925003
vn 0.000000 -1.000000 0.000000
v 34.287102 24.171700 75.572899
vn 0.000000 -1.000000 0.000000
v -9.818370 -20.054899 109.209000
vn 0.654861 0.706541 -0.268247
v -34.314800 -12.867600 68.337502
vn 0.654861 0.706541 -0.268247
v -10.653100 -12.867600 126.101997
vn 0.654861 0.706541 -0.268247
v 9.790350 -20.054899 109.235001
vn -0.654607 0.706726 -0.268379
v 31.598700 -20.054899 56.042000
vn -0.654607 0.706726 -0.268379
v 10.623600 -12.867600 126.128998
vn -0.654607 0.706726 -0.268379
v -12.571900 24.171700 130.925003
vn 0.000000 -1.000000 0.000000
v 12.538200 24.171700 130.953003
vn 0.000000 -1.000000 0.000000
v 34.287102 24.171700 75.572899
vn 0.000000 -1.000000 0.000000
v -39.652100 24.170401 -155.949005
vn -0.000000 1.000000 0.000010
v 39.659698 24.170401 -155.934006
vn -0.000000 1.000000 0.000010
v 39.661999 24.169201 -36.367699
vn -0.000000 1.000000 0.000010
v -39.651199 24.171600 -155.964005
vn 0.000000 -1.000000 -0.000088
v -39.651001 24.161100 -36.335999
vn 0.000000 -1.000000 -0.000088
v 39.660900 24.161100 -36.332699
vn 0.000000 -1.000000 -0.000088
v 39.657501 24.171600 -155.932999
vn 0.000000 -1.000000 -0.000088
v -39.651199 24.171600 -155.964005
vn 0.000000 -1.000000 -0.000088
v 39.660900 24.161100 -36.332699
vn 0.000000 -1.000000 -0.000088
v 39.661201 28.373600 -155.949997
vn 0.000000 -1.000000 0.000006
v 39.661999 28.374300 -36.367699
vn 0.000000 -1.000000 0.000006
v -39.653000 28.374300 -36.367699
vn 0.000000 -1.000000 0.000006
v -39.647900 28.358801 -155.942993
vn 0.000187 -1.000000 0.000130
v 39.661201 28.373600 -155.949997
vn 0.000187 -1.000000 0.000130
v -39.653000 28.374300 -36.367699
vn 0.000187 -1.000000 0.000130
v 18.259899 24.171700 -180.309998
vn -0.000000 1.000000 0.000053
v -18.241899 24.171700 -180.320999
vn -0.000000 1.000000 0.000053
v 39.659698 24.170401 -155.934006
vn -0.000000 1.000000 0.000053
v -18.241899 24.171700 -180.320999
vn -0.000000 1.000000 0.000053
v -39.652100 24.170401 -155.949005
vn -0.000000 1.000000 0.000053
v 39.659698 24.170401 -155.934006
vn -0.000000 1.000000 0.000053
v -1.002610 -45.193401 51.387798
vn 0.510397 0.839245 -0.187515
v 1.299460 -45.193401 51.387798
vn -0.510389 0.831968 -0.217562
v -1.002610 -54.970402 -3.139360
vn 0.520160 0.850064 -0.082613
v 1.299460 -54.970402 -3.139360
vn -0.520150 0.846301 -0.114969
v -1.002610 -59.022400 -79.257698
vn 0.526652 0.849972 -0.013653
v 1.299460 -59.022400 -79.257698
vn -0.526651 0.849597 -0.028693
v -1.002610 -58.724899 -161.018997
vn 0.540945 0.818393 0.193936
v 1.299460 -58.724899 -161.018997
vn -0.540820 0.835093 0.100667
v -1.002610 -48.689899 -188.108002
vn 0.611843 0.300559 0.731651
v 1.299460 -48.689899 -188.108002
vn -0.611089 0.586853 0.531201
v -1.002610 -17.055500 -188.113998
vn 0.548516 -0.543867 0.635089
v 1.299460 -17.055500 -188.113998
vn -0.313522 -0.621732 0.717742
v -1.002610 28.299000 200.893005
vn 0.515178 0.808074 -0.285672
v 1.299460 28.299000 200.893005
vn -0.750051 0.617193 -0.237690
v -1.002610 23.986300 174.727997
vn 0.349738 0.912164 -0.213635
v 1.299460 23.986300 174.727997
vn -0.349718 0.917521 -0.189345
v -1.002610 18.911301 156.751999
vn 0.576901 0.662682 -0.477533
v 1.299460 18.911301 156.751999
vn -0.380154 0.742148 -0.551995
v -1.002610 9.946570 151.559998
vn 0.392421 0.546695 -0.739682
v 1.299460 9.946580 151.559998
vn -0.606319 0.472750 -0.639441
v -1.002610 -13.783600 129.557007
vn 0.490305 0.725337 -0.483205
v 1.299460 -13.783600 129.557007
vn -0.490197 0.669742 -0.557811
v -1.002610 -33.905102 88.275597
vn 0.499674 0.812749 -0.299607
v 1.299460 -33.905102 88.275597
vn -0.499658 0.798095 -0.336728
v -9.272760 24.391800 125.403999
vn 0.984883 -0.173180 0.003683
v 9.569610 24.391800 125.403999
vn -0.999258 -0.007347 -0.037800
v 2.173770 34.750801 153.865997
vn -0.653159 -0.742105 0.150543
v -2.122500 34.750801 153.865997
vn 0.660613 -0.744669 0.095180
v 1.214960 33.197701 210.389008
vn -0.608610 0.537279 -0.583889
v 1.214960 40.057899 210.389008
vn -0.372140 -0.681732 -0.629883
v -1.174020 33.203201 210.444000
vn 0.581429 0.294932 -0.758258
v -1.178360 40.065399 210.531998
vn 0.573474 -0.597382 -0.560591
v 1.425490 -40.063702 -179.479004
vn -0.434197 0.032286 -0.900239
v 3.292940 -40.063900 -180.852997
vn -0.747606 0.012063 -0.664033
v 1.290090 -40.569099 -179.479004
vn -0.359711 0.244950 -0.900337
v 2.907350 -41.502998 -180.852005
vn -0.641365 0.384114 -0.664160
v 0.920163 -40.938999 -179.479004
vn -0.188878 0.391930 -0.900398
v 1.853890 -42.556400 -180.850998
vn -0.363178 0.653330 -0.664275
v 0.414836 -41.074402 -179.479004
vn -0.000000 0.391398 -0.920222
v 0.414836 -42.942001 -180.850998
vn -0.000000 0.698073 -0.716026
v -0.090492 -40.938999 -179.479004
vn 0.188877 0.391930 -0.900398
v -1.024220 -42.556400 -180.850998
vn 0.363178 0.653330 -0.664275
v -0.460419 -40.569099 -179.479004
vn 0.359710 0.244951 -0.900338
v -2.077680 -41.502998 -180.852005
vn 0.641364 0.384114 -0.664160
v -0.595821 -40.063702 -179.479004
vn 0.434197 0.032285 -0.900239
v -2.463270 -40.063900 -180.852997
vn 0.747607 0.012066 -0.664032
v -0.460418 -39.558399 -179.479004
vn 0.392291 -0.189059 -0.900202
v -2.077680 -38.624802 -180.852997
vn 0.653531 -0.363398 -0.663957
v -0.090492 -39.188499 -179.479004
vn 0.231206 -0.400675 -0.886568
v -1.024220 -37.571400 -180.854004
vn 0.428301 -0.647453 -0.630367
v 0.414836 -39.053101 -179.479004
vn 0.000000 -0.391902 -0.920007
v 0.414836 -37.185699 -180.854004
vn -0.000000 -0.747867 -0.663849
v 0.920165 -39.188499 -179.479004
vn -0.231213 -0.400675 -0.886567
v 1.853890 -37.571400 -180.854004
vn -0.428311 -0.647442 -0.630372
v 1.290090 -39.558399 -179.479004
vn -0.392294 -0.189063 -0.900200
v 2.907350 -38.624901 -180.852997
vn -0.653535 -0.363393 -0.663956
v 4.722230 -40.064201 -183.389999
vn -0.931758 0.004230 -0.363056
v 4.145150 -42.217999 -183.389008
vn -0.804780 0.469529 -0.363142
v 2.568530 -43.794601 -183.389008
vn -0.462111 0.809060 -0.363146
v 0.414836 -44.371601 -183.389008
vn -0.000000 0.913444 -0.406965
v -1.738860 -43.794601 -183.389008
vn 0.462111 0.809060 -0.363146
v -3.315480 -42.217999 -183.389008
vn 0.804781 0.469528 -0.363142
v -3.892550 -40.064201 -183.389999
vn 0.931758 0.004232 -0.363055
v -3.315480 -37.910599 -183.391006
vn 0.809055 -0.462276 -0.362948
v -1.738860 -36.333900 -183.391998
vn 0.469627 -0.804831 -0.362901
v 0.414836 -35.756901 -183.391998
vn 0.000000 -0.948056 -0.318104
v 2.568530 -36.333900 -183.391998
vn -0.469628 -0.804830 -0.362902
v 4.145150 -37.910599 -183.391006
vn -0.809056 -0.462270 -0.362953
v 5.495750 -40.064701 -186.705994
vn -0.993430 0.001054 -0.114437
v 4.815040 -42.605099 -186.705002
vn -0.859804 0.497622 -0.114494
v 2.955290 -44.464901 -186.703995
vn -0.495759 0.860871 -0.114559
v 0.414836 -45.145500 -186.703995
vn -0.000000 0.988290 -0.152585
v -2.125620 -44.464901 -186.703995
vn 0.495759 0.860871 -0.114559
v -3.985370 -42.605099 -186.705002
vn 0.859805 0.497621 -0.114495
v -4.666080 -40.064701 -186.705994
vn 0.993430 0.001054 -0.114438
v -3.985370 -37.524200 -186.707001
vn 0.860869 -0.495806 -0.114374
v -2.125620 -35.664501 -186.707993
vn 0.497651 -0.859810 -0.114325
v 0.414836 -34.983799 -186.707993
vn 0.000000 -0.997097 -0.076142
v 2.955300 -35.664501 -186.707993
vn -0.497652 -0.859809 -0.114326
v 4.815040 -37.524200 -186.707001
vn -0.860869 -0.495806 -0.114374
v 5.495750 -40.065102 -190.294998
vn -0.294817 -0.025960 0.955201
v 4.815040 -42.605598 -190.294006
vn -0.268434 0.124858 0.955172
v 2.955290 -44.465302 -190.292999
vn -0.169989 0.242461 0.955153
v 0.414836 -45.146000 -190.292007
vn 0.000000 0.295178 0.955442
v -2.125620 -44.465302 -190.292999
vn 0.169989 0.242461 0.955153
v -3.985370 -42.605598 -190.294006
vn 0.268434 0.124860 0.955172
v -4.666080 -40.065102 -190.294998
vn 0.294819 -0.025961 0.955200
v -3.985370 -37.524700 -190.296005
vn 0.242222 -0.169967 0.955217
v -2.125620 -35.664902 -190.296997
vn 0.124591 -0.268250 0.955259
v 0.414836 -34.984200 -190.296997
vn 0.000000 -0.294721 0.955583
v 2.955300 -35.664902 -190.296997
vn -0.124591 -0.268251 0.955258
v 4.815040 -37.524700 -190.296005
vn -0.242224 -0.169967 0.955217
v 4.722230 -40.065498 -189.244995
vn 0.593663 -0.045552 0.803423
v 4.145150 -42.219200 -189.244995
vn 0.491302 -0.336287 0.803451
v 2.568530 -43.795799 -189.244003
vn 0.257364 -0.536913 0.803423
v 0.414836 -44.373001 -189.244003
vn -0.000051 -0.529686 0.848194
v -1.738860 -43.795799 -189.244003
vn -0.257649 -0.537242 0.803111
v -3.315480 -42.219200 -189.244995
vn -0.491972 -0.336603 0.802908
v -3.892550 -40.065498 -189.244995
vn -0.594513 -0.045529 0.802796
v -3.315480 -37.911900 -189.246002
vn -0.537693 0.257828 0.802752
v -1.738860 -36.335300 -189.246002
vn -0.336862 0.491969 0.802802
v 0.414836 -35.758099 -189.246002
vn -0.000034 0.635863 0.771802
v 2.568530 -36.335300 -189.246002
vn 0.336597 0.491630 0.803120
v 4.145150 -37.911900 -189.246002
vn 0.537045 0.257480 0.803298
v 0.414836 -40.063702 -179.302002
vn -0.000000 -0.000006 -1.000000
v 0.383574 -40.062901 -188.417007
vn -0.000720 0.000307 1.000000
v -18.843901 -3.929130 109.888000
vn 0.762252 0.400527 0.508478
v -18.843901 -1.215770 111.889999
vn 0.900602 -0.189364 0.391225
v -13.355700 -3.929150 146.042999
vn 0.613475 0.718183 -0.328423
v -13.355700 -1.215780 147.294998
vn 0.740380 0.218181 -0.635794
v -0.105871 -3.929140 149.675003
vn -0.000001 0.717022 -0.697051
v -0.105871 -1.215770 150.925995
vn -0.000001 0.240634 -0.970616
v 13.143900 -3.929140 146.042999
vn -0.613475 0.718183 -0.328424
v 13.143900 -1.215750 147.294998
vn -0.740380 0.218181 -0.635795
v 18.632200 -3.929130 109.888000
vn -0.762253 0.400529 0.508476
v 18.632200 -1.215770 111.889999
vn -0.787731 -0.218369 0.576016
v -18.843901 8.831780 114.644997
vn 0.884719 -0.021043 0.465649
v -13.355700 8.831790 148.796997
vn 0.596389 -0.164399 -0.785680
v -0.105871 8.831770 152.429001
vn -0.000001 -0.202767 -0.979227
v 13.143900 8.831790 148.796997
vn -0.596388 -0.164394 -0.785681
v 18.632200 8.831780 114.644997
vn -0.959049 0.031618 0.281469
v -18.843901 10.857500 113.392998
vn 0.738073 -0.429534 0.520335
v -13.355700 10.857500 147.544998
vn 0.597908 -0.738325 -0.312062
v -0.105871 10.857600 151.177002
vn 0.000001 -0.773795 -0.633436
v 13.143900 10.857600 147.544998
vn -0.597908 -0.738322 -0.312067
v 18.632200 10.857500 113.392998
vn -0.738072 -0.429535 0.520335
v -0.105871 -3.929130 109.888000
vn 0.016856 0.420104 0.907319
v -0.105871 10.857500 113.392998
vn -0.012471 -0.623669 0.781589
v 1.425490 -25.932800 -179.479004
vn -0.434197 0.032285 -0.900239
v 3.292940 -25.933001 -180.852997
vn -0.747606 0.012068 -0.664033
v 1.290090 -26.438200 -179.479004
vn -0.359711 0.244950 -0.900338
v 2.907350 -27.372101 -180.852005
vn -0.641365 0.384114 -0.664159
v 0.920163 -26.808100 -179.479004
vn -0.188877 0.391930 -0.900398
v 1.853890 -28.425501 -180.850998
vn -0.363182 0.653324 -0.664278
v 0.414836 -26.943501 -179.479004
vn -0.000000 0.391398 -0.920222
v 0.414836 -28.811100 -180.850998
vn -0.000000 0.698066 -0.716033
v -0.090492 -26.808100 -179.479004
vn 0.188877 0.391930 -0.900398
v -1.024220 -28.425501 -180.850998
vn 0.363182 0.653324 -0.664278
v -0.460419 -26.438200 -179.479004
vn 0.359710 0.244951 -0.900338
v -2.077680 -27.372101 -180.852005
vn 0.641364 0.384114 -0.664160
v -0.595821 -25.932800 -179.479004
vn 0.434197 0.032285 -0.900239
v -2.463270 -25.933001 -180.852997
vn 0.747607 0.012067 -0.664032
v -0.460418 -25.427500 -179.479004
vn 0.392291 -0.189060 -0.900202
v -2.077680 -24.493900 -180.852997
vn 0.653530 -0.363394 -0.663960
v -0.090492 -25.057600 -179.479004
vn 0.231202 -0.400682 -0.886566
v -1.024220 -23.440500 -180.854004
vn 0.428278 -0.647464 -0.630372
v 0.414836 -24.922199 -179.479004
vn 0.000000 -0.391914 -0.920002
v 0.414836 -23.054899 -180.854004
vn -0.000000 -0.747872 -0.663844
v 0.920165 -25.057600 -179.479004
vn -0.231202 -0.400682 -0.886566
v 1.853890 -23.440500 -180.854004
vn -0.428278 -0.647464 -0.630372
v 1.290090 -25.427500 -179.479004
vn -0.392292 -0.189059 -0.900202
v 2.907350 -24.493900 -180.852997
vn -0.653530 -0.363394 -0.663960
v 4.722230 -25.933399 -183.389999
vn -0.931758 0.004243 -0.363056
v 4.145150 -28.087099 -183.389008
vn -0.804776 0.469537 -0.363140
v 2.568530 -29.663700 -183.389008
vn -0.462135 0.809050 -0.363137
v 0.414836 -30.240801 -183.389008
vn -0.000000 0.913438 -0.406977
v -1.738860 -29.663700 -183.389008
vn 0.462135 0.809050 -0.363137
v -3.315480 -28.087099 -183.389008
vn 0.804777 0.469536 -0.363139
v -3.892550 -25.933399 -183.389999
vn 0.931758 0.004243 -0.363055
v -3.315480 -23.779600 -183.391006
vn 0.809052 -0.462278 -0.362951
v -1.738860 -22.202999 -183.391998
vn 0.469611 -0.804840 -0.362902
v 0.414836 -21.625999 -183.391998
vn 0.000000 -0.948053 -0.318113
v 2.568530 -22.202999 -183.391998
vn -0.469612 -0.804839 -0.362903
v 4.145150 -23.779600 -183.391006
vn -0.809052 -0.462279 -0.362951
v 5.495750 -25.933800 -186.705994
vn -0.993430 0.001057 -0.114436
v 4.815040 -28.474199 -186.705002
vn -0.859799 0.497631 -0.114497
v 2.955290 -30.333900 -186.703995
vn -0.495773 0.860864 -0.114553
v 0.414836 -31.014700 -186.703995
vn -0.000000 0.988293 -0.152570
v -2.125620 -30.333900 -186.703995
vn 0.495773 0.860864 -0.114553
v -3.985370 -28.474199 -186.705002
vn 0.859799 0.497630 -0.114497
v -4.666080 -25.933800 -186.705994
vn 0.993430 0.001058 -0.114437
v -3.985370 -23.393299 -186.707001
vn 0.860867 -0.495810 -0.114373
v -2.125620 -21.533600 -186.707993
vn 0.497647 -0.859812 -0.114329
v 0.414836 -20.852900 -186.707993
vn 0.000000 -0.997097 -0.076141
v 2.955300 -21.533600 -186.707993
vn -0.497648 -0.859811 -0.114329
v 4.815040 -23.393299 -186.707001
vn -0.860867 -0.495809 -0.114374
v 5.495750 -25.934200 -190.294998
vn -0.294817 -0.025964 0.955201
v 4.815040 -28.474701 -190.294006
vn -0.268434 0.124858 0.955172
v 2.955290 -30.334400 -190.292999
vn -0.170080 0.242431 0.955144
v 0.414836 -31.015100 -190.292999
vn -0.000000 0.294997 0.955498
v -2.125620 -30.334400 -190.292999
vn 0.170080 0.242431 0.955144
v -3.985370 -28.474701 -190.294006
vn 0.268434 0.124860 0.955172
v -4.666080 -25.934200 -190.294998
vn 0.294819 -0.025966 0.955200
v -3.985370 -23.393700 -190.296005
vn 0.242220 -0.169965 0.955218
v -2.125620 -21.534000 -190.296997
vn 0.124619 -0.268236 0.955259
v 0.414836 -20.853300 -190.296997
vn 0.000000 -0.294750 0.955574
v 2.955300 -21.534000 -190.296997
vn -0.124620 -0.268237 0.955259
v 4.815040 -23.393700 -190.296005
vn -0.242221 -0.169965 0.955218
v 4.722230 -25.934601 -189.244995
vn 0.593663 -0.045554 0.803423
v 4.145150 -28.088301 -189.244995
vn 0.491312 -0.336287 0.803445
v 2.568530 -29.665001 -189.244003
vn 0.257336 -0.537011 0.803366
v 0.414836 -30.242001 -189.244003
vn -0.000051 -0.529851 0.848091
v -1.738860 -29.665001 -189.244003
vn -0.257621 -0.537340 0.803055
v -3.315480 -28.088301 -189.244995
vn -0.491982 -0.336604 0.802902
v -3.892550 -25.934601 -189.244995
vn -0.594513 -0.045532 0.802796
v -3.315480 -23.780899 -189.246002
vn -0.537694 0.257824 0.802753
v -1.738860 -22.204300 -189.246002
vn -0.336849 0.491994 0.802792
v 0.414836 -21.627300 -189.246002
vn -0.000034 0.635871 0.771795
v 2.568530 -22.204300 -189.246002
vn 0.336585 0.491656 0.803110
v 4.145150 -23.780899 -189.246002
vn 0.537045 0.257475 0.803299
v 0.414836 -25.932800 -179.302002
vn -0.000000 -0.000006 -1.000000
v 0.383574 -25.931999 -188.417007
vn -0.000720 0.000307 1.000000
v -32.323299 29.222601 -166.664993
vn -0.596804 -0.336272 -0.728524
v -30.390400 28.526501 -170.281998
vn -0.875807 -0.413485 -0.248981
v -32.765400 28.780500 -166.664001
vn -0.259122 0.559255 -0.787457
v -31.649401 27.267401 -170.281006
vn -0.471588 0.826993 -0.306085
v -33.369301 28.618700 -166.664001
vn -0.000166 0.517088 -0.855932
v -33.369301 26.806601 -170.279999
vn -0.000011 0.938104 -0.346354
v -33.973301 28.780500 -166.664001
vn 0.313290 0.676605 -0.666374
v -35.089298 27.267401 -170.281006
vn 0.471582 0.826996 -0.306085
v -34.415401 29.222601 -166.664993
vn 0.319199 0.068173 -0.945232
v -36.348301 28.526501 -170.281998
vn 0.893901 -0.414078 -0.171699
v -28.910999 28.512100 -176.968002
vn -0.916393 -0.385988 -0.106009
v -30.795300 26.627800 -176.966003
vn -0.497004 0.862190 -0.098052
v -33.369301 25.938101 -176.966003
vn -0.000006 0.994982 -0.100050
v -35.943401 26.627800 -176.966003
vn 0.497000 0.862193 -0.098052
v -37.827702 28.512100 -176.968002
vn 0.916300 -0.385952 -0.106934
v -28.110399 28.459600 -189.149994
vn -0.781230 0.348790 -0.517711
v -30.333099 26.236900 -189.147995
vn -0.499806 0.865801 -0.024153
v -33.369301 25.423300 -189.147003
vn -0.000004 0.999603 -0.028181
v -36.405602 26.236900 -189.147995
vn 0.499803 0.865803 -0.024153
v -38.628300 28.459600 -189.149994
vn 0.941215 0.115464 -0.317461
v -27.296801 31.495800 -189.151993
vn -0.693436 0.061308 -0.717905
v -27.296801 31.495300 -195.162994
vn -0.150374 -0.012705 0.988548
v -28.110399 28.459000 -195.160004
vn -0.136660 0.064270 0.988531
v -30.333099 26.236300 -195.158005
vn -0.086593 0.123780 0.988524
v -33.369301 25.422800 -195.156998
vn 0.000000 0.150568 0.988600
v -36.405602 26.236300 -195.158005
vn 0.086593 0.123780 0.988524
v -38.628300 28.459000 -195.160004
vn 0.136660 0.064270 0.988531
v -39.441898 31.495800 -189.151993
vn 0.693432 0.061387 -0.717902
v -39.441898 31.495300 -195.162994
vn 0.150374 -0.012705 0.988548
v -38.628300 34.532101 -189.154999
vn 0.631362 -0.293709 -0.717716
v -38.628300 34.531601 -195.166000
vn 0.123682 -0.086308 0.988561
v -36.405602 36.754799 -189.156998
vn 0.400190 -0.570062 -0.717550
v -36.405602 36.754200 -195.167007
vn 0.063707 -0.136746 0.988555
v -33.369301 37.568401 -189.158005
vn -0.000004 -0.968143 -0.250398
v -33.369301 37.567799 -195.167999
vn -0.000001 -0.150183 0.988658
v -30.333099 36.754799 -189.156998
vn -0.473709 -0.674530 -0.566223
v -30.333099 36.754200 -195.167007
vn -0.063706 -0.136746 0.988555
v -28.110399 34.532101 -189.154999
vn -0.631366 -0.293689 -0.717721
v -28.110399 34.531601 -195.166000
vn -0.123682 -0.086309 0.988561
v -28.221300 31.494801 -192.397995
vn 0.787057 -0.054544 0.614464
v -28.910999 28.920799 -192.395996
vn 0.654217 -0.440871 0.614518
v -30.795300 27.036400 -192.395996
vn 0.346091 -0.709134 0.614288
v -33.369301 26.346701 -192.395004
vn -0.000091 -0.730009 0.683437
v -35.943401 27.036400 -192.395996
vn -0.346543 -0.709607 0.613486
v -37.827702 28.920799 -192.395996
vn -0.655229 -0.441309 0.613124
v -38.517399 31.494801 -192.397995
vn -0.788319 -0.054486 0.612850
v -37.827702 34.068802 -192.399002
vn -0.710027 0.346856 0.612823
v -35.943401 35.953098 -192.399994
vn -0.441540 0.655157 0.613034
v -33.369301 36.642799 -192.399994
vn -0.000059 0.824273 0.566192
v -30.795300 35.953098 -192.399994
vn 0.441142 0.654665 0.613847
v -28.910999 34.068802 -192.399002
vn 0.709071 0.346333 0.614225
v -33.406700 31.497999 -190.214996
vn -0.001382 0.000565 0.999999
v -19.265400 44.577999 -166.664001
vn -0.388041 -0.290758 -0.874576
v -16.890400 44.832001 -170.281998
vn -0.814269 0.558093 0.159683
v -18.823299 44.135899 -166.664993
vn -0.781589 0.515556 -0.351170
v -18.149500 46.091099 -170.281006
vn -0.567216 -0.782899 -0.255607
v -19.869400 44.739799 -166.664001
vn -0.066809 -0.747376 -0.661034
v -19.869400 46.551899 -170.279999
vn -0.004164 -0.956096 -0.293024
v -20.473301 44.577999 -166.664001
vn 0.259150 -0.559427 -0.787326
v -21.589300 46.091099 -170.281006
vn 0.471593 -0.826989 -0.306087
v -20.915400 44.135899 -166.664993
vn 0.417558 -0.089787 -0.904203
v -22.848301 44.832001 -170.281998
vn 0.969501 0.243823 0.024855
v -15.411000 44.846401 -176.968002
vn -0.558084 0.669228 -0.490588
v -17.295300 46.730701 -176.966003
vn -0.497892 -0.862121 -0.094076
v -19.869400 47.420502 -176.966003
vn -0.000298 -0.996328 -0.085617
v -22.443399 46.730701 -176.966003
vn 0.497009 -0.862187 -0.098055
v -24.327700 44.846401 -176.968002
vn 0.615378 0.728668 0.300588
v -14.610400 44.898899 -189.149994
vn -0.836142 -0.337606 -0.432306
v -16.833099 47.121700 -189.147995
vn -0.499899 -0.865788 -0.022651
v -19.869400 47.935200 -189.147003
vn -0.000027 -0.999776 -0.021157
v -22.905701 47.121700 -189.147995
vn 0.577773 -0.812022 -0.082456
v -25.128300 44.898899 -189.149994
vn 0.835709 -0.359098 -0.415499
v -13.796800 41.863201 -195.162994
vn -0.132193 -0.476823 0.869002
v -13.796800 41.862701 -189.151993
vn -0.693387 0.062564 -0.717844
v -14.610400 44.899502 -195.160004
vn 0.123817 -0.479054 0.869009
v -16.833099 47.122200 -195.158005
vn 0.346602 -0.352879 0.869105
v -19.869400 47.935699 -195.156998
vn 0.476196 -0.132362 0.869320
v -22.905701 47.122200 -195.158005
vn 0.478436 0.123430 0.869405
v -25.128300 44.899502 -195.160004
vn 0.352468 0.345899 0.869552
v -25.941900 41.862701 -189.151993
vn 0.693432 -0.061387 -0.717902
v -25.941900 41.863201 -195.162994
vn 0.132224 0.475661 0.869634
v -25.128300 38.826401 -189.154999
vn 0.533452 0.248340 -0.808552
v -25.128300 38.827000 -195.166000
vn -0.123478 0.478181 0.869538
v -22.905701 36.603699 -189.156998
vn 0.473723 0.674521 -0.566223
v -22.905701 36.604301 -195.167999
vn -0.346338 0.352448 0.869385
v -19.869400 35.790100 -189.158005
vn 0.084105 0.942018 -0.324851
v -19.869400 35.790699 -195.167999
vn -0.476327 0.132103 0.869288
v -16.833099 36.603699 -189.156998
vn -0.292953 0.631944 -0.717513
v -16.833099 36.604301 -195.167999
vn -0.478746 -0.123923 0.869164
v -14.610400 38.826401 -189.154999
vn -0.674020 0.474315 -0.566323
v -14.610400 38.827000 -195.166000
vn -0.352806 -0.346883 0.869023
v -14.721300 41.863701 -192.397995
vn 0.787057 0.054544 0.614465
v -15.411000 44.437698 -192.395996
vn 0.654285 0.440793 0.614502
v -17.295300 46.322102 -192.395004
vn 0.346078 0.709128 0.614303
v -19.869400 47.011799 -192.395004
vn -0.054994 0.787452 0.613917
v -22.443399 46.322102 -192.395004
vn -0.441621 0.654688 0.613477
v -24.327700 44.437698 -192.395996
vn -0.710149 0.346157 0.613077
v -25.017401 41.863701 -192.397995
vn -0.788302 -0.055248 0.612803
v -24.327700 39.289700 -192.399002
vn -0.655184 -0.441863 0.612773
v -22.443399 37.405300 -192.399994
vn -0.346529 -0.710041 0.612992
v -19.869400 36.715698 -192.399994
vn 0.054816 -0.787873 0.613393
v -17.295300 37.405300 -192.399994
vn 0.441142 -0.654705 0.613804
v -15.411000 39.289700 -192.399002
vn 0.709077 -0.346329 0.614220
v -19.906700 41.860600 -190.214996
vn -0.001383 -0.000611 0.999999
v 32.765400 28.780500 -166.664001
vn 0.388053 0.290744 -0.874576
v 30.390400 28.526501 -170.281998
vn 0.814258 -0.558111 0.159678
v 32.323299 29.222601 -166.664993
vn 0.781589 -0.515556 -0.351171
v 31.649401 27.267401 -170.281006
vn 0.567234 0.782887 -0.255606
v 33.369301 28.618700 -166.664001
vn 0.066829 0.747372 -0.661037
v 33.369301 26.806601 -170.279999
vn 0.004171 0.956098 -0.293018
v 33.973301 28.780500 -166.664001
vn -0.259139 0.559431 -0.787327
v 35.089298 27.267401 -170.281006
vn -0.471582 0.826996 -0.306084
v 34.415401 29.222601 -166.664993
vn -0.417558 0.089787 -0.904203
v 36.348301 28.526501 -170.281998
vn -0.969501 -0.243823 0.024854
v 28.910999 28.512100 -176.968002
vn 0.558107 -0.669213 -0.490581
v 30.795300 26.627800 -176.966003
vn 0.497882 0.862128 -0.094069
v 33.369301 25.938101 -176.966003
vn 0.000313 0.996328 -0.085613
v 35.943401 26.627800 -176.966003
vn -0.497000 0.862193 -0.098052
v 37.827702 28.512100 -176.968002
vn -0.615359 -0.728680 0.300597
v 28.110399 28.459600 -189.149994
vn 0.836139 0.337613 -0.432306
v 30.333099 26.236900 -189.147995
vn 0.499900 0.865787 -0.022654
v 33.369301 25.423300 -189.147003
vn 0.000039 0.999776 -0.021161
v 36.405602 26.236900 -189.147995
vn -0.577769 0.812024 -0.082455
v 38.628300 28.459600 -189.149994
vn -0.835697 0.359124 -0.415501
v 27.296801 31.495300 -195.162994
vn 0.132194 0.476819 0.869004
v 27.296801 31.495800 -189.151993
vn 0.693387 -0.062562 -0.717844
v 28.110399 28.459000 -195.160004
vn -0.123833 0.479070 0.868998
v 30.333099 26.236300 -195.158005
vn -0.346427 0.352815 0.869201
v 33.369301 25.422800 -195.156998
vn -0.476267 0.132395 0.869276
v 36.405602 26.236300 -195.158005
vn -0.478303 -0.123318 0.869493
v 38.628300 28.459000 -195.160004
vn -0.352520 -0.345923 0.869521
v 39.441898 31.495800 -189.151993
vn -0.693432 0.061387 -0.717902
v 39.441898 31.495300 -195.162994
vn -0.132224 -0.475661 0.869634
v 38.628300 34.532101 -189.154999
vn -0.533448 -0.248341 -0.808554
v 38.628300 34.531601 -195.166000
vn 0.123543 -0.478238 0.869497
v 36.405602 36.754799 -189.156998
vn -0.473707 -0.674531 -0.566224
v 36.405602 36.754200 -195.167007
vn 0.346190 -0.352463 0.869438
v 33.369301 37.568401 -189.158005
vn -0.084102 -0.942019 -0.324851
v 33.369301 37.567799 -195.167999
vn 0.476299 -0.132080 0.869307
v 30.333099 36.754799 -189.156998
vn 0.292957 -0.631943 -0.717513
v 30.333099 36.754200 -195.167007
vn 0.478671 0.123779 0.869225
v 28.110399 34.532101 -189.154999
vn 0.674014 -0.474319 -0.566327
v 28.110399 34.531601 -195.166000
vn 0.352765 0.346781 0.869080
v 28.221300 31.494801 -192.397995
vn -0.787057 -0.054544 0.614464
v 28.910999 28.920799 -192.395996
vn -0.654217 -0.440871 0.614518
v 30.795300 27.036400 -192.395996
vn -0.346091 -0.709134 0.614288
v 33.369301 26.346701 -192.395004
vn 0.054987 -0.787439 0.613935
v 35.943401 27.036400 -192.395996
vn 0.441620 -0.654707 0.613457
v 37.827702 28.920799 -192.395996
vn 0.710103 -0.346247 0.613080
v 38.517399 31.494801 -192.397995
vn 0.788301 0.055247 0.612804
v 37.827702 34.068802 -192.399002
vn 0.655173 0.441849 0.612795
v 35.943401 35.953098 -192.399994
vn 0.346498 0.710027 0.613026
v 33.369301 36.642799 -192.399994
vn -0.054799 0.787857 0.613415
v 30.795300 35.953098 -192.399994
vn -0.441142 0.654665 0.613847
v 28.910999 34.068802 -192.399002
vn -0.709071 0.346333 0.614225
v 33.406700 31.497999 -190.214996
vn 0.001382 0.000565 0.999999
v 18.823299 44.135899 -166.664993
vn 0.596806 0.336262 -0.728526
v 16.890400 44.832001 -170.281998
vn 0.875810 0.413473 -0.248990
v 19.265400 44.577999 -166.664001
vn 0.259115 -0.559260 -0.787456
v 18.149500 46.091099 -170.281006
vn 0.471581 -0.826997 -0.306084
v 19.869400 44.739799 -166.664001
vn 0.000144 -0.517088 -0.855932
v 19.869400 46.551899 -170.279999
vn -0.000006 -0.938102 -0.346359
v 20.473301 44.577999 -166.664001
vn -0.313304 -0.676601 -0.666373
v 21.589300 46.091099 -170.281006
vn -0.471593 -0.826989 -0.306087
v 20.915400 44.135899 -166.664993
vn -0.319199 -0.068172 -0.945232
v 22.848301 44.832001 -170.281998
vn -0.893901 0.414078 -0.171699
v 15.411000 44.846401 -176.968002
vn 0.916391 0.385992 -0.106011
v 17.295300 46.730701 -176.966003
vn 0.497001 -0.862192 -0.098056
v 19.869400 47.420502 -176.966003
vn -0.000003 -0.994982 -0.100054
v 22.443399 46.730701 -176.966003
vn -0.497009 -0.862187 -0.098055
v 24.327700 44.846401 -176.968002
vn -0.916297 0.385959 -0.106938
v 14.610400 44.898899 -189.149994
vn 0.781237 -0.348781 -0.517707
v 16.833099 47.121700 -189.147995
vn 0.499800 -0.865804 -0.024151
v 19.869400 47.935200 -189.147003
vn -0.000002 -0.999603 -0.028181
v 22.905701 47.121700 -189.147995
vn -0.499807 -0.865800 -0.024153
v 25.128300 44.898899 -189.149994
vn -0.941222 -0.115438 -0.317452
v 13.796800 41.862701 -189.151993
vn 0.693436 -0.061308 -0.717906
v 13.796800 41.863201 -195.162994
vn 0.150372 0.012705 0.988548
v 14.610400 44.899502 -195.160004
vn 0.136661 -0.064270 0.988531
v 16.833099 47.122200 -195.158005
vn 0.086504 -0.123815 0.988528
v 19.869400 47.935699 -195.156998
vn 0.000007 -0.150510 0.988609
v 22.905701 47.122200 -195.158005
vn -0.086525 -0.123801 0.988527
v 25.128300 44.899502 -195.160004
vn -0.136661 -0.064269 0.988531
v 25.941900 41.862701 -189.151993
vn -0.693432 -0.061387 -0.717902
v 25.941900 41.863201 -195.162994
vn -0.150372 0.012704 0.988548
v 25.128300 38.826401 -189.154999
vn -0.631366 0.293707 -0.717713
v 25.128300 38.827000 -195.166000
vn -0.123738 0.086217 0.988562
v 22.905701 36.603699 -189.156998
vn -0.400203 0.570053 -0.717550
v 22.905701 36.604301 -195.167999
vn -0.063688 0.136659 0.988569
v 19.869400 35.790100 -189.158005
vn 0.000000 0.968143 -0.250397
v 19.869400 35.790699 -195.167999
vn 0.000000 0.150259 0.988647
v 16.833099 36.603699 -189.156998
vn 0.473713 0.674529 -0.566222
v 16.833099 36.604301 -195.167999
vn 0.063693 0.136654 0.988569
v 14.610400 38.826401 -189.154999
vn 0.631367 0.293692 -0.717719
v 14.610400 38.827000 -195.166000
vn 0.123718 0.086232 0.988564
v 14.721300 41.863701 -192.397995
vn -0.787057 0.054544 0.614465
v 15.411000 44.437698 -192.395996
vn -0.654285 0.440793 0.614502
v 17.295300 46.322102 -192.395004
vn -0.346078 0.709128 0.614303
v 19.869400 47.011799 -192.395004
vn 0.000098 0.730010 0.683436
v 22.443399 46.322102 -192.395004
vn 0.346535 0.709594 0.613506
v 24.327700 44.437698 -192.395996
vn 0.655297 0.441227 0.613111
v 25.017401 41.863701 -192.397995
vn 0.788319 0.054486 0.612850
v 24.327700 39.289700 -192.399002
vn 0.710033 -0.346852 0.612819
v 22.443399 37.405300 -192.399994
vn 0.441547 -0.655188 0.612997
v 19.869400 36.715698 -192.399994
vn 0.000065 -0.824299 0.566155
v 17.295300 37.405300 -192.399994
vn -0.441142 -0.654705 0.613804
v 15.411000 39.289700 -192.399002
vn -0.709077 -0.346329 0.614220
v 19.906700 41.860600 -190.214996
vn 0.001383 -0.000611 0.999999
v -42.343498 44.041100 -156.044006
vn -0.452209 0.891912 0.000000
v -42.343498 44.041100 -158.113007
vn -0.452209 0.891912 0.000000
v -43.013901 43.701199 -157.078995
vn -0.452209 0.891912 0.000000
v 42.343498 44.041100 -158.113007
vn 0.275528 -0.139740 0.951082
v 67.817497 94.268700 -158.113007
vn 0.275506 -0.139728 0.951090
v 41.258999 44.591202 -157.718002
vn 0.275506 -0.139728 0.951090
v 66.732803 94.818901 -157.718002
vn 0.275484 -0.139716 0.951098
v 41.258999 44.591202 -157.718002
vn 0.891856 -0.452320 -0.000018
v 66.732803 94.818901 -157.718002
vn 0.891856 -0.452319 -0.000035
v 41.258999 44.591202 -156.438995
vn 0.891856 -0.452320 0.000000
v 66.732803 94.818802 -156.438995
vn 0.891856 -0.452320 -0.000018
v -67.817497 94.268700 -158.113007
vn -0.275484 -0.139716 0.951098
v -41.258999 44.591202 -157.718002
vn -0.721491 -0.365916 0.587840
v -66.732803 94.818901 -157.718002
vn -0.721491 -0.365916 0.587840
v -41.258999 44.591202 -156.438995
vn -0.891856 -0.452319 0.000000
v 43.013901 43.701199 -157.078995
vn -0.721425 0.365885 0.587941
v 68.487701 93.928802 -157.078995
vn -0.721455 0.365899 0.587895
v 42.343498 44.041100 -158.113007
vn -0.721395 0.365871 0.587986
v 67.817497 94.268700 -158.113007
vn -0.721425 0.365885 0.587941
v -67.817497 94.268700 -156.044006
vn 0.721691 0.366018 -0.587532
v -42.343498 44.041100 -158.113007
vn 0.721396 0.365869 0.587986
v -68.487701 93.928802 -157.078995
vn 0.891856 0.452320 0.000281
v -43.013901 43.701199 -157.078995
vn 0.891856 0.452320 0.000281
v -42.343498 44.041100 -156.044006
vn -0.275519 -0.139734 -0.951086
v -66.732803 94.818901 -157.718002
vn -0.891856 -0.452320 -0.000035
v -41.258999 44.591202 -156.438995
vn -0.721493 -0.365918 -0.587837
v -66.732803 94.818802 -156.438995
vn -0.721493 -0.365918 -0.587837
v -42.343498 44.041100 -158.113007
vn 0.275576 0.139764 0.951065
v -68.487701 93.928802 -157.078995
vn 0.721454 0.365901 0.587895
v -67.817497 94.268700 -158.113007
vn 0.275576 0.139764 0.951065
v -41.258999 44.591202 -157.718002
vn -0.275528 -0.139740 0.951082
v 67.817497 94.268700 -156.044006
vn -0.721660 0.366004 -0.587577
v 42.343498 44.041100 -156.044006
vn -0.721630 0.365990 -0.587623
v 43.013901 43.701199 -157.078995
vn -0.721660 0.366004 -0.587577
v 68.487701 93.928802 -157.078995
vn -0.721691 0.366018 -0.587532
v 67.817497 94.268700 -156.044006
vn 0.275501 -0.139726 -0.951092
v 42.343498 44.041100 -156.044006
vn 0.275519 -0.139735 -0.951086
v 41.258999 44.591202 -156.438995
vn 0.275501 -0.139726 -0.951092
v 66.732803 94.818802 -156.438995
vn 0.275483 -0.139716 -0.951098
v 67.817497 94.268700 -158.113007
vn -0.452406 -0.891812 -0.000115
v 66.732803 94.818901 -157.718002
vn -0.452406 -0.891812 -0.000115
v 67.517601 94.420700 -157.078995
vn -0.452406 -0.891812 -0.000115
v -67.817497 94.268700 -158.113007
vn 0.452406 -0.891812 -0.000115
v -66.732803 94.818901 -157.718002
vn 0.452406 -0.891812 -0.000115
v -67.517601 94.420700 -157.078995
vn 0.452406 -0.891812 -0.000115
v 66.732803 94.818901 -157.718002
vn -0.452435 -0.891797 -0.000069
v 66.732803 94.818802 -156.438995
vn -0.452435 -0.891797 -0.000069
v 67.517601 94.420700 -157.078995
vn -0.452435 -0.891797 -0.000069
v -66.732803 94.818901 -157.718002
vn 0.452435 -0.891797 -0.000069
v -66.732803 94.818802 -156.438995
vn 0.452435 -0.891797 -0.000069
v -67.517601 94.420700 -157.078995
vn 0.452435 -0.891797 -0.000069
v 68.487701 93.928802 -157.078995
vn -0.452243 -0.891895 -0.000056
v 67.817497 94.268700 -158.113007
vn -0.452243 -0.891895 -0.000056
v 67.517601 94.420700 -157.078995
vn -0.452243 -0.891895 -0.000056
v -68.487701 93.928802 -157.078995
vn 0.452243 -0.891895 -0.000056
v -67.817497 94.268700 -158.113007
vn 0.452243 -0.891895 -0.000056
v -67.517601 94.420700 -157.078995
vn 0.452243 -0.891895 -0.000056
v 67.817497 94.268700 -156.044006
vn -0.452243 -0.891895 0.000056
v 68.487701 93.928802 -157.078995
vn -0.452243 -0.891895 0.000056
v 67.517601 94.420700 -157.078995
vn -0.452243 -0.891895 0.000056
v -67.817497 94.268700 -156.044006
vn 0.452333 -0.891849 0.000089
v -66.732803 94.818802 -156.438995
vn 0.452333 -0.891849 0.000089
v -67.517601 94.420700 -157.078995
vn 0.452333 -0.891849 0.000089
v -67.817497 94.268700 -156.044006
vn 0.452243 -0.891895 0.000056
v -68.487701 93.928802 -157.078995
vn 0.452243 -0.891895 0.000056
v -67.517601 94.420700 -157.078995
vn 0.452243 -0.891895 0.000056
v 67.817497 94.268700 -156.044006
vn -0.452333 -0.891849 0.000089
v 66.732803 94.818802 -156.438995
vn -0.452333 -0.891849 0.000089
v 67.517601 94.420700 -157.078995
vn -0.452333 -0.891849 0.000089
v -42.343498 44.041100 -156.044006
vn 0.721630 0.365990 -0.587623
v -67.817497 94.268700 -156.044006
vn 0.721630 0.365990 -0.587623
v -43.013901 43.701199 -157.078995
vn 0.721630 0.365990 -0.587623
v -42.343498 44.041100 -156.044006
vn -0.275483 -0.139717 -0.951098
v -67.817497 94.268700 -156.044006
vn -0.275483 -0.139717 -0.951098
v -66.732803 94.818802 -156.438995
vn -0.275483 -0.139717 -0.951098
v -42.343498 44.041100 -158.113007
vn -0.452372 0.891829 0.000000
v -41.258999 44.591202 -157.718002
vn -0.452372 0.891829 0.000000
v -41.258999 44.591202 -156.438995
vn -0.452372 0.891829 0.000000
v -42.343498 44.041100 -156.044006
vn -0.452372 0.891829 0.000000
v -42.343498 44.041100 -158.113007
vn -0.452372 0.891829 0.000000
v -41.258999 44.591202 -156.438995
vn -0.452372 0.891829 0.000000
v 42.343498 44.041100 -156.044006
vn 0.452209 0.891912 0.000000
v 43.013901 43.701199 -157.078995
vn 0.452209 0.891912 0.000000
v 42.343498 44.041100 -158.113007
vn 0.452209 0.891912 0.000000
v 42.343498 44.041100 -156.044006
vn 0.452372 0.891829 0.000000
v 42.343498 44.041100 -158.113007
vn 0.452372 0.891829 0.000000
v 41.258999 44.591202 -157.718002
vn 0.452372 0.891829 0.000000
v 42.343498 44.041100 -156.044006
vn 0.452372 0.891829 0.000000
v 41.258999 44.591202 -157.718002
vn 0.452372 0.891829 0.000000
v 41.258999 44.591202 -156.438995
vn 0.452372 0.891829 0.000000
v 0.004538 24.013201 -14.776800
vn -0.000969 0.295239 -0.955423
v 0.004538 141.020004 -14.776800
vn -0.000929 0.411232 -0.911530
v 2.664760 24.013100 -16.713699
vn -0.778298 0.625126 -0.058902
v 2.664760 141.016998 -16.713699
vn -0.781532 0.399666 -0.479035
v 1.644690 24.013201 -19.842300
vn -0.369172 0.777434 0.509224
v 1.644690 141.016998 -19.842300
vn -0.614411 0.350770 0.706724
v -1.646000 24.013201 -19.839001
vn 0.354429 0.371749 0.858011
v -1.646000 141.016998 -19.838900
vn 0.604498 0.459102 0.651005
v -2.659670 24.013201 -16.708300
vn 0.637845 0.768568 -0.049580
v -2.659670 141.016998 -16.708300
vn 0.780554 0.399666 -0.480628
v 0.007166 143.479004 -12.217700
vn -0.000866 0.531449 -0.847090
v 5.099500 143.505997 -15.925400
vn -0.912974 0.350854 -0.208279
v 3.146830 143.505997 -21.914301
vn -0.419471 0.479295 0.770922
v -3.152380 143.505997 -21.907900
vn 0.428736 0.325314 0.842826
v -5.092790 143.505997 -15.915000
vn 0.912546 0.350853 -0.210145
v 0.007166 147.050995 -12.217700
vn -0.000871 -0.525680 -0.850682
v 5.099500 147.078003 -15.925400
vn -0.595565 -0.779277 -0.195011
v 3.146830 147.078003 -21.914301
vn -0.498881 -0.526873 0.688130
v -3.152380 147.078003 -21.907801
vn 0.594625 -0.626560 0.503829
v -5.092790 147.078003 -15.915000
vn 0.595164 -0.779278 -0.196228
v 0.001663 147.052002 -17.576000
vn -0.000002 -0.999998 -0.002016
vt 0.000000 1.000000
vt 0.000000 1.000000
vt 0.000000 1.000000
f 1/1/1 3/2/3 2/3/2
vt 0.071707 0.846859
vt 0.071707 0.424171
vt 0.362529 0.846859
f 4/4/4 6/5/6 5/6/5
vt 0.393949 0.097348
vt 0.857746 0.018565
vt 0.857746 0.097348
f 4/7/4 11/8/11 6/9/6
vt 0.858529 0.096525
vt 0.858529 0.019347
vt 0.393859 0.096525
f 5/10/5 8/11/8 4/12/4
vt 0.071707 0.424171
vt 0.362529 0.424171
vt 0.362529 0.846859
f 6/13/6 7/14/7 5/15/5
vt 0.393859 0.096525
vt 0.858529 0.019347
vt 0.858529 0.096525
f 6/16/6 9/17/9 7/18/7
vt 0.393859 0.096525
vt 0.393859 0.019347
vt 0.858529 0.019347
f 6/19/6 11/20/11 9/21/9
vt 0.857746 0.097348
vt 0.393949 0.018565
vt 0.393949 0.097348
f 7/22/7 8/23/8 5/24/5
vt 0.857746 0.097348
vt 0.857746 0.018565
vt 0.393949 0.018565
f 7/25/7 9/26/9 8/27/8
vt 0.858529 0.019347
vt 0.393859 0.019347
vt 0.393859 0.096525
f 8/28/8 10/29/10 4/30/4
vt 0.362529 0.424171
vt 0.071707 0.846859
vt 0.362529 0.846859
f 9/31/9 10/32/10 8/33/8
vt 0.362529 0.424171
vt 0.071707 0.424171
vt 0.071707 0.846859
f 9/34/9 11/35/11 10/36/10
vt 0.393949 0.018565
vt 0.857746 0.018565
vt 0.393949 0.097348
f 10/37/10 11/38/11 4/39/4
vt 0.776858 0.905409
vt 0.734098 0.905409
vt 0.780025 0.951185
f 160/40/160 162/41/162 161/42/161
vt 0.780025 0.951185
vt 0.734098 0.905409
vt 0.735557 0.951185
f 161/43/161 162/44/162 163/45/163
vt 0.735557 0.951185
vt 0.780025 0.997859
vt 0.780025 0.951185
f 189/46/189 190/47/190 188/48/188
vt 0.735557 0.997859
vt 0.780025 0.997859
vt 0.735557 0.951185
f 191/49/191 190/50/190 189/51/189
vt 0.734098 0.905409
vt 0.661155 0.905409
vt 0.735557 0.951185
f 192/52/192 194/53/194 193/54/193
vt 0.735557 0.951185
vt 0.661155 0.905409
vt 0.659699 0.951185
f 193/55/193 194/56/194 195/57/195
vt 0.735557 0.951185
vt 0.659699 0.997859
vt 0.735557 0.997859
f 212/58/212 215/59/215 214/60/214
vt 0.659699 0.951185
vt 0.659699 0.997859
vt 0.735557 0.951185
f 213/61/213 215/62/215 212/63/212
vt 0.661155 0.905409
vt 0.615206 0.951185
vt 0.659699 0.951185
f 216/64/216 219/65/219 217/66/217
vt 0.618372 0.905409
vt 0.615206 0.951185
vt 0.661155 0.905409
f 218/67/218 219/68/219 216/69/216
vt 0.659699 0.951185
vt 0.615206 0.997859
vt 0.659699 0.997859
f 244/70/244 247/71/247 246/72/246
vt 0.615206 0.951185
vt 0.615206 0.997859
vt 0.659699 0.951185
f 245/73/245 247/74/247 244/75/244
vt 0.983702 0.387460
vt 0.925752 0.387460
vt 0.994456 0.389482
f 465/76/465 466/77/466 464/78/464
vt 0.984337 0.274416
vt 0.975386 0.276028
vt 0.975360 0.276028
f 467/79/467 469/80/469 468/81/468
vt 0.984337 0.274416
vt 0.975360 0.276028
vt 0.984305 0.274416
f 471/82/471 472/83/472 470/84/470
vt 0.984305 0.274416
vt 0.975360 0.276028
vt 0.919592 0.276028
f 473/85/473 475/86/475 474/87/474
vt 0.994456 0.389482
vt 0.925752 0.387460
vt 0.923934 0.389482
f 477/88/477 478/89/478 476/90/476
vt 0.923934 0.389482
vt 0.925752 0.387460
vt 0.923934 0.331391
f 480/91/480 481/92/481 479/93/479
vt 0.923934 0.331391
vt 0.925752 0.387460
vt 0.925752 0.331204
f 482/94/482 484/95/484 483/96/483
vt 0.925678 0.331204
vt 0.925678 0.387460
vt 0.923844 0.389482
f 486/97/486 487/98/487 485/99/485
vt 0.919592 0.276028
vt 0.925678 0.331204
vt 0.923844 0.331391
f 489/100/489 490/101/490 488/102/488
vt 0.923844 0.331391
vt 0.925678 0.331204
vt 0.923844 0.389482
f 491/103/491 493/104/493 492/105/492
vt 0.923934 0.331391
vt 0.925752 0.331204
vt 0.916526 0.274416
f 495/106/495 496/107/496 494/108/494
vt 0.916526 0.274416
vt 0.925752 0.331204
vt 0.919664 0.276028
f 497/109/497 499/110/499 498/111/498
vt 0.984305 0.274416
vt 0.919592 0.276028
vt 0.916438 0.274416
f 501/112/501 502/113/502 500/114/500
vt 0.916438 0.274416
vt 0.919592 0.276028
vt 0.923844 0.331391
f 503/115/503 505/116/505 504/117/504
vt 0.920586 0.408224
vt 0.580163 0.408186
vt 0.800440 0.408224
f 507/118/507 508/119/508 506/120/506
vt 0.800440 0.408224
vt 0.580163 0.408186
vt 0.562967 0.408224
f 509/121/509 511/122/511 510/123/510
vt 0.757078 0.124019
vt 0.731144 0.122875
vt 0.750132 0.124019
f 512/124/512 514/125/514 513/126/513
vt 0.757075 0.124019
vt 0.731144 0.122875
vt 0.757078 0.124019
f 515/127/515 517/128/517 516/129/516
vt 0.750132 0.124019
vt 0.731144 0.122875
vt 0.738099 0.124019
f 518/130/518 520/131/520 519/132/519
vt 0.750123 0.124019
vt 0.731144 0.122875
vt 0.757075 0.124019
f 521/133/521 523/134/523 522/135/522
vt 0.738099 0.124019
vt 0.731144 0.122875
vt 0.714325 0.124019
f 524/136/524 526/137/526 525/138/525
vt 0.714295 0.124019
vt 0.731144 0.122875
vt 0.738087 0.124019
f 528/139/528 529/140/529 527/141/527
vt 0.738087 0.124019
vt 0.731144 0.122875
vt 0.750123 0.124019
f 530/142/530 532/143/532 531/144/531
vt 0.714325 0.124019
vt 0.731144 0.122875
vt 0.685164 0.124019
f 533/145/533 535/146/535 534/147/534
vt 0.685164 0.124019
vt 0.731144 0.122875
vt 0.668323 0.124019
f 536/148/536 538/149/538 537/150/537
vt 0.685142 0.124019
vt 0.731144 0.122875
vt 0.714295 0.124019
f 539/151/539 541/152/541 540/153/540
vt 0.668323 0.124019
vt 0.731144 0.122875
vt 0.668315 0.124019
f 542/154/542 544/155/544 543/156/543
vt 0.668315 0.124019
vt 0.731144 0.122875
vt 0.685142 0.124019
f 545/157/545 547/158/547 546/159/546
vt 0.608911 0.997998
vt 0.284271 0.998000
vt 0.608864 0.904258
f 548/160/548 550/161/550 549/162/549
vt 0.608909 0.904258
vt 0.284271 0.904254
vt 0.608892 0.997955
f 551/163/551 553/164/553 552/165/552
vt 0.284271 0.904254
vt 0.284271 0.998000
vt 0.608892 0.997955
f 555/166/555 556/167/556 554/168/554
vt 0.608864 0.904258
vt 0.284271 0.998000
vt 0.284271 0.904254
f 557/169/557 559/170/559 558/171/558
vt 0.272240 0.408329
vt 0.563068 0.408261
vt 0.563096 0.408347
f 561/172/561 562/173/562 560/174/560
vt 0.520640 0.994490
vt 0.606951 0.994755
vt 0.520585 0.908793
f 564/175/564 565/176/565 563/177/563
vt 0.606951 0.994755
vt 0.606939 0.908793
vt 0.520585 0.908793
f 567/178/567 568/179/568 566/180/566
vt 0.373276 0.908793
vt 0.520640 0.994490
vt 0.520585 0.908793
f 570/181/570 571/182/571 569/183/569
vt 0.373226 0.994338
vt 0.520640 0.994490
vt 0.373276 0.908793
f 573/184/573 574/185/574 572/186/572
vt 0.286874 0.908793
vt 0.373226 0.994338
vt 0.373276 0.908793
f 576/187/576 577/188/577 575/189/575
vt 0.165900 0.248451
vt 0.282236 0.274416
vt 0.317429 0.248451
f 579/190/579 580/191/580 578/192/578
vt 0.317233 0.248451
vt 0.282025 0.274416
vt 0.117741 0.274416
f 581/193/581 583/194/583 582/195/582
vt 0.286874 0.908793
vt 0.286908 0.994148
vt 0.373226 0.994338
f 584/196/584 586/197/586 585/198/585
vt 0.607901 0.905889
vt 0.607901 0.997361
vt 0.285834 0.905889
f 588/199/588 589/200/589 587/201/587
vt 0.607901 0.997361
vt 0.285834 0.997361
vt 0.285834 0.905889
f 591/202/591 592/203/592 590/204/590
vt 0.261564 0.408242
vt 0.563068 0.408261
vt 0.272240 0.408329
f 594/205/594 595/206/595 593/207/593
vt 0.104005 0.408292
vt 0.261564 0.408242
vt 0.272240 0.408329
f 597/208/597 598/209/598 596/210/596
vt 0.165900 0.248451
vt 0.117819 0.274416
vt 0.282236 0.274416
f 599/211/599 601/212/601 600/213/600
vt 0.317233 0.248451
vt 0.117741 0.274416
vt 0.165829 0.248451
f 603/214/603 604/215/604 602/216/602
vt 0.104107 0.408320
vt 0.261564 0.408242
vt 0.104005 0.408292
f 606/217/606 607/218/607 605/219/605
vt 0.000000 1.000000
vt 0.000000 1.000000
vt 0.000000 1.000000
f 609/220/609 610/221/610 608/222/608
vt 0.000000 1.000000
vt 0.000000 1.000000
vt 0.000000 1.000000
f 612/223/612 613/224/613 611/225/611
vt 0.000000 1.000000
vt 0.000000 1.000000
vt 0.000000 1.000000
f 615/226/615 616/227/616 614/228/614
vt 0.000000 1.000000
vt 0.000000 1.000000
vt 0.000000 1.000000
f 617/229/617 619/230/619 618/231/618
vt 0.000000 1.000000
vt 0.000000 1.000000
vt 0.000000 1.000000
f 620/232/620 622/233/622 621/234/621
vt 0.000000 1.000000
vt 0.000000 1.000000
vt 0.000000 1.000000
f 623/235/623 625/236/625 624/237/624
vt 0.000000 1.000000
vt 0.000000 1.000000
vt 0.000000 1.000000
f 626/238/626 628/239/628 627/240/627
vt 0.335955 0.165730
vt 0.475928 0.132616
vt 0.335955 0.165730
f 629/241/629 632/242/632 630/243/630
vt 0.335955 0.165730
vt 0.145951 0.401412
vt 0.475928 0.132616
f 629/244/629 653/245/653 631/246/631
vt 0.335955 0.165730
vt 0.241262 0.203963
vt 0.335955 0.165730
f 630/247/630 651/248/651 629/249/629
vt 0.335955 0.165730
vt 0.145951 0.401412
vt 0.241262 0.203963
f 630/250/630 654/251/654 652/252/652
vt 0.475928 0.132616
vt 0.475928 0.132616
vt 0.335955 0.165730
f 631/253/631 632/254/632 629/255/629
vt 0.475928 0.132616
vt 0.671328 0.118892
vt 0.475928 0.132616
f 631/256/631 634/257/634 632/258/632
vt 0.475928 0.132616
vt 0.145951 0.401412
vt 0.671328 0.118892
f 631/259/631 653/260/653 633/261/633
vt 0.475928 0.132616
vt 0.145951 0.401412
vt 0.335955 0.165730
f 632/262/632 654/263/654 630/264/630
vt 0.671328 0.118892
vt 0.671328 0.118892
vt 0.475928 0.132616
f 633/265/633 634/266/634 631/267/631
vt 0.671328 0.118892
vt 0.881211 0.119899
vt 0.671328 0.118892
f 633/268/633 636/269/636 634/270/634
vt 0.671328 0.118892
vt 0.145951 0.401412
vt 0.881211 0.119900
f 633/271/633 653/272/653 635/273/635
vt 0.671328 0.118892
vt 0.145951 0.401412
vt 0.475928 0.132616
f 634/274/634 654/275/654 632/276/632
vt 0.881211 0.119900
vt 0.881211 0.119899
vt 0.671328 0.118892
f 635/277/635 636/278/636 633/279/633
vt 0.881211 0.119900
vt 0.950752 0.153888
vt 0.881211 0.119899
f 635/280/635 638/281/638 636/282/636
vt 0.881211 0.119900
vt 0.145951 0.401412
vt 0.950752 0.153888
f 635/283/635 653/284/653 637/285/637
vt 0.881211 0.119899
vt 0.145951 0.401412
vt 0.671328 0.118892
f 636/286/636 654/287/654 634/288/634
vt 0.950752 0.153888
vt 0.950752 0.153888
vt 0.881211 0.119900
f 637/289/637 638/290/638 635/291/635
vt 0.950752 0.153888
vt 0.950767 0.261032
vt 0.950752 0.153888
f 637/292/637 640/293/640 638/294/638
vt 0.950752 0.153888
vt 0.145951 0.401412
vt 0.950767 0.261032
f 637/295/637 653/296/653 639/297/639
vt 0.950752 0.153888
vt 0.145951 0.401412
vt 0.881211 0.119899
f 638/298/638 654/299/654 636/300/636
vt 0.950767 0.261032
vt 0.950767 0.261032
vt 0.950752 0.153888
f 639/301/639 640/302/640 637/303/637
vt 0.950767 0.261032
vt 0.145951 0.401412
vt 0.950767 0.261032
f 639/304/639 653/305/653 640/306/640
vt 0.950767 0.261032
vt 0.145951 0.401412
vt 0.950752 0.153888
f 640/307/640 654/308/654 638/309/638
vt 0.046189 0.068578
vt 0.180404 0.064251
vt 0.046189 0.068578
f 641/310/641 644/311/644 642/312/642
vt 0.046189 0.068578
vt 0.373229 0.072343
vt 0.180404 0.064251
f 641/313/641 653/314/653 643/315/643
vt 0.046189 0.068578
vt 0.287692 0.105744
vt 0.373229 0.072343
f 641/316/641 656/317/656 653/318/653
vt 0.046189 0.068578
vt 0.028254 0.080863
vt 0.287692 0.105744
f 641/319/641 659/320/659 656/321/656
vt 0.046189 0.068578
vt 0.028469 0.080859
vt 0.046189 0.068578
f 642/322/642 657/323/657 641/324/641
vt 0.180404 0.064251
vt 0.180404 0.064251
vt 0.046189 0.068578
f 643/325/643 644/326/644 641/327/641
vt 0.019334 0.400038
vt 0.065481 0.382849
vt 0.019334 0.400038
f 643/328/643 646/329/646 644/330/644
vt 0.019334 0.400038
vt 0.145951 0.401412
vt 0.065481 0.382849
f 643/331/643 653/332/653 645/333/645
vt 0.180404 0.064251
vt 0.373229 0.072343
vt 0.046189 0.068578
f 644/334/644 654/335/654 642/336/642
vt 0.065481 0.382849
vt 0.065481 0.382849
vt 0.019334 0.400038
f 645/337/645 646/338/646 643/339/643
vt 0.065481 0.382849
vt 0.078808 0.352486
vt 0.065481 0.382849
f 645/340/645 647/341/647 646/342/646
vt 0.065481 0.382849
vt 0.145951 0.401412
vt 0.078808 0.352486
f 645/343/645 653/344/653 647/345/647
vt 0.065481 0.382849
vt 0.078808 0.352486
vt 0.078808 0.352486
f 646/346/646 647/347/647 648/348/648
vt 0.065481 0.382849
vt 0.145951 0.401412
vt 0.019334 0.400038
f 646/349/646 654/350/654 644/351/644
vt 0.078808 0.352486
vt 0.135291 0.272113
vt 0.078808 0.352486
f 647/352/647 650/353/650 648/354/648
vt 0.078808 0.352486
vt 0.145951 0.401412
vt 0.135291 0.272113
f 647/355/647 653/356/653 649/357/649
vt 0.078808 0.352486
vt 0.145951 0.401412
vt 0.065481 0.382849
f 648/358/648 654/359/654 646/360/646
vt 0.135291 0.272113
vt 0.135291 0.272113
vt 0.078808 0.352486
f 649/361/649 650/362/650 647/363/647
vt 0.135291 0.272113
vt 0.241262 0.203963
vt 0.135291 0.272113
f 649/364/649 652/365/652 650/366/650
vt 0.135291 0.272113
vt 0.145951 0.401412
vt 0.241262 0.203963
f 649/367/649 653/368/653 651/369/651
vt 0.135291 0.272113
vt 0.145951 0.401412
vt 0.078808 0.352486
f 650/370/650 654/371/654 648/372/648
vt 0.241262 0.203963
vt 0.241262 0.203963
vt 0.135291 0.272113
f 651/373/651 652/374/652 649/375/649
vt 0.241262 0.203963
vt 0.145951 0.401412
vt 0.335955 0.165730
f 651/376/651 653/377/653 629/378/629
vt 0.241262 0.203963
vt 0.241262 0.203963
vt 0.335955 0.165730
f 652/379/652 651/380/651 630/381/630
vt 0.241262 0.203963
vt 0.145951 0.401412
vt 0.135291 0.272113
f 652/382/652 654/383/654 650/384/650
vt 0.000000 1.000000
vt 0.000000 1.000000
vt 0.000000 1.000000
f 653/385/653 654/386/654 640/387/640
vt 0.373229 0.072343
vt 0.287692 0.105744
vt 0.373229 0.072343
f 653/388/653 655/389/655 654/390/654
vt 0.373229 0.072343
vt 0.287692 0.105744
vt 0.287692 0.105744
f 653/391/653 656/392/656 655/393/655
vt 0.373229 0.072343
vt 0.287692 0.105744
vt 0.046189 0.068578
f 654/394/654 655/395/655 642/396/642
vt 0.287692 0.105744
vt 0.028469 0.080859
vt 0.046189 0.068578
f 655/397/655 657/398/657 642/399/642
vt 0.287692 0.105744
vt 0.026745 0.105414
vt 0.028469 0.080859
f 655/400/655 658/401/658 657/402/657
vt 0.287692 0.105744
vt 0.026745 0.105414
vt 0.287692 0.105744
f 656/403/656 658/404/658 655/405/655
vt 0.287692 0.105744
vt 0.026188 0.105402
vt 0.026745 0.105414
f 656/406/656 660/407/660 658/408/658
vt 0.028469 0.080859
vt 0.028254 0.080863
vt 0.046189 0.068578
f 657/409/657 659/410/659 641/411/641
vt 0.026745 0.105414
vt 0.028254 0.080863
vt 0.028469 0.080859
f 658/412/658 659/413/659 657/414/657
vt 0.026745 0.105414
vt 0.026188 0.105402
vt 0.028254 0.080863
f 658/415/658 660/416/660 659/417/659
vt 0.028254 0.080863
vt 0.026188 0.105402
vt 0.287692 0.105744
f 659/418/659 660/419/660 656/420/656
vt 0.973727 0.427798
vt 0.981557 0.849678
vt 0.973727 0.849691
f 1129/421/1129 1132/422/1132 1130/423/1130
vt 0.000000 1.000000
vt 0.000000 1.000000
vt 0.000000 1.000000
f 1129/424/1129 1137/425/1137 1131/426/1131
vt 0.973727 0.427798
vt 0.981534 0.849678
vt 0.981534 0.427798
f 1129/427/1129 1138/428/1138 1137/429/1137
vt 0.973727 0.849691
vt 0.981534 0.849678
vt 0.973727 0.427798
f 1130/430/1130 1138/431/1138 1129/432/1129
vt 0.973727 0.849691
vt 0.956938 0.873053
vt 0.981534 0.849678
f 1130/433/1130 1139/434/1139 1138/435/1138
vt 0.981557 0.427798
vt 0.981557 0.849678
vt 0.973727 0.427798
f 1131/436/1131 1132/437/1132 1129/438/1129
vt 0.981557 0.427798
vt 0.994204 0.849678
vt 0.981557 0.849678
f 1131/439/1131 1134/440/1134 1132/441/1132
vt 0.000000 1.000000
vt 0.000000 1.000000
vt 0.000000 1.000000
f 1131/442/1131 1137/443/1137 1133/444/1133
vt 0.981557 0.849678
vt 0.956938 0.873053
vt 0.973727 0.849691
f 1132/445/1132 1139/446/1139 1130/447/1130
vt 0.994204 0.427798
vt 0.994204 0.849678
vt 0.981557 0.427798
f 1133/448/1133 1134/449/1134 1131/450/1131
vt 0.994204 0.427798
vt 0.994191 0.427798
vt 0.994204 0.849678
f 1133/451/1133 1135/452/1135 1134/453/1134
vt 0.000000 1.000000
vt 0.000000 1.000000
vt 0.000000 1.000000
f 1133/454/1133 1137/455/1137 1135/456/1135
vt 0.994204 0.849678
vt 0.994191 0.427798
vt 0.994191 0.849678
f 1134/457/1134 1135/458/1135 1136/459/1136
vt 0.994204 0.849678
vt 0.971927 0.873163
vt 0.981557 0.849678
f 1134/460/1134 1140/461/1140 1132/462/1132
vt 0.994191 0.427798
vt 0.981534 0.427798
vt 0.994191 0.849678
f 1135/463/1135 1137/464/1137 1136/465/1136
vt 0.994191 0.849678
vt 0.981534 0.427798
vt 0.981534 0.849678
f 1136/466/1136 1137/467/1137 1138/468/1138
vt 0.994191 0.849678
vt 0.996138 0.873163
vt 0.994204 0.849678
f 1136/469/1136 1141/470/1141 1134/471/1134
vt 0.994191 0.849678
vt 0.971885 0.873163
vt 0.996112 0.873163
f 1136/472/1136 1143/473/1143 1142/474/1142
vt 0.981534 0.849678
vt 0.956938 0.873053
vt 0.971885 0.873163
f 1138/475/1138 1139/476/1139 1143/477/1143
vt 0.981534 0.849678
vt 0.971885 0.873163
vt 0.994191 0.849678
f 1138/478/1138 1143/479/1143 1136/480/1136
vt 0.956938 0.873053
vt 0.956938 0.913265
vt 0.971885 0.873163
f 1139/481/1139 1144/482/1144 1143/483/1143
vt 0.971927 0.873163
vt 0.956938 0.873053
vt 0.981557 0.849678
f 1140/484/1140 1139/485/1139 1132/486/1132
vt 0.971927 0.873163
vt 0.956938 0.913265
vt 0.956938 0.873053
f 1140/487/1140 1144/488/1144 1139/489/1139
vt 0.971927 0.873163
vt 0.996138 0.913373
vt 0.971927 0.913373
f 1140/490/1140 1146/491/1146 1145/492/1145
vt 0.996138 0.873163
vt 0.971927 0.873163
vt 0.994204 0.849678
f 1141/493/1141 1140/494/1140 1134/495/1134
vt 0.996138 0.873163
vt 0.996138 0.913373
vt 0.971927 0.873163
f 1141/496/1141 1146/497/1146 1140/498/1140
vt 0.996112 0.873163
vt 0.996138 0.873163
vt 0.994191 0.849678
f 1142/499/1142 1141/500/1141 1136/501/1136
vt 0.996112 0.873163
vt 0.996138 0.913373
vt 0.996138 0.873163
f 1142/502/1142 1146/503/1146 1141/504/1141
vt 0.971885 0.873163
vt 0.956938 0.913265
vt 0.971885 0.913373
f 1143/505/1143 1144/506/1144 1148/507/1148
vt 0.971885 0.873163
vt 0.996112 0.913373
vt 0.996112 0.873163
f 1143/508/1143 1147/509/1147 1142/510/1142
vt 0.956938 0.913265
vt 0.978600 0.913265
vt 0.971885 0.913373
f 1144/511/1144 1149/512/1149 1148/513/1148
vt 0.971927 0.913373
vt 0.956938 0.913265
vt 0.971927 0.873163
f 1145/514/1145 1144/515/1144 1140/516/1140
vt 0.971927 0.913373
vt 0.978600 0.913265
vt 0.956938 0.913265
f 1145/517/1145 1149/518/1149 1144/519/1144
vt 0.996138 0.913373
vt 0.978600 0.913265
vt 0.971927 0.913373
f 1146/520/1146 1149/521/1149 1145/522/1145
vt 0.996112 0.913373
vt 0.996138 0.913373
vt 0.996112 0.873163
f 1147/523/1147 1146/524/1146 1142/525/1142
vt 0.996112 0.913373
vt 0.978600 0.913265
vt 0.996138 0.913373
f 1147/526/1147 1149/527/1149 1146/528/1146
vt 0.971885 0.913373
vt 0.996112 0.913373
vt 0.971885 0.873163
f 1148/529/1148 1147/530/1147 1143/531/1143
vt 0.971885 0.913373
vt 0.978600 0.913265
vt 0.996112 0.913373
f 1148/532/1148 1149/533/1149 1147/534/1147
vt 0.000000 1.000000
vt 0.000000 1.000000
vt 0.000000 1.000000
f 1039/535/1039 1041/536/1041 1040/537/1040
vt 0.995287 0.428275
vt 0.991396 0.428258
vt 0.995287 0.847160
f 1042/538/1042 1044/539/1044 1043/540/1043
vt 0.995287 0.847160
vt 0.991396 0.428258
vt 0.991396 0.847143
f 1043/541/1043 1044/542/1044 1045/543/1045
vt 0.991396 0.428258
vt 0.978802 0.847143
vt 0.991396 0.847143
f 1046/544/1046 1049/545/1049 1047/546/1047
vt 0.978802 0.428258
vt 0.978802 0.847143
vt 0.991396 0.428258
f 1048/547/1048 1049/548/1049 1046/549/1046
vt 0.995287 0.847160
vt 0.991396 0.847143
vt 0.991396 0.428258
f 1050/550/1050 1052/551/1052 1051/552/1051
vt 0.991396 0.428258
vt 0.991396 0.847143
vt 0.978802 0.428258
f 1051/553/1051 1052/554/1052 1053/555/1053
vt 0.985099 0.428258
vt 0.995287 0.847160
vt 0.985099 0.847144
f 1054/556/1054 1057/557/1057 1055/558/1055
vt 0.995287 0.428275
vt 0.995287 0.847160
vt 0.985099 0.428258
f 1056/559/1056 1057/560/1057 1054/561/1054
vt 0.995287 0.428275
vt 0.985099 0.428258
vt 0.985099 0.847144
f 1059/562/1059 1061/563/1061 1060/564/1060
vt 0.985099 0.847144
vt 0.985099 0.428258
vt 0.974912 0.847160
f 1060/565/1060 1061/566/1061 1058/567/1058
vt 0.991396 0.847143
vt 0.978802 0.847143
vt 0.978802 0.428258
f 1063/568/1063 1065/569/1065 1064/570/1064
vt 0.978802 0.428258
vt 0.978802 0.847143
vt 0.974912 0.428275
f 1064/571/1064 1065/572/1065 1062/573/1062
vt 0.995287 0.428275
vt 0.995287 0.847160
vt 0.991396 0.428258
f 1066/574/1066 1068/575/1068 1069/576/1069
vt 0.985099 0.847144
vt 0.995287 0.847160
vt 0.995287 0.428275
f 1067/577/1067 1068/578/1068 1066/579/1066
vt 0.974912 0.847160
vt 0.985099 0.428258
vt 0.985099 0.847144
f 1070/580/1070 1072/581/1072 1073/582/1073
vt 0.974912 0.428275
vt 0.985099 0.428258
vt 0.974912 0.847160
f 1071/583/1071 1072/584/1072 1070/585/1070
vt 0.974912 0.847160
vt 0.978802 0.428258
vt 0.974912 0.428275
f 1074/586/1074 1076/587/1076 1075/588/1075
vt 0.978802 0.847143
vt 0.978802 0.428258
vt 0.974912 0.847160
f 1077/589/1077 1076/590/1076 1074/591/1074
vt 0.991396 0.847143
vt 0.985099 0.847255
vt 0.995287 0.847160
f 1079/592/1079 1080/593/1080 1078/594/1078
vt 0.995287 0.847160
vt 0.985099 0.847255
vt 0.991396 0.847143
f 1081/595/1081 1083/596/1083 1082/597/1082
vt 0.978802 0.847143
vt 0.985099 0.847255
vt 0.991396 0.847143
f 1085/598/1085 1086/599/1086 1084/600/1084
vt 0.991396 0.847143
vt 0.985099 0.847255
vt 0.978802 0.847143
f 1087/601/1087 1089/602/1089 1088/603/1088
vt 0.995287 0.847160
vt 0.985099 0.847255
vt 0.985099 0.847144
f 1091/604/1091 1092/605/1092 1090/606/1090
vt 0.985099 0.847144
vt 0.985099 0.847255
vt 0.995287 0.847160
f 1093/607/1093 1095/608/1095 1094/609/1094
vt 0.985099 0.847144
vt 0.985099 0.847255
vt 0.974912 0.847160
f 1097/610/1097 1098/611/1098 1096/612/1096
vt 0.978802 0.847143
vt 0.985099 0.847255
vt 0.974912 0.847160
f 1100/613/1100 1101/614/1101 1099/615/1099
vt 0.974912 0.847160
vt 0.985099 0.847255
vt 0.985099 0.847144
f 1102/616/1102 1104/617/1104 1103/618/1103
vt 0.974912 0.847160
vt 0.985099 0.847255
vt 0.978802 0.847143
f 1105/619/1105 1107/620/1107 1106/621/1106
vt 0.974912 0.847160
vt 0.985099 0.428258
vt 0.974912 0.428275
f 1109/622/1109 1110/623/1110 1108/624/1108
vt 0.974912 0.428275
vt 0.978802 0.847143
vt 0.974912 0.847160
f 1111/625/1111 1113/626/1113 1112/627/1112
vt 0.000000 1.000000
vt 0.000000 1.000000
vt 0.000000 1.000000
f 1115/628/1115 1116/629/1116 1114/630/1114
vt 0.000000 1.000000
vt 0.000000 1.000000
vt 0.000000 1.000000
f 1118/631/1118 1119/632/1119 1117/633/1117
vt 0.000000 1.000000
vt 0.000000 1.000000
vt 0.000000 1.000000
f 1120/634/1120 1122/635/1122 1121/636/1121
vt 0.000000 1.000000
vt 0.000000 1.000000
vt 0.000000 1.000000
f 1123/637/1123 1125/638/1125 1124/639/1124
vt 0.000000 1.000000
vt 0.000000 1.000000
vt 0.000000 1.000000
f 1126/640/1126 1128/641/1128 1127/642/1127
vt 0.651344 0.831338
vt 0.626206 0.851328
vt 0.651343 0.833011
f 935/643/935 938/644/938 939/645/939
vt 0.000000 1.000000
vt 0.000000 1.000000
vt 0.000000 1.000000
f 935/646/935 943/647/943 937/648/937
vt 0.651344 0.831338
vt 0.000000 1.000000
vt 0.626199 0.838308
f 935/649/935 944/650/944 936/651/936
vt 0.626199 0.838308
vt 0.626206 0.851328
vt 0.651344 0.831338
f 936/652/936 938/653/938 935/654/935
vt 0.626199 0.838308
vt 0.000000 1.000000
vt 0.626206 0.851328
f 936/655/936 949/656/949 938/657/938
vt 0.651339 0.826766
vt 0.000000 1.000000
vt 0.651344 0.831338
f 937/658/937 944/659/944 935/660/935
vt 0.626206 0.851328
vt 0.626209 0.856093
vt 0.651343 0.833011
f 938/661/938 940/662/940 939/663/939
vt 0.626206 0.851328
vt 0.579748 0.866630
vt 0.626209 0.856093
f 938/664/938 946/665/946 940/666/940
vt 0.626206 0.851328
vt 0.000000 1.000000
vt 0.579737 0.847145
f 938/667/938 949/668/949 945/669/945
vt 0.651343 0.833011
vt 0.626209 0.856093
vt 0.651344 0.831338
f 939/670/939 940/671/940 941/672/941
vt 0.000000 1.000000
vt 0.000000 1.000000
vt 0.000000 1.000000
f 939/673/939 941/674/941 935/675/935
vt 0.626209 0.856093
vt 0.626206 0.851328
vt 0.651344 0.831338
f 940/676/940 942/677/942 941/678/941
vt 0.626209 0.856093
vt 0.579751 0.873762
vt 0.626206 0.851328
f 940/679/940 947/680/947 942/681/942
vt 0.651344 0.831338
vt 0.626206 0.851328
vt 0.651339 0.826766
f 941/682/941 942/683/942 943/684/943
vt 0.000000 1.000000
vt 0.000000 1.000000
vt 0.000000 1.000000
f 941/685/941 943/686/943 935/687/935
vt 0.626206 0.851328
vt 0.626199 0.838308
vt 0.651339 0.826766
f 942/688/942 944/689/944 943/690/943
vt 0.626206 0.851328
vt 0.579748 0.866630
vt 0.626199 0.838308
f 942/691/942 948/692/948 944/693/944
vt 0.000000 1.000000
vt 0.000000 1.000000
vt 0.000000 1.000000
f 943/694/943 944/695/944 937/696/937
vt 0.000000 1.000000
vt 0.000000 1.000000
vt 0.000000 1.000000
f 944/697/944 949/698/949 936/699/936
vt 0.579737 0.847145
vt 0.579748 0.866630
vt 0.626206 0.851328
f 945/700/945 946/701/946 938/702/938
vt 0.579737 0.847145
vt 0.519024 0.851930
vt 0.579748 0.866630
f 945/703/945 950/704/950 946/705/946
vt 0.000000 1.000000
vt 0.519038 0.874914
vt 0.519024 0.851930
f 945/706/945 953/707/953 954/708/954
vt 0.000000 1.000000
vt 0.000000 1.000000
vt 0.000000 1.000000
f 945/709/945 954/710/954 950/711/950
vt 0.579748 0.866630
vt 0.579751 0.873762
vt 0.626209 0.856093
f 946/712/946 947/713/947 940/714/940
vt 0.579748 0.866630
vt 0.519038 0.874914
vt 0.579751 0.873762
f 946/715/946 951/716/951 947/717/947
vt 0.579751 0.873762
vt 0.579748 0.866630
vt 0.626206 0.851328
f 947/718/947 948/719/948 942/720/942
vt 0.579751 0.873762
vt 0.519044 0.883328
vt 0.579748 0.866630
f 947/721/947 952/722/952 948/723/948
vt 0.579748 0.866630
vt 0.579737 0.847145
vt 0.626199 0.838308
f 948/724/948 949/725/949 944/726/944
vt 0.579748 0.866630
vt 0.519038 0.874914
vt 0.579737 0.847145
f 948/727/948 953/728/953 949/729/949
vt 0.579737 0.847145
vt 0.519038 0.874914
vt 0.000000 1.000000
f 949/730/949 953/731/953 945/732/945
vt 0.519024 0.851930
vt 0.519038 0.874914
vt 0.579748 0.866630
f 950/733/950 951/734/951 946/735/946
vt 0.519024 0.851930
vt 0.519007 0.820532
vt 0.404978 0.820537
f 950/736/950 956/737/956 955/738/955
vt 0.519024 0.851930
vt 0.404994 0.851936
vt 0.519038 0.874914
f 950/739/950 957/740/957 951/741/951
vt 0.000000 1.000000
vt 0.000000 1.000000
vt 0.000000 1.000000
f 950/742/950 962/743/962 956/744/956
vt 0.519038 0.874914
vt 0.519044 0.883328
vt 0.579751 0.873762
f 951/745/951 952/746/952 947/747/947
vt 0.519038 0.874914
vt 0.405008 0.874920
vt 0.519044 0.883328
f 951/748/951 958/749/958 952/750/952
vt 0.519044 0.883328
vt 0.519038 0.874914
vt 0.579748 0.866630
f 952/751/952 953/752/953 948/753/948
vt 0.519044 0.883328
vt 0.405012 0.883333
vt 0.519038 0.874914
f 952/754/952 959/755/959 953/756/953
vt 0.519038 0.874914
vt 0.405008 0.874920
vt 0.519024 0.851930
f 953/757/953 960/758/960 954/759/954
vt 0.519024 0.851930
vt 0.404994 0.851936
vt 0.519007 0.820532
f 954/760/954 961/761/961 962/762/962
vt 0.000000 1.000000
vt 0.000000 1.000000
vt 0.000000 1.000000
f 954/763/954 962/764/962 950/765/950
vt 0.404978 0.820537
vt 0.519007 0.820532
vt 0.404961 0.789140
f 955/766/955 956/767/956 973/768/973
vt 0.404978 0.820537
vt 0.404994 0.851936
vt 0.519024 0.851930
f 955/769/955 957/770/957 950/771/950
vt 0.404978 0.820537
vt 0.369532 0.820543
vt 0.404994 0.851936
f 955/772/955 974/773/974 957/774/957
vt 0.404994 0.851936
vt 0.405008 0.874920
vt 0.519038 0.874914
f 957/775/957 958/776/958 951/777/951
vt 0.404994 0.851936
vt 0.369541 0.847160
vt 0.405008 0.874920
f 957/778/957 975/779/975 958/780/958
vt 0.405008 0.874920
vt 0.405012 0.883333
vt 0.519044 0.883328
f 958/781/958 959/782/959 952/783/952
vt 0.405008 0.874920
vt 0.369547 0.866646
vt 0.405012 0.883333
f 958/784/958 976/785/976 959/786/959
vt 0.405012 0.883333
vt 0.405008 0.874920
vt 0.519038 0.874914
f 959/787/959 960/788/960 953/789/953
vt 0.405012 0.883333
vt 0.369549 0.873778
vt 0.405008 0.874920
f 959/790/959 977/791/977 960/792/960
vt 0.405008 0.874920
vt 0.404994 0.851936
vt 0.519024 0.851930
f 960/793/960 961/794/961 954/795/954
vt 0.405008 0.874920
vt 0.369547 0.866646
vt 0.404994 0.851936
f 960/796/960 978/797/978 961/798/961
vt 0.404994 0.851936
vt 0.404978 0.820537
vt 0.519007 0.820532
f 961/799/961 963/800/963 962/801/962
vt 0.404994 0.851936
vt 0.369541 0.847160
vt 0.404978 0.820537
f 961/802/961 979/803/979 963/804/963
vt 0.519007 0.820532
vt 0.404978 0.820537
vt 0.518985 0.789134
f 962/805/962 963/806/963 964/807/964
vt 0.000000 1.000000
vt 0.000000 1.000000
vt 0.000000 1.000000
f 962/808/962 964/809/964 956/810/956
vt 0.404978 0.820537
vt 0.404961 0.789140
vt 0.518985 0.789134
f 963/811/963 965/812/965 964/813/964
vt 0.404978 0.820537
vt 0.369532 0.820543
vt 0.404961 0.789140
f 963/814/963 980/815/980 965/816/965
vt 0.518985 0.789134
vt 0.404961 0.789140
vt 0.518974 0.766149
f 964/817/964 965/818/965 966/819/966
vt 0.000000 1.000000
vt 0.000000 1.000000
vt 0.000000 1.000000
f 964/820/964 970/821/970 972/822/972
vt 0.000000 1.000000
vt 0.000000 1.000000
vt 0.000000 1.000000
f 964/823/964 972/824/972 956/825/956
vt 0.404961 0.789140
vt 0.404947 0.766155
vt 0.518974 0.766149
f 965/826/965 967/827/967 966/828/966
vt 0.404961 0.789140
vt 0.369525 0.793925
vt 0.404947 0.766155
f 965/829/965 981/830/981 967/831/967
vt 0.518974 0.766149
vt 0.404947 0.766155
vt 0.518969 0.757736
f 966/832/966 967/833/967 968/834/968
vt 0.000000 1.000000
vt 0.000000 1.000000
vt 0.000000 1.000000
f 966/835/966 970/836/970 964/837/964
vt 0.404947 0.766155
vt 0.404945 0.757742
vt 0.518969 0.757736
f 967/838/967 969/839/969 968/840/968
vt 0.404947 0.766155
vt 0.369520 0.774439
vt 0.404945 0.757742
f 967/841/967 982/842/982 969/843/969
vt 0.518969 0.757736
vt 0.404945 0.757742
vt 0.518974 0.766149
f 968/844/968 969/845/969 970/846/970
vt 0.000000 1.000000
vt 0.000000 1.000000
vt 0.000000 1.000000
f 968/847/968 970/848/970 966/849/966
vt 0.404945 0.757742
vt 0.404947 0.766155
vt 0.518974 0.766149
f 969/850/969 971/851/971 970/852/970
vt 0.404945 0.757742
vt 0.369516 0.767307
vt 0.404947 0.766155
f 969/853/969 983/854/983 971/855/971
vt 0.518974 0.766149
vt 0.404947 0.766155
vt 0.518985 0.789134
f 970/856/970 971/857/971 972/858/972
vt 0.404947 0.766155
vt 0.404961 0.789140
vt 0.518985 0.789134
f 971/859/971 973/860/973 972/861/972
vt 0.404947 0.766155
vt 0.369520 0.774439
vt 0.404961 0.789140
f 971/862/971 984/863/984 973/864/973
vt 0.518985 0.789134
vt 0.404961 0.789140
vt 0.519007 0.820532
f 972/865/972 973/866/973 956/867/956
vt 0.404961 0.789140
vt 0.369525 0.793925
vt 0.404978 0.820537
f 973/868/973 985/869/985 955/870/955
vt 0.369532 0.820543
vt 0.369541 0.847160
vt 0.404994 0.851936
f 974/871/974 975/872/975 957/873/957
vt 0.991518 0.054179
vt 0.939621 0.054211
vt 0.984616 0.028418
f 974/874/974 986/875/986 975/876/975
vt 0.369541 0.847160
vt 0.369547 0.866646
vt 0.405008 0.874920
f 975/877/975 976/878/976 958/879/958
vt 0.984616 0.028418
vt 0.939621 0.054211
vt 0.965757 0.009558
f 975/880/975 986/881/986 976/882/976
vt 0.369547 0.866646
vt 0.369549 0.873778
vt 0.405012 0.883333
f 976/883/976 977/884/977 959/885/959
vt 0.965757 0.009558
vt 0.939621 0.054211
vt 0.939995 0.002656
f 976/886/976 986/887/986 977/888/977
vt 0.369549 0.873778
vt 0.369547 0.866646
vt 0.405008 0.874920
f 977/889/977 978/890/978 960/891/960
vt 0.939995 0.002656
vt 0.939621 0.054211
vt 0.914233 0.009558
f 977/892/977 986/893/986 978/894/978
vt 0.369547 0.866646
vt 0.369541 0.847160
vt 0.404994 0.851936
f 978/895/978 979/896/979 961/897/961
vt 0.914233 0.009558
vt 0.939621 0.054211
vt 0.895375 0.028418
f 978/898/978 986/899/986 979/900/979
vt 0.369541 0.847160
vt 0.369532 0.820543
vt 0.404978 0.820537
f 979/901/979 980/902/980 963/903/963
vt 0.895375 0.028418
vt 0.939621 0.054211
vt 0.888472 0.054179
f 979/904/979 986/905/986 980/906/980
vt 0.369532 0.820543
vt 0.369525 0.793925
vt 0.404961 0.789140
f 980/907/980 981/908/981 965/909/965
vt 0.888472 0.054179
vt 0.939621 0.054211
vt 0.895375 0.079941
f 980/910/980 986/911/986 981/912/981
vt 0.369525 0.793925
vt 0.369520 0.774439
vt 0.404947 0.766155
f 981/913/981 982/914/982 967/915/967
vt 0.895375 0.079941
vt 0.939621 0.054211
vt 0.914233 0.098799
f 981/916/981 986/917/986 982/918/982
vt 0.369520 0.774439
vt 0.369516 0.767307
vt 0.404945 0.757742
f 982/919/982 983/920/983 969/921/969
vt 0.914233 0.098799
vt 0.939621 0.054211
vt 0.939995 0.105702
f 982/922/982 986/923/986 983/924/983
vt 0.369516 0.767307
vt 0.369520 0.774439
vt 0.404947 0.766155
f 983/925/983 984/926/984 971/927/971
vt 0.939995 0.105702
vt 0.939621 0.054211
vt 0.965757 0.098799
f 983/928/983 986/929/986 984/930/984
vt 0.369520 0.774439
vt 0.369525 0.793925
vt 0.404961 0.789140
f 984/931/984 985/932/985 973/933/973
vt 0.965757 0.098799
vt 0.939621 0.054211
vt 0.984616 0.079941
f 984/934/984 986/935/986 985/936/985
vt 0.369525 0.793925
vt 0.369532 0.820543
vt 0.404978 0.820537
f 985/937/985 974/938/974 955/939/955
vt 0.984616 0.079941
vt 0.939621 0.054211
vt 0.991518 0.054179
f 985/940/985 986/941/986 974/942/974
vt 0.651339 0.826766
vt 0.626206 0.851328
vt 0.626199 0.838308
f 987/943/987 990/944/990 988/945/988
vt 0.000000 1.000000
vt 0.000000 1.000000
vt 0.000000 1.000000
f 987/946/987 995/947/995 989/948/989
vt 0.000000 1.000000
vt 0.000000 1.000000
vt 0.000000 1.000000
f 988/949/988 996/950/996 987/951/987
vt 0.626199 0.838308
vt 0.579748 0.866630
vt 0.579737 0.847145
f 988/952/988 998/953/998 997/954/997
vt 0.000000 1.000000
vt 0.000000 1.000000
vt 0.000000 1.000000
f 988/955/988 1001/956/1001 996/957/996
vt 0.651344 0.831338
vt 0.626206 0.851328
vt 0.651339 0.826766
f 989/958/989 990/959/990 987/960/987
vt 0.651344 0.831338
vt 0.626209 0.856093
vt 0.626206 0.851328
f 989/961/989 992/962/992 990/963/990
vt 0.000000 1.000000
vt 0.000000 1.000000
vt 0.000000 1.000000
f 989/964/989 995/965/995 991/966/991
vt 0.626206 0.851328
vt 0.579748 0.866630
vt 0.626199 0.838308
f 990/967/990 998/968/998 988/969/988
vt 0.626206 0.851328
vt 0.579751 0.873762
vt 0.579748 0.866630
f 990/970/990 999/971/999 998/972/998
vt 0.651343 0.833011
vt 0.626209 0.856093
vt 0.651344 0.831338
f 991/973/991 992/974/992 989/975/989
vt 0.651343 0.833011
vt 0.651344 0.831338
vt 0.626209 0.856093
f 991/976/991 993/977/993 992/978/992
vt 0.000000 1.000000
vt 0.000000 1.000000
vt 0.000000 1.000000
f 991/979/991 995/980/995 993/981/993
vt 0.626209 0.856093
vt 0.651344 0.831338
vt 0.626206 0.851328
f 992/982/992 993/983/993 994/984/994
vt 0.626209 0.856093
vt 0.579751 0.873762
vt 0.626206 0.851328
f 992/985/992 999/986/999 990/987/990
vt 0.651344 0.831338
vt 0.651339 0.826766
vt 0.626206 0.851328
f 993/988/993 995/989/995 994/990/994
vt 0.626206 0.851328
vt 0.651339 0.826766
vt 0.626199 0.838308
f 994/991/994 995/992/995 996/993/996
vt 0.626206 0.851328
vt 0.579751 0.873762
vt 0.626209 0.856093
f 994/994/994 999/995/999 992/996/992
vt 0.000000 1.000000
vt 0.000000 1.000000
vt 0.000000 1.000000
f 996/997/996 995/998/995 987/999/987
vt 0.626199 0.838308
vt 0.579748 0.866630
vt 0.626206 0.851328
f 996/1000/996 1000/1001/1000 994/1002/994
vt 0.000000 1.000000
vt 0.000000 1.000000
vt 0.000000 1.000000
f 997/1003/997 1001/1004/1001 988/1005/988
vt 0.579737 0.847145
vt 0.519038 0.874914
vt 0.519024 0.851930
f 997/1006/997 1003/1007/1003 1002/1008/1002
vt 0.000000 1.000000
vt 0.000000 1.000000
vt 0.000000 1.000000
f 997/1009/997 1006/1010/1006 1001/1011/1001
vt 0.579748 0.866630
vt 0.519038 0.874914
vt 0.579737 0.847145
f 998/1012/998 1003/1013/1003 997/1014/997
vt 0.579748 0.866630
vt 0.519044 0.883328
vt 0.519038 0.874914
f 998/1015/998 1004/1016/1004 1003/1017/1003
vt 0.579751 0.873762
vt 0.519044 0.883328
vt 0.579748 0.866630
f 999/1018/999 1004/1019/1004 998/1020/998
vt 0.579748 0.866630
vt 0.579751 0.873762
vt 0.626206 0.851328
f 1000/1021/1000 999/1022/999 994/1023/994
vt 0.579748 0.866630
vt 0.519044 0.883328
vt 0.579751 0.873762
f 1000/1024/1000 1004/1025/1004 999/1026/999
vt 0.579737 0.847145
vt 0.579748 0.866630
vt 0.626199 0.838308
f 1001/1027/1001 1000/1028/1000 996/1029/996
vt 0.579737 0.847145
vt 0.519038 0.874914
vt 0.579748 0.866630
f 1001/1030/1001 1005/1031/1005 1000/1032/1000
vt 0.000000 1.000000
vt 0.000000 1.000000
vt 0.000000 1.000000
f 1002/1033/1002 1006/1034/1006 997/1035/997
vt 0.519024 0.851930
vt 0.404994 0.851936
vt 0.519007 0.820532
f 1002/1036/1002 1009/1037/1009 1007/1038/1007
vt 0.519024 0.851930
vt 0.405008 0.874920
vt 0.404994 0.851936
f 1002/1039/1002 1010/1040/1010 1009/1041/1009
vt 0.000000 1.000000
vt 0.000000 1.000000
vt 0.000000 1.000000
f 1002/1042/1002 1014/1043/1014 1006/1044/1006
vt 0.519038 0.874914
vt 0.405008 0.874920
vt 0.519024 0.851930
f 1003/1045/1003 1010/1046/1010 1002/1047/1002
vt 0.519038 0.874914
vt 0.405012 0.883333
vt 0.405008 0.874920
f 1003/1048/1003 1011/1049/1011 1010/1050/1010
vt 0.519044 0.883328
vt 0.405012 0.883333
vt 0.519038 0.874914
f 1004/1051/1004 1011/1052/1011 1003/1053/1003
vt 0.519038 0.874914
vt 0.519044 0.883328
vt 0.579748 0.866630
f 1005/1054/1005 1004/1055/1004 1000/1056/1000
vt 0.519038 0.874914
vt 0.405012 0.883333
vt 0.519044 0.883328
f 1005/1057/1005 1011/1058/1011 1004/1059/1004
vt 0.519024 0.851930
vt 0.519038 0.874914
vt 0.579737 0.847145
f 1006/1060/1006 1005/1061/1005 1001/1062/1001
vt 0.519024 0.851930
vt 0.405008 0.874920
vt 0.519038 0.874914
f 1006/1063/1006 1012/1064/1012 1005/1065/1005
vt 0.519024 0.851930
vt 0.519007 0.820532
vt 0.404994 0.851936
f 1006/1066/1006 1014/1067/1014 1013/1068/1013
vt 0.519007 0.820532
vt 0.404994 0.851936
vt 0.404978 0.820537
f 1007/1069/1007 1009/1070/1009 1008/1071/1008
vt 0.000000 1.000000
vt 0.000000 1.000000
vt 0.000000 1.000000
f 1007/1072/1007 1014/1073/1014 1002/1074/1002
vt 0.000000 1.000000
vt 0.000000 1.000000
vt 0.000000 1.000000
f 1007/1075/1007 1016/1076/1016 1014/1077/1014
vt 0.000000 1.000000
vt 0.000000 1.000000
vt 0.000000 1.000000
f 1007/1078/1007 1024/1079/1024 1016/1080/1016
vt 0.404978 0.820537
vt 0.518985 0.789134
vt 0.519007 0.820532
f 1008/1081/1008 1024/1082/1024 1007/1083/1007
vt 0.404978 0.820537
vt 0.369525 0.793925
vt 0.404961 0.789140
f 1008/1084/1008 1037/1085/1037 1025/1086/1025
vt 0.404994 0.851936
vt 0.369532 0.820543
vt 0.404978 0.820537
f 1009/1087/1009 1026/1088/1026 1008/1089/1008
vt 0.405008 0.874920
vt 0.369541 0.847160
vt 0.404994 0.851936
f 1010/1090/1010 1027/1091/1027 1009/1092/1009
vt 0.405012 0.883333
vt 0.369547 0.866646
vt 0.405008 0.874920
f 1011/1093/1011 1028/1094/1028 1010/1095/1010
vt 0.405012 0.883333
vt 0.369547 0.866646
vt 0.369549 0.873778
f 1011/1096/1011 1030/1097/1030 1029/1098/1029
vt 0.405008 0.874920
vt 0.405012 0.883333
vt 0.519038 0.874914
f 1012/1099/1012 1011/1100/1011 1005/1101/1005
vt 0.405008 0.874920
vt 0.369547 0.866646
vt 0.405012 0.883333
f 1012/1102/1012 1030/1103/1030 1011/1104/1011
vt 0.405008 0.874920
vt 0.369541 0.847160
vt 0.369547 0.866646
f 1012/1105/1012 1031/1106/1031 1030/1107/1030
vt 0.404994 0.851936
vt 0.405008 0.874920
vt 0.519024 0.851930
f 1013/1108/1013 1012/1109/1012 1006/1110/1006
vt 0.404994 0.851936
vt 0.519007 0.820532
vt 0.404978 0.820537
f 1013/1111/1013 1014/1112/1014 1015/1113/1015
vt 0.404994 0.851936
vt 0.369541 0.847160
vt 0.405008 0.874920
f 1013/1114/1013 1031/1115/1031 1012/1116/1012
vt 0.404994 0.851936
vt 0.369532 0.820543
vt 0.369541 0.847160
f 1013/1117/1013 1032/1118/1032 1031/1119/1031
vt 0.519007 0.820532
vt 0.518985 0.789134
vt 0.404978 0.820537
f 1014/1120/1014 1016/1121/1016 1015/1122/1015
vt 0.404978 0.820537
vt 0.518985 0.789134
vt 0.404961 0.789140
f 1015/1123/1015 1016/1124/1016 1017/1125/1017
vt 0.404978 0.820537
vt 0.369532 0.820543
vt 0.404994 0.851936
f 1015/1126/1015 1032/1127/1032 1013/1128/1013
vt 0.404978 0.820537
vt 0.369525 0.793925
vt 0.369532 0.820543
f 1015/1129/1015 1033/1130/1033 1032/1131/1032
vt 0.518985 0.789134
vt 0.518974 0.766149
vt 0.404961 0.789140
f 1016/1132/1016 1018/1133/1018 1017/1134/1017
vt 0.000000 1.000000
vt 0.000000 1.000000
vt 0.000000 1.000000
f 1016/1135/1016 1024/1136/1024 1018/1137/1018
vt 0.404961 0.789140
vt 0.518974 0.766149
vt 0.404947 0.766155
f 1017/1138/1017 1018/1139/1018 1019/1140/1019
vt 0.404961 0.789140
vt 0.369525 0.793925
vt 0.404978 0.820537
f 1017/1141/1017 1033/1142/1033 1015/1143/1015
vt 0.404961 0.789140
vt 0.369520 0.774439
vt 0.369525 0.793925
f 1017/1144/1017 1034/1145/1034 1033/1146/1033
vt 0.518974 0.766149
vt 0.518969 0.757736
vt 0.404947 0.766155
f 1018/1147/1018 1020/1148/1020 1019/1149/1019
vt 0.000000 1.000000
vt 0.000000 1.000000
vt 0.000000 1.000000
f 1018/1150/1018 1022/1151/1022 1020/1152/1020
vt 0.000000 1.000000
vt 0.000000 1.000000
vt 0.000000 1.000000
f 1018/1153/1018 1024/1154/1024 1022/1155/1022
vt 0.404947 0.766155
vt 0.518969 0.757736
vt 0.404945 0.757742
f 1019/1156/1019 1020/1157/1020 1021/1158/1021
vt 0.404947 0.766155
vt 0.369520 0.774439
vt 0.404961 0.789140
f 1019/1159/1019 1034/1160/1034 1017/1161/1017
vt 0.404947 0.766155
vt 0.369516 0.767307
vt 0.369520 0.774439
f 1019/1162/1019 1035/1163/1035 1034/1164/1034
vt 0.518969 0.757736
vt 0.404947 0.766155
vt 0.404945 0.757742
f 1020/1165/1020 1023/1166/1023 1021/1167/1021
vt 0.404945 0.757742
vt 0.369516 0.767307
vt 0.404947 0.766155
f 1021/1168/1021 1035/1169/1035 1019/1170/1019
vt 0.518974 0.766149
vt 0.404947 0.766155
vt 0.518969 0.757736
f 1022/1171/1022 1023/1172/1023 1020/1173/1020
vt 0.518974 0.766149
vt 0.404961 0.789140
vt 0.404947 0.766155
f 1022/1174/1022 1025/1175/1025 1023/1176/1023
vt 0.404947 0.766155
vt 0.369516 0.767307
vt 0.404945 0.757742
f 1023/1177/1023 1035/1178/1035 1021/1179/1021
vt 0.518985 0.789134
vt 0.404961 0.789140
vt 0.518974 0.766149
f 1024/1180/1024 1025/1181/1025 1022/1182/1022
vt 0.404961 0.789140
vt 0.518985 0.789134
vt 0.404978 0.820537
f 1025/1183/1025 1024/1184/1024 1008/1185/1008
vt 0.404961 0.789140
vt 0.369520 0.774439
vt 0.404947 0.766155
f 1025/1186/1025 1036/1187/1036 1023/1188/1023
vt 0.369532 0.820543
vt 0.369525 0.793925
vt 0.404978 0.820537
f 1026/1189/1026 1037/1190/1037 1008/1191/1008
vt 0.991518 0.054179
vt 0.939621 0.054211
vt 0.984616 0.079941
f 1026/1192/1026 1038/1193/1038 1037/1194/1037
vt 0.369541 0.847160
vt 0.369532 0.820543
vt 0.404994 0.851936
f 1027/1195/1027 1026/1196/1026 1009/1197/1009
vt 0.984616 0.028418
vt 0.939621 0.054211
vt 0.991518 0.054179
f 1027/1198/1027 1038/1199/1038 1026/1200/1026
vt 0.369547 0.866646
vt 0.369541 0.847160
vt 0.405008 0.874920
f 1028/1201/1028 1027/1202/1027 1010/1203/1010
vt 0.965757 0.009558
vt 0.939621 0.054211
vt 0.984616 0.028418
f 1028/1204/1028 1038/1205/1038 1027/1206/1027
vt 0.369549 0.873778
vt 0.369547 0.866646
vt 0.405012 0.883333
f 1029/1207/1029 1028/1208/1028 1011/1209/1011
vt 0.939995 0.002656
vt 0.939621 0.054211
vt 0.965757 0.009558
f 1029/1210/1029 1038/1211/1038 1028/1212/1028
vt 0.914233 0.009558
vt 0.939621 0.054211
vt 0.939995 0.002656
f 1030/1213/1030 1038/1214/1038 1029/1215/1029
vt 0.895375 0.028418
vt 0.939621 0.054211
vt 0.914233 0.009558
f 1031/1216/1031 1038/1217/1038 1030/1218/1030
vt 0.888472 0.054179
vt 0.939621 0.054211
vt 0.895375 0.028418
f 1032/1219/1032 1038/1220/1038 1031/1221/1031
vt 0.895375 0.079941
vt 0.939621 0.054211
vt 0.888472 0.054179
f 1033/1222/1033 1038/1223/1038 1032/1224/1032
vt 0.914233 0.098799
vt 0.939621 0.054211
vt 0.895375 0.079941
f 1034/1225/1034 1038/1226/1038 1033/1227/1033
vt 0.939995 0.105702
vt 0.939621 0.054211
vt 0.914233 0.098799
f 1035/1228/1035 1038/1229/1038 1034/1230/1034
vt 0.369520 0.774439
vt 0.369516 0.767307
vt 0.404947 0.766155
f 1036/1231/1036 1035/1232/1035 1023/1233/1023
vt 0.965757 0.098799
vt 0.939621 0.054211
vt 0.939995 0.105702
f 1036/1234/1036 1038/1235/1038 1035/1236/1035
vt 0.369525 0.793925
vt 0.369520 0.774439
vt 0.404961 0.789140
f 1037/1237/1037 1036/1238/1036 1025/1239/1025
vt 0.984616 0.079941
vt 0.939621 0.054211
vt 0.965757 0.098799
f 1037/1240/1037 1038/1241/1038 1036/1242/1036
vt 0.651344 0.831338
vt 0.626206 0.851328
vt 0.651343 0.833011
f 883/1243/883 886/1244/886 887/1245/887
vt 0.000000 1.000000
vt 0.000000 1.000000
vt 0.000000 1.000000
f 883/1246/883 891/1247/891 885/1248/885
vt 0.651344 0.831338
vt 0.000000 1.000000
vt 0.626199 0.838308
f 883/1249/883 892/1250/892 884/1251/884
vt 0.626199 0.838308
vt 0.626206 0.851328
vt 0.651344 0.831338
f 884/1252/884 886/1253/886 883/1254/883
vt 0.626199 0.838308
vt 0.000000 1.000000
vt 0.626206 0.851328
f 884/1255/884 897/1256/897 886/1257/886
vt 0.651339 0.826766
vt 0.000000 1.000000
vt 0.651344 0.831338
f 885/1258/885 892/1259/892 883/1260/883
vt 0.626206 0.851328
vt 0.626209 0.856093
vt 0.651343 0.833011
f 886/1261/886 888/1262/888 887/1263/887
vt 0.626206 0.851328
vt 0.579748 0.866630
vt 0.626209 0.856093
f 886/1264/886 894/1265/894 888/1266/888
vt 0.626206 0.851328
vt 0.000000 1.000000
vt 0.579737 0.847145
f 886/1267/886 897/1268/897 893/1269/893
vt 0.651343 0.833011
vt 0.626209 0.856093
vt 0.651344 0.831338
f 887/1270/887 888/1271/888 889/1272/889
vt 0.000000 1.000000
vt 0.000000 1.000000
vt 0.000000 1.000000
f 887/1273/887 889/1274/889 883/1275/883
vt 0.626209 0.856093
vt 0.626206 0.851328
vt 0.651344 0.831338
f 888/1276/888 890/1277/890 889/1278/889
vt 0.626209 0.856093
vt 0.579751 0.873762
vt 0.626206 0.851328
f 888/1279/888 895/1280/895 890/1281/890
vt 0.651344 0.831338
vt 0.626206 0.851328
vt 0.651339 0.826766
f 889/1282/889 890/1283/890 891/1284/891
vt 0.000000 1.000000
vt 0.000000 1.000000
vt 0.000000 1.000000
f 889/1285/889 891/1286/891 883/1287/883
vt 0.626206 0.851328
vt 0.626199 0.838308
vt 0.651339 0.826766
f 890/1288/890 892/1289/892 891/1290/891
vt 0.626206 0.851328
vt 0.579748 0.866630
vt 0.626199 0.838308
f 890/1291/890 896/1292/896 892/1293/892
vt 0.000000 1.000000
vt 0.000000 1.000000
vt 0.000000 1.000000
f 891/1294/891 892/1295/892 885/1296/885
vt 0.000000 1.000000
vt 0.000000 1.000000
vt 0.000000 1.000000
f 892/1297/892 897/1298/897 884/1299/884
vt 0.579737 0.847145
vt 0.579748 0.866630
vt 0.626206 0.851328
f 893/1300/893 894/1301/894 886/1302/886
vt 0.579737 0.847145
vt 0.519024 0.851930
vt 0.579748 0.866630
f 893/1303/893 898/1304/898 894/1305/894
vt 0.000000 1.000000
vt 0.519038 0.874914
vt 0.519024 0.851930
f 893/1306/893 901/1307/901 902/1308/902
vt 0.000000 1.000000
vt 0.000000 1.000000
vt 0.000000 1.000000
f 893/1309/893 902/1310/902 898/1311/898
vt 0.579748 0.866630
vt 0.579751 0.873762
vt 0.626209 0.856093
f 894/1312/894 895/1313/895 888/1314/888
vt 0.579748 0.866630
vt 0.519038 0.874914
vt 0.579751 0.873762
f 894/1315/894 899/1316/899 895/1317/895
vt 0.579751 0.873762
vt 0.579748 0.866630
vt 0.626206 0.851328
f 895/1318/895 896/1319/896 890/1320/890
vt 0.579751 0.873762
vt 0.519044 0.883328
vt 0.579748 0.866630
f 895/1321/895 900/1322/900 896/1323/896
vt 0.579748 0.866630
vt 0.579737 0.847145
vt 0.626199 0.838308
f 896/1324/896 897/1325/897 892/1326/892
vt 0.579748 0.866630
vt 0.519038 0.874914
vt 0.579737 0.847145
f 896/1327/896 901/1328/901 897/1329/897
vt 0.579737 0.847145
vt 0.519038 0.874914
vt 0.000000 1.000000
f 897/1330/897 901/1331/901 893/1332/893
vt 0.519024 0.851930
vt 0.519038 0.874914
vt 0.579748 0.866630
f 898/1333/898 899/1334/899 894/1335/894
vt 0.519024 0.851930
vt 0.519007 0.820532
vt 0.404978 0.820537
f 898/1336/898 904/1337/904 903/1338/903
vt 0.519024 0.851930
vt 0.404994 0.851936
vt 0.519038 0.874914
f 898/1339/898 905/1340/905 899/1341/899
vt 0.000000 1.000000
vt 0.000000 1.000000
vt 0.000000 1.000000
f 898/1342/898 910/1343/910 904/1344/904
vt 0.519038 0.874914
vt 0.519044 0.883328
vt 0.579751 0.873762
f 899/1345/899 900/1346/900 895/1347/895
vt 0.519038 0.874914
vt 0.405008 0.874920
vt 0.519044 0.883328
f 899/1348/899 906/1349/906 900/1350/900
vt 0.519044 0.883328
vt 0.519038 0.874914
vt 0.579748 0.866630
f 900/1351/900 901/1352/901 896/1353/896
vt 0.519044 0.883328
vt 0.405012 0.883333
vt 0.519038 0.874914
f 900/1354/900 907/1355/907 901/1356/901
vt 0.519038 0.874914
vt 0.405008 0.874920
vt 0.519024 0.851930
f 901/1357/901 908/1358/908 902/1359/902
vt 0.519024 0.851930
vt 0.404994 0.851936
vt 0.519007 0.820532
f 902/1360/902 909/1361/909 910/1362/910
vt 0.000000 1.000000
vt 0.000000 1.000000
vt 0.000000 1.000000
f 902/1363/902 910/1364/910 898/1365/898
vt 0.404978 0.820537
vt 0.519007 0.820532
vt 0.404961 0.789140
f 903/1366/903 904/1367/904 921/1368/921
vt 0.404978 0.820537
vt 0.404994 0.851936
vt 0.519024 0.851930
f 903/1369/903 905/1370/905 898/1371/898
vt 0.404978 0.820537
vt 0.369532 0.820543
vt 0.404994 0.851936
f 903/1372/903 922/1373/922 905/1374/905
vt 0.404994 0.851936
vt 0.405008 0.874920
vt 0.519038 0.874914
f 905/1375/905 906/1376/906 899/1377/899
vt 0.404994 0.851936
vt 0.369541 0.847160
vt 0.405008 0.874920
f 905/1378/905 923/1379/923 906/1380/906
vt 0.405008 0.874920
vt 0.405012 0.883333
vt 0.519044 0.883328
f 906/1381/906 907/1382/907 900/1383/900
vt 0.405008 0.874920
vt 0.369547 0.866646
vt 0.405012 0.883333
f 906/1384/906 924/1385/924 907/1386/907
vt 0.405012 0.883333
vt 0.405008 0.874920
vt 0.519038 0.874914
f 907/1387/907 908/1388/908 901/1389/901
vt 0.405012 0.883333
vt 0.369549 0.873778
vt 0.405008 0.874920
f 907/1390/907 925/1391/925 908/1392/908
vt 0.405008 0.874920
vt 0.404994 0.851936
vt 0.519024 0.851930
f 908/1393/908 909/1394/909 902/1395/902
vt 0.405008 0.874920
vt 0.369547 0.866646
vt 0.404994 0.851936
f 908/1396/908 926/1397/926 909/1398/909
vt 0.404994 0.851936
vt 0.404978 0.820537
vt 0.519007 0.820532
f 909/1399/909 911/1400/911 910/1401/910
vt 0.404994 0.851936
vt 0.369541 0.847160
vt 0.404978 0.820537
f 909/1402/909 927/1403/927 911/1404/911
vt 0.519007 0.820532
vt 0.404978 0.820537
vt 0.518985 0.789134
f 910/1405/910 911/1406/911 912/1407/912
vt 0.000000 1.000000
vt 0.000000 1.000000
vt 0.000000 1.000000
f 910/1408/910 912/1409/912 904/1410/904
vt 0.404978 0.820537
vt 0.404961 0.789140
vt 0.518985 0.789134
f 911/1411/911 913/1412/913 912/1413/912
vt 0.404978 0.820537
vt 0.369532 0.820543
vt 0.404961 0.789140
f 911/1414/911 928/1415/928 913/1416/913
vt 0.518985 0.789134
vt 0.404961 0.789140
vt 0.518974 0.766149
f 912/1417/912 913/1418/913 914/1419/914
vt 0.000000 1.000000
vt 0.000000 1.000000
vt 0.000000 1.000000
f 912/1420/912 918/1421/918 920/1422/920
vt 0.000000 1.000000
vt 0.000000 1.000000
vt 0.000000 1.000000
f 912/1423/912 920/1424/920 904/1425/904
vt 0.404961 0.789140
vt 0.404947 0.766155
vt 0.518974 0.766149
f 913/1426/913 915/1427/915 914/1428/914
vt 0.404961 0.789140
vt 0.369525 0.793925
vt 0.404947 0.766155
f 913/1429/913 929/1430/929 915/1431/915
vt 0.518974 0.766149
vt 0.404947 0.766155
vt 0.518969 0.757736
f 914/1432/914 915/1433/915 916/1434/916
vt 0.000000 1.000000
vt 0.000000 1.000000
vt 0.000000 1.000000
f 914/1435/914 918/1436/918 912/1437/912
vt 0.404947 0.766155
vt 0.404945 0.757742
vt 0.518969 0.757736
f 915/1438/915 917/1439/917 916/1440/916
vt 0.404947 0.766155
vt 0.369520 0.774439
vt 0.404945 0.757742
f 915/1441/915 930/1442/930 917/1443/917
vt 0.518969 0.757736
vt 0.404945 0.757742
vt 0.518974 0.766149
f 916/1444/916 917/1445/917 918/1446/918
vt 0.000000 1.000000
vt 0.000000 1.000000
vt 0.000000 1.000000
f 916/1447/916 918/1448/918 914/1449/914
vt 0.404945 0.757742
vt 0.404947 0.766155
vt 0.518974 0.766149
f 917/1450/917 919/1451/919 918/1452/918
vt 0.404945 0.757742
vt 0.369516 0.767307
vt 0.404947 0.766155
f 917/1453/917 931/1454/931 919/1455/919
vt 0.518974 0.766149
vt 0.404947 0.766155
vt 0.518985 0.789134
f 918/1456/918 919/1457/919 920/1458/920
vt 0.404947 0.766155
vt 0.404961 0.789140
vt 0.518985 0.789134
f 919/1459/919 921/1460/921 920/1461/920
vt 0.404947 0.766155
vt 0.369520 0.774439
vt 0.404961 0.789140
f 919/1462/919 932/1463/932 921/1464/921
vt 0.518985 0.789134
vt 0.404961 0.789140
vt 0.519007 0.820532
f 920/1465/920 921/1466/921 904/1467/904
vt 0.404961 0.789140
vt 0.369525 0.793925
vt 0.404978 0.820537
f 921/1468/921 933/1469/933 903/1470/903
vt 0.369532 0.820543
vt 0.369541 0.847160
vt 0.404994 0.851936
f 922/1471/922 923/1472/923 905/1473/905
vt 0.991518 0.054179
vt 0.939621 0.054211
vt 0.984616 0.028418
f 922/1474/922 934/1475/934 923/1476/923
vt 0.369541 0.847160
vt 0.369547 0.866646
vt 0.405008 0.874920
f 923/1477/923 924/1478/924 906/1479/906
vt 0.984616 0.028418
vt 0.939621 0.054211
vt 0.965757 0.009558
f 923/1480/923 934/1481/934 924/1482/924
vt 0.369547 0.866646
vt 0.369549 0.873778
vt 0.405012 0.883333
f 924/1483/924 925/1484/925 907/1485/907
vt 0.965757 0.009558
vt 0.939621 0.054211
vt 0.939995 0.002656
f 924/1486/924 934/1487/934 925/1488/925
vt 0.369549 0.873778
vt 0.369547 0.866646
vt 0.405008 0.874920
f 925/1489/925 926/1490/926 908/1491/908
vt 0.939995 0.002656
vt 0.939621 0.054211
vt 0.914233 0.009558
f 925/1492/925 934/1493/934 926/1494/926
vt 0.369547 0.866646
vt 0.369541 0.847160
vt 0.404994 0.851936
f 926/1495/926 927/1496/927 909/1497/909
vt 0.914233 0.009558
vt 0.939621 0.054211
vt 0.895375 0.028418
f 926/1498/926 934/1499/934 927/1500/927
vt 0.369541 0.847160
vt 0.369532 0.820543
vt 0.404978 0.820537
f 927/1501/927 928/1502/928 911/1503/911
vt 0.895375 0.028418
vt 0.939621 0.054211
vt 0.888472 0.054179
f 927/1504/927 934/1505/934 928/1506/928
vt 0.369532 0.820543
vt 0.369525 0.793925
vt 0.404961 0.789140
f 928/1507/928 929/1508/929 913/1509/913
vt 0.888472 0.054179
vt 0.939621 0.054211
vt 0.895375 0.079941
f 928/1510/928 934/1511/934 929/1512/929
vt 0.369525 0.793925
vt 0.369520 0.774439
vt 0.404947 0.766155
f 929/1513/929 930/1514/930 915/1515/915
vt 0.895375 0.079941
vt 0.939621 0.054211
vt 0.914233 0.098799
f 929/1516/929 934/1517/934 930/1518/930
vt 0.369520 0.774439
vt 0.369516 0.767307
vt 0.404945 0.757742
f 930/1519/930 931/1520/931 917/1521/917
vt 0.914233 0.098799
vt 0.939621 0.054211
vt 0.939995 0.105702
f 930/1522/930 934/1523/934 931/1524/931
vt 0.369516 0.767307
vt 0.369520 0.774439
vt 0.404947 0.766155
f 931/1525/931 932/1526/932 919/1527/919
vt 0.939995 0.105702
vt 0.939621 0.054211
vt 0.965757 0.098799
f 931/1528/931 934/1529/934 932/1530/932
vt 0.369520 0.774439
vt 0.369525 0.793925
vt 0.404961 0.789140
f 932/1531/932 933/1532/933 921/1533/921
vt 0.965757 0.098799
vt 0.939621 0.054211
vt 0.984616 0.079941
f 932/1534/932 934/1535/934 933/1536/933
vt 0.369525 0.793925
vt 0.369532 0.820543
vt 0.404978 0.820537
f 933/1537/933 922/1538/922 903/1539/903
vt 0.984616 0.079941
vt 0.939621 0.054211
vt 0.991518 0.054179
f 933/1540/933 934/1541/934 922/1542/922
vt 0.651339 0.826766
vt 0.626206 0.851328
vt 0.626199 0.838308
f 831/1543/831 834/1544/834 832/1545/832
vt 0.000000 1.000000
vt 0.000000 1.000000
vt 0.000000 1.000000
f 831/1546/831 839/1547/839 833/1548/833
vt 0.000000 1.000000
vt 0.000000 1.000000
vt 0.000000 1.000000
f 832/1549/832 840/1550/840 831/1551/831
vt 0.626199 0.838308
vt 0.579748 0.866630
vt 0.579737 0.847145
f 832/1552/832 842/1553/842 841/1554/841
vt 0.000000 1.000000
vt 0.000000 1.000000
vt 0.000000 1.000000
f 832/1555/832 845/1556/845 840/1557/840
vt 0.651344 0.831338
vt 0.626206 0.851328
vt 0.651339 0.826766
f 833/1558/833 834/1559/834 831/1560/831
vt 0.651344 0.831338
vt 0.626209 0.856093
vt 0.626206 0.851328
f 833/1561/833 836/1562/836 834/1563/834
vt 0.000000 1.000000
vt 0.000000 1.000000
vt 0.000000 1.000000
f 833/1564/833 839/1565/839 835/1566/835
vt 0.626206 0.851328
vt 0.579748 0.866630
vt 0.626199 0.838308
f 834/1567/834 842/1568/842 832/1569/832
vt 0.626206 0.851328
vt 0.579751 0.873762
vt 0.579748 0.866630
f 834/1570/834 843/1571/843 842/1572/842
vt 0.651343 0.833011
vt 0.626209 0.856093
vt 0.651344 0.831338
f 835/1573/835 836/1574/836 833/1575/833
vt 0.651343 0.833011
vt 0.651344 0.831338
vt 0.626209 0.856093
f 835/1576/835 837/1577/837 836/1578/836
vt 0.000000 1.000000
vt 0.000000 1.000000
vt 0.000000 1.000000
f 835/1579/835 839/1580/839 837/1581/837
vt 0.626209 0.856093
vt 0.651344 0.831338
vt 0.626206 0.851328
f 836/1582/836 837/1583/837 838/1584/838
vt 0.626209 0.856093
vt 0.579751 0.873762
vt 0.626206 0.851328
f 836/1585/836 843/1586/843 834/1587/834
vt 0.651344 0.831338
vt 0.651339 0.826766
vt 0.626206 0.851328
f 837/1588/837 839/1589/839 838/1590/838
vt 0.626206 0.851328
vt 0.651339 0.826766
vt 0.626199 0.838308
f 838/1591/838 839/1592/839 840/1593/840
vt 0.626206 0.851328
vt 0.579751 0.873762
vt 0.626209 0.856093
f 838/1594/838 843/1595/843 836/1596/836
vt 0.000000 1.000000
vt 0.000000 1.000000
vt 0.000000 1.000000
f 840/1597/840 839/1598/839 831/1599/831
vt 0.626199 0.838308
vt 0.579748 0.866630
vt 0.626206 0.851328
f 840/1600/840 844/1601/844 838/1602/838
vt 0.000000 1.000000
vt 0.000000 1.000000
vt 0.000000 1.000000
f 841/1603/841 845/1604/845 832/1605/832
vt 0.579737 0.847145
vt 0.519038 0.874914
vt 0.519024 0.851930
f 841/1606/841 847/1607/847 846/1608/846
vt 0.000000 1.000000
vt 0.000000 1.000000
vt 0.000000 1.000000
f 841/1609/841 850/1610/850 845/1611/845
vt 0.579748 0.866630
vt 0.519038 0.874914
vt 0.579737 0.847145
f 842/1612/842 847/1613/847 841/1614/841
vt 0.579748 0.866630
vt 0.519044 0.883328
vt 0.519038 0.874914
f 842/1615/842 848/1616/848 847/1617/847
vt 0.579751 0.873762
vt 0.519044 0.883328
vt 0.579748 0.866630
f 843/1618/843 848/1619/848 842/1620/842
vt 0.579748 0.866630
vt 0.579751 0.873762
vt 0.626206 0.851328
f 844/1621/844 843/1622/843 838/1623/838
vt 0.579748 0.866630
vt 0.519044 0.883328
vt 0.579751 0.873762
f 844/1624/844 848/1625/848 843/1626/843
vt 0.579737 0.847145
vt 0.579748 0.866630
vt 0.626199 0.838308
f 845/1627/845 844/1628/844 840/1629/840
vt 0.579737 0.847145
vt 0.519038 0.874914
vt 0.579748 0.866630
f 845/1630/845 849/1631/849 844/1632/844
vt 0.000000 1.000000
vt 0.000000 1.000000
vt 0.000000 1.000000
f 846/1633/846 850/1634/850 841/1635/841
vt 0.519024 0.851930
vt 0.404994 0.851936
vt 0.519007 0.820532
f 846/1636/846 853/1637/853 851/1638/851
vt 0.519024 0.851930
vt 0.405008 0.874920
vt 0.404994 0.851936
f 846/1639/846 854/1640/854 853/1641/853
vt 0.000000 1.000000
vt 0.000000 1.000000
vt 0.000000 1.000000
f 846/1642/846 858/1643/858 850/1644/850
vt 0.519038 0.874914
vt 0.405008 0.874920
vt 0.519024 0.851930
f 847/1645/847 854/1646/854 846/1647/846
vt 0.519038 0.874914
vt 0.405012 0.883333
vt 0.405008 0.874920
f 847/1648/847 855/1649/855 854/1650/854
vt 0.519044 0.883328
vt 0.405012 0.883333
vt 0.519038 0.874914
f 848/1651/848 855/1652/855 847/1653/847
vt 0.519038 0.874914
vt 0.519044 0.883328
vt 0.579748 0.866630
f 849/1654/849 848/1655/848 844/1656/844
vt 0.519038 0.874914
vt 0.405012 0.883333
vt 0.519044 0.883328
f 849/1657/849 855/1658/855 848/1659/848
vt 0.519024 0.851930
vt 0.519038 0.874914
vt 0.579737 0.847145
f 850/1660/850 849/1661/849 845/1662/845
vt 0.519024 0.851930
vt 0.405008 0.874920
vt 0.519038 0.874914
f 850/1663/850 856/1664/856 849/1665/849
vt 0.519024 0.851930
vt 0.519007 0.820532
vt 0.404994 0.851936
f 850/1666/850 858/1667/858 857/1668/857
vt 0.519007 0.820532
vt 0.404994 0.851936
vt 0.404978 0.820537
f 851/1669/851 853/1670/853 852/1671/852
vt 0.000000 1.000000
vt 0.000000 1.000000
vt 0.000000 1.000000
f 851/1672/851 858/1673/858 846/1674/846
vt 0.000000 1.000000
vt 0.000000 1.000000
vt 0.000000 1.000000
f 851/1675/851 860/1676/860 858/1677/858
vt 0.000000 1.000000
vt 0.000000 1.000000
vt 0.000000 1.000000
f 851/1678/851 868/1679/868 860/1680/860
vt 0.404978 0.820537
vt 0.518985 0.789134
vt 0.519007 0.820532
f 852/1681/852 868/1682/868 851/1683/851
vt 0.404978 0.820537
vt 0.369525 0.793925
vt 0.404961 0.789140
f 852/1684/852 881/1685/881 869/1686/869
vt 0.404994 0.851936
vt 0.369532 0.820543
vt 0.404978 0.820537
f 853/1687/853 870/1688/870 852/1689/852
vt 0.405008 0.874920
vt 0.369541 0.847160
vt 0.404994 0.851936
f 854/1690/854 871/1691/871 853/1692/853
vt 0.405012 0.883333
vt 0.369547 0.866646
vt 0.405008 0.874920
f 855/1693/855 872/1694/872 854/1695/854
vt 0.405012 0.883333
vt 0.369547 0.866646
vt 0.369549 0.873778
f 855/1696/855 874/1697/874 873/1698/873
vt 0.405008 0.874920
vt 0.405012 0.883333
vt 0.519038 0.874914
f 856/1699/856 855/1700/855 849/1701/849
vt 0.405008 0.874920
vt 0.369547 0.866646
vt 0.405012 0.883333
f 856/1702/856 874/1703/874 855/1704/855
vt 0.405008 0.874920
vt 0.369541 0.847160
vt 0.369547 0.866646
f 856/1705/856 875/1706/875 874/1707/874
vt 0.404994 0.851936
vt 0.405008 0.874920
vt 0.519024 0.851930
f 857/1708/857 856/1709/856 850/1710/850
vt 0.404994 0.851936
vt 0.519007 0.820532
vt 0.404978 0.820537
f 857/1711/857 858/1712/858 859/1713/859
vt 0.404994 0.851936
vt 0.369541 0.847160
vt 0.405008 0.874920
f 857/1714/857 875/1715/875 856/1716/856
vt 0.404994 0.851936
vt 0.369532 0.820543
vt 0.369541 0.847160
f 857/1717/857 876/1718/876 875/1719/875
vt 0.519007 0.820532
vt 0.518985 0.789134
vt 0.404978 0.820537
f 858/1720/858 860/1721/860 859/1722/859
vt 0.404978 0.820537
vt 0.518985 0.789134
vt 0.404961 0.789140
f 859/1723/859 860/1724/860 861/1725/861
vt 0.404978 0.820537
vt 0.369532 0.820543
vt 0.404994 0.851936
f 859/1726/859 876/1727/876 857/1728/857
vt 0.404978 0.820537
vt 0.369525 0.793925
vt 0.369532 0.820543
f 859/1729/859 877/1730/877 876/1731/876
vt 0.518985 0.789134
vt 0.518974 0.766149
vt 0.404961 0.789140
f 860/1732/860 862/1733/862 861/1734/861
vt 0.000000 1.000000
vt 0.000000 1.000000
vt 0.000000 1.000000
f 860/1735/860 868/1736/868 862/1737/862
vt 0.404961 0.789140
vt 0.518974 0.766149
vt 0.404947 0.766155
f 861/1738/861 862/1739/862 863/1740/863
vt 0.404961 0.789140
vt 0.369525 0.793925
vt 0.404978 0.820537
f 861/1741/861 877/1742/877 859/1743/859
vt 0.404961 0.789140
vt 0.369520 0.774439
vt 0.369525 0.793925
f 861/1744/861 878/1745/878 877/1746/877
vt 0.518974 0.766149
vt 0.518969 0.757736
vt 0.404947 0.766155
f 862/1747/862 864/1748/864 863/1749/863
vt 0.000000 1.000000
vt 0.000000 1.000000
vt 0.000000 1.000000
f 862/1750/862 866/1751/866 864/1752/864
vt 0.000000 1.000000
vt 0.000000 1.000000
vt 0.000000 1.000000
f 862/1753/862 868/1754/868 866/1755/866
vt 0.404947 0.766155
vt 0.518969 0.757736
vt 0.404945 0.757742
f 863/1756/863 864/1757/864 865/1758/865
vt 0.404947 0.766155
vt 0.369520 0.774439
vt 0.404961 0.789140
f 863/1759/863 878/1760/878 861/1761/861
vt 0.404947 0.766155
vt 0.369516 0.767307
vt 0.369520 0.774439
f 863/1762/863 879/1763/879 878/1764/878
vt 0.518969 0.757736
vt 0.404947 0.766155
vt 0.404945 0.757742
f 864/1765/864 867/1766/867 865/1767/865
vt 0.404945 0.757742
vt 0.369516 0.767307
vt 0.404947 0.766155
f 865/1768/865 879/1769/879 863/1770/863
vt 0.518974 0.766149
vt 0.404947 0.766155
vt 0.518969 0.757736
f 866/1771/866 867/1772/867 864/1773/864
vt 0.518974 0.766149
vt 0.404961 0.789140
vt 0.404947 0.766155
f 866/1774/866 869/1775/869 867/1776/867
vt 0.404947 0.766155
vt 0.369516 0.767307
vt 0.404945 0.757742
f 867/1777/867 879/1778/879 865/1779/865
vt 0.518985 0.789134
vt 0.404961 0.789140
vt 0.518974 0.766149
f 868/1780/868 869/1781/869 866/1782/866
vt 0.404961 0.789140
vt 0.518985 0.789134
vt 0.404978 0.820537
f 869/1783/869 868/1784/868 852/1785/852
vt 0.404961 0.789140
vt 0.369520 0.774439
vt 0.404947 0.766155
f 869/1786/869 880/1787/880 867/1788/867
vt 0.369532 0.820543
vt 0.369525 0.793925
vt 0.404978 0.820537
f 870/1789/870 881/1790/881 852/1791/852
vt 0.991518 0.054179
vt 0.939621 0.054211
vt 0.984616 0.079941
f 870/1792/870 882/1793/882 881/1794/881
vt 0.369541 0.847160
vt 0.369532 0.820543
vt 0.404994 0.851936
f 871/1795/871 870/1796/870 853/1797/853
vt 0.984616 0.028418
vt 0.939621 0.054211
vt 0.991518 0.054179
f 871/1798/871 882/1799/882 870/1800/870
vt 0.369547 0.866646
vt 0.369541 0.847160
vt 0.405008 0.874920
f 872/1801/872 871/1802/871 854/1803/854
vt 0.965757 0.009558
vt 0.939621 0.054211
vt 0.984616 0.028418
f 872/1804/872 882/1805/882 871/1806/871
vt 0.369549 0.873778
vt 0.369547 0.866646
vt 0.405012 0.883333
f 873/1807/873 872/1808/872 855/1809/855
vt 0.939995 0.002656
vt 0.939621 0.054211
vt 0.965757 0.009558
f 873/1810/873 882/1811/882 872/1812/872
vt 0.914233 0.009558
vt 0.939621 0.054211
vt 0.939995 0.002656
f 874/1813/874 882/1814/882 873/1815/873
vt 0.895375 0.028418
vt 0.939621 0.054211
vt 0.914233 0.009558
f 875/1816/875 882/1817/882 874/1818/874
vt 0.888472 0.054179
vt 0.939621 0.054211
vt 0.895375 0.028418
f 876/1819/876 882/1820/882 875/1821/875
vt 0.895375 0.079941
vt 0.939621 0.054211
vt 0.888472 0.054179
f 877/1822/877 882/1823/882 876/1824/876
vt 0.914233 0.098799
vt 0.939621 0.054211
vt 0.895375 0.079941
f 878/1825/878 882/1826/882 877/1827/877
vt 0.939995 0.105702
vt 0.939621 0.054211
vt 0.914233 0.098799
f 879/1828/879 882/1829/882 878/1830/878
vt 0.369520 0.774439
vt 0.369516 0.767307
vt 0.404947 0.766155
f 880/1831/880 879/1832/879 867/1833/867
vt 0.965757 0.098799
vt 0.939621 0.054211
vt 0.939995 0.105702
f 880/1834/880 882/1835/882 879/1836/879
vt 0.369525 0.793925
vt 0.369520 0.774439
vt 0.404961 0.789140
f 881/1837/881 880/1838/880 869/1839/869
vt 0.984616 0.079941
vt 0.939621 0.054211
vt 0.965757 0.098799
f 881/1840/881 882/1841/882 880/1842/880
vt 0.651337 0.820521
vt 0.626199 0.838308
vt 0.626188 0.820522
f 757/1843/757 760/1844/760 758/1845/758
vt 0.651337 0.820521
vt 0.654573 0.820520
vt 0.651339 0.826766
f 757/1846/757 829/1847/829 759/1848/759
vt 0.626188 0.820522
vt 0.651332 0.814275
vt 0.651337 0.820521
f 758/1849/758 779/1850/779 757/1851/757
vt 0.626188 0.820522
vt 0.579720 0.820527
vt 0.626177 0.802737
f 758/1852/758 781/1853/781 780/1854/780
vt 0.626188 0.820522
vt 0.579737 0.847145
vt 0.579720 0.820527
f 758/1855/758 782/1856/782 781/1857/781
vt 0.651339 0.826766
vt 0.626199 0.838308
vt 0.651337 0.820521
f 759/1858/759 760/1859/760 757/1860/757
vt 0.651339 0.826766
vt 0.626206 0.851328
vt 0.626199 0.838308
f 759/1861/759 762/1862/762 760/1863/760
vt 0.651339 0.826766
vt 0.654573 0.820520
vt 0.651344 0.831338
f 759/1864/759 829/1865/829 761/1866/761
vt 0.626199 0.838308
vt 0.579737 0.847145
vt 0.626188 0.820522
f 760/1867/760 782/1868/782 758/1869/758
vt 0.626199 0.838308
vt 0.579748 0.866630
vt 0.579737 0.847145
f 760/1870/760 783/1871/783 782/1872/782
vt 0.651344 0.831338
vt 0.626206 0.851328
vt 0.651339 0.826766
f 761/1873/761 762/1874/762 759/1875/759
vt 0.651344 0.831338
vt 0.626209 0.856093
vt 0.626206 0.851328
f 761/1876/761 764/1877/764 762/1878/762
vt 0.651344 0.831338
vt 0.654573 0.820520
vt 0.651343 0.833011
f 761/1879/761 829/1880/829 763/1881/763
vt 0.626206 0.851328
vt 0.579748 0.866630
vt 0.626199 0.838308
f 762/1882/762 783/1883/783 760/1884/760
vt 0.626206 0.851328
vt 0.579751 0.873762
vt 0.579748 0.866630
f 762/1885/762 784/1886/784 783/1887/783
vt 0.651343 0.833011
vt 0.626209 0.856093
vt 0.651344 0.831338
f 763/1888/763 764/1889/764 761/1890/761
vt 0.651343 0.833011
vt 0.651344 0.831338
vt 0.626209 0.856093
f 763/1891/763 765/1892/765 764/1893/764
vt 0.651343 0.833011
vt 0.654573 0.820520
vt 0.651344 0.831338
f 763/1894/763 829/1895/829 765/1896/765
vt 0.626209 0.856093
vt 0.651344 0.831338
vt 0.626206 0.851328
f 764/1897/764 765/1898/765 766/1899/766
vt 0.626209 0.856093
vt 0.579751 0.873762
vt 0.626206 0.851328
f 764/1900/764 784/1901/784 762/1902/762
vt 0.651344 0.831338
vt 0.651339 0.826766
vt 0.626206 0.851328
f 765/1903/765 767/1904/767 766/1905/766
vt 0.651344 0.831338
vt 0.654573 0.820520
vt 0.651339 0.826766
f 765/1906/765 829/1907/829 767/1908/767
vt 0.626206 0.851328
vt 0.651339 0.826766
vt 0.626199 0.838308
f 766/1909/766 767/1910/767 768/1911/768
vt 0.626206 0.851328
vt 0.579751 0.873762
vt 0.626209 0.856093
f 766/1912/766 784/1913/784 764/1914/764
vt 0.651339 0.826766
vt 0.651337 0.820521
vt 0.626199 0.838308
f 767/1915/767 769/1916/769 768/1917/768
vt 0.651339 0.826766
vt 0.654573 0.820520
vt 0.651337 0.820521
f 767/1918/767 829/1919/829 769/1920/769
vt 0.626199 0.838308
vt 0.651337 0.820521
vt 0.626188 0.820522
f 768/1921/768 769/1922/769 770/1923/770
vt 0.626199 0.838308
vt 0.579748 0.866630
vt 0.626206 0.851328
f 768/1924/768 785/1925/785 766/1926/766
vt 0.651337 0.820521
vt 0.651332 0.814275
vt 0.626188 0.820522
f 769/1927/769 771/1928/771 770/1929/770
vt 0.651337 0.820521
vt 0.654573 0.820520
vt 0.651332 0.814275
f 769/1930/769 829/1931/829 771/1932/771
vt 0.626188 0.820522
vt 0.651332 0.814275
vt 0.626177 0.802737
f 770/1933/770 771/1934/771 772/1935/772
vt 0.626188 0.820522
vt 0.579737 0.847145
vt 0.626199 0.838308
f 770/1936/770 786/1937/786 768/1938/768
vt 0.651332 0.814275
vt 0.651332 0.809703
vt 0.626177 0.802737
f 771/1939/771 773/1940/773 772/1941/772
vt 0.651332 0.814275
vt 0.654573 0.820520
vt 0.651332 0.809703
f 771/1942/771 829/1943/829 773/1944/773
vt 0.626177 0.802737
vt 0.651332 0.809703
vt 0.626169 0.789717
f 772/1945/772 773/1946/773 774/1947/774
vt 0.626177 0.802737
vt 0.579720 0.820527
vt 0.626188 0.820522
f 772/1948/772 787/1949/787 770/1950/770
vt 0.651332 0.809703
vt 0.626169 0.784951
vt 0.626169 0.789717
f 773/1951/773 776/1952/776 774/1953/774
vt 0.651332 0.809703
vt 0.654573 0.820520
vt 0.651333 0.808030
f 773/1954/773 829/1955/829 775/1956/775
vt 0.626169 0.789717
vt 0.579704 0.793909
vt 0.626177 0.802737
f 774/1957/774 788/1958/788 772/1959/772
vt 0.651333 0.808030
vt 0.626169 0.784951
vt 0.651332 0.809703
f 775/1960/775 776/1961/776 773/1962/773
vt 0.651333 0.808030
vt 0.651332 0.809703
vt 0.626169 0.784951
f 775/1963/775 777/1964/777 776/1965/776
vt 0.651333 0.808030
vt 0.654573 0.820520
vt 0.651332 0.809703
f 775/1966/775 829/1967/829 777/1968/777
vt 0.626169 0.784951
vt 0.651332 0.809703
vt 0.626169 0.789717
f 776/1969/776 777/1970/777 778/1971/778
vt 0.626169 0.784951
vt 0.579691 0.774423
vt 0.626169 0.789717
f 776/1972/776 789/1973/789 774/1974/774
vt 0.626169 0.784951
vt 0.579691 0.774423
vt 0.579685 0.767291
f 776/1975/776 791/1976/791 790/1977/790
vt 0.651332 0.809703
vt 0.626177 0.802737
vt 0.626169 0.789717
f 777/1978/777 780/1979/780 778/1980/778
vt 0.651332 0.809703
vt 0.654573 0.820520
vt 0.651332 0.814275
f 777/1981/777 829/1982/829 779/1983/779
vt 0.626169 0.789717
vt 0.579691 0.774423
vt 0.626169 0.784951
f 778/1984/778 791/1985/791 776/1986/776
vt 0.626169 0.789717
vt 0.579704 0.793909
vt 0.579691 0.774423
f 778/1987/778 792/1988/792 791/1989/791
vt 0.651332 0.814275
vt 0.626177 0.802737
vt 0.651332 0.809703
f 779/1990/779 780/1991/780 777/1992/777
vt 0.651332 0.814275
vt 0.654573 0.820520
vt 0.651337 0.820521
f 779/1993/779 829/1994/829 757/1995/757
vt 0.626177 0.802737
vt 0.651332 0.814275
vt 0.626188 0.820522
f 780/1996/780 779/1997/779 758/1998/758
vt 0.626177 0.802737
vt 0.579720 0.820527
vt 0.579704 0.793909
f 780/1999/780 781/2000/781 792/2001/792
vt 0.626177 0.802737
vt 0.579704 0.793909
vt 0.626169 0.789717
f 780/2002/780 792/2003/792 778/2004/778
vt 0.579720 0.820527
vt 0.519007 0.820532
vt 0.579704 0.793909
f 781/2005/781 793/2006/793 792/2007/792
vt 0.579720 0.820527
vt 0.519024 0.851930
vt 0.519007 0.820532
f 781/2008/781 794/2009/794 793/2010/793
vt 0.579737 0.847145
vt 0.519024 0.851930
vt 0.579720 0.820527
f 782/2011/782 794/2012/794 781/2013/781
vt 0.579737 0.847145
vt 0.519038 0.874914
vt 0.519024 0.851930
f 782/2014/782 795/2015/795 794/2016/794
vt 0.579748 0.866630
vt 0.519038 0.874914
vt 0.579737 0.847145
f 783/2017/783 795/2018/795 782/2019/782
vt 0.579748 0.866630
vt 0.519044 0.883328
vt 0.519038 0.874914
f 783/2020/783 796/2021/796 795/2022/795
vt 0.579751 0.873762
vt 0.519044 0.883328
vt 0.579748 0.866630
f 784/2023/784 796/2024/796 783/2025/783
vt 0.579748 0.866630
vt 0.579751 0.873762
vt 0.626206 0.851328
f 785/2026/785 784/2027/784 766/2028/766
vt 0.579748 0.866630
vt 0.519044 0.883328
vt 0.579751 0.873762
f 785/2029/785 796/2030/796 784/2031/784
vt 0.579737 0.847145
vt 0.579748 0.866630
vt 0.626199 0.838308
f 786/2032/786 785/2033/785 768/2034/768
vt 0.579737 0.847145
vt 0.519038 0.874914
vt 0.579748 0.866630
f 786/2035/786 797/2036/797 785/2037/785
vt 0.579720 0.820527
vt 0.579737 0.847145
vt 0.626188 0.820522
f 787/2038/787 786/2039/786 770/2040/770
vt 0.579720 0.820527
vt 0.519024 0.851930
vt 0.579737 0.847145
f 787/2041/787 798/2042/798 786/2043/786
vt 0.579704 0.793909
vt 0.579720 0.820527
vt 0.626177 0.802737
f 788/2044/788 787/2045/787 772/2046/772
vt 0.579704 0.793909
vt 0.519007 0.820532
vt 0.579720 0.820527
f 788/2047/788 799/2048/799 787/2049/787
vt 0.579691 0.774423
vt 0.579704 0.793909
vt 0.626169 0.789717
f 789/2050/789 788/2051/788 774/2052/774
vt 0.579691 0.774423
vt 0.518985 0.789134
vt 0.579704 0.793909
f 789/2053/789 800/2054/800 788/2055/788
vt 0.579685 0.767291
vt 0.579691 0.774423
vt 0.626169 0.784951
f 790/2056/790 789/2057/789 776/2058/776
vt 0.579685 0.767291
vt 0.518974 0.766149
vt 0.579691 0.774423
f 790/2059/790 801/2060/801 789/2061/789
vt 0.579685 0.767291
vt 0.518974 0.766149
vt 0.518969 0.757736
f 790/2062/790 803/2063/803 802/2064/802
vt 0.579691 0.774423
vt 0.518974 0.766149
vt 0.579685 0.767291
f 791/2065/791 803/2066/803 790/2067/790
vt 0.579691 0.774423
vt 0.518985 0.789134
vt 0.518974 0.766149
f 791/2068/791 804/2069/804 803/2070/803
vt 0.579704 0.793909
vt 0.519007 0.820532
vt 0.518985 0.789134
f 792/2071/792 793/2072/793 804/2073/804
vt 0.579704 0.793909
vt 0.518985 0.789134
vt 0.579691 0.774423
f 792/2074/792 804/2075/804 791/2076/791
vt 0.519007 0.820532
vt 0.404978 0.820537
vt 0.518985 0.789134
f 793/2077/793 805/2078/805 804/2079/804
vt 0.519007 0.820532
vt 0.404994 0.851936
vt 0.404978 0.820537
f 793/2080/793 806/2081/806 805/2082/805
vt 0.519024 0.851930
vt 0.404994 0.851936
vt 0.519007 0.820532
f 794/2083/794 806/2084/806 793/2085/793
vt 0.519024 0.851930
vt 0.405008 0.874920
vt 0.404994 0.851936
f 794/2086/794 807/2087/807 806/2088/806
vt 0.519038 0.874914
vt 0.405008 0.874920
vt 0.519024 0.851930
f 795/2089/795 807/2090/807 794/2091/794
vt 0.519038 0.874914
vt 0.405012 0.883333
vt 0.405008 0.874920
f 795/2092/795 808/2093/808 807/2094/807
vt 0.519044 0.883328
vt 0.405012 0.883333
vt 0.519038 0.874914
f 796/2095/796 808/2096/808 795/2097/795
vt 0.519038 0.874914
vt 0.519044 0.883328
vt 0.579748 0.866630
f 797/2098/797 796/2099/796 785/2100/785
vt 0.519038 0.874914
vt 0.405012 0.883333
vt 0.519044 0.883328
f 797/2101/797 808/2102/808 796/2103/796
vt 0.519024 0.851930
vt 0.519038 0.874914
vt 0.579737 0.847145
f 798/2104/798 797/2105/797 786/2106/786
vt 0.519024 0.851930
vt 0.405008 0.874920
vt 0.519038 0.874914
f 798/2107/798 809/2108/809 797/2109/797
vt 0.519007 0.820532
vt 0.519024 0.851930
vt 0.579720 0.820527
f 799/2110/799 798/2111/798 787/2112/787
vt 0.519007 0.820532
vt 0.404994 0.851936
vt 0.519024 0.851930
f 799/2113/799 810/2114/810 798/2115/798
vt 0.518985 0.789134
vt 0.519007 0.820532
vt 0.579704 0.793909
f 800/2116/800 799/2117/799 788/2118/788
vt 0.518985 0.789134
vt 0.404978 0.820537
vt 0.519007 0.820532
f 800/2119/800 811/2120/811 799/2121/799
vt 0.518974 0.766149
vt 0.518985 0.789134
vt 0.579691 0.774423
f 801/2122/801 800/2123/800 789/2124/789
vt 0.518974 0.766149
vt 0.404961 0.789140
vt 0.518985 0.789134
f 801/2125/801 812/2126/812 800/2127/800
vt 0.518969 0.757736
vt 0.518974 0.766149
vt 0.579685 0.767291
f 802/2128/802 801/2129/801 790/2130/790
vt 0.518969 0.757736
vt 0.404947 0.766155
vt 0.518974 0.766149
f 802/2131/802 813/2132/813 801/2133/801
vt 0.518969 0.757736
vt 0.404947 0.766155
vt 0.404945 0.757742
f 802/2134/802 815/2135/815 814/2136/814
vt 0.518974 0.766149
vt 0.404947 0.766155
vt 0.518969 0.757736
f 803/2137/803 815/2138/815 802/2139/802
vt 0.518974 0.766149
vt 0.404961 0.789140
vt 0.404947 0.766155
f 803/2140/803 816/2141/816 815/2142/815
vt 0.518985 0.789134
vt 0.404978 0.820537
vt 0.404961 0.789140
f 804/2143/804 805/2144/805 816/2145/816
vt 0.518985 0.789134
vt 0.404961 0.789140
vt 0.518974 0.766149
f 804/2146/804 816/2147/816 803/2148/803
vt 0.404978 0.820537
vt 0.369525 0.793925
vt 0.404961 0.789140
f 805/2149/805 828/2150/828 816/2151/816
vt 0.404994 0.851936
vt 0.369532 0.820543
vt 0.404978 0.820537
f 806/2152/806 817/2153/817 805/2154/805
vt 0.405008 0.874920
vt 0.369541 0.847160
vt 0.404994 0.851936
f 807/2155/807 818/2156/818 806/2157/806
vt 0.405012 0.883333
vt 0.369547 0.866646
vt 0.405008 0.874920
f 808/2158/808 819/2159/819 807/2160/807
vt 0.405012 0.883333
vt 0.369547 0.866646
vt 0.369549 0.873778
f 808/2161/808 821/2162/821 820/2163/820
vt 0.405008 0.874920
vt 0.405012 0.883333
vt 0.519038 0.874914
f 809/2164/809 808/2165/808 797/2166/797
vt 0.405008 0.874920
vt 0.369547 0.866646
vt 0.405012 0.883333
f 809/2167/809 821/2168/821 808/2169/808
vt 0.405008 0.874920
vt 0.369541 0.847160
vt 0.369547 0.866646
f 809/2170/809 822/2171/822 821/2172/821
vt 0.404994 0.851936
vt 0.405008 0.874920
vt 0.519024 0.851930
f 810/2173/810 809/2174/809 798/2175/798
vt 0.404994 0.851936
vt 0.369541 0.847160
vt 0.405008 0.874920
f 810/2176/810 822/2177/822 809/2178/809
vt 0.404994 0.851936
vt 0.369532 0.820543
vt 0.369541 0.847160
f 810/2179/810 823/2180/823 822/2181/822
vt 0.404978 0.820537
vt 0.404994 0.851936
vt 0.519007 0.820532
f 811/2182/811 810/2183/810 799/2184/799
vt 0.404978 0.820537
vt 0.369532 0.820543
vt 0.404994 0.851936
f 811/2185/811 823/2186/823 810/2187/810
vt 0.404978 0.820537
vt 0.369525 0.793925
vt 0.369532 0.820543
f 811/2188/811 824/2189/824 823/2190/823
vt 0.404961 0.789140
vt 0.404978 0.820537
vt 0.518985 0.789134
f 812/2191/812 811/2192/811 800/2193/800
vt 0.404961 0.789140
vt 0.369525 0.793925
vt 0.404978 0.820537
f 812/2194/812 824/2195/824 811/2196/811
vt 0.404961 0.789140
vt 0.369520 0.774439
vt 0.369525 0.793925
f 812/2197/812 825/2198/825 824/2199/824
vt 0.404947 0.766155
vt 0.404961 0.789140
vt 0.518974 0.766149
f 813/2200/813 812/2201/812 801/2202/801
vt 0.404947 0.766155
vt 0.369520 0.774439
vt 0.404961 0.789140
f 813/2203/813 825/2204/825 812/2205/812
vt 0.404947 0.766155
vt 0.369516 0.767307
vt 0.369520 0.774439
f 813/2206/813 826/2207/826 825/2208/825
vt 0.404945 0.757742
vt 0.404947 0.766155
vt 0.518969 0.757736
f 814/2209/814 813/2210/813 802/2211/802
vt 0.404945 0.757742
vt 0.369516 0.767307
vt 0.404947 0.766155
f 814/2212/814 826/2213/826 813/2214/813
vt 0.404947 0.766155
vt 0.369516 0.767307
vt 0.404945 0.757742
f 815/2215/815 826/2216/826 814/2217/814
vt 0.404961 0.789140
vt 0.369520 0.774439
vt 0.404947 0.766155
f 816/2218/816 827/2219/827 815/2220/815
vt 0.369532 0.820543
vt 0.369525 0.793925
vt 0.404978 0.820537
f 817/2221/817 828/2222/828 805/2223/805
vt 0.991518 0.054179
vt 0.939621 0.054211
vt 0.984616 0.079941
f 817/2224/817 830/2225/830 828/2226/828
vt 0.369541 0.847160
vt 0.369532 0.820543
vt 0.404994 0.851936
f 818/2227/818 817/2228/817 806/2229/806
vt 0.984616 0.028418
vt 0.939621 0.054211
vt 0.991518 0.054179
f 818/2230/818 830/2231/830 817/2232/817
vt 0.369547 0.866646
vt 0.369541 0.847160
vt 0.405008 0.874920
f 819/2233/819 818/2234/818 807/2235/807
vt 0.965757 0.009558
vt 0.939621 0.054211
vt 0.984616 0.028418
f 819/2236/819 830/2237/830 818/2238/818
vt 0.369549 0.873778
vt 0.369547 0.866646
vt 0.405012 0.883333
f 820/2239/820 819/2240/819 808/2241/808
vt 0.939995 0.002656
vt 0.939621 0.054211
vt 0.965757 0.009558
f 820/2242/820 830/2243/830 819/2244/819
vt 0.914233 0.009558
vt 0.939621 0.054211
vt 0.939995 0.002656
f 821/2245/821 830/2246/830 820/2247/820
vt 0.895375 0.028418
vt 0.939621 0.054211
vt 0.914233 0.009558
f 822/2248/822 830/2249/830 821/2250/821
vt 0.888472 0.054179
vt 0.939621 0.054211
vt 0.895375 0.028418
f 823/2251/823 830/2252/830 822/2253/822
vt 0.895375 0.079941
vt 0.939621 0.054211
vt 0.888472 0.054179
f 824/2254/824 830/2255/830 823/2256/823
vt 0.914233 0.098799
vt 0.939621 0.054211
vt 0.895375 0.079941
f 825/2257/825 830/2258/830 824/2259/824
vt 0.939995 0.105702
vt 0.939621 0.054211
vt 0.914233 0.098799
f 826/2260/826 830/2261/830 825/2262/825
vt 0.369520 0.774439
vt 0.369516 0.767307
vt 0.404947 0.766155
f 827/2263/827 826/2264/826 815/2265/815
vt 0.965757 0.098799
vt 0.939621 0.054211
vt 0.939995 0.105702
f 827/2266/827 830/2267/830 826/2268/826
vt 0.369525 0.793925
vt 0.369520 0.774439
vt 0.404961 0.789140
f 828/2269/828 827/2270/827 816/2271/816
vt 0.984616 0.079941
vt 0.939621 0.054211
vt 0.965757 0.098799
f 828/2272/828 830/2273/830 827/2274/827
vt 0.781442 0.918767
vt 0.845030 0.918767
vt 0.781442 0.941389
f 735/2275/735 737/2276/737 736/2277/736
vt 0.781442 0.918767
vt 0.888934 0.918767
vt 0.845030 0.918767
f 735/2278/735 755/2279/755 737/2280/737
vt 0.781442 0.941389
vt 0.845030 0.918767
vt 0.845030 0.941389
f 736/2281/736 737/2282/737 738/2283/738
vt 0.000000 1.000000
vt 0.000000 1.000000
vt 0.000000 1.000000
f 736/2284/736 755/2285/755 735/2286/735
vt 0.845030 0.918767
vt 0.888934 0.918767
vt 0.845030 0.941389
f 737/2287/737 739/2288/739 738/2289/738
vt 0.845030 0.918767
vt 0.888934 0.918767
vt 0.888934 0.918767
f 737/2290/737 755/2291/755 739/2292/739
vt 0.845030 0.941389
vt 0.888934 0.918767
vt 0.888934 0.941389
f 738/2293/738 739/2294/739 740/2295/740
vt 0.845030 0.941389
vt 0.781442 0.990169
vt 0.781442 0.941389
f 738/2296/738 745/2297/745 736/2298/736
vt 0.888934 0.918767
vt 0.934213 0.941389
vt 0.888934 0.941389
f 739/2299/739 742/2300/742 740/2301/740
vt 0.888934 0.918767
vt 0.888934 0.918767
vt 0.934213 0.918767
f 739/2302/739 755/2303/755 741/2304/741
vt 0.888934 0.941389
vt 0.845030 0.990169
vt 0.845030 0.941389
f 740/2305/740 746/2306/746 738/2307/738
vt 0.888934 0.941389
vt 0.934213 0.990169
vt 0.888934 0.990169
f 740/2308/740 748/2309/748 747/2310/747
vt 0.934213 0.918767
vt 0.934213 0.941389
vt 0.888934 0.918767
f 741/2311/741 742/2312/742 739/2313/739
vt 0.934213 0.918767
vt 0.999176 0.941389
vt 0.934213 0.941389
f 741/2314/741 744/2315/744 742/2316/742
vt 0.934213 0.918767
vt 0.888934 0.918767
vt 0.999176 0.918767
f 741/2317/741 755/2318/755 743/2319/743
vt 0.934213 0.941389
vt 0.934213 0.990169
vt 0.888934 0.941389
f 742/2320/742 748/2321/748 740/2322/740
vt 0.934213 0.941389
vt 0.999176 0.990169
vt 0.934213 0.990169
f 742/2323/742 749/2324/749 748/2325/748
vt 0.999176 0.918767
vt 0.999176 0.941389
vt 0.934213 0.918767
f 743/2326/743 744/2327/744 741/2328/741
vt 0.000000 1.000000
vt 0.000000 1.000000
vt 0.000000 1.000000
f 743/2329/743 755/2330/755 744/2331/744
vt 0.999176 0.941389
vt 0.999176 0.990169
vt 0.934213 0.941389
f 744/2332/744 749/2333/749 742/2334/742
vt 0.000000 1.000000
vt 0.000000 1.000000
vt 0.000000 1.000000
f 744/2335/744 756/2336/756 749/2337/749
vt 0.781442 0.990169
vt 0.845030 1.000004
vt 0.781442 1.000004
f 745/2338/745 751/2339/751 750/2340/750
vt 0.000000 1.000000
vt 0.000000 1.000000
vt 0.000000 1.000000
f 745/2341/745 755/2342/755 736/2343/736
vt 0.000000 1.000000
vt 0.000000 1.000000
vt 0.000000 1.000000
f 745/2344/745 756/2345/756 755/2346/755
vt 0.845030 0.990169
vt 0.781442 0.990169
vt 0.845030 0.941389
f 746/2347/746 745/2348/745 738/2349/738
vt 0.845030 0.990169
vt 0.845030 1.000004
vt 0.781442 0.990169
f 746/2350/746 751/2351/751 745/2352/745
vt 0.845030 0.990169
vt 0.888934 1.000004
vt 0.845030 1.000004
f 746/2353/746 752/2354/752 751/2355/751
vt 0.888934 0.990169
vt 0.845030 0.990169
vt 0.888934 0.941389
f 747/2356/747 746/2357/746 740/2358/740
vt 0.888934 0.990169
vt 0.888934 1.000004
vt 0.845030 0.990169
f 747/2359/747 752/2360/752 746/2361/746
vt 0.934213 0.990169
vt 0.888934 1.000004
vt 0.888934 0.990169
f 748/2362/748 752/2363/752 747/2364/747
vt 0.999176 0.990169
vt 0.934213 1.000004
vt 0.934213 0.990169
f 749/2365/749 753/2366/753 748/2367/748
vt 0.000000 1.000000
vt 0.000000 1.000000
vt 0.000000 1.000000
f 749/2368/749 756/2369/756 754/2370/754
vt 0.000000 1.000000
vt 0.000000 1.000000
vt 0.000000 1.000000
f 750/2371/750 756/2372/756 745/2373/745
vt 0.845030 1.000004
vt 0.888934 1.000004
vt 0.781442 1.000004
f 751/2374/751 756/2375/756 750/2376/750
vt 0.888934 1.000004
vt 0.888934 1.000004
vt 0.845030 1.000004
f 752/2377/752 756/2378/756 751/2379/751
vt 0.934213 1.000004
vt 0.888934 1.000004
vt 0.934213 0.990169
f 753/2380/753 752/2381/752 748/2382/748
vt 0.934213 1.000004
vt 0.888934 1.000004
vt 0.888934 1.000004
f 753/2383/753 756/2384/756 752/2385/752
vt 0.999176 1.000004
vt 0.934213 1.000004
vt 0.999176 0.990169
f 754/2386/754 753/2387/753 749/2388/749
vt 0.999176 1.000004
vt 0.888934 1.000004
vt 0.934213 1.000004
f 754/2389/754 756/2390/756 753/2391/753
vt 0.000000 1.000000
vt 0.000000 1.000000
vt 0.000000 1.000000
f 755/2392/755 756/2393/756 744/2394/744
vt 0.651337 0.820521
vt 0.626199 0.838308
vt 0.626188 0.820522
f 661/2395/661 664/2396/664 662/2397/662
vt 0.651337 0.820521
vt 0.654573 0.820520
vt 0.651339 0.826766
f 661/2398/661 733/2399/733 663/2400/663
vt 0.626188 0.820522
vt 0.651332 0.814275
vt 0.651337 0.820521
f 662/2401/662 683/2402/683 661/2403/661
vt 0.626188 0.820522
vt 0.579720 0.820527
vt 0.626177 0.802737
f 662/2404/662 685/2405/685 684/2406/684
vt 0.626188 0.820522
vt 0.579737 0.847145
vt 0.579720 0.820527
f 662/2407/662 686/2408/686 685/2409/685
vt 0.651339 0.826766
vt 0.626199 0.838308
vt 0.651337 0.820521
f 663/2410/663 664/2411/664 661/2412/661
vt 0.651339 0.826766
vt 0.626206 0.851328
vt 0.626199 0.838308
f 663/2413/663 666/2414/666 664/2415/664
vt 0.651339 0.826766
vt 0.654573 0.820520
vt 0.651344 0.831338
f 663/2416/663 733/2417/733 665/2418/665
vt 0.626199 0.838308
vt 0.579737 0.847145
vt 0.626188 0.820522
f 664/2419/664 686/2420/686 662/2421/662
vt 0.626199 0.838308
vt 0.579748 0.866630
vt 0.579737 0.847145
f 664/2422/664 687/2423/687 686/2424/686
vt 0.651344 0.831338
vt 0.626206 0.851328
vt 0.651339 0.826766
f 665/2425/665 666/2426/666 663/2427/663
vt 0.651344 0.831338
vt 0.626209 0.856093
vt 0.626206 0.851328
f 665/2428/665 668/2429/668 666/2430/666
vt 0.651344 0.831338
vt 0.654573 0.820520
vt 0.651343 0.833011
f 665/2431/665 733/2432/733 667/2433/667
vt 0.626206 0.851328
vt 0.579748 0.866630
vt 0.626199 0.838308
f 666/2434/666 687/2435/687 664/2436/664
vt 0.626206 0.851328
vt 0.579751 0.873762
vt 0.579748 0.866630
f 666/2437/666 688/2438/688 687/2439/687
vt 0.651343 0.833011
vt 0.626209 0.856093
vt 0.651344 0.831338
f 667/2440/667 668/2441/668 665/2442/665
vt 0.651343 0.833011
vt 0.651344 0.831338
vt 0.626209 0.856093
f 667/2443/667 669/2444/669 668/2445/668
vt 0.651343 0.833011
vt 0.654573 0.820520
vt 0.651344 0.831338
f 667/2446/667 733/2447/733 669/2448/669
vt 0.626209 0.856093
vt 0.651344 0.831338
vt 0.626206 0.851328
f 668/2449/668 669/2450/669 670/2451/670
vt 0.626209 0.856093
vt 0.579751 0.873762
vt 0.626206 0.851328
f 668/2452/668 688/2453/688 666/2454/666
vt 0.651344 0.831338
vt 0.651339 0.826766
vt 0.626206 0.851328
f 669/2455/669 671/2456/671 670/2457/670
vt 0.651344 0.831338
vt 0.654573 0.820520
vt 0.651339 0.826766
f 669/2458/669 733/2459/733 671/2460/671
vt 0.626206 0.851328
vt 0.651339 0.826766
vt 0.626199 0.838308
f 670/2461/670 671/2462/671 672/2463/672
vt 0.626206 0.851328
vt 0.579751 0.873762
vt 0.626209 0.856093
f 670/2464/670 688/2465/688 668/2466/668
vt 0.651339 0.826766
vt 0.651337 0.820521
vt 0.626199 0.838308
f 671/2467/671 673/2468/673 672/2469/672
vt 0.651339 0.826766
vt 0.654573 0.820520
vt 0.651337 0.820521
f 671/2470/671 733/2471/733 673/2472/673
vt 0.626199 0.838308
vt 0.651337 0.820521
vt 0.626188 0.820522
f 672/2473/672 673/2474/673 674/2475/674
vt 0.626199 0.838308
vt 0.579748 0.866630
vt 0.626206 0.851328
f 672/2476/672 689/2477/689 670/2478/670
vt 0.651337 0.820521
vt 0.651332 0.814275
vt 0.626188 0.820522
f 673/2479/673 675/2480/675 674/2481/674
vt 0.651337 0.820521
vt 0.654573 0.820520
vt 0.651332 0.814275
f 673/2482/673 733/2483/733 675/2484/675
vt 0.626188 0.820522
vt 0.651332 0.814275
vt 0.626177 0.802737
f 674/2485/674 675/2486/675 676/2487/676
vt 0.626188 0.820522
vt 0.579737 0.847145
vt 0.626199 0.838308
f 674/2488/674 690/2489/690 672/2490/672
vt 0.651332 0.814275
vt 0.651332 0.809703
vt 0.626177 0.802737
f 675/2491/675 677/2492/677 676/2493/676
vt 0.651332 0.814275
vt 0.654573 0.820520
vt 0.651332 0.809703
f 675/2494/675 733/2495/733 677/2496/677
vt 0.626177 0.802737
vt 0.651332 0.809703
vt 0.626169 0.789717
f 676/2497/676 677/2498/677 678/2499/678
vt 0.626177 0.802737
vt 0.579720 0.820527
vt 0.626188 0.820522
f 676/2500/676 691/2501/691 674/2502/674
vt 0.651332 0.809703
vt 0.626169 0.784951
vt 0.626169 0.789717
f 677/2503/677 680/2504/680 678/2505/678
vt 0.651332 0.809703
vt 0.654573 0.820520
vt 0.651333 0.808030
f 677/2506/677 733/2507/733 679/2508/679
vt 0.626169 0.789717
vt 0.579704 0.793909
vt 0.626177 0.802737
f 678/2509/678 692/2510/692 676/2511/676
vt 0.651333 0.808030
vt 0.626169 0.784951
vt 0.651332 0.809703
f 679/2512/679 680/2513/680 677/2514/677
vt 0.651333 0.808030
vt 0.651332 0.809703
vt 0.626169 0.784951
f 679/2515/679 681/2516/681 680/2517/680
vt 0.651333 0.808030
vt 0.654573 0.820520
vt 0.651332 0.809703
f 679/2518/679 733/2519/733 681/2520/681
vt 0.626169 0.784951
vt 0.651332 0.809703
vt 0.626169 0.789717
f 680/2521/680 681/2522/681 682/2523/682
vt 0.626169 0.784951
vt 0.579691 0.774423
vt 0.626169 0.789717
f 680/2524/680 693/2525/693 678/2526/678
vt 0.626169 0.784951
vt 0.579691 0.774423
vt 0.579685 0.767291
f 680/2527/680 695/2528/695 694/2529/694
vt 0.651332 0.809703
vt 0.626177 0.802737
vt 0.626169 0.789717
f 681/2530/681 684/2531/684 682/2532/682
vt 0.651332 0.809703
vt 0.654573 0.820520
vt 0.651332 0.814275
f 681/2533/681 733/2534/733 683/2535/683
vt 0.626169 0.789717
vt 0.579691 0.774423
vt 0.626169 0.784951
f 682/2536/682 695/2537/695 680/2538/680
vt 0.626169 0.789717
vt 0.579704 0.793909
vt 0.579691 0.774423
f 682/2539/682 696/2540/696 695/2541/695
vt 0.651332 0.814275
vt 0.626177 0.802737
vt 0.651332 0.809703
f 683/2542/683 684/2543/684 681/2544/681
vt 0.651332 0.814275
vt 0.654573 0.820520
vt 0.651337 0.820521
f 683/2545/683 733/2546/733 661/2547/661
vt 0.626177 0.802737
vt 0.651332 0.814275
vt 0.626188 0.820522
f 684/2548/684 683/2549/683 662/2550/662
vt 0.626177 0.802737
vt 0.579720 0.820527
vt 0.579704 0.793909
f 684/2551/684 685/2552/685 696/2553/696
vt 0.626177 0.802737
vt 0.579704 0.793909
vt 0.626169 0.789717
f 684/2554/684 696/2555/696 682/2556/682
vt 0.579720 0.820527
vt 0.519007 0.820532
vt 0.579704 0.793909
f 685/2557/685 697/2558/697 696/2559/696
vt 0.579720 0.820527
vt 0.519024 0.851930
vt 0.519007 0.820532
f 685/2560/685 698/2561/698 697/2562/697
vt 0.579737 0.847145
vt 0.519024 0.851930
vt 0.579720 0.820527
f 686/2563/686 698/2564/698 685/2565/685
vt 0.579737 0.847145
vt 0.519038 0.874914
vt 0.519024 0.851930
f 686/2566/686 699/2567/699 698/2568/698
vt 0.579748 0.866630
vt 0.519038 0.874914
vt 0.579737 0.847145
f 687/2569/687 699/2570/699 686/2571/686
vt 0.579748 0.866630
vt 0.519044 0.883328
vt 0.519038 0.874914
f 687/2572/687 700/2573/700 699/2574/699
vt 0.579751 0.873762
vt 0.519044 0.883328
vt 0.579748 0.866630
f 688/2575/688 700/2576/700 687/2577/687
vt 0.579748 0.866630
vt 0.579751 0.873762
vt 0.626206 0.851328
f 689/2578/689 688/2579/688 670/2580/670
vt 0.579748 0.866630
vt 0.519044 0.883328
vt 0.579751 0.873762
f 689/2581/689 700/2582/700 688/2583/688
vt 0.579737 0.847145
vt 0.579748 0.866630
vt 0.626199 0.838308
f 690/2584/690 689/2585/689 672/2586/672
vt 0.579737 0.847145
vt 0.519038 0.874914
vt 0.579748 0.866630
f 690/2587/690 701/2588/701 689/2589/689
vt 0.579720 0.820527
vt 0.579737 0.847145
vt 0.626188 0.820522
f 691/2590/691 690/2591/690 674/2592/674
vt 0.579720 0.820527
vt 0.519024 0.851930
vt 0.579737 0.847145
f 691/2593/691 702/2594/702 690/2595/690
vt 0.579704 0.793909
vt 0.579720 0.820527
vt 0.626177 0.802737
f 692/2596/692 691/2597/691 676/2598/676
vt 0.579704 0.793909
vt 0.519007 0.820532
vt 0.579720 0.820527
f 692/2599/692 703/2600/703 691/2601/691
vt 0.579691 0.774423
vt 0.579704 0.793909
vt 0.626169 0.789717
f 693/2602/693 692/2603/692 678/2604/678
vt 0.579691 0.774423
vt 0.518985 0.789134
vt 0.579704 0.793909
f 693/2605/693 704/2606/704 692/2607/692
vt 0.579685 0.767291
vt 0.579691 0.774423
vt 0.626169 0.784951
f 694/2608/694 693/2609/693 680/2610/680
vt 0.579685 0.767291
vt 0.518974 0.766149
vt 0.579691 0.774423
f 694/2611/694 705/2612/705 693/2613/693
vt 0.579685 0.767291
vt 0.518974 0.766149
vt 0.518969 0.757736
f 694/2614/694 707/2615/707 706/2616/706
vt 0.579691 0.774423
vt 0.518974 0.766149
vt 0.579685 0.767291
f 695/2617/695 707/2618/707 694/2619/694
vt 0.579691 0.774423
vt 0.518985 0.789134
vt 0.518974 0.766149
f 695/2620/695 708/2621/708 707/2622/707
vt 0.579704 0.793909
vt 0.519007 0.820532
vt 0.518985 0.789134
f 696/2623/696 697/2624/697 708/2625/708
vt 0.579704 0.793909
vt 0.518985 0.789134
vt 0.579691 0.774423
f 696/2626/696 708/2627/708 695/2628/695
vt 0.519007 0.820532
vt 0.404978 0.820537
vt 0.518985 0.789134
f 697/2629/697 709/2630/709 708/2631/708
vt 0.519007 0.820532
vt 0.404994 0.851936
vt 0.404978 0.820537
f 697/2632/697 710/2633/710 709/2634/709
vt 0.519024 0.851930
vt 0.404994 0.851936
vt 0.519007 0.820532
f 698/2635/698 710/2636/710 697/2637/697
vt 0.519024 0.851930
vt 0.405008 0.874920
vt 0.404994 0.851936
f 698/2638/698 711/2639/711 710/2640/710
vt 0.519038 0.874914
vt 0.405008 0.874920
vt 0.519024 0.851930
f 699/2641/699 711/2642/711 698/2643/698
vt 0.519038 0.874914
vt 0.405012 0.883333
vt 0.405008 0.874920
f 699/2644/699 712/2645/712 711/2646/711
vt 0.519044 0.883328
vt 0.405012 0.883333
vt 0.519038 0.874914
f 700/2647/700 712/2648/712 699/2649/699
vt 0.519038 0.874914
vt 0.519044 0.883328
vt 0.579748 0.866630
f 701/2650/701 700/2651/700 689/2652/689
vt 0.519038 0.874914
vt 0.405012 0.883333
vt 0.519044 0.883328
f 701/2653/701 712/2654/712 700/2655/700
vt 0.519024 0.851930
vt 0.519038 0.874914
vt 0.579737 0.847145
f 702/2656/702 701/2657/701 690/2658/690
vt 0.519024 0.851930
vt 0.405008 0.874920
vt 0.519038 0.874914
f 702/2659/702 713/2660/713 701/2661/701
vt 0.519007 0.820532
vt 0.519024 0.851930
vt 0.579720 0.820527
f 703/2662/703 702/2663/702 691/2664/691
vt 0.519007 0.820532
vt 0.404994 0.851936
vt 0.519024 0.851930
f 703/2665/703 714/2666/714 702/2667/702
vt 0.518985 0.789134
vt 0.519007 0.820532
vt 0.579704 0.793909
f 704/2668/704 703/2669/703 692/2670/692
vt 0.518985 0.789134
vt 0.404978 0.820537
vt 0.519007 0.820532
f 704/2671/704 715/2672/715 703/2673/703
vt 0.518974 0.766149
vt 0.518985 0.789134
vt 0.579691 0.774423
f 705/2674/705 704/2675/704 693/2676/693
vt 0.518974 0.766149
vt 0.404961 0.789140
vt 0.518985 0.789134
f 705/2677/705 716/2678/716 704/2679/704
vt 0.518969 0.757736
vt 0.518974 0.766149
vt 0.579685 0.767291
f 706/2680/706 705/2681/705 694/2682/694
vt 0.518969 0.757736
vt 0.404947 0.766155
vt 0.518974 0.766149
f 706/2683/706 717/2684/717 705/2685/705
vt 0.518969 0.757736
vt 0.404947 0.766155
vt 0.404945 0.757742
f 706/2686/706 719/2687/719 718/2688/718
vt 0.518974 0.766149
vt 0.404947 0.766155
vt 0.518969 0.757736
f 707/2689/707 719/2690/719 706/2691/706
vt 0.518974 0.766149
vt 0.404961 0.789140
vt 0.404947 0.766155
f 707/2692/707 720/2693/720 719/2694/719
vt 0.518985 0.789134
vt 0.404978 0.820537
vt 0.404961 0.789140
f 708/2695/708 709/2696/709 720/2697/720
vt 0.518985 0.789134
vt 0.404961 0.789140
vt 0.518974 0.766149
f 708/2698/708 720/2699/720 707/2700/707
vt 0.404978 0.820537
vt 0.369525 0.793925
vt 0.404961 0.789140
f 709/2701/709 732/2702/732 720/2703/720
vt 0.404994 0.851936
vt 0.369532 0.820543
vt 0.404978 0.820537
f 710/2704/710 721/2705/721 709/2706/709
vt 0.405008 0.874920
vt 0.369541 0.847160
vt 0.404994 0.851936
f 711/2707/711 722/2708/722 710/2709/710
vt 0.405012 0.883333
vt 0.369547 0.866646
vt 0.405008 0.874920
f 712/2710/712 723/2711/723 711/2712/711
vt 0.405012 0.883333
vt 0.369547 0.866646
vt 0.369549 0.873778
f 712/2713/712 725/2714/725 724/2715/724
vt 0.405008 0.874920
vt 0.405012 0.883333
vt 0.519038 0.874914
f 713/2716/713 712/2717/712 701/2718/701
vt 0.405008 0.874920
vt 0.369547 0.866646
vt 0.405012 0.883333
f 713/2719/713 725/2720/725 712/2721/712
vt 0.405008 0.874920
vt 0.369541 0.847160
vt 0.369547 0.866646
f 713/2722/713 726/2723/726 725/2724/725
vt 0.404994 0.851936
vt 0.405008 0.874920
vt 0.519024 0.851930
f 714/2725/714 713/2726/713 702/2727/702
vt 0.404994 0.851936
vt 0.369541 0.847160
vt 0.405008 0.874920
f 714/2728/714 726/2729/726 713/2730/713
vt 0.404994 0.851936
vt 0.369532 0.820543
vt 0.369541 0.847160
f 714/2731/714 727/2732/727 726/2733/726
vt 0.404978 0.820537
vt 0.404994 0.851936
vt 0.519007 0.820532
f 715/2734/715 714/2735/714 703/2736/703
vt 0.404978 0.820537
vt 0.369532 0.820543
vt 0.404994 0.851936
f 715/2737/715 727/2738/727 714/2739/714
vt 0.404978 0.820537
vt 0.369525 0.793925
vt 0.369532 0.820543
f 715/2740/715 728/2741/728 727/2742/727
vt 0.404961 0.789140
vt 0.404978 0.820537
vt 0.518985 0.789134
f 716/2743/716 715/2744/715 704/2745/704
vt 0.404961 0.789140
vt 0.369525 0.793925
vt 0.404978 0.820537
f 716/2746/716 728/2747/728 715/2748/715
vt 0.404961 0.789140
vt 0.369520 0.774439
vt 0.369525 0.793925
f 716/2749/716 729/2750/729 728/2751/728
vt 0.404947 0.766155
vt 0.404961 0.789140
vt 0.518974 0.766149
f 717/2752/717 716/2753/716 705/2754/705
vt 0.404947 0.766155
vt 0.369520 0.774439
vt 0.404961 0.789140
f 717/2755/717 729/2756/729 716/2757/716
vt 0.404947 0.766155
vt 0.369516 0.767307
vt 0.369520 0.774439
f 717/2758/717 730/2759/730 729/2760/729
vt 0.404945 0.757742
vt 0.404947 0.766155
vt 0.518969 0.757736
f 718/2761/718 717/2762/717 706/2763/706
vt 0.404945 0.757742
vt 0.369516 0.767307
vt 0.404947 0.766155
f 718/2764/718 730/2765/730 717/2766/717
vt 0.404947 0.766155
vt 0.369516 0.767307
vt 0.404945 0.757742
f 719/2767/719 730/2768/730 718/2769/718
vt 0.404961 0.789140
vt 0.369520 0.774439
vt 0.404947 0.766155
f 720/2770/720 731/2771/731 719/2772/719
vt 0.369532 0.820543
vt 0.369525 0.793925
vt 0.404978 0.820537
f 721/2773/721 732/2774/732 709/2775/709
vt 0.991518 0.054179
vt 0.939621 0.054211
vt 0.984616 0.079941
f 721/2776/721 734/2777/734 732/2778/732
vt 0.369541 0.847160
vt 0.369532 0.820543
vt 0.404994 0.851936
f 722/2779/722 721/2780/721 710/2781/710
vt 0.984616 0.028418
vt 0.939621 0.054211
vt 0.991518 0.054179
f 722/2782/722 734/2783/734 721/2784/721
vt 0.369547 0.866646
vt 0.369541 0.847160
vt 0.405008 0.874920
f 723/2785/723 722/2786/722 711/2787/711
vt 0.965757 0.009558
vt 0.939621 0.054211
vt 0.984616 0.028418
f 723/2788/723 734/2789/734 722/2790/722
vt 0.369549 0.873778
vt 0.369547 0.866646
vt 0.405012 0.883333
f 724/2791/724 723/2792/723 712/2793/712
vt 0.939995 0.002656
vt 0.939621 0.054211
vt 0.965757 0.009558
f 724/2794/724 734/2795/734 723/2796/723
vt 0.914233 0.009558
vt 0.939621 0.054211
vt 0.939995 0.002656
f 725/2797/725 734/2798/734 724/2799/724
vt 0.895375 0.028418
vt 0.939621 0.054211
vt 0.914233 0.009558
f 726/2800/726 734/2801/734 725/2802/725
vt 0.888472 0.054179
vt 0.939621 0.054211
vt 0.895375 0.028418
f 727/2803/727 734/2804/734 726/2805/726
vt 0.895375 0.079941
vt 0.939621 0.054211
vt 0.888472 0.054179
f 728/2806/728 734/2807/734 727/2808/727
vt 0.914233 0.098799
vt 0.939621 0.054211
vt 0.895375 0.079941
f 729/2809/729 734/2810/734 728/2811/728
vt 0.939995 0.105702
vt 0.939621 0.054211
vt 0.914233 0.098799
f 730/2812/730 734/2813/734 729/2814/729
vt 0.369520 0.774439
vt 0.369516 0.767307
vt 0.404947 0.766155
f 731/2815/731 730/2816/730 719/2817/719
vt 0.965757 0.098799
vt 0.939621 0.054211
vt 0.939995 0.105702
f 731/2818/731 734/2819/734 730/2820/730
vt 0.369525 0.793925
vt 0.369520 0.774439
vt 0.404961 0.789140
f 732/2821/732 731/2822/731 720/2823/720
vt 0.984616 0.079941
vt 0.939621 0.054211
vt 0.965757 0.098799
f 732/2824/732 734/2825/734 731/2826/731
vt 0.994423 0.389482
vt 0.983674 0.387460
vt 0.983702 0.387460
vt 0.994456 0.389482
f 12/2827/12 14/2828/14 15/2829/15 13/2830/13
vt 0.923844 0.389482
vt 0.925678 0.387460
vt 0.983674 0.387460
vt 0.994423 0.389482
f 16/2831/16 18/2832/18 19/2833/19 17/2834/17
vt 0.994423 0.389482
vt 0.994456 0.389482
vt 0.990004 0.408224
vt 0.989972 0.408224
f 20/2835/20 22/2836/22 23/2837/23 21/2838/21
vt 0.964488 0.248451
vt 0.984337 0.274416
vt 0.984305 0.274416
vt 0.964458 0.248451
f 25/2839/25 27/2840/27 26/2841/26 24/2842/24
vt 0.964458 0.248451
vt 0.984305 0.274416
vt 0.916438 0.274416
vt 0.901913 0.248451
f 29/2843/29 31/2844/31 30/2845/30 28/2846/28
vt 0.935672 0.209729
vt 0.964488 0.248451
vt 0.964458 0.248451
vt 0.935645 0.209729
f 33/2847/33 35/2848/35 34/2849/34 32/2850/32
vt 0.935645 0.209729
vt 0.964458 0.248451
vt 0.901913 0.248451
vt 0.880824 0.209729
f 37/2851/37 39/2852/39 38/2853/38 36/2854/36
vt 0.923844 0.389482
vt 0.920586 0.408224
vt 0.800440 0.408224
vt 0.801632 0.389482
f 41/2855/41 43/2856/43 42/2857/42 40/2858/40
vt 0.923844 0.331391
vt 0.923844 0.389482
vt 0.801632 0.389482
vt 0.801632 0.331391
f 45/2859/45 47/2860/47 46/2861/46 44/2862/44
vt 0.923844 0.389482
vt 0.994423 0.389482
vt 0.989972 0.408224
vt 0.920586 0.408224
f 48/2863/48 50/2864/50 51/2865/51 49/2866/49
vt 0.916526 0.274416
vt 0.919664 0.276028
vt 0.975386 0.276028
vt 0.984337 0.274416
f 53/2867/53 55/2868/55 54/2869/54 52/2870/52
vt 0.916438 0.274416
vt 0.923844 0.331391
vt 0.801632 0.331391
vt 0.798923 0.274416
f 57/2871/57 59/2872/59 58/2873/58 56/2874/56
vt 0.901993 0.248451
vt 0.916526 0.274416
vt 0.984337 0.274416
vt 0.964488 0.248451
f 61/2875/61 63/2876/63 62/2877/62 60/2878/60
vt 0.901913 0.248451
vt 0.916438 0.274416
vt 0.798923 0.274416
vt 0.793609 0.248451
f 65/2879/65 67/2880/67 66/2881/66 64/2882/64
vt 0.898996 0.176800
vt 0.935672 0.209729
vt 0.935645 0.209729
vt 0.898975 0.176800
f 69/2883/69 71/2884/71 70/2885/70 68/2886/68
vt 0.898975 0.176800
vt 0.935645 0.209729
vt 0.880824 0.209729
vt 0.853983 0.176800
f 73/2887/73 75/2888/75 74/2889/74 72/2890/72
vt 0.880895 0.209729
vt 0.901993 0.248451
vt 0.964488 0.248451
vt 0.935672 0.209729
f 77/2891/77 79/2892/79 78/2893/78 76/2894/76
vt 0.880824 0.209729
vt 0.901913 0.248451
vt 0.793609 0.248451
vt 0.785895 0.209729
f 81/2895/81 83/2896/83 82/2897/82 80/2898/80
vt 0.855869 0.150927
vt 0.898996 0.176800
vt 0.898975 0.176800
vt 0.855853 0.150927
f 85/2899/85 87/2900/87 86/2901/86 84/2902/84
vt 0.855853 0.150927
vt 0.898975 0.176800
vt 0.853983 0.176800
vt 0.822422 0.150927
f 89/2903/89 91/2904/91 90/2905/90 88/2906/88
vt 0.854041 0.176800
vt 0.880895 0.209729
vt 0.935672 0.209729
vt 0.898996 0.176800
f 93/2907/93 95/2908/95 94/2909/94 92/2910/92
vt 0.853983 0.176800
vt 0.880824 0.209729
vt 0.785895 0.209729
vt 0.776077 0.176800
f 97/2911/97 99/2912/99 98/2913/98 96/2914/96
vt 0.822465 0.150927
vt 0.854041 0.176800
vt 0.898996 0.176800
vt 0.855869 0.150927
f 101/2915/101 103/2916/103 102/2917/102 100/2918/100
vt 0.822422 0.150927
vt 0.853983 0.176800
vt 0.776077 0.176800
vt 0.764533 0.150927
f 105/2919/105 107/2920/107 106/2921/106 104/2922/104
vt 0.807949 0.133104
vt 0.855869 0.150927
vt 0.855853 0.150927
vt 0.807940 0.133104
f 109/2923/109 111/2924/111 110/2925/110 108/2926/108
vt 0.757078 0.124019
vt 0.750132 0.124019
vt 0.787380 0.133104
vt 0.807949 0.133104
f 112/2927/112 114/2928/114 115/2929/115 113/2930/113
vt 0.807940 0.133104
vt 0.855853 0.150927
vt 0.822422 0.150927
vt 0.787353 0.133104
f 117/2931/117 119/2932/119 118/2933/118 116/2934/116
vt 0.757075 0.124019
vt 0.757078 0.124019
vt 0.807949 0.133104
vt 0.807940 0.133104
f 120/2935/120 122/2936/122 123/2937/123 121/2938/121
vt 0.801756 0.389482
vt 0.800562 0.408224
vt 0.920676 0.408224
vt 0.923934 0.389482
f 125/2939/125 127/2940/127 126/2941/126 124/2942/124
vt 0.801756 0.331391
vt 0.801756 0.389482
vt 0.923934 0.389482
vt 0.923934 0.331391
f 129/2943/129 131/2944/131 130/2945/130 128/2946/128
vt 0.799042 0.274416
vt 0.801756 0.331391
vt 0.923934 0.331391
vt 0.916526 0.274416
f 133/2947/133 135/2948/135 134/2949/134 132/2950/132
vt 0.793720 0.248451
vt 0.799042 0.274416
vt 0.916526 0.274416
vt 0.901993 0.248451
f 137/2951/137 139/2952/139 138/2953/138 136/2954/136
vt 0.787380 0.133104
vt 0.822465 0.150927
vt 0.855869 0.150927
vt 0.807949 0.133104
f 141/2955/141 143/2956/143 142/2957/142 140/2958/140
vt 0.750132 0.124019
vt 0.738099 0.124019
vt 0.751741 0.133104
vt 0.787380 0.133104
f 144/2959/144 146/2960/146 147/2961/147 145/2962/145
vt 0.787353 0.133104
vt 0.822422 0.150927
vt 0.764533 0.150927
vt 0.751705 0.133104
f 149/2963/149 151/2964/151 150/2965/150 148/2966/148
vt 0.750123 0.124019
vt 0.757075 0.124019
vt 0.807940 0.133104
vt 0.787353 0.133104
f 152/2967/152 154/2968/154 155/2969/155 153/2970/153
vt 0.785993 0.209729
vt 0.793720 0.248451
vt 0.901993 0.248451
vt 0.880895 0.209729
f 157/2971/157 159/2972/159 158/2973/158 156/2974/156
vt 0.776157 0.176800
vt 0.785993 0.209729
vt 0.880895 0.209729
vt 0.854041 0.176800
f 165/2975/165 167/2976/167 166/2977/166 164/2978/164
vt 0.764591 0.150927
vt 0.776157 0.176800
vt 0.854041 0.176800
vt 0.822465 0.150927
f 169/2979/169 171/2980/171 170/2981/170 168/2982/168
vt 0.751741 0.133104
vt 0.764591 0.150927
vt 0.822465 0.150927
vt 0.787380 0.133104
f 173/2983/173 175/2984/175 174/2985/174 172/2986/172
vt 0.738099 0.124019
vt 0.714325 0.124019
vt 0.681333 0.133104
vt 0.751741 0.133104
f 176/2987/176 178/2988/178 179/2989/179 177/2990/177
vt 0.738087 0.124019
vt 0.750123 0.124019
vt 0.787353 0.133104
vt 0.751705 0.133104
f 180/2991/180 182/2992/182 183/2993/183 181/2994/181
vt 0.751705 0.133104
vt 0.681245 0.133104
vt 0.714295 0.124019
vt 0.738087 0.124019
f 185/2995/185 187/2996/187 186/2997/186 184/2998/184
vt 0.681333 0.133104
vt 0.650255 0.150927
vt 0.764591 0.150927
vt 0.751741 0.133104
f 197/2999/197 199/3000/199 198/3001/198 196/3002/196
vt 0.714325 0.124019
vt 0.685164 0.124019
vt 0.594970 0.133104
vt 0.681333 0.133104
f 200/3003/200 202/3004/202 203/3005/203 201/3006/201
vt 0.751705 0.133104
vt 0.764533 0.150927
vt 0.650113 0.150927
vt 0.681245 0.133104
f 204/3007/204 206/3008/206 207/3009/207 205/3010/205
vt 0.681245 0.133104
vt 0.650113 0.150927
vt 0.509905 0.150927
vt 0.594905 0.133104
f 209/3011/209 211/3012/211 210/3013/210 208/3014/208
vt 0.650255 0.150927
vt 0.622286 0.176800
vt 0.776157 0.176800
vt 0.764591 0.150927
f 221/3015/221 223/3016/223 222/3017/222 220/3018/220
vt 0.764533 0.150927
vt 0.776077 0.176800
vt 0.622094 0.176800
vt 0.650113 0.150927
f 224/3019/224 226/3020/226 227/3021/227 225/3022/225
vt 0.650113 0.150927
vt 0.622094 0.176800
vt 0.433405 0.176800
vt 0.509905 0.150927
f 229/3023/229 231/3024/231 230/3025/230 228/3026/228
vt 0.622286 0.176800
vt 0.598500 0.209729
vt 0.785993 0.209729
vt 0.776157 0.176800
f 233/3027/233 235/3028/235 234/3029/234 232/3030/232
vt 0.776077 0.176800
vt 0.785895 0.209729
vt 0.598266 0.209729
vt 0.622094 0.176800
f 236/3031/236 238/3032/238 239/3033/239 237/3034/237
vt 0.622094 0.176800
vt 0.598266 0.209729
vt 0.368349 0.209729
vt 0.433405 0.176800
f 241/3035/241 243/3036/243 242/3037/242 240/3038/240
vt 0.598500 0.209729
vt 0.579811 0.248451
vt 0.793720 0.248451
vt 0.785993 0.209729
f 249/3039/249 251/3040/251 250/3041/250 248/3042/248
vt 0.785895 0.209729
vt 0.793609 0.248451
vt 0.579545 0.248451
vt 0.598266 0.209729
f 252/3043/252 254/3044/254 255/3045/255 253/3046/253
vt 0.598266 0.209729
vt 0.579545 0.248451
vt 0.317233 0.248451
vt 0.368349 0.209729
f 257/3047/257 259/3048/259 258/3049/258 256/3050/256
vt 0.685164 0.124019
vt 0.668323 0.124019
vt 0.545094 0.133104
vt 0.594970 0.133104
f 260/3051/260 262/3052/262 263/3053/263 261/3054/261
vt 0.594970 0.133104
vt 0.510008 0.150927
vt 0.650255 0.150927
vt 0.681333 0.133104
f 265/3055/265 267/3056/267 266/3057/266 264/3058/264
vt 0.685142 0.124019
vt 0.714295 0.124019
vt 0.681245 0.133104
vt 0.594905 0.133104
f 268/3059/268 270/3060/270 271/3061/271 269/3062/269
vt 0.594905 0.133104
vt 0.509905 0.150927
vt 0.428977 0.150927
vt 0.545071 0.133104
f 273/3063/273 275/3064/275 274/3065/274 272/3066/272
vt 0.579811 0.248451
vt 0.566939 0.274416
vt 0.799042 0.274416
vt 0.793720 0.248451
f 277/3067/277 279/3068/279 278/3069/278 276/3070/276
vt 0.793609 0.248451
vt 0.798923 0.274416
vt 0.566649 0.274416
vt 0.579545 0.248451
f 280/3071/280 282/3072/282 283/3073/283 281/3074/281
vt 0.579545 0.248451
vt 0.566649 0.274416
vt 0.282025 0.274416
vt 0.317233 0.248451
f 285/3075/285 287/3076/287 286/3077/286 284/3078/284
vt 0.566939 0.274416
vt 0.560376 0.331391
vt 0.801756 0.331391
vt 0.799042 0.274416
f 289/3079/289 291/3080/291 290/3081/290 288/3082/288
vt 0.798923 0.274416
vt 0.801632 0.331391
vt 0.560075 0.331391
vt 0.566649 0.274416
f 292/3083/292 294/3084/294 295/3085/295 293/3086/293
vt 0.566649 0.274416
vt 0.560075 0.331391
vt 0.264075 0.331391
vt 0.282025 0.274416
f 297/3087/297 299/3088/299 298/3089/298 296/3090/296
vt 0.562967 0.408224
vt 0.580163 0.408186
vt 0.580172 0.408186
vt 0.563263 0.408224
f 301/3091/301 303/3092/303 302/3093/302 300/3094/300
vt 0.560376 0.389482
vt 0.563263 0.408224
vt 0.800562 0.408224
vt 0.801756 0.389482
f 305/3095/305 307/3096/307 306/3097/306 304/3098/304
vt 0.560376 0.331391
vt 0.560376 0.389482
vt 0.801756 0.389482
vt 0.801756 0.331391
f 309/3099/309 311/3100/311 310/3101/310 308/3102/308
vt 0.801632 0.389482
vt 0.800440 0.408224
vt 0.562967 0.408224
vt 0.560075 0.389482
f 312/3103/312 314/3104/314 315/3105/315 313/3106/313
vt 0.560075 0.389482
vt 0.562967 0.408224
vt 0.261641 0.408224
vt 0.264075 0.389482
f 317/3107/317 319/3108/319 318/3109/318 316/3110/316
vt 0.801632 0.331391
vt 0.801632 0.389482
vt 0.560075 0.389482
vt 0.560075 0.331391
f 320/3111/320 322/3112/322 323/3113/323 321/3114/321
vt 0.560075 0.331391
vt 0.560075 0.389482
vt 0.264075 0.389482
vt 0.264075 0.331391
f 325/3115/325 327/3116/327 326/3117/326 324/3118/324
vt 0.668323 0.124019
vt 0.668315 0.124019
vt 0.545071 0.133104
vt 0.545094 0.133104
f 328/3119/328 330/3120/330 331/3121/331 329/3122/329
vt 0.545094 0.133104
vt 0.429015 0.150927
vt 0.510008 0.150927
vt 0.594970 0.133104
f 333/3123/333 335/3124/335 334/3125/334 332/3126/332
vt 0.668315 0.124019
vt 0.685142 0.124019
vt 0.594905 0.133104
vt 0.545071 0.133104
f 336/3127/336 338/3128/338 339/3129/339 337/3130/337
vt 0.545071 0.133104
vt 0.428977 0.150927
vt 0.429015 0.150927
vt 0.545094 0.133104
f 341/3131/341 343/3132/343 342/3133/342 340/3134/340
vt 0.510008 0.150927
vt 0.433545 0.176800
vt 0.622286 0.176800
vt 0.650255 0.150927
f 345/3135/345 347/3136/347 346/3137/346 344/3138/344
vt 0.509905 0.150927
vt 0.433405 0.176800
vt 0.324495 0.176800
vt 0.428977 0.150927
f 349/3139/349 351/3140/351 350/3141/350 348/3142/348
vt 0.433545 0.176800
vt 0.368520 0.209729
vt 0.598500 0.209729
vt 0.622286 0.176800
f 353/3143/353 355/3144/355 354/3145/354 352/3146/352
vt 0.433405 0.176800
vt 0.368349 0.209729
vt 0.235641 0.209729
vt 0.324495 0.176800
f 357/3147/357 359/3148/359 358/3149/358 356/3150/356
vt 0.429015 0.150927
vt 0.324547 0.176800
vt 0.433545 0.176800
vt 0.510008 0.150927
f 361/3151/361 363/3152/363 362/3153/362 360/3154/360
vt 0.428977 0.150927
vt 0.324495 0.176800
vt 0.324547 0.176800
vt 0.429015 0.150927
f 365/3155/365 367/3156/367 366/3157/366 364/3158/364
vt 0.368520 0.209729
vt 0.317429 0.248451
vt 0.579811 0.248451
vt 0.598500 0.209729
f 369/3159/369 371/3160/371 370/3161/370 368/3162/368
vt 0.368349 0.209729
vt 0.317233 0.248451
vt 0.165829 0.248451
vt 0.235641 0.209729
f 373/3163/373 375/3164/375 374/3165/374 372/3166/372
vt 0.324547 0.176800
vt 0.235703 0.209729
vt 0.368520 0.209729
vt 0.433545 0.176800
f 377/3167/377 379/3168/379 378/3169/378 376/3170/376
vt 0.324495 0.176800
vt 0.235641 0.209729
vt 0.235703 0.209729
vt 0.324547 0.176800
f 381/3171/381 383/3172/383 382/3173/382 380/3174/380
vt 0.317429 0.248451
vt 0.282236 0.274416
vt 0.566939 0.274416
vt 0.579811 0.248451
f 385/3175/385 387/3176/387 386/3177/386 384/3178/384
vt 0.282236 0.274416
vt 0.264296 0.331391
vt 0.560376 0.331391
vt 0.566939 0.274416
f 389/3179/389 391/3180/391 390/3181/390 388/3182/388
vt 0.282025 0.274416
vt 0.264075 0.331391
vt 0.093226 0.331391
vt 0.117741 0.274416
f 393/3183/393 395/3184/395 394/3185/394 392/3186/392
vt 0.276267 0.930124
vt 0.279665 0.849325
vt 0.135535 0.849325
vt 0.136685 0.930124
f 397/3187/397 399/3188/399 398/3189/398 396/3190/396
vt 0.264296 0.389482
vt 0.272188 0.408224
vt 0.563263 0.408224
vt 0.560376 0.389482
f 401/3191/401 403/3192/403 402/3193/402 400/3194/400
vt 0.264296 0.331391
vt 0.264296 0.389482
vt 0.560376 0.389482
vt 0.560376 0.331391
f 405/3195/405 407/3196/407 406/3197/406 404/3198/404
vt 0.264075 0.389482
vt 0.261641 0.408224
vt 0.104011 0.408224
vt 0.093226 0.389482
f 409/3199/409 411/3200/411 410/3201/410 408/3202/408
vt 0.264075 0.331391
vt 0.264075 0.389482
vt 0.093226 0.389482
vt 0.093226 0.331391
f 413/3203/413 415/3204/415 414/3205/414 412/3206/412
vt 0.235703 0.209729
vt 0.165900 0.248451
vt 0.317429 0.248451
vt 0.368520 0.209729
f 417/3207/417 419/3208/419 418/3209/418 416/3210/416
vt 0.235641 0.209729
vt 0.165829 0.248451
vt 0.165900 0.248451
vt 0.235703 0.209729
f 421/3211/421 423/3212/423 422/3213/422 420/3214/420
vt 0.117819 0.274416
vt 0.093306 0.331391
vt 0.264296 0.331391
vt 0.282236 0.274416
f 425/3215/425 427/3216/427 426/3217/426 424/3218/424
vt 0.117741 0.274416
vt 0.093226 0.331391
vt 0.093306 0.331391
vt 0.117819 0.274416
f 429/3219/429 431/3220/431 430/3221/430 428/3222/428
vt 0.093306 0.389482
vt 0.104090 0.408224
vt 0.272188 0.408224
vt 0.264296 0.389482
f 433/3223/433 435/3224/435 434/3225/434 432/3226/432
vt 0.093306 0.331391
vt 0.093306 0.389482
vt 0.264296 0.389482
vt 0.264296 0.331391
f 437/3227/437 439/3228/439 438/3229/438 436/3230/436
vt 0.093226 0.389482
vt 0.104011 0.408224
vt 0.104090 0.408224
vt 0.093306 0.389482
f 441/3231/441 443/3232/443 442/3233/442 440/3234/440
vt 0.093226 0.331391
vt 0.093226 0.389482
vt 0.093306 0.389482
vt 0.093306 0.331391
f 445/3235/445 447/3236/447 446/3237/446 444/3238/444
vt 0.000000 1.000000
vt 0.000000 1.000000
vt 0.000000 1.000000
vt 0.000000 1.000000
f 449/3239/449 451/3240/451 450/3241/450 448/3242/448
vt 0.923934 0.389482
vt 0.920676 0.408224
vt 0.990004 0.408224
vt 0.994456 0.389482
f 452/3243/452 455/3244/455 454/3245/454 453/3246/453
vt 0.800562 0.408224
vt 0.563263 0.408224
vt 0.580172 0.408186
vt 0.920676 0.408224
f 457/3247/457 458/3248/458 459/3249/459 456/3250/456
vt 0.000000 1.000000
vt 0.000000 1.000000
vt 0.000000 1.000000
vt 0.000000 1.000000
f 461/3251/461 462/3252/462 463/3253/463 460/3254/460
usemtl tex1_0
v 0.004538 24.013201 -14.776800
vn 0.999999 -0.000815 -0.001198
v 0.148425 125.115997 36.582699
vn 0.999999 -0.000815 -0.001198
v 0.148425 112.889999 44.895802
vn 0.999999 -0.000815 -0.001198
v 65.763702 96.785103 -149.011002
vn 0.894297 -0.418294 0.158945
v 42.343498 44.041100 -156.044006
vn 0.894297 -0.418294 0.158945
v 63.948601 95.282799 -142.751999
vn 0.894297 -0.418294 0.158945
v 65.763702 96.785103 -149.011002
vn -0.894297 0.418294 -0.158945
v 42.343498 44.041100 -156.044006
vn -0.894297 0.418294 -0.158945
v 63.948601 95.282799 -142.751999
vn -0.894297 0.418294 -0.158945
v 42.343498 44.041100 -156.044006
vn -0.946748 0.287134 -0.145680
v 47.524200 93.780602 -91.676598
vn -0.946748 0.287134 -0.145680
v 45.461700 89.774696 -86.168404
vn -0.946748 0.287134 -0.145680
v -42.343498 44.041100 -156.044006
vn -0.946748 -0.287134 0.145680
v -47.524200 93.780602 -91.676598
vn -0.946748 -0.287134 0.145680
v -45.461700 89.774696 -86.168404
vn -0.946748 -0.287134 0.145680
v 42.343498 44.041100 -156.044006
vn 0.946748 -0.287134 0.145680
v 47.524200 93.780602 -91.676598
vn 0.946748 -0.287134 0.145680
v 45.461700 89.774696 -86.168404
vn 0.946748 -0.287134 0.145680
v -42.343498 44.041100 -156.044006
vn 0.946748 0.287134 -0.145680
v -47.524200 93.780602 -91.676598
vn 0.946748 0.287134 -0.145680
v -45.461700 89.774696 -86.168404
vn 0.946748 0.287134 -0.145680
v 42.343498 44.041100 -156.044006
vn -0.997749 -0.034893 -0.057265
v 36.257599 55.724400 -57.125500
vn -0.997749 -0.034893 -0.057265
v 36.514000 49.214699 -57.626301
vn -0.997749 -0.034893 -0.057265
v -42.343498 44.041100 -156.044006
vn -0.997749 0.034893 0.057265
v -36.257599 55.724400 -57.125500
vn -0.997749 0.034893 0.057265
v -36.514000 49.214699 -57.626301
vn -0.997749 0.034893 0.057265
v 42.343498 44.041100 -156.044006
vn 0.997749 0.034893 0.057265
v 36.257599 55.724400 -57.125500
vn 0.997749 0.034893 0.057265
v 36.514000 49.214699 -57.626301
vn 0.997749 0.034893 0.057265
v -42.343498 44.041100 -156.044006
vn 0.997749 -0.034893 -0.057265
v -36.257599 55.724400 -57.125500
vn 0.997749 -0.034893 -0.057265
v -36.514000 49.214699 -57.626301
vn 0.997749 -0.034893 -0.057265
v 42.343498 44.041100 -156.044006
vn -0.991708 0.104523 -0.074764
v 39.587002 79.509499 -69.894402
vn -0.991708 0.104523 -0.074764
v 38.776299 73.250298 -67.891403
vn -0.991708 0.104523 -0.074764
v -42.343498 44.041100 -156.044006
vn -0.991708 -0.104523 0.074764
v -39.587002 79.509499 -69.894402
vn -0.991708 -0.104523 0.074764
v -38.776299 73.250298 -67.891403
vn -0.991708 -0.104523 0.074764
v 42.343498 44.041100 -156.044006
vn 0.991708 -0.104523 0.074764
v 39.587002 79.509499 -69.894402
vn 0.991708 -0.104523 0.074764
v 38.776299 73.250298 -67.891403
vn 0.991708 -0.104523 0.074764
v -42.343498 44.041100 -156.044006
vn 0.991708 0.104523 -0.074764
v -39.587002 79.509499 -69.894402
vn 0.991708 0.104523 -0.074764
v -38.776299 73.250298 -67.891403
vn 0.991708 0.104523 -0.074764
v 42.343498 44.041100 -156.044006
vn -0.919821 0.363008 -0.148842
v 57.326199 96.284302 -121.220001
vn -0.919821 0.363008 -0.148842
v 55.360802 94.281403 -113.959000
vn -0.919821 0.363008 -0.148842
v -42.343498 44.041100 -156.044006
vn -0.919821 -0.363008 0.148842
v -57.326199 96.284302 -121.220001
vn -0.919821 -0.363008 0.148842
v -55.360802 94.281403 -113.959000
vn -0.919821 -0.363008 0.148842
v 42.343498 44.041100 -156.044006
vn 0.919821 -0.363008 0.148842
v 57.326199 96.284302 -121.220001
vn 0.919821 -0.363008 0.148842
v 55.360802 94.281403 -113.959000
vn 0.919821 -0.363008 0.148842
v -42.343498 44.041100 -156.044006
vn 0.919821 0.363008 -0.148842
v -57.326199 96.284302 -121.220001
vn 0.919821 0.363008 -0.148842
v -55.360802 94.281403 -113.959000
vn 0.919821 0.363008 -0.148842
v -42.343498 44.041100 -156.044006
vn -0.894297 -0.418294 0.158945
v -65.763702 96.785103 -149.011002
vn -0.894297 -0.418294 0.158945
v -63.948601 95.282799 -142.751999
vn -0.894297 -0.418294 0.158945
v -42.343498 44.041100 -156.044006
vn 0.894297 0.418294 -0.158945
v -65.763702 96.785103 -149.011002
vn 0.894297 0.418294 -0.158945
v -63.948601 95.282799 -142.751999
vn 0.894297 0.418294 -0.158945
v 42.343498 44.041100 -156.044006
vn -0.994449 0.078180 -0.070417
v 37.011700 61.482899 -61.381802
vn -0.994449 0.078180 -0.070417
v 36.257599 55.724400 -57.125500
vn -0.994449 0.078180 -0.070417
v -42.343498 44.041100 -156.044006
vn -0.994449 -0.078180 0.070417
v -37.011700 61.482899 -61.381802
vn -0.994449 -0.078180 0.070417
v -36.257599 55.724400 -57.125500
vn -0.994449 -0.078180 0.070417
v 42.343498 44.041100 -156.044006
vn 0.994449 -0.078180 0.070417
v 37.011700 61.482899 -61.381802
vn 0.994449 -0.078180 0.070417
v 36.257599 55.724400 -57.125500
vn 0.994449 -0.078180 0.070417
v -42.343498 44.041100 -156.044006
vn 0.994449 0.078180 -0.070417
v -37.011700 61.482899 -61.381802
vn 0.994449 0.078180 -0.070417
v -36.257599 55.724400 -57.125500
vn 0.994449 0.078180 -0.070417
v 42.343498 44.041100 -156.044006
vn -0.998171 0.009886 -0.059644
v 36.514000 49.214699 -57.626301
vn -0.998171 0.009886 -0.059644
v 36.257599 41.453300 -54.621799
vn -0.998171 0.009886 -0.059644
v -42.343498 44.041100 -156.044006
vn -0.998171 -0.009886 0.059644
v -36.514000 49.214699 -57.626301
vn -0.998171 -0.009886 0.059644
v -36.257599 41.453300 -54.621799
vn -0.998171 -0.009886 0.059644
v 42.343498 44.041100 -156.044006
vn 0.998171 -0.009886 0.059644
v 36.514000 49.214699 -57.626301
vn 0.998171 -0.009886 0.059644
v 36.257599 41.453300 -54.621799
vn 0.998171 -0.009886 0.059644
v -42.343498 44.041100 -156.044006
vn 0.998171 0.009886 -0.059644
v -36.514000 49.214699 -57.626301
vn 0.998171 0.009886 -0.059644
v -36.257599 41.453300 -54.621799
vn 0.998171 0.009886 -0.059644
v 42.343498 44.041100 -156.044006
vn -0.806893 0.497056 -0.319153
v 50.340900 93.530296 -99.187698
vn -0.806893 0.497056 -0.319153
v 47.524200 93.780602 -91.676598
vn -0.806893 0.497056 -0.319153
v -42.343498 44.041100 -156.044006
vn -0.806893 -0.497056 0.319153
v -50.340900 93.530296 -99.187698
vn -0.806893 -0.497056 0.319153
v -47.524200 93.780602 -91.676598
vn -0.806893 -0.497056 0.319153
v 42.343498 44.041100 -156.044006
vn 0.806893 -0.497056 0.319153
v 50.340900 93.530296 -99.187698
vn 0.806893 -0.497056 0.319153
v 47.524200 93.780602 -91.676598
vn 0.806893 -0.497056 0.319153
v -42.343498 44.041100 -156.044006
vn 0.806893 0.497056 -0.319153
v -50.340900 93.530296 -99.187698
vn 0.806893 0.497056 -0.319153
v -47.524200 93.780602 -91.676598
vn 0.806893 0.497056 -0.319153
v 42.343498 44.041100 -156.044006
vn -0.817024 0.463205 -0.343386
v 59.805000 94.531700 -129.481995
vn -0.817024 0.463205 -0.343386
v 57.326199 96.284302 -121.220001
vn -0.817024 0.463205 -0.343386
v -42.343498 44.041100 -156.044006
vn -0.817024 -0.463205 0.343386
v -59.805000 94.531700 -129.481995
vn -0.817024 -0.463205 0.343386
v -57.326199 96.284302 -121.220001
vn -0.817024 -0.463205 0.343386
v 42.343498 44.041100 -156.044006
vn 0.817024 -0.463205 0.343386
v 59.805000 94.531700 -129.481995
vn 0.817024 -0.463205 0.343386
v 57.326199 96.284302 -121.220001
vn 0.817024 -0.463205 0.343386
v -42.343498 44.041100 -156.044006
vn 0.817024 0.463205 -0.343386
v -59.805000 94.531700 -129.481995
vn 0.817024 0.463205 -0.343386
v -57.326199 96.284302 -121.220001
vn 0.817024 0.463205 -0.343386
v 42.343498 44.041100 -156.044006
vn -0.979474 0.176142 -0.098000
v 38.776299 73.250298 -67.891403
vn -0.979474 0.176142 -0.098000
v 37.324699 68.242897 -62.383301
vn -0.979474 0.176142 -0.098000
v -42.343498 44.041100 -156.044006
vn -0.979474 -0.176142 0.098000
v -38.776299 73.250298 -67.891403
vn -0.979474 -0.176142 0.098000
v -37.324699 68.242897 -62.383301
vn -0.979474 -0.176142 0.098000
v 42.343498 44.041100 -156.044006
vn 0.979474 -0.176142 0.098000
v 38.776299 73.250298 -67.891403
vn 0.979474 -0.176142 0.098000
v 37.324699 68.242897 -62.383301
vn 0.979474 -0.176142 0.098000
v -42.343498 44.041100 -156.044006
vn 0.979474 0.176142 -0.098000
v -38.776299 73.250298 -67.891403
vn 0.979474 0.176142 -0.098000
v -37.324699 68.242897 -62.383301
vn 0.979474 0.176142 -0.098000
v 42.343498 44.041100 -156.044006
vn -0.879375 0.415419 -0.232650
v 45.461700 89.774696 -86.168404
vn -0.879375 0.415419 -0.232650
v 43.214401 88.522903 -79.909203
vn -0.879375 0.415419 -0.232650
v -42.343498 44.041100 -156.044006
vn -0.879375 -0.415419 0.232650
v -45.461700 89.774696 -86.168404
vn -0.879375 -0.415419 0.232650
v -43.214401 88.522903 -79.909203
vn -0.879375 -0.415419 0.232650
v 42.343498 44.041100 -156.044006
vn 0.879375 -0.415419 0.232650
v 45.461700 89.774696 -86.168404
vn 0.879375 -0.415419 0.232650
v 43.214401 88.522903 -79.909203
vn 0.879375 -0.415419 0.232650
v -42.343498 44.041100 -156.044006
vn 0.879375 0.415419 -0.232650
v -45.461700 89.774696 -86.168404
vn 0.879375 0.415419 -0.232650
v -43.214401 88.522903 -79.909203
vn 0.879375 0.415419 -0.232650
v 42.343498 44.041100 -156.044006
vn -0.950974 0.274084 -0.143270
v 41.464802 83.014702 -75.652901
vn -0.950974 0.274084 -0.143270
v 39.587002 79.509499 -69.894402
vn -0.950974 0.274084 -0.143270
v -42.343498 44.041100 -156.044006
vn -0.950974 -0.274084 0.143270
v -41.464802 83.014702 -75.652901
vn -0.950974 -0.274084 0.143270
v -39.587002 79.509499 -69.894402
vn -0.950974 -0.274084 0.143270
v 42.343498 44.041100 -156.044006
vn 0.950974 -0.274084 0.143270
v 41.464802 83.014702 -75.652901
vn 0.950974 -0.274084 0.143270
v 39.587002 79.509499 -69.894402
vn 0.950974 -0.274084 0.143270
v -42.343498 44.041100 -156.044006
vn 0.950974 0.274084 -0.143270
v -41.464802 83.014702 -75.652901
vn 0.950974 0.274084 -0.143270
v -39.587002 79.509499 -69.894402
vn 0.950974 0.274084 -0.143270
v 42.343498 44.041100 -156.044006
vn -0.837269 0.437944 -0.327392
v 63.948601 95.282799 -142.751999
vn -0.837269 0.437944 -0.327392
v 62.058201 96.534599 -136.242996
vn -0.837269 0.437944 -0.327392
v -42.343498 44.041100 -156.044006
vn -0.837269 -0.437944 0.327392
v -63.948601 95.282799 -142.751999
vn -0.837269 -0.437944 0.327392
v -62.058201 96.534599 -136.242996
vn -0.837269 -0.437944 0.327392
v 42.343498 44.041100 -156.044006
vn 0.837269 -0.437944 0.327392
v 63.948601 95.282799 -142.751999
vn 0.837269 -0.437944 0.327392
v 62.058201 96.534599 -136.242996
vn 0.837269 -0.437944 0.327392
v -42.343498 44.041100 -156.044006
vn 0.837269 0.437944 -0.327392
v -63.948601 95.282799 -142.751999
vn 0.837269 0.437944 -0.327392
v -62.058201 96.534599 -136.242996
vn 0.837269 0.437944 -0.327392
v 42.343498 44.041100 -156.044006
vn -0.817254 0.479506 -0.319641
v 55.360802 94.281403 -113.959000
vn -0.817254 0.479506 -0.319641
v 53.157600 95.533203 -106.447998
vn -0.817254 0.479506 -0.319641
v -42.343498 44.041100 -156.044006
vn -0.817254 -0.479506 0.319641
v -55.360802 94.281403 -113.959000
vn -0.817254 -0.479506 0.319641
v -53.157600 95.533203 -106.447998
vn -0.817254 -0.479506 0.319641
v 42.343498 44.041100 -156.044006
vn 0.817254 -0.479506 0.319641
v 55.360802 94.281403 -113.959000
vn 0.817254 -0.479506 0.319641
v 53.157600 95.533203 -106.447998
vn 0.817254 -0.479506 0.319641
v -42.343498 44.041100 -156.044006
vn 0.817254 0.479506 -0.319641
v -55.360802 94.281403 -113.959000
vn 0.817254 0.479506 -0.319641
v -53.157600 95.533203 -106.447998
vn 0.817254 0.479506 -0.319641
v 42.343498 44.041100 -156.044006
vn -0.997335 0.036850 -0.062964
v 37.324699 68.242897 -62.383301
vn -0.997335 0.036850 -0.062964
v 37.011700 61.482899 -61.381802
vn -0.997335 0.036850 -0.062964
v -42.343498 44.041100 -156.044006
vn -0.997335 -0.036850 0.062964
v -37.324699 68.242897 -62.383301
vn -0.997335 -0.036850 0.062964
v -37.011700 61.482899 -61.381802
vn -0.997335 -0.036850 0.062964
v 42.343498 44.041100 -156.044006
vn 0.997335 -0.036850 0.062964
v 37.324699 68.242897 -62.383301
vn 0.997335 -0.036850 0.062964
v 37.011700 61.482899 -61.381802
vn 0.997335 -0.036850 0.062964
v -42.343498 44.041100 -156.044006
vn 0.997335 0.036850 -0.062964
v -37.324699 68.242897 -62.383301
vn 0.997335 0.036850 -0.062964
v -37.011700 61.482899 -61.381802
vn 0.997335 0.036850 -0.062964
v 42.343498 44.041100 -156.044006
vn -0.883660 0.407503 -0.230406
v 53.157600 95.533203 -106.447998
vn -0.883660 0.407503 -0.230406
v 50.340900 93.530296 -99.187698
vn -0.883660 0.407503 -0.230406
v -42.343498 44.041100 -156.044006
vn -0.883660 -0.407503 0.230406
v -53.157600 95.533203 -106.447998
vn -0.883660 -0.407503 0.230406
v -50.340900 93.530296 -99.187698
vn -0.883660 -0.407503 0.230406
v 42.343498 44.041100 -156.044006
vn 0.883660 -0.407503 0.230406
v 53.157600 95.533203 -106.447998
vn 0.883660 -0.407503 0.230406
v 50.340900 93.530296 -99.187698
vn 0.883660 -0.407503 0.230406
v -42.343498 44.041100 -156.044006
vn 0.883660 0.407503 -0.230406
v -53.157600 95.533203 -106.447998
vn 0.883660 0.407503 -0.230406
v -50.340900 93.530296 -99.187698
vn 0.883660 0.407503 -0.230406
v -42.343498 44.041100 -156.044006
vn 0.821603 0.416693 -0.389019
v -65.763702 96.785103 -149.011002
vn 0.821603 0.416693 -0.389019
v -67.817497 94.268700 -156.044006
vn 0.821603 0.416693 -0.389019
v -42.343498 44.041100 -156.044006
vn -0.821603 -0.416693 0.389019
v -65.763702 96.785103 -149.011002
vn -0.821603 -0.416693 0.389019
v -67.817497 94.268700 -156.044006
vn -0.821603 -0.416693 0.389019
v 42.343498 44.041100 -156.044006
vn -0.969009 0.217957 -0.116257
v 43.214401 88.522903 -79.909203
vn -0.969009 0.217957 -0.116257
v 41.464802 83.014702 -75.652901
vn -0.969009 0.217957 -0.116257
v -42.343498 44.041100 -156.044006
vn -0.969009 -0.217957 0.116257
v -43.214401 88.522903 -79.909203
vn -0.969009 -0.217957 0.116257
v -41.464802 83.014702 -75.652901
vn -0.969009 -0.217957 0.116257
v 42.343498 44.041100 -156.044006
vn 0.969009 -0.217957 0.116257
v 43.214401 88.522903 -79.909203
vn 0.969009 -0.217957 0.116257
v 41.464802 83.014702 -75.652901
vn 0.969009 -0.217957 0.116257
v -42.343498 44.041100 -156.044006
vn 0.969009 0.217957 -0.116257
v -43.214401 88.522903 -79.909203
vn 0.969009 0.217957 -0.116257
v -41.464802 83.014702 -75.652901
vn 0.969009 0.217957 -0.116257
v 42.343498 44.041100 -156.044006
vn -0.896878 0.404393 -0.179099
v 62.058201 96.534599 -136.242996
vn -0.896878 0.404393 -0.179099
v 59.805000 94.531700 -129.481995
vn -0.896878 0.404393 -0.179099
v -42.343498 44.041100 -156.044006
vn -0.896878 -0.404393 0.179099
v -62.058201 96.534599 -136.242996
vn -0.896878 -0.404393 0.179099
v -59.805000 94.531700 -129.481995
vn -0.896878 -0.404393 0.179099
v 42.343498 44.041100 -156.044006
vn 0.896878 -0.404393 0.179099
v 62.058201 96.534599 -136.242996
vn 0.896878 -0.404393 0.179099
v 59.805000 94.531700 -129.481995
vn 0.896878 -0.404393 0.179099
v -42.343498 44.041100 -156.044006
vn 0.896878 0.404393 -0.179099
v -62.058201 96.534599 -136.242996
vn 0.896878 0.404393 -0.179099
v -59.805000 94.531700 -129.481995
vn 0.896878 0.404393 -0.179099
v 67.817497 94.268700 -156.044006
vn -0.821603 0.416693 -0.389019
v 65.763702 96.785103 -149.011002
vn -0.821603 0.416693 -0.389019
v 42.343498 44.041100 -156.044006
vn -0.821603 0.416693 -0.389019
v 67.817497 94.268700 -156.044006
vn 0.821603 -0.416693 0.389019
v 65.763702 96.785103 -149.011002
vn 0.821603 -0.416693 0.389019
v 42.343498 44.041100 -156.044006
vn 0.821603 -0.416693 0.389019
v 0.004538 24.013201 -14.776800
vn -0.999999 0.001084 0.000887
v 0.148425 133.917999 13.110500
vn -0.999999 0.001084 0.000887
v 0.148425 125.115997 23.868700
vn -0.999999 0.001084 0.000887
v 0.004538 24.013201 -14.776800
vn 0.999999 -0.001084 -0.000887
v 0.148425 133.917999 13.110500
vn 0.999999 -0.001084 -0.000887
v 0.148425 125.115997 23.868700
vn 0.999999 -0.001084 -0.000887
v 0.004538 24.013201 -14.776800
vn 0.999999 -0.001242 -0.000267
v 0.148425 138.460999 -8.067850
vn 0.999999 -0.001242 -0.000267
v 0.148425 139.897003 -14.733700
vn 0.999999 -0.001242 -0.000267
v 0.004538 24.013201 -14.776800
vn -0.999999 0.001242 0.000267
v 0.148425 138.460999 -8.067850
vn -0.999999 0.001242 0.000267
v 0.148425 139.897003 -14.733700
vn -0.999999 0.001242 0.000267
v 0.004538 24.013201 -14.776800
vn -0.999999 0.000261 0.001392
v 0.148425 87.462303 76.681099
vn -0.999999 0.000261 0.001392
v 0.148425 71.814102 79.615196
vn -0.999999 0.000261 0.001392
v 0.004538 24.013201 -14.776800
vn 0.999999 -0.000261 -0.001392
v 0.148425 87.462303 76.681099
vn 0.999999 -0.000261 -0.001392
v 0.148425 71.814102 79.615196
vn 0.999999 -0.000261 -0.001392
v 0.004538 24.013201 -14.776800
vn -0.999999 0.000117 0.001285
v 0.148425 34.649799 96.241302
vn -0.999999 0.000117 0.001285
v 0.148425 23.891800 97.219398
vn -0.999999 0.000117 0.001285
v 0.004538 24.013201 -14.776800
vn 0.999999 -0.000117 -0.001285
v 0.148425 34.649799 96.241302
vn 0.999999 -0.000117 -0.001285
v 0.148425 23.891800 97.219398
vn 0.999999 -0.000117 -0.001285
v 0.004538 24.013201 -14.776800
vn -0.999999 0.001423 0.000000
v 0.148425 125.115997 23.868700
vn -0.999999 0.001423 0.000000
v 0.148425 125.115997 36.582699
vn -0.999999 0.001423 0.000000
v 0.004538 24.013201 -14.776800
vn 0.999999 -0.001423 0.000000
v 0.148425 125.115997 23.868700
vn 0.999999 -0.001423 0.000000
v 0.148425 125.115997 36.582699
vn 0.999999 -0.001423 0.000000
v 0.004538 24.013201 -14.776800
vn -0.999999 0.001422 0.000294
v 0.148425 112.889999 44.895802
vn -0.999999 0.001422 0.000294
v 0.148425 109.957001 59.077000
vn -0.999999 0.001422 0.000294
v 0.004538 24.013201 -14.776800
vn 0.999999 -0.001422 -0.000294
v 0.148425 112.889999 44.895802
vn 0.999999 -0.001422 -0.000294
v 0.148425 109.957001 59.077000
vn 0.999999 -0.001422 -0.000294
v 0.004538 24.013201 -14.776800
vn -0.999999 0.001349 -0.000156
v 0.148425 132.451004 0.396426
vn -0.999999 0.001349 -0.000156
v 0.148425 133.917999 13.110500
vn -0.999999 0.001349 -0.000156
v 0.004538 24.013201 -14.776800
vn 0.999999 -0.001349 0.000156
v 0.148425 132.451004 0.396426
vn 0.999999 -0.001349 0.000156
v 0.148425 133.917999 13.110500
vn 0.999999 -0.001349 0.000156
v 0.004538 24.013201 -14.776800
vn -0.999999 0.001012 0.001012
v 0.148425 71.814102 79.615196
vn -0.999999 0.001012 0.001012
v 0.148425 60.567001 90.862297
vn -0.999999 0.001012 0.001012
v 0.004538 24.013201 -14.776800
vn 0.999999 -0.001012 -0.001012
v 0.148425 71.814102 79.615196
vn 0.999999 -0.001012 -0.001012
v 0.148425 60.567001 90.862297
vn 0.999999 -0.001012 -0.001012
v 0.004538 24.013201 -14.776800
vn -0.999999 0.001113 0.000801
v 0.148425 96.264397 64.456001
vn -0.999999 0.001113 0.000801
v 0.148425 87.462303 76.681099
vn -0.999999 0.001113 0.000801
v 0.004538 24.013201 -14.776800
vn 0.999999 -0.001113 -0.000801
v 0.148425 96.264397 64.456001
vn 0.999999 -0.001113 -0.000801
v 0.148425 87.462303 76.681099
vn 0.999999 -0.001113 -0.000801
v 0.004538 24.013201 -14.776800
vn -0.999999 0.000702 0.001229
v 0.148425 44.918900 90.373299
vn -0.999999 0.000702 0.001229
v 0.148425 34.649799 96.241302
vn -0.999999 0.000702 0.001229
v 0.004538 24.013201 -14.776800
vn 0.999999 -0.000702 -0.001229
v 0.148425 44.918900 90.373299
vn 0.999999 -0.000702 -0.001229
v 0.148425 34.649799 96.241302
vn 0.999999 -0.000702 -0.001229
v 0.004538 24.013201 -14.776800
vn -0.999999 0.000525 0.001337
v 0.148425 109.957001 59.077000
vn -0.999999 0.000525 0.001337
v 0.148425 96.264397 64.456001
vn -0.999999 0.000525 0.001337
v 0.004538 24.013201 -14.776800
vn 0.999999 -0.000525 -0.001337
v 0.148425 109.957001 59.077000
vn 0.999999 -0.000525 -0.001337
v 0.148425 96.264397 64.456001
vn 0.999999 -0.000525 -0.001337
v 0.004538 24.013201 -14.776800
vn -0.999999 0.001207 0.000857
v 0.148425 138.460999 -8.067850
vn -0.999999 0.001207 0.000857
v 0.148425 132.451004 0.396426
vn -0.999999 0.001207 0.000857
v 0.004538 24.013201 -14.776800
vn 0.999999 -0.001207 -0.000857
v 0.148425 138.460999 -8.067850
vn 0.999999 -0.001207 -0.000857
v 0.148425 132.451004 0.396426
vn 0.999999 -0.001207 -0.000857
v 0.004538 24.013201 -14.776800
vn -0.999999 -0.000043 0.001377
v 0.148425 60.567001 90.862297
vn -0.999999 -0.000043 0.001377
v 0.148425 44.918900 90.373299
vn -0.999999 -0.000043 0.001377
v 0.004538 24.013201 -14.776800
vn 0.999999 0.000043 -0.001377
v 0.148425 60.567001 90.862297
vn 0.999999 0.000043 -0.001377
v 0.148425 44.918900 90.373299
vn 0.999999 0.000043 -0.001377
v 0.004538 24.013201 -14.776800
vn -0.999999 0.000815 0.001198
v 0.148425 125.115997 36.582699
vn -0.999999 0.000815 0.001198
v 0.148425 112.889999 44.895802
vn -0.999999 0.000815 0.001198
vt 0.002259 0.973212
vt 0.005630 0.774840
vt 0.084093 0.885022
f 1150/3255/1150 1152/3256/1152 1151/3257/1151
vt 0.005236 0.972859
vt 0.190734 0.993269
vt 0.079490 0.879784
f 1154/3258/1154 1155/3259/1155 1153/3260/1153
vt 0.079490 0.879784
vt 0.190734 0.993269
vt 0.005236 0.972859
f 1156/3261/1156 1158/3262/1158 1157/3263/1157
vt 0.079533 0.879751
vt 0.190884 0.993361
vt 0.005236 0.972859
f 1160/3264/1160 1161/3265/1161 1159/3266/1159
vt 0.079533 0.879751
vt 0.190884 0.993361
vt 0.005236 0.972859
f 1163/3267/1163 1164/3268/1164 1162/3269/1162
vt 0.005236 0.972859
vt 0.190884 0.993361
vt 0.079533 0.879751
f 1165/3270/1165 1167/3271/1167 1166/3272/1166
vt 0.005236 0.972859
vt 0.190884 0.993361
vt 0.079533 0.879751
f 1168/3273/1168 1170/3274/1170 1169/3275/1169
vt 0.079559 0.879692
vt 0.190865 0.993293
vt 0.005236 0.972859
f 1172/3276/1172 1173/3277/1173 1171/3278/1171
vt 0.079559 0.879692
vt 0.190865 0.993293
vt 0.005236 0.972859
f 1175/3279/1175 1176/3280/1176 1174/3281/1174
vt 0.005236 0.972859
vt 0.190865 0.993293
vt 0.079559 0.879692
f 1177/3282/1177 1179/3283/1179 1178/3284/1178
vt 0.005236 0.972859
vt 0.190865 0.993293
vt 0.079559 0.879692
f 1180/3285/1180 1182/3286/1182 1181/3287/1181
vt 0.079496 0.879744
vt 0.190862 0.993302
vt 0.005236 0.972859
f 1184/3288/1184 1185/3289/1185 1183/3290/1183
vt 0.079496 0.879744
vt 0.190862 0.993302
vt 0.005236 0.972859
f 1187/3291/1187 1188/3292/1188 1186/3293/1186
vt 0.005236 0.972859
vt 0.190862 0.993302
vt 0.079496 0.879744
f 1189/3294/1189 1191/3295/1191 1190/3296/1190
vt 0.005236 0.972859
vt 0.190862 0.993302
vt 0.079496 0.879744
f 1192/3297/1192 1194/3298/1194 1193/3299/1193
vt 0.079505 0.879757
vt 0.190801 0.993264
vt 0.005236 0.972859
f 1196/3300/1196 1197/3301/1197 1195/3302/1195
vt 0.079505 0.879757
vt 0.190801 0.993264
vt 0.005236 0.972859
f 1199/3303/1199 1200/3304/1200 1198/3305/1198
vt 0.005236 0.972859
vt 0.190801 0.993264
vt 0.079505 0.879757
f 1201/3306/1201 1203/3307/1203 1202/3308/1202
vt 0.005236 0.972859
vt 0.190801 0.993264
vt 0.079505 0.879757
f 1204/3309/1204 1206/3310/1206 1205/3311/1205
vt 0.079490 0.879784
vt 0.190734 0.993269
vt 0.005236 0.972859
f 1208/3312/1208 1209/3313/1209 1207/3314/1207
vt 0.005236 0.972859
vt 0.190734 0.993269
vt 0.079490 0.879784
f 1210/3315/1210 1212/3316/1212 1211/3317/1211
vt 0.005269 0.775277
vt 0.079559 0.879692
vt 0.005236 0.972859
f 1214/3318/1214 1215/3319/1215 1213/3320/1213
vt 0.005269 0.775277
vt 0.079559 0.879692
vt 0.005236 0.972859
f 1217/3321/1217 1218/3322/1218 1216/3323/1216
vt 0.005236 0.972859
vt 0.079559 0.879692
vt 0.005269 0.775277
f 1219/3324/1219 1221/3325/1221 1220/3326/1220
vt 0.005236 0.972859
vt 0.079559 0.879692
vt 0.005269 0.775277
f 1222/3327/1222 1224/3328/1224 1223/3329/1223
vt 0.190865 0.993293
vt 0.079548 0.879701
vt 0.005236 0.972859
f 1226/3330/1226 1227/3331/1227 1225/3332/1225
vt 0.190865 0.993293
vt 0.079548 0.879701
vt 0.005236 0.972859
f 1229/3333/1229 1230/3334/1230 1228/3335/1228
vt 0.005236 0.972859
vt 0.079548 0.879701
vt 0.190865 0.993293
f 1231/3336/1231 1233/3337/1233 1232/3338/1232
vt 0.005236 0.972859
vt 0.079548 0.879701
vt 0.190865 0.993293
f 1234/3339/1234 1236/3340/1236 1235/3341/1235
vt 0.005245 0.775260
vt 0.079533 0.879751
vt 0.005236 0.972859
f 1238/3342/1238 1239/3343/1239 1237/3344/1237
vt 0.005245 0.775260
vt 0.079533 0.879751
vt 0.005236 0.972859
f 1241/3345/1241 1242/3346/1242 1240/3347/1240
vt 0.005236 0.972859
vt 0.079533 0.879751
vt 0.005245 0.775260
f 1243/3348/1243 1245/3349/1245 1244/3350/1244
vt 0.005236 0.972859
vt 0.079533 0.879751
vt 0.005245 0.775260
f 1246/3351/1246 1248/3352/1248 1247/3353/1247
vt 0.005205 0.775326
vt 0.079505 0.879757
vt 0.005236 0.972859
f 1250/3354/1250 1251/3355/1251 1249/3356/1249
vt 0.005205 0.775326
vt 0.079505 0.879757
vt 0.005236 0.972859
f 1253/3357/1253 1254/3358/1254 1252/3359/1252
vt 0.005236 0.972859
vt 0.079505 0.879757
vt 0.005205 0.775326
f 1255/3360/1255 1257/3361/1257 1256/3362/1256
vt 0.005236 0.972859
vt 0.079505 0.879757
vt 0.005205 0.775326
f 1258/3363/1258 1260/3364/1260 1259/3365/1259
vt 0.190862 0.993302
vt 0.079504 0.879752
vt 0.005236 0.972859
f 1262/3366/1262 1263/3367/1263 1261/3368/1261
vt 0.190862 0.993302
vt 0.079504 0.879752
vt 0.005236 0.972859
f 1265/3369/1265 1266/3370/1266 1264/3371/1264
vt 0.005236 0.972859
vt 0.079504 0.879752
vt 0.190862 0.993302
f 1267/3372/1267 1269/3373/1269 1268/3374/1268
vt 0.005236 0.972859
vt 0.079504 0.879752
vt 0.190862 0.993302
f 1270/3375/1270 1272/3376/1272 1271/3377/1271
vt 0.190884 0.993361
vt 0.079497 0.879777
vt 0.005236 0.972859
f 1274/3378/1274 1275/3379/1275 1273/3380/1273
vt 0.190884 0.993361
vt 0.079497 0.879777
vt 0.005236 0.972859
f 1277/3381/1277 1278/3382/1278 1276/3383/1276
vt 0.005236 0.972859
vt 0.079497 0.879777
vt 0.190884 0.993361
f 1279/3384/1279 1281/3385/1281 1280/3386/1280
vt 0.005236 0.972859
vt 0.079497 0.879777
vt 0.190884 0.993361
f 1282/3387/1282 1284/3388/1284 1283/3389/1283
vt 0.005218 0.775259
vt 0.079496 0.879744
vt 0.005236 0.972859
f 1286/3390/1286 1287/3391/1287 1285/3392/1285
vt 0.005218 0.775259
vt 0.079496 0.879744
vt 0.005236 0.972859
f 1289/3393/1289 1290/3394/1290 1288/3395/1288
vt 0.005236 0.972859
vt 0.079496 0.879744
vt 0.005218 0.775259
f 1291/3396/1291 1293/3397/1293 1292/3398/1292
vt 0.005236 0.972859
vt 0.079496 0.879744
vt 0.005218 0.775259
f 1294/3399/1294 1296/3400/1296 1295/3401/1295
vt 0.190734 0.993269
vt 0.079482 0.879803
vt 0.005236 0.972859
f 1298/3402/1298 1299/3403/1299 1297/3404/1297
vt 0.190734 0.993269
vt 0.079482 0.879803
vt 0.005236 0.972859
f 1301/3405/1301 1302/3406/1302 1300/3407/1300
vt 0.005236 0.972859
vt 0.079482 0.879803
vt 0.190734 0.993269
f 1303/3408/1303 1305/3409/1305 1304/3410/1304
vt 0.005236 0.972859
vt 0.079482 0.879803
vt 0.190734 0.993269
f 1306/3411/1306 1308/3412/1308 1307/3413/1307
vt 0.190801 0.993264
vt 0.079472 0.879750
vt 0.005236 0.972859
f 1310/3414/1310 1311/3415/1311 1309/3416/1309
vt 0.190801 0.993264
vt 0.079472 0.879750
vt 0.005236 0.972859
f 1313/3417/1313 1314/3418/1314 1312/3419/1312
vt 0.005236 0.972859
vt 0.079472 0.879750
vt 0.190801 0.993264
f 1315/3420/1315 1317/3421/1317 1316/3422/1316
vt 0.005236 0.972859
vt 0.079472 0.879750
vt 0.190801 0.993264
f 1318/3423/1318 1320/3424/1320 1319/3425/1319
vt 0.079504 0.879752
vt 0.005269 0.775277
vt 0.005236 0.972859
f 1322/3426/1322 1323/3427/1323 1321/3428/1321
vt 0.079504 0.879752
vt 0.005269 0.775277
vt 0.005236 0.972859
f 1325/3429/1325 1326/3430/1326 1324/3431/1324
vt 0.005236 0.972859
vt 0.005269 0.775277
vt 0.079504 0.879752
f 1327/3432/1327 1329/3433/1329 1328/3434/1328
vt 0.005236 0.972859
vt 0.005269 0.775277
vt 0.079504 0.879752
f 1330/3435/1330 1332/3436/1332 1331/3437/1331
vt 0.079472 0.879750
vt 0.005245 0.775260
vt 0.005236 0.972859
f 1334/3438/1334 1335/3439/1335 1333/3440/1333
vt 0.079472 0.879750
vt 0.005245 0.775260
vt 0.005236 0.972859
f 1337/3441/1337 1338/3442/1338 1336/3443/1336
vt 0.005236 0.972859
vt 0.005245 0.775260
vt 0.079472 0.879750
f 1339/3444/1339 1341/3445/1341 1340/3446/1340
vt 0.005236 0.972859
vt 0.005245 0.775260
vt 0.079472 0.879750
f 1342/3447/1342 1344/3448/1344 1343/3449/1343
vt 0.079490 0.879784
vt 0.005221 0.775262
vt 0.005236 0.972859
f 1346/3450/1346 1347/3451/1347 1345/3452/1345
vt 0.005236 0.972859
vt 0.005221 0.775262
vt 0.079490 0.879784
f 1348/3453/1348 1350/3454/1350 1349/3455/1349
vt 0.079497 0.879777
vt 0.005218 0.775259
vt 0.005236 0.972859
f 1352/3456/1352 1353/3457/1353 1351/3458/1351
vt 0.079497 0.879777
vt 0.005218 0.775259
vt 0.005236 0.972859
f 1355/3459/1355 1356/3460/1356 1354/3461/1354
vt 0.005236 0.972859
vt 0.005218 0.775259
vt 0.079497 0.879777
f 1357/3462/1357 1359/3463/1359 1358/3464/1358
vt 0.005236 0.972859
vt 0.005218 0.775259
vt 0.079497 0.879777
f 1360/3465/1360 1362/3466/1362 1361/3467/1361
vt 0.079482 0.879803
vt 0.005205 0.775326
vt 0.005236 0.972859
f 1364/3468/1364 1365/3469/1365 1363/3470/1363
vt 0.079482 0.879803
vt 0.005205 0.775326
vt 0.005236 0.972859
f 1367/3471/1367 1368/3472/1368 1366/3473/1366
vt 0.005236 0.972859
vt 0.005205 0.775326
vt 0.079482 0.879803
f 1369/3474/1369 1371/3475/1371 1370/3476/1370
vt 0.005236 0.972859
vt 0.005205 0.775326
vt 0.079482 0.879803
f 1372/3477/1372 1374/3478/1374 1373/3479/1373
vt 0.079490 0.879784
vt 0.005236 0.972859
vt 0.005221 0.775262
f 1376/3480/1376 1377/3481/1377 1375/3482/1375
vt 0.005221 0.775262
vt 0.005236 0.972859
vt 0.079490 0.879784
f 1378/3483/1378 1380/3484/1380 1379/3485/1379
vt 0.084066 0.884913
vt 0.198104 0.995191
vt 0.002259 0.973212
f 1382/3486/1382 1383/3487/1383 1381/3488/1381
vt 0.002259 0.973212
vt 0.198104 0.995191
vt 0.084066 0.884913
f 1384/3489/1384 1386/3490/1386 1385/3491/1385
vt 0.084042 0.885007
vt 0.198100 0.995108
vt 0.002259 0.973212
f 1388/3492/1388 1389/3493/1389 1387/3494/1387
vt 0.002259 0.973212
vt 0.198100 0.995108
vt 0.084042 0.885007
f 1390/3495/1390 1392/3496/1392 1391/3497/1391
vt 0.084019 0.884923
vt 0.198050 0.995107
vt 0.002259 0.973212
f 1394/3498/1394 1395/3499/1395 1393/3500/1393
vt 0.002259 0.973212
vt 0.198050 0.995107
vt 0.084019 0.884923
f 1396/3501/1396 1398/3502/1398 1397/3503/1397
vt 0.083988 0.885062
vt 0.198050 0.995104
vt 0.002259 0.973212
f 1400/3504/1400 1401/3505/1401 1399/3506/1399
vt 0.002259 0.973212
vt 0.198050 0.995104
vt 0.083988 0.885062
f 1402/3507/1402 1404/3508/1404 1403/3509/1403
vt 0.198104 0.995191
vt 0.084093 0.885022
vt 0.002259 0.973212
f 1406/3510/1406 1407/3511/1407 1405/3512/1405
vt 0.002259 0.973212
vt 0.084093 0.885022
vt 0.198104 0.995191
f 1408/3513/1408 1410/3514/1410 1409/3515/1409
vt 0.005630 0.774840
vt 0.084082 0.884962
vt 0.002259 0.973212
f 1412/3516/1412 1413/3517/1413 1411/3518/1411
vt 0.002259 0.973212
vt 0.084082 0.884962
vt 0.005630 0.774840
f 1414/3519/1414 1416/3520/1416 1415/3521/1415
vt 0.005700 0.774958
vt 0.084066 0.884913
vt 0.002259 0.973212
f 1418/3522/1418 1419/3523/1419 1417/3524/1417
vt 0.002259 0.973212
vt 0.084066 0.884913
vt 0.005700 0.774958
f 1420/3525/1420 1422/3526/1422 1421/3527/1421
vt 0.198050 0.995107
vt 0.084059 0.884994
vt 0.002259 0.973212
f 1424/3528/1424 1425/3529/1425 1423/3530/1423
vt 0.002259 0.973212
vt 0.084059 0.884994
vt 0.198050 0.995107
f 1426/3531/1426 1428/3532/1428 1427/3533/1427
vt 0.005714 0.774881
vt 0.084019 0.884923
vt 0.002259 0.973212
f 1430/3534/1430 1431/3535/1431 1429/3536/1429
vt 0.002259 0.973212
vt 0.084019 0.884923
vt 0.005714 0.774881
f 1432/3537/1432 1434/3538/1434 1433/3539/1433
vt 0.005683 0.774958
vt 0.083988 0.885062
vt 0.002259 0.973212
f 1436/3540/1436 1437/3541/1437 1435/3542/1435
vt 0.002259 0.973212
vt 0.083988 0.885062
vt 0.005683 0.774958
f 1438/3543/1438 1440/3544/1440 1439/3545/1439
vt 0.084082 0.884962
vt 0.005714 0.774881
vt 0.002259 0.973212
f 1442/3546/1442 1443/3547/1443 1441/3548/1441
vt 0.002259 0.973212
vt 0.005714 0.774881
vt 0.084082 0.884962
f 1444/3549/1444 1446/3550/1446 1445/3551/1445
vt 0.084042 0.885007
vt 0.005700 0.774958
vt 0.002259 0.973212
f 1448/3552/1448 1449/3553/1449 1447/3554/1447
vt 0.002259 0.973212
vt 0.005700 0.774958
vt 0.084042 0.885007
f 1450/3555/1450 1452/3556/1452 1451/3557/1451
vt 0.084059 0.884994
vt 0.005683 0.774958
vt 0.002259 0.973212
f 1454/3558/1454 1455/3559/1455 1453/3560/1453
vt 0.002259 0.973212
vt 0.005683 0.774958
vt 0.084059 0.884994
f 1456/3561/1456 1458/3562/1458 1457/3563/1457
vt 0.084093 0.885022
vt 0.005630 0.774840
vt 0.002259 0.973212
f 1460/3564/1460 1461/3565/1461 1459/3566/1459
