mtllib ruizong-shield.mtl
usemtl tex0_0
v 20.268801 64.888901 -5.580060
vn -0.696332 -0.702191 -0.148488
v 19.166401 57.850800 22.099001
vn -0.707297 -0.661021 -0.250565
v 11.781700 52.769402 46.128601
vn -0.522561 -0.743394 -0.417486
v 0.001000 51.825699 53.779701
vn -0.000000 -0.825696 -0.564115
v 0.001000 78.701599 -70.523102
vn -0.009901 -0.986863 0.161253
v 11.781700 74.868401 -58.148201
vn -0.563032 -0.823717 0.066978
v 19.166401 69.658401 -33.738899
vn -0.707297 -0.705869 -0.038478
v 35.326199 40.992599 -10.972600
vn -0.936536 -0.342620 -0.074244
v 31.523100 28.043100 38.204399
vn -0.931156 -0.282635 -0.230361
v 18.129999 20.660400 76.867996
vn -0.718591 -0.401687 -0.567693
v 0.001000 16.958700 87.934097
vn -0.000000 -0.425087 -0.905152
v 0.001000 61.489399 -121.068001
vn -0.055557 -0.850419 0.523164
v 17.917700 58.016201 -100.405998
vn -0.784399 -0.552797 0.281306
v 31.410101 49.137001 -61.361198
vn -0.928944 -0.352808 0.112205
v 41.092602 -0.317145 -11.221000
vn -0.963484 0.052508 -0.262568
v 37.324699 -9.706880 45.267799
vn -0.976830 0.012001 -0.213679
v 20.746700 -18.482300 86.004204
vn -0.701490 0.083689 -0.707749
v 0.001000 -21.806000 95.098099
vn 0.023024 0.122750 -0.992171
v 0.001000 30.010799 -155.160995
vn -0.110868 0.381326 0.917768
v 17.642599 28.909500 -137.326996
vn -0.850516 0.025735 0.525320
v 32.752998 18.700800 -82.565002
vn -0.944997 0.184027 0.270396
v 25.912201 -29.900499 -31.551701
vn -0.739596 0.604114 0.296722
v 28.857201 -38.796101 21.812500
vn -0.845167 0.529883 0.070126
v 21.197599 -51.865299 61.246399
vn -0.617419 0.777981 -0.116359
v 0.001000 -53.588001 77.309502
vn -0.040573 0.754971 -0.654502
v 0.001000 6.871610 -101.193001
vn -0.018273 0.999785 0.009820
v 18.096600 4.960190 -88.418701
vn -0.344861 0.839137 0.420618
v 31.651600 -2.613260 -63.454800
vn -0.738278 0.546806 0.394902
v 14.410100 -37.074600 -32.471500
vn -0.346437 0.817482 0.460113
v 17.924601 -45.951199 0.494341
vn -0.471071 0.864446 0.175571
v 10.330300 -51.796902 19.561800
vn -0.219192 0.961225 0.167336
v 0.001000 -54.692600 28.893700
vn 0.000000 0.992150 0.125055
v 0.001000 -10.665400 -69.602798
vn -0.000000 0.816896 0.576785
v 13.626200 -12.030500 -63.834099
vn -0.245631 0.752524 0.611042
v 0.001000 74.136398 -4.387540
vn -0.000000 -0.977899 -0.209080
v 0.001000 -39.833302 -30.238899
vn -0.000000 0.904977 0.425462
v 40.648800 13.989900 -13.153000
vn -0.991439 -0.094502 -0.090101
v 41.141499 9.576120 -40.452000
vn -0.845921 -0.302901 0.438940
v 33.913300 -18.581600 -23.064301
vn -0.691265 0.702984 0.167228
v 41.385101 14.189900 -27.031900
vn -0.842215 -0.527497 -0.111448
v 39.168098 -0.980594 -43.002602
vn -0.604554 0.414786 0.680050
v 60.740799 0.119835 -17.925301
vn -0.676685 0.018988 -0.736028
v 76.048302 16.316200 -44.628899
vn -0.846162 -0.055250 -0.530054
v 78.338799 0.491598 -48.292999
vn -0.588139 0.771545 -0.242510
v 64.413902 -26.539301 -31.031300
vn -0.917704 -0.042451 -0.394991
v 42.657398 6.414270 -20.089300
vn -0.588065 -0.580036 -0.563682
v 61.476101 21.853701 -22.965200
vn -0.397179 -0.154125 -0.904707
v 39.073502 -10.960000 -18.820900
vn -0.381651 0.551651 -0.741636
v 58.589901 -19.958700 -16.369801
vn -0.771952 0.014921 -0.635506
v 68.736504 -5.517020 -56.905499
vn -0.851167 -0.524233 -0.026356
v 68.778801 0.972181 -54.198700
vn 0.261292 0.903280 0.340312
v 47.751999 -27.700399 -25.092800
vn 0.924878 0.128696 0.357825
v 55.887600 -3.937660 -56.122398
vn 0.860196 -0.467784 0.203076
v 60.102200 15.204000 -44.079300
vn 0.810361 -0.040199 0.584550
v 51.438801 22.548599 -28.748100
vn 0.960230 -0.185312 0.208850
v 50.950500 0.771017 -15.875200
vn 0.010215 -0.276807 -0.960871
v 51.425701 14.666400 -22.011200
vn 0.593015 -0.336940 -0.731303
v 46.685398 -19.316401 -14.881500
vn 0.727013 -0.222753 -0.649487
v 67.144997 142.238007 -40.212601
vn -0.640530 -0.086524 -0.763044
v 57.523201 154.798996 -40.610500
vn 0.871463 -0.183268 -0.454933
v 71.411301 160.029007 -48.586601
vn -0.974582 -0.199079 -0.102748
v 62.403099 154.733002 -51.595798
vn 0.588561 -0.083451 0.804134
v 146.835999 7.372660 -167.453995
vn 0.604894 0.645431 0.466393
v 161.160004 15.508700 -188.854996
vn 0.624042 -0.449937 0.638849
v 163.843994 15.072500 -175.787994
vn -0.819377 -0.342462 -0.459718
v 164.673996 7.240390 -177.289993
vn -0.547152 0.795085 -0.261656
v 110.570000 101.013000 -112.435997
vn -0.922168 -0.113285 -0.369828
v 102.379997 106.640999 -118.612999
vn 0.604436 0.014591 0.796520
v 93.096901 114.183998 -104.745003
vn 0.864815 -0.458495 0.204639
v 105.232002 116.213997 -106.483002
vn -0.794691 -0.347437 -0.497748
v 66.151497 105.642998 -56.908001
vn 0.738789 -0.113901 0.664242
v 78.545197 97.540199 -77.939598
vn 0.803701 -0.407876 0.433245
v 91.808800 98.664299 -81.614998
vn -0.714116 -0.436872 -0.546975
v 77.975899 111.039001 -57.584801
vn -0.800122 -0.451104 0.395360
v 21.250000 -164.076996 39.884201
vn -0.890628 0.244136 -0.383639
v 16.926001 -154.985992 30.741899
vn 0.761541 0.135425 0.633810
v 19.367399 -138.761993 36.239101
vn -0.016913 -0.359867 -0.932850
v 10.874000 -160.018997 40.454601
vn 0.986366 -0.087480 0.139389
v 65.083900 5.423310 -289.756989
vn 0.704715 -0.703197 0.094288
v 71.380302 4.437200 -258.480011
vn -0.417038 -0.908281 -0.033240
v 74.055397 -80.071800 -111.453003
vn 0.835025 0.091825 0.542496
v 58.901699 -118.956001 -34.751499
vn 0.472767 0.170438 0.864547
v 67.678497 -119.005997 -31.888300
vn -0.976463 0.194169 -0.093903
v 86.722603 -82.021599 -109.758003
vn -0.989040 -0.065745 0.132205
v 63.421299 -119.557999 -24.569099
vn -0.818251 0.085514 -0.568465
v 54.914001 -130.820999 -26.656900
vn 0.764001 0.600715 0.235464
v 74.726196 -91.076401 -103.438004
vn 0.797303 0.600451 0.061367
v 84.375198 -88.311302 -98.588097
vn -0.832970 0.438321 -0.337692
v 65.007500 -2.401590 -271.319000
vn 0.820912 0.564127 0.088681
v 77.624702 -3.063180 -287.036011
vn -0.874281 0.473775 0.105691
v 134.973007 29.393101 -136.615997
vn -0.758130 -0.612157 -0.224727
v 116.776001 65.402100 -116.427002
vn -0.923627 -0.243808 0.295755
v 102.609001 62.050499 -112.129997
vn 0.738430 0.050223 0.672457
v 119.624001 32.862099 -131.242996
vn 0.634264 -0.240745 0.734677
v 71.878502 -88.260101 -41.464600
vn -0.870786 0.405973 0.277340
v 78.349800 -74.319199 -67.575500
vn -0.958646 0.193359 -0.208829
v 69.223602 -79.942902 -71.940903
vn 0.503049 0.864246 0.004465
v 61.319401 -87.047096 -42.750999
vn 0.770816 0.295177 0.564547
v 40.338299 -119.289001 10.137200
vn -0.890828 0.167723 -0.422249
v 53.724098 -116.686996 -10.480200
vn -0.787073 0.219737 -0.576395
v 45.496498 -115.306000 -13.329200
vn 0.847160 0.174384 0.501906
v 31.172199 -129.897003 9.945740
vn 0.197786 0.639844 0.742617
v 76.361504 -39.341000 -110.730003
vn -0.824069 0.113826 0.554936
v 74.371498 -14.583800 -156.352997
vn -0.893371 0.441018 0.085976
v 62.861500 -14.785300 -163.397995
vn 0.478982 0.859236 0.179691
v 64.617897 -37.774799 -109.320000
vn 0.916178 0.276697 0.289926
v 9.730720 17.254400 -123.165001
vn -0.123293 0.921047 0.369421
v 19.582100 16.110800 -113.364998
vn -0.493022 0.812097 0.312135
v 9.342080 1.892270 -95.040604
vn -0.558396 0.827503 -0.058587
v 0.001000 17.443100 -126.917999
vn -0.000000 0.924255 0.381776
v 4.654780 8.385220 -116.098999
vn 0.181025 -0.250768 0.950971
v 10.682600 6.746740 -109.806000
vn -0.963928 0.014073 0.265793
v 4.858570 -20.323700 -146.755997
vn 0.623554 -0.545772 0.559744
v 10.043700 -23.764400 -147.350006
vn -0.912610 -0.166810 0.373253
v 9.704990 -25.536800 -133.445999
vn -0.395473 0.781359 -0.482782
v 3.660370 -27.093201 -145.414001
vn 0.876599 0.480179 -0.031655
v 19.789499 62.497601 7.453690
vn -0.693620 -0.683518 -0.227364
v 19.789499 67.978699 -18.466101
vn -0.693619 -0.717049 -0.068805
v 27.535400 55.616402 -7.540840
vn -0.858087 -0.502403 -0.106202
v 12.043600 70.668503 -4.357890
vn -0.433666 -0.881543 -0.186590
v 14.902300 56.801601 34.390301
vn -0.579708 -0.740287 -0.340460
v 25.156099 44.976002 31.889700
vn -0.832438 -0.488192 -0.262135
v 10.430200 66.978600 13.091400
vn -0.405794 -0.873317 -0.269533
v 6.022300 53.366100 50.636700
vn -0.329446 -0.808699 -0.487311
v 14.902300 38.398701 62.993401
vn -0.637945 -0.591359 -0.493275
v 6.022300 64.277496 25.865200
vn -0.258405 -0.905420 -0.336812
v 0.001000 35.443199 74.208900
vn -0.000000 -0.696249 -0.717801
v 0.001000 64.897903 26.916401
vn 0.000000 -0.934976 -0.354711
v 6.022300 77.914703 -64.022301
vn -0.447648 -0.889992 0.086744
v 0.001000 72.347397 -97.725998
vn 0.068967 -0.935670 0.346071
v 0.001000 79.017799 -38.138901
vn 0.012165 -0.998366 -0.055824
v 14.902300 73.674797 -45.402699
vn -0.588157 -0.808718 0.006877
v 14.902300 68.587303 -79.481796
vn -0.691037 -0.699299 0.182890
v 6.022300 77.220497 -35.055698
vn -0.305430 -0.949806 -0.067682
v 25.156099 61.849201 -47.903400
vn -0.831717 -0.553667 0.041233
v 10.430200 74.358398 -21.807199
vn -0.411957 -0.904922 -0.106809
v 33.928699 34.762600 14.208200
vn -0.933783 -0.313564 -0.172412
v 33.877499 45.380100 -36.695801
vn -0.937967 -0.345962 0.022979
v 38.946899 25.250999 -10.103300
vn -0.980526 -0.186112 -0.062700
v 25.156099 24.369400 60.026699
vn -0.867634 -0.318327 -0.381942
v 33.922401 9.948440 41.818901
vn -0.955148 -0.196686 -0.221376
v 9.535770 18.673300 84.662300
vn -0.464835 -0.437537 -0.769734
v 19.789499 1.417350 82.854202
vn -0.762924 -0.199056 -0.615080
v 0.001000 -2.419390 94.685402
vn 0.000000 -0.175279 -0.984519
v 9.344740 60.254101 -112.509003
vn -0.632258 -0.677130 0.376491
v 0.001000 47.661701 -141.871002
vn 0.080832 -0.719098 0.690191
v 24.965000 54.397099 -81.973801
vn -0.879938 -0.419638 0.222741
v 18.643299 42.837200 -120.602997
vn -0.842031 -0.412874 0.347158
v 32.932800 34.338200 -72.367500
vn -0.959967 -0.202576 0.193460
v 40.990799 -4.848800 17.948999
vn -0.996848 0.005619 -0.079141
v 38.742699 -8.271940 -14.762700
vn -0.762568 0.545198 -0.348208
v 30.183901 -14.493700 67.924004
vn -0.929001 -0.038757 -0.368041
v 34.022301 -26.471901 34.179798
vn -0.948230 0.313598 -0.050169
v 9.750200 -20.483500 92.446404
vn -0.394014 0.057839 -0.917283
v 22.422300 -36.479198 75.675301
vn -0.793455 0.380101 -0.475345
v 0.001000 -40.315899 88.930000
vn 0.100045 0.488365 -0.866886
v 8.788980 31.358000 -148.048996
vn -0.568173 0.206818 0.796496
v 0.001000 24.456600 -143.334000
vn 0.000000 0.915088 0.403254
v 25.649500 24.672300 -112.280998
vn -0.961672 0.021425 0.273365
v 19.563801 20.651501 -125.793999
vn -0.641651 0.656878 0.395974
v 33.193298 7.017770 -71.325600
vn -0.843028 0.380458 0.380205
v 25.716101 -36.941700 -3.857780
vn -0.815070 0.562358 0.139335
v 28.837700 -15.289900 -50.004799
vn -0.668468 0.617154 0.415057
v 19.555799 -34.799000 -32.338402
vn -0.449522 0.756216 0.475466
v 25.862200 -45.796902 43.192200
vn -0.834069 0.551617 0.006933
v 22.189899 -44.778099 14.256500
vn -0.714048 0.689100 0.123601
v 11.245700 -53.622200 72.026299
vn -0.406602 0.836388 -0.367599
v 14.549700 -53.702900 39.759499
vn -0.326684 0.940067 0.097736
v 0.001000 -57.261200 60.925999
vn -0.000000 0.997690 -0.067936
v 5.088920 1.663360 -98.419701
vn 0.499928 0.833222 -0.236249
v 0.001000 -0.326407 -86.241798
vn -0.045687 0.912243 0.407095
v 25.411600 1.447720 -76.261803
vn -0.535079 0.680691 0.500350
v 15.884800 -2.665450 -76.180496
vn -0.225600 0.808647 0.543319
v 15.925500 -42.413399 -18.933300
vn -0.378760 0.889662 0.255035
v 8.622630 -39.084000 -32.944901
vn -0.128658 0.865445 0.484203
v 13.924500 -49.620701 11.805100
vn -0.301896 0.936838 0.176614
v 9.839740 -44.816200 -15.076900
vn -0.130930 0.964750 0.228288
v 6.178590 -53.620300 24.764999
vn -0.167880 0.974013 0.152035
v 6.022300 -48.290199 -2.303110
vn -0.125463 0.965753 0.227111
v 0.001000 -49.239601 -1.593070
vn 0.000000 0.972212 0.234101
v 6.952670 -10.356300 -67.605698
vn -0.169285 0.781811 0.600095
v 0.001000 -25.404800 -51.922001
vn -0.000000 0.781381 0.624054
v 6.601870 -25.410601 -50.783699
vn -0.114071 0.762264 0.637135
v 27.710899 49.722698 9.442470
vn -0.860636 -0.475975 -0.180980
v 20.987801 41.726700 47.255402
vn -0.767148 -0.526476 -0.366480
v 8.641350 36.861900 69.800697
vn -0.341774 -0.671115 -0.657871
v 8.641350 70.767700 -88.963501
vn -0.512227 -0.815951 0.268046
v 20.987801 65.098503 -63.269199
vn -0.770884 -0.625566 0.120023
v 27.710899 57.102501 -25.456200
vn -0.861050 -0.507811 -0.026846
v 37.306099 12.414300 14.007000
vn -0.981701 -0.144051 -0.124550
v 27.710899 5.576620 63.645302
vn -0.911850 -0.181306 -0.368318
v 10.494400 -0.696366 90.340500
vn -0.442675 -0.169197 -0.880574
v 9.539260 45.115601 -133.406998
vn -0.666783 -0.572924 0.476612
v 26.564699 38.678001 -94.435898
vn -0.941068 -0.239942 0.238367
v 37.040798 30.723101 -42.087299
vn -0.974658 -0.209141 0.079381
v 36.943100 -19.593599 6.111380
vn -0.945172 0.325367 0.028037
v 30.431900 -32.024700 56.006199
vn -0.936930 0.296545 -0.184995
v 11.609200 -38.592899 85.002403
vn -0.516698 0.439031 -0.735034
v 13.558100 22.421000 -134.929001
vn -0.338844 0.824145 0.453838
v 26.592501 10.228800 -85.384499
vn -0.699759 0.561240 0.441981
v 46.078098 0.072089 -15.705400
vn -0.181063 -0.186635 -0.965600
v 21.988701 -39.734100 -14.004300
vn -0.678277 0.715479 0.167418
v 9.422830 -55.729500 49.390499
vn -0.189834 0.980338 0.053863
v 9.658460 -1.883230 -79.161499
vn -0.187407 0.842809 0.504532
v 22.816099 -7.203200 -65.521896
vn -0.392820 0.743013 0.541871
v 20.270399 -20.666401 -49.784599
vn -0.419610 0.713715 0.560837
v 19.278900 -50.485401 31.941200
vn -0.566462 0.816065 0.114708
v 40.797600 8.160690 -11.303100
vn -0.988092 -0.097311 -0.119185
v 37.104099 14.614500 -60.139301
vn -0.981523 0.030161 0.188953
v 29.599899 -24.940399 -24.517000
vn -0.860527 0.486611 0.150675
v 42.082500 9.435140 -22.868900
vn -0.645091 -0.484168 -0.591134
v 35.025200 -3.029750 -51.360699
vn -0.878181 0.369413 0.303861
v 40.988201 14.154100 -20.700500
vn -0.988561 -0.121927 -0.088776
v 37.331402 20.444799 8.835990
vn -0.982323 -0.116597 -0.146445
v 41.299702 13.930700 -34.403900
vn -0.843927 -0.524257 0.113760
v 32.539101 -28.035601 -3.058200
vn -0.844366 0.515352 0.146486
v 40.324100 4.014330 -42.562000
vn -0.712997 -0.082967 0.696241
v 67.944801 0.248878 -29.200701
vn -0.872021 0.036579 -0.488100
v 66.575104 4.122860 -27.271000
vn -0.854472 -0.044942 -0.517550
v 78.153099 0.701317 -56.831299
vn -0.005888 0.996841 0.079198
v 46.694302 11.621800 -27.067499
vn 0.385230 -0.908807 -0.160209
v 61.219898 3.551230 -19.214899
vn -0.555003 -0.312414 -0.770953
v 40.849602 -16.938499 -24.514200
vn 0.186279 0.978648 0.086886
v 59.607700 -25.052601 -20.239901
vn -0.923787 0.054737 -0.378975
v 70.336197 -1.937350 -42.070702
vn -0.558706 0.778482 0.286031
v 81.794899 4.202880 -51.777802
vn -0.836006 0.100508 -0.539437
v 13.582100 -26.720600 -46.946400
vn -0.314076 0.734313 0.601782
v 42.242802 3.886650 -17.470200
vn -0.608090 -0.511960 -0.606731
v 41.443600 8.819290 -19.075399
vn -0.971765 -0.184756 -0.146756
v 56.366001 20.241400 -22.038799
vn 0.032969 -0.169833 -0.984921
v 35.467701 -15.615700 -17.950701
vn -0.829574 0.512102 -0.222618
v 61.166199 -4.505080 -19.402800
vn -0.626246 0.139981 -0.766956
v 43.266800 -9.408080 -19.111000
vn 0.125251 0.469692 -0.873900
v 67.902901 -15.726700 -42.516602
vn -0.968631 -0.013653 -0.248128
v 35.940102 -10.630700 -34.153702
vn -0.550912 0.685273 0.476336
v 46.604099 -2.138410 -41.147400
vn 0.222977 0.436960 0.871405
v 50.701099 0.913939 -43.147301
vn 0.240121 0.082935 0.967194
v 30.747900 -95.077599 6.120990
vn 0.907164 -0.041002 0.418774
v 62.780800 -1.502630 -65.678596
vn -0.101973 -0.994517 -0.023162
v 57.528999 -0.816018 -42.909599
vn 0.123743 0.272482 0.954171
v 51.855598 -18.073500 -39.071499
vn 0.884205 0.286628 0.368817
v 48.210899 7.854930 -37.264500
vn 0.259620 -0.752009 0.605871
v 54.434299 80.646202 -33.512001
vn 0.988438 -0.034765 0.147583
v 53.546001 24.114599 -33.442001
vn 0.872957 -0.211202 0.439704
v 66.344597 4.216670 -54.351601
vn 0.706831 -0.026099 0.706901
v 55.607101 0.072089 -15.705400
vn -0.133118 -0.077166 -0.988092
v 46.410801 6.436550 -20.749800
vn 0.113669 -0.655501 -0.746591
v 51.924198 -22.037800 -12.834400
vn -0.185729 -0.256183 -0.948617
v 51.530998 23.772301 -25.474300
vn 0.945643 -0.197018 -0.258733
v 44.204700 -27.763800 -15.971600
vn 0.970898 -0.113751 -0.210755
v 51.374298 3.914510 -18.295900
vn 0.029697 -0.577559 -0.815808
v 50.192799 -3.696230 -16.631500
vn -0.009222 0.156009 -0.987713
v 65.681099 -6.453460 -32.664001
vn -0.867805 0.490450 -0.079828
v 66.499199 20.947100 -29.087500
vn -0.824789 -0.060645 -0.562179
v 63.174702 163.587997 -40.961300
vn 0.003771 -0.239608 -0.970862
v 72.845901 100.444000 -44.634102
vn -0.864657 -0.040329 -0.500741
v 69.632103 162.725006 -44.910099
vn -0.873241 -0.175071 -0.454754
v 58.846699 99.882500 -46.055099
vn 0.894476 0.008888 0.447027
v 67.192802 169.468994 -51.078701
vn -0.243198 -0.387884 0.889045
v 59.627998 161.912994 -46.965900
vn 0.913674 -0.180326 0.364257
v 54.642799 78.487503 -30.139099
vn 0.686174 -0.129808 -0.715762
v 64.892197 92.433502 -32.837799
vn -0.580005 -0.084983 -0.810168
v 160.281006 10.559500 -188.057999
vn 0.732450 0.210182 0.647565
v 115.498001 4.433520 -121.605003
vn 0.529836 0.746285 0.402905
v 172.373993 15.689300 -195.345993
vn -0.347174 -0.921119 0.176098
v 118.051003 12.846200 -128.449005
vn 0.818242 0.065589 0.571120
v 171.119995 11.118400 -185.671005
vn -0.895072 0.113952 -0.431117
v 131.884003 12.755300 -126.309998
vn -0.827118 -0.095734 -0.553815
v 164.809006 7.215370 -187.059998
vn 0.057186 0.981539 0.182514
v 118.401001 3.851450 -107.908997
vn -0.534989 0.783859 -0.315203
v 152.302002 20.892000 -159.334000
vn -0.773467 -0.473798 -0.421028
v 96.560997 111.692001 -111.482002
vn 0.790464 -0.138821 0.596570
v 63.333698 128.514008 -53.553799
vn 0.615123 -0.057355 0.786342
v 109.161003 111.974998 -111.203003
vn -0.882059 -0.251482 -0.398408
v 101.160004 82.018303 -113.971001
vn 0.683792 0.078257 0.725468
v 98.872803 106.335999 -93.395401
vn -0.685857 -0.339011 -0.643950
v 101.889000 123.700996 -110.959999
vn 0.129078 -0.986017 -0.105403
v 110.966003 112.582001 -122.136002
vn -0.633769 -0.248573 0.732495
v 97.950401 68.130798 -85.998100
vn -0.842092 -0.085794 -0.532467
v 93.258003 74.691101 -79.317802
vn -0.859488 -0.063451 -0.507202
v 83.154701 67.316299 -86.801201
vn 0.824406 0.077294 0.560697
v 78.462303 73.876602 -80.120796
vn 0.860065 0.025629 0.509541
v 70.939400 98.040901 -65.696404
vn 0.791259 -0.191793 0.580625
v 85.160797 103.538002 -91.480301
vn 0.866168 -0.447797 0.221882
v 84.949699 97.191399 -67.840103
vn -0.864265 -0.305328 -0.399776
v 74.797798 134.320007 -51.848000
vn -0.989178 -0.123081 0.079856
v 86.669502 103.623001 -82.716698
vn 0.215351 -0.959591 -0.181131
v 71.522301 115.244003 -58.410500
vn 0.179172 -0.317022 0.931340
v 77.061501 72.556900 -50.257702
vn -0.878626 -0.043044 -0.475567
v 84.950600 65.206596 -63.995701
vn -0.866694 -0.051228 -0.496204
v 69.692596 65.070801 -64.129501
vn 0.875201 0.006241 0.483719
v 61.916000 72.444603 -50.541901
vn 0.869584 0.010951 0.493663
v 42.778301 -91.801102 6.762170
vn -0.859233 0.011171 -0.511463
v 14.714500 -175.776993 41.112999
vn -0.257559 0.771594 0.581641
v 35.248600 -90.784897 16.027599
vn -0.317449 -0.292795 -0.901941
v 16.969200 -161.416000 43.721901
vn -0.385412 -0.198196 -0.901208
v 23.425400 -107.324997 19.662100
vn 0.971019 -0.218259 0.097393
v 10.883000 -160.979996 43.967800
vn 0.573401 -0.353621 -0.739029
v 11.305000 -165.130997 38.908401
vn 0.851693 0.120955 0.509890
v 60.621498 3.515490 -203.468002
vn 0.738018 -0.674779 -0.001596
v 64.455902 2.468870 -294.907013
vn 0.985376 0.045052 0.164327
v 70.882103 1.294640 -179.164001
vn -0.549284 -0.834272 -0.047724
v 68.422203 6.548510 -294.270996
vn 0.070276 -0.995367 0.065626
v 31.750099 -139.007996 23.961201
vn -0.934267 0.253271 -0.250996
v 74.551300 -88.830803 -108.540001
vn 0.861187 0.397673 0.316563
v 56.426800 -125.107002 -31.131001
vn 0.720100 0.168827 0.673019
v 70.041801 -102.336998 -35.150799
vn -0.991972 0.122985 0.029425
v 82.492203 -62.035198 -108.113998
vn -0.918102 -0.239605 0.315719
v 63.878601 -127.117996 -33.822201
vn -0.345519 0.398538 0.849578
v 82.534302 -88.061203 -118.198997
vn -0.093107 0.108070 0.989774
v 78.231598 -43.911701 -79.409500
vn -0.982796 -0.148973 -0.109179
v 67.550903 -77.681503 -31.171000
vn -0.846204 -0.028516 -0.532096
v 77.873596 -52.379501 -74.547600
vn -0.973985 -0.072393 -0.214737
v 64.019501 -44.091202 -79.049301
vn 0.981778 0.133380 0.135355
v 53.404999 -82.162903 -30.449301
vn 0.853965 0.052971 0.517628
v 62.398701 -54.876598 -73.022697
vn 0.964809 0.025767 0.261686
v 66.201500 -121.669998 -28.327101
vn -0.916847 0.175978 -0.358361
v 49.787998 -121.388000 -20.166401
vn 0.869591 0.331670 0.365795
v 60.188301 -134.153000 -25.274700
vn -0.349651 0.816474 -0.459471
v 64.410301 -82.114098 -26.111300
vn -0.834274 -0.027273 -0.550675
v 50.882198 -87.327797 -25.512899
vn 0.874118 0.051776 0.482946
v 71.063202 -84.222397 -87.979401
vn 0.762197 0.635369 -0.123947
v 86.493698 -87.660500 -105.865997
vn -0.982494 0.176779 -0.058782
v 81.392799 -95.526497 -106.934998
vn -0.154832 0.964484 -0.214005
v 78.094299 -60.109699 -73.059898
vn -0.978542 -0.125700 -0.163262
v 63.026100 -63.498001 -72.154297
vn 0.961840 0.245965 0.119857
v 63.635899 -7.294180 -227.593002
vn 0.760078 0.644595 0.082333
v 75.899902 2.296050 -292.058990
vn -0.871367 -0.488222 0.048573
v 60.410999 -2.162540 -188.953995
vn 0.988105 0.148498 0.039964
v 74.862602 -3.273800 -188.360992
vn -0.934168 -0.354391 -0.041681
v 71.277603 -2.685430 -302.253998
vn 0.112370 0.971636 0.208077
v 122.713997 43.851700 -120.106003
vn -0.891393 -0.281691 -0.355062
v 113.378998 86.681000 -113.834999
vn -0.969805 -0.071541 -0.233153
v 108.555000 46.892799 -118.639000
vn 0.715182 0.006535 0.698908
v 136.839996 22.254499 -155.669998
vn 0.692458 -0.360166 0.625126
v 112.084000 67.947601 -119.998001
vn 0.140140 -0.077388 0.987103
v 131.166000 32.273899 -139.781006
vn 0.061778 -0.827536 0.558003
v 111.764999 22.931601 -98.578201
vn -0.827662 -0.117350 -0.548822
v 100.976997 43.552200 -86.393097
vn -0.832263 -0.105294 -0.544289
v 85.719002 43.416500 -86.526901
vn 0.815615 0.094498 0.570826
v 96.683998 22.948500 -98.974701
vn 0.814981 0.081378 0.573746
v 75.783302 -77.105598 -54.590000
vn -0.963440 0.193233 -0.185591
v 81.959503 -80.272202 -83.058403
vn -0.917058 0.295979 -0.267211
v 64.020599 -80.859703 -53.890999
vn 0.839483 0.390274 0.378092
v 59.543400 -102.250000 -37.752899
vn 0.580521 0.186500 0.792599
v 76.059303 -81.201500 -72.791000
vn -0.512370 0.823320 -0.244174
v 66.617104 -92.978104 -43.163200
vn 0.031822 0.534410 0.844626
v 70.149101 -59.959599 -37.392700
vn -0.925788 -0.068713 -0.371747
v 74.341797 -53.617500 -54.313999
vn -0.969592 -0.134916 -0.204180
v 59.605701 -57.399300 -53.474602
vn 0.952653 0.239694 0.187081
v 55.671200 -64.047501 -36.604698
vn 0.914129 0.119252 0.387489
v 47.239601 -113.806999 0.153620
vn -0.856183 0.164370 -0.489830
v 60.092800 -117.887001 -19.075001
vn -0.742276 0.146852 -0.653804
v 39.422798 -118.397003 -4.211490
vn 0.769138 0.304332 0.561968
v 22.140600 -146.802994 22.866400
vn 0.448928 0.354554 0.820216
v 49.310501 -82.915298 -3.461760
vn -0.829497 -0.025582 -0.557925
v 34.723400 -131.964005 13.329700
vn -0.749256 0.628808 0.207887
v 36.596699 -88.417801 -3.271890
vn 0.825451 0.053552 0.561927
v 48.657700 -123.980003 -11.339500
vn 0.393841 0.918757 0.027835
v 45.352798 -82.520798 -16.935900
vn 0.842585 0.046920 0.536515
v 58.576599 -76.946297 -17.473600
vn -0.830163 -0.030585 -0.556681
v 74.862999 -23.400299 -127.064003
vn -0.941317 0.294350 0.165165
v 76.342697 -8.798850 -212.735001
vn -0.780557 0.623462 0.045008
v 62.275299 -25.307800 -124.871002
vn 0.832138 0.494387 0.251252
v 68.978798 -57.913502 -109.148003
vn 0.887546 0.207157 0.411519
v 74.762001 -26.126499 -86.357399
vn -0.987873 -0.155126 -0.006481
v 69.910004 -40.854000 -114.388000
vn 0.316038 0.518254 0.794690
v 60.522999 -25.729601 -86.758301
vn 0.992633 0.121153 0.001248
v 70.086403 -15.381700 -166.621002
vn -0.233673 0.958916 0.160865
v 58.795399 -10.082200 -119.163002
vn 0.993059 0.116960 0.012430
v 73.366302 -10.872500 -118.828003
vn -0.990565 -0.135275 -0.021943
v 6.568260 14.442300 -117.182999
vn -0.338362 0.663472 0.667320
v 14.199000 11.430500 -106.692001
vn -0.179949 0.918166 0.352973
v 5.593350 24.317699 -141.229996
vn -0.129199 0.872319 0.471559
v 19.320700 11.447600 -102.123001
vn -0.478999 0.818137 0.318138
v 12.786200 4.187300 -89.652802
vn -0.332839 0.883318 0.330103
v 15.010000 16.440399 -119.337997
vn -0.271829 0.898973 0.343447
v 25.552200 16.393999 -101.462997
vn -0.758323 0.597478 0.260702
v 5.705360 -0.479084 -83.364998
vn -0.209979 0.897024 0.388917
v 10.302800 13.149400 -112.502998
vn -0.549502 0.641415 0.535382
v 0.001000 12.188100 -113.810997
vn 0.000000 0.766072 0.642755
v 2.129090 7.266730 -112.724998
vn 0.914922 0.083109 0.394981
v 11.058400 4.055600 -101.674004
vn -0.929295 0.368825 0.019478
v 2.488570 13.928600 -117.401001
vn 0.048376 0.777892 0.626533
v 13.797200 8.372890 -99.010101
vn -0.504008 0.801339 0.322229
v 7.894670 8.543500 -113.961998
vn -0.728054 -0.085574 0.680157
v 7.566480 -25.040800 -152.373001
vn -0.087435 -0.543630 0.834758
v 4.872610 -8.297480 -134.048996
vn 0.438169 -0.666980 0.602616
v 10.579300 -28.049500 -143.888000
vn -0.859889 0.509455 -0.032351
v 10.620700 -9.244010 -129.647995
vn -0.911569 -0.315320 0.263846
v 6.159000 -29.339600 -142.117004
vn 0.431824 0.843446 -0.319573
v 9.703950 -10.873300 -113.886002
vn -0.232806 0.801487 -0.550837
v 3.692480 -26.408300 -150.209000
vn 0.884959 -0.119159 0.450165
v 1.881700 -15.111200 -130.082993
vn 0.940481 0.292869 -0.172402
v 65.033302 2.818940 -178.757996
vn -0.074922 -0.996221 -0.043948
v 71.488098 2.992590 -316.768005
vn -0.163210 -0.455432 0.875182
v 64.971001 -1.307950 -43.931599
vn -0.011581 0.458926 0.888399
v 39.346699 -93.994904 13.536500
vn -0.796810 -0.033923 -0.603277
v 29.885799 -90.675797 16.089001
vn 0.366709 -0.442918 -0.818137
v 10.508900 -178.065994 47.294998
vn 0.348824 0.771581 -0.531963
v 29.137100 -95.642502 10.675400
vn 0.901763 -0.055029 0.428714
v 82.953903 -94.975700 -114.560997
vn -0.302588 0.813330 0.496926
v 61.999298 -133.313995 -30.044001
vn -0.496824 0.814000 0.300949
v 69.558296 92.747002 -39.111599
vn -0.816768 -0.043087 -0.575355
v 68.023201 -3.970130 -31.187700
vn -0.826608 0.512929 -0.231565
v 175.098007 11.102900 -200.841995
vn -0.113468 0.520346 0.846383
v 106.376999 121.261002 -118.040001
vn -0.170611 -0.791315 0.587122
v 111.346001 91.044197 -121.064003
vn -0.145248 0.068886 0.986994
v 152.343994 22.824499 -169.080994
vn 0.026263 -0.960083 0.278478
v 120.311996 48.757900 -126.800003
vn -0.145281 -0.482241 0.863908
v 94.707001 113.502998 -97.648201
vn 0.272530 -0.844296 -0.461401
v 69.863899 142.431000 -54.558498
vn -0.071308 -0.138029 0.987858
v 56.521198 93.139099 -39.886600
vn 0.944282 0.005916 0.329084
v 64.880203 176.529999 -46.199001
vn 0.003506 -0.977835 -0.209348
v 79.195702 105.750999 -69.413803
vn 0.042726 -0.875216 0.481841
v 59.400200 92.292397 -31.427999
vn -0.015403 -0.127028 -0.991780
v 126.945000 7.613410 -118.737000
vn -0.824721 0.143304 -0.547083
v 121.563004 3.768480 -121.495003
vn -0.025207 0.999219 0.030424
v 77.057999 -65.247398 -114.609001
vn 0.086297 -0.053251 0.994845
v 69.096901 -26.219000 -133.492996
vn -0.086148 0.881185 0.464856
v 70.789497 -8.598910 -236.281006
vn -0.048042 0.995119 0.086195
v 78.450600 -88.280998 -90.880302
vn -0.256163 0.882765 -0.393835
v 71.112900 -84.568497 -56.733002
vn -0.245318 0.928685 0.278144
v 65.666496 -110.150002 -37.352600
vn -0.191619 0.270254 0.943528
v 23.959700 -155.125000 28.464199
vn -0.657158 0.590118 0.468939
v 42.285999 -125.250999 0.193301
vn -0.397212 0.915425 -0.064960
v 54.807201 -128.938004 -18.969101
vn 0.041892 0.850881 -0.523686
v 38.742001 27.261101 -22.384899
vn -0.976289 -0.216467 -0.001308
v 4.333270 17.804800 -126.398003
vn -0.129325 0.914707 0.382866
v 36.879200 3.630490 -53.326500
vn -0.937978 0.253952 0.236021
v 32.082600 -15.009200 -39.118900
vn -0.844617 0.497412 0.197997
v 36.891602 27.355801 -51.583698
vn -0.981305 -0.162411 0.103267
v 41.899101 -14.303900 -21.236300
vn 0.343480 0.537476 -0.770157
v 46.198898 3.410110 -17.805099
vn -0.070123 -0.631495 -0.772202
v 54.969002 -4.512210 -16.985701
vn -0.200576 0.092846 -0.975269
v 43.567799 -10.333900 -32.604000
vn 0.303445 0.703958 0.642155
v 47.137001 10.309800 -32.153099
vn 0.142492 -0.884664 0.443922
v 47.835201 4.299650 -40.766300
vn 0.097269 -0.492892 0.864637
v 46.449501 9.463000 -23.694599
vn 0.133623 -0.803012 -0.580790
v 56.421200 3.410110 -17.805099
vn 0.009393 -0.552051 -0.833758
v 45.123901 -4.512210 -16.985701
vn -0.108359 0.394515 -0.912478
v 112.788002 7.663560 -119.917000
vn 0.799499 0.220721 0.558645
v 7.942020 -8.348600 -132.835007
vn -0.553958 -0.634030 0.539571
v 10.901800 -11.866200 -123.124001
vn -0.993887 0.085180 -0.070238
v 5.597440 -13.414400 -120.998001
vn 0.594485 0.643441 -0.482256
v 2.637620 -9.896780 -130.709000
vn 0.919310 -0.287348 0.268888
v 13.353100 67.669502 5.839460
vn -0.464440 -0.858591 -0.217062
v 9.775430 63.872101 23.797199
vn -0.426513 -0.850045 -0.309048
v 3.578690 61.679600 34.165100
vn -0.170354 -0.899887 -0.401476
v 3.578690 78.687698 -45.120602
vn -0.277944 -0.960412 -0.018869
v 9.775430 75.851700 -32.854099
vn -0.440025 -0.895663 -0.064541
v 13.353100 72.054298 -14.896400
vn -0.465448 -0.872431 -0.149071
v 10.991300 -43.085201 -21.987801
vn -0.166410 0.933573 0.317412
v 9.775430 -47.299400 -4.030000
vn -0.217374 0.954217 0.205470
v 3.578690 -50.499100 6.337920
vn -0.120812 0.974510 0.189037
v 4.322980 -19.894199 -57.215000
vn -0.166617 0.742232 0.649099
v 17.863100 -27.102900 -43.912998
vn -0.455042 0.699398 0.551161
v 29.324301 43.015202 19.386801
vn -0.866826 -0.457072 -0.199243
v 20.508499 34.833000 58.080399
vn -0.789116 -0.471503 -0.393677
v 6.197740 30.448099 76.975403
vn -0.300790 -0.605972 -0.736426
v 9.775430 73.223198 -78.770699
vn -0.494158 -0.846562 0.197840
v 20.508499 67.607399 -53.358299
vn -0.736168 -0.672378 0.077225
v 25.746599 60.012600 -17.442699
vn -0.820178 -0.568257 -0.066271
v 36.983601 6.697190 23.991800
vn -0.968013 -0.209726 -0.137718
v 25.746599 -2.450440 71.859398
vn -0.889952 -0.199155 -0.410271
v 7.156380 -7.852790 92.891701
vn -0.375880 -0.070544 -0.923979
v 12.589000 49.915001 -123.728996
vn -0.663695 -0.604641 0.440361
v 28.560200 42.907600 -83.146698
vn -0.937720 -0.270195 0.218346
v 36.804001 34.753799 -34.039501
vn -0.972478 -0.228679 0.044632
v 37.813301 -17.386200 18.899000
vn -0.948794 0.315282 -0.019688
v 28.745199 -27.714800 66.766701
vn -0.916919 0.199655 -0.345540
v 7.800360 -33.117100 91.065804
vn -0.372885 0.379386 -0.846772
v 15.881900 19.994699 -128.205002
vn -0.256810 0.890974 0.374452
v 28.768600 6.341510 -77.995903
vn -0.694711 0.557566 0.454419
v 64.629601 -8.984660 -31.208099
vn -0.942974 0.110771 -0.313895
v 23.385000 -40.682899 -1.680680
vn -0.741497 0.659489 0.123514
v 6.822930 -56.619099 59.809898
vn -0.207513 0.976182 -0.063306
v 10.519700 -4.192780 -75.283096
vn -0.172664 0.816027 0.551622
v 24.011000 -14.629300 -55.159698
vn -0.388603 0.730294 0.561835
v 25.746599 55.627701 3.293090
vn -0.820178 -0.546439 -0.169447
v 20.508499 48.033001 39.208599
vn -0.732544 -0.585734 -0.346836
v 9.775430 43.060699 62.722500
vn -0.339353 -0.728852 -0.594655
v 6.197740 68.205498 -99.855400
vn -0.516682 -0.786556 0.338184
v 20.508499 63.177101 -75.958199
vn -0.796075 -0.581169 0.168845
v 29.324301 54.994801 -37.264599
vn -0.867226 -0.497899 -0.003843
v 38.471500 13.778800 3.826220
vn -0.989910 -0.061292 -0.127756
v 29.324301 13.388700 56.448002
vn -0.932192 -0.183377 -0.312075
v 13.353100 6.381350 87.744598
vn -0.476777 -0.254555 -0.841360
v 6.392260 40.724201 -142.826004
vn -0.615351 -0.531468 0.582138
v 24.218399 34.663300 -109.833000
vn -0.932621 -0.268535 0.241055
v 64.742699 4.983420 -24.425699
vn -0.818760 -0.078173 -0.568789
v 27.915701 -31.570900 -9.278020
vn -0.817928 0.545452 0.182964
v 30.146200 -35.959099 46.262501
vn -0.925412 0.371795 -0.073358
v 15.236300 -44.147301 79.400002
vn -0.527527 0.552313 -0.645497
v 3.196630 22.081301 -136.738007
vn -0.128575 0.912025 0.389459
v 24.121099 12.594500 -94.968102
vn -0.679547 0.672155 0.293979
v 37.245602 1.881570 -48.982101
vn -0.903659 0.294965 0.310478
v 19.737801 -39.657200 -21.502501
vn -0.519346 0.800320 0.299612
v 21.460400 -48.441101 31.484200
vn -0.698797 0.706516 0.111881
v 10.400600 -54.829201 39.987999
vn -0.173161 0.979646 0.101531
v 3.325140 1.382710 -88.126297
vn 0.089123 0.957011 0.276019
v 21.461201 -2.355900 -73.713097
vn -0.381824 0.759328 0.526907
v 16.597401 -51.629601 29.620100
vn -0.373212 0.917290 0.138895
v 41.504601 6.325110 -17.447201
vn -0.960187 -0.195399 -0.199649
v 32.059898 -16.930300 -33.164001
vn -0.849842 0.492663 0.187222
v 37.008900 27.047600 5.178700
vn -0.976595 -0.173406 -0.127250
v 36.081699 25.643801 -60.997601
vn -0.981236 -0.131264 0.141232
v 37.046700 -17.919201 -7.385230
vn -0.942421 0.312386 0.119409
v 69.420303 2.994320 -32.131001
vn -0.862671 0.015134 -0.505538
v 63.526402 175.690994 -48.321098
vn 0.515362 -0.585734 0.625554
v 44.485199 -12.672000 -20.527901
vn 0.505909 0.200175 -0.839039
v 172.819000 9.786800 -200.951004
vn 0.340047 0.704922 0.622457
v 9.116540 -30.530899 -44.398201
vn -0.130875 0.782779 0.608382
v 41.325001 10.360400 -21.373501
vn -0.949839 -0.214513 -0.227575
v 47.973301 4.418920 -18.786699
vn -0.000004 -0.697363 -0.716718
v 56.969601 -6.144160 -17.694099
vn -0.388885 -0.110862 -0.914592
v 51.552700 -0.305605 -43.057999
vn 0.099433 0.343365 0.933924
v 60.648399 -132.880997 -31.916800
vn 0.260090 0.644306 0.719183
v 61.660801 -1.572400 -43.272301
vn -0.010722 -0.911286 0.411634
v 44.980301 -13.418300 -29.388599
vn 0.626927 0.536074 0.565320
v 50.042599 9.583180 -33.991001
vn 0.686365 -0.590466 0.424561
v 51.939499 3.022850 -41.799500
vn 0.393511 -0.403842 0.825870
v 48.397202 10.471800 -24.676100
vn 0.698865 -0.599056 -0.390793
v 10.611000 -179.259995 44.989498
vn 0.578250 0.686570 0.440737
v 57.765400 2.401290 -16.823500
vn -0.235880 -0.451441 -0.860559
v 47.220600 -2.880250 -16.277300
vn 0.022039 0.269208 -0.962830
v 68.554604 -4.089980 -35.828400
vn -0.735974 0.676471 -0.027001
v 71.098396 120.472000 -43.165501
vn -0.844947 -0.047430 -0.532743
v 57.872898 120.022003 -44.302299
vn 0.922879 -0.005637 0.385048
v 53.565800 65.691399 -29.831800
vn 0.992060 -0.067046 -0.106404
v 56.774101 63.673801 -27.868601
vn 0.045250 -0.130594 -0.990403
v 131.201996 10.145400 -147.237000
vn 0.809736 0.128634 0.572522
v 144.789001 10.051300 -145.024002
vn -0.835903 0.022912 -0.548399
v 106.345001 2.664300 -95.513802
vn -0.048670 0.998647 0.018291
v 129.735001 17.870199 -123.955002
vn -0.823214 -0.156440 -0.545752
v 88.011002 63.315701 -93.354401
vn 0.805739 0.095175 0.584573
v 60.431198 97.588997 -49.117401
vn 0.848070 0.009071 0.529807
v 91.898804 78.831200 -77.208298
vn -0.846900 -0.086468 -0.524675
v 99.752701 118.148003 -102.415001
vn -0.078933 -0.782161 -0.618056
v 110.029999 119.653999 -119.625000
vn -0.786133 -0.610734 0.094864
v 109.102997 82.940598 -120.130997
vn 0.132205 0.022128 0.990975
v 99.617203 84.093498 -90.713898
vn -0.846427 -0.088965 -0.525020
v 85.006500 83.007599 -91.784599
vn 0.845035 0.036134 0.533488
v 74.200798 107.449997 -65.126404
vn 0.373253 -0.577559 0.726022
v 68.116203 131.828003 -55.412300
vn 0.163520 -0.140236 0.976522
v 74.961601 98.038399 -47.980598
vn -0.899790 -0.042173 -0.434280
v 81.866302 73.210800 -58.831501
vn -0.881023 -0.050283 -0.470394
v 76.918198 78.288300 -77.743698
vn 0.885707 -0.024401 0.463602
v 66.515701 73.210800 -58.831501
vn 0.862616 -0.003169 0.505850
v 29.765900 -119.782997 26.684900
vn -0.564845 -0.168842 -0.807739
v 20.606701 -119.347000 26.930700
vn 0.784843 -0.395352 -0.477199
v 20.944300 -122.667999 22.883200
vn 0.856337 -0.007865 0.516358
v 60.895302 1.687690 -226.085999
vn 0.998946 0.017334 0.042504
v 64.068298 4.951410 -225.576996
vn 0.067402 -0.997378 -0.026344
v 79.061996 -44.355999 -90.261497
vn -0.977943 -0.208872 -0.000773
v 84.877800 -95.482300 -112.196999
vn -0.738158 0.665991 0.107602
v 71.407303 -22.272301 -141.139999
vn -0.429009 0.859623 0.277489
v 69.344704 -76.876602 -33.747299
vn -0.896441 -0.026856 -0.442350
v 40.603802 -106.200996 10.481400
vn -0.842596 0.001645 -0.538544
v 74.553299 -36.376400 -64.345299
vn -0.972095 -0.076255 -0.221850
v 59.684700 -37.820599 -62.093201
vn 0.961521 0.019400 0.274045
v 53.117500 -96.687103 -28.992201
vn 0.849034 0.050549 0.525915
v 66.202003 -70.079102 -85.160301
vn 0.968593 0.174848 0.176795
v 41.325600 -125.278999 4.868510
vn -0.760624 0.632760 -0.145142
v 66.506401 -91.852898 -28.796499
vn -0.862767 -0.005552 -0.505571
v 48.783901 -94.316704 -21.700800
vn 0.848118 0.054965 0.526948
v 77.291000 -91.760002 -97.473000
vn 0.116401 0.919759 -0.374826
v 81.361397 -67.343697 -85.317703
vn -0.975389 -0.040516 -0.216735
v 63.593300 -66.082298 -69.451599
vn 0.940692 0.335423 0.050899
v 60.239300 -6.122740 -172.235001
vn 0.968612 0.243847 0.048262
v 74.729500 0.329998 -224.130997
vn -0.814075 -0.579589 -0.036851
v 69.588501 1.269380 -316.726013
vn 0.600131 0.619843 0.505606
v 125.606003 42.675598 -129.733994
vn -0.483181 -0.733765 0.477623
v 162.126999 20.217400 -179.184006
vn -0.389665 -0.920687 -0.022261
v 109.277000 35.215302 -97.088898
vn -0.831757 -0.114331 -0.543240
v 102.991997 63.858601 -92.819099
vn -0.844973 -0.090686 -0.527064
v 93.926697 35.215302 -97.088898
vn 0.810696 0.079188 0.580087
v 115.460999 17.937599 -125.541000
vn 0.816233 0.040132 0.576327
v 74.595497 -82.181198 -61.498199
vn -0.636772 0.770927 -0.013851
v 67.136902 -116.056000 -35.618401
vn -0.546490 0.240973 0.802048
v 73.221603 -60.113998 -46.716702
vn -0.958714 -0.084015 -0.271676
v 78.162498 -62.647301 -69.491302
vn -0.980827 -0.112641 -0.159032
v 58.947399 -63.898800 -46.735802
vn 0.939472 0.182233 0.290144
v 55.365700 -81.011200 -33.825298
vn 0.851583 0.070623 0.519440
v 52.995399 -86.040703 -8.564690
vn -0.836470 -0.009194 -0.547936
v 28.934099 -145.440002 23.914600
vn -0.762079 0.569979 0.307180
v 29.144300 -110.615997 8.916160
vn 0.802844 0.062925 0.592859
v 51.427799 -127.484001 -17.223700
vn 0.674030 0.715006 0.185607
v 40.491699 -91.924301 -8.936940
vn 0.827533 0.058676 0.558342
v 61.619499 -88.826599 -21.394800
vn -0.832753 -0.008435 -0.553580
v 74.031197 -18.665001 -102.905998
vn -0.997731 -0.066561 0.010152
v 81.800797 -74.047897 -115.917000
vn -0.359337 -0.209371 0.909418
v 64.750298 -44.281898 -91.186096
vn 0.974864 0.214128 0.061558
v 68.932602 -6.541060 -262.875000
vn 0.243457 0.965091 0.096580
v 59.387600 -18.197399 -103.764000
vn 0.995188 0.097456 -0.010110
v 75.214897 -6.983830 -171.442993
vn -0.993165 -0.111231 -0.035357
v 12.929600 10.999800 -106.028000
vn -0.621326 0.672506 0.402108
v 9.587890 25.509701 -143.229004
vn -0.322337 0.709468 0.626700
v 15.687400 12.631700 -109.267998
vn -0.259751 0.903209 0.341678
v 24.315599 19.957600 -113.904999
vn -0.816003 0.499690 0.290601
v 9.521880 0.365204 -83.314499
vn -0.200733 0.871557 0.447319
v 7.455400 -30.938101 -149.862000
vn -0.266292 0.949142 0.167984
v 13.058100 6.823180 -95.476898
vn -0.654270 0.731687 0.191220
v 7.052760 -14.767700 -141.576004
vn -0.276876 -0.719268 0.637176
v 11.211300 -17.421900 -133.533005
vn -0.999790 0.020349 0.002441
v 7.056100 -7.342610 -111.296997
vn 0.595082 0.675116 -0.435999
v 2.165570 -17.141100 -137.173004
vn 0.976763 -0.126530 0.172987
v 66.036301 0.748311 -133.490997
vn -0.167025 -0.984927 -0.044969
v 72.761597 4.533090 -316.217010
vn -0.488036 -0.819994 0.299050
v 68.586700 -0.797536 -44.080002
vn -0.039930 0.959201 0.279892
v 47.992401 -67.602798 -0.635933
vn -0.909470 0.066703 -0.410383
v 40.099098 -63.191002 4.578590
vn -0.086310 -0.370520 -0.924806
v 10.273400 -175.940002 49.037102
vn 0.222663 0.008664 -0.974857
v 35.753899 -69.775497 -0.885802
vn 0.969092 -0.136783 0.205310
v 80.808601 -94.206902 -116.880997
vn 0.368198 0.641255 0.673218
v 63.128799 -133.483994 -28.127199
vn -0.761507 0.647912 -0.017827
v 67.306503 64.238297 -33.507599
vn -0.813206 -0.045435 -0.580199
v 65.954697 -2.851720 -25.945700
vn -0.848109 0.201929 -0.489832
v 177.182007 12.398500 -200.253006
vn -0.919387 -0.350151 0.179224
v 102.723999 122.866997 -116.456001
vn 0.504434 -0.615693 0.605367
v 113.403999 99.419296 -121.730003
vn -0.774668 0.000576 0.632368
v 142.022995 25.397900 -158.186005
vn 0.172222 -0.886804 0.428856
v 115.018997 54.840199 -123.865997
vn 0.257171 -0.231006 0.938349
v 89.476402 109.129997 -92.613403
vn 0.334169 -0.878973 -0.340202
v 71.201500 153.257996 -53.136299
vn -0.492698 -0.170675 0.853299
v 55.169399 66.255898 -35.470798
vn 0.908509 -0.001901 0.417861
v 65.991501 177.143997 -44.645302
vn -0.442089 -0.599323 -0.667360
v 84.190697 104.052002 -73.701202
vn -0.333611 -0.939342 -0.079627
v 62.199600 120.911003 -34.987400
vn -0.170905 -0.124797 -0.977352
v 109.778999 5.217890 -93.447502
vn -0.820603 0.180986 -0.542084
v 136.992996 4.885980 -147.789001
vn 0.106517 0.986244 0.126397
v 72.259903 -56.381401 -113.290001
vn 0.398759 0.105387 0.910980
v 66.897102 -30.296900 -125.867996
vn 0.284382 0.759576 0.584955
v 72.591103 -10.591200 -209.677002
vn -0.170028 0.980854 0.094948
v 79.536499 -84.714500 -84.272903
vn -0.458175 0.817411 -0.349162
v 67.704102 -87.043297 -51.982498
vn 0.221536 0.805591 0.549495
v 64.122398 -104.155998 -39.072102
vn -0.001191 0.334172 0.942511
v 19.396601 -163.945007 32.439400
vn -0.198847 0.603510 0.772163
v 43.135601 -125.092003 -4.459840
vn 0.566102 0.756077 0.328444
v 58.241901 -130.457993 -20.725500
vn -0.323068 0.623674 -0.711799
v 39.952301 21.611500 -18.057800
vn -0.987019 -0.159748 -0.016563
v 4.547560 15.243600 -120.042999
vn -0.128695 0.921443 0.366579
v 36.290100 7.464910 -61.243301
vn -0.947406 0.221685 0.230820
v 32.273899 -11.515200 -47.181301
vn -0.830320 0.482741 0.278440
v 38.128700 24.067200 -42.994099
vn -0.977492 -0.179475 0.110897
v 38.823601 -15.935900 -21.944799
vn -0.362934 0.705360 -0.608889
v 44.597801 2.401290 -16.823500
vn -0.121843 -0.515971 -0.847896
v 53.457802 -2.880250 -16.277300
vn -0.002891 0.248875 -0.968531
v 41.761700 -6.861960 -36.223301
vn -0.108363 0.710723 0.695076
v 44.883999 11.036300 -30.315201
vn -0.425670 -0.897725 0.113551
v 45.139198 5.576450 -39.733200
vn -0.276014 -0.532743 0.800000
v 44.675098 8.454190 -22.712999
vn -0.121482 -0.670000 -0.732354
v 54.903702 4.418920 -18.786699
vn 0.078902 -0.367531 -0.926658
v 42.537800 -6.144160 -17.694099
vn -0.470033 0.564559 -0.678485
v 95.376404 5.244540 -94.074402
vn 0.785457 0.254430 0.564201
v 6.336470 -29.580500 -153.608994
vn 0.130370 0.602075 0.787724
v 8.831280 -1.929480 -124.093002
vn -0.669361 -0.559514 0.488774
v 10.592400 -6.310490 -112.713997
vn -0.985060 0.140845 -0.099089
v 4.138780 -19.486200 -130.699005
vn 0.676156 0.596266 -0.432758
v 3.109670 -2.652460 -124.245003
vn 0.887036 -0.325746 0.327196
v -20.266800 64.888901 -5.580060
vn 0.696332 -0.702191 -0.148487
v -19.164400 57.850800 22.099001
vn 0.707297 -0.661021 -0.250565
v -11.779700 52.769402 46.128601
vn 0.522561 -0.743394 -0.417486
v -11.779700 74.868401 -58.148201
vn 0.563032 -0.823717 0.066978
v -19.164400 69.658401 -33.738899
vn 0.707297 -0.705869 -0.038478
v -35.324200 40.992599 -10.972600
vn 0.936536 -0.342620 -0.074244
v -31.521099 28.043100 38.204399
vn 0.923683 -0.296799 -0.242324
v -18.128000 20.660400 76.867996
vn 0.687647 -0.427941 -0.586522
v -17.915701 58.016201 -100.405998
vn 0.760753 -0.581617 0.288055
v -31.408100 49.137001 -61.361198
vn 0.921425 -0.372376 0.110962
v -41.090599 -0.317145 -11.221000
vn 0.963484 0.052509 -0.262568
v -37.322701 -9.706880 45.267799
vn 0.973739 -0.009779 -0.227457
v -20.744699 -18.482300 86.004204
vn 0.662078 0.081413 -0.745000
v -17.640600 28.909500 -137.326996
vn 0.850516 0.025735 0.525320
v -32.750999 18.700800 -82.565002
vn 0.934978 0.218665 0.279289
v -25.910200 -29.900499 -31.551701
vn 0.739596 0.604114 0.296722
v -28.855200 -38.796101 21.812500
vn 0.845167 0.529883 0.070126
v -21.195601 -51.865299 61.246399
vn 0.617419 0.777981 -0.116359
v -18.094601 4.960190 -88.418701
vn 0.329645 0.846789 0.417472
v -31.649599 -2.613260 -63.454800
vn 0.713027 0.565579 0.414384
v -14.408100 -37.074600 -32.471500
vn 0.346437 0.817482 0.460113
v -17.922600 -45.951199 0.494341
vn 0.471071 0.864446 0.175571
v -10.328300 -51.796902 19.561800
vn 0.219192 0.961225 0.167336
v -13.624200 -12.030500 -63.834099
vn 0.245631 0.752524 0.611042
v -40.646801 13.989900 -13.153000
vn 0.991439 -0.094502 -0.090101
v -41.139500 9.576120 -40.452000
vn 0.865768 -0.249584 0.433766
v -33.911301 -18.581600 -23.064301
vn 0.691265 0.702984 0.167228
v -41.383099 14.189900 -27.031900
vn 0.863914 -0.495821 -0.088398
v -39.166100 -0.980594 -43.002602
vn 0.604554 0.414785 0.680050
v -60.738800 0.119835 -17.925301
vn 0.653650 0.025731 -0.756360
v -76.046303 16.316200 -44.628899
vn 0.846162 -0.055250 -0.530054
v -78.336800 0.491598 -48.292999
vn 0.588139 0.771545 -0.242510
v -64.411903 -26.539301 -31.031300
vn 0.917704 -0.042451 -0.394991
v -42.655399 6.414270 -20.089300
vn 0.588065 -0.580036 -0.563682
v -61.474098 21.853701 -22.965200
vn 0.397179 -0.154125 -0.904707
v -39.071499 -10.960000 -18.820900
vn 0.381651 0.551651 -0.741636
v -58.587898 -19.958700 -16.369801
vn 0.771952 0.014921 -0.635506
v -68.734497 -5.517020 -56.905499
vn 0.851167 -0.524233 -0.026356
v -68.776802 0.972181 -54.198700
vn -0.321355 0.853646 0.409901
v -47.750000 -27.700399 -25.092800
vn -0.924878 0.128696 0.357825
v -55.885601 -3.937660 -56.122398
vn -0.860196 -0.467784 0.203076
v -60.100201 15.204000 -44.079300
vn -0.820908 -0.077147 0.565826
v -51.436798 22.548599 -28.748100
vn -0.960230 -0.185312 0.208850
v -50.948502 0.771017 -15.875200
vn 0.000101 -0.219861 -0.975531
v -51.423698 14.666400 -22.011200
vn -0.525119 -0.362280 -0.770067
v -46.683399 -19.316401 -14.881500
vn -0.727013 -0.222753 -0.649487
v -67.142998 142.238007 -40.212601
vn 0.640530 -0.086524 -0.763044
v -57.521198 154.798996 -40.610500
vn -0.871463 -0.183268 -0.454933
v -71.409302 160.029007 -48.586601
vn 0.974582 -0.199079 -0.102749
v -62.401100 154.733002 -51.595798
vn -0.588561 -0.083451 0.804134
v -146.834000 7.372660 -167.453995
vn -0.604894 0.645431 0.466393
v -161.158005 15.508700 -188.854996
vn -0.624042 -0.449938 0.638849
v -163.841995 15.072500 -175.787994
vn 0.819377 -0.342462 -0.459718
v -164.671997 7.240390 -177.289993
vn 0.547152 0.795085 -0.261656
v -110.568001 101.013000 -112.435997
vn 0.922168 -0.113286 -0.369828
v -102.377998 106.640999 -118.612999
vn -0.604436 0.014591 0.796520
v -93.094902 114.183998 -104.745003
vn -0.864815 -0.458495 0.204639
v -105.230003 116.213997 -106.483002
vn 0.794691 -0.347437 -0.497748
v -66.149498 105.642998 -56.908001
vn -0.738789 -0.113901 0.664242
v -78.543297 97.540199 -77.939598
vn -0.803702 -0.407875 0.433245
v -91.806801 98.664299 -81.614998
vn 0.714116 -0.436872 -0.546975
v -77.973900 111.039001 -57.584801
vn 0.800122 -0.451104 0.395360
v -21.247999 -164.076996 39.884201
vn 0.890629 0.244138 -0.383637
v -16.924000 -154.985992 30.741899
vn -0.743581 0.151908 0.651162
v -19.365400 -138.761993 36.239101
vn 0.016912 -0.359868 -0.932850
v -10.872000 -160.018997 40.454601
vn -0.984067 -0.102154 0.145523
v -65.081902 5.423310 -289.756989
vn -0.704716 -0.703197 0.094288
v -71.378304 4.437200 -258.480011
vn 0.417038 -0.908281 -0.033240
v -74.053398 -80.071800 -111.453003
vn -0.835025 0.091825 0.542496
v -58.899700 -118.956001 -34.751499
vn -0.472767 0.170438 0.864547
v -67.676498 -119.005997 -31.888300
vn 0.976463 0.194169 -0.093902
v -86.720596 -82.021599 -109.758003
vn 0.981424 -0.069092 0.178979
v -63.419300 -119.557999 -24.569099
vn 0.818251 0.085514 -0.568465
v -54.911999 -130.820999 -26.656900
vn -0.737749 0.635730 0.227100
v -74.724197 -91.076401 -103.438004
vn -0.797303 0.600452 0.061366
v -84.373199 -88.311302 -98.588097
vn 0.832970 0.438321 -0.337692
v -65.005501 -2.401590 -271.319000
vn -0.820912 0.564127 0.088681
v -77.622704 -3.063180 -287.036011
vn 0.874280 0.473775 0.105691
v -134.970993 29.393101 -136.615997
vn 0.758140 -0.612144 -0.224732
v -116.774002 65.402100 -116.427002
vn 0.923627 -0.243808 0.295755
v -102.607002 62.050499 -112.129997
vn -0.738430 0.050223 0.672457
v -119.622002 32.862099 -131.242996
vn -0.634264 -0.240745 0.734677
v -71.876503 -88.260101 -41.464600
vn 0.870786 0.405973 0.277340
v -78.347801 -74.319199 -67.575500
vn 0.958646 0.193359 -0.208829
v -69.221603 -79.942902 -71.940903
vn -0.503049 0.864246 0.004465
v -61.317402 -87.047096 -42.750999
vn -0.770816 0.295177 0.564547
v -40.336300 -119.289001 10.137200
vn 0.890828 0.167723 -0.422249
v -53.722099 -116.686996 -10.480200
vn 0.785604 0.285677 -0.548831
v -45.494499 -115.306000 -13.329200
vn -0.847160 0.174384 0.501906
v -31.170200 -129.897003 9.945740
vn -0.197786 0.639844 0.742617
v -76.359497 -39.341000 -110.730003
vn 0.824069 0.113827 0.554936
v -74.369499 -14.583800 -156.352997
vn 0.893370 0.441019 0.085976
v -62.859501 -14.785300 -163.397995
vn -0.478982 0.859236 0.179691
v -64.615898 -37.774799 -109.320000
vn -0.916178 0.276697 0.289926
v -9.728720 17.254400 -123.165001
vn 0.123293 0.921047 0.369421
v -19.580099 16.110800 -113.364998
vn 0.493022 0.812097 0.312135
v -9.340080 1.892270 -95.040604
vn 0.456617 0.888993 -0.034517
v -4.652780 8.385220 -116.098999
vn -0.181025 -0.250768 0.950971
v -10.680600 6.746740 -109.806000
vn 0.963928 0.014073 0.265793
v -4.856570 -20.323700 -146.755997
vn -0.623554 -0.545772 0.559744
v -10.041700 -23.764400 -147.350006
vn 0.912610 -0.166810 0.373253
v -9.702990 -25.536800 -133.445999
vn 0.395473 0.781359 -0.482783
v -3.658370 -27.093201 -145.414001
vn -0.876599 0.480179 -0.031655
v -19.787500 62.497601 7.453690
vn 0.693620 -0.683518 -0.227364
v -19.787500 67.978699 -18.466101
vn 0.693619 -0.717049 -0.068805
v -27.533400 55.616402 -7.540840
vn 0.858087 -0.502403 -0.106202
v -12.041600 70.668503 -4.357890
vn 0.433666 -0.881543 -0.186590
v -14.900300 56.801601 34.390301
vn 0.579708 -0.740287 -0.340460
v -25.154100 44.976002 31.889700
vn 0.832438 -0.488192 -0.262135
v -10.428200 66.978600 13.091400
vn 0.405794 -0.873317 -0.269533
v -6.020300 53.366100 50.636700
vn 0.329446 -0.808699 -0.487311
v -14.900300 38.398701 62.993401
vn 0.637945 -0.591359 -0.493275
v -6.020300 64.277496 25.865200
vn 0.258405 -0.905420 -0.336812
v -6.020300 77.914703 -64.022301
vn 0.377967 -0.922541 0.077835
v -14.900300 73.674797 -45.402699
vn 0.588157 -0.808718 0.006877
v -14.900300 68.587303 -79.481796
vn 0.691037 -0.699299 0.182890
v -6.020300 77.220497 -35.055698
vn 0.305430 -0.949806 -0.067682
v -25.154100 61.849201 -47.903400
vn 0.831717 -0.553667 0.041233
v -10.428200 74.358398 -21.807199
vn 0.411957 -0.904922 -0.106809
v -33.926701 34.762600 14.208200
vn 0.933783 -0.313564 -0.172412
v -33.875500 45.380100 -36.695801
vn 0.937967 -0.345962 0.022979
v -38.944901 25.250999 -10.103300
vn 0.980526 -0.186112 -0.062700
v -25.154100 24.369400 60.026699
vn 0.867634 -0.318327 -0.381942
v -33.920399 9.948440 41.818901
vn 0.958697 -0.211574 -0.190096
v -9.533770 18.673300 84.662300
vn 0.464835 -0.437537 -0.769734
v -19.787500 1.417350 82.854202
vn 0.781510 -0.200164 -0.590912
v -9.342740 60.254101 -112.509003
vn 0.595540 -0.706246 0.382817
v -24.962999 54.397099 -81.973801
vn 0.879938 -0.419639 0.222741
v -18.641300 42.837200 -120.602997
vn 0.852495 -0.403277 0.332596
v -32.930801 34.338200 -72.367500
vn 0.965260 -0.184574 0.184947
v -40.988800 -4.848800 17.948999
vn 0.996848 0.005619 -0.079141
v -38.740700 -8.271940 -14.762700
vn 0.762568 0.545198 -0.348208
v -30.181900 -14.493700 67.924004
vn 0.923789 -0.013022 -0.382680
v -34.020302 -26.471901 34.179798
vn 0.948230 0.313598 -0.050169
v -9.748200 -20.483500 92.446404
vn 0.398882 0.107247 -0.910709
v -22.420300 -36.479198 75.675301
vn 0.807774 0.348630 -0.475351
v -8.786980 31.358000 -148.048996
vn 0.570963 0.058024 0.818923
v -25.647499 24.672300 -112.280998
vn 0.961672 0.021425 0.273365
v -19.561800 20.651501 -125.793999
vn 0.641651 0.656878 0.395974
v -33.191299 7.017770 -71.325600
vn 0.843028 0.380458 0.380205
v -25.714100 -36.941700 -3.857780
vn 0.815070 0.562358 0.139335
v -28.835699 -15.289900 -50.004799
vn 0.692389 0.604625 0.393733
v -19.553801 -34.799000 -32.338402
vn 0.449522 0.756216 0.475466
v -25.860201 -45.796902 43.192200
vn 0.834069 0.551617 0.006933
v -22.187901 -44.778099 14.256500
vn 0.714048 0.689100 0.123601
v -11.243700 -53.622200 72.026299
vn 0.406602 0.836388 -0.367599
v -14.547700 -53.702900 39.759499
vn 0.326684 0.940067 0.097736
v -5.086920 1.663360 -98.419701
vn -0.333877 0.925204 -0.180344
v -25.409599 1.447720 -76.261803
vn 0.535079 0.680691 0.500350
v -15.882800 -2.665450 -76.180496
vn 0.225600 0.808647 0.543319
v -15.923500 -42.413399 -18.933300
vn 0.378760 0.889662 0.255035
v -8.620620 -39.084000 -32.944901
vn 0.128658 0.865445 0.484203
v -13.922500 -49.620701 11.805100
vn 0.301896 0.936838 0.176614
v -9.837740 -44.816200 -15.076900
vn 0.130930 0.964750 0.228288
v -6.176590 -53.620300 24.764999
vn 0.167880 0.974013 0.152035
v -6.020300 -48.290199 -2.303110
vn 0.125463 0.965753 0.227111
v -6.950670 -10.356300 -67.605698
vn 0.169285 0.781811 0.600095
v -6.599870 -25.410601 -50.783699
vn 0.114071 0.762264 0.637135
v -27.708900 49.722698 9.442470
vn 0.860636 -0.475975 -0.180980
v -20.985800 41.726700 47.255402
vn 0.767148 -0.526476 -0.366480
v -8.639350 36.861900 69.800697
vn 0.341774 -0.671115 -0.657871
v -8.639350 70.767700 -88.963501
vn 0.512227 -0.815951 0.268046
v -20.985800 65.098503 -63.269199
vn 0.770884 -0.625566 0.120023
v -27.708900 57.102501 -25.456200
vn 0.861050 -0.507811 -0.026846
v -37.304100 12.414300 14.007000
vn 0.980837 -0.147834 -0.126897
v -27.708900 5.576620 63.645302
vn 0.899456 -0.190540 -0.393286
v -10.492400 -0.696366 90.340500
vn 0.442675 -0.169197 -0.880574
v -9.537260 45.115601 -133.406998
vn 0.666783 -0.572924 0.476612
v -26.562700 38.678001 -94.435898
vn 0.938605 -0.251391 0.236268
v -37.038799 30.723101 -42.087299
vn 0.975837 -0.203257 0.080174
v -36.941101 -19.593599 6.111380
vn 0.945172 0.325367 0.028037
v -30.429899 -32.024700 56.006199
vn 0.936930 0.296545 -0.184995
v -11.607200 -38.592899 85.002403
vn 0.477779 0.437947 -0.761531
v -13.556100 22.421000 -134.929001
vn 0.338845 0.824145 0.453838
v -26.590500 10.228800 -85.384499
vn 0.699759 0.561240 0.441981
v -46.076099 0.072089 -15.705400
vn 0.196335 -0.243115 -0.949920
v -21.986700 -39.734100 -14.004300
vn 0.678277 0.715479 0.167418
v -9.420830 -55.729500 49.390499
vn 0.189834 0.980338 0.053863
v -9.656460 -1.883230 -79.161499
vn 0.187407 0.842809 0.504532
v -22.814100 -7.203200 -65.521896
vn 0.372916 0.754023 0.540724
v -20.268400 -20.666401 -49.784599
vn 0.419610 0.713715 0.560837
v -19.276899 -50.485401 31.941200
vn 0.566462 0.816065 0.114708
v -40.795601 8.160690 -11.303100
vn 0.988092 -0.097311 -0.119185
v -37.102100 14.614500 -60.139301
vn 0.981362 0.014130 0.191649
v -29.597900 -24.940399 -24.517000
vn 0.860527 0.486611 0.150675
v -42.080502 9.435140 -22.868900
vn 0.645091 -0.484168 -0.591134
v -35.023201 -3.029750 -51.360699
vn 0.878181 0.369413 0.303861
v -40.986198 14.154100 -20.700500
vn 0.988561 -0.121927 -0.088776
v -37.329399 20.444799 8.835990
vn 0.982323 -0.116597 -0.146446
v -41.297699 13.930700 -34.403900
vn 0.794533 -0.598225 0.104137
v -32.537102 -28.035601 -3.058200
vn 0.844366 0.515352 0.146486
v -40.322102 4.014330 -42.562000
vn 0.602886 -0.215914 0.768056
v -67.942802 0.248878 -29.200701
vn 0.872021 0.036578 -0.488100
v -66.573097 4.122860 -27.271000
vn 0.849732 -0.042057 -0.525535
v -78.151100 0.701317 -56.831299
vn 0.005888 0.996841 0.079198
v -46.692299 11.621800 -27.067499
vn -0.385230 -0.908807 -0.160210
v -61.217899 3.551230 -19.214899
vn 0.620355 -0.251456 -0.742920
v -40.847599 -16.938499 -24.514200
vn -0.186279 0.978648 0.086886
v -59.605701 -25.052601 -20.239901
vn 0.923787 0.054737 -0.378975
v -70.334198 -1.937350 -42.070702
vn 0.558705 0.778482 0.286031
v -81.792900 4.202880 -51.777802
vn 0.836006 0.100508 -0.539437
v -13.580100 -26.720600 -46.946400
vn 0.314075 0.734313 0.601782
v -42.240799 3.886650 -17.470200
vn 0.608090 -0.511960 -0.606732
v -41.441601 8.819290 -19.075399
vn 0.971765 -0.184756 -0.146756
v -56.363998 20.241400 -22.038799
vn -0.032969 -0.169833 -0.984921
v -35.465698 -15.615700 -17.950701
vn 0.829574 0.512101 -0.222618
v -61.164200 -4.505080 -19.402800
vn 0.626246 0.139981 -0.766956
v -43.264801 -9.408080 -19.111000
vn -0.125252 0.469692 -0.873900
v -67.900902 -15.726700 -42.516602
vn 0.968631 -0.013653 -0.248128
v -35.938099 -10.630700 -34.153702
vn 0.550912 0.685273 0.476336
v -46.602100 -2.138410 -41.147400
vn -0.222977 0.436960 0.871405
v -50.699100 0.913939 -43.147301
vn -0.164718 0.024041 0.986048
v -30.745899 -95.077599 6.120990
vn -0.900705 -0.029516 0.433427
v -62.778801 -1.502630 -65.678596
vn 0.101974 -0.994517 -0.023162
v -57.527000 -0.816018 -42.909599
vn -0.123743 0.272481 0.954171
v -51.853600 -18.073500 -39.071499
vn -0.884205 0.286628 0.368817
v -48.208900 7.854930 -37.264500
vn -0.077367 -0.811633 0.579022
v -54.432301 80.646202 -33.512001
vn -0.988438 -0.034765 0.147583
v -53.543999 24.114599 -33.442001
vn -0.812620 -0.159625 0.560508
v -66.342598 4.216670 -54.351601
vn -0.723561 0.161396 0.671127
v -55.605099 0.072089 -15.705400
vn 0.133118 -0.077166 -0.988092
v -46.408798 6.436550 -20.749800
vn -0.113669 -0.655501 -0.746591
v -51.922199 -22.037800 -12.834400
vn 0.185729 -0.256183 -0.948617
v -51.528999 23.772301 -25.474300
vn -0.940603 -0.179216 -0.288354
v -44.202702 -27.763800 -15.971600
vn -0.970898 -0.113751 -0.210755
v -51.372299 3.914510 -18.295900
vn -0.029697 -0.577559 -0.815808
v -50.190800 -3.696230 -16.631500
vn -0.000144 0.155079 -0.987902
v -65.679100 -6.453460 -32.664001
vn 0.867805 0.490450 -0.079828
v -66.497200 20.947100 -29.087500
vn 0.824789 -0.060645 -0.562179
v -63.172699 163.587997 -40.961300
vn -0.003770 -0.239608 -0.970862
v -72.843903 100.444000 -44.634102
vn 0.864657 -0.040329 -0.500741
v -69.630096 162.725006 -44.910099
vn 0.873241 -0.175071 -0.454754
v -58.844700 99.882500 -46.055099
vn -0.894477 0.008888 0.447027
v -67.190804 169.468994 -51.078701
vn 0.243199 -0.387885 0.889044
v -59.625999 161.912994 -46.965900
vn -0.913673 -0.180326 0.364258
v -54.640800 78.487503 -30.139099
vn -0.749041 -0.122174 -0.651161
v -64.890198 92.433502 -32.837799
vn 0.580005 -0.084983 -0.810168
v -160.279007 10.559500 -188.057999
vn -0.732450 0.210182 0.647565
v -115.496002 4.433520 -121.605003
vn -0.529836 0.746285 0.402905
v -172.371994 15.689300 -195.345993
vn 0.347174 -0.921119 0.176098
v -118.049004 12.846200 -128.449005
vn -0.818242 0.065589 0.571120
v -171.117996 11.118400 -185.671005
vn 0.895072 0.113953 -0.431116
v -131.882004 12.755300 -126.309998
vn 0.827116 -0.095783 -0.553809
v -164.807007 7.215370 -187.059998
vn -0.057186 0.981539 0.182514
v -118.399002 3.851450 -107.908997
vn 0.534989 0.783859 -0.315203
v -152.300003 20.892000 -159.334000
vn 0.773457 -0.473812 -0.421031
v -96.558998 111.692001 -111.482002
vn -0.790464 -0.138821 0.596570
v -63.331699 128.514008 -53.553799
vn -0.615123 -0.057355 0.786342
v -109.158997 111.974998 -111.203003
vn 0.882059 -0.251482 -0.398408
v -101.157997 82.018303 -113.971001
vn -0.683792 0.078257 0.725468
v -98.870796 106.335999 -93.395401
vn 0.685858 -0.339011 -0.643950
v -101.887001 123.700996 -110.959999
vn -0.129078 -0.986017 -0.105403
v -110.963997 112.582001 -122.136002
vn 0.633769 -0.248573 0.732495
v -97.948402 68.130798 -85.998100
vn 0.842092 -0.085794 -0.532467
v -93.255997 74.691101 -79.317802
vn 0.859488 -0.063451 -0.507203
v -83.152702 67.316299 -86.801201
vn -0.824406 0.077294 0.560697
v -78.460297 73.876602 -80.120796
vn -0.860065 0.025629 0.509541
v -70.937401 98.040901 -65.696404
vn -0.791258 -0.191792 0.580626
v -85.158798 103.538002 -91.480301
vn -0.866168 -0.447797 0.221880
v -84.947701 97.191399 -67.840103
vn 0.864265 -0.305328 -0.399776
v -74.795799 134.320007 -51.848000
vn 0.989178 -0.123081 0.079856
v -86.667503 103.623001 -82.716698
vn -0.215354 -0.959590 -0.181132
v -71.520302 115.244003 -58.410500
vn -0.179172 -0.317022 0.931340
v -77.059502 72.556900 -50.257702
vn 0.878626 -0.043044 -0.475567
v -84.948601 65.206596 -63.995701
vn 0.866694 -0.051228 -0.496203
v -69.690598 65.070801 -64.129501
vn -0.875201 0.006240 0.483719
v -61.914001 72.444603 -50.541901
vn -0.869584 0.010951 0.493663
v -42.776299 -91.801102 6.762170
vn 0.859233 0.011171 -0.511463
v -14.712500 -175.776993 41.112999
vn 0.257559 0.771594 0.581641
v -35.246601 -90.784897 16.027599
vn 0.317449 -0.292795 -0.901941
v -16.967300 -161.416000 43.721901
vn 0.385415 -0.198195 -0.901207
v -23.423401 -107.324997 19.662100
vn -0.971019 -0.218259 0.097393
v -10.881000 -160.979996 43.967800
vn -0.728247 -0.303092 -0.614647
v -11.303000 -165.130997 38.908401
vn -0.851693 0.120955 0.509890
v -60.619499 3.515490 -203.468002
vn -0.738018 -0.674779 -0.001596
v -64.453903 2.468870 -294.907013
vn -0.985376 0.045052 0.164327
v -70.880096 1.294640 -179.164001
vn 0.549284 -0.834272 -0.047724
v -68.420197 6.548510 -294.270996
vn -0.070276 -0.995366 0.065626
v -31.748100 -139.007996 23.961201
vn 0.934267 0.253271 -0.250996
v -74.549301 -88.830803 -108.540001
vn -0.861187 0.397673 0.316563
v -56.424801 -125.107002 -31.131001
vn -0.720100 0.168827 0.673019
v -70.039803 -102.336998 -35.150799
vn 0.991972 0.122985 0.029424
v -82.490196 -62.035198 -108.113998
vn 0.918102 -0.239605 0.315718
v -63.876598 -127.117996 -33.822201
vn 0.345519 0.398538 0.849579
v -82.532303 -88.061203 -118.198997
vn 0.093107 0.108070 0.989774
v -78.229599 -43.911701 -79.409500
vn 0.982796 -0.148973 -0.109179
v -67.548897 -77.681503 -31.171000
vn 0.846204 -0.028516 -0.532096
v -77.871597 -52.379501 -74.547600
vn 0.973985 -0.072393 -0.214737
v -64.017502 -44.091202 -79.049301
vn -0.981778 0.133380 0.135355
v -53.403000 -82.162903 -30.449301
vn -0.853965 0.052971 0.517628
v -62.396702 -54.876598 -73.022697
vn -0.964809 0.025767 0.261686
v -66.199501 -121.669998 -28.327101
vn 0.916847 0.175978 -0.358361
v -49.785999 -121.388000 -20.166401
vn -0.903675 0.245872 0.350596
v -60.186298 -134.153000 -25.274700
vn 0.349651 0.816474 -0.459471
v -64.408302 -82.114098 -26.111300
vn 0.834275 -0.027273 -0.550674
v -50.880199 -87.327797 -25.512899
vn -0.874118 0.051776 0.482947
v -71.061203 -84.222397 -87.979401
vn -0.762197 0.635369 -0.123947
v -86.491699 -87.660500 -105.865997
vn 0.946443 0.244890 -0.210417
v -81.390800 -95.526497 -106.934998
vn 0.154833 0.964484 -0.214005
v -78.092300 -60.109699 -73.059898
vn 0.978542 -0.125700 -0.163262
v -63.024101 -63.498001 -72.154297
vn -0.961840 0.245965 0.119857
v -63.633900 -7.294180 -227.593002
vn -0.760078 0.644595 0.082333
v -75.897903 2.296050 -292.058990
vn 0.871367 -0.488222 0.048573
v -60.409000 -2.162540 -188.953995
vn -0.988105 0.148498 0.039964
v -74.860603 -3.273800 -188.360992
vn 0.934168 -0.354391 -0.041682
v -71.275597 -2.685430 -302.253998
vn -0.112370 0.971636 0.208077
v -122.711998 43.851700 -120.106003
vn 0.891393 -0.281691 -0.355061
v -113.376999 86.681000 -113.834999
vn 0.969805 -0.071541 -0.233153
v -108.553001 46.892799 -118.639000
vn -0.715182 0.006535 0.698908
v -136.837997 22.254499 -155.669998
vn -0.692458 -0.360166 0.625126
v -112.082001 67.947601 -119.998001
vn -0.140140 -0.077388 0.987103
v -131.164001 32.273899 -139.781006
vn -0.061778 -0.827536 0.558003
v -111.763000 22.931601 -98.578201
vn 0.827666 -0.117366 -0.548812
v -100.974998 43.552200 -86.393097
vn 0.832263 -0.105294 -0.544289
v -85.717003 43.416500 -86.526901
vn -0.815615 0.094498 0.570826
v -96.681999 22.948500 -98.974701
vn -0.814981 0.081378 0.573746
v -75.781303 -77.105598 -54.590000
vn 0.963440 0.193233 -0.185591
v -81.957497 -80.272202 -83.058403
vn 0.917058 0.295979 -0.267211
v -64.018600 -80.859703 -53.890999
vn -0.839483 0.390274 0.378092
v -59.541401 -102.250000 -37.752899
vn -0.580521 0.186500 0.792599
v -76.057297 -81.201500 -72.791000
vn 0.512370 0.823320 -0.244174
v -66.615097 -92.978104 -43.163200
vn -0.031823 0.534410 0.844626
v -70.147102 -59.959599 -37.392700
vn 0.925788 -0.068712 -0.371747
v -74.339798 -53.617500 -54.313999
vn 0.969592 -0.134916 -0.204180
v -59.603699 -57.399300 -53.474602
vn -0.952653 0.239694 0.187081
v -55.669201 -64.047501 -36.604698
vn -0.914129 0.119252 0.387489
v -47.237598 -113.806999 0.153620
vn 0.856183 0.164370 -0.489830
v -60.090801 -117.887001 -19.075001
vn 0.742276 0.146852 -0.653804
v -39.420799 -118.397003 -4.211490
vn -0.769138 0.304332 0.561968
v -22.138599 -146.802994 22.866400
vn -0.561251 0.293647 0.773802
v -49.308498 -82.915298 -3.461760
vn 0.829497 -0.025582 -0.557925
v -34.721401 -131.964005 13.329700
vn 0.749256 0.628808 0.207887
v -36.594700 -88.417801 -3.271890
vn -0.825451 0.053552 0.561927
v -48.655701 -123.980003 -11.339500
vn -0.534301 0.845286 0.003767
v -45.350800 -82.520798 -16.935900
vn -0.842585 0.046920 0.536515
v -58.574600 -76.946297 -17.473600
vn 0.830163 -0.030585 -0.556681
v -74.861000 -23.400299 -127.064003
vn 0.941317 0.294350 0.165166
v -76.340698 -8.798850 -212.735001
vn 0.780557 0.623462 0.045008
v -62.273300 -25.307800 -124.871002
vn -0.832138 0.494387 0.251252
v -68.976799 -57.913502 -109.148003
vn -0.887546 0.207157 0.411519
v -74.760002 -26.126499 -86.357399
vn 0.987873 -0.155126 -0.006481
v -69.907997 -40.854000 -114.388000
vn -0.316038 0.518254 0.794690
v -60.521000 -25.729601 -86.758301
vn -0.992633 0.121153 0.001248
v -70.084396 -15.381700 -166.621002
vn 0.233673 0.958916 0.160865
v -58.793400 -10.082200 -119.163002
vn -0.993059 0.116960 0.012430
v -73.364304 -10.872500 -118.828003
vn 0.990565 -0.135275 -0.021943
v -6.566260 14.442300 -117.182999
vn 0.338362 0.663472 0.667320
v -14.197000 11.430500 -106.692001
vn 0.179949 0.918166 0.352973
v -5.591350 24.317699 -141.229996
vn 0.129199 0.872319 0.471559
v -19.318701 11.447600 -102.123001
vn 0.478999 0.818137 0.318138
v -12.784200 4.187300 -89.652802
vn 0.412165 0.857361 0.308306
v -15.008000 16.440399 -119.337997
vn 0.271829 0.898973 0.343447
v -25.550200 16.393999 -101.462997
vn 0.758323 0.597478 0.260703
v -5.703360 -0.479084 -83.364998
vn 0.209979 0.897024 0.388917
v -10.300800 13.149400 -112.502998
vn 0.549502 0.641415 0.535382
v -2.127090 7.266730 -112.724998
vn -0.914922 0.083109 0.394981
v -11.056400 4.055600 -101.674004
vn 0.937801 0.346881 -0.014269
v -2.486570 13.928600 -117.401001
vn -0.048376 0.777892 0.626533
v -13.795200 8.372890 -99.010101
vn 0.586990 0.755574 0.290775
v -7.892670 8.543500 -113.961998
vn 0.728054 -0.085574 0.680157
v -7.564480 -25.040800 -152.373001
vn 0.087435 -0.543630 0.834758
v -4.870610 -8.297480 -134.048996
vn -0.438169 -0.666980 0.602616
v -10.577300 -28.049500 -143.888000
vn 0.859889 0.509455 -0.032351
v -10.618700 -9.244010 -129.647995
vn 0.911569 -0.315320 0.263846
v -6.157000 -29.339600 -142.117004
vn -0.431824 0.843446 -0.319573
v -9.701950 -10.873300 -113.886002
vn 0.396236 0.755002 -0.522465
v -3.690480 -26.408300 -150.209000
vn -0.884959 -0.119159 0.450165
v -1.879700 -15.111200 -130.082993
vn -0.940481 0.292869 -0.172402
v -65.031303 2.818940 -178.757996
vn 0.074922 -0.996221 -0.043948
v -71.486099 2.992590 -316.768005
vn 0.163209 -0.455432 0.875183
v -64.969002 -1.307950 -43.931599
vn 0.011581 0.458925 0.888399
v -39.344700 -93.994904 13.536500
vn 0.796810 -0.033922 -0.603277
v -29.883801 -90.675797 16.089001
vn -0.366709 -0.442918 -0.818137
v -10.506900 -178.065994 47.294998
vn -0.711801 0.574848 -0.403596
v -29.135099 -95.642502 10.675400
vn -0.901763 -0.055030 0.428714
v -82.951897 -94.975700 -114.560997
vn 0.094529 0.871202 0.481737
v -61.997299 -133.313995 -30.044001
vn 0.496824 0.813999 0.300949
v -69.556297 92.747002 -39.111599
vn 0.816768 -0.043087 -0.575355
v -68.021202 -3.970130 -31.187700
vn 0.826608 0.512930 -0.231564
v -175.095993 11.102900 -200.841995
vn 0.113468 0.520346 0.846383
v -106.375000 121.261002 -118.040001
vn 0.170611 -0.791315 0.587122
v -111.344002 91.044197 -121.064003
vn 0.145248 0.068886 0.986994
v -152.341995 22.824499 -169.080994
vn -0.026263 -0.960083 0.278478
v -120.309998 48.757900 -126.800003
vn 0.145281 -0.482241 0.863908
v -94.705002 113.502998 -97.648201
vn -0.272530 -0.844296 -0.461402
v -69.861900 142.431000 -54.558498
vn 0.071308 -0.138029 0.987858
v -56.519199 93.139099 -39.886600
vn -0.944282 0.005916 0.329084
v -64.878197 176.529999 -46.199001
vn -0.003506 -0.977835 -0.209349
v -79.193703 105.750999 -69.413803
vn -0.042726 -0.875215 0.481843
v -59.398201 92.292397 -31.427999
vn 0.015403 -0.127028 -0.991780
v -126.943001 7.613410 -118.737000
vn 0.824721 0.143304 -0.547083
v -121.560997 3.768480 -121.495003
vn 0.025207 0.999219 0.030424
v -77.056000 -65.247398 -114.609001
vn -0.086297 -0.053251 0.994845
v -69.094902 -26.219000 -133.492996
vn 0.086148 0.881185 0.464856
v -70.787498 -8.598910 -236.281006
vn 0.048042 0.995119 0.086195
v -78.448601 -88.280998 -90.880302
vn 0.256164 0.882765 -0.393835
v -71.110901 -84.568497 -56.733002
vn 0.245318 0.928685 0.278144
v -65.664497 -110.150002 -37.352600
vn 0.191619 0.270254 0.943528
v -23.957701 -155.125000 28.464199
vn 0.657158 0.590118 0.468939
v -42.284000 -125.250999 0.193301
vn 0.407527 0.913137 -0.010108
v -54.805199 -128.938004 -18.969101
vn 0.186541 0.752088 -0.632112
v -38.740002 27.261101 -22.384899
vn 0.976289 -0.216467 -0.001308
v -4.331270 17.804800 -126.398003
vn 0.129325 0.914707 0.382866
v -36.877201 3.630490 -53.326500
vn 0.942658 0.258521 0.211100
v -32.080601 -15.009200 -39.118900
vn 0.844617 0.497412 0.197997
v -36.889599 27.355801 -51.583698
vn 0.980228 -0.167091 0.105989
v -41.897099 -14.303900 -21.236300
vn -0.343479 0.537476 -0.770157
v -46.196899 3.410110 -17.805099
vn 0.070122 -0.631495 -0.772203
v -54.966999 -4.512210 -16.985701
vn 0.200575 0.092846 -0.975269
v -43.565800 -10.333900 -32.604000
vn -0.303445 0.703958 0.642155
v -47.134998 10.309800 -32.153099
vn -0.142492 -0.884663 0.443922
v -47.833199 4.299650 -40.766300
vn -0.097269 -0.492892 0.864637
v -46.447498 9.463000 -23.694599
vn -0.133623 -0.803012 -0.580790
v -56.419201 3.410110 -17.805099
vn -0.009393 -0.552051 -0.833758
v -45.121899 -4.512210 -16.985701
vn 0.108359 0.394515 -0.912478
v -112.786003 7.663560 -119.917000
vn -0.799499 0.220720 0.558645
v -7.940020 -8.348600 -132.835007
vn 0.553958 -0.634030 0.539571
v -10.899800 -11.866200 -123.124001
vn 0.993887 0.085180 -0.070238
v -5.595440 -13.414400 -120.998001
vn -0.594485 0.643441 -0.482256
v -2.635620 -9.896780 -130.709000
vn -0.919310 -0.287348 0.268888
v -13.351100 67.669502 5.839460
vn 0.464440 -0.858591 -0.217062
v -9.773430 63.872101 23.797199
vn 0.426513 -0.850045 -0.309048
v -3.576690 61.679600 34.165100
vn 0.170354 -0.899887 -0.401476
v -3.576690 78.687698 -45.120602
vn 0.296082 -0.954918 -0.021618
v -9.773430 75.851700 -32.854099
vn 0.440025 -0.895663 -0.064541
v -13.351100 72.054298 -14.896400
vn 0.465448 -0.872431 -0.149071
v -10.989300 -43.085201 -21.987801
vn 0.166410 0.933573 0.317412
v -9.773430 -47.299400 -4.030000
vn 0.217374 0.954217 0.205470
v -3.576690 -50.499100 6.337920
vn 0.120812 0.974510 0.189037
v -4.320980 -19.894199 -57.215000
vn 0.166617 0.742232 0.649099
v -17.861099 -27.102900 -43.912998
vn 0.455042 0.699398 0.551161
v -29.322300 43.015202 19.386801
vn 0.866826 -0.457072 -0.199243
v -20.506500 34.833000 58.080399
vn 0.789116 -0.471503 -0.393677
v -6.195740 30.448099 76.975403
vn 0.300790 -0.605972 -0.736426
v -9.773430 73.223198 -78.770699
vn 0.494158 -0.846562 0.197840
v -20.506500 67.607399 -53.358299
vn 0.736168 -0.672378 0.077225
v -25.744600 60.012600 -17.442699
vn 0.820178 -0.568257 -0.066271
v -36.981602 6.697190 23.991800
vn 0.962705 -0.231666 -0.139752
v -25.744600 -2.450440 71.859398
vn 0.890491 -0.197104 -0.410092
v -7.154380 -7.852790 92.891701
vn 0.375880 -0.070544 -0.923979
v -12.587000 49.915001 -123.728996
vn 0.663695 -0.604641 0.440361
v -28.558201 42.907600 -83.146698
vn 0.937720 -0.270195 0.218346
v -36.801998 34.753799 -34.039501
vn 0.972478 -0.228679 0.044632
v -37.811298 -17.386200 18.899000
vn 0.948794 0.315282 -0.019688
v -28.743200 -27.714800 66.766701
vn 0.922197 0.208050 -0.325988
v -7.798360 -33.117100 89.639801
vn 0.385386 0.316811 -0.866665
v -15.879900 19.994699 -128.205002
vn 0.256810 0.890974 0.374452
v -28.766600 6.341510 -77.995903
vn 0.694711 0.557567 0.454419
v -64.627602 -8.984660 -31.208099
vn 0.942974 0.110771 -0.313895
v -23.382999 -40.682899 -1.680680
vn 0.741497 0.659489 0.123514
v -6.820930 -56.619099 59.809898
vn 0.207513 0.976182 -0.063306
v -10.517700 -4.192780 -75.283096
vn 0.172664 0.816027 0.551622
v -24.009001 -14.629300 -55.159698
vn 0.407531 0.722230 0.558841
v -25.744600 55.627701 3.293090
vn 0.820178 -0.546439 -0.169447
v -20.506500 48.033001 39.208599
vn 0.732544 -0.585734 -0.346836
v -9.773430 43.060699 62.722500
vn 0.339353 -0.728852 -0.594655
v -6.195740 68.205498 -99.855400
vn 0.527105 -0.781737 0.333237
v -20.506500 63.177101 -75.958199
vn 0.796074 -0.581169 0.168845
v -29.322300 54.994801 -37.264599
vn 0.867226 -0.497900 -0.003843
v -38.469501 13.778800 3.826220
vn 0.989910 -0.061292 -0.127756
v -29.322300 13.388700 56.448002
vn 0.925771 -0.208876 -0.315150
v -13.351100 6.381350 87.744598
vn 0.476777 -0.254555 -0.841360
v -6.390260 40.724201 -142.826004
vn 0.641484 -0.530520 0.554118
v -24.216400 34.663300 -109.833000
vn 0.938114 -0.242449 0.247307
v -64.740700 4.983420 -24.425699
vn 0.819099 -0.054603 -0.571047
v -27.913700 -31.570900 -9.278020
vn 0.817928 0.545452 0.182964
v -30.144199 -35.959099 46.262501
vn 0.925412 0.371794 -0.073358
v -15.234300 -44.147301 79.400002
vn 0.527527 0.552313 -0.645497
v -3.194630 22.081301 -136.738007
vn 0.128575 0.912025 0.389459
v -24.119101 12.594500 -94.968102
vn 0.679547 0.672155 0.293979
v -37.243599 1.881570 -48.982101
vn 0.926120 0.191424 0.325051
v -19.735800 -39.657200 -21.502501
vn 0.519346 0.800320 0.299612
v -21.458401 -48.441101 31.484200
vn 0.698797 0.706517 0.111881
v -10.398600 -54.829201 39.987999
vn 0.173161 0.979646 0.101531
v -3.323140 1.382710 -88.126297
vn 0.140202 0.974739 0.173857
v -21.459200 -2.355900 -73.713097
vn 0.381824 0.759328 0.526907
v -16.595400 -51.629601 29.620100
vn 0.373212 0.917290 0.138895
v -41.502602 6.325110 -17.447201
vn 0.960187 -0.195398 -0.199649
v -32.057899 -16.930300 -33.164001
vn 0.849842 0.492663 0.187222
v -37.006901 27.047600 5.178700
vn 0.976595 -0.173406 -0.127250
v -36.079700 25.643801 -60.997601
vn 0.982344 -0.118354 0.144890
v -37.044701 -17.919201 -7.385230
vn 0.942421 0.312385 0.119409
v -69.418297 2.994320 -32.131001
vn 0.862671 0.015133 -0.505538
v -63.524399 175.690994 -48.321098
vn -0.515362 -0.585734 0.625554
v -44.483200 -12.672000 -20.527901
vn -0.505909 0.200175 -0.839039
v -172.817001 9.786800 -200.951004
vn -0.340047 0.704923 0.622457
v -9.114540 -30.530899 -44.398201
vn 0.130875 0.782779 0.608382
v -41.323002 10.360400 -21.373501
vn 0.949839 -0.214513 -0.227575
v -47.971298 4.418920 -18.786699
vn 0.000004 -0.697363 -0.716718
v -56.967602 -6.144160 -17.694099
vn 0.388885 -0.110863 -0.914592
v -51.550701 -0.305605 -43.057999
vn -0.099433 0.343365 0.933924
v -60.646400 -132.880997 -31.916800
vn -0.260090 0.644305 0.719183
v -61.658798 -1.572400 -43.272301
vn 0.010722 -0.911286 0.411634
v -44.978298 -13.418300 -29.388599
vn -0.626927 0.536074 0.565321
v -50.040600 9.583180 -33.991001
vn -0.541936 -0.598543 0.589960
v -51.937500 3.022850 -41.799500
vn -0.428561 -0.233597 0.872793
v -48.395199 10.471800 -24.676100
vn -0.698865 -0.599056 -0.390793
v -10.609000 -179.259995 44.989498
vn -0.578250 0.686570 0.440737
v -57.763401 2.401290 -16.823500
vn 0.235880 -0.451441 -0.860559
v -47.218601 -2.880250 -16.277300
vn -0.002921 0.247888 -0.968784
v -68.552597 -4.089980 -35.828400
vn 0.735974 0.676471 -0.027001
v -71.096397 120.472000 -43.165501
vn 0.844947 -0.047430 -0.532743
v -57.870899 120.022003 -44.302299
vn -0.922879 -0.005637 0.385049
v -53.563801 65.691399 -29.831800
vn -0.989789 -0.068613 -0.124939
v -56.772099 63.673801 -27.868601
vn -0.045250 -0.130594 -0.990403
v -131.199997 10.145400 -147.237000
vn -0.809736 0.128634 0.572522
v -144.787003 10.051300 -145.024002
vn 0.835903 0.022912 -0.548400
v -106.343002 2.664300 -95.513802
vn 0.048670 0.998647 0.018291
v -129.731995 17.870199 -123.955002
vn 0.823210 -0.156492 -0.545743
v -88.009003 63.315701 -93.354401
vn -0.805739 0.095175 0.584573
v -60.429199 97.588997 -49.117401
vn -0.848070 0.009071 0.529807
v -91.896797 78.831200 -77.208298
vn 0.846900 -0.086468 -0.524675
v -99.750702 118.148003 -102.415001
vn 0.078933 -0.782161 -0.618056
v -110.028000 119.653999 -119.625000
vn 0.786133 -0.610734 0.094863
v -109.100998 82.940598 -120.130997
vn -0.132205 0.022128 0.990975
v -99.615196 84.093498 -90.713898
vn 0.846427 -0.088965 -0.525020
v -85.004501 83.007599 -91.784599
vn -0.845035 0.036134 0.533488
v -74.198799 107.449997 -65.126404
vn -0.373253 -0.577559 0.726022
v -68.114197 131.828003 -55.412300
vn -0.163520 -0.140236 0.976522
v -74.959602 98.038399 -47.980598
vn 0.899790 -0.042173 -0.434280
v -81.864304 73.210800 -58.831501
vn 0.881023 -0.050283 -0.470394
v -76.916199 78.288300 -77.743698
vn -0.885709 -0.024404 0.463599
v -66.513702 73.210800 -58.831501
vn -0.862615 -0.003169 0.505852
v -29.763901 -119.782997 26.684900
vn 0.564846 -0.168842 -0.807738
v -20.604700 -119.347000 26.930700
vn -0.784843 -0.395352 -0.477198
v -20.942301 -122.667999 22.883200
vn -0.856337 -0.007865 0.516358
v -60.893299 1.687690 -226.085999
vn -0.998946 0.017334 0.042504
v -64.066299 4.951410 -225.576996
vn -0.067402 -0.997378 -0.026344
v -79.059998 -44.355999 -90.261497
vn 0.977943 -0.208872 -0.000772
v -84.875801 -95.482300 -112.196999
vn 0.815304 0.564322 0.129692
v -71.405296 -22.272301 -141.139999
vn 0.429009 0.859623 0.277489
v -69.342697 -76.876602 -33.747299
vn 0.896440 -0.026856 -0.442350
v -40.601799 -106.200996 10.481400
vn 0.842596 0.001645 -0.538544
v -74.551300 -36.376400 -64.345299
vn 0.972095 -0.076255 -0.221850
v -59.682701 -37.820599 -62.093201
vn -0.961521 0.019400 0.274045
v -53.115501 -96.687103 -28.992201
vn -0.849034 0.050549 0.525915
v -66.199997 -70.079102 -85.160301
vn -0.968593 0.174849 0.176795
v -41.323601 -125.278999 4.868510
vn 0.760624 0.632760 -0.145142
v -66.504402 -91.852898 -28.796499
vn 0.862768 -0.005552 -0.505570
v -48.781898 -94.316704 -21.700800
vn -0.848118 0.054965 0.526948
v -77.289001 -91.760002 -97.473000
vn -0.116401 0.919759 -0.374826
v -81.359398 -67.343697 -85.317703
vn 0.975389 -0.040516 -0.216735
v -63.591301 -66.082298 -69.451599
vn -0.940692 0.335423 0.050899
v -60.237301 -6.122740 -172.235001
vn -0.968612 0.243847 0.048262
v -74.727501 0.329998 -224.130997
vn 0.814075 -0.579589 -0.036851
v -69.586502 1.269380 -316.726013
vn -0.600132 0.619842 0.505606
v -125.603996 42.675598 -129.733994
vn 0.483182 -0.733765 0.477623
v -162.125000 20.217400 -179.184006
vn 0.389665 -0.920687 -0.022261
v -109.275002 35.215302 -97.088898
vn 0.831757 -0.114331 -0.543240
v -102.989998 63.858601 -92.819099
vn 0.844973 -0.090686 -0.527064
v -93.924698 35.215302 -97.088898
vn -0.810696 0.079188 0.580087
v -115.459000 17.937599 -125.541000
vn -0.816233 0.040132 0.576327
v -74.593498 -82.181198 -61.498199
vn 0.636772 0.770927 -0.013851
v -67.134903 -116.056000 -35.618401
vn 0.546490 0.240973 0.802048
v -73.219597 -60.113998 -46.716702
vn 0.958714 -0.084015 -0.271676
v -78.160500 -62.647301 -69.491302
vn 0.980827 -0.112641 -0.159032
v -58.945400 -63.898800 -46.735802
vn -0.939472 0.182233 0.290144
v -55.363701 -81.011200 -33.825298
vn -0.851583 0.070623 0.519441
v -52.993401 -86.040703 -8.564690
vn 0.836470 -0.009194 -0.547936
v -28.932100 -145.440002 23.914600
vn 0.762079 0.569979 0.307180
v -29.142300 -110.615997 8.916160
vn -0.819217 0.053799 0.570955
v -51.425800 -127.484001 -17.223700
vn -0.665768 0.742575 -0.073044
v -40.489700 -91.924301 -8.936940
vn -0.827533 0.058676 0.558342
v -61.617500 -88.826599 -21.394800
vn 0.832753 -0.008435 -0.553580
v -74.029198 -18.665001 -102.905998
vn 0.997731 -0.066561 0.010152
v -81.798798 -74.047897 -115.917000
vn 0.359337 -0.209371 0.909418
v -64.748299 -44.281898 -91.186096
vn -0.974864 0.214128 0.061558
v -68.930603 -6.541060 -262.875000
vn -0.243457 0.965091 0.096580
v -59.385601 -18.197399 -103.764000
vn -0.995188 0.097456 -0.010110
v -75.212898 -6.983830 -171.442993
vn 0.993165 -0.111231 -0.035357
v -12.927600 10.999800 -106.028000
vn 0.621326 0.672506 0.402108
v -9.585890 25.509701 -143.229004
vn 0.322337 0.709468 0.626700
v -15.685400 12.631700 -109.267998
vn 0.259751 0.903209 0.341678
v -24.313601 19.957600 -113.904999
vn 0.816003 0.499690 0.290601
v -9.519880 0.365204 -83.314499
vn 0.200733 0.871557 0.447319
v -7.453400 -30.938101 -149.862000
vn 0.266292 0.949142 0.167984
v -13.056100 6.823180 -95.476898
vn 0.608905 0.761373 0.222589
v -7.050760 -14.767700 -141.576004
vn 0.276876 -0.719268 0.637176
v -11.209300 -17.421900 -133.533005
vn 0.999790 0.020349 0.002441
v -7.054100 -7.342610 -111.296997
vn -0.595082 0.675116 -0.435999
v -2.163570 -17.141100 -137.173004
vn -0.976763 -0.126530 0.172987
v -66.034302 0.748311 -133.490997
vn 0.167025 -0.984927 -0.044969
v -72.759598 4.533090 -316.217010
vn 0.488036 -0.819994 0.299050
v -68.584702 -0.797536 -44.080002
vn 0.039930 0.959201 0.279892
v -47.990398 -67.602798 -0.635933
vn 0.909470 0.066703 -0.410383
v -40.097099 -63.191002 4.578590
vn 0.086310 -0.370520 -0.924806
v -10.271400 -175.940002 49.037102
vn 0.240773 0.021954 -0.970333
v -35.751900 -69.775497 -0.885802
vn -0.969092 -0.136783 0.205310
v -80.806602 -94.206902 -116.880997
vn -0.368198 0.641255 0.673218
v -63.126801 -133.483994 -28.127199
vn 0.761507 0.647912 -0.017827
v -67.304497 64.238297 -33.507599
vn 0.813206 -0.045435 -0.580199
v -65.952698 -2.851720 -25.945700
vn 0.848109 0.201929 -0.489832
v -177.179993 12.398500 -200.253006
vn 0.919388 -0.350150 0.179224
v -102.722000 122.866997 -116.456001
vn -0.504434 -0.615693 0.605367
v -113.402000 99.419296 -121.730003
vn 0.774668 0.000576 0.632368
v -142.020996 25.397900 -158.186005
vn -0.172222 -0.886804 0.428856
v -115.016998 54.840199 -123.865997
vn -0.257171 -0.231006 0.938349
v -89.474403 109.129997 -92.613403
vn -0.334169 -0.878973 -0.340202
v -71.199501 153.257996 -53.136299
vn 0.492698 -0.170675 0.853299
v -55.167400 66.255898 -35.470798
vn -0.908509 -0.001901 0.417861
v -65.989502 177.143997 -44.645302
vn 0.442089 -0.599323 -0.667360
v -84.188698 104.052002 -73.701202
vn 0.333610 -0.939342 -0.079627
v -62.197601 120.911003 -34.987400
vn 0.170905 -0.124797 -0.977352
v -109.777000 5.217890 -93.447502
vn 0.820603 0.180986 -0.542084
v -136.990997 4.885980 -147.789001
vn -0.106517 0.986244 0.126397
v -72.257896 -56.381401 -113.290001
vn -0.398760 0.105387 0.910980
v -66.895103 -30.296900 -125.867996
vn -0.284382 0.759576 0.584955
v -72.589104 -10.591200 -209.677002
vn 0.170028 0.980854 0.094948
v -79.534500 -84.714500 -84.272903
vn 0.458175 0.817411 -0.349162
v -67.702103 -87.043297 -51.982498
vn -0.221536 0.805591 0.549495
v -64.120399 -104.155998 -39.072102
vn 0.001191 0.334172 0.942511
v -19.394600 -163.945007 32.439400
vn 0.198847 0.603510 0.772163
v -43.133598 -125.092003 -4.459840
vn -0.098959 0.989495 0.105385
v -58.239899 -130.457993 -20.725500
vn 0.323068 0.623674 -0.711799
v -39.950298 21.611500 -18.057800
vn 0.987019 -0.159748 -0.016563
v -4.545560 15.243600 -120.042999
vn 0.128695 0.921443 0.366579
v -36.288101 7.464910 -61.243301
vn 0.947406 0.221685 0.230820
v -32.271900 -11.515200 -47.181301
vn 0.830320 0.482741 0.278440
v -38.126701 24.067200 -42.994099
vn 0.976549 -0.199039 0.082066
v -38.821602 -15.935900 -21.944799
vn 0.362934 0.705360 -0.608889
v -44.595798 2.401290 -16.823500
vn 0.121843 -0.515971 -0.847896
v -53.455799 -2.880250 -16.277300
vn 0.002891 0.248875 -0.968531
v -41.759701 -6.861960 -36.223301
vn 0.108363 0.710723 0.695076
v -44.882000 11.036300 -30.315201
vn 0.425670 -0.897725 0.113551
v -45.137199 5.576450 -39.733200
vn 0.276014 -0.532743 0.800000
v -44.673100 8.454190 -22.712999
vn 0.121482 -0.670000 -0.732354
v -54.901699 4.418920 -18.786699
vn -0.078902 -0.367531 -0.926658
v -42.535801 -6.144160 -17.694099
vn 0.470033 0.564559 -0.678485
v -95.374397 5.244540 -94.074402
vn -0.785457 0.254430 0.564201
v -6.334470 -29.580500 -153.608994
vn -0.130370 0.602075 0.787724
v -8.829280 -1.929480 -124.093002
vn 0.669361 -0.559514 0.488774
v -10.590400 -6.310490 -112.713997
vn 0.989656 0.118666 -0.080617
v -4.136780 -19.486200 -130.699005
vn -0.676156 0.596266 -0.432758
v -3.107670 -2.652460 -124.245003
vn -0.887036 -0.325746 0.327196
vt 0.899433 0.375844
vt 0.889585 0.380440
vt 0.906267 0.421193
f 117/1/117 1/2/1 447/3/447
vt 0.899433 0.375844
vt 0.909419 0.367072
vt 0.876349 0.295076
f 117/4/117 2/5/2 184/6/184
vt 0.879437 0.391371
vt 0.889585 0.380440
vt 0.870175 0.344161
f 118/7/118 1/8/1 463/9/463
vt 0.879437 0.391371
vt 0.865743 0.400975
vt 0.883613 0.447008
f 118/10/118 7/11/7 136/12/136
vt 0.871322 0.319897
vt 0.889585 0.380440
vt 0.882879 0.326421
f 119/13/119 1/14/1 480/15/480
vt 0.871322 0.319897
vt 0.821769 0.230276
vt 0.858479 0.329434
f 119/16/119 8/17/8 189/18/189
vt 0.898912 0.433114
vt 0.889585 0.380440
vt 0.888546 0.429126
f 120/19/120 1/20/1 452/21/452
vt 0.898912 0.433114
vt 0.901974 0.500000
vt 0.906267 0.421193
f 120/22/120 35/23/35 447/24/447
vt 0.923968 0.391059
vt 0.909419 0.367072
vt 0.922890 0.436459
f 121/25/121 2/26/2 448/27/448
vt 0.923968 0.391059
vt 0.935864 0.404859
vt 0.911367 0.328630
f 121/28/121 3/29/3 481/30/481
vt 0.889712 0.287642
vt 0.909419 0.367072
vt 0.923968 0.391059
f 122/31/122 2/32/2 121/33/121
vt 0.889712 0.287642
vt 0.809613 0.166184
vt 0.819991 0.197877
f 122/34/122 9/35/9 137/36/137
vt 0.889712 0.287642
vt 0.923968 0.391059
vt 0.911367 0.328630
f 122/37/122 121/38/121 481/39/481
vt 0.914342 0.436591
vt 0.909419 0.367072
vt 0.899433 0.375844
f 123/40/123 2/41/2 117/42/117
vt 0.914342 0.436591
vt 0.901974 0.500000
vt 0.926832 0.460738
f 123/43/123 35/44/35 126/45/126
vt 0.914342 0.436591
vt 0.899433 0.375844
vt 0.906267 0.421193
f 123/46/123 117/47/117 447/48/447
vt 0.945121 0.450886
vt 0.935864 0.404859
vt 0.934068 0.475299
f 124/49/124 3/50/3 449/51/449
vt 0.945121 0.450886
vt 0.950383 0.500000
vt 0.948521 0.400985
f 124/52/124 4/53/4 482/54/482
vt 0.932401 0.337350
vt 0.935864 0.404859
vt 0.945121 0.450886
f 125/55/125 3/56/3 124/57/124
vt 0.932401 0.337350
vt 0.866655 0.196328
vt 0.833029 0.172538
f 125/58/125 10/59/10 140/60/140
vt 0.932401 0.337350
vt 0.945121 0.450886
vt 0.948521 0.400985
f 125/61/125 124/62/124 482/63/482
vt 0.926832 0.460738
vt 0.935864 0.404859
vt 0.923968 0.391059
f 126/64/126 3/65/3 121/66/121
vt 0.926832 0.460738
vt 0.901974 0.500000
vt 0.928785 0.500000
f 126/67/126 35/68/35 128/69/128
vt 0.926832 0.460738
vt 0.923968 0.391059
vt 0.922890 0.436459
f 126/70/126 121/71/121 448/72/448
vt 0.968859 0.500000
vt 0.950383 0.500000
vt 0.954555 0.603127
f 127/73/127 4/74/4 821/75/821
vt 0.968859 0.500000
vt 0.985469 0.500000
vt 0.964111 0.409209
f 127/76/127 11/77/11 460/78/460
vt 0.928785 0.500000
vt 0.950383 0.500000
vt 0.934068 0.475299
f 128/79/128 4/80/4 449/81/449
vt 0.928785 0.500000
vt 0.901974 0.500000
vt 0.926832 0.539262
f 128/82/128 35/83/35 773/84/773
vt 0.833847 0.474559
vt 0.824335 0.500000
vt 0.859111 0.483901
f 129/85/129 5/86/5 450/87/450
vt 0.833847 0.474559
vt 0.841440 0.447056
vt 0.808873 0.433940
f 129/88/129 6/89/6 133/90/133
vt 0.777981 0.500000
vt 0.824335 0.500000
vt 0.794461 0.464587
f 130/91/130 5/92/5 187/93/187
vt 0.777981 0.500000
vt 0.724044 0.500000
vt 0.742758 0.536996
f 130/94/130 12/95/12 787/96/787
vt 0.867173 0.500000
vt 0.824335 0.500000
vt 0.833847 0.525441
f 131/97/131 5/98/5 774/99/774
vt 0.867173 0.500000
vt 0.901974 0.500000
vt 0.870946 0.471491
f 131/100/131 35/101/35 134/102/134
vt 0.855784 0.429115
vt 0.841440 0.447056
vt 0.870946 0.471491
f 132/103/132 6/104/6 134/105/134
vt 0.855784 0.429115
vt 0.865743 0.400975
vt 0.842665 0.363101
f 132/106/132 7/107/7 135/108/135
vt 0.808873 0.433940
vt 0.841440 0.447056
vt 0.829331 0.395594
f 133/109/133 6/110/6 188/111/188
vt 0.808873 0.433940
vt 0.764598 0.419762
vt 0.794461 0.464587
f 133/112/133 13/113/13 187/114/187
vt 0.870946 0.471491
vt 0.841440 0.447056
vt 0.859111 0.483901
f 134/115/134 6/116/6 450/117/450
vt 0.870946 0.471491
vt 0.901974 0.500000
vt 0.883613 0.447008
f 134/118/134 35/119/35 136/120/136
vt 0.842665 0.363101
vt 0.865743 0.400975
vt 0.842859 0.320851
f 135/121/135 7/122/7 485/123/485
vt 0.842665 0.363101
vt 0.805809 0.308813
vt 0.829331 0.395594
f 135/124/135 14/125/14 188/126/188
vt 0.883613 0.447008
vt 0.865743 0.400975
vt 0.872330 0.452724
f 136/127/136 7/128/7 451/129/451
vt 0.883613 0.447008
vt 0.901974 0.500000
vt 0.888546 0.429126
f 136/130/136 35/131/35 452/132/452
vt 0.819991 0.197877
vt 0.821769 0.230276
vt 0.876349 0.295076
f 137/133/137 8/134/8 184/135/184
vt 0.819991 0.197877
vt 0.809613 0.166184
vt 0.722921 0.114941
f 137/136/137 9/137/9 214/138/214
vt 0.819208 0.267476
vt 0.821769 0.230276
vt 0.748785 0.160622
f 138/139/138 8/140/8 428/141/428
vt 0.819208 0.267476
vt 0.805809 0.308813
vt 0.842665 0.363101
f 138/142/138 14/143/14 135/144/135
vt 0.819208 0.267476
vt 0.842665 0.363101
vt 0.842859 0.320851
f 138/145/138 135/146/135 485/147/485
vt 0.741522 0.143708
vt 0.821769 0.230276
vt 0.766307 0.150652
f 139/148/139 8/149/8 506/150/506
vt 0.741522 0.143708
vt 0.651275 0.093769
vt 0.711204 0.129167
f 139/151/139 37/152/37 641/153/641
vt 0.833029 0.172538
vt 0.809613 0.166184
vt 0.901276 0.271695
f 140/154/140 9/155/9 459/156/459
vt 0.833029 0.172538
vt 0.866655 0.196328
vt 0.612910 0.039436
f 140/157/140 10/158/10 191/159/191
vt 0.644657 0.059726
vt 0.809613 0.166184
vt 0.833029 0.172538
f 141/160/141 9/161/9 140/162/140
vt 0.644657 0.059726
vt 0.397393 0.049818
vt 0.459761 0.051026
f 141/163/141 16/164/16 150/165/150
vt 0.644657 0.059726
vt 0.833029 0.172538
vt 0.709122 0.079955
f 141/166/141 140/167/140 487/168/487
vt 0.934811 0.291762
vt 0.866655 0.196328
vt 0.964111 0.409209
f 142/169/142 10/170/10 460/171/460
vt 0.934811 0.291762
vt 0.985469 0.500000
vt 0.741732 0.076421
f 142/172/142 11/173/11 488/174/488
vt 0.564231 0.020632
vt 0.866655 0.196328
vt 0.934811 0.291762
f 143/175/143 10/176/10 142/177/142
vt 0.564231 0.020632
vt 0.194232 0.132169
vt 0.310410 0.068874
f 143/178/143 17/179/17 152/180/152
vt 0.564231 0.020632
vt 0.934811 0.291762
vt 0.741732 0.076421
f 143/181/143 142/182/142 488/183/488
vt 0.000910 0.500000
vt -0.014531 0.500000
vt -0.474517 0.991034
f 144/184/144 11/185/11 827/186/827
vt 0.000910 0.500000
vt 0.015836 0.500000
vt 0.165893 0.138301
f 144/187/144 18/188/18 466/189/466
vt 0.742758 0.463004
vt 0.724044 0.500000
vt 0.773686 0.475518
f 145/190/145 12/191/12 483/192/483
vt 0.742758 0.463004
vt 0.764598 0.419762
vt 0.700382 0.414880
f 145/193/145 13/194/13 148/195/148
vt 0.659581 0.500000
vt 0.724044 0.500000
vt 0.675094 0.463814
f 146/196/146 12/197/12 193/198/193
vt 0.659581 0.500000
vt 0.597153 0.500000
vt 0.612638 0.530568
f 146/199/146 19/200/19 797/201/797
vt 0.792175 0.368535
vt 0.764598 0.419762
vt 0.808873 0.433940
f 147/202/147 13/203/13 133/204/133
vt 0.792175 0.368535
vt 0.805809 0.308813
vt 0.761389 0.257049
f 147/205/147 14/206/14 149/207/149
vt 0.792175 0.368535
vt 0.808873 0.433940
vt 0.810412 0.400947
f 147/208/147 133/209/133 484/210/484
vt 0.700382 0.414880
vt 0.764598 0.419762
vt 0.709888 0.357709
f 148/211/148 13/212/13 490/213/490
vt 0.700382 0.414880
vt 0.626016 0.425756
vt 0.675094 0.463814
f 148/214/148 20/215/20 193/216/193
vt 0.761389 0.257049
vt 0.805809 0.308813
vt 0.728219 0.192141
f 149/217/149 14/218/14 507/219/507
vt 0.761389 0.257049
vt 0.681601 0.199370
vt 0.751495 0.331937
f 149/220/149 21/221/21 194/222/194
vt 0.459761 0.051026
vt 0.508854 0.062370
vt 0.654327 0.076236
f 150/223/150 15/224/15 190/225/190
vt 0.459761 0.051026
vt 0.397393 0.049818
vt 0.228760 0.135001
f 150/226/150 16/227/16 153/228/153
vt 0.420745 0.069155
vt 0.508854 0.062370
vt 0.318405 0.098781
f 151/229/151 15/230/15 508/231/508
vt 0.420745 0.069155
vt 0.394151 0.078772
vt 0.419535 0.078868
f 151/232/151 48/233/48 233/234/233
vt 0.310410 0.068874
vt 0.397393 0.049818
vt 0.612910 0.039436
f 152/235/152 16/236/16 191/237/191
vt 0.310410 0.068874
vt 0.194232 0.132169
vt 0.184489 0.157709
f 152/238/152 17/239/17 471/240/471
vt 0.228760 0.135001
vt 0.397393 0.049818
vt 0.172993 0.177068
f 153/241/153 16/242/16 197/243/197
vt 0.228760 0.135001
vt 0.146617 0.228921
vt 0.322244 0.085365
f 153/244/153 23/245/23 470/246/470
vt 0.068995 0.281610
vt 0.194232 0.132169
vt 0.165893 0.138301
f 154/247/154 17/248/17 466/249/466
vt 0.068995 0.281610
vt 0.015836 0.500000
vt 0.039233 0.387259
f 154/250/154 18/251/18 472/252/472
vt 0.107695 0.250479
vt 0.194232 0.132169
vt 0.052481 0.360939
f 155/253/155 17/254/17 198/255/198
vt 0.107695 0.250479
vt 0.084095 0.325950
vt 0.172993 0.177068
f 155/256/155 24/257/24 197/258/197
vt 0.030739 0.500000
vt 0.015836 0.500000
vt 0.039407 0.612694
f 156/259/156 18/260/18 1106/261/1106
vt 0.030739 0.500000
vt 0.043188 0.500000
vt 0.039233 0.387259
f 156/262/156 25/263/25 472/264/472
vt 0.612638 0.469432
vt 0.597153 0.500000
vt 0.645054 0.477796
f 157/265/157 19/266/19 489/267/489
vt 0.612638 0.469432
vt 0.626016 0.425756
vt 0.607207 0.461271
f 157/268/157 20/269/20 598/270/598
vt 0.605786 0.500000
vt 0.597153 0.500000
vt 0.609793 0.475777
f 158/271/158 19/272/19 374/273/374
vt 0.605786 0.500000
vt 0.635966 0.500000
vt 0.615544 0.515973
f 158/274/158 110/275/110 1129/276/1129
vt 0.672496 0.328043
vt 0.626016 0.425756
vt 0.700382 0.414880
f 159/277/159 20/278/20 148/279/148
vt 0.672496 0.328043
vt 0.681601 0.199370
vt 0.667412 0.255013
f 159/280/159 21/281/21 378/282/378
vt 0.672496 0.328043
vt 0.700382 0.414880
vt 0.709888 0.357709
f 159/283/159 148/284/148 490/285/490
vt 0.629666 0.383082
vt 0.626016 0.425756
vt 0.672496 0.328043
f 160/286/160 20/287/20 159/288/159
vt 0.629666 0.383082
vt 0.654580 0.323677
vt 0.646961 0.373889
f 160/289/160 108/290/108 377/291/377
vt 0.629666 0.383082
vt 0.672496 0.328043
vt 0.653492 0.322388
f 160/292/160 159/293/159 600/294/600
vt 0.591754 0.124548
vt 0.681601 0.199370
vt 0.653338 0.138050
f 161/295/161 21/296/21 209/297/209
vt 0.591754 0.124548
vt 0.480615 0.094277
vt 0.539615 0.103230
f 161/298/161 28/299/28 172/300/172
vt 0.144447 0.244510
vt 0.182177 0.213763
vt 0.227989 0.161770
f 162/301/162 22/302/22 210/303/210
vt 0.144447 0.244510
vt 0.146617 0.228921
vt 0.107245 0.300148
f 162/304/162 23/305/23 166/306/166
vt 0.313526 0.120692
vt 0.182177 0.213763
vt 0.200611 0.189640
f 163/307/163 22/308/22 206/309/206
vt 0.313526 0.120692
vt 0.480615 0.094277
vt 0.477300 0.085428
f 163/310/163 28/311/28 212/312/212
vt 0.130983 0.285680
vt 0.182177 0.213763
vt 0.118898 0.304721
f 164/313/164 22/314/22 498/315/498
vt 0.130983 0.285680
vt 0.103680 0.341130
vt 0.118151 0.297461
f 164/316/164 29/317/29 227/318/227
vt 0.111917 0.274966
vt 0.146617 0.228921
vt 0.228760 0.135001
f 165/319/165 23/320/23 153/321/153
vt 0.111917 0.274966
vt 0.084095 0.325950
vt 0.086948 0.338475
f 165/322/165 24/323/24 207/324/207
vt 0.111917 0.274966
vt 0.228760 0.135001
vt 0.156519 0.202106
f 165/325/165 153/326/153 493/327/493
vt 0.107245 0.300148
vt 0.146617 0.228921
vt 0.095404 0.316260
f 166/328/166 23/329/23 499/330/499
vt 0.107245 0.300148
vt 0.096190 0.338415
vt 0.124206 0.277674
f 166/331/166 30/332/30 476/333/476
vt 0.055482 0.404606
vt 0.084095 0.325950
vt 0.107695 0.250479
f 167/334/167 24/335/24 155/336/155
vt 0.055482 0.404606
vt 0.043188 0.500000
vt 0.050186 0.500000
f 167/337/167 25/338/25 169/339/169
vt 0.055482 0.404606
vt 0.107695 0.250479
vt 0.064045 0.345236
f 167/340/167 155/341/155 494/342/494
vt 0.071384 0.381241
vt 0.084095 0.325950
vt 0.059437 0.423873
f 168/343/168 24/344/24 203/345/203
vt 0.071384 0.381241
vt 0.068902 0.412033
vt 0.079677 0.361711
f 168/346/168 31/347/31 503/348/503
vt 0.050186 0.500000
vt 0.043188 0.500000
vt 0.055482 0.595395
f 169/349/169 25/350/25 806/351/806
vt 0.050186 0.500000
vt 0.058187 0.500000
vt 0.059437 0.423873
f 169/352/169 32/353/32 203/354/203
vt 0.703782 0.120569
vt -0.109686 0.500000
vt 0.338817 0.319070
f 170/355/170 26/356/26 606/357/606
vt 0.703782 0.120569
vt 0.624509 0.107683
vt 0.780468 0.121209
f 170/358/170 109/359/109 501/360/501
vt 0.995123 0.500000
vt 0.890314 0.500000
vt 0.780468 0.121209
f 171/361/171 26/362/26 501/363/501
vt -0.004877 0.500000
vt 0.036290 0.500000
vt -0.450816 0.964640
f 171/364/171 33/365/33 1014/366/1014
vt 0.539615 0.103230
vt 0.622743 0.132176
vt 0.642814 0.164220
f 172/367/172 27/368/27 200/369/200
vt 0.539615 0.103230
vt 0.480615 0.094277
vt 0.475509 0.084261
f 172/370/172 28/371/28 502/372/502
vt 0.457415 0.070801
vt 0.622743 0.132176
vt 0.539615 0.103230
f 173/373/173 27/374/27 172/375/172
vt 0.457415 0.070801
vt 0.222563 0.154146
vt 0.133454 0.224798
f 173/376/173 34/377/34 181/378/181
vt 0.457415 0.070801
vt 0.539615 0.103230
vt 0.475509 0.084261
f 173/379/173 172/380/172 502/381/502
vt 0.100110 0.345705
vt 0.103680 0.341130
vt 0.118898 0.304721
f 174/382/174 29/383/29 498/384/498
vt 0.100110 0.345705
vt 0.096190 0.338415
vt 0.080098 0.405400
f 174/385/174 30/386/30 177/387/177
vt 0.084316 0.405576
vt 0.103680 0.341130
vt 0.086204 0.391582
f 175/388/175 29/389/29 453/390/453
vt 0.084316 0.405576
vt 0.071224 0.500000
vt 0.088367 0.372427
f 175/391/175 36/392/36 513/393/513
vt 0.079086 0.379041
vt 0.096190 0.338415
vt 0.086948 0.338475
f 176/394/176 30/395/30 207/396/207
vt 0.079086 0.379041
vt 0.068902 0.412033
vt 0.069157 0.444960
f 176/397/176 31/398/31 179/399/179
vt 0.080098 0.405400
vt 0.096190 0.338415
vt 0.075582 0.410098
f 177/400/177 30/401/30 454/402/454
vt 0.080098 0.405400
vt 0.071224 0.500000
vt 0.086204 0.391582
f 177/403/177 36/404/36 453/405/453
vt 0.062108 0.448414
vt 0.068902 0.412033
vt 0.071384 0.381241
f 178/406/178 31/407/31 168/408/168
vt 0.062108 0.448414
vt 0.058187 0.500000
vt 0.064696 0.468432
f 178/409/178 32/410/32 455/411/455
vt 0.062108 0.448414
vt 0.071384 0.381241
vt 0.063426 0.415349
f 178/412/178 168/413/168 500/414/500
vt 0.069157 0.444960
vt 0.068902 0.412033
vt 0.064696 0.468432
f 179/415/179 31/416/31 455/417/455
vt 0.069157 0.444960
vt 0.071224 0.500000
vt 0.080098 0.405400
f 179/418/179 36/419/36 177/420/177
vt 0.069157 0.444960
vt 0.080098 0.405400
vt 0.075582 0.410098
f 179/421/179 177/422/177 454/423/454
vt 0.065967 0.500000
vt 0.058187 0.500000
vt 0.064696 0.531568
f 180/424/180 32/425/32 1089/426/1089
vt 0.065967 0.500000
vt 0.071224 0.500000
vt 0.069157 0.444960
f 180/427/180 36/428/36 179/429/179
vt 0.133454 0.224798
vt 0.036290 0.500000
vt 0.372020 0.066098
f 181/430/181 33/431/33 478/432/478
vt 0.133454 0.224798
vt 0.222563 0.154146
vt 0.066245 0.400216
f 181/433/181 34/434/34 456/435/456
vt 0.062227 0.500000
vt 0.036290 0.500000
vt 0.066245 0.400216
f 182/436/182 33/437/33 456/438/456
vt 0.062227 0.500000
vt 0.071224 0.500000
vt 0.078446 0.614520
f 182/439/182 36/440/36 818/441/818
vt 0.078446 0.385480
vt 0.222563 0.154146
vt 0.118151 0.297461
f 183/442/183 34/443/34 227/444/227
vt 0.078446 0.385480
vt 0.071224 0.500000
vt 0.062227 0.500000
f 183/445/183 36/446/36 182/447/182
vt 0.078446 0.385480
vt 0.062227 0.500000
vt 0.066245 0.400216
f 183/448/183 182/449/182 456/450/456
vt 0.876349 0.295076
vt 0.909419 0.367072
vt 0.865319 0.257593
f 184/451/184 2/452/2 458/453/458
vt 0.876349 0.295076
vt 0.821769 0.230276
vt 0.871322 0.319897
f 184/454/184 8/455/8 119/456/119
vt 0.876349 0.295076
vt 0.871322 0.319897
vt 0.882879 0.326421
f 184/457/184 119/458/119 480/459/480
vt 0.907215 0.300921
vt 0.935864 0.404859
vt 0.932401 0.337350
f 185/460/185 3/461/3 125/462/125
vt 0.907215 0.300921
vt 0.809613 0.166184
vt 0.889712 0.287642
f 185/463/185 9/464/9 122/465/122
vt 0.907215 0.300921
vt 0.889712 0.287642
vt 0.911367 0.328630
f 185/466/185 122/467/122 481/468/481
vt 0.907215 0.300921
vt 0.932401 0.337350
vt 0.901276 0.271695
f 185/469/185 125/470/125 459/471/459
vt 0.954555 0.396873
vt 0.950383 0.500000
vt 0.968859 0.500000
f 186/472/186 4/473/4 127/474/127
vt 0.954555 0.396873
vt 0.866655 0.196328
vt 0.932401 0.337350
f 186/475/186 10/476/10 125/477/125
vt 0.954555 0.396873
vt 0.932401 0.337350
vt 0.948521 0.400985
f 186/478/186 125/479/125 482/480/482
vt 0.954555 0.396873
vt 0.968859 0.500000
vt 0.964111 0.409209
f 186/481/186 127/482/127 460/483/460
vt 0.794461 0.464587
vt 0.824335 0.500000
vt 0.811533 0.459022
f 187/484/187 5/485/5 461/486/461
vt 0.794461 0.464587
vt 0.764598 0.419762
vt 0.773686 0.475518
f 187/487/187 13/488/13 483/489/483
vt 0.829331 0.395594
vt 0.841440 0.447056
vt 0.842521 0.397781
f 188/490/188 6/491/6 462/492/462
vt 0.829331 0.395594
vt 0.805809 0.308813
vt 0.810412 0.400947
f 188/493/188 14/494/14 484/495/484
vt 0.858479 0.329434
vt 0.865743 0.400975
vt 0.879437 0.391371
f 189/496/189 7/497/7 118/498/118
vt 0.858479 0.329434
vt 0.821769 0.230276
vt 0.819208 0.267476
f 189/499/189 8/500/8 138/501/138
vt 0.858479 0.329434
vt 0.879437 0.391371
vt 0.870175 0.344161
f 189/502/189 118/503/118 463/504/463
vt 0.858479 0.329434
vt 0.819208 0.267476
vt 0.842859 0.320851
f 189/505/189 138/506/138 485/507/485
vt 0.654327 0.076236
vt 0.809613 0.166184
vt 0.595102 0.053536
f 190/508/190 9/509/9 464/510/464
vt 0.654327 0.076236
vt 0.508854 0.062370
vt 0.661107 0.085180
f 190/511/190 15/512/15 486/513/486
vt 0.612910 0.039436
vt 0.866655 0.196328
vt 0.477272 0.022847
f 191/514/191 10/515/10 465/516/465
vt 0.612910 0.039436
vt 0.397393 0.049818
vt 0.644657 0.059726
f 191/517/191 16/518/16 141/519/141
vt 0.612910 0.039436
vt 0.644657 0.059726
vt 0.709122 0.079955
f 191/520/191 141/521/141 487/522/487
vt -0.474517 0.008966
vt -0.014531 0.500000
vt 0.000910 0.500000
f 192/523/192 11/524/11 144/525/144
vt 0.525483 0.008966
vt 0.194232 0.132169
vt 0.564231 0.020632
f 192/526/192 17/527/17 143/528/143
vt 0.525483 0.008966
vt 0.564231 0.020632
vt 0.741732 0.076421
f 192/529/192 143/530/143 488/531/488
vt -0.474517 0.008966
vt 0.000910 0.500000
vt 0.165893 0.138301
f 192/532/192 144/533/144 466/534/466
vt 0.675094 0.463814
vt 0.724044 0.500000
vt 0.705359 0.449274
f 193/535/193 12/536/12 467/537/467
vt 0.675094 0.463814
vt 0.626016 0.425756
vt 0.645054 0.477796
f 193/538/193 20/539/20 489/540/489
vt 0.751495 0.331937
vt 0.764598 0.419762
vt 0.792175 0.368535
f 194/541/194 13/542/13 147/543/147
vt 0.751495 0.331937
vt 0.681601 0.199370
vt 0.672496 0.328043
f 194/544/194 21/545/21 159/546/159
vt 0.751495 0.331937
vt 0.792175 0.368535
vt 0.774447 0.321826
f 194/547/194 147/548/147 468/549/468
vt 0.751495 0.331937
vt 0.672496 0.328043
vt 0.709888 0.357709
f 194/550/194 159/551/159 490/552/490
vt 0.761841 0.195431
vt 0.805809 0.308813
vt 0.819208 0.267476
f 195/553/195 14/554/14 138/555/138
vt 0.761841 0.195431
vt 0.646832 0.103465
vt 0.642818 0.108306
f 195/556/195 40/557/40 215/558/215
vt 0.761841 0.195431
vt 0.819208 0.267476
vt 0.783489 0.209231
f 195/559/195 138/560/138 469/561/469
vt 0.300905 0.100908
vt 0.508854 0.062370
vt 0.459761 0.051026
f 196/562/196 15/563/15 150/564/150
vt 0.300905 0.100908
vt 0.146617 0.228921
vt 0.219382 0.160309
f 196/565/196 23/566/23 216/567/216
vt 0.300905 0.100908
vt 0.459761 0.051026
vt 0.322244 0.085365
f 196/568/196 150/569/150 470/570/470
vt 0.172993 0.177068
vt 0.397393 0.049818
vt 0.310410 0.068874
f 197/571/197 16/572/16 152/573/152
vt 0.172993 0.177068
vt 0.084095 0.325950
vt 0.111917 0.274966
f 197/574/197 24/575/24 165/576/165
vt 0.172993 0.177068
vt 0.310410 0.068874
vt 0.184489 0.157709
f 197/577/197 152/578/152 471/579/471
vt 0.172993 0.177068
vt 0.111917 0.274966
vt 0.156519 0.202106
f 197/580/197 165/581/165 493/582/493
vt 0.052481 0.360939
vt 0.194232 0.132169
vt 0.039233 0.387259
f 198/583/198 17/584/17 472/585/472
vt 0.052481 0.360939
vt 0.043188 0.500000
vt 0.064045 0.345236
f 198/586/198 25/587/25 494/588/494
vt 0.616227 0.432826
vt 0.626016 0.425756
vt 0.629666 0.383082
f 199/589/199 20/590/20 160/591/160
vt 0.616227 0.432826
vt 0.645242 0.422782
vt 0.609793 0.475777
f 199/592/199 107/593/107 374/594/374
vt 0.616227 0.432826
vt 0.629666 0.383082
vt 0.625451 0.405296
f 199/595/199 160/596/160 473/597/473
vt 0.642814 0.164220
vt 0.681601 0.199370
vt 0.591754 0.124548
f 200/598/200 21/599/21 161/600/161
vt 0.642814 0.164220
vt 0.622743 0.132176
vt 0.664004 0.210556
f 200/601/200 27/602/27 496/603/496
vt 0.642814 0.164220
vt 0.591754 0.124548
vt 0.595753 0.129230
f 200/604/200 161/605/161 474/606/474
vt 0.511301 0.071960
vt 0.508854 0.062370
vt 0.468097 0.072689
f 201/607/201 15/608/15 441/609/441
vt 0.511301 0.071960
vt 0.515837 0.078721
vt 0.541811 0.075722
f 201/610/201 56/611/56 434/612/434
vt 0.125022 0.286336
vt 0.182177 0.213763
vt 0.144447 0.244510
f 202/613/202 22/614/22 162/615/162
vt 0.125022 0.286336
vt 0.096190 0.338415
vt 0.100110 0.345705
f 202/616/202 30/617/30 174/618/174
vt 0.125022 0.286336
vt 0.144447 0.244510
vt 0.124206 0.277674
f 202/619/202 162/620/162 476/621/476
vt 0.125022 0.286336
vt 0.100110 0.345705
vt 0.118898 0.304721
f 202/622/202 174/623/174 498/624/498
vt 0.059437 0.423873
vt 0.084095 0.325950
vt 0.053676 0.445046
f 203/625/203 24/626/24 477/627/477
vt 0.059437 0.423873
vt 0.058187 0.500000
vt 0.063426 0.415349
f 203/628/203 32/629/32 500/630/500
vt 0.462787 0.048784
vt 0.622743 0.132176
vt 0.457415 0.070801
f 204/631/204 27/632/27 173/633/173
vt 0.462787 0.048784
vt 0.036290 0.500000
vt -0.450816 0.035360
f 204/634/204 33/635/33 379/636/379
vt 0.462787 0.048784
vt 0.457415 0.070801
vt 0.372020 0.066098
f 204/637/204 173/638/173 478/639/478
vt 0.390535 0.090852
vt 0.480615 0.094277
vt 0.313526 0.120692
f 205/640/205 28/641/28 163/642/163
vt 0.390535 0.090852
vt 0.222563 0.154146
vt 0.457415 0.070801
f 205/643/205 34/644/34 173/645/173
vt 0.390535 0.090852
vt 0.313526 0.120692
vt 0.290545 0.128052
f 205/646/205 163/647/163 479/648/479
vt 0.390535 0.090852
vt 0.457415 0.070801
vt 0.475509 0.084261
f 205/649/205 173/650/173 502/651/502
vt 0.200611 0.189640
vt 0.182177 0.213763
vt 0.145696 0.256443
f 206/652/206 22/653/22 457/654/457
vt 0.200611 0.189640
vt 0.222563 0.154146
vt 0.290545 0.128052
f 206/655/206 34/656/34 479/657/479
vt 0.086948 0.338475
vt 0.084095 0.325950
vt 0.071384 0.381241
f 207/658/207 24/659/24 168/660/168
vt 0.086948 0.338475
vt 0.096190 0.338415
vt 0.107245 0.300148
f 207/661/207 30/662/30 166/663/166
vt 0.086948 0.338475
vt 0.107245 0.300148
vt 0.095404 0.316260
f 207/664/207 166/665/166 499/666/499
vt 0.086948 0.338475
vt 0.071384 0.381241
vt 0.079677 0.361711
f 207/667/207 168/668/168 503/669/503
vt 0.597141 0.074289
vt 0.508854 0.062370
vt 0.551070 0.071076
f 208/670/208 15/671/15 228/672/228
vt 0.597141 0.074289
vt 0.651275 0.093769
vt 0.661107 0.085180
f 208/673/208 37/674/37 486/675/486
vt 0.653338 0.138050
vt 0.681601 0.199370
vt 0.728219 0.192141
f 209/676/209 21/677/21 507/678/507
vt 0.653338 0.138050
vt 0.604069 0.099793
vt 0.552103 0.094686
f 209/679/209 38/680/38 430/681/430
vt 0.227989 0.161770
vt 0.182177 0.213763
vt 0.309287 0.113077
f 210/682/210 22/683/22 505/684/505
vt 0.227989 0.161770
vt 0.301127 0.113375
vt 0.176868 0.203486
f 210/685/210 39/686/39 492/687/492
vt 0.604066 0.085811
vt 0.646832 0.103465
vt 0.649653 0.098938
f 211/688/211 40/689/40 213/690/213
vt 0.604066 0.085811
vt 0.574834 0.077466
vt 0.588982 0.085583
f 211/691/211 46/692/46 652/693/652
vt 0.477300 0.085428
vt 0.480615 0.094277
vt 0.552103 0.094686
f 212/694/212 28/695/28 430/696/430
vt 0.477300 0.085428
vt 0.501479 0.083344
vt 0.370537 0.098232
f 212/697/212 41/698/41 644/699/644
vt 0.649653 0.098938
vt 0.651275 0.093769
vt 0.600672 0.081143
f 213/700/213 37/701/37 229/702/229
vt 0.649653 0.098938
vt 0.646832 0.103465
vt 0.748785 0.160622
f 213/703/213 40/704/40 428/705/428
vt 0.722921 0.114941
vt 0.809613 0.166184
vt 0.654327 0.076236
f 214/706/214 9/707/9 190/708/190
vt 0.722921 0.114941
vt 0.651275 0.093769
vt 0.766307 0.150652
f 214/709/214 37/710/37 506/711/506
vt 0.722921 0.114941
vt 0.654327 0.076236
vt 0.661107 0.085180
f 214/712/214 190/713/190 486/714/486
vt 0.642818 0.108306
vt 0.604069 0.099793
vt 0.723579 0.161547
f 215/715/215 38/716/38 645/717/645
vt 0.642818 0.108306
vt 0.646832 0.103465
vt 0.609012 0.097879
f 215/718/215 40/719/40 650/720/650
vt 0.219382 0.160309
vt 0.146617 0.228921
vt 0.144447 0.244510
f 216/721/216 23/722/23 162/723/162
vt 0.219382 0.160309
vt 0.301127 0.113375
vt 0.318405 0.098781
f 216/724/216 39/725/39 508/726/508
vt 0.219382 0.160309
vt 0.144447 0.244510
vt 0.176868 0.203486
f 216/727/216 162/728/162 492/729/492
vt 0.552359 0.088794
vt 0.604069 0.099793
vt 0.560070 0.095251
f 217/730/217 38/731/38 651/732/651
vt 0.552359 0.088794
vt 0.501479 0.083344
vt 0.533153 0.087823
f 217/733/217 41/734/41 497/735/497
vt 0.507916 0.110571
vt 0.508474 0.092257
vt 0.489727 0.105283
f 218/736/218 42/737/42 618/738/618
vt 0.507916 0.110571
vt 0.507324 0.142864
vt 0.522820 0.115857
f 218/739/218 44/740/44 509/741/509
vt 0.530911 0.108530
vt 0.508474 0.092257
vt 0.507916 0.110571
f 219/742/219 42/743/42 218/744/218
vt 0.530911 0.108530
vt 0.580886 0.147180
vt 0.622012 0.132526
f 219/745/219 43/746/43 254/747/254
vt 0.530911 0.108530
vt 0.507916 0.110571
vt 0.522820 0.115857
f 219/748/219 218/749/218 509/750/509
vt 0.508009 0.153880
vt 0.507324 0.142864
vt 0.501746 0.127158
f 220/751/220 44/752/44 610/753/610
vt 0.508009 0.153880
vt 0.510879 0.140563
vt 0.509577 0.227414
f 220/754/220 51/755/51 534/756/534
vt 0.609785 0.098128
vt 0.646832 0.103465
vt 0.593528 0.090175
f 221/757/221 40/758/40 439/759/439
vt 0.609785 0.098128
vt 0.668896 0.133141
vt 0.597182 0.099556
f 221/760/221 55/761/55 437/762/437
vt 0.531032 0.095157
vt 0.508474 0.092257
vt 0.537391 0.104448
f 222/763/222 42/764/42 491/765/491
vt 0.531032 0.095157
vt 0.639377 0.127333
vt 0.533218 0.088336
f 222/766/222 47/767/47 440/768/440
vt 0.346564 0.103363
vt 0.301127 0.113375
vt 0.413665 0.091370
f 223/769/223 39/770/39 436/771/436
vt 0.346564 0.103363
vt 0.300817 0.141958
vt 0.371863 0.092182
f 223/772/223 52/773/52 433/774/433
vt 0.350374 0.127024
vt 0.358255 0.140666
vt 0.452838 0.111932
f 224/775/224 45/776/45 475/777/475
vt 0.350374 0.127024
vt 0.375215 0.111422
vt 0.177147 0.266810
f 224/778/224 49/779/49 611/780/611
vt 0.495666 0.126827
vt 0.507324 0.142864
vt 0.483840 0.112900
f 225/781/225 44/782/44 405/783/405
vt 0.495666 0.126827
vt 0.477223 0.145001
vt 0.498901 0.122669
f 225/784/225 50/785/50 397/786/397
vt 0.522652 0.151372
vt 0.580886 0.147180
vt 0.522820 0.115857
f 226/787/226 43/788/43 509/789/509
vt 0.522652 0.151372
vt 0.507324 0.142864
vt 0.515732 0.225498
f 226/790/226 44/791/44 630/792/630
vt 0.118151 0.297461
vt 0.103680 0.341130
vt 0.088367 0.372427
f 227/793/227 29/794/29 513/795/513
vt 0.118151 0.297461
vt 0.222563 0.154146
vt 0.200611 0.189640
f 227/796/227 34/797/34 206/798/206
vt 0.118151 0.297461
vt 0.200611 0.189640
vt 0.145696 0.256443
f 227/799/227 206/800/206 457/801/457
vt 0.551070 0.071076
vt 0.508854 0.062370
vt 0.511301 0.071960
f 228/802/228 15/803/15 201/804/201
vt 0.551070 0.071076
vt 0.574834 0.077466
vt 0.576590 0.074346
f 228/805/228 46/806/46 504/807/504
vt 0.551070 0.071076
vt 0.511301 0.071960
vt 0.534016 0.072042
f 228/808/228 201/809/201 647/810/647
vt 0.600672 0.081143
vt 0.651275 0.093769
vt 0.576590 0.074346
f 229/811/229 37/812/37 504/813/504
vt 0.600672 0.081143
vt 0.574834 0.077466
vt 0.614968 0.086862
f 229/814/229 46/815/46 514/816/514
vt 0.643658 0.121271
vt 0.639377 0.127333
vt 0.779771 0.254912
f 230/817/230 47/818/47 531/819/531
vt 0.643658 0.121271
vt 0.621425 0.104924
vt 0.541721 0.088064
f 230/820/230 57/821/57 653/822/653
vt 0.334603 0.094696
vt 0.301127 0.113375
vt 0.346703 0.097802
f 231/823/231 39/824/39 646/825/646
vt 0.334603 0.094696
vt 0.394151 0.078772
vt 0.420745 0.069155
f 231/826/231 48/827/48 151/828/151
vt 0.334603 0.094696
vt 0.420745 0.069155
vt 0.318405 0.098781
f 231/829/231 151/830/151 508/831/508
vt 0.477701 0.094558
vt 0.508474 0.092257
vt 0.474580 0.085233
f 232/832/232 42/833/42 435/834/435
vt 0.477701 0.094558
vt 0.375215 0.111422
vt 0.483840 0.112900
f 232/835/232 49/836/49 405/837/405
vt 0.419535 0.078868
vt 0.394151 0.078772
vt 0.393327 0.088512
f 233/838/233 48/839/48 511/840/511
vt 0.419535 0.078868
vt 0.346410 0.105406
vt 0.468097 0.072689
f 233/841/233 58/842/58 441/843/441
vt 0.421409 0.134655
vt 0.358255 0.140666
vt 0.358113 0.200137
f 234/844/234 45/845/45 560/846/560
vt 0.421409 0.134655
vt 0.477223 0.145001
vt 0.468606 0.112737
f 234/847/234 50/848/50 253/849/253
vt 0.390547 0.086063
vt 0.301127 0.113375
vt 0.309287 0.113077
f 235/850/235 39/851/39 505/852/505
vt 0.390547 0.086063
vt 0.501479 0.083344
vt 0.443097 0.085732
f 235/853/235 41/854/41 649/855/649
vt 0.491138 0.093925
vt 0.501479 0.083344
vt 0.515935 0.102700
f 236/856/236 41/857/41 237/858/237
vt 0.491138 0.093925
vt 0.481126 0.127265
vt 0.413665 0.091370
f 236/859/236 53/860/53 436/861/436
vt 0.515935 0.102700
vt 0.501479 0.083344
vt 0.545517 0.098384
f 237/862/237 41/863/41 438/864/438
vt 0.515935 0.102700
vt 0.510879 0.140563
vt 0.502049 0.111847
f 237/865/237 51/866/51 240/867/240
vt 0.130875 0.379150
vt 0.300817 0.141958
vt 0.144747 0.351015
f 238/868/238 52/869/52 358/870/358
vt 0.130875 0.379150
vt 0.134189 0.459744
vt 0.126028 0.384666
f 238/871/238 76/872/76 401/873/401
vt 0.497755 0.150767
vt 0.477223 0.145001
vt 0.505336 0.302660
f 239/874/239 50/875/50 608/876/608
vt 0.497755 0.150767
vt 0.481126 0.127265
vt 0.497192 0.117747
f 239/877/239 53/878/53 519/879/519
vt 0.502049 0.111847
vt 0.510879 0.140563
vt 0.498901 0.122669
f 240/880/240 51/881/51 397/882/397
vt 0.502049 0.111847
vt 0.481126 0.127265
vt 0.491138 0.093925
f 240/883/240 53/884/53 236/885/236
vt 0.502049 0.111847
vt 0.491138 0.093925
vt 0.506260 0.103551
f 240/886/240 236/887/236 517/888/517
vt 0.376786 0.123061
vt 0.300817 0.141958
vt 0.390052 0.097489
f 241/889/241 52/890/52 520/891/520
vt 0.376786 0.123061
vt 0.481126 0.127265
vt 0.318291 0.204642
f 241/892/241 53/893/53 561/894/561
vt 0.574421 0.100452
vt 0.604069 0.099793
vt 0.597182 0.099556
f 242/895/242 38/896/38 437/897/437
vt 0.574421 0.100452
vt 0.599726 0.132799
vt 0.545517 0.098384
f 242/898/242 54/899/54 438/900/438
vt 0.796396 0.302704
vt 0.668896 0.133141
vt 0.789096 0.268263
f 243/901/243 55/902/55 530/903/530
vt 0.796396 0.302704
vt 0.794136 0.391487
vt 0.792578 0.324567
f 243/904/243 60/905/60 413/906/413
vt 0.668887 0.141759
vt 0.599726 0.132799
vt 0.574421 0.100452
f 244/907/244 54/908/54 242/909/242
vt 0.668887 0.141759
vt 0.668896 0.133141
vt 0.781235 0.269742
f 244/910/244 55/911/55 626/912/626
vt 0.668887 0.141759
vt 0.574421 0.100452
vt 0.585078 0.102518
f 244/913/244 242/914/242 521/915/521
vt 0.528967 0.139169
vt 0.510879 0.140563
vt 0.515935 0.102700
f 245/916/245 51/917/51 237/918/237
vt 0.528967 0.139169
vt 0.599726 0.132799
vt 0.518349 0.222990
f 245/919/245 54/920/54 655/921/655
vt 0.528967 0.139169
vt 0.515935 0.102700
vt 0.531580 0.104160
f 245/922/245 237/923/237 522/924/522
vt 0.509095 0.084305
vt 0.508474 0.092257
vt 0.525246 0.088599
f 246/925/246 42/926/42 525/927/525
vt 0.509095 0.084305
vt 0.515837 0.078721
vt 0.486428 0.082147
f 246/928/246 56/929/56 648/930/648
vt 0.568222 0.082105
vt 0.574834 0.077466
vt 0.541811 0.075722
f 247/931/247 46/932/46 434/933/434
vt 0.568222 0.082105
vt 0.621425 0.104924
vt 0.593528 0.090175
f 247/934/247 57/935/57 439/936/439
vt 0.344191 0.112741
vt 0.375215 0.111422
vt 0.463935 0.089214
f 248/937/248 49/938/49 516/939/516
vt 0.344191 0.112741
vt 0.346410 0.105406
vt 0.156159 0.277724
f 248/940/248 58/941/58 612/942/612
vt 0.676677 0.134485
vt 0.668896 0.133141
vt 0.609785 0.098128
f 249/943/249 55/944/55 221/945/221
vt 0.676677 0.134485
vt 0.621425 0.104924
vt 0.789096 0.268263
f 249/946/249 57/947/57 530/948/530
vt 0.676677 0.134485
vt 0.609785 0.098128
vt 0.597173 0.094867
f 249/949/249 221/950/221 523/951/523
vt 0.282953 0.139579
vt 0.300817 0.141958
vt 0.143096 0.314037
f 250/952/250 52/953/52 614/954/614
vt 0.282953 0.139579
vt 0.346410 0.105406
vt 0.393327 0.088512
f 250/955/250 58/956/58 511/957/511
vt 0.541045 0.083003
vt 0.515837 0.078721
vt 0.533218 0.088336
f 251/958/251 56/959/56 440/960/440
vt 0.541045 0.083003
vt 0.621425 0.104924
vt 0.568222 0.082105
f 251/961/251 57/962/57 247/963/247
vt 0.541045 0.083003
vt 0.568222 0.082105
vt 0.548716 0.079717
f 251/964/251 247/965/247 515/966/515
vt 0.478566 0.078542
vt 0.515837 0.078721
vt 0.511301 0.071960
f 252/967/252 56/968/56 201/969/201
vt 0.478566 0.078542
vt 0.346410 0.105406
vt 0.474580 0.085233
f 252/970/252 58/971/58 435/972/435
vt 0.478566 0.078542
vt 0.511301 0.071960
vt 0.484337 0.074042
f 252/973/252 201/974/201 526/975/526
vt 0.468606 0.112737
vt 0.375215 0.111422
vt 0.452838 0.111932
f 253/976/253 49/977/49 475/978/475
vt 0.468606 0.112737
vt 0.477223 0.145001
vt 0.495666 0.126827
f 253/979/253 50/980/50 225/981/225
vt 0.468606 0.112737
vt 0.495666 0.126827
vt 0.483497 0.118279
f 253/982/253 225/983/225 527/984/527
vt 0.622012 0.132526
vt 0.580886 0.147180
vt 0.750566 0.242002
f 254/985/254 43/986/43 617/987/617
vt 0.622012 0.132526
vt 0.639377 0.127333
vt 0.537391 0.104448
f 254/988/254 47/989/47 491/990/491
vt 0.789352 0.389020
vt 0.786779 0.365684
vt 0.781924 0.380186
f 255/991/255 59/992/59 257/993/257
vt 0.789352 0.389020
vt 0.794136 0.391487
vt 0.794360 0.349974
f 255/994/255 60/995/60 629/996/629
vt 0.766070 0.309163
vt 0.580886 0.147180
vt 0.729533 0.259903
f 256/997/256 43/998/43 289/999/289
vt 0.766070 0.309163
vt 0.777854 0.376870
vt 0.777260 0.337879
f 256/1000/256 61/1001/61 528/1002/528
vt 0.781924 0.380186
vt 0.786779 0.365684
vt 0.777260 0.337879
f 257/1003/257 59/1004/59 528/1005/528
vt 0.781924 0.380186
vt 0.777854 0.376870
vt 0.783947 0.396298
f 257/1006/257 61/1007/61 414/1008/414
vt 0.785518 0.333647
vt 0.599726 0.132799
vt 0.792578 0.324567
f 258/1009/258 54/1010/54 413/1011/413
vt 0.785518 0.333647
vt 0.782098 0.387045
vt 0.778569 0.363894
f 258/1012/258 62/1013/62 273/1014/273
vt 0.779149 0.390043
vt 0.777854 0.376870
vt 0.774198 0.373530
f 259/1015/259 61/1016/61 625/1017/625
vt 0.779149 0.390043
vt 0.782098 0.387045
vt 0.787374 0.394894
f 259/1018/259 62/1019/62 260/1020/260
vt 0.787374 0.394894
vt 0.794136 0.391487
vt 0.783947 0.396298
f 260/1021/260 60/1022/60 414/1023/414
vt 0.787374 0.394894
vt 0.782098 0.387045
vt 0.791560 0.360714
f 260/1024/260 62/1025/62 529/1026/529
vt 0.797415 0.295886
vt 0.621425 0.104924
vt 0.779771 0.254912
f 261/1027/261 57/1028/57 531/1029/531
vt 0.797415 0.295886
vt 0.794136 0.391487
vt 0.796396 0.302704
f 261/1030/261 60/1031/60 243/1032/243
vt 0.797415 0.295886
vt 0.796396 0.302704
vt 0.789096 0.268263
f 261/1033/261 243/1034/243 530/1035/530
vt 0.783906 0.303094
vt 0.639377 0.127333
vt 0.750566 0.242002
f 262/1036/262 47/1037/47 617/1038/617
vt 0.783906 0.303094
vt 0.786779 0.365684
vt 0.794360 0.349974
f 262/1039/262 59/1040/59 629/1041/629
vt 0.512841 0.321767
vt 0.510910 0.308805
vt 0.517565 0.293684
f 263/1042/263 63/1043/63 532/1044/532
vt 0.512841 0.321767
vt 0.518181 0.322372
vt 0.512014 0.325838
f 263/1045/263 64/1046/64 406/1047/406
vt 0.511151 0.265053
vt 0.510879 0.140563
vt 0.518349 0.222990
f 264/1048/264 51/1049/51 655/1050/655
vt 0.511151 0.265053
vt 0.510910 0.308805
vt 0.508970 0.292096
f 264/1051/264 63/1052/63 631/1053/631
vt 0.517109 0.323094
vt 0.518181 0.322372
vt 0.524257 0.314612
f 265/1054/265 64/1055/64 574/1056/574
vt 0.517109 0.323094
vt 0.518565 0.310730
vt 0.513024 0.315938
f 265/1057/265 65/1058/65 267/1059/267
vt 0.526472 0.274983
vt 0.599726 0.132799
vt 0.564809 0.239105
f 266/1060/266 54/1061/54 341/1062/341
vt 0.526472 0.274983
vt 0.518181 0.322372
vt 0.517565 0.293684
f 266/1063/266 64/1064/64 532/1065/532
vt 0.513024 0.315938
vt 0.518565 0.310730
vt 0.516264 0.287434
f 267/1066/267 65/1067/65 533/1068/533
vt 0.513024 0.315938
vt 0.509444 0.311221
vt 0.512014 0.325838
f 267/1069/267 66/1070/66 406/1071/406
vt 0.524090 0.269763
vt 0.580886 0.147180
vt 0.516350 0.260439
f 268/1072/268 43/1073/43 417/1074/417
vt 0.524090 0.269763
vt 0.518565 0.310730
vt 0.528671 0.300667
f 268/1075/268 65/1076/65 271/1077/271
vt 0.509005 0.319102
vt 0.510910 0.308805
vt 0.512841 0.321767
f 269/1078/269 63/1079/63 263/1080/263
vt 0.509005 0.319102
vt 0.509444 0.311221
vt 0.508970 0.292096
f 269/1081/269 66/1082/66 631/1083/631
vt 0.509005 0.319102
vt 0.512841 0.321767
vt 0.510792 0.326716
f 269/1084/269 263/1085/263 512/1086/512
vt 0.510525 0.246296
vt 0.507324 0.142864
vt 0.509577 0.227414
f 270/1087/270 44/1088/44 534/1089/534
vt 0.510525 0.246296
vt 0.509444 0.311221
vt 0.516350 0.260439
f 270/1090/270 66/1091/66 417/1092/417
vt 0.528671 0.300667
vt 0.518565 0.310730
vt 0.524257 0.314612
f 271/1093/271 65/1094/65 574/1095/574
vt 0.528671 0.300667
vt 0.548525 0.284752
vt 0.533777 0.268344
f 271/1096/271 91/1097/91 535/1098/535
vt 0.689272 0.337905
vt 0.675080 0.333556
vt 0.693424 0.304454
f 272/1099/272 68/1100/68 543/1101/543
vt 0.689272 0.337905
vt 0.699475 0.338867
vt 0.693449 0.342015
f 272/1102/272 69/1103/69 277/1104/277
vt 0.778569 0.363894
vt 0.782098 0.387045
vt 0.773186 0.367037
f 273/1105/273 62/1106/62 412/1107/412
vt 0.778569 0.363894
vt 0.767290 0.334367
vt 0.779630 0.328799
f 273/1108/273 71/1109/71 537/1110/537
vt 0.679487 0.326662
vt 0.668360 0.317620
vt 0.670698 0.333304
f 274/1111/274 67/1112/67 278/1113/278
vt 0.679487 0.326662
vt 0.689265 0.330174
vt 0.678156 0.291625
f 274/1114/274 70/1115/70 542/1116/542
vt 0.656183 0.309815
vt 0.675080 0.333556
vt 0.652108 0.316093
f 275/1117/275 68/1118/68 408/1119/408
vt 0.656183 0.309815
vt 0.630034 0.288575
vt 0.662503 0.277884
f 275/1120/275 93/1121/93 536/1122/536
vt 0.697781 0.317940
vt 0.689265 0.330174
vt 0.698253 0.334112
f 276/1123/276 70/1124/70 539/1125/539
vt 0.697781 0.317940
vt 0.708732 0.307885
vt 0.692132 0.279071
f 276/1126/276 73/1127/73 538/1128/538
vt 0.693449 0.342015
vt 0.699475 0.338867
vt 0.698253 0.334112
f 277/1129/277 69/1130/69 539/1131/539
vt 0.693449 0.342015
vt 0.689265 0.330174
vt 0.683221 0.340651
f 277/1132/277 70/1133/70 407/1134/407
vt 0.670698 0.333304
vt 0.668360 0.317620
vt 0.658142 0.321496
f 278/1135/278 67/1136/67 621/1137/621
vt 0.670698 0.333304
vt 0.675080 0.333556
vt 0.683221 0.340651
f 278/1138/278 68/1139/68 407/1140/407
vt 0.662977 0.269351
vt 0.580886 0.147180
vt 0.615066 0.239676
f 279/1141/279 43/1142/43 339/1143/339
vt 0.662977 0.269351
vt 0.668360 0.317620
vt 0.678156 0.291625
f 279/1144/279 67/1145/67 542/1146/542
vt 0.683347 0.274361
vt 0.580886 0.147180
vt 0.662977 0.269351
f 280/1147/280 43/1148/43 279/1149/279
vt 0.683347 0.274361
vt 0.689265 0.330174
vt 0.697781 0.317940
f 280/1150/280 70/1151/70 276/1152/276
vt 0.683347 0.274361
vt 0.697781 0.317940
vt 0.692132 0.279071
f 280/1153/280 276/1154/276 538/1155/538
vt 0.683347 0.274361
vt 0.662977 0.269351
vt 0.678156 0.291625
f 280/1156/280 279/1157/279 542/1158/542
vt 0.680960 0.279995
vt 0.599726 0.132799
vt 0.702962 0.287565
f 281/1159/281 54/1160/54 282/1161/282
vt 0.680960 0.279995
vt 0.675080 0.333556
vt 0.656183 0.309815
f 281/1162/281 68/1163/68 275/1164/275
vt 0.680960 0.279995
vt 0.656183 0.309815
vt 0.662503 0.277884
f 281/1165/281 275/1166/275 536/1167/536
vt 0.702962 0.287565
vt 0.599726 0.132799
vt 0.721658 0.266549
f 282/1168/282 54/1169/54 291/1170/291
vt 0.702962 0.287565
vt 0.699475 0.338867
vt 0.693424 0.304454
f 282/1171/282 69/1172/69 543/1173/543
vt 0.749128 0.321739
vt 0.767290 0.334367
vt 0.750260 0.328933
f 283/1174/283 71/1175/71 544/1176/544
vt 0.749128 0.321739
vt 0.727254 0.319022
vt 0.743219 0.282312
f 283/1177/283 72/1178/72 549/1179/549
vt 0.711387 0.327923
vt 0.699475 0.338867
vt 0.702962 0.287565
f 284/1180/284 69/1181/69 282/1182/282
vt 0.711387 0.327923
vt 0.727254 0.319022
vt 0.717513 0.319958
f 284/1183/284 72/1184/72 287/1185/287
vt 0.711387 0.327923
vt 0.702962 0.287565
vt 0.712715 0.293875
f 284/1186/284 282/1187/282 548/1188/548
vt 0.727556 0.303328
vt 0.708732 0.307885
vt 0.728487 0.317048
f 285/1189/285 73/1190/73 628/1191/628
vt 0.727556 0.303328
vt 0.753750 0.323567
vt 0.729533 0.259903
f 285/1192/285 74/1193/74 289/1194/289
vt 0.769493 0.351163
vt 0.777854 0.376870
vt 0.766070 0.309163
f 286/1195/286 61/1196/61 256/1197/256
vt 0.769493 0.351163
vt 0.753750 0.323567
vt 0.773186 0.367037
f 286/1198/286 74/1199/74 412/1200/412
vt 0.769493 0.351163
vt 0.766070 0.309163
vt 0.758788 0.304355
f 286/1201/286 256/1202/256 546/1203/546
vt 0.717513 0.319958
vt 0.727254 0.319022
vt 0.728487 0.317048
f 287/1204/287 72/1205/72 628/1206/628
vt 0.717513 0.319958
vt 0.708732 0.307885
vt 0.709773 0.329684
f 287/1207/287 73/1208/73 624/1209/624
vt 0.762581 0.338589
vt 0.767290 0.334367
vt 0.778569 0.363894
f 288/1210/288 71/1211/71 273/1212/273
vt 0.762581 0.338589
vt 0.753750 0.323567
vt 0.750260 0.328933
f 288/1213/288 74/1214/74 544/1215/544
vt 0.762581 0.338589
vt 0.778569 0.363894
vt 0.772718 0.360263
f 288/1216/288 273/1217/273 545/1218/545
vt 0.729533 0.259903
vt 0.580886 0.147180
vt 0.693930 0.251545
f 289/1219/289 43/1220/43 290/1221/290
vt 0.729533 0.259903
vt 0.753750 0.323567
vt 0.758788 0.304355
f 289/1222/289 74/1223/74 546/1224/546
vt 0.693930 0.251545
vt 0.580886 0.147180
vt 0.683347 0.274361
f 290/1225/290 43/1226/43 280/1227/280
vt 0.693930 0.251545
vt 0.708732 0.307885
vt 0.715012 0.263146
f 290/1228/290 73/1229/73 547/1230/547
vt 0.693930 0.251545
vt 0.683347 0.274361
vt 0.692132 0.279071
f 290/1231/290 280/1232/280 538/1233/538
vt 0.721658 0.266549
vt 0.599726 0.132799
vt 0.759402 0.281655
f 291/1234/291 54/1235/54 292/1236/292
vt 0.721658 0.266549
vt 0.727254 0.319022
vt 0.712715 0.293875
f 291/1237/291 72/1238/72 548/1239/548
vt 0.759402 0.281655
vt 0.599726 0.132799
vt 0.785518 0.333647
f 292/1240/292 54/1241/54 258/1242/258
vt 0.759402 0.281655
vt 0.767290 0.334367
vt 0.749128 0.321739
f 292/1243/292 71/1244/71 283/1245/283
vt 0.759402 0.281655
vt 0.785518 0.333647
vt 0.779630 0.328799
f 292/1246/292 258/1247/258 537/1248/537
vt 0.759402 0.281655
vt 0.749128 0.321739
vt 0.743219 0.282312
f 292/1249/292 283/1250/283 549/1251/549
vt 0.149368 0.334513
vt 0.358255 0.140666
vt 0.177147 0.266810
f 293/1252/293 45/1253/45 611/1254/611
vt 0.149368 0.334513
vt 0.134855 0.452365
vt 0.138226 0.416664
f 293/1255/293 75/1256/75 304/1257/304
vt 0.137496 0.469449
vt 0.134855 0.452365
vt 0.134594 0.478290
f 294/1258/294 75/1259/75 400/1260/400
vt 0.137496 0.469449
vt 0.134189 0.459744
vt 0.138154 0.456879
f 294/1261/294 76/1262/76 638/1263/638
vt 0.130817 0.354786
vt 0.375215 0.111422
vt 0.156159 0.277724
f 295/1264/295 49/1265/49 612/1266/612
vt 0.130817 0.354786
vt 0.124106 0.447084
vt 0.127174 0.406433
f 295/1267/295 77/1268/77 550/1269/550
vt 0.130298 0.460846
vt 0.134855 0.452365
vt 0.127174 0.406433
f 296/1270/296 75/1271/75 550/1272/550
vt 0.130298 0.460846
vt 0.124106 0.447084
vt 0.128489 0.474698
f 296/1273/296 77/1274/77 298/1275/298
vt 0.119632 0.416062
vt 0.346410 0.105406
vt 0.126028 0.384666
f 297/1276/297 58/1277/58 401/1278/401
vt 0.119632 0.416062
vt 0.129842 0.474659
vt 0.119691 0.433681
f 297/1279/297 78/1280/78 551/1281/551
vt 0.128489 0.474698
vt 0.124106 0.447084
vt 0.119691 0.433681
f 298/1282/298 77/1283/77 551/1284/551
vt 0.128489 0.474698
vt 0.129842 0.474659
vt 0.132758 0.478410
f 298/1285/298 78/1286/78 613/1287/613
vt 0.133177 0.474706
vt 0.134189 0.459744
vt 0.137496 0.469449
f 299/1288/299 76/1289/76 294/1290/294
vt 0.133177 0.474706
vt 0.129842 0.474659
vt 0.124020 0.435185
f 299/1291/299 78/1292/78 552/1293/552
vt 0.133177 0.474706
vt 0.137496 0.469449
vt 0.136287 0.478328
f 299/1294/299 294/1295/294 524/1296/524
vt 0.506826 0.407830
vt 0.481126 0.127265
vt 0.507126 0.378537
f 300/1297/300 53/1298/53 395/1299/395
vt 0.506826 0.407830
vt 0.505388 0.444498
vt 0.503354 0.422651
f 300/1300/300 79/1301/79 553/1302/553
vt 0.502794 0.446400
vt 0.505388 0.444498
vt 0.502873 0.446829
f 301/1303/301 79/1304/79 396/1305/396
vt 0.502794 0.446400
vt 0.498596 0.438748
vt 0.503354 0.422651
f 301/1306/301 89/1307/89 553/1308/553
vt 0.504133 0.372110
vt 0.477223 0.145001
vt 0.496268 0.377801
f 302/1309/302 50/1310/50 330/1311/330
vt 0.504133 0.372110
vt 0.505381 0.428357
vt 0.507126 0.378537
f 302/1312/302 80/1313/80 395/1314/395
vt 0.506175 0.443209
vt 0.505388 0.444498
vt 0.507465 0.419012
f 303/1315/303 79/1316/79 554/1317/554
vt 0.506175 0.443209
vt 0.505381 0.428357
vt 0.502652 0.436883
f 303/1318/303 80/1319/80 328/1320/328
vt 0.138226 0.416664
vt 0.134855 0.452365
vt 0.138164 0.443685
f 304/1321/304 75/1322/75 425/1323/425
vt 0.138226 0.416664
vt 0.147412 0.379595
vt 0.144643 0.362629
f 304/1324/304 99/1325/99 559/1326/559
vt 0.306955 0.336033
vt 0.318176 0.329590
vt 0.325625 0.334596
f 305/1327/305 81/1328/81 310/1329/310
vt 0.306955 0.336033
vt 0.299828 0.333823
vt 0.289409 0.297945
f 305/1330/305 87/1331/87 563/1332/563
vt 0.195679 0.361494
vt 0.201734 0.350901
vt 0.206078 0.350980
f 306/1333/306 82/1334/82 309/1335/309
vt 0.195679 0.361494
vt 0.190741 0.369050
vt 0.187901 0.315761
f 306/1336/306 86/1337/86 321/1338/321
vt 0.222203 0.307755
vt 0.210484 0.333777
vt 0.213363 0.332562
f 307/1339/307 83/1340/83 580/1341/580
vt 0.222203 0.307755
vt 0.239463 0.285094
vt 0.239958 0.261946
f 307/1342/307 95/1343/95 558/1344/558
vt 0.348837 0.295496
vt 0.328341 0.316131
vt 0.338393 0.318898
f 308/1345/308 84/1346/84 592/1347/592
vt 0.348837 0.295496
vt 0.387840 0.276281
vt 0.362773 0.249320
f 308/1348/308 103/1349/103 555/1350/555
vt 0.206078 0.350980
vt 0.201734 0.350901
vt 0.213363 0.332562
f 309/1351/309 82/1352/82 580/1353/580
vt 0.206078 0.350980
vt 0.210484 0.333777
vt 0.200742 0.359637
f 309/1354/309 83/1355/83 403/1356/403
vt 0.325625 0.334596
vt 0.318176 0.329590
vt 0.338393 0.318898
f 310/1357/310 81/1358/81 592/1359/592
vt 0.325625 0.334596
vt 0.328341 0.316131
vt 0.316086 0.337564
f 310/1360/310 84/1361/84 402/1362/402
vt 0.354035 0.233358
vt 0.477223 0.145001
vt 0.358113 0.200137
f 311/1363/311 50/1364/50 560/1365/560
vt 0.354035 0.233358
vt 0.328341 0.316131
vt 0.348837 0.295496
f 311/1366/311 84/1367/84 308/1368/308
vt 0.354035 0.233358
vt 0.348837 0.295496
vt 0.362773 0.249320
f 311/1369/311 308/1370/308 555/1371/555
vt 0.233422 0.264767
vt 0.358255 0.140666
vt 0.218828 0.276361
f 312/1372/312 45/1373/45 320/1374/320
vt 0.233422 0.264767
vt 0.210484 0.333777
vt 0.222203 0.307755
f 312/1375/312 83/1376/83 307/1377/307
vt 0.233422 0.264767
vt 0.222203 0.307755
vt 0.239958 0.261946
f 312/1378/312 307/1379/307 558/1380/558
vt 0.329963 0.241829
vt 0.358255 0.140666
vt 0.313883 0.253725
f 313/1381/313 45/1382/45 325/1383/325
vt 0.329963 0.241829
vt 0.328341 0.316131
vt 0.354035 0.233358
f 313/1384/313 84/1385/84 311/1386/311
vt 0.329963 0.241829
vt 0.354035 0.233358
vt 0.358113 0.200137
f 313/1387/313 311/1388/311 560/1389/560
vt 0.325863 0.240770
vt 0.481126 0.127265
vt 0.384490 0.216391
f 314/1390/314 53/1391/53 368/1392/368
vt 0.325863 0.240770
vt 0.318176 0.329590
vt 0.292011 0.258702
f 314/1393/314 81/1394/81 316/1395/316
vt 0.199267 0.301802
vt 0.300817 0.141958
vt 0.226460 0.257986
f 315/1396/315 52/1397/52 351/1398/351
vt 0.199267 0.301802
vt 0.201734 0.350901
vt 0.192027 0.328805
f 315/1399/315 82/1400/82 562/1401/562
vt 0.292011 0.258702
vt 0.300817 0.141958
vt 0.318291 0.204642
f 316/1402/316 52/1403/52 561/1404/561
vt 0.292011 0.258702
vt 0.318176 0.329590
vt 0.289409 0.297945
f 316/1405/316 81/1406/81 563/1407/563
vt 0.205406 0.338205
vt 0.210484 0.333777
vt 0.217430 0.292853
f 317/1408/317 83/1409/83 565/1410/565
vt 0.205406 0.338205
vt 0.199444 0.339038
vt 0.195279 0.362120
f 317/1411/317 85/1412/85 319/1413/319
vt 0.179456 0.367283
vt 0.190741 0.369050
vt 0.184755 0.364806
f 318/1414/318 86/1415/86 427/1416/427
vt 0.179456 0.367283
vt 0.168522 0.367898
vt 0.179325 0.332112
f 318/1417/318 101/1418/101 566/1419/566
vt 0.195279 0.362120
vt 0.199444 0.339038
vt 0.189829 0.360308
f 319/1420/319 85/1421/85 640/1422/640
vt 0.195279 0.362120
vt 0.190741 0.369050
vt 0.200742 0.359637
f 319/1423/319 86/1424/86 403/1425/403
vt 0.218828 0.276361
vt 0.358255 0.140666
vt 0.204844 0.271924
f 320/1426/320 45/1427/45 361/1428/361
vt 0.218828 0.276361
vt 0.199444 0.339038
vt 0.217430 0.292853
f 320/1429/320 85/1430/85 565/1431/565
vt 0.187901 0.315761
vt 0.300817 0.141958
vt 0.199267 0.301802
f 321/1432/321 52/1433/52 315/1434/315
vt 0.187901 0.315761
vt 0.190741 0.369050
vt 0.179325 0.332112
f 321/1435/321 86/1436/86 566/1437/566
vt 0.187901 0.315761
vt 0.199267 0.301802
vt 0.192027 0.328805
f 321/1438/321 315/1439/315 562/1440/562
vt 0.284952 0.316201
vt 0.299828 0.333823
vt 0.296116 0.326241
f 322/1441/322 87/1442/87 567/1443/567
vt 0.284952 0.316201
vt 0.269597 0.297728
vt 0.272669 0.277547
f 322/1444/322 97/1445/97 569/1446/569
vt 0.318474 0.318695
vt 0.328341 0.316131
vt 0.318096 0.276649
f 323/1447/323 84/1448/84 568/1449/568
vt 0.318474 0.318695
vt 0.308715 0.315003
vt 0.306751 0.333496
f 323/1450/323 88/1451/88 324/1452/324
vt 0.306751 0.333496
vt 0.299828 0.333823
vt 0.316086 0.337564
f 324/1453/324 87/1454/87 402/1455/402
vt 0.306751 0.333496
vt 0.308715 0.315003
vt 0.296116 0.326241
f 324/1456/324 88/1457/88 567/1458/567
vt 0.313883 0.253725
vt 0.358255 0.140666
vt 0.304709 0.223508
f 325/1459/325 45/1460/45 349/1461/349
vt 0.313883 0.253725
vt 0.308715 0.315003
vt 0.318096 0.276649
f 325/1462/325 88/1463/88 568/1464/568
vt 0.277987 0.275780
vt 0.300817 0.141958
vt 0.292011 0.258702
f 326/1465/326 52/1466/52 316/1467/316
vt 0.277987 0.275780
vt 0.299828 0.333823
vt 0.284952 0.316201
f 326/1468/326 87/1469/87 322/1470/322
vt 0.277987 0.275780
vt 0.292011 0.258702
vt 0.289409 0.297945
f 326/1471/326 316/1472/316 563/1473/563
vt 0.277987 0.275780
vt 0.284952 0.316201
vt 0.272669 0.277547
f 326/1474/326 322/1475/322 569/1476/569
vt 0.492090 0.420639
vt 0.498596 0.438748
vt 0.494477 0.432278
f 327/1477/327 89/1478/89 594/1479/594
vt 0.492090 0.420639
vt 0.469815 0.362256
vt 0.489516 0.376672
f 327/1480/327 105/1481/105 570/1482/570
vt 0.502652 0.436883
vt 0.505381 0.428357
vt 0.501595 0.407203
f 328/1483/328 80/1484/80 571/1485/571
vt 0.502652 0.436883
vt 0.498158 0.433959
vt 0.502873 0.446829
f 328/1486/328 90/1487/90 396/1488/396
vt 0.497961 0.395240
vt 0.481126 0.127265
vt 0.506826 0.407830
f 329/1489/329 53/1490/53 300/1491/300
vt 0.497961 0.395240
vt 0.498596 0.438748
vt 0.492090 0.420639
f 329/1492/329 89/1493/89 327/1494/327
vt 0.497961 0.395240
vt 0.506826 0.407830
vt 0.503354 0.422651
f 329/1495/329 300/1496/300 553/1497/553
vt 0.497961 0.395240
vt 0.492090 0.420639
vt 0.489516 0.376672
f 329/1498/329 327/1499/327 570/1500/570
vt 0.496268 0.377801
vt 0.477223 0.145001
vt 0.469096 0.269162
f 330/1501/330 50/1502/50 371/1503/371
vt 0.496268 0.377801
vt 0.498158 0.433959
vt 0.501595 0.407203
f 330/1504/330 90/1505/90 571/1506/571
vt 0.498566 0.443270
vt 0.498596 0.438748
vt 0.502794 0.446400
f 331/1507/331 89/1508/89 301/1509/301
vt 0.498566 0.443270
vt 0.498158 0.433959
vt 0.494477 0.432278
f 331/1510/331 90/1511/90 594/1512/594
vt 0.498566 0.443270
vt 0.502794 0.446400
vt 0.501595 0.448129
f 331/1513/331 301/1514/301 572/1515/572
vt 0.582015 0.275856
vt 0.548525 0.284752
vt 0.574777 0.285154
f 332/1516/332 91/1517/91 573/1518/573
vt 0.582015 0.275856
vt 0.620341 0.288536
vt 0.615066 0.239676
f 332/1519/332 92/1520/92 339/1521/339
vt 0.650907 0.304989
vt 0.668360 0.317620
vt 0.662977 0.269351
f 333/1522/333 67/1523/67 279/1524/279
vt 0.650907 0.304989
vt 0.620341 0.288536
vt 0.652108 0.316093
f 333/1525/333 92/1526/92 408/1527/408
vt 0.650907 0.304989
vt 0.662977 0.269351
vt 0.645760 0.268808
f 333/1528/333 279/1529/279 576/1530/576
vt 0.596756 0.280925
vt 0.630034 0.288575
vt 0.602167 0.289732
f 334/1531/334 93/1532/93 623/1533/623
vt 0.596756 0.280925
vt 0.561095 0.284421
vt 0.564809 0.239105
f 334/1534/334 94/1535/94 341/1536/341
vt 0.533574 0.302582
vt 0.518181 0.322372
vt 0.526472 0.274983
f 335/1537/335 64/1538/64 266/1539/266
vt 0.533574 0.302582
vt 0.561095 0.284421
vt 0.553265 0.290229
f 335/1540/335 94/1541/94 337/1542/337
vt 0.533574 0.302582
vt 0.526472 0.274983
vt 0.537325 0.272969
f 335/1543/335 266/1544/266 578/1545/578
vt 0.625217 0.296590
vt 0.620341 0.288536
vt 0.602167 0.289732
f 336/1546/336 92/1547/92 623/1548/623
vt 0.625217 0.296590
vt 0.630034 0.288575
vt 0.656183 0.309815
f 336/1549/336 93/1550/93 275/1551/275
vt 0.625217 0.296590
vt 0.656183 0.309815
vt 0.645903 0.310473
f 336/1552/336 275/1553/275 541/1554/541
vt 0.553265 0.290229
vt 0.548525 0.284752
vt 0.536488 0.303800
f 337/1555/337 91/1556/91 622/1557/622
vt 0.553265 0.290229
vt 0.561095 0.284421
vt 0.574777 0.285154
f 337/1558/337 94/1559/94 573/1560/573
vt 0.556052 0.238981
vt 0.580886 0.147180
vt 0.524090 0.269763
f 338/1561/338 43/1562/43 268/1563/268
vt 0.556052 0.238981
vt 0.548525 0.284752
vt 0.582015 0.275856
f 338/1564/338 91/1565/91 332/1566/332
vt 0.556052 0.238981
vt 0.524090 0.269763
vt 0.533777 0.268344
f 338/1567/338 268/1568/268 535/1569/535
vt 0.556052 0.238981
vt 0.582015 0.275856
vt 0.584729 0.244834
f 338/1570/338 332/1571/332 575/1572/575
vt 0.615066 0.239676
vt 0.580886 0.147180
vt 0.556052 0.238981
f 339/1573/339 43/1574/43 338/1575/338
vt 0.615066 0.239676
vt 0.620341 0.288536
vt 0.645760 0.268808
f 339/1576/339 92/1577/92 576/1578/576
vt 0.633233 0.243341
vt 0.599726 0.132799
vt 0.680960 0.279995
f 340/1579/340 54/1580/54 281/1581/281
vt 0.633233 0.243341
vt 0.630034 0.288575
vt 0.597855 0.246702
f 340/1582/340 93/1583/93 577/1584/577
vt 0.633233 0.243341
vt 0.680960 0.279995
vt 0.662503 0.277884
f 340/1585/340 281/1586/281 536/1587/536
vt 0.564809 0.239105
vt 0.599726 0.132799
vt 0.633233 0.243341
f 341/1588/341 54/1589/54 340/1590/340
vt 0.564809 0.239105
vt 0.561095 0.284421
vt 0.537325 0.272969
f 341/1591/341 94/1592/94 578/1593/578
vt 0.268516 0.269168
vt 0.239463 0.285094
vt 0.254110 0.290494
f 342/1594/342 95/1595/95 423/1596/423
vt 0.268516 0.269168
vt 0.287575 0.272701
vt 0.304709 0.223508
f 342/1597/342 96/1598/96 349/1599/349
vt 0.299783 0.292781
vt 0.308715 0.315003
vt 0.313883 0.253725
f 343/1600/343 88/1601/88 325/1602/325
vt 0.299783 0.292781
vt 0.287575 0.272701
vt 0.280349 0.291456
f 343/1603/343 96/1604/96 346/1605/346
vt 0.299783 0.292781
vt 0.313883 0.253725
vt 0.306500 0.254284
f 343/1606/343 325/1607/325 582/1608/582
vt 0.241921 0.292826
vt 0.269597 0.297728
vt 0.254110 0.290494
f 344/1609/344 97/1610/97 423/1611/423
vt 0.241921 0.292826
vt 0.222224 0.301776
vt 0.226460 0.257986
f 344/1612/344 98/1613/98 351/1614/351
vt 0.208103 0.328132
vt 0.201734 0.350901
vt 0.199267 0.301802
f 345/1615/345 82/1616/82 315/1617/315
vt 0.208103 0.328132
vt 0.222224 0.301776
vt 0.228262 0.302935
f 345/1618/345 98/1619/98 347/1620/347
vt 0.208103 0.328132
vt 0.199267 0.301802
vt 0.206817 0.296803
f 345/1621/345 315/1622/315 584/1623/584
vt 0.280349 0.291456
vt 0.287575 0.272701
vt 0.266641 0.285303
f 346/1624/346 96/1625/96 579/1626/579
vt 0.280349 0.291456
vt 0.269597 0.297728
vt 0.292681 0.302837
f 346/1627/346 97/1628/97 635/1629/635
vt 0.228262 0.302935
vt 0.239463 0.285094
vt 0.215510 0.322950
f 347/1630/347 95/1631/95 637/1632/637
vt 0.228262 0.302935
vt 0.222224 0.301776
vt 0.241855 0.296615
f 347/1633/347 98/1634/98 636/1635/636
vt 0.270164 0.225970
vt 0.358255 0.140666
vt 0.233422 0.264767
f 348/1636/348 45/1637/45 312/1638/312
vt 0.270164 0.225970
vt 0.239463 0.285094
vt 0.268516 0.269168
f 348/1639/348 95/1640/95 342/1641/342
vt 0.270164 0.225970
vt 0.233422 0.264767
vt 0.239958 0.261946
f 348/1642/348 312/1643/312 558/1644/558
vt 0.270164 0.225970
vt 0.268516 0.269168
vt 0.283345 0.231115
f 348/1645/348 342/1646/342 581/1647/581
vt 0.304709 0.223508
vt 0.358255 0.140666
vt 0.270164 0.225970
f 349/1648/349 45/1649/45 348/1650/348
vt 0.304709 0.223508
vt 0.287575 0.272701
vt 0.306500 0.254284
f 349/1651/349 96/1652/96 582/1653/582
vt 0.261592 0.247550
vt 0.300817 0.141958
vt 0.277987 0.275780
f 350/1654/350 52/1655/52 326/1656/326
vt 0.261592 0.247550
vt 0.269597 0.297728
vt 0.241921 0.292826
f 350/1657/350 97/1658/97 344/1659/344
vt 0.261592 0.247550
vt 0.277987 0.275780
vt 0.272669 0.277547
f 350/1660/350 326/1661/326 569/1662/569
vt 0.261592 0.247550
vt 0.241921 0.292826
vt 0.243452 0.259128
f 350/1663/350 344/1664/344 583/1665/583
vt 0.226460 0.257986
vt 0.300817 0.141958
vt 0.261592 0.247550
f 351/1666/351 52/1667/52 350/1668/350
vt 0.226460 0.257986
vt 0.222224 0.301776
vt 0.206817 0.296803
f 351/1669/351 98/1670/98 584/1671/584
vt 0.161131 0.357896
vt 0.147412 0.379595
vt 0.153375 0.384591
f 352/1672/352 99/1673/99 564/1674/564
vt 0.161131 0.357896
vt 0.176956 0.349789
vt 0.180380 0.300470
f 352/1675/352 100/1676/100 585/1677/585
vt 0.191328 0.341119
vt 0.199444 0.339038
vt 0.204834 0.292585
f 353/1678/353 85/1679/85 590/1680/590
vt 0.191328 0.341119
vt 0.176956 0.349789
vt 0.184755 0.364806
f 353/1681/353 100/1682/100 427/1683/427
vt 0.155640 0.384212
vt 0.168522 0.367898
vt 0.171982 0.370064
f 354/1684/354 101/1685/101 359/1686/359
vt 0.155640 0.384212
vt 0.142581 0.413452
vt 0.144747 0.351015
f 354/1687/354 102/1688/102 358/1689/358
vt 0.136789 0.444780
vt 0.134189 0.459744
vt 0.133281 0.402353
f 355/1690/355 76/1691/76 587/1692/587
vt 0.136789 0.444780
vt 0.142581 0.413452
vt 0.138164 0.443685
f 355/1693/355 102/1694/102 425/1695/425
vt 0.170851 0.301489
vt 0.358255 0.140666
vt 0.149368 0.334513
f 356/1696/356 45/1697/45 293/1698/293
vt 0.170851 0.301489
vt 0.147412 0.379595
vt 0.161131 0.357896
f 356/1699/356 99/1700/99 352/1701/352
vt 0.170851 0.301489
vt 0.149368 0.334513
vt 0.144643 0.362629
f 356/1702/356 293/1703/293 559/1704/559
vt 0.170851 0.301489
vt 0.161131 0.357896
vt 0.180380 0.300470
f 356/1705/356 352/1706/352 585/1707/585
vt 0.144092 0.405515
vt 0.147412 0.379595
vt 0.138226 0.416664
f 357/1708/357 99/1709/99 304/1710/304
vt 0.144092 0.405515
vt 0.142581 0.413452
vt 0.153375 0.384591
f 357/1711/357 102/1712/102 564/1713/564
vt 0.144092 0.405515
vt 0.138226 0.416664
vt 0.139097 0.427616
f 357/1714/357 304/1715/304 586/1716/586
vt 0.144747 0.351015
vt 0.300817 0.141958
vt 0.171831 0.317111
f 358/1717/358 52/1718/52 360/1719/360
vt 0.144747 0.351015
vt 0.142581 0.413452
vt 0.133281 0.402353
f 358/1720/358 102/1721/102 587/1722/587
vt 0.171982 0.370064
vt 0.176956 0.349789
vt 0.157426 0.383266
f 359/1723/359 100/1724/100 426/1725/426
vt 0.171982 0.370064
vt 0.168522 0.367898
vt 0.179456 0.367283
f 359/1726/359 101/1727/101 318/1728/318
vt 0.171982 0.370064
vt 0.179456 0.367283
vt 0.179703 0.369624
f 359/1729/359 318/1730/318 588/1731/588
vt 0.171831 0.317111
vt 0.300817 0.141958
vt 0.187901 0.315761
f 360/1732/360 52/1733/52 321/1734/321
vt 0.171831 0.317111
vt 0.168522 0.367898
vt 0.155661 0.346403
f 360/1735/360 101/1736/101 589/1737/589
vt 0.171831 0.317111
vt 0.187901 0.315761
vt 0.179325 0.332112
f 360/1738/360 321/1739/321 566/1740/566
vt 0.204844 0.271924
vt 0.358255 0.140666
vt 0.170851 0.301489
f 361/1741/361 45/1742/45 356/1743/356
vt 0.204844 0.271924
vt 0.176956 0.349789
vt 0.204834 0.292585
f 361/1744/361 100/1745/100 590/1746/590
vt 0.204844 0.271924
vt 0.170851 0.301489
vt 0.180380 0.300470
f 361/1747/361 356/1748/356 585/1749/585
vt 0.437777 0.291650
vt 0.387840 0.276281
vt 0.430669 0.309762
f 362/1750/362 103/1751/103 420/1752/420
vt 0.437777 0.291650
vt 0.470610 0.338897
vt 0.469096 0.269162
f 362/1753/362 104/1754/104 371/1755/371
vt 0.489513 0.397798
vt 0.498158 0.433959
vt 0.496268 0.377801
f 363/1756/363 90/1757/90 330/1758/330
vt 0.489513 0.397798
vt 0.470610 0.338897
vt 0.470944 0.358334
f 363/1759/363 104/1760/104 369/1761/369
vt 0.489513 0.397798
vt 0.496268 0.377801
vt 0.488720 0.358146
f 363/1762/363 330/1763/330 596/1764/596
vt 0.421185 0.297707
vt 0.469815 0.362256
vt 0.430669 0.309762
f 364/1765/364 105/1766/105 420/1767/420
vt 0.421185 0.297707
vt 0.374856 0.279755
vt 0.425665 0.242342
f 364/1768/364 106/1769/106 595/1770/595
vt 0.339023 0.304696
vt 0.318176 0.329590
vt 0.325863 0.240770
f 365/1771/365 81/1772/81 314/1773/314
vt 0.339023 0.304696
vt 0.374856 0.279755
vt 0.350574 0.304840
f 365/1774/365 106/1775/106 632/1776/632
vt 0.339023 0.304696
vt 0.325863 0.240770
vt 0.339352 0.259250
f 365/1777/365 314/1778/314 593/1779/593
vt 0.405352 0.217483
vt 0.477223 0.145001
vt 0.354035 0.233358
f 366/1780/366 50/1781/50 311/1782/311
vt 0.405352 0.217483
vt 0.387840 0.276281
vt 0.438347 0.240671
f 366/1783/366 103/1784/103 591/1785/591
vt 0.405352 0.217483
vt 0.354035 0.233358
vt 0.362773 0.249320
f 366/1786/366 311/1787/311 555/1788/555
vt 0.379754 0.288783
vt 0.387840 0.276281
vt 0.350574 0.304840
f 367/1789/367 103/1790/103 632/1791/632
vt 0.379754 0.288783
vt 0.374856 0.279755
vt 0.421185 0.297707
f 367/1792/367 106/1793/106 364/1794/364
vt 0.379754 0.288783
vt 0.421185 0.297707
vt 0.412763 0.300503
f 367/1795/367 364/1796/364 633/1797/633
vt 0.384490 0.216391
vt 0.481126 0.127265
vt 0.465399 0.274760
f 368/1798/368 53/1799/53 370/1800/370
vt 0.384490 0.216391
vt 0.374856 0.279755
vt 0.339352 0.259250
f 368/1801/368 106/1802/106 593/1803/593
vt 0.470944 0.358334
vt 0.470610 0.338897
vt 0.446239 0.319280
f 369/1804/369 104/1805/104 557/1806/557
vt 0.470944 0.358334
vt 0.469815 0.362256
vt 0.486663 0.399395
f 369/1807/369 105/1808/105 634/1809/634
vt 0.465399 0.274760
vt 0.481126 0.127265
vt 0.497961 0.395240
f 370/1810/370 53/1811/53 329/1812/329
vt 0.465399 0.274760
vt 0.469815 0.362256
vt 0.421185 0.297707
f 370/1813/370 105/1814/105 364/1815/364
vt 0.465399 0.274760
vt 0.497961 0.395240
vt 0.489516 0.376672
f 370/1816/370 329/1817/329 570/1818/570
vt 0.465399 0.274760
vt 0.421185 0.297707
vt 0.425665 0.242342
f 370/1819/370 364/1820/364 595/1821/595
vt 0.469096 0.269162
vt 0.477223 0.145001
vt 0.405352 0.217483
f 371/1822/371 50/1823/50 366/1824/366
vt 0.469096 0.269162
vt 0.470610 0.338897
vt 0.488720 0.358146
f 371/1825/371 104/1826/104 596/1827/596
vt 0.469096 0.269162
vt 0.405352 0.217483
vt 0.438347 0.240671
f 371/1828/371 366/1829/366 591/1830/591
vt 0.677211 0.424889
vt 0.645242 0.422782
vt 0.690080 0.362158
f 372/1831/372 107/1832/107 380/1833/380
vt 0.677211 0.424889
vt 0.657922 0.422133
vt 0.682432 0.469707
f 372/1834/372 111/1835/111 384/1836/384
vt 0.687754 0.286608
vt 0.622743 0.132176
vt 0.696497 0.212875
f 373/1837/373 27/1838/27 385/1839/385
vt 0.687754 0.286608
vt 0.645242 0.422782
vt 0.672192 0.302713
f 373/1840/373 107/1841/107 599/1842/599
vt 0.609793 0.475777
vt 0.597153 0.500000
vt 0.612638 0.469432
f 374/1843/374 19/1844/19 157/1845/157
vt 0.609793 0.475777
vt 0.645242 0.422782
vt 0.615544 0.484027
f 374/1846/374 107/1847/107 495/1848/495
vt 0.609793 0.475777
vt 0.612638 0.469432
vt 0.607207 0.461271
f 374/1849/374 157/1850/157 598/1851/598
vt 0.667177 0.241893
vt 0.622743 0.132176
vt 0.687754 0.286608
f 375/1852/375 27/1853/27 373/1854/373
vt 0.667177 0.241893
vt 0.654580 0.323677
vt 0.667412 0.255013
f 375/1855/375 108/1856/108 378/1857/378
vt 0.667177 0.241893
vt 0.687754 0.286608
vt 0.672192 0.302713
f 375/1858/375 373/1859/373 599/1860/599
vt 0.655325 0.122784
vt 0.622743 0.132176
vt 0.567131 0.058653
f 376/1861/376 27/1862/27 601/1863/601
vt 0.655325 0.122784
vt 0.624509 0.107683
vt 0.694281 0.178691
f 376/1864/376 109/1865/109 603/1866/603
vt 0.646961 0.373889
vt 0.645242 0.422782
vt 0.625451 0.405296
f 377/1867/377 107/1868/107 473/1869/473
vt 0.646961 0.373889
vt 0.654580 0.323677
vt 0.672192 0.302713
f 377/1870/377 108/1871/108 599/1872/599
vt 0.667412 0.255013
vt 0.681601 0.199370
vt 0.664004 0.210556
f 378/1873/378 21/1874/21 496/1875/496
vt 0.667412 0.255013
vt 0.654580 0.323677
vt 0.653492 0.322388
f 378/1876/378 108/1877/108 600/1878/600
vt -0.450816 0.035360
vt 0.036290 0.500000
vt -0.004877 0.500000
f 379/1879/379 33/1880/33 171/1881/171
vt 0.549184 0.035360
vt 0.624509 0.107683
vt 0.655325 0.122784
f 379/1882/379 109/1883/109 376/1884/376
vt 0.549184 0.035360
vt 0.995123 0.500000
vt 0.780468 0.121209
f 379/1885/379 171/1886/171 501/1887/501
vt 0.549184 0.035360
vt 0.655325 0.122784
vt 0.567131 0.058653
f 379/1888/379 376/1889/376 601/1890/601
vt 0.690080 0.362158
vt 0.645242 0.422782
vt 0.687754 0.286608
f 380/1891/380 107/1892/107 373/1893/373
vt 0.690080 0.362158
vt 0.654742 0.288244
vt 0.662711 0.366190
f 380/1894/380 112/1895/112 386/1896/386
vt 0.690080 0.362158
vt 0.687754 0.286608
vt 0.699302 0.286380
f 380/1897/380 373/1898/373 597/1899/597
vt 0.714676 0.500000
vt 0.890314 0.500000
vt 0.708676 0.553357
f 381/1900/381 26/1901/26 1016/1902/1016
vt 0.714676 0.500000
vt 0.635966 0.500000
vt 0.682432 0.469707
f 381/1903/381 110/1904/110 384/1905/384
vt 0.714676 0.500000
vt 0.657922 0.422133
vt 0.708676 0.446643
f 381/1906/381 111/1907/111 382/1908/382
vt 0.708676 0.446643
vt 0.890314 0.500000
vt 0.714676 0.500000
f 382/1909/382 26/1910/26 381/1911/381
vt 0.708676 0.446643
vt 0.657922 0.422133
vt 0.481345 0.463907
f 382/1912/382 111/1913/111 660/1914/660
vt 0.648179 0.180100
vt 0.624509 0.107683
vt 0.400020 0.298464
f 383/1915/383 109/1916/109 658/1917/658
vt 0.648179 0.180100
vt 0.654742 0.288244
vt 0.696497 0.212875
f 383/1918/383 112/1919/112 385/1920/385
vt 0.682432 0.469707
vt 0.635966 0.500000
vt 0.664280 0.454158
f 384/1921/384 110/1922/110 642/1923/642
vt 0.682432 0.469707
vt 0.657922 0.422133
vt 0.714676 0.500000
f 384/1924/384 111/1925/111 381/1926/381
vt 0.696497 0.212875
vt 0.622743 0.132176
vt 0.655325 0.122784
f 385/1927/385 27/1928/27 376/1929/376
vt 0.696497 0.212875
vt 0.654742 0.288244
vt 0.699302 0.286380
f 385/1930/385 112/1931/112 597/1932/597
vt 0.696497 0.212875
vt 0.655325 0.122784
vt 0.694281 0.178691
f 385/1933/385 376/1934/376 603/1935/603
vt 0.662711 0.366190
vt 0.657922 0.422133
vt 0.677211 0.424889
f 386/1936/386 111/1937/111 372/1938/372
vt 0.662711 0.366190
vt 0.654742 0.288244
vt 0.490652 0.406585
f 386/1939/386 112/1940/112 657/1941/657
vt 0.662711 0.366190
vt 0.677211 0.424889
vt 0.690080 0.362158
f 386/1942/386 372/1943/372 380/1944/380
vt 0.417227 0.473930
vt 0.421885 0.480338
vt 0.434066 0.466155
f 387/1945/387 113/1946/113 604/1947/604
vt 0.417227 0.473930
vt 0.412942 0.461552
vt 0.406748 0.479315
f 387/1948/387 114/1949/114 656/1950/656
vt 0.452381 0.468049
vt 0.657922 0.422133
vt 0.450819 0.446578
f 388/1951/388 111/1952/111 443/1953/443
vt 0.452381 0.468049
vt 0.421885 0.480338
vt 0.433586 0.480229
f 388/1954/388 113/1955/113 446/1956/446
vt 0.393167 0.458177
vt 0.412942 0.461552
vt 0.405565 0.435388
f 389/1957/389 114/1958/114 605/1959/605
vt 0.393167 0.458177
vt 0.372430 0.449471
vt 0.383751 0.474714
f 389/1960/389 115/1961/115 391/1962/391
vt 0.439699 0.421936
vt 0.654742 0.288244
vt 0.399502 0.398746
f 390/1963/390 112/1964/112 444/1965/444
vt 0.439699 0.421936
vt 0.412942 0.461552
vt 0.450819 0.446578
f 390/1966/390 114/1967/114 443/1968/443
vt 0.383751 0.474714
vt 0.372430 0.449471
vt 0.381809 0.473488
f 391/1969/391 115/1970/115 659/1971/659
vt 0.383751 0.474714
vt 0.397400 0.485597
vt 0.396694 0.474258
f 391/1972/391 116/1973/116 602/1974/602
vt 0.346738 0.348537
vt 0.624509 0.107683
vt 0.703782 0.120569
f 392/1975/392 109/1976/109 170/1977/170
vt 0.346738 0.348537
vt 0.372430 0.449471
vt 0.399502 0.398746
f 392/1978/392 115/1979/115 444/1980/444
vt 0.346738 0.348537
vt 0.703782 0.120569
vt 0.338817 0.319070
f 392/1981/392 170/1982/170 606/1983/606
vt 0.409011 0.486769
vt 0.421885 0.480338
vt 0.417227 0.473930
f 393/1984/393 113/1985/113 387/1986/387
vt 0.409011 0.486769
vt 0.397400 0.485597
vt 0.412755 0.488275
f 393/1987/393 116/1988/116 607/1989/607
vt 0.409011 0.486769
vt 0.417227 0.473930
vt 0.406748 0.479315
f 393/1990/393 387/1991/387 656/1992/656
vt 0.399706 0.486595
vt 0.890314 0.500000
vt 0.433586 0.480229
f 394/1993/394 26/1994/26 446/1995/446
vt 0.399706 0.486595
vt 0.397400 0.485597
vt 0.383751 0.474714
f 394/1996/394 116/1997/116 391/1998/391
vt 0.399706 0.486595
vt 0.383751 0.474714
vt 0.381809 0.473488
f 394/1999/394 391/2000/391 659/2001/659
vt 0.507126 0.378537
vt 0.481126 0.127265
vt 0.505336 0.302660
f 395/2002/395 53/2003/53 608/2004/608
vt 0.507126 0.378537
vt 0.505381 0.428357
vt 0.507465 0.419012
f 395/2005/395 80/2006/80 554/2007/554
vt 0.502873 0.446829
vt 0.505388 0.444498
vt 0.506175 0.443209
f 396/2008/396 79/2009/79 303/2010/303
vt 0.502873 0.446829
vt 0.498158 0.433959
vt 0.498566 0.443270
f 396/2011/396 90/2012/90 331/2013/331
vt 0.502873 0.446829
vt 0.506175 0.443209
vt 0.504024 0.445825
f 396/2014/396 303/2015/303 609/2016/609
vt 0.502873 0.446829
vt 0.498566 0.443270
vt 0.501595 0.448129
f 396/2017/396 331/2018/331 572/2019/572
vt 0.498901 0.122669
vt 0.477223 0.145001
vt 0.497192 0.117747
f 397/2020/397 50/2021/50 519/2022/519
vt 0.498901 0.122669
vt 0.510879 0.140563
vt 0.501746 0.127158
f 397/2023/397 51/2024/51 610/2025/610
vt 0.139417 0.347158
vt 0.375215 0.111422
vt 0.130817 0.354786
f 398/2026/398 49/2027/49 295/2028/295
vt 0.139417 0.347158
vt 0.134855 0.452365
vt 0.149368 0.334513
f 398/2029/398 75/2030/75 293/2031/293
vt 0.139417 0.347158
vt 0.149368 0.334513
vt 0.177147 0.266810
f 398/2032/398 293/2033/293 611/2034/611
vt 0.139417 0.347158
vt 0.130817 0.354786
vt 0.127174 0.406433
f 398/2035/398 295/2036/295 550/2037/550
vt 0.122201 0.373853
vt 0.346410 0.105406
vt 0.119632 0.416062
f 399/2038/399 58/2039/58 297/2040/297
vt 0.122201 0.373853
vt 0.124106 0.447084
vt 0.130817 0.354786
f 399/2041/399 77/2042/77 295/2043/295
vt 0.122201 0.373853
vt 0.130817 0.354786
vt 0.156159 0.277724
f 399/2044/399 295/2045/295 612/2046/612
vt 0.122201 0.373853
vt 0.119632 0.416062
vt 0.119691 0.433681
f 399/2047/399 297/2048/297 551/2049/551
vt 0.134594 0.478290
vt 0.134855 0.452365
vt 0.132758 0.478410
f 400/2050/400 75/2051/75 613/2052/613
vt 0.134594 0.478290
vt 0.129842 0.474659
vt 0.133177 0.474706
f 400/2053/400 78/2054/78 299/2055/299
vt 0.134594 0.478290
vt 0.133177 0.474706
vt 0.136287 0.478328
f 400/2056/400 299/2057/299 524/2058/524
vt 0.126028 0.384666
vt 0.346410 0.105406
vt 0.143096 0.314037
f 401/2059/401 58/2060/58 614/2061/614
vt 0.126028 0.384666
vt 0.134189 0.459744
vt 0.124020 0.435185
f 401/2062/401 76/2063/76 552/2064/552
vt 0.316086 0.337564
vt 0.328341 0.316131
vt 0.318474 0.318695
f 402/2065/402 84/2066/84 323/2067/323
vt 0.316086 0.337564
vt 0.299828 0.333823
vt 0.306955 0.336033
f 402/2068/402 87/2069/87 305/2070/305
vt 0.316086 0.337564
vt 0.306955 0.336033
vt 0.316959 0.341219
f 402/2071/402 305/2072/305 615/2073/615
vt 0.316086 0.337564
vt 0.318474 0.318695
vt 0.315263 0.333944
f 402/2074/402 323/2075/323 556/2076/556
vt 0.200742 0.359637
vt 0.210484 0.333777
vt 0.205406 0.338205
f 403/2077/403 83/2078/83 317/2079/317
vt 0.200742 0.359637
vt 0.190741 0.369050
vt 0.200770 0.362259
f 403/2080/403 86/2081/86 518/2082/518
vt 0.200742 0.359637
vt 0.205406 0.338205
vt 0.200491 0.357142
f 403/2083/403 317/2084/317 616/2085/616
vt 0.771202 0.299041
vt 0.580886 0.147180
vt 0.766070 0.309163
f 404/2086/404 43/2087/43 256/2088/256
vt 0.771202 0.299041
vt 0.786779 0.365684
vt 0.783906 0.303094
f 404/2089/404 59/2090/59 262/2091/262
vt 0.771202 0.299041
vt 0.766070 0.309163
vt 0.777260 0.337879
f 404/2092/404 256/2093/256 528/2094/528
vt 0.771202 0.299041
vt 0.783906 0.303094
vt 0.750566 0.242002
f 404/2095/404 262/2096/262 617/2097/617
vt 0.483840 0.112900
vt 0.507324 0.142864
vt 0.507916 0.110571
f 405/2098/405 44/2099/44 218/2100/218
vt 0.483840 0.112900
vt 0.375215 0.111422
vt 0.468606 0.112737
f 405/2101/405 49/2102/49 253/2103/253
vt 0.483840 0.112900
vt 0.507916 0.110571
vt 0.489727 0.105283
f 405/2104/405 218/2105/218 618/2106/618
vt 0.483840 0.112900
vt 0.468606 0.112737
vt 0.483497 0.118279
f 405/2107/405 253/2108/253 527/2109/527
vt 0.512014 0.325838
vt 0.518181 0.322372
vt 0.517109 0.323094
f 406/2110/406 64/2111/64 265/2112/265
vt 0.512014 0.325838
vt 0.509444 0.311221
vt 0.509005 0.319102
f 406/2113/406 66/2114/66 269/2115/269
vt 0.512014 0.325838
vt 0.517109 0.323094
vt 0.513232 0.324711
f 406/2116/406 265/2117/265 619/2118/619
vt 0.512014 0.325838
vt 0.509005 0.319102
vt 0.510792 0.326716
f 406/2119/406 269/2120/269 512/2121/512
vt 0.683221 0.340651
vt 0.675080 0.333556
vt 0.689272 0.337905
f 407/2122/407 68/2123/68 272/2124/272
vt 0.683221 0.340651
vt 0.689265 0.330174
vt 0.679487 0.326662
f 407/2125/407 70/2126/70 274/2127/274
vt 0.683221 0.340651
vt 0.689272 0.337905
vt 0.688107 0.344070
f 407/2128/407 272/2129/272 620/2130/620
vt 0.683221 0.340651
vt 0.679487 0.326662
vt 0.678355 0.337419
f 407/2131/407 274/2132/274 540/2133/540
vt 0.652108 0.316093
vt 0.675080 0.333556
vt 0.658142 0.321496
f 408/2134/408 68/2135/68 621/2136/621
vt 0.652108 0.316093
vt 0.620341 0.288536
vt 0.645903 0.310473
f 408/2137/408 92/2138/92 541/2139/541
vt 0.529749 0.309815
vt 0.518181 0.322372
vt 0.533574 0.302582
f 409/2140/409 64/2141/64 335/2142/335
vt 0.529749 0.309815
vt 0.548525 0.284752
vt 0.528671 0.300667
f 409/2143/409 91/2144/91 271/2145/271
vt 0.529749 0.309815
vt 0.528671 0.300667
vt 0.524257 0.314612
f 409/2146/409 271/2147/271 574/2148/574
vt 0.529749 0.309815
vt 0.533574 0.302582
vt 0.536488 0.303800
f 409/2149/409 335/2150/335 622/2151/622
vt 0.588169 0.286999
vt 0.620341 0.288536
vt 0.582015 0.275856
f 410/2152/410 92/2153/92 332/2154/332
vt 0.588169 0.286999
vt 0.561095 0.284421
vt 0.596756 0.280925
f 410/2155/410 94/2156/94 334/2157/334
vt 0.588169 0.286999
vt 0.582015 0.275856
vt 0.574777 0.285154
f 410/2158/410 332/2159/332 573/2160/573
vt 0.588169 0.286999
vt 0.596756 0.280925
vt 0.602167 0.289732
f 410/2161/410 334/2162/334 623/2163/623
vt 0.703460 0.331820
vt 0.699475 0.338867
vt 0.711387 0.327923
f 411/2164/411 69/2165/69 284/2166/284
vt 0.703460 0.331820
vt 0.708732 0.307885
vt 0.697781 0.317940
f 411/2167/411 73/2168/73 276/2169/276
vt 0.703460 0.331820
vt 0.697781 0.317940
vt 0.698253 0.334112
f 411/2170/411 276/2171/276 539/2172/539
vt 0.703460 0.331820
vt 0.711387 0.327923
vt 0.709773 0.329684
f 411/2173/411 284/2174/284 624/2175/624
vt 0.773186 0.367037
vt 0.782098 0.387045
vt 0.774198 0.373530
f 412/2176/412 62/2177/62 625/2178/625
vt 0.773186 0.367037
vt 0.753750 0.323567
vt 0.772718 0.360263
f 412/2179/412 74/2180/74 545/2181/545
vt 0.792578 0.324567
vt 0.599726 0.132799
vt 0.781235 0.269742
f 413/2182/413 54/2183/54 626/2184/626
vt 0.792578 0.324567
vt 0.794136 0.391487
vt 0.791560 0.360714
f 413/2185/413 60/2186/60 529/2187/529
vt 0.783947 0.396298
vt 0.794136 0.391487
vt 0.789352 0.389020
f 414/2188/414 60/2189/60 255/2190/255
vt 0.783947 0.396298
vt 0.777854 0.376870
vt 0.779149 0.390043
f 414/2191/414 61/2192/61 259/2193/259
vt 0.783947 0.396298
vt 0.789352 0.389020
vt 0.784350 0.394737
f 414/2194/414 255/2195/255 627/2196/627
vt 0.783947 0.396298
vt 0.779149 0.390043
vt 0.783272 0.398222
f 414/2197/414 259/2198/259 510/2199/510
vt 0.739365 0.322583
vt 0.727254 0.319022
vt 0.749128 0.321739
f 415/2200/415 72/2201/72 283/2202/283
vt 0.739365 0.322583
vt 0.753750 0.323567
vt 0.727556 0.303328
f 415/2203/415 74/2204/74 285/2205/285
vt 0.739365 0.322583
vt 0.749128 0.321739
vt 0.750260 0.328933
f 415/2206/415 283/2207/283 544/2208/544
vt 0.739365 0.322583
vt 0.727556 0.303328
vt 0.728487 0.317048
f 415/2209/415 285/2210/285 628/2211/628
vt 0.794468 0.312773
vt 0.639377 0.127333
vt 0.783906 0.303094
f 416/2212/416 47/2213/47 262/2214/262
vt 0.794468 0.312773
vt 0.794136 0.391487
vt 0.797415 0.295886
f 416/2215/416 60/2216/60 261/2217/261
vt 0.794468 0.312773
vt 0.797415 0.295886
vt 0.779771 0.254912
f 416/2218/416 261/2219/261 531/2220/531
vt 0.794468 0.312773
vt 0.783906 0.303094
vt 0.794360 0.349974
f 416/2221/416 262/2222/262 629/2223/629
vt 0.516350 0.260439
vt 0.580886 0.147180
vt 0.515732 0.225498
f 417/2224/417 43/2225/43 630/2226/630
vt 0.516350 0.260439
vt 0.509444 0.311221
vt 0.516264 0.287434
f 417/2227/417 66/2228/66 533/2229/533
vt 0.509347 0.264101
vt 0.510879 0.140563
vt 0.511151 0.265053
f 418/2230/418 51/2231/51 264/2232/264
vt 0.509347 0.264101
vt 0.509444 0.311221
vt 0.510525 0.246296
f 418/2233/418 66/2234/66 270/2235/270
vt 0.509347 0.264101
vt 0.511151 0.265053
vt 0.508970 0.292096
f 418/2236/418 264/2237/264 631/2238/631
vt 0.509347 0.264101
vt 0.510525 0.246296
vt 0.509577 0.227414
f 418/2239/418 270/2240/270 534/2241/534
vt 0.343758 0.312447
vt 0.318176 0.329590
vt 0.339023 0.304696
f 419/2242/419 81/2243/81 365/2244/365
vt 0.343758 0.312447
vt 0.387840 0.276281
vt 0.348837 0.295496
f 419/2245/419 103/2246/103 308/2247/308
vt 0.343758 0.312447
vt 0.348837 0.295496
vt 0.338393 0.318898
f 419/2248/419 308/2249/308 592/2250/592
vt 0.343758 0.312447
vt 0.339023 0.304696
vt 0.350574 0.304840
f 419/2251/419 365/2252/365 632/2253/632
vt 0.430669 0.309762
vt 0.387840 0.276281
vt 0.412763 0.300503
f 420/2254/420 103/2255/103 633/2256/633
vt 0.430669 0.309762
vt 0.469815 0.362256
vt 0.446239 0.319280
f 420/2257/420 105/2258/105 557/2259/557
vt 0.491166 0.418310
vt 0.498158 0.433959
vt 0.489513 0.397798
f 421/2260/421 90/2261/90 363/2262/363
vt 0.491166 0.418310
vt 0.469815 0.362256
vt 0.492090 0.420639
f 421/2263/421 105/2264/105 327/2265/327
vt 0.491166 0.418310
vt 0.492090 0.420639
vt 0.494477 0.432278
f 421/2266/421 327/2267/327 594/2268/594
vt 0.491166 0.418310
vt 0.489513 0.397798
vt 0.486663 0.399395
f 421/2269/421 363/2270/363 634/2271/634
vt 0.294124 0.314794
vt 0.308715 0.315003
vt 0.299783 0.292781
f 422/2272/422 88/2273/88 343/2274/343
vt 0.294124 0.314794
vt 0.269597 0.297728
vt 0.284952 0.316201
f 422/2275/422 97/2276/97 322/2277/322
vt 0.294124 0.314794
vt 0.284952 0.316201
vt 0.296116 0.326241
f 422/2278/422 322/2279/322 567/2280/567
vt 0.294124 0.314794
vt 0.299783 0.292781
vt 0.292681 0.302837
f 422/2281/422 343/2282/343 635/2283/635
vt 0.254110 0.290494
vt 0.239463 0.285094
vt 0.241855 0.296615
f 423/2284/423 95/2285/95 636/2286/636
vt 0.254110 0.290494
vt 0.269597 0.297728
vt 0.266641 0.285303
f 423/2287/423 97/2288/97 579/2289/579
vt 0.214378 0.327970
vt 0.201734 0.350901
vt 0.208103 0.328132
f 424/2290/424 82/2291/82 345/2292/345
vt 0.214378 0.327970
vt 0.239463 0.285094
vt 0.222203 0.307755
f 424/2293/424 95/2294/95 307/2295/307
vt 0.214378 0.327970
vt 0.222203 0.307755
vt 0.213363 0.332562
f 424/2296/424 307/2297/307 580/2298/580
vt 0.214378 0.327970
vt 0.208103 0.328132
vt 0.215510 0.322950
f 424/2299/424 345/2300/345 637/2301/637
vt 0.138164 0.443685
vt 0.134855 0.452365
vt 0.138154 0.456879
f 425/2302/425 75/2303/75 638/2304/638
vt 0.138164 0.443685
vt 0.142581 0.413452
vt 0.139097 0.427616
f 425/2305/425 102/2306/102 586/2307/586
vt 0.157426 0.383266
vt 0.176956 0.349789
vt 0.161131 0.357896
f 426/2308/426 100/2309/100 352/2310/352
vt 0.157426 0.383266
vt 0.142581 0.413452
vt 0.155640 0.384212
f 426/2311/426 102/2312/102 354/2313/354
vt 0.157426 0.383266
vt 0.161131 0.357896
vt 0.153375 0.384591
f 426/2314/426 352/2315/352 564/2316/564
vt 0.157426 0.383266
vt 0.155640 0.384212
vt 0.161425 0.382164
f 426/2317/426 354/2318/354 639/2319/639
vt 0.184755 0.364806
vt 0.190741 0.369050
vt 0.189829 0.360308
f 427/2320/427 86/2321/86 640/2322/640
vt 0.184755 0.364806
vt 0.176956 0.349789
vt 0.171982 0.370064
f 427/2323/427 100/2324/100 359/2325/359
vt 0.184755 0.364806
vt 0.171982 0.370064
vt 0.179703 0.369624
f 427/2326/427 359/2327/359 588/2328/588
vt 0.748785 0.160622
vt 0.821769 0.230276
vt 0.741522 0.143708
f 428/2329/428 8/2330/8 139/2331/139
vt 0.748785 0.160622
vt 0.646832 0.103465
vt 0.783489 0.209231
f 428/2332/428 40/2333/40 469/2334/469
vt 0.748785 0.160622
vt 0.741522 0.143708
vt 0.711204 0.129167
f 428/2335/428 139/2336/139 641/2337/641
vt 0.638460 0.468176
vt 0.645242 0.422782
vt 0.664280 0.454158
f 429/2338/429 107/2339/107 642/2340/642
vt 0.638460 0.468176
vt 0.635966 0.500000
vt 0.615544 0.484027
f 429/2341/429 110/2342/110 495/2343/495
vt 0.552103 0.094686
vt 0.480615 0.094277
vt 0.591312 0.113253
f 430/2344/430 28/2345/28 643/2346/643
vt 0.552103 0.094686
vt 0.604069 0.099793
vt 0.552359 0.088794
f 430/2347/430 38/2348/38 217/2349/217
vt 0.552103 0.094686
vt 0.552359 0.088794
vt 0.533153 0.087823
f 430/2350/430 217/2351/217 497/2352/497
vt 0.330058 0.107375
vt 0.182177 0.213763
vt 0.313526 0.120692
f 431/2353/431 22/2354/22 163/2355/163
vt 0.330058 0.107375
vt 0.501479 0.083344
vt 0.390547 0.086063
f 431/2356/431 41/2357/41 235/2358/235
vt 0.330058 0.107375
vt 0.313526 0.120692
vt 0.370537 0.098232
f 431/2359/431 163/2360/163 644/2361/644
vt 0.330058 0.107375
vt 0.390547 0.086063
vt 0.309287 0.113077
f 431/2362/431 235/2363/235 505/2364/505
vt 0.740645 0.188152
vt 0.805809 0.308813
vt 0.761841 0.195431
f 432/2365/432 14/2366/14 195/2367/195
vt 0.740645 0.188152
vt 0.604069 0.099793
vt 0.653338 0.138050
f 432/2368/432 38/2369/38 209/2370/209
vt 0.740645 0.188152
vt 0.761841 0.195431
vt 0.723579 0.161547
f 432/2371/432 195/2372/195 645/2373/645
vt 0.740645 0.188152
vt 0.653338 0.138050
vt 0.728219 0.192141
f 432/2374/432 209/2375/209 507/2376/507
vt 0.371863 0.092182
vt 0.394151 0.078772
vt 0.346703 0.097802
f 433/2377/433 48/2378/48 646/2379/646
vt 0.371863 0.092182
vt 0.300817 0.141958
vt 0.282953 0.139579
f 433/2380/433 52/2381/52 250/2382/250
vt 0.371863 0.092182
vt 0.282953 0.139579
vt 0.393327 0.088512
f 433/2383/433 250/2384/250 511/2385/511
vt 0.541811 0.075722
vt 0.574834 0.077466
vt 0.551070 0.071076
f 434/2386/434 46/2387/46 228/2388/228
vt 0.541811 0.075722
vt 0.515837 0.078721
vt 0.541045 0.083003
f 434/2389/434 56/2390/56 251/2391/251
vt 0.541811 0.075722
vt 0.551070 0.071076
vt 0.534016 0.072042
f 434/2392/434 228/2393/228 647/2394/647
vt 0.541811 0.075722
vt 0.541045 0.083003
vt 0.548716 0.079717
f 434/2395/434 251/2396/251 515/2397/515
vt 0.474580 0.085233
vt 0.508474 0.092257
vt 0.509095 0.084305
f 435/2398/435 42/2399/42 246/2400/246
vt 0.474580 0.085233
vt 0.346410 0.105406
vt 0.344191 0.112741
f 435/2401/435 58/2402/58 248/2403/248
vt 0.474580 0.085233
vt 0.509095 0.084305
vt 0.486428 0.082147
f 435/2404/435 246/2405/246 648/2406/648
vt 0.474580 0.085233
vt 0.344191 0.112741
vt 0.463935 0.089214
f 435/2407/435 248/2408/248 516/2409/516
vt 0.413665 0.091370
vt 0.301127 0.113375
vt 0.390547 0.086063
f 436/2410/436 39/2411/39 235/2412/235
vt 0.413665 0.091370
vt 0.481126 0.127265
vt 0.376786 0.123061
f 436/2413/436 53/2414/53 241/2415/241
vt 0.413665 0.091370
vt 0.390547 0.086063
vt 0.443097 0.085732
f 436/2416/436 235/2417/235 649/2418/649
vt 0.413665 0.091370
vt 0.376786 0.123061
vt 0.390052 0.097489
f 436/2419/436 241/2420/241 520/2421/520
vt 0.597182 0.099556
vt 0.604069 0.099793
vt 0.642818 0.108306
f 437/2422/437 38/2423/38 215/2424/215
vt 0.597182 0.099556
vt 0.668896 0.133141
vt 0.668887 0.141759
f 437/2425/437 55/2426/55 244/2427/244
vt 0.597182 0.099556
vt 0.642818 0.108306
vt 0.609012 0.097879
f 437/2428/437 215/2429/215 650/2430/650
vt 0.597182 0.099556
vt 0.668887 0.141759
vt 0.585078 0.102518
f 437/2431/437 244/2432/244 521/2433/521
vt 0.545517 0.098384
vt 0.501479 0.083344
vt 0.552359 0.088794
f 438/2434/438 41/2435/41 217/2436/217
vt 0.545517 0.098384
vt 0.599726 0.132799
vt 0.531580 0.104160
f 438/2437/438 54/2438/54 522/2439/522
vt 0.545517 0.098384
vt 0.552359 0.088794
vt 0.560070 0.095251
f 438/2440/438 217/2441/217 651/2442/651
vt 0.593528 0.090175
vt 0.646832 0.103465
vt 0.604066 0.085811
f 439/2443/439 40/2444/40 211/2445/211
vt 0.593528 0.090175
vt 0.621425 0.104924
vt 0.597173 0.094867
f 439/2446/439 57/2447/57 523/2448/523
vt 0.593528 0.090175
vt 0.604066 0.085811
vt 0.588982 0.085583
f 439/2449/439 211/2450/211 652/2451/652
vt 0.533218 0.088336
vt 0.639377 0.127333
vt 0.541721 0.088064
f 440/2452/440 47/2453/47 653/2454/653
vt 0.533218 0.088336
vt 0.515837 0.078721
vt 0.509095 0.084305
f 440/2455/440 56/2456/56 246/2457/246
vt 0.533218 0.088336
vt 0.509095 0.084305
vt 0.525246 0.088599
f 440/2458/440 246/2459/246 525/2460/525
vt 0.468097 0.072689
vt 0.508854 0.062370
vt 0.420745 0.069155
f 441/2461/441 15/2462/15 151/2463/151
vt 0.468097 0.072689
vt 0.346410 0.105406
vt 0.478566 0.078542
f 441/2464/441 58/2465/58 252/2466/252
vt 0.468097 0.072689
vt 0.420745 0.069155
vt 0.449622 0.071545
f 441/2467/441 151/2468/151 654/2469/654
vt 0.468097 0.072689
vt 0.478566 0.078542
vt 0.484337 0.074042
f 441/2470/441 252/2471/252 526/2472/526
vt 0.518273 0.263467
vt 0.599726 0.132799
vt 0.526472 0.274983
f 442/2473/442 54/2474/54 266/2475/266
vt 0.518273 0.263467
vt 0.510910 0.308805
vt 0.511151 0.265053
f 442/2476/442 63/2477/63 264/2478/264
vt 0.518273 0.263467
vt 0.511151 0.265053
vt 0.518349 0.222990
f 442/2479/442 264/2480/264 655/2481/655
vt 0.518273 0.263467
vt 0.526472 0.274983
vt 0.517565 0.293684
f 442/2482/442 266/2483/266 532/2484/532
vt 0.450819 0.446578
vt 0.657922 0.422133
vt 0.490652 0.406585
f 443/2485/443 111/2486/111 657/2487/657
vt 0.450819 0.446578
vt 0.412942 0.461552
vt 0.434066 0.466155
f 443/2488/443 114/2489/114 604/2490/604
vt 0.399502 0.398746
vt 0.654742 0.288244
vt 0.400020 0.298464
f 444/2491/444 112/2492/112 658/2493/658
vt 0.399502 0.398746
vt 0.372430 0.449471
vt 0.405565 0.435388
f 444/2494/444 115/2495/115 605/2496/605
vt 0.365356 0.439063
vt -0.109686 0.500000
vt 0.399706 0.486595
f 445/2497/445 26/2498/26 394/2499/394
vt 0.365356 0.439063
vt 0.372430 0.449471
vt 0.346738 0.348537
f 445/2500/445 115/2501/115 392/2502/392
vt 0.365356 0.439063
vt 0.346738 0.348537
vt 0.338817 0.319070
f 445/2503/445 392/2504/392 606/2505/606
vt 0.365356 0.439063
vt 0.399706 0.486595
vt 0.381809 0.473488
f 445/2506/445 394/2507/394 659/2508/659
vt 0.433586 0.480229
vt 0.890314 0.500000
vt 0.481345 0.463907
f 446/2509/446 26/2510/26 660/2511/660
vt 0.433586 0.480229
vt 0.421885 0.480338
vt 0.412755 0.488275
f 446/2512/446 113/2513/113 607/2514/607
vt 0.906267 0.421193
vt 0.889585 0.380440
vt 0.898912 0.433114
f 447/2515/447 1/2516/1 120/2517/120
vt 0.906267 0.421193
vt 0.901974 0.500000
vt 0.914342 0.436591
f 447/2518/447 35/2519/35 123/2520/123
vt 0.922890 0.436459
vt 0.909419 0.367072
vt 0.914342 0.436591
f 448/2521/448 2/2522/2 123/2523/123
vt 0.922890 0.436459
vt 0.914342 0.436591
vt 0.926832 0.460738
f 448/2524/448 123/2525/123 126/2526/126
vt 0.934068 0.475299
vt 0.935864 0.404859
vt 0.926832 0.460738
f 449/2527/449 3/2528/3 126/2529/126
vt 0.934068 0.475299
vt 0.950383 0.500000
vt 0.945121 0.450886
f 449/2530/449 4/2531/4 124/2532/124
vt 0.934068 0.475299
vt 0.926832 0.460738
vt 0.928785 0.500000
f 449/2533/449 126/2534/126 128/2535/128
vt 0.859111 0.483901
vt 0.824335 0.500000
vt 0.867173 0.500000
f 450/2536/450 5/2537/5 131/2538/131
vt 0.859111 0.483901
vt 0.841440 0.447056
vt 0.833847 0.474559
f 450/2539/450 6/2540/6 129/2541/129
vt 0.859111 0.483901
vt 0.867173 0.500000
vt 0.870946 0.471491
f 450/2542/450 131/2543/131 134/2544/134
vt 0.872330 0.452724
vt 0.865743 0.400975
vt 0.855784 0.429115
f 451/2545/451 7/2546/7 132/2547/132
vt 0.872330 0.452724
vt 0.855784 0.429115
vt 0.870946 0.471491
f 451/2548/451 132/2549/132 134/2550/134
vt 0.872330 0.452724
vt 0.870946 0.471491
vt 0.883613 0.447008
f 451/2551/451 134/2552/134 136/2553/136
vt 0.888546 0.429126
vt 0.889585 0.380440
vt 0.879437 0.391371
f 452/2554/452 1/2555/1 118/2556/118
vt 0.888546 0.429126
vt 0.901974 0.500000
vt 0.898912 0.433114
f 452/2557/452 35/2558/35 120/2559/120
vt 0.888546 0.429126
vt 0.879437 0.391371
vt 0.883613 0.447008
f 452/2560/452 118/2561/118 136/2562/136
vt 0.086204 0.391582
vt 0.103680 0.341130
vt 0.100110 0.345705
f 453/2563/453 29/2564/29 174/2565/174
vt 0.086204 0.391582
vt 0.071224 0.500000
vt 0.084316 0.405576
f 453/2566/453 36/2567/36 175/2568/175
vt 0.086204 0.391582
vt 0.100110 0.345705
vt 0.080098 0.405400
f 453/2569/453 174/2570/174 177/2571/177
vt 0.075582 0.410098
vt 0.096190 0.338415
vt 0.079086 0.379041
f 454/2572/454 30/2573/30 176/2574/176
vt 0.075582 0.410098
vt 0.079086 0.379041
vt 0.069157 0.444960
f 454/2575/454 176/2576/176 179/2577/179
vt 0.064696 0.468432
vt 0.068902 0.412033
vt 0.062108 0.448414
f 455/2578/455 31/2579/31 178/2580/178
vt 0.064696 0.468432
vt 0.058187 0.500000
vt 0.065967 0.500000
f 455/2581/455 32/2582/32 180/2583/180
vt 0.064696 0.468432
vt 0.065967 0.500000
vt 0.069157 0.444960
f 455/2584/455 180/2585/180 179/2586/179
vt 0.066245 0.400216
vt 0.036290 0.500000
vt 0.133454 0.224798
f 456/2587/456 33/2588/33 181/2589/181
vt 0.066245 0.400216
vt 0.222563 0.154146
vt 0.078446 0.385480
f 456/2590/456 34/2591/34 183/2592/183
vt 0.145696 0.256443
vt 0.182177 0.213763
vt 0.130983 0.285680
f 457/2593/457 22/2594/22 164/2595/164
vt 0.145696 0.256443
vt 0.130983 0.285680
vt 0.118151 0.297461
f 457/2596/457 164/2597/164 227/2598/227
vt 0.865319 0.257593
vt 0.909419 0.367072
vt 0.889712 0.287642
f 458/2599/458 2/2600/2 122/2601/122
vt 0.865319 0.257593
vt 0.889712 0.287642
vt 0.819991 0.197877
f 458/2602/458 122/2603/122 137/2604/137
vt 0.865319 0.257593
vt 0.819991 0.197877
vt 0.876349 0.295076
f 458/2605/458 137/2606/137 184/2607/184
vt 0.901276 0.271695
vt 0.809613 0.166184
vt 0.907215 0.300921
f 459/2608/459 9/2609/9 185/2610/185
vt 0.901276 0.271695
vt 0.932401 0.337350
vt 0.833029 0.172538
f 459/2611/459 125/2612/125 140/2613/140
vt 0.964111 0.409209
vt 0.866655 0.196328
vt 0.954555 0.396873
f 460/2614/460 10/2615/10 186/2616/186
vt 0.964111 0.409209
vt 0.985469 0.500000
vt 0.934811 0.291762
f 460/2617/460 11/2618/11 142/2619/142
vt 0.811533 0.459022
vt 0.824335 0.500000
vt 0.833847 0.474559
f 461/2620/461 5/2621/5 129/2622/129
vt 0.811533 0.459022
vt 0.833847 0.474559
vt 0.808873 0.433940
f 461/2623/461 129/2624/129 133/2625/133
vt 0.811533 0.459022
vt 0.808873 0.433940
vt 0.794461 0.464587
f 461/2626/461 133/2627/133 187/2628/187
vt 0.842521 0.397781
vt 0.841440 0.447056
vt 0.855784 0.429115
f 462/2629/462 6/2630/6 132/2631/132
vt 0.842521 0.397781
vt 0.855784 0.429115
vt 0.842665 0.363101
f 462/2632/462 132/2633/132 135/2634/135
vt 0.842521 0.397781
vt 0.842665 0.363101
vt 0.829331 0.395594
f 462/2635/462 135/2636/135 188/2637/188
vt 0.870175 0.344161
vt 0.889585 0.380440
vt 0.871322 0.319897
f 463/2638/463 1/2639/1 119/2640/119
vt 0.870175 0.344161
vt 0.871322 0.319897
vt 0.858479 0.329434
f 463/2641/463 119/2642/119 189/2643/189
vt 0.595102 0.053536
vt 0.809613 0.166184
vt 0.644657 0.059726
f 464/2644/464 9/2645/9 141/2646/141
vt 0.595102 0.053536
vt 0.644657 0.059726
vt 0.459761 0.051026
f 464/2647/464 141/2648/141 150/2649/150
vt 0.595102 0.053536
vt 0.459761 0.051026
vt 0.654327 0.076236
f 464/2650/464 150/2651/150 190/2652/190
vt 0.477272 0.022847
vt 0.866655 0.196328
vt 0.564231 0.020632
f 465/2653/465 10/2654/10 143/2655/143
vt 0.477272 0.022847
vt 0.564231 0.020632
vt 0.310410 0.068874
f 465/2656/465 143/2657/143 152/2658/152
vt 0.477272 0.022847
vt 0.310410 0.068874
vt 0.612910 0.039436
f 465/2659/465 152/2660/152 191/2661/191
vt 0.165893 0.138301
vt 0.194232 0.132169
vt 0.525483 0.008966
f 466/2662/466 17/2663/17 192/2664/192
vt 0.165893 0.138301
vt 0.015836 0.500000
vt 0.068995 0.281610
f 466/2665/466 18/2666/18 154/2667/154
vt 0.705359 0.449274
vt 0.724044 0.500000
vt 0.742758 0.463004
f 467/2668/467 12/2669/12 145/2670/145
vt 0.705359 0.449274
vt 0.742758 0.463004
vt 0.700382 0.414880
f 467/2671/467 145/2672/145 148/2673/148
vt 0.705359 0.449274
vt 0.700382 0.414880
vt 0.675094 0.463814
f 467/2674/467 148/2675/148 193/2676/193
vt 0.774447 0.321826
vt 0.792175 0.368535
vt 0.761389 0.257049
f 468/2677/468 147/2678/147 149/2679/149
vt 0.774447 0.321826
vt 0.761389 0.257049
vt 0.751495 0.331937
f 468/2680/468 149/2681/149 194/2682/194
vt 0.783489 0.209231
vt 0.646832 0.103465
vt 0.761841 0.195431
f 469/2683/469 40/2684/40 195/2685/195
vt 0.783489 0.209231
vt 0.819208 0.267476
vt 0.748785 0.160622
f 469/2686/469 138/2687/138 428/2688/428
vt 0.322244 0.085365
vt 0.146617 0.228921
vt 0.300905 0.100908
f 470/2689/470 23/2690/23 196/2691/196
vt 0.322244 0.085365
vt 0.459761 0.051026
vt 0.228760 0.135001
f 470/2692/470 150/2693/150 153/2694/153
vt 0.184489 0.157709
vt 0.194232 0.132169
vt 0.107695 0.250479
f 471/2695/471 17/2696/17 155/2697/155
vt 0.184489 0.157709
vt 0.107695 0.250479
vt 0.172993 0.177068
f 471/2698/471 155/2699/155 197/2700/197
vt 0.039233 0.387259
vt 0.194232 0.132169
vt 0.068995 0.281610
f 472/2701/472 17/2702/17 154/2703/154
vt 0.039233 0.387259
vt 0.015836 0.500000
vt 0.030739 0.500000
f 472/2704/472 18/2705/18 156/2706/156
vt 0.039233 0.387259
vt 0.043188 0.500000
vt 0.052481 0.360939
f 472/2707/472 25/2708/25 198/2709/198
vt 0.625451 0.405296
vt 0.645242 0.422782
vt 0.616227 0.432826
f 473/2710/473 107/2711/107 199/2712/199
vt 0.625451 0.405296
vt 0.629666 0.383082
vt 0.646961 0.373889
f 473/2713/473 160/2714/160 377/2715/377
vt 0.595753 0.129230
vt 0.591754 0.124548
vt 0.539615 0.103230
f 474/2716/474 161/2717/161 172/2718/172
vt 0.595753 0.129230
vt 0.539615 0.103230
vt 0.642814 0.164220
f 474/2719/474 172/2720/172 200/2721/200
vt 0.452838 0.111932
vt 0.358255 0.140666
vt 0.421409 0.134655
f 475/2722/475 45/2723/45 234/2724/234
vt 0.452838 0.111932
vt 0.375215 0.111422
vt 0.350374 0.127024
f 475/2725/475 49/2726/49 224/2727/224
vt 0.452838 0.111932
vt 0.421409 0.134655
vt 0.468606 0.112737
f 475/2728/475 234/2729/234 253/2730/253
vt 0.124206 0.277674
vt 0.096190 0.338415
vt 0.125022 0.286336
f 476/2731/476 30/2732/30 202/2733/202
vt 0.124206 0.277674
vt 0.144447 0.244510
vt 0.107245 0.300148
f 476/2734/476 162/2735/162 166/2736/166
vt 0.053676 0.445046
vt 0.084095 0.325950
vt 0.055482 0.404606
f 477/2737/477 24/2738/24 167/2739/167
vt 0.053676 0.445046
vt 0.055482 0.404606
vt 0.050186 0.500000
f 477/2740/477 167/2741/167 169/2742/169
vt 0.053676 0.445046
vt 0.050186 0.500000
vt 0.059437 0.423873
f 477/2743/477 169/2744/169 203/2745/203
vt 0.372020 0.066098
vt 0.036290 0.500000
vt 0.462787 0.048784
f 478/2746/478 33/2747/33 204/2748/204
vt 0.372020 0.066098
vt 0.457415 0.070801
vt 0.133454 0.224798
f 478/2749/478 173/2750/173 181/2751/181
vt 0.290545 0.128052
vt 0.222563 0.154146
vt 0.390535 0.090852
f 479/2752/479 34/2753/34 205/2754/205
vt 0.290545 0.128052
vt 0.313526 0.120692
vt 0.200611 0.189640
f 479/2755/479 163/2756/163 206/2757/206
vt 0.882879 0.326421
vt 0.889585 0.380440
vt 0.899433 0.375844
f 480/2758/480 1/2759/1 117/2760/117
vt 0.882879 0.326421
vt 0.899433 0.375844
vt 0.876349 0.295076
f 480/2761/480 117/2762/117 184/2763/184
vt 0.911367 0.328630
vt 0.935864 0.404859
vt 0.907215 0.300921
f 481/2764/481 3/2765/3 185/2766/185
vt 0.948521 0.400985
vt 0.950383 0.500000
vt 0.954555 0.396873
f 482/2767/482 4/2768/4 186/2769/186
vt 0.773686 0.475518
vt 0.724044 0.500000
vt 0.777981 0.500000
f 483/2770/483 12/2771/12 130/2772/130
vt 0.773686 0.475518
vt 0.764598 0.419762
vt 0.742758 0.463004
f 483/2773/483 13/2774/13 145/2775/145
vt 0.773686 0.475518
vt 0.777981 0.500000
vt 0.794461 0.464587
f 483/2776/483 130/2777/130 187/2778/187
vt 0.810412 0.400947
vt 0.805809 0.308813
vt 0.792175 0.368535
f 484/2779/484 14/2780/14 147/2781/147
vt 0.810412 0.400947
vt 0.808873 0.433940
vt 0.829331 0.395594
f 484/2782/484 133/2783/133 188/2784/188
vt 0.842859 0.320851
vt 0.865743 0.400975
vt 0.858479 0.329434
f 485/2785/485 7/2786/7 189/2787/189
vt 0.661107 0.085180
vt 0.508854 0.062370
vt 0.597141 0.074289
f 486/2788/486 15/2789/15 208/2790/208
vt 0.661107 0.085180
vt 0.651275 0.093769
vt 0.722921 0.114941
f 486/2791/486 37/2792/37 214/2793/214
vt 0.709122 0.079955
vt 0.833029 0.172538
vt 0.612910 0.039436
f 487/2794/487 140/2795/140 191/2796/191
vt 0.741732 0.076421
vt 0.985469 0.500000
vt 0.525483 0.008966
f 488/2797/488 11/2798/11 192/2799/192
vt 0.645054 0.477796
vt 0.597153 0.500000
vt 0.659581 0.500000
f 489/2800/489 19/2801/19 146/2802/146
vt 0.645054 0.477796
vt 0.626016 0.425756
vt 0.612638 0.469432
f 489/2803/489 20/2804/20 157/2805/157
vt 0.645054 0.477796
vt 0.659581 0.500000
vt 0.675094 0.463814
f 489/2806/489 146/2807/146 193/2808/193
vt 0.709888 0.357709
vt 0.764598 0.419762
vt 0.751495 0.331937
f 490/2809/490 13/2810/13 194/2811/194
vt 0.537391 0.104448
vt 0.508474 0.092257
vt 0.530911 0.108530
f 491/2812/491 42/2813/42 219/2814/219
vt 0.537391 0.104448
vt 0.639377 0.127333
vt 0.531032 0.095157
f 491/2815/491 47/2816/47 222/2817/222
vt 0.537391 0.104448
vt 0.530911 0.108530
vt 0.622012 0.132526
f 491/2818/491 219/2819/219 254/2820/254
vt 0.176868 0.203486
vt 0.301127 0.113375
vt 0.219382 0.160309
f 492/2821/492 39/2822/39 216/2823/216
vt 0.176868 0.203486
vt 0.144447 0.244510
vt 0.227989 0.161770
f 492/2824/492 162/2825/162 210/2826/210
vt 0.156519 0.202106
vt 0.228760 0.135001
vt 0.172993 0.177068
f 493/2827/493 153/2828/153 197/2829/197
vt 0.064045 0.345236
vt 0.043188 0.500000
vt 0.055482 0.404606
f 494/2830/494 25/2831/25 167/2832/167
vt 0.064045 0.345236
vt 0.107695 0.250479
vt 0.052481 0.360939
f 494/2833/494 155/2834/155 198/2835/198
vt 0.615544 0.484027
vt 0.645242 0.422782
vt 0.638460 0.468176
f 495/2836/495 107/2837/107 429/2838/429
vt 0.615544 0.484027
vt 0.635966 0.500000
vt 0.605786 0.500000
f 495/2839/495 110/2840/110 158/2841/158
vt 0.615544 0.484027
vt 0.605786 0.500000
vt 0.609793 0.475777
f 495/2842/495 158/2843/158 374/2844/374
vt 0.664004 0.210556
vt 0.681601 0.199370
vt 0.642814 0.164220
f 496/2845/496 21/2846/21 200/2847/200
vt 0.664004 0.210556
vt 0.622743 0.132176
vt 0.667177 0.241893
f 496/2848/496 27/2849/27 375/2850/375
vt 0.664004 0.210556
vt 0.667177 0.241893
vt 0.667412 0.255013
f 496/2851/496 375/2852/375 378/2853/378
vt 0.533153 0.087823
vt 0.501479 0.083344
vt 0.477300 0.085428
f 497/2854/497 41/2855/41 212/2856/212
vt 0.533153 0.087823
vt 0.477300 0.085428
vt 0.552103 0.094686
f 497/2857/497 212/2858/212 430/2859/430
vt 0.118898 0.304721
vt 0.182177 0.213763
vt 0.125022 0.286336
f 498/2860/498 22/2861/22 202/2862/202
vt 0.118898 0.304721
vt 0.103680 0.341130
vt 0.130983 0.285680
f 498/2863/498 29/2864/29 164/2865/164
vt 0.095404 0.316260
vt 0.146617 0.228921
vt 0.111917 0.274966
f 499/2866/499 23/2867/23 165/2868/165
vt 0.095404 0.316260
vt 0.111917 0.274966
vt 0.086948 0.338475
f 499/2869/499 165/2870/165 207/2871/207
vt 0.063426 0.415349
vt 0.058187 0.500000
vt 0.062108 0.448414
f 500/2872/500 32/2873/32 178/2874/178
vt 0.063426 0.415349
vt 0.071384 0.381241
vt 0.059437 0.423873
f 500/2875/500 168/2876/168 203/2877/203
vt 0.780468 0.121209
vt 0.890314 0.500000
vt 0.703782 0.120569
f 501/2878/501 26/2879/26 170/2880/170
vt 0.780468 0.121209
vt 0.624509 0.107683
vt 0.549184 0.035360
f 501/2881/501 109/2882/109 379/2883/379
vt 0.475509 0.084261
vt 0.480615 0.094277
vt 0.390535 0.090852
f 502/2884/502 28/2885/28 205/2886/205
vt 0.079677 0.361711
vt 0.068902 0.412033
vt 0.079086 0.379041
f 503/2887/503 31/2888/31 176/2889/176
vt 0.079677 0.361711
vt 0.079086 0.379041
vt 0.086948 0.338475
f 503/2890/503 176/2891/176 207/2892/207
vt 0.576590 0.074346
vt 0.651275 0.093769
vt 0.597141 0.074289
f 504/2893/504 37/2894/37 208/2895/208
vt 0.576590 0.074346
vt 0.574834 0.077466
vt 0.600672 0.081143
f 504/2896/504 46/2897/46 229/2898/229
vt 0.576590 0.074346
vt 0.597141 0.074289
vt 0.551070 0.071076
f 504/2899/504 208/2900/208 228/2901/228
vt 0.309287 0.113077
vt 0.182177 0.213763
vt 0.330058 0.107375
f 505/2902/505 22/2903/22 431/2904/431
vt 0.309287 0.113077
vt 0.301127 0.113375
vt 0.227989 0.161770
f 505/2905/505 39/2906/39 210/2907/210
vt 0.766307 0.150652
vt 0.821769 0.230276
vt 0.819991 0.197877
f 506/2908/506 8/2909/8 137/2910/137
vt 0.766307 0.150652
vt 0.651275 0.093769
vt 0.741522 0.143708
f 506/2911/506 37/2912/37 139/2913/139
vt 0.766307 0.150652
vt 0.819991 0.197877
vt 0.722921 0.114941
f 506/2914/506 137/2915/137 214/2916/214
vt 0.728219 0.192141
vt 0.805809 0.308813
vt 0.740645 0.188152
f 507/2917/507 14/2918/14 432/2919/432
vt 0.728219 0.192141
vt 0.681601 0.199370
vt 0.761389 0.257049
f 507/2920/507 21/2921/21 149/2922/149
vt 0.318405 0.098781
vt 0.508854 0.062370
vt 0.300905 0.100908
f 508/2923/508 15/2924/15 196/2925/196
vt 0.318405 0.098781
vt 0.301127 0.113375
vt 0.334603 0.094696
f 508/2926/508 39/2927/39 231/2928/231
vt 0.318405 0.098781
vt 0.300905 0.100908
vt 0.219382 0.160309
f 508/2929/508 196/2930/196 216/2931/216
vt 0.522820 0.115857
vt 0.580886 0.147180
vt 0.530911 0.108530
f 509/2932/509 43/2933/43 219/2934/219
vt 0.522820 0.115857
vt 0.507324 0.142864
vt 0.522652 0.151372
f 509/2935/509 44/2936/44 226/2937/226
vt 0.783272 0.398222
vt 0.779149 0.390043
vt 0.787374 0.394894
f 510/2938/510 259/2939/259 260/2940/260
vt 0.783272 0.398222
vt 0.787374 0.394894
vt 0.783947 0.396298
f 510/2941/510 260/2942/260 414/2943/414
vt 0.393327 0.088512
vt 0.394151 0.078772
vt 0.371863 0.092182
f 511/2944/511 48/2945/48 433/2946/433
vt 0.393327 0.088512
vt 0.346410 0.105406
vt 0.419535 0.078868
f 511/2947/511 58/2948/58 233/2949/233
vt 0.510792 0.326716
vt 0.512841 0.321767
vt 0.512014 0.325838
f 512/2950/512 263/2951/263 406/2952/406
vt 0.088367 0.372427
vt 0.103680 0.341130
vt 0.084316 0.405576
f 513/2953/513 29/2954/29 175/2955/175
vt 0.088367 0.372427
vt 0.071224 0.500000
vt 0.078446 0.385480
f 513/2956/513 36/2957/36 183/2958/183
vt 0.088367 0.372427
vt 0.078446 0.385480
vt 0.118151 0.297461
f 513/2959/513 183/2960/183 227/2961/227
vt 0.614968 0.086862
vt 0.574834 0.077466
vt 0.604066 0.085811
f 514/2962/514 46/2963/46 211/2964/211
vt 0.614968 0.086862
vt 0.604066 0.085811
vt 0.649653 0.098938
f 514/2965/514 211/2966/211 213/2967/213
vt 0.614968 0.086862
vt 0.649653 0.098938
vt 0.600672 0.081143
f 514/2968/514 213/2969/213 229/2970/229
vt 0.548716 0.079717
vt 0.568222 0.082105
vt 0.541811 0.075722
f 515/2971/515 247/2972/247 434/2973/434
vt 0.463935 0.089214
vt 0.375215 0.111422
vt 0.477701 0.094558
f 516/2974/516 49/2975/49 232/2976/232
vt 0.463935 0.089214
vt 0.477701 0.094558
vt 0.474580 0.085233
f 516/2977/516 232/2978/232 435/2979/435
vt 0.506260 0.103551
vt 0.491138 0.093925
vt 0.515935 0.102700
f 517/2980/517 236/2981/236 237/2982/237
vt 0.506260 0.103551
vt 0.515935 0.102700
vt 0.502049 0.111847
f 517/2983/517 237/2984/237 240/2985/240
vt 0.200770 0.362259
vt 0.190741 0.369050
vt 0.195679 0.361494
f 518/2986/518 86/2987/86 306/2988/306
vt 0.200770 0.362259
vt 0.195679 0.361494
vt 0.206078 0.350980
f 518/2989/518 306/2990/306 309/2991/309
vt 0.200770 0.362259
vt 0.206078 0.350980
vt 0.200742 0.359637
f 518/2992/518 309/2993/309 403/2994/403
vt 0.497192 0.117747
vt 0.477223 0.145001
vt 0.497755 0.150767
f 519/2995/519 50/2996/50 239/2997/239
vt 0.497192 0.117747
vt 0.481126 0.127265
vt 0.502049 0.111847
f 519/2998/519 53/2999/53 240/3000/240
vt 0.497192 0.117747
vt 0.502049 0.111847
vt 0.498901 0.122669
f 519/3001/519 240/3002/240 397/3003/397
vt 0.390052 0.097489
vt 0.300817 0.141958
vt 0.346564 0.103363
f 520/3004/520 52/3005/52 223/3006/223
vt 0.390052 0.097489
vt 0.346564 0.103363
vt 0.413665 0.091370
f 520/3007/520 223/3008/223 436/3009/436
vt 0.585078 0.102518
vt 0.574421 0.100452
vt 0.597182 0.099556
f 521/3010/521 242/3011/242 437/3012/437
vt 0.531580 0.104160
vt 0.599726 0.132799
vt 0.528967 0.139169
f 522/3013/522 54/3014/54 245/3015/245
vt 0.531580 0.104160
vt 0.515935 0.102700
vt 0.545517 0.098384
f 522/3016/522 237/3017/237 438/3018/438
vt 0.597173 0.094867
vt 0.621425 0.104924
vt 0.676677 0.134485
f 523/3019/523 57/3020/57 249/3021/249
vt 0.597173 0.094867
vt 0.609785 0.098128
vt 0.593528 0.090175
f 523/3022/523 221/3023/221 439/3024/439
vt 0.136287 0.478328
vt 0.137496 0.469449
vt 0.134594 0.478290
f 524/3025/524 294/3026/294 400/3027/400
vt 0.525246 0.088599
vt 0.508474 0.092257
vt 0.531032 0.095157
f 525/3028/525 42/3029/42 222/3030/222
vt 0.525246 0.088599
vt 0.531032 0.095157
vt 0.533218 0.088336
f 525/3031/525 222/3032/222 440/3033/440
vt 0.484337 0.074042
vt 0.511301 0.071960
vt 0.468097 0.072689
f 526/3034/526 201/3035/201 441/3036/441
vt 0.483497 0.118279
vt 0.495666 0.126827
vt 0.483840 0.112900
f 527/3037/527 225/3038/225 405/3039/405
vt 0.777260 0.337879
vt 0.786779 0.365684
vt 0.771202 0.299041
f 528/3040/528 59/3041/59 404/3042/404
vt 0.777260 0.337879
vt 0.777854 0.376870
vt 0.781924 0.380186
f 528/3043/528 61/3044/61 257/3045/257
vt 0.791560 0.360714
vt 0.794136 0.391487
vt 0.787374 0.394894
f 529/3046/529 60/3047/60 260/3048/260
vt 0.791560 0.360714
vt 0.782098 0.387045
vt 0.785518 0.333647
f 529/3049/529 62/3050/62 258/3051/258
vt 0.791560 0.360714
vt 0.785518 0.333647
vt 0.792578 0.324567
f 529/3052/529 258/3053/258 413/3054/413
vt 0.789096 0.268263
vt 0.668896 0.133141
vt 0.676677 0.134485
f 530/3055/530 55/3056/55 249/3057/249
vt 0.789096 0.268263
vt 0.621425 0.104924
vt 0.797415 0.295886
f 530/3058/530 57/3059/57 261/3060/261
vt 0.779771 0.254912
vt 0.639377 0.127333
vt 0.794468 0.312773
f 531/3061/531 47/3062/47 416/3063/416
vt 0.779771 0.254912
vt 0.621425 0.104924
vt 0.643658 0.121271
f 531/3064/531 57/3065/57 230/3066/230
vt 0.517565 0.293684
vt 0.510910 0.308805
vt 0.518273 0.263467
f 532/3067/532 63/3068/63 442/3069/442
vt 0.517565 0.293684
vt 0.518181 0.322372
vt 0.512841 0.321767
f 532/3070/532 64/3071/64 263/3072/263
vt 0.516264 0.287434
vt 0.518565 0.310730
vt 0.524090 0.269763
f 533/3073/533 65/3074/65 268/3075/268
vt 0.516264 0.287434
vt 0.509444 0.311221
vt 0.513024 0.315938
f 533/3076/533 66/3077/66 267/3078/267
vt 0.516264 0.287434
vt 0.524090 0.269763
vt 0.516350 0.260439
f 533/3079/533 268/3080/268 417/3081/417
vt 0.509577 0.227414
vt 0.507324 0.142864
vt 0.508009 0.153880
f 534/3082/534 44/3083/44 220/3084/220
vt 0.509577 0.227414
vt 0.510879 0.140563
vt 0.509347 0.264101
f 534/3085/534 51/3086/51 418/3087/418
vt 0.533777 0.268344
vt 0.548525 0.284752
vt 0.556052 0.238981
f 535/3088/535 91/3089/91 338/3090/338
vt 0.533777 0.268344
vt 0.524090 0.269763
vt 0.528671 0.300667
f 535/3091/535 268/3092/268 271/3093/271
vt 0.662503 0.277884
vt 0.630034 0.288575
vt 0.633233 0.243341
f 536/3094/536 93/3095/93 340/3096/340
vt 0.779630 0.328799
vt 0.767290 0.334367
vt 0.759402 0.281655
f 537/3097/537 71/3098/71 292/3099/292
vt 0.779630 0.328799
vt 0.785518 0.333647
vt 0.778569 0.363894
f 537/3100/537 258/3101/258 273/3102/273
vt 0.692132 0.279071
vt 0.708732 0.307885
vt 0.693930 0.251545
f 538/3103/538 73/3104/73 290/3105/290
vt 0.698253 0.334112
vt 0.699475 0.338867
vt 0.703460 0.331820
f 539/3106/539 69/3107/69 411/3108/411
vt 0.698253 0.334112
vt 0.689265 0.330174
vt 0.693449 0.342015
f 539/3109/539 70/3110/70 277/3111/277
vt 0.678355 0.337419
vt 0.679487 0.326662
vt 0.670698 0.333304
f 540/3112/540 274/3113/274 278/3114/278
vt 0.678355 0.337419
vt 0.670698 0.333304
vt 0.683221 0.340651
f 540/3115/540 278/3116/278 407/3117/407
vt 0.645903 0.310473
vt 0.620341 0.288536
vt 0.625217 0.296590
f 541/3118/541 92/3119/92 336/3120/336
vt 0.645903 0.310473
vt 0.656183 0.309815
vt 0.652108 0.316093
f 541/3121/541 275/3122/275 408/3123/408
vt 0.678156 0.291625
vt 0.668360 0.317620
vt 0.679487 0.326662
f 542/3124/542 67/3125/67 274/3126/274
vt 0.678156 0.291625
vt 0.689265 0.330174
vt 0.683347 0.274361
f 542/3127/542 70/3128/70 280/3129/280
vt 0.693424 0.304454
vt 0.675080 0.333556
vt 0.680960 0.279995
f 543/3130/543 68/3131/68 281/3132/281
vt 0.693424 0.304454
vt 0.699475 0.338867
vt 0.689272 0.337905
f 543/3133/543 69/3134/69 272/3135/272
vt 0.693424 0.304454
vt 0.680960 0.279995
vt 0.702962 0.287565
f 543/3136/543 281/3137/281 282/3138/282
vt 0.750260 0.328933
vt 0.767290 0.334367
vt 0.762581 0.338589
f 544/3139/544 71/3140/71 288/3141/288
vt 0.750260 0.328933
vt 0.753750 0.323567
vt 0.739365 0.322583
f 544/3142/544 74/3143/74 415/3144/415
vt 0.772718 0.360263
vt 0.753750 0.323567
vt 0.762581 0.338589
f 545/3145/545 74/3146/74 288/3147/288
vt 0.772718 0.360263
vt 0.778569 0.363894
vt 0.773186 0.367037
f 545/3148/545 273/3149/273 412/3150/412
vt 0.758788 0.304355
vt 0.753750 0.323567
vt 0.769493 0.351163
f 546/3151/546 74/3152/74 286/3153/286
vt 0.758788 0.304355
vt 0.766070 0.309163
vt 0.729533 0.259903
f 546/3154/546 256/3155/256 289/3156/289
vt 0.715012 0.263146
vt 0.708732 0.307885
vt 0.727556 0.303328
f 547/3157/547 73/3158/73 285/3159/285
vt 0.715012 0.263146
vt 0.727556 0.303328
vt 0.729533 0.259903
f 547/3160/547 285/3161/285 289/3162/289
vt 0.715012 0.263146
vt 0.729533 0.259903
vt 0.693930 0.251545
f 547/3163/547 289/3164/289 290/3165/290
vt 0.712715 0.293875
vt 0.727254 0.319022
vt 0.711387 0.327923
f 548/3166/548 72/3167/72 284/3168/284
vt 0.712715 0.293875
vt 0.702962 0.287565
vt 0.721658 0.266549
f 548/3169/548 282/3170/282 291/3171/291
vt 0.743219 0.282312
vt 0.727254 0.319022
vt 0.721658 0.266549
f 549/3172/549 72/3173/72 291/3174/291
vt 0.743219 0.282312
vt 0.721658 0.266549
vt 0.759402 0.281655
f 549/3175/549 291/3176/291 292/3177/292
vt 0.127174 0.406433
vt 0.134855 0.452365
vt 0.139417 0.347158
f 550/3178/550 75/3179/75 398/3180/398
vt 0.127174 0.406433
vt 0.124106 0.447084
vt 0.130298 0.460846
f 550/3181/550 77/3182/77 296/3183/296
vt 0.119691 0.433681
vt 0.124106 0.447084
vt 0.122201 0.373853
f 551/3184/551 77/3185/77 399/3186/399
vt 0.119691 0.433681
vt 0.129842 0.474659
vt 0.128489 0.474698
f 551/3187/551 78/3188/78 298/3189/298
vt 0.124020 0.435185
vt 0.134189 0.459744
vt 0.133177 0.474706
f 552/3190/552 76/3191/76 299/3192/299
vt 0.124020 0.435185
vt 0.129842 0.474659
vt 0.119632 0.416062
f 552/3193/552 78/3194/78 297/3195/297
vt 0.124020 0.435185
vt 0.119632 0.416062
vt 0.126028 0.384666
f 552/3196/552 297/3197/297 401/3198/401
vt 0.503354 0.422651
vt 0.505388 0.444498
vt 0.502794 0.446400
f 553/3199/553 79/3200/79 301/3201/301
vt 0.503354 0.422651
vt 0.498596 0.438748
vt 0.497961 0.395240
f 553/3202/553 89/3203/89 329/3204/329
vt 0.507465 0.419012
vt 0.505388 0.444498
vt 0.506826 0.407830
f 554/3205/554 79/3206/79 300/3207/300
vt 0.507465 0.419012
vt 0.505381 0.428357
vt 0.506175 0.443209
f 554/3208/554 80/3209/80 303/3210/303
vt 0.507465 0.419012
vt 0.506826 0.407830
vt 0.507126 0.378537
f 554/3211/554 300/3212/300 395/3213/395
vt 0.362773 0.249320
vt 0.387840 0.276281
vt 0.405352 0.217483
f 555/3214/555 103/3215/103 366/3216/366
vt 0.315263 0.333944
vt 0.318474 0.318695
vt 0.306751 0.333496
f 556/3217/556 323/3218/323 324/3219/324
vt 0.315263 0.333944
vt 0.306751 0.333496
vt 0.316086 0.337564
f 556/3220/556 324/3221/324 402/3222/402
vt 0.446239 0.319280
vt 0.470610 0.338897
vt 0.437777 0.291650
f 557/3223/557 104/3224/104 362/3225/362
vt 0.446239 0.319280
vt 0.469815 0.362256
vt 0.470944 0.358334
f 557/3226/557 105/3227/105 369/3228/369
vt 0.446239 0.319280
vt 0.437777 0.291650
vt 0.430669 0.309762
f 557/3229/557 362/3230/362 420/3231/420
vt 0.239958 0.261946
vt 0.239463 0.285094
vt 0.270164 0.225970
f 558/3232/558 95/3233/95 348/3234/348
vt 0.144643 0.362629
vt 0.147412 0.379595
vt 0.170851 0.301489
f 559/3235/559 99/3236/99 356/3237/356
vt 0.144643 0.362629
vt 0.149368 0.334513
vt 0.138226 0.416664
f 559/3238/559 293/3239/293 304/3240/304
vt 0.358113 0.200137
vt 0.358255 0.140666
vt 0.329963 0.241829
f 560/3241/560 45/3242/45 313/3243/313
vt 0.358113 0.200137
vt 0.477223 0.145001
vt 0.421409 0.134655
f 560/3244/560 50/3245/50 234/3246/234
vt 0.318291 0.204642
vt 0.300817 0.141958
vt 0.376786 0.123061
f 561/3247/561 52/3248/52 241/3249/241
vt 0.318291 0.204642
vt 0.481126 0.127265
vt 0.325863 0.240770
f 561/3250/561 53/3251/53 314/3252/314
vt 0.318291 0.204642
vt 0.325863 0.240770
vt 0.292011 0.258702
f 561/3253/561 314/3254/314 316/3255/316
vt 0.192027 0.328805
vt 0.201734 0.350901
vt 0.195679 0.361494
f 562/3256/562 82/3257/82 306/3258/306
vt 0.192027 0.328805
vt 0.195679 0.361494
vt 0.187901 0.315761
f 562/3259/562 306/3260/306 321/3261/321
vt 0.289409 0.297945
vt 0.318176 0.329590
vt 0.306955 0.336033
f 563/3262/563 81/3263/81 305/3264/305
vt 0.289409 0.297945
vt 0.299828 0.333823
vt 0.277987 0.275780
f 563/3265/563 87/3266/87 326/3267/326
vt 0.153375 0.384591
vt 0.147412 0.379595
vt 0.144092 0.405515
f 564/3268/564 99/3269/99 357/3270/357
vt 0.153375 0.384591
vt 0.142581 0.413452
vt 0.157426 0.383266
f 564/3271/564 102/3272/102 426/3273/426
vt 0.217430 0.292853
vt 0.210484 0.333777
vt 0.233422 0.264767
f 565/3274/565 83/3275/83 312/3276/312
vt 0.217430 0.292853
vt 0.199444 0.339038
vt 0.205406 0.338205
f 565/3277/565 85/3278/85 317/3279/317
vt 0.217430 0.292853
vt 0.233422 0.264767
vt 0.218828 0.276361
f 565/3280/565 312/3281/312 320/3282/320
vt 0.179325 0.332112
vt 0.190741 0.369050
vt 0.179456 0.367283
f 566/3283/566 86/3284/86 318/3285/318
vt 0.179325 0.332112
vt 0.168522 0.367898
vt 0.171831 0.317111
f 566/3286/566 101/3287/101 360/3288/360
vt 0.296116 0.326241
vt 0.299828 0.333823
vt 0.306751 0.333496
f 567/3289/567 87/3290/87 324/3291/324
vt 0.296116 0.326241
vt 0.308715 0.315003
vt 0.294124 0.314794
f 567/3292/567 88/3293/88 422/3294/422
vt 0.318096 0.276649
vt 0.328341 0.316131
vt 0.329963 0.241829
f 568/3295/568 84/3296/84 313/3297/313
vt 0.318096 0.276649
vt 0.308715 0.315003
vt 0.318474 0.318695
f 568/3298/568 88/3299/88 323/3300/323
vt 0.318096 0.276649
vt 0.329963 0.241829
vt 0.313883 0.253725
f 568/3301/568 313/3302/313 325/3303/325
vt 0.272669 0.277547
vt 0.269597 0.297728
vt 0.261592 0.247550
f 569/3304/569 97/3305/97 350/3306/350
vt 0.489516 0.376672
vt 0.469815 0.362256
vt 0.465399 0.274760
f 570/3307/570 105/3308/105 370/3309/370
vt 0.501595 0.407203
vt 0.505381 0.428357
vt 0.504133 0.372110
f 571/3310/571 80/3311/80 302/3312/302
vt 0.501595 0.407203
vt 0.498158 0.433959
vt 0.502652 0.436883
f 571/3313/571 90/3314/90 328/3315/328
vt 0.501595 0.407203
vt 0.504133 0.372110
vt 0.496268 0.377801
f 571/3316/571 302/3317/302 330/3318/330
vt 0.501595 0.448129
vt 0.502794 0.446400
vt 0.502873 0.446829
f 572/3319/572 301/3320/301 396/3321/396
vt 0.574777 0.285154
vt 0.548525 0.284752
vt 0.553265 0.290229
f 573/3322/573 91/3323/91 337/3324/337
vt 0.574777 0.285154
vt 0.561095 0.284421
vt 0.588169 0.286999
f 573/3325/573 94/3326/94 410/3327/410
vt 0.524257 0.314612
vt 0.518181 0.322372
vt 0.529749 0.309815
f 574/3328/574 64/3329/64 409/3330/409
vt 0.524257 0.314612
vt 0.518565 0.310730
vt 0.517109 0.323094
f 574/3331/574 65/3332/65 265/3333/265
vt 0.584729 0.244834
vt 0.582015 0.275856
vt 0.615066 0.239676
f 575/3334/575 332/3335/332 339/3336/339
vt 0.584729 0.244834
vt 0.615066 0.239676
vt 0.556052 0.238981
f 575/3337/575 339/3338/339 338/3339/338
vt 0.645760 0.268808
vt 0.620341 0.288536
vt 0.650907 0.304989
f 576/3340/576 92/3341/92 333/3342/333
vt 0.645760 0.268808
vt 0.662977 0.269351
vt 0.615066 0.239676
f 576/3343/576 279/3344/279 339/3345/339
vt 0.597855 0.246702
vt 0.630034 0.288575
vt 0.596756 0.280925
f 577/3346/577 93/3347/93 334/3348/334
vt 0.597855 0.246702
vt 0.596756 0.280925
vt 0.564809 0.239105
f 577/3349/577 334/3350/334 341/3351/341
vt 0.597855 0.246702
vt 0.564809 0.239105
vt 0.633233 0.243341
f 577/3352/577 341/3353/341 340/3354/340
vt 0.537325 0.272969
vt 0.561095 0.284421
vt 0.533574 0.302582
f 578/3355/578 94/3356/94 335/3357/335
vt 0.537325 0.272969
vt 0.526472 0.274983
vt 0.564809 0.239105
f 578/3358/578 266/3359/266 341/3360/341
vt 0.266641 0.285303
vt 0.287575 0.272701
vt 0.268516 0.269168
f 579/3361/579 96/3362/96 342/3363/342
vt 0.266641 0.285303
vt 0.269597 0.297728
vt 0.280349 0.291456
f 579/3364/579 97/3365/97 346/3366/346
vt 0.266641 0.285303
vt 0.268516 0.269168
vt 0.254110 0.290494
f 579/3367/579 342/3368/342 423/3369/423
vt 0.213363 0.332562
vt 0.201734 0.350901
vt 0.214378 0.327970
f 580/3370/580 82/3371/82 424/3372/424
vt 0.213363 0.332562
vt 0.210484 0.333777
vt 0.206078 0.350980
f 580/3373/580 83/3374/83 309/3375/309
vt 0.283345 0.231115
vt 0.268516 0.269168
vt 0.304709 0.223508
f 581/3376/581 342/3377/342 349/3378/349
vt 0.283345 0.231115
vt 0.304709 0.223508
vt 0.270164 0.225970
f 581/3379/581 349/3380/349 348/3381/348
vt 0.306500 0.254284
vt 0.287575 0.272701
vt 0.299783 0.292781
f 582/3382/582 96/3383/96 343/3384/343
vt 0.306500 0.254284
vt 0.313883 0.253725
vt 0.304709 0.223508
f 582/3385/582 325/3386/325 349/3387/349
vt 0.243452 0.259128
vt 0.241921 0.292826
vt 0.226460 0.257986
f 583/3388/583 344/3389/344 351/3390/351
vt 0.243452 0.259128
vt 0.226460 0.257986
vt 0.261592 0.247550
f 583/3391/583 351/3392/351 350/3393/350
vt 0.206817 0.296803
vt 0.222224 0.301776
vt 0.208103 0.328132
f 584/3394/584 98/3395/98 345/3396/345
vt 0.206817 0.296803
vt 0.199267 0.301802
vt 0.226460 0.257986
f 584/3397/584 315/3398/315 351/3399/351
vt 0.180380 0.300470
vt 0.176956 0.349789
vt 0.204844 0.271924
f 585/3400/585 100/3401/100 361/3402/361
vt 0.139097 0.427616
vt 0.142581 0.413452
vt 0.144092 0.405515
f 586/3403/586 102/3404/102 357/3405/357
vt 0.139097 0.427616
vt 0.138226 0.416664
vt 0.138164 0.443685
f 586/3406/586 304/3407/304 425/3408/425
vt 0.133281 0.402353
vt 0.134189 0.459744
vt 0.130875 0.379150
f 587/3409/587 76/3410/76 238/3411/238
vt 0.133281 0.402353
vt 0.142581 0.413452
vt 0.136789 0.444780
f 587/3412/587 102/3413/102 355/3414/355
vt 0.133281 0.402353
vt 0.130875 0.379150
vt 0.144747 0.351015
f 587/3415/587 238/3416/238 358/3417/358
vt 0.179703 0.369624
vt 0.179456 0.367283
vt 0.184755 0.364806
f 588/3418/588 318/3419/318 427/3420/427
vt 0.155661 0.346403
vt 0.168522 0.367898
vt 0.155640 0.384212
f 589/3421/589 101/3422/101 354/3423/354
vt 0.155661 0.346403
vt 0.155640 0.384212
vt 0.144747 0.351015
f 589/3424/589 354/3425/354 358/3426/358
vt 0.155661 0.346403
vt 0.144747 0.351015
vt 0.171831 0.317111
f 589/3427/589 358/3428/358 360/3429/360
vt 0.204834 0.292585
vt 0.199444 0.339038
vt 0.218828 0.276361
f 590/3430/590 85/3431/85 320/3432/320
vt 0.204834 0.292585
vt 0.176956 0.349789
vt 0.191328 0.341119
f 590/3433/590 100/3434/100 353/3435/353
vt 0.204834 0.292585
vt 0.218828 0.276361
vt 0.204844 0.271924
f 590/3436/590 320/3437/320 361/3438/361
vt 0.438347 0.240671
vt 0.387840 0.276281
vt 0.437777 0.291650
f 591/3439/591 103/3440/103 362/3441/362
vt 0.438347 0.240671
vt 0.437777 0.291650
vt 0.469096 0.269162
f 591/3442/591 362/3443/362 371/3444/371
vt 0.338393 0.318898
vt 0.318176 0.329590
vt 0.343758 0.312447
f 592/3445/592 81/3446/81 419/3447/419
vt 0.338393 0.318898
vt 0.328341 0.316131
vt 0.325625 0.334596
f 592/3448/592 84/3449/84 310/3450/310
vt 0.339352 0.259250
vt 0.374856 0.279755
vt 0.339023 0.304696
f 593/3451/593 106/3452/106 365/3453/365
vt 0.339352 0.259250
vt 0.325863 0.240770
vt 0.384490 0.216391
f 593/3454/593 314/3455/314 368/3456/368
vt 0.494477 0.432278
vt 0.498596 0.438748
vt 0.498566 0.443270
f 594/3457/594 89/3458/89 331/3459/331
vt 0.494477 0.432278
vt 0.498158 0.433959
vt 0.491166 0.418310
f 594/3460/594 90/3461/90 421/3462/421
vt 0.425665 0.242342
vt 0.374856 0.279755
vt 0.384490 0.216391
f 595/3463/595 106/3464/106 368/3465/368
vt 0.425665 0.242342
vt 0.384490 0.216391
vt 0.465399 0.274760
f 595/3466/595 368/3467/368 370/3468/370
vt 0.488720 0.358146
vt 0.470610 0.338897
vt 0.489513 0.397798
f 596/3469/596 104/3470/104 363/3471/363
vt 0.488720 0.358146
vt 0.496268 0.377801
vt 0.469096 0.269162
f 596/3472/596 330/3473/330 371/3474/371
vt 0.699302 0.286380
vt 0.654742 0.288244
vt 0.690080 0.362158
f 597/3475/597 112/3476/112 380/3477/380
vt 0.699302 0.286380
vt 0.687754 0.286608
vt 0.696497 0.212875
f 597/3478/597 373/3479/373 385/3480/385
vt 0.607207 0.461271
vt 0.626016 0.425756
vt 0.616227 0.432826
f 598/3481/598 20/3482/20 199/3483/199
vt 0.607207 0.461271
vt 0.616227 0.432826
vt 0.609793 0.475777
f 598/3484/598 199/3485/199 374/3486/374
vt 0.672192 0.302713
vt 0.645242 0.422782
vt 0.646961 0.373889
f 599/3487/599 107/3488/107 377/3489/377
vt 0.672192 0.302713
vt 0.654580 0.323677
vt 0.667177 0.241893
f 599/3490/599 108/3491/108 375/3492/375
vt 0.653492 0.322388
vt 0.654580 0.323677
vt 0.629666 0.383082
f 600/3493/600 108/3494/108 160/3495/160
vt 0.653492 0.322388
vt 0.672496 0.328043
vt 0.667412 0.255013
f 600/3496/600 159/3497/159 378/3498/378
vt 0.567131 0.058653
vt 0.622743 0.132176
vt 0.462787 0.048784
f 601/3499/601 27/3500/27 204/3501/204
vt 0.567131 0.058653
vt 0.462787 0.048784
vt 0.549184 0.035360
f 601/3502/601 204/3503/204 379/3504/379
vt 0.396694 0.474258
vt 0.412942 0.461552
vt 0.393167 0.458177
f 602/3505/602 114/3506/114 389/3507/389
vt 0.396694 0.474258
vt 0.397400 0.485597
vt 0.406748 0.479315
f 602/3508/602 116/3509/116 656/3510/656
vt 0.396694 0.474258
vt 0.393167 0.458177
vt 0.383751 0.474714
f 602/3511/602 389/3512/389 391/3513/391
vt 0.694281 0.178691
vt 0.624509 0.107683
vt 0.648179 0.180100
f 603/3514/603 109/3515/109 383/3516/383
vt 0.694281 0.178691
vt 0.648179 0.180100
vt 0.696497 0.212875
f 603/3517/603 383/3518/383 385/3519/385
vt 0.434066 0.466155
vt 0.421885 0.480338
vt 0.452381 0.468049
f 604/3520/604 113/3521/113 388/3522/388
vt 0.434066 0.466155
vt 0.412942 0.461552
vt 0.417227 0.473930
f 604/3523/604 114/3524/114 387/3525/387
vt 0.434066 0.466155
vt 0.452381 0.468049
vt 0.450819 0.446578
f 604/3526/604 388/3527/388 443/3528/443
vt 0.405565 0.435388
vt 0.412942 0.461552
vt 0.439699 0.421936
f 605/3529/605 114/3530/114 390/3531/390
vt 0.405565 0.435388
vt 0.372430 0.449471
vt 0.393167 0.458177
f 605/3532/605 115/3533/115 389/3534/389
vt 0.405565 0.435388
vt 0.439699 0.421936
vt 0.399502 0.398746
f 605/3535/605 390/3536/390 444/3537/444
vt 0.338817 0.319070
vt -0.109686 0.500000
vt 0.365356 0.439063
f 606/3538/606 26/3539/26 445/3540/445
vt 0.412755 0.488275
vt 0.421885 0.480338
vt 0.409011 0.486769
f 607/3541/607 113/3542/113 393/3543/393
vt 0.412755 0.488275
vt 0.397400 0.485597
vt 0.399706 0.486595
f 607/3544/607 116/3545/116 394/3546/394
vt 0.412755 0.488275
vt 0.399706 0.486595
vt 0.433586 0.480229
f 607/3547/607 394/3548/394 446/3549/446
vt 0.505336 0.302660
vt 0.477223 0.145001
vt 0.504133 0.372110
f 608/3550/608 50/3551/50 302/3552/302
vt 0.505336 0.302660
vt 0.481126 0.127265
vt 0.497755 0.150767
f 608/3553/608 53/3554/53 239/3555/239
vt 0.505336 0.302660
vt 0.504133 0.372110
vt 0.507126 0.378537
f 608/3556/608 302/3557/302 395/3558/395
vt 0.504024 0.445825
vt 0.506175 0.443209
vt 0.502652 0.436883
f 609/3559/609 303/3560/303 328/3561/328
vt 0.504024 0.445825
vt 0.502652 0.436883
vt 0.502873 0.446829
f 609/3562/609 328/3563/328 396/3564/396
vt 0.501746 0.127158
vt 0.507324 0.142864
vt 0.495666 0.126827
f 610/3565/610 44/3566/44 225/3567/225
vt 0.501746 0.127158
vt 0.510879 0.140563
vt 0.508009 0.153880
f 610/3568/610 51/3569/51 220/3570/220
vt 0.501746 0.127158
vt 0.495666 0.126827
vt 0.498901 0.122669
f 610/3571/610 225/3572/225 397/3573/397
vt 0.177147 0.266810
vt 0.358255 0.140666
vt 0.350374 0.127024
f 611/3574/611 45/3575/45 224/3576/224
vt 0.177147 0.266810
vt 0.375215 0.111422
vt 0.139417 0.347158
f 611/3577/611 49/3578/49 398/3579/398
vt 0.156159 0.277724
vt 0.375215 0.111422
vt 0.344191 0.112741
f 612/3580/612 49/3581/49 248/3582/248
vt 0.156159 0.277724
vt 0.346410 0.105406
vt 0.122201 0.373853
f 612/3583/612 58/3584/58 399/3585/399
vt 0.132758 0.478410
vt 0.134855 0.452365
vt 0.130298 0.460846
f 613/3586/613 75/3587/75 296/3588/296
vt 0.132758 0.478410
vt 0.129842 0.474659
vt 0.134594 0.478290
f 613/3589/613 78/3590/78 400/3591/400
vt 0.132758 0.478410
vt 0.130298 0.460846
vt 0.128489 0.474698
f 613/3592/613 296/3593/296 298/3594/298
vt 0.143096 0.314037
vt 0.300817 0.141958
vt 0.130875 0.379150
f 614/3595/614 52/3596/52 238/3597/238
vt 0.143096 0.314037
vt 0.346410 0.105406
vt 0.282953 0.139579
f 614/3598/614 58/3599/58 250/3600/250
vt 0.143096 0.314037
vt 0.130875 0.379150
vt 0.126028 0.384666
f 614/3601/614 238/3602/238 401/3603/401
vt 0.316959 0.341219
vt 0.306955 0.336033
vt 0.325625 0.334596
f 615/3604/615 305/3605/305 310/3606/310
vt 0.316959 0.341219
vt 0.325625 0.334596
vt 0.316086 0.337564
f 615/3607/615 310/3608/310 402/3609/402
vt 0.200491 0.357142
vt 0.205406 0.338205
vt 0.195279 0.362120
f 616/3610/616 317/3611/317 319/3612/319
vt 0.200491 0.357142
vt 0.195279 0.362120
vt 0.200742 0.359637
f 616/3613/616 319/3614/319 403/3615/403
vt 0.750566 0.242002
vt 0.580886 0.147180
vt 0.771202 0.299041
f 617/3616/617 43/3617/43 404/3618/404
vt 0.750566 0.242002
vt 0.639377 0.127333
vt 0.622012 0.132526
f 617/3619/617 47/3620/47 254/3621/254
vt 0.489727 0.105283
vt 0.508474 0.092257
vt 0.477701 0.094558
f 618/3622/618 42/3623/42 232/3624/232
vt 0.489727 0.105283
vt 0.477701 0.094558
vt 0.483840 0.112900
f 618/3625/618 232/3626/232 405/3627/405
vt 0.513232 0.324711
vt 0.517109 0.323094
vt 0.513024 0.315938
f 619/3628/619 265/3629/265 267/3630/267
vt 0.513232 0.324711
vt 0.513024 0.315938
vt 0.512014 0.325838
f 619/3631/619 267/3632/267 406/3633/406
vt 0.688107 0.344070
vt 0.689272 0.337905
vt 0.693449 0.342015
f 620/3634/620 272/3635/272 277/3636/277
vt 0.688107 0.344070
vt 0.693449 0.342015
vt 0.683221 0.340651
f 620/3637/620 277/3638/277 407/3639/407
vt 0.658142 0.321496
vt 0.668360 0.317620
vt 0.650907 0.304989
f 621/3640/621 67/3641/67 333/3642/333
vt 0.658142 0.321496
vt 0.675080 0.333556
vt 0.670698 0.333304
f 621/3643/621 68/3644/68 278/3645/278
vt 0.658142 0.321496
vt 0.650907 0.304989
vt 0.652108 0.316093
f 621/3646/621 333/3647/333 408/3648/408
vt 0.536488 0.303800
vt 0.548525 0.284752
vt 0.529749 0.309815
f 622/3649/622 91/3650/91 409/3651/409
vt 0.536488 0.303800
vt 0.533574 0.302582
vt 0.553265 0.290229
f 622/3652/622 335/3653/335 337/3654/337
vt 0.602167 0.289732
vt 0.620341 0.288536
vt 0.588169 0.286999
f 623/3655/623 92/3656/92 410/3657/410
vt 0.602167 0.289732
vt 0.630034 0.288575
vt 0.625217 0.296590
f 623/3658/623 93/3659/93 336/3660/336
vt 0.709773 0.329684
vt 0.708732 0.307885
vt 0.703460 0.331820
f 624/3661/624 73/3662/73 411/3663/411
vt 0.709773 0.329684
vt 0.711387 0.327923
vt 0.717513 0.319958
f 624/3664/624 284/3665/284 287/3666/287
vt 0.774198 0.373530
vt 0.777854 0.376870
vt 0.769493 0.351163
f 625/3667/625 61/3668/61 286/3669/286
vt 0.774198 0.373530
vt 0.782098 0.387045
vt 0.779149 0.390043
f 625/3670/625 62/3671/62 259/3672/259
vt 0.774198 0.373530
vt 0.769493 0.351163
vt 0.773186 0.367037
f 625/3673/625 286/3674/286 412/3675/412
vt 0.781235 0.269742
vt 0.599726 0.132799
vt 0.668887 0.141759
f 626/3676/626 54/3677/54 244/3678/244
vt 0.781235 0.269742
vt 0.668896 0.133141
vt 0.796396 0.302704
f 626/3679/626 55/3680/55 243/3681/243
vt 0.781235 0.269742
vt 0.796396 0.302704
vt 0.792578 0.324567
f 626/3682/626 243/3683/243 413/3684/413
vt 0.784350 0.394737
vt 0.789352 0.389020
vt 0.781924 0.380186
f 627/3685/627 255/3686/255 257/3687/257
vt 0.784350 0.394737
vt 0.781924 0.380186
vt 0.783947 0.396298
f 627/3688/627 257/3689/257 414/3690/414
vt 0.728487 0.317048
vt 0.727254 0.319022
vt 0.739365 0.322583
f 628/3691/628 72/3692/72 415/3693/415
vt 0.728487 0.317048
vt 0.708732 0.307885
vt 0.717513 0.319958
f 628/3694/628 73/3695/73 287/3696/287
vt 0.794360 0.349974
vt 0.786779 0.365684
vt 0.789352 0.389020
f 629/3697/629 59/3698/59 255/3699/255
vt 0.794360 0.349974
vt 0.794136 0.391487
vt 0.794468 0.312773
f 629/3700/629 60/3701/60 416/3702/416
vt 0.515732 0.225498
vt 0.580886 0.147180
vt 0.522652 0.151372
f 630/3703/630 43/3704/43 226/3705/226
vt 0.515732 0.225498
vt 0.507324 0.142864
vt 0.510525 0.246296
f 630/3706/630 44/3707/44 270/3708/270
vt 0.515732 0.225498
vt 0.510525 0.246296
vt 0.516350 0.260439
f 630/3709/630 270/3710/270 417/3711/417
vt 0.508970 0.292096
vt 0.510910 0.308805
vt 0.509005 0.319102
f 631/3712/631 63/3713/63 269/3714/269
vt 0.508970 0.292096
vt 0.509444 0.311221
vt 0.509347 0.264101
f 631/3715/631 66/3716/66 418/3717/418
vt 0.350574 0.304840
vt 0.387840 0.276281
vt 0.343758 0.312447
f 632/3718/632 103/3719/103 419/3720/419
vt 0.350574 0.304840
vt 0.374856 0.279755
vt 0.379754 0.288783
f 632/3721/632 106/3722/106 367/3723/367
vt 0.412763 0.300503
vt 0.387840 0.276281
vt 0.379754 0.288783
f 633/3724/633 103/3725/103 367/3726/367
vt 0.412763 0.300503
vt 0.421185 0.297707
vt 0.430669 0.309762
f 633/3727/633 364/3728/364 420/3729/420
vt 0.486663 0.399395
vt 0.469815 0.362256
vt 0.491166 0.418310
f 634/3730/634 105/3731/105 421/3732/421
vt 0.486663 0.399395
vt 0.489513 0.397798
vt 0.470944 0.358334
f 634/3733/634 363/3734/363 369/3735/369
vt 0.292681 0.302837
vt 0.269597 0.297728
vt 0.294124 0.314794
f 635/3736/635 97/3737/97 422/3738/422
vt 0.292681 0.302837
vt 0.299783 0.292781
vt 0.280349 0.291456
f 635/3739/635 343/3740/343 346/3741/346
vt 0.241855 0.296615
vt 0.239463 0.285094
vt 0.228262 0.302935
f 636/3742/636 95/3743/95 347/3744/347
vt 0.241855 0.296615
vt 0.222224 0.301776
vt 0.241921 0.292826
f 636/3745/636 98/3746/98 344/3747/344
vt 0.241855 0.296615
vt 0.241921 0.292826
vt 0.254110 0.290494
f 636/3748/636 344/3749/344 423/3750/423
vt 0.215510 0.322950
vt 0.239463 0.285094
vt 0.214378 0.327970
f 637/3751/637 95/3752/95 424/3753/424
vt 0.215510 0.322950
vt 0.208103 0.328132
vt 0.228262 0.302935
f 637/3754/637 345/3755/345 347/3756/347
vt 0.138154 0.456879
vt 0.134855 0.452365
vt 0.137496 0.469449
f 638/3757/638 75/3758/75 294/3759/294
vt 0.138154 0.456879
vt 0.134189 0.459744
vt 0.136789 0.444780
f 638/3760/638 76/3761/76 355/3762/355
vt 0.138154 0.456879
vt 0.136789 0.444780
vt 0.138164 0.443685
f 638/3763/638 355/3764/355 425/3765/425
vt 0.161425 0.382164
vt 0.155640 0.384212
vt 0.171982 0.370064
f 639/3766/639 354/3767/354 359/3768/359
vt 0.161425 0.382164
vt 0.171982 0.370064
vt 0.157426 0.383266
f 639/3769/639 359/3770/359 426/3771/426
vt 0.189829 0.360308
vt 0.199444 0.339038
vt 0.191328 0.341119
f 640/3772/640 85/3773/85 353/3774/353
vt 0.189829 0.360308
vt 0.190741 0.369050
vt 0.195279 0.362120
f 640/3775/640 86/3776/86 319/3777/319
vt 0.189829 0.360308
vt 0.191328 0.341119
vt 0.184755 0.364806
f 640/3778/640 353/3779/353 427/3780/427
vt 0.711204 0.129167
vt 0.651275 0.093769
vt 0.649653 0.098938
f 641/3781/641 37/3782/37 213/3783/213
vt 0.711204 0.129167
vt 0.649653 0.098938
vt 0.748785 0.160622
f 641/3784/641 213/3785/213 428/3786/428
vt 0.664280 0.454158
vt 0.645242 0.422782
vt 0.677211 0.424889
f 642/3787/642 107/3788/107 372/3789/372
vt 0.664280 0.454158
vt 0.635966 0.500000
vt 0.638460 0.468176
f 642/3790/642 110/3791/110 429/3792/429
vt 0.664280 0.454158
vt 0.677211 0.424889
vt 0.682432 0.469707
f 642/3793/642 372/3794/372 384/3795/384
vt 0.591312 0.113253
vt 0.480615 0.094277
vt 0.591754 0.124548
f 643/3796/643 28/3797/28 161/3798/161
vt 0.591312 0.113253
vt 0.591754 0.124548
vt 0.653338 0.138050
f 643/3799/643 161/3800/161 209/3801/209
vt 0.591312 0.113253
vt 0.653338 0.138050
vt 0.552103 0.094686
f 643/3802/643 209/3803/209 430/3804/430
vt 0.370537 0.098232
vt 0.501479 0.083344
vt 0.330058 0.107375
f 644/3805/644 41/3806/41 431/3807/431
vt 0.370537 0.098232
vt 0.313526 0.120692
vt 0.477300 0.085428
f 644/3808/644 163/3809/163 212/3810/212
vt 0.723579 0.161547
vt 0.604069 0.099793
vt 0.740645 0.188152
f 645/3811/645 38/3812/38 432/3813/432
vt 0.723579 0.161547
vt 0.761841 0.195431
vt 0.642818 0.108306
f 645/3814/645 195/3815/195 215/3816/215
vt 0.346703 0.097802
vt 0.301127 0.113375
vt 0.346564 0.103363
f 646/3817/646 39/3818/39 223/3819/223
vt 0.346703 0.097802
vt 0.394151 0.078772
vt 0.334603 0.094696
f 646/3820/646 48/3821/48 231/3822/231
vt 0.346703 0.097802
vt 0.346564 0.103363
vt 0.371863 0.092182
f 646/3823/646 223/3824/223 433/3825/433
vt 0.534016 0.072042
vt 0.511301 0.071960
vt 0.541811 0.075722
f 647/3826/647 201/3827/201 434/3828/434
vt 0.486428 0.082147
vt 0.515837 0.078721
vt 0.478566 0.078542
f 648/3829/648 56/3830/56 252/3831/252
vt 0.486428 0.082147
vt 0.478566 0.078542
vt 0.474580 0.085233
f 648/3832/648 252/3833/252 435/3834/435
vt 0.443097 0.085732
vt 0.501479 0.083344
vt 0.491138 0.093925
f 649/3835/649 41/3836/41 236/3837/236
vt 0.443097 0.085732
vt 0.491138 0.093925
vt 0.413665 0.091370
f 649/3838/649 236/3839/236 436/3840/436
vt 0.609012 0.097879
vt 0.646832 0.103465
vt 0.609785 0.098128
f 650/3841/650 40/3842/40 221/3843/221
vt 0.609012 0.097879
vt 0.609785 0.098128
vt 0.597182 0.099556
f 650/3844/650 221/3845/221 437/3846/437
vt 0.560070 0.095251
vt 0.604069 0.099793
vt 0.574421 0.100452
f 651/3847/651 38/3848/38 242/3849/242
vt 0.560070 0.095251
vt 0.574421 0.100452
vt 0.545517 0.098384
f 651/3850/651 242/3851/242 438/3852/438
vt 0.588982 0.085583
vt 0.574834 0.077466
vt 0.568222 0.082105
f 652/3853/652 46/3854/46 247/3855/247
vt 0.588982 0.085583
vt 0.568222 0.082105
vt 0.593528 0.090175
f 652/3856/652 247/3857/247 439/3858/439
vt 0.541721 0.088064
vt 0.639377 0.127333
vt 0.643658 0.121271
f 653/3859/653 47/3860/47 230/3861/230
vt 0.541721 0.088064
vt 0.621425 0.104924
vt 0.541045 0.083003
f 653/3862/653 57/3863/57 251/3864/251
vt 0.541721 0.088064
vt 0.541045 0.083003
vt 0.533218 0.088336
f 653/3865/653 251/3866/251 440/3867/440
vt 0.449622 0.071545
vt 0.420745 0.069155
vt 0.419535 0.078868
f 654/3868/654 151/3869/151 233/3870/233
vt 0.449622 0.071545
vt 0.419535 0.078868
vt 0.468097 0.072689
f 654/3871/654 233/3872/233 441/3873/441
vt 0.518349 0.222990
vt 0.510879 0.140563
vt 0.528967 0.139169
f 655/3874/655 51/3875/51 245/3876/245
vt 0.518349 0.222990
vt 0.599726 0.132799
vt 0.518273 0.263467
f 655/3877/655 54/3878/54 442/3879/442
vt 0.406748 0.479315
vt 0.412942 0.461552
vt 0.396694 0.474258
f 656/3880/656 114/3881/114 602/3882/602
vt 0.406748 0.479315
vt 0.397400 0.485597
vt 0.409011 0.486769
f 656/3883/656 116/3884/116 393/3885/393
vt 0.490652 0.406585
vt 0.657922 0.422133
vt 0.662711 0.366190
f 657/3886/657 111/3887/111 386/3888/386
vt 0.490652 0.406585
vt 0.654742 0.288244
vt 0.439699 0.421936
f 657/3889/657 112/3890/112 390/3891/390
vt 0.490652 0.406585
vt 0.439699 0.421936
vt 0.450819 0.446578
f 657/3892/657 390/3893/390 443/3894/443
vt 0.400020 0.298464
vt 0.624509 0.107683
vt 0.346738 0.348537
f 658/3895/658 109/3896/109 392/3897/392
vt 0.400020 0.298464
vt 0.654742 0.288244
vt 0.648179 0.180100
f 658/3898/658 112/3899/112 383/3900/383
vt 0.400020 0.298464
vt 0.346738 0.348537
vt 0.399502 0.398746
f 658/3901/658 392/3902/392 444/3903/444
vt 0.381809 0.473488
vt 0.372430 0.449471
vt 0.365356 0.439063
f 659/3904/659 115/3905/115 445/3906/445
vt 0.481345 0.463907
vt 0.890314 0.500000
vt 0.708676 0.446643
f 660/3907/660 26/3908/26 382/3909/382
vt 0.481345 0.463907
vt 0.657922 0.422133
vt 0.452381 0.468049
f 660/3910/660 111/3911/111 388/3912/388
vt 0.481345 0.463907
vt 0.452381 0.468049
vt 0.433586 0.480229
f 660/3913/660 388/3914/388 446/3915/446
vt 0.657922 0.577867
vt 0.714676 0.500000
vt 0.708676 0.553357
f 758/3916/758 381/3917/381 1016/3918/1016
vt 0.899433 0.624156
vt 0.889585 0.619560
vt 0.882879 0.673579
f 764/3919/764 661/3920/661 1114/3921/1114
vt 0.899433 0.624156
vt 0.909419 0.632928
vt 0.914342 0.563409
f 764/3922/764 662/3923/662 770/3924/770
vt 0.879437 0.608629
vt 0.889585 0.619560
vt 0.888546 0.570874
f 765/3925/765 661/3926/661 1086/3927/1086
vt 0.879437 0.608629
vt 0.865743 0.599025
vt 0.858479 0.670566
f 765/3928/765 665/3929/665 824/3930/824
vt 0.871322 0.680103
vt 0.889585 0.619560
vt 0.870175 0.655839
f 766/3931/766 661/3932/661 1097/3933/1097
vt 0.871322 0.680103
vt 0.821769 0.769724
vt 0.876349 0.704924
f 766/3934/766 666/3935/666 819/3936/819
vt 0.898912 0.566886
vt 0.901974 0.500000
vt 0.888546 0.570874
f 767/3937/767 35/3938/35 1086/3939/1086
vt 0.898912 0.566886
vt 0.889585 0.619560
vt 0.906267 0.578806
f 767/3940/767 661/3941/661 1081/3942/1081
vt 0.923968 0.608941
vt 0.909419 0.632928
vt 0.889712 0.712358
f 768/3943/768 662/3944/662 769/3945/769
vt 0.923968 0.608941
vt 0.935864 0.595141
vt 0.926832 0.539262
f 768/3946/768 663/3947/663 773/3948/773
vt 0.889712 0.712358
vt 0.909419 0.632928
vt 0.865319 0.742407
f 769/3949/769 662/3950/662 1092/3951/1092
vt 0.889712 0.712358
vt 0.809613 0.833816
vt 0.907215 0.699079
f 769/3952/769 667/3953/667 820/3954/820
vt 0.914342 0.563409
vt 0.901974 0.500000
vt 0.906267 0.578806
f 770/3955/770 35/3956/35 1081/3957/1081
vt 0.914342 0.563409
vt 0.909419 0.632928
vt 0.922890 0.563541
f 770/3958/770 662/3959/662 1082/3960/1082
vt 0.945121 0.549114
vt 0.950383 0.500000
vt 0.934068 0.524701
f 771/3961/771 4/3962/4 1083/3963/1083
vt 0.945121 0.549114
vt 0.935864 0.595141
vt 0.932401 0.662650
f 771/3964/771 663/3965/663 772/3966/772
vt 0.932401 0.662650
vt 0.935864 0.595141
vt 0.907215 0.699079
f 772/3967/772 663/3968/663 820/3969/820
vt 0.932401 0.662650
vt 0.866655 0.803672
vt 0.954555 0.603127
f 772/3970/772 668/3971/668 821/3972/821
vt 0.926832 0.539262
vt 0.901974 0.500000
vt 0.914342 0.563409
f 773/3973/773 35/3974/35 770/3975/770
vt 0.926832 0.539262
vt 0.935864 0.595141
vt 0.934068 0.524701
f 773/3976/773 663/3977/663 1083/3978/1083
vt 0.926832 0.539262
vt 0.914342 0.563409
vt 0.922890 0.563541
f 773/3979/773 770/3980/770 1082/3981/1082
vt 0.833847 0.525441
vt 0.824335 0.500000
vt 0.811533 0.540978
f 774/3982/774 5/3983/5 1095/3984/1095
vt 0.833847 0.525441
vt 0.841440 0.552944
vt 0.859111 0.516099
f 774/3985/774 664/3986/664 1084/3987/1084
vt 0.855784 0.570885
vt 0.841440 0.552944
vt 0.842521 0.602219
f 775/3988/775 664/3989/664 1096/3990/1096
vt 0.855784 0.570885
vt 0.865743 0.599025
vt 0.872330 0.547276
f 775/3991/775 665/3992/665 1085/3993/1085
vt 0.808873 0.566059
vt 0.841440 0.552944
vt 0.833847 0.525441
f 776/3994/776 664/3995/664 774/3996/774
vt 0.808873 0.566059
vt 0.764598 0.580238
vt 0.792175 0.631465
f 776/3997/776 669/3998/669 788/3999/788
vt 0.808873 0.566059
vt 0.833847 0.525441
vt 0.811533 0.540978
f 776/4000/776 774/4001/774 1095/4002/1095
vt 0.870946 0.528509
vt 0.901974 0.500000
vt 0.867173 0.500000
f 777/4003/777 35/4004/35 131/4005/131
vt 0.870946 0.528509
vt 0.867173 0.500000
vt 0.859111 0.516099
f 777/4006/777 131/4007/131 1084/4008/1084
vt 0.870946 0.528509
vt 0.841440 0.552944
vt 0.855784 0.570885
f 777/4009/777 664/4010/664 775/4011/775
vt 0.870946 0.528509
vt 0.855784 0.570885
vt 0.872330 0.547276
f 777/4012/777 775/4013/775 1085/4014/1085
vt 0.842665 0.636899
vt 0.865743 0.599025
vt 0.855784 0.570885
f 778/4015/778 665/4016/665 775/4017/775
vt 0.842665 0.636899
vt 0.805809 0.691187
vt 0.819208 0.732524
f 778/4018/778 670/4019/670 781/4020/781
vt 0.842665 0.636899
vt 0.855784 0.570885
vt 0.842521 0.602219
f 778/4021/778 775/4022/775 1096/4023/1096
vt 0.883613 0.552992
vt 0.901974 0.500000
vt 0.870946 0.528509
f 779/4024/779 35/4025/35 777/4026/777
vt 0.883613 0.552992
vt 0.865743 0.599025
vt 0.879437 0.608629
f 779/4027/779 665/4028/665 765/4029/765
vt 0.883613 0.552992
vt 0.879437 0.608629
vt 0.888546 0.570874
f 779/4030/779 765/4031/765 1086/4032/1086
vt 0.883613 0.552992
vt 0.870946 0.528509
vt 0.872330 0.547276
f 779/4033/779 777/4034/777 1085/4035/1085
vt 0.819991 0.802123
vt 0.821769 0.769724
vt 0.766307 0.849348
f 780/4036/780 666/4037/666 1140/4038/1140
vt 0.819991 0.802123
vt 0.809613 0.833816
vt 0.889712 0.712358
f 780/4039/780 667/4040/667 769/4041/769
vt 0.819991 0.802123
vt 0.889712 0.712358
vt 0.865319 0.742407
f 780/4042/780 769/4043/769 1092/4044/1092
vt 0.819208 0.732524
vt 0.821769 0.769724
vt 0.858479 0.670566
f 781/4045/781 666/4046/666 824/4047/824
vt 0.819208 0.732524
vt 0.805809 0.691187
vt 0.761841 0.804569
f 781/4048/781 670/4049/670 830/4050/830
vt 0.741523 0.856292
vt 0.821769 0.769724
vt 0.748785 0.839378
f 782/4051/782 666/4052/666 1062/4053/1062
vt 0.741523 0.856292
vt 0.651275 0.906231
vt 0.766307 0.849348
f 782/4054/782 685/4055/685 1140/4056/1140
vt 0.833029 0.827462
vt 0.809613 0.833816
vt 0.644657 0.940274
f 783/4057/783 667/4058/667 784/4059/784
vt 0.833029 0.827462
vt 0.866655 0.803672
vt 0.932401 0.662650
f 783/4060/783 668/4061/668 772/4062/772
vt 0.833029 0.827462
vt 0.932401 0.662650
vt 0.901276 0.728305
f 783/4063/783 772/4064/772 1093/4065/1093
vt 0.644657 0.940274
vt 0.809613 0.833816
vt 0.654327 0.923764
f 784/4066/784 667/4067/667 825/4068/825
vt 0.644657 0.940274
vt 0.397393 0.950183
vt 0.709122 0.920045
f 784/4069/784 672/4070/672 1121/4071/1121
vt 0.934811 0.708238
vt 0.985469 0.500000
vt 0.964111 0.590791
f 785/4072/785 11/4073/11 1094/4074/1094
vt 0.934811 0.708238
vt 0.866655 0.803672
vt 0.564231 0.979368
f 785/4075/785 668/4076/668 786/4077/786
vt 0.564231 0.979368
vt 0.866655 0.803672
vt 0.612911 0.960564
f 786/4078/786 668/4079/668 826/4080/826
vt 0.564231 0.979368
vt 0.194232 0.867831
vt 0.525483 0.991034
f 786/4081/786 673/4082/673 827/4083/827
vt 0.742758 0.536996
vt 0.724044 0.500000
vt 0.705359 0.550726
f 787/4084/787 12/4085/12 1101/4086/1101
vt 0.742758 0.536996
vt 0.764598 0.580238
vt 0.773686 0.524482
f 787/4087/787 669/4088/669 1117/4089/1117
vt 0.792175 0.631465
vt 0.764598 0.580238
vt 0.751495 0.668063
f 788/4090/788 669/4091/669 829/4092/829
vt 0.792175 0.631465
vt 0.805809 0.691187
vt 0.810412 0.599053
f 788/4093/788 670/4094/670 1118/4095/1118
vt 0.700382 0.585120
vt 0.764598 0.580238
vt 0.742758 0.536996
f 789/4096/789 669/4097/669 787/4098/787
vt 0.700382 0.585120
vt 0.626016 0.574244
vt 0.672496 0.671957
f 789/4099/789 674/4100/674 798/4101/798
vt 0.700382 0.585120
vt 0.742758 0.536996
vt 0.705359 0.550726
f 789/4102/789 787/4103/787 1101/4104/1101
vt 0.761389 0.742951
vt 0.805809 0.691187
vt 0.792175 0.631465
f 790/4105/790 670/4106/670 788/4107/788
vt 0.761389 0.742951
vt 0.681601 0.800630
vt 0.653338 0.861950
f 790/4108/790 675/4109/675 844/4110/844
vt 0.761389 0.742951
vt 0.792175 0.631465
vt 0.774447 0.678174
f 790/4111/790 788/4112/788 1102/4113/1102
vt 0.459761 0.948974
vt 0.508855 0.937630
vt 0.300905 0.899092
f 791/4114/791 671/4115/671 831/4116/831
vt 0.459761 0.948974
vt 0.397393 0.950183
vt 0.644657 0.940274
f 791/4117/791 672/4118/672 784/4119/784
vt 0.459761 0.948974
vt 0.644657 0.940274
vt 0.595103 0.946464
f 791/4120/791 784/4121/784 1098/4122/1098
vt 0.420745 0.930845
vt 0.508855 0.937630
vt 0.468097 0.927311
f 792/4123/792 671/4124/671 1075/4125/1075
vt 0.420745 0.930845
vt 0.394151 0.921228
vt 0.334603 0.905304
f 792/4126/792 696/4127/696 866/4128/866
vt 0.310410 0.931126
vt 0.397393 0.950183
vt 0.172993 0.822932
f 793/4129/793 672/4130/672 832/4131/832
vt 0.310410 0.931126
vt 0.194232 0.867831
vt 0.564231 0.979368
f 793/4132/793 673/4133/673 786/4134/786
vt 0.310410 0.931126
vt 0.564231 0.979368
vt 0.477272 0.977153
f 793/4135/793 786/4136/786 1099/4137/1099
vt 0.228760 0.864999
vt 0.397393 0.950183
vt 0.459761 0.948974
f 794/4138/794 672/4139/672 791/4140/791
vt 0.228760 0.864999
vt 0.146617 0.771079
vt 0.111917 0.725034
f 794/4141/794 677/4142/677 804/4143/804
vt 0.228760 0.864999
vt 0.459761 0.948974
vt 0.322244 0.914635
f 794/4144/794 791/4145/791 1104/4146/1104
vt 0.068995 0.718390
vt 0.015836 0.500000
vt 0.165893 0.861699
f 795/4147/795 18/4148/18 1100/4149/1100
vt 0.068995 0.718390
vt 0.194232 0.867831
vt 0.039407 0.612694
f 795/4150/795 673/4151/673 1106/4152/1106
vt 0.107695 0.749521
vt 0.194232 0.867831
vt 0.310410 0.931126
f 796/4153/796 673/4154/673 793/4155/793
vt 0.107695 0.749521
vt 0.084095 0.674050
vt 0.055482 0.595395
f 796/4156/796 678/4157/678 806/4158/806
vt 0.107695 0.749521
vt 0.310410 0.931126
vt 0.184489 0.842292
f 796/4159/796 793/4160/793 1105/4161/1105
vt 0.612638 0.530568
vt 0.597153 0.500000
vt 0.609793 0.524223
f 797/4162/797 19/4163/19 1009/4164/1009
vt 0.612638 0.530568
vt 0.626016 0.574244
vt 0.645054 0.522204
f 797/4165/797 674/4166/674 1123/4167/1123
vt 0.672496 0.671957
vt 0.626016 0.574244
vt 0.629666 0.616918
f 798/4168/798 674/4169/674 799/4170/799
vt 0.672496 0.671957
vt 0.681601 0.800630
vt 0.751495 0.668063
f 798/4171/798 675/4172/675 829/4173/829
vt 0.629666 0.616918
vt 0.626016 0.574244
vt 0.616227 0.567174
f 799/4174/799 674/4175/674 834/4176/834
vt 0.629666 0.616918
vt 0.654580 0.676323
vt 0.653492 0.677612
f 799/4177/799 756/4178/756 1234/4179/1234
vt 0.591754 0.875452
vt 0.681601 0.800630
vt 0.642814 0.835780
f 800/4180/800 675/4181/675 835/4182/835
vt 0.591754 0.875452
vt 0.480615 0.905723
vt 0.591312 0.886747
f 800/4183/800 680/4184/680 1277/4185/1277
vt 0.144448 0.755490
vt 0.182177 0.786237
vt 0.125022 0.713664
f 801/4186/801 676/4187/676 837/4188/837
vt 0.144448 0.755490
vt 0.146617 0.771079
vt 0.219382 0.839691
f 801/4189/801 677/4190/677 851/4191/851
vt 0.313526 0.879308
vt 0.182177 0.786237
vt 0.330058 0.892625
f 802/4192/802 676/4193/676 1065/4194/1065
vt 0.313526 0.879308
vt 0.480615 0.905723
vt 0.290545 0.871949
f 802/4195/802 680/4196/680 1113/4197/1113
vt 0.130983 0.714320
vt 0.182177 0.786237
vt 0.145696 0.743557
f 803/4198/803 676/4199/676 1091/4200/1091
vt 0.130983 0.714320
vt 0.103680 0.658870
vt 0.118898 0.695279
f 803/4201/803 681/4202/681 1132/4203/1132
vt 0.111917 0.725034
vt 0.146617 0.771079
vt 0.095404 0.683740
f 804/4204/804 677/4205/677 1133/4206/1133
vt 0.111917 0.725034
vt 0.084095 0.674050
vt 0.172993 0.822932
f 804/4207/804 678/4208/678 832/4209/832
vt 0.107245 0.699852
vt 0.146617 0.771079
vt 0.144448 0.755490
f 805/4210/805 677/4211/677 801/4212/801
vt 0.107245 0.699852
vt 0.096190 0.661585
vt 0.086948 0.661525
f 805/4213/805 682/4214/682 842/4215/842
vt 0.107245 0.699852
vt 0.144448 0.755490
vt 0.124206 0.722326
f 805/4216/805 801/4217/801 1110/4218/1110
vt 0.055482 0.595395
vt 0.043188 0.500000
vt 0.064045 0.654764
f 806/4219/806 25/4220/25 1128/4221/1128
vt 0.055482 0.595395
vt 0.084095 0.674050
vt 0.053676 0.554954
f 806/4222/806 678/4223/678 1111/4224/1111
vt 0.071384 0.618759
vt 0.084095 0.674050
vt 0.086948 0.661525
f 807/4225/807 678/4226/678 842/4227/842
vt 0.071384 0.618759
vt 0.068902 0.587967
vt 0.062108 0.551586
f 807/4228/807 683/4229/683 815/4230/815
vt 0.703782 0.879431
vt 0.890314 0.500000
vt 0.995123 0.500000
f 808/4231/808 26/4232/26 171/4233/171
vt 0.703782 0.879431
vt 0.995123 0.500000
vt 0.780468 0.878791
f 808/4234/808 171/4235/171 1135/4236/1135
vt 0.703782 0.879431
vt 0.624509 0.892317
vt 0.346738 0.651463
f 808/4237/808 757/4238/757 1026/4239/1026
vt 0.539615 0.896770
vt 0.622743 0.867824
vt 0.457415 0.929199
f 809/4240/809 679/4241/679 810/4242/810
vt 0.539615 0.896770
vt 0.480615 0.905723
vt 0.591754 0.875452
f 809/4243/809 680/4244/680 800/4245/800
vt 0.539615 0.896770
vt 0.591754 0.875452
vt 0.595753 0.870770
f 809/4246/809 800/4247/800 1108/4248/1108
vt 0.457415 0.929199
vt 0.622743 0.867824
vt 0.462787 0.951216
f 810/4249/810 679/4250/679 839/4251/839
vt 0.457415 0.929199
vt 0.222563 0.845854
vt 0.390535 0.909148
f 810/4252/810 684/4253/684 840/4254/840
vt 0.100110 0.654295
vt 0.103680 0.658870
vt 0.086204 0.608418
f 811/4255/811 681/4256/681 1087/4257/1087
vt 0.100110 0.654295
vt 0.096190 0.661585
vt 0.125022 0.713664
f 811/4258/811 682/4259/682 837/4260/837
vt 0.084316 0.594424
vt 0.071224 0.500000
vt 0.086204 0.608418
f 812/4261/812 36/4262/36 1087/4263/1087
vt 0.084316 0.594424
vt 0.103680 0.658870
vt 0.088367 0.627573
f 812/4264/812 681/4265/681 1147/4266/1147
vt 0.079086 0.620959
vt 0.096190 0.661585
vt 0.075582 0.589902
f 813/4267/813 682/4268/682 1088/4269/1088
vt 0.079086 0.620959
vt 0.068902 0.587967
vt 0.079677 0.638289
f 813/4270/813 683/4271/683 1137/4272/1137
vt 0.080098 0.594600
vt 0.071224 0.500000
vt 0.069157 0.555040
f 814/4273/814 36/4274/36 816/4275/816
vt 0.080098 0.594600
vt 0.096190 0.661585
vt 0.100110 0.654295
f 814/4276/814 682/4277/682 811/4278/811
vt 0.080098 0.594600
vt 0.100110 0.654295
vt 0.086204 0.608418
f 814/4279/814 811/4280/811 1087/4281/1087
vt 0.062108 0.551586
vt 0.058187 0.500000
vt 0.063426 0.584651
f 815/4282/815 32/4283/32 1134/4284/1134
vt 0.062108 0.551586
vt 0.068902 0.587967
vt 0.064696 0.531568
f 815/4285/815 683/4286/683 1089/4287/1089
vt 0.069157 0.555040
vt 0.071224 0.500000
vt 0.065967 0.500000
f 816/4288/816 36/4289/36 180/4290/180
vt 0.069157 0.555040
vt 0.065967 0.500000
vt 0.064696 0.531568
f 816/4291/816 180/4292/180 1089/4293/1089
vt 0.069157 0.555040
vt 0.068902 0.587967
vt 0.079086 0.620959
f 816/4294/816 683/4295/683 813/4296/813
vt 0.069157 0.555040
vt 0.079086 0.620959
vt 0.075582 0.589902
f 816/4297/816 813/4298/813 1088/4299/1088
vt 0.133454 0.775202
vt 0.036290 0.500000
vt 0.066245 0.599784
f 817/4300/817 33/4301/33 1090/4302/1090
vt 0.133454 0.775202
vt 0.222563 0.845854
vt 0.457415 0.929199
f 817/4303/817 684/4304/684 810/4305/810
vt 0.133454 0.775202
vt 0.457415 0.929199
vt 0.372020 0.933902
f 817/4306/817 810/4307/810 1112/4308/1112
vt 0.078446 0.614520
vt 0.071224 0.500000
vt 0.088367 0.627573
f 818/4309/818 36/4310/36 1147/4311/1147
vt 0.078446 0.614520
vt 0.222563 0.845854
vt 0.066245 0.599784
f 818/4312/818 684/4313/684 1090/4314/1090
vt 0.876349 0.704924
vt 0.909419 0.632928
vt 0.899433 0.624156
f 819/4315/819 662/4316/662 764/4317/764
vt 0.876349 0.704924
vt 0.821769 0.769724
vt 0.819991 0.802123
f 819/4318/819 666/4319/666 780/4320/780
vt 0.876349 0.704924
vt 0.899433 0.624156
vt 0.882879 0.673579
f 819/4321/819 764/4322/764 1114/4323/1114
vt 0.876349 0.704924
vt 0.819991 0.802123
vt 0.865319 0.742407
f 819/4324/819 780/4325/780 1092/4326/1092
vt 0.907215 0.699079
vt 0.935864 0.595141
vt 0.911367 0.671370
f 820/4327/820 663/4328/663 1115/4329/1115
vt 0.907215 0.699079
vt 0.809613 0.833816
vt 0.901276 0.728305
f 820/4330/820 667/4331/667 1093/4332/1093
vt 0.954555 0.603127
vt 0.950383 0.500000
vt 0.948521 0.599015
f 821/4333/821 4/4334/4 1116/4335/1116
vt 0.954555 0.603127
vt 0.866655 0.803672
vt 0.964111 0.590791
f 821/4336/821 668/4337/668 1094/4338/1094
vt 0.794461 0.535413
vt 0.824335 0.500000
vt 0.777981 0.500000
f 822/4339/822 5/4340/5 130/4341/130
vt 0.794461 0.535413
vt 0.777981 0.500000
vt 0.773686 0.524482
f 822/4342/822 130/4343/130 1117/4344/1117
vt 0.794461 0.535413
vt 0.764598 0.580238
vt 0.808873 0.566059
f 822/4345/822 669/4346/669 776/4347/776
vt 0.794461 0.535413
vt 0.808873 0.566059
vt 0.811533 0.540978
f 822/4348/822 776/4349/776 1095/4350/1095
vt 0.829331 0.604405
vt 0.841440 0.552944
vt 0.808873 0.566059
f 823/4351/823 664/4352/664 776/4353/776
vt 0.829331 0.604405
vt 0.805809 0.691187
vt 0.842665 0.636899
f 823/4354/823 670/4355/670 778/4356/778
vt 0.829331 0.604405
vt 0.808873 0.566059
vt 0.810412 0.599053
f 823/4357/823 776/4358/776 1118/4359/1118
vt 0.829331 0.604405
vt 0.842665 0.636899
vt 0.842521 0.602219
f 823/4360/823 778/4361/778 1096/4362/1096
vt 0.858479 0.670566
vt 0.865743 0.599025
vt 0.842859 0.679149
f 824/4363/824 665/4364/665 1119/4365/1119
vt 0.858479 0.670566
vt 0.821769 0.769724
vt 0.871322 0.680103
f 824/4366/824 666/4367/666 766/4368/766
vt 0.858479 0.670566
vt 0.871322 0.680103
vt 0.870175 0.655839
f 824/4369/824 766/4370/766 1097/4371/1097
vt 0.654327 0.923764
vt 0.809613 0.833816
vt 0.722921 0.885059
f 825/4372/825 667/4373/667 849/4374/849
vt 0.654327 0.923764
vt 0.508855 0.937630
vt 0.459761 0.948974
f 825/4375/825 671/4376/671 791/4377/791
vt 0.654327 0.923764
vt 0.459761 0.948974
vt 0.595103 0.946464
f 825/4378/825 791/4379/791 1098/4380/1098
vt 0.612911 0.960564
vt 0.866655 0.803672
vt 0.833029 0.827462
f 826/4381/826 668/4382/668 783/4383/783
vt 0.612911 0.960564
vt 0.397393 0.950183
vt 0.310410 0.931126
f 826/4384/826 672/4385/672 793/4386/793
vt 0.612911 0.960564
vt 0.833029 0.827462
vt 0.709122 0.920045
f 826/4387/826 783/4388/783 1121/4389/1121
vt 0.612911 0.960564
vt 0.310410 0.931126
vt 0.477272 0.977153
f 826/4390/826 793/4391/793 1099/4392/1099
vt 0.525483 0.991034
vt 0.985469 0.500000
vt 0.741732 0.923579
f 827/4393/827 11/4394/11 1122/4395/1122
vt 0.525483 0.991034
vt 0.194232 0.867831
vt 0.165893 0.861699
f 827/4396/827 673/4397/673 1100/4398/1100
vt 0.675094 0.536186
vt 0.724044 0.500000
vt 0.659581 0.500000
f 828/4399/828 12/4400/12 146/4401/146
vt 0.675094 0.536186
vt 0.659581 0.500000
vt 0.645054 0.522204
f 828/4402/828 146/4403/146 1123/4404/1123
vt 0.675094 0.536186
vt 0.626016 0.574244
vt 0.700382 0.585120
f 828/4405/828 674/4406/674 789/4407/789
vt 0.675094 0.536186
vt 0.700382 0.585120
vt 0.705359 0.550726
f 828/4408/828 789/4409/789 1101/4410/1101
vt 0.751495 0.668063
vt 0.764598 0.580238
vt 0.700382 0.585120
f 829/4411/829 669/4412/669 789/4413/789
vt 0.751495 0.668063
vt 0.681601 0.800630
vt 0.761389 0.742951
f 829/4414/829 675/4415/675 790/4416/790
vt 0.751495 0.668063
vt 0.700382 0.585120
vt 0.709888 0.642291
f 829/4417/829 789/4418/789 1124/4419/1124
vt 0.751495 0.668063
vt 0.761389 0.742951
vt 0.774447 0.678174
f 829/4420/829 790/4421/790 1102/4422/1102
vt 0.761841 0.804569
vt 0.805809 0.691187
vt 0.740645 0.811848
f 830/4423/830 670/4424/670 1066/4425/1066
vt 0.761841 0.804569
vt 0.646832 0.896535
vt 0.783489 0.790769
f 830/4426/830 688/4427/688 1103/4428/1103
vt 0.300905 0.899092
vt 0.508855 0.937630
vt 0.318406 0.901219
f 831/4429/831 671/4430/671 1142/4431/1142
vt 0.300905 0.899092
vt 0.146617 0.771079
vt 0.322244 0.914635
f 831/4432/831 677/4433/677 1104/4434/1104
vt 0.172993 0.822932
vt 0.397393 0.950183
vt 0.228760 0.864999
f 832/4435/832 672/4436/672 794/4437/794
vt 0.172993 0.822932
vt 0.084095 0.674050
vt 0.107695 0.749521
f 832/4438/832 678/4439/678 796/4440/796
vt 0.172993 0.822932
vt 0.228760 0.864999
vt 0.156519 0.797894
f 832/4441/832 794/4442/794 1127/4443/1127
vt 0.172993 0.822932
vt 0.107695 0.749521
vt 0.184489 0.842292
f 832/4444/832 796/4445/796 1105/4446/1105
vt 0.052481 0.639061
vt 0.043188 0.500000
vt 0.030739 0.500000
f 833/4447/833 25/4448/25 156/4449/156
vt 0.052481 0.639061
vt 0.030739 0.500000
vt 0.039407 0.612694
f 833/4450/833 156/4451/156 1106/4452/1106
vt 0.052481 0.639061
vt 0.194232 0.867831
vt 0.107695 0.749521
f 833/4453/833 673/4454/673 796/4455/796
vt 0.052481 0.639061
vt 0.107695 0.749521
vt 0.064045 0.654764
f 833/4456/833 796/4457/796 1128/4458/1128
vt 0.616227 0.567174
vt 0.626016 0.574244
vt 0.607207 0.538729
f 834/4459/834 674/4460/674 1232/4461/1232
vt 0.616227 0.567174
vt 0.645242 0.577218
vt 0.625451 0.594704
f 834/4462/834 755/4463/755 1107/4464/1107
vt 0.642814 0.835780
vt 0.681601 0.800630
vt 0.664004 0.789444
f 835/4465/835 675/4466/675 1130/4467/1130
vt 0.642814 0.835780
vt 0.622743 0.867824
vt 0.539615 0.896770
f 835/4468/835 679/4469/679 809/4470/809
vt 0.642814 0.835780
vt 0.539615 0.896770
vt 0.595753 0.870770
f 835/4471/835 809/4472/809 1108/4473/1108
vt 0.511301 0.928040
vt 0.508855 0.937630
vt 0.551070 0.928924
f 836/4474/836 671/4475/671 863/4476/863
vt 0.511301 0.928040
vt 0.515837 0.921279
vt 0.484337 0.925958
f 836/4477/836 704/4478/704 1160/4479/1160
vt 0.125022 0.713664
vt 0.182177 0.786237
vt 0.118898 0.695279
f 837/4480/837 676/4481/676 1132/4482/1132
vt 0.125022 0.713664
vt 0.096190 0.661585
vt 0.124206 0.722326
f 837/4483/837 682/4484/682 1110/4485/1110
vt 0.059437 0.576127
vt 0.058187 0.500000
vt 0.050186 0.500000
f 838/4486/838 32/4487/32 169/4488/169
vt 0.059437 0.576127
vt 0.050186 0.500000
vt 0.053676 0.554954
f 838/4489/838 169/4490/169 1111/4491/1111
vt 0.059437 0.576127
vt 0.084095 0.674050
vt 0.071384 0.618759
f 838/4492/838 678/4493/678 807/4494/807
vt 0.059437 0.576127
vt 0.071384 0.618759
vt 0.063426 0.584651
f 838/4495/838 807/4496/807 1134/4497/1134
vt 0.462787 0.951216
vt 0.036290 0.500000
vt 0.372020 0.933902
f 839/4498/839 33/4499/33 1112/4500/1112
vt 0.462787 0.951216
vt 0.622743 0.867824
vt 0.567131 0.941347
f 839/4501/839 679/4502/679 1235/4503/1235
vt 0.390535 0.909148
vt 0.480615 0.905723
vt 0.475509 0.915739
f 840/4504/840 680/4505/680 1136/4506/1136
vt 0.390535 0.909148
vt 0.222563 0.845854
vt 0.290545 0.871949
f 840/4507/840 684/4508/684 1113/4509/1113
vt 0.200611 0.810360
vt 0.182177 0.786237
vt 0.313526 0.879308
f 841/4510/841 676/4511/676 802/4512/802
vt 0.200611 0.810360
vt 0.222563 0.845854
vt 0.118151 0.702539
f 841/4513/841 684/4514/684 862/4515/862
vt 0.200611 0.810360
vt 0.313526 0.879308
vt 0.290545 0.871949
f 841/4516/841 802/4517/802 1113/4518/1113
vt 0.086948 0.661525
vt 0.084095 0.674050
vt 0.111917 0.725034
f 842/4519/842 678/4520/678 804/4521/804
vt 0.086948 0.661525
vt 0.096190 0.661585
vt 0.079086 0.620959
f 842/4522/842 682/4523/682 813/4524/813
vt 0.086948 0.661525
vt 0.111917 0.725034
vt 0.095404 0.683740
f 842/4525/842 804/4526/804 1133/4527/1133
vt 0.086948 0.661525
vt 0.079086 0.620959
vt 0.079677 0.638289
f 842/4528/842 813/4529/813 1137/4530/1137
vt 0.597141 0.925711
vt 0.508855 0.937630
vt 0.661107 0.914820
f 843/4531/843 671/4532/671 1120/4533/1120
vt 0.597141 0.925711
vt 0.651275 0.906231
vt 0.576591 0.925654
f 843/4534/843 685/4535/685 1138/4536/1138
vt 0.653338 0.861950
vt 0.681601 0.800630
vt 0.591754 0.875452
f 844/4537/844 675/4538/675 800/4539/800
vt 0.653338 0.861950
vt 0.604069 0.900207
vt 0.740645 0.811848
f 844/4540/844 686/4541/686 1066/4542/1066
vt 0.653338 0.861950
vt 0.591754 0.875452
vt 0.591312 0.886747
f 844/4543/844 800/4544/800 1277/4545/1277
vt 0.227989 0.838230
vt 0.182177 0.786237
vt 0.144448 0.755490
f 845/4546/845 676/4547/676 801/4548/801
vt 0.227989 0.838230
vt 0.301127 0.886625
vt 0.309287 0.886923
f 845/4549/845 687/4550/687 1139/4551/1139
vt 0.227989 0.838230
vt 0.144448 0.755490
vt 0.176868 0.796514
f 845/4552/845 801/4553/801 1126/4554/1126
vt 0.604066 0.914189
vt 0.646832 0.896535
vt 0.593528 0.909825
f 846/4555/846 688/4556/688 1073/4557/1073
vt 0.604066 0.914189
vt 0.574834 0.922534
vt 0.614968 0.913138
f 846/4558/846 694/4559/694 1148/4560/1148
vt 0.477300 0.914572
vt 0.480615 0.905723
vt 0.313526 0.879308
f 847/4561/847 680/4562/680 802/4563/802
vt 0.477300 0.914572
vt 0.501479 0.916656
vt 0.533153 0.912177
f 847/4564/847 689/4565/689 1131/4566/1131
vt 0.477300 0.914572
vt 0.313526 0.879308
vt 0.370537 0.901768
f 847/4567/847 802/4568/802 1278/4569/1278
vt 0.649653 0.901062
vt 0.651275 0.906231
vt 0.711204 0.870833
f 848/4570/848 685/4571/685 1275/4572/1275
vt 0.649653 0.901062
vt 0.646832 0.896535
vt 0.604066 0.914189
f 848/4573/848 688/4574/688 846/4575/846
vt 0.649653 0.901062
vt 0.604066 0.914189
vt 0.614968 0.913138
f 848/4576/848 846/4577/846 1148/4578/1148
vt 0.722921 0.885059
vt 0.809613 0.833816
vt 0.819991 0.802123
f 849/4579/849 667/4580/667 780/4581/780
vt 0.722921 0.885059
vt 0.651275 0.906231
vt 0.661107 0.914820
f 849/4582/849 685/4583/685 1120/4584/1120
vt 0.722921 0.885059
vt 0.819991 0.802123
vt 0.766307 0.849348
f 849/4585/849 780/4586/780 1140/4587/1140
vt 0.642818 0.891694
vt 0.604069 0.900207
vt 0.597182 0.900444
f 850/4588/850 686/4589/686 1071/4590/1071
vt 0.642818 0.891694
vt 0.646832 0.896535
vt 0.723579 0.838453
f 850/4591/850 688/4592/688 1279/4593/1279
vt 0.219382 0.839691
vt 0.146617 0.771079
vt 0.300905 0.899092
f 851/4594/851 677/4595/677 831/4596/831
vt 0.219382 0.839691
vt 0.301127 0.886625
vt 0.176868 0.796514
f 851/4597/851 687/4598/687 1126/4599/1126
vt 0.219382 0.839691
vt 0.300905 0.899092
vt 0.318406 0.901219
f 851/4600/851 831/4601/831 1142/4602/1142
vt 0.552359 0.911206
vt 0.604069 0.900207
vt 0.533153 0.912177
f 852/4603/852 686/4604/686 1131/4605/1131
vt 0.552359 0.911206
vt 0.501479 0.916656
vt 0.545517 0.901616
f 852/4606/852 689/4607/689 1072/4608/1072
vt 0.507916 0.889429
vt 0.508474 0.907743
vt 0.530911 0.891470
f 853/4609/853 690/4610/690 854/4611/854
vt 0.507916 0.889429
vt 0.507324 0.857136
vt 0.483840 0.887100
f 853/4612/853 692/4613/692 1039/4614/1039
vt 0.530911 0.891470
vt 0.508474 0.907743
vt 0.531032 0.904843
f 854/4615/854 690/4616/690 857/4617/857
vt 0.530911 0.891470
vt 0.580886 0.852820
vt 0.522820 0.884143
f 854/4618/854 691/4619/691 1143/4620/1143
vt 0.508009 0.846120
vt 0.507324 0.857136
vt 0.509577 0.772586
f 855/4621/855 692/4622/692 1168/4623/1168
vt 0.508009 0.846120
vt 0.510879 0.859437
vt 0.501746 0.872842
f 855/4624/855 699/4625/699 1244/4626/1244
vt 0.609785 0.901872
vt 0.646832 0.896535
vt 0.609012 0.902121
f 856/4627/856 688/4628/688 1284/4629/1284
vt 0.609785 0.901872
vt 0.668896 0.866859
vt 0.676678 0.865515
f 856/4630/856 703/4631/703 884/4632/884
vt 0.531032 0.904843
vt 0.508474 0.907743
vt 0.525246 0.911401
f 857/4633/857 690/4634/690 1159/4635/1159
vt 0.531032 0.904843
vt 0.639377 0.872666
vt 0.537391 0.895552
f 857/4636/857 695/4637/695 1125/4638/1125
vt 0.346564 0.896637
vt 0.301127 0.886625
vt 0.346703 0.902199
f 858/4639/858 687/4640/687 1280/4641/1280
vt 0.346564 0.896637
vt 0.300817 0.858042
vt 0.390052 0.902511
f 858/4642/858 700/4643/700 1154/4644/1154
vt 0.350374 0.872976
vt 0.358255 0.859334
vt 0.177147 0.733190
f 859/4645/859 693/4646/693 1245/4647/1245
vt 0.350374 0.872976
vt 0.375215 0.888578
vt 0.452838 0.888068
f 859/4648/859 697/4649/697 1109/4650/1109
vt 0.495666 0.873173
vt 0.507324 0.857136
vt 0.501746 0.872842
f 860/4651/860 692/4652/692 1244/4653/1244
vt 0.495666 0.873173
vt 0.477223 0.854999
vt 0.468606 0.887263
f 860/4654/860 698/4655/698 888/4656/888
vt 0.522652 0.848628
vt 0.580886 0.852820
vt 0.515732 0.774502
f 861/4657/861 691/4658/691 1264/4659/1264
vt 0.522652 0.848628
vt 0.507324 0.857136
vt 0.522820 0.884143
f 861/4660/861 692/4661/692 1143/4662/1143
vt 0.118151 0.702539
vt 0.103680 0.658870
vt 0.130983 0.714320
f 862/4663/862 681/4664/681 803/4665/803
vt 0.118151 0.702539
vt 0.222563 0.845854
vt 0.078446 0.614520
f 862/4666/862 684/4667/684 818/4668/818
vt 0.118151 0.702539
vt 0.130983 0.714320
vt 0.145696 0.743557
f 862/4669/862 803/4670/803 1091/4671/1091
vt 0.118151 0.702539
vt 0.078446 0.614520
vt 0.088367 0.627573
f 862/4672/862 818/4673/818 1147/4674/1147
vt 0.551070 0.928924
vt 0.508855 0.937630
vt 0.597141 0.925711
f 863/4675/863 671/4676/671 843/4677/843
vt 0.551070 0.928924
vt 0.574834 0.922534
vt 0.541811 0.924278
f 863/4678/863 694/4679/694 1068/4680/1068
vt 0.551070 0.928924
vt 0.597141 0.925711
vt 0.576591 0.925654
f 863/4681/863 843/4682/843 1138/4683/1138
vt 0.600672 0.918857
vt 0.651275 0.906231
vt 0.649653 0.901062
f 864/4684/864 685/4685/685 848/4686/848
vt 0.600672 0.918857
vt 0.574834 0.922534
vt 0.576591 0.925654
f 864/4687/864 694/4688/694 1138/4689/1138
vt 0.600672 0.918857
vt 0.649653 0.901062
vt 0.614968 0.913138
f 864/4690/864 848/4691/848 1148/4692/1148
vt 0.643658 0.878729
vt 0.639377 0.872666
vt 0.541721 0.911936
f 865/4693/865 695/4694/695 1287/4695/1287
vt 0.643658 0.878729
vt 0.621425 0.895076
vt 0.779771 0.745088
f 865/4696/865 705/4697/705 1165/4698/1165
vt 0.334603 0.905304
vt 0.301127 0.886625
vt 0.318406 0.901219
f 866/4699/866 687/4700/687 1142/4701/1142
vt 0.334603 0.905304
vt 0.394151 0.921228
vt 0.346703 0.902199
f 866/4702/866 696/4703/696 1280/4704/1280
vt 0.477702 0.905442
vt 0.508474 0.907743
vt 0.489727 0.894717
f 867/4705/867 690/4706/690 1252/4707/1252
vt 0.477702 0.905442
vt 0.375215 0.888578
vt 0.463935 0.910786
f 867/4708/867 697/4709/697 1150/4710/1150
vt 0.419535 0.921132
vt 0.394151 0.921228
vt 0.420745 0.930845
f 868/4711/868 696/4712/696 792/4713/792
vt 0.419535 0.921132
vt 0.346410 0.894594
vt 0.393328 0.911488
f 868/4714/868 706/4715/706 1145/4716/1145
vt 0.419535 0.921132
vt 0.420745 0.930845
vt 0.449622 0.928455
f 868/4717/868 792/4718/792 1288/4719/1288
vt 0.421409 0.865345
vt 0.358255 0.859334
vt 0.452838 0.888068
f 869/4720/869 693/4721/693 1109/4722/1109
vt 0.421409 0.865345
vt 0.477223 0.854999
vt 0.358113 0.799863
f 869/4723/869 698/4724/698 1194/4725/1194
vt 0.390547 0.913937
vt 0.301127 0.886625
vt 0.413665 0.908630
f 870/4726/870 687/4727/687 1070/4728/1070
vt 0.390547 0.913937
vt 0.501479 0.916656
vt 0.330058 0.892625
f 870/4729/870 689/4730/689 1065/4731/1065
vt 0.491138 0.906075
vt 0.501479 0.916656
vt 0.443097 0.914268
f 871/4732/871 689/4733/689 1283/4734/1283
vt 0.491138 0.906075
vt 0.481126 0.872735
vt 0.502049 0.888153
f 871/4735/871 701/4736/701 875/4737/875
vt 0.515935 0.897300
vt 0.501479 0.916656
vt 0.491138 0.906075
f 872/4738/872 689/4739/689 871/4740/871
vt 0.515935 0.897300
vt 0.510879 0.859437
vt 0.531580 0.895840
f 872/4741/872 699/4742/699 1156/4743/1156
vt 0.515935 0.897300
vt 0.491138 0.906075
vt 0.506260 0.896449
f 872/4744/872 871/4745/871 1151/4746/1151
vt 0.130875 0.620850
vt 0.300817 0.858042
vt 0.143096 0.685963
f 873/4747/873 700/4748/700 1248/4749/1248
vt 0.130875 0.620850
vt 0.134189 0.540256
vt 0.136789 0.555220
f 873/4750/873 724/4751/724 990/4752/990
vt 0.497755 0.849233
vt 0.477223 0.854999
vt 0.497192 0.882253
f 874/4753/874 698/4754/698 1153/4755/1153
vt 0.497755 0.849233
vt 0.481126 0.872735
vt 0.505336 0.697340
f 874/4756/874 701/4757/701 1242/4758/1242
vt 0.502049 0.888153
vt 0.510879 0.859437
vt 0.515935 0.897300
f 875/4759/875 699/4760/699 872/4761/872
vt 0.502049 0.888153
vt 0.481126 0.872735
vt 0.497192 0.882253
f 875/4762/875 701/4763/701 1153/4764/1153
vt 0.502049 0.888153
vt 0.515935 0.897300
vt 0.506260 0.896449
f 875/4765/875 872/4766/872 1151/4767/1151
vt 0.376786 0.876939
vt 0.300817 0.858042
vt 0.318291 0.795358
f 876/4768/876 700/4769/700 1195/4770/1195
vt 0.376786 0.876939
vt 0.481126 0.872735
vt 0.413665 0.908630
f 876/4771/876 701/4772/701 1070/4773/1070
vt 0.574422 0.899548
vt 0.604069 0.900207
vt 0.560070 0.904749
f 877/4774/877 686/4775/686 1285/4776/1285
vt 0.574422 0.899548
vt 0.599726 0.867201
vt 0.585078 0.897482
f 877/4777/877 702/4778/702 1155/4779/1155
vt 0.796396 0.697296
vt 0.668896 0.866859
vt 0.781235 0.730258
f 878/4780/878 703/4781/703 1260/4782/1260
vt 0.796396 0.697296
vt 0.794136 0.608512
vt 0.797415 0.704114
f 878/4783/878 708/4784/708 896/4785/896
vt 0.668887 0.858241
vt 0.599726 0.867201
vt 0.781235 0.730258
f 879/4786/879 702/4787/702 1260/4788/1260
vt 0.668887 0.858241
vt 0.668896 0.866859
vt 0.597182 0.900444
f 879/4789/879 703/4790/703 1071/4791/1071
vt 0.528967 0.860831
vt 0.510879 0.859437
vt 0.518349 0.777010
f 880/4792/880 699/4793/699 1289/4794/1289
vt 0.528967 0.860831
vt 0.599726 0.867201
vt 0.531580 0.895840
f 880/4795/880 702/4796/702 1156/4797/1156
vt 0.509095 0.915695
vt 0.508474 0.907743
vt 0.474580 0.914767
f 881/4798/881 690/4799/690 1069/4800/1069
vt 0.509095 0.915695
vt 0.515837 0.921279
vt 0.533218 0.911664
f 881/4801/881 704/4802/704 1074/4803/1074
vt 0.568222 0.917895
vt 0.574834 0.922534
vt 0.588982 0.914417
f 882/4804/882 694/4805/694 1286/4806/1286
vt 0.568222 0.917895
vt 0.621425 0.895076
vt 0.541045 0.916997
f 882/4807/882 705/4808/705 886/4809/886
vt 0.344191 0.887259
vt 0.375215 0.888578
vt 0.156159 0.722277
f 883/4810/883 697/4811/697 1246/4812/1246
vt 0.344191 0.887259
vt 0.346410 0.894594
vt 0.474580 0.914767
f 883/4813/883 706/4814/706 1069/4815/1069
vt 0.676678 0.865515
vt 0.668896 0.866859
vt 0.789096 0.731737
f 884/4816/884 703/4817/703 1164/4818/1164
vt 0.676678 0.865515
vt 0.621425 0.895076
vt 0.597174 0.905133
f 884/4819/884 705/4820/705 1157/4821/1157
vt 0.282953 0.860421
vt 0.300817 0.858042
vt 0.371863 0.907818
f 885/4822/885 700/4823/700 1067/4824/1067
vt 0.282953 0.860421
vt 0.346410 0.894594
vt 0.143096 0.685963
f 885/4825/885 706/4826/706 1248/4827/1248
vt 0.541045 0.916997
vt 0.515837 0.921279
vt 0.541811 0.924278
f 886/4828/886 704/4829/704 1068/4830/1068
vt 0.541045 0.916997
vt 0.621425 0.895076
vt 0.541721 0.911936
f 886/4831/886 705/4832/705 1287/4833/1287
vt 0.478566 0.921458
vt 0.515837 0.921279
vt 0.486428 0.917853
f 887/4834/887 704/4835/704 1282/4836/1282
vt 0.478566 0.921458
vt 0.346410 0.894594
vt 0.468097 0.927311
f 887/4837/887 706/4838/706 1075/4839/1075
vt 0.468606 0.887263
vt 0.375215 0.888578
vt 0.483840 0.887100
f 888/4840/888 697/4841/697 1039/4842/1039
vt 0.468606 0.887263
vt 0.477223 0.854999
vt 0.421409 0.865345
f 888/4843/888 698/4844/698 869/4845/869
vt 0.468606 0.887263
vt 0.421409 0.865345
vt 0.452838 0.888068
f 888/4846/888 869/4847/869 1109/4848/1109
vt 0.622012 0.867474
vt 0.580886 0.852820
vt 0.530911 0.891470
f 889/4849/889 691/4850/691 854/4851/854
vt 0.622012 0.867474
vt 0.639377 0.872666
vt 0.750566 0.757998
f 889/4852/889 695/4853/695 1251/4854/1251
vt 0.622012 0.867474
vt 0.530911 0.891470
vt 0.537391 0.895552
f 889/4855/889 854/4856/854 1125/4857/1125
vt 0.789352 0.610980
vt 0.786779 0.634316
vt 0.794360 0.650025
f 890/4858/890 707/4859/707 1263/4860/1263
vt 0.789352 0.610980
vt 0.794136 0.608512
vt 0.783947 0.603702
f 890/4861/890 708/4862/708 1048/4863/1048
vt 0.766070 0.690837
vt 0.580886 0.852820
vt 0.771202 0.700959
f 891/4864/891 691/4865/691 1038/4866/1038
vt 0.766070 0.690837
vt 0.777854 0.623130
vt 0.769493 0.648836
f 891/4867/891 709/4868/709 921/4869/921
vt 0.781924 0.619814
vt 0.786779 0.634316
vt 0.789352 0.610980
f 892/4870/892 707/4871/707 890/4872/890
vt 0.781924 0.619814
vt 0.777854 0.623130
vt 0.777260 0.662121
f 892/4873/892 709/4874/709 1162/4875/1162
vt 0.781924 0.619814
vt 0.789352 0.610980
vt 0.784350 0.605263
f 892/4876/892 890/4877/890 1261/4878/1261
vt 0.785518 0.666353
vt 0.599726 0.867201
vt 0.759402 0.718345
f 893/4879/893 702/4880/702 927/4881/927
vt 0.785518 0.666353
vt 0.782098 0.612955
vt 0.791560 0.639286
f 893/4882/893 710/4883/710 1163/4884/1163
vt 0.779149 0.609957
vt 0.777854 0.623130
vt 0.783947 0.603702
f 894/4885/894 709/4886/709 1048/4887/1048
vt 0.779149 0.609957
vt 0.782098 0.612955
vt 0.774198 0.626470
f 894/4888/894 710/4889/710 1259/4890/1259
vt 0.787374 0.605106
vt 0.794136 0.608512
vt 0.791560 0.639286
f 895/4891/895 708/4892/708 1163/4893/1163
vt 0.787374 0.605106
vt 0.782098 0.612955
vt 0.779149 0.609957
f 895/4894/895 710/4895/710 894/4896/894
vt 0.787374 0.605106
vt 0.779149 0.609957
vt 0.783272 0.601778
f 895/4897/895 894/4898/894 1144/4899/1144
vt 0.797415 0.704114
vt 0.621425 0.895076
vt 0.676678 0.865515
f 896/4900/896 705/4901/705 884/4902/884
vt 0.797415 0.704114
vt 0.794136 0.608512
vt 0.794468 0.687227
f 896/4903/896 708/4904/708 1050/4905/1050
vt 0.797415 0.704114
vt 0.676678 0.865515
vt 0.789096 0.731737
f 896/4906/896 884/4907/884 1164/4908/1164
vt 0.783906 0.696906
vt 0.639377 0.872666
vt 0.794468 0.687227
f 897/4909/897 695/4910/695 1050/4911/1050
vt 0.783906 0.696906
vt 0.786779 0.634316
vt 0.771202 0.700959
f 897/4912/897 707/4913/707 1038/4914/1038
vt 0.512841 0.678233
vt 0.510910 0.691195
vt 0.509005 0.680898
f 898/4915/898 711/4916/711 904/4917/904
vt 0.512841 0.678233
vt 0.518181 0.677628
vt 0.517565 0.706316
f 898/4918/898 712/4919/712 1166/4920/1166
vt 0.511151 0.734947
vt 0.510879 0.859437
vt 0.509347 0.735899
f 899/4921/899 699/4922/699 1052/4923/1052
vt 0.511151 0.734947
vt 0.510910 0.691195
vt 0.518273 0.736533
f 899/4924/899 711/4925/711 1076/4926/1076
vt 0.517109 0.676906
vt 0.518181 0.677628
vt 0.512014 0.674162
f 900/4927/900 712/4928/712 1040/4929/1040
vt 0.517109 0.676906
vt 0.518566 0.689270
vt 0.524257 0.685388
f 900/4930/900 713/4931/713 1208/4932/1208
vt 0.526472 0.725017
vt 0.599726 0.867201
vt 0.518273 0.736533
f 901/4933/901 702/4934/702 1076/4935/1076
vt 0.526472 0.725017
vt 0.518181 0.677628
vt 0.533574 0.697418
f 901/4936/901 712/4937/712 970/4938/970
vt 0.513024 0.684062
vt 0.518566 0.689270
vt 0.517109 0.676906
f 902/4939/902 713/4940/713 900/4941/900
vt 0.513024 0.684062
vt 0.509444 0.688779
vt 0.516264 0.712566
f 902/4942/902 714/4943/714 1167/4944/1167
vt 0.513024 0.684062
vt 0.517109 0.676906
vt 0.513232 0.675289
f 902/4945/902 900/4946/900 1253/4947/1253
vt 0.524090 0.730238
vt 0.580886 0.852820
vt 0.556052 0.761019
f 903/4948/903 691/4949/691 973/4950/973
vt 0.524090 0.730238
vt 0.518566 0.689270
vt 0.516264 0.712566
f 903/4951/903 713/4952/713 1167/4953/1167
vt 0.509005 0.680898
vt 0.510910 0.691195
vt 0.508970 0.707904
f 904/4954/904 711/4955/711 1265/4956/1265
vt 0.509005 0.680898
vt 0.509444 0.688779
vt 0.512014 0.674162
f 904/4957/904 714/4958/714 1040/4959/1040
vt 0.510525 0.753704
vt 0.507324 0.857136
vt 0.515732 0.774502
f 905/4960/905 692/4961/692 1264/4962/1264
vt 0.510525 0.753704
vt 0.509444 0.688779
vt 0.509347 0.735899
f 905/4963/905 714/4964/714 1052/4965/1052
vt 0.528671 0.699333
vt 0.518566 0.689270
vt 0.524090 0.730238
f 906/4966/906 713/4967/713 903/4968/903
vt 0.528671 0.699333
vt 0.548525 0.715248
vt 0.529749 0.690185
f 906/4969/906 739/4970/739 1043/4971/1043
vt 0.528671 0.699333
vt 0.524090 0.730238
vt 0.533777 0.731656
f 906/4972/906 903/4973/903 1169/4974/1169
vt 0.689272 0.662095
vt 0.675080 0.666444
vt 0.683221 0.659349
f 907/4975/907 716/4976/716 1041/4977/1041
vt 0.689272 0.662095
vt 0.699475 0.661133
vt 0.693424 0.695546
f 907/4978/907 717/4979/717 1177/4980/1177
vt 0.778569 0.636106
vt 0.782098 0.612955
vt 0.785518 0.666353
f 908/4981/908 710/4982/710 893/4983/893
vt 0.778569 0.636106
vt 0.767290 0.665633
vt 0.762581 0.661411
f 908/4984/908 719/4985/719 923/4986/923
vt 0.778569 0.636106
vt 0.785518 0.666353
vt 0.779630 0.671201
f 908/4987/908 893/4988/893 1171/4989/1171
vt 0.679487 0.673338
vt 0.668360 0.682380
vt 0.678156 0.708375
f 909/4990/909 715/4991/715 1176/4992/1176
vt 0.679487 0.673338
vt 0.689265 0.669826
vt 0.683221 0.659349
f 909/4993/909 718/4994/718 1041/4995/1041
vt 0.656183 0.690185
vt 0.675080 0.666444
vt 0.680960 0.720005
f 910/4996/910 716/4997/716 916/4998/916
vt 0.656183 0.690185
vt 0.630034 0.711425
vt 0.625217 0.703410
f 910/4999/910 741/5000/741 971/5001/971
vt 0.697781 0.682060
vt 0.689265 0.669826
vt 0.683347 0.725639
f 911/5002/911 718/5003/718 915/5004/915
vt 0.697781 0.682060
vt 0.708732 0.692115
vt 0.703460 0.668180
f 911/5005/911 721/5006/721 1045/5007/1045
vt 0.693449 0.657985
vt 0.699475 0.661133
vt 0.689272 0.662095
f 912/5008/912 717/5009/717 907/5010/907
vt 0.693449 0.657985
vt 0.689265 0.669826
vt 0.698253 0.665888
f 912/5011/912 718/5012/718 1173/5013/1173
vt 0.693449 0.657985
vt 0.689272 0.662095
vt 0.688107 0.655930
f 912/5014/912 907/5015/907 1254/5016/1254
vt 0.670698 0.666696
vt 0.668360 0.682380
vt 0.679487 0.673338
f 913/5017/913 715/5018/715 909/5019/909
vt 0.670698 0.666696
vt 0.675080 0.666444
vt 0.658142 0.678504
f 913/5020/913 716/5021/716 1255/5022/1255
vt 0.670698 0.666696
vt 0.679487 0.673338
vt 0.678355 0.662581
f 913/5023/913 909/5024/909 1174/5025/1174
vt 0.662977 0.730649
vt 0.580886 0.852820
vt 0.683347 0.725639
f 914/5026/914 691/5027/691 915/5028/915
vt 0.662977 0.730649
vt 0.668360 0.682380
vt 0.650908 0.695011
f 914/5029/914 715/5030/715 968/5031/968
vt 0.683347 0.725639
vt 0.580886 0.852820
vt 0.693930 0.748455
f 915/5032/915 691/5033/691 925/5034/925
vt 0.683347 0.725639
vt 0.689265 0.669826
vt 0.678156 0.708375
f 915/5035/915 718/5036/718 1176/5037/1176
vt 0.680960 0.720005
vt 0.599726 0.867201
vt 0.633233 0.756659
f 916/5038/916 702/5039/702 975/5040/975
vt 0.680960 0.720005
vt 0.675080 0.666444
vt 0.693424 0.695546
f 916/5041/916 716/5042/716 1177/5043/1177
vt 0.702962 0.712435
vt 0.599726 0.867201
vt 0.680960 0.720005
f 917/5044/917 702/5045/702 916/5046/916
vt 0.702962 0.712435
vt 0.699475 0.661133
vt 0.711387 0.672077
f 917/5047/917 717/5048/717 919/5049/919
vt 0.702962 0.712435
vt 0.680960 0.720005
vt 0.693424 0.695546
f 917/5050/917 916/5051/916 1177/5052/1177
vt 0.749128 0.678261
vt 0.767290 0.665633
vt 0.759402 0.718345
f 918/5053/918 719/5054/719 927/5055/927
vt 0.749128 0.678261
vt 0.727254 0.680978
vt 0.739365 0.677417
f 918/5056/918 720/5057/720 1049/5058/1049
vt 0.711387 0.672077
vt 0.699475 0.661133
vt 0.703460 0.668180
f 919/5059/919 717/5060/717 1045/5061/1045
vt 0.711387 0.672077
vt 0.727254 0.680978
vt 0.712715 0.706125
f 919/5062/919 720/5063/720 1182/5064/1182
vt 0.727556 0.696672
vt 0.708732 0.692115
vt 0.715012 0.736854
f 920/5065/920 721/5066/721 1181/5067/1181
vt 0.727556 0.696672
vt 0.753750 0.676433
vt 0.739365 0.677417
f 920/5068/920 722/5069/722 1049/5070/1049
vt 0.769493 0.648836
vt 0.777854 0.623130
vt 0.774198 0.626470
f 921/5071/921 709/5072/709 1259/5073/1259
vt 0.769493 0.648836
vt 0.753750 0.676433
vt 0.758788 0.695645
f 921/5074/921 722/5075/722 1180/5076/1180
vt 0.717513 0.680042
vt 0.727254 0.680978
vt 0.711387 0.672077
f 922/5077/922 720/5078/720 919/5079/919
vt 0.717513 0.680042
vt 0.708732 0.692115
vt 0.728487 0.682952
f 922/5080/922 721/5081/721 1262/5082/1262
vt 0.717513 0.680042
vt 0.711387 0.672077
vt 0.709773 0.670316
f 922/5083/922 919/5084/919 1258/5085/1258
vt 0.762581 0.661411
vt 0.767290 0.665633
vt 0.750260 0.671067
f 923/5086/923 719/5087/719 1178/5088/1178
vt 0.762581 0.661411
vt 0.753750 0.676433
vt 0.772718 0.639737
f 923/5089/923 722/5090/722 1179/5091/1179
vt 0.729533 0.740097
vt 0.580886 0.852820
vt 0.766070 0.690837
f 924/5092/924 691/5093/691 891/5094/891
vt 0.729533 0.740097
vt 0.753750 0.676433
vt 0.727556 0.696672
f 924/5095/924 722/5096/722 920/5097/920
vt 0.729533 0.740097
vt 0.766070 0.690837
vt 0.758788 0.695645
f 924/5098/924 891/5099/891 1180/5100/1180
vt 0.729533 0.740097
vt 0.727556 0.696672
vt 0.715012 0.736854
f 924/5101/924 920/5102/920 1181/5103/1181
vt 0.693930 0.748455
vt 0.580886 0.852820
vt 0.729533 0.740097
f 925/5104/925 691/5105/691 924/5106/924
vt 0.693930 0.748455
vt 0.708732 0.692115
vt 0.692132 0.720929
f 925/5107/925 721/5108/721 1172/5109/1172
vt 0.693930 0.748455
vt 0.729533 0.740097
vt 0.715012 0.736854
f 925/5110/925 924/5111/924 1181/5112/1181
vt 0.721658 0.733451
vt 0.599726 0.867201
vt 0.702962 0.712435
f 926/5113/926 702/5114/702 917/5115/917
vt 0.721658 0.733451
vt 0.727254 0.680978
vt 0.743220 0.717688
f 926/5116/926 720/5117/720 1183/5118/1183
vt 0.721658 0.733451
vt 0.702962 0.712435
vt 0.712715 0.706125
f 926/5119/926 917/5120/917 1182/5121/1182
vt 0.759402 0.718345
vt 0.599726 0.867201
vt 0.721658 0.733451
f 927/5122/927 702/5123/702 926/5124/926
vt 0.759402 0.718345
vt 0.767290 0.665633
vt 0.779630 0.671201
f 927/5125/927 719/5126/719 1171/5127/1171
vt 0.759402 0.718345
vt 0.721658 0.733451
vt 0.743220 0.717688
f 927/5128/927 926/5129/926 1183/5130/1183
vt 0.149368 0.665487
vt 0.358255 0.859334
vt 0.170851 0.698511
f 928/5131/928 693/5132/693 991/5133/991
vt 0.149368 0.665487
vt 0.134855 0.547635
vt 0.139417 0.652842
f 928/5134/928 723/5135/723 1032/5136/1032
vt 0.137496 0.530552
vt 0.134855 0.547635
vt 0.138154 0.543121
f 929/5137/929 723/5138/723 1272/5139/1272
vt 0.137496 0.530552
vt 0.134189 0.540256
vt 0.133177 0.525294
f 929/5140/929 724/5141/724 934/5142/934
vt 0.130817 0.645214
vt 0.375215 0.888578
vt 0.139417 0.652842
f 930/5143/930 697/5144/697 1032/5145/1032
vt 0.130817 0.645214
vt 0.124106 0.552916
vt 0.122201 0.626147
f 930/5146/930 725/5147/725 1033/5148/1033
vt 0.130298 0.539154
vt 0.134855 0.547635
vt 0.132758 0.521590
f 931/5149/931 723/5150/723 1247/5151/1247
vt 0.130298 0.539154
vt 0.124106 0.552916
vt 0.127174 0.593568
f 931/5152/931 725/5153/725 1184/5154/1184
vt 0.119632 0.583938
vt 0.346410 0.894594
vt 0.122201 0.626147
f 932/5155/932 706/5156/706 1033/5157/1033
vt 0.119632 0.583938
vt 0.129842 0.525341
vt 0.124020 0.564815
f 932/5158/932 726/5159/726 1186/5160/1186
vt 0.128489 0.525302
vt 0.124106 0.552916
vt 0.130298 0.539154
f 933/5161/933 725/5162/725 931/5163/931
vt 0.128489 0.525302
vt 0.129842 0.525341
vt 0.119691 0.566319
f 933/5164/933 726/5165/726 1185/5166/1185
vt 0.128489 0.525302
vt 0.130298 0.539154
vt 0.132758 0.521590
f 933/5167/933 931/5168/931 1247/5169/1247
vt 0.133177 0.525294
vt 0.134189 0.540256
vt 0.124020 0.564815
f 934/5170/934 724/5171/724 1186/5172/1186
vt 0.133177 0.525294
vt 0.129842 0.525341
vt 0.134594 0.521710
f 934/5173/934 726/5174/726 1034/5175/1034
vt 0.506826 0.592170
vt 0.481126 0.872735
vt 0.497961 0.604760
f 935/5176/935 701/5177/701 964/5178/964
vt 0.506826 0.592170
vt 0.505388 0.555502
vt 0.507465 0.580988
f 935/5179/935 727/5180/727 1188/5181/1188
vt 0.502794 0.553600
vt 0.505388 0.555502
vt 0.503354 0.577349
f 936/5182/936 727/5183/727 1187/5184/1187
vt 0.502794 0.553600
vt 0.498596 0.561252
vt 0.498566 0.556730
f 936/5185/936 737/5186/737 966/5187/966
vt 0.504133 0.627890
vt 0.477223 0.854999
vt 0.505336 0.697340
f 937/5188/937 698/5189/698 1242/5190/1242
vt 0.504133 0.627890
vt 0.505381 0.571643
vt 0.501596 0.592797
f 937/5191/937 728/5192/728 1205/5193/1205
vt 0.506175 0.556791
vt 0.505388 0.555502
vt 0.502873 0.553171
f 938/5194/938 727/5195/727 1030/5196/1030
vt 0.506175 0.556791
vt 0.505381 0.571643
vt 0.507465 0.580988
f 938/5197/938 728/5198/728 1188/5199/1188
vt 0.138226 0.583336
vt 0.134855 0.547635
vt 0.149368 0.665487
f 939/5200/939 723/5201/723 928/5202/928
vt 0.138226 0.583336
vt 0.147412 0.620406
vt 0.144092 0.594485
f 939/5203/939 747/5204/747 992/5205/992
vt 0.138226 0.583336
vt 0.149368 0.665487
vt 0.144643 0.637371
f 939/5206/939 928/5207/928 1193/5208/1193
vt 0.306955 0.663967
vt 0.318177 0.670410
vt 0.289409 0.702055
f 940/5209/940 729/5210/729 1197/5211/1197
vt 0.306955 0.663967
vt 0.299828 0.666177
vt 0.316086 0.662436
f 940/5212/940 735/5213/735 1036/5214/1036
vt 0.195679 0.638506
vt 0.201734 0.649099
vt 0.192027 0.671195
f 941/5215/941 730/5216/730 1196/5217/1196
vt 0.195679 0.638506
vt 0.190741 0.630950
vt 0.200770 0.637741
f 941/5218/941 734/5219/734 1152/5220/1152
vt 0.222203 0.692245
vt 0.210484 0.666223
vt 0.233422 0.735233
f 942/5221/942 731/5222/731 947/5223/947
vt 0.222203 0.692245
vt 0.239463 0.714906
vt 0.214378 0.672030
f 942/5224/942 743/5225/743 1058/5226/1058
vt 0.348837 0.704504
vt 0.328342 0.683869
vt 0.354035 0.766642
f 943/5227/943 732/5228/732 946/5229/946
vt 0.348837 0.704504
vt 0.387840 0.723719
vt 0.343758 0.687553
f 943/5230/943 751/5231/751 1053/5232/1053
vt 0.206078 0.649020
vt 0.201734 0.649099
vt 0.195679 0.638506
f 944/5233/944 730/5234/730 941/5235/941
vt 0.206078 0.649020
vt 0.210484 0.666223
vt 0.213363 0.667438
f 944/5236/944 731/5237/731 1214/5238/1214
vt 0.206078 0.649020
vt 0.195679 0.638506
vt 0.200770 0.637741
f 944/5239/944 941/5240/941 1152/5241/1152
vt 0.325625 0.665404
vt 0.318177 0.670410
vt 0.306955 0.663967
f 945/5242/945 729/5243/729 940/5244/940
vt 0.325625 0.665404
vt 0.328342 0.683869
vt 0.338393 0.681102
f 945/5245/945 732/5246/732 1226/5247/1226
vt 0.325625 0.665404
vt 0.306955 0.663967
vt 0.316959 0.658781
f 945/5248/945 940/5249/940 1249/5250/1249
vt 0.354035 0.766642
vt 0.477223 0.854999
vt 0.405352 0.782517
f 946/5251/946 698/5252/698 1001/5253/1001
vt 0.354035 0.766642
vt 0.328342 0.683869
vt 0.329963 0.758171
f 946/5254/946 732/5255/732 948/5256/948
vt 0.233422 0.735233
vt 0.358255 0.859334
vt 0.270164 0.774030
f 947/5257/947 693/5258/693 983/5259/983
vt 0.233422 0.735233
vt 0.210484 0.666223
vt 0.217430 0.707147
f 947/5260/947 731/5261/731 1199/5262/1199
vt 0.329963 0.758171
vt 0.358255 0.859334
vt 0.358113 0.799863
f 948/5263/948 693/5264/693 1194/5265/1194
vt 0.329963 0.758171
vt 0.328342 0.683869
vt 0.318096 0.723351
f 948/5266/948 732/5267/732 1202/5268/1202
vt 0.325863 0.759230
vt 0.481126 0.872735
vt 0.318291 0.795358
f 949/5269/949 701/5270/701 1195/5271/1195
vt 0.325863 0.759230
vt 0.318177 0.670410
vt 0.339023 0.695304
f 949/5272/949 729/5273/729 1000/5274/1000
vt 0.199267 0.698198
vt 0.300817 0.858042
vt 0.187901 0.684239
f 950/5275/950 700/5276/700 956/5277/956
vt 0.199267 0.698198
vt 0.201734 0.649099
vt 0.208103 0.671868
f 950/5278/950 730/5279/730 980/5280/980
vt 0.292011 0.741298
vt 0.300817 0.858042
vt 0.277987 0.724220
f 951/5281/951 700/5282/700 961/5283/961
vt 0.292011 0.741298
vt 0.318177 0.670410
vt 0.325863 0.759230
f 951/5284/951 729/5285/729 949/5286/949
vt 0.292011 0.741298
vt 0.325863 0.759230
vt 0.318291 0.795358
f 951/5287/951 949/5288/949 1195/5289/1195
vt 0.205406 0.661795
vt 0.210484 0.666223
vt 0.200742 0.640363
f 952/5290/952 731/5291/731 1037/5292/1037
vt 0.205406 0.661795
vt 0.199444 0.660962
vt 0.217430 0.707147
f 952/5293/952 733/5294/733 1199/5295/1199
vt 0.179456 0.632717
vt 0.190741 0.630950
vt 0.179325 0.667888
f 953/5296/953 734/5297/734 1200/5298/1200
vt 0.179456 0.632717
vt 0.168522 0.632102
vt 0.171982 0.629936
f 953/5299/953 749/5300/749 994/5301/994
vt 0.195279 0.637880
vt 0.199444 0.660962
vt 0.205406 0.661795
f 954/5302/954 733/5303/733 952/5304/952
vt 0.195279 0.637880
vt 0.190741 0.630950
vt 0.189829 0.639692
f 954/5305/954 734/5306/734 1274/5307/1274
vt 0.195279 0.637880
vt 0.205406 0.661795
vt 0.200491 0.642858
f 954/5308/954 952/5309/952 1250/5310/1250
vt 0.218828 0.723639
vt 0.358255 0.859334
vt 0.233422 0.735233
f 955/5311/955 693/5312/693 947/5313/947
vt 0.218828 0.723639
vt 0.199444 0.660962
vt 0.204834 0.707415
f 955/5314/955 733/5315/733 1224/5316/1224
vt 0.218828 0.723639
vt 0.233422 0.735233
vt 0.217430 0.707147
f 955/5317/955 947/5318/947 1199/5319/1199
vt 0.187901 0.684239
vt 0.300817 0.858042
vt 0.171831 0.682889
f 956/5320/956 700/5321/700 995/5322/995
vt 0.187901 0.684239
vt 0.190741 0.630950
vt 0.195679 0.638506
f 956/5323/956 734/5324/734 941/5325/941
vt 0.187901 0.684239
vt 0.195679 0.638506
vt 0.192027 0.671195
f 956/5326/956 941/5327/941 1196/5328/1196
vt 0.284953 0.683799
vt 0.299828 0.666177
vt 0.277987 0.724220
f 957/5329/957 735/5330/735 961/5331/961
vt 0.284953 0.683799
vt 0.269598 0.702272
vt 0.294124 0.685206
f 957/5332/957 745/5333/745 1056/5334/1056
vt 0.318474 0.681305
vt 0.328342 0.683869
vt 0.315263 0.666056
f 958/5335/958 732/5336/732 1190/5337/1190
vt 0.318474 0.681305
vt 0.308715 0.684997
vt 0.318096 0.723351
f 958/5338/958 736/5339/736 1202/5340/1202
vt 0.306752 0.666504
vt 0.299828 0.666177
vt 0.296116 0.673759
f 959/5341/959 735/5342/735 1201/5343/1201
vt 0.306752 0.666504
vt 0.308715 0.684997
vt 0.318474 0.681305
f 959/5344/959 736/5345/736 958/5346/958
vt 0.306752 0.666504
vt 0.318474 0.681305
vt 0.315263 0.666056
f 959/5347/959 958/5348/958 1190/5349/1190
vt 0.313883 0.746275
vt 0.358255 0.859334
vt 0.329963 0.758171
f 960/5350/960 693/5351/693 948/5352/948
vt 0.313883 0.746275
vt 0.308715 0.684997
vt 0.299783 0.707219
f 960/5353/960 736/5354/736 978/5355/978
vt 0.313883 0.746275
vt 0.329963 0.758171
vt 0.318096 0.723351
f 960/5356/960 948/5357/948 1202/5358/1202
vt 0.277987 0.724220
vt 0.300817 0.858042
vt 0.261592 0.752450
f 961/5359/961 700/5360/700 985/5361/985
vt 0.277987 0.724220
vt 0.299828 0.666177
vt 0.289409 0.702055
f 961/5362/961 735/5363/735 1197/5364/1197
vt 0.492090 0.579361
vt 0.498596 0.561252
vt 0.497961 0.604760
f 962/5365/962 737/5366/737 964/5367/964
vt 0.492090 0.579361
vt 0.469815 0.637744
vt 0.491166 0.581690
f 962/5368/962 753/5369/753 1055/5370/1055
vt 0.502652 0.563117
vt 0.505381 0.571643
vt 0.506175 0.556791
f 963/5371/963 728/5372/728 938/5373/938
vt 0.502652 0.563117
vt 0.498158 0.566041
vt 0.501596 0.592797
f 963/5374/963 738/5375/738 1205/5376/1205
vt 0.502652 0.563117
vt 0.506175 0.556791
vt 0.504024 0.554175
f 963/5377/963 938/5378/938 1243/5379/1243
vt 0.497961 0.604760
vt 0.481126 0.872735
vt 0.465399 0.725240
f 964/5380/964 701/5381/701 1005/5382/1005
vt 0.497961 0.604760
vt 0.498596 0.561252
vt 0.503354 0.577349
f 964/5383/964 737/5384/737 1187/5385/1187
vt 0.496268 0.622199
vt 0.477223 0.854999
vt 0.504133 0.627890
f 965/5386/965 698/5387/698 937/5388/937
vt 0.496268 0.622199
vt 0.498158 0.566041
vt 0.489513 0.602202
f 965/5389/965 738/5390/738 998/5391/998
vt 0.496268 0.622199
vt 0.504133 0.627890
vt 0.501596 0.592797
f 965/5392/965 937/5393/937 1205/5394/1205
vt 0.498566 0.556730
vt 0.498596 0.561252
vt 0.494477 0.567722
f 966/5395/966 737/5396/737 1228/5397/1228
vt 0.498566 0.556730
vt 0.498158 0.566041
vt 0.502873 0.553171
f 966/5398/966 738/5399/738 1030/5400/1030
vt 0.582015 0.724144
vt 0.548525 0.715248
vt 0.556052 0.761019
f 967/5401/967 739/5402/739 973/5403/973
vt 0.582015 0.724144
vt 0.620341 0.711464
vt 0.588169 0.713001
f 967/5404/967 740/5405/740 1044/5406/1044
vt 0.650908 0.695011
vt 0.668360 0.682380
vt 0.658142 0.678504
f 968/5407/968 715/5408/715 1255/5409/1255
vt 0.650908 0.695011
vt 0.620341 0.711464
vt 0.645760 0.731192
f 968/5410/968 740/5411/740 1210/5412/1210
vt 0.596756 0.719075
vt 0.630034 0.711425
vt 0.597855 0.753298
f 969/5413/969 741/5414/741 1211/5415/1211
vt 0.596756 0.719075
vt 0.561096 0.715579
vt 0.588169 0.713001
f 969/5416/969 742/5417/742 1044/5418/1044
vt 0.533574 0.697418
vt 0.518181 0.677628
vt 0.529749 0.690185
f 970/5419/970 712/5420/712 1043/5421/1043
vt 0.533574 0.697418
vt 0.561096 0.715579
vt 0.537325 0.727031
f 970/5422/970 742/5423/742 1212/5424/1212
vt 0.625217 0.703410
vt 0.620341 0.711464
vt 0.645903 0.689527
f 971/5425/971 740/5426/740 1175/5427/1175
vt 0.625217 0.703410
vt 0.630034 0.711425
vt 0.602167 0.710268
f 971/5428/971 741/5429/741 1257/5430/1257
vt 0.553265 0.709771
vt 0.548525 0.715248
vt 0.574777 0.714846
f 972/5431/972 739/5432/739 1207/5433/1207
vt 0.553265 0.709771
vt 0.561096 0.715579
vt 0.533574 0.697418
f 972/5434/972 742/5435/742 970/5436/970
vt 0.553265 0.709771
vt 0.533574 0.697418
vt 0.536489 0.696200
f 972/5437/972 970/5438/970 1256/5439/1256
vt 0.556052 0.761019
vt 0.580886 0.852820
vt 0.615066 0.760324
f 973/5440/973 691/5441/691 974/5442/974
vt 0.556052 0.761019
vt 0.548525 0.715248
vt 0.533777 0.731656
f 973/5443/973 739/5444/739 1169/5445/1169
vt 0.556052 0.761019
vt 0.615066 0.760324
vt 0.584729 0.755166
f 973/5446/973 974/5447/974 1209/5448/1209
vt 0.615066 0.760324
vt 0.580886 0.852820
vt 0.662977 0.730649
f 974/5449/974 691/5450/691 914/5451/914
vt 0.615066 0.760324
vt 0.620341 0.711464
vt 0.582015 0.724144
f 974/5452/974 740/5453/740 967/5454/967
vt 0.615066 0.760324
vt 0.662977 0.730649
vt 0.645760 0.731192
f 974/5455/974 914/5456/914 1210/5457/1210
vt 0.615066 0.760324
vt 0.582015 0.724144
vt 0.584729 0.755166
f 974/5458/974 967/5459/967 1209/5460/1209
vt 0.633233 0.756659
vt 0.599726 0.867201
vt 0.564810 0.760895
f 975/5461/975 702/5462/702 976/5463/976
vt 0.633233 0.756659
vt 0.630034 0.711425
vt 0.662503 0.722116
f 975/5464/975 741/5465/741 1170/5466/1170
vt 0.633233 0.756659
vt 0.564810 0.760895
vt 0.597855 0.753298
f 975/5467/975 976/5468/976 1211/5469/1211
vt 0.564810 0.760895
vt 0.599726 0.867201
vt 0.526472 0.725017
f 976/5470/976 702/5471/702 901/5472/901
vt 0.564810 0.760895
vt 0.561096 0.715579
vt 0.596756 0.719075
f 976/5473/976 742/5474/742 969/5475/969
vt 0.564810 0.760895
vt 0.526472 0.725017
vt 0.537325 0.727031
f 976/5476/976 901/5477/901 1212/5478/1212
vt 0.564810 0.760895
vt 0.596756 0.719075
vt 0.597855 0.753298
f 976/5479/976 969/5480/969 1211/5481/1211
vt 0.268516 0.730832
vt 0.239463 0.714906
vt 0.270164 0.774030
f 977/5482/977 743/5483/743 983/5484/983
vt 0.268516 0.730832
vt 0.287575 0.727299
vt 0.266641 0.714697
f 977/5485/977 744/5486/744 1213/5487/1213
vt 0.299783 0.707219
vt 0.308715 0.684997
vt 0.294124 0.685206
f 978/5488/978 736/5489/736 1056/5490/1056
vt 0.299783 0.707219
vt 0.287575 0.727299
vt 0.306500 0.745716
f 978/5491/978 744/5492/744 1216/5493/1216
vt 0.241921 0.707174
vt 0.269598 0.702272
vt 0.261592 0.752450
f 979/5494/979 745/5495/745 985/5496/985
vt 0.241921 0.707174
vt 0.222224 0.698224
vt 0.241855 0.703385
f 979/5497/979 746/5498/746 1270/5499/1270
vt 0.208103 0.671868
vt 0.201734 0.649099
vt 0.214378 0.672030
f 980/5500/980 730/5501/730 1058/5502/1058
vt 0.208103 0.671868
vt 0.222224 0.698224
vt 0.206817 0.703197
f 980/5503/980 746/5504/746 1218/5505/1218
vt 0.280349 0.708545
vt 0.287575 0.727299
vt 0.299783 0.707219
f 981/5506/981 744/5507/744 978/5508/978
vt 0.280349 0.708545
vt 0.269598 0.702272
vt 0.266641 0.714697
f 981/5509/981 745/5510/745 1213/5511/1213
vt 0.280349 0.708545
vt 0.299783 0.707219
vt 0.292681 0.697163
f 981/5512/981 978/5513/978 1269/5514/1269
vt 0.228262 0.697065
vt 0.239463 0.714906
vt 0.241855 0.703385
f 982/5515/982 743/5516/743 1270/5517/1270
vt 0.228262 0.697065
vt 0.222224 0.698224
vt 0.208103 0.671868
f 982/5518/982 746/5519/746 980/5520/980
vt 0.228262 0.697065
vt 0.208103 0.671868
vt 0.215510 0.677050
f 982/5521/982 980/5522/980 1271/5523/1271
vt 0.270164 0.774030
vt 0.358255 0.859334
vt 0.304709 0.776492
f 983/5524/983 693/5525/693 984/5526/984
vt 0.270164 0.774030
vt 0.239463 0.714906
vt 0.239958 0.738054
f 983/5527/983 743/5528/743 1192/5529/1192
vt 0.270164 0.774030
vt 0.304709 0.776492
vt 0.283345 0.768885
f 983/5530/983 984/5531/984 1215/5532/1215
vt 0.304709 0.776492
vt 0.358255 0.859334
vt 0.313883 0.746275
f 984/5533/984 693/5534/693 960/5535/960
vt 0.304709 0.776492
vt 0.287575 0.727299
vt 0.268516 0.730832
f 984/5536/984 744/5537/744 977/5538/977
vt 0.304709 0.776492
vt 0.313883 0.746275
vt 0.306500 0.745716
f 984/5539/984 960/5540/960 1216/5541/1216
vt 0.304709 0.776492
vt 0.268516 0.730832
vt 0.283345 0.768885
f 984/5542/984 977/5543/977 1215/5544/1215
vt 0.261592 0.752450
vt 0.300817 0.858042
vt 0.226460 0.742014
f 985/5545/985 700/5546/700 986/5547/986
vt 0.261592 0.752450
vt 0.269598 0.702272
vt 0.272669 0.722453
f 985/5548/985 745/5549/745 1203/5550/1203
vt 0.261592 0.752450
vt 0.226460 0.742014
vt 0.243452 0.740872
f 985/5551/985 986/5552/986 1217/5553/1217
vt 0.226460 0.742014
vt 0.300817 0.858042
vt 0.199267 0.698198
f 986/5554/986 700/5555/700 950/5556/950
vt 0.226460 0.742014
vt 0.222224 0.698224
vt 0.241921 0.707174
f 986/5557/986 746/5558/746 979/5559/979
vt 0.226460 0.742014
vt 0.199267 0.698198
vt 0.206817 0.703197
f 986/5560/986 950/5561/950 1218/5562/1218
vt 0.226460 0.742014
vt 0.241921 0.707174
vt 0.243452 0.740872
f 986/5563/986 979/5564/979 1217/5565/1217
vt 0.161131 0.642104
vt 0.147412 0.620406
vt 0.170851 0.698511
f 987/5566/987 747/5567/747 991/5568/991
vt 0.161131 0.642104
vt 0.176956 0.650211
vt 0.157426 0.616734
f 987/5569/987 748/5570/748 1060/5571/1060
vt 0.191328 0.658881
vt 0.199444 0.660962
vt 0.189829 0.639692
f 988/5572/988 733/5573/733 1274/5574/1274
vt 0.191328 0.658881
vt 0.176956 0.650211
vt 0.204834 0.707415
f 988/5575/988 748/5576/748 1224/5577/1224
vt 0.155640 0.615788
vt 0.168522 0.632102
vt 0.155661 0.653597
f 989/5578/989 749/5579/749 1223/5580/1223
vt 0.155640 0.615788
vt 0.142581 0.586548
vt 0.157426 0.616734
f 989/5581/989 750/5582/750 1060/5583/1060
vt 0.136789 0.555220
vt 0.134189 0.540256
vt 0.138154 0.543121
f 990/5584/990 724/5585/724 1272/5586/1272
vt 0.136789 0.555220
vt 0.142581 0.586548
vt 0.133281 0.597647
f 990/5587/990 750/5588/750 1221/5589/1221
vt 0.170851 0.698511
vt 0.358255 0.859334
vt 0.204844 0.728076
f 991/5590/991 693/5591/693 996/5592/996
vt 0.170851 0.698511
vt 0.147412 0.620406
vt 0.144643 0.637371
f 991/5593/991 747/5594/747 1193/5595/1193
vt 0.144092 0.594485
vt 0.147412 0.620406
vt 0.153375 0.615409
f 992/5596/992 747/5597/747 1198/5598/1198
vt 0.144092 0.594485
vt 0.142581 0.586548
vt 0.139097 0.572384
f 992/5599/992 750/5600/750 1220/5601/1220
vt 0.144747 0.648985
vt 0.300817 0.858042
vt 0.130875 0.620850
f 993/5602/993 700/5603/700 873/5604/873
vt 0.144747 0.648985
vt 0.142581 0.586548
vt 0.155640 0.615788
f 993/5605/993 750/5606/750 989/5607/989
vt 0.144747 0.648985
vt 0.130875 0.620850
vt 0.133281 0.597647
f 993/5608/993 873/5609/873 1221/5610/1221
vt 0.144747 0.648985
vt 0.155640 0.615788
vt 0.155661 0.653597
f 993/5611/993 989/5612/989 1223/5613/1223
vt 0.171982 0.629936
vt 0.176956 0.650211
vt 0.184755 0.635194
f 994/5614/994 748/5615/748 1061/5616/1061
vt 0.171982 0.629936
vt 0.168522 0.632102
vt 0.155640 0.615788
f 994/5617/994 749/5618/749 989/5619/989
vt 0.171982 0.629936
vt 0.155640 0.615788
vt 0.161425 0.617836
f 994/5620/994 989/5621/989 1273/5622/1273
vt 0.171831 0.682889
vt 0.300817 0.858042
vt 0.144747 0.648985
f 995/5623/995 700/5624/700 993/5625/993
vt 0.171831 0.682889
vt 0.168522 0.632102
vt 0.179325 0.667888
f 995/5626/995 749/5627/749 1200/5628/1200
vt 0.171831 0.682889
vt 0.144747 0.648985
vt 0.155661 0.653597
f 995/5629/995 993/5630/993 1223/5631/1223
vt 0.204844 0.728076
vt 0.358255 0.859334
vt 0.218828 0.723639
f 996/5632/996 693/5633/693 955/5634/955
vt 0.204844 0.728076
vt 0.176956 0.650211
vt 0.180380 0.699530
f 996/5635/996 748/5636/748 1219/5637/1219
vt 0.204844 0.728076
vt 0.218828 0.723639
vt 0.204834 0.707415
f 996/5638/996 955/5639/955 1224/5640/1224
vt 0.437777 0.708350
vt 0.387840 0.723719
vt 0.438347 0.759329
f 997/5641/997 751/5642/751 1225/5643/1225
vt 0.437777 0.708350
vt 0.470610 0.661103
vt 0.446240 0.680720
f 997/5644/997 752/5645/752 1191/5646/1191
vt 0.489513 0.602202
vt 0.498158 0.566041
vt 0.491166 0.581690
f 998/5647/998 738/5648/738 1055/5649/1055
vt 0.489513 0.602202
vt 0.470610 0.661103
vt 0.488720 0.641854
f 998/5650/998 752/5651/752 1230/5652/1230
vt 0.421185 0.702293
vt 0.469815 0.637744
vt 0.465399 0.725240
f 999/5653/999 753/5654/753 1005/5655/1005
vt 0.421185 0.702293
vt 0.374856 0.720245
vt 0.379754 0.711217
f 999/5656/999 754/5657/754 1002/5658/1002
vt 0.339023 0.695304
vt 0.318177 0.670410
vt 0.343758 0.687553
f 1000/5659/1000 729/5660/729 1053/5661/1053
vt 0.339023 0.695304
vt 0.374856 0.720245
vt 0.339352 0.740750
f 1000/5662/1000 754/5663/754 1227/5664/1227
vt 0.405352 0.782517
vt 0.477223 0.854999
vt 0.469096 0.730838
f 1001/5665/1001 698/5666/698 1006/5667/1006
vt 0.405352 0.782517
vt 0.387840 0.723719
vt 0.362773 0.750680
f 1001/5668/1001 751/5669/751 1189/5670/1189
vt 0.379754 0.711217
vt 0.387840 0.723719
vt 0.412763 0.699497
f 1002/5671/1002 751/5672/751 1267/5673/1267
vt 0.379754 0.711217
vt 0.374856 0.720245
vt 0.350574 0.695160
f 1002/5674/1002 754/5675/754 1266/5676/1266
vt 0.384490 0.783609
vt 0.481126 0.872735
vt 0.325863 0.759230
f 1003/5677/1003 701/5678/701 949/5679/949
vt 0.384490 0.783609
vt 0.374856 0.720245
vt 0.425666 0.757658
f 1003/5680/1003 754/5681/754 1229/5682/1229
vt 0.384490 0.783609
vt 0.325863 0.759230
vt 0.339352 0.740750
f 1003/5683/1003 949/5684/949 1227/5685/1227
vt 0.470944 0.641666
vt 0.470610 0.661103
vt 0.489513 0.602202
f 1004/5686/1004 752/5687/752 998/5688/998
vt 0.470944 0.641666
vt 0.469815 0.637744
vt 0.446240 0.680720
f 1004/5689/1004 753/5690/753 1191/5691/1191
vt 0.470944 0.641666
vt 0.489513 0.602202
vt 0.486663 0.600605
f 1004/5692/1004 998/5693/998 1268/5694/1268
vt 0.465399 0.725240
vt 0.481126 0.872735
vt 0.384490 0.783609
f 1005/5695/1005 701/5696/701 1003/5697/1003
vt 0.465399 0.725240
vt 0.469815 0.637744
vt 0.489516 0.623328
f 1005/5698/1005 753/5699/753 1204/5700/1204
vt 0.465399 0.725240
vt 0.384490 0.783609
vt 0.425666 0.757658
f 1005/5701/1005 1003/5702/1003 1229/5703/1229
vt 0.469096 0.730838
vt 0.477223 0.854999
vt 0.496268 0.622199
f 1006/5704/1006 698/5705/698 965/5706/965
vt 0.469096 0.730838
vt 0.470610 0.661103
vt 0.437777 0.708350
f 1006/5707/1006 752/5708/752 997/5709/997
vt 0.469096 0.730838
vt 0.496268 0.622199
vt 0.488720 0.641854
f 1006/5710/1006 965/5711/965 1230/5712/1230
vt 0.469096 0.730838
vt 0.437777 0.708350
vt 0.438347 0.759329
f 1006/5713/1006 997/5714/997 1225/5715/1225
vt 0.677211 0.575111
vt 0.645242 0.577218
vt 0.664280 0.545842
f 1007/5716/1007 755/5717/755 1276/5718/1276
vt 0.677211 0.575111
vt 0.657922 0.577867
vt 0.662711 0.633810
f 1007/5719/1007 758/5720/758 1020/5721/1020
vt 0.687754 0.713392
vt 0.622743 0.867824
vt 0.667177 0.758107
f 1008/5722/1008 679/5723/679 1010/5724/1010
vt 0.687754 0.713392
vt 0.645242 0.577218
vt 0.690080 0.637842
f 1008/5725/1008 755/5726/755 1015/5727/1015
vt 0.609793 0.524223
vt 0.597153 0.500000
vt 0.605786 0.500000
f 1009/5728/1009 19/5729/19 158/5730/158
vt 0.609793 0.524223
vt 0.605786 0.500000
vt 0.615544 0.515973
f 1009/5731/1009 158/5732/158 1129/5733/1129
vt 0.609793 0.524223
vt 0.645242 0.577218
vt 0.616227 0.567174
f 1009/5734/1009 755/5735/755 834/5736/834
vt 0.609793 0.524223
vt 0.616227 0.567174
vt 0.607207 0.538729
f 1009/5737/1009 834/5738/834 1232/5739/1232
vt 0.667177 0.758107
vt 0.622743 0.867824
vt 0.664004 0.789444
f 1010/5740/1010 679/5741/679 1130/5742/1130
vt 0.667177 0.758107
vt 0.654580 0.676323
vt 0.672192 0.697287
f 1010/5743/1010 756/5744/756 1233/5745/1233
vt 0.655325 0.877216
vt 0.622743 0.867824
vt 0.694282 0.821309
f 1011/5746/1011 679/5747/679 1237/5748/1237
vt 0.655325 0.877216
vt 0.624509 0.892317
vt 0.549184 0.964640
f 1011/5749/1011 757/5750/757 1014/5751/1014
vt 0.646961 0.626111
vt 0.645242 0.577218
vt 0.672192 0.697287
f 1012/5752/1012 755/5753/755 1233/5754/1233
vt 0.646961 0.626111
vt 0.654580 0.676323
vt 0.629666 0.616918
f 1012/5755/1012 756/5756/756 799/5757/799
vt 0.646961 0.626111
vt 0.629666 0.616918
vt 0.625451 0.594704
f 1012/5758/1012 799/5759/799 1107/5760/1107
vt 0.667412 0.744987
vt 0.681601 0.800630
vt 0.672496 0.671957
f 1013/5761/1013 675/5762/675 798/5763/798
vt 0.667412 0.744987
vt 0.654580 0.676323
vt 0.667177 0.758107
f 1013/5764/1013 756/5765/756 1010/5766/1010
vt 0.667412 0.744987
vt 0.672496 0.671957
vt 0.653492 0.677612
f 1013/5767/1013 798/5768/798 1234/5769/1234
vt 0.667412 0.744987
vt 0.667177 0.758107
vt 0.664004 0.789444
f 1013/5770/1013 1010/5771/1010 1130/5772/1130
vt -0.450816 0.964640
vt 0.036290 0.500000
vt 0.462787 0.951216
f 1014/5773/1014 33/5774/33 839/5775/839
vt 0.549184 0.964640
vt 0.624509 0.892317
vt 0.780468 0.878791
f 1014/5776/1014 757/5777/757 1135/5778/1135
vt 0.549184 0.964640
vt 0.462787 0.951216
vt 0.567131 0.941347
f 1014/5779/1014 839/5780/839 1235/5781/1235
vt 0.690080 0.637842
vt 0.645242 0.577218
vt 0.677211 0.575111
f 1015/5782/1015 755/5783/755 1007/5784/1007
vt 0.690080 0.637842
vt 0.654742 0.711756
vt 0.699302 0.713620
f 1015/5785/1015 759/5786/759 1231/5787/1231
vt 0.690080 0.637842
vt 0.677211 0.575111
vt 0.662711 0.633810
f 1015/5788/1015 1007/5789/1007 1020/5790/1020
vt 0.708676 0.553357
vt 0.890314 0.500000
vt 0.481345 0.536093
f 1016/5791/1016 26/5792/26 1294/5793/1294
vt 0.648179 0.819900
vt 0.624509 0.892317
vt 0.694282 0.821309
f 1017/5794/1017 757/5795/757 1237/5796/1237
vt 0.648179 0.819900
vt 0.654742 0.711756
vt 0.400020 0.701536
f 1017/5797/1017 759/5798/759 1292/5799/1292
vt 0.682432 0.530293
vt 0.635966 0.500000
vt 0.714676 0.500000
f 1018/5800/1018 110/5801/110 381/5802/381
vt 0.682432 0.530293
vt 0.714676 0.500000
vt 0.657922 0.577867
f 1018/5803/1018 381/5804/381 758/5805/758
vt 0.682432 0.530293
vt 0.657922 0.577867
vt 0.677211 0.575111
f 1018/5806/1018 758/5807/758 1007/5808/1007
vt 0.682432 0.530293
vt 0.677211 0.575111
vt 0.664280 0.545842
f 1018/5809/1018 1007/5810/1007 1276/5811/1276
vt 0.696497 0.787125
vt 0.622743 0.867824
vt 0.687754 0.713392
f 1019/5812/1019 679/5813/679 1008/5814/1008
vt 0.696497 0.787125
vt 0.654742 0.711756
vt 0.648179 0.819900
f 1019/5815/1019 759/5816/759 1017/5817/1017
vt 0.696497 0.787125
vt 0.687754 0.713392
vt 0.699302 0.713620
f 1019/5818/1019 1008/5819/1008 1231/5820/1231
vt 0.696497 0.787125
vt 0.648179 0.819900
vt 0.694282 0.821309
f 1019/5821/1019 1017/5822/1017 1237/5823/1237
vt 0.662711 0.633810
vt 0.657922 0.577867
vt 0.490652 0.593415
f 1020/5824/1020 758/5825/758 1291/5826/1291
vt 0.662711 0.633810
vt 0.654742 0.711756
vt 0.690080 0.637842
f 1020/5827/1020 759/5828/759 1015/5829/1015
vt 0.417227 0.526070
vt 0.421885 0.519662
vt 0.409011 0.513231
f 1021/5830/1021 760/5831/760 1027/5832/1027
vt 0.417227 0.526070
vt 0.412942 0.538448
vt 0.434066 0.533845
f 1021/5833/1021 761/5834/761 1238/5835/1238
vt 0.452381 0.531951
vt 0.657922 0.577867
vt 0.481345 0.536093
f 1022/5836/1022 758/5837/758 1294/5838/1294
vt 0.452381 0.531951
vt 0.421885 0.519662
vt 0.434066 0.533845
f 1022/5839/1022 760/5840/760 1238/5841/1238
vt 0.393167 0.541823
vt 0.412942 0.538448
vt 0.396694 0.525742
f 1023/5842/1023 761/5843/761 1236/5844/1236
vt 0.393167 0.541823
vt 0.372430 0.550529
vt 0.405565 0.564612
f 1023/5845/1023 762/5846/762 1239/5847/1239
vt 0.439700 0.578064
vt 0.654742 0.711756
vt 0.490652 0.593415
f 1024/5848/1024 759/5849/759 1291/5850/1291
vt 0.439700 0.578064
vt 0.412942 0.538448
vt 0.405565 0.564612
f 1024/5851/1024 761/5852/761 1239/5853/1239
vt 0.383751 0.525286
vt 0.372430 0.550529
vt 0.393167 0.541823
f 1025/5854/1025 762/5855/762 1023/5856/1023
vt 0.383751 0.525286
vt 0.397400 0.514403
vt 0.399706 0.513405
f 1025/5857/1025 763/5858/763 1028/5859/1028
vt 0.383751 0.525286
vt 0.393167 0.541823
vt 0.396694 0.525742
f 1025/5860/1025 1023/5861/1023 1236/5862/1236
vt 0.346738 0.651463
vt 0.624509 0.892317
vt 0.648179 0.819900
f 1026/5863/1026 757/5864/757 1017/5865/1017
vt 0.346738 0.651463
vt 0.372430 0.550529
vt 0.365356 0.560937
f 1026/5866/1026 762/5867/762 1079/5868/1079
vt 0.346738 0.651463
vt 0.648179 0.819900
vt 0.400020 0.701536
f 1026/5869/1026 1017/5870/1017 1292/5871/1292
vt 0.409011 0.513231
vt 0.421885 0.519662
vt 0.412755 0.511725
f 1027/5872/1027 760/5873/760 1241/5874/1241
vt 0.409011 0.513231
vt 0.397400 0.514403
vt 0.406748 0.520685
f 1027/5875/1027 763/5876/763 1290/5877/1290
vt 0.399706 0.513405
vt -0.109686 0.500000
vt 0.365356 0.560937
f 1028/5878/1028 26/5879/26 1079/5880/1079
vt 0.399706 0.513405
vt 0.397400 0.514403
vt 0.412755 0.511725
f 1028/5881/1028 763/5882/763 1241/5883/1241
vt 0.507126 0.621463
vt 0.481126 0.872735
vt 0.506826 0.592170
f 1029/5884/1029 701/5885/701 935/5886/935
vt 0.507126 0.621463
vt 0.505381 0.571643
vt 0.504133 0.627890
f 1029/5887/1029 728/5888/728 937/5889/937
vt 0.507126 0.621463
vt 0.506826 0.592170
vt 0.507465 0.580988
f 1029/5890/1029 935/5891/935 1188/5892/1188
vt 0.507126 0.621463
vt 0.504133 0.627890
vt 0.505336 0.697340
f 1029/5893/1029 937/5894/937 1242/5895/1242
vt 0.502873 0.553171
vt 0.505388 0.555502
vt 0.502794 0.553600
f 1030/5896/1030 727/5897/727 936/5898/936
vt 0.502873 0.553171
vt 0.498158 0.566041
vt 0.502652 0.563117
f 1030/5899/1030 738/5900/738 963/5901/963
vt 0.502873 0.553171
vt 0.502794 0.553600
vt 0.501595 0.551871
f 1030/5902/1030 936/5903/936 1206/5904/1206
vt 0.502873 0.553171
vt 0.502652 0.563117
vt 0.504024 0.554175
f 1030/5905/1030 963/5906/963 1243/5907/1243
vt 0.498901 0.877331
vt 0.477223 0.854999
vt 0.495666 0.873173
f 1031/5908/1031 698/5909/698 860/5910/860
vt 0.498901 0.877331
vt 0.510879 0.859437
vt 0.502049 0.888153
f 1031/5911/1031 699/5912/699 875/5913/875
vt 0.498901 0.877331
vt 0.495666 0.873173
vt 0.501746 0.872842
f 1031/5914/1031 860/5915/860 1244/5916/1244
vt 0.498901 0.877331
vt 0.502049 0.888153
vt 0.497192 0.882253
f 1031/5917/1031 875/5918/875 1153/5919/1153
vt 0.139417 0.652842
vt 0.375215 0.888578
vt 0.177147 0.733190
f 1032/5920/1032 697/5921/697 1245/5922/1245
vt 0.139417 0.652842
vt 0.134855 0.547635
vt 0.127174 0.593568
f 1032/5923/1032 723/5924/723 1184/5925/1184
vt 0.122201 0.626147
vt 0.346410 0.894594
vt 0.156159 0.722277
f 1033/5926/1033 706/5927/706 1246/5928/1246
vt 0.122201 0.626147
vt 0.124106 0.552916
vt 0.119691 0.566319
f 1033/5929/1033 725/5930/725 1185/5931/1185
vt 0.134594 0.521710
vt 0.134855 0.547635
vt 0.137496 0.530552
f 1034/5932/1034 723/5933/723 929/5934/929
vt 0.134594 0.521710
vt 0.129842 0.525341
vt 0.128489 0.525302
f 1034/5935/1034 726/5936/726 933/5937/933
vt 0.134594 0.521710
vt 0.137496 0.530552
vt 0.136287 0.521672
f 1034/5938/1034 929/5939/929 1158/5940/1158
vt 0.134594 0.521710
vt 0.128489 0.525302
vt 0.132758 0.521590
f 1034/5941/1034 933/5942/933 1247/5943/1247
vt 0.126028 0.615334
vt 0.346410 0.894594
vt 0.119632 0.583938
f 1035/5944/1035 706/5945/706 932/5946/932
vt 0.126028 0.615334
vt 0.134189 0.540256
vt 0.130875 0.620850
f 1035/5947/1035 724/5948/724 873/5949/873
vt 0.126028 0.615334
vt 0.130875 0.620850
vt 0.143096 0.685963
f 1035/5950/1035 873/5951/873 1248/5952/1248
vt 0.126028 0.615334
vt 0.119632 0.583938
vt 0.124020 0.564815
f 1035/5953/1035 932/5954/932 1186/5955/1186
vt 0.316086 0.662436
vt 0.328342 0.683869
vt 0.325625 0.665404
f 1036/5956/1036 732/5957/732 945/5958/945
vt 0.316086 0.662436
vt 0.299828 0.666177
vt 0.306752 0.666504
f 1036/5959/1036 735/5960/735 959/5961/959
vt 0.316086 0.662436
vt 0.325625 0.665404
vt 0.316959 0.658781
f 1036/5962/1036 945/5963/945 1249/5964/1249
vt 0.316086 0.662436
vt 0.306752 0.666504
vt 0.315263 0.666056
f 1036/5965/1036 959/5966/959 1190/5967/1190
vt 0.200742 0.640363
vt 0.210484 0.666223
vt 0.206078 0.649020
f 1037/5968/1037 731/5969/731 944/5970/944
vt 0.200742 0.640363
vt 0.190741 0.630950
vt 0.195279 0.637880
f 1037/5971/1037 734/5972/734 954/5973/954
vt 0.200742 0.640363
vt 0.206078 0.649020
vt 0.200770 0.637741
f 1037/5974/1037 944/5975/944 1152/5976/1152
vt 0.200742 0.640363
vt 0.195279 0.637880
vt 0.200491 0.642858
f 1037/5977/1037 954/5978/954 1250/5979/1250
vt 0.771202 0.700959
vt 0.580886 0.852820
vt 0.750566 0.757998
f 1038/5980/1038 691/5981/691 1251/5982/1251
vt 0.771202 0.700959
vt 0.786779 0.634316
vt 0.777260 0.662121
f 1038/5983/1038 707/5984/707 1162/5985/1162
vt 0.483840 0.887100
vt 0.507324 0.857136
vt 0.495666 0.873173
f 1039/5986/1039 692/5987/692 860/5988/860
vt 0.483840 0.887100
vt 0.375215 0.888578
vt 0.477702 0.905442
f 1039/5989/1039 697/5990/697 867/5991/867
vt 0.483840 0.887100
vt 0.495666 0.873173
vt 0.483497 0.881721
f 1039/5992/1039 860/5993/860 1161/5994/1161
vt 0.483840 0.887100
vt 0.477702 0.905442
vt 0.489727 0.894717
f 1039/5995/1039 867/5996/867 1252/5997/1252
vt 0.512014 0.674162
vt 0.518181 0.677628
vt 0.512841 0.678233
f 1040/5998/1040 712/5999/712 898/6000/898
vt 0.512014 0.674162
vt 0.509444 0.688779
vt 0.513024 0.684062
f 1040/6001/1040 714/6002/714 902/6003/902
vt 0.512014 0.674162
vt 0.512841 0.678233
vt 0.510792 0.673284
f 1040/6004/1040 898/6005/898 1146/6006/1146
vt 0.512014 0.674162
vt 0.513024 0.684062
vt 0.513232 0.675289
f 1040/6007/1040 902/6008/902 1253/6009/1253
vt 0.683221 0.659349
vt 0.675080 0.666444
vt 0.670698 0.666696
f 1041/6010/1041 716/6011/716 913/6012/913
vt 0.683221 0.659349
vt 0.689265 0.669826
vt 0.693449 0.657985
f 1041/6013/1041 718/6014/718 912/6015/912
vt 0.683221 0.659349
vt 0.693449 0.657985
vt 0.688107 0.655930
f 1041/6016/1041 912/6017/912 1254/6018/1254
vt 0.683221 0.659349
vt 0.670698 0.666696
vt 0.678355 0.662581
f 1041/6019/1041 913/6020/913 1174/6021/1174
vt 0.652108 0.683907
vt 0.675080 0.666444
vt 0.656183 0.690185
f 1042/6022/1042 716/6023/716 910/6024/910
vt 0.652108 0.683907
vt 0.620341 0.711464
vt 0.650908 0.695011
f 1042/6025/1042 740/6026/740 968/6027/968
vt 0.652108 0.683907
vt 0.656183 0.690185
vt 0.645903 0.689527
f 1042/6028/1042 910/6029/910 1175/6030/1175
vt 0.652108 0.683907
vt 0.650908 0.695011
vt 0.658142 0.678504
f 1042/6031/1042 968/6032/968 1255/6033/1255
vt 0.529749 0.690185
vt 0.518181 0.677628
vt 0.524257 0.685388
f 1043/6034/1043 712/6035/712 1208/6036/1208
vt 0.529749 0.690185
vt 0.548525 0.715248
vt 0.536489 0.696200
f 1043/6037/1043 739/6038/739 1256/6039/1256
vt 0.588169 0.713001
vt 0.620341 0.711464
vt 0.602167 0.710268
f 1044/6040/1044 740/6041/740 1257/6042/1257
vt 0.588169 0.713001
vt 0.561096 0.715579
vt 0.574777 0.714846
f 1044/6043/1044 742/6044/742 1207/6045/1207
vt 0.703460 0.668180
vt 0.699475 0.661133
vt 0.698253 0.665888
f 1045/6046/1045 717/6047/717 1173/6048/1173
vt 0.703460 0.668180
vt 0.708732 0.692115
vt 0.709773 0.670316
f 1045/6049/1045 721/6050/721 1258/6051/1258
vt 0.773186 0.632963
vt 0.782098 0.612955
vt 0.778569 0.636106
f 1046/6052/1046 710/6053/710 908/6054/908
vt 0.773186 0.632963
vt 0.753750 0.676433
vt 0.769493 0.648836
f 1046/6055/1046 722/6056/722 921/6057/921
vt 0.773186 0.632963
vt 0.778569 0.636106
vt 0.772718 0.639737
f 1046/6058/1046 908/6059/908 1179/6060/1179
vt 0.773186 0.632963
vt 0.769493 0.648836
vt 0.774198 0.626470
f 1046/6061/1046 921/6062/921 1259/6063/1259
vt 0.792579 0.675433
vt 0.599726 0.867201
vt 0.785518 0.666353
f 1047/6064/1047 702/6065/702 893/6066/893
vt 0.792579 0.675433
vt 0.794136 0.608512
vt 0.796396 0.697296
f 1047/6067/1047 708/6068/708 878/6069/878
vt 0.792579 0.675433
vt 0.796396 0.697296
vt 0.781235 0.730258
f 1047/6070/1047 878/6071/878 1260/6072/1260
vt 0.792579 0.675433
vt 0.785518 0.666353
vt 0.791560 0.639286
f 1047/6073/1047 893/6074/893 1163/6075/1163
vt 0.783947 0.603702
vt 0.794136 0.608512
vt 0.787374 0.605106
f 1048/6076/1048 708/6077/708 895/6078/895
vt 0.783947 0.603702
vt 0.777854 0.623130
vt 0.781924 0.619814
f 1048/6079/1048 709/6080/709 892/6081/892
vt 0.783947 0.603702
vt 0.781924 0.619814
vt 0.784350 0.605263
f 1048/6082/1048 892/6083/892 1261/6084/1261
vt 0.783947 0.603702
vt 0.787374 0.605106
vt 0.783272 0.601778
f 1048/6085/1048 895/6086/895 1144/6087/1144
vt 0.739365 0.677417
vt 0.727254 0.680978
vt 0.728487 0.682952
f 1049/6088/1049 720/6089/720 1262/6090/1262
vt 0.739365 0.677417
vt 0.753750 0.676433
vt 0.750260 0.671067
f 1049/6091/1049 722/6092/722 1178/6093/1178
vt 0.794468 0.687227
vt 0.639377 0.872666
vt 0.779771 0.745088
f 1050/6094/1050 695/6095/695 1165/6096/1165
vt 0.794468 0.687227
vt 0.794136 0.608512
vt 0.794360 0.650025
f 1050/6097/1050 708/6098/708 1263/6099/1263
vt 0.516350 0.739561
vt 0.580886 0.852820
vt 0.524090 0.730238
f 1051/6100/1051 691/6101/691 903/6102/903
vt 0.516350 0.739561
vt 0.509444 0.688779
vt 0.510525 0.753704
f 1051/6103/1051 714/6104/714 905/6105/905
vt 0.516350 0.739561
vt 0.524090 0.730238
vt 0.516264 0.712566
f 1051/6106/1051 903/6107/903 1167/6108/1167
vt 0.516350 0.739561
vt 0.510525 0.753704
vt 0.515732 0.774502
f 1051/6109/1051 905/6110/905 1264/6111/1264
vt 0.509347 0.735899
vt 0.510879 0.859437
vt 0.509577 0.772586
f 1052/6112/1052 699/6113/699 1168/6114/1168
vt 0.509347 0.735899
vt 0.509444 0.688779
vt 0.508970 0.707904
f 1052/6115/1052 714/6116/714 1265/6117/1265
vt 0.343758 0.687553
vt 0.318177 0.670410
vt 0.338393 0.681102
f 1053/6118/1053 729/6119/729 1226/6120/1226
vt 0.343758 0.687553
vt 0.387840 0.723719
vt 0.350574 0.695160
f 1053/6121/1053 751/6122/751 1266/6123/1266
vt 0.430669 0.690238
vt 0.387840 0.723719
vt 0.437777 0.708350
f 1054/6124/1054 751/6125/751 997/6126/997
vt 0.430669 0.690238
vt 0.469815 0.637744
vt 0.421185 0.702293
f 1054/6127/1054 753/6128/753 999/6129/999
vt 0.430669 0.690238
vt 0.437777 0.708350
vt 0.446240 0.680720
f 1054/6130/1054 997/6131/997 1191/6132/1191
vt 0.430669 0.690238
vt 0.421185 0.702293
vt 0.412763 0.699497
f 1054/6133/1054 999/6134/999 1267/6135/1267
vt 0.491166 0.581690
vt 0.498158 0.566041
vt 0.494477 0.567722
f 1055/6136/1055 738/6137/738 1228/6138/1228
vt 0.491166 0.581690
vt 0.469815 0.637744
vt 0.486663 0.600605
f 1055/6139/1055 753/6140/753 1268/6141/1268
vt 0.294124 0.685206
vt 0.308715 0.684997
vt 0.296116 0.673759
f 1056/6142/1056 736/6143/736 1201/6144/1201
vt 0.294124 0.685206
vt 0.269598 0.702272
vt 0.292681 0.697163
f 1056/6145/1056 745/6146/745 1269/6147/1269
vt 0.254111 0.709506
vt 0.239463 0.714906
vt 0.268516 0.730832
f 1057/6148/1057 743/6149/743 977/6150/977
vt 0.254111 0.709506
vt 0.269598 0.702272
vt 0.241921 0.707174
f 1057/6151/1057 745/6152/745 979/6153/979
vt 0.254111 0.709506
vt 0.268516 0.730832
vt 0.266641 0.714697
f 1057/6154/1057 977/6155/977 1213/6156/1213
vt 0.254111 0.709506
vt 0.241921 0.707174
vt 0.241855 0.703385
f 1057/6157/1057 979/6158/979 1270/6159/1270
vt 0.214378 0.672030
vt 0.201734 0.649099
vt 0.213363 0.667438
f 1058/6160/1058 730/6161/730 1214/6162/1214
vt 0.214378 0.672030
vt 0.239463 0.714906
vt 0.215510 0.677050
f 1058/6163/1058 743/6164/743 1271/6165/1271
vt 0.138164 0.556315
vt 0.134855 0.547635
vt 0.138226 0.583336
f 1059/6166/1059 723/6167/723 939/6168/939
vt 0.138164 0.556315
vt 0.142581 0.586548
vt 0.136789 0.555220
f 1059/6169/1059 750/6170/750 990/6171/990
vt 0.138164 0.556315
vt 0.138226 0.583336
vt 0.139097 0.572384
f 1059/6172/1059 939/6173/939 1220/6174/1220
vt 0.138164 0.556315
vt 0.136789 0.555220
vt 0.138154 0.543121
f 1059/6175/1059 990/6176/990 1272/6177/1272
vt 0.157426 0.616734
vt 0.176956 0.650211
vt 0.161425 0.617836
f 1060/6178/1060 748/6179/748 1273/6180/1273
vt 0.157426 0.616734
vt 0.142581 0.586548
vt 0.153375 0.615409
f 1060/6181/1060 750/6182/750 1198/6183/1198
vt 0.184755 0.635194
vt 0.190741 0.630950
vt 0.179703 0.630376
f 1061/6184/1061 734/6185/734 1222/6186/1222
vt 0.184755 0.635194
vt 0.176956 0.650211
vt 0.191328 0.658881
f 1061/6187/1061 748/6188/748 988/6189/988
vt 0.184755 0.635194
vt 0.191328 0.658881
vt 0.189829 0.639692
f 1061/6190/1061 988/6191/988 1274/6192/1274
vt 0.748785 0.839378
vt 0.821769 0.769724
vt 0.819208 0.732524
f 1062/6193/1062 666/6194/666 781/6195/781
vt 0.748785 0.839378
vt 0.646832 0.896535
vt 0.649653 0.901062
f 1062/6196/1062 688/6197/688 848/6198/848
vt 0.748785 0.839378
vt 0.819208 0.732524
vt 0.783489 0.790769
f 1062/6199/1062 781/6200/781 1103/6201/1103
vt 0.748785 0.839378
vt 0.649653 0.901062
vt 0.711204 0.870833
f 1062/6202/1062 848/6203/848 1275/6204/1275
vt 0.638460 0.531824
vt 0.635966 0.500000
vt 0.664280 0.545842
f 1063/6205/1063 110/6206/110 1276/6207/1276
vt 0.638460 0.531824
vt 0.645242 0.577218
vt 0.615544 0.515973
f 1063/6208/1063 755/6209/755 1129/6210/1129
vt 0.552104 0.905314
vt 0.480615 0.905723
vt 0.477300 0.914572
f 1064/6211/1064 680/6212/680 847/6213/847
vt 0.552104 0.905314
vt 0.604069 0.900207
vt 0.653338 0.861950
f 1064/6214/1064 686/6215/686 844/6216/844
vt 0.552104 0.905314
vt 0.653338 0.861950
vt 0.591312 0.886747
f 1064/6217/1064 844/6218/844 1277/6219/1277
vt 0.552104 0.905314
vt 0.477300 0.914572
vt 0.533153 0.912177
f 1064/6220/1064 847/6221/847 1131/6222/1131
vt 0.330058 0.892625
vt 0.182177 0.786237
vt 0.309287 0.886923
f 1065/6223/1065 676/6224/676 1139/6225/1139
vt 0.330058 0.892625
vt 0.501479 0.916656
vt 0.370537 0.901768
f 1065/6226/1065 689/6227/689 1278/6228/1278
vt 0.740645 0.811848
vt 0.805809 0.691187
vt 0.761389 0.742951
f 1066/6229/1066 670/6230/670 790/6231/790
vt 0.740645 0.811848
vt 0.604069 0.900207
vt 0.723579 0.838453
f 1066/6232/1066 686/6233/686 1279/6234/1279
vt 0.740645 0.811848
vt 0.761389 0.742951
vt 0.728219 0.807859
f 1066/6235/1066 790/6236/790 1141/6237/1141
vt 0.371863 0.907818
vt 0.394151 0.921228
vt 0.393328 0.911488
f 1067/6238/1067 696/6239/696 1145/6240/1145
vt 0.371863 0.907818
vt 0.300817 0.858042
vt 0.346564 0.896637
f 1067/6241/1067 700/6242/700 858/6243/858
vt 0.371863 0.907818
vt 0.346564 0.896637
vt 0.346703 0.902199
f 1067/6244/1067 858/6245/858 1280/6246/1280
vt 0.541811 0.924278
vt 0.574834 0.922534
vt 0.568222 0.917895
f 1068/6247/1068 694/6248/694 882/6249/882
vt 0.541811 0.924278
vt 0.515837 0.921279
vt 0.511301 0.928040
f 1068/6250/1068 704/6251/704 836/6252/836
vt 0.541811 0.924278
vt 0.511301 0.928040
vt 0.534016 0.927958
f 1068/6253/1068 836/6254/836 1281/6255/1281
vt 0.541811 0.924278
vt 0.568222 0.917895
vt 0.548716 0.920283
f 1068/6256/1068 882/6257/882 1149/6258/1149
vt 0.474580 0.914767
vt 0.508474 0.907743
vt 0.477702 0.905442
f 1069/6259/1069 690/6260/690 867/6261/867
vt 0.474580 0.914767
vt 0.346410 0.894594
vt 0.478566 0.921458
f 1069/6262/1069 706/6263/706 887/6264/887
vt 0.474580 0.914767
vt 0.477702 0.905442
vt 0.463935 0.910786
f 1069/6265/1069 867/6266/867 1150/6267/1150
vt 0.474580 0.914767
vt 0.478566 0.921458
vt 0.486428 0.917853
f 1069/6268/1069 887/6269/887 1282/6270/1282
vt 0.413665 0.908630
vt 0.301127 0.886625
vt 0.346564 0.896637
f 1070/6271/1070 687/6272/687 858/6273/858
vt 0.413665 0.908630
vt 0.481126 0.872735
vt 0.491138 0.906075
f 1070/6274/1070 701/6275/701 871/6276/871
vt 0.413665 0.908630
vt 0.346564 0.896637
vt 0.390052 0.902511
f 1070/6277/1070 858/6278/858 1154/6279/1154
vt 0.413665 0.908630
vt 0.491138 0.906075
vt 0.443097 0.914268
f 1070/6280/1070 871/6281/871 1283/6282/1283
vt 0.597182 0.900444
vt 0.604069 0.900207
vt 0.574422 0.899548
f 1071/6283/1071 686/6284/686 877/6285/877
vt 0.597182 0.900444
vt 0.668896 0.866859
vt 0.609785 0.901872
f 1071/6286/1071 703/6287/703 856/6288/856
vt 0.597182 0.900444
vt 0.609785 0.901872
vt 0.609012 0.902121
f 1071/6289/1071 856/6290/856 1284/6291/1284
vt 0.597182 0.900444
vt 0.574422 0.899548
vt 0.585078 0.897482
f 1071/6292/1071 877/6293/877 1155/6294/1155
vt 0.545517 0.901616
vt 0.501479 0.916656
vt 0.515935 0.897300
f 1072/6295/1072 689/6296/689 872/6297/872
vt 0.545517 0.901616
vt 0.599726 0.867201
vt 0.574422 0.899548
f 1072/6298/1072 702/6299/702 877/6300/877
vt 0.545517 0.901616
vt 0.515935 0.897300
vt 0.531580 0.895840
f 1072/6301/1072 872/6302/872 1156/6303/1156
vt 0.545517 0.901616
vt 0.574422 0.899548
vt 0.560070 0.904749
f 1072/6304/1072 877/6305/877 1285/6306/1285
vt 0.593528 0.909825
vt 0.646832 0.896535
vt 0.609785 0.901872
f 1073/6307/1073 688/6308/688 856/6309/856
vt 0.593528 0.909825
vt 0.621425 0.895076
vt 0.568222 0.917895
f 1073/6310/1073 705/6311/705 882/6312/882
vt 0.593528 0.909825
vt 0.609785 0.901872
vt 0.597174 0.905133
f 1073/6313/1073 856/6314/856 1157/6315/1157
vt 0.593528 0.909825
vt 0.568222 0.917895
vt 0.588982 0.914417
f 1073/6316/1073 882/6317/882 1286/6318/1286
vt 0.533218 0.911664
vt 0.639377 0.872666
vt 0.531032 0.904843
f 1074/6319/1074 695/6320/695 857/6321/857
vt 0.533218 0.911664
vt 0.515837 0.921279
vt 0.541045 0.916997
f 1074/6322/1074 704/6323/704 886/6324/886
vt 0.533218 0.911664
vt 0.531032 0.904843
vt 0.525246 0.911401
f 1074/6325/1074 857/6326/857 1159/6327/1159
vt 0.533218 0.911664
vt 0.541045 0.916997
vt 0.541721 0.911936
f 1074/6328/1074 886/6329/886 1287/6330/1287
vt 0.468097 0.927311
vt 0.508855 0.937630
vt 0.511301 0.928040
f 1075/6331/1075 671/6332/671 836/6333/836
vt 0.468097 0.927311
vt 0.346410 0.894594
vt 0.419535 0.921132
f 1075/6334/1075 706/6335/706 868/6336/868
vt 0.468097 0.927311
vt 0.511301 0.928040
vt 0.484337 0.925958
f 1075/6337/1075 836/6338/836 1160/6339/1160
vt 0.468097 0.927311
vt 0.419535 0.921132
vt 0.449622 0.928455
f 1075/6340/1075 868/6341/868 1288/6342/1288
vt 0.518273 0.736533
vt 0.599726 0.867201
vt 0.518349 0.777010
f 1076/6343/1076 702/6344/702 1289/6345/1289
vt 0.518273 0.736533
vt 0.510910 0.691195
vt 0.517565 0.706316
f 1076/6346/1076 711/6347/711 1166/6348/1166
vt 0.450819 0.553422
vt 0.657922 0.577867
vt 0.452381 0.531951
f 1077/6349/1077 758/6350/758 1022/6351/1022
vt 0.450819 0.553422
vt 0.412942 0.538448
vt 0.439700 0.578064
f 1077/6352/1077 761/6353/761 1024/6354/1024
vt 0.450819 0.553422
vt 0.452381 0.531951
vt 0.434066 0.533845
f 1077/6355/1077 1022/6356/1022 1238/6357/1238
vt 0.450819 0.553422
vt 0.439700 0.578064
vt 0.490652 0.593415
f 1077/6358/1077 1024/6359/1024 1291/6360/1291
vt 0.399502 0.601254
vt 0.654742 0.711756
vt 0.439700 0.578064
f 1078/6361/1078 759/6362/759 1024/6363/1024
vt 0.399502 0.601254
vt 0.372430 0.550529
vt 0.346738 0.651463
f 1078/6364/1078 762/6365/762 1026/6366/1026
vt 0.399502 0.601254
vt 0.439700 0.578064
vt 0.405565 0.564612
f 1078/6367/1078 1024/6368/1024 1239/6369/1239
vt 0.399502 0.601254
vt 0.346738 0.651463
vt 0.400020 0.701536
f 1078/6370/1078 1026/6371/1026 1292/6372/1292
vt 0.365356 0.560937
vt -0.109686 0.500000
vt 0.338817 0.680930
f 1079/6373/1079 26/6374/26 1240/6375/1240
vt 0.365356 0.560937
vt 0.372430 0.550529
vt 0.381809 0.526512
f 1079/6376/1079 762/6377/762 1293/6378/1293
vt 0.433586 0.519771
vt 0.890314 0.500000
vt 0.399706 0.513405
f 1080/6379/1080 26/6380/26 1028/6381/1028
vt 0.433586 0.519771
vt 0.421885 0.519662
vt 0.452381 0.531951
f 1080/6382/1080 760/6383/760 1022/6384/1022
vt 0.433586 0.519771
vt 0.452381 0.531951
vt 0.481345 0.536093
f 1080/6385/1080 1022/6386/1022 1294/6387/1294
vt 0.433586 0.519771
vt 0.399706 0.513405
vt 0.412755 0.511725
f 1080/6388/1080 1028/6389/1028 1241/6390/1241
vt 0.906267 0.578806
vt 0.901974 0.500000
vt 0.898912 0.566886
f 1081/6391/1081 35/6392/35 767/6393/767
vt 0.906267 0.578806
vt 0.889585 0.619560
vt 0.899433 0.624156
f 1081/6394/1081 661/6395/661 764/6396/764
vt 0.906267 0.578806
vt 0.899433 0.624156
vt 0.914342 0.563409
f 1081/6397/1081 764/6398/764 770/6399/770
vt 0.922890 0.563541
vt 0.909419 0.632928
vt 0.923968 0.608941
f 1082/6400/1082 662/6401/662 768/6402/768
vt 0.922890 0.563541
vt 0.923968 0.608941
vt 0.926832 0.539262
f 1082/6403/1082 768/6404/768 773/6405/773
vt 0.934068 0.524701
vt 0.950383 0.500000
vt 0.928785 0.500000
f 1083/6406/1083 4/6407/4 128/6408/128
vt 0.934068 0.524701
vt 0.928785 0.500000
vt 0.926832 0.539262
f 1083/6409/1083 128/6410/128 773/6411/773
vt 0.934068 0.524701
vt 0.935864 0.595141
vt 0.945121 0.549114
f 1083/6412/1083 663/6413/663 771/6414/771
vt 0.859111 0.516099
vt 0.867173 0.500000
vt 0.833847 0.525441
f 1084/6415/1084 131/6416/131 774/6417/774
vt 0.859111 0.516099
vt 0.841440 0.552944
vt 0.870946 0.528509
f 1084/6418/1084 664/6419/664 777/6420/777
vt 0.872330 0.547276
vt 0.865743 0.599025
vt 0.883613 0.552992
f 1085/6421/1085 665/6422/665 779/6423/779
vt 0.888546 0.570874
vt 0.901974 0.500000
vt 0.883613 0.552992
f 1086/6424/1086 35/6425/35 779/6426/779
vt 0.888546 0.570874
vt 0.889585 0.619560
vt 0.898912 0.566886
f 1086/6427/1086 661/6428/661 767/6429/767
vt 0.086204 0.608418
vt 0.071224 0.500000
vt 0.080098 0.594600
f 1087/6430/1087 36/6431/36 814/6432/814
vt 0.086204 0.608418
vt 0.103680 0.658870
vt 0.084316 0.594424
f 1087/6433/1087 681/6434/681 812/6435/812
vt 0.075582 0.589902
vt 0.096190 0.661585
vt 0.080098 0.594600
f 1088/6436/1088 682/6437/682 814/6438/814
vt 0.075582 0.589902
vt 0.080098 0.594600
vt 0.069157 0.555040
f 1088/6439/1088 814/6440/814 816/6441/816
vt 0.064696 0.531568
vt 0.058187 0.500000
vt 0.062108 0.551586
f 1089/6442/1089 32/6443/32 815/6444/815
vt 0.064696 0.531568
vt 0.068902 0.587967
vt 0.069157 0.555040
f 1089/6445/1089 683/6446/683 816/6447/816
vt 0.066245 0.599784
vt 0.036290 0.500000
vt 0.062227 0.500000
f 1090/6448/1090 33/6449/33 182/6450/182
vt 0.066245 0.599784
vt 0.062227 0.500000
vt 0.078446 0.614520
f 1090/6451/1090 182/6452/182 818/6453/818
vt 0.066245 0.599784
vt 0.222563 0.845854
vt 0.133454 0.775202
f 1090/6454/1090 684/6455/684 817/6456/817
vt 0.145696 0.743557
vt 0.182177 0.786237
vt 0.200611 0.810360
f 1091/6457/1091 676/6458/676 841/6459/841
vt 0.145696 0.743557
vt 0.200611 0.810360
vt 0.118151 0.702539
f 1091/6460/1091 841/6461/841 862/6462/862
vt 0.865319 0.742407
vt 0.909419 0.632928
vt 0.876349 0.704924
f 1092/6463/1092 662/6464/662 819/6465/819
vt 0.901276 0.728305
vt 0.809613 0.833816
vt 0.833029 0.827462
f 1093/6466/1093 667/6467/667 783/6468/783
vt 0.901276 0.728305
vt 0.932401 0.662650
vt 0.907215 0.699079
f 1093/6469/1093 772/6470/772 820/6471/820
vt 0.964111 0.590791
vt 0.985469 0.500000
vt 0.968859 0.500000
f 1094/6472/1094 11/6473/11 127/6474/127
vt 0.964111 0.590791
vt 0.968859 0.500000
vt 0.954555 0.603127
f 1094/6475/1094 127/6476/127 821/6477/821
vt 0.964111 0.590791
vt 0.866655 0.803672
vt 0.934811 0.708238
f 1094/6478/1094 668/6479/668 785/6480/785
vt 0.811533 0.540978
vt 0.824335 0.500000
vt 0.794461 0.535413
f 1095/6481/1095 5/6482/5 822/6483/822
vt 0.842521 0.602219
vt 0.841440 0.552944
vt 0.829331 0.604405
f 1096/6484/1096 664/6485/664 823/6486/823
vt 0.870175 0.655839
vt 0.889585 0.619560
vt 0.879437 0.608629
f 1097/6487/1097 661/6488/661 765/6489/765
vt 0.870175 0.655839
vt 0.879437 0.608629
vt 0.858479 0.670566
f 1097/6490/1097 765/6491/765 824/6492/824
vt 0.595103 0.946464
vt 0.644657 0.940274
vt 0.654327 0.923764
f 1098/6493/1098 784/6494/784 825/6495/825
vt 0.477272 0.977153
vt 0.564231 0.979368
vt 0.612911 0.960564
f 1099/6496/1099 786/6497/786 826/6498/826
vt 0.165893 0.861699
vt 0.015836 0.500000
vt 0.000910 0.500000
f 1100/6499/1100 18/6500/18 144/6501/144
vt 0.165893 0.861699
vt 0.000910 0.500000
vt -0.474517 0.991034
f 1100/6502/1100 144/6503/144 827/6504/827
vt 0.165893 0.861699
vt 0.194232 0.867831
vt 0.068995 0.718390
f 1100/6505/1100 673/6506/673 795/6507/795
vt 0.705359 0.550726
vt 0.724044 0.500000
vt 0.675094 0.536186
f 1101/6508/1101 12/6509/12 828/6510/828
vt 0.774447 0.678174
vt 0.792175 0.631465
vt 0.751495 0.668063
f 1102/6511/1102 788/6512/788 829/6513/829
vt 0.783489 0.790769
vt 0.646832 0.896535
vt 0.748785 0.839378
f 1103/6514/1103 688/6515/688 1062/6516/1062
vt 0.783489 0.790769
vt 0.819208 0.732524
vt 0.761841 0.804569
f 1103/6517/1103 781/6518/781 830/6519/830
vt 0.322244 0.914635
vt 0.146617 0.771079
vt 0.228760 0.864999
f 1104/6520/1104 677/6521/677 794/6522/794
vt 0.322244 0.914635
vt 0.459761 0.948974
vt 0.300905 0.899092
f 1104/6523/1104 791/6524/791 831/6525/831
vt 0.184489 0.842292
vt 0.310410 0.931126
vt 0.172993 0.822932
f 1105/6526/1105 793/6527/793 832/6528/832
vt 0.039407 0.612694
vt 0.015836 0.500000
vt 0.068995 0.718390
f 1106/6529/1106 18/6530/18 795/6531/795
vt 0.039407 0.612694
vt 0.194232 0.867831
vt 0.052481 0.639061
f 1106/6532/1106 673/6533/673 833/6534/833
vt 0.625451 0.594704
vt 0.645242 0.577218
vt 0.646961 0.626111
f 1107/6535/1107 755/6536/755 1012/6537/1012
vt 0.625451 0.594704
vt 0.629666 0.616918
vt 0.616227 0.567174
f 1107/6538/1107 799/6539/799 834/6540/834
vt 0.595753 0.870770
vt 0.591754 0.875452
vt 0.642814 0.835780
f 1108/6541/1108 800/6542/800 835/6543/835
vt 0.452838 0.888068
vt 0.358255 0.859334
vt 0.350374 0.872976
f 1109/6544/1109 693/6545/693 859/6546/859
vt 0.452838 0.888068
vt 0.375215 0.888578
vt 0.468606 0.887263
f 1109/6547/1109 697/6548/697 888/6549/888
vt 0.124206 0.722326
vt 0.096190 0.661585
vt 0.107245 0.699852
f 1110/6550/1110 682/6551/682 805/6552/805
vt 0.124206 0.722326
vt 0.144448 0.755490
vt 0.125022 0.713664
f 1110/6553/1110 801/6554/801 837/6555/837
vt 0.053676 0.554954
vt 0.050186 0.500000
vt 0.055482 0.595395
f 1111/6556/1111 169/6557/169 806/6558/806
vt 0.053676 0.554954
vt 0.084095 0.674050
vt 0.059437 0.576127
f 1111/6559/1111 678/6560/678 838/6561/838
vt 0.372020 0.933902
vt 0.036290 0.500000
vt 0.133454 0.775202
f 1112/6562/1112 33/6563/33 817/6564/817
vt 0.372020 0.933902
vt 0.457415 0.929199
vt 0.462787 0.951216
f 1112/6565/1112 810/6566/810 839/6567/839
vt 0.290545 0.871949
vt 0.480615 0.905723
vt 0.390535 0.909148
f 1113/6568/1113 680/6569/680 840/6570/840
vt 0.290545 0.871949
vt 0.222563 0.845854
vt 0.200611 0.810360
f 1113/6571/1113 684/6572/684 841/6573/841
vt 0.882879 0.673579
vt 0.889585 0.619560
vt 0.871322 0.680103
f 1114/6574/1114 661/6575/661 766/6576/766
vt 0.882879 0.673579
vt 0.871322 0.680103
vt 0.876349 0.704924
f 1114/6577/1114 766/6578/766 819/6579/819
vt 0.911367 0.671370
vt 0.935864 0.595141
vt 0.923968 0.608941
f 1115/6580/1115 663/6581/663 768/6582/768
vt 0.911367 0.671370
vt 0.923968 0.608941
vt 0.889712 0.712358
f 1115/6583/1115 768/6584/768 769/6585/769
vt 0.911367 0.671370
vt 0.889712 0.712358
vt 0.907215 0.699079
f 1115/6586/1115 769/6587/769 820/6588/820
vt 0.948521 0.599015
vt 0.950383 0.500000
vt 0.945121 0.549114
f 1116/6589/1116 4/6590/4 771/6591/771
vt 0.948521 0.599015
vt 0.945121 0.549114
vt 0.932401 0.662650
f 1116/6592/1116 771/6593/771 772/6594/772
vt 0.948521 0.599015
vt 0.932401 0.662650
vt 0.954555 0.603127
f 1116/6595/1116 772/6596/772 821/6597/821
vt 0.773686 0.524482
vt 0.777981 0.500000
vt 0.742758 0.536996
f 1117/6598/1117 130/6599/130 787/6600/787
vt 0.773686 0.524482
vt 0.764598 0.580238
vt 0.794461 0.535413
f 1117/6601/1117 669/6602/669 822/6603/822
vt 0.810412 0.599053
vt 0.805809 0.691187
vt 0.829331 0.604405
f 1118/6604/1118 670/6605/670 823/6606/823
vt 0.810412 0.599053
vt 0.808873 0.566059
vt 0.792175 0.631465
f 1118/6607/1118 776/6608/776 788/6609/788
vt 0.842859 0.679149
vt 0.865743 0.599025
vt 0.842665 0.636899
f 1119/6610/1119 665/6611/665 778/6612/778
vt 0.842859 0.679149
vt 0.842665 0.636899
vt 0.819208 0.732524
f 1119/6613/1119 778/6614/778 781/6615/781
vt 0.842859 0.679149
vt 0.819208 0.732524
vt 0.858479 0.670566
f 1119/6616/1119 781/6617/781 824/6618/824
vt 0.661107 0.914820
vt 0.508855 0.937630
vt 0.654327 0.923764
f 1120/6619/1120 671/6620/671 825/6621/825
vt 0.661107 0.914820
vt 0.651275 0.906231
vt 0.597141 0.925711
f 1120/6622/1120 685/6623/685 843/6624/843
vt 0.661107 0.914820
vt 0.654327 0.923764
vt 0.722921 0.885059
f 1120/6625/1120 825/6626/825 849/6627/849
vt 0.709122 0.920045
vt 0.397393 0.950183
vt 0.612911 0.960564
f 1121/6628/1121 672/6629/672 826/6630/826
vt 0.709122 0.920045
vt 0.833029 0.827462
vt 0.644657 0.940274
f 1121/6631/1121 783/6632/783 784/6633/784
vt 0.741732 0.923579
vt 0.985469 0.500000
vt 0.934811 0.708238
f 1122/6634/1122 11/6635/11 785/6636/785
vt 0.741732 0.923579
vt 0.934811 0.708238
vt 0.564231 0.979368
f 1122/6637/1122 785/6638/785 786/6639/786
vt 0.741732 0.923579
vt 0.564231 0.979368
vt 0.525483 0.991034
f 1122/6640/1122 786/6641/786 827/6642/827
vt 0.645054 0.522204
vt 0.659581 0.500000
vt 0.612638 0.530568
f 1123/6643/1123 146/6644/146 797/6645/797
vt 0.645054 0.522204
vt 0.626016 0.574244
vt 0.675094 0.536186
f 1123/6646/1123 674/6647/674 828/6648/828
vt 0.709888 0.642291
vt 0.700382 0.585120
vt 0.672496 0.671957
f 1124/6649/1124 789/6650/789 798/6651/798
vt 0.709888 0.642291
vt 0.672496 0.671957
vt 0.751495 0.668063
f 1124/6652/1124 798/6653/798 829/6654/829
vt 0.537391 0.895552
vt 0.639377 0.872666
vt 0.622012 0.867474
f 1125/6655/1125 695/6656/695 889/6657/889
vt 0.537391 0.895552
vt 0.530911 0.891470
vt 0.531032 0.904843
f 1125/6658/1125 854/6659/854 857/6660/857
vt 0.176868 0.796514
vt 0.301127 0.886625
vt 0.227989 0.838230
f 1126/6661/1126 687/6662/687 845/6663/845
vt 0.176868 0.796514
vt 0.144448 0.755490
vt 0.219382 0.839691
f 1126/6664/1126 801/6665/801 851/6666/851
vt 0.156519 0.797894
vt 0.228760 0.864999
vt 0.111917 0.725034
f 1127/6667/1127 794/6668/794 804/6669/804
vt 0.156519 0.797894
vt 0.111917 0.725034
vt 0.172993 0.822932
f 1127/6670/1127 804/6671/804 832/6672/832
vt 0.064045 0.654764
vt 0.043188 0.500000
vt 0.052481 0.639061
f 1128/6673/1128 25/6674/25 833/6675/833
vt 0.064045 0.654764
vt 0.107695 0.749521
vt 0.055482 0.595395
f 1128/6676/1128 796/6677/796 806/6678/806
vt 0.615544 0.515973
vt 0.635966 0.500000
vt 0.638460 0.531824
f 1129/6679/1129 110/6680/110 1063/6681/1063
vt 0.615544 0.515973
vt 0.645242 0.577218
vt 0.609793 0.524223
f 1129/6682/1129 755/6683/755 1009/6684/1009
vt 0.664004 0.789444
vt 0.681601 0.800630
vt 0.667412 0.744987
f 1130/6685/1130 675/6686/675 1013/6687/1013
vt 0.664004 0.789444
vt 0.622743 0.867824
vt 0.642814 0.835780
f 1130/6688/1130 679/6689/679 835/6690/835
vt 0.533153 0.912177
vt 0.604069 0.900207
vt 0.552104 0.905314
f 1131/6691/1131 686/6692/686 1064/6693/1064
vt 0.533153 0.912177
vt 0.501479 0.916656
vt 0.552359 0.911206
f 1131/6694/1131 689/6695/689 852/6696/852
vt 0.118898 0.695279
vt 0.182177 0.786237
vt 0.130983 0.714320
f 1132/6697/1132 676/6698/676 803/6699/803
vt 0.118898 0.695279
vt 0.103680 0.658870
vt 0.100110 0.654295
f 1132/6700/1132 681/6701/681 811/6702/811
vt 0.118898 0.695279
vt 0.100110 0.654295
vt 0.125022 0.713664
f 1132/6703/1132 811/6704/811 837/6705/837
vt 0.095404 0.683740
vt 0.146617 0.771079
vt 0.107245 0.699852
f 1133/6706/1133 677/6707/677 805/6708/805
vt 0.095404 0.683740
vt 0.107245 0.699852
vt 0.086948 0.661525
f 1133/6709/1133 805/6710/805 842/6711/842
vt 0.063426 0.584651
vt 0.058187 0.500000
vt 0.059437 0.576127
f 1134/6712/1134 32/6713/32 838/6714/838
vt 0.063426 0.584651
vt 0.071384 0.618759
vt 0.062108 0.551586
f 1134/6715/1134 807/6716/807 815/6717/815
vt 0.780468 0.878791
vt 0.995123 0.500000
vt 0.549184 0.964640
f 1135/6718/1135 171/6719/171 1014/6720/1014
vt 0.780468 0.878791
vt 0.624509 0.892317
vt 0.703782 0.879431
f 1135/6721/1135 757/6722/757 808/6723/808
vt 0.475509 0.915739
vt 0.480615 0.905723
vt 0.539615 0.896770
f 1136/6724/1136 680/6725/680 809/6726/809
vt 0.475509 0.915739
vt 0.539615 0.896770
vt 0.457415 0.929199
f 1136/6727/1136 809/6728/809 810/6729/810
vt 0.475509 0.915739
vt 0.457415 0.929199
vt 0.390535 0.909148
f 1136/6730/1136 810/6731/810 840/6732/840
vt 0.079677 0.638289
vt 0.068902 0.587967
vt 0.071384 0.618759
f 1137/6733/1137 683/6734/683 807/6735/807
vt 0.079677 0.638289
vt 0.071384 0.618759
vt 0.086948 0.661525
f 1137/6736/1137 807/6737/807 842/6738/842
vt 0.576591 0.925654
vt 0.651275 0.906231
vt 0.600672 0.918857
f 1138/6739/1138 685/6740/685 864/6741/864
vt 0.576591 0.925654
vt 0.574834 0.922534
vt 0.551070 0.928924
f 1138/6742/1138 694/6743/694 863/6744/863
vt 0.309287 0.886923
vt 0.182177 0.786237
vt 0.227989 0.838230
f 1139/6745/1139 676/6746/676 845/6747/845
vt 0.309287 0.886923
vt 0.301127 0.886625
vt 0.390547 0.913937
f 1139/6748/1139 687/6749/687 870/6750/870
vt 0.309287 0.886923
vt 0.390547 0.913937
vt 0.330058 0.892625
f 1139/6751/1139 870/6752/870 1065/6753/1065
vt 0.766307 0.849348
vt 0.821769 0.769724
vt 0.741523 0.856292
f 1140/6754/1140 666/6755/666 782/6756/782
vt 0.766307 0.849348
vt 0.651275 0.906231
vt 0.722921 0.885059
f 1140/6757/1140 685/6758/685 849/6759/849
vt 0.728219 0.807859
vt 0.761389 0.742951
vt 0.653338 0.861950
f 1141/6760/1141 790/6761/790 844/6762/844
vt 0.728219 0.807859
vt 0.653338 0.861950
vt 0.740645 0.811848
f 1141/6763/1141 844/6764/844 1066/6765/1066
vt 0.318406 0.901219
vt 0.508855 0.937630
vt 0.420745 0.930845
f 1142/6766/1142 671/6767/671 792/6768/792
vt 0.318406 0.901219
vt 0.301127 0.886625
vt 0.219382 0.839691
f 1142/6769/1142 687/6770/687 851/6771/851
vt 0.318406 0.901219
vt 0.420745 0.930845
vt 0.334603 0.905304
f 1142/6772/1142 792/6773/792 866/6774/866
vt 0.522820 0.884143
vt 0.580886 0.852820
vt 0.522652 0.848628
f 1143/6775/1143 691/6776/691 861/6777/861
vt 0.522820 0.884143
vt 0.507324 0.857136
vt 0.507916 0.889429
f 1143/6778/1143 692/6779/692 853/6780/853
vt 0.522820 0.884143
vt 0.507916 0.889429
vt 0.530911 0.891470
f 1143/6781/1143 853/6782/853 854/6783/854
vt 0.783272 0.601778
vt 0.779149 0.609957
vt 0.783947 0.603702
f 1144/6784/1144 894/6785/894 1048/6786/1048
vt 0.393328 0.911488
vt 0.394151 0.921228
vt 0.419535 0.921132
f 1145/6787/1145 696/6788/696 868/6789/868
vt 0.393328 0.911488
vt 0.346410 0.894594
vt 0.282953 0.860421
f 1145/6790/1145 706/6791/706 885/6792/885
vt 0.393328 0.911488
vt 0.282953 0.860421
vt 0.371863 0.907818
f 1145/6793/1145 885/6794/885 1067/6795/1067
vt 0.510792 0.673284
vt 0.512841 0.678233
vt 0.509005 0.680898
f 1146/6796/1146 898/6797/898 904/6798/904
vt 0.510792 0.673284
vt 0.509005 0.680898
vt 0.512014 0.674162
f 1146/6799/1146 904/6800/904 1040/6801/1040
vt 0.088367 0.627573
vt 0.071224 0.500000
vt 0.084316 0.594424
f 1147/6802/1147 36/6803/36 812/6804/812
vt 0.088367 0.627573
vt 0.103680 0.658870
vt 0.118151 0.702539
f 1147/6805/1147 681/6806/681 862/6807/862
vt 0.614968 0.913138
vt 0.574834 0.922534
vt 0.600672 0.918857
f 1148/6808/1148 694/6809/694 864/6810/864
vt 0.548716 0.920283
vt 0.568222 0.917895
vt 0.541045 0.916997
f 1149/6811/1149 882/6812/882 886/6813/886
vt 0.548716 0.920283
vt 0.541045 0.916997
vt 0.541811 0.924278
f 1149/6814/1149 886/6815/886 1068/6816/1068
vt 0.463935 0.910786
vt 0.375215 0.888578
vt 0.344191 0.887259
f 1150/6817/1150 697/6818/697 883/6819/883
vt 0.463935 0.910786
vt 0.344191 0.887259
vt 0.474580 0.914767
f 1150/6820/1150 883/6821/883 1069/6822/1069
vt 0.506260 0.896449
vt 0.491138 0.906075
vt 0.502049 0.888153
f 1151/6823/1151 871/6824/871 875/6825/875
vt 0.200770 0.637741
vt 0.190741 0.630950
vt 0.200742 0.640363
f 1152/6826/1152 734/6827/734 1037/6828/1037
vt 0.497192 0.882253
vt 0.477223 0.854999
vt 0.498901 0.877331
f 1153/6829/1153 698/6830/698 1031/6831/1031
vt 0.497192 0.882253
vt 0.481126 0.872735
vt 0.497755 0.849233
f 1153/6832/1153 701/6833/701 874/6834/874
vt 0.390052 0.902511
vt 0.300817 0.858042
vt 0.376786 0.876939
f 1154/6835/1154 700/6836/700 876/6837/876
vt 0.390052 0.902511
vt 0.376786 0.876939
vt 0.413665 0.908630
f 1154/6838/1154 876/6839/876 1070/6840/1070
vt 0.585078 0.897482
vt 0.599726 0.867201
vt 0.668887 0.858241
f 1155/6841/1155 702/6842/702 879/6843/879
vt 0.585078 0.897482
vt 0.668887 0.858241
vt 0.597182 0.900444
f 1155/6844/1155 879/6845/879 1071/6846/1071
vt 0.531580 0.895840
vt 0.510879 0.859437
vt 0.528967 0.860831
f 1156/6847/1156 699/6848/699 880/6849/880
vt 0.531580 0.895840
vt 0.599726 0.867201
vt 0.545517 0.901616
f 1156/6850/1156 702/6851/702 1072/6852/1072
vt 0.597174 0.905133
vt 0.621425 0.895076
vt 0.593528 0.909825
f 1157/6853/1157 705/6854/705 1073/6855/1073
vt 0.597174 0.905133
vt 0.609785 0.901872
vt 0.676678 0.865515
f 1157/6856/1157 856/6857/856 884/6858/884
vt 0.136287 0.521672
vt 0.137496 0.530552
vt 0.133177 0.525294
f 1158/6859/1158 929/6860/929 934/6861/934
vt 0.136287 0.521672
vt 0.133177 0.525294
vt 0.134594 0.521710
f 1158/6862/1158 934/6863/934 1034/6864/1034
vt 0.525246 0.911401
vt 0.508474 0.907743
vt 0.509095 0.915695
f 1159/6865/1159 690/6866/690 881/6867/881
vt 0.525246 0.911401
vt 0.509095 0.915695
vt 0.533218 0.911664
f 1159/6868/1159 881/6869/881 1074/6870/1074
vt 0.484337 0.925958
vt 0.515837 0.921279
vt 0.478566 0.921458
f 1160/6871/1160 704/6872/704 887/6873/887
vt 0.484337 0.925958
vt 0.478566 0.921458
vt 0.468097 0.927311
f 1160/6874/1160 887/6875/887 1075/6876/1075
vt 0.483497 0.881721
vt 0.495666 0.873173
vt 0.468606 0.887263
f 1161/6877/1161 860/6878/860 888/6879/888
vt 0.483497 0.881721
vt 0.468606 0.887263
vt 0.483840 0.887100
f 1161/6880/1161 888/6881/888 1039/6882/1039
vt 0.777260 0.662121
vt 0.786779 0.634316
vt 0.781924 0.619814
f 1162/6883/1162 707/6884/707 892/6885/892
vt 0.777260 0.662121
vt 0.777854 0.623130
vt 0.766070 0.690837
f 1162/6886/1162 709/6887/709 891/6888/891
vt 0.777260 0.662121
vt 0.766070 0.690837
vt 0.771202 0.700959
f 1162/6889/1162 891/6890/891 1038/6891/1038
vt 0.791560 0.639286
vt 0.794136 0.608512
vt 0.792579 0.675433
f 1163/6892/1163 708/6893/708 1047/6894/1047
vt 0.791560 0.639286
vt 0.782098 0.612955
vt 0.787374 0.605106
f 1163/6895/1163 710/6896/710 895/6897/895
vt 0.789096 0.731737
vt 0.668896 0.866859
vt 0.796396 0.697296
f 1164/6898/1164 703/6899/703 878/6900/878
vt 0.789096 0.731737
vt 0.796396 0.697296
vt 0.797415 0.704114
f 1164/6901/1164 878/6902/878 896/6903/896
vt 0.779771 0.745088
vt 0.639377 0.872666
vt 0.643658 0.878729
f 1165/6904/1165 695/6905/695 865/6906/865
vt 0.779771 0.745088
vt 0.621425 0.895076
vt 0.797415 0.704114
f 1165/6907/1165 705/6908/705 896/6909/896
vt 0.779771 0.745088
vt 0.797415 0.704114
vt 0.794468 0.687227
f 1165/6910/1165 896/6911/896 1050/6912/1050
vt 0.517565 0.706316
vt 0.510910 0.691195
vt 0.512841 0.678233
f 1166/6913/1166 711/6914/711 898/6915/898
vt 0.517565 0.706316
vt 0.518181 0.677628
vt 0.526472 0.725017
f 1166/6916/1166 712/6917/712 901/6918/901
vt 0.517565 0.706316
vt 0.526472 0.725017
vt 0.518273 0.736533
f 1166/6919/1166 901/6920/901 1076/6921/1076
vt 0.516264 0.712566
vt 0.518566 0.689270
vt 0.513024 0.684062
f 1167/6922/1167 713/6923/713 902/6924/902
vt 0.516264 0.712566
vt 0.509444 0.688779
vt 0.516350 0.739561
f 1167/6925/1167 714/6926/714 1051/6927/1051
vt 0.509577 0.772586
vt 0.507324 0.857136
vt 0.510525 0.753704
f 1168/6928/1168 692/6929/692 905/6930/905
vt 0.509577 0.772586
vt 0.510879 0.859437
vt 0.508009 0.846120
f 1168/6931/1168 699/6932/699 855/6933/855
vt 0.509577 0.772586
vt 0.510525 0.753704
vt 0.509347 0.735899
f 1168/6934/1168 905/6935/905 1052/6936/1052
vt 0.533777 0.731656
vt 0.548525 0.715248
vt 0.528671 0.699333
f 1169/6937/1169 739/6938/739 906/6939/906
vt 0.533777 0.731656
vt 0.524090 0.730238
vt 0.556052 0.761019
f 1169/6940/1169 903/6941/903 973/6942/973
vt 0.662503 0.722116
vt 0.630034 0.711425
vt 0.656183 0.690185
f 1170/6943/1170 741/6944/741 910/6945/910
vt 0.662503 0.722116
vt 0.656183 0.690185
vt 0.680960 0.720005
f 1170/6946/1170 910/6947/910 916/6948/916
vt 0.662503 0.722116
vt 0.680960 0.720005
vt 0.633233 0.756659
f 1170/6949/1170 916/6950/916 975/6951/975
vt 0.779630 0.671201
vt 0.767290 0.665633
vt 0.778569 0.636106
f 1171/6952/1171 719/6953/719 908/6954/908
vt 0.779630 0.671201
vt 0.785518 0.666353
vt 0.759402 0.718345
f 1171/6955/1171 893/6956/893 927/6957/927
vt 0.692132 0.720929
vt 0.708732 0.692115
vt 0.697781 0.682060
f 1172/6958/1172 721/6959/721 911/6960/911
vt 0.692132 0.720929
vt 0.697781 0.682060
vt 0.683347 0.725639
f 1172/6961/1172 911/6962/911 915/6963/915
vt 0.692132 0.720929
vt 0.683347 0.725639
vt 0.693930 0.748455
f 1172/6964/1172 915/6965/915 925/6966/925
vt 0.698253 0.665888
vt 0.699475 0.661133
vt 0.693449 0.657985
f 1173/6967/1173 717/6968/717 912/6969/912
vt 0.698253 0.665888
vt 0.689265 0.669826
vt 0.697781 0.682060
f 1173/6970/1173 718/6971/718 911/6972/911
vt 0.698253 0.665888
vt 0.697781 0.682060
vt 0.703460 0.668180
f 1173/6973/1173 911/6974/911 1045/6975/1045
vt 0.678355 0.662581
vt 0.679487 0.673338
vt 0.683221 0.659349
f 1174/6976/1174 909/6977/909 1041/6978/1041
vt 0.645903 0.689527
vt 0.620341 0.711464
vt 0.652108 0.683907
f 1175/6979/1175 740/6980/740 1042/6981/1042
vt 0.645903 0.689527
vt 0.656183 0.690185
vt 0.625217 0.703410
f 1175/6982/1175 910/6983/910 971/6984/971
vt 0.678156 0.708375
vt 0.668360 0.682380
vt 0.662977 0.730649
f 1176/6985/1176 715/6986/715 914/6987/914
vt 0.678156 0.708375
vt 0.689265 0.669826
vt 0.679487 0.673338
f 1176/6988/1176 718/6989/718 909/6990/909
vt 0.678156 0.708375
vt 0.662977 0.730649
vt 0.683347 0.725639
f 1176/6991/1176 914/6992/914 915/6993/915
vt 0.693424 0.695546
vt 0.675080 0.666444
vt 0.689272 0.662095
f 1177/6994/1177 716/6995/716 907/6996/907
vt 0.693424 0.695546
vt 0.699475 0.661133
vt 0.702962 0.712435
f 1177/6997/1177 717/6998/717 917/6999/917
vt 0.750260 0.671067
vt 0.767290 0.665633
vt 0.749128 0.678261
f 1178/7000/1178 719/7001/719 918/7002/918
vt 0.750260 0.671067
vt 0.753750 0.676433
vt 0.762581 0.661411
f 1178/7003/1178 722/7004/722 923/7005/923
vt 0.750260 0.671067
vt 0.749128 0.678261
vt 0.739365 0.677417
f 1178/7006/1178 918/7007/918 1049/7008/1049
vt 0.772718 0.639737
vt 0.753750 0.676433
vt 0.773186 0.632963
f 1179/7009/1179 722/7010/722 1046/7011/1046
vt 0.772718 0.639737
vt 0.778569 0.636106
vt 0.762581 0.661411
f 1179/7012/1179 908/7013/908 923/7014/923
vt 0.758788 0.695645
vt 0.753750 0.676433
vt 0.729533 0.740097
f 1180/7015/1180 722/7016/722 924/7017/924
vt 0.758788 0.695645
vt 0.766070 0.690837
vt 0.769493 0.648836
f 1180/7018/1180 891/7019/891 921/7020/921
vt 0.715012 0.736854
vt 0.708732 0.692115
vt 0.693930 0.748455
f 1181/7021/1181 721/7022/721 925/7023/925
vt 0.712715 0.706125
vt 0.727254 0.680978
vt 0.721658 0.733451
f 1182/7024/1182 720/7025/720 926/7026/926
vt 0.712715 0.706125
vt 0.702962 0.712435
vt 0.711387 0.672077
f 1182/7027/1182 917/7028/917 919/7029/919
vt 0.743220 0.717688
vt 0.727254 0.680978
vt 0.749128 0.678261
f 1183/7030/1183 720/7031/720 918/7032/918
vt 0.743220 0.717688
vt 0.749128 0.678261
vt 0.759402 0.718345
f 1183/7033/1183 918/7034/918 927/7035/927
vt 0.127174 0.593568
vt 0.134855 0.547635
vt 0.130298 0.539154
f 1184/7036/1184 723/7037/723 931/7038/931
vt 0.127174 0.593568
vt 0.124106 0.552916
vt 0.130817 0.645214
f 1184/7039/1184 725/7040/725 930/7041/930
vt 0.127174 0.593568
vt 0.130817 0.645214
vt 0.139417 0.652842
f 1184/7042/1184 930/7043/930 1032/7044/1032
vt 0.119691 0.566319
vt 0.124106 0.552916
vt 0.128489 0.525302
f 1185/7045/1185 725/7046/725 933/7047/933
vt 0.119691 0.566319
vt 0.129842 0.525341
vt 0.119632 0.583938
f 1185/7048/1185 726/7049/726 932/7050/932
vt 0.119691 0.566319
vt 0.119632 0.583938
vt 0.122201 0.626147
f 1185/7051/1185 932/7052/932 1033/7053/1033
vt 0.124020 0.564815
vt 0.134189 0.540256
vt 0.126028 0.615334
f 1186/7054/1186 724/7055/724 1035/7056/1035
vt 0.124020 0.564815
vt 0.129842 0.525341
vt 0.133177 0.525294
f 1186/7057/1186 726/7058/726 934/7059/934
vt 0.503354 0.577349
vt 0.505388 0.555502
vt 0.506826 0.592170
f 1187/7060/1187 727/7061/727 935/7062/935
vt 0.503354 0.577349
vt 0.498596 0.561252
vt 0.502794 0.553600
f 1187/7063/1187 737/7064/737 936/7065/936
vt 0.503354 0.577349
vt 0.506826 0.592170
vt 0.497961 0.604760
f 1187/7066/1187 935/7067/935 964/7068/964
vt 0.507465 0.580988
vt 0.505388 0.555502
vt 0.506175 0.556791
f 1188/7069/1188 727/7070/727 938/7071/938
vt 0.507465 0.580988
vt 0.505381 0.571643
vt 0.507126 0.621463
f 1188/7072/1188 728/7073/728 1029/7074/1029
vt 0.362773 0.750680
vt 0.387840 0.723719
vt 0.348837 0.704504
f 1189/7075/1189 751/7076/751 943/7077/943
vt 0.362773 0.750680
vt 0.348837 0.704504
vt 0.354035 0.766642
f 1189/7078/1189 943/7079/943 946/7080/946
vt 0.362773 0.750680
vt 0.354035 0.766642
vt 0.405352 0.782517
f 1189/7081/1189 946/7082/946 1001/7083/1001
vt 0.315263 0.666056
vt 0.328342 0.683869
vt 0.316086 0.662436
f 1190/7084/1190 732/7085/732 1036/7086/1036
vt 0.446240 0.680720
vt 0.470610 0.661103
vt 0.470944 0.641666
f 1191/7087/1191 752/7088/752 1004/7089/1004
vt 0.446240 0.680720
vt 0.469815 0.637744
vt 0.430669 0.690238
f 1191/7090/1191 753/7091/753 1054/7092/1054
vt 0.239958 0.738054
vt 0.239463 0.714906
vt 0.222203 0.692245
f 1192/7093/1192 743/7094/743 942/7095/942
vt 0.239958 0.738054
vt 0.222203 0.692245
vt 0.233422 0.735233
f 1192/7096/1192 942/7097/942 947/7098/947
vt 0.239958 0.738054
vt 0.233422 0.735233
vt 0.270164 0.774030
f 1192/7099/1192 947/7100/947 983/7101/983
vt 0.144643 0.637371
vt 0.147412 0.620406
vt 0.138226 0.583336
f 1193/7102/1193 747/7103/747 939/7104/939
vt 0.144643 0.637371
vt 0.149368 0.665487
vt 0.170851 0.698511
f 1193/7105/1193 928/7106/928 991/7107/991
vt 0.358113 0.799863
vt 0.358255 0.859334
vt 0.421409 0.865345
f 1194/7108/1194 693/7109/693 869/7110/869
vt 0.358113 0.799863
vt 0.477223 0.854999
vt 0.354035 0.766642
f 1194/7111/1194 698/7112/698 946/7113/946
vt 0.358113 0.799863
vt 0.354035 0.766642
vt 0.329963 0.758171
f 1194/7114/1194 946/7115/946 948/7116/948
vt 0.318291 0.795358
vt 0.300817 0.858042
vt 0.292011 0.741298
f 1195/7117/1195 700/7118/700 951/7119/951
vt 0.318291 0.795358
vt 0.481126 0.872735
vt 0.376786 0.876939
f 1195/7120/1195 701/7121/701 876/7122/876
vt 0.192027 0.671195
vt 0.201734 0.649099
vt 0.199267 0.698198
f 1196/7123/1196 730/7124/730 950/7125/950
vt 0.192027 0.671195
vt 0.199267 0.698198
vt 0.187901 0.684239
f 1196/7126/1196 950/7127/950 956/7128/956
vt 0.289409 0.702055
vt 0.318177 0.670410
vt 0.292011 0.741298
f 1197/7129/1197 729/7130/729 951/7131/951
vt 0.289409 0.702055
vt 0.299828 0.666177
vt 0.306955 0.663967
f 1197/7132/1197 735/7133/735 940/7134/940
vt 0.289409 0.702055
vt 0.292011 0.741298
vt 0.277987 0.724220
f 1197/7135/1197 951/7136/951 961/7137/961
vt 0.153375 0.615409
vt 0.147412 0.620406
vt 0.161131 0.642104
f 1198/7138/1198 747/7139/747 987/7140/987
vt 0.153375 0.615409
vt 0.142581 0.586548
vt 0.144092 0.594485
f 1198/7141/1198 750/7142/750 992/7143/992
vt 0.153375 0.615409
vt 0.161131 0.642104
vt 0.157426 0.616734
f 1198/7144/1198 987/7145/987 1060/7146/1060
vt 0.217430 0.707147
vt 0.210484 0.666223
vt 0.205406 0.661795
f 1199/7147/1199 731/7148/731 952/7149/952
vt 0.217430 0.707147
vt 0.199444 0.660962
vt 0.218828 0.723639
f 1199/7150/1199 733/7151/733 955/7152/955
vt 0.179325 0.667888
vt 0.190741 0.630950
vt 0.187901 0.684239
f 1200/7153/1200 734/7154/734 956/7155/956
vt 0.179325 0.667888
vt 0.168522 0.632102
vt 0.179456 0.632717
f 1200/7156/1200 749/7157/749 953/7158/953
vt 0.179325 0.667888
vt 0.187901 0.684239
vt 0.171831 0.682889
f 1200/7159/1200 956/7160/956 995/7161/995
vt 0.296116 0.673759
vt 0.299828 0.666177
vt 0.284953 0.683799
f 1201/7162/1201 735/7163/735 957/7164/957
vt 0.296116 0.673759
vt 0.308715 0.684997
vt 0.306752 0.666504
f 1201/7165/1201 736/7166/736 959/7167/959
vt 0.296116 0.673759
vt 0.284953 0.683799
vt 0.294124 0.685206
f 1201/7168/1201 957/7169/957 1056/7170/1056
vt 0.318096 0.723351
vt 0.328342 0.683869
vt 0.318474 0.681305
f 1202/7171/1202 732/7172/732 958/7173/958
vt 0.318096 0.723351
vt 0.308715 0.684997
vt 0.313883 0.746275
f 1202/7174/1202 736/7175/736 960/7176/960
vt 0.272669 0.722453
vt 0.269598 0.702272
vt 0.284953 0.683799
f 1203/7177/1203 745/7178/745 957/7179/957
vt 0.272669 0.722453
vt 0.284953 0.683799
vt 0.277987 0.724220
f 1203/7180/1203 957/7181/957 961/7182/961
vt 0.272669 0.722453
vt 0.277987 0.724220
vt 0.261592 0.752450
f 1203/7183/1203 961/7184/961 985/7185/985
vt 0.489516 0.623328
vt 0.469815 0.637744
vt 0.492090 0.579361
f 1204/7186/1204 753/7187/753 962/7188/962
vt 0.489516 0.623328
vt 0.492090 0.579361
vt 0.497961 0.604760
f 1204/7189/1204 962/7190/962 964/7191/964
vt 0.489516 0.623328
vt 0.497961 0.604760
vt 0.465399 0.725240
f 1204/7192/1204 964/7193/964 1005/7194/1005
vt 0.501596 0.592797
vt 0.505381 0.571643
vt 0.502652 0.563117
f 1205/7195/1205 728/7196/728 963/7197/963
vt 0.501596 0.592797
vt 0.498158 0.566041
vt 0.496268 0.622199
f 1205/7198/1205 738/7199/738 965/7200/965
vt 0.501595 0.551871
vt 0.502794 0.553600
vt 0.498566 0.556730
f 1206/7201/1206 936/7202/936 966/7203/966
vt 0.501595 0.551871
vt 0.498566 0.556730
vt 0.502873 0.553171
f 1206/7204/1206 966/7205/966 1030/7206/1030
vt 0.574777 0.714846
vt 0.548525 0.715248
vt 0.582015 0.724144
f 1207/7207/1207 739/7208/739 967/7209/967
vt 0.574777 0.714846
vt 0.561096 0.715579
vt 0.553265 0.709771
f 1207/7210/1207 742/7211/742 972/7212/972
vt 0.574777 0.714846
vt 0.582015 0.724144
vt 0.588169 0.713001
f 1207/7213/1207 967/7214/967 1044/7215/1044
vt 0.524257 0.685388
vt 0.518181 0.677628
vt 0.517109 0.676906
f 1208/7216/1208 712/7217/712 900/7218/900
vt 0.524257 0.685388
vt 0.518566 0.689270
vt 0.528671 0.699333
f 1208/7219/1208 713/7220/713 906/7221/906
vt 0.524257 0.685388
vt 0.528671 0.699333
vt 0.529749 0.690185
f 1208/7222/1208 906/7223/906 1043/7224/1043
vt 0.584729 0.755166
vt 0.582015 0.724144
vt 0.556052 0.761019
f 1209/7225/1209 967/7226/967 973/7227/973
vt 0.645760 0.731192
vt 0.620341 0.711464
vt 0.615066 0.760324
f 1210/7228/1210 740/7229/740 974/7230/974
vt 0.645760 0.731192
vt 0.662977 0.730649
vt 0.650908 0.695011
f 1210/7231/1210 914/7232/914 968/7233/968
vt 0.597855 0.753298
vt 0.630034 0.711425
vt 0.633233 0.756659
f 1211/7234/1211 741/7235/741 975/7236/975
vt 0.537325 0.727031
vt 0.561096 0.715579
vt 0.564810 0.760895
f 1212/7237/1212 742/7238/742 976/7239/976
vt 0.537325 0.727031
vt 0.526472 0.725017
vt 0.533574 0.697418
f 1212/7240/1212 901/7241/901 970/7242/970
vt 0.266641 0.714697
vt 0.287575 0.727299
vt 0.280349 0.708545
f 1213/7243/1213 744/7244/744 981/7245/981
vt 0.266641 0.714697
vt 0.269598 0.702272
vt 0.254111 0.709506
f 1213/7246/1213 745/7247/745 1057/7248/1057
vt 0.213363 0.667438
vt 0.201734 0.649099
vt 0.206078 0.649020
f 1214/7249/1214 730/7250/730 944/7251/944
vt 0.213363 0.667438
vt 0.210484 0.666223
vt 0.222203 0.692245
f 1214/7252/1214 731/7253/731 942/7254/942
vt 0.213363 0.667438
vt 0.222203 0.692245
vt 0.214378 0.672030
f 1214/7255/1214 942/7256/942 1058/7257/1058
vt 0.283345 0.768885
vt 0.268516 0.730832
vt 0.270164 0.774030
f 1215/7258/1215 977/7259/977 983/7260/983
vt 0.306500 0.745716
vt 0.287575 0.727299
vt 0.304709 0.776492
f 1216/7261/1216 744/7262/744 984/7263/984
vt 0.306500 0.745716
vt 0.313883 0.746275
vt 0.299783 0.707219
f 1216/7264/1216 960/7265/960 978/7266/978
vt 0.243452 0.740872
vt 0.241921 0.707174
vt 0.261592 0.752450
f 1217/7267/1217 979/7268/979 985/7269/985
vt 0.206817 0.703197
vt 0.222224 0.698224
vt 0.226460 0.742014
f 1218/7270/1218 746/7271/746 986/7272/986
vt 0.206817 0.703197
vt 0.199267 0.698198
vt 0.208103 0.671868
f 1218/7273/1218 950/7274/950 980/7275/980
vt 0.180380 0.699530
vt 0.176956 0.650211
vt 0.161131 0.642104
f 1219/7276/1219 748/7277/748 987/7278/987
vt 0.180380 0.699530
vt 0.161131 0.642104
vt 0.170851 0.698511
f 1219/7279/1219 987/7280/987 991/7281/991
vt 0.180380 0.699530
vt 0.170851 0.698511
vt 0.204844 0.728076
f 1219/7282/1219 991/7283/991 996/7284/996
vt 0.139097 0.572384
vt 0.142581 0.586548
vt 0.138164 0.556315
f 1220/7285/1220 750/7286/750 1059/7287/1059
vt 0.139097 0.572384
vt 0.138226 0.583336
vt 0.144092 0.594485
f 1220/7288/1220 939/7289/939 992/7290/992
vt 0.133281 0.597647
vt 0.142581 0.586548
vt 0.144747 0.648985
f 1221/7291/1221 750/7292/750 993/7293/993
vt 0.133281 0.597647
vt 0.130875 0.620850
vt 0.136789 0.555220
f 1221/7294/1221 873/7295/873 990/7296/990
vt 0.179703 0.630376
vt 0.190741 0.630950
vt 0.179456 0.632717
f 1222/7297/1222 734/7298/734 953/7299/953
vt 0.179703 0.630376
vt 0.179456 0.632717
vt 0.171982 0.629936
f 1222/7300/1222 953/7301/953 994/7302/994
vt 0.179703 0.630376
vt 0.171982 0.629936
vt 0.184755 0.635194
f 1222/7303/1222 994/7304/994 1061/7305/1061
vt 0.155661 0.653597
vt 0.168522 0.632102
vt 0.171831 0.682889
f 1223/7306/1223 749/7307/749 995/7308/995
vt 0.204834 0.707415
vt 0.199444 0.660962
vt 0.191328 0.658881
f 1224/7309/1224 733/7310/733 988/7311/988
vt 0.204834 0.707415
vt 0.176956 0.650211
vt 0.204844 0.728076
f 1224/7312/1224 748/7313/748 996/7314/996
vt 0.438347 0.759329
vt 0.387840 0.723719
vt 0.405352 0.782517
f 1225/7315/1225 751/7316/751 1001/7317/1001
vt 0.438347 0.759329
vt 0.405352 0.782517
vt 0.469096 0.730838
f 1225/7318/1225 1001/7319/1001 1006/7320/1006
vt 0.338393 0.681102
vt 0.318177 0.670410
vt 0.325625 0.665404
f 1226/7321/1226 729/7322/729 945/7323/945
vt 0.338393 0.681102
vt 0.328342 0.683869
vt 0.348837 0.704504
f 1226/7324/1226 732/7325/732 943/7326/943
vt 0.338393 0.681102
vt 0.348837 0.704504
vt 0.343758 0.687553
f 1226/7327/1226 943/7328/943 1053/7329/1053
vt 0.339352 0.740750
vt 0.374856 0.720245
vt 0.384490 0.783609
f 1227/7330/1227 754/7331/754 1003/7332/1003
vt 0.339352 0.740750
vt 0.325863 0.759230
vt 0.339023 0.695304
f 1227/7333/1227 949/7334/949 1000/7335/1000
vt 0.494477 0.567722
vt 0.498596 0.561252
vt 0.492090 0.579361
f 1228/7336/1228 737/7337/737 962/7338/962
vt 0.494477 0.567722
vt 0.498158 0.566041
vt 0.498566 0.556730
f 1228/7339/1228 738/7340/738 966/7341/966
vt 0.494477 0.567722
vt 0.492090 0.579361
vt 0.491166 0.581690
f 1228/7342/1228 962/7343/962 1055/7344/1055
vt 0.425666 0.757658
vt 0.374856 0.720245
vt 0.421185 0.702293
f 1229/7345/1229 754/7346/754 999/7347/999
vt 0.425666 0.757658
vt 0.421185 0.702293
vt 0.465399 0.725240
f 1229/7348/1229 999/7349/999 1005/7350/1005
vt 0.488720 0.641854
vt 0.470610 0.661103
vt 0.469096 0.730838
f 1230/7351/1230 752/7352/752 1006/7353/1006
vt 0.488720 0.641854
vt 0.496268 0.622199
vt 0.489513 0.602202
f 1230/7354/1230 965/7355/965 998/7356/998
vt 0.699302 0.713620
vt 0.654742 0.711756
vt 0.696497 0.787125
f 1231/7357/1231 759/7358/759 1019/7359/1019
vt 0.699302 0.713620
vt 0.687754 0.713392
vt 0.690080 0.637842
f 1231/7360/1231 1008/7361/1008 1015/7362/1015
vt 0.607207 0.538729
vt 0.626016 0.574244
vt 0.612638 0.530568
f 1232/7363/1232 674/7364/674 797/7365/797
vt 0.607207 0.538729
vt 0.612638 0.530568
vt 0.609793 0.524223
f 1232/7366/1232 797/7367/797 1009/7368/1009
vt 0.672192 0.697287
vt 0.645242 0.577218
vt 0.687754 0.713392
f 1233/7369/1233 755/7370/755 1008/7371/1008
vt 0.672192 0.697287
vt 0.654580 0.676323
vt 0.646961 0.626111
f 1233/7372/1233 756/7373/756 1012/7374/1012
vt 0.672192 0.697287
vt 0.687754 0.713392
vt 0.667177 0.758107
f 1233/7375/1233 1008/7376/1008 1010/7377/1010
vt 0.653492 0.677612
vt 0.654580 0.676323
vt 0.667412 0.744987
f 1234/7378/1234 756/7379/756 1013/7380/1013
vt 0.653492 0.677612
vt 0.672496 0.671957
vt 0.629666 0.616918
f 1234/7381/1234 798/7382/798 799/7383/799
vt 0.567131 0.941347
vt 0.622743 0.867824
vt 0.655325 0.877216
f 1235/7384/1235 679/7385/679 1011/7386/1011
vt 0.567131 0.941347
vt 0.655325 0.877216
vt 0.549184 0.964640
f 1235/7387/1235 1011/7388/1011 1014/7389/1014
vt 0.396694 0.525742
vt 0.412942 0.538448
vt 0.406748 0.520685
f 1236/7390/1236 761/7391/761 1290/7392/1290
vt 0.396694 0.525742
vt 0.397400 0.514403
vt 0.383751 0.525286
f 1236/7393/1236 763/7394/763 1025/7395/1025
vt 0.694282 0.821309
vt 0.622743 0.867824
vt 0.696497 0.787125
f 1237/7396/1237 679/7397/679 1019/7398/1019
vt 0.694282 0.821309
vt 0.624509 0.892317
vt 0.655325 0.877216
f 1237/7399/1237 757/7400/757 1011/7401/1011
vt 0.434066 0.533845
vt 0.421885 0.519662
vt 0.417227 0.526070
f 1238/7402/1238 760/7403/760 1021/7404/1021
vt 0.434066 0.533845
vt 0.412942 0.538448
vt 0.450819 0.553422
f 1238/7405/1238 761/7406/761 1077/7407/1077
vt 0.405565 0.564612
vt 0.412942 0.538448
vt 0.393167 0.541823
f 1239/7408/1239 761/7409/761 1023/7410/1023
vt 0.405565 0.564612
vt 0.372430 0.550529
vt 0.399502 0.601254
f 1239/7411/1239 762/7412/762 1078/7413/1078
vt 0.338817 0.680930
vt -0.109686 0.500000
vt 0.703782 0.879431
f 1240/7414/1240 26/7415/26 808/7416/808
vt 0.338817 0.680930
vt 0.703782 0.879431
vt 0.346738 0.651463
f 1240/7417/1240 808/7418/808 1026/7419/1026
vt 0.338817 0.680930
vt 0.346738 0.651463
vt 0.365356 0.560937
f 1240/7420/1240 1026/7421/1026 1079/7422/1079
vt 0.412755 0.511725
vt 0.421885 0.519662
vt 0.433586 0.519771
f 1241/7423/1241 760/7424/760 1080/7425/1080
vt 0.412755 0.511725
vt 0.397400 0.514403
vt 0.409011 0.513231
f 1241/7426/1241 763/7427/763 1027/7428/1027
vt 0.505336 0.697340
vt 0.477223 0.854999
vt 0.497755 0.849233
f 1242/7429/1242 698/7430/698 874/7431/874
vt 0.505336 0.697340
vt 0.481126 0.872735
vt 0.507126 0.621463
f 1242/7432/1242 701/7433/701 1029/7434/1029
vt 0.504024 0.554175
vt 0.506175 0.556791
vt 0.502873 0.553171
f 1243/7435/1243 938/7436/938 1030/7437/1030
vt 0.501746 0.872842
vt 0.507324 0.857136
vt 0.508009 0.846120
f 1244/7438/1244 692/7439/692 855/7440/855
vt 0.501746 0.872842
vt 0.510879 0.859437
vt 0.498901 0.877331
f 1244/7441/1244 699/7442/699 1031/7443/1031
vt 0.177147 0.733190
vt 0.358255 0.859334
vt 0.149368 0.665487
f 1245/7444/1245 693/7445/693 928/7446/928
vt 0.177147 0.733190
vt 0.375215 0.888578
vt 0.350374 0.872976
f 1245/7447/1245 697/7448/697 859/7449/859
vt 0.177147 0.733190
vt 0.149368 0.665487
vt 0.139417 0.652842
f 1245/7450/1245 928/7451/928 1032/7452/1032
vt 0.156159 0.722277
vt 0.375215 0.888578
vt 0.130817 0.645214
f 1246/7453/1246 697/7454/697 930/7455/930
vt 0.156159 0.722277
vt 0.346410 0.894594
vt 0.344191 0.887259
f 1246/7456/1246 706/7457/706 883/7458/883
vt 0.156159 0.722277
vt 0.130817 0.645214
vt 0.122201 0.626147
f 1246/7459/1246 930/7460/930 1033/7461/1033
vt 0.132758 0.521590
vt 0.134855 0.547635
vt 0.134594 0.521710
f 1247/7462/1247 723/7463/723 1034/7464/1034
vt 0.143096 0.685963
vt 0.300817 0.858042
vt 0.282953 0.860421
f 1248/7465/1248 700/7466/700 885/7467/885
vt 0.143096 0.685963
vt 0.346410 0.894594
vt 0.126028 0.615334
f 1248/7468/1248 706/7469/706 1035/7470/1035
vt 0.316959 0.658781
vt 0.306955 0.663967
vt 0.316086 0.662436
f 1249/7471/1249 940/7472/940 1036/7473/1036
vt 0.200491 0.642858
vt 0.205406 0.661795
vt 0.200742 0.640363
f 1250/7474/1250 952/7475/952 1037/7476/1037
vt 0.750566 0.757998
vt 0.580886 0.852820
vt 0.622012 0.867474
f 1251/7477/1251 691/7478/691 889/7479/889
vt 0.750566 0.757998
vt 0.639377 0.872666
vt 0.783906 0.696906
f 1251/7480/1251 695/7481/695 897/7482/897
vt 0.750566 0.757998
vt 0.783906 0.696906
vt 0.771202 0.700959
f 1251/7483/1251 897/7484/897 1038/7485/1038
vt 0.489727 0.894717
vt 0.508474 0.907743
vt 0.507916 0.889429
f 1252/7486/1252 690/7487/690 853/7488/853
vt 0.489727 0.894717
vt 0.507916 0.889429
vt 0.483840 0.887100
f 1252/7489/1252 853/7490/853 1039/7491/1039
vt 0.513232 0.675289
vt 0.517109 0.676906
vt 0.512014 0.674162
f 1253/7492/1253 900/7493/900 1040/7494/1040
vt 0.688107 0.655930
vt 0.689272 0.662095
vt 0.683221 0.659349
f 1254/7495/1254 907/7496/907 1041/7497/1041
vt 0.658142 0.678504
vt 0.668360 0.682380
vt 0.670698 0.666696
f 1255/7498/1255 715/7499/715 913/7500/913
vt 0.658142 0.678504
vt 0.675080 0.666444
vt 0.652108 0.683907
f 1255/7501/1255 716/7502/716 1042/7503/1042
vt 0.536489 0.696200
vt 0.548525 0.715248
vt 0.553265 0.709771
f 1256/7504/1256 739/7505/739 972/7506/972
vt 0.536489 0.696200
vt 0.533574 0.697418
vt 0.529749 0.690185
f 1256/7507/1256 970/7508/970 1043/7509/1043
vt 0.602167 0.710268
vt 0.620341 0.711464
vt 0.625217 0.703410
f 1257/7510/1257 740/7511/740 971/7512/971
vt 0.602167 0.710268
vt 0.630034 0.711425
vt 0.596756 0.719075
f 1257/7513/1257 741/7514/741 969/7515/969
vt 0.602167 0.710268
vt 0.596756 0.719075
vt 0.588169 0.713001
f 1257/7516/1257 969/7517/969 1044/7518/1044
vt 0.709773 0.670316
vt 0.708732 0.692115
vt 0.717513 0.680042
f 1258/7519/1258 721/7520/721 922/7521/922
vt 0.709773 0.670316
vt 0.711387 0.672077
vt 0.703460 0.668180
f 1258/7522/1258 919/7523/919 1045/7524/1045
vt 0.774198 0.626470
vt 0.777854 0.623130
vt 0.779149 0.609957
f 1259/7525/1259 709/7526/709 894/7527/894
vt 0.774198 0.626470
vt 0.782098 0.612955
vt 0.773186 0.632963
f 1259/7528/1259 710/7529/710 1046/7530/1046
vt 0.781235 0.730258
vt 0.599726 0.867201
vt 0.792579 0.675433
f 1260/7531/1260 702/7532/702 1047/7533/1047
vt 0.781235 0.730258
vt 0.668896 0.866859
vt 0.668887 0.858241
f 1260/7534/1260 703/7535/703 879/7536/879
vt 0.784350 0.605263
vt 0.789352 0.610980
vt 0.783947 0.603702
f 1261/7537/1261 890/7538/890 1048/7539/1048
vt 0.728487 0.682952
vt 0.727254 0.680978
vt 0.717513 0.680042
f 1262/7540/1262 720/7541/720 922/7542/922
vt 0.728487 0.682952
vt 0.708732 0.692115
vt 0.727556 0.696672
f 1262/7543/1262 721/7544/721 920/7545/920
vt 0.728487 0.682952
vt 0.727556 0.696672
vt 0.739365 0.677417
f 1262/7546/1262 920/7547/920 1049/7548/1049
vt 0.794360 0.650025
vt 0.786779 0.634316
vt 0.783906 0.696906
f 1263/7549/1263 707/7550/707 897/7551/897
vt 0.794360 0.650025
vt 0.794136 0.608512
vt 0.789352 0.610980
f 1263/7552/1263 708/7553/708 890/7554/890
vt 0.794360 0.650025
vt 0.783906 0.696906
vt 0.794468 0.687227
f 1263/7555/1263 897/7556/897 1050/7557/1050
vt 0.515732 0.774502
vt 0.580886 0.852820
vt 0.516350 0.739561
f 1264/7558/1264 691/7559/691 1051/7560/1051
vt 0.515732 0.774502
vt 0.507324 0.857136
vt 0.522652 0.848628
f 1264/7561/1264 692/7562/692 861/7563/861
vt 0.508970 0.707904
vt 0.510910 0.691195
vt 0.511151 0.734947
f 1265/7564/1265 711/7565/711 899/7566/899
vt 0.508970 0.707904
vt 0.509444 0.688779
vt 0.509005 0.680898
f 1265/7567/1265 714/7568/714 904/7569/904
vt 0.508970 0.707904
vt 0.511151 0.734947
vt 0.509347 0.735899
f 1265/7570/1265 899/7571/899 1052/7572/1052
vt 0.350574 0.695160
vt 0.387840 0.723719
vt 0.379754 0.711217
f 1266/7573/1266 751/7574/751 1002/7575/1002
vt 0.350574 0.695160
vt 0.374856 0.720245
vt 0.339023 0.695304
f 1266/7576/1266 754/7577/754 1000/7578/1000
vt 0.350574 0.695160
vt 0.339023 0.695304
vt 0.343758 0.687553
f 1266/7579/1266 1000/7580/1000 1053/7581/1053
vt 0.412763 0.699497
vt 0.387840 0.723719
vt 0.430669 0.690238
f 1267/7582/1267 751/7583/751 1054/7584/1054
vt 0.412763 0.699497
vt 0.421185 0.702293
vt 0.379754 0.711217
f 1267/7585/1267 999/7586/999 1002/7587/1002
vt 0.486663 0.600605
vt 0.469815 0.637744
vt 0.470944 0.641666
f 1268/7588/1268 753/7589/753 1004/7590/1004
vt 0.486663 0.600605
vt 0.489513 0.602202
vt 0.491166 0.581690
f 1268/7591/1268 998/7592/998 1055/7593/1055
vt 0.292681 0.697163
vt 0.269598 0.702272
vt 0.280349 0.708545
f 1269/7594/1269 745/7595/745 981/7596/981
vt 0.292681 0.697163
vt 0.299783 0.707219
vt 0.294124 0.685206
f 1269/7597/1269 978/7598/978 1056/7599/1056
vt 0.241855 0.703385
vt 0.239463 0.714906
vt 0.254111 0.709506
f 1270/7600/1270 743/7601/743 1057/7602/1057
vt 0.241855 0.703385
vt 0.222224 0.698224
vt 0.228262 0.697065
f 1270/7603/1270 746/7604/746 982/7605/982
vt 0.215510 0.677050
vt 0.239463 0.714906
vt 0.228262 0.697065
f 1271/7606/1271 743/7607/743 982/7608/982
vt 0.215510 0.677050
vt 0.208103 0.671868
vt 0.214378 0.672030
f 1271/7609/1271 980/7610/980 1058/7611/1058
vt 0.138154 0.543121
vt 0.134855 0.547635
vt 0.138164 0.556315
f 1272/7612/1272 723/7613/723 1059/7614/1059
vt 0.138154 0.543121
vt 0.134189 0.540256
vt 0.137496 0.530552
f 1272/7615/1272 724/7616/724 929/7617/929
vt 0.161425 0.617836
vt 0.176956 0.650211
vt 0.171982 0.629936
f 1273/7618/1273 748/7619/748 994/7620/994
vt 0.161425 0.617836
vt 0.155640 0.615788
vt 0.157426 0.616734
f 1273/7621/1273 989/7622/989 1060/7623/1060
vt 0.189829 0.639692
vt 0.199444 0.660962
vt 0.195279 0.637880
f 1274/7624/1274 733/7625/733 954/7626/954
vt 0.189829 0.639692
vt 0.190741 0.630950
vt 0.184755 0.635194
f 1274/7627/1274 734/7628/734 1061/7629/1061
vt 0.711204 0.870833
vt 0.651275 0.906231
vt 0.741523 0.856292
f 1275/7630/1275 685/7631/685 782/7632/782
vt 0.711204 0.870833
vt 0.741523 0.856292
vt 0.748785 0.839378
f 1275/7633/1275 782/7634/782 1062/7635/1062
vt 0.664280 0.545842
vt 0.635966 0.500000
vt 0.682432 0.530293
f 1276/7636/1276 110/7637/110 1018/7638/1018
vt 0.664280 0.545842
vt 0.645242 0.577218
vt 0.638460 0.531824
f 1276/7639/1276 755/7640/755 1063/7641/1063
vt 0.591312 0.886747
vt 0.480615 0.905723
vt 0.552104 0.905314
f 1277/7642/1277 680/7643/680 1064/7644/1064
vt 0.370537 0.901768
vt 0.501479 0.916656
vt 0.477300 0.914572
f 1278/7645/1278 689/7646/689 847/7647/847
vt 0.370537 0.901768
vt 0.313526 0.879308
vt 0.330058 0.892625
f 1278/7648/1278 802/7649/802 1065/7650/1065
vt 0.723579 0.838453
vt 0.604069 0.900207
vt 0.642818 0.891694
f 1279/7651/1279 686/7652/686 850/7653/850
vt 0.723579 0.838453
vt 0.646832 0.896535
vt 0.761841 0.804569
f 1279/7654/1279 688/7655/688 830/7656/830
vt 0.723579 0.838453
vt 0.761841 0.804569
vt 0.740645 0.811848
f 1279/7657/1279 830/7658/830 1066/7659/1066
vt 0.346703 0.902199
vt 0.301127 0.886625
vt 0.334603 0.905304
f 1280/7660/1280 687/7661/687 866/7662/866
vt 0.346703 0.902199
vt 0.394151 0.921228
vt 0.371863 0.907818
f 1280/7663/1280 696/7664/696 1067/7665/1067
vt 0.534016 0.927958
vt 0.511301 0.928040
vt 0.551070 0.928924
f 1281/7666/1281 836/7667/836 863/7668/863
vt 0.534016 0.927958
vt 0.551070 0.928924
vt 0.541811 0.924278
f 1281/7669/1281 863/7670/863 1068/7671/1068
vt 0.486428 0.917853
vt 0.515837 0.921279
vt 0.509095 0.915695
f 1282/7672/1282 704/7673/704 881/7674/881
vt 0.486428 0.917853
vt 0.509095 0.915695
vt 0.474580 0.914767
f 1282/7675/1282 881/7676/881 1069/7677/1069
vt 0.443097 0.914268
vt 0.501479 0.916656
vt 0.390547 0.913937
f 1283/7678/1283 689/7679/689 870/7680/870
vt 0.443097 0.914268
vt 0.390547 0.913937
vt 0.413665 0.908630
f 1283/7681/1283 870/7682/870 1070/7683/1070
vt 0.609012 0.902121
vt 0.646832 0.896535
vt 0.642818 0.891694
f 1284/7684/1284 688/7685/688 850/7686/850
vt 0.609012 0.902121
vt 0.642818 0.891694
vt 0.597182 0.900444
f 1284/7687/1284 850/7688/850 1071/7689/1071
vt 0.560070 0.904749
vt 0.604069 0.900207
vt 0.552359 0.911206
f 1285/7690/1285 686/7691/686 852/7692/852
vt 0.560070 0.904749
vt 0.552359 0.911206
vt 0.545517 0.901616
f 1285/7693/1285 852/7694/852 1072/7695/1072
vt 0.588982 0.914417
vt 0.574834 0.922534
vt 0.604066 0.914189
f 1286/7696/1286 694/7697/694 846/7698/846
vt 0.588982 0.914417
vt 0.604066 0.914189
vt 0.593528 0.909825
f 1286/7699/1286 846/7700/846 1073/7701/1073
vt 0.541721 0.911936
vt 0.639377 0.872666
vt 0.533218 0.911664
f 1287/7702/1287 695/7703/695 1074/7704/1074
vt 0.541721 0.911936
vt 0.621425 0.895076
vt 0.643658 0.878729
f 1287/7705/1287 705/7706/705 865/7707/865
vt 0.449622 0.928455
vt 0.420745 0.930845
vt 0.468097 0.927311
f 1288/7708/1288 792/7709/792 1075/7710/1075
vt 0.518349 0.777010
vt 0.510879 0.859437
vt 0.511151 0.734947
f 1289/7711/1289 699/7712/699 899/7713/899
vt 0.518349 0.777010
vt 0.599726 0.867201
vt 0.528967 0.860831
f 1289/7714/1289 702/7715/702 880/7716/880
vt 0.518349 0.777010
vt 0.511151 0.734947
vt 0.518273 0.736533
f 1289/7717/1289 899/7718/899 1076/7719/1076
vt 0.406748 0.520685
vt 0.412942 0.538448
vt 0.417227 0.526070
f 1290/7720/1290 761/7721/761 1021/7722/1021
vt 0.406748 0.520685
vt 0.397400 0.514403
vt 0.396694 0.525742
f 1290/7723/1290 763/7724/763 1236/7725/1236
vt 0.406748 0.520685
vt 0.417227 0.526070
vt 0.409011 0.513231
f 1290/7726/1290 1021/7727/1021 1027/7728/1027
vt 0.490652 0.593415
vt 0.657922 0.577867
vt 0.450819 0.553422
f 1291/7729/1291 758/7730/758 1077/7731/1077
vt 0.490652 0.593415
vt 0.654742 0.711756
vt 0.662711 0.633810
f 1291/7732/1291 759/7733/759 1020/7734/1020
vt 0.400020 0.701536
vt 0.654742 0.711756
vt 0.399502 0.601254
f 1292/7735/1292 759/7736/759 1078/7737/1078
vt 0.381809 0.526512
vt 0.372430 0.550529
vt 0.383751 0.525286
f 1293/7738/1293 762/7739/762 1025/7740/1025
vt 0.381809 0.526512
vt 0.383751 0.525286
vt 0.399706 0.513405
f 1293/7741/1293 1025/7742/1025 1028/7743/1028
vt 0.381809 0.526512
vt 0.399706 0.513405
vt 0.365356 0.560937
f 1293/7744/1293 1028/7745/1028 1079/7746/1079
vt 0.481345 0.536093
vt 0.890314 0.500000
vt 0.433586 0.519771
f 1294/7747/1294 26/7748/26 1080/7749/1080
vt 0.481345 0.536093
vt 0.657922 0.577867
vt 0.708676 0.553357
f 1294/7750/1294 758/7751/758 1016/7752/1016
usemtl tex0_1
v 21.467100 66.635300 -5.210760
vn -0.672565 -0.724027 -0.153105
v 18.591200 60.057999 25.893000
vn -0.676973 -0.686669 -0.264940
v 10.734100 55.243198 48.662498
vn -0.491299 -0.758629 -0.427911
v 0.001000 53.480801 56.996700
vn 0.000000 -0.806368 -0.591414
v 0.001000 81.720497 -73.113800
vn 0.000000 -0.984393 0.175987
v 10.734100 78.027496 -59.084000
vn -0.549281 -0.833157 0.064344
v 18.591200 73.212601 -36.314499
vn -0.676972 -0.735141 -0.035719
v 37.181400 40.189899 -10.803000
vn -0.933138 -0.354197 -0.061632
v 32.200199 28.797701 43.070301
vn -0.926092 -0.288879 -0.242700
v 18.591200 20.458099 82.508301
vn -0.666495 -0.431588 -0.607879
v 0.001000 17.405600 91.421097
vn 0.000000 -0.370995 -0.928635
v 0.001000 62.974201 -122.337997
vn 0.000000 -0.846960 0.531657
v 18.591200 59.921700 -104.113998
vn -0.750888 -0.593297 0.290115
v 32.200199 51.582001 -64.676201
vn -0.925406 -0.363273 0.107968
v 41.569000 0.383658 -14.860400
vn -0.867114 0.126744 -0.481715
v 37.181400 -9.089800 43.765400
vn -0.978228 0.081692 -0.190778
v 21.467100 -18.719601 89.304497
vn -0.663715 0.101287 -0.741096
v 0.001000 -22.244301 97.949699
vn 0.000000 0.126379 -0.991982
v 0.001000 32.349300 -161.404007
vn 0.000000 0.687562 0.726126
v 19.174801 26.849001 -144.735992
vn -0.777190 0.269933 0.568430
v 34.889099 17.219299 -80.649597
vn -0.920452 0.248802 0.301439
v 26.240601 -32.060398 -32.264500
vn -0.738301 0.612031 0.283425
v 25.323099 -43.452599 27.792101
vn -0.883220 0.465966 0.052896
v 20.466801 -55.334900 67.230103
vn -0.650510 0.752258 -0.104613
v 0.001000 -58.387501 81.665398
vn 0.000000 0.770650 -0.637258
v 0.001000 7.812380 -102.360001
vn -0.000000 0.984866 0.173315
v 18.591200 4.759870 -87.924599
vn -0.298341 0.846105 0.441701
v 32.825401 -2.954580 -65.413597
vn -0.740579 0.543561 0.395075
v 14.381700 -40.375401 -31.673401
vn -0.350382 0.825879 0.441766
v 18.591200 -46.535900 -0.569625
vn -0.480959 0.859074 0.175130
v 10.734100 -53.017899 22.199900
vn -0.220777 0.961568 0.163232
v 0.001000 -56.134899 30.534100
vn 0.000000 0.993079 0.117444
v 0.001000 -8.465200 -70.123703
vn 0.000000 0.843799 0.536660
v 12.967000 -8.873000 -67.801102
vn -0.236104 0.765938 0.597992
v 0.001000 76.315002 -3.163870
vn 0.000000 -0.977423 -0.211290
v 0.001000 -42.344398 -33.720299
vn 0.000000 0.911772 0.410698
v 41.645100 12.155100 -16.731300
vn -0.998187 -0.057416 -0.018076
v 41.155701 8.130050 -37.666901
vn -0.784685 -0.460310 0.415192
v 32.183201 -19.199800 -23.361601
vn -0.668039 0.725020 0.167544
v 41.030300 12.489400 -26.639299
vn -0.802656 -0.571672 -0.170099
v 37.755798 0.469255 -43.865799
vn -0.615690 0.266253 0.741643
v 60.280499 0.383658 -14.860400
vn -0.540414 -0.029533 -0.840881
v 71.856796 8.130050 -37.666901
vn -0.845770 -0.064902 -0.529586
v 76.123596 0.469255 -43.865799
vn -0.862037 0.494639 -0.110562
v 64.348701 -14.214800 -30.004700
vn -0.917136 -0.042632 -0.396287
v 41.299702 6.436550 -20.749800
vn -0.568482 -0.586573 -0.576853
v 62.091000 6.436550 -20.749800
vn -0.331529 -0.374952 -0.865736
v 36.876099 -9.408080 -19.111000
vn -0.280068 0.492052 -0.824286
v 61.460098 -9.408080 -19.111000
vn -0.719572 0.179814 -0.670733
v 68.080002 -3.331120 -44.508499
vn -0.959861 -0.190608 0.205757
v 61.556400 0.469255 -43.865799
vn 0.226490 0.481927 0.846433
v 47.411400 -19.199800 -23.361601
vn 0.947415 0.203883 0.246649
v 55.346100 -1.855320 -41.442501
vn 0.812187 0.183797 0.553688
v 56.506199 8.130050 -37.666901
vn 0.780796 -0.129757 0.611164
v 52.465900 12.489400 -26.639299
vn 0.595804 -0.789646 0.146549
v 50.924801 0.383658 -14.860400
vn 0.000000 -0.390297 -0.920689
v 51.695301 6.436550 -20.749800
vn 0.204602 -0.602885 -0.771147
v 49.168098 -9.408080 -19.111000
vn 0.415633 0.175856 -0.892370
v 67.971703 178.147995 -42.106201
vn -0.636278 -0.423927 -0.644544
v 56.536098 178.147995 -42.106201
vn 0.800545 -0.585916 -0.125818
v 73.466698 175.136993 -49.723400
vn -0.668388 -0.712202 0.214534
v 60.576500 173.789001 -53.133801
vn 0.426343 -0.292030 0.856125
v 168.067001 7.134310 -200.690994
vn 0.505722 0.500759 0.702486
v 169.035004 15.171700 -203.352997
vn 0.275571 -0.384159 0.881182
v 181.154007 14.969500 -198.595993
vn -0.882701 -0.469897 -0.005940
v 181.356003 7.054380 -198.809998
vn -0.663740 0.703017 0.255373
v 117.335999 116.441002 -122.792999
vn -0.877263 -0.374629 0.300104
v 103.095001 114.811996 -124.399002
vn 0.318341 -0.210924 0.924213
v 95.418297 126.081001 -113.288002
vn 0.647684 -0.744531 0.161801
v 109.658997 127.709999 -111.681999
vn -0.570177 -0.818133 -0.074550
v 64.210800 110.848000 -56.551601
vn 0.569517 -0.305202 0.763219
v 78.830101 100.653999 -82.276001
vn 0.529250 -0.783271 0.326160
v 94.180702 100.653999 -82.276001
vn -0.454211 -0.716869 -0.528953
v 79.561302 110.848000 -56.551601
vn -0.591081 -0.624981 0.509923
v 18.168400 -179.184998 47.208000
vn -0.753686 0.535520 -0.381018
v 10.682000 -180.718994 39.815201
vn 0.676392 0.496033 0.544468
v 9.669250 -170.757004 51.957802
vn 0.049210 -0.153181 -0.986972
v 2.982640 -177.876999 47.945400
vn 0.724056 0.514952 -0.458875
v 62.176300 9.278170 -320.765015
vn 0.126894 -0.310405 0.942097
v 74.682602 7.431380 -314.523010
vn -0.481625 -0.845932 0.228991
v 76.296700 -92.406700 -121.475998
vn 0.626337 0.180458 0.758378
v 57.725300 -131.753998 -35.618000
vn 0.199903 0.324641 0.924471
v 70.003998 -127.781998 -32.135399
vn -0.847483 0.498657 0.181971
v 91.231201 -91.583199 -118.523003
vn -0.893821 0.319386 0.314763
v 65.166603 -133.561996 -24.249300
vn -0.735567 0.457499 -0.499635
v 54.215900 -139.108002 -27.996799
vn 0.214934 0.971080 0.103956
v 74.897903 -98.630699 -110.643997
vn 0.426586 0.890539 0.158000
v 88.504501 -96.233002 -107.426003
vn -0.664422 0.698258 -0.266419
v 65.163399 -2.359770 -316.050995
vn 0.685762 0.610083 0.396899
v 81.425797 -3.110260 -313.363007
vn -0.716426 0.416239 0.559892
v 136.192993 30.511000 -135.602005
vn -0.555012 -0.829895 0.056889
v 119.781998 67.004799 -117.998001
vn -0.535053 -0.254445 0.805590
v 104.431999 67.004799 -117.998001
vn 0.478095 -0.030658 0.877773
v 120.842003 30.511000 -135.602005
vn 0.419779 -0.421115 0.804020
v 73.681602 -88.633102 -39.101898
vn -0.753937 0.532988 0.384060
v 81.634499 -77.494003 -71.043404
vn -0.818791 0.538875 -0.197978
v 68.470497 -80.416397 -74.349503
vn 0.282878 0.958625 -0.031909
v 60.960300 -92.080200 -42.496201
vn 0.455437 0.468828 0.756821
v 39.294300 -125.204002 14.241000
vn -0.876103 0.419733 -0.237208
v 55.343102 -118.703003 -9.930330
vn -0.575571 0.601226 -0.554296
v 44.724300 -124.641998 -13.744000
vn 0.561323 0.813462 0.152303
v 29.339500 -131.931000 10.294900
vn -0.164120 0.808359 0.565350
v 77.874702 -38.153702 -107.753998
vn -0.652098 0.235186 0.720733
v 76.138901 -14.510100 -156.455994
vn -0.790374 0.590964 0.161462
v 60.208401 -14.153100 -159.210999
vn 0.411604 0.878498 0.242533
v 62.608200 -38.583801 -110.639999
vn 0.690866 0.433622 0.578512
v 9.587890 17.330700 -123.547997
vn -0.122157 0.922282 0.366707
v 18.882999 15.804500 -116.330002
vn -0.409804 0.851585 0.326899
v 9.973430 4.800950 -91.895302
vn -0.259684 0.940976 0.217091
v 0.001000 16.563801 -125.263000
vn -0.000000 0.928449 0.371460
v 4.053780 11.836200 -111.317001
vn -0.172056 0.409433 0.895970
v 10.609800 10.908700 -106.611000
vn -0.741890 0.539223 0.398544
v 5.274240 -27.605900 -159.057999
vn 0.626607 -0.188737 0.756136
v 11.830300 -28.533400 -154.352005
vn -0.766386 0.172954 0.618659
v 11.193900 -34.641201 -139.636993
vn -0.335463 0.902949 -0.268602
v 1.221460 -31.629700 -150.100998
vn 0.519569 0.827633 0.212302
v -21.465099 66.635300 -5.210760
vn 0.672566 -0.724027 -0.153105
v -18.589199 60.057999 25.893000
vn 0.676973 -0.686669 -0.264940
v -10.732100 55.243198 48.662498
vn 0.491299 -0.758629 -0.427911
v -10.732100 78.027496 -59.084000
vn 0.549281 -0.833157 0.064344
v -18.589199 73.212601 -36.314499
vn 0.676972 -0.735141 -0.035719
v -37.179401 40.189899 -10.803000
vn 0.933138 -0.354197 -0.061632
v -32.198200 28.797701 43.070301
vn 0.926091 -0.288880 -0.242700
v -18.589199 20.458099 82.508301
vn 0.666495 -0.431588 -0.607879
v -18.589199 59.921700 -104.113998
vn 0.750888 -0.593297 0.290115
v -32.198200 51.582001 -64.676201
vn 0.925406 -0.363273 0.107968
v -41.567101 0.383658 -14.860400
vn 0.867115 0.126743 -0.481713
v -37.179401 -9.089800 43.765400
vn 0.978228 0.081693 -0.190779
v -21.465099 -18.719601 89.304497
vn 0.663715 0.101287 -0.741096
v -19.172800 26.849001 -144.735992
vn 0.777190 0.269933 0.568430
v -34.887100 17.219299 -80.649597
vn 0.920452 0.248802 0.301439
v -26.238600 -32.060398 -32.264500
vn 0.738301 0.612031 0.283425
v -25.321100 -43.452599 27.792101
vn 0.883220 0.465967 0.052896
v -20.464800 -55.334900 67.230103
vn 0.650510 0.752258 -0.104613
v -18.589199 4.759870 -87.924599
vn 0.298341 0.846105 0.441701
v -32.823399 -2.954580 -65.413597
vn 0.740579 0.543561 0.395075
v -14.379700 -40.375401 -31.673401
vn 0.350382 0.825879 0.441766
v -18.589199 -46.535900 -0.569625
vn 0.480959 0.859074 0.175130
v -10.732100 -53.017899 22.199900
vn 0.220777 0.961568 0.163232
v -12.965000 -8.873000 -67.801102
vn 0.236104 0.765938 0.597992
v -41.643101 12.155100 -16.731300
vn 0.998187 -0.057419 -0.018073
v -41.153702 8.130050 -37.666901
vn 0.784685 -0.460310 0.415192
v -32.181198 -19.199800 -23.361601
vn 0.668038 0.725020 0.167544
v -41.028301 12.489400 -26.639299
vn 0.802656 -0.571672 -0.170099
v -37.753799 0.469255 -43.865799
vn 0.615690 0.266253 0.741643
v -60.278500 0.383658 -14.860400
vn 0.540414 -0.029533 -0.840881
v -71.854797 8.130050 -37.666901
vn 0.845770 -0.064902 -0.529586
v -76.121597 0.469255 -43.865799
vn 0.862037 0.494639 -0.110562
v -64.346703 -14.214800 -30.004700
vn 0.917136 -0.042632 -0.396287
v -41.297699 6.436550 -20.749800
vn 0.568482 -0.586576 -0.576851
v -62.089001 6.436550 -20.749800
vn 0.331529 -0.374952 -0.865736
v -36.874100 -9.408080 -19.111000
vn 0.280068 0.492053 -0.824285
v -61.458099 -9.408080 -19.111000
vn 0.719572 0.179814 -0.670733
v -68.078003 -3.331120 -44.508499
vn 0.959861 -0.190609 0.205757
v -61.554401 0.469255 -43.865799
vn -0.226490 0.481927 0.846433
v -47.409401 -19.199800 -23.361601
vn -0.947415 0.203883 0.246649
v -55.344101 -1.855320 -41.442501
vn -0.812187 0.183797 0.553688
v -56.504200 8.130050 -37.666901
vn -0.780796 -0.129757 0.611164
v -52.463902 12.489400 -26.639299
vn -0.595804 -0.789646 0.146549
v -50.922798 0.383658 -14.860400
vn 0.000000 -0.390297 -0.920689
v -51.693298 6.436550 -20.749800
vn -0.204602 -0.602885 -0.771147
v -49.166100 -9.408080 -19.111000
vn -0.415633 0.175857 -0.892370
v -67.969704 178.147995 -42.106201
vn 0.636278 -0.423927 -0.644544
v -56.534100 178.147995 -42.106201
vn -0.800545 -0.585916 -0.125818
v -73.464699 175.136993 -49.723400
vn 0.668388 -0.712202 0.214534
v -60.574501 173.789001 -53.133801
vn -0.426343 -0.292030 0.856125
v -168.065002 7.134310 -200.690994
vn -0.505722 0.500759 0.702486
v -169.033005 15.171700 -203.352997
vn -0.275571 -0.384159 0.881182
v -181.151993 14.969500 -198.595993
vn 0.882701 -0.469898 -0.005940
v -181.354004 7.054380 -198.809998
vn 0.663741 0.703017 0.255373
v -117.334000 116.441002 -122.792999
vn 0.877263 -0.374629 0.300104
v -103.093002 114.811996 -124.399002
vn -0.318341 -0.210924 0.924213
v -95.416298 126.081001 -113.288002
vn -0.647684 -0.744531 0.161801
v -109.656998 127.709999 -111.681999
vn 0.570177 -0.818133 -0.074550
v -64.208801 110.848000 -56.551601
vn -0.569517 -0.305202 0.763219
v -78.828102 100.653999 -82.276001
vn -0.529250 -0.783271 0.326160
v -94.178703 100.653999 -82.276001
vn 0.454211 -0.716869 -0.528953
v -79.559303 110.848000 -56.551601
vn 0.591081 -0.624981 0.509923
v -18.166401 -179.184998 47.208000
vn 0.753686 0.535520 -0.381018
v -10.680000 -180.718994 39.815201
vn -0.676392 0.496033 0.544468
v -9.667250 -170.757004 51.957802
vn -0.049210 -0.153181 -0.986972
v -2.980640 -177.876999 47.945400
vn -0.724056 0.514952 -0.458875
v -62.174301 9.278170 -320.765015
vn -0.126895 -0.310407 0.942096
v -74.680603 7.431380 -314.523010
vn 0.481623 -0.845933 0.228990
v -76.294701 -92.406700 -121.475998
vn -0.626337 0.180457 0.758378
v -57.723301 -131.753998 -35.618000
vn -0.199903 0.324641 0.924471
v -70.001999 -127.781998 -32.135399
vn 0.847483 0.498657 0.181971
v -91.229202 -91.583199 -118.523003
vn 0.893821 0.319386 0.314763
v -65.164597 -133.561996 -24.249300
vn 0.735567 0.457499 -0.499636
v -54.213902 -139.108002 -27.996799
vn -0.214934 0.971080 0.103955
v -74.895897 -98.630699 -110.643997
vn -0.426586 0.890539 0.158000
v -88.502502 -96.233002 -107.426003
vn 0.664422 0.698258 -0.266419
v -65.161400 -2.359770 -316.050995
vn -0.685762 0.610083 0.396899
v -81.423897 -3.110260 -313.363007
vn 0.716426 0.416237 0.559893
v -136.190994 30.511000 -135.602005
vn 0.555012 -0.829895 0.056889
v -119.779999 67.004799 -117.998001
vn 0.535053 -0.254445 0.805590
v -104.430000 67.004799 -117.998001
vn -0.478095 -0.030658 0.877773
v -120.839996 30.511000 -135.602005
vn -0.419779 -0.421115 0.804020
v -73.679604 -88.633102 -39.101898
vn 0.753937 0.532988 0.384060
v -81.632500 -77.494003 -71.043404
vn 0.818791 0.538875 -0.197978
v -68.468498 -80.416397 -74.349503
vn -0.282878 0.958625 -0.031909
v -60.958302 -92.080200 -42.496201
vn -0.455437 0.468828 0.756821
v -39.292301 -125.204002 14.241000
vn 0.876103 0.419734 -0.237208
v -55.341099 -118.703003 -9.930330
vn 0.575571 0.601226 -0.554296
v -44.722301 -124.641998 -13.744000
vn -0.561323 0.813462 0.152303
v -29.337500 -131.931000 10.294900
vn 0.164120 0.808359 0.565350
v -77.872704 -38.153702 -107.753998
vn 0.652098 0.235186 0.720733
v -76.136902 -14.510100 -156.455994
vn 0.790374 0.590965 0.161462
v -60.206402 -14.153100 -159.210999
vn -0.411604 0.878498 0.242533
v -62.606201 -38.583801 -110.639999
vn -0.690866 0.433622 0.578512
v -9.585890 17.330700 -123.547997
vn 0.122157 0.922282 0.366707
v -18.881001 15.804500 -116.330002
vn 0.409804 0.851585 0.326900
v -9.971430 4.800950 -91.895302
vn 0.259684 0.940976 0.217091
v -4.051780 11.836200 -111.317001
vn 0.172056 0.409433 0.895970
v -10.607800 10.908700 -106.611000
vn 0.741890 0.539223 0.398544
v -5.272240 -27.605900 -159.057999
vn -0.626607 -0.188738 0.756136
v -11.828300 -28.533400 -154.352005
vn 0.766386 0.172954 0.618659
v -11.191900 -34.641201 -139.636993
vn 0.335463 0.902949 -0.268602
v -1.219460 -31.629700 -150.100998
vn -0.519569 0.827633 0.212302
vt 0.912049 0.374852
vt 0.887182 0.377443
vt 0.901165 0.500000
f 1296/7753/1296 1295/7754/1295 1329/7755/1329
vt 0.937376 0.416723
vt 0.912049 0.374852
vt 0.901165 0.500000
f 1297/7756/1297 1296/7757/1296 1329/7758/1329
vt 0.950116 0.500000
vt 0.937376 0.416723
vt 0.901165 0.500000
f 1298/7759/1298 1297/7760/1297 1329/7761/1329
vt 0.839212 0.454066
vt 0.818950 0.500000
vt 0.901165 0.500000
f 1300/7762/1300 1299/7763/1299 1329/7764/1329
vt 0.862252 0.409514
vt 0.887182 0.377443
vt 0.812134 0.219517
f 1301/7765/1301 1295/7766/1295 1302/7767/1302
vt 0.862252 0.409514
vt 0.839212 0.454066
vt 0.901165 0.500000
f 1301/7768/1301 1300/7769/1300 1329/7770/1329
vt 0.812134 0.219517
vt 0.887182 0.377443
vt 0.912049 0.374852
f 1302/7771/1302 1295/7772/1295 1296/7773/1296
vt 0.812134 0.219517
vt 0.912049 0.374852
vt 0.810381 0.166096
f 1302/7774/1302 1296/7775/1296 1303/7776/1303
vt 0.810381 0.166096
vt 0.912049 0.374852
vt 0.937376 0.416723
f 1303/7777/1303 1296/7778/1296 1297/7779/1297
vt 0.810381 0.166096
vt 0.937376 0.416723
vt 0.861052 0.188572
f 1303/7780/1303 1297/7781/1297 1304/7782/1304
vt 0.861052 0.188572
vt 0.937376 0.416723
vt 0.950116 0.500000
f 1304/7783/1304 1297/7784/1297 1298/7785/1298
vt 0.861052 0.188572
vt 0.950116 0.500000
vt 0.985532 0.500000
f 1304/7786/1304 1298/7787/1298 1305/7788/1305
vt -0.138948 0.188572
vt -0.014468 0.500000
vt 0.196535 0.130544
f 1304/7789/1304 1305/7790/1305 1311/7791/1311
vt 0.985532 0.500000
vt 0.950116 0.500000
vt 0.861052 0.811428
f 1305/7792/1305 1298/7793/1298 1418/7794/1418
vt 0.723341 0.500000
vt 0.818950 0.500000
vt 0.756639 0.422042
f 1306/7795/1306 1299/7796/1299 1307/7797/1307
vt 0.756639 0.422042
vt 0.818950 0.500000
vt 0.839212 0.454066
f 1307/7798/1307 1299/7799/1299 1300/7800/1300
vt 0.756639 0.422042
vt 0.839212 0.454066
vt 0.801457 0.316235
f 1307/7801/1307 1300/7802/1300 1308/7803/1308
vt 0.756639 0.422042
vt 0.801457 0.316235
vt 0.666310 0.185928
f 1307/7804/1307 1308/7805/1308 1315/7806/1315
vt 0.801457 0.316235
vt 0.839212 0.454066
vt 0.862252 0.409514
f 1308/7807/1308 1300/7808/1300 1301/7809/1301
vt 0.801457 0.316235
vt 0.862252 0.409514
vt 0.812134 0.219517
f 1308/7810/1308 1301/7811/1301 1302/7812/1302
vt 0.801457 0.316235
vt 0.812134 0.219517
vt 0.634502 0.096931
f 1308/7813/1308 1302/7814/1302 1334/7815/1334
vt 0.516468 0.065058
vt 0.810381 0.166096
vt 0.403365 0.048472
f 1309/7816/1309 1303/7817/1303 1310/7818/1310
vt 0.403365 0.048472
vt 0.810381 0.166096
vt 0.861052 0.188572
f 1310/7819/1310 1303/7820/1303 1304/7821/1304
vt 0.403365 0.048472
vt -0.138948 0.188572
vt 0.196535 0.130544
f 1310/7822/1310 1304/7823/1304 1311/7824/1311
vt 0.196535 0.130544
vt -0.014468 0.500000
vt 0.016037 0.500000
f 1311/7825/1311 1305/7826/1305 1312/7827/1312
vt 0.196535 0.130544
vt 0.016037 0.500000
vt 0.045923 0.500000
f 1311/7828/1311 1312/7829/1312 1319/7830/1319
vt 0.016037 0.500000
vt -0.014468 0.500000
vt 0.196535 0.869456
f 1312/7831/1312 1305/7832/1305 1423/7833/1423
vt 0.594407 0.500000
vt 0.723341 0.500000
vt 0.604841 0.428633
f 1313/7834/1313 1306/7835/1306 1314/7836/1314
vt 0.604841 0.428633
vt 0.723341 0.500000
vt 0.756639 0.422042
f 1314/7837/1314 1306/7838/1306 1307/7839/1307
vt 0.604841 0.428633
vt 0.756639 0.422042
vt 0.666310 0.185928
f 1314/7840/1314 1307/7841/1307 1315/7842/1315
vt 0.666310 0.185928
vt 0.801457 0.316235
vt 0.592378 0.093074
f 1315/7843/1315 1308/7844/1308 1332/7845/1332
vt 0.117482 0.271036
vt 0.516468 0.065058
vt 0.403365 0.048472
f 1317/7846/1317 1309/7847/1309 1310/7848/1310
vt 0.117482 0.271036
vt 0.403365 0.048472
vt 0.078938 0.341083
f 1317/7849/1317 1310/7850/1310 1318/7851/1318
vt 0.117482 0.271036
vt 0.176485 0.224860
vt 0.286734 0.118727
f 1317/7852/1317 1316/7853/1316 1333/7854/1333
vt 0.078938 0.341083
vt 0.403365 0.048472
vt 0.196535 0.130544
f 1318/7855/1318 1310/7856/1310 1311/7857/1311
vt 0.078938 0.341083
vt 0.196535 0.130544
vt 0.045923 0.500000
f 1318/7858/1318 1311/7859/1311 1319/7860/1319
vt 0.078938 0.341083
vt 0.045923 0.500000
vt 0.058845 0.500000
f 1318/7861/1318 1319/7862/1319 1326/7863/1326
vt 0.045923 0.500000
vt 0.016037 0.500000
vt 0.196535 0.869456
f 1319/7864/1319 1312/7865/1312 1423/7866/1423
vt 0.620050 0.129399
vt 0.666310 0.185928
vt 0.479069 0.099302
f 1321/7867/1321 1315/7868/1315 1322/7869/1322
vt 0.479069 0.099302
vt 0.666310 0.185928
vt 0.592378 0.093074
f 1322/7870/1322 1315/7871/1315 1332/7872/1332
vt 0.479069 0.099302
vt 0.176485 0.224860
vt 0.273223 0.114662
f 1322/7873/1322 1316/7874/1316 1328/7875/1328
vt 0.102694 0.354130
vt 0.176485 0.224860
vt 0.098694 0.335529
f 1323/7876/1323 1316/7877/1316 1324/7878/1324
vt 0.098694 0.335529
vt 0.176485 0.224860
vt 0.117482 0.271036
f 1324/7879/1324 1316/7880/1316 1317/7881/1317
vt 0.098694 0.335529
vt 0.117482 0.271036
vt 0.078938 0.341083
f 1324/7882/1324 1317/7883/1317 1318/7884/1318
vt 0.098694 0.335529
vt 0.078938 0.341083
vt 0.069215 0.410851
f 1324/7885/1324 1318/7886/1318 1325/7887/1325
vt 0.069215 0.410851
vt 0.078938 0.341083
vt 0.058845 0.500000
f 1325/7888/1325 1318/7889/1318 1326/7890/1326
vt 0.058845 0.500000
vt 0.045923 0.500000
vt 0.078938 0.658917
f 1326/7891/1326 1319/7892/1319 1428/7893/1428
vt 0.058845 0.500000
vt 0.077538 0.500000
vt 0.069215 0.410851
f 1326/7894/1326 1330/7895/1330 1325/7896/1325
vt 0.027562 0.500000
vt -0.125281 0.500000
vt -0.284711 0.146125
f 1327/7897/1327 1320/7898/1320 1403/7899/1403
vt 0.027562 0.500000
vt -0.379950 0.129399
vt 0.273223 0.114662
f 1327/7900/1327 1321/7901/1321 1328/7902/1328
vt 0.273223 0.114662
vt 0.176485 0.224860
vt 0.102694 0.354130
f 1328/7903/1328 1316/7904/1316 1323/7905/1323
vt 0.273223 0.114662
vt 0.620050 0.129399
vt 0.479069 0.099302
f 1328/7906/1328 1321/7907/1321 1322/7908/1322
vt 0.273223 0.114662
vt 0.102694 0.354130
vt 0.077538 0.500000
f 1328/7909/1328 1323/7910/1323 1330/7911/1330
vt 0.901165 0.500000
vt 0.887182 0.377443
vt 0.862252 0.409514
f 1329/7912/1329 1295/7913/1295 1301/7914/1301
vt 0.901165 0.500000
vt 0.818950 0.500000
vt 0.839212 0.545934
f 1329/7915/1329 1299/7916/1299 1414/7917/1414
vt 0.077538 0.500000
vt 0.102694 0.354130
vt 0.098694 0.335529
f 1330/7918/1330 1323/7919/1323 1324/7920/1324
vt 0.077538 0.500000
vt 0.098694 0.335529
vt 0.069215 0.410851
f 1330/7921/1330 1324/7922/1324 1325/7923/1325
vt 0.077538 0.500000
vt 0.058845 0.500000
vt 0.069215 0.589149
f 1330/7924/1330 1326/7925/1326 1433/7926/1433
vt 0.077538 0.500000
vt 0.027562 0.500000
vt 0.273223 0.114662
f 1330/7927/1330 1327/7928/1327 1328/7929/1328
vt 0.631590 0.089431
vt 0.812134 0.219517
vt 0.810381 0.166096
f 1331/7930/1331 1302/7931/1302 1303/7932/1303
vt 0.631590 0.089431
vt 0.810381 0.166096
vt 0.516468 0.065058
f 1331/7933/1331 1303/7934/1303 1309/7935/1309
vt 0.631590 0.089431
vt 0.516468 0.065058
vt 0.578321 0.076217
f 1331/7936/1331 1309/7937/1309 1340/7938/1340
vt 0.592378 0.093074
vt 0.801457 0.316235
vt 0.634502 0.096931
f 1332/7939/1332 1308/7940/1308 1334/7941/1334
vt 0.286734 0.118727
vt 0.176485 0.224860
vt 0.518706 0.081607
f 1333/7942/1333 1316/7943/1316 1335/7944/1335
vt 0.634502 0.096931
vt 0.812134 0.219517
vt 0.631590 0.089431
f 1334/7945/1334 1302/7946/1302 1331/7947/1331
vt 0.634502 0.096931
vt 0.631590 0.089431
vt 0.578321 0.076217
f 1334/7948/1334 1331/7949/1331 1340/7950/1340
vt 0.518706 0.081607
vt 0.176485 0.224860
vt 0.479069 0.099302
f 1335/7951/1335 1316/7952/1316 1322/7953/1322
vt 0.518706 0.081607
vt 0.479069 0.099302
vt 0.592378 0.093074
f 1335/7954/1335 1322/7955/1322 1332/7956/1332
vt 0.518706 0.081607
vt 0.592378 0.093074
vt 0.564421 0.110379
f 1335/7957/1335 1332/7958/1332 1348/7959/1348
vt 0.548532 0.126738
vt 0.510731 0.088993
vt 0.508103 0.134602
f 1337/7960/1337 1336/7961/1336 1338/7962/1338
vt 0.508103 0.134602
vt 0.510731 0.088993
vt 0.446239 0.097731
f 1338/7963/1338 1336/7964/1336 1343/7965/1343
vt 0.578321 0.076217
vt 0.516468 0.065058
vt 0.513059 0.077480
f 1340/7966/1340 1309/7967/1309 1350/7968/1350
vt 0.549276 0.099142
vt 0.510731 0.088993
vt 0.548532 0.126738
f 1341/7969/1341 1336/7970/1336 1337/7971/1337
vt 0.549276 0.099142
vt 0.548532 0.126738
vt 0.785497 0.391810
f 1341/7972/1341 1337/7973/1337 1353/7974/1353
vt 0.404737 0.072320
vt 0.286734 0.118727
vt 0.352045 0.110327
f 1342/7975/1342 1333/7976/1333 1346/7977/1346
vt 0.446239 0.097731
vt 0.510731 0.088993
vt 0.430601 0.084577
f 1343/7978/1343 1336/7979/1336 1352/7980/1352
vt 0.446239 0.097731
vt 0.422323 0.115801
vt 0.488418 0.126611
f 1343/7981/1343 1339/7982/1339 1344/7983/1344
vt 0.488418 0.126611
vt 0.508103 0.134602
vt 0.446239 0.097731
f 1344/7984/1344 1338/7985/1338 1343/7986/1343
vt 0.488418 0.126611
vt 0.422323 0.115801
vt 0.330417 0.328653
f 1344/7987/1344 1339/7988/1339 1378/7989/1378
vt 0.510481 0.117796
vt 0.518706 0.081607
vt 0.564421 0.110379
f 1345/7990/1345 1335/7991/1335 1348/7992/1348
vt 0.510481 0.117796
vt 0.508103 0.134602
vt 0.488418 0.126611
f 1345/7993/1345 1338/7994/1338 1344/7995/1344
vt 0.510481 0.117796
vt 0.488418 0.126611
vt 0.495458 0.106547
f 1345/7996/1345 1344/7997/1344 1347/7998/1347
vt 0.352045 0.110327
vt 0.286734 0.118727
vt 0.495458 0.106547
f 1346/7999/1346 1333/8000/1333 1347/8001/1347
vt 0.495458 0.106547
vt 0.286734 0.118727
vt 0.518706 0.081607
f 1347/8002/1347 1333/8003/1333 1335/8004/1335
vt 0.495458 0.106547
vt 0.518706 0.081607
vt 0.510481 0.117796
f 1347/8005/1347 1335/8006/1335 1345/8007/1345
vt 0.495458 0.106547
vt 0.488418 0.126611
vt 0.506692 0.443954
f 1347/8008/1347 1344/8009/1344 1374/8010/1374
vt 0.564421 0.110379
vt 0.592378 0.093074
vt 0.603386 0.103825
f 1348/8011/1348 1332/8012/1332 1349/8013/1349
vt 0.603386 0.103825
vt 0.592378 0.093074
vt 0.634502 0.096931
f 1349/8014/1349 1332/8015/1332 1334/8016/1334
vt 0.603386 0.103825
vt 0.634502 0.096931
vt 0.560878 0.087684
f 1349/8017/1349 1334/8018/1334 1351/8019/1351
vt 0.513059 0.077480
vt 0.516468 0.065058
vt 0.430601 0.084577
f 1350/8020/1350 1309/8021/1309 1352/8022/1352
vt 0.513059 0.077480
vt 0.510731 0.088993
vt 0.549276 0.099142
f 1350/8023/1350 1336/8024/1336 1341/8025/1341
vt 0.513059 0.077480
vt 0.549276 0.099142
vt 0.560878 0.087684
f 1350/8026/1350 1341/8027/1341 1351/8028/1351
vt 0.560878 0.087684
vt 0.634502 0.096931
vt 0.578321 0.076217
f 1351/8029/1351 1334/8030/1334 1340/8031/1340
vt 0.560878 0.087684
vt 0.578321 0.076217
vt 0.513059 0.077480
f 1351/8032/1351 1340/8033/1340 1350/8034/1350
vt 0.560878 0.087684
vt 0.549276 0.099142
vt 0.792154 0.407914
f 1351/8035/1351 1341/8036/1341 1354/8037/1354
vt 0.430601 0.084577
vt 0.516468 0.065058
vt 0.404737 0.072320
f 1352/8038/1352 1309/8039/1309 1342/8040/1342
vt 0.430601 0.084577
vt 0.510731 0.088993
vt 0.513059 0.077480
f 1352/8041/1352 1336/8042/1336 1350/8043/1350
vt 0.430601 0.084577
vt 0.404737 0.072320
vt 0.352045 0.110327
f 1352/8044/1352 1342/8045/1342 1346/8046/1346
vt 0.430601 0.084577
vt 0.352045 0.110327
vt 0.139478 0.478557
f 1352/8047/1352 1346/8048/1346 1370/8049/1370
vt 0.785497 0.391810
vt 0.548532 0.126738
vt 0.776781 0.384703
f 1353/8050/1353 1337/8051/1337 1355/8052/1355
vt 0.792154 0.407914
vt 0.549276 0.099142
vt 0.785497 0.391810
f 1354/8053/1354 1341/8054/1341 1353/8055/1353
vt 0.792154 0.407914
vt 0.564421 0.110379
vt 0.603386 0.103825
f 1354/8056/1354 1348/8057/1348 1349/8058/1349
vt 0.792154 0.407914
vt 0.603386 0.103825
vt 0.560878 0.087684
f 1354/8059/1354 1349/8060/1349 1351/8061/1351
vt 0.792154 0.407914
vt 0.785497 0.391810
vt 0.776781 0.384703
f 1354/8062/1354 1353/8063/1353 1355/8064/1355
vt 0.776781 0.384703
vt 0.548532 0.126738
vt 0.753232 0.320242
f 1355/8065/1355 1337/8066/1337 1368/8067/1368
vt 0.776781 0.384703
vt 0.782225 0.402318
vt 0.792154 0.407914
f 1355/8068/1355 1356/8069/1356 1354/8070/1354
vt 0.782225 0.402318
vt 0.564421 0.110379
vt 0.792154 0.407914
f 1356/8071/1356 1348/8072/1348 1354/8073/1354
vt 0.782225 0.402318
vt 0.776781 0.384703
vt 0.753232 0.320242
f 1356/8074/1356 1355/8075/1355 1368/8076/1368
vt 0.508714 0.327849
vt 0.510481 0.117796
vt 0.564421 0.110379
f 1357/8077/1357 1345/8078/1345 1348/8079/1348
vt 0.508714 0.327849
vt 0.564421 0.110379
vt 0.516664 0.329772
f 1357/8080/1357 1348/8081/1348 1358/8082/1358
vt 0.516664 0.329772
vt 0.564421 0.110379
vt 0.555919 0.287639
f 1358/8083/1358 1348/8084/1348 1388/8085/1388
vt 0.516069 0.321853
vt 0.548532 0.126738
vt 0.508289 0.321595
f 1359/8086/1359 1337/8087/1337 1360/8088/1360
vt 0.516069 0.321853
vt 0.516664 0.329772
vt 0.550684 0.283070
f 1359/8089/1359 1358/8090/1358 1385/8091/1385
vt 0.508289 0.321595
vt 0.548532 0.126738
vt 0.508103 0.134602
f 1360/8092/1360 1337/8093/1337 1338/8094/1338
vt 0.508289 0.321595
vt 0.508103 0.134602
vt 0.510481 0.117796
f 1360/8095/1360 1338/8096/1338 1345/8097/1345
vt 0.508289 0.321595
vt 0.510481 0.117796
vt 0.508714 0.327849
f 1360/8098/1360 1345/8099/1345 1357/8100/1357
vt 0.508289 0.321595
vt 0.508714 0.327849
vt 0.516664 0.329772
f 1360/8101/1360 1357/8102/1357 1358/8103/1358
vt 0.508289 0.321595
vt 0.516664 0.329772
vt 0.516069 0.321853
f 1360/8104/1360 1358/8105/1358 1359/8106/1359
vt 0.669448 0.331131
vt 0.548532 0.126738
vt 0.620103 0.289358
f 1361/8107/1361 1337/8108/1337 1386/8109/1386
vt 0.677097 0.342756
vt 0.564421 0.110379
vt 0.698677 0.351161
f 1362/8110/1362 1348/8111/1348 1363/8112/1363
vt 0.677097 0.342756
vt 0.669448 0.331131
vt 0.620103 0.289358
f 1362/8113/1362 1361/8114/1361 1386/8115/1386
vt 0.698677 0.351161
vt 0.564421 0.110379
vt 0.725833 0.325315
f 1363/8116/1363 1348/8117/1348 1366/8118/1366
vt 0.690370 0.338167
vt 0.548532 0.126738
vt 0.669448 0.331131
f 1364/8119/1364 1337/8120/1337 1361/8121/1361
vt 0.690370 0.338167
vt 0.669448 0.331131
vt 0.677097 0.342756
f 1364/8122/1364 1361/8123/1361 1362/8124/1362
vt 0.690370 0.338167
vt 0.677097 0.342756
vt 0.698677 0.351161
f 1364/8125/1364 1362/8126/1362 1363/8127/1363
vt 0.772484 0.343895
vt 0.564421 0.110379
vt 0.782225 0.402318
f 1365/8128/1365 1348/8129/1348 1356/8130/1356
vt 0.772484 0.343895
vt 0.782225 0.402318
vt 0.753232 0.320242
f 1365/8131/1365 1356/8132/1356 1368/8133/1368
vt 0.725833 0.325315
vt 0.564421 0.110379
vt 0.772484 0.343895
f 1366/8134/1366 1348/8135/1348 1365/8136/1365
vt 0.725833 0.325315
vt 0.772484 0.343895
vt 0.753232 0.320242
f 1366/8137/1366 1365/8138/1365 1368/8139/1368
vt 0.707872 0.307898
vt 0.548532 0.126738
vt 0.690370 0.338167
f 1367/8140/1367 1337/8141/1337 1364/8142/1364
vt 0.707872 0.307898
vt 0.698677 0.351161
vt 0.725833 0.325315
f 1367/8143/1367 1363/8144/1363 1366/8145/1366
vt 0.707872 0.307898
vt 0.690370 0.338167
vt 0.698677 0.351161
f 1367/8146/1367 1364/8147/1364 1363/8148/1363
vt 0.707872 0.307898
vt 0.725833 0.325315
vt 0.753232 0.320242
f 1367/8149/1367 1366/8150/1366 1368/8151/1368
vt 0.753232 0.320242
vt 0.548532 0.126738
vt 0.707872 0.307898
f 1368/8152/1368 1337/8153/1337 1367/8154/1367
vt 0.136563 0.462918
vt 0.422323 0.115801
vt 0.446239 0.097731
f 1369/8155/1369 1339/8156/1339 1343/8157/1343
vt 0.136563 0.462918
vt 0.446239 0.097731
vt 0.128808 0.478844
f 1369/8158/1369 1343/8159/1343 1371/8160/1371
vt 0.139478 0.478557
vt 0.352045 0.110327
vt 0.141650 0.419600
f 1370/8161/1370 1346/8162/1346 1396/8163/1396
vt 0.139478 0.478557
vt 0.136563 0.462918
vt 0.133380 0.493815
f 1370/8164/1370 1369/8165/1369 1372/8166/1372
vt 0.128808 0.478844
vt 0.446239 0.097731
vt 0.430601 0.084577
f 1371/8167/1371 1343/8168/1343 1352/8169/1352
vt 0.128808 0.478844
vt 0.430601 0.084577
vt 0.133380 0.493815
f 1371/8170/1371 1352/8171/1352 1372/8172/1372
vt 0.133380 0.493815
vt 0.430601 0.084577
vt 0.139478 0.478557
f 1372/8173/1372 1352/8174/1352 1370/8175/1370
vt 0.133380 0.493815
vt 0.136563 0.462918
vt 0.128808 0.478844
f 1372/8176/1372 1369/8177/1369 1371/8178/1371
vt 0.507952 0.454090
vt 0.495458 0.106547
vt 0.506692 0.443954
f 1373/8179/1373 1347/8180/1347 1374/8181/1374
vt 0.507952 0.454090
vt 0.506692 0.443954
vt 0.498782 0.439006
f 1373/8182/1373 1374/8183/1374 1384/8184/1384
vt 0.506692 0.443954
vt 0.488418 0.126611
vt 0.498782 0.439006
f 1374/8185/1374 1344/8186/1344 1384/8187/1384
vt 0.318732 0.348208
vt 0.352045 0.110327
vt 0.495458 0.106547
f 1375/8188/1375 1346/8189/1346 1347/8190/1347
vt 0.318732 0.348208
vt 0.495458 0.106547
vt 0.371229 0.283856
f 1375/8191/1375 1347/8192/1347 1400/8193/1400
vt 0.200407 0.367524
vt 0.352045 0.110327
vt 0.218187 0.310933
f 1376/8194/1376 1346/8195/1346 1392/8196/1392
vt 0.211496 0.340441
vt 0.422323 0.115801
vt 0.199611 0.352110
f 1377/8197/1377 1339/8198/1339 1379/8199/1379
vt 0.211496 0.340441
vt 0.200407 0.367524
vt 0.240279 0.281096
f 1377/8200/1377 1376/8201/1376 1389/8202/1389
vt 0.330417 0.328653
vt 0.422323 0.115801
vt 0.313636 0.326292
f 1378/8203/1378 1339/8204/1339 1382/8205/1382
vt 0.330417 0.328653
vt 0.318732 0.348208
vt 0.390157 0.268012
f 1378/8206/1378 1375/8207/1375 1397/8208/1397
vt 0.199611 0.352110
vt 0.422323 0.115801
vt 0.178414 0.348557
f 1379/8209/1379 1339/8210/1339 1394/8211/1394
vt 0.191496 0.378717
vt 0.352045 0.110327
vt 0.200407 0.367524
f 1380/8212/1380 1346/8213/1346 1376/8214/1376
vt 0.191496 0.378717
vt 0.200407 0.367524
vt 0.211496 0.340441
f 1380/8215/1380 1376/8216/1376 1377/8217/1377
vt 0.191496 0.378717
vt 0.211496 0.340441
vt 0.199611 0.352110
f 1380/8218/1380 1377/8219/1377 1379/8220/1379
vt 0.191496 0.378717
vt 0.199611 0.352110
vt 0.178414 0.348557
f 1380/8221/1380 1379/8222/1379 1394/8223/1394
vt 0.301173 0.347025
vt 0.352045 0.110327
vt 0.318732 0.348208
f 1381/8224/1381 1346/8225/1346 1375/8226/1375
vt 0.301173 0.347025
vt 0.318732 0.348208
vt 0.330417 0.328653
f 1381/8227/1381 1375/8228/1375 1378/8229/1378
vt 0.301173 0.347025
vt 0.330417 0.328653
vt 0.313636 0.326292
f 1381/8230/1381 1378/8231/1378 1382/8232/1382
vt 0.313636 0.326292
vt 0.422323 0.115801
vt 0.291746 0.277039
f 1382/8233/1382 1339/8234/1339 1390/8235/1390
vt 0.499343 0.450938
vt 0.495458 0.106547
vt 0.507952 0.454090
f 1383/8236/1383 1347/8237/1347 1373/8238/1373
vt 0.499343 0.450938
vt 0.507952 0.454090
vt 0.498782 0.439006
f 1383/8239/1383 1373/8240/1373 1384/8241/1384
vt 0.498782 0.439006
vt 0.488418 0.126611
vt 0.471689 0.336459
f 1384/8242/1384 1344/8243/1344 1398/8244/1398
vt 0.550684 0.283070
vt 0.548532 0.126738
vt 0.516069 0.321853
f 1385/8245/1385 1337/8246/1337 1359/8247/1359
vt 0.550684 0.283070
vt 0.516664 0.329772
vt 0.555919 0.287639
f 1385/8248/1385 1358/8249/1358 1388/8250/1388
vt 0.620103 0.289358
vt 0.548532 0.126738
vt 0.550684 0.283070
f 1386/8251/1386 1337/8252/1337 1385/8253/1385
vt 0.620103 0.289358
vt 0.550684 0.283070
vt 0.555919 0.287639
f 1386/8254/1386 1385/8255/1385 1388/8256/1388
vt 0.632284 0.297728
vt 0.564421 0.110379
vt 0.677097 0.342756
f 1387/8257/1387 1348/8258/1348 1362/8259/1362
vt 0.632284 0.297728
vt 0.677097 0.342756
vt 0.620103 0.289358
f 1387/8260/1387 1362/8261/1362 1386/8262/1386
vt 0.632284 0.297728
vt 0.620103 0.289358
vt 0.555919 0.287639
f 1387/8263/1387 1386/8264/1386 1388/8265/1388
vt 0.555919 0.287639
vt 0.564421 0.110379
vt 0.632284 0.297728
f 1388/8266/1388 1348/8267/1348 1387/8268/1387
vt 0.240279 0.281096
vt 0.422323 0.115801
vt 0.211496 0.340441
f 1389/8269/1389 1339/8270/1339 1377/8271/1377
vt 0.240279 0.281096
vt 0.200407 0.367524
vt 0.218187 0.310933
f 1389/8272/1389 1376/8273/1376 1392/8274/1392
vt 0.291746 0.277039
vt 0.422323 0.115801
vt 0.240279 0.281096
f 1390/8275/1390 1339/8276/1339 1389/8277/1389
vt 0.291746 0.277039
vt 0.240279 0.281096
vt 0.270027 0.301103
f 1390/8278/1390 1389/8279/1389 1391/8280/1391
vt 0.270027 0.301103
vt 0.352045 0.110327
vt 0.301173 0.347025
f 1391/8281/1391 1346/8282/1346 1381/8283/1381
vt 0.270027 0.301103
vt 0.301173 0.347025
vt 0.313636 0.326292
f 1391/8284/1391 1381/8285/1381 1382/8286/1382
vt 0.270027 0.301103
vt 0.313636 0.326292
vt 0.291746 0.277039
f 1391/8287/1391 1382/8288/1382 1390/8289/1390
vt 0.270027 0.301103
vt 0.240279 0.281096
vt 0.218187 0.310933
f 1391/8290/1391 1389/8291/1389 1392/8292/1392
vt 0.218187 0.310933
vt 0.352045 0.110327
vt 0.270027 0.301103
f 1392/8293/1392 1346/8294/1346 1391/8295/1391
vt 0.145232 0.387619
vt 0.422323 0.115801
vt 0.136563 0.462918
f 1393/8296/1393 1339/8297/1339 1369/8298/1369
vt 0.145232 0.387619
vt 0.136563 0.462918
vt 0.141650 0.419600
f 1393/8299/1393 1369/8300/1369 1396/8301/1396
vt 0.178414 0.348557
vt 0.422323 0.115801
vt 0.145232 0.387619
f 1394/8302/1394 1339/8303/1339 1393/8304/1393
vt 0.178414 0.348557
vt 0.145232 0.387619
vt 0.141650 0.419600
f 1394/8305/1394 1393/8306/1393 1396/8307/1396
vt 0.169341 0.380213
vt 0.352045 0.110327
vt 0.191496 0.378717
f 1395/8308/1395 1346/8309/1346 1380/8310/1380
vt 0.169341 0.380213
vt 0.191496 0.378717
vt 0.178414 0.348557
f 1395/8311/1395 1380/8312/1380 1394/8313/1394
vt 0.169341 0.380213
vt 0.178414 0.348557
vt 0.141650 0.419600
f 1395/8314/1395 1394/8315/1394 1396/8316/1396
vt 0.141650 0.419600
vt 0.352045 0.110327
vt 0.169341 0.380213
f 1396/8317/1396 1346/8318/1346 1395/8319/1395
vt 0.141650 0.419600
vt 0.136563 0.462918
vt 0.139478 0.478557
f 1396/8320/1396 1369/8321/1369 1370/8322/1370
vt 0.390157 0.268012
vt 0.488418 0.126611
vt 0.330417 0.328653
f 1397/8323/1397 1344/8324/1344 1378/8325/1378
vt 0.390157 0.268012
vt 0.318732 0.348208
vt 0.371229 0.283856
f 1397/8326/1397 1375/8327/1375 1400/8328/1400
vt 0.471689 0.336459
vt 0.488418 0.126611
vt 0.390157 0.268012
f 1398/8329/1398 1344/8330/1344 1397/8331/1397
vt 0.471689 0.336459
vt 0.390157 0.268012
vt 0.469823 0.358285
f 1398/8332/1398 1397/8333/1397 1399/8334/1399
vt 0.469823 0.358285
vt 0.495458 0.106547
vt 0.499343 0.450938
f 1399/8335/1399 1347/8336/1347 1383/8337/1383
vt 0.469823 0.358285
vt 0.499343 0.450938
vt 0.498782 0.439006
f 1399/8338/1399 1383/8339/1383 1384/8340/1384
vt 0.469823 0.358285
vt 0.498782 0.439006
vt 0.471689 0.336459
f 1399/8341/1399 1384/8342/1384 1398/8343/1398
vt 0.469823 0.358285
vt 0.390157 0.268012
vt 0.371229 0.283856
f 1399/8344/1399 1397/8345/1397 1400/8346/1400
vt 0.371229 0.283856
vt 0.495458 0.106547
vt 0.469823 0.358285
f 1400/8347/1400 1347/8348/1347 1399/8349/1399
vt 0.648059 0.423801
vt 0.594407 0.500000
vt 0.604841 0.428633
f 1401/8350/1401 1313/8351/1313 1314/8352/1314
vt 0.648059 0.423801
vt 0.604841 0.428633
vt 0.647462 0.337118
f 1401/8353/1401 1314/8354/1314 1402/8355/1402
vt 0.648059 0.423801
vt 0.620050 0.129399
vt 0.723303 0.305651
f 1401/8356/1401 1321/8357/1321 1406/8358/1406
vt 0.647462 0.337118
vt 0.604841 0.428633
vt 0.666310 0.185928
f 1402/8359/1402 1314/8360/1314 1315/8361/1315
vt 0.647462 0.337118
vt 0.666310 0.185928
vt 0.620050 0.129399
f 1402/8362/1402 1315/8363/1315 1321/8364/1321
vt 0.647462 0.337118
vt 0.620050 0.129399
vt 0.648059 0.423801
f 1402/8365/1402 1321/8366/1321 1401/8367/1401
vt 0.715289 0.146125
vt -0.125281 0.500000
vt 0.365164 0.454717
f 1403/8368/1403 1320/8369/1320 1409/8370/1409
vt -0.284711 0.146125
vt -0.379950 0.129399
vt 0.027562 0.500000
f 1403/8371/1403 1321/8372/1321 1327/8373/1327
vt 0.645101 0.500000
vt 0.594407 0.500000
vt 0.648059 0.423801
f 1404/8374/1404 1313/8375/1313 1401/8376/1401
vt 0.645101 0.500000
vt 0.874719 0.500000
vt 0.740013 0.574133
f 1404/8377/1404 1320/8378/1320 1508/8379/1508
vt 0.645101 0.500000
vt 0.648059 0.423801
vt 0.740013 0.425867
f 1404/8380/1404 1401/8381/1401 1405/8382/1405
vt 0.740013 0.425867
vt 0.874719 0.500000
vt 0.645101 0.500000
f 1405/8383/1405 1320/8384/1320 1404/8385/1404
vt 0.740013 0.425867
vt 0.648059 0.423801
vt 0.723303 0.305651
f 1405/8386/1405 1401/8387/1401 1406/8388/1406
vt 0.740013 0.425867
vt 0.723303 0.305651
vt 0.411809 0.461654
f 1405/8389/1405 1406/8390/1406 1408/8391/1408
vt 0.723303 0.305651
vt 0.620050 0.129399
vt 0.715289 0.146125
f 1406/8392/1406 1321/8393/1321 1403/8394/1403
vt 0.723303 0.305651
vt 0.715289 0.146125
vt 0.365164 0.454717
f 1406/8395/1406 1403/8396/1403 1409/8397/1409
vt 0.420096 0.483963
vt 0.874719 0.500000
vt 0.740013 0.425867
f 1407/8398/1407 1320/8399/1320 1405/8400/1405
vt 0.420096 0.483963
vt 0.740013 0.425867
vt 0.411809 0.461654
f 1407/8401/1407 1405/8402/1405 1408/8403/1408
vt 0.411809 0.461654
vt 0.723303 0.305651
vt 0.365164 0.454717
f 1408/8404/1408 1406/8405/1406 1409/8406/1409
vt 0.365164 0.454717
vt -0.125281 0.500000
vt 0.394334 0.495745
f 1409/8407/1409 1320/8408/1320 1410/8409/1410
vt 0.365164 0.454717
vt 0.394334 0.495745
vt 0.411809 0.461654
f 1409/8410/1409 1410/8411/1410 1408/8412/1408
vt 0.394334 0.495745
vt 0.874719 0.500000
vt 0.420096 0.483963
f 1410/8413/1410 1320/8414/1320 1407/8415/1407
vt 0.394334 0.495745
vt 0.420096 0.483963
vt 0.411809 0.461654
f 1410/8416/1410 1407/8417/1407 1408/8418/1408
vt 0.887183 0.622557
vt 0.901165 0.500000
vt 0.862252 0.590486
f 1411/8419/1411 1329/8420/1329 1415/8421/1415
vt 0.912049 0.625148
vt 0.901165 0.500000
vt 0.887183 0.622557
f 1412/8422/1412 1329/8423/1329 1411/8424/1411
vt 0.912049 0.625148
vt 0.887183 0.622557
vt 0.812134 0.780483
f 1412/8425/1412 1411/8426/1411 1416/8427/1416
vt 0.937376 0.583277
vt 0.950116 0.500000
vt 0.901165 0.500000
f 1413/8428/1413 1298/8429/1298 1329/8430/1329
vt 0.937376 0.583277
vt 0.901165 0.500000
vt 0.912049 0.625148
f 1413/8431/1413 1329/8432/1329 1412/8433/1412
vt 0.839212 0.545934
vt 0.818950 0.500000
vt 0.756639 0.577958
f 1414/8434/1414 1299/8435/1299 1419/8436/1419
vt 0.862252 0.590486
vt 0.901165 0.500000
vt 0.839212 0.545934
f 1415/8437/1415 1329/8438/1329 1414/8439/1414
vt 0.862252 0.590486
vt 0.839212 0.545934
vt 0.801457 0.683764
f 1415/8440/1415 1414/8441/1414 1420/8442/1420
vt 0.812134 0.780483
vt 0.887183 0.622557
vt 0.862252 0.590486
f 1416/8443/1416 1411/8444/1411 1415/8445/1415
vt 0.812134 0.780483
vt 0.862252 0.590486
vt 0.801457 0.683764
f 1416/8446/1416 1415/8447/1415 1420/8448/1420
vt 0.810381 0.833903
vt 0.912049 0.625148
vt 0.812134 0.780483
f 1417/8449/1417 1412/8450/1412 1416/8451/1416
vt 0.810381 0.833903
vt 0.937376 0.583277
vt 0.912049 0.625148
f 1417/8452/1417 1413/8453/1413 1412/8454/1412
vt 0.810381 0.833903
vt 0.812134 0.780483
vt 0.631590 0.910569
f 1417/8455/1417 1416/8456/1416 1435/8457/1435
vt 0.861052 0.811428
vt 0.950116 0.500000
vt 0.937376 0.583277
f 1418/8458/1418 1298/8459/1298 1413/8460/1413
vt 0.861052 0.811428
vt 0.937376 0.583277
vt 0.810381 0.833903
f 1418/8461/1418 1413/8462/1413 1417/8463/1417
vt 0.861052 0.811428
vt 0.810381 0.833903
vt 0.403365 0.951529
f 1418/8464/1418 1417/8465/1417 1422/8466/1422
vt 0.756639 0.577958
vt 0.818950 0.500000
vt 0.723341 0.500000
f 1419/8467/1419 1299/8468/1299 1306/8469/1306
vt 0.756639 0.577958
vt 0.723341 0.500000
vt 0.604841 0.571367
f 1419/8470/1419 1306/8471/1306 1424/8472/1424
vt 0.801457 0.683764
vt 0.839212 0.545934
vt 0.756639 0.577958
f 1420/8473/1420 1414/8474/1414 1419/8475/1419
vt 0.516468 0.934942
vt 0.810381 0.833903
vt 0.631590 0.910569
f 1421/8476/1421 1417/8477/1417 1435/8478/1435
vt 0.403365 0.951529
vt 0.810381 0.833903
vt 0.516468 0.934942
f 1422/8479/1422 1417/8480/1417 1421/8481/1421
vt 0.403365 0.951529
vt 0.516468 0.934942
vt 0.117482 0.728964
f 1422/8482/1422 1421/8483/1421 1427/8484/1427
vt 0.196535 0.869456
vt -0.014468 0.500000
vt -0.138948 0.811428
f 1423/8485/1423 1305/8486/1305 1418/8487/1418
vt 0.196535 0.869456
vt -0.138948 0.811428
vt 0.403365 0.951529
f 1423/8488/1423 1418/8489/1418 1422/8490/1422
vt 0.604841 0.571367
vt 0.723341 0.500000
vt 0.594407 0.500000
f 1424/8491/1424 1306/8492/1306 1313/8493/1313
vt 0.604841 0.571367
vt 0.594407 0.500000
vt 0.648059 0.576199
f 1424/8494/1424 1313/8495/1313 1505/8496/1505
vt 0.666310 0.814072
vt 0.756639 0.577958
vt 0.604841 0.571367
f 1425/8497/1425 1419/8498/1419 1424/8499/1424
vt 0.666310 0.814072
vt 0.801457 0.683764
vt 0.756639 0.577958
f 1425/8500/1425 1420/8501/1420 1419/8502/1419
vt 0.666310 0.814072
vt 0.604841 0.571367
vt 0.647462 0.662881
f 1425/8503/1425 1424/8504/1424 1506/8505/1506
vt 0.117482 0.728964
vt 0.176485 0.775141
vt 0.098694 0.664471
f 1427/8506/1427 1426/8507/1426 1432/8508/1432
vt 0.078938 0.658917
vt 0.045923 0.500000
vt 0.196535 0.869456
f 1428/8509/1428 1319/8510/1319 1423/8511/1423
vt 0.078938 0.658917
vt 0.403365 0.951529
vt 0.117482 0.728964
f 1428/8512/1428 1422/8513/1422 1427/8514/1427
vt 0.078938 0.658917
vt 0.196535 0.869456
vt 0.403365 0.951529
f 1428/8515/1428 1423/8516/1423 1422/8517/1422
vt 0.078938 0.658917
vt 0.117482 0.728964
vt 0.098694 0.664471
f 1428/8518/1428 1427/8519/1427 1432/8520/1432
vt -0.379950 0.870601
vt 0.027562 0.500000
vt 0.273223 0.885338
f 1429/8521/1429 1327/8522/1327 1434/8523/1434
vt 0.620050 0.870601
vt 0.666310 0.814072
vt 0.647462 0.662881
f 1429/8524/1429 1425/8525/1425 1506/8526/1506
vt 0.479069 0.900698
vt 0.666310 0.814072
vt 0.620050 0.870601
f 1430/8527/1430 1425/8528/1425 1429/8529/1429
vt 0.479069 0.900698
vt 0.176485 0.775141
vt 0.518707 0.918393
f 1430/8530/1430 1426/8531/1426 1439/8532/1439
vt 0.479069 0.900698
vt 0.620050 0.870601
vt 0.273223 0.885338
f 1430/8533/1430 1429/8534/1429 1434/8535/1434
vt 0.102694 0.645870
vt 0.077538 0.500000
vt 0.098694 0.664471
f 1431/8536/1431 1330/8537/1330 1432/8538/1432
vt 0.102694 0.645870
vt 0.176485 0.775141
vt 0.273223 0.885338
f 1431/8539/1431 1426/8540/1426 1434/8541/1434
vt 0.098694 0.664471
vt 0.077538 0.500000
vt 0.069215 0.589149
f 1432/8542/1432 1330/8543/1330 1433/8544/1433
vt 0.098694 0.664471
vt 0.176485 0.775141
vt 0.102694 0.645870
f 1432/8545/1432 1426/8546/1426 1431/8547/1431
vt 0.069215 0.589149
vt 0.058845 0.500000
vt 0.078938 0.658917
f 1433/8548/1433 1326/8549/1326 1428/8550/1428
vt 0.069215 0.589149
vt 0.078938 0.658917
vt 0.098694 0.664471
f 1433/8551/1433 1428/8552/1428 1432/8553/1432
vt 0.273223 0.885338
vt 0.027562 0.500000
vt 0.077538 0.500000
f 1434/8554/1434 1327/8555/1327 1330/8556/1330
vt 0.273223 0.885338
vt 0.077538 0.500000
vt 0.102694 0.645870
f 1434/8557/1434 1330/8558/1330 1431/8559/1431
vt 0.273223 0.885338
vt 0.176485 0.775141
vt 0.479069 0.900698
f 1434/8560/1434 1426/8561/1426 1430/8562/1430
vt 0.631590 0.910569
vt 0.812134 0.780483
vt 0.634502 0.903069
f 1435/8563/1435 1416/8564/1416 1438/8565/1438
vt 0.592378 0.906925
vt 0.801457 0.683764
vt 0.666310 0.814072
f 1436/8566/1436 1420/8567/1420 1425/8568/1425
vt 0.592378 0.906925
vt 0.666310 0.814072
vt 0.479069 0.900698
f 1436/8569/1436 1425/8570/1425 1430/8571/1430
vt 0.592378 0.906925
vt 0.479069 0.900698
vt 0.518707 0.918393
f 1436/8572/1436 1430/8573/1430 1439/8574/1439
vt 0.286734 0.881273
vt 0.176485 0.775141
vt 0.117482 0.728964
f 1437/8575/1437 1426/8576/1426 1427/8577/1427
vt 0.634502 0.903069
vt 0.812134 0.780483
vt 0.801457 0.683764
f 1438/8578/1438 1416/8579/1416 1420/8580/1420
vt 0.634502 0.903069
vt 0.801457 0.683764
vt 0.592378 0.906925
f 1438/8581/1438 1420/8582/1420 1436/8583/1436
vt 0.634502 0.903069
vt 0.592378 0.906925
vt 0.603386 0.896175
f 1438/8584/1438 1436/8585/1436 1453/8586/1453
vt 0.518707 0.918393
vt 0.176485 0.775141
vt 0.286734 0.881273
f 1439/8587/1439 1426/8588/1426 1437/8589/1437
vt 0.518707 0.918393
vt 0.286734 0.881273
vt 0.495458 0.893453
f 1439/8590/1439 1437/8591/1437 1451/8592/1451
vt 0.548532 0.873262
vt 0.510731 0.911007
vt 0.549277 0.900858
f 1441/8593/1441 1440/8594/1440 1445/8595/1445
vt 0.508103 0.865398
vt 0.510731 0.911007
vt 0.548532 0.873262
f 1442/8596/1442 1440/8597/1440 1441/8598/1441
vt 0.508103 0.865398
vt 0.548532 0.873262
vt 0.508289 0.678405
f 1442/8599/1442 1441/8600/1441 1464/8601/1464
vt 0.578321 0.923783
vt 0.516468 0.934942
vt 0.631590 0.910569
f 1444/8602/1444 1421/8603/1421 1435/8604/1435
vt 0.578321 0.923783
vt 0.631590 0.910569
vt 0.634502 0.903069
f 1444/8605/1444 1435/8606/1435 1438/8607/1438
vt 0.578321 0.923783
vt 0.634502 0.903069
vt 0.560878 0.912316
f 1444/8608/1444 1438/8609/1438 1455/8610/1455
vt 0.549277 0.900858
vt 0.510731 0.911007
vt 0.513059 0.922520
f 1445/8611/1445 1440/8612/1440 1454/8613/1454
vt 0.404737 0.927680
vt 0.516468 0.934942
vt 0.430601 0.915423
f 1446/8614/1446 1421/8615/1421 1456/8616/1456
vt 0.446239 0.902268
vt 0.510731 0.911007
vt 0.508103 0.865398
f 1447/8617/1447 1440/8618/1440 1442/8619/1442
vt 0.446239 0.902268
vt 0.508103 0.865398
vt 0.488418 0.873389
f 1447/8620/1447 1442/8621/1442 1448/8622/1448
vt 0.446239 0.902268
vt 0.422324 0.884199
vt 0.136563 0.537082
f 1447/8623/1447 1443/8624/1443 1473/8625/1473
vt 0.488418 0.873389
vt 0.508103 0.865398
vt 0.510481 0.882204
f 1448/8626/1448 1442/8627/1442 1449/8628/1449
vt 0.488418 0.873389
vt 0.422324 0.884199
vt 0.446239 0.902268
f 1448/8629/1448 1443/8630/1443 1447/8631/1447
vt 0.510481 0.882204
vt 0.518707 0.918393
vt 0.495458 0.893453
f 1449/8632/1449 1439/8633/1439 1451/8634/1451
vt 0.510481 0.882204
vt 0.508103 0.865398
vt 0.508289 0.678405
f 1449/8635/1449 1442/8636/1442 1464/8637/1464
vt 0.352045 0.889673
vt 0.286734 0.881273
vt 0.404737 0.927680
f 1450/8638/1450 1437/8639/1437 1446/8640/1446
vt 0.352045 0.889673
vt 0.404737 0.927680
vt 0.430601 0.915423
f 1450/8641/1450 1446/8642/1446 1456/8643/1456
vt 0.495458 0.893453
vt 0.286734 0.881273
vt 0.352045 0.889673
f 1451/8644/1451 1437/8645/1437 1450/8646/1450
vt 0.495458 0.893453
vt 0.488418 0.873389
vt 0.510481 0.882204
f 1451/8647/1451 1448/8648/1448 1449/8649/1449
vt 0.495458 0.893453
vt 0.352045 0.889673
vt 0.318732 0.651792
f 1451/8650/1451 1450/8651/1450 1479/8652/1479
vt 0.564421 0.889621
vt 0.592378 0.906925
vt 0.518707 0.918393
f 1452/8653/1452 1436/8654/1436 1439/8655/1439
vt 0.564421 0.889621
vt 0.518707 0.918393
vt 0.510481 0.882204
f 1452/8656/1452 1439/8657/1439 1449/8658/1449
vt 0.564421 0.889621
vt 0.510481 0.882204
vt 0.508714 0.672151
f 1452/8659/1452 1449/8660/1449 1461/8661/1461
vt 0.603386 0.896175
vt 0.592378 0.906925
vt 0.564421 0.889621
f 1453/8662/1453 1436/8663/1436 1452/8664/1452
vt 0.603386 0.896175
vt 0.564421 0.889621
vt 0.792154 0.592086
f 1453/8665/1453 1452/8666/1452 1458/8667/1458
vt 0.513059 0.922520
vt 0.516468 0.934942
vt 0.578321 0.923783
f 1454/8668/1454 1421/8669/1421 1444/8670/1444
vt 0.513059 0.922520
vt 0.510731 0.911007
vt 0.430601 0.915423
f 1454/8671/1454 1440/8672/1440 1456/8673/1456
vt 0.513059 0.922520
vt 0.578321 0.923783
vt 0.560878 0.912316
f 1454/8674/1454 1444/8675/1444 1455/8676/1455
vt 0.560878 0.912316
vt 0.634502 0.903069
vt 0.603386 0.896175
f 1455/8677/1455 1438/8678/1438 1453/8679/1453
vt 0.560878 0.912316
vt 0.549277 0.900858
vt 0.513059 0.922520
f 1455/8680/1455 1445/8681/1445 1454/8682/1454
vt 0.560878 0.912316
vt 0.603386 0.896175
vt 0.792154 0.592086
f 1455/8683/1455 1453/8684/1453 1458/8685/1458
vt 0.430601 0.915423
vt 0.516468 0.934942
vt 0.513059 0.922520
f 1456/8686/1456 1421/8687/1421 1454/8688/1454
vt 0.430601 0.915423
vt 0.510731 0.911007
vt 0.446239 0.902268
f 1456/8689/1456 1440/8690/1440 1447/8691/1447
vt 0.430601 0.915423
vt 0.446239 0.902268
vt 0.128808 0.521156
f 1456/8692/1456 1447/8693/1447 1475/8694/1475
vt 0.785497 0.608190
vt 0.548532 0.873262
vt 0.549277 0.900858
f 1457/8695/1457 1441/8696/1441 1445/8697/1445
vt 0.785497 0.608190
vt 0.549277 0.900858
vt 0.792154 0.592086
f 1457/8698/1457 1445/8699/1445 1458/8700/1458
vt 0.792154 0.592086
vt 0.549277 0.900858
vt 0.560878 0.912316
f 1458/8701/1458 1445/8702/1445 1455/8703/1455
vt 0.792154 0.592086
vt 0.564421 0.889621
vt 0.782225 0.597682
f 1458/8704/1458 1452/8705/1452 1460/8706/1460
vt 0.792154 0.592086
vt 0.776781 0.615297
vt 0.785497 0.608190
f 1458/8707/1458 1459/8708/1459 1457/8709/1457
vt 0.792154 0.592086
vt 0.782225 0.597682
vt 0.776781 0.615297
f 1458/8710/1458 1460/8711/1460 1459/8712/1459
vt 0.776781 0.615297
vt 0.548532 0.873262
vt 0.785497 0.608190
f 1459/8713/1459 1441/8714/1441 1457/8715/1457
vt 0.782225 0.597682
vt 0.564421 0.889621
vt 0.772484 0.656105
f 1460/8716/1460 1452/8717/1452 1469/8718/1469
vt 0.508714 0.672151
vt 0.510481 0.882204
vt 0.508289 0.678405
f 1461/8719/1461 1449/8720/1449 1464/8721/1464
vt 0.516664 0.670228
vt 0.564421 0.889621
vt 0.508714 0.672151
f 1462/8722/1462 1452/8723/1452 1461/8724/1461
vt 0.516664 0.670228
vt 0.508714 0.672151
vt 0.508289 0.678405
f 1462/8725/1462 1461/8726/1461 1464/8727/1464
vt 0.516069 0.678147
vt 0.548532 0.873262
vt 0.550684 0.716930
f 1463/8728/1463 1441/8729/1441 1489/8730/1489
vt 0.516069 0.678147
vt 0.516664 0.670228
vt 0.508289 0.678405
f 1463/8731/1463 1462/8732/1462 1464/8733/1464
vt 0.508289 0.678405
vt 0.548532 0.873262
vt 0.516069 0.678147
f 1464/8734/1464 1441/8735/1441 1463/8736/1463
vt 0.669448 0.668869
vt 0.548532 0.873262
vt 0.690370 0.661833
f 1465/8737/1465 1441/8738/1441 1468/8739/1468
vt 0.677097 0.657244
vt 0.564421 0.889621
vt 0.632284 0.702272
f 1466/8740/1466 1452/8741/1452 1491/8742/1491
vt 0.677097 0.657244
vt 0.669448 0.668869
vt 0.690370 0.661833
f 1466/8743/1466 1465/8744/1465 1468/8745/1468
vt 0.698677 0.648839
vt 0.564421 0.889621
vt 0.677097 0.657244
f 1467/8746/1467 1452/8747/1452 1466/8748/1466
vt 0.698677 0.648839
vt 0.677097 0.657244
vt 0.690370 0.661833
f 1467/8749/1467 1466/8750/1466 1468/8751/1468
vt 0.698677 0.648839
vt 0.690370 0.661833
vt 0.707872 0.692102
f 1467/8752/1467 1468/8753/1468 1471/8754/1471
vt 0.690370 0.661833
vt 0.548532 0.873262
vt 0.707872 0.692102
f 1468/8755/1468 1441/8756/1441 1471/8757/1471
vt 0.772484 0.656105
vt 0.564421 0.889621
vt 0.725833 0.674685
f 1469/8758/1469 1452/8759/1452 1470/8760/1470
vt 0.725833 0.674685
vt 0.564421 0.889621
vt 0.698677 0.648839
f 1470/8761/1470 1452/8762/1452 1467/8763/1467
vt 0.725833 0.674685
vt 0.698677 0.648839
vt 0.707872 0.692102
f 1470/8764/1470 1467/8765/1467 1471/8766/1471
vt 0.707872 0.692102
vt 0.548532 0.873262
vt 0.753232 0.679758
f 1471/8767/1471 1441/8768/1441 1472/8769/1472
vt 0.707872 0.692102
vt 0.753232 0.679758
vt 0.725833 0.674685
f 1471/8770/1471 1472/8771/1472 1470/8772/1470
vt 0.753232 0.679758
vt 0.548532 0.873262
vt 0.776781 0.615297
f 1472/8773/1472 1441/8774/1441 1459/8775/1459
vt 0.753232 0.679758
vt 0.776781 0.615297
vt 0.782225 0.597682
f 1472/8776/1472 1459/8777/1459 1460/8778/1460
vt 0.753232 0.679758
vt 0.782225 0.597682
vt 0.772484 0.656105
f 1472/8779/1472 1460/8780/1460 1469/8781/1469
vt 0.753232 0.679758
vt 0.772484 0.656105
vt 0.725833 0.674685
f 1472/8782/1472 1469/8783/1469 1470/8784/1470
vt 0.136563 0.537082
vt 0.422324 0.884199
vt 0.145232 0.612381
f 1473/8785/1473 1443/8786/1443 1497/8787/1497
vt 0.139478 0.521443
vt 0.352045 0.889673
vt 0.430601 0.915423
f 1474/8788/1474 1450/8789/1450 1456/8790/1456
vt 0.139478 0.521443
vt 0.430601 0.915423
vt 0.133380 0.506185
f 1474/8791/1474 1456/8792/1456 1476/8793/1476
vt 0.139478 0.521443
vt 0.136563 0.537082
vt 0.141650 0.580400
f 1474/8794/1474 1473/8795/1473 1500/8796/1500
vt 0.128808 0.521156
vt 0.446239 0.902268
vt 0.136563 0.537082
f 1475/8797/1475 1447/8798/1447 1473/8799/1473
vt 0.128808 0.521156
vt 0.136563 0.537082
vt 0.133380 0.506185
f 1475/8800/1475 1473/8801/1473 1476/8802/1476
vt 0.133380 0.506185
vt 0.430601 0.915423
vt 0.128808 0.521156
f 1476/8803/1476 1456/8804/1456 1475/8805/1475
vt 0.133380 0.506185
vt 0.136563 0.537082
vt 0.139478 0.521443
f 1476/8806/1476 1473/8807/1473 1474/8808/1474
vt 0.507952 0.545910
vt 0.495458 0.893453
vt 0.499343 0.549062
f 1477/8809/1477 1451/8810/1451 1487/8811/1487
vt 0.506692 0.556046
vt 0.488418 0.873389
vt 0.495458 0.893453
f 1478/8812/1478 1448/8813/1448 1451/8814/1451
vt 0.506692 0.556046
vt 0.495458 0.893453
vt 0.507952 0.545910
f 1478/8815/1478 1451/8816/1451 1477/8817/1477
vt 0.318732 0.651792
vt 0.352045 0.889673
vt 0.301173 0.652975
f 1479/8818/1479 1450/8819/1450 1485/8820/1485
vt 0.200407 0.632476
vt 0.352045 0.889673
vt 0.191496 0.621283
f 1480/8821/1480 1450/8822/1450 1484/8823/1484
vt 0.211496 0.659559
vt 0.422324 0.884199
vt 0.240279 0.718904
f 1481/8824/1481 1443/8825/1443 1493/8826/1493
vt 0.211496 0.659559
vt 0.200407 0.632476
vt 0.191496 0.621283
f 1481/8827/1481 1480/8828/1480 1484/8829/1484
vt 0.330417 0.671347
vt 0.422324 0.884199
vt 0.488418 0.873389
f 1482/8830/1482 1443/8831/1443 1448/8832/1448
vt 0.330417 0.671347
vt 0.488418 0.873389
vt 0.390157 0.731988
f 1482/8833/1482 1448/8834/1448 1501/8835/1501
vt 0.330417 0.671347
vt 0.318732 0.651792
vt 0.301173 0.652975
f 1482/8836/1482 1479/8837/1479 1485/8838/1485
vt 0.199611 0.647890
vt 0.422324 0.884199
vt 0.211496 0.659559
f 1483/8839/1483 1443/8840/1443 1481/8841/1481
vt 0.199611 0.647890
vt 0.211496 0.659559
vt 0.191496 0.621283
f 1483/8842/1483 1481/8843/1481 1484/8844/1484
vt 0.191496 0.621283
vt 0.352045 0.889673
vt 0.169341 0.619787
f 1484/8845/1484 1450/8846/1450 1499/8847/1499
vt 0.191496 0.621283
vt 0.178414 0.651443
vt 0.199611 0.647890
f 1484/8848/1484 1498/8849/1498 1483/8850/1483
vt 0.301173 0.652975
vt 0.352045 0.889673
vt 0.270027 0.698897
f 1485/8851/1485 1450/8852/1450 1495/8853/1495
vt 0.313636 0.673708
vt 0.422324 0.884199
vt 0.330417 0.671347
f 1486/8854/1486 1443/8855/1443 1482/8856/1482
vt 0.313636 0.673708
vt 0.330417 0.671347
vt 0.301173 0.652975
f 1486/8857/1486 1482/8858/1482 1485/8859/1485
vt 0.313636 0.673708
vt 0.301173 0.652975
vt 0.270027 0.698897
f 1486/8860/1486 1485/8861/1485 1495/8862/1495
vt 0.499343 0.549062
vt 0.495458 0.893453
vt 0.469823 0.641715
f 1487/8863/1487 1451/8864/1451 1503/8865/1503
vt 0.498782 0.560994
vt 0.488418 0.873389
vt 0.506692 0.556046
f 1488/8866/1488 1448/8867/1448 1478/8868/1478
vt 0.498782 0.560994
vt 0.507952 0.545910
vt 0.499343 0.549062
f 1488/8869/1488 1477/8870/1477 1487/8871/1487
vt 0.498782 0.560994
vt 0.506692 0.556046
vt 0.507952 0.545910
f 1488/8872/1488 1478/8873/1478 1477/8874/1477
vt 0.498782 0.560994
vt 0.499343 0.549062
vt 0.469823 0.641715
f 1488/8875/1488 1487/8876/1487 1503/8877/1503
vt 0.550684 0.716930
vt 0.548532 0.873262
vt 0.620103 0.710642
f 1489/8878/1489 1441/8879/1441 1490/8880/1490
vt 0.550684 0.716930
vt 0.516664 0.670228
vt 0.516069 0.678147
f 1489/8881/1489 1462/8882/1462 1463/8883/1463
vt 0.620103 0.710642
vt 0.548532 0.873262
vt 0.669448 0.668869
f 1490/8884/1490 1441/8885/1441 1465/8886/1465
vt 0.620103 0.710642
vt 0.669448 0.668869
vt 0.677097 0.657244
f 1490/8887/1490 1465/8888/1465 1466/8889/1466
vt 0.620103 0.710642
vt 0.677097 0.657244
vt 0.632284 0.702272
f 1490/8890/1490 1466/8891/1466 1491/8892/1491
vt 0.632284 0.702272
vt 0.564421 0.889621
vt 0.555919 0.712361
f 1491/8893/1491 1452/8894/1452 1492/8895/1492
vt 0.632284 0.702272
vt 0.555919 0.712361
vt 0.620103 0.710642
f 1491/8896/1491 1492/8897/1492 1490/8898/1490
vt 0.555919 0.712361
vt 0.564421 0.889621
vt 0.516664 0.670228
f 1492/8899/1492 1452/8900/1452 1462/8901/1462
vt 0.555919 0.712361
vt 0.516664 0.670228
vt 0.550684 0.716930
f 1492/8902/1492 1462/8903/1462 1489/8904/1489
vt 0.555919 0.712361
vt 0.550684 0.716930
vt 0.620103 0.710642
f 1492/8905/1492 1489/8906/1489 1490/8907/1490
vt 0.240279 0.718904
vt 0.422324 0.884199
vt 0.291746 0.722961
f 1493/8908/1493 1443/8909/1443 1494/8910/1494
vt 0.240279 0.718904
vt 0.200407 0.632476
vt 0.211496 0.659559
f 1493/8911/1493 1480/8912/1480 1481/8913/1481
vt 0.291746 0.722961
vt 0.422324 0.884199
vt 0.313636 0.673708
f 1494/8914/1494 1443/8915/1443 1486/8916/1486
vt 0.291746 0.722961
vt 0.313636 0.673708
vt 0.270027 0.698897
f 1494/8917/1494 1486/8918/1486 1495/8919/1495
vt 0.270027 0.698897
vt 0.352045 0.889673
vt 0.218187 0.689067
f 1495/8920/1495 1450/8921/1450 1496/8922/1496
vt 0.270027 0.698897
vt 0.240279 0.718904
vt 0.291746 0.722961
f 1495/8923/1495 1493/8924/1493 1494/8925/1494
vt 0.218187 0.689067
vt 0.352045 0.889673
vt 0.200407 0.632476
f 1496/8926/1496 1450/8927/1450 1480/8928/1480
vt 0.218187 0.689067
vt 0.200407 0.632476
vt 0.240279 0.718904
f 1496/8929/1496 1480/8930/1480 1493/8931/1493
vt 0.218187 0.689067
vt 0.240279 0.718904
vt 0.270027 0.698897
f 1496/8932/1496 1493/8933/1493 1495/8934/1495
vt 0.145232 0.612381
vt 0.422324 0.884199
vt 0.178414 0.651443
f 1497/8935/1497 1443/8936/1443 1498/8937/1498
vt 0.178414 0.651443
vt 0.422324 0.884199
vt 0.199611 0.647890
f 1498/8938/1498 1443/8939/1443 1483/8940/1483
vt 0.178414 0.651443
vt 0.191496 0.621283
vt 0.169341 0.619787
f 1498/8941/1498 1484/8942/1484 1499/8943/1499
vt 0.169341 0.619787
vt 0.352045 0.889673
vt 0.141650 0.580400
f 1499/8944/1499 1450/8945/1450 1500/8946/1500
vt 0.169341 0.619787
vt 0.141650 0.580400
vt 0.178414 0.651443
f 1499/8947/1499 1500/8948/1500 1498/8949/1498
vt 0.141650 0.580400
vt 0.352045 0.889673
vt 0.139478 0.521443
f 1500/8950/1500 1450/8951/1450 1474/8952/1474
vt 0.141650 0.580400
vt 0.136563 0.537082
vt 0.145232 0.612381
f 1500/8953/1500 1473/8954/1473 1497/8955/1497
vt 0.141650 0.580400
vt 0.145232 0.612381
vt 0.178414 0.651443
f 1500/8956/1500 1497/8957/1497 1498/8958/1498
vt 0.390157 0.731988
vt 0.488418 0.873389
vt 0.471689 0.663541
f 1501/8959/1501 1448/8960/1448 1502/8961/1502
vt 0.390157 0.731988
vt 0.318732 0.651792
vt 0.330417 0.671347
f 1501/8962/1501 1479/8963/1479 1482/8964/1482
vt 0.471689 0.663541
vt 0.488418 0.873389
vt 0.498782 0.560994
f 1502/8965/1502 1448/8966/1448 1488/8967/1488
vt 0.471689 0.663541
vt 0.498782 0.560994
vt 0.469823 0.641715
f 1502/8968/1502 1488/8969/1488 1503/8970/1503
vt 0.469823 0.641715
vt 0.495458 0.893453
vt 0.371229 0.716144
f 1503/8971/1503 1451/8972/1451 1504/8973/1504
vt 0.469823 0.641715
vt 0.390157 0.731988
vt 0.471689 0.663541
f 1503/8974/1503 1501/8975/1501 1502/8976/1502
vt 0.371229 0.716144
vt 0.495458 0.893453
vt 0.318732 0.651792
f 1504/8977/1504 1451/8978/1451 1479/8979/1479
vt 0.371229 0.716144
vt 0.318732 0.651792
vt 0.390157 0.731988
f 1504/8980/1504 1479/8981/1479 1501/8982/1501
vt 0.371229 0.716144
vt 0.390157 0.731988
vt 0.469823 0.641715
f 1504/8983/1504 1501/8984/1501 1503/8985/1503
vt 0.648059 0.576199
vt 0.594407 0.500000
vt 0.645101 0.500000
f 1505/8986/1505 1313/8987/1313 1404/8988/1404
vt 0.648059 0.576199
vt 0.645101 0.500000
vt 0.740013 0.574133
f 1505/8989/1505 1404/8990/1404 1508/8991/1508
vt 0.648059 0.576199
vt 0.620050 0.870601
vt 0.647462 0.662881
f 1505/8992/1505 1429/8993/1429 1506/8994/1506
vt 0.647462 0.662881
vt 0.604841 0.571367
vt 0.648059 0.576199
f 1506/8995/1506 1424/8996/1424 1505/8997/1505
vt -0.284711 0.853874
vt -0.125281 0.500000
vt 0.027562 0.500000
f 1507/8998/1507 1320/8999/1320 1327/9000/1327
vt -0.284711 0.853874
vt 0.027562 0.500000
vt -0.379950 0.870601
f 1507/9001/1507 1327/9002/1327 1429/9003/1429
vt 0.715289 0.853874
vt 0.620050 0.870601
vt 0.723303 0.694349
f 1507/9004/1507 1429/9005/1429 1509/9006/1509
vt 0.740013 0.574133
vt 0.874719 0.500000
vt 0.420096 0.516037
f 1508/9007/1508 1320/9008/1320 1510/9009/1510
vt 0.723303 0.694349
vt 0.620050 0.870601
vt 0.648059 0.576199
f 1509/9010/1509 1429/9011/1429 1505/9012/1505
vt 0.723303 0.694349
vt 0.648059 0.576199
vt 0.740013 0.574133
f 1509/9013/1509 1505/9014/1505 1508/9015/1508
vt 0.420096 0.516037
vt 0.874719 0.500000
vt 0.394334 0.504255
f 1510/9016/1510 1320/9017/1320 1513/9018/1513
vt 0.411809 0.538346
vt 0.740013 0.574133
vt 0.420096 0.516037
f 1511/9019/1511 1508/9020/1508 1510/9021/1510
vt 0.411809 0.538346
vt 0.723303 0.694349
vt 0.740013 0.574133
f 1511/9022/1511 1509/9023/1509 1508/9024/1508
vt 0.411809 0.538346
vt 0.420096 0.516037
vt 0.394334 0.504255
f 1511/9025/1511 1510/9026/1510 1513/9027/1513
vt 0.365164 0.545283
vt -0.125281 0.500000
vt 0.715289 0.853874
f 1512/9028/1512 1320/9029/1320 1507/9030/1507
vt 0.365164 0.545283
vt 0.715289 0.853874
vt 0.723303 0.694349
f 1512/9031/1512 1507/9032/1507 1509/9033/1509
vt 0.365164 0.545283
vt 0.723303 0.694349
vt 0.411809 0.538346
f 1512/9034/1512 1509/9035/1509 1511/9036/1511
vt 0.365164 0.545283
vt 0.411809 0.538346
vt 0.394334 0.504255
f 1512/9037/1512 1511/9038/1511 1513/9039/1513
vt 0.394334 0.504255
vt -0.125281 0.500000
vt 0.365164 0.545283
f 1513/9040/1513 1320/9041/1320 1512/9042/1512
vt 0.404737 0.072320
vt 0.516468 0.065058
vt 0.117482 0.271036
vt 0.286734 0.118727
f 1342/9043/1342 1309/9044/1309 1317/9045/1317 1333/9046/1333
vt 0.286734 0.881273
vt 0.117482 0.728964
vt 0.516468 0.934942
vt 0.404737 0.927680
f 1437/9047/1437 1427/9048/1427 1421/9049/1421 1446/9050/1446
usemtl tex0_2
v 20.721701 71.293098 -6.238110
vn -0.701148 -0.677072 -0.223527
v 17.945601 60.528198 26.369200
vn -0.649134 -0.676428 -0.347951
v 10.361300 52.647800 50.239300
vn -0.440084 -0.741036 -0.507140
v 0.001000 49.763302 58.976398
vn 0.000000 -0.797890 -0.602803
v -10.359300 52.647800 50.239300
vn 0.440084 -0.741036 -0.507140
v -17.943600 60.528198 26.369200
vn 0.649133 -0.676429 -0.347951
v -20.719700 71.293098 -6.238110
vn 0.701148 -0.677072 -0.223527
v -17.943600 82.057999 -38.845402
vn 0.649133 -0.750635 -0.123176
v -10.359300 89.938400 -62.715500
vn 0.440084 -0.897323 -0.033743
v 0.001000 92.822800 -71.452599
vn 0.000000 -0.999957 0.009267
v 10.361300 89.938400 -62.715500
vn -0.440083 -0.897323 -0.033743
v 17.945601 82.057999 -38.845402
vn -0.649133 -0.750636 -0.123176
v 35.890301 44.012901 -15.244300
vn -0.951344 -0.292597 -0.096597
v 31.082001 25.367599 41.233101
vn -0.921794 -0.275713 -0.272538
v 17.945601 11.718300 82.577499
vn -0.738522 -0.335638 -0.584749
v 0.001000 6.722280 97.710503
vn 0.000000 -0.436363 -0.899771
v -17.943600 11.718300 82.577499
vn 0.738522 -0.335639 -0.584749
v -31.080000 25.367599 41.233101
vn 0.921794 -0.275714 -0.272538
v -35.888302 44.012901 -15.244300
vn 0.951344 -0.292597 -0.096597
v -31.080000 62.658199 -71.721802
vn 0.921794 -0.383784 0.054814
v -17.943600 76.307503 -113.066002
vn 0.738522 -0.617817 0.269978
v 0.001000 81.303497 -128.199005
vn 0.000000 -0.886302 0.463109
v 17.945601 76.307503 -113.066002
vn -0.738522 -0.617817 0.269978
v 31.082001 62.658199 -71.721802
vn -0.921794 -0.383785 0.054813
v 41.442402 6.747460 -27.547001
vn -1.000000 -0.000000 -0.000000
v 35.890301 -14.782300 37.667500
vn -0.982664 0.058121 -0.176052
v 20.721701 -30.543200 85.407799
vn -0.845660 0.167320 -0.506817
v 0.001000 -36.312000 102.882004
vn 0.000000 0.313495 -0.949590
v -20.719700 -30.543200 85.407799
vn 0.845660 0.167319 -0.506817
v -35.888302 -14.782300 37.667500
vn 0.982664 0.058122 -0.176052
v -41.440399 6.747460 -27.547001
vn 1.000000 -0.000000 -0.000000
v -35.888302 28.277201 -92.761597
vn 0.982664 -0.058121 0.176052
v -20.719700 44.038101 -140.501999
vn 0.845660 -0.167322 0.506817
v 0.001000 49.806999 -157.975998
vn -0.000000 -0.313501 0.949588
v 20.721701 44.038101 -140.501999
vn -0.845660 -0.167323 0.506817
v 35.890301 28.277201 -92.761597
vn -0.982664 -0.058123 0.176052
v 35.890301 -30.518000 -39.849701
vn -0.833430 0.524752 0.173288
v 31.082001 -49.163300 16.627701
vn -0.801442 0.596742 0.039873
v 17.945601 -62.812599 57.972000
vn -0.626658 0.764787 -0.149669
v 0.001000 -67.808601 73.105103
vn 0.001027 0.955125 -0.296202
v -17.943600 -62.812599 57.972000
vn 0.628673 0.762773 -0.151483
v -31.080000 -49.163300 16.627701
vn 0.802904 0.594845 0.038786
v -35.888302 -30.518000 -39.849701
vn 0.833430 0.524781 0.173201
v -31.080000 -11.872700 -96.327202
vn 0.801443 0.503187 0.323253
v -17.943600 1.776640 -137.671997
vn 0.626658 0.525351 0.575592
v 0.001000 6.772630 -152.804993
vn -0.001027 0.591032 0.806648
v 17.945601 1.776640 -137.671997
vn -0.628672 0.522654 0.575850
v 31.082001 -11.872700 -96.327202
vn -0.802904 0.501016 0.322998
v 13.084000 -43.506500 -44.137798
vn -0.473748 0.836078 0.276653
v 11.181500 -53.522400 -12.541400
vn -0.402704 0.889350 0.216532
v 6.266310 -60.258701 10.676100
vn -0.237389 0.955849 0.173200
v 0.001000 -62.546700 19.186300
vn 0.001400 0.988048 0.154137
v -6.264310 -60.258701 10.676100
vn 0.245793 0.954361 0.169647
v -11.179500 -53.522400 -12.541400
vn 0.420766 0.882067 0.211930
v -13.081900 -43.506500 -44.137798
vn 0.496612 0.824033 0.272667
v -11.179500 -32.741798 -75.486801
vn 0.457071 0.815964 0.353960
v -6.264310 -24.330601 -98.151398
vn 0.284874 0.851155 0.440888
v 0.001000 -21.102100 -106.350998
vn 0.000539 0.875906 0.482481
v 6.266310 -24.330601 -98.151398
vn -0.277630 0.853711 0.440567
v 11.181500 -32.741798 -75.486801
vn -0.438690 0.825384 0.355378
v 0.001000 81.278297 -2.941610
vn 0.000000 -0.949590 -0.313495
v -0.841489 -46.544201 -56.115002
vn 0.013683 0.946048 0.323738
v -3.681540 -172.156006 47.460701
vn -0.909329 0.266927 0.319172
v -52.838902 3.496290 -19.104300
vn -0.972465 -0.204513 0.111739
v -68.375000 3.496290 -19.104300
vn 0.887118 -0.239701 -0.394416
v -19.217600 -172.156006 47.460701
vn 0.746343 0.315458 -0.586052
v -74.572701 -95.081802 -115.760002
vn -0.792711 0.450922 0.410217
v -65.657204 1.809670 -309.221008
vn -0.971793 0.165846 0.167669
v -81.193298 1.809670 -309.221008
vn 0.979680 -0.181905 0.084488
v -90.108803 -95.081802 -115.760002
vn 0.902940 0.383576 0.193827
v -51.238800 -134.639999 -31.986601
vn -0.714249 0.481336 0.508099
v -66.774902 -134.639999 -31.986601
vn 0.788663 0.609563 -0.080274
v -32.630299 -121.435997 2.268950
vn -0.651163 0.557402 0.515063
v -48.166401 -121.435997 2.268950
vn 0.691766 0.681485 -0.238825
v -61.544300 -21.765301 -116.551003
vn -0.735285 0.506038 0.450868
v -77.080399 -21.765301 -116.551003
vn 0.848872 0.281728 0.447265
v -59.720600 -77.413300 -56.544701
vn -0.748051 0.496334 0.440536
v -75.256699 -77.413300 -56.544701
vn 0.804460 0.591643 0.052945
v 3.006600 -172.156006 47.460701
vn 0.909328 0.266928 0.319173
v 52.164001 3.496290 -19.104300
vn 0.972465 -0.204513 0.111739
v 67.700104 3.496290 -19.104300
vn -0.887119 -0.239700 -0.394416
v 18.542700 -172.156006 47.460701
vn -0.746343 0.315458 -0.586052
v 73.897697 -95.081802 -115.760002
vn 0.792711 0.450923 0.410216
v 64.982300 1.809670 -309.221008
vn 0.971794 0.165842 0.167669
v 80.518303 1.809670 -309.221008
vn -0.979680 -0.181902 0.084488
v 89.433800 -95.081802 -115.760002
vn -0.902940 0.383576 0.193829
v 50.563900 -134.639999 -31.986601
vn 0.714249 0.481336 0.508099
v 66.099899 -134.639999 -31.986601
vn -0.788663 0.609563 -0.080274
v 31.955400 -121.435997 2.268950
vn 0.651163 0.557402 0.515063
v 47.491501 -121.435997 2.268950
vn -0.691766 0.681485 -0.238824
v 60.869301 -21.765301 -116.551003
vn 0.735285 0.506037 0.450868
v 76.405403 -21.765301 -116.551003
vn -0.848871 0.281729 0.447265
v 59.045700 -77.413300 -56.544701
vn 0.748051 0.496335 0.440535
v 74.581802 -77.413300 -56.544701
vn -0.804460 0.591643 0.052945
v -67.712997 -12.117500 -18.914200
vn 0.577350 0.577350 -0.577350
v -67.712997 2.674480 -18.914200
vn 0.577350 -0.577350 -0.577350
v 67.714996 2.674480 -18.914200
vn -0.577350 -0.577350 -0.577350
v 67.714996 -12.117500 -18.914200
vn -0.577350 0.577350 -0.577350
v -67.712997 -12.117500 -33.706200
vn 0.577350 0.577350 0.577350
v -67.712997 2.674480 -33.706200
vn 0.577350 -0.577350 0.577350
v 67.714996 2.674480 -33.706200
vn -0.577350 -0.577350 0.577350
v 67.714996 -12.117500 -33.706200
vn -0.577350 0.577350 0.577350
v -53.772999 -1.591690 -18.364599
vn -0.912762 0.318516 0.255761
v -56.724602 174.472000 -44.085499
vn -0.856463 -0.328069 0.398550
v -71.716202 174.472000 -44.085499
vn 0.815374 -0.401372 -0.417211
v -68.764702 -1.591690 -18.364599
vn 0.769390 0.108668 -0.629468
v -179.003998 9.230760 -225.209000
vn -0.690978 0.143366 0.708516
v -93.923103 115.782997 -113.672997
vn -0.666484 -0.338598 0.664192
v -108.915001 115.782997 -113.672997
vn 0.810398 -0.580045 -0.082480
v -193.996002 9.230760 -225.209000
vn 0.975093 -0.102278 -0.196808
v -69.332603 104.338997 -62.055698
vn -0.671507 -0.421452 0.609472
v -84.324303 104.338997 -62.055698
vn 0.803809 -0.592266 -0.055784
v -109.597000 41.681099 -120.356003
vn -0.566815 -0.262048 0.781058
v -124.588997 41.681099 -120.356003
vn 0.784980 -0.608112 0.118347
v 53.925999 -1.591690 -18.364599
vn 0.912762 0.318515 0.255761
v 56.877602 174.472000 -44.085499
vn 0.856462 -0.328068 0.398552
v 71.869301 174.472000 -44.085499
vn -0.815375 -0.401371 -0.417210
v 68.917702 -1.591690 -18.364599
vn -0.769391 0.108668 -0.629467
v 179.156998 9.230760 -225.209000
vn 0.690978 0.143366 0.708516
v 94.076202 115.782997 -113.672997
vn 0.666484 -0.338598 0.664192
v 109.068001 115.782997 -113.672997
vn -0.810398 -0.580045 -0.082480
v 194.149002 9.230760 -225.209000
vn -0.975093 -0.102278 -0.196808
v 69.485703 104.338997 -62.055698
vn 0.671506 -0.421452 0.609473
v 84.477303 104.338997 -62.055698
vn -0.803810 -0.592265 -0.055784
v 109.750000 41.681099 -120.356003
vn 0.566815 -0.262048 0.781058
v 124.741997 41.681099 -120.356003
vn -0.784980 -0.608112 0.118347
vt 0.910864 0.375911
vt 0.881153 0.387557
vt 0.892923 0.500371
f 1515/9051/1515 1514/9052/1514 1574/9053/1574
vt 0.939009 0.411895
vt 0.910864 0.375911
vt 0.892923 0.500371
f 1516/9054/1516 1515/9055/1515 1574/9056/1574
vt 0.953899 0.500709
vt 0.939009 0.411895
vt 0.892923 0.500371
f 1517/9057/1517 1516/9058/1516 1574/9059/1574
vt 0.938730 0.589342
vt 0.953899 0.500709
vt 0.892923 0.500371
f 1518/9060/1518 1517/9061/1517 1574/9062/1574
vt 0.910530 0.625037
vt 0.938730 0.589342
vt 0.892923 0.500371
f 1519/9063/1519 1518/9064/1518 1574/9065/1574
vt 0.880886 0.613187
vt 0.910530 0.625037
vt 0.892923 0.500371
f 1520/9066/1520 1519/9067/1519 1574/9068/1574
vt 0.846767 0.577338
vt 0.880886 0.613187
vt 0.892923 0.500371
f 1521/9069/1521 1520/9070/1520 1574/9071/1574
vt 0.815710 0.537138
vt 0.846767 0.577338
vt 0.892923 0.500371
f 1522/9072/1522 1521/9073/1521 1574/9074/1574
vt 0.803269 0.500250
vt 0.815710 0.537138
vt 0.892923 0.500371
f 1523/9075/1523 1522/9076/1522 1574/9077/1574
vt 0.815783 0.463391
vt 0.803269 0.500250
vt 0.892923 0.500371
f 1524/9078/1524 1523/9079/1523 1574/9080/1574
vt 0.846934 0.423273
vt 0.815783 0.463391
vt 0.892923 0.500371
f 1525/9081/1525 1524/9082/1524 1574/9083/1574
vt 0.162792 0.389679
vt 0.122099 0.390175
vt 0.126423 0.507178
f 1573/9084/1573 1562/9085/1562 1575/9086/1575
vt 0.162792 0.389679
vt 0.126423 0.507178
vt 0.228058 0.433981
f 1573/9087/1573 1575/9088/1575 1572/9089/1572
vt 0.892923 0.500371
vt 0.881153 0.387557
vt 0.846934 0.423273
f 1574/9090/1574 1514/9091/1514 1525/9092/1525
vt 0.126423 0.507178
vt 0.122099 0.390175
vt 0.096277 0.418222
f 1575/9093/1575 1562/9094/1562 1563/9095/1563
vt 0.126423 0.507178
vt 0.096277 0.418222
vt 0.081433 0.457939
f 1575/9096/1575 1563/9097/1563 1564/9098/1564
vt 0.126423 0.507178
vt 0.081433 0.457939
vt 0.076651 0.500500
f 1575/9099/1575 1564/9100/1564 1565/9101/1565
vt 0.126423 0.507178
vt 0.076651 0.500500
vt 0.081553 0.543076
f 1575/9102/1575 1565/9103/1565 1566/9104/1566
vt 0.126423 0.507178
vt 0.081553 0.543076
vt 0.096532 0.582838
f 1575/9105/1575 1566/9106/1566 1567/9107/1567
vt 0.126423 0.507178
vt 0.096532 0.582838
vt 0.122510 0.610979
f 1575/9108/1575 1567/9109/1567 1568/9110/1568
vt 0.126423 0.507178
vt 0.122510 0.610979
vt 0.163335 0.611642
f 1575/9111/1575 1568/9112/1568 1569/9113/1569
vt 0.126423 0.507178
vt 0.163335 0.611642
vt 0.228470 0.567528
f 1575/9114/1575 1569/9115/1569 1570/9116/1570
vt 0.126423 0.507178
vt 0.228470 0.567528
vt 0.272847 0.500771
f 1575/9117/1575 1570/9118/1570 1571/9119/1571
vt 0.126423 0.507178
vt 0.272847 0.500771
vt 0.228058 0.433981
f 1575/9120/1575 1571/9121/1571 1572/9122/1572
vt 0.517094 0.910172
vt 0.136482 0.507872
vt 0.152030 0.592709
f 1577/9123/1577 1576/9124/1576 1586/9125/1586
vt 0.139085 0.540124
vt 0.512597 0.890997
vt 0.167563 0.630643
f 1579/9126/1579 1578/9127/1578 1587/9128/1587
vt 0.315585 0.643073
vt 0.517094 0.910172
vt 0.245259 0.693690
f 1580/9129/1580 1577/9130/1577 1590/9131/1590
vt 0.500731 0.549149
vt 0.517094 0.910172
vt 0.424069 0.704301
f 1581/9132/1581 1577/9133/1577 1588/9134/1588
vt 0.328782 0.660480
vt 0.512597 0.890997
vt 0.436343 0.714460
f 1583/9135/1583 1578/9136/1578 1589/9137/1589
vt 0.198456 0.613853
vt 0.517094 0.910172
vt 0.152030 0.592709
f 1584/9138/1584 1577/9139/1577 1586/9140/1586
vt 0.213092 0.641124
vt 0.512597 0.890997
vt 0.273082 0.717363
f 1585/9141/1585 1578/9142/1578 1591/9143/1591
vt 0.167563 0.630643
vt 0.512597 0.890997
vt 0.213092 0.641124
f 1587/9144/1587 1578/9145/1578 1585/9146/1585
vt 0.424069 0.704301
vt 0.517094 0.910172
vt 0.315585 0.643073
f 1588/9147/1588 1577/9148/1577 1580/9149/1580
vt 0.436343 0.714460
vt 0.512597 0.890997
vt 0.500719 0.559792
f 1589/9150/1589 1578/9151/1578 1582/9152/1582
vt 0.245259 0.693690
vt 0.517094 0.910172
vt 0.198456 0.613853
f 1590/9153/1590 1577/9154/1577 1584/9155/1584
vt 0.273082 0.717363
vt 0.512597 0.890997
vt 0.328782 0.660480
f 1591/9156/1591 1578/9157/1578 1583/9158/1583
vt 0.314870 0.357966
vt 0.517413 0.088714
vt 0.423294 0.296386
f 1596/9159/1596 1593/9160/1593 1604/9161/1604
vt 0.500720 0.440763
vt 0.512782 0.108062
vt 0.435783 0.285975
f 1598/9162/1598 1594/9163/1594 1605/9164/1605
vt 0.328093 0.340354
vt 0.512782 0.108062
vt 0.271665 0.283684
f 1599/9165/1599 1594/9166/1594 1607/9167/1607
vt 0.197734 0.387716
vt 0.517413 0.088714
vt 0.243717 0.307836
f 1600/9168/1600 1593/9169/1593 1606/9170/1606
vt 0.212269 0.360225
vt 0.512782 0.108062
vt 0.166639 0.371243
f 1601/9171/1601 1594/9172/1594 1603/9173/1603
vt 0.151327 0.409455
vt 0.136441 0.493862
vt 0.517413 0.088714
f 1602/9174/1602 1592/9175/1592 1593/9176/1593
vt 0.151327 0.409455
vt 0.517413 0.088714
vt 0.197734 0.387716
f 1602/9177/1602 1593/9178/1593 1600/9179/1600
vt 0.166639 0.371243
vt 0.512782 0.108062
vt 0.138860 0.461574
f 1603/9180/1603 1594/9181/1594 1595/9182/1595
vt 0.423294 0.296386
vt 0.517413 0.088714
vt 0.500732 0.451433
f 1604/9183/1604 1593/9184/1593 1597/9185/1597
vt 0.435783 0.285975
vt 0.512782 0.108062
vt 0.328093 0.340354
f 1605/9186/1605 1594/9187/1594 1599/9188/1599
vt 0.243717 0.307836
vt 0.517413 0.088714
vt 0.314870 0.357966
f 1606/9189/1606 1593/9190/1593 1596/9191/1596
vt 0.271665 0.283684
vt 0.512782 0.108062
vt 0.212269 0.360225
f 1607/9192/1607 1594/9193/1594 1601/9194/1601
vt 0.785160 0.593508
vt 0.478082 0.909266
vt 0.749724 0.668094
f 1617/9195/1617 1616/9196/1616 1624/9197/1624
vt 0.483618 0.891062
vt 0.776026 0.614402
vt 0.730455 0.688629
f 1619/9198/1619 1618/9199/1618 1625/9200/1625
vt 0.684767 0.651499
vt 0.478082 0.909266
vt 0.578673 0.712781
f 1621/9201/1621 1616/9202/1616 1626/9203/1626
vt 0.673669 0.665110
vt 0.483618 0.891062
vt 0.730455 0.688629
f 1622/9204/1622 1619/9205/1619 1625/9206/1625
vt 0.506840 0.660585
vt 0.483618 0.891062
vt 0.570937 0.718083
f 1623/9207/1623 1619/9208/1619 1627/9209/1627
vt 0.749724 0.668094
vt 0.478082 0.909266
vt 0.684767 0.651499
f 1624/9210/1624 1616/9211/1616 1621/9212/1621
vt 0.578673 0.712781
vt 0.478082 0.909266
vt 0.507141 0.654718
f 1626/9213/1626 1616/9214/1616 1620/9215/1620
vt 0.570937 0.718083
vt 0.483618 0.891062
vt 0.673669 0.665110
f 1627/9216/1627 1619/9217/1619 1622/9218/1622
vt 0.507141 0.345282
vt 0.478082 0.090734
vt 0.578673 0.287219
f 1632/9219/1632 1628/9220/1628 1638/9221/1638
vt 0.684767 0.348501
vt 0.478082 0.090734
vt 0.749724 0.331906
f 1633/9222/1633 1628/9223/1628 1636/9224/1636
vt 0.673669 0.334890
vt 0.483618 0.108938
vt 0.570937 0.281917
f 1634/9225/1634 1631/9226/1631 1639/9227/1639
vt 0.749724 0.331906
vt 0.478082 0.090734
vt 0.785160 0.406492
f 1636/9228/1636 1628/9229/1628 1629/9230/1629
vt 0.730455 0.311371
vt 0.776026 0.385598
vt 0.483618 0.108938
f 1637/9231/1637 1630/9232/1630 1631/9233/1631
vt 0.730455 0.311371
vt 0.483618 0.108938
vt 0.673669 0.334890
f 1637/9234/1637 1631/9235/1631 1634/9236/1634
vt 0.578673 0.287219
vt 0.478082 0.090734
vt 0.684767 0.348501
f 1638/9237/1638 1628/9238/1628 1633/9239/1633
vt 0.570937 0.281917
vt 0.483618 0.108938
vt 0.506840 0.339415
f 1639/9240/1639 1631/9241/1631 1635/9242/1635
vt 0.814281 0.236500
vt 0.881153 0.387557
vt 0.910864 0.375911
vt 0.780099 0.137856
f 1526/9243/1526 1514/9244/1514 1515/9245/1515 1527/9246/1527
vt 0.780099 0.137856
vt 0.910864 0.375911
vt 0.939009 0.411895
vt 0.740323 0.081707
f 1527/9247/1527 1515/9248/1515 1516/9249/1516 1528/9250/1528
vt 0.740323 0.081707
vt 0.939009 0.411895
vt 0.953899 0.500709
vt 0.995793 0.507138
f 1528/9251/1528 1516/9252/1516 1517/9253/1517 1529/9254/1529
vt 0.995793 0.507138
vt 0.953899 0.500709
vt 0.938730 0.589342
vt 0.738749 0.919066
f 1529/9255/1529 1517/9256/1517 1518/9257/1518 1530/9258/1530
vt 0.738749 0.919066
vt 0.938730 0.589342
vt 0.910530 0.625037
vt 0.779172 0.862704
f 1530/9259/1530 1518/9260/1518 1519/9261/1519 1531/9262/1531
vt 0.779172 0.862704
vt 0.910530 0.625037
vt 0.880886 0.613187
vt 0.813639 0.764070
f 1531/9263/1531 1519/9264/1519 1520/9265/1520 1532/9266/1532
vt 0.813639 0.764070
vt 0.880886 0.613187
vt 0.846767 0.577338
vt 0.783927 0.643956
f 1532/9267/1532 1520/9268/1520 1521/9269/1521 1533/9270/1533
vt 0.783927 0.643956
vt 0.846767 0.577338
vt 0.815710 0.537138
vt 0.723637 0.553615
f 1533/9271/1533 1521/9272/1521 1522/9273/1522 1534/9274/1534
vt 0.723637 0.553615
vt 0.815710 0.537138
vt 0.803269 0.500250
vt 0.702075 0.500190
f 1534/9275/1534 1522/9276/1522 1523/9277/1523 1535/9278/1535
vt 0.702075 0.500190
vt 0.803269 0.500250
vt 0.815783 0.463391
vt 0.723729 0.446812
f 1535/9279/1535 1523/9280/1523 1524/9281/1524 1536/9282/1536
vt 0.723729 0.446812
vt 0.815783 0.463391
vt 0.846934 0.423273
vt 0.784261 0.356573
f 1536/9283/1536 1524/9284/1524 1525/9285/1525 1537/9286/1537
vt 0.784261 0.356573
vt 0.846934 0.423273
vt 0.881153 0.387557
vt 0.814281 0.236500
f 1537/9287/1537 1525/9288/1525 1514/9289/1514 1526/9290/1526
vt 0.555026 0.083860
vt 0.814281 0.236500
vt 0.780099 0.137856
vt 0.312137 0.083738
f 1538/9291/1538 1526/9292/1526 1527/9293/1527 1539/9294/1539
vt 0.312137 0.083738
vt 0.780099 0.137856
vt 0.740323 0.081707
vt 0.106509 0.246131
f 1539/9295/1539 1527/9296/1527 1528/9297/1528 1540/9298/1540
vt 0.106509 0.246131
vt -0.259677 0.081707
vt -0.004207 0.507138
vt 0.028882 0.500942
f 1540/9299/1540 1528/9300/1528 1529/9301/1529 1541/9302/1541
vt 0.028882 0.500942
vt -0.004207 0.507138
vt -0.261251 0.919066
vt 0.107412 0.755140
f 1541/9303/1541 1529/9304/1529 1530/9305/1530 1542/9306/1542
vt 0.107412 0.755140
vt 0.738749 0.919066
vt 0.779172 0.862704
vt 0.312853 0.916426
f 1542/9307/1542 1530/9308/1530 1531/9309/1531 1543/9310/1543
vt 0.312853 0.916426
vt 0.779172 0.862704
vt 0.813639 0.764070
vt 0.554798 0.915927
f 1543/9311/1543 1531/9312/1531 1532/9313/1532 1544/9314/1544
vt 0.554798 0.915927
vt 0.813639 0.764070
vt 0.783927 0.643956
vt 0.672301 0.728640
f 1544/9315/1544 1532/9316/1532 1533/9317/1533 1545/9318/1545
vt 0.672301 0.728640
vt 0.783927 0.643956
vt 0.723637 0.553615
vt 0.630020 0.562971
f 1545/9319/1545 1533/9320/1533 1534/9321/1534 1546/9322/1546
vt 0.630020 0.562971
vt 0.723637 0.553615
vt 0.702075 0.500190
vt 0.615790 0.500179
f 1546/9323/1546 1534/9324/1534 1535/9325/1535 1547/9326/1547
vt 0.615790 0.500179
vt 0.702075 0.500190
vt 0.723729 0.446812
vt 0.630104 0.437446
f 1547/9327/1547 1535/9328/1535 1536/9329/1536 1548/9330/1548
vt 0.630104 0.437446
vt 0.723729 0.446812
vt 0.784261 0.356573
vt 0.672820 0.271635
f 1548/9331/1548 1536/9332/1536 1537/9333/1537 1549/9334/1549
vt 0.672820 0.271635
vt 0.784261 0.356573
vt 0.814281 0.236500
vt 0.555026 0.083860
f 1549/9335/1549 1537/9336/1537 1526/9337/1526 1538/9338/1538
vt 0.236584 0.203113
vt 0.555026 0.083860
vt 0.312137 0.083738
vt 0.136229 0.276703
f 1550/9339/1550 1538/9340/1538 1539/9341/1539 1551/9342/1551
vt 0.136229 0.276703
vt 0.312137 0.083738
vt 0.106509 0.246131
vt 0.078477 0.382722
f 1551/9343/1551 1539/9344/1539 1540/9345/1540 1552/9346/1552
vt 0.078477 0.382722
vt 0.106509 0.246131
vt 0.028882 0.500942
vt 0.059607 0.500480
f 1552/9347/1552 1540/9348/1540 1541/9349/1541 1553/9350/1553
vt 0.059607 0.500480
vt 0.028882 0.500942
vt 0.107412 0.755140
vt 0.078767 0.618188
f 1553/9351/1553 1541/9352/1541 1542/9353/1542 1554/9354/1554
vt 0.078767 0.618188
vt 0.107412 0.755140
vt 0.312853 0.916426
vt 0.136787 0.724041
f 1554/9355/1554 1542/9356/1542 1543/9357/1543 1555/9358/1555
vt 0.136787 0.724041
vt 0.312853 0.916426
vt 0.554798 0.915927
vt 0.237325 0.797301
f 1555/9359/1555 1543/9360/1543 1544/9361/1544 1556/9362/1556
vt 0.237325 0.797301
vt 0.554798 0.915927
vt 0.672301 0.728640
vt 0.391224 0.759871
f 1556/9363/1556 1544/9364/1544 1545/9365/1545 1557/9366/1557
vt 0.391224 0.759871
vt 0.672301 0.728640
vt 0.630020 0.562971
vt 0.502862 0.576599
f 1557/9367/1557 1545/9368/1545 1546/9369/1546 1558/9370/1558
vt 0.502862 0.576599
vt 0.630020 0.562971
vt 0.615790 0.500179
vt 0.518179 0.500241
f 1558/9371/1558 1546/9372/1546 1547/9373/1547 1559/9374/1559
vt 0.518179 0.500241
vt 0.615790 0.500179
vt 0.630104 0.437446
vt 0.502865 0.423949
f 1559/9375/1559 1547/9376/1547 1548/9377/1548 1560/9378/1560
vt 0.502865 0.423949
vt 0.630104 0.437446
vt 0.672820 0.271635
vt 0.390724 0.240200
f 1560/9379/1560 1548/9380/1548 1549/9381/1549 1561/9382/1561
vt 0.390724 0.240200
vt 0.672820 0.271635
vt 0.555026 0.083860
vt 0.236584 0.203113
f 1561/9383/1561 1549/9384/1549 1538/9385/1538 1550/9386/1550
vt 0.122099 0.390175
vt 0.236584 0.203113
vt 0.136229 0.276703
vt 0.096277 0.418222
f 1562/9387/1562 1550/9388/1550 1551/9389/1551 1563/9390/1563
vt 0.096277 0.418222
vt 0.136229 0.276703
vt 0.078477 0.382722
vt 0.081433 0.457939
f 1563/9391/1563 1551/9392/1551 1552/9393/1552 1564/9394/1564
vt 0.081433 0.457939
vt 0.078477 0.382722
vt 0.059607 0.500480
vt 0.076651 0.500500
f 1564/9395/1564 1552/9396/1552 1553/9397/1553 1565/9398/1565
vt 0.076651 0.500500
vt 0.059607 0.500480
vt 0.078767 0.618188
vt 0.081553 0.543076
f 1565/9399/1565 1553/9400/1553 1554/9401/1554 1566/9402/1566
vt 0.081553 0.543076
vt 0.078767 0.618188
vt 0.136787 0.724041
vt 0.096532 0.582838
f 1566/9403/1566 1554/9404/1554 1555/9405/1555 1567/9406/1567
vt 0.096532 0.582838
vt 0.136787 0.724041
vt 0.237325 0.797301
vt 0.122510 0.610979
f 1567/9407/1567 1555/9408/1555 1556/9409/1556 1568/9410/1568
vt 0.122510 0.610979
vt 0.237325 0.797301
vt 0.391224 0.759871
vt 0.163335 0.611642
f 1568/9411/1568 1556/9412/1556 1557/9413/1557 1569/9414/1569
vt 0.163335 0.611642
vt 0.391224 0.759871
vt 0.502862 0.576599
vt 0.228470 0.567528
f 1569/9415/1569 1557/9416/1557 1558/9417/1558 1570/9418/1570
vt 0.228470 0.567528
vt 0.502862 0.576599
vt 0.518179 0.500241
vt 0.272847 0.500771
f 1570/9419/1570 1558/9420/1558 1559/9421/1559 1571/9422/1571
vt 0.272847 0.500771
vt 0.518179 0.500241
vt 0.502865 0.423949
vt 0.228058 0.433981
f 1571/9423/1571 1559/9424/1559 1560/9425/1560 1572/9426/1572
vt 0.228058 0.433981
vt 0.502865 0.423949
vt 0.390724 0.240200
vt 0.162792 0.389679
f 1572/9427/1572 1560/9428/1560 1561/9429/1561 1573/9430/1573
vt 0.162792 0.389679
vt 0.390724 0.240200
vt 0.236584 0.203113
vt 0.122099 0.390175
f 1573/9431/1573 1561/9432/1561 1550/9433/1550 1562/9434/1562
vt 0.139085 0.540124
vt 0.136482 0.507872
vt 0.517094 0.910172
vt 0.512597 0.890997
f 1579/9435/1579 1576/9436/1576 1577/9437/1577 1578/9438/1578
vt 0.500719 0.559792
vt 0.512597 0.890997
vt 0.517094 0.910172
vt 0.500731 0.549149
f 1582/9439/1582 1578/9440/1578 1577/9441/1577 1581/9442/1581
vt 0.152030 0.592709
vt 0.136482 0.507872
vt 0.139085 0.540124
vt 0.167563 0.630643
f 1586/9443/1586 1576/9444/1576 1579/9445/1579 1587/9446/1587
vt 0.167563 0.630643
vt 0.213092 0.641124
vt 0.198456 0.613853
vt 0.152030 0.592709
f 1587/9447/1587 1585/9448/1585 1584/9449/1584 1586/9450/1586
vt 0.424069 0.704301
vt 0.315585 0.643073
vt 0.328782 0.660480
vt 0.436343 0.714460
f 1588/9451/1588 1580/9452/1580 1583/9453/1583 1589/9454/1589
vt 0.436343 0.714460
vt 0.500719 0.559792
vt 0.500731 0.549149
vt 0.424069 0.704301
f 1589/9455/1589 1582/9456/1582 1581/9457/1581 1588/9458/1588
vt 0.245259 0.693690
vt 0.198456 0.613853
vt 0.213092 0.641124
vt 0.273082 0.717363
f 1590/9459/1590 1584/9460/1584 1585/9461/1585 1591/9462/1591
vt 0.273082 0.717363
vt 0.328782 0.660480
vt 0.315585 0.643073
vt 0.245259 0.693690
f 1591/9463/1591 1583/9464/1583 1580/9465/1580 1590/9466/1590
vt 0.512782 0.108062
vt 0.517413 0.088714
vt 0.136441 0.493862
vt 0.138860 0.461574
f 1594/9467/1594 1593/9468/1593 1592/9469/1592 1595/9470/1595
vt 0.500732 0.451433
vt 0.517413 0.088714
vt 0.512782 0.108062
vt 0.500720 0.440763
f 1597/9471/1597 1593/9472/1593 1594/9473/1594 1598/9474/1598
vt 0.151327 0.409455
vt 0.197734 0.387716
vt 0.212269 0.360225
vt 0.166639 0.371243
f 1602/9475/1602 1600/9476/1600 1601/9477/1601 1603/9478/1603
vt 0.166639 0.371243
vt 0.138860 0.461574
vt 0.136441 0.493862
vt 0.151327 0.409455
f 1603/9479/1603 1595/9480/1595 1592/9481/1592 1602/9482/1602
vt 0.423294 0.296386
vt 0.500732 0.451433
vt 0.500720 0.440763
vt 0.435783 0.285975
f 1604/9483/1604 1597/9484/1597 1598/9485/1598 1605/9486/1605
vt 0.435783 0.285975
vt 0.328093 0.340354
vt 0.314870 0.357966
vt 0.423294 0.296386
f 1605/9487/1605 1599/9488/1599 1596/9489/1596 1604/9490/1604
vt 0.243717 0.307836
vt 0.314870 0.357966
vt 0.328093 0.340354
vt 0.271665 0.283684
f 1606/9491/1606 1596/9492/1596 1599/9493/1599 1607/9494/1607
vt 0.271665 0.283684
vt 0.212269 0.360225
vt 0.197734 0.387716
vt 0.243717 0.307836
f 1607/9495/1607 1601/9496/1601 1600/9497/1600 1606/9498/1606
vt 0.508021 0.107754
vt 0.508000 0.892073
vt 0.424197 0.883230
vt 0.424002 0.116638
f 1610/9499/1610 1609/9500/1609 1608/9501/1608 1611/9502/1611
vt 0.427280 0.868284
vt 0.424197 0.883230
vt 0.508000 0.892073
vt 0.507819 0.876845
f 1612/9503/1612 1608/9504/1608 1609/9505/1609 1613/9506/1613
vt 0.507819 0.876845
vt 0.508000 0.892073
vt 0.508021 0.107754
vt 0.507840 0.122978
f 1613/9507/1613 1609/9508/1609 1610/9509/1610 1614/9510/1614
vt 0.507840 0.122978
vt 0.508021 0.107754
vt 0.424002 0.116638
vt 0.427091 0.131579
f 1614/9511/1614 1610/9512/1610 1611/9513/1611 1615/9514/1615
vt 0.427091 0.131579
vt 0.424002 0.116638
vt 0.424197 0.883230
vt 0.427280 0.868284
f 1615/9515/1615 1611/9516/1611 1608/9517/1608 1612/9518/1612
vt 0.427091 0.131579
vt 0.427280 0.868284
vt 0.507819 0.876845
vt 0.507840 0.122978
f 1615/9519/1615 1612/9520/1612 1613/9521/1613 1614/9522/1614
vt 0.776026 0.614402
vt 0.483618 0.891062
vt 0.478082 0.909266
vt 0.785160 0.593508
f 1618/9523/1618 1619/9524/1619 1616/9525/1616 1617/9526/1617
vt 0.507141 0.654718
vt 0.478082 0.909266
vt 0.483618 0.891062
vt 0.506840 0.660585
f 1620/9527/1620 1616/9528/1616 1619/9529/1619 1623/9530/1623
vt 0.749724 0.668094
vt 0.684767 0.651499
vt 0.673669 0.665110
vt 0.730455 0.688629
f 1624/9531/1624 1621/9532/1621 1622/9533/1622 1625/9534/1625
vt 0.730455 0.688629
vt 0.776026 0.614402
vt 0.785160 0.593508
vt 0.749724 0.668094
f 1625/9535/1625 1618/9536/1618 1617/9537/1617 1624/9538/1624
vt 0.578673 0.712781
vt 0.507141 0.654718
vt 0.506840 0.660585
vt 0.570937 0.718083
f 1626/9539/1626 1620/9540/1620 1623/9541/1623 1627/9542/1627
vt 0.570937 0.718083
vt 0.673669 0.665110
vt 0.684767 0.651499
vt 0.578673 0.712781
f 1627/9543/1627 1622/9544/1622 1621/9545/1621 1626/9546/1626
vt 0.776026 0.385598
vt 0.785160 0.406492
vt 0.478082 0.090734
vt 0.483618 0.108938
f 1630/9547/1630 1629/9548/1629 1628/9549/1628 1631/9550/1631
vt 0.506840 0.339415
vt 0.483618 0.108938
vt 0.478082 0.090734
vt 0.507141 0.345282
f 1635/9551/1635 1631/9552/1631 1628/9553/1628 1632/9554/1632
vt 0.749724 0.331906
vt 0.785160 0.406492
vt 0.776026 0.385598
vt 0.730455 0.311371
f 1636/9555/1636 1629/9556/1629 1630/9557/1630 1637/9558/1637
vt 0.730455 0.311371
vt 0.673669 0.334890
vt 0.684767 0.348501
vt 0.749724 0.331906
f 1637/9559/1637 1634/9560/1634 1633/9561/1633 1636/9562/1636
vt 0.578673 0.287219
vt 0.684767 0.348501
vt 0.673669 0.334890
vt 0.570937 0.281917
f 1638/9563/1638 1633/9564/1633 1634/9565/1634 1639/9566/1639
vt 0.570937 0.281917
vt 0.506840 0.339415
vt 0.507141 0.345282
vt 0.578673 0.287219
f 1639/9567/1639 1635/9568/1635 1632/9569/1632 1638/9570/1638
