# Blender 5.1.2
# www.blender.org
mtllib Vigilance.mtl
o engine.011
v 1.099934 0.945298 -11.485056
v 1.106151 0.945298 -11.460191
v 1.093718 0.945298 -11.460191
v 1.099934 1.044759 -11.460191
vn -0.0000 -1.0000 -0.0000
vn 0.9684 0.0605 -0.2421
vn -0.0000 -0.0000 1.0000
vn -0.9684 0.0605 -0.2421
s 0
f 3//1 1//1 2//1
f 1//2 4//2 2//2
f 2//3 4//3 3//3
f 4//4 1//4 3//4
o engine.010
v -1.099109 0.945298 -11.485056
v -1.092893 0.945298 -11.460191
v -1.105325 0.945298 -11.460191
v -1.099109 1.044759 -11.460191
vn -0.0000 -1.0000 -0.0000
vn 0.9684 0.0605 -0.2421
vn -0.0000 -0.0000 1.0000
vn -0.9684 0.0605 -0.2421
s 0
f 7//5 5//5 6//5
f 5//6 8//6 6//6
f 6//7 8//7 7//7
f 8//8 5//8 7//8
o engine.009
v -4.435371 -0.965510 -12.586556
v -4.425780 -0.965510 -12.548193
v -4.444963 -0.965510 -12.548193
v -4.435371 -0.812056 -12.548193
vn -0.0000 -1.0000 -0.0000
vn 0.9684 0.0605 -0.2421
vn -0.0000 -0.0000 1.0000
vn -0.9684 0.0605 -0.2421
s 0
f 11//9 9//9 10//9
f 9//10 12//10 10//10
f 10//11 12//11 11//11
f 12//12 9//12 11//12
o engine.008
v 4.439243 -0.965510 -12.586556
v 4.448834 -0.965510 -12.548193
v 4.429652 -0.965510 -12.548193
v 4.439243 -0.812056 -12.548193
vn -0.0000 -1.0000 -0.0000
vn 0.9684 0.0605 -0.2421
vn -0.0000 -0.0000 1.0000
vn -0.9684 0.0605 -0.2421
s 0
f 15//13 13//13 14//13
f 13//14 16//14 14//14
f 14//15 16//15 15//15
f 16//16 13//16 15//16
o engine.007
v 2.965259 -0.415576 -10.963508
v 2.981244 -0.415576 -10.899569
v 2.949275 -0.415576 -10.899569
v 2.965259 -0.159820 -10.899569
vn -0.0000 -1.0000 -0.0000
vn 0.9684 0.0605 -0.2421
vn -0.0000 -0.0000 1.0000
vn -0.9684 0.0605 -0.2421
s 0
f 19//17 17//17 18//17
f 17//18 20//18 18//18
f 18//19 20//19 19//19
f 20//20 17//20 19//20
o engine.006
v -2.959821 -0.415576 -10.963508
v -2.943836 -0.415576 -10.899569
v -2.975805 -0.415576 -10.899569
v -2.959821 -0.159820 -10.899569
vn -0.0000 -1.0000 -0.0000
vn 0.9684 0.0605 -0.2421
vn -0.0000 -0.0000 1.0000
vn -0.9684 0.0605 -0.2421
s 0
f 23//21 21//21 22//21
f 21//22 24//22 22//22
f 22//23 24//23 23//23
f 24//24 21//24 23//24
o engine.005
v -0.847462 -0.275480 -11.531235
v -0.829701 -0.275480 -11.460191
v -0.865223 -0.275480 -11.460191
v -0.847462 0.008694 -11.460191
vn -0.0000 -1.0000 -0.0000
vn 0.9684 0.0605 -0.2421
vn -0.0000 -0.0000 1.0000
vn -0.9684 0.0605 -0.2421
s 0
f 27//25 25//25 26//25
f 25//26 28//26 26//26
f 26//27 28//27 27//27
f 28//28 25//28 27//28
o engine.004
v -0.294740 -0.275480 -11.531235
v -0.276980 -0.275480 -11.460191
v -0.312501 -0.275480 -11.460191
v -0.294740 0.008694 -11.460191
vn -0.0000 -1.0000 -0.0000
vn 0.9684 0.0605 -0.2421
vn -0.0000 -0.0000 1.0000
vn -0.9684 0.0605 -0.2421
s 0
f 31//29 29//29 30//29
f 29//30 32//30 30//30
f 30//31 32//31 31//31
f 32//32 29//32 31//32
o engine.003
v 0.849000 -0.275480 -11.531235
v 0.866761 -0.275480 -11.460191
v 0.831239 -0.275480 -11.460191
v 0.849000 0.008694 -11.460191
vn -0.0000 -1.0000 -0.0000
vn 0.9684 0.0605 -0.2421
vn -0.0000 -0.0000 1.0000
vn -0.9684 0.0605 -0.2421
s 0
f 35//33 33//33 34//33
f 33//34 36//34 34//34
f 34//35 36//35 35//35
f 36//36 33//36 35//36
o engine.002
v 0.295386 -0.275480 -11.531235
v 0.313147 -0.275480 -11.460191
v 0.277625 -0.275480 -11.460191
v 0.295386 0.008694 -11.460191
vn -0.0000 -1.0000 -0.0000
vn 0.9684 0.0605 -0.2421
vn -0.0000 -0.0000 1.0000
vn -0.9684 0.0605 -0.2421
s 0
f 39//37 37//37 38//37
f 37//38 40//38 38//38
f 38//39 40//39 39//39
f 40//40 37//40 39//40
o engine.001
v 0.456979 0.717990 -11.531235
v 0.474740 0.717990 -11.460191
v 0.439218 0.717990 -11.460191
v 0.456979 1.002164 -11.460191
vn -0.0000 -1.0000 -0.0000
vn 0.9684 0.0605 -0.2421
vn -0.0000 -0.0000 1.0000
vn -0.9684 0.0605 -0.2421
s 0
f 43//41 41//41 42//41
f 41//42 44//42 42//42
f 42//43 44//43 43//43
f 44//44 41//44 43//44
o vigilance_cube1_auv_c
v 2.166689 1.178254 4.888751
v 1.767517 1.116459 7.552045
v 1.768330 0.908562 7.549629
v 0.925661 0.927995 6.810883
v 1.325439 1.142341 4.883348
v 1.324661 1.160298 -3.505932
v 2.167467 1.160298 -8.160690
v 2.167454 1.622275 -8.003261
v 2.167577 1.622688 4.886049
v 2.167467 1.160298 -11.479316
v 1.330777 1.160206 -11.475133
v 4.436403 0.556192 -10.639703
v 2.134894 1.622320 -11.631491
v 2.167467 1.495189 -11.479316
v 0.879250 0.912124 7.551851
v 0.879279 0.919397 7.216273
v 0.879273 1.116459 7.552045
v 0.879273 1.155200 7.216226
v 0.564898 0.913399 7.551894
v 0.000000 0.915691 7.551970
v 0.564928 0.920672 7.216316
v 0.564917 1.116459 7.552045
v 0.564917 1.155200 7.216226
v 1.611420 1.788402 4.886571
v 1.044200 1.373543 7.022088
v 1.238797 1.309671 7.350410
v 0.000000 1.787246 -11.479316
v 0.000000 1.788991 4.886571
v 1.611741 1.787735 -11.479316
v 1.044200 1.309671 7.350410
v 0.399990 1.373543 7.022088
v 0.399990 1.309671 7.350410
v 0.000000 1.309671 7.350410
v 0.000000 1.116459 7.552045
v 1.434320 1.787246 -12.411398
v 2.167422 1.622169 -11.321886
v 2.045583 1.658467 -11.479316
v -0.564917 1.116459 7.552045
v -0.399990 1.373543 7.022088
v -0.399990 1.309671 7.350410
v 0.000000 1.622320 -12.600654
v -1.083733 1.622320 -12.600654
v 0.000000 1.787246 -12.396420
v -1.611420 1.788402 4.886571
v -1.434320 1.787246 -12.411398
v -1.611741 1.787735 -11.479316
v -0.564928 0.920672 7.216316
v 0.000000 0.925795 7.085756
v 0.000000 1.160298 -11.475792
v 0.000000 1.417095 -12.600654
v 0.435395 1.160298 -11.475792
v 0.131317 1.023258 -11.475792
v 0.000000 0.725334 -11.475792
v 0.435321 1.122565 -11.475792
v -0.435321 1.122565 -11.475792
v -0.435395 1.160298 -11.475792
v 1.324661 1.160298 0.303092
v 1.324661 0.627574 2.403962
v 1.324661 1.160298 -8.140296
v 1.929045 1.417095 -12.593165
v 1.099700 1.123648 -11.475792
v 1.099771 1.160298 -11.475792
v 1.290001 0.942270 -11.475792
v 1.242426 1.078304 -11.475792
v 1.324661 1.417095 -12.600654
v 1.377029 0.897387 -12.163671
v 1.327532 0.942181 -11.475483
v 1.487460 0.851829 -11.954882
v 1.324661 0.627574 4.886049
v 0.000000 0.296099 7.085496
v 0.926471 0.328060 6.808445
v -0.925661 0.927995 6.810883
v 0.926471 0.262032 6.808761
v 1.324661 0.262537 4.885466
v 1.324661 0.627574 3.645005
v 1.324661 -0.097260 4.200877
v 0.000000 0.290371 -11.475792
v 0.433715 0.290371 -11.475792
v 0.000000 0.173795 -11.789044
v 0.130933 0.427411 -11.475792
v -0.130933 0.427411 -11.475792
v -0.433715 0.290371 -11.475792
v -0.926471 0.262032 6.808761
v 0.000000 0.246052 7.085594
v 0.000000 0.242519 -7.835607
v 1.324661 0.627574 -4.931055
v 0.000000 0.627574 -4.931055
v 0.806186 0.175828 -7.388488
v 0.871520 0.242519 -7.835607
v -1.324661 0.627574 -4.931055
v -0.871520 0.242519 -7.835607
v -0.806186 0.175828 -7.388488
v 0.000000 0.175828 -7.388488
v 0.000000 0.627574 -3.505932
v 0.000000 0.627574 1.613682
v 0.686478 0.352421 1.613682
v 0.000000 -0.801859 1.613682
v -0.686478 0.627574 1.613682
v 0.000000 0.627574 0.303092
v -0.686478 0.352421 1.613682
v 1.392955 0.371449 -8.140296
v 1.324661 0.627574 -3.505932
v 1.324661 -0.735632 4.882127
v 1.775925 -0.732914 4.952492
v 1.324661 -0.760742 3.642920
v 1.295853 -0.547298 7.277289
v 0.926471 -0.097260 6.810481
v 0.926471 -0.565250 6.812516
v 1.324661 -0.097260 4.884089
v 1.775925 -0.801859 1.054869
v 0.000000 -0.801859 1.054869
v 0.686478 -0.546941 1.613682
v 0.686478 -0.801859 1.613682
v -1.775925 -0.801859 1.054869
v -0.686478 -0.801859 1.613682
v 0.000000 -0.554646 7.087046
v 0.000000 -0.097260 7.086271
v -1.295853 -0.547298 7.277289
v 0.000000 -0.533692 7.629537
v -0.926471 -0.097260 6.810481
v -0.926471 -0.565250 6.812516
v 1.599960 1.059096 -8.568725
v 4.436403 0.657300 -9.000302
v 2.167467 1.495189 -8.160690
v 1.324661 -0.307526 -11.475792
v 1.301270 -0.499166 -7.835607
v 1.324661 -0.499166 -11.475792
v 1.202032 -0.171603 -11.789044
v 1.311406 -0.140315 -11.476863
v 1.321736 -0.076922 -10.715260
v 1.301270 -0.307526 -7.835607
v 1.322787 -0.088138 -10.881752
v 1.323081 -0.106666 -10.875872
v 1.298094 0.003801 -8.987985
v 1.267450 -0.053298 -8.650706
v 1.301270 -0.020569 -7.839149
v 1.181787 -0.304912 -7.388488
v 1.496451 0.368661 -11.064284
v 1.478430 0.361493 -10.717898
v 1.485245 0.382965 -10.879829
v 1.635748 1.050976 -11.058632
v 1.362907 0.332164 -12.135659
v 1.458059 0.581803 -11.983437
v 0.871520 0.290371 -11.475998
v 1.324286 0.724157 -11.476032
v 0.839519 0.173795 -11.789044
v 1.098931 0.724743 -11.475804
v 1.099002 0.761392 -11.475792
v 1.242251 0.806361 -11.475792
v 1.286115 0.001385 -8.622105
v 1.457579 0.363034 -8.576718
v 1.383193 0.257061 -8.811125
v 1.445421 0.445389 -8.644977
v 2.694740 -0.020079 -10.921955
v 2.682115 0.000006 -8.807961
v 3.076666 -0.158547 -10.921955
v 2.834382 -0.166274 -10.976178
v 2.598533 -0.285448 -10.921955
v 2.513490 -0.077188 -10.691722
v 2.502327 -0.550817 -10.921955
v 2.703209 -0.528089 -10.976178
v 2.884252 -0.689285 -10.921955
v 2.494166 -0.518385 -8.807322
v 2.431652 -0.437963 -10.819520
v 2.400996 -0.387807 -10.691876
v 0.000000 -1.098447 4.882837
v 1.324661 -1.134668 1.613682
v 1.324661 -1.098447 4.882837
v -0.926471 -0.890937 6.813909
v -1.324661 -1.098447 4.882837
v -1.324661 -1.134668 1.613682
v 0.000000 -1.134668 1.613682
v 0.926471 -0.890937 6.813909
v 1.775925 -0.996237 4.953003
v 1.295853 -0.765980 7.277369
v 0.000000 -0.745718 7.627683
v 0.000000 -0.875158 7.086725
v 0.000000 -1.036517 1.054869
v 1.775925 -1.036517 1.054869
v 0.000000 0.358710 0.143313
v 1.316227 0.358710 0.143313
v -1.316227 0.358710 0.143313
v 0.000000 0.358710 -3.346153
v 1.316227 0.358710 -3.346153
v -1.316227 0.358710 -3.346153
v 1.560884 1.160298 -3.346153
v 1.560884 0.621427 -3.346153
v 1.560884 1.160298 0.143313
v 1.324661 0.627574 0.303092
v 1.560884 0.621427 0.143313
v 0.686478 0.627574 1.613682
v -1.324661 0.627574 0.823402
v -1.324661 0.627574 0.303092
v -1.324661 0.627574 -3.505932
v 1.324661 0.627574 0.823402
v 3.458591 -0.297014 -10.921955
v 3.445966 -0.276928 -8.796966
v 3.554241 -0.464480 -10.675757
v 3.527022 -0.416767 -10.806202
v 3.362385 -0.562383 -10.921955
v 3.266178 -0.827752 -10.921955
v 3.396557 -0.777447 -10.806135
v 3.090642 -0.668553 -10.976178
v 3.448560 -0.755981 -10.676103
v 3.258017 -0.795320 -8.796327
v 4.187959 -0.630247 -11.166787
v 3.972527 -0.616130 -10.669737
v 4.158545 -0.604886 -8.553744
v 3.896056 -0.931808 -10.823633
v 4.009530 -0.619184 -10.823527
v 4.327272 -0.575649 -11.997671
v 4.037835 -1.044192 -11.167168
v 4.453132 -0.143419 -8.711499
v 4.472692 -0.174536 -11.997209
v 4.076965 -1.162363 -7.992709
v 4.016792 -0.995861 -8.553258
v 3.866846 -0.907631 -10.670082
v 4.104160 -1.191063 -11.998382
v 3.958740 -1.592176 -11.998844
v 3.950103 -1.557851 -9.752853
v 4.735185 -0.867687 -11.437984
v 4.646767 -0.625776 -8.055545
v 4.707360 -0.902299 -8.968455
v 4.640823 -1.037117 -12.476602
v 4.726481 -0.800843 -12.476602
v 4.625965 -1.126800 -8.967904
v 4.408829 -1.283332 -8.053229
v 4.422350 -1.334410 -11.440787
v 4.614323 -1.201061 -11.438769
v 4.555164 -1.273390 -12.476602
v 4.615550 -0.226330 -11.995152
v 4.471959 -0.304067 -12.884306
v 4.445970 -0.132026 -7.508534
v 4.324689 -0.466538 -7.508132
v 4.509603 0.049599 -6.926207
v 3.941465 -1.523525 -7.506863
v 3.968179 -1.443728 -6.924412
v 4.062747 -1.189013 -7.507264
v 3.885044 -1.737198 -9.402758
v 3.875512 -1.699317 -6.924105
v 4.092961 -1.609644 -9.750797
v 4.102331 -1.514438 -12.884797
v 4.101598 -1.643969 -11.996789
v 4.595990 -0.195212 -8.709443
v 4.666961 -0.657401 -11.441888
v 4.588828 -0.183819 -7.506478
v 4.467547 -0.518331 -7.506076
v 4.661039 -0.015842 -8.365177
v 4.652461 -0.002195 -6.924150
v 4.560921 -0.254673 -6.923847
v 4.084323 -1.575318 -7.504806
v 4.018370 -1.751110 -6.922049
v 4.247018 -1.242856 -11.996325
v 1.324661 -0.030729 4.884672
v 0.926471 -0.031232 6.810164
v 0.000000 -0.047213 7.086173
v 1.458323 -0.006985 5.031639
v 1.458323 0.186187 5.032163
v 1.039461 -0.006985 7.056654
v 1.039461 0.186187 7.055729
v 0.000000 -0.006985 7.356704
v 0.000000 0.186187 7.356323
v -1.039461 -0.006985 7.056654
v -1.039461 0.186187 7.055729
v 0.000000 -0.832619 -7.835607
v 0.871520 -0.832619 -11.475792
v 0.871520 -0.832619 -7.835607
v -0.871520 -0.832619 -11.475792
v 0.000000 -0.832619 -11.475792
v -0.806186 -0.763843 -7.388488
v -0.871520 -0.832619 -7.835607
v 0.000000 -0.724597 -11.789044
v 1.202032 -0.457835 -11.789044
v 0.806186 -0.763843 -7.388488
v -0.839519 0.122690 -11.456178
v -0.839519 0.173795 -11.789044
v 0.839519 0.122690 -11.456178
v 1.202032 -0.304523 -11.789044
v 1.178436 -0.303013 -11.456178
v 0.839519 -0.724597 -11.789044
v 0.839519 -0.676879 -11.456178
v -0.839519 -0.724597 -11.789044
v -0.839519 -0.676879 -11.456178
v 0.000000 -0.676879 -11.456178
v 1.929045 1.622320 -12.593165
v 1.083733 1.622320 -12.600654
v 0.601396 1.473121 -14.485168
v -0.874881 1.160298 -11.475792
v -1.324661 1.417095 -12.600654
v -0.601396 1.473121 -14.485168
v 0.000000 1.473121 -14.485168
v 0.874881 1.160298 -11.475792
v 1.324661 0.352421 2.403962
v 1.324661 -0.785851 2.403713
v 1.324661 -0.546941 2.403799
v 1.345626 0.152133 -8.808387
v 1.436172 0.389519 -8.997463
v 2.396233 -0.355331 -8.966815
v 2.451165 -0.199313 -8.782494
v 2.630185 -0.138443 -8.623140
v 3.394037 -0.415377 -8.612145
v 2.446664 -0.211698 -8.782470
v 2.544286 -0.375366 -8.622855
v 2.503207 -0.060900 -8.967419
v 3.308137 -0.652300 -8.611861
v 3.492046 -0.586598 -8.766601
v 3.441926 -0.729618 -8.951066
v 3.962262 -0.599799 -8.945400
v 3.543976 -0.448149 -8.951421
v 3.910332 -0.738248 -8.760580
v 3.860212 -0.881268 -8.945045
v 4.066913 -0.852842 -8.368793
v 4.106616 -0.743335 -8.368924
v 4.314837 -0.506316 -7.994987
v 0.000000 0.122690 -11.456178
v 1.178436 -0.184714 -11.456178
v 1.178436 -0.439460 -11.456178
v 0.908701 0.942770 -11.475792
v 0.874040 0.942816 -11.475792
v 0.956800 1.078429 -11.475792
v 0.738942 1.023258 -11.475792
v 0.839126 0.725334 -11.475792
v 0.691066 0.976398 -11.735687
v 0.737024 0.427411 -11.475792
v 0.873200 0.725334 -11.475575
v 0.433787 0.328103 -11.475792
v 0.689451 0.474269 -11.735680
v 0.433907 0.390547 -11.735539
v 0.029982 0.725334 -11.475792
v 0.178688 0.474270 -11.735683
v 0.093589 0.725334 -11.735577
v 0.179011 0.976399 -11.735682
v 0.775519 0.725334 -11.735577
v 0.435201 1.060122 -11.735539
v 0.955927 0.806987 -11.475792
v -0.131317 1.023258 -11.475792
v 1.200345 0.846290 -11.735399
v 0.997986 0.846732 -11.735398
v 0.998603 1.038574 -11.735395
v 1.200469 1.038485 -11.735397
v 1.099104 0.814480 -11.735260
v 0.964597 0.942697 -11.735340
v 1.099598 1.070561 -11.735260
v 1.234105 0.942343 -11.735340
v 0.747775 0.725397 -11.759999
v 0.433923 0.418114 -11.759999
v 0.121333 0.725322 -11.759999
v 0.435185 1.032560 -11.759999
v 1.099161 0.841157 -11.759999
v 0.991750 0.942624 -11.759999
v 1.099576 1.043879 -11.759999
v 1.206956 0.942366 -11.759999
v 0.668831 0.495045 -11.759999
v 0.670350 0.955642 -11.458391
v 0.670350 0.955642 -11.759999
v 0.668831 0.495045 -11.458391
v 0.199368 0.495026 -11.759999
v 0.199368 0.495026 -11.458391
v 0.199667 0.955624 -11.759999
v 0.199667 0.955624 -11.458391
v 1.018051 0.867005 -11.759999
v 1.180353 0.866645 -11.458391
v 1.180353 0.866645 -11.759999
v 1.018051 0.867005 -11.458391
v 1.018561 1.018242 -11.759999
v 1.018561 1.018242 -11.458391
v 1.180439 1.018188 -11.759999
v 1.180439 1.018188 -11.458391
v 1.099161 0.841157 -11.458391
v 0.991750 0.942624 -11.458391
v 1.099576 1.043879 -11.458391
v 1.206956 0.942366 -11.458391
v 0.747775 0.725397 -11.458391
v 0.433923 0.418114 -11.458391
v 0.121333 0.725322 -11.458391
v 0.435185 1.032560 -11.458391
v 1.181787 -0.054111 -7.391583
v 1.107605 -0.441963 -7.750941
v 1.181787 -0.472405 -7.388488
v 1.107605 -0.092269 -7.754037
v 0.000000 0.099960 -7.750941
v 0.000000 -0.763843 -7.388488
v 0.000000 -0.685605 -7.750941
v 1.107605 -0.301938 -7.750941
v 0.806186 0.099960 -7.750941
v -0.806186 0.099960 -7.750941
v 0.806186 -0.685605 -7.750941
v -0.806186 -0.685605 -7.750941
v 0.000000 1.583438 -13.908506
v 0.673081 1.583438 -13.908506
v -0.673081 1.583438 -13.908506
v 2.704223 -0.323771 -10.976178
v 2.890007 -0.622591 -11.175083
v 2.875064 -0.658624 -10.976178
v 2.745044 -0.338420 -11.178122
v 2.744194 -0.511796 -11.177558
v 3.049960 -0.176204 -10.976178
v 3.038437 -0.213175 -11.174611
v 2.855499 -0.204780 -11.177204
v 3.221814 -0.306738 -10.976178
v 3.220801 -0.511056 -10.976178
v 3.183402 -0.497347 -11.171811
v 3.184253 -0.323970 -11.172472
v 3.072948 -0.630987 -11.172826
v 2.568511 -0.060513 -10.819524
v 3.059029 -0.599921 -11.202971
v 2.775282 -0.497048 -11.207054
v 2.869928 -0.235986 -11.206754
v 3.153675 -0.338859 -11.202669
v 2.901145 -0.592649 -11.205064
v 2.901145 -0.592649 -10.917110
v 2.776014 -0.349625 -11.207575
v 2.776014 -0.349625 -10.919621
v 3.027812 -0.243258 -11.204659
v 3.027812 -0.243258 -10.916708
v 3.152943 -0.486281 -11.202148
v 3.152943 -0.486281 -10.914197
v 2.775282 -0.497048 -10.919102
v 2.869928 -0.235986 -10.918800
v 3.153675 -0.338859 -10.914717
v 3.059029 -0.599921 -10.915018
v 1.457768 0.296586 -10.801017
v 2.491011 -0.141430 -10.775310
v 2.424203 -0.325927 -10.775393
v 1.345590 -0.017273 -10.799070
v 3.531737 -0.528715 -10.759391
v 3.950023 -0.680365 -10.753370
v 3.890168 -0.845464 -10.753561
v 3.471882 -0.693814 -10.759582
v 4.305486 -0.648211 -12.476602
v 4.470129 -0.627443 -11.995616
v 4.515984 -0.724527 -12.476602
v 4.346281 -0.743071 -12.476602
v 4.219828 -0.884484 -12.476602
v 4.134169 -1.120758 -12.476602
v 4.226276 -1.074081 -12.476602
v 4.344667 -1.197074 -12.476602
v 4.514369 -1.178530 -12.476602
v 4.634374 -0.847520 -12.476602
v 4.205605 -1.240807 -7.505208
v 4.470862 -0.497911 -12.883623
v 4.103427 -1.320594 -12.885479
v 4.350322 -1.181474 -12.476602
v 4.590787 -1.018976 -12.610324
v 4.622387 -1.030433 -12.476602
v 4.363533 -1.145033 -12.610814
v 4.500494 -1.142581 -12.610791
v 4.238263 -0.891168 -12.476602
v 4.269863 -0.902625 -12.610324
v 4.259966 -1.055378 -12.610791
v 4.510328 -0.740127 -12.476602
v 4.497117 -0.776568 -12.610814
v 4.360157 -0.779020 -12.610791
v 4.600684 -0.866223 -12.610791
v 4.561146 -0.883950 -12.645652
v 4.481501 -1.103634 -12.645652
v 4.299504 -1.037651 -12.645652
v 4.379149 -0.817966 -12.645652
v 4.553191 -1.005346 -12.645652
v 4.553191 -1.005346 -12.546774
v 4.377868 -1.105494 -12.645652
v 4.377868 -1.105494 -12.546774
v 4.307460 -0.916255 -12.645652
v 4.307460 -0.916255 -12.546774
v 4.482782 -0.816107 -12.645652
v 4.482782 -0.816107 -12.546774
v 4.481501 -1.103634 -12.546774
v 4.299504 -1.037651 -12.546774
v 4.379149 -0.817966 -12.546774
v 4.561146 -0.883950 -12.546774
v 1.324661 -0.546941 3.643276
v 1.324661 0.352421 3.644633
v 1.509800 -0.455205 3.450722
v 0.949063 -0.455196 1.677497
v 1.509800 -0.455200 2.371737
v 1.509800 0.260687 3.451803
v 1.509800 0.260692 2.371866
v 0.949063 0.260696 1.677497
v 1.509800 -0.097259 3.894573
v 4.436403 0.556192 -9.000302
v 4.436403 0.657300 -10.639703
v 2.167451 1.622265 -8.318120
v 3.599152 1.093617 -10.788054
v 3.599152 1.093617 -8.851952
v 4.518181 0.035951 -8.367233
v 4.027902 -1.788991 -9.400701
v 4.418063 -0.202880 -6.925903
v 4.111037 -1.495521 -6.922356
v 4.597846 -0.048954 -6.553839
v 4.472678 -0.156120 -6.554775
v 3.930390 -1.651833 -6.552978
v 4.056159 -1.543006 -6.552043
v 4.521560 -0.021297 -6.554937
v 4.525111 -0.137885 -4.382744
v 4.548964 -0.183778 -6.553678
v 4.510478 -0.051120 -4.383417
v 4.006675 -1.679490 -6.551879
v 3.968651 -1.545558 -4.381620
v 3.979873 -1.515348 -6.553142
v 3.982963 -1.633210 -4.380947
v 4.551214 -0.065889 -4.382831
v 4.484375 -0.123116 -4.383330
v 3.942226 -1.618441 -4.381533
v 4.009387 -1.560328 -4.381034
v 4.041188 -1.492271 -12.885676
v 4.164570 -1.342762 -12.884599
v 4.533102 -0.326235 -12.883425
v 4.409719 -0.475744 -12.884503
v -2.166689 1.178254 4.888751
v -1.767517 1.116459 7.552045
v -2.167577 1.622688 4.886049
v -1.768330 0.908562 7.549629
v -1.324661 1.160298 0.303092
v -1.325439 1.142341 4.883348
v -2.167454 1.622275 -8.003261
v -2.167467 1.160298 -8.160690
v -2.167467 1.160298 -11.479316
v -1.929045 1.417095 -12.593165
v -1.330777 1.160206 -11.475133
v -2.134894 1.622320 -11.631491
v -0.879279 0.919397 7.216273
v -0.879250 0.912124 7.551851
v -0.879273 1.155200 7.216226
v -0.879273 1.116459 7.552045
v -0.564898 0.913399 7.551894
v -0.564917 1.155200 7.216226
v -1.044200 1.373543 7.022088
v -1.044200 1.309671 7.350410
v -1.238797 1.309671 7.350410
v -1.324661 0.627574 4.886049
v -1.324661 0.627574 3.645005
v -1.599960 1.059096 -8.568725
v -1.324661 1.160298 -8.140296
v -1.290001 0.942270 -11.475792
v -1.327532 0.942181 -11.475483
v -1.487460 0.851829 -11.954882
v -1.635748 1.050976 -11.058632
v -0.926471 0.328060 6.808445
v -1.324661 -0.097260 4.200877
v -1.324661 0.262537 4.885466
v -1.392955 0.371449 -8.140296
v -1.324661 1.160298 -3.505932
v -1.324661 -0.735632 4.882127
v -1.324661 -0.097260 4.884089
v -1.324661 -0.760742 3.642920
v -4.436403 0.556192 -10.639703
v -2.167467 1.495189 -8.160690
v -1.324661 -0.307526 -11.475792
v -1.301270 -0.499166 -7.835607
v -1.301270 -0.307526 -7.835607
v -1.202032 -0.457835 -11.789044
v -1.324661 -0.499166 -11.475792
v -1.321736 -0.076922 -10.715260
v -1.323081 -0.106666 -10.875872
v -1.322787 -0.088138 -10.881752
v -1.311406 -0.140315 -11.476863
v -1.181787 -0.304912 -7.388488
v -1.301270 -0.020569 -7.839149
v -1.496451 0.368661 -11.064284
v -1.457579 0.363034 -8.576718
v -1.478430 0.361493 -10.717898
v -1.457768 0.296586 -10.801017
v -1.485245 0.382965 -10.879829
v -1.458059 0.581803 -11.983437
v -1.362907 0.332164 -12.135659
v -1.324286 0.724157 -11.476032
v -0.871520 0.290371 -11.475998
v -1.202032 -0.171603 -11.789044
v -0.737024 0.427411 -11.475792
v -0.873200 0.725334 -11.475575
v -1.098931 0.724743 -11.475804
v -1.099002 0.761392 -11.475792
v -1.242251 0.806361 -11.475792
v -1.377029 0.897387 -12.163671
v -1.267450 -0.053298 -8.650706
v -1.436172 0.389519 -8.997463
v -1.445421 0.445389 -8.644977
v -1.286115 0.001385 -8.622105
v -2.694740 -0.020079 -10.921955
v -3.049960 -0.176204 -10.976178
v -3.076666 -0.158547 -10.921955
v -2.513490 -0.077188 -10.691722
v -2.568511 -0.060513 -10.819524
v -2.598533 -0.285448 -10.921955
v -2.502327 -0.550817 -10.921955
v -2.704223 -0.323771 -10.976178
v -2.875064 -0.658624 -10.976178
v -2.703209 -0.528089 -10.976178
v -2.400996 -0.387807 -10.691876
v -2.494166 -0.518385 -8.807322
v -1.775925 -0.996237 4.953003
v -1.295853 -0.765980 7.277369
v -1.775925 -1.036517 1.054869
v -1.775925 -0.732914 4.952492
v -1.324661 -0.785851 2.403713
v -1.560884 1.160298 -3.346153
v -1.560884 1.160298 0.143313
v -1.560884 0.621427 -3.346153
v -1.560884 0.621427 0.143313
v -1.324661 0.627574 2.403962
v -3.458591 -0.297014 -10.921955
v -3.220801 -0.511056 -10.976178
v -3.362385 -0.562383 -10.921955
v -3.554241 -0.464480 -10.675757
v -3.445966 -0.276928 -8.796966
v -3.266178 -0.827752 -10.921955
v -2.884252 -0.689285 -10.921955
v -3.258017 -0.795320 -8.796327
v -3.448560 -0.755981 -10.676103
v -3.396557 -0.777447 -10.806135
v -4.187959 -0.630247 -11.166787
v -4.314837 -0.506316 -7.994987
v -4.158545 -0.604886 -8.553744
v -3.972527 -0.616130 -10.669737
v -4.009530 -0.619184 -10.823527
v -3.896056 -0.931808 -10.823633
v -4.037835 -1.044192 -11.167168
v -4.327272 -0.575649 -11.997671
v -4.472692 -0.174536 -11.997209
v -4.453132 -0.143419 -8.711499
v -3.866846 -0.907631 -10.670082
v -4.016792 -0.995861 -8.553258
v -3.950103 -1.557851 -9.752853
v -3.958740 -1.592176 -11.998844
v -4.735185 -0.867687 -11.437984
v -4.614323 -1.201061 -11.438769
v -4.707360 -0.902299 -8.968455
v -4.666961 -0.657401 -11.441888
v -4.726481 -0.800843 -12.476602
v -4.640823 -1.037117 -12.476602
v -4.625965 -1.126800 -8.967904
v -4.408829 -1.283332 -8.053229
v -4.646767 -0.625776 -8.055545
v -4.595990 -0.195212 -8.709443
v -4.533102 -0.326235 -12.883425
v -4.615550 -0.226330 -11.995152
v -4.409719 -0.475744 -12.884503
v -4.471959 -0.304067 -12.884306
v -4.445970 -0.132026 -7.508534
v -4.324689 -0.466538 -7.508132
v -4.518181 0.035951 -8.367233
v -4.509603 0.049599 -6.926207
v -4.418063 -0.202880 -6.925903
v -3.941465 -1.523525 -7.506863
v -4.076965 -1.162363 -7.992709
v -4.062747 -1.189013 -7.507264
v -3.875512 -1.699317 -6.924105
v -4.104160 -1.191063 -11.998382
v -4.101598 -1.643969 -11.996789
v -4.041188 -1.492271 -12.885676
v -4.470129 -0.627443 -11.995616
v -4.588828 -0.183819 -7.506478
v -4.652461 -0.002195 -6.924150
v -4.084323 -1.575318 -7.504806
v -4.205605 -1.240807 -7.505208
v -4.111037 -1.495521 -6.922356
v -4.027902 -1.788991 -9.400701
v -4.018370 -1.751110 -6.922049
v -4.092961 -1.609644 -9.750797
v -4.422350 -1.334410 -11.440787
v -4.164570 -1.342762 -12.884599
v -4.102331 -1.514438 -12.884797
v -0.926471 -0.031232 6.810164
v -1.324661 -0.030729 4.884672
v -1.458323 -0.006985 5.031639
v -1.458323 0.186187 5.032163
v -1.178436 -0.303013 -11.456178
v -1.202032 -0.304523 -11.789044
v -1.929045 1.622320 -12.593165
v -2.045583 1.658467 -11.479316
v -1.099771 1.160298 -11.475792
v -1.324661 0.352421 2.403962
v -1.324661 -0.546941 2.403799
v -0.686478 -0.546941 1.613682
v -1.383193 0.257061 -8.811125
v -2.451165 -0.199313 -8.782494
v -1.345626 0.152133 -8.808387
v -2.503207 -0.060900 -8.967419
v -1.298094 0.003801 -8.987985
v -2.396233 -0.355331 -8.966815
v -2.630185 -0.138443 -8.623140
v -3.394037 -0.415377 -8.612145
v -2.544286 -0.375366 -8.622855
v -2.682115 0.000006 -8.807961
v -2.446664 -0.211698 -8.782470
v -3.492046 -0.586598 -8.766601
v -3.308137 -0.652300 -8.611861
v -3.962262 -0.599799 -8.945400
v -4.106616 -0.743335 -8.368924
v -3.910332 -0.738248 -8.760580
v -3.543976 -0.448149 -8.951421
v -3.860212 -0.881268 -8.945045
v -4.066913 -0.852842 -8.368793
v -3.441926 -0.729618 -8.951066
v -1.178436 -0.184714 -11.456178
v -1.178436 -0.439460 -11.456178
v -0.738942 1.023258 -11.475792
v -0.874040 0.942816 -11.475792
v -1.099700 1.123648 -11.475792
v -0.775519 0.725334 -11.735577
v -0.839126 0.725334 -11.475792
v -0.435201 1.060122 -11.735539
v -0.691066 0.976398 -11.735687
v -0.689451 0.474269 -11.735680
v -0.433907 0.390547 -11.735539
v -0.433787 0.328103 -11.475792
v -0.178688 0.474270 -11.735683
v -0.093589 0.725334 -11.735577
v -0.029982 0.725334 -11.475792
v -0.179011 0.976399 -11.735682
v -0.908701 0.942770 -11.475792
v -1.200345 0.846290 -11.735399
v -0.955927 0.806987 -11.475792
v -0.997986 0.846732 -11.735398
v -0.956800 1.078429 -11.475792
v -0.998603 1.038574 -11.735395
v -1.242426 1.078304 -11.475792
v -1.200469 1.038485 -11.735397
v -1.099104 0.814480 -11.735260
v -0.964597 0.942697 -11.735340
v -1.099598 1.070561 -11.735260
v -1.234105 0.942343 -11.735340
v -0.668831 0.495045 -11.759999
v -0.670350 0.955642 -11.759999
v -0.747775 0.725397 -11.759999
v -0.199368 0.495026 -11.759999
v -0.121333 0.725322 -11.759999
v -0.199667 0.955624 -11.759999
v -1.099161 0.841157 -11.759999
v -0.991750 0.942624 -11.759999
v -1.099576 1.043879 -11.759999
v -1.206956 0.942366 -11.759999
v -0.747775 0.725397 -11.458391
v -0.433923 0.418114 -11.458391
v -0.433923 0.418114 -11.759999
v -0.121333 0.725322 -11.458391
v -0.435185 1.032560 -11.458391
v -0.435185 1.032560 -11.759999
v -1.180353 0.866645 -11.759999
v -1.018051 0.867005 -11.458391
v -1.018051 0.867005 -11.759999
v -1.180353 0.866645 -11.458391
v -1.099161 0.841157 -11.458391
v -1.018561 1.018242 -11.458391
v -1.018561 1.018242 -11.759999
v -1.180439 1.018188 -11.458391
v -1.180439 1.018188 -11.759999
v -0.991750 0.942624 -11.458391
v -1.099576 1.043879 -11.458391
v -1.206956 0.942366 -11.458391
v -0.670350 0.955642 -11.458391
v -0.668831 0.495045 -11.458391
v -0.199368 0.495026 -11.458391
v -0.199667 0.955624 -11.458391
v -1.181787 -0.472405 -7.388488
v -1.107605 -0.092269 -7.754037
v -1.181787 -0.054111 -7.391583
v -1.107605 -0.441963 -7.750941
v -1.107605 -0.301938 -7.750941
v -2.744194 -0.511796 -11.177558
v -2.834382 -0.166274 -10.976178
v -2.855499 -0.204780 -11.177204
v -3.221814 -0.306738 -10.976178
v -3.184253 -0.323970 -11.172472
v -3.090642 -0.668553 -10.976178
v -3.072948 -0.630987 -11.172826
v -2.745044 -0.338420 -11.178122
v -3.038437 -0.213175 -11.174611
v -3.183402 -0.497347 -11.171811
v -2.890007 -0.622591 -11.175083
v -2.431652 -0.437963 -10.819520
v -3.527022 -0.416767 -10.806202
v -2.901145 -0.592649 -11.205064
v -2.776014 -0.349625 -11.207575
v -3.027812 -0.243258 -11.204659
v -3.152943 -0.486281 -11.202148
v -3.059029 -0.599921 -11.202971
v -2.775282 -0.497048 -10.919102
v -2.775282 -0.497048 -11.207054
v -3.059029 -0.599921 -10.915018
v -2.901145 -0.592649 -10.917110
v -2.869928 -0.235986 -10.918800
v -2.869928 -0.235986 -11.206754
v -3.153675 -0.338859 -10.914717
v -3.153675 -0.338859 -11.202669
v -2.776014 -0.349625 -10.919621
v -3.152943 -0.486281 -10.914197
v -3.027812 -0.243258 -10.916708
v -1.345590 -0.017273 -10.799070
v -2.424203 -0.325927 -10.775393
v -3.950023 -0.680365 -10.753370
v -3.531737 -0.528715 -10.759391
v -3.890168 -0.845464 -10.753561
v -2.491011 -0.141430 -10.775310
v -3.471882 -0.693814 -10.759582
v -4.305486 -0.648211 -12.476602
v -4.219828 -0.884484 -12.476602
v -4.346281 -0.743071 -12.476602
v -4.515984 -0.724527 -12.476602
v -4.134169 -1.120758 -12.476602
v -4.247018 -1.242856 -11.996325
v -4.344667 -1.197074 -12.476602
v -4.555164 -1.273390 -12.476602
v -4.634374 -0.847520 -12.476602
v -4.467547 -0.518331 -7.506076
v -4.514369 -1.178530 -12.476602
v -4.622387 -1.030433 -12.476602
v -4.590787 -1.018976 -12.610324
v -4.500494 -1.142581 -12.610791
v -4.363533 -1.145033 -12.610814
v -4.350322 -1.181474 -12.476602
v -4.226276 -1.074081 -12.476602
v -4.259966 -1.055378 -12.610791
v -4.269863 -0.902625 -12.610324
v -4.238263 -0.891168 -12.476602
v -4.360157 -0.779020 -12.610791
v -4.497117 -0.776568 -12.610814
v -4.510328 -0.740127 -12.476602
v -4.600684 -0.866223 -12.610791
v -4.481501 -1.103634 -12.645652
v -4.561146 -0.883950 -12.645652
v -4.553191 -1.005346 -12.645652
v -4.299504 -1.037651 -12.645652
v -4.379149 -0.817966 -12.645652
v -4.553191 -1.005346 -12.546774
v -4.377868 -1.105494 -12.546774
v -4.377868 -1.105494 -12.645652
v -4.307460 -0.916255 -12.546774
v -4.307460 -0.916255 -12.645652
v -4.482782 -0.816107 -12.546774
v -4.482782 -0.816107 -12.645652
v -4.561146 -0.883950 -12.546774
v -4.481501 -1.103634 -12.546774
v -4.299504 -1.037651 -12.546774
v -4.379149 -0.817966 -12.546774
v -1.324661 -0.546941 3.643276
v -1.324661 0.352421 3.644633
v -1.509800 -0.455205 3.450722
v -1.509800 -0.455200 2.371737
v -0.949063 -0.455196 1.677497
v -1.509800 0.260687 3.451803
v -0.949063 0.260696 1.677497
v -1.509800 0.260692 2.371866
v -1.509800 -0.097259 3.894573
v -4.436403 0.556192 -9.000302
v -4.436403 0.657300 -9.000302
v -2.167467 1.495189 -11.479316
v -4.436403 0.657300 -10.639703
v -2.167422 1.622169 -11.321886
v -3.599152 1.093617 -10.788054
v -2.167451 1.622265 -8.318120
v -3.599152 1.093617 -8.851952
v -3.885044 -1.737198 -9.402758
v -4.661039 -0.015842 -8.365177
v -3.968179 -1.443728 -6.924412
v -4.560921 -0.254673 -6.923847
v -4.521560 -0.021297 -6.554937
v -4.548964 -0.183778 -6.553678
v -4.597846 -0.048954 -6.553839
v -4.006675 -1.679490 -6.551879
v -3.979873 -1.515348 -6.553142
v -3.930390 -1.651833 -6.552978
v -4.551214 -0.065889 -4.382831
v -4.484375 -0.123116 -4.383330
v -4.472678 -0.156120 -6.554775
v -3.942226 -1.618441 -4.381533
v -4.009387 -1.560328 -4.381034
v -4.056159 -1.543006 -6.552043
v -4.525111 -0.137885 -4.382744
v -4.510478 -0.051120 -4.383417
v -3.968651 -1.545558 -4.381620
v -3.982963 -1.633210 -4.380947
v -4.103427 -1.320594 -12.885479
v -4.470862 -0.497911 -12.883623
vn 0.7469 -0.6646 0.0228
vn 0.5791 0.4383 0.6874
vn 0.5349 -0.6074 0.5873
vn 0.4383 -0.8399 0.3201
vn 0.6859 -0.7273 0.0239
vn 0.7001 -0.6126 -0.3670
vn 0.3756 -0.8624 0.3394
vn 0.8017 0.5977 -0.0000
vn 0.7915 0.6011 0.1102
vn 0.3289 -0.8236 -0.4620
vn 0.1204 -0.6216 -0.7741
vn 0.5681 -0.6830 -0.4592
vn 0.7900 0.5945 -0.1496
vn 0.8645 0.2176 -0.4530
vn -0.5773 -0.5831 0.5716
vn -0.3105 -0.9077 0.2822
vn -0.6438 0.3729 0.6682
vn -0.5705 0.5398 0.6190
vn 0.5752 -0.5856 0.5711
vn -0.0000 -0.7140 0.7002
vn 0.3038 -0.9093 0.2843
vn 0.6430 0.3686 0.6713
vn 0.5911 0.5273 0.6104
vn 0.1482 0.9835 0.1038
vn -0.0956 0.9519 0.2911
vn 0.0800 0.8976 0.4334
vn -0.0000 1.0000 -0.0001
vn -0.0000 0.9954 0.0958
vn 0.1525 0.9882 -0.0156
vn -0.3204 0.8709 0.3727
vn 0.0947 0.9530 0.2877
vn 0.2944 0.8757 0.3828
vn -0.0000 0.8879 0.4601
vn -0.0000 0.3923 0.9198
vn 0.0892 0.9410 -0.3265
vn 0.4555 0.8748 -0.1648
vn 0.2982 0.9540 -0.0300
vn -0.6430 0.3686 0.6713
vn -0.0947 0.9530 0.2877
vn -0.2944 0.8757 0.3828
vn -0.0000 0.9378 -0.3471
vn -0.1869 0.8280 -0.5286
vn -0.0000 0.9429 -0.3331
vn -0.1482 0.9835 0.1038
vn -0.0892 0.9410 -0.3265
vn -0.1525 0.9882 -0.0156
vn -0.3038 -0.9093 0.2843
vn -0.0000 -0.7850 0.6195
vn -0.0000 -0.6235 -0.7819
vn -0.0000 -0.9919 -0.1267
vn -0.0000 -0.6235 -0.7818
vn -0.3336 0.3370 -0.8804
vn -0.0000 -0.0000 -1.0000
vn 0.0001 0.5301 -0.8479
vn -0.0001 0.5301 -0.8479
vn 0.7061 -0.6071 0.3647
vn 0.9802 -0.1126 -0.1631
vn 0.7615 -0.6199 0.1893
vn 0.5183 -0.5095 -0.6868
vn 0.0013 0.5465 -0.8374
vn 0.0010 -0.6238 -0.7816
vn 0.5359 0.0009 -0.8443
vn 0.3419 0.3505 -0.8719
vn 0.1743 -0.6777 -0.7144
vn -0.1432 0.4706 -0.8707
vn -0.6777 0.0116 -0.7352
vn 0.9220 0.2711 -0.2765
vn 0.9948 -0.0005 0.1022
vn -0.0000 0.0003 1.0000
vn 0.7377 0.0007 0.6751
vn -0.4383 -0.8399 0.3201
vn 0.5634 0.6953 0.4462
vn 0.9867 0.1478 -0.0670
vn 1.0000 -0.0008 -0.0000
vn 0.9929 -0.0001 0.1187
vn -0.0000 0.5706 -0.8212
vn -0.0001 0.5706 -0.8212
vn -0.0000 -0.1016 -0.9948
vn -0.3339 -0.3366 -0.8805
vn 0.3339 -0.3366 -0.8805
vn 0.0001 0.5706 -0.8212
vn -0.5634 0.6953 0.4462
vn -0.0000 0.6927 0.7212
vn -0.0000 -0.0080 1.0000
vn 0.7221 -0.6903 0.0452
vn -0.0000 -0.9978 0.0659
vn 0.0186 0.1805 0.9834
vn 0.7107 -0.1202 0.6931
vn -0.7221 -0.6903 0.0452
vn -0.7107 -0.1202 0.6931
vn -0.0186 0.1805 0.9834
vn -0.0000 0.0291 0.9996
vn -0.0000 -0.8692 -0.4945
vn -0.0000 -0.7071 -0.7071
vn 0.3046 0.1070 -0.9464
vn -0.0000 0.7071 -0.7071
vn -0.2479 -0.8181 -0.5188
vn -0.0000 -0.8692 0.4945
vn -0.3046 0.1070 -0.9464
vn 0.9535 -0.1338 0.2701
vn 0.5537 -0.5274 -0.6444
vn 0.6752 0.7370 0.0305
vn 0.7333 0.6786 0.0429
vn 0.7061 0.7080 -0.0143
vn 0.5830 0.6213 0.5235
vn 0.7366 0.0028 0.6764
vn 0.4348 0.8434 0.3158
vn 0.9948 -0.0006 0.1016
vn 0.5769 0.5745 -0.5807
vn 0.3046 -0.1070 -0.9464
vn 0.2434 0.8182 -0.5209
vn -0.5769 0.5745 -0.5807
vn -0.2434 0.8182 -0.5209
vn -0.0000 0.7901 0.6129
vn -0.0000 0.0018 1.0000
vn -0.5830 0.6213 0.5235
vn -0.0000 0.6641 0.7476
vn -0.7366 0.0028 0.6764
vn -0.4348 0.8434 0.3158
vn 0.8745 0.4578 0.1602
vn 0.7763 0.4172 0.4725
vn 0.9157 0.1863 0.3561
vn 0.9829 0.0287 -0.1820
vn 0.8935 -0.4306 0.1276
vn 0.8806 -0.4380 -0.1806
vn 0.0992 0.0686 -0.9927
vn 0.9327 0.0870 -0.3501
vn 0.7028 -0.6838 -0.1961
vn 0.9920 0.0079 0.1260
vn 0.9861 -0.1659 0.0120
vn 0.9999 -0.0098 0.0082
vn 0.7061 -0.6487 0.2839
vn 0.9761 0.1926 0.1007
vn 0.9104 0.2827 0.3022
vn -0.0295 0.0063 0.9995
vn 0.9640 -0.2646 -0.0275
vn 0.9455 -0.1499 -0.2892
vn -0.0745 -0.9971 0.0149
vn 0.8763 0.4776 -0.0637
vn -0.0983 -0.5731 -0.8136
vn 0.9555 -0.1399 -0.2597
vn 0.1668 0.4271 -0.8887
vn -0.6820 0.0122 -0.7312
vn 0.0852 0.0954 -0.9918
vn -0.0010 0.0007 -1.0000
vn -0.0018 -0.5462 -0.8376
vn 0.3378 -0.3477 -0.8746
vn 0.9317 -0.3628 -0.0154
vn 0.9545 -0.2979 -0.0154
vn 0.8945 -0.0070 0.4470
vn -0.0394 -0.9050 -0.4235
vn -0.1723 0.7771 -0.6054
vn -0.0720 0.9435 0.3235
vn 0.3429 0.8872 -0.3086
vn -0.2007 0.6749 -0.7101
vn -0.5093 0.1846 -0.8406
vn -0.0813 0.9726 -0.2179
vn -0.6328 -0.4913 -0.5984
vn -0.5864 -0.3894 -0.7103
vn -0.3064 -0.9037 -0.2990
vn -0.6607 -0.6711 0.3363
vn -0.9079 -0.1466 -0.3928
vn -0.6818 -0.7032 -0.2016
vn -0.0000 -0.9983 0.0582
vn 0.0885 -0.9945 -0.0558
vn 0.1115 -0.9915 0.0665
vn -0.0791 -0.9851 0.1527
vn -0.1115 -0.9915 0.0665
vn -0.0885 -0.9945 -0.0558
vn -0.0000 -0.9967 -0.0813
vn 0.0791 -0.9851 0.1527
vn 0.7784 -0.6173 0.1144
vn 0.5999 -0.5349 0.5949
vn -0.0000 -0.5740 0.8188
vn -0.0000 -0.9838 0.1791
vn -0.0000 -0.6430 -0.7658
vn 0.5943 -0.5405 -0.5955
vn 0.3404 -0.8330 0.4361
vn -0.3404 -0.8330 0.4361
vn 0.3404 -0.8331 -0.4361
vn -0.3404 -0.8331 -0.4361
vn 0.6963 0.6152 -0.3697
vn 0.8497 -0.3176 -0.4210
vn 0.6963 0.6152 0.3696
vn 0.5537 -0.5274 0.6444
vn 0.8497 -0.3176 0.4210
vn 0.2479 -0.8181 -0.5188
vn -0.7071 -0.7071 -0.0000
vn -0.5537 -0.5274 0.6444
vn -0.5537 -0.5274 -0.6444
vn 0.7071 -0.7071 -0.0000
vn 0.6392 0.4731 -0.6064
vn 0.6596 0.6760 0.3285
vn 0.7225 0.6601 -0.2057
vn 0.9241 0.1148 -0.3646
vn 0.5002 -0.1812 -0.8468
vn 0.1865 -0.7786 -0.5991
vn 0.6374 -0.6823 -0.3580
vn 0.1827 -0.6766 -0.7133
vn 0.1319 -0.9728 -0.1904
vn 0.0735 -0.9366 0.3425
vn -0.8655 0.4768 -0.1539
vn 0.0770 0.9778 -0.1947
vn -0.5859 0.7990 0.1352
vn -0.9221 -0.2961 -0.2490
vn -0.5160 0.8163 -0.2596
vn -0.9262 0.3420 -0.1590
vn -0.9706 0.1891 -0.1492
vn -0.4840 0.8621 -0.1499
vn -0.3923 0.9146 -0.0979
vn -0.9534 0.2978 0.0481
vn -0.9609 -0.2356 0.1458
vn -0.5702 -0.8020 -0.1780
vn -0.9300 0.3312 -0.1594
vn -0.8866 -0.4536 -0.0902
vn -0.9134 -0.3833 -0.1372
vn 0.9997 -0.0240 -0.0027
vn 0.9780 -0.1277 0.1646
vn 0.9921 -0.1112 0.0573
vn 0.6548 -0.2374 -0.7176
vn 0.7283 0.3055 -0.6134
vn 0.8248 -0.5625 0.0576
vn 0.8329 -0.5270 0.1688
vn 0.6194 -0.7847 -0.0238
vn 0.7962 -0.6050 0.0052
vn 0.3639 -0.7025 -0.6116
vn 0.8685 0.4770 -0.1348
vn -0.3486 0.6951 -0.6287
vn -0.9376 0.3477 -0.0073
vn -0.8975 0.0283 0.4400
vn -0.4134 0.9066 0.0844
vn -0.9425 0.3342 -0.0072
vn -0.4868 0.8436 0.2268
vn -0.7075 0.5558 0.4365
vn -0.8598 -0.4750 -0.1874
vn -0.8991 -0.4279 0.0922
vn 0.2940 -0.9477 -0.1245
vn 0.3557 -0.6981 -0.6214
vn 0.3592 -0.9247 -0.1261
vn 0.8311 0.5390 -0.1371
vn 0.9729 0.2281 -0.0365
vn 0.9518 -0.3008 0.0604
vn 0.6087 -0.4986 0.6172
vn 0.8708 0.4551 -0.1859
vn 0.8970 0.4329 0.0889
vn 0.4844 -0.8434 0.2325
vn 0.9230 -0.3798 0.0620
vn 0.4137 -0.9053 0.0966
vn 0.4507 -0.8417 -0.2974
vn 0.9822 -0.1562 -0.1047
vn 0.4634 -0.7976 0.3860
vn -0.0000 -0.7179 0.6962
vn 0.8036 -0.5620 -0.1959
vn 0.8790 0.4412 -0.1806
vn 0.5986 -0.5752 0.5576
vn 0.6180 0.5212 0.5886
vn -0.0000 -0.6002 0.7998
vn -0.0000 0.5746 0.8184
vn -0.5986 -0.5752 0.5576
vn -0.6180 0.5212 0.5886
vn -0.0000 -0.9971 0.0762
vn 0.3074 -0.9371 -0.1653
vn 0.3303 -0.9392 0.0940
vn -0.3074 -0.9371 -0.1653
vn -0.0000 -0.9862 -0.1653
vn -0.0409 -0.2057 0.9778
vn -0.3303 -0.9392 0.0940
vn -0.0000 0.0947 -0.9955
vn 0.1192 -0.0787 -0.9897
vn 0.0409 -0.2057 0.9778
vn 0.2772 -0.6747 -0.6841
vn -0.0852 0.0954 -0.9918
vn -0.2772 -0.6747 -0.6841
vn -0.1506 -0.0000 -0.9886
vn -0.6816 -0.0000 -0.7317
vn 0.0480 -0.0794 -0.9957
vn -0.2279 0.6843 -0.6927
vn -0.0480 -0.0794 -0.9957
vn 0.2279 0.6843 -0.6927
vn -0.0000 0.6550 -0.7556
vn 0.5670 0.4935 -0.6596
vn 0.1869 0.8280 -0.5286
vn 0.4153 -0.0686 -0.9071
vn -0.1743 -0.6777 -0.7144
vn -0.4153 -0.0686 -0.9071
vn -0.0000 -0.0796 -0.9968
vn 0.7616 0.5830 -0.2829
vn 0.5672 0.7935 -0.2205
vn 0.7617 -0.5829 -0.2829
vn 0.6839 -0.5300 0.5013
vn -0.5209 0.1658 0.8374
vn -0.6834 -0.6777 0.2714
vn -0.3494 0.4993 0.7928
vn -0.2469 0.5216 0.8167
vn 0.5092 0.2492 0.8237
vn -0.5886 -0.1504 0.7943
vn -0.5229 -0.2361 0.8190
vn -0.0732 0.9654 0.2503
vn 0.2324 -0.5113 0.8274
vn 0.6128 -0.2186 0.7594
vn 0.1066 -0.9574 0.2684
vn 0.0764 0.9755 0.2062
vn 0.6983 0.6697 0.2529
vn -0.6997 0.2566 0.6667
vn -0.5643 -0.7948 0.2230
vn -0.9312 0.2133 0.2957
vn -0.8514 0.4347 0.2935
vn -0.9228 0.3823 0.0483
vn -0.0000 -0.6512 -0.7589
vn -0.6904 -0.3043 -0.6563
vn -0.6763 0.3478 -0.6493
vn -0.5324 0.0012 -0.8465
vn 0.0002 -0.0003 -1.0000
vn -0.3393 0.3495 -0.8733
vn 0.3337 0.3359 -0.8808
vn 0.5277 -0.0025 -0.8494
vn 0.6098 0.6156 -0.4991
vn 0.3336 -0.3372 -0.8803
vn 0.0022 -0.0006 -1.0000
vn -0.0001 -0.5299 -0.8481
vn 0.6084 -0.6175 -0.4986
vn -0.0001 -0.8718 -0.4898
vn -0.5248 0.0003 -0.8512
vn -0.6094 -0.6162 -0.4989
vn -0.8704 0.0005 -0.4924
vn -0.6087 0.6169 -0.4988
vn 0.8704 -0.0026 -0.4924
vn 0.0001 0.8718 -0.4898
vn -0.3409 -0.3483 -0.8732
vn 0.3336 0.3370 -0.8804
vn 0.6099 -0.6326 -0.4773
vn -0.6123 -0.6303 -0.4773
vn -0.6099 0.6329 -0.4770
vn 0.6115 0.6311 -0.4772
vn -0.0019 -0.8845 -0.4665
vn -0.8810 0.0027 -0.4731
vn 0.0005 0.8845 -0.4665
vn 0.8810 -0.0006 -0.4731
vn -0.2325 0.0005 -0.9726
vn 0.0001 0.2368 -0.9716
vn 0.2325 -0.0001 -0.9726
vn -0.0001 -0.2372 -0.9715
vn 0.0005 0.2311 -0.9729
vn 0.2176 -0.0006 -0.9760
vn -0.0002 -0.2307 -0.9730
vn -0.2179 0.0002 -0.9760
vn -0.1169 0.1173 -0.9862
vn -0.5532 -0.5578 -0.6187
vn -0.1163 -0.1160 -0.9864
vn -0.5515 0.5590 -0.6192
vn 0.1166 0.1166 -0.9863
vn 0.5527 0.5581 -0.6189
vn 0.1165 -0.1167 -0.9863
vn 0.5520 -0.5588 -0.6189
vn 0.1090 0.1089 -0.9881
vn -0.5460 0.5647 -0.6188
vn -0.1084 0.1090 -0.9881
vn 0.5481 0.5626 -0.6189
vn 0.1092 -0.1100 -0.9879
vn 0.5456 -0.5647 -0.6192
vn -0.1090 -0.1091 -0.9880
vn -0.5473 -0.5633 -0.6190
vn 0.0017 0.7641 -0.6451
vn 0.7687 -0.0023 -0.6396
vn -0.0004 -0.7642 -0.6450
vn -0.7686 0.0005 -0.6397
vn -0.7672 0.0022 -0.6414
vn 0.0001 0.7656 -0.6433
vn 0.7672 -0.0004 -0.6414
vn -0.0001 -0.7655 -0.6434
vn 0.2155 0.1806 0.9597
vn -0.6414 0.3142 0.7000
vn 0.1985 -0.1500 0.9685
vn -0.6210 -0.3450 0.7037
vn -0.0000 -0.6305 0.7762
vn -0.0000 -0.0300 0.9996
vn -0.0000 0.6281 0.7782
vn -0.6321 0.0029 0.7749
vn -0.2001 -0.6636 0.7208
vn 0.2001 -0.6636 0.7208
vn -0.2446 0.6581 0.7121
vn 0.2446 0.6581 0.7121
vn -0.0000 0.9940 -0.1092
vn 0.3146 0.9346 -0.1660
vn -0.3146 0.9346 -0.1660
vn -0.6993 0.2534 -0.6684
vn -0.2976 -0.8360 -0.4610
vn -0.3547 -0.8822 -0.3098
vn -0.8265 0.3001 -0.4763
vn -0.7858 -0.3936 -0.4771
vn 0.2931 0.9046 -0.3095
vn 0.3075 0.8331 -0.4597
vn -0.3506 0.8064 -0.4763
vn 0.5741 0.4024 -0.7131
vn 0.6609 -0.2397 -0.7112
vn 0.8343 -0.3020 -0.4611
vn 0.7944 0.3893 -0.4662
vn 0.3607 -0.8073 -0.4671
vn -0.6044 0.6885 -0.4008
vn -0.0509 0.1385 -0.9891
vn 0.1460 0.0567 -0.9877
vn 0.0771 -0.1357 -0.9877
vn -0.1280 -0.0717 -0.9892
vn 0.0930 0.2114 -0.9730
vn 0.2667 0.7157 -0.6455
vn 0.2057 -0.0732 -0.9759
vn 0.7277 -0.2633 -0.6333
vn -0.0638 -0.2210 -0.9732
vn -0.2537 -0.7197 -0.6463
vn -0.1937 0.0716 -0.9784
vn -0.7190 0.2612 -0.6440
vn 0.7089 0.3456 -0.6148
vn 0.3230 -0.7189 -0.6155
vn -0.6999 -0.3491 -0.6232
vn -0.3132 0.7172 -0.6225
vn 0.8762 -0.0251 -0.4814
vn -0.3753 0.4275 -0.8225
vn -0.5633 -0.0897 -0.8214
vn 0.7046 -0.5298 -0.4721
vn 0.6088 0.0706 -0.7902
vn -0.5082 0.4921 -0.7068
vn -0.7083 -0.0521 -0.7040
vn 0.4239 -0.4463 -0.7881
vn -0.3685 0.6940 -0.6185
vn 0.8783 0.3682 -0.3050
vn 0.2215 0.6109 -0.7601
vn -0.2113 0.4144 -0.8852
vn -0.6618 0.2399 -0.7102
vn -0.7276 -0.2960 -0.6189
vn -0.4278 -0.1827 -0.8852
vn -0.2213 -0.6104 -0.7606
vn 0.2113 -0.4144 -0.8852
vn 0.4278 0.1827 -0.8852
vn 0.7888 -0.0053 0.6146
vn -0.1692 -0.4667 -0.8681
vn 0.8154 -0.2956 -0.4977
vn 0.5046 -0.1829 -0.8438
vn -0.2913 -0.8035 -0.5192
vn 0.3991 -0.7578 -0.5162
vn -0.5046 0.1829 -0.8438
vn -0.8154 0.2956 -0.4977
vn -0.7920 -0.3259 -0.5162
vn 0.1692 0.4667 -0.8681
vn 0.2913 0.8035 -0.5192
vn -0.3991 0.7578 -0.5162
vn 0.7920 0.3259 -0.5162
vn -0.1582 -0.0747 -0.9846
vn -0.0736 0.1587 -0.9846
vn 0.1582 0.0747 -0.9846
vn 0.0736 -0.1587 -0.9846
vn -0.2428 0.0880 -0.9661
vn -0.7149 0.2592 -0.6494
vn 0.0769 0.2121 -0.9742
vn 0.2634 0.7264 -0.6348
vn 0.2428 -0.0880 -0.9661
vn 0.7149 -0.2592 -0.6494
vn -0.0769 -0.2121 -0.9742
vn -0.2634 -0.7264 -0.6348
vn -0.3621 0.6967 -0.6193
vn 0.7244 0.3028 -0.6193
vn 0.3621 -0.6967 -0.6193
vn -0.7244 -0.3028 -0.6193
vn 0.9437 -0.2995 0.1408
vn 0.9438 0.2990 0.1408
vn 0.8428 -0.5282 0.1036
vn 0.5292 -0.4320 -0.7303
vn 0.8275 -0.4831 -0.2861
vn 0.8428 0.5281 0.1037
vn 0.8275 0.4832 -0.2860
vn 0.5291 0.4321 -0.7303
vn 0.9191 -0.0005 0.3940
vn 0.5680 -0.6830 0.4592
vn 0.7763 0.4173 -0.4725
vn 0.4563 0.8771 0.1497
vn 0.4468 0.8531 -0.2696
vn 0.4467 0.8540 0.2667
vn -0.3576 0.9128 -0.1972
vn 0.3742 -0.9104 -0.1763
vn -0.9148 -0.3324 0.2295
vn 0.9118 0.3402 0.2298
vn 0.9062 0.4093 0.1065
vn -0.9060 -0.4109 0.1015
vn -0.9061 -0.4105 0.1023
vn 0.9062 0.4089 0.1073
vn -0.4323 0.8961 0.1010
vn 0.3399 -0.7318 0.5907
vn 0.4331 -0.8950 0.1070
vn -0.3514 0.7376 0.5765
vn 0.4334 -0.8947 0.1078
vn -0.3514 0.7376 0.5766
vn -0.4326 0.8958 0.1018
vn 0.3399 -0.7318 0.5908
vn 0.7303 0.3450 0.5896
vn -0.7421 -0.3401 0.5776
vn -0.7421 -0.3400 0.5777
vn 0.7303 0.3449 0.5897
vn -0.7128 -0.3096 -0.6294
vn 0.7208 0.3085 -0.6208
vn -0.7469 -0.6646 0.0228
vn -0.5791 0.4383 0.6874
vn -0.7915 0.6011 0.1102
vn -0.5349 -0.6074 0.5873
vn -0.7061 -0.6071 0.3647
vn -0.6859 -0.7273 0.0239
vn -0.8017 0.5977 -0.0000
vn -0.3756 -0.8624 0.3394
vn -0.3289 -0.8236 -0.4620
vn -0.5183 -0.5095 -0.6868
vn -0.1204 -0.6216 -0.7741
vn -0.7900 0.5945 -0.1496
vn 0.3105 -0.9077 0.2822
vn 0.5773 -0.5831 0.5716
vn 0.5705 0.5398 0.6190
vn 0.6438 0.3729 0.6682
vn -0.5752 -0.5856 0.5711
vn -0.5911 0.5273 0.6104
vn 0.0956 0.9519 0.2911
vn 0.3204 0.8709 0.3727
vn -0.0800 0.8976 0.4334
vn -0.9948 -0.0005 0.1022
vn -1.0000 -0.0008 -0.0000
vn -0.8745 0.4578 0.1602
vn -0.7615 -0.6199 0.1893
vn -0.5359 0.0009 -0.8443
vn 0.6777 0.0116 -0.7352
vn -0.9220 0.2711 -0.2765
vn -0.8763 0.4776 -0.0637
vn -0.7377 0.0007 0.6751
vn -0.9929 -0.0001 0.1187
vn -0.9867 0.1478 -0.0670
vn -0.9535 -0.1338 0.2701
vn -0.7001 -0.6126 -0.3670
vn -0.6752 0.7370 0.0305
vn -0.9948 -0.0006 0.1016
vn -0.7061 0.7080 -0.0143
vn -0.5681 -0.6830 -0.4592
vn -0.9157 0.1863 0.3561
vn -0.9829 0.0287 -0.1820
vn -0.8935 -0.4306 0.1276
vn -0.9920 0.0079 0.1260
vn -0.1192 -0.0787 -0.9897
vn -0.8806 -0.4380 -0.1806
vn -0.7028 -0.6838 -0.1961
vn -0.9999 -0.0098 0.0082
vn -0.9861 -0.1659 0.0120
vn -0.9327 0.0870 -0.3501
vn 0.0295 0.0063 0.9995
vn -0.9104 0.2827 0.3022
vn -0.9640 -0.2646 -0.0275
vn -0.9545 -0.2979 -0.0154
vn -0.9455 -0.1499 -0.2892
vn -0.8762 -0.0251 -0.4814
vn 0.0745 -0.9971 0.0149
vn -0.9555 -0.1399 -0.2597
vn 0.0983 -0.5731 -0.8136
vn 0.6820 0.0122 -0.7312
vn -0.1668 0.4271 -0.8887
vn -0.0992 0.0686 -0.9927
vn -0.3336 -0.3372 -0.8803
vn -0.0022 -0.0006 -1.0000
vn 0.0010 0.0007 -1.0000
vn 0.0018 -0.5463 -0.8376
vn -0.3378 -0.3477 -0.8746
vn 0.1432 0.4706 -0.8707
vn -0.9761 0.1926 0.1007
vn 0.5209 0.1658 0.8374
vn 0.0394 -0.9050 -0.4235
vn -0.9317 -0.3628 -0.0154
vn 0.1817 0.7868 -0.5898
vn -0.3111 0.8606 -0.4031
vn -0.3323 0.9165 -0.2229
vn 0.0813 0.9726 -0.2179
vn 0.6044 0.6885 -0.4008
vn 0.5397 0.1957 -0.8188
vn 0.6463 -0.4926 -0.5828
vn 0.6674 0.2419 -0.7043
vn 0.3127 -0.8599 -0.4035
vn 0.5695 -0.3140 -0.7597
vn 0.6818 -0.7032 -0.2016
vn 0.6607 -0.6711 0.3363
vn -0.7784 -0.6173 0.1144
vn -0.5999 -0.5349 0.5949
vn -0.5943 -0.5405 -0.5955
vn -0.7333 0.6786 0.0429
vn -0.5672 0.7935 -0.2205
vn -0.6963 0.6152 -0.3697
vn -0.6963 0.6152 0.3696
vn -0.8497 -0.3176 -0.4210
vn -0.8497 -0.3176 0.4210
vn -0.9802 -0.1126 -0.1631
vn -0.6506 0.4738 -0.5935
vn -0.6356 -0.2305 -0.7368
vn -0.5225 -0.1893 -0.8314
vn -0.7225 0.6601 -0.2057
vn -0.6596 0.6760 0.3285
vn -0.1949 -0.7864 -0.5862
vn 0.3330 -0.9185 -0.2131
vn -0.0735 -0.9366 0.3425
vn -0.1319 -0.9728 -0.1904
vn -0.6374 -0.6823 -0.3580
vn 0.8655 0.4768 -0.1539
vn 0.9228 0.3823 0.0483
vn 0.5859 0.7990 0.1352
vn -0.0770 0.9778 -0.1947
vn 0.5160 0.8163 -0.2596
vn 0.9221 -0.2961 -0.2490
vn 0.9706 0.1891 -0.1492
vn 0.9262 0.3420 -0.1590
vn 0.3923 0.9146 -0.0979
vn 0.4840 0.8621 -0.1499
vn 0.5702 -0.8020 -0.1780
vn 0.9609 -0.2356 0.1458
vn 0.9134 -0.3833 -0.1372
vn 0.8866 -0.4536 -0.0902
vn -0.9998 -0.0221 0.0004
vn -0.7969 -0.6040 0.0033
vn -0.9940 -0.0957 0.0531
vn -0.9735 0.2263 -0.0336
vn -0.7283 0.3055 -0.6134
vn -0.6548 -0.2374 -0.7176
vn -0.8302 -0.5542 0.0600
vn -0.8329 -0.5270 0.1691
vn -0.9781 -0.1277 0.1643
vn -0.8311 0.5390 -0.1371
vn -0.7208 0.3085 -0.6208
vn -0.8685 0.4770 -0.1348
vn 0.7128 -0.3096 -0.6294
vn 0.3486 0.6951 -0.6287
vn 0.9376 0.3477 -0.0073
vn 0.8975 0.0283 0.4401
vn 0.3576 0.9128 -0.1972
vn 0.4134 0.9066 0.0844
vn 0.9148 -0.3324 0.2295
vn 0.9425 0.3342 -0.0072
vn 0.9534 0.2978 0.0481
vn 0.7075 0.5558 0.4365
vn 0.8991 -0.4279 0.0922
vn 0.9300 0.3312 -0.1594
vn -0.3591 -0.9247 -0.1261
vn -0.8783 0.3682 -0.3050
vn -0.9518 -0.3008 0.0604
vn -0.8970 0.4329 0.0889
vn -0.9230 -0.3798 0.0620
vn -0.7888 -0.0053 0.6146
vn -0.9118 0.3402 0.2298
vn -0.3742 -0.9104 -0.1763
vn -0.4137 -0.9053 0.0966
vn -0.2940 -0.9477 -0.1245
vn -0.6185 -0.7854 -0.0255
vn -0.3557 -0.6981 -0.6214
vn -0.4634 -0.7976 0.3860
vn -0.9822 -0.1562 -0.1047
vn -0.8036 -0.5620 -0.1959
vn -0.8790 0.4412 -0.1806
vn 0.6816 -0.0000 -0.7317
vn 0.1506 -0.0000 -0.9886
vn -0.5670 0.4935 -0.6596
vn -0.2982 0.9540 -0.0300
vn -0.0010 -0.6238 -0.7816
vn -0.7616 0.5830 -0.2829
vn -0.7617 -0.5829 -0.2829
vn -0.3046 -0.1070 -0.9464
vn -0.8945 -0.0070 0.4470
vn 0.3494 0.4993 0.7928
vn -0.6839 -0.5300 0.5013
vn 0.0732 0.9654 0.2503
vn -0.7061 -0.6487 0.2839
vn 0.6834 -0.6777 0.2714
vn 0.2469 0.5216 0.8167
vn -0.5092 0.2492 0.8237
vn 0.5229 -0.2361 0.8190
vn 0.0720 0.9435 0.3235
vn 0.5886 -0.1504 0.7943
vn -0.6128 -0.2186 0.7594
vn -0.2324 -0.5113 0.8274
vn -0.0764 0.9755 0.2062
vn 0.8514 0.4347 0.2935
vn 0.6997 0.2566 0.6667
vn -0.6983 0.6697 0.2529
vn 0.5643 -0.7948 0.2230
vn 0.9312 0.2133 0.2957
vn -0.1066 -0.9574 0.2684
vn 0.6904 -0.3043 -0.6563
vn 0.6763 0.3478 -0.6493
vn -0.3337 0.3359 -0.8808
vn -0.0002 -0.0003 -1.0000
vn -0.0013 0.5465 -0.8374
vn -0.8703 -0.0026 -0.4925
vn -0.5277 -0.0025 -0.8494
vn -0.0001 0.8718 -0.4899
vn -0.6098 0.6156 -0.4992
vn -0.6083 -0.6174 -0.4987
vn 0.0001 -0.8718 -0.4899
vn 0.0001 -0.5299 -0.8481
vn 0.6094 -0.6162 -0.4990
vn 0.8703 0.0005 -0.4924
vn 0.5248 0.0003 -0.8512
vn 0.6087 0.6169 -0.4989
vn 0.5324 0.0012 -0.8465
vn -0.6099 -0.6326 -0.4773
vn 0.3409 -0.3483 -0.8732
vn 0.6123 -0.6303 -0.4773
vn 0.3393 0.3495 -0.8733
vn 0.6099 0.6329 -0.4770
vn -0.3419 0.3505 -0.8719
vn -0.6115 0.6311 -0.4772
vn 0.0019 -0.8845 -0.4665
vn 0.8810 0.0027 -0.4731
vn -0.0005 0.8845 -0.4665
vn -0.8810 -0.0006 -0.4731
vn 0.1169 0.1173 -0.9862
vn 0.1164 -0.1160 -0.9864
vn 0.2324 0.0006 -0.9726
vn -0.1167 0.1166 -0.9863
vn -0.2324 -0.0003 -0.9726
vn -0.1167 -0.1166 -0.9863
vn -0.0005 0.2310 -0.9729
vn -0.2176 -0.0006 -0.9760
vn 0.0002 -0.2307 -0.9730
vn 0.2179 0.0002 -0.9760
vn 0.7672 0.0022 -0.6414
vn -0.0001 0.7656 -0.6433
vn -0.0001 0.2367 -0.9716
vn -0.7672 -0.0004 -0.6414
vn 0.0001 -0.7655 -0.6434
vn 0.0001 -0.2371 -0.9715
vn 0.1084 0.1091 -0.9881
vn -0.5481 0.5626 -0.6189
vn -0.1090 0.1088 -0.9881
vn 0.5460 0.5647 -0.6188
vn -0.0017 0.7641 -0.6451
vn -0.5456 -0.5647 -0.6192
vn -0.1092 -0.1100 -0.9879
vn 0.5473 -0.5633 -0.6190
vn 0.1090 -0.1091 -0.9880
vn -0.7687 -0.0023 -0.6396
vn 0.0004 -0.7642 -0.6450
vn 0.7686 0.0005 -0.6397
vn 0.5532 -0.5578 -0.6187
vn 0.5514 0.5590 -0.6192
vn -0.5526 0.5581 -0.6189
vn -0.5520 -0.5587 -0.6189
vn -0.1985 -0.1500 0.9685
vn 0.6210 -0.3450 0.7037
vn -0.2155 0.1806 0.9597
vn 0.6414 0.3142 0.7000
vn 0.6321 0.0029 0.7749
vn 0.7860 -0.3930 -0.4773
vn 0.2361 0.6061 -0.7595
vn 0.3512 0.8061 -0.4764
vn -0.5572 0.3138 -0.7688
vn -0.7943 0.3898 -0.4659
vn -0.2264 -0.5979 -0.7689
vn -0.3603 -0.8076 -0.4668
vn 0.8266 0.3002 -0.4761
vn -0.3082 0.8329 -0.4596
vn -0.8343 -0.3020 -0.4613
vn 0.2969 -0.8363 -0.4608
vn 0.9079 -0.1466 -0.3928
vn -0.9241 0.1148 -0.3646
vn -0.0930 0.2115 -0.9729
vn -0.2057 -0.0732 -0.9759
vn 0.0638 -0.2211 -0.9732
vn 0.1938 0.0716 -0.9784
vn 0.0507 0.1386 -0.9891
vn -0.7089 0.3456 -0.6149
vn -0.1459 0.0569 -0.9877
vn 0.3132 0.7172 -0.6225
vn -0.2667 0.7157 -0.6455
vn -0.3230 -0.7189 -0.6155
vn -0.0769 -0.1358 -0.9878
vn 0.6998 -0.3491 -0.6232
vn 0.1278 -0.0720 -0.9892
vn -0.7277 -0.2633 -0.6333
vn 0.7190 0.2612 -0.6440
vn 0.2537 -0.7197 -0.6463
vn -0.7046 -0.5298 -0.4721
vn 0.5633 -0.0897 -0.8214
vn 0.5082 0.4921 -0.7068
vn -0.6088 0.0706 -0.7902
vn 0.7083 -0.0521 -0.7040
vn 0.3753 0.4275 -0.8225
vn -0.4239 -0.4463 -0.7881
vn 0.3685 0.6940 -0.6185
vn 0.6618 0.2399 -0.7102
vn 0.2113 0.4144 -0.8852
vn -0.2215 0.6109 -0.7601
vn 0.7276 -0.2960 -0.6189
vn -0.4507 -0.8416 -0.2974
vn 0.2213 -0.6104 -0.7606
vn -0.3638 -0.7025 -0.6116
vn -0.4278 0.1827 -0.8852
vn -0.6087 -0.4986 0.6172
vn -0.2113 -0.4144 -0.8852
vn -0.5046 -0.1829 -0.8438
vn -0.8154 -0.2956 -0.4977
vn -0.3991 -0.7578 -0.5162
vn 0.2913 -0.8035 -0.5192
vn 0.1692 -0.4667 -0.8681
vn 0.4278 -0.1827 -0.8852
vn 0.7920 -0.3259 -0.5162
vn 0.8154 0.2956 -0.4977
vn 0.5046 0.1829 -0.8438
vn 0.3991 0.7578 -0.5162
vn -0.2913 0.8035 -0.5192
vn -0.1692 0.4667 -0.8681
vn -0.7920 0.3259 -0.5162
vn 0.0736 0.1587 -0.9846
vn 0.1582 -0.0747 -0.9846
vn 0.2428 0.0880 -0.9661
vn -0.1582 0.0747 -0.9846
vn -0.0736 -0.1587 -0.9846
vn 0.7149 0.2592 -0.6494
vn -0.2634 0.7264 -0.6348
vn -0.0769 0.2121 -0.9742
vn -0.7149 -0.2592 -0.6494
vn -0.2428 -0.0880 -0.9661
vn 0.2634 -0.7264 -0.6348
vn 0.0769 -0.2121 -0.9742
vn 0.7244 -0.3028 -0.6193
vn 0.3621 0.6967 -0.6193
vn -0.7244 0.3028 -0.6193
vn -0.3621 -0.6967 -0.6193
vn -0.9437 -0.2995 0.1408
vn -0.9438 0.2990 0.1408
vn -0.8428 -0.5282 0.1036
vn -0.8275 -0.4831 -0.2861
vn -0.5291 -0.4321 -0.7303
vn -0.8428 0.5281 0.1037
vn -0.5291 0.4321 -0.7303
vn -0.8275 0.4832 -0.2860
vn -0.9191 -0.0005 0.3940
vn -0.5680 -0.6830 0.4592
vn -0.7763 0.4172 0.4725
vn -0.8645 0.2176 -0.4530
vn -0.7763 0.4173 -0.4725
vn -0.4555 0.8748 -0.1648
vn -0.4468 0.8531 -0.2696
vn -0.4563 0.8771 0.1497
vn -0.4467 0.8540 0.2667
vn 0.8598 -0.4750 -0.1874
vn -0.8708 0.4550 -0.1859
vn 0.4867 0.8436 0.2268
vn -0.4843 -0.8434 0.2325
vn 0.4323 0.8961 0.1010
vn -0.4331 -0.8950 0.1070
vn -0.9062 0.4093 0.1065
vn -0.4334 -0.8947 0.1078
vn 0.4326 0.8958 0.1018
vn 0.9061 -0.4105 0.1023
vn -0.7303 0.3450 0.5896
vn 0.7421 -0.3401 0.5776
vn 0.9060 -0.4109 0.1015
vn 0.7421 -0.3400 0.5777
vn -0.7303 0.3449 0.5897
vn -0.9062 0.4090 0.1073
vn -0.3398 -0.7318 0.5907
vn 0.3514 0.7376 0.5765
vn 0.3514 0.7376 0.5766
vn -0.3399 -0.7318 0.5908
vt 0.120392 0.143028
vt 0.111040 0.019523
vt 0.120160 0.019523
vt 0.253080 0.130221
vt 0.198466 0.044370
vt 0.215914 0.130364
vt 0.217336 0.502140
vt 0.255190 0.708831
vt 0.102458 0.701711
vt 0.100968 0.139196
vt 0.255787 0.857630
vt 0.217329 0.857630
vt 0.358199 0.816566
vt 0.108375 0.868218
vt 0.100659 0.863582
vt 0.102828 0.856845
vt 0.213279 0.819772
vt 0.088572 0.010712
vt 0.088399 0.019523
vt 0.048614 0.010687
vt 0.235721 0.011578
vt 0.196322 0.011492
vt 0.196362 0.026379
vt 0.048778 0.019498
vt 0.212140 0.377681
vt 0.182730 0.396135
vt 0.182721 0.375075
vt 0.182368 0.011509
vt 0.157289 0.011571
vt 0.182406 0.026411
vt 0.155163 0.375075
vt 0.125790 0.395282
vt 0.125919 0.377681
vt 0.155171 0.396116
vt 0.075811 0.139196
vt 0.053508 0.045214
vt 0.062326 0.030780
vt 0.007137 0.856988
vt 0.007137 0.139196
vt 0.076918 0.856988
vt 0.053870 0.030780
vt 0.212168 0.395282
vt 0.047017 0.036641
vt 0.031270 0.019523
vt 0.025514 0.045214
vt 0.023642 0.029859
vt 0.007137 0.029859
vt 0.007137 0.019523
vt 0.007137 0.010712
vt 0.031335 0.010712
vt 0.033357 0.036641
vt 0.069277 0.897874
vt 0.102054 0.850001
vt 0.096551 0.856925
vt 0.007137 0.906095
vt 0.055046 0.906095
vt 0.007137 0.897217
vt 0.157341 0.032274
vt 0.159761 0.857630
vt 0.159232 0.906278
vt 0.179050 0.857630
vt 0.480113 0.712004
vt 0.466810 0.698234
vt 0.479935 0.668126
vt 0.436184 0.708377
vt 0.436192 0.712184
vt 0.216651 0.333364
vt 0.439438 0.325311
vt 0.593973 0.292679
vt 0.724923 0.326449
vt 0.217681 0.719335
vt 0.244693 0.905940
vt 0.345877 0.712570
vt 0.369172 0.708777
vt 0.369181 0.712474
vt 0.349891 0.690560
vt 0.354754 0.704266
vt 0.208484 0.857630
vt 0.217918 0.906274
vt 0.276534 0.685295
vt 0.346105 0.690569
vt 0.950123 0.479400
vt 0.980145 0.451255
vt 0.996004 0.453559
vt 0.314675 0.311722
vt 0.439261 0.292679
vt 0.258428 0.272621
vt 0.314837 0.273691
vt 0.258428 0.312539
vt 0.314817 0.269505
vt 0.439297 0.269538
vt 0.516617 0.292679
vt 0.481969 0.246730
vt 0.834288 0.622059
vt 0.834268 0.647363
vt 0.800266 0.622059
vt 0.479758 0.624248
vt 0.466605 0.638126
vt 0.436004 0.624425
vt 0.258428 0.269448
vt 0.720211 0.337752
vt 0.535271 0.424024
vt 0.535079 0.337704
vt 0.595803 0.913643
vt 0.561474 0.837466
vt 0.595937 0.837782
vt 0.719518 0.378052
vt 0.561339 0.913327
vt 0.444748 0.337704
vt 0.679380 0.292677
vt 0.635863 0.275234
vt 0.679381 0.202062
vt 0.352575 0.424356
vt 0.352575 0.379612
vt 0.444319 0.424356
vt 0.635862 0.292677
vt 0.730061 0.410541
vt 0.730061 0.479123
vt 0.445002 0.479123
vt 0.444940 0.424024
vt 0.968213 0.770685
vt 0.984137 0.767241
vt 0.968213 0.821436
vt 0.962998 0.677234
vt 0.439513 0.206264
vt 0.314703 0.246727
vt 0.314577 0.217060
vt 0.439390 0.246731
vt 0.915807 0.904952
vt 0.984137 0.926206
vt 0.915807 0.926206
vt 0.635863 0.218222
vt 0.635863 0.202062
vt 0.944144 0.904952
vt 0.950377 0.691618
vt 0.258428 0.218690
vt 0.915807 0.680756
vt 0.258428 0.247685
vt 0.915807 0.663342
vt 0.767084 0.465736
vt 0.120655 0.708431
vt 0.206292 0.747692
vt 0.104983 0.709072
vt 0.949789 0.356470
vt 0.730061 0.335778
vt 0.949812 0.337597
vt 0.834398 0.755902
vt 0.800386 0.743296
vt 0.834735 0.742326
vt 0.898390 0.370330
vt 0.730061 0.347026
vt 0.908962 0.377374
vt 0.904869 0.367980
vt 0.796410 0.367947
vt 0.776608 0.364378
vt 0.730061 0.365485
vt 0.595464 0.775135
vt 0.560990 0.774819
vt 0.596094 0.755590
vt 0.923780 0.419564
vt 0.901796 0.413847
vt 0.912067 0.415557
vt 0.949726 0.373219
vt 0.923659 0.465919
vt 0.993920 0.407063
vt 0.981825 0.432351
vt 0.834247 0.699030
vt 0.391829 0.624604
vt 0.346316 0.668566
vt 0.347265 0.581322
vt 0.800143 0.699030
vt 0.369059 0.668530
vt 0.369068 0.672228
vt 0.354634 0.676823
vt 0.280072 0.628280
vt 0.775816 0.368625
vt 0.767084 0.419529
vt 0.596016 0.797421
vt 0.782663 0.403647
vt 0.774520 0.413335
vt 0.435767 0.095473
vt 0.573001 0.095473
vt 0.435767 0.118565
vt 0.429886 0.109245
vt 0.421154 0.095473
vt 0.450310 0.081374
vt 0.406874 0.095473
vt 0.411924 0.109245
vt 0.406874 0.118565
vt 0.284137 0.095473
vt 0.411527 0.088665
vt 0.392974 0.081374
vt 0.399531 0.088265
vt 0.913602 0.774056
vt 0.860739 0.904401
vt 0.860739 0.774056
vt 0.876421 0.696759
vt 0.913387 0.904401
vt 0.842656 0.771093
vt 0.861476 0.678085
vt 0.913071 0.664091
vt 0.913308 0.685860
vt 0.913119 0.926511
vt 0.842393 0.926511
vt 0.984137 0.657943
vt 0.994258 0.767120
vt 0.994258 0.591164
vt 0.994258 0.658386
vt 0.994258 0.926206
vt 0.994258 0.995245
vt 0.984137 0.590517
vt 0.984137 0.995321
vt 0.960142 0.619903
vt 0.960084 0.542263
vt 0.976650 0.619903
vt 0.738650 0.619903
vt 0.722149 0.619903
vt 0.738592 0.542263
vt 0.738530 0.481839
vt 0.738592 0.516438
vt 0.722023 0.481839
vt 0.960022 0.481839
vt 0.976650 0.529234
vt 0.960084 0.516438
vt 0.178032 0.479327
vt 0.168359 0.628767
vt 0.168359 0.472784
vt 0.407897 0.338017
vt 0.444319 0.338017
vt 0.722149 0.529234
vt 0.178032 0.622224
vt 0.976523 0.481839
vt 0.692492 0.292679
vt 0.724923 0.292679
vt 0.435767 0.139943
vt 0.573001 0.139943
vt 0.450310 0.152044
vt 0.444025 0.148065
vt 0.431184 0.148065
vt 0.421154 0.139943
vt 0.406874 0.139943
vt 0.411431 0.148065
vt 0.412332 0.126894
vt 0.392974 0.152044
vt 0.284002 0.139943
vt 0.426407 0.188775
vt 0.450310 0.176909
vt 0.591723 0.188775
vt 0.406874 0.176909
vt 0.435767 0.176909
vt 0.884053 0.187584
vt 0.918373 0.192065
vt 0.883976 0.166198
vt 0.784318 0.213966
vt 0.918444 0.212786
vt 0.754746 0.161232
vt 0.777230 0.168160
vt 0.416663 0.188775
vt 0.392974 0.176909
vt 0.918264 0.160272
vt 0.918193 0.139550
vt 0.826512 0.141031
vt 0.882117 0.072190
vt 0.742707 0.081438
vt 0.781323 0.069921
vt 0.923710 0.062355
vt 0.923763 0.076172
vt 0.781251 0.056792
vt 0.742525 0.048859
vt 0.880805 0.046383
vt 0.882075 0.052695
vt 0.923658 0.048537
vt 0.903565 0.123626
vt 0.769378 0.124957
vt 0.903565 0.115257
vt 0.954760 0.206737
vt 0.735212 0.214397
vt 0.735121 0.197116
vt 0.711492 0.223749
vt 0.734831 0.142511
vt 0.711083 0.146603
vt 0.734923 0.159792
vt 0.812191 0.131765
vt 0.711013 0.133399
vt 0.903265 0.012887
vt 0.811843 0.023106
vt 0.812659 0.014538
vt 0.939524 0.015997
vt 0.902986 0.021445
vt 0.769378 0.116588
vt 0.903565 0.104749
vt 0.769378 0.106077
vt 0.880940 0.080093
vt 0.939521 0.121300
vt 0.719912 0.106563
vt 0.719821 0.087001
vt 0.755053 0.116565
vt 0.696126 0.117149
vt 0.696126 0.102383
vt 0.719534 0.025188
vt 0.696129 0.014866
vt 0.902966 0.045302
vt 0.939523 0.028695
vt 0.439347 0.250948
vt 0.314730 0.250914
vt 0.258428 0.250858
vt 0.431488 0.251779
vt 0.431455 0.268359
vt 0.300429 0.251777
vt 0.390787 0.476655
vt 0.289602 0.408311
vt 0.272153 0.411302
vt 0.258428 0.251793
vt 0.258428 0.268374
vt 0.272585 0.340228
vt 0.271968 0.411290
vt 0.289820 0.345296
vt 0.271883 0.340306
vt 0.289394 0.344716
vt 0.300486 0.268357
vt 0.403040 0.470683
vt 0.391192 0.476369
vt 0.289676 0.408804
vt 0.402662 0.470494
vt 0.730061 0.229626
vt 0.949867 0.294110
vt 0.730061 0.294019
vt 0.949948 0.229716
vt 0.596312 0.634775
vt 0.561696 0.710328
vt 0.596180 0.710644
vt 0.834126 0.905353
vt 0.800117 0.905353
vt 0.834167 0.820988
vt 0.800185 0.768995
vt 0.834264 0.769479
vt 0.765075 0.699030
vt 0.800301 0.755958
vt 0.765247 0.756033
vt 0.800106 0.820988
vt 0.765075 0.820988
vt 0.765143 0.905353
vt 0.091778 0.905766
vt 0.098131 0.912791
vt 0.186376 0.989490
vt 0.198521 0.857630
vt 0.159733 0.989492
vt 0.071868 0.913120
vt 0.035109 0.988687
vt 0.593973 0.275236
vt 0.297254 0.338017
vt 0.593989 0.203079
vt 0.593984 0.218224
vt 0.516748 0.204670
vt 0.968213 0.872186
vt 0.783313 0.380476
vt 0.792796 0.413713
vt 0.562960 0.016529
vt 0.450310 0.016529
vt 0.290352 0.016529
vt 0.392974 0.016529
vt 0.290352 0.081374
vt 0.274816 0.016529
vt 0.275633 0.086897
vt 0.267039 0.016529
vt 0.587223 0.095473
vt 0.587223 0.139943
vt 0.260836 0.095473
vt 0.275760 0.081374
vt 0.273627 0.095473
vt 0.578162 0.081374
vt 0.562960 0.081374
vt 0.260305 0.139943
vt 0.273184 0.139943
vt 0.578162 0.152044
vt 0.275760 0.152044
vt 0.290352 0.152044
vt 0.562960 0.176909
vt 0.562960 0.152044
vt 0.578162 0.174662
vt 0.290352 0.176909
vt 0.256318 0.178673
vt 0.275760 0.170513
vt 0.266884 0.188775
vt 0.604900 0.185239
vt 0.607036 0.178995
vt 0.754986 0.195125
vt 0.777338 0.188358
vt 0.769762 0.181181
vt 0.769732 0.175524
vt 0.578162 0.016529
vt 0.765278 0.622059
vt 0.765247 0.744619
vt 0.722163 0.706737
vt 0.622786 0.806490
vt 0.622786 0.706737
vt 0.765139 0.768561
vt 0.722163 0.806490
vt 0.391861 0.712374
vt 0.388353 0.690448
vt 0.391849 0.690437
vt 0.383563 0.704153
vt 0.405513 0.698492
vt 0.395276 0.668481
vt 0.740787 0.955965
vt 0.740787 0.972765
vt 0.722816 0.955965
vt 0.405456 0.638377
vt 0.391838 0.668495
vt 0.436012 0.628232
vt 0.776989 0.955965
vt 0.776989 0.972765
vt 0.758857 0.955965
vt 0.794971 0.972765
vt 0.476910 0.668139
vt 0.812329 0.955965
vt 0.812329 0.972765
vt 0.794971 0.955965
vt 0.828963 0.972765
vt 0.705533 0.955965
vt 0.705533 0.972765
vt 0.688894 0.955965
vt 0.758857 0.972765
vt 0.828963 0.955965
vt 0.688894 0.972765
vt 0.722816 0.972765
vt 0.383526 0.676769
vt 0.494908 0.956152
vt 0.494886 0.968361
vt 0.477116 0.956152
vt 0.530905 0.956152
vt 0.530883 0.968361
vt 0.513164 0.956152
vt 0.423156 0.956152
vt 0.423134 0.968361
vt 0.407292 0.956152
vt 0.459294 0.956152
vt 0.459272 0.968361
vt 0.440976 0.956152
vt 0.513142 0.968361
vt 0.546683 0.956152
vt 0.407270 0.968361
vt 0.440953 0.968361
vt 0.477094 0.968361
vt 0.758857 0.975512
vt 0.794971 0.975512
vt 0.828963 0.975512
vt 0.688894 0.975512
vt 0.722816 0.975512
vt 0.513164 0.971230
vt 0.546661 0.968361
vt 0.546683 0.971230
vt 0.407292 0.971230
vt 0.440976 0.971230
vt 0.477116 0.971230
vt 0.776989 0.975512
vt 0.740787 0.996949
vt 0.740787 0.975512
vt 0.776989 0.996949
vt 0.812329 0.975512
vt 0.812329 0.996949
vt 0.705533 0.975512
vt 0.705533 0.996949
vt 0.530905 0.971230
vt 0.494908 0.996207
vt 0.494908 0.971230
vt 0.530905 0.996207
vt 0.423156 0.971230
vt 0.423156 0.996207
vt 0.459294 0.971230
vt 0.459294 0.996207
vt 0.513164 0.996207
vt 0.546683 0.996207
vt 0.653565 0.874179
vt 0.650008 0.863954
vt 0.664532 0.877674
vt 0.407292 0.996207
vt 0.664588 0.850263
vt 0.440976 0.996207
vt 0.653634 0.853729
vt 0.679107 0.863989
vt 0.477116 0.996207
vt 0.675522 0.853737
vt 0.675510 0.874228
vt 0.758857 0.996949
vt 0.794971 0.996949
vt 0.747747 0.885853
vt 0.720088 0.894911
vt 0.757042 0.858731
vt 0.828963 0.996949
vt 0.692471 0.885856
vt 0.683283 0.858740
vt 0.688894 0.996949
vt 0.720237 0.822566
vt 0.722816 0.996949
vt 0.692507 0.831624
vt 0.747926 0.831622
vt 0.561546 0.795967
vt 0.524387 0.755274
vt 0.561618 0.755274
vt 0.524320 0.795327
vt 0.524119 0.913327
vt 0.561830 0.634459
vt 0.524597 0.634459
vt 0.523770 0.774819
vt 0.524253 0.837466
vt 0.487944 0.815047
vt 0.390710 0.815132
vt 0.390773 0.728480
vt 0.524461 0.710328
vt 0.488007 0.728396
vt 0.007137 0.963445
vt 0.037523 0.963445
vt 0.007137 0.988687
vt 0.421154 0.106393
vt 0.389968 0.960820
vt 0.372191 0.976406
vt 0.372191 0.960820
vt 0.406276 0.976406
vt 0.389968 0.976406
vt 0.432445 0.118565
vt 0.282415 0.960820
vt 0.266139 0.976406
vt 0.266139 0.960820
vt 0.300146 0.976406
vt 0.282415 0.976406
vt 0.430405 0.126894
vt 0.421154 0.129814
vt 0.318413 0.960820
vt 0.300146 0.960820
vt 0.336226 0.976406
vt 0.318413 0.976406
vt 0.409843 0.118565
vt 0.353909 0.960820
vt 0.353909 0.976406
vt 0.336226 0.960820
vt 0.406276 0.960820
vt 0.430987 0.088665
vt 0.353931 0.979288
vt 0.389990 0.979288
vt 0.282437 0.979288
vt 0.318435 0.979288
vt 0.372213 0.979288
vt 0.372191 0.997980
vt 0.406298 0.979288
vt 0.266161 0.979288
vt 0.406276 0.997980
vt 0.300168 0.979288
vt 0.266139 0.997980
vt 0.300146 0.997980
vt 0.336248 0.979288
vt 0.336226 0.997980
vt 0.389968 0.997980
vt 0.630889 0.868806
vt 0.649359 0.880378
vt 0.636420 0.897919
vt 0.643411 0.870240
vt 0.282415 0.997980
vt 0.647543 0.891992
vt 0.318413 0.997980
vt 0.623899 0.896485
vt 0.617950 0.886346
vt 0.353909 0.997980
vt 0.619766 0.874733
vt 0.907044 0.408674
vt 0.444025 0.016529
vt 0.444025 0.081374
vt 0.429787 0.016529
vt 0.416894 0.081374
vt 0.413582 0.016529
vt 0.906833 0.383095
vt 0.399531 0.081374
vt 0.444025 0.152044
vt 0.444025 0.172458
vt 0.426407 0.169537
vt 0.416663 0.169537
vt 0.426407 0.149772
vt 0.399531 0.173145
vt 0.399531 0.152044
vt 0.426435 0.081374
vt 0.444025 0.088332
vt 0.399531 0.016529
vt 0.416663 0.149927
vt 0.399531 0.148065
vt 0.955678 0.188384
vt 0.961838 0.208289
vt 0.964847 0.188333
vt 0.958557 0.184715
vt 0.955625 0.176168
vt 0.955572 0.163952
vt 0.961487 0.143997
vt 0.955265 0.144122
vt 0.958482 0.167586
vt 0.964741 0.163890
vt 0.973910 0.163829
vt 0.971031 0.167509
vt 0.973963 0.176056
vt 0.974016 0.188282
vt 0.971106 0.184638
vt 0.903566 0.081292
vt 0.719625 0.044750
vt 0.955615 0.208241
vt 0.937855 0.176173
vt 0.978878 0.122977
vt 0.942199 0.117661
vt 0.978879 0.114608
vt 0.937802 0.163957
vt 0.954580 0.154222
vt 0.939541 0.070963
vt 0.945186 0.038780
vt 0.945196 0.071301
vt 0.939522 0.088142
vt 0.964744 0.164693
vt 0.636769 0.956015
vt 0.616862 0.971965
vt 0.616862 0.956015
vt 0.654040 0.971965
vt 0.636769 0.971965
vt 0.956428 0.176163
vt 0.670416 0.956015
vt 0.654040 0.956015
vt 0.687712 0.971965
vt 0.670416 0.971965
vt 0.964843 0.187531
vt 0.564119 0.956015
vt 0.547488 0.971965
vt 0.547488 0.956015
vt 0.579958 0.971965
vt 0.564119 0.971965
vt 0.973160 0.176060
vt 0.596879 0.956015
vt 0.596879 0.971965
vt 0.579958 0.956015
vt 0.687712 0.956015
vt 0.937908 0.188389
vt 0.596857 0.975566
vt 0.636747 0.975566
vt 0.670394 0.975566
vt 0.564097 0.975566
vt 0.616840 0.975566
vt 0.616862 0.996098
vt 0.654018 0.975566
vt 0.654040 0.996098
vt 0.687690 0.975566
vt 0.547466 0.975566
vt 0.687712 0.996098
vt 0.579936 0.975566
vt 0.547488 0.996098
vt 0.579958 0.996098
vt 0.636769 0.996098
vt 0.638279 0.846919
vt 0.613451 0.837918
vt 0.631165 0.827799
vt 0.631035 0.856850
vt 0.620565 0.857038
vt 0.670416 0.996098
vt 0.612647 0.850183
vt 0.564119 0.996098
vt 0.620694 0.827987
vt 0.596879 0.996098
vt 0.639083 0.834654
vt 0.516725 0.218224
vt 0.516640 0.275236
vt 0.604432 0.490396
vt 0.481096 0.508699
vt 0.449859 0.490396
vt 0.695143 0.508702
vt 0.604432 0.508700
vt 0.604432 0.609453
vt 0.480975 0.591149
vt 0.604432 0.591150
vt 0.719306 0.490198
vt 0.719305 0.609255
vt 0.695143 0.591152
vt 0.449685 0.609453
vt 0.378712 0.549925
vt 0.431824 0.549924
vt 0.357904 0.743925
vt 0.212178 0.745896
vt 0.206402 0.819605
vt 0.101852 0.718240
vt 0.167408 0.826326
vt 0.167278 0.741398
vt 0.770316 0.223232
vt 0.796597 0.013032
vt 0.796489 0.004880
vt 0.691581 0.200114
vt 0.684257 0.169989
vt 0.691373 0.169999
vt 0.691619 0.235848
vt 0.691452 0.265672
vt 0.684560 0.235866
vt 0.684504 0.200115
vt 0.684432 0.265700
vt 0.696126 0.125518
vt 0.680982 0.119067
vt 0.680982 0.113821
vt 0.755165 0.124934
vt 0.711423 0.210706
vt 0.696425 0.213645
vt 0.689549 0.152282
vt 0.696129 0.006703
vt 0.696016 0.136375
vt 0.680982 0.008333
vt 0.696129 0.029818
vt 0.680982 0.026448
vt 0.685948 0.282954
vt 0.680982 0.123536
vt 0.591984 0.107973
vt 0.680982 0.105942
vt 0.696462 0.220610
vt 0.591984 0.123373
vt 0.685724 0.152270
vt 0.680982 0.101589
vt 0.591984 0.102098
vt 0.680982 0.094950
vt 0.680982 0.012689
vt 0.680982 0.014752
vt 0.591984 0.015450
vt 0.680982 0.011273
vt 0.680982 0.018458
vt 0.591984 0.020541
vt 0.689672 0.282933
vt 0.696054 0.143426
vt 0.680982 0.006920
vt 0.591984 0.120987
vt 0.591984 0.112189
vt 0.591984 0.105641
vt 0.591984 0.120984
vt 0.591984 0.123371
vt 0.591984 0.018238
vt 0.591984 0.024794
vt 0.656807 0.052426
vt 0.664286 0.048723
vt 0.656906 0.048826
vt 0.591984 0.012983
vt 0.664286 0.052320
vt 0.939524 0.012505
vt 0.954550 0.145354
vt 0.945186 0.028740
vt 0.939523 0.038735
vt 0.939521 0.117719
vt 0.939521 0.098181
vt 0.942199 0.121243
vt 0.954730 0.197868
s 1
usemtl cube1_auv
f 45/1/45 46/2/46 47/3/47
f 45/4/45 48/5/48 49/6/49
f 45/4/45 50/7/50 51/8/51
f 45/1/45 52/9/52 53/10/53
f 54/11/54 51/8/51 55/12/55
f 54/11/54 56/13/56 51/8/51
f 54/14/54 57/15/57 58/16/58
f 54/14/54 58/16/58 56/17/56
f 47/18/47 46/19/46 59/20/59
f 48/5/48 45/4/45 47/21/47
f 59/22/59 60/23/60 47/21/47
f 59/20/59 46/19/46 61/24/61
f 59/25/59 62/26/62 60/27/60
f 63/28/63 64/29/64 65/30/65
f 60/27/60 62/26/62 65/31/65
f 65/31/65 66/32/66 63/33/63
f 65/31/65 62/26/62 67/34/67
f 65/30/65 48/5/48 60/23/60
f 68/35/68 46/19/46 53/10/53
f 68/35/68 69/36/69 70/37/70
f 68/35/68 71/38/71 72/39/72
f 68/35/68 52/9/52 73/40/73
f 46/2/46 45/1/45 53/10/53
f 53/10/53 52/9/52 68/35/68
f 46/19/46 68/35/68 70/37/70
f 61/24/61 46/19/46 74/41/74
f 61/42/61 62/26/62 59/25/59
f 61/24/61 74/41/74 62/43/62
f 66/44/66 75/45/75 76/46/76
f 66/44/66 77/47/77 78/48/78
f 66/44/66 64/49/64 63/50/63
f 62/43/62 75/45/75 67/51/67
f 62/43/62 74/41/74 69/36/69
f 67/34/67 66/32/66 65/31/65
f 67/51/67 75/45/75 66/44/66
f 73/40/73 71/38/71 68/35/68
f 73/40/73 79/52/79 71/38/71
f 73/40/73 80/53/80 81/54/81
f 73/40/73 81/54/81 79/52/79
f 76/46/76 75/45/75 77/47/77
f 76/46/76 77/47/77 66/44/66
f 69/36/69 75/45/75 62/43/62
f 69/36/69 72/39/72 75/45/75
f 74/41/74 70/37/70 69/36/69
f 70/37/70 74/41/74 46/19/46
f 77/47/77 75/45/75 72/39/72
f 77/47/77 82/44/82 78/48/78
f 77/47/77 83/45/83 84/46/84
f 78/48/78 64/49/64 66/44/66
f 78/48/78 82/44/82 64/49/64
f 85/55/85 86/56/86 87/57/87
f 71/38/71 79/52/79 87/57/87
f 71/38/71 88/35/88 72/39/72
f 71/38/71 89/52/89 90/40/90
f 64/29/64 91/30/91 92/58/92
f 93/59/93 94/60/94 95/61/95
f 93/62/93 96/63/96 97/64/97
f 93/62/93 98/65/98 96/63/96
f 93/62/93 99/65/99 100/66/95
f 93/59/93 100/61/95 94/60/94
f 72/39/72 69/36/69 68/35/68
f 72/39/72 83/45/83 77/47/77
f 101/67/100 45/4/45 49/6/49
f 49/68/49 102/69/101 101/70/100
f 55/12/55 51/8/51 103/71/102
f 55/12/55 104/72/103 54/11/54
f 55/73/55 105/74/104 106/75/105
f 55/73/55 107/76/106 108/77/107
f 55/12/55 106/78/105 109/79/108
f 55/73/55 110/80/109 111/81/110
f 55/82/55 112/83/111 110/84/109
f 48/5/48 47/21/47 60/23/60
f 48/5/48 65/30/65 92/58/92
f 48/85/48 113/86/112 49/68/49
f 48/85/48 114/87/113 115/88/114
f 92/58/92 65/30/65 64/29/64
f 92/89/92 114/87/113 48/85/48
f 92/58/92 91/30/91 116/5/115
f 92/89/92 116/85/115 114/87/113
f 113/86/112 117/90/116 118/91/117
f 113/86/112 119/92/118 49/68/49
f 113/86/112 120/93/119 119/92/118
f 121/94/120 122/95/121 123/96/122
f 121/97/120 97/64/97 124/98/123
f 121/97/120 125/98/124 97/64/97
f 121/97/120 126/99/125 125/98/124
f 115/88/114 113/86/112 48/85/48
f 115/88/114 117/90/116 113/86/112
f 114/87/113 117/90/116 115/88/114
f 114/87/113 127/90/126 128/100/127
f 129/101/128 130/102/129 131/103/130
f 129/104/128 132/105/131 133/106/132
f 129/101/128 134/102/133 135/107/134
f 129/104/128 136/105/135 137/108/136
f 131/103/130 130/102/129 138/109/137
f 131/103/130 134/102/133 129/101/128
f 139/110/138 140/111/139 141/112/140
f 139/113/138 142/114/141 143/115/142
f 139/110/138 144/111/143 142/116/141
f 130/102/129 145/117/144 103/118/102
f 130/102/129 50/119/50 146/120/145
f 147/121/146 148/122/147 149/123/148
f 147/121/146 150/124/149 148/122/147
f 147/125/146 151/126/150 152/127/151
f 147/125/146 120/93/119 153/128/152
f 141/129/140 154/130/153 155/131/140
f 141/112/140 156/132/154 157/133/155
f 141/129/140 158/130/156 159/134/157
f 141/112/140 144/111/143 139/110/138
f 152/135/151 150/124/149 147/121/146
f 152/127/151 151/126/150 160/136/158
f 160/137/158 150/124/149 152/135/151
f 160/136/158 151/126/150 161/138/159
f 160/137/158 162/124/160 163/139/161
f 160/136/158 164/126/162 165/127/163
f 103/118/102 166/140/164 55/82/55
f 103/118/102 145/117/144 166/140/164
f 103/118/102 50/119/50 130/102/129
f 51/8/51 50/7/50 103/71/102
f 52/9/52 45/1/45 51/141/51
f 51/141/51 167/142/165 168/143/166
f 169/144/167 170/145/168 171/146/169
f 169/147/167 172/148/170 173/149/171
f 169/144/167 174/150/172 175/151/173
f 169/144/167 176/152/174 177/153/175
f 175/151/173 170/145/168 169/144/167
f 175/151/173 178/154/176 179/155/177
f 175/151/173 179/155/177 180/156/178
f 175/157/173 181/158/179 170/159/168
f 182/160/180 183/161/181 184/162/182
f 182/160/180 176/152/174 173/163/171
f 182/160/180 112/83/111 185/164/183
f 182/160/180 186/165/184 187/166/185
f 185/164/183 55/82/55 166/140/164
f 185/164/183 166/140/164 182/160/180
f 185/164/183 112/83/111 55/82/55
f 173/149/171 172/148/170 188/167/186
f 173/163/171 176/152/174 169/144/167
f 173/163/171 186/165/184 182/160/180
f 188/168/186 189/169/187 173/170/171
f 188/167/186 190/171/188 122/95/121
f 189/169/187 188/168/186 191/172/189
f 189/169/187 192/173/190 193/174/191
f 189/169/187 107/76/106 111/81/110
f 189/169/187 186/175/184 173/170/171
f 180/156/178 145/117/144 133/107/132
f 180/156/178 179/155/177 194/176/192
f 180/156/178 194/176/192 195/177/193
f 180/178/178 181/158/179 175/157/173
f 133/107/132 130/102/129 129/101/128
f 133/107/132 145/117/144 130/102/129
f 133/106/132 132/105/131 180/178/178
f 195/177/193 166/140/164 145/117/144
f 195/177/193 182/160/180 166/140/164
f 195/177/193 145/117/144 180/156/178
f 195/177/193 196/179/194 197/180/195
f 195/177/193 183/161/181 182/160/180
f 198/181/196 199/182/197 200/183/198
f 198/181/196 201/184/199 202/185/200
f 198/181/196 203/186/201 199/182/197
f 204/187/202 205/188/203 206/189/204
f 204/187/202 202/185/200 205/188/203
f 204/187/202 206/189/204 207/190/205
f 204/187/202 208/191/206 202/185/200
f 204/187/202 209/192/207 208/193/206
f 210/194/208 211/195/209 212/196/210
f 210/194/208 213/197/211 214/196/212
f 210/194/208 215/195/213 216/198/214
f 212/196/210 217/197/215 210/194/208
f 212/196/210 211/195/209 218/199/216
f 217/197/215 218/199/216 219/200/217
f 217/197/215 220/201/218 221/202/219
f 221/202/219 210/194/208 217/197/215
f 221/202/219 213/197/211 210/194/208
f 216/198/214 211/195/209 210/194/208
f 216/198/214 222/203/220 211/195/209
f 216/198/214 215/195/213 222/203/220
f 211/195/209 222/203/220 223/204/221
f 148/122/147 150/205/149 218/206/216
f 150/205/149 220/207/218 219/208/217
f 218/199/216 217/197/215 212/196/210
f 218/206/216 154/130/153 148/122/147
f 219/208/217 218/206/216 150/205/149
f 219/200/217 220/201/218 217/197/215
f 223/204/221 218/199/216 211/195/209
f 223/209/221 222/210/220 154/130/153
f 163/139/161 150/124/149 160/137/158
f 163/211/161 220/207/218 150/205/149
f 163/211/161 162/205/160 220/207/218
f 220/201/218 213/197/211 221/202/219
f 222/210/220 158/130/156 155/212/140
f 155/212/140 154/130/153 222/210/220
f 155/131/140 158/130/156 141/129/140
f 224/213/142 225/214/222 143/215/142
f 224/213/142 226/214/223 227/216/137
f 227/216/137 138/217/137 228/218/224
f 227/216/137 225/214/222 224/213/142
f 227/216/137 229/218/225 138/217/137
f 227/216/137 226/214/223 229/218/225
f 230/219/226 231/220/227 50/221/50
f 232/222/228 233/223/229 234/224/230
f 232/225/228 50/226/50 101/227/100
f 232/222/228 231/220/227 230/219/226
f 143/215/142 225/214/222 233/223/229
f 143/115/142 235/114/231 139/113/138
f 143/215/142 226/214/223 224/213/142
f 143/115/142 236/228/232 237/229/233
f 138/109/137 134/102/133 131/103/130
f 138/217/137 229/218/225 238/230/234
f 233/229/229 239/228/235 143/115/142
f 50/7/50 45/4/45 101/67/100
f 50/226/50 232/225/228 230/231/226
f 50/221/50 231/220/227 146/230/145
f 101/232/100 233/223/229 232/222/228
f 101/70/100 239/233/235 233/234/229
f 240/235/236 200/183/198 241/236/237
f 240/235/236 242/237/238 243/238/239
f 240/235/236 243/239/239 244/240/240
f 245/241/241 244/240/240 246/242/242
f 245/241/241 206/189/204 247/243/243
f 245/241/241 248/244/244 249/245/245
f 250/246/246 251/247/247 252/248/248
f 250/246/246 253/249/249 254/250/250
f 250/251/246 255/252/251 256/253/252
f 250/251/246 257/254/253 258/255/254
f 256/253/252 259/256/255 260/257/256
f 256/258/252 253/249/249 250/246/246
f 256/258/252 261/259/257 253/249/249
f 256/253/252 262/260/258 263/261/259
f 256/253/252 264/262/260 259/256/255
f 265/263/261 266/264/262 267/265/263
f 265/263/261 268/266/264 269/267/265
f 267/265/263 270/268/266 265/263/261
f 267/265/263 266/264/262 270/268/266
f 270/268/266 266/264/262 271/269/267
f 270/268/266 272/270/268 273/271/269
f 273/271/269 265/263/261 270/268/266
f 273/271/269 272/270/268 274/272/270
f 273/271/269 268/266/264 265/263/261
f 258/255/254 255/252/251 250/251/246
f 258/273/254 257/274/253 275/275/271
f 258/255/254 276/276/272 255/252/251
f 277/277/273 278/278/274 279/279/275
f 280/280/276 281/281/277 282/282/278
f 280/280/276 283/283/279 284/284/280
f 263/261/259 264/262/260 256/253/252
f 263/285/259 285/286/281 264/287/260
f 263/285/259 286/288/282 287/289/283
f 275/275/271 257/274/253 288/290/284
f 275/291/271 288/292/284 289/293/285
f 275/275/271 276/294/272 258/273/254
f 290/295/286 291/296/287 266/264/262
f 290/295/286 292/297/288 293/298/289
f 290/295/286 294/299/290 291/296/287
f 295/300/291 285/286/281 271/269/267
f 295/300/291 296/301/292 285/286/281
f 287/289/283 297/302/293 272/270/268
f 287/289/283 285/286/281 263/285/259
f 287/289/283 286/303/282 297/302/293
f 161/138/159 164/126/162 160/136/158
f 151/126/150 298/304/294 299/305/295
f 151/126/150 300/306/296 161/138/159
f 153/128/152 151/126/150 147/125/146
f 153/128/152 120/93/119 298/304/294
f 301/307/297 302/308/298 303/309/299
f 301/307/297 298/304/294 302/308/298
f 302/308/298 298/304/294 118/91/117
f 302/310/298 117/311/116 304/312/300
f 305/313/301 303/309/299 306/314/302
f 305/315/301 307/316/303 300/317/296
f 306/318/302 117/311/116 128/319/127
f 306/314/302 307/309/303 305/313/301
f 306/318/302 127/311/126 308/312/304
f 303/309/299 302/308/298 304/320/300
f 303/316/299 298/321/294 301/322/297
f 303/316/299 300/317/296 299/323/295
f 304/320/300 306/314/302 303/309/299
f 304/312/300 117/311/116 306/318/302
f 298/304/294 151/126/150 153/128/152
f 298/304/294 120/93/119 118/91/117
f 118/324/117 117/311/116 302/310/298
f 118/91/117 120/93/119 113/86/112
f 300/317/296 303/316/299 305/315/301
f 300/306/296 164/126/162 161/138/159
f 128/100/127 117/90/116 114/87/113
f 128/319/127 127/311/126 306/318/302
f 299/323/295 298/321/294 303/316/299
f 299/305/295 300/306/296 151/126/150
f 309/325/305 310/326/306 311/327/307
f 309/325/305 312/326/308 313/328/309
f 309/329/305 314/330/310 315/331/311
f 313/328/309 310/326/306 309/325/305
f 313/332/309 316/333/312 310/334/306
f 313/332/309 312/334/308 316/333/312
f 310/334/306 317/335/313 171/336/169
f 171/336/169 317/335/313 169/147/167
f 311/327/307 310/326/306 170/145/168
f 311/331/307 318/330/314 309/329/305
f 170/145/168 310/326/306 171/146/169
f 170/159/168 318/330/314 311/331/307
f 123/96/122 122/95/121 190/171/188
f 123/96/122 319/337/315 320/171/316
f 123/96/122 126/95/125 121/94/120
f 190/171/188 188/167/186 172/148/170
f 190/171/188 321/337/317 123/96/122
f 172/148/170 169/147/167 322/338/318
f 172/148/170 321/337/317 190/171/188
f 322/338/318 169/147/167 317/335/313
f 322/338/318 323/339/319 172/148/170
f 317/335/313 310/334/306 324/340/320
f 317/335/313 323/339/319 322/338/318
f 324/340/320 310/334/306 316/333/312
f 324/340/320 325/341/321 317/335/313
f 316/333/312 325/341/321 324/340/320
f 316/333/312 312/334/308 326/340/322
f 316/333/312 327/341/323 328/342/324
f 329/343/325 104/344/103 330/56/326
f 329/343/325 81/54/81 57/15/57
f 329/343/325 57/15/57 104/344/103
f 87/57/87 330/56/326 85/55/85
f 87/57/87 89/52/89 71/38/71
f 87/57/87 86/56/86 89/52/89
f 94/60/94 331/345/327 109/79/108
f 94/60/94 332/346/93 333/79/328
f 94/60/94 334/345/329 335/347/330
f 104/344/103 57/15/57 54/14/54
f 109/79/108 104/72/103 55/12/55
f 109/79/108 336/346/93 94/60/94
f 109/348/108 330/56/326 104/344/103
f 109/348/108 331/349/327 330/56/326
f 79/52/79 330/56/326 87/57/87
f 79/52/79 81/54/81 329/343/325
f 228/218/224 231/220/227 225/214/222
f 228/218/224 225/214/222 227/216/137
f 146/120/145 138/109/137 130/102/129
f 146/230/145 228/218/224 138/217/137
f 231/220/227 228/218/224 146/230/145
f 225/214/222 234/224/230 233/223/229
f 234/224/230 231/220/227 232/222/228
f 234/224/230 225/214/222 231/220/227
f 102/69/101 49/68/49 119/92/118
f 102/69/101 119/92/118 337/350/331
f 102/69/101 140/111/139 235/116/231
f 239/233/235 101/70/100 102/69/101
f 239/228/235 102/351/101 235/114/231
f 235/114/231 143/115/142 239/228/235
f 235/116/231 140/111/139 139/110/138
f 338/352/332 339/353/333 149/354/148
f 154/130/153 218/206/216 223/209/221
f 154/130/153 338/355/332 148/122/147
f 154/130/153 157/134/155 338/355/332
f 157/134/155 154/130/153 141/129/140
f 157/133/155 339/353/333 338/352/332
f 196/179/194 195/177/193 340/356/334
f 196/179/194 341/357/335 197/180/195
f 197/180/195 341/357/335 195/177/193
f 341/358/335 203/186/201 183/359/181
f 178/154/176 175/151/173 174/150/172
f 178/154/176 340/356/334 179/155/177
f 178/360/176 174/361/172 342/362/336
f 194/176/192 179/155/177 340/356/334
f 340/356/334 195/177/193 194/176/192
f 340/363/334 343/364/337 196/365/194
f 344/366/338 345/367/339 199/182/197
f 344/368/338 346/369/340 347/370/341
f 199/182/197 343/371/337 344/366/338
f 199/182/197 203/186/201 348/372/342
f 207/190/205 249/245/245 347/370/341
f 207/190/205 206/189/204 249/245/245
f 207/190/205 209/192/207 204/187/202
f 347/370/341 345/373/339 344/368/338
f 347/370/341 342/362/336 207/190/205
f 345/373/339 347/370/341 349/374/343
f 345/367/339 350/375/344 241/236/237
f 241/236/237 199/182/197 345/367/339
f 241/236/237 200/183/198 199/182/197
f 241/236/237 242/237/238 240/235/236
f 249/245/245 350/376/344 349/374/343
f 249/245/245 206/189/204 245/241/241
f 249/245/245 248/244/244 351/377/345
f 349/374/343 347/370/341 249/245/245
f 349/374/343 350/376/344 345/373/339
f 352/378/346 252/248/248 251/247/247
f 352/378/346 353/379/347 354/380/348
f 355/381/349 356/382/350 354/383/348
f 355/381/349 261/259/257 260/384/256
f 355/381/349 248/244/244 261/259/257
f 354/380/348 252/248/248 352/378/346
f 354/383/348 350/376/344 355/381/349
f 357/385/351 354/380/348 356/386/350
f 357/385/351 252/248/248 354/380/348
f 358/387/352 252/388/248 357/389/351
f 358/387/352 257/254/253 250/251/246
f 358/387/352 278/278/274 277/277/273
f 252/388/248 358/387/352 250/251/246
f 260/384/256 356/382/350 355/381/349
f 260/384/256 261/259/257 256/258/252
f 259/256/255 358/387/352 356/390/350
f 259/256/255 356/390/350 260/257/256
f 259/256/255 264/262/260 280/280/276
f 259/256/255 282/282/278 358/387/352
f 356/390/350 358/387/352 357/389/351
f 343/371/337 341/358/335 196/391/194
f 343/364/337 340/363/334 346/369/340
f 343/371/337 199/182/197 348/372/342
f 348/372/342 341/358/335 343/371/337
f 348/372/342 203/186/201 341/358/335
f 346/369/340 340/363/334 342/362/336
f 346/369/340 344/368/338 343/364/337
f 342/362/336 340/363/334 178/360/176
f 342/362/336 347/370/341 346/369/340
f 342/362/336 174/361/172 209/192/207
f 353/379/347 241/236/237 350/375/344
f 353/379/347 251/247/247 242/237/238
f 351/377/345 355/381/349 350/376/344
f 351/377/345 248/244/244 355/381/349
f 350/376/344 249/245/245 351/377/345
f 350/375/344 354/380/348 353/379/347
f 359/392/353 123/96/122 321/337/317
f 359/392/353 319/337/315 123/96/122
f 321/337/317 172/148/170 360/393/354
f 321/394/317 328/395/324 359/396/353
f 360/393/354 172/148/170 323/339/319
f 360/393/354 323/339/319 321/394/317
f 323/339/319 317/335/313 361/397/355
f 323/339/319 325/398/321 321/394/317
f 361/397/355 317/335/313 325/341/321
f 361/397/355 325/398/321 323/339/319
f 325/341/321 316/333/312 328/342/324
f 328/395/324 321/394/317 325/398/321
f 328/395/324 319/394/315 359/396/353
f 336/346/93 109/79/108 106/78/105
f 336/399/93 98/65/98 95/66/95
f 336/399/93 362/400/356 363/401/357
f 336/399/93 105/74/104 364/402/358
f 365/403/359 98/65/98 336/399/93
f 365/403/359 363/401/357 366/404/360
f 365/405/359 367/406/361 98/407/98
f 368/408/362 369/409/363 188/168/186
f 368/408/362 122/99/121 370/410/364
f 368/411/362 371/412/365 366/413/360
f 368/411/362 372/414/366 371/412/365
f 124/98/123 122/99/121 121/97/120
f 124/98/123 97/64/97 373/415/367
f 124/416/123 374/417/368 370/418/364
f 124/416/123 375/419/369 374/417/368
f 96/420/96 376/421/370 373/422/367
f 366/404/360 369/409/363 368/408/362
f 366/404/360 363/401/357 369/409/363
f 366/413/360 371/412/365 377/423/371
f 366/413/360 367/406/361 365/405/359
f 370/410/364 122/99/121 124/98/123
f 370/418/364 372/414/366 368/411/362
f 370/418/364 374/417/368 372/414/366
f 373/415/367 97/64/97 96/63/96
f 373/424/367 375/419/369 124/416/123
f 373/422/367 376/421/370 375/425/369
f 98/407/98 376/421/370 96/420/96
f 98/407/98 367/406/361 378/426/372
f 369/409/363 192/173/190 191/172/189
f 369/409/363 362/400/356 379/427/373
f 369/409/363 191/172/189 188/168/186
f 122/99/121 368/408/362 188/168/186
f 97/64/97 380/63/374 93/62/93
f 95/61/95 94/60/94 336/346/93
f 95/66/95 98/65/98 93/62/93
f 193/174/191 107/76/106 189/169/187
f 193/428/191 381/429/375 107/430/106
f 379/431/373 382/432/376 192/433/190
f 364/434/358 383/435/377 362/436/356
f 108/437/107 384/438/378 105/439/104
f 192/173/190 369/409/363 379/427/373
f 192/433/190 382/432/376 385/440/379
f 192/433/190 381/429/375 193/428/191
f 362/400/356 336/399/93 364/402/358
f 362/441/356 382/432/376 379/431/373
f 362/436/356 383/435/377 386/442/380
f 105/74/104 55/73/55 108/77/107
f 105/439/104 383/435/377 364/434/358
f 105/439/104 384/438/378 387/443/381
f 107/430/106 384/438/378 108/437/107
f 107/430/106 381/429/375 388/444/382
f 191/172/189 192/173/190 189/169/187
f 363/401/357 365/403/359 336/399/93
f 363/401/357 362/400/356 369/409/363
f 106/75/105 105/74/104 336/399/93
f 111/81/110 107/76/106 55/73/55
f 111/81/110 110/80/109 189/169/187
f 377/423/371 367/406/361 366/413/360
f 377/423/371 389/445/383 367/406/361
f 371/412/365 389/445/383 377/423/371
f 372/414/366 390/446/384 371/412/365
f 374/417/368 390/446/384 372/414/366
f 375/419/369 391/447/385 374/417/368
f 376/421/370 391/448/385 375/425/369
f 378/426/372 376/421/370 98/407/98
f 378/426/372 392/449/386 376/421/370
f 367/406/361 392/449/386 378/426/372
f 385/440/379 381/429/375 192/433/190
f 385/440/379 393/450/387 381/429/375
f 382/432/376 393/450/387 385/440/379
f 386/451/380 382/432/376 362/441/356
f 386/451/380 394/452/388 382/432/376
f 383/435/377 394/453/388 386/442/380
f 387/443/381 383/435/377 105/439/104
f 387/443/381 395/454/389 383/435/377
f 384/438/378 395/454/389 387/443/381
f 388/444/382 384/438/378 107/430/106
f 388/444/382 396/455/390 384/438/378
f 381/429/375 396/455/390 388/444/382
f 389/445/383 371/412/365 397/456/391
f 389/445/383 398/457/392 399/458/393
f 397/456/391 371/412/365 390/446/384
f 397/456/391 400/459/394 389/445/383
f 390/446/384 374/417/368 401/460/395
f 390/446/384 400/459/394 397/456/391
f 401/460/395 374/417/368 391/447/385
f 401/460/395 402/461/396 390/446/384
f 391/448/385 376/421/370 403/462/397
f 391/447/385 402/461/396 401/460/395
f 403/462/397 376/421/370 392/449/386
f 403/462/397 404/463/398 391/448/385
f 392/449/386 367/406/361 399/458/393
f 392/449/386 404/463/398 403/462/397
f 399/458/393 367/406/361 389/445/383
f 399/458/393 398/457/392 392/449/386
f 393/450/387 382/432/376 405/464/399
f 393/450/387 406/465/400 407/466/401
f 405/464/399 382/432/376 394/452/388
f 405/464/399 408/467/402 393/450/387
f 394/453/388 383/435/377 409/468/403
f 394/452/388 408/467/402 405/464/399
f 409/468/403 383/435/377 395/454/389
f 409/468/403 410/469/404 394/453/388
f 395/454/389 384/438/378 411/470/405
f 395/454/389 410/469/404 409/468/403
f 411/470/405 384/438/378 396/455/390
f 411/470/405 412/471/406 395/454/389
f 396/455/390 381/429/375 407/466/401
f 396/455/390 412/471/406 411/470/405
f 407/466/401 381/429/375 393/450/387
f 407/466/401 406/465/400 396/455/390
f 413/472/407 393/450/387 408/467/402
f 413/472/407 406/465/400 393/450/387
f 408/467/402 394/452/388 414/473/408
f 408/474/402 414/475/408 413/476/407
f 414/477/408 394/453/388 410/469/404
f 414/475/408 415/478/409 413/476/407
f 410/469/404 395/454/389 415/479/409
f 410/480/404 415/478/409 414/475/408
f 415/479/409 395/454/389 412/471/406
f 415/478/409 416/481/410 413/476/407
f 412/471/406 396/455/390 416/482/410
f 412/483/406 416/481/410 415/478/409
f 416/482/410 396/455/390 406/465/400
f 406/484/400 413/476/407 416/481/410
f 417/485/411 389/445/383 400/459/394
f 417/485/411 398/457/392 389/445/383
f 400/459/394 390/446/384 418/486/412
f 400/487/394 418/488/412 417/489/411
f 418/486/412 390/446/384 402/461/396
f 402/461/396 391/447/385 419/490/413
f 402/491/396 419/492/413 418/488/412
f 419/493/413 391/448/385 404/463/398
f 419/492/413 420/494/414 418/488/412
f 404/463/398 392/449/386 420/495/414
f 404/496/398 420/494/414 419/492/413
f 420/495/414 392/449/386 398/457/392
f 420/494/414 417/489/411 418/488/412
f 398/497/392 417/489/411 420/494/414
f 181/158/179 180/178/178 421/498/415
f 181/158/179 422/499/416 423/500/417
f 421/498/415 180/178/178 132/105/131
f 421/498/415 424/501/418 181/158/179
f 132/105/131 129/104/128 137/108/136
f 132/105/131 424/501/418 421/498/415
f 137/108/136 425/502/419 132/105/131
f 137/108/136 136/105/135 425/502/419
f 426/503/420 309/329/305 318/330/314
f 426/503/420 314/330/310 309/329/305
f 318/330/314 170/159/168 423/500/417
f 318/330/314 427/504/421 426/503/420
f 423/500/417 170/159/168 181/158/179
f 423/500/417 422/499/416 318/330/314
f 428/505/422 181/158/179 424/501/418
f 428/505/422 422/499/416 181/158/179
f 424/501/418 132/105/131 429/506/423
f 424/501/418 429/507/423 428/505/422
f 429/506/423 132/105/131 425/502/419
f 425/508/419 427/509/421 429/507/423
f 425/502/419 136/105/135 430/506/424
f 425/508/419 430/507/424 427/509/421
f 427/504/421 318/330/314 431/510/425
f 427/504/421 314/330/310 426/503/420
f 427/509/421 430/507/424 432/511/426
f 431/510/425 318/330/314 422/499/416
f 431/511/425 428/505/422 429/507/423
f 431/511/425 429/507/423 427/509/421
f 422/499/416 428/505/422 431/511/425
f 330/56/326 79/52/79 329/343/325
f 330/56/326 433/512/427 85/55/85
f 330/56/326 331/349/327 434/513/428
f 433/512/427 331/349/327 335/514/330
f 433/512/427 86/56/86 85/55/85
f 433/512/427 334/349/329 435/513/429
f 335/347/330 331/345/327 94/60/94
f 335/514/330 334/349/329 433/512/427
f 434/513/428 433/512/427 330/56/326
f 434/513/428 331/349/327 433/512/427
f 205/188/203 202/185/200 436/515/430
f 205/516/203 437/517/431 438/518/432
f 205/516/203 439/519/433 440/520/434
f 201/184/199 200/183/198 441/521/435
f 201/522/199 439/523/433 436/524/430
f 201/522/199 442/525/436 443/526/437
f 444/527/438 200/183/198 240/235/236
f 444/527/438 244/240/240 445/528/439
f 444/529/438 442/525/436 441/530/435
f 444/529/438 446/531/440 447/532/441
f 247/243/243 244/240/240 245/241/241
f 247/243/243 206/189/204 438/533/432
f 247/534/243 437/517/431 448/535/442
f 247/534/243 446/531/440 445/536/439
f 436/515/430 202/185/200 201/184/199
f 436/537/430 439/519/433 205/516/203
f 441/521/435 200/183/198 444/527/438
f 441/530/435 442/525/436 201/522/199
f 445/528/439 244/240/240 247/243/243
f 445/536/439 446/531/440 444/529/438
f 438/533/432 206/189/204 205/188/203
f 438/518/432 437/517/431 247/534/243
f 202/185/200 449/538/443 198/181/196
f 200/183/198 201/184/199 198/181/196
f 244/240/240 444/527/438 240/235/236
f 437/517/431 450/539/444 448/535/442
f 440/520/434 437/517/431 205/516/203
f 440/520/434 451/540/445 437/517/431
f 439/519/433 451/540/445 440/520/434
f 443/526/437 439/523/433 201/522/199
f 443/526/437 452/541/446 439/523/433
f 442/525/436 452/541/446 443/526/437
f 447/532/441 442/525/436 444/529/438
f 447/532/441 453/542/447 442/525/436
f 446/531/440 453/542/447 447/532/441
f 448/535/442 446/531/440 247/534/243
f 448/535/442 450/539/444 446/531/440
f 454/543/448 437/517/431 451/540/445
f 454/543/448 450/539/444 437/517/431
f 454/543/448 455/544/449 450/539/444
f 451/540/445 439/519/433 456/545/450
f 451/540/445 455/544/449 454/543/448
f 456/546/450 439/523/433 452/541/446
f 456/545/450 457/547/451 451/540/445
f 452/541/446 442/525/436 458/548/452
f 452/541/446 457/549/451 456/546/450
f 458/548/452 442/525/436 453/542/447
f 458/548/452 459/550/453 452/541/446
f 453/542/447 446/531/440 460/551/454
f 453/542/447 459/550/453 458/548/452
f 460/551/454 446/531/440 450/539/444
f 460/551/454 461/552/455 453/542/447
f 450/539/444 461/552/455 460/551/454
f 455/544/449 451/540/445 462/553/456
f 455/554/449 457/555/451 459/556/453
f 462/553/456 451/540/445 457/547/451
f 462/557/456 457/555/451 455/554/449
f 457/549/451 452/541/446 463/558/457
f 463/558/457 452/541/446 459/550/453
f 463/559/457 459/556/453 457/555/451
f 459/550/453 453/542/447 464/560/458
f 464/560/458 453/542/447 461/552/455
f 464/561/458 461/562/455 459/556/453
f 461/552/455 450/539/444 465/563/459
f 461/562/455 455/554/449 459/556/453
f 465/563/459 450/539/444 455/544/449
f 465/564/459 455/554/449 461/562/455
f 183/161/181 195/177/193 341/357/335
f 184/162/182 183/161/181 466/565/460
f 184/162/182 466/565/460 182/160/180
f 466/566/460 203/186/201 467/567/461
f 466/568/460 468/569/462 469/570/463
f 469/571/463 182/160/180 466/565/460
f 469/571/463 174/150/172 176/152/174
f 174/361/172 468/572/462 209/192/207
f 177/153/175 174/150/172 169/144/167
f 176/152/174 182/160/180 469/571/463
f 176/152/174 174/150/172 177/153/175
f 251/247/247 353/379/347 352/378/346
f 251/247/247 470/573/464 242/237/238
f 254/250/250 251/247/247 250/246/246
f 471/574/465 251/247/247 254/250/250
f 471/575/465 254/250/250 472/576/466
f 472/576/466 254/250/250 253/249/249
f 472/576/466 470/577/464 471/575/465
f 472/578/466 248/244/244 473/579/467
f 253/249/249 261/259/257 472/578/466
f 203/186/201 466/566/460 183/359/181
f 449/538/443 202/185/200 467/580/461
f 449/581/443 203/186/201 198/181/196
f 467/580/461 202/185/200 468/569/462
f 467/567/461 203/186/201 449/581/443
f 468/569/462 202/185/200 208/191/206
f 468/569/462 466/568/460 467/580/461
f 468/572/462 174/361/172 469/582/463
f 209/192/207 207/190/205 342/362/336
f 209/192/207 468/572/462 208/193/206
f 242/237/238 241/236/237 353/379/347
f 242/237/238 470/573/464 243/238/239
f 470/577/464 244/240/240 243/239/239
f 470/573/464 251/247/247 471/574/465
f 470/577/464 472/576/466 473/583/467
f 473/583/467 244/240/240 470/577/464
f 248/244/244 472/578/466 261/259/257
f 246/242/242 244/240/240 473/583/467
f 246/584/242 473/579/467 248/244/244
f 246/584/242 248/244/244 245/241/241
f 474/585/468 475/586/469 476/587/470
f 474/585/468 477/588/471 478/589/472
f 479/590/473 297/591/293 262/592/258
f 479/590/473 480/593/474 481/594/475
f 479/590/473 478/589/472 480/593/474
f 274/272/270 272/270/268 297/302/293
f 274/595/270 482/596/476 268/597/264
f 274/595/270 481/594/475 482/596/476
f 269/267/265 289/293/285 265/263/261
f 269/598/265 476/587/470 475/586/469
f 269/598/265 268/597/264 483/599/477
f 289/293/285 266/264/262 265/263/261
f 289/293/285 475/600/469 275/291/271
f 289/293/285 288/292/284 266/264/262
f 266/264/262 288/292/284 290/295/286
f 266/264/262 484/601/478 271/269/267
f 271/269/267 272/270/268 270/268/266
f 271/269/267 285/286/281 272/270/268
f 271/269/267 484/601/478 295/300/291
f 272/270/268 285/286/281 287/289/283
f 255/602/251 475/586/469 474/585/468
f 255/252/251 478/603/472 262/260/258
f 255/604/251 485/605/282 475/606/469
f 262/260/258 256/253/252 255/252/251
f 262/260/258 478/603/472 479/607/473
f 262/260/258 486/608/272 263/261/259
f 297/591/293 481/594/475 274/595/270
f 297/609/293 486/610/272 262/611/258
f 475/600/469 289/293/285 269/267/265
f 475/600/469 485/612/282 275/291/271
f 482/596/476 481/594/475 487/613/479
f 482/614/476 488/615/480 489/616/481
f 482/614/476 490/617/482 491/618/483
f 480/593/474 478/589/472 492/619/484
f 480/620/474 490/617/482 487/621/479
f 480/620/474 493/622/485 494/623/486
f 477/588/471 476/587/470 495/624/487
f 477/625/471 493/626/485 492/627/484
f 477/625/471 496/628/488 497/629/489
f 483/599/477 476/587/470 269/598/265
f 483/599/477 268/597/264 489/630/481
f 483/631/477 488/615/480 498/632/490
f 483/631/477 496/628/488 495/633/487
f 487/613/479 481/594/475 480/593/474
f 487/621/479 490/617/482 482/614/476
f 492/619/484 478/589/472 477/588/471
f 492/634/484 493/622/485 480/620/474
f 495/624/487 476/587/470 483/599/477
f 495/633/487 496/628/488 477/625/471
f 489/630/481 268/597/264 482/596/476
f 489/616/481 488/615/480 483/631/477
f 481/594/475 297/591/293 479/590/473
f 478/603/472 255/252/251 474/635/468
f 476/587/470 477/588/471 474/585/468
f 268/266/264 273/271/269 274/272/270
f 488/615/480 499/636/491 498/632/490
f 491/618/483 488/615/480 482/614/476
f 491/618/483 500/637/492 488/615/480
f 490/617/482 500/637/492 491/618/483
f 494/623/486 490/617/482 480/620/474
f 494/623/486 501/638/493 490/617/482
f 493/622/485 501/638/493 494/623/486
f 497/629/489 493/626/485 477/625/471
f 497/629/489 502/639/494 493/626/485
f 496/628/488 502/639/494 497/629/489
f 498/632/490 496/628/488 483/631/477
f 498/632/490 499/636/491 496/628/488
f 503/640/495 488/615/480 500/637/492
f 503/640/495 499/636/491 488/615/480
f 503/640/495 504/641/496 499/636/491
f 500/637/492 490/617/482 505/642/497
f 500/637/492 504/641/496 503/640/495
f 505/642/497 490/617/482 501/638/493
f 505/642/497 506/643/498 500/637/492
f 501/638/493 493/622/485 507/644/499
f 501/638/493 506/643/498 505/642/497
f 507/645/499 493/626/485 502/639/494
f 507/644/499 508/646/500 501/638/493
f 502/639/494 496/628/488 509/647/501
f 502/639/494 508/648/500 507/645/499
f 509/647/501 496/628/488 499/636/491
f 509/647/501 510/649/502 502/639/494
f 499/636/491 510/649/502 509/647/501
f 504/641/496 500/637/492 511/650/503
f 504/651/496 508/652/500 510/653/502
f 511/650/503 500/637/492 506/643/498
f 511/654/503 506/655/498 504/651/496
f 506/643/498 501/638/493 512/656/504
f 512/656/504 501/638/493 508/646/500
f 512/657/504 508/652/500 506/655/498
f 508/648/500 502/639/494 513/658/505
f 508/652/500 504/651/496 506/655/498
f 513/658/505 502/639/494 510/649/502
f 513/659/505 510/653/502 508/652/500
f 510/649/502 499/636/491 514/660/506
f 514/660/506 499/636/491 504/641/496
f 514/661/506 504/651/496 510/653/502
f 149/123/148 148/122/147 338/355/332
f 149/354/148 339/353/333 515/662/507
f 149/354/148 120/93/119 147/125/146
f 119/92/118 120/93/119 516/663/508
f 339/664/333 517/665/509 515/666/507
f 339/664/333 518/667/510 519/668/511
f 337/350/331 140/111/139 102/69/101
f 337/669/331 520/670/512 521/671/513
f 156/132/154 141/112/140 140/111/139
f 156/132/154 339/353/333 157/133/155
f 156/672/154 518/667/510 339/664/333
f 140/673/139 521/671/513 522/674/514
f 140/673/139 518/667/510 156/672/154
f 516/663/508 337/350/331 119/92/118
f 516/675/508 520/670/512 337/669/331
f 120/676/119 520/670/512 516/675/508
f 120/676/119 517/665/509 523/677/515
f 515/662/507 120/93/119 149/354/148
f 515/666/507 517/665/509 120/676/119
f 519/668/511 517/665/509 339/664/333
f 519/668/511 518/667/510 521/671/513
f 521/671/513 140/673/139 337/669/331
f 521/671/513 520/670/512 519/668/511
f 520/670/512 523/677/515 517/665/509
f 517/665/509 519/668/511 520/670/512
f 523/677/515 520/670/512 120/676/119
f 522/674/514 521/671/513 518/667/510
f 522/674/514 518/667/510 140/673/139
f 187/166/185 112/83/111 182/160/180
f 187/166/185 186/165/184 112/83/111
f 112/83/111 186/165/184 110/84/109
f 186/175/184 189/169/187 110/80/109
f 524/678/516 51/8/51 56/13/56
f 524/679/516 56/17/56 167/142/165
f 56/17/56 58/16/58 525/680/517
f 80/53/80 73/40/73 526/681/518
f 81/54/81 80/53/80 57/15/57
f 57/15/57 80/53/80 58/16/58
f 58/16/58 527/682/519 525/680/517
f 168/143/166 52/9/52 51/141/51
f 168/143/166 526/681/518 52/9/52
f 526/681/518 73/40/73 52/9/52
f 526/681/518 527/682/519 80/53/80
f 167/142/165 51/141/51 524/679/516
f 167/142/165 526/681/518 168/143/166
f 167/142/165 527/682/519 528/683/520
f 525/680/517 167/142/165 56/17/56
f 525/680/517 527/682/519 167/142/165
f 528/683/520 526/681/518 167/142/165
f 528/683/520 527/682/519 526/681/518
f 527/682/519 58/16/58 80/53/80
f 264/262/260 283/283/279 280/280/276
f 257/254/253 358/387/352 277/277/273
f 257/254/253 279/279/275 529/684/521
f 257/274/253 292/297/288 288/290/284
f 285/286/281 296/301/292 530/685/522
f 285/286/281 283/686/279 264/287/260
f 288/292/284 292/297/288 290/295/286
f 278/278/274 358/387/352 282/282/278
f 278/687/274 294/688/290 531/689/523
f 282/282/278 259/256/255 280/280/276
f 282/690/278 281/691/277 484/692/478
f 291/693/287 278/687/274 484/692/478
f 291/693/287 294/688/290 278/687/274
f 484/601/478 266/264/262 291/296/287
f 484/692/478 278/687/274 282/690/278
f 484/601/478 296/301/292 295/300/291
f 484/692/478 281/691/277 532/694/524
f 279/279/275 257/254/253 277/277/273
f 279/695/275 533/696/525 293/298/289
f 293/298/289 292/297/288 279/695/275
f 293/298/289 294/299/290 290/295/286
f 293/298/289 533/697/525 294/299/290
f 529/698/521 279/695/275 292/297/288
f 529/698/521 292/297/288 257/274/253
f 531/699/523 279/279/275 278/278/274
f 531/699/523 534/700/526 279/279/275
f 294/688/290 534/701/526 531/689/523
f 284/284/280 281/281/277 280/280/276
f 284/702/280 283/686/279 296/301/292
f 284/284/280 535/703/527 281/281/277
f 296/301/292 535/704/527 284/702/280
f 532/705/524 296/301/292 484/601/478
f 532/705/524 536/706/528 296/301/292
f 281/691/277 536/707/528 532/694/524
f 530/685/522 296/301/292 283/686/279
f 530/685/522 283/686/279 285/286/281
f 533/696/525 279/695/275 537/708/529
f 533/697/525 538/709/530 539/710/531
f 537/711/529 279/279/275 534/700/526
f 537/708/529 540/712/532 533/696/525
f 534/701/526 294/688/290 539/713/531
f 534/714/526 540/715/532 537/716/529
f 539/710/531 294/299/290 533/697/525
f 539/710/531 538/709/530 534/714/526
f 535/704/527 296/301/292 541/717/533
f 535/718/527 542/719/534 543/720/535
f 541/721/533 296/301/292 536/706/528
f 541/721/533 544/722/536 535/718/527
f 536/707/528 281/691/277 543/723/535
f 536/706/528 544/722/536 541/721/533
f 543/724/535 281/281/277 535/703/527
f 543/720/535 542/719/534 536/725/528
f 545/726/537 533/696/525 540/712/532
f 545/727/537 538/709/530 533/697/525
f 540/715/532 534/714/526 546/728/538
f 540/712/532 538/729/530 545/726/537
f 546/728/538 534/714/526 538/709/530
f 546/730/538 538/729/530 540/712/532
f 547/731/539 535/718/527 544/722/536
f 547/731/539 542/719/534 535/718/527
f 544/722/536 536/706/528 548/732/540
f 544/733/536 542/734/534 547/735/539
f 548/736/540 536/725/528 542/719/534
f 548/737/540 542/734/534 544/733/536
f 286/288/282 263/285/259 549/738/541
f 549/739/541 263/261/259 486/608/272
f 549/740/541 486/610/272 286/303/282
f 486/610/272 297/609/293 550/741/542
f 550/741/542 297/302/293 286/303/282
f 550/741/542 286/303/282 486/610/272
f 276/294/272 275/275/271 551/742/542
f 551/743/542 275/291/271 485/612/282
f 551/742/542 485/605/282 276/294/272
f 485/605/282 255/604/251 552/744/541
f 552/745/541 255/252/251 276/276/272
f 552/744/541 276/294/272 485/605/282
f 553/1/543 554/2/544 555/10/545
f 553/4/543 116/5/115 556/21/546
f 553/4/543 557/67/547 558/6/548
f 553/1/543 559/9/549 560/141/550
f 561/11/551 562/72/552 563/12/553
f 561/14/551 564/15/554 562/344/552
f 556/21/546 565/23/555 566/22/556
f 556/3/546 554/2/544 553/1/543
f 566/20/556 554/19/544 556/18/546
f 566/25/556 567/26/557 568/42/558
f 569/50/559 64/49/64 82/44/82
f 569/33/559 82/32/82 91/31/91
f 565/23/555 556/21/546 116/5/115
f 565/27/555 567/26/557 566/25/556
f 565/23/555 116/5/115 91/30/91
f 91/30/91 64/29/64 569/28/559
f 91/31/91 82/32/82 570/34/560
f 91/31/91 567/26/557 565/27/555
f 88/35/88 71/38/71 90/40/90
f 88/35/88 571/36/561 72/39/72
f 88/35/88 559/9/549 555/10/545
f 555/10/545 554/19/544 88/35/88
f 555/10/545 559/9/549 553/1/543
f 554/19/544 572/41/562 573/37/563
f 568/24/558 554/19/544 566/20/556
f 82/44/82 77/47/77 84/46/84
f 82/44/82 83/45/83 570/51/560
f 567/43/557 83/45/83 571/36/561
f 567/43/557 572/41/562 568/24/558
f 570/34/560 567/26/557 91/31/91
f 570/51/560 83/45/83 567/43/557
f 90/40/90 559/9/549 88/35/88
f 84/46/84 83/45/83 82/44/82
f 83/45/83 72/39/72 571/36/561
f 571/36/561 572/41/562 567/43/557
f 571/36/561 573/37/563 572/41/562
f 572/41/562 554/19/544 568/24/558
f 573/37/563 88/35/88 554/19/544
f 573/37/563 571/36/561 88/35/88
f 558/6/548 116/5/115 553/4/543
f 558/68/548 574/86/564 116/85/115
f 558/68/548 575/92/565 574/86/564
f 563/12/553 560/8/550 561/11/551
f 563/82/553 576/140/566 577/118/567
f 563/12/553 562/72/552 333/79/328
f 563/73/553 578/76/568 579/81/569
f 563/82/553 580/83/570 581/164/571
f 116/85/115 574/86/564 582/88/572
f 574/86/564 127/90/126 582/88/572
f 574/86/564 583/93/573 584/91/574
f 582/88/572 114/87/113 116/85/115
f 582/88/572 127/90/126 114/87/113
f 134/102/133 138/109/137 238/120/234
f 134/102/133 585/117/575 135/107/134
f 134/102/133 586/119/576 577/118/567
f 587/121/577 162/124/160 165/135/163
f 587/125/577 164/126/162 588/128/578
f 587/125/577 583/93/573 589/354/579
f 165/135/163 162/124/160 160/137/158
f 165/127/163 164/126/162 587/125/577
f 577/71/567 560/8/550 563/12/553
f 577/118/567 585/117/575 134/102/133
f 577/71/567 586/7/576 560/8/550
f 560/8/550 586/7/576 553/4/543
f 560/8/550 590/13/580 561/11/551
f 560/141/550 559/9/549 591/143/581
f 592/144/582 593/145/583 594/151/584
f 592/147/582 595/335/585 596/336/586
f 592/144/582 597/150/587 598/153/588
f 592/144/582 599/152/589 600/163/590
f 594/157/584 601/158/591 602/178/592
f 594/151/584 597/150/587 592/144/582
f 576/140/566 563/82/553 581/164/571
f 576/140/566 603/160/593 604/177/594
f 576/140/566 585/117/575 577/118/567
f 603/160/593 576/140/566 581/164/571
f 603/160/593 605/161/595 604/177/594
f 603/160/593 606/565/596 607/162/597
f 603/160/593 580/83/570 608/166/598
f 603/160/593 609/165/599 600/163/590
f 581/164/571 580/83/570 603/160/593
f 600/170/590 610/169/600 611/168/601
f 600/149/590 612/148/602 592/147/582
f 600/163/590 599/152/589 603/160/593
f 600/170/590 609/175/599 610/169/600
f 611/167/601 612/148/602 600/149/590
f 611/168/601 613/408/603 126/99/125
f 611/168/601 614/409/604 613/408/603
f 611/168/601 615/172/605 614/409/604
f 610/169/600 616/173/606 615/172/605
f 610/169/600 578/76/568 617/174/607
f 610/169/600 618/80/608 579/81/569
f 602/156/592 585/117/575 604/177/594
f 602/156/592 619/155/609 594/151/584
f 602/178/592 136/105/135 135/106/134
f 135/107/134 585/117/575 602/156/592
f 135/106/134 136/105/135 129/104/128
f 604/177/594 620/357/610 621/180/611
f 604/177/594 622/176/612 602/156/592
f 585/117/575 576/140/566 604/177/594
f 623/181/613 624/521/614 625/183/615
f 623/181/613 626/186/616 627/581/617
f 623/181/613 627/538/617 628/185/618
f 629/187/619 630/515/620 628/185/618
f 629/187/619 631/533/621 632/188/622
f 629/187/619 633/192/623 634/190/624
f 214/196/212 213/197/211 635/199/625
f 214/196/212 215/195/213 210/194/208
f 213/197/211 220/201/218 636/200/626
f 215/195/213 635/199/625 637/204/627
f 638/122/628 162/124/160 587/121/577
f 638/122/628 639/355/629 158/130/156
f 638/122/628 158/130/156 635/206/625
f 162/205/160 635/206/625 636/208/626
f 635/199/625 215/195/213 214/196/212
f 635/206/625 162/205/160 638/122/628
f 636/208/626 220/207/218 162/205/160
f 636/200/626 635/199/625 213/197/211
f 637/204/627 222/203/220 215/195/213
f 637/209/627 635/206/625 158/130/156
f 640/231/630 641/225/631 586/226/576
f 640/219/630 642/220/632 641/222/631
f 641/222/631 237/223/233 557/232/547
f 641/222/631 642/220/632 643/224/633
f 237/223/233 226/214/223 143/215/142
f 237/223/233 643/224/633 226/214/223
f 237/234/233 236/233/232 557/70/547
f 586/221/576 642/220/632 640/219/630
f 557/67/547 553/4/543 586/7/576
f 557/227/547 586/226/576 641/225/631
f 557/70/547 644/69/634 558/68/548
f 645/235/635 646/528/636 647/240/637
f 645/235/635 648/237/638 649/236/639
f 650/241/640 631/533/621 651/189/641
f 650/241/640 651/189/641 652/245/642
f 650/241/640 653/244/643 654/584/644
f 655/251/645 656/387/646 657/388/647
f 655/246/645 658/247/648 659/250/649
f 655/246/645 660/249/650 661/258/651
f 655/251/645 662/252/652 663/255/653
f 655/251/645 664/254/654 656/387/646
f 661/258/651 665/259/655 666/384/656
f 661/253/651 662/252/652 655/251/645
f 661/253/651 667/262/657 668/261/658
f 669/263/659 670/271/660 671/265/661
f 669/263/659 672/293/662 673/267/663
f 669/263/659 674/266/664 670/271/660
f 671/265/661 670/271/660 675/268/665
f 671/265/661 672/293/662 669/263/659
f 671/265/661 676/269/666 677/264/667
f 675/268/665 676/269/666 671/265/661
f 670/271/660 676/269/666 675/268/665
f 663/255/653 664/254/654 655/251/645
f 663/273/653 678/290/668 664/274/654
f 663/273/653 679/742/669 680/275/670
f 663/255/653 681/745/671 682/276/672
f 683/277/673 656/387/646 664/254/654
f 683/277/673 684/278/674 656/387/646
f 683/277/673 685/684/675 686/279/676
f 683/277/673 687/699/677 684/278/674
f 688/280/678 689/256/679 690/282/680
f 688/280/678 667/262/657 689/256/679
f 688/280/678 690/282/680 691/284/681
f 668/261/658 692/260/682 661/253/651
f 668/285/658 667/287/657 693/289/683
f 668/261/658 694/739/671 692/260/682
f 680/291/670 695/600/684 672/293/662
f 680/275/670 678/290/668 663/273/653
f 680/291/670 679/743/669 695/600/684
f 696/295/685 678/292/668 677/264/667
f 696/295/685 697/298/686 678/292/668
f 698/300/687 699/601/688 676/269/666
f 698/300/687 700/705/689 699/601/688
f 698/300/687 701/685/690 702/301/691
f 693/289/683 667/287/657 703/286/692
f 693/289/683 703/286/692 704/270/693
f 693/289/683 694/738/671 668/285/658
f 693/289/683 705/741/669 706/303/694
f 164/126/162 300/306/296 707/305/695
f 588/128/578 164/126/162 708/304/696
f 588/128/578 583/93/573 587/125/577
f 709/322/697 708/321/696 307/316/303
f 710/308/698 708/304/696 709/307/697
f 710/310/698 127/311/126 584/324/574
f 307/309/303 306/314/302 308/320/304
f 307/309/303 710/308/698 709/307/697
f 307/316/303 708/321/696 707/323/695
f 308/320/304 710/308/698 307/309/303
f 308/312/304 127/311/126 710/310/698
f 708/304/696 583/93/573 588/128/578
f 584/91/574 708/304/696 710/308/698
f 584/91/574 127/90/126 574/86/564
f 584/91/574 583/93/573 708/304/696
f 707/323/695 300/317/296 307/316/303
f 707/305/695 708/304/696 164/126/162
f 596/146/586 312/326/308 593/145/583
f 596/146/586 593/145/583 592/144/582
f 596/336/586 595/335/585 312/334/308
f 315/327/311 312/326/308 309/325/305
f 315/331/311 314/330/310 593/159/583
f 593/145/583 312/326/308 315/327/311
f 593/159/583 601/158/591 594/157/584
f 320/171/316 319/337/315 612/148/602
f 320/171/316 126/95/125 123/96/122
f 612/148/602 611/167/601 320/171/316
f 612/148/602 711/339/699 712/338/700
f 712/338/700 592/147/582 612/148/602
f 712/338/700 711/339/699 595/335/585
f 595/335/585 592/147/582 712/338/700
f 595/335/585 327/341/323 326/340/322
f 326/340/322 312/334/308 595/335/585
f 326/340/322 327/341/323 316/333/312
f 713/343/701 89/52/89 86/56/86
f 713/343/701 714/54/702 89/52/89
f 562/344/552 86/56/86 333/348/328
f 562/344/552 564/15/554 713/343/701
f 333/79/328 715/78/703 563/12/553
f 333/79/328 334/345/329 94/60/94
f 89/52/89 714/54/702 90/40/90
f 238/120/234 586/119/576 134/102/133
f 238/230/234 229/218/225 642/220/632
f 238/230/234 642/220/632 586/221/576
f 642/220/632 226/214/223 643/224/633
f 226/214/223 642/220/632 229/218/225
f 643/224/633 237/223/233 641/222/631
f 644/69/634 557/70/547 236/233/232
f 644/69/634 142/116/141 716/350/704
f 236/228/232 143/115/142 142/114/141
f 142/114/141 644/351/634 236/228/232
f 639/355/629 638/122/628 589/123/579
f 639/355/629 159/134/157 158/130/156
f 639/352/629 717/353/705 159/133/157
f 158/130/156 222/210/220 637/209/627
f 159/133/157 717/353/705 718/132/706
f 159/133/157 718/132/706 141/112/140
f 719/391/707 620/358/610 720/371/708
f 719/365/707 720/364/708 721/363/709
f 621/180/611 719/179/707 604/177/594
f 621/180/611 620/357/610 719/179/707
f 620/357/610 604/177/594 605/161/595
f 620/358/610 626/186/616 722/372/710
f 723/360/711 721/363/709 724/362/712
f 619/155/609 723/154/711 594/151/584
f 619/155/609 721/356/709 723/154/711
f 622/176/612 604/177/594 721/356/709
f 622/176/612 619/155/609 602/156/592
f 721/356/709 604/177/594 719/179/707
f 721/356/709 619/155/609 622/176/612
f 725/368/713 726/373/714 727/370/715
f 725/366/713 720/371/708 728/182/716
f 728/182/716 726/367/714 725/366/713
f 728/182/716 625/183/615 649/236/639
f 728/182/716 626/186/616 623/181/613
f 634/190/624 724/362/712 727/370/715
f 634/190/624 651/189/641 629/187/619
f 727/370/715 652/245/642 634/190/624
f 727/370/715 729/369/717 725/368/713
f 726/367/714 728/182/716 649/236/639
f 726/373/714 730/376/718 731/374/719
f 649/236/639 730/375/718 726/367/714
f 649/236/639 625/183/615 645/235/635
f 652/245/642 727/370/715 731/374/719
f 652/245/642 651/189/641 634/190/624
f 652/245/642 653/244/643 650/241/640
f 731/374/719 727/370/715 726/373/714
f 731/374/719 730/376/718 652/245/642
f 732/378/720 733/385/721 734/380/722
f 732/378/720 735/379/723 658/247/648
f 736/381/724 737/382/725 666/384/656
f 736/381/724 730/376/718 734/383/722
f 736/381/724 653/244/643 738/377/726
f 734/383/722 737/382/725 736/381/724
f 734/380/722 730/375/718 732/378/720
f 733/389/721 656/387/646 737/390/725
f 733/389/721 657/388/647 656/387/646
f 656/387/646 690/282/680 689/256/679
f 657/248/647 733/385/721 732/378/720
f 657/248/647 658/247/648 655/246/645
f 666/257/656 689/256/679 661/253/651
f 666/257/656 737/390/725 689/256/679
f 666/384/656 665/259/655 736/381/724
f 689/256/679 667/262/657 661/253/651
f 737/386/725 734/380/722 733/385/721
f 737/390/725 656/387/646 689/256/679
f 720/371/708 620/358/610 722/372/710
f 720/364/708 725/368/713 729/369/717
f 722/372/710 728/182/716 720/371/708
f 722/372/710 626/186/616 728/182/716
f 729/369/717 721/363/709 720/364/708
f 729/369/717 727/370/715 724/362/712
f 724/362/712 721/363/709 729/369/717
f 724/362/712 634/190/624 633/192/623
f 724/362/712 597/361/587 723/360/711
f 735/379/723 649/236/639 648/237/638
f 735/379/723 732/378/720 730/375/718
f 738/377/726 652/245/642 730/376/718
f 738/377/726 653/244/643 652/245/642
f 730/375/718 649/236/639 735/379/723
f 730/376/718 736/381/724 738/377/726
f 319/394/315 711/339/699 739/393/727
f 739/393/727 612/148/602 319/337/315
f 711/339/699 612/148/602 739/393/727
f 711/339/699 319/394/315 327/398/323
f 711/339/699 327/398/323 740/397/728
f 740/397/728 595/335/585 711/339/699
f 327/341/323 595/335/585 740/397/728
f 327/398/323 319/394/315 328/395/324
f 332/346/93 94/60/94 100/61/95
f 332/399/93 741/403/729 742/401/730
f 332/399/93 99/65/99 741/403/729
f 332/399/93 743/74/731 715/75/703
f 741/405/729 744/423/732 745/413/733
f 741/405/729 746/426/734 747/406/735
f 613/408/603 614/409/604 745/404/733
f 613/411/603 744/423/732 748/412/736
f 613/411/603 749/414/737 750/418/738
f 125/98/124 126/99/125 750/410/738
f 125/416/124 749/414/737 751/417/739
f 125/416/124 752/419/740 753/424/741
f 380/63/374 97/64/97 753/415/741
f 380/63/374 99/65/99 93/62/93
f 380/420/374 752/425/740 754/421/742
f 380/420/374 754/421/742 99/407/99
f 745/404/733 742/401/730 741/403/729
f 745/413/733 744/423/732 613/411/603
f 750/410/738 126/99/125 613/408/603
f 750/418/738 749/414/737 125/416/124
f 753/415/741 97/64/97 125/98/124
f 753/422/741 752/425/740 380/420/374
f 99/407/99 754/421/742 746/426/734
f 99/407/99 746/426/734 741/405/729
f 614/409/604 755/400/743 742/401/730
f 614/409/604 742/401/730 745/404/733
f 126/95/125 320/171/316 611/167/601
f 100/66/95 99/65/99 332/399/93
f 617/174/607 616/173/606 610/169/600
f 617/428/607 756/429/744 616/433/606
f 757/427/745 614/409/604 616/173/606
f 757/427/745 755/400/743 614/409/604
f 757/431/745 758/432/746 755/441/743
f 759/402/747 332/399/93 755/400/743
f 759/402/747 743/74/731 332/399/93
f 759/434/747 760/435/748 743/439/731
f 761/77/749 563/73/553 743/74/731
f 761/77/749 578/76/568 563/73/553
f 761/437/749 762/438/750 578/430/568
f 616/433/606 758/432/746 757/431/745
f 616/433/606 756/429/744 763/440/751
f 755/441/743 758/432/746 764/451/752
f 755/436/743 760/435/748 759/434/747
f 743/439/731 760/435/748 765/443/753
f 743/439/731 762/438/750 761/437/749
f 578/430/568 762/438/750 766/444/754
f 578/430/568 756/429/744 617/428/607
f 615/172/605 611/168/601 610/169/600
f 615/172/605 616/173/606 614/409/604
f 742/401/730 755/400/743 332/399/93
f 715/78/703 333/79/328 332/346/93
f 715/75/703 743/74/731 563/73/553
f 579/81/569 578/76/568 610/169/600
f 579/81/569 618/80/608 563/73/553
f 744/423/732 767/456/755 748/412/736
f 744/423/732 768/458/756 769/445/757
f 748/412/736 749/414/737 613/411/603
f 748/412/736 767/456/755 749/414/737
f 749/414/737 770/460/758 751/417/739
f 751/417/739 752/419/740 125/416/124
f 751/417/739 770/460/758 752/419/740
f 752/425/740 771/448/759 754/421/742
f 754/421/742 772/462/760 746/426/734
f 746/426/734 768/458/756 747/406/735
f 747/406/735 744/423/732 741/405/729
f 747/406/735 768/458/756 744/423/732
f 763/440/751 758/432/746 616/433/606
f 763/440/751 773/450/761 758/432/746
f 758/432/746 774/452/762 764/451/752
f 764/442/752 760/435/748 755/436/743
f 764/442/752 774/453/762 760/435/748
f 760/435/748 775/454/763 765/443/753
f 765/443/753 762/438/750 743/439/731
f 765/443/753 775/454/763 762/438/750
f 762/438/750 776/455/764 766/444/754
f 766/444/754 756/429/744 578/430/568
f 766/444/754 776/455/764 756/429/744
f 756/429/744 773/450/761 763/440/751
f 769/445/757 777/485/765 767/456/755
f 767/456/755 744/423/732 769/445/757
f 767/456/755 778/486/766 779/446/767
f 779/446/767 749/414/737 767/456/755
f 779/446/767 778/486/766 770/460/758
f 770/460/758 749/414/737 779/446/767
f 770/460/758 780/490/768 771/447/759
f 771/447/759 752/419/740 770/460/758
f 771/448/759 780/493/768 772/462/760
f 772/462/760 754/421/742 771/448/759
f 772/462/760 781/495/769 782/449/770
f 782/449/770 746/426/734 772/462/760
f 782/449/770 781/495/769 768/458/756
f 768/458/756 746/426/734 782/449/770
f 768/458/756 777/485/765 769/445/757
f 773/450/761 756/429/744 783/466/771
f 773/450/761 784/467/772 785/464/773
f 773/450/761 786/465/774 787/472/775
f 785/464/773 758/432/746 773/450/761
f 785/464/773 784/467/772 774/452/762
f 774/452/762 758/432/746 785/464/773
f 774/453/762 788/469/776 789/468/777
f 789/468/777 760/435/748 774/453/762
f 789/468/777 788/469/776 775/454/763
f 775/454/763 760/435/748 789/468/777
f 775/454/763 790/471/778 791/470/779
f 791/470/779 762/438/750 775/454/763
f 791/470/779 790/471/778 776/455/764
f 776/455/764 762/438/750 791/470/779
f 776/455/764 786/465/774 783/466/771
f 783/466/771 756/429/744 776/455/764
f 783/466/771 786/465/774 773/450/761
f 787/476/775 792/475/780 784/474/772
f 784/467/772 773/450/761 787/472/775
f 792/473/780 774/452/762 784/467/772
f 792/475/780 793/478/781 788/480/776
f 788/469/776 774/453/762 792/477/780
f 793/479/781 775/454/763 788/469/776
f 793/478/781 792/475/780 787/476/775
f 793/478/781 794/481/782 790/483/778
f 790/471/778 775/454/763 793/479/781
f 794/482/782 776/455/764 790/471/778
f 794/481/782 787/476/775 786/484/774
f 794/481/782 793/478/781 787/476/775
f 786/465/774 776/455/764 794/482/782
f 777/485/765 768/458/756 795/457/783
f 777/489/765 778/488/766 796/487/784
f 796/459/784 767/456/755 777/485/765
f 778/486/766 767/456/755 796/459/784
f 778/488/766 780/492/768 797/491/785
f 797/461/785 770/460/758 778/486/766
f 780/490/768 770/460/758 797/461/785
f 780/492/768 778/488/766 781/494/769
f 780/492/768 781/494/769 798/496/786
f 798/463/786 772/462/760 780/493/768
f 781/495/769 772/462/760 798/463/786
f 781/494/769 777/489/765 795/497/783
f 781/494/769 778/488/766 777/489/765
f 795/457/783 768/458/756 781/495/769
f 601/158/591 593/159/583 799/500/787
f 601/158/591 800/501/788 801/498/789
f 601/158/591 802/499/790 803/505/791
f 801/498/789 602/178/592 601/158/591
f 801/498/789 800/501/788 136/105/135
f 136/105/135 602/178/592 801/498/789
f 314/330/310 802/499/790 799/500/787
f 799/500/787 593/159/583 314/330/310
f 799/500/787 802/499/790 601/158/591
f 803/505/791 430/507/424 800/501/788
f 800/501/788 601/158/591 803/505/791
f 430/506/424 136/105/135 800/501/788
f 430/507/424 803/505/791 432/511/426
f 432/510/426 314/330/310 427/504/421
f 432/511/426 803/505/791 802/499/790
f 802/499/790 314/330/310 432/510/426
f 86/56/86 433/512/427 435/513/429
f 86/56/86 562/344/552 713/343/701
f 86/56/86 334/349/329 333/348/328
f 435/513/429 334/349/329 86/56/86
f 632/188/622 630/515/620 629/187/619
f 632/516/622 804/520/792 630/537/620
f 805/184/793 623/181/613 630/515/620
f 805/184/793 624/521/614 623/181/613
f 805/522/793 806/526/794 624/530/614
f 807/527/795 645/235/635 624/521/614
f 807/527/795 646/528/636 645/235/635
f 807/529/795 808/532/796 646/536/636
f 809/243/797 650/241/640 646/528/636
f 809/243/797 631/533/621 650/241/640
f 809/534/797 810/535/798 631/518/621
f 630/537/620 804/520/792 811/519/799
f 630/524/620 806/526/794 805/522/793
f 624/530/614 806/526/794 812/525/800
f 624/530/614 808/532/796 807/529/795
f 646/536/636 808/532/796 813/531/801
f 646/536/636 810/535/798 809/534/797
f 631/518/621 804/520/792 632/516/622
f 631/518/621 810/535/798 814/517/802
f 628/185/618 630/515/620 623/181/613
f 628/185/618 815/191/803 629/187/619
f 625/183/615 728/182/716 623/181/613
f 625/183/615 624/521/614 645/235/635
f 647/240/637 646/528/636 650/241/640
f 647/240/637 816/239/804 645/235/635
f 651/189/641 631/533/621 629/187/619
f 814/517/802 804/520/792 631/518/621
f 814/517/802 817/543/805 804/520/792
f 804/520/792 818/545/806 811/519/799
f 811/523/799 806/526/794 630/524/620
f 811/523/799 818/546/806 806/526/794
f 806/526/794 819/548/807 812/525/800
f 812/525/800 808/532/796 624/530/614
f 812/525/800 819/548/807 808/532/796
f 808/532/796 820/551/808 813/531/801
f 813/531/801 810/535/798 646/536/636
f 813/531/801 820/551/808 810/535/798
f 810/535/798 817/543/805 814/517/802
f 817/543/805 810/535/798 821/539/809
f 817/543/805 822/553/810 823/540/811
f 817/543/805 824/563/812 825/544/813
f 823/540/811 804/520/792 817/543/805
f 823/540/811 822/553/810 818/545/806
f 818/545/806 804/520/792 823/540/811
f 818/546/806 826/558/814 827/541/815
f 827/541/815 806/526/794 818/546/806
f 827/541/815 826/558/814 819/548/807
f 819/548/807 806/526/794 827/541/815
f 819/548/807 828/560/816 829/542/817
f 829/542/817 808/532/796 819/548/807
f 829/542/817 828/560/816 820/551/808
f 820/551/808 808/532/796 829/542/817
f 820/551/808 824/563/812 821/539/809
f 821/539/809 810/535/798 820/551/808
f 821/539/809 824/563/812 817/543/805
f 825/554/813 830/555/818 822/557/810
f 825/554/813 831/562/819 832/556/820
f 822/553/810 817/543/805 825/544/813
f 830/547/818 818/545/806 822/553/810
f 830/555/818 832/556/820 826/559/814
f 826/558/814 818/546/806 830/549/818
f 832/550/820 819/548/807 826/558/814
f 832/556/820 830/555/818 825/554/813
f 832/556/820 831/562/819 828/561/816
f 828/560/816 819/548/807 832/550/820
f 831/552/819 820/551/808 828/560/816
f 831/562/819 825/554/813 824/564/812
f 824/563/812 820/551/808 831/552/819
f 605/359/595 606/566/596 626/186/616
f 605/359/595 626/186/616 620/358/610
f 607/162/597 605/161/595 603/160/593
f 606/565/596 603/160/593 833/571/821
f 606/565/596 605/161/595 607/162/597
f 833/571/821 603/160/593 599/152/589
f 833/582/821 597/361/587 834/572/822
f 833/570/821 834/569/822 606/568/596
f 597/150/587 594/151/584 723/154/711
f 598/153/588 597/150/587 599/152/589
f 598/153/588 599/152/589 592/144/582
f 599/152/589 597/150/587 833/571/821
f 658/247/648 657/248/647 732/378/720
f 659/250/649 658/247/648 835/574/823
f 659/250/649 660/249/650 655/246/645
f 835/574/823 658/247/648 836/573/824
f 835/575/823 836/577/824 837/576/825
f 837/576/825 659/250/649 835/575/823
f 837/578/825 665/259/655 660/249/650
f 660/249/650 659/250/649 837/576/825
f 660/249/650 665/259/655 661/258/651
f 665/259/655 837/578/825 653/244/643
f 665/259/655 653/244/643 736/381/724
f 627/581/617 626/186/616 838/567/826
f 838/580/826 628/185/618 627/538/617
f 838/580/826 606/568/596 834/569/822
f 838/567/826 626/186/616 606/566/596
f 834/569/822 628/185/618 838/580/826
f 815/191/803 628/185/618 834/569/822
f 815/193/803 834/572/822 633/192/623
f 815/193/803 633/192/623 629/187/619
f 633/192/623 597/361/587 724/362/712
f 633/192/623 834/572/822 597/361/587
f 648/237/638 658/247/648 735/379/723
f 648/237/638 836/573/824 658/247/648
f 816/239/804 647/240/637 836/577/824
f 816/238/804 648/237/638 645/235/635
f 816/238/804 836/573/824 648/237/638
f 836/577/824 647/240/637 839/583/827
f 839/583/827 647/240/637 654/242/644
f 839/583/827 837/576/825 836/577/824
f 839/579/827 653/244/643 837/578/825
f 653/244/643 839/579/827 654/584/644
f 654/242/644 647/240/637 650/241/640
f 840/635/828 662/252/652 841/603/829
f 840/585/828 695/586/684 662/602/652
f 840/585/828 842/588/830 843/587/831
f 844/590/832 845/591/833 846/594/834
f 844/607/832 841/603/829 692/260/682
f 847/272/835 670/271/660 674/266/664
f 847/272/835 704/270/693 670/271/660
f 847/595/835 846/594/834 845/591/833
f 673/267/663 672/293/662 695/600/684
f 673/598/663 843/587/831 848/599/836
f 673/267/663 674/266/664 669/263/659
f 672/293/662 678/292/668 680/291/670
f 677/264/667 672/293/662 671/265/661
f 677/264/667 678/292/668 672/293/662
f 677/264/667 849/296/837 696/295/685
f 676/269/666 703/286/692 698/300/687
f 676/269/666 699/601/688 677/264/667
f 704/270/693 676/269/666 670/271/660
f 704/270/693 845/302/833 693/289/683
f 704/270/693 703/286/692 676/269/666
f 662/252/652 661/253/651 692/260/682
f 662/252/652 681/745/671 663/255/653
f 692/592/682 845/591/833 844/590/832
f 692/260/682 841/603/829 662/252/652
f 692/611/682 705/741/669 845/609/833
f 845/302/833 704/270/693 847/272/835
f 845/302/833 705/741/669 693/289/683
f 695/586/684 843/587/831 673/598/663
f 695/606/684 681/744/671 662/604/652
f 850/596/838 846/594/834 847/595/835
f 850/596/838 674/597/664 851/630/839
f 850/614/838 852/615/840 853/618/841
f 850/614/838 854/617/842 855/621/843
f 856/593/844 846/594/834 855/613/843
f 856/593/844 841/589/829 844/590/832
f 856/620/844 854/617/842 857/623/845
f 856/620/844 858/622/846 859/634/847
f 842/588/830 841/589/829 859/619/847
f 842/625/830 858/626/846 860/629/848
f 842/625/830 861/628/849 862/633/850
f 848/599/836 843/587/831 862/624/850
f 848/599/836 674/597/664 673/598/663
f 848/631/836 852/615/840 851/616/839
f 848/631/836 861/628/849 863/632/851
f 855/613/843 846/594/834 850/596/838
f 855/621/843 854/617/842 856/620/844
f 859/619/847 841/589/829 856/593/844
f 859/627/847 858/626/846 842/625/830
f 862/624/850 843/587/831 842/588/830
f 862/633/850 861/628/849 848/631/836
f 851/630/839 674/597/664 848/599/836
f 851/616/839 852/615/840 850/614/838
f 846/594/834 856/593/844 844/590/832
f 841/589/829 842/588/830 840/585/828
f 843/587/831 695/586/684 840/585/828
f 674/597/664 850/596/838 847/595/835
f 852/615/840 864/637/852 853/618/841
f 852/615/840 865/636/853 866/640/854
f 853/618/841 854/617/842 850/614/838
f 853/618/841 864/637/852 854/617/842
f 854/617/842 867/638/855 857/623/845
f 857/623/845 858/622/846 856/620/844
f 857/623/845 867/638/855 858/622/846
f 858/626/846 868/639/856 860/629/848
f 860/629/848 861/628/849 842/625/830
f 860/629/848 868/639/856 861/628/849
f 861/628/849 865/636/853 863/632/851
f 863/632/851 852/615/840 848/631/836
f 863/632/851 865/636/853 852/615/840
f 866/640/854 869/641/857 864/637/852
f 864/637/852 852/615/840 866/640/854
f 864/637/852 870/643/858 871/642/859
f 871/642/859 854/617/842 864/637/852
f 871/642/859 870/643/858 867/638/855
f 867/638/855 854/617/842 871/642/859
f 867/638/855 872/646/860 873/644/861
f 873/644/861 858/622/846 867/638/855
f 873/645/861 872/648/860 868/639/856
f 868/639/856 858/626/846 873/645/861
f 868/639/856 874/649/862 875/647/863
f 875/647/863 861/628/849 868/639/856
f 875/647/863 874/649/862 865/636/853
f 865/636/853 861/628/849 875/647/863
f 865/636/853 869/641/857 866/640/854
f 869/641/857 865/636/853 876/660/864
f 869/651/857 870/655/858 877/654/865
f 877/650/865 864/637/852 869/641/857
f 870/643/858 864/637/852 877/650/865
f 870/655/858 869/651/857 872/652/860
f 870/655/858 872/652/860 878/657/866
f 878/656/866 867/638/855 870/643/858
f 872/646/860 867/638/855 878/656/866
f 872/652/860 869/651/857 874/653/862
f 872/652/860 874/653/862 879/659/867
f 879/658/867 868/639/856 872/648/860
f 874/649/862 868/639/856 879/658/867
f 874/653/862 869/651/857 876/661/864
f 876/660/864 865/636/853 874/649/862
f 589/123/579 638/122/628 587/121/577
f 589/354/579 717/353/705 639/352/629
f 589/354/579 583/93/573 880/662/868
f 575/92/565 558/68/548 644/69/634
f 575/92/565 716/350/704 881/663/869
f 575/92/565 583/93/573 574/86/564
f 717/664/705 882/665/870 883/668/871
f 717/664/705 884/667/872 718/672/706
f 716/350/704 575/92/565 644/69/634
f 716/669/704 885/670/873 881/675/869
f 716/669/704 886/674/874 887/671/875
f 718/672/706 884/667/872 144/673/143
f 144/111/143 141/112/140 718/132/706
f 144/111/143 716/350/704 142/116/141
f 144/673/143 884/667/872 886/674/874
f 144/673/143 886/674/874 716/669/704
f 881/663/869 583/93/573 575/92/565
f 881/675/869 885/670/873 583/676/573
f 583/676/573 885/670/873 888/677/876
f 583/676/573 882/665/870 880/666/868
f 880/662/868 717/353/705 589/354/579
f 880/666/868 882/665/870 717/664/705
f 883/668/871 885/670/873 887/671/875
f 883/668/871 884/667/872 717/664/705
f 883/668/871 886/674/874 884/667/872
f 887/671/875 885/670/873 716/669/704
f 887/671/875 886/674/874 883/668/871
f 885/670/873 883/668/871 882/665/870
f 882/665/870 888/677/876 885/670/873
f 888/677/876 882/665/870 583/676/573
f 608/166/598 609/165/599 603/160/593
f 618/80/608 610/169/600 609/175/599
f 618/84/608 580/83/570 563/82/553
f 618/84/608 609/165/599 580/83/570
f 580/83/570 609/165/599 608/166/598
f 889/679/877 560/141/550 890/142/878
f 590/13/580 560/8/550 889/678/877
f 590/17/580 891/16/879 561/14/551
f 590/17/580 890/142/878 892/680/880
f 893/53/881 891/16/879 894/682/882
f 893/53/881 894/682/882 895/681/883
f 714/54/702 893/53/881 90/40/90
f 564/15/554 893/53/881 714/54/702
f 564/15/554 714/54/702 713/343/701
f 891/16/879 893/53/881 564/15/554
f 891/16/879 564/15/554 561/14/551
f 591/143/581 895/681/883 890/142/878
f 591/143/581 890/142/878 560/141/550
f 559/9/549 90/40/90 895/681/883
f 559/9/549 895/681/883 591/143/581
f 895/681/883 90/40/90 893/53/881
f 895/681/883 894/682/882 896/683/884
f 890/142/878 590/17/580 889/679/877
f 890/142/878 895/681/883 896/683/884
f 890/142/878 894/682/882 892/680/880
f 892/680/880 891/16/879 590/17/580
f 892/680/880 894/682/882 891/16/879
f 896/683/884 894/682/882 890/142/878
f 667/262/657 691/284/681 897/283/885
f 667/287/657 701/685/690 703/286/692
f 664/254/654 685/684/675 683/277/673
f 703/286/692 701/685/690 698/300/687
f 678/292/668 697/298/686 898/297/886
f 678/290/668 685/698/675 664/274/654
f 684/687/674 687/689/677 849/693/837
f 690/282/680 656/387/646 684/278/674
f 690/690/680 700/694/689 899/691/887
f 849/296/837 677/264/667 699/601/688
f 849/693/837 690/690/680 684/687/674
f 849/296/837 697/298/686 696/295/685
f 849/693/837 687/689/677 900/688/888
f 699/692/688 690/690/680 849/693/837
f 699/692/688 700/694/689 690/690/680
f 686/695/676 685/698/675 697/298/686
f 686/279/676 687/699/677 683/277/673
f 686/279/676 901/711/889 687/699/677
f 697/298/686 685/698/675 898/297/886
f 697/298/686 901/708/889 686/695/676
f 697/298/686 902/710/890 903/697/891
f 898/297/886 685/698/675 678/290/668
f 687/689/677 902/713/890 900/688/888
f 900/299/888 697/298/686 849/296/837
f 900/299/888 902/710/890 697/298/686
f 691/284/681 667/262/657 688/280/678
f 691/702/681 701/685/690 897/686/885
f 691/702/681 904/717/892 702/301/691
f 691/284/681 905/724/893 906/703/894
f 702/301/691 700/705/689 698/300/687
f 702/301/691 701/685/690 691/702/681
f 702/301/691 904/721/892 700/705/689
f 700/694/689 905/723/893 899/691/887
f 899/281/887 691/284/681 690/282/680
f 899/281/887 905/724/893 691/284/681
f 897/686/885 701/685/690 667/287/657
f 903/696/891 907/726/895 901/708/889
f 901/708/889 697/298/686 903/696/891
f 901/716/889 908/728/896 909/714/897
f 909/700/897 687/699/677 901/711/889
f 909/714/897 908/728/896 902/710/890
f 902/713/890 687/689/677 909/701/897
f 902/710/890 907/727/895 903/697/891
f 906/718/894 910/731/898 904/721/892
f 904/717/892 691/702/681 906/704/894
f 904/721/892 911/732/899 912/706/900
f 912/706/900 700/705/689 904/721/892
f 912/725/900 911/736/899 905/720/893
f 905/723/893 700/694/689 912/707/900
f 905/720/893 910/731/898 906/718/894
f 907/727/895 902/710/890 913/709/901
f 907/726/895 908/730/896 914/712/902
f 914/712/902 901/708/889 907/726/895
f 908/728/896 901/716/889 914/715/902
f 908/730/896 907/726/895 913/729/901
f 913/709/901 902/710/890 908/728/896
f 910/731/898 905/720/893 915/719/903
f 910/735/898 911/737/899 916/733/904
f 916/722/904 904/721/892 910/731/898
f 911/732/899 904/721/892 916/722/904
f 911/737/899 910/735/898 915/734/903
f 915/719/903 905/720/893 911/736/899
f 706/303/694 705/741/669 694/740/671
f 694/738/671 693/289/683 706/288/694
f 694/740/671 705/741/669 917/610/672
f 917/608/672 692/260/682 694/739/671
f 705/741/669 692/611/682 917/610/672
f 682/294/672 681/744/671 679/742/669
f 679/742/669 663/273/653 682/294/672
f 679/742/669 681/744/671 918/605/694
f 918/612/694 695/600/684 679/743/669
f 681/744/671 695/606/684 918/605/694
o engine
v -0.444722 0.717990 -11.531235
v -0.426961 0.717990 -11.460191
v -0.462483 0.717990 -11.460191
v -0.444722 1.002164 -11.460191
vn -0.0000 -1.0000 -0.0000
vn 0.9684 0.0605 -0.2421
vn -0.0000 -0.0000 1.0000
vn -0.9684 0.0605 -0.2421
s 0
f 921//905 919//905 920//905
f 919//906 922//906 920//906
f 920//907 922//907 921//907
f 922//908 919//908 921//908
